{"type": "FeatureCollection", "name": "SiteObservationView", "features": [{"type": "Feature", "id": "https://geosciml4china.example.org/J43C001002/foliation/C2ak.1", "geometry": {"type": "Point", "coordinates": [74.35636423004674, 39.96398441999562]}, "properties": {"@featureType": "SiteObservationView", "identifier": {"value": "https://geosciml4china.example.org/J43C001002/foliation/C2ak.1", "@codeSpace": "http://www.ietf.org/rfc/rfc2616"}, "observationName": "bedding fabric", "label": "215°∠46°", "observedProperty": "planar orientation", "observedValue": "46", "observedValueUom": "deg", "propertyType_uri": "http://resource.geosciml.org/classifier/cgi/foliationtype/bedding_fabric", "symbolRotation": 125, "genericSymbolizer": "202001", "sem_type": "202001", "featureOfInterest": "艾克提克组", "featureOfInterest_uri": "https://geosciml4china.example.org/J43C001002/geologicunit/C2ak"}}, {"type": "Feature", "id": "https://geosciml4china.example.org/J43C001002/foliation/C1y.1", "geometry": {"type": "Point", "coordinates": [74.32516617964411, 39.99182127813814]}, "properties": {"@featureType": "SiteObservationView", "identifier": {"value": "https://geosciml4china.example.org/J43C001002/foliation/C1y.1", "@codeSpace": "http://www.ietf.org/rfc/rfc2616"}, "observationName": "bedding fabric", "label": "340°∠70°", "observedProperty": "planar orientation", "observedValue": "70", "observedValueUom": "deg", "propertyType_uri": "http://resource.geosciml.org/classifier/cgi/foliationtype/bedding_fabric", "symbolRotation": 250, "genericSymbolizer": "202001", "sem_type": "202001", "featureOfInterest": "野云沟组", "featureOfInterest_uri": "https://geosciml4china.example.org/J43C001002/geologicunit/C1y"}}, {"type": "Feature", "id": "https://geosciml4china.example.org/J43C001002/foliation/C1y.2", "geometry": {"type": "Point", "coordinates": [74.27533328404378, 39.92680273308566]}, "properties": {"@featureType": "SiteObservationView", "identifier": {"value": "https://geosciml4china.example.org/J43C001002/foliation/C1y.2", "@codeSpace": "http://www.ietf.org/rfc/rfc2616"}, "observationName": "bedding fabric", "label": "271°∠65°", "observedProperty": "planar orientation", "observedValue": "65", "observedValueUom": "deg", "propertyType_uri": "http://resource.geosciml.org/classifier/cgi/foliationtype/bedding_fabric", "symbolRotation": 181, "genericSymbolizer": "202001", "sem_type": "202001", "featureOfInterest": "野云沟组", "featureOfInterest_uri": "https://geosciml4china.example.org/J43C001002/geologicunit/C1y"}}, {"type": "Feature", "id": "https://geosciml4china.example.org/J43C001002/foliation/D3kz1.1", "geometry": {"type": "Point", "coordinates": [74.44532712347032, 39.850532199163425]}, "properties": {"@featureType": "SiteObservationView", "identifier": {"value": "https://geosciml4china.example.org/J43C001002/foliation/D3kz1.1", "@codeSpace": "http://www.ietf.org/rfc/rfc2616"}, "observationName": "schistosity", "label": "313°∠69°", "observedProperty": "planar orientation", "observedValue": "69", "observedValueUom": "deg", "propertyType_uri": "http://resource.geosciml.org/classifier/cgi/foliationtype/schistosity", "symbolRotation": 223, "genericSymbolizer": "202005", "sem_type": "202005", "featureOfInterest": "克孜尔塔格组一段", "featureOfInterest_uri": "https://geosciml4china.example.org/J43C001002/geologicunit/D3kz1"}}, {"type": "Feature", "id": "https://geosciml4china.example.org/J43C001002/foliation/D3kz1.2", "geometry": {"type": "Point", "coordinates": [74.48214552838061, 39.88057215274975]}, "properties": {"@featureType": "SiteObservationView", "identifier": {"value": "https://geosciml4china.example.org/J43C001002/foliation/D3kz1.2", "@codeSpace": "http://www.ietf.org/rfc/rfc2616"}, "observationName": "schistosity", "label": "323°∠44°", "observedProperty": "planar orientation", "observedValue": "44", "observedValueUom": "deg", "propertyType_uri": "http://resource.geosciml.org/classifier/cgi/foliationtype/schistosity", "symbolRotation": 233, "genericSymbolizer": "202005", "sem_type": "202005", "featureOfInterest": "克孜尔塔格组一段", "featureOfInterest_uri": "https://geosciml4china.example.org/J43C001002/geologicunit/D3kz1"}}, {"type": "Feature", "id": "https://geosciml4china.example.org/J43C001002/foliation/N1k.1", "geometry": {"type": "Point", "coordinates": [74.33683762481932, 39.68544586277092]}, "properties": {"@featureType": "SiteObservationView", "identifier": {"value": "https://geosciml4china.example.org/J43C001002/foliation/N1k.1", "@codeSpace": "http://www.ietf.org/rfc/rfc2616"}, "observationName": "bedding fabric", "label": "354°∠23°", "observedProperty": "planar orientation", "observedValue": "23", "observedValueUom": "deg", "propertyType_uri": "http://resource.geosciml.org/classifier/cgi/foliationtype/bedding_fabric", "symbolRotation": 264, "genericSymbolizer": "202001", "sem_type": "202001", "featureOfInterest": "克孜洛依组", "featureOfInterest_uri": "https://geosciml4china.example.org/J43C001002/geologicunit/N1k"}}, {"type": "Feature", "id": "https://geosciml4china.example.org/J43C001002/foliation/EK.1", "geometry": {"type": "Point", "coordinates": [74.34431220927058, 39.67432971716732]}, "properties": {"@featureType": "SiteObservationView", "identifier": {"value": "https://geosciml4china.example.org/J43C001002/foliation/EK.1", "@codeSpace": "http://www.ietf.org/rfc/rfc2616"}, "observationName": "bedding fabric", "label": "172°∠58°", "observedProperty": "planar orientation", "observedValue": "58", "observedValueUom": "deg", "propertyType_uri": "http://resource.geosciml.org/classifier/cgi/foliationtype/bedding_fabric", "symbolRotation": 82, "genericSymbolizer": "202001", "sem_type": "202001", "featureOfInterest": "喀什群", "featureOfInterest_uri": "https://geosciml4china.example.org/J43C001002/geologicunit/EK"}}, {"type": "Feature", "id": "https://geosciml4china.example.org/J43C001002/foliation/N1p.1", "geometry": {"type": "Point", "coordinates": [74.32041915682086, 39.78431646923917]}, "properties": {"@featureType": "SiteObservationView", "identifier": {"value": "https://geosciml4china.example.org/J43C001002/foliation/N1p.1", "@codeSpace": "http://www.ietf.org/rfc/rfc2616"}, "observationName": "bedding fabric", "label": "155°∠43°", "observedProperty": "planar orientation", "observedValue": "43", "observedValueUom": "deg", "propertyType_uri": "http://resource.geosciml.org/classifier/cgi/foliationtype/bedding_fabric", "symbolRotation": 65, "genericSymbolizer": "202001", "sem_type": "202001", "featureOfInterest": "帕卡布拉克组", "featureOfInterest_uri": "https://geosciml4china.example.org/J43C001002/geologicunit/N1p"}}, {"type": "Feature", "id": "https://geosciml4china.example.org/J43C001002/foliation/C2kk.1", "geometry": {"type": "Point", "coordinates": [74.21873154133216, 39.918570068662916]}, "properties": {"@featureType": "SiteObservationView", "identifier": {"value": "https://geosciml4china.example.org/J43C001002/foliation/C2kk.1", "@codeSpace": "http://www.ietf.org/rfc/rfc2616"}, "observationName": "bedding fabric", "label": "211°∠30°", "observedProperty": "planar orientation", "observedValue": "30", "observedValueUom": "deg", "propertyType_uri": "http://resource.geosciml.org/classifier/cgi/foliationtype/bedding_fabric", "symbolRotation": 121, "genericSymbolizer": "202001", "sem_type": "202001", "featureOfInterest": "康克林组", "featureOfInterest_uri": "https://geosciml4china.example.org/J43C001002/geologicunit/C2kk"}}, {"type": "Feature", "id": "https://geosciml4china.example.org/J43C001002/foliation/Qp1X.1", "geometry": {"type": "Point", "coordinates": [74.26702062561777, 39.844885468127956]}, "properties": {"@featureType": "SiteObservationView", "identifier": {"value": "https://geosciml4china.example.org/J43C001002/foliation/Qp1X.1", "@codeSpace": "http://www.ietf.org/rfc/rfc2616"}, "observationName": "bedding fabric", "label": "215°∠64°", "observedProperty": "planar orientation", "observedValue": "64", "observedValueUom": "deg", "propertyType_uri": "http://resource.geosciml.org/classifier/cgi/foliationtype/bedding_fabric", "symbolRotation": 125, "genericSymbolizer": "202001", "sem_type": "202001", "featureOfInterest": "西域组", "featureOfInterest_uri": "https://geosciml4china.example.org/J43C001002/geologicunit/Qp1X"}}, {"type": "Feature", "id": "https://geosciml4china.example.org/J43C001002/foliation/N1a.1", "geometry": {"type": "Point", "coordinates": [74.14104228667557, 39.682975881706255]}, "properties": {"@featureType": "SiteObservationView", "identifier": {"value": "https://geosciml4china.example.org/J43C001002/foliation/N1a.1", "@codeSpace": "http://www.ietf.org/rfc/rfc2616"}, "observationName": "bedding fabric", "label": "340°∠70°", "observedProperty": "planar orientation", "observedValue": "70", "observedValueUom": "deg", "propertyType_uri": "http://resource.geosciml.org/classifier/cgi/foliationtype/bedding_fabric", "symbolRotation": 250, "genericSymbolizer": "202001", "sem_type": "202001", "featureOfInterest": "安居安组", "featureOfInterest_uri": "https://geosciml4china.example.org/J43C001002/geologicunit/N1a"}}, {"type": "Feature", "id": "https://geosciml4china.example.org/J43C001002/foliation/Qp1X.2", "geometry": {"type": "Point", "coordinates": [74.16020579635541, 39.790949778295946]}, "properties": {"@featureType": "SiteObservationView", "identifier": {"value": "https://geosciml4china.example.org/J43C001002/foliation/Qp1X.2", "@codeSpace": "http://www.ietf.org/rfc/rfc2616"}, "observationName": "bedding fabric", "label": "298°∠25°", "observedProperty": "planar orientation", "observedValue": "25", "observedValueUom": "deg", "propertyType_uri": "http://resource.geosciml.org/classifier/cgi/foliationtype/bedding_fabric", "symbolRotation": 208, "genericSymbolizer": "202001", "sem_type": "202001", "featureOfInterest": "西域组", "featureOfInterest_uri": "https://geosciml4china.example.org/J43C001002/geologicunit/Qp1X"}}, {"type": "Feature", "id": "https://geosciml4china.example.org/J43C001002/foliation/D2t.1", "geometry": {"type": "Point", "coordinates": [74.04979509083412, 39.99309731737255]}, "properties": {"@featureType": "SiteObservationView", "identifier": {"value": "https://geosciml4china.example.org/J43C001002/foliation/D2t.1", "@codeSpace": "http://www.ietf.org/rfc/rfc2616"}, "observationName": "bedding fabric", "label": "298°∠67°", "observedProperty": "planar orientation", "observedValue": "67", "observedValueUom": "deg", "propertyType_uri": "http://resource.geosciml.org/classifier/cgi/foliationtype/bedding_fabric", "symbolRotation": 208, "genericSymbolizer": "202001", "sem_type": "202001", "featureOfInterest": "托格买提组", "featureOfInterest_uri": "https://geosciml4china.example.org/J43C001002/geologicunit/D2t"}}, {"type": "Feature", "id": "https://geosciml4china.example.org/J43C001002/foliation/D1s.1", "geometry": {"type": "Point", "coordinates": [74.0563143047791, 39.961334936290655]}, "properties": {"@featureType": "SiteObservationView", "identifier": {"value": "https://geosciml4china.example.org/J43C001002/foliation/D1s.1", "@codeSpace": "http://www.ietf.org/rfc/rfc2616"}, "observationName": "bedding fabric", "label": "305°∠59°", "observedProperty": "planar orientation", "observedValue": "59", "observedValueUom": "deg", "propertyType_uri": "http://resource.geosciml.org/classifier/cgi/foliationtype/bedding_fabric", "symbolRotation": 215, "genericSymbolizer": "202001", "sem_type": "202001", "featureOfInterest": "萨瓦亚尔顿组", "featureOfInterest_uri": "https://geosciml4china.example.org/J43C001002/geologicunit/D1s"}}, {"type": "Feature", "id": "https://geosciml4china.example.org/J43C001002/foliation/D2t.2", "geometry": {"type": "Point", "coordinates": [74.04404115738632, 39.91517485919906]}, "properties": {"@featureType": "SiteObservationView", "identifier": {"value": "https://geosciml4china.example.org/J43C001002/foliation/D2t.2", "@codeSpace": "http://www.ietf.org/rfc/rfc2616"}, "observationName": "bedding fabric", "label": "280°∠40°", "observedProperty": "planar orientation", "observedValue": "40", "observedValueUom": "deg", "propertyType_uri": "http://resource.geosciml.org/classifier/cgi/foliationtype/bedding_fabric", "symbolRotation": 190, "genericSymbolizer": "202001", "sem_type": "202001", "featureOfInterest": "托格买提组", "featureOfInterest_uri": "https://geosciml4china.example.org/J43C001002/geologicunit/D2t"}}, {"type": "Feature", "id": "https://geosciml4china.example.org/J43C001002/foliation/Qp1X.3", "geometry": {"type": "Point", "coordinates": [74.09471320637526, 39.743816506373285]}, "properties": {"@featureType": "SiteObservationView", "identifier": {"value": "https://geosciml4china.example.org/J43C001002/foliation/Qp1X.3", "@codeSpace": "http://www.ietf.org/rfc/rfc2616"}, "observationName": "bedding fabric", "label": "132°∠30°", "observedProperty": "planar orientation", "observedValue": "30", "observedValueUom": "deg", "propertyType_uri": "http://resource.geosciml.org/classifier/cgi/foliationtype/bedding_fabric", "symbolRotation": 42, "genericSymbolizer": "202001", "sem_type": "202001", "featureOfInterest": "西域组", "featureOfInterest_uri": "https://geosciml4china.example.org/J43C001002/geologicunit/Qp1X"}}, {"type": "Feature", "id": "https://geosciml4china.example.org/J43C001002/foliation/D2t.3", "geometry": {"type": "Point", "coordinates": [74.04092754014187, 39.72413586969108]}, "properties": {"@featureType": "SiteObservationView", "identifier": {"value": "https://geosciml4china.example.org/J43C001002/foliation/D2t.3", "@codeSpace": "http://www.ietf.org/rfc/rfc2616"}, "observationName": "bedding fabric", "label": "121°∠58°", "observedProperty": "planar orientation", "observedValue": "58", "observedValueUom": "deg", "propertyType_uri": "http://resource.geosciml.org/classifier/cgi/foliationtype/bedding_fabric", "symbolRotation": 31, "genericSymbolizer": "202001", "sem_type": "202001", "featureOfInterest": "托格买提组", "featureOfInterest_uri": "https://geosciml4china.example.org/J43C001002/geologicunit/D2t"}}, {"type": "Feature", "id": "https://geosciml4china.example.org/J43C001002/foliation/K1kz.1", "geometry": {"type": "Point", "coordinates": [74.02260636506539, 39.76362368503496]}, "properties": {"@featureType": "SiteObservationView", "identifier": {"value": "https://geosciml4china.example.org/J43C001002/foliation/K1kz.1", "@codeSpace": "http://www.ietf.org/rfc/rfc2616"}, "observationName": "bedding fabric", "label": "330°∠46°", "observedProperty": "planar orientation", "observedValue": "46", "observedValueUom": "deg", "propertyType_uri": "http://resource.geosciml.org/classifier/cgi/foliationtype/bedding_fabric", "symbolRotation": 240, "genericSymbolizer": "202001", "sem_type": "202001", "featureOfInterest": "克孜勒苏组", "featureOfInterest_uri": "https://geosciml4china.example.org/J43C001002/geologicunit/K1kz"}}, {"type": "Feature", "id": "https://geosciml4china.example.org/J43C001002/foliation/N2a.1", "geometry": {"type": "Point", "coordinates": [74.18378553172268, 39.75034163606168]}, "properties": {"@featureType": "SiteObservationView", "identifier": {"value": "https://geosciml4china.example.org/J43C001002/foliation/N2a.1", "@codeSpace": "http://www.ietf.org/rfc/rfc2616"}, "observationName": "bedding fabric", "label": "316°∠56°", "observedProperty": "planar orientation", "observedValue": "56", "observedValueUom": "deg", "propertyType_uri": "http://resource.geosciml.org/classifier/cgi/foliationtype/bedding_fabric", "symbolRotation": 226, "genericSymbolizer": "202001", "sem_type": "202001", "featureOfInterest": "阿图什组", "featureOfInterest_uri": "https://geosciml4china.example.org/J43C001002/geologicunit/N2a"}}, {"type": "Feature", "id": "https://geosciml4china.example.org/J43C001002/foliation/EK.2", "geometry": {"type": "Point", "coordinates": [74.48712911764416, 39.679652649868665]}, "properties": {"@featureType": "SiteObservationView", "identifier": {"value": "https://geosciml4china.example.org/J43C001002/foliation/EK.2", "@codeSpace": "http://www.ietf.org/rfc/rfc2616"}, "observationName": "bedding fabric", "label": "206°∠50°", "observedProperty": "planar orientation", "observedValue": "50", "observedValueUom": "deg", "propertyType_uri": "http://resource.geosciml.org/classifier/cgi/foliationtype/bedding_fabric", "symbolRotation": 116, "genericSymbolizer": "202001", "sem_type": "202001", "featureOfInterest": "喀什群", "featureOfInterest_uri": "https://geosciml4china.example.org/J43C001002/geologicunit/EK"}}, {"type": "Feature", "id": "https://geosciml4china.example.org/J43C001002/foliation/D1s.2", "geometry": {"type": "Point", "coordinates": [74.00793687237275, 39.92955268234535]}, "properties": {"@featureType": "SiteObservationView", "identifier": {"value": "https://geosciml4china.example.org/J43C001002/foliation/D1s.2", "@codeSpace": "http://www.ietf.org/rfc/rfc2616"}, "observationName": "bedding fabric", "label": "316°∠58°", "observedProperty": "planar orientation", "observedValue": "58", "observedValueUom": "deg", "propertyType_uri": "http://resource.geosciml.org/classifier/cgi/foliationtype/bedding_fabric", "symbolRotation": 226, "genericSymbolizer": "202001", "sem_type": "202001", "featureOfInterest": "萨瓦亚尔顿组", "featureOfInterest_uri": "https://geosciml4china.example.org/J43C001002/geologicunit/D1s"}}, {"type": "Feature", "id": "https://geosciml4china.example.org/J43C001002/foliation/D2t.4", "geometry": {"type": "Point", "coordinates": [74.04848866718467, 39.88926874836198]}, "properties": {"@featureType": "SiteObservationView", "identifier": {"value": "https://geosciml4china.example.org/J43C001002/foliation/D2t.4", "@codeSpace": "http://www.ietf.org/rfc/rfc2616"}, "observationName": "bedding fabric", "label": "322°∠48°", "observedProperty": "planar orientation", "observedValue": "48", "observedValueUom": "deg", "propertyType_uri": "http://resource.geosciml.org/classifier/cgi/foliationtype/bedding_fabric", "symbolRotation": 232, "genericSymbolizer": "202001", "sem_type": "202001", "featureOfInterest": "托格买提组", "featureOfInterest_uri": "https://geosciml4china.example.org/J43C001002/geologicunit/D2t"}}, {"type": "Feature", "id": "https://geosciml4china.example.org/J43C001002/foliation/S3-4t.1", "geometry": {"type": "Point", "coordinates": [74.0583650785341, 39.69846611277862]}, "properties": {"@featureType": "SiteObservationView", "identifier": {"value": "https://geosciml4china.example.org/J43C001002/foliation/S3-4t.1", "@codeSpace": "http://www.ietf.org/rfc/rfc2616"}, "observationName": "schistosity", "label": "297°∠36°", "observedProperty": "planar orientation", "observedValue": "36", "observedValueUom": "deg", "propertyType_uri": "http://resource.geosciml.org/classifier/cgi/foliationtype/schistosity", "symbolRotation": 207, "genericSymbolizer": "202005", "sem_type": "202005", "featureOfInterest": "塔尔特库里组", "featureOfInterest_uri": "https://geosciml4china.example.org/J43C001002/geologicunit/S3-4t"}}, {"type": "Feature", "id": "https://geosciml4china.example.org/J43C001002/foliation/N2a.2", "geometry": {"type": "Point", "coordinates": [74.11268946618345, 39.718828001143464]}, "properties": {"@featureType": "SiteObservationView", "identifier": {"value": "https://geosciml4china.example.org/J43C001002/foliation/N2a.2", "@codeSpace": "http://www.ietf.org/rfc/rfc2616"}, "observationName": "bedding fabric", "label": "318°∠38°", "observedProperty": "planar orientation", "observedValue": "38", "observedValueUom": "deg", "propertyType_uri": "http://resource.geosciml.org/classifier/cgi/foliationtype/bedding_fabric", "symbolRotation": 228, "genericSymbolizer": "202001", "sem_type": "202001", "featureOfInterest": "阿图什组", "featureOfInterest_uri": "https://geosciml4china.example.org/J43C001002/geologicunit/N2a"}}, {"type": "Feature", "id": "https://geosciml4china.example.org/J43C001002/foliation/S3-4t.2", "geometry": {"type": "Point", "coordinates": [74.07086914643455, 39.75823245389275]}, "properties": {"@featureType": "SiteObservationView", "identifier": {"value": "https://geosciml4china.example.org/J43C001002/foliation/S3-4t.2", "@codeSpace": "http://www.ietf.org/rfc/rfc2616"}, "observationName": "schistosity", "label": "303°∠43°", "observedProperty": "planar orientation", "observedValue": "43", "observedValueUom": "deg", "propertyType_uri": "http://resource.geosciml.org/classifier/cgi/foliationtype/schistosity", "symbolRotation": 213, "genericSymbolizer": "202005", "sem_type": "202005", "featureOfInterest": "塔尔特库里组", "featureOfInterest_uri": "https://geosciml4china.example.org/J43C001002/geologicunit/S3-4t"}}, {"type": "Feature", "id": "https://geosciml4china.example.org/J43C001002/foliation/Qp1X.4", "geometry": {"type": "Point", "coordinates": [74.13023759257605, 39.81511064460237]}, "properties": {"@featureType": "SiteObservationView", "identifier": {"value": "https://geosciml4china.example.org/J43C001002/foliation/Qp1X.4", "@codeSpace": "http://www.ietf.org/rfc/rfc2616"}, "observationName": "bedding fabric", "label": "113°∠29°", "observedProperty": "planar orientation", "observedValue": "29", "observedValueUom": "deg", "propertyType_uri": "http://resource.geosciml.org/classifier/cgi/foliationtype/bedding_fabric", "symbolRotation": 23, "genericSymbolizer": "202001", "sem_type": "202001", "featureOfInterest": "西域组", "featureOfInterest_uri": "https://geosciml4china.example.org/J43C001002/geologicunit/Qp1X"}}, {"type": "Feature", "id": "https://geosciml4china.example.org/J43C001002/foliation/S3-4t.3", "geometry": {"type": "Point", "coordinates": [74.12267749352672, 39.84834804177595]}, "properties": {"@featureType": "SiteObservationView", "identifier": {"value": "https://geosciml4china.example.org/J43C001002/foliation/S3-4t.3", "@codeSpace": "http://www.ietf.org/rfc/rfc2616"}, "observationName": "schistosity", "label": "312°∠70°", "observedProperty": "planar orientation", "observedValue": "70", "observedValueUom": "deg", "propertyType_uri": "http://resource.geosciml.org/classifier/cgi/foliationtype/schistosity", "symbolRotation": 222, "genericSymbolizer": "202005", "sem_type": "202005", "featureOfInterest": "塔尔特库里组", "featureOfInterest_uri": "https://geosciml4china.example.org/J43C001002/geologicunit/S3-4t"}}, {"type": "Feature", "id": "https://geosciml4china.example.org/J43C001002/foliation/D1s.3", "geometry": {"type": "Point", "coordinates": [74.07634387895932, 39.871930046770835]}, "properties": {"@featureType": "SiteObservationView", "identifier": {"value": "https://geosciml4china.example.org/J43C001002/foliation/D1s.3", "@codeSpace": "http://www.ietf.org/rfc/rfc2616"}, "observationName": "bedding fabric", "label": "326°∠58°", "observedProperty": "planar orientation", "observedValue": "58", "observedValueUom": "deg", "propertyType_uri": "http://resource.geosciml.org/classifier/cgi/foliationtype/bedding_fabric", "symbolRotation": 236, "genericSymbolizer": "202001", "sem_type": "202001", "featureOfInterest": "萨瓦亚尔顿组", "featureOfInterest_uri": "https://geosciml4china.example.org/J43C001002/geologicunit/D1s"}}, {"type": "Feature", "id": "https://geosciml4china.example.org/J43C001002/foliation/D1s.4", "geometry": {"type": "Point", "coordinates": [74.09019504489224, 39.96932422360031]}, "properties": {"@featureType": "SiteObservationView", "identifier": {"value": "https://geosciml4china.example.org/J43C001002/foliation/D1s.4", "@codeSpace": "http://www.ietf.org/rfc/rfc2616"}, "observationName": "bedding fabric", "label": "304°∠70°", "observedProperty": "planar orientation", "observedValue": "70", "observedValueUom": "deg", "propertyType_uri": "http://resource.geosciml.org/classifier/cgi/foliationtype/bedding_fabric", "symbolRotation": 214, "genericSymbolizer": "202001", "sem_type": "202001", "featureOfInterest": "萨瓦亚尔顿组", "featureOfInterest_uri": "https://geosciml4china.example.org/J43C001002/geologicunit/D1s"}}, {"type": "Feature", "id": "https://geosciml4china.example.org/J43C001002/foliation/D2t.5", "geometry": {"type": "Point", "coordinates": [74.12942229491996, 39.98961916441299]}, "properties": {"@featureType": "SiteObservationView", "identifier": {"value": "https://geosciml4china.example.org/J43C001002/foliation/D2t.5", "@codeSpace": "http://www.ietf.org/rfc/rfc2616"}, "observationName": "bedding fabric", "label": "301°∠70°", "observedProperty": "planar orientation", "observedValue": "70", "observedValueUom": "deg", "propertyType_uri": "http://resource.geosciml.org/classifier/cgi/foliationtype/bedding_fabric", "symbolRotation": 211, "genericSymbolizer": "202001", "sem_type": "202001", "featureOfInterest": "托格买提组", "featureOfInterest_uri": "https://geosciml4china.example.org/J43C001002/geologicunit/D2t"}}, {"type": "Feature", "id": "https://geosciml4china.example.org/J43C001002/foliation/EK.3", "geometry": {"type": "Point", "coordinates": [74.17582163625953, 39.67245547057214]}, "properties": {"@featureType": "SiteObservationView", "identifier": {"value": "https://geosciml4china.example.org/J43C001002/foliation/EK.3", "@codeSpace": "http://www.ietf.org/rfc/rfc2616"}, "observationName": "bedding fabric", "label": "306°∠57°", "observedProperty": "planar orientation", "observedValue": "57", "observedValueUom": "deg", "propertyType_uri": "http://resource.geosciml.org/classifier/cgi/foliationtype/bedding_fabric", "symbolRotation": 216, "genericSymbolizer": "202001", "sem_type": "202001", "featureOfInterest": "喀什群", "featureOfInterest_uri": "https://geosciml4china.example.org/J43C001002/geologicunit/EK"}}, {"type": "Feature", "id": "https://geosciml4china.example.org/J43C001002/foliation/N1p.2", "geometry": {"type": "Point", "coordinates": [74.21560925249345, 39.73786852560193]}, "properties": {"@featureType": "SiteObservationView", "identifier": {"value": "https://geosciml4china.example.org/J43C001002/foliation/N1p.2", "@codeSpace": "http://www.ietf.org/rfc/rfc2616"}, "observationName": "bedding fabric", "label": "322°∠56°", "observedProperty": "planar orientation", "observedValue": "56", "observedValueUom": "deg", "propertyType_uri": "http://resource.geosciml.org/classifier/cgi/foliationtype/bedding_fabric", "symbolRotation": 232, "genericSymbolizer": "202001", "sem_type": "202001", "featureOfInterest": "帕卡布拉克组", "featureOfInterest_uri": "https://geosciml4china.example.org/J43C001002/geologicunit/N1p"}}, {"type": "Feature", "id": "https://geosciml4china.example.org/J43C001002/foliation/N1p.3", "geometry": {"type": "Point", "coordinates": [74.21277168959254, 39.744920373961946]}, "properties": {"@featureType": "SiteObservationView", "identifier": {"value": "https://geosciml4china.example.org/J43C001002/foliation/N1p.3", "@codeSpace": "http://www.ietf.org/rfc/rfc2616"}, "observationName": "bedding fabric", "label": "140°∠40°", "observedProperty": "planar orientation", "observedValue": "40", "observedValueUom": "deg", "propertyType_uri": "http://resource.geosciml.org/classifier/cgi/foliationtype/bedding_fabric", "symbolRotation": 50, "genericSymbolizer": "202001", "sem_type": "202001", "featureOfInterest": "帕卡布拉克组", "featureOfInterest_uri": "https://geosciml4china.example.org/J43C001002/geologicunit/N1p"}}, {"type": "Feature", "id": "https://geosciml4china.example.org/J43C001002/foliation/D1s.5", "geometry": {"type": "Point", "coordinates": [74.20801955722077, 39.88909227083268]}, "properties": {"@featureType": "SiteObservationView", "identifier": {"value": "https://geosciml4china.example.org/J43C001002/foliation/D1s.5", "@codeSpace": "http://www.ietf.org/rfc/rfc2616"}, "observationName": "bedding fabric", "label": "122°∠59°", "observedProperty": "planar orientation", "observedValue": "59", "observedValueUom": "deg", "propertyType_uri": "http://resource.geosciml.org/classifier/cgi/foliationtype/bedding_fabric", "symbolRotation": 32, "genericSymbolizer": "202001", "sem_type": "202001", "featureOfInterest": "萨瓦亚尔顿组", "featureOfInterest_uri": "https://geosciml4china.example.org/J43C001002/geologicunit/D1s"}}, {"type": "Feature", "id": "https://geosciml4china.example.org/J43C001002/foliation/S3-4t.4", "geometry": {"type": "Point", "coordinates": [74.16379346366199, 39.92921382815607]}, "properties": {"@featureType": "SiteObservationView", "identifier": {"value": "https://geosciml4china.example.org/J43C001002/foliation/S3-4t.4", "@codeSpace": "http://www.ietf.org/rfc/rfc2616"}, "observationName": "bedding fabric", "label": "300°∠60°", "observedProperty": "planar orientation", "observedValue": "60", "observedValueUom": "deg", "propertyType_uri": "http://resource.geosciml.org/classifier/cgi/foliationtype/bedding_fabric", "symbolRotation": 210, "genericSymbolizer": "202001", "sem_type": "202001", "featureOfInterest": "塔尔特库里组", "featureOfInterest_uri": "https://geosciml4china.example.org/J43C001002/geologicunit/S3-4t"}}, {"type": "Feature", "id": "https://geosciml4china.example.org/J43C001002/foliation/S3-4t.5", "geometry": {"type": "Point", "coordinates": [74.21128516595725, 39.99094399524481]}, "properties": {"@featureType": "SiteObservationView", "identifier": {"value": "https://geosciml4china.example.org/J43C001002/foliation/S3-4t.5", "@codeSpace": "http://www.ietf.org/rfc/rfc2616"}, "observationName": "bedding fabric", "label": "296°∠54°", "observedProperty": "planar orientation", "observedValue": "54", "observedValueUom": "deg", "propertyType_uri": "http://resource.geosciml.org/classifier/cgi/foliationtype/bedding_fabric", "symbolRotation": 206, "genericSymbolizer": "202001", "sem_type": "202001", "featureOfInterest": "塔尔特库里组", "featureOfInterest_uri": "https://geosciml4china.example.org/J43C001002/geologicunit/S3-4t"}}, {"type": "Feature", "id": "https://geosciml4china.example.org/J43C001002/foliation/C1y.3", "geometry": {"type": "Point", "coordinates": [74.27549328240661, 39.952340334619294]}, "properties": {"@featureType": "SiteObservationView", "identifier": {"value": "https://geosciml4china.example.org/J43C001002/foliation/C1y.3", "@codeSpace": "http://www.ietf.org/rfc/rfc2616"}, "observationName": "bedding fabric", "label": "152°∠68°", "observedProperty": "planar orientation", "observedValue": "68", "observedValueUom": "deg", "propertyType_uri": "http://resource.geosciml.org/classifier/cgi/foliationtype/bedding_fabric", "symbolRotation": 62, "genericSymbolizer": "202001", "sem_type": "202001", "featureOfInterest": "野云沟组", "featureOfInterest_uri": "https://geosciml4china.example.org/J43C001002/geologicunit/C1y"}}, {"type": "Feature", "id": "https://geosciml4china.example.org/J43C001002/foliation/N1k.2", "geometry": {"type": "Point", "coordinates": [74.23785660060993, 39.70316496843672]}, "properties": {"@featureType": "SiteObservationView", "identifier": {"value": "https://geosciml4china.example.org/J43C001002/foliation/N1k.2", "@codeSpace": "http://www.ietf.org/rfc/rfc2616"}, "observationName": "bedding fabric", "label": "312°∠53°", "observedProperty": "planar orientation", "observedValue": "53", "observedValueUom": "deg", "propertyType_uri": "http://resource.geosciml.org/classifier/cgi/foliationtype/bedding_fabric", "symbolRotation": 222, "genericSymbolizer": "202001", "sem_type": "202001", "featureOfInterest": "克孜洛依组", "featureOfInterest_uri": "https://geosciml4china.example.org/J43C001002/geologicunit/N1k"}}, {"type": "Feature", "id": "https://geosciml4china.example.org/J43C001002/foliation/N1a.2", "geometry": {"type": "Point", "coordinates": [74.26651121603057, 39.692059155547454]}, "properties": {"@featureType": "SiteObservationView", "identifier": {"value": "https://geosciml4china.example.org/J43C001002/foliation/N1a.2", "@codeSpace": "http://www.ietf.org/rfc/rfc2616"}, "observationName": "bedding fabric", "label": "9°∠72°", "observedProperty": "planar orientation", "observedValue": "72", "observedValueUom": "deg", "propertyType_uri": "http://resource.geosciml.org/classifier/cgi/foliationtype/bedding_fabric", "symbolRotation": 279, "genericSymbolizer": "202001", "sem_type": "202001", "featureOfInterest": "安居安组", "featureOfInterest_uri": "https://geosciml4china.example.org/J43C001002/geologicunit/N1a"}}, {"type": "Feature", "id": "https://geosciml4china.example.org/J43C001002/foliation/C2ak.2", "geometry": {"type": "Point", "coordinates": [74.36317224228482, 39.972188936972586]}, "properties": {"@featureType": "SiteObservationView", "identifier": {"value": "https://geosciml4china.example.org/J43C001002/foliation/C2ak.2", "@codeSpace": "http://www.ietf.org/rfc/rfc2616"}, "observationName": "bedding fabric", "label": "35°∠72°", "observedProperty": "planar orientation", "observedValue": "72", "observedValueUom": "deg", "propertyType_uri": "http://resource.geosciml.org/classifier/cgi/foliationtype/bedding_fabric", "symbolRotation": 305, "genericSymbolizer": "202001", "sem_type": "202001", "featureOfInterest": "艾克提克组", "featureOfInterest_uri": "https://geosciml4china.example.org/J43C001002/geologicunit/C2ak"}}, {"type": "Feature", "id": "https://geosciml4china.example.org/J43C001002/foliation/C2ak.3", "geometry": {"type": "Point", "coordinates": [74.34851787573531, 39.939778549942545]}, "properties": {"@featureType": "SiteObservationView", "identifier": {"value": "https://geosciml4china.example.org/J43C001002/foliation/C2ak.3", "@codeSpace": "http://www.ietf.org/rfc/rfc2616"}, "observationName": "bedding fabric", "label": "339°∠70°", "observedProperty": "planar orientation", "observedValue": "70", "observedValueUom": "deg", "propertyType_uri": "http://resource.geosciml.org/classifier/cgi/foliationtype/bedding_fabric", "symbolRotation": 249, "genericSymbolizer": "202001", "sem_type": "202001", "featureOfInterest": "艾克提克组", "featureOfInterest_uri": "https://geosciml4china.example.org/J43C001002/geologicunit/C2ak"}}, {"type": "Feature", "id": "https://geosciml4china.example.org/J43C001002/foliation/K1kz.2", "geometry": {"type": "Point", "coordinates": [74.39265532220838, 39.85920306768422]}, "properties": {"@featureType": "SiteObservationView", "identifier": {"value": "https://geosciml4china.example.org/J43C001002/foliation/K1kz.2", "@codeSpace": "http://www.ietf.org/rfc/rfc2616"}, "observationName": "bedding fabric", "label": "305°∠32°", "observedProperty": "planar orientation", "observedValue": "32", "observedValueUom": "deg", "propertyType_uri": "http://resource.geosciml.org/classifier/cgi/foliationtype/bedding_fabric", "symbolRotation": 215, "genericSymbolizer": "202001", "sem_type": "202001", "featureOfInterest": "克孜勒苏组", "featureOfInterest_uri": "https://geosciml4china.example.org/J43C001002/geologicunit/K1kz"}}, {"type": "Feature", "id": "https://geosciml4china.example.org/J43C001002/foliation/J3kz.1", "geometry": {"type": "Point", "coordinates": [74.41136950712378, 39.87990797185029]}, "properties": {"@featureType": "SiteObservationView", "identifier": {"value": "https://geosciml4china.example.org/J43C001002/foliation/J3kz.1", "@codeSpace": "http://www.ietf.org/rfc/rfc2616"}, "observationName": "bedding fabric", "label": "292°∠21°", "observedProperty": "planar orientation", "observedValue": "21", "observedValueUom": "deg", "propertyType_uri": "http://resource.geosciml.org/classifier/cgi/foliationtype/bedding_fabric", "symbolRotation": 202, "genericSymbolizer": "202001", "sem_type": "202001", "featureOfInterest": "库孜贡苏组", "featureOfInterest_uri": "https://geosciml4china.example.org/J43C001002/geologicunit/J3kz"}}, {"type": "Feature", "id": "https://geosciml4china.example.org/J43C001002/foliation/Qp1X.5", "geometry": {"type": "Point", "coordinates": [74.37336522318984, 39.81242699224555]}, "properties": {"@featureType": "SiteObservationView", "identifier": {"value": "https://geosciml4china.example.org/J43C001002/foliation/Qp1X.5", "@codeSpace": "http://www.ietf.org/rfc/rfc2616"}, "observationName": "bedding fabric", "label": "167°∠60°", "observedProperty": "planar orientation", "observedValue": "60", "observedValueUom": "deg", "propertyType_uri": "http://resource.geosciml.org/classifier/cgi/foliationtype/bedding_fabric", "symbolRotation": 77, "genericSymbolizer": "202001", "sem_type": "202001", "featureOfInterest": "西域组", "featureOfInterest_uri": "https://geosciml4china.example.org/J43C001002/geologicunit/Qp1X"}}, {"type": "Feature", "id": "https://geosciml4china.example.org/J43C001002/foliation/N2a.3", "geometry": {"type": "Point", "coordinates": [74.38656707424103, 39.79754808197203]}, "properties": {"@featureType": "SiteObservationView", "identifier": {"value": "https://geosciml4china.example.org/J43C001002/foliation/N2a.3", "@codeSpace": "http://www.ietf.org/rfc/rfc2616"}, "observationName": "bedding fabric", "label": "4°∠30°", "observedProperty": "planar orientation", "observedValue": "30", "observedValueUom": "deg", "propertyType_uri": "http://resource.geosciml.org/classifier/cgi/foliationtype/bedding_fabric", "symbolRotation": 274, "genericSymbolizer": "202001", "sem_type": "202001", "featureOfInterest": "阿图什组", "featureOfInterest_uri": "https://geosciml4china.example.org/J43C001002/geologicunit/N2a"}}, {"type": "Feature", "id": "https://geosciml4china.example.org/J43C001002/foliation/N1p.4", "geometry": {"type": "Point", "coordinates": [74.32476388146719, 39.780839390485724]}, "properties": {"@featureType": "SiteObservationView", "identifier": {"value": "https://geosciml4china.example.org/J43C001002/foliation/N1p.4", "@codeSpace": "http://www.ietf.org/rfc/rfc2616"}, "observationName": "bedding fabric", "label": "328°∠37°", "observedProperty": "planar orientation", "observedValue": "37", "observedValueUom": "deg", "propertyType_uri": "http://resource.geosciml.org/classifier/cgi/foliationtype/bedding_fabric", "symbolRotation": 238, "genericSymbolizer": "202001", "sem_type": "202001", "featureOfInterest": "帕卡布拉克组", "featureOfInterest_uri": "https://geosciml4china.example.org/J43C001002/geologicunit/N1p"}}, {"type": "Feature", "id": "https://geosciml4china.example.org/J43C001002/foliation/N1k.3", "geometry": {"type": "Point", "coordinates": [74.36678934127335, 39.77087431714089]}, "properties": {"@featureType": "SiteObservationView", "identifier": {"value": "https://geosciml4china.example.org/J43C001002/foliation/N1k.3", "@codeSpace": "http://www.ietf.org/rfc/rfc2616"}, "observationName": "bedding fabric", "label": "355°∠66°", "observedProperty": "planar orientation", "observedValue": "66", "observedValueUom": "deg", "propertyType_uri": "http://resource.geosciml.org/classifier/cgi/foliationtype/bedding_fabric", "symbolRotation": 265, "genericSymbolizer": "202001", "sem_type": "202001", "featureOfInterest": "克孜洛依组", "featureOfInterest_uri": "https://geosciml4china.example.org/J43C001002/geologicunit/N1k"}}, {"type": "Feature", "id": "https://geosciml4china.example.org/J43C001002/foliation/N1k.4", "geometry": {"type": "Point", "coordinates": [74.34691177837975, 39.71208951222165]}, "properties": {"@featureType": "SiteObservationView", "identifier": {"value": "https://geosciml4china.example.org/J43C001002/foliation/N1k.4", "@codeSpace": "http://www.ietf.org/rfc/rfc2616"}, "observationName": "bedding fabric", "label": "339°∠78°", "observedProperty": "planar orientation", "observedValue": "78", "observedValueUom": "deg", "propertyType_uri": "http://resource.geosciml.org/classifier/cgi/foliationtype/bedding_fabric", "symbolRotation": 249, "genericSymbolizer": "202001", "sem_type": "202001", "featureOfInterest": "克孜洛依组", "featureOfInterest_uri": "https://geosciml4china.example.org/J43C001002/geologicunit/N1k"}}, {"type": "Feature", "id": "https://geosciml4china.example.org/J43C001002/foliation/N1a.3", "geometry": {"type": "Point", "coordinates": [74.33484102734256, 39.721028876709234]}, "properties": {"@featureType": "SiteObservationView", "identifier": {"value": "https://geosciml4china.example.org/J43C001002/foliation/N1a.3", "@codeSpace": "http://www.ietf.org/rfc/rfc2616"}, "observationName": "bedding fabric", "label": "338°∠61°", "observedProperty": "planar orientation", "observedValue": "61", "observedValueUom": "deg", "propertyType_uri": "http://resource.geosciml.org/classifier/cgi/foliationtype/bedding_fabric", "symbolRotation": 248, "genericSymbolizer": "202001", "sem_type": "202001", "featureOfInterest": "安居安组", "featureOfInterest_uri": "https://geosciml4china.example.org/J43C001002/geologicunit/N1a"}}, {"type": "Feature", "id": "https://geosciml4china.example.org/J43C001002/foliation/N1p.5", "geometry": {"type": "Point", "coordinates": [74.48918988006172, 39.71418069967296]}, "properties": {"@featureType": "SiteObservationView", "identifier": {"value": "https://geosciml4china.example.org/J43C001002/foliation/N1p.5", "@codeSpace": "http://www.ietf.org/rfc/rfc2616"}, "observationName": "bedding fabric", "label": "198°∠40°", "observedProperty": "planar orientation", "observedValue": "40", "observedValueUom": "deg", "propertyType_uri": "http://resource.geosciml.org/classifier/cgi/foliationtype/bedding_fabric", "symbolRotation": 108, "genericSymbolizer": "202001", "sem_type": "202001", "featureOfInterest": "帕卡布拉克组", "featureOfInterest_uri": "https://geosciml4china.example.org/J43C001002/geologicunit/N1p"}}, {"type": "Feature", "id": "https://geosciml4china.example.org/J43C001002/foliation/N1a.4", "geometry": {"type": "Point", "coordinates": [74.4831635923319, 39.734884157982975]}, "properties": {"@featureType": "SiteObservationView", "identifier": {"value": "https://geosciml4china.example.org/J43C001002/foliation/N1a.4", "@codeSpace": "http://www.ietf.org/rfc/rfc2616"}, "observationName": "bedding fabric", "label": "27°∠60°", "observedProperty": "planar orientation", "observedValue": "60", "observedValueUom": "deg", "propertyType_uri": "http://resource.geosciml.org/classifier/cgi/foliationtype/bedding_fabric", "symbolRotation": 297, "genericSymbolizer": "202001", "sem_type": "202001", "featureOfInterest": "安居安组", "featureOfInterest_uri": "https://geosciml4china.example.org/J43C001002/geologicunit/N1a"}}, {"type": "Feature", "id": "https://geosciml4china.example.org/J43C001002/foliation/Qhal.1", "geometry": {"type": "Point", "coordinates": [74.48069567675309, 39.76856617409121]}, "properties": {"@featureType": "SiteObservationView", "identifier": {"value": "https://geosciml4china.example.org/J43C001002/foliation/Qhal.1", "@codeSpace": "http://www.ietf.org/rfc/rfc2616"}, "observationName": "bedding fabric", "label": "172°∠40°", "observedProperty": "planar orientation", "observedValue": "40", "observedValueUom": "deg", "propertyType_uri": "http://resource.geosciml.org/classifier/cgi/foliationtype/bedding_fabric", "symbolRotation": 82, "genericSymbolizer": "202001", "sem_type": "202001", "featureOfInterest": "第四系冲积层", "featureOfInterest_uri": "https://geosciml4china.example.org/J43C001002/geologicunit/Qhal"}}, {"type": "Feature", "id": "https://geosciml4china.example.org/J43C001002/foliation/D3kz2.1", "geometry": {"type": "Point", "coordinates": [74.42192961681073, 39.92647546983892]}, "properties": {"@featureType": "SiteObservationView", "identifier": {"value": "https://geosciml4china.example.org/J43C001002/foliation/D3kz2.1", "@codeSpace": "http://www.ietf.org/rfc/rfc2616"}, "observationName": "bedding fabric", "label": "210°∠55°", "observedProperty": "planar orientation", "observedValue": "55", "observedValueUom": "deg", "propertyType_uri": "http://resource.geosciml.org/classifier/cgi/foliationtype/bedding_fabric", "symbolRotation": 120, "genericSymbolizer": "202001", "sem_type": "202001", "featureOfInterest": "克孜尔塔格组二段", "featureOfInterest_uri": "https://geosciml4china.example.org/J43C001002/geologicunit/D3kz2"}}, {"type": "Feature", "id": "https://geosciml4china.example.org/J43C001002/foliation/D3kz3.1", "geometry": {"type": "Point", "coordinates": [74.44251134550643, 39.95702758085762]}, "properties": {"@featureType": "SiteObservationView", "identifier": {"value": "https://geosciml4china.example.org/J43C001002/foliation/D3kz3.1", "@codeSpace": "http://www.ietf.org/rfc/rfc2616"}, "observationName": "bedding fabric", "label": "347°∠84°", "observedProperty": "planar orientation", "observedValue": "84", "observedValueUom": "deg", "propertyType_uri": "http://resource.geosciml.org/classifier/cgi/foliationtype/bedding_fabric", "symbolRotation": 257, "genericSymbolizer": "202001", "sem_type": "202001", "featureOfInterest": "克孜尔塔格组三段", "featureOfInterest_uri": "https://geosciml4china.example.org/J43C001002/geologicunit/D3kz3"}}, {"type": "Feature", "id": "https://geosciml4china.example.org/J43C001002/foliation/D3kz2.2", "geometry": {"type": "Point", "coordinates": [74.45112122675758, 39.97273907626601]}, "properties": {"@featureType": "SiteObservationView", "identifier": {"value": "https://geosciml4china.example.org/J43C001002/foliation/D3kz2.2", "@codeSpace": "http://www.ietf.org/rfc/rfc2616"}, "observationName": "bedding fabric", "label": "166°∠60°", "observedProperty": "planar orientation", "observedValue": "60", "observedValueUom": "deg", "propertyType_uri": "http://resource.geosciml.org/classifier/cgi/foliationtype/bedding_fabric", "symbolRotation": 76, "genericSymbolizer": "202001", "sem_type": "202001", "featureOfInterest": "克孜尔塔格组二段", "featureOfInterest_uri": "https://geosciml4china.example.org/J43C001002/geologicunit/D3kz2"}}, {"type": "Feature", "id": "https://geosciml4china.example.org/J43C001002/foliation/D3kz2.3", "geometry": {"type": "Point", "coordinates": [74.4433209516263, 39.99022332137417]}, "properties": {"@featureType": "SiteObservationView", "identifier": {"value": "https://geosciml4china.example.org/J43C001002/foliation/D3kz2.3", "@codeSpace": "http://www.ietf.org/rfc/rfc2616"}, "observationName": "bedding fabric", "label": "318°∠66°", "observedProperty": "planar orientation", "observedValue": "66", "observedValueUom": "deg", "propertyType_uri": "http://resource.geosciml.org/classifier/cgi/foliationtype/bedding_fabric", "symbolRotation": 228, "genericSymbolizer": "202001", "sem_type": "202001", "featureOfInterest": "克孜尔塔格组二段", "featureOfInterest_uri": "https://geosciml4china.example.org/J43C001002/geologicunit/D3kz2"}}, {"type": "Feature", "id": "https://geosciml4china.example.org/J43C001002/foliation/N2a.4", "geometry": {"type": "Point", "coordinates": [74.49632125928956, 39.78963393156325]}, "properties": {"@featureType": "SiteObservationView", "identifier": {"value": "https://geosciml4china.example.org/J43C001002/foliation/N2a.4", "@codeSpace": "http://www.ietf.org/rfc/rfc2616"}, "observationName": "bedding fabric", "label": "178°∠48°", "observedProperty": "planar orientation", "observedValue": "48", "observedValueUom": "deg", "propertyType_uri": "http://resource.geosciml.org/classifier/cgi/foliationtype/bedding_fabric", "symbolRotation": 88, "genericSymbolizer": "202001", "sem_type": "202001", "featureOfInterest": "阿图什组", "featureOfInterest_uri": "https://geosciml4china.example.org/J43C001002/geologicunit/N2a"}}, {"type": "Feature", "id": "https://geosciml4china.example.org/J43C001002/foliation/N2a.5", "geometry": {"type": "Point", "coordinates": [74.32598079198219, 39.806131273056224]}, "properties": {"@featureType": "SiteObservationView", "identifier": {"value": "https://geosciml4china.example.org/J43C001002/foliation/N2a.5", "@codeSpace": "http://www.ietf.org/rfc/rfc2616"}, "observationName": "bedding fabric", "label": "188°∠57°", "observedProperty": "planar orientation", "observedValue": "57", "observedValueUom": "deg", "propertyType_uri": "http://resource.geosciml.org/classifier/cgi/foliationtype/bedding_fabric", "symbolRotation": 98, "genericSymbolizer": "202001", "sem_type": "202001", "featureOfInterest": "阿图什组", "featureOfInterest_uri": "https://geosciml4china.example.org/J43C001002/geologicunit/N2a"}}, {"type": "Feature", "id": "https://geosciml4china.example.org/J43C001002/foliation/Qp3pal.1", "geometry": {"type": "Point", "coordinates": [74.3342136165646, 39.83893499444992]}, "properties": {"@featureType": "SiteObservationView", "identifier": {"value": "https://geosciml4china.example.org/J43C001002/foliation/Qp3pal.1", "@codeSpace": "http://www.ietf.org/rfc/rfc2616"}, "observationName": "bedding fabric", "label": "271°∠25°", "observedProperty": "planar orientation", "observedValue": "25", "observedValueUom": "deg", "propertyType_uri": "http://resource.geosciml.org/classifier/cgi/foliationtype/bedding_fabric", "symbolRotation": 181, "genericSymbolizer": "202001", "sem_type": "202001", "featureOfInterest": "第四系洪冲积层", "featureOfInterest_uri": "https://geosciml4china.example.org/J43C001002/geologicunit/Qp3pal"}}, {"type": "Feature", "id": "https://geosciml4china.example.org/J43C001002/foliation/K2Y.1", "geometry": {"type": "Point", "coordinates": [74.27656549472852, 39.91130655439115]}, "properties": {"@featureType": "SiteObservationView", "identifier": {"value": "https://geosciml4china.example.org/J43C001002/foliation/K2Y.1", "@codeSpace": "http://www.ietf.org/rfc/rfc2616"}, "observationName": "bedding fabric", "label": "348°∠68°", "observedProperty": "planar orientation", "observedValue": "68", "observedValueUom": "deg", "propertyType_uri": "http://resource.geosciml.org/classifier/cgi/foliationtype/bedding_fabric", "symbolRotation": 258, "genericSymbolizer": "202001", "sem_type": "202001", "featureOfInterest": "英吉莎群", "featureOfInterest_uri": "https://geosciml4china.example.org/J43C001002/geologicunit/K2Y"}}, {"type": "Feature", "id": "https://geosciml4china.example.org/J43C001002/foliation/J1sh.1", "geometry": {"type": "Point", "coordinates": [74.85184542782845, 39.95971610003419]}, "properties": {"@featureType": "SiteObservationView", "identifier": {"value": "https://geosciml4china.example.org/J43C001002/foliation/J1sh.1", "@codeSpace": "http://www.ietf.org/rfc/rfc2616"}, "observationName": "bedding fabric", "label": "78°∠57°", "observedProperty": "planar orientation", "observedValue": "57", "observedValueUom": "deg", "propertyType_uri": "http://resource.geosciml.org/classifier/cgi/foliationtype/bedding_fabric", "symbolRotation": 348, "genericSymbolizer": "202001", "sem_type": "202001", "featureOfInterest": "莎里塔什组", "featureOfInterest_uri": "https://geosciml4china.example.org/J43C001002/geologicunit/J1sh"}}, {"type": "Feature", "id": "https://geosciml4china.example.org/J43C001002/foliation/J1k.1", "geometry": {"type": "Point", "coordinates": [74.89215449420655, 39.912471290856004]}, "properties": {"@featureType": "SiteObservationView", "identifier": {"value": "https://geosciml4china.example.org/J43C001002/foliation/J1k.1", "@codeSpace": "http://www.ietf.org/rfc/rfc2616"}, "observationName": "bedding fabric", "label": "32°∠65°", "observedProperty": "planar orientation", "observedValue": "65", "observedValueUom": "deg", "propertyType_uri": "http://resource.geosciml.org/classifier/cgi/foliationtype/bedding_fabric", "symbolRotation": 302, "genericSymbolizer": "202001", "sem_type": "202001", "featureOfInterest": "康苏组", "featureOfInterest_uri": "https://geosciml4china.example.org/J43C001002/geologicunit/J1k"}}, {"type": "Feature", "id": "https://geosciml4china.example.org/J43C001002/foliation/D3kz3.2", "geometry": {"type": "Point", "coordinates": [74.85404904927104, 39.902507645676835]}, "properties": {"@featureType": "SiteObservationView", "identifier": {"value": "https://geosciml4china.example.org/J43C001002/foliation/D3kz3.2", "@codeSpace": "http://www.ietf.org/rfc/rfc2616"}, "observationName": "bedding fabric", "label": "22°∠65°", "observedProperty": "planar orientation", "observedValue": "65", "observedValueUom": "deg", "propertyType_uri": "http://resource.geosciml.org/classifier/cgi/foliationtype/bedding_fabric", "symbolRotation": 292, "genericSymbolizer": "202001", "sem_type": "202001", "featureOfInterest": "克孜尔塔格组三段", "featureOfInterest_uri": "https://geosciml4china.example.org/J43C001002/geologicunit/D3kz3"}}, {"type": "Feature", "id": "https://geosciml4china.example.org/J43C001002/foliation/J1k.2", "geometry": {"type": "Point", "coordinates": [74.818857688258, 39.89855119332445]}, "properties": {"@featureType": "SiteObservationView", "identifier": {"value": "https://geosciml4china.example.org/J43C001002/foliation/J1k.2", "@codeSpace": "http://www.ietf.org/rfc/rfc2616"}, "observationName": "bedding fabric", "label": "352°∠30°", "observedProperty": "planar orientation", "observedValue": "30", "observedValueUom": "deg", "propertyType_uri": "http://resource.geosciml.org/classifier/cgi/foliationtype/bedding_fabric", "symbolRotation": 262, "genericSymbolizer": "202001", "sem_type": "202001", "featureOfInterest": "康苏组", "featureOfInterest_uri": "https://geosciml4china.example.org/J43C001002/geologicunit/J1k"}}, {"type": "Feature", "id": "https://geosciml4china.example.org/J43C001002/foliation/D3kz2.4", "geometry": {"type": "Point", "coordinates": [74.87985345911079, 39.842799410039206]}, "properties": {"@featureType": "SiteObservationView", "identifier": {"value": "https://geosciml4china.example.org/J43C001002/foliation/D3kz2.4", "@codeSpace": "http://www.ietf.org/rfc/rfc2616"}, "observationName": "bedding fabric", "label": "184°∠40°", "observedProperty": "planar orientation", "observedValue": "40", "observedValueUom": "deg", "propertyType_uri": "http://resource.geosciml.org/classifier/cgi/foliationtype/bedding_fabric", "symbolRotation": 94, "genericSymbolizer": "202001", "sem_type": "202001", "featureOfInterest": "克孜尔塔格组二段", "featureOfInterest_uri": "https://geosciml4china.example.org/J43C001002/geologicunit/D3kz2"}}, {"type": "Feature", "id": "https://geosciml4china.example.org/J43C001002/foliation/K1kz.3", "geometry": {"type": "Point", "coordinates": [74.85258958355836, 39.80337821446298]}, "properties": {"@featureType": "SiteObservationView", "identifier": {"value": "https://geosciml4china.example.org/J43C001002/foliation/K1kz.3", "@codeSpace": "http://www.ietf.org/rfc/rfc2616"}, "observationName": "bedding fabric", "label": "172°∠35°", "observedProperty": "planar orientation", "observedValue": "35", "observedValueUom": "deg", "propertyType_uri": "http://resource.geosciml.org/classifier/cgi/foliationtype/bedding_fabric", "symbolRotation": 82, "genericSymbolizer": "202001", "sem_type": "202001", "featureOfInterest": "克孜勒苏组", "featureOfInterest_uri": "https://geosciml4china.example.org/J43C001002/geologicunit/K1kz"}}, {"type": "Feature", "id": "https://geosciml4china.example.org/J43C001002/foliation/EK.4", "geometry": {"type": "Point", "coordinates": [74.82224307341664, 39.79292568961227]}, "properties": {"@featureType": "SiteObservationView", "identifier": {"value": "https://geosciml4china.example.org/J43C001002/foliation/EK.4", "@codeSpace": "http://www.ietf.org/rfc/rfc2616"}, "observationName": "bedding fabric", "label": "196°∠78°", "observedProperty": "planar orientation", "observedValue": "78", "observedValueUom": "deg", "propertyType_uri": "http://resource.geosciml.org/classifier/cgi/foliationtype/bedding_fabric", "symbolRotation": 106, "genericSymbolizer": "202001", "sem_type": "202001", "featureOfInterest": "喀什群", "featureOfInterest_uri": "https://geosciml4china.example.org/J43C001002/geologicunit/EK"}}, {"type": "Feature", "id": "https://geosciml4china.example.org/J43C001002/foliation/D3kz2.5", "geometry": {"type": "Point", "coordinates": [74.75428200870483, 39.85852488727841]}, "properties": {"@featureType": "SiteObservationView", "identifier": {"value": "https://geosciml4china.example.org/J43C001002/foliation/D3kz2.5", "@codeSpace": "http://www.ietf.org/rfc/rfc2616"}, "observationName": "bedding fabric", "label": "27°∠53°", "observedProperty": "planar orientation", "observedValue": "53", "observedValueUom": "deg", "propertyType_uri": "http://resource.geosciml.org/classifier/cgi/foliationtype/bedding_fabric", "symbolRotation": 297, "genericSymbolizer": "202001", "sem_type": "202001", "featureOfInterest": "克孜尔塔格组二段", "featureOfInterest_uri": "https://geosciml4china.example.org/J43C001002/geologicunit/D3kz2"}}, {"type": "Feature", "id": "https://geosciml4china.example.org/J43C001002/foliation/J2t.1", "geometry": {"type": "Point", "coordinates": [74.54382313146266, 39.99815544698026]}, "properties": {"@featureType": "SiteObservationView", "identifier": {"value": "https://geosciml4china.example.org/J43C001002/foliation/J2t.1", "@codeSpace": "http://www.ietf.org/rfc/rfc2616"}, "observationName": "bedding fabric", "label": "0°∠14°", "observedProperty": "planar orientation", "observedValue": "14", "observedValueUom": "deg", "propertyType_uri": "http://resource.geosciml.org/classifier/cgi/foliationtype/bedding_fabric", "symbolRotation": 270, "genericSymbolizer": "202001", "sem_type": "202001", "featureOfInterest": "塔尔尕组", "featureOfInterest_uri": "https://geosciml4china.example.org/J43C001002/geologicunit/J2t"}}, {"type": "Feature", "id": "https://geosciml4china.example.org/J43C001002/foliation/ChA.1", "geometry": {"type": "Point", "coordinates": [74.60335349530494, 39.92433117556836]}, "properties": {"@featureType": "SiteObservationView", "identifier": {"value": "https://geosciml4china.example.org/J43C001002/foliation/ChA.1", "@codeSpace": "http://www.ietf.org/rfc/rfc2616"}, "observationName": "schistosity", "label": "156°∠64°", "observedProperty": "planar orientation", "observedValue": "64", "observedValueUom": "deg", "propertyType_uri": "http://resource.geosciml.org/classifier/cgi/foliationtype/schistosity", "symbolRotation": 66, "genericSymbolizer": "202005", "sem_type": "202005", "featureOfInterest": "阿克苏岩群", "featureOfInterest_uri": "https://geosciml4china.example.org/J43C001002/geologicunit/ChA"}}, {"type": "Feature", "id": "https://geosciml4china.example.org/J43C001002/foliation/ChA.2", "geometry": {"type": "Point", "coordinates": [74.63395787429539, 39.9546075307676]}, "properties": {"@featureType": "SiteObservationView", "identifier": {"value": "https://geosciml4china.example.org/J43C001002/foliation/ChA.2", "@codeSpace": "http://www.ietf.org/rfc/rfc2616"}, "observationName": "schistosity", "label": "202°∠64°", "observedProperty": "planar orientation", "observedValue": "64", "observedValueUom": "deg", "propertyType_uri": "http://resource.geosciml.org/classifier/cgi/foliationtype/schistosity", "symbolRotation": 112, "genericSymbolizer": "202005", "sem_type": "202005", "featureOfInterest": "阿克苏岩群", "featureOfInterest_uri": "https://geosciml4china.example.org/J43C001002/geologicunit/ChA"}}, {"type": "Feature", "id": "https://geosciml4china.example.org/J43C001002/foliation/ChA.3", "geometry": {"type": "Point", "coordinates": [74.6320915110381, 39.99222682082991]}, "properties": {"@featureType": "SiteObservationView", "identifier": {"value": "https://geosciml4china.example.org/J43C001002/foliation/ChA.3", "@codeSpace": "http://www.ietf.org/rfc/rfc2616"}, "observationName": "schistosity", "label": "175°∠59°", "observedProperty": "planar orientation", "observedValue": "59", "observedValueUom": "deg", "propertyType_uri": "http://resource.geosciml.org/classifier/cgi/foliationtype/schistosity", "symbolRotation": 85, "genericSymbolizer": "202005", "sem_type": "202005", "featureOfInterest": "阿克苏岩群", "featureOfInterest_uri": "https://geosciml4china.example.org/J43C001002/geologicunit/ChA"}}, {"type": "Feature", "id": "https://geosciml4china.example.org/J43C001002/foliation/J1k.3", "geometry": {"type": "Point", "coordinates": [74.94409271085757, 39.92154445317393]}, "properties": {"@featureType": "SiteObservationView", "identifier": {"value": "https://geosciml4china.example.org/J43C001002/foliation/J1k.3", "@codeSpace": "http://www.ietf.org/rfc/rfc2616"}, "observationName": "bedding fabric", "label": "188°∠70°", "observedProperty": "planar orientation", "observedValue": "70", "observedValueUom": "deg", "propertyType_uri": "http://resource.geosciml.org/classifier/cgi/foliationtype/bedding_fabric", "symbolRotation": 98, "genericSymbolizer": "202001", "sem_type": "202001", "featureOfInterest": "康苏组", "featureOfInterest_uri": "https://geosciml4china.example.org/J43C001002/geologicunit/J1k"}}, {"type": "Feature", "id": "https://geosciml4china.example.org/J43C001002/foliation/J1k.4", "geometry": {"type": "Point", "coordinates": [74.99160910287826, 39.90841572296788]}, "properties": {"@featureType": "SiteObservationView", "identifier": {"value": "https://geosciml4china.example.org/J43C001002/foliation/J1k.4", "@codeSpace": "http://www.ietf.org/rfc/rfc2616"}, "observationName": "bedding fabric", "label": "350°∠41°", "observedProperty": "planar orientation", "observedValue": "41", "observedValueUom": "deg", "propertyType_uri": "http://resource.geosciml.org/classifier/cgi/foliationtype/bedding_fabric", "symbolRotation": 260, "genericSymbolizer": "202001", "sem_type": "202001", "featureOfInterest": "康苏组", "featureOfInterest_uri": "https://geosciml4china.example.org/J43C001002/geologicunit/J1k"}}, {"type": "Feature", "id": "https://geosciml4china.example.org/J43C001002/foliation/J1k.5", "geometry": {"type": "Point", "coordinates": [74.92554130754095, 39.87832501707338]}, "properties": {"@featureType": "SiteObservationView", "identifier": {"value": "https://geosciml4china.example.org/J43C001002/foliation/J1k.5", "@codeSpace": "http://www.ietf.org/rfc/rfc2616"}, "observationName": "bedding fabric", "label": "225°∠33°", "observedProperty": "planar orientation", "observedValue": "33", "observedValueUom": "deg", "propertyType_uri": "http://resource.geosciml.org/classifier/cgi/foliationtype/bedding_fabric", "symbolRotation": 135, "genericSymbolizer": "202001", "sem_type": "202001", "featureOfInterest": "康苏组", "featureOfInterest_uri": "https://geosciml4china.example.org/J43C001002/geologicunit/J1k"}}, {"type": "Feature", "id": "https://geosciml4china.example.org/J43C001002/foliation/K1kz.4", "geometry": {"type": "Point", "coordinates": [74.94283726340825, 39.786602115688076]}, "properties": {"@featureType": "SiteObservationView", "identifier": {"value": "https://geosciml4china.example.org/J43C001002/foliation/K1kz.4", "@codeSpace": "http://www.ietf.org/rfc/rfc2616"}, "observationName": "bedding fabric", "label": "216°∠30°", "observedProperty": "planar orientation", "observedValue": "30", "observedValueUom": "deg", "propertyType_uri": "http://resource.geosciml.org/classifier/cgi/foliationtype/bedding_fabric", "symbolRotation": 126, "genericSymbolizer": "202001", "sem_type": "202001", "featureOfInterest": "克孜勒苏组", "featureOfInterest_uri": "https://geosciml4china.example.org/J43C001002/geologicunit/K1kz"}}, {"type": "Feature", "id": "https://geosciml4china.example.org/J43C001002/foliation/N1k.5", "geometry": {"type": "Point", "coordinates": [74.96346592697518, 39.67639279338866]}, "properties": {"@featureType": "SiteObservationView", "identifier": {"value": "https://geosciml4china.example.org/J43C001002/foliation/N1k.5", "@codeSpace": "http://www.ietf.org/rfc/rfc2616"}, "observationName": "bedding fabric", "label": "189°∠42°", "observedProperty": "planar orientation", "observedValue": "42", "observedValueUom": "deg", "propertyType_uri": "http://resource.geosciml.org/classifier/cgi/foliationtype/bedding_fabric", "symbolRotation": 99, "genericSymbolizer": "202001", "sem_type": "202001", "featureOfInterest": "克孜洛依组", "featureOfInterest_uri": "https://geosciml4china.example.org/J43C001002/geologicunit/N1k"}}, {"type": "Feature", "id": "https://geosciml4china.example.org/J43C001002/foliation/N1p.6", "geometry": {"type": "Point", "coordinates": [74.672428004323, 39.69123724724032]}, "properties": {"@featureType": "SiteObservationView", "identifier": {"value": "https://geosciml4china.example.org/J43C001002/foliation/N1p.6", "@codeSpace": "http://www.ietf.org/rfc/rfc2616"}, "observationName": "bedding fabric", "label": "59°∠20°", "observedProperty": "planar orientation", "observedValue": "20", "observedValueUom": "deg", "propertyType_uri": "http://resource.geosciml.org/classifier/cgi/foliationtype/bedding_fabric", "symbolRotation": 329, "genericSymbolizer": "202001", "sem_type": "202001", "featureOfInterest": "帕卡布拉克组", "featureOfInterest_uri": "https://geosciml4china.example.org/J43C001002/geologicunit/N1p"}}, {"type": "Feature", "id": "https://geosciml4china.example.org/J43C001002/foliation/N1a.5", "geometry": {"type": "Point", "coordinates": [74.70551746662088, 39.753823174997585]}, "properties": {"@featureType": "SiteObservationView", "identifier": {"value": "https://geosciml4china.example.org/J43C001002/foliation/N1a.5", "@codeSpace": "http://www.ietf.org/rfc/rfc2616"}, "observationName": "bedding fabric", "label": "46°∠64°", "observedProperty": "planar orientation", "observedValue": "64", "observedValueUom": "deg", "propertyType_uri": "http://resource.geosciml.org/classifier/cgi/foliationtype/bedding_fabric", "symbolRotation": 316, "genericSymbolizer": "202001", "sem_type": "202001", "featureOfInterest": "安居安组", "featureOfInterest_uri": "https://geosciml4china.example.org/J43C001002/geologicunit/N1a"}}, {"type": "Feature", "id": "https://geosciml4china.example.org/J43C001002/foliation/N1k.6", "geometry": {"type": "Point", "coordinates": [74.6069675262464, 39.812812719058876]}, "properties": {"@featureType": "SiteObservationView", "identifier": {"value": "https://geosciml4china.example.org/J43C001002/foliation/N1k.6", "@codeSpace": "http://www.ietf.org/rfc/rfc2616"}, "observationName": "bedding fabric", "label": "208°∠46°", "observedProperty": "planar orientation", "observedValue": "46", "observedValueUom": "deg", "propertyType_uri": "http://resource.geosciml.org/classifier/cgi/foliationtype/bedding_fabric", "symbolRotation": 118, "genericSymbolizer": "202001", "sem_type": "202001", "featureOfInterest": "克孜洛依组", "featureOfInterest_uri": "https://geosciml4china.example.org/J43C001002/geologicunit/N1k"}}, {"type": "Feature", "id": "https://geosciml4china.example.org/J43C001002/foliation/D3kz2.6", "geometry": {"type": "Point", "coordinates": [74.71578336508867, 39.93671758636387]}, "properties": {"@featureType": "SiteObservationView", "identifier": {"value": "https://geosciml4china.example.org/J43C001002/foliation/D3kz2.6", "@codeSpace": "http://www.ietf.org/rfc/rfc2616"}, "observationName": "schistosity", "label": "109°∠69°", "observedProperty": "planar orientation", "observedValue": "69", "observedValueUom": "deg", "propertyType_uri": "http://resource.geosciml.org/classifier/cgi/foliationtype/schistosity", "symbolRotation": 19, "genericSymbolizer": "202005", "sem_type": "202005", "featureOfInterest": "克孜尔塔格组二段", "featureOfInterest_uri": "https://geosciml4china.example.org/J43C001002/geologicunit/D3kz2"}}, {"type": "Feature", "id": "https://geosciml4china.example.org/J43C001002/foliation/D3kz3.3", "geometry": {"type": "Point", "coordinates": [74.81805396559048, 39.937957871550864]}, "properties": {"@featureType": "SiteObservationView", "identifier": {"value": "https://geosciml4china.example.org/J43C001002/foliation/D3kz3.3", "@codeSpace": "http://www.ietf.org/rfc/rfc2616"}, "observationName": "schistosity", "label": "111°∠65°", "observedProperty": "planar orientation", "observedValue": "65", "observedValueUom": "deg", "propertyType_uri": "http://resource.geosciml.org/classifier/cgi/foliationtype/schistosity", "symbolRotation": 21, "genericSymbolizer": "202005", "sem_type": "202005", "featureOfInterest": "克孜尔塔格组三段", "featureOfInterest_uri": "https://geosciml4china.example.org/J43C001002/geologicunit/D3kz3"}}, {"type": "Feature", "id": "https://geosciml4china.example.org/J43C001002/foliation/ChA.4", "geometry": {"type": "Point", "coordinates": [74.51295791842617, 39.86189142170338]}, "properties": {"@featureType": "SiteObservationView", "identifier": {"value": "https://geosciml4china.example.org/J43C001002/foliation/ChA.4", "@codeSpace": "http://www.ietf.org/rfc/rfc2616"}, "observationName": "schistosity", "label": "279°∠65°", "observedProperty": "planar orientation", "observedValue": "65", "observedValueUom": "deg", "propertyType_uri": "http://resource.geosciml.org/classifier/cgi/foliationtype/schistosity", "symbolRotation": 189, "genericSymbolizer": "202005", "sem_type": "202005", "featureOfInterest": "阿克苏岩群", "featureOfInterest_uri": "https://geosciml4china.example.org/J43C001002/geologicunit/ChA"}}, {"type": "Feature", "id": "https://geosciml4china.example.org/J43C001002/foliation/N1k.7", "geometry": {"type": "Point", "coordinates": [74.64284617739402, 39.75830553820028]}, "properties": {"@featureType": "SiteObservationView", "identifier": {"value": "https://geosciml4china.example.org/J43C001002/foliation/N1k.7", "@codeSpace": "http://www.ietf.org/rfc/rfc2616"}, "observationName": "bedding fabric", "label": "5°∠66°", "observedProperty": "planar orientation", "observedValue": "66", "observedValueUom": "deg", "propertyType_uri": "http://resource.geosciml.org/classifier/cgi/foliationtype/bedding_fabric", "symbolRotation": 275, "genericSymbolizer": "202001", "sem_type": "202001", "featureOfInterest": "克孜洛依组", "featureOfInterest_uri": "https://geosciml4china.example.org/J43C001002/geologicunit/N1k"}}, {"type": "Feature", "id": "https://geosciml4china.example.org/J43C001002/foliation/ChA.5", "geometry": {"type": "Point", "coordinates": [74.54557522759298, 39.988347488332444]}, "properties": {"@featureType": "SiteObservationView", "identifier": {"value": "https://geosciml4china.example.org/J43C001002/foliation/ChA.5", "@codeSpace": "http://www.ietf.org/rfc/rfc2616"}, "observationName": "schistosity", "label": "211°∠60°", "observedProperty": "planar orientation", "observedValue": "60", "observedValueUom": "deg", "propertyType_uri": "http://resource.geosciml.org/classifier/cgi/foliationtype/schistosity", "symbolRotation": 121, "genericSymbolizer": "202005", "sem_type": "202005", "featureOfInterest": "阿克苏岩群", "featureOfInterest_uri": "https://geosciml4china.example.org/J43C001002/geologicunit/ChA"}}, {"type": "Feature", "id": "https://geosciml4china.example.org/J43C001002/foliation/ChA.6", "geometry": {"type": "Point", "coordinates": [74.55546006202457, 39.97788769025258]}, "properties": {"@featureType": "SiteObservationView", "identifier": {"value": "https://geosciml4china.example.org/J43C001002/foliation/ChA.6", "@codeSpace": "http://www.ietf.org/rfc/rfc2616"}, "observationName": "schistosity", "label": "312°∠32°", "observedProperty": "planar orientation", "observedValue": "32", "observedValueUom": "deg", "propertyType_uri": "http://resource.geosciml.org/classifier/cgi/foliationtype/schistosity", "symbolRotation": 222, "genericSymbolizer": "202005", "sem_type": "202005", "featureOfInterest": "阿克苏岩群", "featureOfInterest_uri": "https://geosciml4china.example.org/J43C001002/geologicunit/ChA"}}, {"type": "Feature", "id": "https://geosciml4china.example.org/J43C001002/foliation/ChA.7", "geometry": {"type": "Point", "coordinates": [74.5665974725255, 39.96749054230935]}, "properties": {"@featureType": "SiteObservationView", "identifier": {"value": "https://geosciml4china.example.org/J43C001002/foliation/ChA.7", "@codeSpace": "http://www.ietf.org/rfc/rfc2616"}, "observationName": "schistosity", "label": "148°∠35°", "observedProperty": "planar orientation", "observedValue": "35", "observedValueUom": "deg", "propertyType_uri": "http://resource.geosciml.org/classifier/cgi/foliationtype/schistosity", "symbolRotation": 58, "genericSymbolizer": "202005", "sem_type": "202005", "featureOfInterest": "阿克苏岩群", "featureOfInterest_uri": "https://geosciml4china.example.org/J43C001002/geologicunit/ChA"}}, {"type": "Feature", "id": "https://geosciml4china.example.org/J43C001002/foliation/ChA.8", "geometry": {"type": "Point", "coordinates": [74.55764386342123, 39.93668800488389]}, "properties": {"@featureType": "SiteObservationView", "identifier": {"value": "https://geosciml4china.example.org/J43C001002/foliation/ChA.8", "@codeSpace": "http://www.ietf.org/rfc/rfc2616"}, "observationName": "schistosity", "label": "63°∠34°", "observedProperty": "planar orientation", "observedValue": "34", "observedValueUom": "deg", "propertyType_uri": "http://resource.geosciml.org/classifier/cgi/foliationtype/schistosity", "symbolRotation": 333, "genericSymbolizer": "202005", "sem_type": "202005", "featureOfInterest": "阿克苏岩群", "featureOfInterest_uri": "https://geosciml4china.example.org/J43C001002/geologicunit/ChA"}}, {"type": "Feature", "id": "https://geosciml4china.example.org/J43C001002/foliation/ChA.9", "geometry": {"type": "Point", "coordinates": [74.54856977928371, 39.92047780221821]}, "properties": {"@featureType": "SiteObservationView", "identifier": {"value": "https://geosciml4china.example.org/J43C001002/foliation/ChA.9", "@codeSpace": "http://www.ietf.org/rfc/rfc2616"}, "observationName": "schistosity", "label": "167°∠60°", "observedProperty": "planar orientation", "observedValue": "60", "observedValueUom": "deg", "propertyType_uri": "http://resource.geosciml.org/classifier/cgi/foliationtype/schistosity", "symbolRotation": 77, "genericSymbolizer": "202005", "sem_type": "202005", "featureOfInterest": "阿克苏岩群", "featureOfInterest_uri": "https://geosciml4china.example.org/J43C001002/geologicunit/ChA"}}, {"type": "Feature", "id": "https://geosciml4china.example.org/J43C001002/foliation/ChA.10", "geometry": {"type": "Point", "coordinates": [74.55715429770711, 39.900655319157394]}, "properties": {"@featureType": "SiteObservationView", "identifier": {"value": "https://geosciml4china.example.org/J43C001002/foliation/ChA.10", "@codeSpace": "http://www.ietf.org/rfc/rfc2616"}, "observationName": "schistosity", "label": "147°∠66°", "observedProperty": "planar orientation", "observedValue": "66", "observedValueUom": "deg", "propertyType_uri": "http://resource.geosciml.org/classifier/cgi/foliationtype/schistosity", "symbolRotation": 57, "genericSymbolizer": "202005", "sem_type": "202005", "featureOfInterest": "阿克苏岩群", "featureOfInterest_uri": "https://geosciml4china.example.org/J43C001002/geologicunit/ChA"}}, {"type": "Feature", "id": "https://geosciml4china.example.org/J43C001002/foliation/ChA.11", "geometry": {"type": "Point", "coordinates": [74.58957249473217, 39.87790991445956]}, "properties": {"@featureType": "SiteObservationView", "identifier": {"value": "https://geosciml4china.example.org/J43C001002/foliation/ChA.11", "@codeSpace": "http://www.ietf.org/rfc/rfc2616"}, "observationName": "schistosity", "label": "227°∠40°", "observedProperty": "planar orientation", "observedValue": "40", "observedValueUom": "deg", "propertyType_uri": "http://resource.geosciml.org/classifier/cgi/foliationtype/schistosity", "symbolRotation": 137, "genericSymbolizer": "202005", "sem_type": "202005", "featureOfInterest": "阿克苏岩群", "featureOfInterest_uri": "https://geosciml4china.example.org/J43C001002/geologicunit/ChA"}}, {"type": "Feature", "id": "https://geosciml4china.example.org/J43C001002/foliation/N1k.8", "geometry": {"type": "Point", "coordinates": [74.5370176751483, 39.84156054850444]}, "properties": {"@featureType": "SiteObservationView", "identifier": {"value": "https://geosciml4china.example.org/J43C001002/foliation/N1k.8", "@codeSpace": "http://www.ietf.org/rfc/rfc2616"}, "observationName": "bedding fabric", "label": "163°∠71°", "observedProperty": "planar orientation", "observedValue": "71", "observedValueUom": "deg", "propertyType_uri": "http://resource.geosciml.org/classifier/cgi/foliationtype/bedding_fabric", "symbolRotation": 73, "genericSymbolizer": "202001", "sem_type": "202001", "featureOfInterest": "克孜洛依组", "featureOfInterest_uri": "https://geosciml4china.example.org/J43C001002/geologicunit/N1k"}}, {"type": "Feature", "id": "https://geosciml4china.example.org/J43C001002/foliation/N1a.6", "geometry": {"type": "Point", "coordinates": [74.6431019139373, 39.74048053470057]}, "properties": {"@featureType": "SiteObservationView", "identifier": {"value": "https://geosciml4china.example.org/J43C001002/foliation/N1a.6", "@codeSpace": "http://www.ietf.org/rfc/rfc2616"}, "observationName": "bedding fabric", "label": "192°∠66°", "observedProperty": "planar orientation", "observedValue": "66", "observedValueUom": "deg", "propertyType_uri": "http://resource.geosciml.org/classifier/cgi/foliationtype/bedding_fabric", "symbolRotation": 102, "genericSymbolizer": "202001", "sem_type": "202001", "featureOfInterest": "安居安组", "featureOfInterest_uri": "https://geosciml4china.example.org/J43C001002/geologicunit/N1a"}}, {"type": "Feature", "id": "https://geosciml4china.example.org/J43C001002/foliation/EK.5", "geometry": {"type": "Point", "coordinates": [74.62520253656596, 39.768315413496865]}, "properties": {"@featureType": "SiteObservationView", "identifier": {"value": "https://geosciml4china.example.org/J43C001002/foliation/EK.5", "@codeSpace": "http://www.ietf.org/rfc/rfc2616"}, "observationName": "bedding fabric", "label": "197°∠52°", "observedProperty": "planar orientation", "observedValue": "52", "observedValueUom": "deg", "propertyType_uri": "http://resource.geosciml.org/classifier/cgi/foliationtype/bedding_fabric", "symbolRotation": 107, "genericSymbolizer": "202001", "sem_type": "202001", "featureOfInterest": "喀什群", "featureOfInterest_uri": "https://geosciml4china.example.org/J43C001002/geologicunit/EK"}}, {"type": "Feature", "id": "https://geosciml4china.example.org/J43C001002/foliation/EK.6", "geometry": {"type": "Point", "coordinates": [74.60957714749769, 39.8365104938204]}, "properties": {"@featureType": "SiteObservationView", "identifier": {"value": "https://geosciml4china.example.org/J43C001002/foliation/EK.6", "@codeSpace": "http://www.ietf.org/rfc/rfc2616"}, "observationName": "bedding fabric", "label": "189°∠56°", "observedProperty": "planar orientation", "observedValue": "56", "observedValueUom": "deg", "propertyType_uri": "http://resource.geosciml.org/classifier/cgi/foliationtype/bedding_fabric", "symbolRotation": 99, "genericSymbolizer": "202001", "sem_type": "202001", "featureOfInterest": "喀什群", "featureOfInterest_uri": "https://geosciml4china.example.org/J43C001002/geologicunit/EK"}}, {"type": "Feature", "id": "https://geosciml4china.example.org/J43C001002/foliation/N1p.7", "geometry": {"type": "Point", "coordinates": [74.71274355979399, 39.76710770143069]}, "properties": {"@featureType": "SiteObservationView", "identifier": {"value": "https://geosciml4china.example.org/J43C001002/foliation/N1p.7", "@codeSpace": "http://www.ietf.org/rfc/rfc2616"}, "observationName": "bedding fabric", "label": "51°∠37°", "observedProperty": "planar orientation", "observedValue": "37", "observedValueUom": "deg", "propertyType_uri": "http://resource.geosciml.org/classifier/cgi/foliationtype/bedding_fabric", "symbolRotation": 321, "genericSymbolizer": "202001", "sem_type": "202001", "featureOfInterest": "帕卡布拉克组", "featureOfInterest_uri": "https://geosciml4china.example.org/J43C001002/geologicunit/N1p"}}, {"type": "Feature", "id": "https://geosciml4china.example.org/J43C001002/foliation/EK.7", "geometry": {"type": "Point", "coordinates": [74.69792054419794, 39.73158853459895]}, "properties": {"@featureType": "SiteObservationView", "identifier": {"value": "https://geosciml4china.example.org/J43C001002/foliation/EK.7", "@codeSpace": "http://www.ietf.org/rfc/rfc2616"}, "observationName": "bedding fabric", "label": "210°∠50°", "observedProperty": "planar orientation", "observedValue": "50", "observedValueUom": "deg", "propertyType_uri": "http://resource.geosciml.org/classifier/cgi/foliationtype/bedding_fabric", "symbolRotation": 120, "genericSymbolizer": "202001", "sem_type": "202001", "featureOfInterest": "喀什群", "featureOfInterest_uri": "https://geosciml4china.example.org/J43C001002/geologicunit/EK"}}, {"type": "Feature", "id": "https://geosciml4china.example.org/J43C001002/foliation/N1p.8", "geometry": {"type": "Point", "coordinates": [74.66626953438364, 39.713301153024595]}, "properties": {"@featureType": "SiteObservationView", "identifier": {"value": "https://geosciml4china.example.org/J43C001002/foliation/N1p.8", "@codeSpace": "http://www.ietf.org/rfc/rfc2616"}, "observationName": "bedding fabric", "label": "226°∠58°", "observedProperty": "planar orientation", "observedValue": "58", "observedValueUom": "deg", "propertyType_uri": "http://resource.geosciml.org/classifier/cgi/foliationtype/bedding_fabric", "symbolRotation": 136, "genericSymbolizer": "202001", "sem_type": "202001", "featureOfInterest": "帕卡布拉克组", "featureOfInterest_uri": "https://geosciml4china.example.org/J43C001002/geologicunit/N1p"}}, {"type": "Feature", "id": "https://geosciml4china.example.org/J43C001002/foliation/J1k.6", "geometry": {"type": "Point", "coordinates": [74.87454595516535, 39.81953739020095]}, "properties": {"@featureType": "SiteObservationView", "identifier": {"value": "https://geosciml4china.example.org/J43C001002/foliation/J1k.6", "@codeSpace": "http://www.ietf.org/rfc/rfc2616"}, "observationName": "bedding fabric", "label": "145°∠48°", "observedProperty": "planar orientation", "observedValue": "48", "observedValueUom": "deg", "propertyType_uri": "http://resource.geosciml.org/classifier/cgi/foliationtype/bedding_fabric", "symbolRotation": 55, "genericSymbolizer": "202001", "sem_type": "202001", "featureOfInterest": "康苏组", "featureOfInterest_uri": "https://geosciml4china.example.org/J43C001002/geologicunit/J1k"}}, {"type": "Feature", "id": "https://geosciml4china.example.org/J43C001002/foliation/D3kz2.7", "geometry": {"type": "Point", "coordinates": [74.8774692190174, 39.861543066419536]}, "properties": {"@featureType": "SiteObservationView", "identifier": {"value": "https://geosciml4china.example.org/J43C001002/foliation/D3kz2.7", "@codeSpace": "http://www.ietf.org/rfc/rfc2616"}, "observationName": "bedding fabric", "label": "22°∠42°", "observedProperty": "planar orientation", "observedValue": "42", "observedValueUom": "deg", "propertyType_uri": "http://resource.geosciml.org/classifier/cgi/foliationtype/bedding_fabric", "symbolRotation": 292, "genericSymbolizer": "202001", "sem_type": "202001", "featureOfInterest": "克孜尔塔格组二段", "featureOfInterest_uri": "https://geosciml4china.example.org/J43C001002/geologicunit/D3kz2"}}, {"type": "Feature", "id": "https://geosciml4china.example.org/J43C001002/foliation/J1k.7", "geometry": {"type": "Point", "coordinates": [74.89171526888907, 39.93930680943931]}, "properties": {"@featureType": "SiteObservationView", "identifier": {"value": "https://geosciml4china.example.org/J43C001002/foliation/J1k.7", "@codeSpace": "http://www.ietf.org/rfc/rfc2616"}, "observationName": "bedding fabric", "label": "13°∠40°", "observedProperty": "planar orientation", "observedValue": "40", "observedValueUom": "deg", "propertyType_uri": "http://resource.geosciml.org/classifier/cgi/foliationtype/bedding_fabric", "symbolRotation": 283, "genericSymbolizer": "202001", "sem_type": "202001", "featureOfInterest": "康苏组", "featureOfInterest_uri": "https://geosciml4china.example.org/J43C001002/geologicunit/J1k"}}, {"type": "Feature", "id": "https://geosciml4china.example.org/J43C001002/foliation/J1k.8", "geometry": {"type": "Point", "coordinates": [74.91182758351245, 39.94904902737065]}, "properties": {"@featureType": "SiteObservationView", "identifier": {"value": "https://geosciml4china.example.org/J43C001002/foliation/J1k.8", "@codeSpace": "http://www.ietf.org/rfc/rfc2616"}, "observationName": "bedding fabric", "label": "231°∠25°", "observedProperty": "planar orientation", "observedValue": "25", "observedValueUom": "deg", "propertyType_uri": "http://resource.geosciml.org/classifier/cgi/foliationtype/bedding_fabric", "symbolRotation": 141, "genericSymbolizer": "202001", "sem_type": "202001", "featureOfInterest": "康苏组", "featureOfInterest_uri": "https://geosciml4china.example.org/J43C001002/geologicunit/J1k"}}, {"type": "Feature", "id": "https://geosciml4china.example.org/J43C001002/foliation/J2y.1", "geometry": {"type": "Point", "coordinates": [74.93495591373366, 39.956645479108865]}, "properties": {"@featureType": "SiteObservationView", "identifier": {"value": "https://geosciml4china.example.org/J43C001002/foliation/J2y.1", "@codeSpace": "http://www.ietf.org/rfc/rfc2616"}, "observationName": "bedding fabric", "label": "72°∠43°", "observedProperty": "planar orientation", "observedValue": "43", "observedValueUom": "deg", "propertyType_uri": "http://resource.geosciml.org/classifier/cgi/foliationtype/bedding_fabric", "symbolRotation": 342, "genericSymbolizer": "202001", "sem_type": "202001", "featureOfInterest": "杨叶组", "featureOfInterest_uri": "https://geosciml4china.example.org/J43C001002/geologicunit/J2y"}}, {"type": "Feature", "id": "https://geosciml4china.example.org/J43C001002/foliation/J2y.2", "geometry": {"type": "Point", "coordinates": [74.95731770513108, 39.96562235465679]}, "properties": {"@featureType": "SiteObservationView", "identifier": {"value": "https://geosciml4china.example.org/J43C001002/foliation/J2y.2", "@codeSpace": "http://www.ietf.org/rfc/rfc2616"}, "observationName": "bedding fabric", "label": "66°∠20°", "observedProperty": "planar orientation", "observedValue": "20", "observedValueUom": "deg", "propertyType_uri": "http://resource.geosciml.org/classifier/cgi/foliationtype/bedding_fabric", "symbolRotation": 336, "genericSymbolizer": "202001", "sem_type": "202001", "featureOfInterest": "杨叶组", "featureOfInterest_uri": "https://geosciml4china.example.org/J43C001002/geologicunit/J2y"}}, {"type": "Feature", "id": "https://geosciml4china.example.org/J43C001002/foliation/J1k.9", "geometry": {"type": "Point", "coordinates": [74.87552198053406, 39.98179581060505]}, "properties": {"@featureType": "SiteObservationView", "identifier": {"value": "https://geosciml4china.example.org/J43C001002/foliation/J1k.9", "@codeSpace": "http://www.ietf.org/rfc/rfc2616"}, "observationName": "bedding fabric", "label": "44°∠64°", "observedProperty": "planar orientation", "observedValue": "64", "observedValueUom": "deg", "propertyType_uri": "http://resource.geosciml.org/classifier/cgi/foliationtype/bedding_fabric", "symbolRotation": 314, "genericSymbolizer": "202001", "sem_type": "202001", "featureOfInterest": "康苏组", "featureOfInterest_uri": "https://geosciml4china.example.org/J43C001002/geologicunit/J1k"}}, {"type": "Feature", "id": "https://geosciml4china.example.org/J43C001002/foliation/D3kz3.4", "geometry": {"type": "Point", "coordinates": [74.84932993873734, 39.93821344993934]}, "properties": {"@featureType": "SiteObservationView", "identifier": {"value": "https://geosciml4china.example.org/J43C001002/foliation/D3kz3.4", "@codeSpace": "http://www.ietf.org/rfc/rfc2616"}, "observationName": "schistosity", "label": "128°∠65°", "observedProperty": "planar orientation", "observedValue": "65", "observedValueUom": "deg", "propertyType_uri": "http://resource.geosciml.org/classifier/cgi/foliationtype/schistosity", "symbolRotation": 38, "genericSymbolizer": "202005", "sem_type": "202005", "featureOfInterest": "克孜尔塔格组三段", "featureOfInterest_uri": "https://geosciml4china.example.org/J43C001002/geologicunit/D3kz3"}}, {"type": "Feature", "id": "https://geosciml4china.example.org/J43C001002/foliation/D3kz3.5", "geometry": {"type": "Point", "coordinates": [74.83697915367081, 39.93964391931923]}, "properties": {"@featureType": "SiteObservationView", "identifier": {"value": "https://geosciml4china.example.org/J43C001002/foliation/D3kz3.5", "@codeSpace": "http://www.ietf.org/rfc/rfc2616"}, "observationName": "schistosity", "label": "292°∠73°", "observedProperty": "planar orientation", "observedValue": "73", "observedValueUom": "deg", "propertyType_uri": "http://resource.geosciml.org/classifier/cgi/foliationtype/schistosity", "symbolRotation": 202, "genericSymbolizer": "202005", "sem_type": "202005", "featureOfInterest": "克孜尔塔格组三段", "featureOfInterest_uri": "https://geosciml4china.example.org/J43C001002/geologicunit/D3kz3"}}, {"type": "Feature", "id": "https://geosciml4china.example.org/J43C001002/foliation/D3kz3.6", "geometry": {"type": "Point", "coordinates": [74.77392375757279, 39.92378975517369]}, "properties": {"@featureType": "SiteObservationView", "identifier": {"value": "https://geosciml4china.example.org/J43C001002/foliation/D3kz3.6", "@codeSpace": "http://www.ietf.org/rfc/rfc2616"}, "observationName": "schistosity", "label": "124°∠71°", "observedProperty": "planar orientation", "observedValue": "71", "observedValueUom": "deg", "propertyType_uri": "http://resource.geosciml.org/classifier/cgi/foliationtype/schistosity", "symbolRotation": 34, "genericSymbolizer": "202005", "sem_type": "202005", "featureOfInterest": "克孜尔塔格组三段", "featureOfInterest_uri": "https://geosciml4china.example.org/J43C001002/geologicunit/D3kz3"}}, {"type": "Feature", "id": "https://geosciml4china.example.org/J43C001002/foliation/J1k.10", "geometry": {"type": "Point", "coordinates": [74.94699911855464, 39.90206177565602]}, "properties": {"@featureType": "SiteObservationView", "identifier": {"value": "https://geosciml4china.example.org/J43C001002/foliation/J1k.10", "@codeSpace": "http://www.ietf.org/rfc/rfc2616"}, "observationName": "bedding fabric", "label": "19°∠65°", "observedProperty": "planar orientation", "observedValue": "65", "observedValueUom": "deg", "propertyType_uri": "http://resource.geosciml.org/classifier/cgi/foliationtype/bedding_fabric", "symbolRotation": 289, "genericSymbolizer": "202001", "sem_type": "202001", "featureOfInterest": "康苏组", "featureOfInterest_uri": "https://geosciml4china.example.org/J43C001002/geologicunit/J1k"}}, {"type": "Feature", "id": "https://geosciml4china.example.org/J43C001002/foliation/J1k.11", "geometry": {"type": "Point", "coordinates": [74.97400353345665, 39.8968351831376]}, "properties": {"@featureType": "SiteObservationView", "identifier": {"value": "https://geosciml4china.example.org/J43C001002/foliation/J1k.11", "@codeSpace": "http://www.ietf.org/rfc/rfc2616"}, "observationName": "bedding fabric", "label": "13°∠25°", "observedProperty": "planar orientation", "observedValue": "25", "observedValueUom": "deg", "propertyType_uri": "http://resource.geosciml.org/classifier/cgi/foliationtype/bedding_fabric", "symbolRotation": 283, "genericSymbolizer": "202001", "sem_type": "202001", "featureOfInterest": "康苏组", "featureOfInterest_uri": "https://geosciml4china.example.org/J43C001002/geologicunit/J1k"}}, {"type": "Feature", "id": "https://geosciml4china.example.org/J43C001002/foliation/J1sh.2", "geometry": {"type": "Point", "coordinates": [74.96233574767521, 39.884711773371194]}, "properties": {"@featureType": "SiteObservationView", "identifier": {"value": "https://geosciml4china.example.org/J43C001002/foliation/J1sh.2", "@codeSpace": "http://www.ietf.org/rfc/rfc2616"}, "observationName": "bedding fabric", "label": "30°∠45°", "observedProperty": "planar orientation", "observedValue": "45", "observedValueUom": "deg", "propertyType_uri": "http://resource.geosciml.org/classifier/cgi/foliationtype/bedding_fabric", "symbolRotation": 300, "genericSymbolizer": "202001", "sem_type": "202001", "featureOfInterest": "莎里塔什组", "featureOfInterest_uri": "https://geosciml4china.example.org/J43C001002/geologicunit/J1sh"}}, {"type": "Feature", "id": "https://geosciml4china.example.org/J43C001002/foliation/T3t.1", "geometry": {"type": "Point", "coordinates": [74.93986981827, 39.884811469138526]}, "properties": {"@featureType": "SiteObservationView", "identifier": {"value": "https://geosciml4china.example.org/J43C001002/foliation/T3t.1", "@codeSpace": "http://www.ietf.org/rfc/rfc2616"}, "observationName": "bedding fabric", "label": "38°∠35°", "observedProperty": "planar orientation", "observedValue": "35", "observedValueUom": "deg", "propertyType_uri": "http://resource.geosciml.org/classifier/cgi/foliationtype/bedding_fabric", "symbolRotation": 308, "genericSymbolizer": "202001", "sem_type": "202001", "featureOfInterest": "塔里奇克组", "featureOfInterest_uri": "https://geosciml4china.example.org/J43C001002/geologicunit/T3t"}}, {"type": "Feature", "id": "https://geosciml4china.example.org/J43C001002/foliation/J1sh.3", "geometry": {"type": "Point", "coordinates": [74.97604316519447, 39.82865207416896]}, "properties": {"@featureType": "SiteObservationView", "identifier": {"value": "https://geosciml4china.example.org/J43C001002/foliation/J1sh.3", "@codeSpace": "http://www.ietf.org/rfc/rfc2616"}, "observationName": "bedding fabric", "label": "215°∠46°", "observedProperty": "planar orientation", "observedValue": "46", "observedValueUom": "deg", "propertyType_uri": "http://resource.geosciml.org/classifier/cgi/foliationtype/bedding_fabric", "symbolRotation": 125, "genericSymbolizer": "202001", "sem_type": "202001", "featureOfInterest": "莎里塔什组", "featureOfInterest_uri": "https://geosciml4china.example.org/J43C001002/geologicunit/J1sh"}}, {"type": "Feature", "id": "https://geosciml4china.example.org/J43C001002/foliation/J1k.12", "geometry": {"type": "Point", "coordinates": [74.93592156781571, 39.804100049484674]}, "properties": {"@featureType": "SiteObservationView", "identifier": {"value": "https://geosciml4china.example.org/J43C001002/foliation/J1k.12", "@codeSpace": "http://www.ietf.org/rfc/rfc2616"}, "observationName": "bedding fabric", "label": "16°∠50°", "observedProperty": "planar orientation", "observedValue": "50", "observedValueUom": "deg", "propertyType_uri": "http://resource.geosciml.org/classifier/cgi/foliationtype/bedding_fabric", "symbolRotation": 286, "genericSymbolizer": "202001", "sem_type": "202001", "featureOfInterest": "康苏组", "featureOfInterest_uri": "https://geosciml4china.example.org/J43C001002/geologicunit/J1k"}}, {"type": "Feature", "id": "https://geosciml4china.example.org/J43C001002/foliation/K1kz.5", "geometry": {"type": "Point", "coordinates": [74.98492180399944, 39.76521454470831]}, "properties": {"@featureType": "SiteObservationView", "identifier": {"value": "https://geosciml4china.example.org/J43C001002/foliation/K1kz.5", "@codeSpace": "http://www.ietf.org/rfc/rfc2616"}, "observationName": "bedding fabric", "label": "218°∠30°", "observedProperty": "planar orientation", "observedValue": "30", "observedValueUom": "deg", "propertyType_uri": "http://resource.geosciml.org/classifier/cgi/foliationtype/bedding_fabric", "symbolRotation": 128, "genericSymbolizer": "202001", "sem_type": "202001", "featureOfInterest": "克孜勒苏组", "featureOfInterest_uri": "https://geosciml4china.example.org/J43C001002/geologicunit/K1kz"}}, {"type": "Feature", "id": "https://geosciml4china.example.org/J43C001002/foliation/N1k.9", "geometry": {"type": "Point", "coordinates": [74.90609317255606, 39.75320369557319]}, "properties": {"@featureType": "SiteObservationView", "identifier": {"value": "https://geosciml4china.example.org/J43C001002/foliation/N1k.9", "@codeSpace": "http://www.ietf.org/rfc/rfc2616"}, "observationName": "bedding fabric", "label": "229°∠40°", "observedProperty": "planar orientation", "observedValue": "40", "observedValueUom": "deg", "propertyType_uri": "http://resource.geosciml.org/classifier/cgi/foliationtype/bedding_fabric", "symbolRotation": 139, "genericSymbolizer": "202001", "sem_type": "202001", "featureOfInterest": "克孜洛依组", "featureOfInterest_uri": "https://geosciml4china.example.org/J43C001002/geologicunit/N1k"}}, {"type": "Feature", "id": "https://geosciml4china.example.org/J43C001002/foliation/N1a.7", "geometry": {"type": "Point", "coordinates": [74.91846854851066, 39.72616950662937]}, "properties": {"@featureType": "SiteObservationView", "identifier": {"value": "https://geosciml4china.example.org/J43C001002/foliation/N1a.7", "@codeSpace": "http://www.ietf.org/rfc/rfc2616"}, "observationName": "bedding fabric", "label": "185°∠18°", "observedProperty": "planar orientation", "observedValue": "18", "observedValueUom": "deg", "propertyType_uri": "http://resource.geosciml.org/classifier/cgi/foliationtype/bedding_fabric", "symbolRotation": 95, "genericSymbolizer": "202001", "sem_type": "202001", "featureOfInterest": "安居安组", "featureOfInterest_uri": "https://geosciml4china.example.org/J43C001002/geologicunit/N1a"}}, {"type": "Feature", "id": "https://geosciml4china.example.org/J43C001002/foliation/N1a.8", "geometry": {"type": "Point", "coordinates": [74.92620115925264, 39.706188076903274]}, "properties": {"@featureType": "SiteObservationView", "identifier": {"value": "https://geosciml4china.example.org/J43C001002/foliation/N1a.8", "@codeSpace": "http://www.ietf.org/rfc/rfc2616"}, "observationName": "bedding fabric", "label": "321°∠20°", "observedProperty": "planar orientation", "observedValue": "20", "observedValueUom": "deg", "propertyType_uri": "http://resource.geosciml.org/classifier/cgi/foliationtype/bedding_fabric", "symbolRotation": 231, "genericSymbolizer": "202001", "sem_type": "202001", "featureOfInterest": "安居安组", "featureOfInterest_uri": "https://geosciml4china.example.org/J43C001002/geologicunit/N1a"}}, {"type": "Feature", "id": "https://geosciml4china.example.org/J43C001002/foliation/N1k.10", "geometry": {"type": "Point", "coordinates": [74.94159358462993, 39.69218457684073]}, "properties": {"@featureType": "SiteObservationView", "identifier": {"value": "https://geosciml4china.example.org/J43C001002/foliation/N1k.10", "@codeSpace": "http://www.ietf.org/rfc/rfc2616"}, "observationName": "bedding fabric", "label": "356°∠40°", "observedProperty": "planar orientation", "observedValue": "40", "observedValueUom": "deg", "propertyType_uri": "http://resource.geosciml.org/classifier/cgi/foliationtype/bedding_fabric", "symbolRotation": 266, "genericSymbolizer": "202001", "sem_type": "202001", "featureOfInterest": "克孜洛依组", "featureOfInterest_uri": "https://geosciml4china.example.org/J43C001002/geologicunit/N1k"}}, {"type": "Feature", "id": "https://geosciml4china.example.org/J43C001002/foliation/N1a.9", "geometry": {"type": "Point", "coordinates": [74.81534515495946, 39.709671711042745]}, "properties": {"@featureType": "SiteObservationView", "identifier": {"value": "https://geosciml4china.example.org/J43C001002/foliation/N1a.9", "@codeSpace": "http://www.ietf.org/rfc/rfc2616"}, "observationName": "bedding fabric", "label": "359°∠30°", "observedProperty": "planar orientation", "observedValue": "30", "observedValueUom": "deg", "propertyType_uri": "http://resource.geosciml.org/classifier/cgi/foliationtype/bedding_fabric", "symbolRotation": 269, "genericSymbolizer": "202001", "sem_type": "202001", "featureOfInterest": "安居安组", "featureOfInterest_uri": "https://geosciml4china.example.org/J43C001002/geologicunit/N1a"}}, {"type": "Feature", "id": "https://geosciml4china.example.org/J43C001002/foliation/N1p.9", "geometry": {"type": "Point", "coordinates": [74.82372186449126, 39.731549711176996]}, "properties": {"@featureType": "SiteObservationView", "identifier": {"value": "https://geosciml4china.example.org/J43C001002/foliation/N1p.9", "@codeSpace": "http://www.ietf.org/rfc/rfc2616"}, "observationName": "bedding fabric", "label": "40°∠50°", "observedProperty": "planar orientation", "observedValue": "50", "observedValueUom": "deg", "propertyType_uri": "http://resource.geosciml.org/classifier/cgi/foliationtype/bedding_fabric", "symbolRotation": 310, "genericSymbolizer": "202001", "sem_type": "202001", "featureOfInterest": "帕卡布拉克组", "featureOfInterest_uri": "https://geosciml4china.example.org/J43C001002/geologicunit/N1p"}}, {"type": "Feature", "id": "https://geosciml4china.example.org/J43C001002/foliation/D3kz2.8", "geometry": {"type": "Point", "coordinates": [74.77318383316091, 39.88530311477225]}, "properties": {"@featureType": "SiteObservationView", "identifier": {"value": "https://geosciml4china.example.org/J43C001002/foliation/D3kz2.8", "@codeSpace": "http://www.ietf.org/rfc/rfc2616"}, "observationName": "bedding fabric", "label": "208°∠49°", "observedProperty": "planar orientation", "observedValue": "49", "observedValueUom": "deg", "propertyType_uri": "http://resource.geosciml.org/classifier/cgi/foliationtype/bedding_fabric", "symbolRotation": 118, "genericSymbolizer": "202001", "sem_type": "202001", "featureOfInterest": "克孜尔塔格组二段", "featureOfInterest_uri": "https://geosciml4china.example.org/J43C001002/geologicunit/D3kz2"}}, {"type": "Feature", "id": "https://geosciml4china.example.org/J43C001002/foliation/ChA.12", "geometry": {"type": "Point", "coordinates": [74.66226526431898, 39.86844394390103]}, "properties": {"@featureType": "SiteObservationView", "identifier": {"value": "https://geosciml4china.example.org/J43C001002/foliation/ChA.12", "@codeSpace": "http://www.ietf.org/rfc/rfc2616"}, "observationName": "schistosity", "label": "178°∠54°", "observedProperty": "planar orientation", "observedValue": "54", "observedValueUom": "deg", "propertyType_uri": "http://resource.geosciml.org/classifier/cgi/foliationtype/schistosity", "symbolRotation": 88, "genericSymbolizer": "202005", "sem_type": "202005", "featureOfInterest": "阿克苏岩群", "featureOfInterest_uri": "https://geosciml4china.example.org/J43C001002/geologicunit/ChA"}}, {"type": "Feature", "id": "https://geosciml4china.example.org/J43C001002/foliation/ChA.13", "geometry": {"type": "Point", "coordinates": [74.51116907146213, 39.954166580100456]}, "properties": {"@featureType": "SiteObservationView", "identifier": {"value": "https://geosciml4china.example.org/J43C001002/foliation/ChA.13", "@codeSpace": "http://www.ietf.org/rfc/rfc2616"}, "observationName": "schistosity", "label": "77°∠68°", "observedProperty": "planar orientation", "observedValue": "68", "observedValueUom": "deg", "propertyType_uri": "http://resource.geosciml.org/classifier/cgi/foliationtype/schistosity", "symbolRotation": 347, "genericSymbolizer": "202005", "sem_type": "202005", "featureOfInterest": "阿克苏岩群", "featureOfInterest_uri": "https://geosciml4china.example.org/J43C001002/geologicunit/ChA"}}, {"type": "Feature", "id": "https://geosciml4china.example.org/J43C001002/foliation/D3kz2.9", "geometry": {"type": "Point", "coordinates": [74.74840121365816, 39.940566118107924]}, "properties": {"@featureType": "SiteObservationView", "identifier": {"value": "https://geosciml4china.example.org/J43C001002/foliation/D3kz2.9", "@codeSpace": "http://www.ietf.org/rfc/rfc2616"}, "observationName": "schistosity", "label": "245°∠67°", "observedProperty": "planar orientation", "observedValue": "67", "observedValueUom": "deg", "propertyType_uri": "http://resource.geosciml.org/classifier/cgi/foliationtype/schistosity", "symbolRotation": 155, "genericSymbolizer": "202005", "sem_type": "202005", "featureOfInterest": "克孜尔塔格组二段", "featureOfInterest_uri": "https://geosciml4china.example.org/J43C001002/geologicunit/D3kz2"}}, {"type": "Feature", "id": "https://geosciml4china.example.org/J43C001002/foliation/D3kz2.10", "geometry": {"type": "Point", "coordinates": [74.68232979927882, 39.91920468114894]}, "properties": {"@featureType": "SiteObservationView", "identifier": {"value": "https://geosciml4china.example.org/J43C001002/foliation/D3kz2.10", "@codeSpace": "http://www.ietf.org/rfc/rfc2616"}, "observationName": "schistosity", "label": "223°∠53°", "observedProperty": "planar orientation", "observedValue": "53", "observedValueUom": "deg", "propertyType_uri": "http://resource.geosciml.org/classifier/cgi/foliationtype/schistosity", "symbolRotation": 133, "genericSymbolizer": "202005", "sem_type": "202005", "featureOfInterest": "克孜尔塔格组二段", "featureOfInterest_uri": "https://geosciml4china.example.org/J43C001002/geologicunit/D3kz2"}}, {"type": "Feature", "id": "https://geosciml4china.example.org/J43C001002/foliation/D3kz2.11", "geometry": {"type": "Point", "coordinates": [74.68295126315584, 39.896354769951664]}, "properties": {"@featureType": "SiteObservationView", "identifier": {"value": "https://geosciml4china.example.org/J43C001002/foliation/D3kz2.11", "@codeSpace": "http://www.ietf.org/rfc/rfc2616"}, "observationName": "schistosity", "label": "223°∠57°", "observedProperty": "planar orientation", "observedValue": "57", "observedValueUom": "deg", "propertyType_uri": "http://resource.geosciml.org/classifier/cgi/foliationtype/schistosity", "symbolRotation": 133, "genericSymbolizer": "202005", "sem_type": "202005", "featureOfInterest": "克孜尔塔格组二段", "featureOfInterest_uri": "https://geosciml4china.example.org/J43C001002/geologicunit/D3kz2"}}, {"type": "Feature", "id": "https://geosciml4china.example.org/J43C001002/foliation/D3kz2.12", "geometry": {"type": "Point", "coordinates": [74.87574262189625, 39.871607788333804]}, "properties": {"@featureType": "SiteObservationView", "identifier": {"value": "https://geosciml4china.example.org/J43C001002/foliation/D3kz2.12", "@codeSpace": "http://www.ietf.org/rfc/rfc2616"}, "observationName": "schistosity", "label": "22°∠80°", "observedProperty": "planar orientation", "observedValue": "80", "observedValueUom": "deg", "propertyType_uri": "http://resource.geosciml.org/classifier/cgi/foliationtype/schistosity", "symbolRotation": 292, "genericSymbolizer": "202005", "sem_type": "202005", "featureOfInterest": "克孜尔塔格组二段", "featureOfInterest_uri": "https://geosciml4china.example.org/J43C001002/geologicunit/D3kz2"}}, {"type": "Feature", "id": "https://geosciml4china.example.org/J43C001002/foliation/J1k.13", "geometry": {"type": "Point", "coordinates": [74.93432563644905, 39.83740623447539]}, "properties": {"@featureType": "SiteObservationView", "identifier": {"value": "https://geosciml4china.example.org/J43C001002/foliation/J1k.13", "@codeSpace": "http://www.ietf.org/rfc/rfc2616"}, "observationName": "bedding fabric", "label": "21°∠35°", "observedProperty": "planar orientation", "observedValue": "35", "observedValueUom": "deg", "propertyType_uri": "http://resource.geosciml.org/classifier/cgi/foliationtype/bedding_fabric", "symbolRotation": 291, "genericSymbolizer": "202001", "sem_type": "202001", "featureOfInterest": "康苏组", "featureOfInterest_uri": "https://geosciml4china.example.org/J43C001002/geologicunit/J1k"}}, {"type": "Feature", "id": "https://geosciml4china.example.org/J43C001002/foliation/N1k.11", "geometry": {"type": "Point", "coordinates": [74.80304581493145, 39.69297537865466]}, "properties": {"@featureType": "SiteObservationView", "identifier": {"value": "https://geosciml4china.example.org/J43C001002/foliation/N1k.11", "@codeSpace": "http://www.ietf.org/rfc/rfc2616"}, "observationName": "bedding fabric", "label": "4°∠31°", "observedProperty": "planar orientation", "observedValue": "31", "observedValueUom": "deg", "propertyType_uri": "http://resource.geosciml.org/classifier/cgi/foliationtype/bedding_fabric", "symbolRotation": 274, "genericSymbolizer": "202001", "sem_type": "202001", "featureOfInterest": "克孜洛依组", "featureOfInterest_uri": "https://geosciml4china.example.org/J43C001002/geologicunit/N1k"}}, {"type": "Feature", "id": "https://geosciml4china.example.org/J43C001002/foliation/N1p.10", "geometry": {"type": "Point", "coordinates": [74.62085955489043, 39.7163249031101]}, "properties": {"@featureType": "SiteObservationView", "identifier": {"value": "https://geosciml4china.example.org/J43C001002/foliation/N1p.10", "@codeSpace": "http://www.ietf.org/rfc/rfc2616"}, "observationName": "bedding fabric", "label": "195°∠22°", "observedProperty": "planar orientation", "observedValue": "22", "observedValueUom": "deg", "propertyType_uri": "http://resource.geosciml.org/classifier/cgi/foliationtype/bedding_fabric", "symbolRotation": 105, "genericSymbolizer": "202001", "sem_type": "202001", "featureOfInterest": "帕卡布拉克组", "featureOfInterest_uri": "https://geosciml4china.example.org/J43C001002/geologicunit/N1p"}}, {"type": "Feature", "id": "https://geosciml4china.example.org/J43C001002/foliation/ChSt.1", "geometry": {"type": "Point", "coordinates": [73.91272583867955, 39.035010825682825]}, "properties": {"@featureType": "SiteObservationView", "identifier": {"value": "https://geosciml4china.example.org/J43C001002/foliation/ChSt.1", "@codeSpace": "http://www.ietf.org/rfc/rfc2616"}, "observationName": "schistosity", "label": "164°∠80°", "observedProperty": "planar orientation", "observedValue": "80", "observedValueUom": "deg", "propertyType_uri": "http://resource.geosciml.org/classifier/cgi/foliationtype/schistosity", "symbolRotation": 74, "genericSymbolizer": "202005", "sem_type": "202005", "featureOfInterest": "赛图拉岩群", "featureOfInterest_uri": "https://geosciml4china.example.org/J43C001002/geologicunit/ChSt"}}, {"type": "Feature", "id": "https://geosciml4china.example.org/J43C001002/foliation/ChSt.2", "geometry": {"type": "Point", "coordinates": [73.87322918901302, 39.01619921245537]}, "properties": {"@featureType": "SiteObservationView", "identifier": {"value": "https://geosciml4china.example.org/J43C001002/foliation/ChSt.2", "@codeSpace": "http://www.ietf.org/rfc/rfc2616"}, "observationName": "schistosity", "label": "184°∠62°", "observedProperty": "planar orientation", "observedValue": "62", "observedValueUom": "deg", "propertyType_uri": "http://resource.geosciml.org/classifier/cgi/foliationtype/schistosity", "symbolRotation": 94, "genericSymbolizer": "202005", "sem_type": "202005", "featureOfInterest": "赛图拉岩群", "featureOfInterest_uri": "https://geosciml4china.example.org/J43C001002/geologicunit/ChSt"}}, {"type": "Feature", "id": "https://geosciml4china.example.org/J43C001002/foliation/P2q.1", "geometry": {"type": "Point", "coordinates": [73.8645236873437, 39.31764133338144]}, "properties": {"@featureType": "SiteObservationView", "identifier": {"value": "https://geosciml4china.example.org/J43C001002/foliation/P2q.1", "@codeSpace": "http://www.ietf.org/rfc/rfc2616"}, "observationName": "bedding fabric", "label": "184°∠63°", "observedProperty": "planar orientation", "observedValue": "63", "observedValueUom": "deg", "propertyType_uri": "http://resource.geosciml.org/classifier/cgi/foliationtype/bedding_fabric", "symbolRotation": 94, "genericSymbolizer": "202001", "sem_type": "202001", "featureOfInterest": "棋盘组", "featureOfInterest_uri": "https://geosciml4china.example.org/J43C001002/geologicunit/P2q"}}, {"type": "Feature", "id": "https://geosciml4china.example.org/J43C001002/foliation/ChSt.3", "geometry": {"type": "Point", "coordinates": [73.95144124342036, 39.211335381970095]}, "properties": {"@featureType": "SiteObservationView", "identifier": {"value": "https://geosciml4china.example.org/J43C001002/foliation/ChSt.3", "@codeSpace": "http://www.ietf.org/rfc/rfc2616"}, "observationName": "schistosity", "label": "39°∠60°", "observedProperty": "planar orientation", "observedValue": "60", "observedValueUom": "deg", "propertyType_uri": "http://resource.geosciml.org/classifier/cgi/foliationtype/schistosity", "symbolRotation": 309, "genericSymbolizer": "202005", "sem_type": "202005", "featureOfInterest": "赛图拉岩群", "featureOfInterest_uri": "https://geosciml4china.example.org/J43C001002/geologicunit/ChSt"}}, {"type": "Feature", "id": "https://geosciml4china.example.org/J43C001002/foliation/ChSt.4", "geometry": {"type": "Point", "coordinates": [73.84539919191606, 39.22530165103305]}, "properties": {"@featureType": "SiteObservationView", "identifier": {"value": "https://geosciml4china.example.org/J43C001002/foliation/ChSt.4", "@codeSpace": "http://www.ietf.org/rfc/rfc2616"}, "observationName": "schistosity", "label": "344°∠50°", "observedProperty": "planar orientation", "observedValue": "50", "observedValueUom": "deg", "propertyType_uri": "http://resource.geosciml.org/classifier/cgi/foliationtype/schistosity", "symbolRotation": 254, "genericSymbolizer": "202005", "sem_type": "202005", "featureOfInterest": "赛图拉岩群", "featureOfInterest_uri": "https://geosciml4china.example.org/J43C001002/geologicunit/ChSt"}}, {"type": "Feature", "id": "https://geosciml4china.example.org/J43C001002/foliation/ChSt.5", "geometry": {"type": "Point", "coordinates": [73.70410125499775, 39.23680043364277]}, "properties": {"@featureType": "SiteObservationView", "identifier": {"value": "https://geosciml4china.example.org/J43C001002/foliation/ChSt.5", "@codeSpace": "http://www.ietf.org/rfc/rfc2616"}, "observationName": "schistosity", "label": "11°∠48°", "observedProperty": "planar orientation", "observedValue": "48", "observedValueUom": "deg", "propertyType_uri": "http://resource.geosciml.org/classifier/cgi/foliationtype/schistosity", "symbolRotation": 281, "genericSymbolizer": "202005", "sem_type": "202005", "featureOfInterest": "赛图拉岩群", "featureOfInterest_uri": "https://geosciml4china.example.org/J43C001002/geologicunit/ChSt"}}, {"type": "Feature", "id": "https://geosciml4china.example.org/J43C001002/foliation/ChSt.6", "geometry": {"type": "Point", "coordinates": [73.82093574016882, 39.2205526284617]}, "properties": {"@featureType": "SiteObservationView", "identifier": {"value": "https://geosciml4china.example.org/J43C001002/foliation/ChSt.6", "@codeSpace": "http://www.ietf.org/rfc/rfc2616"}, "observationName": "schistosity", "label": "338°∠56°", "observedProperty": "planar orientation", "observedValue": "56", "observedValueUom": "deg", "propertyType_uri": "http://resource.geosciml.org/classifier/cgi/foliationtype/schistosity", "symbolRotation": 248, "genericSymbolizer": "202005", "sem_type": "202005", "featureOfInterest": "赛图拉岩群", "featureOfInterest_uri": "https://geosciml4china.example.org/J43C001002/geologicunit/ChSt"}}, {"type": "Feature", "id": "https://geosciml4china.example.org/J43C001002/foliation/ChSt.7", "geometry": {"type": "Point", "coordinates": [73.78788502806506, 39.26177069140176]}, "properties": {"@featureType": "SiteObservationView", "identifier": {"value": "https://geosciml4china.example.org/J43C001002/foliation/ChSt.7", "@codeSpace": "http://www.ietf.org/rfc/rfc2616"}, "observationName": "schistosity", "label": "203°∠63°", "observedProperty": "planar orientation", "observedValue": "63", "observedValueUom": "deg", "propertyType_uri": "http://resource.geosciml.org/classifier/cgi/foliationtype/schistosity", "symbolRotation": 113, "genericSymbolizer": "202005", "sem_type": "202005", "featureOfInterest": "赛图拉岩群", "featureOfInterest_uri": "https://geosciml4china.example.org/J43C001002/geologicunit/ChSt"}}, {"type": "Feature", "id": "https://geosciml4china.example.org/J43C001002/foliation/ChSt.8", "geometry": {"type": "Point", "coordinates": [73.94504104977493, 39.17955753984826]}, "properties": {"@featureType": "SiteObservationView", "identifier": {"value": "https://geosciml4china.example.org/J43C001002/foliation/ChSt.8", "@codeSpace": "http://www.ietf.org/rfc/rfc2616"}, "observationName": "schistosity", "label": "357°∠58°", "observedProperty": "planar orientation", "observedValue": "58", "observedValueUom": "deg", "propertyType_uri": "http://resource.geosciml.org/classifier/cgi/foliationtype/schistosity", "symbolRotation": 267, "genericSymbolizer": "202005", "sem_type": "202005", "featureOfInterest": "赛图拉岩群", "featureOfInterest_uri": "https://geosciml4china.example.org/J43C001002/geologicunit/ChSt"}}, {"type": "Feature", "id": "https://geosciml4china.example.org/J43C001002/foliation/ChSt.9", "geometry": {"type": "Point", "coordinates": [73.79492519900988, 39.29296881972235]}, "properties": {"@featureType": "SiteObservationView", "identifier": {"value": "https://geosciml4china.example.org/J43C001002/foliation/ChSt.9", "@codeSpace": "http://www.ietf.org/rfc/rfc2616"}, "observationName": "bedding fabric", "label": "172°∠46°", "observedProperty": "planar orientation", "observedValue": "46", "observedValueUom": "deg", "propertyType_uri": "http://resource.geosciml.org/classifier/cgi/foliationtype/bedding_fabric", "symbolRotation": 82, "genericSymbolizer": "202001", "sem_type": "202001", "featureOfInterest": "赛图拉岩群", "featureOfInterest_uri": "https://geosciml4china.example.org/J43C001002/geologicunit/ChSt"}}, {"type": "Feature", "id": "https://geosciml4china.example.org/J43C001002/foliation/Qp1X.6", "geometry": {"type": "Point", "coordinates": [74.76260954494907, 39.48084256433566]}, "properties": {"@featureType": "SiteObservationView", "identifier": {"value": "https://geosciml4china.example.org/J43C001002/foliation/Qp1X.6", "@codeSpace": "http://www.ietf.org/rfc/rfc2616"}, "observationName": "bedding fabric", "label": "351°∠23°", "observedProperty": "planar orientation", "observedValue": "23", "observedValueUom": "deg", "propertyType_uri": "http://resource.geosciml.org/classifier/cgi/foliationtype/bedding_fabric", "symbolRotation": 261, "genericSymbolizer": "202001", "sem_type": "202001", "featureOfInterest": "西域组", "featureOfInterest_uri": "https://geosciml4china.example.org/J43C001002/geologicunit/Qp1X"}}, {"type": "Feature", "id": "https://geosciml4china.example.org/J43C001002/foliation/N1p.11", "geometry": {"type": "Point", "coordinates": [74.85619511598783, 39.506264042732255]}, "properties": {"@featureType": "SiteObservationView", "identifier": {"value": "https://geosciml4china.example.org/J43C001002/foliation/N1p.11", "@codeSpace": "http://www.ietf.org/rfc/rfc2616"}, "observationName": "bedding fabric", "label": "232°∠41°", "observedProperty": "planar orientation", "observedValue": "41", "observedValueUom": "deg", "propertyType_uri": "http://resource.geosciml.org/classifier/cgi/foliationtype/bedding_fabric", "symbolRotation": 142, "genericSymbolizer": "202001", "sem_type": "202001", "featureOfInterest": "帕卡布拉克组", "featureOfInterest_uri": "https://geosciml4china.example.org/J43C001002/geologicunit/N1p"}}, {"type": "Feature", "id": "https://geosciml4china.example.org/J43C001002/foliation/N1a.10", "geometry": {"type": "Point", "coordinates": [74.87287725995527, 39.53284976565864]}, "properties": {"@featureType": "SiteObservationView", "identifier": {"value": "https://geosciml4china.example.org/J43C001002/foliation/N1a.10", "@codeSpace": "http://www.ietf.org/rfc/rfc2616"}, "observationName": "bedding fabric", "label": "202°∠76°", "observedProperty": "planar orientation", "observedValue": "76", "observedValueUom": "deg", "propertyType_uri": "http://resource.geosciml.org/classifier/cgi/foliationtype/bedding_fabric", "symbolRotation": 112, "genericSymbolizer": "202001", "sem_type": "202001", "featureOfInterest": "安居安组", "featureOfInterest_uri": "https://geosciml4china.example.org/J43C001002/geologicunit/N1a"}}, {"type": "Feature", "id": "https://geosciml4china.example.org/J43C001002/foliation/N1k.12", "geometry": {"type": "Point", "coordinates": [74.86841954721994, 39.57576858255632]}, "properties": {"@featureType": "SiteObservationView", "identifier": {"value": "https://geosciml4china.example.org/J43C001002/foliation/N1k.12", "@codeSpace": "http://www.ietf.org/rfc/rfc2616"}, "observationName": "bedding fabric", "label": "202°∠43°", "observedProperty": "planar orientation", "observedValue": "43", "observedValueUom": "deg", "propertyType_uri": "http://resource.geosciml.org/classifier/cgi/foliationtype/bedding_fabric", "symbolRotation": 112, "genericSymbolizer": "202001", "sem_type": "202001", "featureOfInterest": "克孜洛依组", "featureOfInterest_uri": "https://geosciml4china.example.org/J43C001002/geologicunit/N1k"}}, {"type": "Feature", "id": "https://geosciml4china.example.org/J43C001002/foliation/EK.8", "geometry": {"type": "Point", "coordinates": [74.90593953224648, 39.60410703388313]}, "properties": {"@featureType": "SiteObservationView", "identifier": {"value": "https://geosciml4china.example.org/J43C001002/foliation/EK.8", "@codeSpace": "http://www.ietf.org/rfc/rfc2616"}, "observationName": "bedding fabric", "label": "221°∠41°", "observedProperty": "planar orientation", "observedValue": "41", "observedValueUom": "deg", "propertyType_uri": "http://resource.geosciml.org/classifier/cgi/foliationtype/bedding_fabric", "symbolRotation": 131, "genericSymbolizer": "202001", "sem_type": "202001", "featureOfInterest": "喀什群", "featureOfInterest_uri": "https://geosciml4china.example.org/J43C001002/geologicunit/EK"}}, {"type": "Feature", "id": "https://geosciml4china.example.org/J43C001002/foliation/EK.9", "geometry": {"type": "Point", "coordinates": [74.95135071307999, 39.58385008441476]}, "properties": {"@featureType": "SiteObservationView", "identifier": {"value": "https://geosciml4china.example.org/J43C001002/foliation/EK.9", "@codeSpace": "http://www.ietf.org/rfc/rfc2616"}, "observationName": "bedding fabric", "label": "186°∠54°", "observedProperty": "planar orientation", "observedValue": "54", "observedValueUom": "deg", "propertyType_uri": "http://resource.geosciml.org/classifier/cgi/foliationtype/bedding_fabric", "symbolRotation": 96, "genericSymbolizer": "202001", "sem_type": "202001", "featureOfInterest": "喀什群", "featureOfInterest_uri": "https://geosciml4china.example.org/J43C001002/geologicunit/EK"}}, {"type": "Feature", "id": "https://geosciml4china.example.org/J43C001002/foliation/N1k.13", "geometry": {"type": "Point", "coordinates": [74.82334715178655, 39.66138032745603]}, "properties": {"@featureType": "SiteObservationView", "identifier": {"value": "https://geosciml4china.example.org/J43C001002/foliation/N1k.13", "@codeSpace": "http://www.ietf.org/rfc/rfc2616"}, "observationName": "bedding fabric", "label": "141°∠27°", "observedProperty": "planar orientation", "observedValue": "27", "observedValueUom": "deg", "propertyType_uri": "http://resource.geosciml.org/classifier/cgi/foliationtype/bedding_fabric", "symbolRotation": 51, "genericSymbolizer": "202001", "sem_type": "202001", "featureOfInterest": "克孜洛依组", "featureOfInterest_uri": "https://geosciml4china.example.org/J43C001002/geologicunit/N1k"}}, {"type": "Feature", "id": "https://geosciml4china.example.org/J43C001002/foliation/EK.10", "geometry": {"type": "Point", "coordinates": [74.69906990864567, 39.610624105829736]}, "properties": {"@featureType": "SiteObservationView", "identifier": {"value": "https://geosciml4china.example.org/J43C001002/foliation/EK.10", "@codeSpace": "http://www.ietf.org/rfc/rfc2616"}, "observationName": "bedding fabric", "label": "196°∠48°", "observedProperty": "planar orientation", "observedValue": "48", "observedValueUom": "deg", "propertyType_uri": "http://resource.geosciml.org/classifier/cgi/foliationtype/bedding_fabric", "symbolRotation": 106, "genericSymbolizer": "202001", "sem_type": "202001", "featureOfInterest": "喀什群", "featureOfInterest_uri": "https://geosciml4china.example.org/J43C001002/geologicunit/EK"}}, {"type": "Feature", "id": "https://geosciml4china.example.org/J43C001002/foliation/N1a.11", "geometry": {"type": "Point", "coordinates": [74.67902305334717, 39.56862132009975]}, "properties": {"@featureType": "SiteObservationView", "identifier": {"value": "https://geosciml4china.example.org/J43C001002/foliation/N1a.11", "@codeSpace": "http://www.ietf.org/rfc/rfc2616"}, "observationName": "bedding fabric", "label": "207°∠60°", "observedProperty": "planar orientation", "observedValue": "60", "observedValueUom": "deg", "propertyType_uri": "http://resource.geosciml.org/classifier/cgi/foliationtype/bedding_fabric", "symbolRotation": 117, "genericSymbolizer": "202001", "sem_type": "202001", "featureOfInterest": "安居安组", "featureOfInterest_uri": "https://geosciml4china.example.org/J43C001002/geologicunit/N1a"}}, {"type": "Feature", "id": "https://geosciml4china.example.org/J43C001002/foliation/N1k.14", "geometry": {"type": "Point", "coordinates": [74.67518390297253, 39.55811908438733]}, "properties": {"@featureType": "SiteObservationView", "identifier": {"value": "https://geosciml4china.example.org/J43C001002/foliation/N1k.14", "@codeSpace": "http://www.ietf.org/rfc/rfc2616"}, "observationName": "bedding fabric", "label": "23°∠60°", "observedProperty": "planar orientation", "observedValue": "60", "observedValueUom": "deg", "propertyType_uri": "http://resource.geosciml.org/classifier/cgi/foliationtype/bedding_fabric", "symbolRotation": 293, "genericSymbolizer": "202001", "sem_type": "202001", "featureOfInterest": "克孜洛依组", "featureOfInterest_uri": "https://geosciml4china.example.org/J43C001002/geologicunit/N1k"}}, {"type": "Feature", "id": "https://geosciml4china.example.org/J43C001002/foliation/N1k.15", "geometry": {"type": "Point", "coordinates": [74.68302925450506, 39.54024687454871]}, "properties": {"@featureType": "SiteObservationView", "identifier": {"value": "https://geosciml4china.example.org/J43C001002/foliation/N1k.15", "@codeSpace": "http://www.ietf.org/rfc/rfc2616"}, "observationName": "bedding fabric", "label": "23°∠40°", "observedProperty": "planar orientation", "observedValue": "40", "observedValueUom": "deg", "propertyType_uri": "http://resource.geosciml.org/classifier/cgi/foliationtype/bedding_fabric", "symbolRotation": 293, "genericSymbolizer": "202001", "sem_type": "202001", "featureOfInterest": "克孜洛依组", "featureOfInterest_uri": "https://geosciml4china.example.org/J43C001002/geologicunit/N1k"}}, {"type": "Feature", "id": "https://geosciml4china.example.org/J43C001002/foliation/N1k.16", "geometry": {"type": "Point", "coordinates": [74.68719630559536, 39.54246912649959]}, "properties": {"@featureType": "SiteObservationView", "identifier": {"value": "https://geosciml4china.example.org/J43C001002/foliation/N1k.16", "@codeSpace": "http://www.ietf.org/rfc/rfc2616"}, "observationName": "bedding fabric", "label": "202°∠40°", "observedProperty": "planar orientation", "observedValue": "40", "observedValueUom": "deg", "propertyType_uri": "http://resource.geosciml.org/classifier/cgi/foliationtype/bedding_fabric", "symbolRotation": 112, "genericSymbolizer": "202001", "sem_type": "202001", "featureOfInterest": "克孜洛依组", "featureOfInterest_uri": "https://geosciml4china.example.org/J43C001002/geologicunit/N1k"}}, {"type": "Feature", "id": "https://geosciml4china.example.org/J43C001002/foliation/N1p.12", "geometry": {"type": "Point", "coordinates": [74.83802922025895, 39.37579374890852]}, "properties": {"@featureType": "SiteObservationView", "identifier": {"value": "https://geosciml4china.example.org/J43C001002/foliation/N1p.12", "@codeSpace": "http://www.ietf.org/rfc/rfc2616"}, "observationName": "bedding fabric", "label": "76°∠15°", "observedProperty": "planar orientation", "observedValue": "15", "observedValueUom": "deg", "propertyType_uri": "http://resource.geosciml.org/classifier/cgi/foliationtype/bedding_fabric", "symbolRotation": 346, "genericSymbolizer": "202001", "sem_type": "202001", "featureOfInterest": "帕卡布拉克组", "featureOfInterest_uri": "https://geosciml4china.example.org/J43C001002/geologicunit/N1p"}}, {"type": "Feature", "id": "https://geosciml4china.example.org/J43C001002/foliation/N2a.6", "geometry": {"type": "Point", "coordinates": [74.8333792999178, 39.35640004386629]}, "properties": {"@featureType": "SiteObservationView", "identifier": {"value": "https://geosciml4china.example.org/J43C001002/foliation/N2a.6", "@codeSpace": "http://www.ietf.org/rfc/rfc2616"}, "observationName": "bedding fabric", "label": "215°∠25°", "observedProperty": "planar orientation", "observedValue": "25", "observedValueUom": "deg", "propertyType_uri": "http://resource.geosciml.org/classifier/cgi/foliationtype/bedding_fabric", "symbolRotation": 125, "genericSymbolizer": "202001", "sem_type": "202001", "featureOfInterest": "阿图什组", "featureOfInterest_uri": "https://geosciml4china.example.org/J43C001002/geologicunit/N2a"}}, {"type": "Feature", "id": "https://geosciml4china.example.org/J43C001002/foliation/Qp1X.7", "geometry": {"type": "Point", "coordinates": [74.81800149052717, 39.454132422377896]}, "properties": {"@featureType": "SiteObservationView", "identifier": {"value": "https://geosciml4china.example.org/J43C001002/foliation/Qp1X.7", "@codeSpace": "http://www.ietf.org/rfc/rfc2616"}, "observationName": "bedding fabric", "label": "323°∠40°", "observedProperty": "planar orientation", "observedValue": "40", "observedValueUom": "deg", "propertyType_uri": "http://resource.geosciml.org/classifier/cgi/foliationtype/bedding_fabric", "symbolRotation": 233, "genericSymbolizer": "202001", "sem_type": "202001", "featureOfInterest": "西域组", "featureOfInterest_uri": "https://geosciml4china.example.org/J43C001002/geologicunit/Qp1X"}}, {"type": "Feature", "id": "https://geosciml4china.example.org/J43C001002/foliation/N1k.17", "geometry": {"type": "Point", "coordinates": [74.82386993967015, 39.43893844000825]}, "properties": {"@featureType": "SiteObservationView", "identifier": {"value": "https://geosciml4china.example.org/J43C001002/foliation/N1k.17", "@codeSpace": "http://www.ietf.org/rfc/rfc2616"}, "observationName": "bedding fabric", "label": "194°∠48°", "observedProperty": "planar orientation", "observedValue": "48", "observedValueUom": "deg", "propertyType_uri": "http://resource.geosciml.org/classifier/cgi/foliationtype/bedding_fabric", "symbolRotation": 104, "genericSymbolizer": "202001", "sem_type": "202001", "featureOfInterest": "克孜洛依组", "featureOfInterest_uri": "https://geosciml4china.example.org/J43C001002/geologicunit/N1k"}}, {"type": "Feature", "id": "https://geosciml4china.example.org/J43C001002/foliation/N1a.12", "geometry": {"type": "Point", "coordinates": [74.91017393277046, 39.407054311852626]}, "properties": {"@featureType": "SiteObservationView", "identifier": {"value": "https://geosciml4china.example.org/J43C001002/foliation/N1a.12", "@codeSpace": "http://www.ietf.org/rfc/rfc2616"}, "observationName": "bedding fabric", "label": "102°∠18°", "observedProperty": "planar orientation", "observedValue": "18", "observedValueUom": "deg", "propertyType_uri": "http://resource.geosciml.org/classifier/cgi/foliationtype/bedding_fabric", "symbolRotation": 12, "genericSymbolizer": "202001", "sem_type": "202001", "featureOfInterest": "安居安组", "featureOfInterest_uri": "https://geosciml4china.example.org/J43C001002/geologicunit/N1a"}}, {"type": "Feature", "id": "https://geosciml4china.example.org/J43C001002/foliation/N1a.13", "geometry": {"type": "Point", "coordinates": [74.85502693806252, 39.40488931551515]}, "properties": {"@featureType": "SiteObservationView", "identifier": {"value": "https://geosciml4china.example.org/J43C001002/foliation/N1a.13", "@codeSpace": "http://www.ietf.org/rfc/rfc2616"}, "observationName": "bedding fabric", "label": "121°∠27°", "observedProperty": "planar orientation", "observedValue": "27", "observedValueUom": "deg", "propertyType_uri": "http://resource.geosciml.org/classifier/cgi/foliationtype/bedding_fabric", "symbolRotation": 31, "genericSymbolizer": "202001", "sem_type": "202001", "featureOfInterest": "安居安组", "featureOfInterest_uri": "https://geosciml4china.example.org/J43C001002/geologicunit/N1a"}}, {"type": "Feature", "id": "https://geosciml4china.example.org/J43C001002/foliation/N1p.13", "geometry": {"type": "Point", "coordinates": [74.94568199245076, 39.48019803190191]}, "properties": {"@featureType": "SiteObservationView", "identifier": {"value": "https://geosciml4china.example.org/J43C001002/foliation/N1p.13", "@codeSpace": "http://www.ietf.org/rfc/rfc2616"}, "observationName": "bedding fabric", "label": "246°∠9°", "observedProperty": "planar orientation", "observedValue": "9", "observedValueUom": "deg", "propertyType_uri": "http://resource.geosciml.org/classifier/cgi/foliationtype/bedding_fabric", "symbolRotation": 156, "genericSymbolizer": "202001", "sem_type": "202001", "featureOfInterest": "帕卡布拉克组", "featureOfInterest_uri": "https://geosciml4china.example.org/J43C001002/geologicunit/N1p"}}, {"type": "Feature", "id": "https://geosciml4china.example.org/J43C001002/foliation/Qp1X.8", "geometry": {"type": "Point", "coordinates": [74.9764285872006, 39.498461374846805]}, "properties": {"@featureType": "SiteObservationView", "identifier": {"value": "https://geosciml4china.example.org/J43C001002/foliation/Qp1X.8", "@codeSpace": "http://www.ietf.org/rfc/rfc2616"}, "observationName": "bedding fabric", "label": "246°∠15°", "observedProperty": "planar orientation", "observedValue": "15", "observedValueUom": "deg", "propertyType_uri": "http://resource.geosciml.org/classifier/cgi/foliationtype/bedding_fabric", "symbolRotation": 156, "genericSymbolizer": "202001", "sem_type": "202001", "featureOfInterest": "西域组", "featureOfInterest_uri": "https://geosciml4china.example.org/J43C001002/geologicunit/Qp1X"}}, {"type": "Feature", "id": "https://geosciml4china.example.org/J43C001002/foliation/N1k.18", "geometry": {"type": "Point", "coordinates": [74.98752315736319, 39.5441177457151]}, "properties": {"@featureType": "SiteObservationView", "identifier": {"value": "https://geosciml4china.example.org/J43C001002/foliation/N1k.18", "@codeSpace": "http://www.ietf.org/rfc/rfc2616"}, "observationName": "bedding fabric", "label": "167°∠40°", "observedProperty": "planar orientation", "observedValue": "40", "observedValueUom": "deg", "propertyType_uri": "http://resource.geosciml.org/classifier/cgi/foliationtype/bedding_fabric", "symbolRotation": 77, "genericSymbolizer": "202001", "sem_type": "202001", "featureOfInterest": "克孜洛依组", "featureOfInterest_uri": "https://geosciml4china.example.org/J43C001002/geologicunit/N1k"}}, {"type": "Feature", "id": "https://geosciml4china.example.org/J43C001002/foliation/N1a.14", "geometry": {"type": "Point", "coordinates": [74.50333752031156, 39.652427537481316]}, "properties": {"@featureType": "SiteObservationView", "identifier": {"value": "https://geosciml4china.example.org/J43C001002/foliation/N1a.14", "@codeSpace": "http://www.ietf.org/rfc/rfc2616"}, "observationName": "bedding fabric", "label": "40°∠47°", "observedProperty": "planar orientation", "observedValue": "47", "observedValueUom": "deg", "propertyType_uri": "http://resource.geosciml.org/classifier/cgi/foliationtype/bedding_fabric", "symbolRotation": 310, "genericSymbolizer": "202001", "sem_type": "202001", "featureOfInterest": "安居安组", "featureOfInterest_uri": "https://geosciml4china.example.org/J43C001002/geologicunit/N1a"}}, {"type": "Feature", "id": "https://geosciml4china.example.org/J43C001002/foliation/EK.11", "geometry": {"type": "Point", "coordinates": [74.62526162825279, 39.63203435112657]}, "properties": {"@featureType": "SiteObservationView", "identifier": {"value": "https://geosciml4china.example.org/J43C001002/foliation/EK.11", "@codeSpace": "http://www.ietf.org/rfc/rfc2616"}, "observationName": "bedding fabric", "label": "210°∠32°", "observedProperty": "planar orientation", "observedValue": "32", "observedValueUom": "deg", "propertyType_uri": "http://resource.geosciml.org/classifier/cgi/foliationtype/bedding_fabric", "symbolRotation": 120, "genericSymbolizer": "202001", "sem_type": "202001", "featureOfInterest": "喀什群", "featureOfInterest_uri": "https://geosciml4china.example.org/J43C001002/geologicunit/EK"}}, {"type": "Feature", "id": "https://geosciml4china.example.org/J43C001002/foliation/N1p.14", "geometry": {"type": "Point", "coordinates": [74.66993500907658, 39.663040155079564]}, "properties": {"@featureType": "SiteObservationView", "identifier": {"value": "https://geosciml4china.example.org/J43C001002/foliation/N1p.14", "@codeSpace": "http://www.ietf.org/rfc/rfc2616"}, "observationName": "bedding fabric", "label": "204°∠40°", "observedProperty": "planar orientation", "observedValue": "40", "observedValueUom": "deg", "propertyType_uri": "http://resource.geosciml.org/classifier/cgi/foliationtype/bedding_fabric", "symbolRotation": 114, "genericSymbolizer": "202001", "sem_type": "202001", "featureOfInterest": "帕卡布拉克组", "featureOfInterest_uri": "https://geosciml4china.example.org/J43C001002/geologicunit/N1p"}}, {"type": "Feature", "id": "https://geosciml4china.example.org/J43C001002/foliation/N1k.19", "geometry": {"type": "Point", "coordinates": [74.50991432612413, 39.56459787255471]}, "properties": {"@featureType": "SiteObservationView", "identifier": {"value": "https://geosciml4china.example.org/J43C001002/foliation/N1k.19", "@codeSpace": "http://www.ietf.org/rfc/rfc2616"}, "observationName": "bedding fabric", "label": "206°∠76°", "observedProperty": "planar orientation", "observedValue": "76", "observedValueUom": "deg", "propertyType_uri": "http://resource.geosciml.org/classifier/cgi/foliationtype/bedding_fabric", "symbolRotation": 116, "genericSymbolizer": "202001", "sem_type": "202001", "featureOfInterest": "克孜洛依组", "featureOfInterest_uri": "https://geosciml4china.example.org/J43C001002/geologicunit/N1k"}}, {"type": "Feature", "id": "https://geosciml4china.example.org/J43C001002/foliation/N1k.20", "geometry": {"type": "Point", "coordinates": [74.51223148805984, 39.5733931951483]}, "properties": {"@featureType": "SiteObservationView", "identifier": {"value": "https://geosciml4china.example.org/J43C001002/foliation/N1k.20", "@codeSpace": "http://www.ietf.org/rfc/rfc2616"}, "observationName": "bedding fabric", "label": "21°∠48°", "observedProperty": "planar orientation", "observedValue": "48", "observedValueUom": "deg", "propertyType_uri": "http://resource.geosciml.org/classifier/cgi/foliationtype/bedding_fabric", "symbolRotation": 291, "genericSymbolizer": "202001", "sem_type": "202001", "featureOfInterest": "克孜洛依组", "featureOfInterest_uri": "https://geosciml4china.example.org/J43C001002/geologicunit/N1k"}}, {"type": "Feature", "id": "https://geosciml4china.example.org/J43C001002/foliation/N1a.15", "geometry": {"type": "Point", "coordinates": [74.53233504590517, 39.5432037584744]}, "properties": {"@featureType": "SiteObservationView", "identifier": {"value": "https://geosciml4china.example.org/J43C001002/foliation/N1a.15", "@codeSpace": "http://www.ietf.org/rfc/rfc2616"}, "observationName": "bedding fabric", "label": "354°∠67°", "observedProperty": "planar orientation", "observedValue": "67", "observedValueUom": "deg", "propertyType_uri": "http://resource.geosciml.org/classifier/cgi/foliationtype/bedding_fabric", "symbolRotation": 264, "genericSymbolizer": "202001", "sem_type": "202001", "featureOfInterest": "安居安组", "featureOfInterest_uri": "https://geosciml4china.example.org/J43C001002/geologicunit/N1a"}}, {"type": "Feature", "id": "https://geosciml4china.example.org/J43C001002/foliation/N1k.21", "geometry": {"type": "Point", "coordinates": [74.54068579305414, 39.52641472827428]}, "properties": {"@featureType": "SiteObservationView", "identifier": {"value": "https://geosciml4china.example.org/J43C001002/foliation/N1k.21", "@codeSpace": "http://www.ietf.org/rfc/rfc2616"}, "observationName": "bedding fabric", "label": "165°∠60°", "observedProperty": "planar orientation", "observedValue": "60", "observedValueUom": "deg", "propertyType_uri": "http://resource.geosciml.org/classifier/cgi/foliationtype/bedding_fabric", "symbolRotation": 75, "genericSymbolizer": "202001", "sem_type": "202001", "featureOfInterest": "克孜洛依组", "featureOfInterest_uri": "https://geosciml4china.example.org/J43C001002/geologicunit/N1k"}}, {"type": "Feature", "id": "https://geosciml4china.example.org/J43C001002/foliation/N1p.15", "geometry": {"type": "Point", "coordinates": [74.67442159492555, 39.49117064695823]}, "properties": {"@featureType": "SiteObservationView", "identifier": {"value": "https://geosciml4china.example.org/J43C001002/foliation/N1p.15", "@codeSpace": "http://www.ietf.org/rfc/rfc2616"}, "observationName": "bedding fabric", "label": "182°∠68°", "observedProperty": "planar orientation", "observedValue": "68", "observedValueUom": "deg", "propertyType_uri": "http://resource.geosciml.org/classifier/cgi/foliationtype/bedding_fabric", "symbolRotation": 92, "genericSymbolizer": "202001", "sem_type": "202001", "featureOfInterest": "帕卡布拉克组", "featureOfInterest_uri": "https://geosciml4china.example.org/J43C001002/geologicunit/N1p"}}, {"type": "Feature", "id": "https://geosciml4china.example.org/J43C001002/foliation/N1p.16", "geometry": {"type": "Point", "coordinates": [74.73132565581844, 39.6346171154133]}, "properties": {"@featureType": "SiteObservationView", "identifier": {"value": "https://geosciml4china.example.org/J43C001002/foliation/N1p.16", "@codeSpace": "http://www.ietf.org/rfc/rfc2616"}, "observationName": "bedding fabric", "label": "221°∠57°", "observedProperty": "planar orientation", "observedValue": "57", "observedValueUom": "deg", "propertyType_uri": "http://resource.geosciml.org/classifier/cgi/foliationtype/bedding_fabric", "symbolRotation": 131, "genericSymbolizer": "202001", "sem_type": "202001", "featureOfInterest": "帕卡布拉克组", "featureOfInterest_uri": "https://geosciml4china.example.org/J43C001002/geologicunit/N1p"}}, {"type": "Feature", "id": "https://geosciml4china.example.org/J43C001002/foliation/Qp1X.9", "geometry": {"type": "Point", "coordinates": [74.81675034177836, 39.522585575211764]}, "properties": {"@featureType": "SiteObservationView", "identifier": {"value": "https://geosciml4china.example.org/J43C001002/foliation/Qp1X.9", "@codeSpace": "http://www.ietf.org/rfc/rfc2616"}, "observationName": "bedding fabric", "label": "201°∠70°", "observedProperty": "planar orientation", "observedValue": "70", "observedValueUom": "deg", "propertyType_uri": "http://resource.geosciml.org/classifier/cgi/foliationtype/bedding_fabric", "symbolRotation": 111, "genericSymbolizer": "202001", "sem_type": "202001", "featureOfInterest": "西域组", "featureOfInterest_uri": "https://geosciml4china.example.org/J43C001002/geologicunit/Qp1X"}}, {"type": "Feature", "id": "https://geosciml4china.example.org/J43C001002/foliation/N1p.17", "geometry": {"type": "Point", "coordinates": [74.9555158110013, 39.34168919955979]}, "properties": {"@featureType": "SiteObservationView", "identifier": {"value": "https://geosciml4china.example.org/J43C001002/foliation/N1p.17", "@codeSpace": "http://www.ietf.org/rfc/rfc2616"}, "observationName": "bedding fabric", "label": "19°∠40°", "observedProperty": "planar orientation", "observedValue": "40", "observedValueUom": "deg", "propertyType_uri": "http://resource.geosciml.org/classifier/cgi/foliationtype/bedding_fabric", "symbolRotation": 289, "genericSymbolizer": "202001", "sem_type": "202001", "featureOfInterest": "帕卡布拉克组", "featureOfInterest_uri": "https://geosciml4china.example.org/J43C001002/geologicunit/N1p"}}, {"type": "Feature", "id": "https://geosciml4china.example.org/J43C001002/foliation/N1p.18", "geometry": {"type": "Point", "coordinates": [74.96576305025897, 39.35349323873948]}, "properties": {"@featureType": "SiteObservationView", "identifier": {"value": "https://geosciml4china.example.org/J43C001002/foliation/N1p.18", "@codeSpace": "http://www.ietf.org/rfc/rfc2616"}, "observationName": "bedding fabric", "label": "193°∠40°", "observedProperty": "planar orientation", "observedValue": "40", "observedValueUom": "deg", "propertyType_uri": "http://resource.geosciml.org/classifier/cgi/foliationtype/bedding_fabric", "symbolRotation": 103, "genericSymbolizer": "202001", "sem_type": "202001", "featureOfInterest": "帕卡布拉克组", "featureOfInterest_uri": "https://geosciml4china.example.org/J43C001002/geologicunit/N1p"}}, {"type": "Feature", "id": "https://geosciml4china.example.org/J43C001002/foliation/N1p.19", "geometry": {"type": "Point", "coordinates": [74.97284949589616, 39.36266538497765]}, "properties": {"@featureType": "SiteObservationView", "identifier": {"value": "https://geosciml4china.example.org/J43C001002/foliation/N1p.19", "@codeSpace": "http://www.ietf.org/rfc/rfc2616"}, "observationName": "bedding fabric", "label": "8°∠55°", "observedProperty": "planar orientation", "observedValue": "55", "observedValueUom": "deg", "propertyType_uri": "http://resource.geosciml.org/classifier/cgi/foliationtype/bedding_fabric", "symbolRotation": 278, "genericSymbolizer": "202001", "sem_type": "202001", "featureOfInterest": "帕卡布拉克组", "featureOfInterest_uri": "https://geosciml4china.example.org/J43C001002/geologicunit/N1p"}}, {"type": "Feature", "id": "https://geosciml4china.example.org/J43C001002/foliation/Qp1X.10", "geometry": {"type": "Point", "coordinates": [74.98504001966633, 39.3691767910068]}, "properties": {"@featureType": "SiteObservationView", "identifier": {"value": "https://geosciml4china.example.org/J43C001002/foliation/Qp1X.10", "@codeSpace": "http://www.ietf.org/rfc/rfc2616"}, "observationName": "bedding fabric", "label": "108°∠30°", "observedProperty": "planar orientation", "observedValue": "30", "observedValueUom": "deg", "propertyType_uri": "http://resource.geosciml.org/classifier/cgi/foliationtype/bedding_fabric", "symbolRotation": 18, "genericSymbolizer": "202001", "sem_type": "202001", "featureOfInterest": "西域组", "featureOfInterest_uri": "https://geosciml4china.example.org/J43C001002/geologicunit/Qp1X"}}, {"type": "Feature", "id": "https://geosciml4china.example.org/J43C001002/foliation/K1kz.6", "geometry": {"type": "Point", "coordinates": [74.92382533780189, 39.337886949211104]}, "properties": {"@featureType": "SiteObservationView", "identifier": {"value": "https://geosciml4china.example.org/J43C001002/foliation/K1kz.6", "@codeSpace": "http://www.ietf.org/rfc/rfc2616"}, "observationName": "bedding fabric", "label": "20°∠80°", "observedProperty": "planar orientation", "observedValue": "80", "observedValueUom": "deg", "propertyType_uri": "http://resource.geosciml.org/classifier/cgi/foliationtype/bedding_fabric", "symbolRotation": 290, "genericSymbolizer": "202001", "sem_type": "202001", "featureOfInterest": "克孜勒苏组", "featureOfInterest_uri": "https://geosciml4china.example.org/J43C001002/geologicunit/K1kz"}}, {"type": "Feature", "id": "https://geosciml4china.example.org/J43C001002/foliation/K1kz.7", "geometry": {"type": "Point", "coordinates": [74.99532813251267, 39.636563496018354]}, "properties": {"@featureType": "SiteObservationView", "identifier": {"value": "https://geosciml4china.example.org/J43C001002/foliation/K1kz.7", "@codeSpace": "http://www.ietf.org/rfc/rfc2616"}, "observationName": "bedding fabric", "label": "34°∠43°", "observedProperty": "planar orientation", "observedValue": "43", "observedValueUom": "deg", "propertyType_uri": "http://resource.geosciml.org/classifier/cgi/foliationtype/bedding_fabric", "symbolRotation": 304, "genericSymbolizer": "202001", "sem_type": "202001", "featureOfInterest": "克孜勒苏组", "featureOfInterest_uri": "https://geosciml4china.example.org/J43C001002/geologicunit/K1kz"}}, {"type": "Feature", "id": "https://geosciml4china.example.org/J43C001002/foliation/ChA.14", "geometry": {"type": "Point", "coordinates": [74.99651963733831, 39.62360593311431]}, "properties": {"@featureType": "SiteObservationView", "identifier": {"value": "https://geosciml4china.example.org/J43C001002/foliation/ChA.14", "@codeSpace": "http://www.ietf.org/rfc/rfc2616"}, "observationName": "bedding fabric", "label": "173°∠10°", "observedProperty": "planar orientation", "observedValue": "10", "observedValueUom": "deg", "propertyType_uri": "http://resource.geosciml.org/classifier/cgi/foliationtype/bedding_fabric", "symbolRotation": 83, "genericSymbolizer": "202001", "sem_type": "202001", "featureOfInterest": "阿克苏岩群", "featureOfInterest_uri": "https://geosciml4china.example.org/J43C001002/geologicunit/ChA"}}, {"type": "Feature", "id": "https://geosciml4china.example.org/J43C001002/foliation/N1k.22", "geometry": {"type": "Point", "coordinates": [74.98327651965754, 39.65884289974438]}, "properties": {"@featureType": "SiteObservationView", "identifier": {"value": "https://geosciml4china.example.org/J43C001002/foliation/N1k.22", "@codeSpace": "http://www.ietf.org/rfc/rfc2616"}, "observationName": "bedding fabric", "label": "342°∠28°", "observedProperty": "planar orientation", "observedValue": "28", "observedValueUom": "deg", "propertyType_uri": "http://resource.geosciml.org/classifier/cgi/foliationtype/bedding_fabric", "symbolRotation": 252, "genericSymbolizer": "202001", "sem_type": "202001", "featureOfInterest": "克孜洛依组", "featureOfInterest_uri": "https://geosciml4china.example.org/J43C001002/geologicunit/N1k"}}, {"type": "Feature", "id": "https://geosciml4china.example.org/J43C001002/foliation/EK.12", "geometry": {"type": "Point", "coordinates": [74.51448320194173, 39.58905193363855]}, "properties": {"@featureType": "SiteObservationView", "identifier": {"value": "https://geosciml4china.example.org/J43C001002/foliation/EK.12", "@codeSpace": "http://www.ietf.org/rfc/rfc2616"}, "observationName": "bedding fabric", "label": "179°∠59°", "observedProperty": "planar orientation", "observedValue": "59", "observedValueUom": "deg", "propertyType_uri": "http://resource.geosciml.org/classifier/cgi/foliationtype/bedding_fabric", "symbolRotation": 89, "genericSymbolizer": "202001", "sem_type": "202001", "featureOfInterest": "喀什群", "featureOfInterest_uri": "https://geosciml4china.example.org/J43C001002/geologicunit/EK"}}, {"type": "Feature", "id": "https://geosciml4china.example.org/J43C001002/foliation/K1kz.8", "geometry": {"type": "Point", "coordinates": [74.64104770076955, 39.3398028669926]}, "properties": {"@featureType": "SiteObservationView", "identifier": {"value": "https://geosciml4china.example.org/J43C001002/foliation/K1kz.8", "@codeSpace": "http://www.ietf.org/rfc/rfc2616"}, "observationName": "bedding fabric", "label": "19°∠31°", "observedProperty": "planar orientation", "observedValue": "31", "observedValueUom": "deg", "propertyType_uri": "http://resource.geosciml.org/classifier/cgi/foliationtype/bedding_fabric", "symbolRotation": 289, "genericSymbolizer": "202004", "sem_type": "202004", "featureOfInterest": "克孜勒苏组", "featureOfInterest_uri": "https://geosciml4china.example.org/J43C001002/geologicunit/K1kz"}}, {"type": "Feature", "id": "https://geosciml4china.example.org/J43C001002/foliation/N1a.16", "geometry": {"type": "Point", "coordinates": [74.9862540078606, 39.52105352599963]}, "properties": {"@featureType": "SiteObservationView", "identifier": {"value": "https://geosciml4china.example.org/J43C001002/foliation/N1a.16", "@codeSpace": "http://www.ietf.org/rfc/rfc2616"}, "observationName": "bedding fabric", "label": "221°∠56°", "observedProperty": "planar orientation", "observedValue": "56", "observedValueUom": "deg", "propertyType_uri": "http://resource.geosciml.org/classifier/cgi/foliationtype/bedding_fabric", "symbolRotation": 131, "genericSymbolizer": "202001", "sem_type": "202001", "featureOfInterest": "安居安组", "featureOfInterest_uri": "https://geosciml4china.example.org/J43C001002/geologicunit/N1a"}}, {"type": "Feature", "id": "https://geosciml4china.example.org/J43C001002/foliation/Qp1X.11", "geometry": {"type": "Point", "coordinates": [74.59902631182982, 39.65812723625714]}, "properties": {"@featureType": "SiteObservationView", "identifier": {"value": "https://geosciml4china.example.org/J43C001002/foliation/Qp1X.11", "@codeSpace": "http://www.ietf.org/rfc/rfc2616"}, "observationName": "bedding fabric", "label": "235°∠42°", "observedProperty": "planar orientation", "observedValue": "42", "observedValueUom": "deg", "propertyType_uri": "http://resource.geosciml.org/classifier/cgi/foliationtype/bedding_fabric", "symbolRotation": 145, "genericSymbolizer": "202001", "sem_type": "202001", "featureOfInterest": "西域组", "featureOfInterest_uri": "https://geosciml4china.example.org/J43C001002/geologicunit/Qp1X"}}, {"type": "Feature", "id": "https://geosciml4china.example.org/J43C001002/foliation/N1p.20", "geometry": {"type": "Point", "coordinates": [74.56865114649734, 39.40671881410661]}, "properties": {"@featureType": "SiteObservationView", "identifier": {"value": "https://geosciml4china.example.org/J43C001002/foliation/N1p.20", "@codeSpace": "http://www.ietf.org/rfc/rfc2616"}, "observationName": "bedding fabric", "label": "301°∠9°", "observedProperty": "planar orientation", "observedValue": "9", "observedValueUom": "deg", "propertyType_uri": "http://resource.geosciml.org/classifier/cgi/foliationtype/bedding_fabric", "symbolRotation": 211, "genericSymbolizer": "202001", "sem_type": "202001", "featureOfInterest": "帕卡布拉克组", "featureOfInterest_uri": "https://geosciml4china.example.org/J43C001002/geologicunit/N1p"}}, {"type": "Feature", "id": "https://geosciml4china.example.org/J43C001002/foliation/K2Y.2", "geometry": {"type": "Point", "coordinates": [74.6901600974362, 39.35790125935208]}, "properties": {"@featureType": "SiteObservationView", "identifier": {"value": "https://geosciml4china.example.org/J43C001002/foliation/K2Y.2", "@codeSpace": "http://www.ietf.org/rfc/rfc2616"}, "observationName": "bedding fabric", "label": "18°∠49°", "observedProperty": "planar orientation", "observedValue": "49", "observedValueUom": "deg", "propertyType_uri": "http://resource.geosciml.org/classifier/cgi/foliationtype/bedding_fabric", "symbolRotation": 288, "genericSymbolizer": "202001", "sem_type": "202001", "featureOfInterest": "英吉莎群", "featureOfInterest_uri": "https://geosciml4china.example.org/J43C001002/geologicunit/K2Y"}}, {"type": "Feature", "id": "https://geosciml4china.example.org/J43C001002/foliation/P2q.2", "geometry": {"type": "Point", "coordinates": [73.99435326275764, 39.349325180474544]}, "properties": {"@featureType": "SiteObservationView", "identifier": {"value": "https://geosciml4china.example.org/J43C001002/foliation/P2q.2", "@codeSpace": "http://www.ietf.org/rfc/rfc2616"}, "observationName": "bedding fabric", "label": "179°∠45°", "observedProperty": "planar orientation", "observedValue": "45", "observedValueUom": "deg", "propertyType_uri": "http://resource.geosciml.org/classifier/cgi/foliationtype/bedding_fabric", "symbolRotation": 89, "genericSymbolizer": "202001", "sem_type": "202001", "featureOfInterest": "棋盘组", "featureOfInterest_uri": "https://geosciml4china.example.org/J43C001002/geologicunit/P2q"}}, {"type": "Feature", "id": "https://geosciml4china.example.org/J43C001002/foliation/N2a.7", "geometry": {"type": "Point", "coordinates": [73.98945789781655, 39.384360750355945]}, "properties": {"@featureType": "SiteObservationView", "identifier": {"value": "https://geosciml4china.example.org/J43C001002/foliation/N2a.7", "@codeSpace": "http://www.ietf.org/rfc/rfc2616"}, "observationName": "bedding fabric", "label": "173°∠76°", "observedProperty": "planar orientation", "observedValue": "76", "observedValueUom": "deg", "propertyType_uri": "http://resource.geosciml.org/classifier/cgi/foliationtype/bedding_fabric", "symbolRotation": 83, "genericSymbolizer": "202001", "sem_type": "202001", "featureOfInterest": "阿图什组", "featureOfInterest_uri": "https://geosciml4china.example.org/J43C001002/geologicunit/N2a"}}, {"type": "Feature", "id": "https://geosciml4china.example.org/J43C001002/foliation/N1k.23", "geometry": {"type": "Point", "coordinates": [73.98360388501607, 39.39635993533062]}, "properties": {"@featureType": "SiteObservationView", "identifier": {"value": "https://geosciml4china.example.org/J43C001002/foliation/N1k.23", "@codeSpace": "http://www.ietf.org/rfc/rfc2616"}, "observationName": "bedding fabric", "label": "1°∠82°", "observedProperty": "planar orientation", "observedValue": "82", "observedValueUom": "deg", "propertyType_uri": "http://resource.geosciml.org/classifier/cgi/foliationtype/bedding_fabric", "symbolRotation": 271, "genericSymbolizer": "202001", "sem_type": "202001", "featureOfInterest": "克孜洛依组", "featureOfInterest_uri": "https://geosciml4china.example.org/J43C001002/geologicunit/N1k"}}, {"type": "Feature", "id": "https://geosciml4china.example.org/J43C001002/foliation/N1k.24", "geometry": {"type": "Point", "coordinates": [73.99007311682432, 39.436782628135084]}, "properties": {"@featureType": "SiteObservationView", "identifier": {"value": "https://geosciml4china.example.org/J43C001002/foliation/N1k.24", "@codeSpace": "http://www.ietf.org/rfc/rfc2616"}, "observationName": "bedding fabric", "label": "336°∠73°", "observedProperty": "planar orientation", "observedValue": "73", "observedValueUom": "deg", "propertyType_uri": "http://resource.geosciml.org/classifier/cgi/foliationtype/bedding_fabric", "symbolRotation": 246, "genericSymbolizer": "202001", "sem_type": "202001", "featureOfInterest": "克孜洛依组", "featureOfInterest_uri": "https://geosciml4china.example.org/J43C001002/geologicunit/N1k"}}, {"type": "Feature", "id": "https://geosciml4china.example.org/J43C001002/foliation/EK.13", "geometry": {"type": "Point", "coordinates": [73.911354306324, 39.43929894404544]}, "properties": {"@featureType": "SiteObservationView", "identifier": {"value": "https://geosciml4china.example.org/J43C001002/foliation/EK.13", "@codeSpace": "http://www.ietf.org/rfc/rfc2616"}, "observationName": "bedding fabric", "label": "359°∠36°", "observedProperty": "planar orientation", "observedValue": "36", "observedValueUom": "deg", "propertyType_uri": "http://resource.geosciml.org/classifier/cgi/foliationtype/bedding_fabric", "symbolRotation": 269, "genericSymbolizer": "202001", "sem_type": "202001", "featureOfInterest": "喀什群", "featureOfInterest_uri": "https://geosciml4china.example.org/J43C001002/geologicunit/EK"}}, {"type": "Feature", "id": "https://geosciml4china.example.org/J43C001002/foliation/S3-4t.6", "geometry": {"type": "Point", "coordinates": [74.04630671608341, 39.64471733203323]}, "properties": {"@featureType": "SiteObservationView", "identifier": {"value": "https://geosciml4china.example.org/J43C001002/foliation/S3-4t.6", "@codeSpace": "http://www.ietf.org/rfc/rfc2616"}, "observationName": "bedding fabric", "label": "283°∠48°", "observedProperty": "planar orientation", "observedValue": "48", "observedValueUom": "deg", "propertyType_uri": "http://resource.geosciml.org/classifier/cgi/foliationtype/bedding_fabric", "symbolRotation": 193, "genericSymbolizer": "202001", "sem_type": "202001", "featureOfInterest": "塔尔特库里组", "featureOfInterest_uri": "https://geosciml4china.example.org/J43C001002/geologicunit/S3-4t"}}, {"type": "Feature", "id": "https://geosciml4china.example.org/J43C001002/foliation/EK.14", "geometry": {"type": "Point", "coordinates": [74.03780194405249, 39.45959349109379]}, "properties": {"@featureType": "SiteObservationView", "identifier": {"value": "https://geosciml4china.example.org/J43C001002/foliation/EK.14", "@codeSpace": "http://www.ietf.org/rfc/rfc2616"}, "observationName": "bedding fabric", "label": "169°∠72°", "observedProperty": "planar orientation", "observedValue": "72", "observedValueUom": "deg", "propertyType_uri": "http://resource.geosciml.org/classifier/cgi/foliationtype/bedding_fabric", "symbolRotation": 79, "genericSymbolizer": "202001", "sem_type": "202001", "featureOfInterest": "喀什群", "featureOfInterest_uri": "https://geosciml4china.example.org/J43C001002/geologicunit/EK"}}, {"type": "Feature", "id": "https://geosciml4china.example.org/J43C001002/foliation/N2a.8", "geometry": {"type": "Point", "coordinates": [74.04739251863852, 39.38796567721047]}, "properties": {"@featureType": "SiteObservationView", "identifier": {"value": "https://geosciml4china.example.org/J43C001002/foliation/N2a.8", "@codeSpace": "http://www.ietf.org/rfc/rfc2616"}, "observationName": "bedding fabric", "label": "342°∠50°", "observedProperty": "planar orientation", "observedValue": "50", "observedValueUom": "deg", "propertyType_uri": "http://resource.geosciml.org/classifier/cgi/foliationtype/bedding_fabric", "symbolRotation": 252, "genericSymbolizer": "202001", "sem_type": "202001", "featureOfInterest": "阿图什组", "featureOfInterest_uri": "https://geosciml4china.example.org/J43C001002/geologicunit/N2a"}}, {"type": "Feature", "id": "https://geosciml4china.example.org/J43C001002/foliation/C1w.1", "geometry": {"type": "Point", "coordinates": [74.47056873371511, 39.35839432082286]}, "properties": {"@featureType": "SiteObservationView", "identifier": {"value": "https://geosciml4china.example.org/J43C001002/foliation/C1w.1", "@codeSpace": "http://www.ietf.org/rfc/rfc2616"}, "observationName": "bedding fabric", "label": "181°∠45°", "observedProperty": "planar orientation", "observedValue": "45", "observedValueUom": "deg", "propertyType_uri": "http://resource.geosciml.org/classifier/cgi/foliationtype/bedding_fabric", "symbolRotation": 91, "genericSymbolizer": "202001", "sem_type": "202001", "featureOfInterest": "乌鲁阿特组", "featureOfInterest_uri": "https://geosciml4china.example.org/J43C001002/geologicunit/C1w"}}, {"type": "Feature", "id": "https://geosciml4china.example.org/J43C001002/foliation/C1w.2", "geometry": {"type": "Point", "coordinates": [74.44839303261446, 39.33678477171911]}, "properties": {"@featureType": "SiteObservationView", "identifier": {"value": "https://geosciml4china.example.org/J43C001002/foliation/C1w.2", "@codeSpace": "http://www.ietf.org/rfc/rfc2616"}, "observationName": "bedding fabric", "label": "180°∠41°", "observedProperty": "planar orientation", "observedValue": "41", "observedValueUom": "deg", "propertyType_uri": "http://resource.geosciml.org/classifier/cgi/foliationtype/bedding_fabric", "symbolRotation": 90, "genericSymbolizer": "202001", "sem_type": "202001", "featureOfInterest": "乌鲁阿特组", "featureOfInterest_uri": "https://geosciml4china.example.org/J43C001002/geologicunit/C1w"}}, {"type": "Feature", "id": "https://geosciml4china.example.org/J43C001002/foliation/N2a.9", "geometry": {"type": "Point", "coordinates": [74.4693278315002, 39.40471488644527]}, "properties": {"@featureType": "SiteObservationView", "identifier": {"value": "https://geosciml4china.example.org/J43C001002/foliation/N2a.9", "@codeSpace": "http://www.ietf.org/rfc/rfc2616"}, "observationName": "bedding fabric", "label": "290°∠44°", "observedProperty": "planar orientation", "observedValue": "44", "observedValueUom": "deg", "propertyType_uri": "http://resource.geosciml.org/classifier/cgi/foliationtype/bedding_fabric", "symbolRotation": 200, "genericSymbolizer": "202001", "sem_type": "202001", "featureOfInterest": "阿图什组", "featureOfInterest_uri": "https://geosciml4china.example.org/J43C001002/geologicunit/N2a"}}, {"type": "Feature", "id": "https://geosciml4china.example.org/J43C001002/foliation/N2a.10", "geometry": {"type": "Point", "coordinates": [74.47838766274984, 39.41173723555712]}, "properties": {"@featureType": "SiteObservationView", "identifier": {"value": "https://geosciml4china.example.org/J43C001002/foliation/N2a.10", "@codeSpace": "http://www.ietf.org/rfc/rfc2616"}, "observationName": "bedding fabric", "label": "189°∠20°", "observedProperty": "planar orientation", "observedValue": "20", "observedValueUom": "deg", "propertyType_uri": "http://resource.geosciml.org/classifier/cgi/foliationtype/bedding_fabric", "symbolRotation": 99, "genericSymbolizer": "202001", "sem_type": "202001", "featureOfInterest": "阿图什组", "featureOfInterest_uri": "https://geosciml4china.example.org/J43C001002/geologicunit/N2a"}}, {"type": "Feature", "id": "https://geosciml4china.example.org/J43C001002/foliation/Qp1X.12", "geometry": {"type": "Point", "coordinates": [74.47707149762766, 39.46905390866553]}, "properties": {"@featureType": "SiteObservationView", "identifier": {"value": "https://geosciml4china.example.org/J43C001002/foliation/Qp1X.12", "@codeSpace": "http://www.ietf.org/rfc/rfc2616"}, "observationName": "bedding fabric", "label": "13°∠14°", "observedProperty": "planar orientation", "observedValue": "14", "observedValueUom": "deg", "propertyType_uri": "http://resource.geosciml.org/classifier/cgi/foliationtype/bedding_fabric", "symbolRotation": 283, "genericSymbolizer": "202001", "sem_type": "202001", "featureOfInterest": "西域组", "featureOfInterest_uri": "https://geosciml4china.example.org/J43C001002/geologicunit/Qp1X"}}, {"type": "Feature", "id": "https://geosciml4china.example.org/J43C001002/foliation/N1a.17", "geometry": {"type": "Point", "coordinates": [74.42041705995808, 39.6095467848819]}, "properties": {"@featureType": "SiteObservationView", "identifier": {"value": "https://geosciml4china.example.org/J43C001002/foliation/N1a.17", "@codeSpace": "http://www.ietf.org/rfc/rfc2616"}, "observationName": "bedding fabric", "label": "320°∠71°", "observedProperty": "planar orientation", "observedValue": "71", "observedValueUom": "deg", "propertyType_uri": "http://resource.geosciml.org/classifier/cgi/foliationtype/bedding_fabric", "symbolRotation": 230, "genericSymbolizer": "202001", "sem_type": "202001", "featureOfInterest": "安居安组", "featureOfInterest_uri": "https://geosciml4china.example.org/J43C001002/geologicunit/N1a"}}, {"type": "Feature", "id": "https://geosciml4china.example.org/J43C001002/foliation/N1a.18", "geometry": {"type": "Point", "coordinates": [74.35511138087173, 39.59970090289984]}, "properties": {"@featureType": "SiteObservationView", "identifier": {"value": "https://geosciml4china.example.org/J43C001002/foliation/N1a.18", "@codeSpace": "http://www.ietf.org/rfc/rfc2616"}, "observationName": "bedding fabric", "label": "18°∠32°", "observedProperty": "planar orientation", "observedValue": "32", "observedValueUom": "deg", "propertyType_uri": "http://resource.geosciml.org/classifier/cgi/foliationtype/bedding_fabric", "symbolRotation": 288, "genericSymbolizer": "202001", "sem_type": "202001", "featureOfInterest": "安居安组", "featureOfInterest_uri": "https://geosciml4china.example.org/J43C001002/geologicunit/N1a"}}, {"type": "Feature", "id": "https://geosciml4china.example.org/J43C001002/foliation/N1k.25", "geometry": {"type": "Point", "coordinates": [74.34558323500053, 39.609091283523405]}, "properties": {"@featureType": "SiteObservationView", "identifier": {"value": "https://geosciml4china.example.org/J43C001002/foliation/N1k.25", "@codeSpace": "http://www.ietf.org/rfc/rfc2616"}, "observationName": "bedding fabric", "label": "159°∠82°", "observedProperty": "planar orientation", "observedValue": "82", "observedValueUom": "deg", "propertyType_uri": "http://resource.geosciml.org/classifier/cgi/foliationtype/bedding_fabric", "symbolRotation": 69, "genericSymbolizer": "202001", "sem_type": "202001", "featureOfInterest": "克孜洛依组", "featureOfInterest_uri": "https://geosciml4china.example.org/J43C001002/geologicunit/N1k"}}, {"type": "Feature", "id": "https://geosciml4china.example.org/J43C001002/foliation/P2q.3", "geometry": {"type": "Point", "coordinates": [74.33696529029736, 39.37127712076494]}, "properties": {"@featureType": "SiteObservationView", "identifier": {"value": "https://geosciml4china.example.org/J43C001002/foliation/P2q.3", "@codeSpace": "http://www.ietf.org/rfc/rfc2616"}, "observationName": "bedding fabric", "label": "225°∠23°", "observedProperty": "planar orientation", "observedValue": "23", "observedValueUom": "deg", "propertyType_uri": "http://resource.geosciml.org/classifier/cgi/foliationtype/bedding_fabric", "symbolRotation": 135, "genericSymbolizer": "202001", "sem_type": "202001", "featureOfInterest": "棋盘组", "featureOfInterest_uri": "https://geosciml4china.example.org/J43C001002/geologicunit/P2q"}}, {"type": "Feature", "id": "https://geosciml4china.example.org/J43C001002/foliation/P2q.4", "geometry": {"type": "Point", "coordinates": [74.33166910550928, 39.3924454657922]}, "properties": {"@featureType": "SiteObservationView", "identifier": {"value": "https://geosciml4china.example.org/J43C001002/foliation/P2q.4", "@codeSpace": "http://www.ietf.org/rfc/rfc2616"}, "observationName": "bedding fabric", "label": "225°∠20°", "observedProperty": "planar orientation", "observedValue": "20", "observedValueUom": "deg", "propertyType_uri": "http://resource.geosciml.org/classifier/cgi/foliationtype/bedding_fabric", "symbolRotation": 135, "genericSymbolizer": "202001", "sem_type": "202001", "featureOfInterest": "棋盘组", "featureOfInterest_uri": "https://geosciml4china.example.org/J43C001002/geologicunit/P2q"}}, {"type": "Feature", "id": "https://geosciml4china.example.org/J43C001002/foliation/N1p.21", "geometry": {"type": "Point", "coordinates": [74.3367702794709, 39.4219104877488]}, "properties": {"@featureType": "SiteObservationView", "identifier": {"value": "https://geosciml4china.example.org/J43C001002/foliation/N1p.21", "@codeSpace": "http://www.ietf.org/rfc/rfc2616"}, "observationName": "bedding fabric", "label": "191°∠45°", "observedProperty": "planar orientation", "observedValue": "45", "observedValueUom": "deg", "propertyType_uri": "http://resource.geosciml.org/classifier/cgi/foliationtype/bedding_fabric", "symbolRotation": 101, "genericSymbolizer": "202001", "sem_type": "202001", "featureOfInterest": "帕卡布拉克组", "featureOfInterest_uri": "https://geosciml4china.example.org/J43C001002/geologicunit/N1p"}}, {"type": "Feature", "id": "https://geosciml4china.example.org/J43C001002/foliation/N1k.26", "geometry": {"type": "Point", "coordinates": [74.35050958174692, 39.49145715366717]}, "properties": {"@featureType": "SiteObservationView", "identifier": {"value": "https://geosciml4china.example.org/J43C001002/foliation/N1k.26", "@codeSpace": "http://www.ietf.org/rfc/rfc2616"}, "observationName": "bedding fabric", "label": "176°∠58°", "observedProperty": "planar orientation", "observedValue": "58", "observedValueUom": "deg", "propertyType_uri": "http://resource.geosciml.org/classifier/cgi/foliationtype/bedding_fabric", "symbolRotation": 86, "genericSymbolizer": "202001", "sem_type": "202001", "featureOfInterest": "克孜洛依组", "featureOfInterest_uri": "https://geosciml4china.example.org/J43C001002/geologicunit/N1k"}}, {"type": "Feature", "id": "https://geosciml4china.example.org/J43C001002/foliation/N1k.27", "geometry": {"type": "Point", "coordinates": [74.13609999303198, 39.437667730197]}, "properties": {"@featureType": "SiteObservationView", "identifier": {"value": "https://geosciml4china.example.org/J43C001002/foliation/N1k.27", "@codeSpace": "http://www.ietf.org/rfc/rfc2616"}, "observationName": "bedding fabric", "label": "347°∠50°", "observedProperty": "planar orientation", "observedValue": "50", "observedValueUom": "deg", "propertyType_uri": "http://resource.geosciml.org/classifier/cgi/foliationtype/bedding_fabric", "symbolRotation": 257, "genericSymbolizer": "202001", "sem_type": "202001", "featureOfInterest": "克孜洛依组", "featureOfInterest_uri": "https://geosciml4china.example.org/J43C001002/geologicunit/N1k"}}, {"type": "Feature", "id": "https://geosciml4china.example.org/J43C001002/foliation/EK.15", "geometry": {"type": "Point", "coordinates": [74.10733987569891, 39.55370039063121]}, "properties": {"@featureType": "SiteObservationView", "identifier": {"value": "https://geosciml4china.example.org/J43C001002/foliation/EK.15", "@codeSpace": "http://www.ietf.org/rfc/rfc2616"}, "observationName": "bedding fabric", "label": "336°∠13°", "observedProperty": "planar orientation", "observedValue": "13", "observedValueUom": "deg", "propertyType_uri": "http://resource.geosciml.org/classifier/cgi/foliationtype/bedding_fabric", "symbolRotation": 246, "genericSymbolizer": "202001", "sem_type": "202001", "featureOfInterest": "喀什群", "featureOfInterest_uri": "https://geosciml4china.example.org/J43C001002/geologicunit/EK"}}, {"type": "Feature", "id": "https://geosciml4china.example.org/J43C001002/foliation/K1kz.9", "geometry": {"type": "Point", "coordinates": [74.06988571490922, 39.56678911160988]}, "properties": {"@featureType": "SiteObservationView", "identifier": {"value": "https://geosciml4china.example.org/J43C001002/foliation/K1kz.9", "@codeSpace": "http://www.ietf.org/rfc/rfc2616"}, "observationName": "bedding fabric", "label": "139°∠63°", "observedProperty": "planar orientation", "observedValue": "63", "observedValueUom": "deg", "propertyType_uri": "http://resource.geosciml.org/classifier/cgi/foliationtype/bedding_fabric", "symbolRotation": 49, "genericSymbolizer": "202001", "sem_type": "202001", "featureOfInterest": "克孜勒苏组", "featureOfInterest_uri": "https://geosciml4china.example.org/J43C001002/geologicunit/K1kz"}}, {"type": "Feature", "id": "https://geosciml4china.example.org/J43C001002/foliation/S3-4t.7", "geometry": {"type": "Point", "coordinates": [74.02180179266202, 39.61767797776339]}, "properties": {"@featureType": "SiteObservationView", "identifier": {"value": "https://geosciml4china.example.org/J43C001002/foliation/S3-4t.7", "@codeSpace": "http://www.ietf.org/rfc/rfc2616"}, "observationName": "bedding fabric", "label": "288°∠40°", "observedProperty": "planar orientation", "observedValue": "40", "observedValueUom": "deg", "propertyType_uri": "http://resource.geosciml.org/classifier/cgi/foliationtype/bedding_fabric", "symbolRotation": 198, "genericSymbolizer": "202001", "sem_type": "202001", "featureOfInterest": "塔尔特库里组", "featureOfInterest_uri": "https://geosciml4china.example.org/J43C001002/geologicunit/S3-4t"}}, {"type": "Feature", "id": "https://geosciml4china.example.org/J43C001002/foliation/N1k.28", "geometry": {"type": "Point", "coordinates": [74.17343594312092, 39.56657145664885]}, "properties": {"@featureType": "SiteObservationView", "identifier": {"value": "https://geosciml4china.example.org/J43C001002/foliation/N1k.28", "@codeSpace": "http://www.ietf.org/rfc/rfc2616"}, "observationName": "bedding fabric", "label": "325°∠62°", "observedProperty": "planar orientation", "observedValue": "62", "observedValueUom": "deg", "propertyType_uri": "http://resource.geosciml.org/classifier/cgi/foliationtype/bedding_fabric", "symbolRotation": 235, "genericSymbolizer": "202001", "sem_type": "202001", "featureOfInterest": "克孜洛依组", "featureOfInterest_uri": "https://geosciml4china.example.org/J43C001002/geologicunit/N1k"}}, {"type": "Feature", "id": "https://geosciml4china.example.org/J43C001002/foliation/N1k.29", "geometry": {"type": "Point", "coordinates": [74.17562553082755, 39.55196782301599]}, "properties": {"@featureType": "SiteObservationView", "identifier": {"value": "https://geosciml4china.example.org/J43C001002/foliation/N1k.29", "@codeSpace": "http://www.ietf.org/rfc/rfc2616"}, "observationName": "bedding fabric", "label": "158°∠61°", "observedProperty": "planar orientation", "observedValue": "61", "observedValueUom": "deg", "propertyType_uri": "http://resource.geosciml.org/classifier/cgi/foliationtype/bedding_fabric", "symbolRotation": 68, "genericSymbolizer": "202001", "sem_type": "202001", "featureOfInterest": "克孜洛依组", "featureOfInterest_uri": "https://geosciml4china.example.org/J43C001002/geologicunit/N1k"}}, {"type": "Feature", "id": "https://geosciml4china.example.org/J43C001002/foliation/N1a.19", "geometry": {"type": "Point", "coordinates": [74.18817747520099, 39.661988557060525]}, "properties": {"@featureType": "SiteObservationView", "identifier": {"value": "https://geosciml4china.example.org/J43C001002/foliation/N1a.19", "@codeSpace": "http://www.ietf.org/rfc/rfc2616"}, "observationName": "bedding fabric", "label": "350°∠81°", "observedProperty": "planar orientation", "observedValue": "81", "observedValueUom": "deg", "propertyType_uri": "http://resource.geosciml.org/classifier/cgi/foliationtype/bedding_fabric", "symbolRotation": 260, "genericSymbolizer": "202001", "sem_type": "202001", "featureOfInterest": "安居安组", "featureOfInterest_uri": "https://geosciml4china.example.org/J43C001002/geologicunit/N1a"}}, {"type": "Feature", "id": "https://geosciml4china.example.org/J43C001002/foliation/N1k.30", "geometry": {"type": "Point", "coordinates": [74.20967778172076, 39.64959102912154]}, "properties": {"@featureType": "SiteObservationView", "identifier": {"value": "https://geosciml4china.example.org/J43C001002/foliation/N1k.30", "@codeSpace": "http://www.ietf.org/rfc/rfc2616"}, "observationName": "bedding fabric", "label": "336°∠75°", "observedProperty": "planar orientation", "observedValue": "75", "observedValueUom": "deg", "propertyType_uri": "http://resource.geosciml.org/classifier/cgi/foliationtype/bedding_fabric", "symbolRotation": 246, "genericSymbolizer": "202004", "sem_type": "202004", "featureOfInterest": "克孜洛依组", "featureOfInterest_uri": "https://geosciml4china.example.org/J43C001002/geologicunit/N1k"}}, {"type": "Feature", "id": "https://geosciml4china.example.org/J43C001002/foliation/EK.16", "geometry": {"type": "Point", "coordinates": [74.20716545836771, 39.624003828040756]}, "properties": {"@featureType": "SiteObservationView", "identifier": {"value": "https://geosciml4china.example.org/J43C001002/foliation/EK.16", "@codeSpace": "http://www.ietf.org/rfc/rfc2616"}, "observationName": "bedding fabric", "label": "158°∠48°", "observedProperty": "planar orientation", "observedValue": "48", "observedValueUom": "deg", "propertyType_uri": "http://resource.geosciml.org/classifier/cgi/foliationtype/bedding_fabric", "symbolRotation": 68, "genericSymbolizer": "202001", "sem_type": "202001", "featureOfInterest": "喀什群", "featureOfInterest_uri": "https://geosciml4china.example.org/J43C001002/geologicunit/EK"}}, {"type": "Feature", "id": "https://geosciml4china.example.org/J43C001002/foliation/N1p.22", "geometry": {"type": "Point", "coordinates": [74.07165509130716, 39.6549161305387]}, "properties": {"@featureType": "SiteObservationView", "identifier": {"value": "https://geosciml4china.example.org/J43C001002/foliation/N1p.22", "@codeSpace": "http://www.ietf.org/rfc/rfc2616"}, "observationName": "bedding fabric", "label": "110°∠27°", "observedProperty": "planar orientation", "observedValue": "27", "observedValueUom": "deg", "propertyType_uri": "http://resource.geosciml.org/classifier/cgi/foliationtype/bedding_fabric", "symbolRotation": 20, "genericSymbolizer": "202001", "sem_type": "202001", "featureOfInterest": "帕卡布拉克组", "featureOfInterest_uri": "https://geosciml4china.example.org/J43C001002/geologicunit/N1p"}}, {"type": "Feature", "id": "https://geosciml4china.example.org/J43C001002/foliation/P2q.5", "geometry": {"type": "Point", "coordinates": [74.06221777880113, 39.34204908922204]}, "properties": {"@featureType": "SiteObservationView", "identifier": {"value": "https://geosciml4china.example.org/J43C001002/foliation/P2q.5", "@codeSpace": "http://www.ietf.org/rfc/rfc2616"}, "observationName": "bedding fabric", "label": "201°∠30°", "observedProperty": "planar orientation", "observedValue": "30", "observedValueUom": "deg", "propertyType_uri": "http://resource.geosciml.org/classifier/cgi/foliationtype/bedding_fabric", "symbolRotation": 111, "genericSymbolizer": "202001", "sem_type": "202001", "featureOfInterest": "棋盘组", "featureOfInterest_uri": "https://geosciml4china.example.org/J43C001002/geologicunit/P2q"}}, {"type": "Feature", "id": "https://geosciml4china.example.org/J43C001002/foliation/N1k.31", "geometry": {"type": "Point", "coordinates": [74.06245720867985, 39.59840129191314]}, "properties": {"@featureType": "SiteObservationView", "identifier": {"value": "https://geosciml4china.example.org/J43C001002/foliation/N1k.31", "@codeSpace": "http://www.ietf.org/rfc/rfc2616"}, "observationName": "bedding fabric", "label": "336°∠67°", "observedProperty": "planar orientation", "observedValue": "67", "observedValueUom": "deg", "propertyType_uri": "http://resource.geosciml.org/classifier/cgi/foliationtype/bedding_fabric", "symbolRotation": 246, "genericSymbolizer": "202001", "sem_type": "202001", "featureOfInterest": "克孜洛依组", "featureOfInterest_uri": "https://geosciml4china.example.org/J43C001002/geologicunit/N1k"}}, {"type": "Feature", "id": "https://geosciml4china.example.org/J43C001002/foliation/EK.17", "geometry": {"type": "Point", "coordinates": [74.15799948477527, 39.39709926736472]}, "properties": {"@featureType": "SiteObservationView", "identifier": {"value": "https://geosciml4china.example.org/J43C001002/foliation/EK.17", "@codeSpace": "http://www.ietf.org/rfc/rfc2616"}, "observationName": "bedding fabric", "label": "0°∠30°", "observedProperty": "planar orientation", "observedValue": "30", "observedValueUom": "deg", "propertyType_uri": "http://resource.geosciml.org/classifier/cgi/foliationtype/bedding_fabric", "symbolRotation": 270, "genericSymbolizer": "202001", "sem_type": "202001", "featureOfInterest": "喀什群", "featureOfInterest_uri": "https://geosciml4china.example.org/J43C001002/geologicunit/EK"}}, {"type": "Feature", "id": "https://geosciml4china.example.org/J43C001002/foliation/N1k.32", "geometry": {"type": "Point", "coordinates": [74.14315312612185, 39.47180262826866]}, "properties": {"@featureType": "SiteObservationView", "identifier": {"value": "https://geosciml4china.example.org/J43C001002/foliation/N1k.32", "@codeSpace": "http://www.ietf.org/rfc/rfc2616"}, "observationName": "bedding fabric", "label": "0°∠49°", "observedProperty": "planar orientation", "observedValue": "49", "observedValueUom": "deg", "propertyType_uri": "http://resource.geosciml.org/classifier/cgi/foliationtype/bedding_fabric", "symbolRotation": 270, "genericSymbolizer": "202001", "sem_type": "202001", "featureOfInterest": "克孜洛依组", "featureOfInterest_uri": "https://geosciml4china.example.org/J43C001002/geologicunit/N1k"}}, {"type": "Feature", "id": "https://geosciml4china.example.org/J43C001002/foliation/N1k.33", "geometry": {"type": "Point", "coordinates": [74.26333572469642, 39.61371049598083]}, "properties": {"@featureType": "SiteObservationView", "identifier": {"value": "https://geosciml4china.example.org/J43C001002/foliation/N1k.33", "@codeSpace": "http://www.ietf.org/rfc/rfc2616"}, "observationName": "bedding fabric", "label": "130°∠65°", "observedProperty": "planar orientation", "observedValue": "65", "observedValueUom": "deg", "propertyType_uri": "http://resource.geosciml.org/classifier/cgi/foliationtype/bedding_fabric", "symbolRotation": 40, "genericSymbolizer": "202001", "sem_type": "202001", "featureOfInterest": "克孜洛依组", "featureOfInterest_uri": "https://geosciml4china.example.org/J43C001002/geologicunit/N1k"}}, {"type": "Feature", "id": "https://geosciml4china.example.org/J43C001002/foliation/EK.18", "geometry": {"type": "Point", "coordinates": [74.29204669247495, 39.644672565153854]}, "properties": {"@featureType": "SiteObservationView", "identifier": {"value": "https://geosciml4china.example.org/J43C001002/foliation/EK.18", "@codeSpace": "http://www.ietf.org/rfc/rfc2616"}, "observationName": "bedding fabric", "label": "333°∠82°", "observedProperty": "planar orientation", "observedValue": "82", "observedValueUom": "deg", "propertyType_uri": "http://resource.geosciml.org/classifier/cgi/foliationtype/bedding_fabric", "symbolRotation": 243, "genericSymbolizer": "202001", "sem_type": "202001", "featureOfInterest": "喀什群", "featureOfInterest_uri": "https://geosciml4china.example.org/J43C001002/geologicunit/EK"}}, {"type": "Feature", "id": "https://geosciml4china.example.org/J43C001002/foliation/N1k.34", "geometry": {"type": "Point", "coordinates": [74.29087362965936, 39.62823338925943]}, "properties": {"@featureType": "SiteObservationView", "identifier": {"value": "https://geosciml4china.example.org/J43C001002/foliation/N1k.34", "@codeSpace": "http://www.ietf.org/rfc/rfc2616"}, "observationName": "bedding fabric", "label": "170°∠58°", "observedProperty": "planar orientation", "observedValue": "58", "observedValueUom": "deg", "propertyType_uri": "http://resource.geosciml.org/classifier/cgi/foliationtype/bedding_fabric", "symbolRotation": 80, "genericSymbolizer": "202001", "sem_type": "202001", "featureOfInterest": "克孜洛依组", "featureOfInterest_uri": "https://geosciml4china.example.org/J43C001002/geologicunit/N1k"}}, {"type": "Feature", "id": "https://geosciml4china.example.org/J43C001002/foliation/N1k.35", "geometry": {"type": "Point", "coordinates": [74.31204311136814, 39.447400566282596]}, "properties": {"@featureType": "SiteObservationView", "identifier": {"value": "https://geosciml4china.example.org/J43C001002/foliation/N1k.35", "@codeSpace": "http://www.ietf.org/rfc/rfc2616"}, "observationName": "bedding fabric", "label": "357°∠51°", "observedProperty": "planar orientation", "observedValue": "51", "observedValueUom": "deg", "propertyType_uri": "http://resource.geosciml.org/classifier/cgi/foliationtype/bedding_fabric", "symbolRotation": 267, "genericSymbolizer": "202001", "sem_type": "202001", "featureOfInterest": "克孜洛依组", "featureOfInterest_uri": "https://geosciml4china.example.org/J43C001002/geologicunit/N1k"}}, {"type": "Feature", "id": "https://geosciml4china.example.org/J43C001002/foliation/N1p.23", "geometry": {"type": "Point", "coordinates": [74.32254931364587, 39.4308213825049]}, "properties": {"@featureType": "SiteObservationView", "identifier": {"value": "https://geosciml4china.example.org/J43C001002/foliation/N1p.23", "@codeSpace": "http://www.ietf.org/rfc/rfc2616"}, "observationName": "bedding fabric", "label": "180°∠48°", "observedProperty": "planar orientation", "observedValue": "48", "observedValueUom": "deg", "propertyType_uri": "http://resource.geosciml.org/classifier/cgi/foliationtype/bedding_fabric", "symbolRotation": 90, "genericSymbolizer": "202001", "sem_type": "202001", "featureOfInterest": "帕卡布拉克组", "featureOfInterest_uri": "https://geosciml4china.example.org/J43C001002/geologicunit/N1p"}}, {"type": "Feature", "id": "https://geosciml4china.example.org/J43C001002/foliation/P2q.6", "geometry": {"type": "Point", "coordinates": [74.33503614116738, 39.38220018308528]}, "properties": {"@featureType": "SiteObservationView", "identifier": {"value": "https://geosciml4china.example.org/J43C001002/foliation/P2q.6", "@codeSpace": "http://www.ietf.org/rfc/rfc2616"}, "observationName": "bedding fabric", "label": "37°∠38°", "observedProperty": "planar orientation", "observedValue": "38", "observedValueUom": "deg", "propertyType_uri": "http://resource.geosciml.org/classifier/cgi/foliationtype/bedding_fabric", "symbolRotation": 307, "genericSymbolizer": "202001", "sem_type": "202001", "featureOfInterest": "棋盘组", "featureOfInterest_uri": "https://geosciml4china.example.org/J43C001002/geologicunit/P2q"}}, {"type": "Feature", "id": "https://geosciml4china.example.org/J43C001002/foliation/N1k.36", "geometry": {"type": "Point", "coordinates": [74.3359474809892, 39.61998064008373]}, "properties": {"@featureType": "SiteObservationView", "identifier": {"value": "https://geosciml4china.example.org/J43C001002/foliation/N1k.36", "@codeSpace": "http://www.ietf.org/rfc/rfc2616"}, "observationName": "bedding fabric", "label": "342°∠87°", "observedProperty": "planar orientation", "observedValue": "87", "observedValueUom": "deg", "propertyType_uri": "http://resource.geosciml.org/classifier/cgi/foliationtype/bedding_fabric", "symbolRotation": 252, "genericSymbolizer": "202001", "sem_type": "202001", "featureOfInterest": "克孜洛依组", "featureOfInterest_uri": "https://geosciml4china.example.org/J43C001002/geologicunit/N1k"}}, {"type": "Feature", "id": "https://geosciml4china.example.org/J43C001002/foliation/N1p.24", "geometry": {"type": "Point", "coordinates": [74.48518582548631, 39.48799951528158]}, "properties": {"@featureType": "SiteObservationView", "identifier": {"value": "https://geosciml4china.example.org/J43C001002/foliation/N1p.24", "@codeSpace": "http://www.ietf.org/rfc/rfc2616"}, "observationName": "bedding fabric", "label": "177°∠60°", "observedProperty": "planar orientation", "observedValue": "60", "observedValueUom": "deg", "propertyType_uri": "http://resource.geosciml.org/classifier/cgi/foliationtype/bedding_fabric", "symbolRotation": 87, "genericSymbolizer": "202001", "sem_type": "202001", "featureOfInterest": "帕卡布拉克组", "featureOfInterest_uri": "https://geosciml4china.example.org/J43C001002/geologicunit/N1p"}}, {"type": "Feature", "id": "https://geosciml4china.example.org/J43C001002/foliation/N1k.37", "geometry": {"type": "Point", "coordinates": [74.03353863425274, 39.61534727602207]}, "properties": {"@featureType": "SiteObservationView", "identifier": {"value": "https://geosciml4china.example.org/J43C001002/foliation/N1k.37", "@codeSpace": "http://www.ietf.org/rfc/rfc2616"}, "observationName": "bedding fabric", "label": "110°∠37°", "observedProperty": "planar orientation", "observedValue": "37", "observedValueUom": "deg", "propertyType_uri": "http://resource.geosciml.org/classifier/cgi/foliationtype/bedding_fabric", "symbolRotation": 20, "genericSymbolizer": "202001", "sem_type": "202001", "featureOfInterest": "克孜洛依组", "featureOfInterest_uri": "https://geosciml4china.example.org/J43C001002/geologicunit/N1k"}}, {"type": "Feature", "id": "https://geosciml4china.example.org/J43C001002/foliation/P2q.7", "geometry": {"type": "Point", "coordinates": [74.0638094864151, 39.375970532513136]}, "properties": {"@featureType": "SiteObservationView", "identifier": {"value": "https://geosciml4china.example.org/J43C001002/foliation/P2q.7", "@codeSpace": "http://www.ietf.org/rfc/rfc2616"}, "observationName": "bedding fabric", "label": "203°∠55°", "observedProperty": "planar orientation", "observedValue": "55", "observedValueUom": "deg", "propertyType_uri": "http://resource.geosciml.org/classifier/cgi/foliationtype/bedding_fabric", "symbolRotation": 113, "genericSymbolizer": "202001", "sem_type": "202001", "featureOfInterest": "棋盘组", "featureOfInterest_uri": "https://geosciml4china.example.org/J43C001002/geologicunit/P2q"}}, {"type": "Feature", "id": "https://geosciml4china.example.org/J43C001002/foliation/EK.19", "geometry": {"type": "Point", "coordinates": [74.11392989013025, 39.415960405043215]}, "properties": {"@featureType": "SiteObservationView", "identifier": {"value": "https://geosciml4china.example.org/J43C001002/foliation/EK.19", "@codeSpace": "http://www.ietf.org/rfc/rfc2616"}, "observationName": "bedding fabric", "label": "8°∠73°", "observedProperty": "planar orientation", "observedValue": "73", "observedValueUom": "deg", "propertyType_uri": "http://resource.geosciml.org/classifier/cgi/foliationtype/bedding_fabric", "symbolRotation": 278, "genericSymbolizer": "202001", "sem_type": "202001", "featureOfInterest": "喀什群", "featureOfInterest_uri": "https://geosciml4china.example.org/J43C001002/geologicunit/EK"}}, {"type": "Feature", "id": "https://geosciml4china.example.org/J43C001002/foliation/EK.20", "geometry": {"type": "Point", "coordinates": [74.12550467035807, 39.5010556806923]}, "properties": {"@featureType": "SiteObservationView", "identifier": {"value": "https://geosciml4china.example.org/J43C001002/foliation/EK.20", "@codeSpace": "http://www.ietf.org/rfc/rfc2616"}, "observationName": "bedding fabric", "label": "348°∠70°", "observedProperty": "planar orientation", "observedValue": "70", "observedValueUom": "deg", "propertyType_uri": "http://resource.geosciml.org/classifier/cgi/foliationtype/bedding_fabric", "symbolRotation": 258, "genericSymbolizer": "202001", "sem_type": "202001", "featureOfInterest": "喀什群", "featureOfInterest_uri": "https://geosciml4china.example.org/J43C001002/geologicunit/EK"}}, {"type": "Feature", "id": "https://geosciml4china.example.org/J43C001002/foliation/EK.21", "geometry": {"type": "Point", "coordinates": [74.13266322205396, 39.49600773176708]}, "properties": {"@featureType": "SiteObservationView", "identifier": {"value": "https://geosciml4china.example.org/J43C001002/foliation/EK.21", "@codeSpace": "http://www.ietf.org/rfc/rfc2616"}, "observationName": "bedding fabric", "label": "160°∠45°", "observedProperty": "planar orientation", "observedValue": "45", "observedValueUom": "deg", "propertyType_uri": "http://resource.geosciml.org/classifier/cgi/foliationtype/bedding_fabric", "symbolRotation": 70, "genericSymbolizer": "202001", "sem_type": "202001", "featureOfInterest": "喀什群", "featureOfInterest_uri": "https://geosciml4china.example.org/J43C001002/geologicunit/EK"}}, {"type": "Feature", "id": "https://geosciml4china.example.org/J43C001002/foliation/EK.22", "geometry": {"type": "Point", "coordinates": [74.20243426416779, 39.60698493227711]}, "properties": {"@featureType": "SiteObservationView", "identifier": {"value": "https://geosciml4china.example.org/J43C001002/foliation/EK.22", "@codeSpace": "http://www.ietf.org/rfc/rfc2616"}, "observationName": "bedding fabric", "label": "344°∠46°", "observedProperty": "planar orientation", "observedValue": "46", "observedValueUom": "deg", "propertyType_uri": "http://resource.geosciml.org/classifier/cgi/foliationtype/bedding_fabric", "symbolRotation": 254, "genericSymbolizer": "202001", "sem_type": "202001", "featureOfInterest": "喀什群", "featureOfInterest_uri": "https://geosciml4china.example.org/J43C001002/geologicunit/EK"}}, {"type": "Feature", "id": "https://geosciml4china.example.org/J43C001002/foliation/N1a.20", "geometry": {"type": "Point", "coordinates": [74.40181446987448, 39.523627549995176]}, "properties": {"@featureType": "SiteObservationView", "identifier": {"value": "https://geosciml4china.example.org/J43C001002/foliation/N1a.20", "@codeSpace": "http://www.ietf.org/rfc/rfc2616"}, "observationName": "bedding fabric", "label": "170°∠70°", "observedProperty": "planar orientation", "observedValue": "70", "observedValueUom": "deg", "propertyType_uri": "http://resource.geosciml.org/classifier/cgi/foliationtype/bedding_fabric", "symbolRotation": 80, "genericSymbolizer": "202001", "sem_type": "202001", "featureOfInterest": "安居安组", "featureOfInterest_uri": "https://geosciml4china.example.org/J43C001002/geologicunit/N1a"}}, {"type": "Feature", "id": "https://geosciml4china.example.org/J43C001002/foliation/Qp1X.13", "geometry": {"type": "Point", "coordinates": [74.48930300680126, 39.452870770918715]}, "properties": {"@featureType": "SiteObservationView", "identifier": {"value": "https://geosciml4china.example.org/J43C001002/foliation/Qp1X.13", "@codeSpace": "http://www.ietf.org/rfc/rfc2616"}, "observationName": "bedding fabric", "label": "14°∠18°", "observedProperty": "planar orientation", "observedValue": "18", "observedValueUom": "deg", "propertyType_uri": "http://resource.geosciml.org/classifier/cgi/foliationtype/bedding_fabric", "symbolRotation": 284, "genericSymbolizer": "202001", "sem_type": "202001", "featureOfInterest": "西域组", "featureOfInterest_uri": "https://geosciml4china.example.org/J43C001002/geologicunit/Qp1X"}}, {"type": "Feature", "id": "https://geosciml4china.example.org/J43C001002/foliation/ChSt.10", "geometry": {"type": "Point", "coordinates": [74.03480586232794, 39.14592204309108]}, "properties": {"@featureType": "SiteObservationView", "identifier": {"value": "https://geosciml4china.example.org/J43C001002/foliation/ChSt.10", "@codeSpace": "http://www.ietf.org/rfc/rfc2616"}, "observationName": "schistosity", "label": "47°∠62°", "observedProperty": "planar orientation", "observedValue": "62", "observedValueUom": "deg", "propertyType_uri": "http://resource.geosciml.org/classifier/cgi/foliationtype/schistosity", "symbolRotation": 317, "genericSymbolizer": "202005", "sem_type": "202005", "featureOfInterest": "赛图拉岩群", "featureOfInterest_uri": "https://geosciml4china.example.org/J43C001002/geologicunit/ChSt"}}, {"type": "Feature", "id": "https://geosciml4china.example.org/J43C001002/foliation/ChSt.11", "geometry": {"type": "Point", "coordinates": [74.06488145462487, 39.10211958462422]}, "properties": {"@featureType": "SiteObservationView", "identifier": {"value": "https://geosciml4china.example.org/J43C001002/foliation/ChSt.11", "@codeSpace": "http://www.ietf.org/rfc/rfc2616"}, "observationName": "schistosity", "label": "183°∠44°", "observedProperty": "planar orientation", "observedValue": "44", "observedValueUom": "deg", "propertyType_uri": "http://resource.geosciml.org/classifier/cgi/foliationtype/schistosity", "symbolRotation": 93, "genericSymbolizer": "202005", "sem_type": "202005", "featureOfInterest": "赛图拉岩群", "featureOfInterest_uri": "https://geosciml4china.example.org/J43C001002/geologicunit/ChSt"}}, {"type": "Feature", "id": "https://geosciml4china.example.org/J43C001002/foliation/ChSt.12", "geometry": {"type": "Point", "coordinates": [74.28757530860948, 39.028799541379215]}, "properties": {"@featureType": "SiteObservationView", "identifier": {"value": "https://geosciml4china.example.org/J43C001002/foliation/ChSt.12", "@codeSpace": "http://www.ietf.org/rfc/rfc2616"}, "observationName": "schistosity", "label": "26°∠53°", "observedProperty": "planar orientation", "observedValue": "53", "observedValueUom": "deg", "propertyType_uri": "http://resource.geosciml.org/classifier/cgi/foliationtype/schistosity", "symbolRotation": 296, "genericSymbolizer": "202005", "sem_type": "202005", "featureOfInterest": "赛图拉岩群", "featureOfInterest_uri": "https://geosciml4china.example.org/J43C001002/geologicunit/ChSt"}}, {"type": "Feature", "id": "https://geosciml4china.example.org/J43C001002/foliation/ChSt.13", "geometry": {"type": "Point", "coordinates": [74.36898996631282, 39.04046310565747]}, "properties": {"@featureType": "SiteObservationView", "identifier": {"value": "https://geosciml4china.example.org/J43C001002/foliation/ChSt.13", "@codeSpace": "http://www.ietf.org/rfc/rfc2616"}, "observationName": "schistosity", "label": "21°∠42°", "observedProperty": "planar orientation", "observedValue": "42", "observedValueUom": "deg", "propertyType_uri": "http://resource.geosciml.org/classifier/cgi/foliationtype/schistosity", "symbolRotation": 291, "genericSymbolizer": "202005", "sem_type": "202005", "featureOfInterest": "赛图拉岩群", "featureOfInterest_uri": "https://geosciml4china.example.org/J43C001002/geologicunit/ChSt"}}, {"type": "Feature", "id": "https://geosciml4china.example.org/J43C001002/foliation/ChSt.14", "geometry": {"type": "Point", "coordinates": [74.38660767151362, 39.05043533166207]}, "properties": {"@featureType": "SiteObservationView", "identifier": {"value": "https://geosciml4china.example.org/J43C001002/foliation/ChSt.14", "@codeSpace": "http://www.ietf.org/rfc/rfc2616"}, "observationName": "schistosity", "label": "201°∠55°", "observedProperty": "planar orientation", "observedValue": "55", "observedValueUom": "deg", "propertyType_uri": "http://resource.geosciml.org/classifier/cgi/foliationtype/schistosity", "symbolRotation": 111, "genericSymbolizer": "202005", "sem_type": "202005", "featureOfInterest": "赛图拉岩群", "featureOfInterest_uri": "https://geosciml4china.example.org/J43C001002/geologicunit/ChSt"}}, {"type": "Feature", "id": "https://geosciml4china.example.org/J43C001002/foliation/ChSt.15", "geometry": {"type": "Point", "coordinates": [74.29153553903949, 39.075676138803225]}, "properties": {"@featureType": "SiteObservationView", "identifier": {"value": "https://geosciml4china.example.org/J43C001002/foliation/ChSt.15", "@codeSpace": "http://www.ietf.org/rfc/rfc2616"}, "observationName": "schistosity", "label": "26°∠54°", "observedProperty": "planar orientation", "observedValue": "54", "observedValueUom": "deg", "propertyType_uri": "http://resource.geosciml.org/classifier/cgi/foliationtype/schistosity", "symbolRotation": 296, "genericSymbolizer": "202005", "sem_type": "202005", "featureOfInterest": "赛图拉岩群", "featureOfInterest_uri": "https://geosciml4china.example.org/J43C001002/geologicunit/ChSt"}}, {"type": "Feature", "id": "https://geosciml4china.example.org/J43C001002/foliation/ChSt.16", "geometry": {"type": "Point", "coordinates": [74.28341492191493, 39.061243946464934]}, "properties": {"@featureType": "SiteObservationView", "identifier": {"value": "https://geosciml4china.example.org/J43C001002/foliation/ChSt.16", "@codeSpace": "http://www.ietf.org/rfc/rfc2616"}, "observationName": "schistosity", "label": "26°∠50°", "observedProperty": "planar orientation", "observedValue": "50", "observedValueUom": "deg", "propertyType_uri": "http://resource.geosciml.org/classifier/cgi/foliationtype/schistosity", "symbolRotation": 296, "genericSymbolizer": "202005", "sem_type": "202005", "featureOfInterest": "赛图拉岩群", "featureOfInterest_uri": "https://geosciml4china.example.org/J43C001002/geologicunit/ChSt"}}, {"type": "Feature", "id": "https://geosciml4china.example.org/J43C001002/foliation/ChSt.17", "geometry": {"type": "Point", "coordinates": [74.28999799323132, 39.04245444341314]}, "properties": {"@featureType": "SiteObservationView", "identifier": {"value": "https://geosciml4china.example.org/J43C001002/foliation/ChSt.17", "@codeSpace": "http://www.ietf.org/rfc/rfc2616"}, "observationName": "schistosity", "label": "26°∠52°", "observedProperty": "planar orientation", "observedValue": "52", "observedValueUom": "deg", "propertyType_uri": "http://resource.geosciml.org/classifier/cgi/foliationtype/schistosity", "symbolRotation": 296, "genericSymbolizer": "202005", "sem_type": "202005", "featureOfInterest": "赛图拉岩群", "featureOfInterest_uri": "https://geosciml4china.example.org/J43C001002/geologicunit/ChSt"}}, {"type": "Feature", "id": "https://geosciml4china.example.org/J43C001002/foliation/ChSt.18", "geometry": {"type": "Point", "coordinates": [74.02609920574754, 39.20129954883438]}, "properties": {"@featureType": "SiteObservationView", "identifier": {"value": "https://geosciml4china.example.org/J43C001002/foliation/ChSt.18", "@codeSpace": "http://www.ietf.org/rfc/rfc2616"}, "observationName": "schistosity", "label": "174°∠71°", "observedProperty": "planar orientation", "observedValue": "71", "observedValueUom": "deg", "propertyType_uri": "http://resource.geosciml.org/classifier/cgi/foliationtype/schistosity", "symbolRotation": 84, "genericSymbolizer": "202005", "sem_type": "202005", "featureOfInterest": "赛图拉岩群", "featureOfInterest_uri": "https://geosciml4china.example.org/J43C001002/geologicunit/ChSt"}}, {"type": "Feature", "id": "https://geosciml4china.example.org/J43C001002/foliation/ChSt.19", "geometry": {"type": "Point", "coordinates": [74.45589700178978, 39.20476461325638]}, "properties": {"@featureType": "SiteObservationView", "identifier": {"value": "https://geosciml4china.example.org/J43C001002/foliation/ChSt.19", "@codeSpace": "http://www.ietf.org/rfc/rfc2616"}, "observationName": "bedding fabric", "label": "230°∠32°", "observedProperty": "planar orientation", "observedValue": "32", "observedValueUom": "deg", "propertyType_uri": "http://resource.geosciml.org/classifier/cgi/foliationtype/bedding_fabric", "symbolRotation": 140, "genericSymbolizer": "202001", "sem_type": "202001", "featureOfInterest": "赛图拉岩群", "featureOfInterest_uri": "https://geosciml4china.example.org/J43C001002/geologicunit/ChSt"}}, {"type": "Feature", "id": "https://geosciml4china.example.org/J43C001002/foliation/Pt1K.1", "geometry": {"type": "Point", "coordinates": [74.03673119573656, 39.21161072739503]}, "properties": {"@featureType": "SiteObservationView", "identifier": {"value": "https://geosciml4china.example.org/J43C001002/foliation/Pt1K.1", "@codeSpace": "http://www.ietf.org/rfc/rfc2616"}, "observationName": "gneissic layering", "label": "193°∠72°", "observedProperty": "planar orientation", "observedValue": "72", "observedValueUom": "deg", "propertyType_uri": "http://resource.geosciml.org/classifier/cgi/foliationtype/gneissic_layering", "symbolRotation": 103, "genericSymbolizer": "202005", "sem_type": "片麻理产状", "featureOfInterest": "喀拉喀什岩群", "featureOfInterest_uri": "https://geosciml4china.example.org/J43C001002/geologicunit/Pt1K"}}, {"type": "Feature", "id": "https://geosciml4china.example.org/J43C001002/foliation/ChSt.20", "geometry": {"type": "Point", "coordinates": [74.03137520087753, 39.17470495765551]}, "properties": {"@featureType": "SiteObservationView", "identifier": {"value": "https://geosciml4china.example.org/J43C001002/foliation/ChSt.20", "@codeSpace": "http://www.ietf.org/rfc/rfc2616"}, "observationName": "schistosity", "label": "22°∠80°", "observedProperty": "planar orientation", "observedValue": "80", "observedValueUom": "deg", "propertyType_uri": "http://resource.geosciml.org/classifier/cgi/foliationtype/schistosity", "symbolRotation": 292, "genericSymbolizer": "202005", "sem_type": "202005", "featureOfInterest": "赛图拉岩群", "featureOfInterest_uri": "https://geosciml4china.example.org/J43C001002/geologicunit/ChSt"}}, {"type": "Feature", "id": "https://geosciml4china.example.org/J43C001002/foliation/ChSt.21", "geometry": {"type": "Point", "coordinates": [74.06432114012362, 39.08475628409079]}, "properties": {"@featureType": "SiteObservationView", "identifier": {"value": "https://geosciml4china.example.org/J43C001002/foliation/ChSt.21", "@codeSpace": "http://www.ietf.org/rfc/rfc2616"}, "observationName": "schistosity", "label": "187°∠40°", "observedProperty": "planar orientation", "observedValue": "40", "observedValueUom": "deg", "propertyType_uri": "http://resource.geosciml.org/classifier/cgi/foliationtype/schistosity", "symbolRotation": 97, "genericSymbolizer": "202005", "sem_type": "202005", "featureOfInterest": "赛图拉岩群", "featureOfInterest_uri": "https://geosciml4china.example.org/J43C001002/geologicunit/ChSt"}}, {"type": "Feature", "id": "https://geosciml4china.example.org/J43C001002/foliation/ChSt.22", "geometry": {"type": "Point", "coordinates": [74.27337510395999, 39.01439428664334]}, "properties": {"@featureType": "SiteObservationView", "identifier": {"value": "https://geosciml4china.example.org/J43C001002/foliation/ChSt.22", "@codeSpace": "http://www.ietf.org/rfc/rfc2616"}, "observationName": "schistosity", "label": "26°∠55°", "observedProperty": "planar orientation", "observedValue": "55", "observedValueUom": "deg", "propertyType_uri": "http://resource.geosciml.org/classifier/cgi/foliationtype/schistosity", "symbolRotation": 296, "genericSymbolizer": "202005", "sem_type": "202005", "featureOfInterest": "赛图拉岩群", "featureOfInterest_uri": "https://geosciml4china.example.org/J43C001002/geologicunit/ChSt"}}, {"type": "Feature", "id": "https://geosciml4china.example.org/J43C001002/foliation/Pt1K.2", "geometry": {"type": "Point", "coordinates": [74.0314497437105, 39.22585892719112]}, "properties": {"@featureType": "SiteObservationView", "identifier": {"value": "https://geosciml4china.example.org/J43C001002/foliation/Pt1K.2", "@codeSpace": "http://www.ietf.org/rfc/rfc2616"}, "observationName": "gneissic layering", "label": "193°∠40°", "observedProperty": "planar orientation", "observedValue": "40", "observedValueUom": "deg", "propertyType_uri": "http://resource.geosciml.org/classifier/cgi/foliationtype/gneissic_layering", "symbolRotation": 103, "genericSymbolizer": "202005", "sem_type": "片麻理产状", "featureOfInterest": "喀拉喀什岩群", "featureOfInterest_uri": "https://geosciml4china.example.org/J43C001002/geologicunit/Pt1K"}}, {"type": "Feature", "id": "https://geosciml4china.example.org/J43C001002/foliation/ChSt.23", "geometry": {"type": "Point", "coordinates": [74.0462533953107, 39.06398381939453]}, "properties": {"@featureType": "SiteObservationView", "identifier": {"value": "https://geosciml4china.example.org/J43C001002/foliation/ChSt.23", "@codeSpace": "http://www.ietf.org/rfc/rfc2616"}, "observationName": "schistosity", "label": "205°∠48°", "observedProperty": "planar orientation", "observedValue": "48", "observedValueUom": "deg", "propertyType_uri": "http://resource.geosciml.org/classifier/cgi/foliationtype/schistosity", "symbolRotation": 115, "genericSymbolizer": "202005", "sem_type": "202005", "featureOfInterest": "赛图拉岩群", "featureOfInterest_uri": "https://geosciml4china.example.org/J43C001002/geologicunit/ChSt"}}, {"type": "Feature", "id": "https://geosciml4china.example.org/J43C001002/foliation/ChSt.24", "geometry": {"type": "Point", "coordinates": [74.06522697225243, 39.12206383620742]}, "properties": {"@featureType": "SiteObservationView", "identifier": {"value": "https://geosciml4china.example.org/J43C001002/foliation/ChSt.24", "@codeSpace": "http://www.ietf.org/rfc/rfc2616"}, "observationName": "schistosity", "label": "36°∠28°", "observedProperty": "planar orientation", "observedValue": "28", "observedValueUom": "deg", "propertyType_uri": "http://resource.geosciml.org/classifier/cgi/foliationtype/schistosity", "symbolRotation": 306, "genericSymbolizer": "202005", "sem_type": "202005", "featureOfInterest": "赛图拉岩群", "featureOfInterest_uri": "https://geosciml4china.example.org/J43C001002/geologicunit/ChSt"}}, {"type": "Feature", "id": "https://geosciml4china.example.org/J43C001002/foliation/ChSt.25", "geometry": {"type": "Point", "coordinates": [74.27125348857831, 39.23394613118306]}, "properties": {"@featureType": "SiteObservationView", "identifier": {"value": "https://geosciml4china.example.org/J43C001002/foliation/ChSt.25", "@codeSpace": "http://www.ietf.org/rfc/rfc2616"}, "observationName": "bedding fabric", "label": "340°∠32°", "observedProperty": "planar orientation", "observedValue": "32", "observedValueUom": "deg", "propertyType_uri": "http://resource.geosciml.org/classifier/cgi/foliationtype/bedding_fabric", "symbolRotation": 250, "genericSymbolizer": "202001", "sem_type": "202001", "featureOfInterest": "赛图拉岩群", "featureOfInterest_uri": "https://geosciml4china.example.org/J43C001002/geologicunit/ChSt"}}, {"type": "Feature", "id": "https://geosciml4china.example.org/J43C001002/foliation/Pt1K.3", "geometry": {"type": "Point", "coordinates": [74.03492773035846, 39.241533964662175]}, "properties": {"@featureType": "SiteObservationView", "identifier": {"value": "https://geosciml4china.example.org/J43C001002/foliation/Pt1K.3", "@codeSpace": "http://www.ietf.org/rfc/rfc2616"}, "observationName": "gneissic layering", "label": "181°∠50°", "observedProperty": "planar orientation", "observedValue": "50", "observedValueUom": "deg", "propertyType_uri": "http://resource.geosciml.org/classifier/cgi/foliationtype/gneissic_layering", "symbolRotation": 91, "genericSymbolizer": "202005", "sem_type": "片麻理产状", "featureOfInterest": "喀拉喀什岩群", "featureOfInterest_uri": "https://geosciml4china.example.org/J43C001002/geologicunit/Pt1K"}}, {"type": "Feature", "id": "https://geosciml4china.example.org/J43C001002/foliation/ChSt.26", "geometry": {"type": "Point", "coordinates": [74.16366919516837, 39.07805928943227]}, "properties": {"@featureType": "SiteObservationView", "identifier": {"value": "https://geosciml4china.example.org/J43C001002/foliation/ChSt.26", "@codeSpace": "http://www.ietf.org/rfc/rfc2616"}, "observationName": "schistosity", "label": "358°∠52°", "observedProperty": "planar orientation", "observedValue": "52", "observedValueUom": "deg", "propertyType_uri": "http://resource.geosciml.org/classifier/cgi/foliationtype/schistosity", "symbolRotation": 268, "genericSymbolizer": "202005", "sem_type": "202005", "featureOfInterest": "赛图拉岩群", "featureOfInterest_uri": "https://geosciml4china.example.org/J43C001002/geologicunit/ChSt"}}, {"type": "Feature", "id": "https://geosciml4china.example.org/J43C001002/foliation/ChSt.27", "geometry": {"type": "Point", "coordinates": [74.35752723900445, 39.00649972348545]}, "properties": {"@featureType": "SiteObservationView", "identifier": {"value": "https://geosciml4china.example.org/J43C001002/foliation/ChSt.27", "@codeSpace": "http://www.ietf.org/rfc/rfc2616"}, "observationName": "schistosity", "label": "44°∠60°", "observedProperty": "planar orientation", "observedValue": "60", "observedValueUom": "deg", "propertyType_uri": "http://resource.geosciml.org/classifier/cgi/foliationtype/schistosity", "symbolRotation": 314, "genericSymbolizer": "202005", "sem_type": "202005", "featureOfInterest": "赛图拉岩群", "featureOfInterest_uri": "https://geosciml4china.example.org/J43C001002/geologicunit/ChSt"}}, {"type": "Feature", "id": "https://geosciml4china.example.org/J43C001002/foliation/ChSt.28", "geometry": {"type": "Point", "coordinates": [74.39909196856209, 39.03294225774969]}, "properties": {"@featureType": "SiteObservationView", "identifier": {"value": "https://geosciml4china.example.org/J43C001002/foliation/ChSt.28", "@codeSpace": "http://www.ietf.org/rfc/rfc2616"}, "observationName": "schistosity", "label": "206°∠54°", "observedProperty": "planar orientation", "observedValue": "54", "observedValueUom": "deg", "propertyType_uri": "http://resource.geosciml.org/classifier/cgi/foliationtype/schistosity", "symbolRotation": 116, "genericSymbolizer": "202005", "sem_type": "202005", "featureOfInterest": "赛图拉岩群", "featureOfInterest_uri": "https://geosciml4china.example.org/J43C001002/geologicunit/ChSt"}}, {"type": "Feature", "id": "https://geosciml4china.example.org/J43C001002/foliation/D2kz.1", "geometry": {"type": "Point", "coordinates": [74.9291198091397, 39.072531853745424]}, "properties": {"@featureType": "SiteObservationView", "identifier": {"value": "https://geosciml4china.example.org/J43C001002/foliation/D2kz.1", "@codeSpace": "http://www.ietf.org/rfc/rfc2616"}, "observationName": "bedding fabric", "label": "27°∠31°", "observedProperty": "planar orientation", "observedValue": "31", "observedValueUom": "deg", "propertyType_uri": "http://resource.geosciml.org/classifier/cgi/foliationtype/bedding_fabric", "symbolRotation": 297, "genericSymbolizer": "202001", "sem_type": "202001", "featureOfInterest": "克孜勒陶组", "featureOfInterest_uri": "https://geosciml4china.example.org/J43C001002/geologicunit/D2kz"}}, {"type": "Feature", "id": "https://geosciml4china.example.org/J43C001002/foliation/D2kz.2", "geometry": {"type": "Point", "coordinates": [74.91471386819127, 39.05792882324452]}, "properties": {"@featureType": "SiteObservationView", "identifier": {"value": "https://geosciml4china.example.org/J43C001002/foliation/D2kz.2", "@codeSpace": "http://www.ietf.org/rfc/rfc2616"}, "observationName": "bedding fabric", "label": "28°∠32°", "observedProperty": "planar orientation", "observedValue": "32", "observedValueUom": "deg", "propertyType_uri": "http://resource.geosciml.org/classifier/cgi/foliationtype/bedding_fabric", "symbolRotation": 298, "genericSymbolizer": "202001", "sem_type": "202001", "featureOfInterest": "克孜勒陶组", "featureOfInterest_uri": "https://geosciml4china.example.org/J43C001002/geologicunit/D2kz"}}, {"type": "Feature", "id": "https://geosciml4china.example.org/J43C001002/foliation/D2kz.3", "geometry": {"type": "Point", "coordinates": [74.95381490077773, 39.04449987656425]}, "properties": {"@featureType": "SiteObservationView", "identifier": {"value": "https://geosciml4china.example.org/J43C001002/foliation/D2kz.3", "@codeSpace": "http://www.ietf.org/rfc/rfc2616"}, "observationName": "bedding fabric", "label": "18°∠43°", "observedProperty": "planar orientation", "observedValue": "43", "observedValueUom": "deg", "propertyType_uri": "http://resource.geosciml.org/classifier/cgi/foliationtype/bedding_fabric", "symbolRotation": 288, "genericSymbolizer": "202001", "sem_type": "202001", "featureOfInterest": "克孜勒陶组", "featureOfInterest_uri": "https://geosciml4china.example.org/J43C001002/geologicunit/D2kz"}}, {"type": "Feature", "id": "https://geosciml4china.example.org/J43C001002/foliation/D2kz.4", "geometry": {"type": "Point", "coordinates": [74.90281990513174, 39.04528430258326]}, "properties": {"@featureType": "SiteObservationView", "identifier": {"value": "https://geosciml4china.example.org/J43C001002/foliation/D2kz.4", "@codeSpace": "http://www.ietf.org/rfc/rfc2616"}, "observationName": "bedding fabric", "label": "208°∠12°", "observedProperty": "planar orientation", "observedValue": "12", "observedValueUom": "deg", "propertyType_uri": "http://resource.geosciml.org/classifier/cgi/foliationtype/bedding_fabric", "symbolRotation": 118, "genericSymbolizer": "202001", "sem_type": "202001", "featureOfInterest": "克孜勒陶组", "featureOfInterest_uri": "https://geosciml4china.example.org/J43C001002/geologicunit/D2kz"}}, {"type": "Feature", "id": "https://geosciml4china.example.org/J43C001002/foliation/D2kz.5", "geometry": {"type": "Point", "coordinates": [74.86894974027093, 39.03976735232571]}, "properties": {"@featureType": "SiteObservationView", "identifier": {"value": "https://geosciml4china.example.org/J43C001002/foliation/D2kz.5", "@codeSpace": "http://www.ietf.org/rfc/rfc2616"}, "observationName": "bedding fabric", "label": "227°∠41°", "observedProperty": "planar orientation", "observedValue": "41", "observedValueUom": "deg", "propertyType_uri": "http://resource.geosciml.org/classifier/cgi/foliationtype/bedding_fabric", "symbolRotation": 137, "genericSymbolizer": "202001", "sem_type": "202001", "featureOfInterest": "克孜勒陶组", "featureOfInterest_uri": "https://geosciml4china.example.org/J43C001002/geologicunit/D2kz"}}, {"type": "Feature", "id": "https://geosciml4china.example.org/J43C001002/foliation/D2kz.6", "geometry": {"type": "Point", "coordinates": [74.83725171811658, 39.04246062282628]}, "properties": {"@featureType": "SiteObservationView", "identifier": {"value": "https://geosciml4china.example.org/J43C001002/foliation/D2kz.6", "@codeSpace": "http://www.ietf.org/rfc/rfc2616"}, "observationName": "bedding fabric", "label": "227°∠43°", "observedProperty": "planar orientation", "observedValue": "43", "observedValueUom": "deg", "propertyType_uri": "http://resource.geosciml.org/classifier/cgi/foliationtype/bedding_fabric", "symbolRotation": 137, "genericSymbolizer": "202001", "sem_type": "202001", "featureOfInterest": "克孜勒陶组", "featureOfInterest_uri": "https://geosciml4china.example.org/J43C001002/geologicunit/D2kz"}}, {"type": "Feature", "id": "https://geosciml4china.example.org/J43C001002/foliation/K1kz.10", "geometry": {"type": "Point", "coordinates": [74.98523591830745, 39.292766105034275]}, "properties": {"@featureType": "SiteObservationView", "identifier": {"value": "https://geosciml4china.example.org/J43C001002/foliation/K1kz.10", "@codeSpace": "http://www.ietf.org/rfc/rfc2616"}, "observationName": "bedding fabric", "label": "18°∠65°", "observedProperty": "planar orientation", "observedValue": "65", "observedValueUom": "deg", "propertyType_uri": "http://resource.geosciml.org/classifier/cgi/foliationtype/bedding_fabric", "symbolRotation": 288, "genericSymbolizer": "202001", "sem_type": "202001", "featureOfInterest": "克孜勒苏组", "featureOfInterest_uri": "https://geosciml4china.example.org/J43C001002/geologicunit/K1kz"}}, {"type": "Feature", "id": "https://geosciml4china.example.org/J43C001002/foliation/K1kz.11", "geometry": {"type": "Point", "coordinates": [74.9209784562782, 39.334324883674704]}, "properties": {"@featureType": "SiteObservationView", "identifier": {"value": "https://geosciml4china.example.org/J43C001002/foliation/K1kz.11", "@codeSpace": "http://www.ietf.org/rfc/rfc2616"}, "observationName": "bedding fabric", "label": "28°∠65°", "observedProperty": "planar orientation", "observedValue": "65", "observedValueUom": "deg", "propertyType_uri": "http://resource.geosciml.org/classifier/cgi/foliationtype/bedding_fabric", "symbolRotation": 298, "genericSymbolizer": "202001", "sem_type": "202001", "featureOfInterest": "克孜勒苏组", "featureOfInterest_uri": "https://geosciml4china.example.org/J43C001002/geologicunit/K1kz"}}, {"type": "Feature", "id": "https://geosciml4china.example.org/J43C001002/foliation/D2kz.7", "geometry": {"type": "Point", "coordinates": [74.70044103430457, 39.02894504414676]}, "properties": {"@featureType": "SiteObservationView", "identifier": {"value": "https://geosciml4china.example.org/J43C001002/foliation/D2kz.7", "@codeSpace": "http://www.ietf.org/rfc/rfc2616"}, "observationName": "bedding fabric", "label": "47°∠47°", "observedProperty": "planar orientation", "observedValue": "47", "observedValueUom": "deg", "propertyType_uri": "http://resource.geosciml.org/classifier/cgi/foliationtype/bedding_fabric", "symbolRotation": 317, "genericSymbolizer": "202001", "sem_type": "202001", "featureOfInterest": "克孜勒陶组", "featureOfInterest_uri": "https://geosciml4china.example.org/J43C001002/geologicunit/D2kz"}}, {"type": "Feature", "id": "https://geosciml4china.example.org/J43C001002/foliation/D2kz.8", "geometry": {"type": "Point", "coordinates": [74.61860120454784, 39.08558633554321]}, "properties": {"@featureType": "SiteObservationView", "identifier": {"value": "https://geosciml4china.example.org/J43C001002/foliation/D2kz.8", "@codeSpace": "http://www.ietf.org/rfc/rfc2616"}, "observationName": "bedding fabric", "label": "45°∠48°", "observedProperty": "planar orientation", "observedValue": "48", "observedValueUom": "deg", "propertyType_uri": "http://resource.geosciml.org/classifier/cgi/foliationtype/bedding_fabric", "symbolRotation": 315, "genericSymbolizer": "202001", "sem_type": "202001", "featureOfInterest": "克孜勒陶组", "featureOfInterest_uri": "https://geosciml4china.example.org/J43C001002/geologicunit/D2kz"}}, {"type": "Feature", "id": "https://geosciml4china.example.org/J43C001002/foliation/D2kz.9", "geometry": {"type": "Point", "coordinates": [74.64378807722372, 39.0968613893525]}, "properties": {"@featureType": "SiteObservationView", "identifier": {"value": "https://geosciml4china.example.org/J43C001002/foliation/D2kz.9", "@codeSpace": "http://www.ietf.org/rfc/rfc2616"}, "observationName": "bedding fabric", "label": "45°∠53°", "observedProperty": "planar orientation", "observedValue": "53", "observedValueUom": "deg", "propertyType_uri": "http://resource.geosciml.org/classifier/cgi/foliationtype/bedding_fabric", "symbolRotation": 315, "genericSymbolizer": "202001", "sem_type": "202001", "featureOfInterest": "克孜勒陶组", "featureOfInterest_uri": "https://geosciml4china.example.org/J43C001002/geologicunit/D2kz"}}, {"type": "Feature", "id": "https://geosciml4china.example.org/J43C001002/foliation/D2kz.10", "geometry": {"type": "Point", "coordinates": [74.65983325323616, 39.0978791426981]}, "properties": {"@featureType": "SiteObservationView", "identifier": {"value": "https://geosciml4china.example.org/J43C001002/foliation/D2kz.10", "@codeSpace": "http://www.ietf.org/rfc/rfc2616"}, "observationName": "bedding fabric", "label": "45°∠43°", "observedProperty": "planar orientation", "observedValue": "43", "observedValueUom": "deg", "propertyType_uri": "http://resource.geosciml.org/classifier/cgi/foliationtype/bedding_fabric", "symbolRotation": 315, "genericSymbolizer": "202001", "sem_type": "202001", "featureOfInterest": "克孜勒陶组", "featureOfInterest_uri": "https://geosciml4china.example.org/J43C001002/geologicunit/D2kz"}}, {"type": "Feature", "id": "https://geosciml4china.example.org/J43C001002/foliation/D2kz.11", "geometry": {"type": "Point", "coordinates": [74.71939332597115, 39.034589061624146]}, "properties": {"@featureType": "SiteObservationView", "identifier": {"value": "https://geosciml4china.example.org/J43C001002/foliation/D2kz.11", "@codeSpace": "http://www.ietf.org/rfc/rfc2616"}, "observationName": "bedding fabric", "label": "46°∠39°", "observedProperty": "planar orientation", "observedValue": "39", "observedValueUom": "deg", "propertyType_uri": "http://resource.geosciml.org/classifier/cgi/foliationtype/bedding_fabric", "symbolRotation": 316, "genericSymbolizer": "202001", "sem_type": "202001", "featureOfInterest": "克孜勒陶组", "featureOfInterest_uri": "https://geosciml4china.example.org/J43C001002/geologicunit/D2kz"}}, {"type": "Feature", "id": "https://geosciml4china.example.org/J43C001002/foliation/ChSt.29", "geometry": {"type": "Point", "coordinates": [74.97353050000439, 39.092340326124756]}, "properties": {"@featureType": "SiteObservationView", "identifier": {"value": "https://geosciml4china.example.org/J43C001002/foliation/ChSt.29", "@codeSpace": "http://www.ietf.org/rfc/rfc2616"}, "observationName": "schistosity", "label": "42°∠53°", "observedProperty": "planar orientation", "observedValue": "53", "observedValueUom": "deg", "propertyType_uri": "http://resource.geosciml.org/classifier/cgi/foliationtype/schistosity", "symbolRotation": 312, "genericSymbolizer": "202005", "sem_type": "202005", "featureOfInterest": "赛图拉岩群", "featureOfInterest_uri": "https://geosciml4china.example.org/J43C001002/geologicunit/ChSt"}}, {"type": "Feature", "id": "https://geosciml4china.example.org/J43C001002/foliation/ChSt.30", "geometry": {"type": "Point", "coordinates": [74.9223638470778, 39.1091681052456]}, "properties": {"@featureType": "SiteObservationView", "identifier": {"value": "https://geosciml4china.example.org/J43C001002/foliation/ChSt.30", "@codeSpace": "http://www.ietf.org/rfc/rfc2616"}, "observationName": "schistosity", "label": "58°∠63°", "observedProperty": "planar orientation", "observedValue": "63", "observedValueUom": "deg", "propertyType_uri": "http://resource.geosciml.org/classifier/cgi/foliationtype/schistosity", "symbolRotation": 328, "genericSymbolizer": "202005", "sem_type": "202005", "featureOfInterest": "赛图拉岩群", "featureOfInterest_uri": "https://geosciml4china.example.org/J43C001002/geologicunit/ChSt"}}, {"type": "Feature", "id": "https://geosciml4china.example.org/J43C001002/foliation/ChSt.31", "geometry": {"type": "Point", "coordinates": [74.6344766236397, 39.152451934334245]}, "properties": {"@featureType": "SiteObservationView", "identifier": {"value": "https://geosciml4china.example.org/J43C001002/foliation/ChSt.31", "@codeSpace": "http://www.ietf.org/rfc/rfc2616"}, "observationName": "bedding fabric", "label": "358°∠31°", "observedProperty": "planar orientation", "observedValue": "31", "observedValueUom": "deg", "propertyType_uri": "http://resource.geosciml.org/classifier/cgi/foliationtype/bedding_fabric", "symbolRotation": 268, "genericSymbolizer": "202001", "sem_type": "202001", "featureOfInterest": "赛图拉岩群", "featureOfInterest_uri": "https://geosciml4china.example.org/J43C001002/geologicunit/ChSt"}}, {"type": "Feature", "id": "https://geosciml4china.example.org/J43C001002/foliation/ChSt.32", "geometry": {"type": "Point", "coordinates": [74.55725982562359, 39.180368004263556]}, "properties": {"@featureType": "SiteObservationView", "identifier": {"value": "https://geosciml4china.example.org/J43C001002/foliation/ChSt.32", "@codeSpace": "http://www.ietf.org/rfc/rfc2616"}, "observationName": "bedding fabric", "label": "325°∠51°", "observedProperty": "planar orientation", "observedValue": "51", "observedValueUom": "deg", "propertyType_uri": "http://resource.geosciml.org/classifier/cgi/foliationtype/bedding_fabric", "symbolRotation": 235, "genericSymbolizer": "202001", "sem_type": "202001", "featureOfInterest": "赛图拉岩群", "featureOfInterest_uri": "https://geosciml4china.example.org/J43C001002/geologicunit/ChSt"}}, {"type": "Feature", "id": "https://geosciml4china.example.org/J43C001002/foliation/D2kz.12", "geometry": {"type": "Point", "coordinates": [74.9484398823036, 39.03276231515004]}, "properties": {"@featureType": "SiteObservationView", "identifier": {"value": "https://geosciml4china.example.org/J43C001002/foliation/D2kz.12", "@codeSpace": "http://www.ietf.org/rfc/rfc2616"}, "observationName": "bedding fabric", "label": "192°∠41°", "observedProperty": "planar orientation", "observedValue": "41", "observedValueUom": "deg", "propertyType_uri": "http://resource.geosciml.org/classifier/cgi/foliationtype/bedding_fabric", "symbolRotation": 102, "genericSymbolizer": "202001", "sem_type": "202001", "featureOfInterest": "克孜勒陶组", "featureOfInterest_uri": "https://geosciml4china.example.org/J43C001002/geologicunit/D2kz"}}, {"type": "Feature", "id": "https://geosciml4china.example.org/J43C001002/foliation/ChSt.33", "geometry": {"type": "Point", "coordinates": [74.85756870648615, 39.13551908011647]}, "properties": {"@featureType": "SiteObservationView", "identifier": {"value": "https://geosciml4china.example.org/J43C001002/foliation/ChSt.33", "@codeSpace": "http://www.ietf.org/rfc/rfc2616"}, "observationName": "schistosity", "label": "32°∠50°", "observedProperty": "planar orientation", "observedValue": "50", "observedValueUom": "deg", "propertyType_uri": "http://resource.geosciml.org/classifier/cgi/foliationtype/schistosity", "symbolRotation": 302, "genericSymbolizer": "202005", "sem_type": "202005", "featureOfInterest": "赛图拉岩群", "featureOfInterest_uri": "https://geosciml4china.example.org/J43C001002/geologicunit/ChSt"}}, {"type": "Feature", "id": "https://geosciml4china.example.org/J43C001002/foliation/P2q.8", "geometry": {"type": "Point", "coordinates": [74.85883194528591, 39.31534684760408]}, "properties": {"@featureType": "SiteObservationView", "identifier": {"value": "https://geosciml4china.example.org/J43C001002/foliation/P2q.8", "@codeSpace": "http://www.ietf.org/rfc/rfc2616"}, "observationName": "bedding fabric", "label": "17°∠55°", "observedProperty": "planar orientation", "observedValue": "55", "observedValueUom": "deg", "propertyType_uri": "http://resource.geosciml.org/classifier/cgi/foliationtype/bedding_fabric", "symbolRotation": 287, "genericSymbolizer": "202001", "sem_type": "202001", "featureOfInterest": "棋盘组", "featureOfInterest_uri": "https://geosciml4china.example.org/J43C001002/geologicunit/P2q"}}, {"type": "Feature", "id": "https://geosciml4china.example.org/J43C001002/foliation/ChSt.34", "geometry": {"type": "Point", "coordinates": [74.92554182179568, 39.0907496525433]}, "properties": {"@featureType": "SiteObservationView", "identifier": {"value": "https://geosciml4china.example.org/J43C001002/foliation/ChSt.34", "@codeSpace": "http://www.ietf.org/rfc/rfc2616"}, "observationName": "schistosity", "label": "55°∠62°", "observedProperty": "planar orientation", "observedValue": "62", "observedValueUom": "deg", "propertyType_uri": "http://resource.geosciml.org/classifier/cgi/foliationtype/schistosity", "symbolRotation": 325, "genericSymbolizer": "202005", "sem_type": "202005", "featureOfInterest": "赛图拉岩群", "featureOfInterest_uri": "https://geosciml4china.example.org/J43C001002/geologicunit/ChSt"}}, {"type": "Feature", "id": "https://geosciml4china.example.org/J43C001002/foliation/D2kz.13", "geometry": {"type": "Point", "coordinates": [74.96461018047525, 39.06791923161893]}, "properties": {"@featureType": "SiteObservationView", "identifier": {"value": "https://geosciml4china.example.org/J43C001002/foliation/D2kz.13", "@codeSpace": "http://www.ietf.org/rfc/rfc2616"}, "observationName": "bedding fabric", "label": "20°∠62°", "observedProperty": "planar orientation", "observedValue": "62", "observedValueUom": "deg", "propertyType_uri": "http://resource.geosciml.org/classifier/cgi/foliationtype/bedding_fabric", "symbolRotation": 290, "genericSymbolizer": "202001", "sem_type": "202001", "featureOfInterest": "克孜勒陶组", "featureOfInterest_uri": "https://geosciml4china.example.org/J43C001002/geologicunit/D2kz"}}, {"type": "Feature", "id": "https://geosciml4china.example.org/J43C001002/foliation/D2kz.14", "geometry": {"type": "Point", "coordinates": [74.95064931075876, 39.01116775036241]}, "properties": {"@featureType": "SiteObservationView", "identifier": {"value": "https://geosciml4china.example.org/J43C001002/foliation/D2kz.14", "@codeSpace": "http://www.ietf.org/rfc/rfc2616"}, "observationName": "bedding fabric", "label": "210°∠58°", "observedProperty": "planar orientation", "observedValue": "58", "observedValueUom": "deg", "propertyType_uri": "http://resource.geosciml.org/classifier/cgi/foliationtype/bedding_fabric", "symbolRotation": 120, "genericSymbolizer": "202001", "sem_type": "202001", "featureOfInterest": "克孜勒陶组", "featureOfInterest_uri": "https://geosciml4china.example.org/J43C001002/geologicunit/D2kz"}}, {"type": "Feature", "id": "https://geosciml4china.example.org/J43C001002/foliation/D2kz.15", "geometry": {"type": "Point", "coordinates": [74.95591711089106, 39.00417639220542]}, "properties": {"@featureType": "SiteObservationView", "identifier": {"value": "https://geosciml4china.example.org/J43C001002/foliation/D2kz.15", "@codeSpace": "http://www.ietf.org/rfc/rfc2616"}, "observationName": "schistosity", "label": "12°∠43°", "observedProperty": "planar orientation", "observedValue": "43", "observedValueUom": "deg", "propertyType_uri": "http://resource.geosciml.org/classifier/cgi/foliationtype/schistosity", "symbolRotation": 282, "genericSymbolizer": "202005", "sem_type": "202005", "featureOfInterest": "克孜勒陶组", "featureOfInterest_uri": "https://geosciml4china.example.org/J43C001002/geologicunit/D2kz"}}, {"type": "Feature", "id": "https://geosciml4china.example.org/J43C001002/foliation/Qp3pal.2", "geometry": {"type": "Point", "coordinates": [74.89692157305132, 39.11121798379818]}, "properties": {"@featureType": "SiteObservationView", "identifier": {"value": "https://geosciml4china.example.org/J43C001002/foliation/Qp3pal.2", "@codeSpace": "http://www.ietf.org/rfc/rfc2616"}, "observationName": "schistosity", "label": "44°∠65°", "observedProperty": "planar orientation", "observedValue": "65", "observedValueUom": "deg", "propertyType_uri": "http://resource.geosciml.org/classifier/cgi/foliationtype/schistosity", "symbolRotation": 314, "genericSymbolizer": "202005", "sem_type": "202005", "featureOfInterest": "第四系洪冲积层", "featureOfInterest_uri": "https://geosciml4china.example.org/J43C001002/geologicunit/Qp3pal"}}, {"type": "Feature", "id": "https://geosciml4china.example.org/J43C001002/foliation/D2kz.16", "geometry": {"type": "Point", "coordinates": [74.89170742632203, 39.10629885534457]}, "properties": {"@featureType": "SiteObservationView", "identifier": {"value": "https://geosciml4china.example.org/J43C001002/foliation/D2kz.16", "@codeSpace": "http://www.ietf.org/rfc/rfc2616"}, "observationName": "bedding fabric", "label": "25°∠40°", "observedProperty": "planar orientation", "observedValue": "40", "observedValueUom": "deg", "propertyType_uri": "http://resource.geosciml.org/classifier/cgi/foliationtype/bedding_fabric", "symbolRotation": 295, "genericSymbolizer": "202001", "sem_type": "202001", "featureOfInterest": "克孜勒陶组", "featureOfInterest_uri": "https://geosciml4china.example.org/J43C001002/geologicunit/D2kz"}}, {"type": "Feature", "id": "https://geosciml4china.example.org/J43C001002/foliation/K1kz.12", "geometry": {"type": "Point", "coordinates": [74.98572580120216, 39.309768672059974]}, "properties": {"@featureType": "SiteObservationView", "identifier": {"value": "https://geosciml4china.example.org/J43C001002/foliation/K1kz.12", "@codeSpace": "http://www.ietf.org/rfc/rfc2616"}, "observationName": "bedding fabric", "label": "45°∠53°", "observedProperty": "planar orientation", "observedValue": "53", "observedValueUom": "deg", "propertyType_uri": "http://resource.geosciml.org/classifier/cgi/foliationtype/bedding_fabric", "symbolRotation": 315, "genericSymbolizer": "202001", "sem_type": "202001", "featureOfInterest": "克孜勒苏组", "featureOfInterest_uri": "https://geosciml4china.example.org/J43C001002/geologicunit/K1kz"}}, {"type": "Feature", "id": "https://geosciml4china.example.org/J43C001002/foliation/P2q.9", "geometry": {"type": "Point", "coordinates": [74.9814731323981, 39.24857341227936]}, "properties": {"@featureType": "SiteObservationView", "identifier": {"value": "https://geosciml4china.example.org/J43C001002/foliation/P2q.9", "@codeSpace": "http://www.ietf.org/rfc/rfc2616"}, "observationName": "bedding fabric", "label": "55°∠65°", "observedProperty": "planar orientation", "observedValue": "65", "observedValueUom": "deg", "propertyType_uri": "http://resource.geosciml.org/classifier/cgi/foliationtype/bedding_fabric", "symbolRotation": 325, "genericSymbolizer": "202001", "sem_type": "202001", "featureOfInterest": "棋盘组", "featureOfInterest_uri": "https://geosciml4china.example.org/J43C001002/geologicunit/P2q"}}, {"type": "Feature", "id": "https://geosciml4china.example.org/J43C001002/foliation/Pt1K.4", "geometry": {"type": "Point", "coordinates": [74.58429769337776, 39.032632497196026]}, "properties": {"@featureType": "SiteObservationView", "identifier": {"value": "https://geosciml4china.example.org/J43C001002/foliation/Pt1K.4", "@codeSpace": "http://www.ietf.org/rfc/rfc2616"}, "observationName": "gneissic layering", "label": "328°∠47°", "observedProperty": "planar orientation", "observedValue": "47", "observedValueUom": "deg", "propertyType_uri": "http://resource.geosciml.org/classifier/cgi/foliationtype/gneissic_layering", "symbolRotation": 238, "genericSymbolizer": "202005", "sem_type": "片麻理产状", "featureOfInterest": "喀拉喀什岩群", "featureOfInterest_uri": "https://geosciml4china.example.org/J43C001002/geologicunit/Pt1K"}}, {"type": "Feature", "id": "https://geosciml4china.example.org/J43C001002/foliation/ChSt.35", "geometry": {"type": "Point", "coordinates": [74.52516548725694, 39.177153356364904]}, "properties": {"@featureType": "SiteObservationView", "identifier": {"value": "https://geosciml4china.example.org/J43C001002/foliation/ChSt.35", "@codeSpace": "http://www.ietf.org/rfc/rfc2616"}, "observationName": "bedding fabric", "label": "157°∠43°", "observedProperty": "planar orientation", "observedValue": "43", "observedValueUom": "deg", "propertyType_uri": "http://resource.geosciml.org/classifier/cgi/foliationtype/bedding_fabric", "symbolRotation": 67, "genericSymbolizer": "202001", "sem_type": "202001", "featureOfInterest": "赛图拉岩群", "featureOfInterest_uri": "https://geosciml4china.example.org/J43C001002/geologicunit/ChSt"}}, {"type": "Feature", "id": "https://geosciml4china.example.org/J43C001002/foliation/P2q.10", "geometry": {"type": "Point", "coordinates": [74.7900435190028, 39.24701897687311]}, "properties": {"@featureType": "SiteObservationView", "identifier": {"value": "https://geosciml4china.example.org/J43C001002/foliation/P2q.10", "@codeSpace": "http://www.ietf.org/rfc/rfc2616"}, "observationName": "schistosity", "label": "39°∠10°", "observedProperty": "planar orientation", "observedValue": "10", "observedValueUom": "deg", "propertyType_uri": "http://resource.geosciml.org/classifier/cgi/foliationtype/schistosity", "symbolRotation": 309, "genericSymbolizer": "202005", "sem_type": "202005", "featureOfInterest": "棋盘组", "featureOfInterest_uri": "https://geosciml4china.example.org/J43C001002/geologicunit/P2q"}}, {"type": "Feature", "id": "https://geosciml4china.example.org/J43C001002/foliation/D1s.6", "geometry": {"type": "Point", "coordinates": [73.97603961742341, 39.93928856100942]}, "properties": {"@featureType": "SiteObservationView", "identifier": {"value": "https://geosciml4china.example.org/J43C001002/foliation/D1s.6", "@codeSpace": "http://www.ietf.org/rfc/rfc2616"}, "observationName": "bedding fabric", "label": "105°∠30°", "observedProperty": "planar orientation", "observedValue": "30", "observedValueUom": "deg", "propertyType_uri": "http://resource.geosciml.org/classifier/cgi/foliationtype/bedding_fabric", "symbolRotation": 15, "genericSymbolizer": "202001", "sem_type": "202001", "featureOfInterest": "萨瓦亚尔顿组", "featureOfInterest_uri": "https://geosciml4china.example.org/J43C001002/geologicunit/D1s"}}, {"type": "Feature", "id": "https://geosciml4china.example.org/J43C001002/foliation/D1s.7", "geometry": {"type": "Point", "coordinates": [73.9653870548003, 39.94531816035152]}, "properties": {"@featureType": "SiteObservationView", "identifier": {"value": "https://geosciml4china.example.org/J43C001002/foliation/D1s.7", "@codeSpace": "http://www.ietf.org/rfc/rfc2616"}, "observationName": "bedding fabric", "label": "298°∠70°", "observedProperty": "planar orientation", "observedValue": "70", "observedValueUom": "deg", "propertyType_uri": "http://resource.geosciml.org/classifier/cgi/foliationtype/bedding_fabric", "symbolRotation": 208, "genericSymbolizer": "202001", "sem_type": "202001", "featureOfInterest": "萨瓦亚尔顿组", "featureOfInterest_uri": "https://geosciml4china.example.org/J43C001002/geologicunit/D1s"}}, {"type": "Feature", "id": "https://geosciml4china.example.org/J43C001002/foliation/D1s.8", "geometry": {"type": "Point", "coordinates": [73.93750380346496, 39.86045347007005]}, "properties": {"@featureType": "SiteObservationView", "identifier": {"value": "https://geosciml4china.example.org/J43C001002/foliation/D1s.8", "@codeSpace": "http://www.ietf.org/rfc/rfc2616"}, "observationName": "bedding fabric", "label": "93°∠42°", "observedProperty": "planar orientation", "observedValue": "42", "observedValueUom": "deg", "propertyType_uri": "http://resource.geosciml.org/classifier/cgi/foliationtype/bedding_fabric", "symbolRotation": 3, "genericSymbolizer": "202001", "sem_type": "202001", "featureOfInterest": "萨瓦亚尔顿组", "featureOfInterest_uri": "https://geosciml4china.example.org/J43C001002/geologicunit/D1s"}}, {"type": "Feature", "id": "https://geosciml4china.example.org/J43C001002/foliation/D1s.9", "geometry": {"type": "Point", "coordinates": [73.95439166092929, 39.86221178265791]}, "properties": {"@featureType": "SiteObservationView", "identifier": {"value": "https://geosciml4china.example.org/J43C001002/foliation/D1s.9", "@codeSpace": "http://www.ietf.org/rfc/rfc2616"}, "observationName": "bedding fabric", "label": "333°∠38°", "observedProperty": "planar orientation", "observedValue": "38", "observedValueUom": "deg", "propertyType_uri": "http://resource.geosciml.org/classifier/cgi/foliationtype/bedding_fabric", "symbolRotation": 243, "genericSymbolizer": "202001", "sem_type": "202001", "featureOfInterest": "萨瓦亚尔顿组", "featureOfInterest_uri": "https://geosciml4china.example.org/J43C001002/geologicunit/D1s"}}, {"type": "Feature", "id": "https://geosciml4china.example.org/J43C001002/foliation/Qp1X.14", "geometry": {"type": "Point", "coordinates": [73.96829599579945, 39.75224192786094]}, "properties": {"@featureType": "SiteObservationView", "identifier": {"value": "https://geosciml4china.example.org/J43C001002/foliation/Qp1X.14", "@codeSpace": "http://www.ietf.org/rfc/rfc2616"}, "observationName": "bedding fabric", "label": "333°∠30°", "observedProperty": "planar orientation", "observedValue": "30", "observedValueUom": "deg", "propertyType_uri": "http://resource.geosciml.org/classifier/cgi/foliationtype/bedding_fabric", "symbolRotation": 243, "genericSymbolizer": "202001", "sem_type": "202001", "featureOfInterest": "西域组", "featureOfInterest_uri": "https://geosciml4china.example.org/J43C001002/geologicunit/Qp1X"}}, {"type": "Feature", "id": "https://geosciml4china.example.org/J43C001002/foliation/D2t.6", "geometry": {"type": "Point", "coordinates": [73.99464964912103, 39.68135681916545]}, "properties": {"@featureType": "SiteObservationView", "identifier": {"value": "https://geosciml4china.example.org/J43C001002/foliation/D2t.6", "@codeSpace": "http://www.ietf.org/rfc/rfc2616"}, "observationName": "bedding fabric", "label": "117°∠50°", "observedProperty": "planar orientation", "observedValue": "50", "observedValueUom": "deg", "propertyType_uri": "http://resource.geosciml.org/classifier/cgi/foliationtype/bedding_fabric", "symbolRotation": 27, "genericSymbolizer": "202001", "sem_type": "202001", "featureOfInterest": "托格买提组", "featureOfInterest_uri": "https://geosciml4china.example.org/J43C001002/geologicunit/D2t"}}, {"type": "Feature", "id": "https://geosciml4china.example.org/J43C001002/foliation/K1kz.13", "geometry": {"type": "Point", "coordinates": [73.97765137191388, 39.70144261384168]}, "properties": {"@featureType": "SiteObservationView", "identifier": {"value": "https://geosciml4china.example.org/J43C001002/foliation/K1kz.13", "@codeSpace": "http://www.ietf.org/rfc/rfc2616"}, "observationName": "bedding fabric", "label": "312°∠48°", "observedProperty": "planar orientation", "observedValue": "48", "observedValueUom": "deg", "propertyType_uri": "http://resource.geosciml.org/classifier/cgi/foliationtype/bedding_fabric", "symbolRotation": 222, "genericSymbolizer": "202001", "sem_type": "202001", "featureOfInterest": "克孜勒苏组", "featureOfInterest_uri": "https://geosciml4china.example.org/J43C001002/geologicunit/K1kz"}}, {"type": "Feature", "id": "https://geosciml4china.example.org/J43C001002/foliation/EK.23", "geometry": {"type": "Point", "coordinates": [73.9850017776766, 39.73155928750523]}, "properties": {"@featureType": "SiteObservationView", "identifier": {"value": "https://geosciml4china.example.org/J43C001002/foliation/EK.23", "@codeSpace": "http://www.ietf.org/rfc/rfc2616"}, "observationName": "bedding fabric", "label": "330°∠18°", "observedProperty": "planar orientation", "observedValue": "18", "observedValueUom": "deg", "propertyType_uri": "http://resource.geosciml.org/classifier/cgi/foliationtype/bedding_fabric", "symbolRotation": 240, "genericSymbolizer": "202001", "sem_type": "202001", "featureOfInterest": "喀什群", "featureOfInterest_uri": "https://geosciml4china.example.org/J43C001002/geologicunit/EK"}}, {"type": "Feature", "id": "https://geosciml4china.example.org/J43C001002/foliation/D1s.10", "geometry": {"type": "Point", "coordinates": [73.88570559835289, 39.77038239796919]}, "properties": {"@featureType": "SiteObservationView", "identifier": {"value": "https://geosciml4china.example.org/J43C001002/foliation/D1s.10", "@codeSpace": "http://www.ietf.org/rfc/rfc2616"}, "observationName": "bedding fabric", "label": "288°∠75°", "observedProperty": "planar orientation", "observedValue": "75", "observedValueUom": "deg", "propertyType_uri": "http://resource.geosciml.org/classifier/cgi/foliationtype/bedding_fabric", "symbolRotation": 198, "genericSymbolizer": "202001", "sem_type": "202001", "featureOfInterest": "萨瓦亚尔顿组", "featureOfInterest_uri": "https://geosciml4china.example.org/J43C001002/geologicunit/D1s"}}, {"type": "Feature", "id": "https://geosciml4china.example.org/J43C001002/foliation/D2t.7", "geometry": {"type": "Point", "coordinates": [73.9164917717848, 39.86869607574662]}, "properties": {"@featureType": "SiteObservationView", "identifier": {"value": "https://geosciml4china.example.org/J43C001002/foliation/D2t.7", "@codeSpace": "http://www.ietf.org/rfc/rfc2616"}, "observationName": "bedding fabric", "label": "148°∠72°", "observedProperty": "planar orientation", "observedValue": "72", "observedValueUom": "deg", "propertyType_uri": "http://resource.geosciml.org/classifier/cgi/foliationtype/bedding_fabric", "symbolRotation": 58, "genericSymbolizer": "202001", "sem_type": "202001", "featureOfInterest": "托格买提组", "featureOfInterest_uri": "https://geosciml4china.example.org/J43C001002/geologicunit/D2t"}}, {"type": "Feature", "id": "https://geosciml4china.example.org/J43C001002/foliation/Qp1X.15", "geometry": {"type": "Point", "coordinates": [73.92714723186018, 39.73209783990876]}, "properties": {"@featureType": "SiteObservationView", "identifier": {"value": "https://geosciml4china.example.org/J43C001002/foliation/Qp1X.15", "@codeSpace": "http://www.ietf.org/rfc/rfc2616"}, "observationName": "bedding fabric", "label": "265°∠12°", "observedProperty": "planar orientation", "observedValue": "12", "observedValueUom": "deg", "propertyType_uri": "http://resource.geosciml.org/classifier/cgi/foliationtype/bedding_fabric", "symbolRotation": 175, "genericSymbolizer": "202001", "sem_type": "202001", "featureOfInterest": "西域组", "featureOfInterest_uri": "https://geosciml4china.example.org/J43C001002/geologicunit/Qp1X"}}, {"type": "Feature", "id": "https://geosciml4china.example.org/J43C001002/foliation/D2t.8", "geometry": {"type": "Point", "coordinates": [73.9110334093347, 39.76490410310447]}, "properties": {"@featureType": "SiteObservationView", "identifier": {"value": "https://geosciml4china.example.org/J43C001002/foliation/D2t.8", "@codeSpace": "http://www.ietf.org/rfc/rfc2616"}, "observationName": "bedding fabric", "label": "103°∠78°", "observedProperty": "planar orientation", "observedValue": "78", "observedValueUom": "deg", "propertyType_uri": "http://resource.geosciml.org/classifier/cgi/foliationtype/bedding_fabric", "symbolRotation": 13, "genericSymbolizer": "202001", "sem_type": "202001", "featureOfInterest": "托格买提组", "featureOfInterest_uri": "https://geosciml4china.example.org/J43C001002/geologicunit/D2t"}}, {"type": "Feature", "id": "https://geosciml4china.example.org/J43C001002/foliation/D2t.9", "geometry": {"type": "Point", "coordinates": [73.93487790146052, 39.95076814338053]}, "properties": {"@featureType": "SiteObservationView", "identifier": {"value": "https://geosciml4china.example.org/J43C001002/foliation/D2t.9", "@codeSpace": "http://www.ietf.org/rfc/rfc2616"}, "observationName": "bedding fabric", "label": "169°∠65°", "observedProperty": "planar orientation", "observedValue": "65", "observedValueUom": "deg", "propertyType_uri": "http://resource.geosciml.org/classifier/cgi/foliationtype/bedding_fabric", "symbolRotation": 79, "genericSymbolizer": "202001", "sem_type": "202001", "featureOfInterest": "托格买提组", "featureOfInterest_uri": "https://geosciml4china.example.org/J43C001002/geologicunit/D2t"}}, {"type": "Feature", "id": "https://geosciml4china.example.org/J43C001002/foliation/D2t.10", "geometry": {"type": "Point", "coordinates": [73.87121184749236, 39.792265067255116]}, "properties": {"@featureType": "SiteObservationView", "identifier": {"value": "https://geosciml4china.example.org/J43C001002/foliation/D2t.10", "@codeSpace": "http://www.ietf.org/rfc/rfc2616"}, "observationName": "bedding fabric", "label": "116°∠80°", "observedProperty": "planar orientation", "observedValue": "80", "observedValueUom": "deg", "propertyType_uri": "http://resource.geosciml.org/classifier/cgi/foliationtype/bedding_fabric", "symbolRotation": 26, "genericSymbolizer": "202001", "sem_type": "202001", "featureOfInterest": "托格买提组", "featureOfInterest_uri": "https://geosciml4china.example.org/J43C001002/geologicunit/D2t"}}, {"type": "Feature", "id": "https://geosciml4china.example.org/J43C001002/foliation/%CE%B7%CE%B3T2.1", "geometry": {"type": "Point", "coordinates": [73.92198956620672, 39.100134473394604]}, "properties": {"@featureType": "SiteObservationView", "identifier": {"value": "https://geosciml4china.example.org/J43C001002/foliation/%CE%B7%CE%B3T2.1", "@codeSpace": "http://www.ietf.org/rfc/rfc2616"}, "observationName": "foliation", "label": "0°∠63°", "observedProperty": "planar orientation", "observedValue": "63", "observedValueUom": "deg", "propertyType_uri": "http://resource.geosciml.org/classifier/cgi/foliationtype/foliation", "symbolRotation": 270, "genericSymbolizer": "202011", "sem_type": "面理产状", "featureOfInterest": "三叠纪黑云母二长花岗岩", "featureOfInterest_uri": "https://geosciml4china.example.org/J43C001002/geologicunit/%CE%B7%CE%B3T2"}}, {"type": "Feature", "id": "https://geosciml4china.example.org/J43C001002/foliation/N1k.38", "geometry": {"type": "Point", "coordinates": [73.7327753993502, 39.393510755492]}, "properties": {"@featureType": "SiteObservationView", "identifier": {"value": "https://geosciml4china.example.org/J43C001002/foliation/N1k.38", "@codeSpace": "http://www.ietf.org/rfc/rfc2616"}, "observationName": "bedding fabric", "label": "332°∠38°", "observedProperty": "planar orientation", "observedValue": "38", "observedValueUom": "deg", "propertyType_uri": "http://resource.geosciml.org/classifier/cgi/foliationtype/bedding_fabric", "symbolRotation": 242, "genericSymbolizer": "202001", "sem_type": "202001", "featureOfInterest": "克孜洛依组", "featureOfInterest_uri": "https://geosciml4china.example.org/J43C001002/geologicunit/N1k"}}]}