{"type": "FeatureCollection", "name": "WaterpolyView", "features": [{"type": "Feature", "id": "https://geosciml4china.example.org/J43C001002/waterpoly/LDLYAAE002.WP.1", "geometry": {"type": "MultiPolygon", "coordinates": [[[[73.9529726833387, 39.613403923175476], [73.95319935483057, 39.61274917916333], [73.95354977855763, 39.6112795843006], [73.95383454461955, 39.60980939671163], [73.95473912814312, 39.60641496889989], [73.95602450669695, 39.603887291996514], [73.95646028549808, 39.60109805213097], [73.95614885847361, 39.59997799028966], [73.9553741627976, 39.5991076866725], [73.95400493620562, 39.598485950458624], [73.95043719535744, 39.597998817437016], [73.94457323111718, 39.59708024987784], [73.940383383244, 39.59633112664005], [73.93652412659368, 39.595432527179874], [73.93457144584286, 39.594348157995896], [73.93158419962745, 39.59230610093379], [73.93158319962745, 39.59230610093379], [73.93206542015452, 39.592204676866785], [73.93321740141094, 39.592278390166655], [73.93412098979283, 39.592604387598534], [73.93542577521298, 39.59357011517492], [73.93689549347363, 39.59485533175747], [73.9389433211259, 39.595891097231245], [73.9412458585123, 39.59616560774148], [73.94199587893264, 39.59612766030863], [73.94289416237346, 39.596144870256374], [73.9435154786308, 39.595643784436476], [73.94345389971907, 39.594950978326565], [73.94345389971907, 39.594950978326565], [73.94315941289652, 39.59471892315038], [73.94283756405542, 39.594079926004234], [73.94301176409701, 39.593317985662], [73.94359958569754, 39.59243238636859], [73.94418583320824, 39.59167401185655], [73.9449381114175, 39.59098067521105], [73.945766114306, 39.59066972743904], [73.94749551498347, 39.59062105365666], [73.9495577799834, 39.59063880707849], [73.95128508379555, 39.59084453346704], [73.95409321365733, 39.59080500894818], [73.95607768708416, 39.59082198922983], [73.95780969561004, 39.59096404643265], [73.95838384681267, 39.591414284523175], [73.95878734873138, 39.59230840867073], [73.9595975093893, 39.593587740590635], [73.96107195449541, 39.59461823808788], [73.96280196895911, 39.595269139096715], [73.9644478850298, 39.59579208310676], [73.96534892399339, 39.59656316162627], [73.96566917204531, 39.597265719505245], [73.9655736013399, 39.59834646410536], [73.96531395475081, 39.59948942266966], [73.96522725817624, 39.5997431799566], [73.96505358113961, 39.600441537300206], [73.96478711559979, 39.60190256568899], [73.96469275927392, 39.60304692272721], [73.96476628900801, 39.60381099490318], [73.9648790059829, 39.60402389668661], [73.96577934828575, 39.60407231096924], [73.96715860514534, 39.60412474973817], [73.96821397727655, 39.604337610644514], [73.9694794409887, 39.60487849210715], [73.97085190483139, 39.60542025158129], [73.97201290894957, 39.60591943314843], [73.97333135443593, 39.60629759737021], [73.97483878008732, 39.60665349564426], [73.97483878008732, 39.60665349564426], [73.97654656248751, 39.60942907487054], [73.97867338060512, 39.61206303460821], [73.97867338060512, 39.61206303460821], [73.97917975921625, 39.613891695392724], [73.97964184104545, 39.61507830950103], [73.9801675584418, 39.61553131960797], [73.98101267166766, 39.6157830763077], [73.98217379017146, 39.61603747395107], [73.98260514108868, 39.61611018114768], [73.98260514108868, 39.61611018114768], [73.98403529951668, 39.61747636586224], [73.98909897563132, 39.621913911801904], [73.99193254106792, 39.62447979028352], [73.99193254106792, 39.62447979028352], [73.99113941001191, 39.62459493835786], [73.99002207493604, 39.62503433161842], [73.98895531196875, 39.625596494059025], [73.98772808566083, 39.626279669543806], [73.98681840644565, 39.62700624999557], [73.98649122498266, 39.62761531864993], [73.98643303662126, 39.62814502217887], [73.98642500101887, 39.62891985016622], [73.98657109199549, 39.62985911580381], [73.98672108901367, 39.63063526118423], [73.98708656193702, 39.63129082218217], [73.98739797850894, 39.63186438245229], [73.98816436615286, 39.63378030582459], [73.99012511698437, 39.63683496469594], [73.99168605746195, 39.63878740493401], [73.99308534144718, 39.64015678085302], [73.99474593932005, 39.641011344215414], [73.99615767528829, 39.641734472077694], [73.99732140297382, 39.642196932748774], [73.99740188002633, 39.64263934116361], [73.99716209699983, 39.64317403317461], [73.99677063163736, 39.64346896726043], [73.996304142826, 39.64358439484147], [73.99552938712621, 39.64357803267072], [73.99374991619831, 39.64338451599884], [73.99243330261726, 39.643194800681286], [73.99120310984402, 39.64264798040454], [73.989661512982, 39.64191972022096], [73.98850949027236, 39.641254268884104], [73.98742917428538, 39.641006800703046], [73.98665162578999, 39.641060001220985], [73.98594958234712, 39.64147157025959], [73.98539716567073, 39.64212290905558], [73.98499854897682, 39.64307364338995], [73.98459709269086, 39.644083995222246], [73.98435786361357, 39.644499416511806], [73.98396816617537, 39.64473468292831], [73.98350330731914, 39.644730818136935], [73.98303927834775, 39.644667327844125], [73.9821145452554, 39.64430185622229], [73.98103986070787, 39.64357735292391], [73.98043337509665, 39.64261823324403], [73.98021093703002, 39.641900833217655], [73.98022175714317, 39.64112575090975], [73.98038502314411, 39.64053082535332], [73.98054329269301, 39.640293632300235], [73.98102225736602, 39.63928393796544], [73.98205348738394, 39.63732562665797], [73.98261182964733, 39.635959589054536], [73.98302358964241, 39.63387718828848], [73.98281214108675, 39.63208757242417], [73.9825139501725, 39.63161941786349], [73.9825139501725, 39.63161941786349], [73.98197343082843, 39.63076951231817], [73.98051557537393, 39.62974422160063], [73.97928042898019, 39.62937633803139], [73.97804038136732, 39.6294255678672], [73.97726167967045, 39.62959785237623], [73.97632513098651, 39.63018596017007], [73.97569981855322, 39.63065748016622], [73.97476183254945, 39.63136475243327], [73.97406185977432, 39.63159725603119], [73.973441462034, 39.63165163771366], [73.97266996510548, 39.631466356348255], [73.97213368621313, 39.63104467029473], [73.97175528920582, 39.63020716247475], [73.97176124164574, 39.62979003689083], [73.97193525725073, 39.62818243337451], [73.97256988253599, 39.62675750648247], [73.97312508084738, 39.62574904831263], [73.9730539825359, 39.62521209370167], [73.97298188232357, 39.62467513898673], [73.97267701470486, 39.62425540843494], [73.97221782914359, 39.62395355400335], [73.9716045730041, 39.623412034382454], [73.97044928964992, 39.6226871755234], [73.96921703008702, 39.62225959802136], [73.96798107837056, 39.62189159634056], [73.96736147444693, 39.621886357959845], [73.96619929310802, 39.62199570648269], [73.9647994751721, 39.62246060633794], [73.96378304111316, 39.62316713444451], [73.96307353626801, 39.62411464320141], [73.96228730634884, 39.62512132735842], [73.96228730634884, 39.62512132735842], [73.9616656312631, 39.62541375160289], [73.96057983702597, 39.625523701439846], [73.95988418321694, 39.625398586292505], [73.95942304692159, 39.62509667949423], [73.95919714655855, 39.62455839750462], [73.9588953919898, 39.62372150739605], [73.9588318709304, 39.622648245935885], [73.95869161750473, 39.62151473293676], [73.9582405783287, 39.62037857468085], [73.95801757763914, 39.619601933658465], [73.95732455942021, 39.614987320097285], [73.95723761269889, 39.61363575208352], [73.9566257643281, 39.61299483925575], [73.95579969246415, 39.612908323114944], [73.95393827343771, 39.61321021509248], [73.9529736833387, 39.613403923175476], [73.9529726833387, 39.613403923175476]]]]}, "properties": {"@featureType": "WaterpolyView", "identifier": {"value": "https://geosciml4china.example.org/J43C001002/waterpoly/LDLYAAE002.WP.1", "@codeSpace": "http://www.ietf.org/rfc/rfc2616"}, "GB": "73020", "name": "", "HYDC": ""}}, {"type": "Feature", "id": "https://geosciml4china.example.org/J43C001002/waterpoly/LDLYAAE002.WP.2", "geometry": {"type": "MultiPolygon", "coordinates": [[[[73.99193254106792, 39.62447979028352], [73.99246592343569, 39.624401961604306], [73.99336796796389, 39.6243278240422], [73.99426765559006, 39.624457581196], [73.9951655237103, 39.6248320122128], [73.99611359029898, 39.62545155733838], [73.99690199969912, 39.62586588523861], [73.99796086331538, 39.626160040285264], [73.99875350494007, 39.626207333203325], [73.9993404594807, 39.62604898247496], [73.99960770519212, 39.62568412550361], [73.9995651191529, 39.62494964378341], [73.9992554368935, 39.624131431215076], [73.99874170440151, 39.622618214042994], [73.99817283275374, 39.62155314537214], [73.99771079886838, 39.62024426018239], [73.99724725109547, 39.61889459176147], [73.99643918831353, 39.61550285070906], [73.99629292652996, 39.61448203359959], [73.99603498057293, 39.61386814972719], [73.99566581324662, 39.61362041932154], [73.99497778173497, 39.61353319993177], [73.99423387210656, 39.61360866098991], [73.99332972828975, 39.61404983227437], [73.99257879341532, 39.61481855129976], [73.99193478561877, 39.615506577423425], [73.99112798441053, 39.61651953221753], [73.99053647260672, 39.61724876901724], [73.98978831309196, 39.6177727857752], [73.98909740510891, 39.61793021186107], [73.98798386085463, 39.617880223757055], [73.98682311496943, 39.61750354006005], [73.9862419616863, 39.61725402323392], [73.9842380012266, 39.616462474666505], [73.9834453918071, 39.61625196368326], [73.98260514108868, 39.61611018114768], [73.98260514108868, 39.61611018114768], [73.98403529951668, 39.61747636586224], [73.98909897563132, 39.621913911801904], [73.99193254106792, 39.62447979028352]]]]}, "properties": {"@featureType": "WaterpolyView", "identifier": {"value": "https://geosciml4china.example.org/J43C001002/waterpoly/LDLYAAE002.WP.2", "@codeSpace": "http://www.ietf.org/rfc/rfc2616"}, "GB": "73020", "name": "", "HYDC": ""}}, {"type": "Feature", "id": "https://geosciml4china.example.org/J43C001002/waterpoly/LDLYAAE002.WP.3", "geometry": {"type": "MultiPolygon", "coordinates": [[[[73.97867338060512, 39.61206303460821], [73.97856969982331, 39.6116842427857], [73.97728316536839, 39.60824760856163], [73.97702548396147, 39.60779680667789], [73.97649984462916, 39.60734378505169], [73.9756037459178, 39.60684686951402], [73.97483878008732, 39.60665349564426], [73.97483878008732, 39.60665349564426], [73.97654656248751, 39.60942907487054], [73.97867338060512, 39.61206303460821]]]]}, "properties": {"@featureType": "WaterpolyView", "identifier": {"value": "https://geosciml4china.example.org/J43C001002/waterpoly/LDLYAAE002.WP.3", "@codeSpace": "http://www.ietf.org/rfc/rfc2616"}, "GB": "73020", "name": "", "HYDC": ""}}, {"type": "Feature", "id": "https://geosciml4china.example.org/J43C001002/waterpoly/LDLYAAE002.WP.4", "geometry": {"type": "MultiPolygon", "coordinates": [[[[73.91408922940062, 39.57488310971359], [73.9132862935162, 39.5762077439113], [73.9125669618593, 39.57761749467724], [73.91230483996138, 39.57844936857195], [73.91209449080092, 39.57931074056238], [73.9118050160716, 39.58103470974226], [73.91187147712479, 39.583074544254686], [73.9122000732054, 39.58435919775131], [73.91287837735037, 39.58557966935625], [73.91346743299923, 39.58693420658014], [73.9149783095396, 39.58797110793741], [73.91628292695137, 39.588491130891235], [73.91831341614329, 39.58876397567601], [73.91988689680187, 39.588880183281134], [73.92726265099884, 39.590766637594704], [73.92726265099884, 39.590766637594704], [73.92750191940645, 39.58967151939138], [73.92713977243451, 39.58892270640268], [73.926180421664, 39.58839805740774], [73.92322168626679, 39.587339552179714], [73.9220409604942, 39.586698202053405], [73.92152814071848, 39.58612010806243], [73.9213860563808, 39.58560264677602], [73.92139255200159, 39.58508650386324], [73.9216976445036, 39.58445828971099], [73.92193132644319, 39.58360001941778], [73.92216788710394, 39.58251235094528], [73.92232871287062, 39.581538723038186], [73.92233880397042, 39.58073582924292], [73.92175246367013, 39.58009973050833], [73.92071538161366, 39.579861128056926], [73.91922971703482, 39.57984796277129], [73.91729907736375, 39.579773469493844], [73.91603989511401, 39.57947549525358], [73.91508148719359, 39.57889340628954], [73.91494237251308, 39.57814654242335], [73.91488117209072, 39.577113590595836], [73.91481852191863, 39.576195339482375], [73.91460586203029, 39.57539046233387], [73.91408922940062, 39.57488310971359]]]]}, "properties": {"@featureType": "WaterpolyView", "identifier": {"value": "https://geosciml4china.example.org/J43C001002/waterpoly/LDLYAAE002.WP.4", "@codeSpace": "http://www.ietf.org/rfc/rfc2616"}, "GB": "73020", "name": "", "HYDC": ""}}, {"type": "Feature", "id": "https://geosciml4china.example.org/J43C001002/waterpoly/LDLYAAE002.WP.5", "geometry": {"type": "Polygon", "coordinates": [[[74.0986477330294, 39.5721148181312], [74.0979415007775, 39.57168147136126], [74.09696719996684, 39.57086892040946], [74.09626991283783, 39.569998582151925], [74.09553219369083, 39.56912796875666], [74.0950690188884, 39.56837862911819], [74.09476183964797, 39.56769006613856], [74.09465433286277, 39.566973026050135], [74.09458815576424, 39.5660473601994], [74.09479777516268, 39.56500423395641], [74.09523993468605, 39.56441038376935], [74.09584111606928, 39.56372809361334], [74.0966395325281, 39.563047162457075], [74.0975944552157, 39.562606055303235], [74.09878242639519, 39.562285939695236], [74.10028538451267, 39.5619381386475], [74.10198372248344, 39.5618005709907], [74.10348458824625, 39.561751154687194], [74.1052183051146, 39.56191223452682], [74.10687110620735, 39.5622219654444], [74.10867324923723, 39.56301022860997], [74.10969124425559, 39.563733424442844], [74.11062352930473, 39.56466497546802], [74.11136258725557, 39.56559518205162], [74.11186295625451, 39.56652378010985], [74.11242552850081, 39.56861677661794], [74.11241505567797, 39.569392688335995], [74.11208714470253, 39.57022614785243], [74.11211773107719, 39.57088295354115], [74.11262781371936, 39.57109532557376], [74.11353444197039, 39.57131035905475], [74.11416109025903, 39.57158320819055], [74.11466937004496, 39.57200446929927], [74.11525516485244, 39.57245610375348], [74.11572139906943, 39.57299646496576], [74.11614456797277, 39.57380514268942], [74.11672316823382, 39.574793937020466], [74.11734144340392, 39.575693467691345], [74.11815722089813, 39.57665400358137], [74.1187376726681, 39.57743388999499], [74.11904853211067, 39.57794333605463], [74.11904493101117, 39.57821192077554], [74.11888329526361, 39.57841975937839], [74.11825156120646, 39.57844536205737], [74.11750365579852, 39.57838063923301], [74.1165176058804, 39.578194945543885], [74.11553596107031, 39.57797939908942], [74.1140405781884, 39.57767085375099], [74.11297843821097, 39.577424911700064], [74.11172143763642, 39.57699856776956], [74.11089546134369, 39.576724369261555], [74.10979489085584, 39.576478130226874], [74.10873197377427, 39.57629183401577], [74.10754988449166, 39.576164409261594], [74.10650131401229, 39.57596444231979], [74.10588450654258, 39.57576734897483], [74.10506887323933, 39.57541486978943], [74.10395751484722, 39.57486777132976], [74.10296942668847, 39.57432162162334], [74.10203206219887, 39.5738527735015], [74.1008968965872, 39.573228528380966], [74.10010666604148, 39.57283774423014], [74.09909179168858, 39.57236829536929], [74.0986477330294, 39.5721148181312]]]}, "properties": {"@featureType": "WaterpolyView", "identifier": {"value": "https://geosciml4china.example.org/J43C001002/waterpoly/LDLYAAE002.WP.5", "@codeSpace": "http://www.ietf.org/rfc/rfc2616"}, "GB": "73020", "name": "", "HYDC": ""}}, {"type": "Feature", "id": "https://geosciml4china.example.org/J43C001002/waterpoly/LDLYAAE002.WP.6", "geometry": {"type": "MultiPolygon", "coordinates": [[[[73.9002516832065, 39.54252003773679], [73.8998226852942, 39.54237046844837], [73.8998226852942, 39.54237046844837], [73.89695357463492, 39.54137509127504], [73.89206800925082, 39.539620475613724], [73.88522982324733, 39.537541621455695], [73.88522982324733, 39.537541621455695], [73.8804190106811, 39.54117517505166], [73.8744723784837, 39.54386012680185], [73.87017236470807, 39.54610372376358], [73.8691081491377, 39.54700750147669], [73.86831203460069, 39.5475583858787], [73.86771101763249, 39.548212733220126], [73.8672419923209, 39.548817581284545], [73.86670571723113, 39.549523343592774], [73.8669499020025, 39.55064298949761], [73.86831987361262, 39.55111340188749], [73.8744140725879, 39.551528080376556], [73.87814705256399, 39.55191966999767], [73.88214407330265, 39.55221211010381], [73.88672253777662, 39.553068618309005], [73.88940779965806, 39.55334823319309], [73.89294095947793, 39.55394058037972], [73.89555908415586, 39.55432098360019], [73.89796309955399, 39.55493834225184], [73.89796309955399, 39.55493834225184], [73.89778427530071, 39.554336266607585], [73.89753966755208, 39.55325572045593], [73.89729506701599, 39.55217517369763], [73.89694809731579, 39.55101382175382], [73.89649515613226, 39.550051200141525], [73.89640413661853, 39.54909185640839], [73.89657317417016, 39.54801505452254], [73.89705109817487, 39.54676972860949], [73.89742225917907, 39.54584561066309], [73.89826593559516, 39.54419991124651], [73.89873644209594, 39.54367993711458], [73.89988261873064, 39.542803135799176], [73.9002526832065, 39.54252003773679], [73.9002516832065, 39.54252003773679]]]]}, "properties": {"@featureType": "WaterpolyView", "identifier": {"value": "https://geosciml4china.example.org/J43C001002/waterpoly/LDLYAAE002.WP.6", "@codeSpace": "http://www.ietf.org/rfc/rfc2616"}, "GB": "73020", "name": "", "HYDC": ""}}, {"type": "Feature", "id": "https://geosciml4china.example.org/J43C001002/waterpoly/LDLYAAE002.WP.7", "geometry": {"type": "MultiPolygon", "coordinates": [[[[73.9002526832065, 39.54252003773679], [73.90047914111155, 39.5423467977779], [73.90092457322481, 39.54200603506753], [73.90217208984458, 39.54133175110385], [73.9032620990456, 39.540897988461886], [73.90445269584299, 39.540747396335156], [73.90621154351443, 39.540642215359604], [73.90776241313371, 39.54065612253978], [73.90998256216052, 39.540958270628174], [73.91122208070706, 39.54109032313974], [73.91282111596932, 39.54146751754024], [73.9143155980951, 39.5419647374871], [73.9159119280076, 39.54262414422382], [73.91699326791951, 39.543077329209865], [73.91792304279248, 39.543166232420596], [73.91890530078761, 39.54317494341064], [73.92004109335484, 39.543346308539356], [73.92164217346787, 39.54352177349117], [73.92314063898823, 39.543615662466955], [73.92422707462728, 39.543544598174236], [73.92510903400796, 39.54322977131751], [73.92578805797626, 39.54250989743038], [73.92620781097833, 39.54186838742833], [73.9263173770901, 39.541224148056656], [73.92627146858587, 39.540618866224825], [73.92606970068047, 39.54009286012398], [73.92550761726812, 39.53940238185948], [73.92373075128751, 39.538883106438846], [73.92278040810989, 39.5386055315905], [73.92079296924744, 39.538049555390735], [73.91837066594482, 39.53755668732451], [73.91612193779082, 39.53706538992733], [73.91404782772838, 39.5365084881035], [73.91076004131881, 39.53587298672464], [73.90738449474219, 39.535303757933264], [73.90048574979916, 39.53413865993831], [73.8984718194716, 39.53391884619053], [73.89676764532017, 39.533742127183636], [73.8954265196671, 39.533447701754255], [73.89439594970203, 39.533115751657], [73.8938835008647, 39.532667522338734], [73.89382025657754, 39.532189261969656], [73.89381925657754, 39.532189261969656], [73.89208367443707, 39.5319085208282], [73.89208267443708, 39.5319085208282], [73.89070626221564, 39.5336052799012], [73.88924256916539, 39.53491171103579], [73.8870599135634, 39.53605888803084], [73.8856641235549, 39.537213570326], [73.88522982324733, 39.537541621455695], [73.88522982324733, 39.537541621455695], [73.89206800925082, 39.539620475613724], [73.89695357463492, 39.54137509127504], [73.8998226852942, 39.54237046844837], [73.8998226852942, 39.54237046844837], [73.9002516832065, 39.54252003773679], [73.9002526832065, 39.54252003773679]]]]}, "properties": {"@featureType": "WaterpolyView", "identifier": {"value": "https://geosciml4china.example.org/J43C001002/waterpoly/LDLYAAE002.WP.7", "@codeSpace": "http://www.ietf.org/rfc/rfc2616"}, "GB": "73020", "name": "", "HYDC": ""}}, {"type": "Feature", "id": "https://geosciml4china.example.org/J43C001002/waterpoly/LDLYAAE002.WP.8", "geometry": {"type": "MultiPolygon", "coordinates": [[[[73.77258224633287, 39.450647553141806], [73.77258234844605, 39.450647647741995], [73.77258324633287, 39.450647553141806], [73.77258224633287, 39.450647553141806]]], [[[73.77195751716839, 39.45505389536453], [73.77532592665372, 39.457867647737466], [73.77597286730334, 39.45849937661344], [73.77705531331944, 39.45919332436789], [73.77915614341877, 39.459843534473364], [73.78147641113809, 39.46038313037642], [73.78343324110136, 39.46091807224316], [73.78502793563517, 39.46133503634167], [73.78575096161119, 39.461684272232176], [73.78632729886785, 39.462145006361965], [73.78661285654641, 39.46260206202806], [73.78675302628963, 39.46305727814569], [73.78616622637861, 39.46350329997778], [73.7849231780309, 39.46411105324403], [73.78382812772045, 39.46449394511988], [73.78316991001621, 39.464825684642946], [73.78294656688705, 39.46527629663573], [73.78315876149006, 39.465789110526636], [73.78387985713427, 39.466308373363184], [73.78452760749573, 39.46688338297701], [73.78454664675591, 39.46765643109278], [73.7858935254757, 39.467654503587354], [73.79293860729234, 39.46684886100695], [73.79731775578946, 39.46718723435931], [73.80139157215608, 39.46769809357099], [73.80665725866402, 39.468550352706785], [73.81278011074315, 39.46869488294356], [73.8187404557181, 39.46908300439008], [73.8212380183232, 39.46923226393266], [73.8231218188607, 39.46916835982761], [73.82475504818674, 39.469389517723855], [73.82917414753241, 39.47037542240482], [73.8332711226134, 39.47168535463996], [73.83636916045874, 39.472739583446675], [73.83867666161585, 39.47370398130717], [73.84528747637684, 39.476307318081595], [73.85101459157633, 39.47808300365317], [73.85522543317897, 39.47894308599366], [73.85722662390016, 39.47929019007609], [73.8596482624992, 39.47976416314993], [73.86280854411783, 39.48028624495136], [73.86612662586475, 39.48085070557184], [73.86945630986554, 39.48143375815826], [73.87140559757262, 39.48175561398272], [73.87384471844928, 39.482045575672444], [73.87419565479546, 39.482318120344885], [73.87432686150265, 39.482520861884375], [73.87438736795632, 39.48266039337854], [73.87440545776339, 39.4829172675892], [73.87420458794585, 39.48428524897965], [73.87385143228452, 39.4865328342042], [73.87373062335915, 39.487472994571554], [73.87311205650141, 39.48979985812582], [73.87292916922496, 39.49131239750869], [73.87286671700721, 39.50118508947336], [73.87289362455195, 39.507635076200856], [73.8730279194475, 39.511496053836524], [73.87456187439722, 39.51394860300972], [73.88411791301951, 39.52318205956986], [73.88573025043726, 39.524873434798415], [73.887869640855, 39.52641747838886], [73.88988445942752, 39.5275540118324], [73.8915010749146, 39.52899142205033], [73.89207022436243, 39.53031726193332], [73.89208267443708, 39.5319085208282], [73.89208367443707, 39.5319085208282], [73.89381925657754, 39.532189261969656], [73.89382025657754, 39.532189261969656], [73.89378740012327, 39.53194079605598], [73.89426553678764, 39.53065472808651], [73.89490275004952, 39.52896685007555], [73.89517208197128, 39.52788050975258], [73.89497381705122, 39.52703188075632], [73.8944121446639, 39.52634125631179], [73.8930772425565, 39.52544198055377], [73.89127600729252, 39.52465941967948], [73.8894731856994, 39.52403811923249], [73.88561209230711, 39.522510822573736], [73.88453291775934, 39.52189606369173], [73.88340495072786, 39.52099857043704], [73.88217694393119, 39.519777546864], [73.88100394817496, 39.51823441486301], [73.88024113002793, 39.517017642975276], [73.87911536271112, 39.51591850368985], [73.87757746052449, 39.514694577734666], [73.87685855057481, 39.514244369414044], [73.87527153945142, 39.51277800899813], [73.87481518609344, 39.511926962201734], [73.87474454098712, 39.511517402732544], [73.87462011356118, 39.510796049954564], [73.87499219727087, 39.50979135460096], [73.87546554203908, 39.50898922031772], [73.8760918166073, 39.5083901229886], [73.87677057841333, 39.507710856082056], [73.87775686945035, 39.50727637144135], [73.88029078155623, 39.50709806979369], [73.88298092513524, 39.50680016928696], [73.88536102675255, 39.50649936912572], [73.8877948154453, 39.505997385333025], [73.89048732366126, 39.50545737852876], [73.89157562132817, 39.505144681792856], [73.8921997000274, 39.50474710381996], [73.89251578334108, 39.50414509550609], [73.89236441921969, 39.50378079093847], [73.89154097219281, 39.50345069911837], [73.88922364289348, 39.50266341160676], [73.88886644641698, 39.50221657481148], [73.88892380655993, 39.501652542124155], [73.89006696801678, 39.50101775507348], [73.89353707605065, 39.5004853115836], [73.89482010212592, 39.50047521344049], [73.89578828058777, 39.50063542760833], [73.89701127136725, 39.50110007322093], [73.8979723382144, 39.50181390995512], [73.89886874787686, 39.502527126343026], [73.89956920058235, 39.50338948849047], [73.90052580162585, 39.504455620660174], [73.90167776206806, 39.50542291620229], [73.90315187084033, 39.506493914873374], [73.90482070894103, 39.50751639451833], [73.9065562067481, 39.50838846767129], [73.90809769840706, 39.5092586906181], [73.90912623385412, 39.50977171974725], [73.91015606378163, 39.51018407962574], [73.91124293021498, 39.51120100743968], [73.91623703312895, 39.510190615927996], [73.91566122480843, 39.509681873327686], [73.91444113431969, 39.50896576397864], [73.91315893613749, 39.508047714229576], [73.91298081712083, 39.506787622772244], [73.91383949538604, 39.505386214938], [73.9150189875839, 39.50418914649982], [73.91561634021244, 39.50298663257637], [73.9157641084908, 39.50152823626942], [73.91558786113985, 39.500117154870445], [73.91579267879872, 39.49926333638585], [73.91690292215105, 39.498417958476814], [73.91904347589889, 39.497934518177395], [73.9211149098587, 39.497802756555316], [73.92195502920788, 39.497860889597774], [73.92356934005551, 39.49807720192244], [73.92395423434837, 39.49833245214998], [73.92407729440251, 39.498836960807466], [73.92425433882052, 39.500197702597895], [73.92430643943634, 39.501204926024286], [73.9244269901679, 39.50191076046831], [73.92506684775826, 39.502470389929364], [73.92693371850724, 39.50319236256053], [73.92873344537982, 39.504115033890905], [73.93014826488579, 39.504782451126346], [73.931237838978, 39.50559786915191], [73.93232556648972, 39.50656427214857], [73.93321803440601, 39.50762954803987], [73.93398613894152, 39.50829097769652], [73.93449800885989, 39.50874870676867], [73.93500677862379, 39.50945808750697], [73.93551059083113, 39.51057011945556], [73.93549879234817, 39.511526414374366], [73.93568353888972, 39.51228316393819], [73.93600386872701, 39.512537780792975], [73.93761299162468, 39.51320688555432], [73.9397439788867, 39.51352837218821], [73.94181460921553, 39.51349690894259], [73.94311391041533, 39.51305570196989], [73.94480745958866, 39.512114688229794], [73.9465656491897, 39.51117423750344], [73.9482542124438, 39.51063582459481], [73.95007028899123, 39.510249550946455], [73.95136399447493, 39.51026123267063], [73.95239591277543, 39.51052222593838], [73.95367889170939, 39.511339438259945], [73.95450540595371, 39.51230402382961], [73.95559042215979, 39.51322081851301], [73.95712553657977, 39.51424271520103], [73.95885531571815, 39.51516583163981], [73.96084483667113, 39.515940462102414], [73.96257952355879, 39.51646087023644], [73.96360925776189, 39.51662198186607], [73.96457692930788, 39.51658112346477], [73.96535538373756, 39.516186042326986], [73.96711166703412, 39.514894435122244], [73.96853478560588, 39.514505630642674], [73.97040797937906, 39.51422186923416], [73.97182689866928, 39.51418534690202], [73.97311509468113, 39.51429855003831], [73.97388456866697, 39.5146583913941], [73.97439261130802, 39.5153177163827], [73.97450375138384, 39.516828927917025], [73.97408782550112, 39.51929143767392], [73.97374110085643, 39.52135191751657], [73.97344337595273, 39.5247216514538], [73.97363027603998, 39.52527718167439], [73.97439868540495, 39.52573768478574], [73.97523751996536, 39.525695486506], [73.97601661232142, 39.52525000524318], [73.97674068536959, 39.52399858017043], [73.97778948569893, 39.52254894272653], [73.9788352917254, 39.521350955985824], [73.98001177771314, 39.520003208785184], [73.98099067422483, 39.519005905861086], [73.98196660403595, 39.518260255610436], [73.98280945541677, 39.517865677576495], [73.98358489100939, 39.51772213485266], [73.98435680593205, 39.51788057860938], [73.98480342512414, 39.51828757579832], [73.98517855203539, 39.519297940125796], [73.98535381740176, 39.52086009480931], [73.98526883968762, 39.52262109955038], [73.98518268505865, 39.52448276820501], [73.98529465391694, 39.52594363799601], [73.9859254065758, 39.527157804717284], [73.98675138513588, 39.528222831123294], [73.98738042852278, 39.52958798909756], [73.98781721142973, 39.53085062131063], [73.98832550187933, 39.53150988680034], [73.98903017869002, 39.531919342748445], [73.989611716929, 39.53182424032261], [73.99013925316724, 39.530822537208124], [73.99080563806099, 39.528966421162835], [73.99160210866457, 39.52701086924166], [73.99252343287542, 39.52540886544226], [73.99363408793205, 39.524161028391006], [73.99480454819172, 39.52331645099056], [73.99603039401657, 39.52281870593821], [73.9974556531074, 39.52268730365816], [73.99977569584833, 39.52281001868905], [74.00183381926713, 39.52328257336448], [74.00652590028582, 39.524635707329374], [74.00735843739503, 39.52514693522875], [74.00812137983537, 39.52611054182703], [74.00888206516527, 39.52727547161039], [74.00906186104868, 39.528485269594064], [74.00924287215175, 39.529851772808286], [74.00980781734712, 39.530958838034245], [74.01031347787777, 39.53186967055926], [74.01108050308883, 39.5324809300674], [74.012684183166, 39.533251049558], [74.01442026492941, 39.53372036015762], [74.01602852144597, 39.53408777544506], [74.01751063031315, 39.53420230042216], [74.01828674247668, 39.534008193037195], [74.01867929043352, 39.53350847825793], [74.01893711407041, 39.532670522365], [74.01908082042902, 39.53220344360691], [74.01929168857457, 39.53064493812694], [74.01950310334716, 39.529036101227206], [74.01944872266256, 39.52812951418778], [74.01938929082412, 39.52767592159486], [74.01964834239975, 39.52757765922321], [74.02029148802751, 39.527734666101004], [74.02163610953762, 39.52860292411183], [74.02336599561434, 39.52962575890925], [74.02567852828892, 39.530452619172976], [74.02818790242632, 39.53097922578485], [74.02909015115247, 39.53103790257847], [74.033923842677, 39.53133414570803], [74.03540812314738, 39.53124711272582], [74.03695579339065, 39.53126131725742], [74.03804877087002, 39.53157336094623], [74.0385602849527, 39.53198074781377], [74.03887286670891, 39.53288969132253], [74.03892148147777, 39.53434993178954], [74.03929856924451, 39.53525946125104], [74.03986695348536, 39.53637209294884], [74.04127429565379, 39.53744204826405], [74.04217064179547, 39.53805428477553], [74.04267133121378, 39.53946830843125], [74.04296493991902, 39.542138884522544], [74.04302344688256, 39.54269313406424], [74.04327980240727, 39.54284648418721], [74.04373127918082, 39.54285060045808], [74.04444835789582, 39.54215240481173], [74.04548681355489, 39.54155780515774], [74.04626022185572, 39.54161517611857], [74.04728674400825, 39.54212788123753], [74.04876205727659, 39.542896336893975], [74.04934091091923, 39.5430525986524], [74.05024549111417, 39.542909781118865], [74.05071362642067, 39.54274275871285], [74.05134625389744, 39.54251704418126], [74.05251526412239, 39.54177254957993], [74.05355579402766, 39.54097654459622], [74.05472797076341, 39.53993002836373], [74.05564253188473, 39.5388308963064], [74.05636725010244, 39.53797927314331], [74.05676536144708, 39.53732683156871], [74.05670670173336, 39.53692299584926], [74.05593772537009, 39.536412859708406], [74.054915218538, 39.53554780843591], [74.05408990153992, 39.53448257296598], [74.05332400721656, 39.533770750036844], [74.05249038153447, 39.53326009150119], [74.05120381237573, 39.5327459309692], [74.05056509774558, 39.53218634310787], [74.05064197672881, 39.53138016795209], [74.0511793997724, 39.53007332156219], [74.05165361767644, 39.52866513746171], [74.05172820085085, 39.52801021392346], [74.05148078597146, 39.52725195650936], [74.05103470587585, 39.526794703350234], [74.05013571769749, 39.526333946478886], [74.04871455318286, 39.52617167883745], [74.04754610299825, 39.52641473722488], [74.04656946024554, 39.52681054328828], [74.04533705240402, 39.52700266090759], [74.04443044774614, 39.5270460330783], [74.04333892558594, 39.52648287796423], [74.04206021351757, 39.52546444767788], [74.04058820684612, 39.52439406599764], [74.03891445866246, 39.52382632133133], [74.03730235916572, 39.52346072639237], [74.03620632206275, 39.523200007946855], [74.03569181412563, 39.52299427354913], [74.03563174409368, 39.52269126352981], [74.03583355089204, 39.52218861858347], [74.03700890415824, 39.52149192218904], [74.03889897493166, 39.52059912195194], [74.04072046149798, 39.51995786749287], [74.04196425720008, 39.51900954232206], [74.04327883756157, 39.51765836693705], [74.04394490914905, 39.51640297674552], [74.04415658273248, 39.51524489153171], [74.04409681140568, 39.51065591820912], [74.04410904932307, 39.509849242389485], [74.04380168029853, 39.50878796137606], [74.04303923233316, 39.50787440439932], [74.04247698326574, 39.506559017485095], [74.04224199828111, 39.504994063719536], [74.0418654000245, 39.50423477783793], [74.0412592883241, 39.50375187754536], [74.0412602883241, 39.50375187754536], [74.04007664605933, 39.503250350347635], [74.03969173718906, 39.503125083078615], [74.03969073718906, 39.503125083078615], [74.03922805112708, 39.50325612452058], [74.0385681767127, 39.50410815560885], [74.03822323552754, 39.50551730277375], [74.03807310601461, 39.50687755407017], [74.03831723007636, 39.50783750755029], [74.03882087454421, 39.50874907058418], [74.03938537505012, 39.50991322114711], [74.0397565995268, 39.51102543707584], [74.03992992929642, 39.51238821687198], [74.04004164703942, 39.51354882380545], [74.0395742190724, 39.514503208663356], [74.03865777756528, 39.515201958990545], [74.03709824565087, 39.51564354237634], [74.03573662698417, 39.51583454514838], [74.03450207126524, 39.51617780280817], [74.03339611521274, 39.51657248130441], [74.03183110335429, 39.517366912412065], [74.03079058118183, 39.51771166069566], [74.0291085396813, 39.51769836054186], [74.02794697551296, 39.517738150931045], [74.02691373394958, 39.517879604804016], [74.02594217773358, 39.51827331049217], [74.02515790784486, 39.519222460751465], [74.02444143777325, 39.519870207774154], [74.02366550014536, 39.520064356635274], [74.02244046313871, 39.520052975703244], [74.02077306134706, 39.51923205933152], [74.01917241606802, 39.518210390730815], [74.01770188749684, 39.51708923941933], [74.01623704129784, 39.51546474198581], [74.01535136221327, 39.51394632383375], [74.01394884334864, 39.51252373170616], [74.01388719925686, 39.51227146462028], [74.01399949036552, 39.511589374193825], [74.01400803458196, 39.510985163675386], [74.0147166205312, 39.509916890694505], [74.01611857335486, 39.508854485668124], [74.01821575198021, 39.507663653609505], [74.02161857192453, 39.50608092662197], [74.02459446836946, 39.50402451704851], [74.02731206690649, 39.50183158338267], [74.02860123850176, 39.500393525058676], [74.02675849044435, 39.49909074625249], [74.0260729169346, 39.49855921551118], [74.0260719169346, 39.49855921551118], [74.0244313354155, 39.49959535358387], [74.0228853577524, 39.50046793678091], [74.02145353047896, 39.5012971634587], [74.02018987374615, 39.502260449632296], [74.01916006726731, 39.50278315080971], [74.01802223645772, 39.50295102204391], [74.01705810445429, 39.50289905291099], [74.01570220929429, 39.50248997507935], [74.01389851117764, 39.50167908409598], [74.01203395735516, 39.501133138945534], [74.00994034677548, 39.50071804677087], [74.00789865513774, 39.500613048330436], [74.00557497730199, 39.500856842393574], [74.00251426127112, 39.5014021125527], [73.99939795191646, 39.50185843758611], [73.99718605518655, 39.50236745346759], [73.99509130437104, 39.50252418710455], [73.99356316582478, 39.502597953173904], [73.98869644421329, 39.50277225728033], [73.98762282407846, 39.502673622038174], [73.98632553121479, 39.50235198143274], [73.98559744297803, 39.501726613076684], [73.98527041135699, 39.50066340033077], [73.9857428970835, 39.49894533161498], [73.9864960830328, 39.49740663248342], [73.98696339140518, 39.49613020300789], [73.98725999421738, 39.49494047214612], [73.98721522163956, 39.493924142403934], [73.98672417985635, 39.49237349382479], [73.98617251018044, 39.49117561687844], [73.98553575020651, 39.488784340954936], [73.98478324125402, 39.48662383643501], [73.98431286374563, 39.48452125385868], [73.98448146107067, 39.48225882984832], [73.98497551135458, 39.48069559430946], [73.9855930380132, 39.47928154893759], [73.98652999587962, 39.478349112678295], [73.98796069193757, 39.47758667020453], [73.98952790252075, 39.477157167409295], [73.9914443930178, 39.47706235679915], [73.99385026661317, 39.477413978241174], [73.99527195276247, 39.477647944017335], [73.99781149654213, 39.478083460900585], [74.00037677689564, 39.4780470970671], [74.00204030169081, 39.47776911596554], [74.00295123822309, 39.47736775000615], [74.00349005201382, 39.47661245576475], [74.00357548628446, 39.47591172736645], [74.00320922041524, 39.475148670172885], [74.00216333823137, 39.47443823669285], [74.00028701958693, 39.4737791075827], [73.99787860541176, 39.47340763676707], [73.99561167002857, 39.473214871768626], [73.9943824428337, 39.47316041690144], [73.99361046498255, 39.473121974008826], [73.9917204613298, 39.47308262714128], [73.98916234782159, 39.47339337264885], [73.98639235892153, 39.47364700236586], [73.98440681549701, 39.473630548622914], [73.98313571349544, 39.473288163858285], [73.98193908254757, 39.472725161444004], [73.98160049686167, 39.47172684467458], [73.98154289831194, 39.47089678151279], [73.98198165937669, 39.47007084865745], [73.98249309151521, 39.469134906163944], [73.98293271928551, 39.46825366971861], [73.98301602980897, 39.46748008333466], [73.98246030896325, 39.466756490900515], [73.981266454594, 39.46602758845501], [73.97914554729836, 39.46562278102583], [73.97723113755468, 39.46560679860114], [73.97495418054899, 39.466085496406386], [73.97295991605085, 39.466621832231226], [73.97110295676083, 39.46743581268854], [73.9700339949523, 39.4677586519367], [73.94875940349252, 39.4672919042813], [73.94812200000527, 39.46701401089957], [73.94701808150846, 39.46677724312039], [73.94585261803086, 39.46681203393288], [73.94474373959088, 39.4669833911686], [73.94328316648456, 39.467332957223356], [73.94205390311781, 39.46782067636261], [73.94134773374893, 39.46840385562895], [73.93893513548772, 39.470377457919405], [73.93787507317661, 39.47123535763547], [73.9368752458809, 39.472082105417805], [73.93622389252478, 39.47293788270885], [73.93615671033602, 39.473662940230916], [73.93644071290845, 39.474255148274565], [73.93754303638721, 39.47462806409869], [73.93923067702372, 39.47477954355362], [73.94132720450692, 39.47484401250888], [73.94248947928095, 39.47508136524002], [73.94300932107214, 39.47544893032513], [73.94323790419845, 39.47581384411201], [73.94328729934448, 39.476539965167554], [73.94310312415234, 39.47730931805244], [73.94280243416301, 39.47807760894525], [73.94203624634304, 39.47879630954965], [73.94103868494732, 39.479376833646384], [73.93981086013443, 39.47972847593528], [73.9381780106822, 39.47984963337111], [73.9360242011246, 39.47969387338022], [73.93404572683576, 39.479494326341324], [73.93212439804657, 39.479385979992315], [73.92956226526057, 39.47927170199077], [73.92694357592846, 39.47902078369904], [73.92432490968005, 39.47876980444596], [73.92234876719348, 39.47838866351733], [73.92054911933904, 39.477873063595425], [73.91851705032131, 39.477309921863], [73.91735767556742, 39.476845583169165], [73.91562292880207, 39.475808937913435], [73.91493133421176, 39.475212874765965], [73.91424318546402, 39.47434471360731], [73.91379263909008, 39.473115934838624], [73.91364079970633, 39.47130033817433], [73.91395621317504, 39.46854986850555], [73.91370150440149, 39.46649333224387], [73.91324299222741, 39.46589943806658], [73.91220319797536, 39.46520939394066], [73.91051987652685, 39.464740082395565], [73.9089473069926, 39.46472533353994], [73.90754600733672, 39.46498429896749], [73.90655067354253, 39.46538312990134], [73.9061389247212, 39.46569673618176], [73.905843081673, 39.46605678865527], [73.90589208310541, 39.466782921318675], [73.90631135600896, 39.4676706853972], [73.90651603761596, 39.468104071517416], [73.90696180842215, 39.46969566953719], [73.90711231666168, 39.47160197154407], [73.90709096819083, 39.473279886309], [73.90667224454158, 39.47413768248489], [73.90572924519199, 39.474990541927205], [73.90438077096901, 39.47565815255323], [73.90297807789307, 39.47600775759803], [73.90139770442123, 39.47658243805605], [73.89891238204322, 39.47709212949258], [73.89571880584677, 39.477061831747996], [73.89253580378585, 39.47636516275472], [73.88948174999734, 39.47528884456052], [73.8874670203874, 39.474143950728944], [73.88667557910729, 39.473456616447216], [73.88552629771023, 39.47231267705391], [73.88481872904978, 39.470776439454795], [73.88476666493305, 39.46918984398618], [73.8852899305746, 39.46811858230946], [73.88602846876792, 39.46727596710001], [73.88727399534069, 39.46660814182354], [73.88895302970363, 39.46617103256032], [73.89143077071721, 39.46585481170574], [73.89369171799427, 39.46542317991804], [73.8968990416685, 39.46494384558489], [73.89767169833237, 39.46487906177219], [73.90054061080167, 39.464638467043706], [73.90316156388411, 39.46449328976293], [73.90636805967306, 39.463834793032966], [73.91156748254397, 39.46121804585919], [73.91355343691016, 39.459662640843156], [73.9117306629021, 39.459985468603044], [73.9093288275563, 39.460076250840146], [73.9055456605619, 39.460097337418695], [73.9016919305334, 39.45994769638127], [73.8986427075698, 39.45946567391124], [73.89581174335903, 39.45898564651299], [73.89262079196219, 39.458218886793475], [73.88906422046281, 39.457675321274195], [73.88434170007926, 39.457347191283], [73.88078192331386, 39.457086652199315], [73.87641779066007, 39.457044549659635], [73.8736538414869, 39.457017802408025], [73.87198739968817, 39.45666216353191], [73.86988888756095, 39.4560759794028], [73.86743215703119, 39.45520336910182], [73.86490817386543, 39.45404715043523], [73.86259595160497, 39.453232430076945], [73.85999395198131, 39.45235824215843], [73.85483884929783, 39.45185493242586], [73.85172242429711, 39.45125839088299], [73.84889038630052, 39.4510040627062], [73.84598730041857, 39.45069382706596], [73.84431802520426, 39.45056739071306], [73.83750367755803, 39.44966264302318], [73.83590814095827, 39.44947382018793], [73.83459638396641, 39.44962713868172], [73.83247930709236, 39.450052830371895], [73.83072678277509, 39.450426507000785], [73.82883586104255, 39.45045975980236], [73.8266565358736, 39.450376540494254], [73.82375623280534, 39.45000215396058], [73.82201536422282, 39.449811348562285], [73.81954651274526, 39.449667975105946], [73.81838644411208, 39.44976965123899], [73.81728868004564, 39.44986585427565], [73.8153133363006, 39.450462336783325], [73.81370372998508, 39.450950424080936], [73.81173657576866, 39.45115180167584], [73.80811303947156, 39.45059869144542], [73.80738503279485, 39.45064607291617], [73.80679884288506, 39.45086456528065], [73.80664283756185, 39.451370661831376], [73.8066239237849, 39.452273614100335], [73.80631781568036, 39.4530036364235], [73.8059484775841, 39.45328127794725], [73.80558386867695, 39.453333178079696], [73.80464487596045, 39.45303921448953], [73.80304935980442, 39.45284993878208], [73.80152416571748, 39.45277442019883], [73.80007046980747, 39.45275622530849], [73.79884433737745, 39.45228927194037], [73.79762892812431, 39.45131439759507], [73.79634800912366, 39.44999999180463], [73.79539965907557, 39.44868892912949], [73.79291361792977, 39.44880099328826], [73.7967043642196, 39.45378655981655], [73.79719293615385, 39.45475232700907], [73.79802950048057, 39.45645629598106], [73.79844756583194, 39.45764989360974], [73.79880073380642, 39.45856121296535], [73.79886635337128, 39.45918552111662], [73.79871646690339, 39.45958040512588], [73.79805450516713, 39.46025226521085], [73.79761447551137, 39.460586826461835], [73.79674085475754, 39.4606892181919], [73.79565108612968, 39.46061884491392], [73.79406280749556, 39.45963530053826], [73.79211760037423, 39.45808043363804], [73.78633791019435, 39.45235765600658], [73.78548728697228, 39.45133081543022], [73.7843471636653, 39.45024385716967], [73.78290554383656, 39.44966110732175], [73.7815209990364, 39.44981290463579], [73.78034606964981, 39.45036249010362], [73.77894946052129, 39.45107859672067], [73.77791623789979, 39.45179930503976], [73.77709622236105, 39.45274851195605], [73.77636455678908, 39.45296499830173], [73.77549234549973, 39.452953896643244], [73.77420094601935, 39.45214715682967], [73.77258234844605, 39.450647647741995], [73.76845996616109, 39.45108197659064], [73.77195751716839, 39.45505389536453]]]]}, "properties": {"@featureType": "WaterpolyView", "identifier": {"value": "https://geosciml4china.example.org/J43C001002/waterpoly/LDLYAAE002.WP.8", "@codeSpace": "http://www.ietf.org/rfc/rfc2616"}, "GB": "73020", "name": "", "HYDC": ""}}, {"type": "Feature", "id": "https://geosciml4china.example.org/J43C001002/waterpoly/LDLYAAE002.WP.9", "geometry": {"type": "MultiPolygon", "coordinates": [[[[74.03969173718906, 39.503125083078615], [74.03969073718906, 39.503125083078615], [74.03969311415779, 39.503125531208354], [74.03969173718906, 39.503125083078615]]], [[[74.04007664605933, 39.503250350347635], [74.04125815241346, 39.5037509725276], [74.04071493805633, 39.50331817559318], [74.03969311415779, 39.503125531208354], [74.04007664605933, 39.503250350347635]]], [[[74.04125815241346, 39.5037509725276], [74.0412592883241, 39.50375187754536], [74.0412602883241, 39.50375187754536], [74.04125815241346, 39.5037509725276]]]]}, "properties": {"@featureType": "WaterpolyView", "identifier": {"value": "https://geosciml4china.example.org/J43C001002/waterpoly/LDLYAAE002.WP.9", "@codeSpace": "http://www.ietf.org/rfc/rfc2616"}, "GB": "73020", "name": "", "HYDC": ""}}, {"type": "Feature", "id": "https://geosciml4china.example.org/J43C001002/waterpoly/LDLYAAE002.WP.10", "geometry": {"type": "MultiPolygon", "coordinates": [[[[74.0260719169346, 39.49855921551118], [74.02701310631858, 39.49780183864151], [74.0279880739056, 39.497145901063476], [74.02911264048039, 39.497012352074194], [74.02970711883263, 39.49789017602149], [74.02898487032583, 39.499965571771384], [74.02860123850176, 39.500393525058676], [74.02860123850176, 39.500393525058676], [74.02675849044435, 39.49909074625249], [74.0260729169346, 39.49855921551118], [74.0260719169346, 39.49855921551118]]]]}, "properties": {"@featureType": "WaterpolyView", "identifier": {"value": "https://geosciml4china.example.org/J43C001002/waterpoly/LDLYAAE002.WP.10", "@codeSpace": "http://www.ietf.org/rfc/rfc2616"}, "GB": "73020", "name": "", "HYDC": ""}}, {"type": "Feature", "id": "https://geosciml4china.example.org/J43C001002/waterpoly/LDLYAAE002.WP.11", "geometry": {"type": "MultiPolygon", "coordinates": [[[[73.64990985439339, 39.44863727189701], [73.64990985374418, 39.44863731142815], [73.64991085439338, 39.44863727189701], [73.64990985439339, 39.44863727189701]]], [[[73.60071202737265, 39.45883201332887], [73.6007113538442, 39.458832101920905], [73.6007123538442, 39.458832101920905], [73.60071202737265, 39.45883201332887]]], [[[73.7208805000132, 39.45558954942818], [73.71876053904377, 39.456071085725505], [73.71809313696942, 39.456634070503206], [73.71771755660703, 39.45731336365895], [73.71719308433406, 39.45816201620236], [73.71652646783605, 39.458668259676124], [73.71564439837438, 39.45883147120751], [73.71447131076046, 39.458821622334305], [73.71279329755262, 39.45818195026174], [73.71134206197085, 39.457032336789624], [73.71057101339449, 39.45588586335466], [73.71057201339448, 39.45588586335466], [73.70627439583672, 39.45584138531898], [73.70527345480882, 39.45579215505569], [73.70527245480882, 39.45579215505569], [73.70437934303858, 39.45680284844391], [73.70370579553024, 39.45782078351426], [73.70273819508762, 39.45889308446789], [73.70221200182951, 39.45985539346933], [73.70182938212035, 39.461046400017786], [73.70107861459239, 39.462348008011034], [73.70003682198309, 39.46347652329485], [73.69885370649342, 39.46420573730074], [73.69752929034246, 39.464535641686574], [73.69664864094138, 39.46458498205327], [73.69599564340723, 39.464067568471044], [73.69536109885077, 39.46218544355829], [73.69523828546318, 39.4604214356664], [73.69525134929253, 39.459454766833275], [73.6948916794813, 39.458939858814794], [73.69408903395443, 39.458648630907746], [73.69247682741437, 39.45857792518155], [73.69130298212961, 39.45862470734088], [73.69070949603729, 39.45913142881799], [73.69069250578495, 39.46038241026803], [73.6903853230377, 39.46140341828684], [73.68963743273305, 39.46247749934075], [73.68889880400516, 39.4628692204701], [73.68786998058741, 39.463030955178496], [73.68691912431493, 39.462852139142925], [73.68620065356058, 39.46176541023343], [73.68585423702041, 39.460283809898776], [73.68549773578057, 39.459541424811945], [73.68484331486643, 39.45913767712909], [73.68360002851557, 39.458899432112226], [73.68272100063757, 39.45883494132687], [73.68140051439744, 39.45888035164529], [73.68036938993974, 39.45921260956732], [73.67933434893612, 39.4598291689371], [73.67844670783265, 39.46039013596726], [73.67749200189583, 39.46049555663405], [73.6769195529493, 39.45946691528538], [73.67665135908699, 39.457644753757016], [73.67616419396603, 39.45570577318821], [73.67570727691911, 39.452890858941494], [73.67515004992796, 39.45090584218193], [73.67514904992797, 39.45090584218193], [73.67009946120365, 39.4499559814206], [73.66286777945217, 39.44877031104348], [73.65853900003839, 39.448549348446434], [73.65818481585777, 39.448531151468416], [73.65818381585777, 39.448531151468416], [73.6597516212395, 39.44962698841416], [73.66166372514336, 39.45047955526405], [73.66249520053604, 39.451817985023375], [73.66246659092961, 39.453312624367584], [73.66156829584747, 39.45546168204019], [73.66044933159164, 39.457940402450475], [73.6593366587956, 39.460086970733], [73.65803198874875, 39.46106855821317], [73.65631473200888, 39.46121482727358], [73.6550387770241, 39.46070174933042], [73.65400269253068, 39.45886257816597], [73.65277163226662, 39.45602449226434], [73.65111861536079, 39.45284928158378], [73.6498845641786, 39.450177238627774], [73.64990985374418, 39.44863731142815], [73.64708765879807, 39.44874880362768], [73.64076025133444, 39.44895282674744], [73.63505822062284, 39.44908353275928], [73.63264519789067, 39.44930631164381], [73.63264619789067, 39.44930631164381], [73.63199855242495, 39.449688722705744], [73.63095714907391, 39.450410035803415], [73.62933157590076, 39.451013550418466], [73.62771878263712, 39.45099876436556], [73.6248950812876, 39.45024717052079], [73.62164936287171, 39.450720466124], [73.61260524419892, 39.45241610015582], [73.60462596762173, 39.45407042681651], [73.60009139716975, 39.455306188473784], [73.59696586059933, 39.45615942179414], [73.59755404593395, 39.45663699242289], [73.59881260760284, 39.45766089353494], [73.60013934796665, 39.45867660980247], [73.60071202737265, 39.45883201332887], [73.601840605358, 39.45868356671948], [73.60361077245581, 39.45891198898696], [73.60531220956541, 39.459364721389605], [73.60708198982559, 39.45975970631376], [73.60870736726491, 39.460387106687996], [73.61033222472624, 39.460951431400936], [73.61188862158123, 39.46163650444149], [73.612628636712, 39.462951279797316], [73.61300240957378, 39.464608436141795], [73.61411649585054, 39.46592316236085], [73.61603906257069, 39.46712141022656], [73.61774023945397, 39.46780362533522], [73.61944162022534, 39.468256153575766], [73.62136451034635, 39.468765319584044], [73.62313434599285, 39.468934898380276], [73.62490447588202, 39.46932961738747], [73.6269033762504, 39.469781049597245], [73.62882606854998, 39.4700649288049], [73.63059588981932, 39.47045955775449], [73.63244218301043, 39.47119730581787], [73.63407494272147, 39.47193702173706], [73.63614268494989, 39.47221798105851], [73.63798886513318, 39.472500811623256], [73.63990384688398, 39.47260878903675], [73.64175017472638, 39.472661896950555], [73.64359655273506, 39.47254385052104], [73.64529023025678, 39.4721357848547], [73.64691558130296, 39.47156028125174], [73.64765477491508, 39.47119225470664], [73.64994489789869, 39.470316026180164], [73.65207722141837, 39.46952038305025], [73.65481644939106, 39.468614527794465], [73.65739880704594, 39.467999789843525], [73.66013566191003, 39.467210976575956], [73.66320810728155, 39.466660350864316], [73.67223954204212, 39.464830068034864], [73.68240535729505, 39.46295334643012], [73.68693698013477, 39.46318040634598], [73.68919785795768, 39.463557507827296], [73.69002487437662, 39.463801222198065], [73.69137878947525, 39.46416806232462], [73.69364520023554, 39.464252147399684], [73.69440103791491, 39.4642606366397], [73.69575607718089, 39.46456883600049], [73.69832048342839, 39.46489056658479], [73.71491271990126, 39.46137994270494], [73.72439845277758, 39.46065493726864], [73.7244026944355, 39.46033222897098], [73.72485255151835, 39.45931326924946], [73.7254438117998, 39.45858155570389], [73.7261742237525, 39.45830777219415], [73.72755533520413, 39.458325951109195], [73.7300240034997, 39.45858512284106], [73.73154701654383, 39.45888851641152], [73.732637377282, 39.458902819069024], [73.73387868741703, 39.45846564480004], [73.73541629415278, 39.45757889350071], [73.73666380476278, 39.456631646352385], [73.73770277857912, 39.45551479762242], [73.73790616013783, 39.455007690968074], [73.73790516013783, 39.455007690968074], [73.72776446765582, 39.45524509554004], [73.72088150001319, 39.45558954942818], [73.7208805000132, 39.45558954942818]]]]}, "properties": {"@featureType": "WaterpolyView", "identifier": {"value": "https://geosciml4china.example.org/J43C001002/waterpoly/LDLYAAE002.WP.11", "@codeSpace": "http://www.ietf.org/rfc/rfc2616"}, "GB": "73020", "name": "", "HYDC": ""}}, {"type": "Feature", "id": "https://geosciml4china.example.org/J43C001002/waterpoly/LDLYAAE002.WP.12", "geometry": {"type": "MultiPolygon", "coordinates": [[[[73.76803165445754, 39.46465884503976], [73.7712631059716, 39.46556704292547], [73.77311748116793, 39.46587958620187], [73.7735237127942, 39.46589137275338], [73.7735237127942, 39.46589137275338], [73.77073520774374, 39.4649507839749], [73.76803165445754, 39.46465884503976]]]]}, "properties": {"@featureType": "WaterpolyView", "identifier": {"value": "https://geosciml4china.example.org/J43C001002/waterpoly/LDLYAAE002.WP.12", "@codeSpace": "http://www.ietf.org/rfc/rfc2616"}, "GB": "73020", "name": "", "HYDC": ""}}, {"type": "Feature", "id": "https://geosciml4china.example.org/J43C001002/waterpoly/LDLYAAE002.WP.13", "geometry": {"type": "MultiPolygon", "coordinates": [[[[73.74463721162297, 39.454635567383015], [73.74467940300597, 39.45566214495157], [73.74516563923557, 39.456969235201086], [73.74594944435628, 39.458283074509914], [73.74702815890986, 39.45926065758124], [73.74825433939769, 39.460070102587956], [73.74861233381604, 39.4605281900591], [73.748747464645, 39.46138014940226], [73.74830309172863, 39.46205454871506], [73.74795880144953, 39.46223472425258], [73.74795880144953, 39.46223472425258], [73.75151270219888, 39.46236809909219], [73.758384557826, 39.46279327258069], [73.76133252607139, 39.46328771963329], [73.76133252607139, 39.46328771963329], [73.76094120124888, 39.463124752968966], [73.75942808848554, 39.46197166331928], [73.75835388818153, 39.460597492048464], [73.75764318882051, 39.45922799875561], [73.75729732214577, 39.45774984649212], [73.75666166617462, 39.456325324359206], [73.75567096072443, 39.45507066502573], [73.75417027426705, 39.453865861472565], [73.75362763942132, 39.45343019984076], [73.75362763942132, 39.45343019984076], [73.75088702446253, 39.45390290665448], [73.74463821162297, 39.454635567383015], [73.74463721162297, 39.454635567383015]]]]}, "properties": {"@featureType": "WaterpolyView", "identifier": {"value": "https://geosciml4china.example.org/J43C001002/waterpoly/LDLYAAE002.WP.13", "@codeSpace": "http://www.ietf.org/rfc/rfc2616"}, "GB": "73020", "name": "", "HYDC": ""}}, {"type": "Feature", "id": "https://geosciml4china.example.org/J43C001002/waterpoly/LDLYAAE002.WP.14", "geometry": {"type": "MultiPolygon", "coordinates": [[[[73.6274683487, 39.430722219332516], [73.60156032381136, 39.42621349179006], [73.60155932381136, 39.42621349179006], [73.60083794837811, 39.42650231670588], [73.59977824245033, 39.4270302451299], [73.59843727350713, 39.42837043978108], [73.59727233460563, 39.429645308440634], [73.5964578973891, 39.43085758365618], [73.59564179833363, 39.432137882786726], [73.59466265436602, 39.43293924268783], [73.59421832765752, 39.43327257166797], [73.59325224741207, 39.43352968579427], [73.59299055533552, 39.43352559240281], [73.59257261167954, 39.43359121292048], [73.5922022034033, 39.43364936690214], [73.59150271888048, 39.4337064752749], [73.59125181834393, 39.43370254693992], [73.59097933679594, 39.43369828004411], [73.5903719988331, 39.43355265856531], [73.58985681811276, 39.43320431197365], [73.5896496139936, 39.4326871009647], [73.5896496139936, 39.4326871009647], [73.58927538079863, 39.43365127715028], [73.58868905077185, 39.4349681129801], [73.58810712616442, 39.436402120608825], [73.58804020676304, 39.43794590589629], [73.58781914971614, 39.43949234432837], [73.58804797707964, 39.4409226588868], [73.58841980526495, 39.44229168598068], [73.58893971131745, 39.44372101581115], [73.58954138458458, 39.44520990058624], [73.59013827304229, 39.44658160254929], [73.59117379318778, 39.447895620064386], [73.59213522201946, 39.44909612517647], [73.59302772182534, 39.45029578606831], [73.59391390905154, 39.451607935737094], [73.59473106829105, 39.452923747585636], [73.59547874821355, 39.45418018285996], [73.59621775472031, 39.455549104646], [73.59696586059933, 39.45615942179414], [73.59696586059933, 39.45615942179414], [73.60009139716975, 39.455306188473784], [73.60462596762173, 39.45407042681651], [73.61260524419892, 39.45241610015582], [73.62164936287171, 39.450720466124], [73.6248950812876, 39.45024717052079], [73.6248950812876, 39.45024717052079], [73.62217420754263, 39.44965474364817], [73.61983306020666, 39.449408256187155], [73.61815755045765, 39.44888679669778], [73.61736290533399, 39.44831725729286], [73.6168685295745, 39.44741319110739], [73.61668221621949, 39.445887809351305], [73.61716139153667, 39.44419320455776], [73.61778409822985, 39.44261445936468], [73.61877507763425, 39.44092827263077], [73.61991090149844, 39.439301207030724], [73.62163699517413, 39.43745682922758], [73.62556376440173, 39.43224352738829], [73.6266060920035, 39.43146611062846], [73.62746734870001, 39.430722219332516], [73.6274683487, 39.430722219332516]]]]}, "properties": {"@featureType": "WaterpolyView", "identifier": {"value": "https://geosciml4china.example.org/J43C001002/waterpoly/LDLYAAE002.WP.14", "@codeSpace": "http://www.ietf.org/rfc/rfc2616"}, "GB": "73020", "name": "", "HYDC": ""}}, {"type": "Feature", "id": "https://geosciml4china.example.org/J43C001002/waterpoly/LDLYAAE002.WP.15", "geometry": {"type": "MultiPolygon", "coordinates": [[[[73.70969789955384, 39.45453299089868], [73.70897574729833, 39.45396468683353], [73.70810037813003, 39.4537323887213], [73.70721841624956, 39.453837340458094], [73.70647427058404, 39.45439320194909], [73.70527245480882, 39.45579215505569], [73.70527345480882, 39.45579215505569], [73.70627439583672, 39.45584138531898], [73.71057100580474, 39.45588585292665], [73.71040908693148, 39.45566338280224], [73.70969789955384, 39.45453299089868]]], [[[73.71057201339448, 39.45588586335466], [73.71057100580474, 39.45588585292665], [73.71057101339449, 39.45588586335466], [73.71057201339448, 39.45588586335466]]]]}, "properties": {"@featureType": "WaterpolyView", "identifier": {"value": "https://geosciml4china.example.org/J43C001002/waterpoly/LDLYAAE002.WP.15", "@codeSpace": "http://www.ietf.org/rfc/rfc2616"}, "GB": "73020", "name": "", "HYDC": ""}}, {"type": "Feature", "id": "https://geosciml4china.example.org/J43C001002/waterpoly/LDLYAAE002.WP.16", "geometry": {"type": "MultiPolygon", "coordinates": [[[[73.73790616013783, 39.455007690968074], [73.73801332397886, 39.4546156685671], [73.73810209824497, 39.45388298991067], [73.7378187868435, 39.45354059651528], [73.73702050576088, 39.45347372042486], [73.73541154462534, 39.45390428148963], [73.73343542106664, 39.45449935738101], [73.73182268967597, 39.45509916688416], [73.73044540026015, 39.45491175475593], [73.7290780801421, 39.454272867126924], [73.72778595834205, 39.453522052323514], [73.72670069068397, 39.45328198640418], [73.72546474504854, 39.45326618381218], [73.72436336292839, 39.45370486241216], [73.7231053989828, 39.454704156349976], [73.72155962705894, 39.4554199218595], [73.7208805000132, 39.45558954942818], [73.72088150001319, 39.45558954942818], [73.72776446765582, 39.45524509554004], [73.73790516013783, 39.455007690968074], [73.73790616013783, 39.455007690968074]]]]}, "properties": {"@featureType": "WaterpolyView", "identifier": {"value": "https://geosciml4china.example.org/J43C001002/waterpoly/LDLYAAE002.WP.16", "@codeSpace": "http://www.ietf.org/rfc/rfc2616"}, "GB": "73020", "name": "", "HYDC": ""}}, {"type": "Feature", "id": "https://geosciml4china.example.org/J43C001002/waterpoly/LDLYAAE002.WP.17", "geometry": {"type": "MultiPolygon", "coordinates": [[[[73.74463821162297, 39.454635567383015], [73.75088702446253, 39.45390290665448], [73.75362763942132, 39.45343019984076], [73.75362763942132, 39.45343019984076], [73.7530269288437, 39.45294790179473], [73.74854127005433, 39.44859969973044], [73.747898224429, 39.448083317189806], [73.74768141741406, 39.448024057172674], [73.7468831879626, 39.44795724958872], [73.74614902132356, 39.4482864127389], [73.74561195162947, 39.44957776559488], [73.74506870337963, 39.45115128036835], [73.74467326029757, 39.452613815802174], [73.74456730628293, 39.45413656265725], [73.74463721162297, 39.454635567383015], [73.74463821162297, 39.454635567383015]]]]}, "properties": {"@featureType": "WaterpolyView", "identifier": {"value": "https://geosciml4china.example.org/J43C001002/waterpoly/LDLYAAE002.WP.17", "@codeSpace": "http://www.ietf.org/rfc/rfc2616"}, "GB": "73020", "name": "", "HYDC": ""}}, {"type": "Feature", "id": "https://geosciml4china.example.org/J43C001002/waterpoly/LDLYAAE002.WP.18", "geometry": {"type": "MultiPolygon", "coordinates": [[[[73.67271842391997, 39.44836716875673], [73.67069180541968, 39.44705632117138], [73.66511304348738, 39.443746404919786], [73.66410043116453, 39.443062816175186], [73.66295599937821, 39.441647213913434], [73.66225253928052, 39.44017929591776], [73.66183433887208, 39.439107433629275], [73.66118717016758, 39.438483285184184], [73.65995023397721, 39.4380225403355], [73.65774907947733, 39.438115372542356], [73.65598769309032, 39.43821209108835], [73.65547462198188, 39.43820750697466], [73.65511499111919, 39.437866985403986], [73.65542529506916, 39.437026483654265], [73.65610776379752, 39.43590821400479], [73.6564237507828, 39.43478667041768], [73.6565084475318, 39.434225244017384], [73.65578351528188, 39.43382524260062], [73.65396036933646, 39.433359197449384], [73.65191280144288, 39.433115985326786], [73.64993281145257, 39.43315443471446], [73.64860440650317, 39.43359224174223], [73.64756571072299, 39.43420129399666], [73.64659684229714, 39.43497962373779], [73.64554546550562, 39.43620694549061], [73.64434516148975, 39.43754534710508], [73.6429947611392, 39.43905103501913], [73.6418515227204, 39.44117697996148], [73.64056276347401, 39.44324537623681], [73.63913886742992, 39.444750349078255], [73.6356404044442, 39.4473045732017], [73.63489577073965, 39.44785996854878], [73.63377995900417, 39.448636847823], [73.63264638322097, 39.449306202209875], [73.63505822062284, 39.44908353275928], [73.64076025133444, 39.44895282674744], [73.64708765879807, 39.44874880362768], [73.64991085439338, 39.44863727189701], [73.64990985439339, 39.44863727189701], [73.64997759815155, 39.445361201579765], [73.65044770250222, 39.443207260673695], [73.65132053251227, 39.442386852339425], [73.65261853775652, 39.441737471855355], [73.65452714226403, 39.442756222733344], [73.6564134583669, 39.444937439110824], [73.65744621845386, 39.44694266372374], [73.65818381585777, 39.448531151468416], [73.65818481585777, 39.448531151468416], [73.65853900003839, 39.448549348446434], [73.66286777945217, 39.44877031104348], [73.67009946120365, 39.4499559814206], [73.67514904992797, 39.45090584218193], [73.67515004992796, 39.45090584218193], [73.67430413794153, 39.44973033108904], [73.67271842391997, 39.44836716875673]]], [[[73.63264619789067, 39.44930631164381], [73.63264638322097, 39.449306202209875], [73.63264519789067, 39.44930631164381], [73.63264619789067, 39.44930631164381]]]]}, "properties": {"@featureType": "WaterpolyView", "identifier": {"value": "https://geosciml4china.example.org/J43C001002/waterpoly/LDLYAAE002.WP.18", "@codeSpace": "http://www.ietf.org/rfc/rfc2616"}, "GB": "73020", "name": "", "HYDC": ""}}, {"type": "Feature", "id": "https://geosciml4china.example.org/J43C001002/waterpoly/LDLYAAE002.WP.19", "geometry": {"type": "MultiPolygon", "coordinates": [[[[73.77258224633287, 39.450647553141806], [73.77234747275122, 39.450430044900564], [73.77050741351658, 39.448092137296314], [73.76923676661539, 39.44632597118245], [73.7686020743107, 39.44541466653584], [73.76790806553169, 39.443881659606625], [73.76777727576665, 39.44320259535087], [73.76778576845085, 39.44280755877036], [73.7680946532008, 39.44196477360709], [73.76832237298821, 39.441516094725], [73.76833328880447, 39.44100819158265], [73.76776040523221, 39.440605715092374], [73.766162854876, 39.44052880741158], [73.76470700178668, 39.44062304074505], [73.76397299405448, 39.44095231937977], [73.76344726294568, 39.44173586018781], [73.76314075583026, 39.44246576605135], [73.7632629809921, 39.44353986844934], [73.76713140671939, 39.44957308033696], [73.76845996616109, 39.45108197659064], [73.76845996616109, 39.45108197659064], [73.77258324633287, 39.450647553141806], [73.77258224633287, 39.450647553141806]]]]}, "properties": {"@featureType": "WaterpolyView", "identifier": {"value": "https://geosciml4china.example.org/J43C001002/waterpoly/LDLYAAE002.WP.19", "@codeSpace": "http://www.ietf.org/rfc/rfc2616"}, "GB": "73020", "name": "", "HYDC": ""}}, {"type": "Feature", "id": "https://geosciml4china.example.org/J43C001002/waterpoly/LDLYAAE002.WP.20", "geometry": {"type": "MultiPolygon", "coordinates": [[[[73.79539965907557, 39.44868892912949], [73.79486459052377, 39.44794918827399], [73.79410922231854, 39.4458510720014], [73.79080926490286, 39.44033395838636], [73.78961329936507, 39.43845605488791], [73.78870208531774, 39.43686397962883], [73.78807439672096, 39.43561417276091], [73.78715008381228, 39.43464286082007], [73.78628888032931, 39.43412393383473], [73.78534543420007, 39.43405555556149], [73.78483198308288, 39.43427485762397], [73.78466386897286, 39.43534526721085], [73.78549870761299, 39.437105757213175], [73.79189428035446, 39.44746023051237], [73.79291361792977, 39.44880099328826], [73.79291361792977, 39.44880099328826], [73.79539965907557, 39.44868892912949]]]]}, "properties": {"@featureType": "WaterpolyView", "identifier": {"value": "https://geosciml4china.example.org/J43C001002/waterpoly/LDLYAAE002.WP.20", "@codeSpace": "http://www.ietf.org/rfc/rfc2616"}, "GB": "73020", "name": "", "HYDC": ""}}, {"type": "Feature", "id": "https://geosciml4china.example.org/J43C001002/waterpoly/LDLYAAE002.WP.21", "geometry": {"type": "MultiPolygon", "coordinates": [[[[73.62922116393347, 39.42912543106534], [73.63033517572387, 39.42840590533741], [73.6332995430814, 39.42675184434591], [73.634559688311, 39.42603466324643], [73.63662530840467, 39.42527385163329], [73.6396306241922, 39.42498229958449], [73.64190088443274, 39.42484897374388], [73.64344273115424, 39.42459027376431], [73.64440634402446, 39.42403841924496], [73.64464022348037, 39.423417964136874], [73.64443812380802, 39.42267693381222], [73.64357810350401, 39.42192521720199], [73.64235126647849, 39.42122428525222], [73.64134375974858, 39.42052690466], [73.64042529723189, 39.41914996362654], [73.63994147960815, 39.41795034006029], [73.6401886498121, 39.41676260624346], [73.64078802155976, 39.41614810579386], [73.64262339033228, 39.41583743943823], [73.64496512038393, 39.41576196655594], [73.64709416847555, 39.41539924712796], [73.64930156749692, 39.41481075530449], [73.65135351547016, 39.41461696013743], [73.65449793486495, 39.414611021310506], [73.65698580818848, 39.41453766516794], [73.65904297841723, 39.414116817832706], [73.66044373866511, 39.41362814543282], [73.66104126052926, 39.413071271811184], [73.66157405559122, 39.41217130059796], [73.66174250374904, 39.41120925530725], [73.6622033132418, 39.4102519121613], [73.66250222300664, 39.40997296492381], [73.66294076950741, 39.40998001518327], [73.66343932195741, 39.41055553079742], [73.66370845524398, 39.411633255756605], [73.66382891737904, 39.412927348273655], [73.66453328652578, 39.41433905168173], [73.66495705458277, 39.415129861846005], [73.66560970806329, 39.415472948038214], [73.66641570505358, 39.41548007531097], [73.66672010815124, 39.414920579243336], [73.66667625546397, 39.413458510077525], [73.66693452617778, 39.411549361041615], [73.66762220729298, 39.41014996838484], [73.66859952984262, 39.40892178343872], [73.66913271616113, 39.40791454949982], [73.66938310049588, 39.4064513715176], [73.66941177057761, 39.40520332331293], [73.66921206108758, 39.404348869205556], [73.66863780854467, 39.40388566668692], [73.66711216629021, 39.40346395461679], [73.66528636771147, 39.40337790941312], [73.6628575879616, 39.4040766483287], [73.66057755174027, 39.40466422924079], [73.65800119480261, 39.405417241009054], [73.65513507074132, 39.40605201961102], [73.65278971955183, 39.40629789110662], [73.64913274972184, 39.40635223372205], [73.64621193127996, 39.40619140272132], [73.64402198956562, 39.406042364309336], [73.64152645525238, 39.406455822376465], [73.63874518571404, 39.40658082174894], [73.63656057099672, 39.40620473096038], [73.63473475247642, 39.406118203350765], [73.63085186141502, 39.406452036415985], [73.62498623131793, 39.407150492444345], [73.62279363162405, 39.407114510951324], [73.61737850789916, 39.40730922655233], [73.61378783062062, 39.40764729926304], [73.60962188902431, 39.407578502188784], [73.60598033482829, 39.40712164985628], [73.60460152068397, 39.4069867322375], [73.60379762582572, 39.40714448168635], [73.60247253875956, 39.407804860132], [73.60099792994818, 39.40863314228834], [73.59951920806279, 39.409631588761364], [73.59723241246378, 39.41095790206584], [73.59649300416919, 39.411457100444544], [73.59502369765814, 39.41205839398666], [73.59400293747574, 39.41215593809134], [73.59241272421983, 39.41173382507436], [73.59219119951578, 39.41159622783692], [73.59118788218129, 39.41097427624485], [73.59133699948171, 39.41230368814605], [73.59141301866939, 39.41379069327404], [73.59154369333845, 39.415174215028586], [73.59447560902251, 39.41531008936757], [73.59716763300077, 39.41582851675902], [73.59890202482886, 39.416263900059356], [73.6015924916727, 39.416850256848335], [73.6047223089434, 39.41730726912889], [73.60751058093919, 39.41769198196033], [73.61003976160538, 39.41827826401251], [73.61239689780794, 39.418725541100095], [73.61449269737443, 39.41910040279019], [73.61702037406096, 39.41975456590408], [73.61902695380805, 39.42019593252206], [73.62042796488198, 39.42028703059754], [73.62156437641875, 39.42044181972652], [73.62313429036416, 39.42080788541455], [73.62522057497168, 39.42159073487904], [73.62704230041314, 39.42243727014958], [73.62738173506266, 39.422919225520666], [73.62762869719477, 39.423603834604634], [73.62726197548393, 39.424278393819755], [73.62636441246266, 39.42514841851176], [73.62546843073906, 39.42595040888713], [73.6237914199286, 39.42639929436376], [73.62168247074273, 39.426568834542685], [73.61966279236235, 39.42667174867646], [73.6170326375159, 39.42662846410284], [73.61396897974404, 39.42637379997117], [73.61186972956946, 39.426134982851394], [73.60967795674844, 39.426098769582936], [73.60827197699778, 39.42621163042448], [73.60634809487343, 39.4259756159096], [73.60443194217724, 39.42580963094547], [73.60277473478233, 39.425783859460495], [73.60198323255295, 39.42604376360566], [73.60155932381136, 39.42621349179006], [73.60156032381136, 39.42621349179006], [73.62746751639318, 39.43072207448764], [73.62802465355267, 39.430240847602995], [73.62922116393347, 39.42912543106534]]], [[[73.6274683487, 39.430722219332516], [73.62746751639318, 39.43072207448764], [73.62746734870001, 39.430722219332516], [73.6274683487, 39.430722219332516]]]]}, "properties": {"@featureType": "WaterpolyView", "identifier": {"value": "https://geosciml4china.example.org/J43C001002/waterpoly/LDLYAAE002.WP.21", "@codeSpace": "http://www.ietf.org/rfc/rfc2616"}, "GB": "73020", "name": "", "HYDC": ""}}, {"type": "Feature", "id": "https://geosciml4china.example.org/J43C001002/waterpoly/LDLYAAE002.WP.22", "geometry": {"type": "Polygon", "coordinates": [[[74.43837226385537, 39.37250416849806], [74.43881573038328, 39.37199729011026], [74.43930197062289, 39.3715251869505], [74.44005084406294, 39.3709538216016], [74.44075590148773, 39.37038216422554], [74.44137455772416, 39.369640419546776], [74.44207958823102, 39.36906875158428], [74.44238890803707, 39.36869787825137], [74.44234900758283, 39.368155185473704], [74.4421336528871, 39.36764523629277], [74.44174357314468, 39.367066326848814], [74.44113668700089, 39.36618086402193], [74.44079336697993, 39.365195440196686], [74.44044907302751, 39.3643456146231], [74.43975364568742, 39.36359516498845], [74.43910031110123, 39.363082303412455], [74.43844526561877, 39.362806740474475], [74.43735148171939, 39.36262996054962], [74.43603795829863, 39.362553413580535], [74.43454923695703, 39.362475680905526], [74.43293260109529, 39.361922448405835], [74.43218999164324, 39.36164626369913], [74.43183959111056, 39.3616439185247], [74.43153025031029, 39.362014764100074], [74.43139435964875, 39.362624086711854], [74.43147722562934, 39.363268776449395], [74.4316023948281, 39.36411715983507], [74.43190153128108, 39.36513621827741], [74.43211257431432, 39.36622248806553], [74.43232237603564, 39.36747825958362], [74.43240127075006, 39.368665349126594], [74.43217378106831, 39.36981648772978], [74.43186041882683, 39.37072973634712], [74.43150523421829, 39.37137148857043], [74.43106132147241, 39.372013490375046], [74.43101351339905, 39.37238704204541], [74.43109821471185, 39.37265951729166], [74.43144794196377, 39.372729839098945], [74.43197361855312, 39.372733363300085], [74.43280775904103, 39.37256900919798], [74.43390400842966, 39.37247437943755], [74.43482430427589, 39.372446540465425], [74.43556720664029, 39.37262144012339], [74.4365718665941, 39.372900045330944], [74.43740455660446, 39.37287160188182], [74.43784406545988, 39.37273857466711], [74.43837226385537, 39.37250416849806]]]}, "properties": {"@featureType": "WaterpolyView", "identifier": {"value": "https://geosciml4china.example.org/J43C001002/waterpoly/LDLYAAE002.WP.22", "@codeSpace": "http://www.ietf.org/rfc/rfc2616"}, "GB": "73020", "name": "", "HYDC": ""}}, {"type": "Feature", "id": "https://geosciml4china.example.org/J43C001002/waterpoly/LDLYAAE002.WP.23", "geometry": {"type": "Polygon", "coordinates": [[[74.42535489596426, 39.35406278890499], [74.42599755933128, 39.35402192534646], [74.42646504251177, 39.35397987756965], [74.42687513842773, 39.3538018329682], [74.42711072235878, 39.353532205403766], [74.42705400435294, 39.353305810977815], [74.42670666592652, 39.352896648160105], [74.42630026702575, 39.352577490198655], [74.42548714497129, 39.35198436757582], [74.42455792950345, 39.35130005300268], [74.42362940529796, 39.35052532700784], [74.42293445993484, 39.349752179767606], [74.422357662936, 39.348799016112274], [74.42207383690362, 39.34771223165553], [74.4219067934335, 39.346626238108946], [74.4219145755888, 39.345586631582314], [74.42168814085704, 39.34463584322181], [74.4211083505977, 39.34408947573424], [74.42052551741685, 39.34394990810062], [74.41999835498567, 39.344172337228876], [74.41976201063021, 39.34453272830541], [74.41963803354425, 39.345481453829706], [74.41951371090639, 39.34647537880512], [74.41909625034751, 39.347603710817225], [74.41838971696524, 39.348324045003174], [74.41686659333423, 39.348860218987944], [74.41505200406652, 39.349304768964416], [74.4128878746544, 39.34961223873084], [74.41043021796722, 39.350099253038316], [74.40919947058576, 39.35059133988088], [74.40843577017783, 39.35113056885965], [74.4083164860098, 39.35144648046287], [74.40849002957948, 39.351673212055985], [74.40918976635422, 39.351856939248314], [74.41041673162702, 39.35186205356886], [74.41199529358614, 39.351733007883524], [74.41398317998399, 39.35156043183948], [74.41579406799549, 39.35161310045644], [74.41701897964852, 39.35188934338978], [74.41789163376073, 39.352390138939306], [74.41876362095252, 39.35298132743655], [74.41987032821001, 39.353437983067586], [74.42115192263807, 39.35385351447022], [74.42249260039155, 39.354179027972044], [74.42412762121309, 39.354190099882395], [74.42535489596426, 39.35406278890499]]]}, "properties": {"@featureType": "WaterpolyView", "identifier": {"value": "https://geosciml4china.example.org/J43C001002/waterpoly/LDLYAAE002.WP.23", "@codeSpace": "http://www.ietf.org/rfc/rfc2616"}, "GB": "73020", "name": "", "HYDC": ""}}, {"type": "Feature", "id": "https://geosciml4china.example.org/J43C001002/waterpoly/LDLYAAE002.WP.24", "geometry": {"type": "MultiPolygon", "coordinates": [[[[74.39218339168721, 39.34302650655237], [74.39218395312705, 39.34302686078835], [74.39218439168721, 39.34302650655237], [74.39218339168721, 39.34302650655237]]], [[[74.39002441382205, 39.34458836555458], [74.38885276249597, 39.34499009261234], [74.38733129016653, 39.345299879253474], [74.38545927624223, 39.34560811080988], [74.38364603349983, 39.345871370242016], [74.3821256124822, 39.3460454900068], [74.3810126790263, 39.34640219411176], [74.38036674941762, 39.346806152840884], [74.37977777071634, 39.34739116749305], [74.37942138237116, 39.348112812020545], [74.379240622338, 39.348790033225306], [74.37929355886772, 39.34946828900139], [74.37958275606351, 39.34983118083485], [74.37993367280701, 39.34978753210133], [74.38016810311136, 39.34969816643939], [74.38058109251736, 39.349202776207825], [74.38099517093977, 39.34857178382855], [74.38164184338842, 39.34807742292575], [74.38228668522815, 39.34780905563742], [74.38298740101166, 39.34785733898114], [74.38368630366409, 39.348131619998675], [74.38467551897912, 39.34863317558687], [74.38566438751728, 39.34917992232222], [74.38653714463022, 39.34963575172601], [74.38735220732161, 39.350000919899806], [74.3882264231307, 39.3502759365035], [74.38927772316123, 39.35032570911678], [74.39044730830811, 39.35019517816035], [74.39155918088086, 39.34997398498445], [74.3922043627017, 39.34966036315213], [74.39279146721458, 39.34930128510696], [74.39320329732259, 39.348941447982504], [74.394024444083, 39.34853817281676], [74.39716517446236, 39.34616972265683], [74.39218395312705, 39.34302686078835], [74.3911401386228, 39.343869975787655], [74.39002441382205, 39.34458836555458]]]]}, "properties": {"@featureType": "WaterpolyView", "identifier": {"value": "https://geosciml4china.example.org/J43C001002/waterpoly/LDLYAAE002.WP.24", "@codeSpace": "http://www.ietf.org/rfc/rfc2616"}, "GB": "73020", "name": "", "HYDC": ""}}, {"type": "Feature", "id": "https://geosciml4china.example.org/J43C001002/waterpoly/LDLYAAE002.WP.25", "geometry": {"type": "MultiPolygon", "coordinates": [[[[74.39716517446236, 39.34616972265683], [74.39825708529371, 39.34534699910081], [74.39925701538945, 39.344356832734846], [74.40037399454248, 39.34359315177239], [74.40125140230549, 39.34332567031914], [74.40212834841333, 39.34337458432224], [74.40288335354819, 39.34369419620257], [74.40433930960457, 39.344287960672865], [74.40573966167375, 39.344519858645974], [74.40749328584212, 39.34452721110119], [74.40895523184373, 39.34421691515342], [74.41036243730336, 39.34381595935479], [74.41117963158065, 39.343909760865], [74.4118174954544, 39.344274029336006], [74.41268998446974, 39.344910462735925], [74.4137395356816, 39.345050415656736], [74.41438385641423, 39.34496266822069], [74.41561378563246, 39.34456092458702], [74.41678596164066, 39.34406852958751], [74.4176656784672, 39.34362012248235], [74.41819386878738, 39.34317027673412], [74.4184326135116, 39.3427644303201], [74.41837691809071, 39.342402591830286], [74.4177954765108, 39.34190299571623], [74.41698339630018, 39.34126684100191], [74.41611193658731, 39.34049483775226], [74.41524455555093, 39.33945162704254], [74.41472329078836, 39.338726258395866], [74.41420541234454, 39.337820085982884], [74.41380305955484, 39.33682399195418], [74.41328589283621, 39.33582741571684], [74.41258740710893, 39.335236913293265], [74.41165755494343, 39.33487143660402], [74.41072505721894, 39.3344607504514], [74.40973723830606, 39.33377861598885], [74.40898169372184, 39.33327824728909], [74.40798735167589, 39.33331929925148], [74.40751728013412, 39.33367894542467], [74.40704511878252, 39.334309790528856], [74.40668907502713, 39.33503152281867], [74.40604370152613, 39.33552602854463], [74.40569108237837, 39.33593135702267], [74.40480794198153, 39.336696072497425], [74.40386871324738, 39.33741533617088], [74.40275192319938, 39.33804345112773], [74.40152228071746, 39.33867106033637], [74.39999788695177, 39.339252212484126], [74.39865213264108, 39.339653293760385], [74.39759573785882, 39.34014600724113], [74.3966001029113, 39.340593762446254], [74.39548355242019, 39.34117660466635], [74.39407582032014, 39.34189378252792], [74.3928460334309, 39.342521296130045], [74.39218339168721, 39.34302650655237], [74.39218339168721, 39.34302650655237], [74.39716517446236, 39.34616972265683]]]]}, "properties": {"@featureType": "WaterpolyView", "identifier": {"value": "https://geosciml4china.example.org/J43C001002/waterpoly/LDLYAAE002.WP.25", "@codeSpace": "http://www.ietf.org/rfc/rfc2616"}, "GB": "73020", "name": "", "HYDC": ""}}, {"type": "Feature", "id": "https://geosciml4china.example.org/J43C001002/waterpoly/LDLYAAE002.WP.26", "geometry": {"type": "Polygon", "coordinates": [[[74.01230931362701, 39.33690525719665], [74.0133411033251, 39.3370925494512], [74.01414138188088, 39.337277679337355], [74.0150539076551, 39.33755267738571], [74.01636758727949, 39.337920225017434], [74.01779579590205, 39.33824443063891], [74.01957205668697, 39.338527437629885], [74.02134583738776, 39.338721618737566], [74.02311961993944, 39.33909336868365], [74.02449250701541, 39.33941695930575], [74.02597741736088, 39.33978599976477], [74.02746359215455, 39.34019941647315], [74.02894753539398, 39.340568419349225], [74.03020571166327, 39.3408908820218], [74.03163828903043, 39.34108172472441], [74.03346955420604, 39.34127625344818], [74.03455661555377, 39.341597084363755], [74.03495108365752, 39.341911569193535], [74.03488825423665, 39.34235502469059], [74.03441775221286, 39.34297237519579], [74.03348990910438, 39.343541095863785], [74.03204509032572, 39.34419384314062], [74.03060373154318, 39.34458017907733], [74.02887592420541, 39.34487504723166], [74.02726937394647, 39.34490456432571], [74.02549141885373, 39.34471047161627], [74.02400164679932, 39.34456341466799], [74.02211395164186, 39.344190611107976], [74.0202916940316, 39.34346312550951], [74.01875163915847, 39.34278269176399], [74.01744163422069, 39.342193179750815], [74.01528150851755, 39.340974016574194], [74.01181356082868, 39.339165241896865], [74.01049940172872, 39.33870884649789], [74.00918926281345, 39.33825243876186], [74.00845017289531, 39.33784582571527], [74.0083981238901, 39.33753449888037], [74.00851569131478, 39.337313590322736], [74.0088073919341, 39.33709430533386], [74.00938346459407, 39.33696651944273], [74.01024491012072, 39.336930226174864], [74.0112774942888, 39.33689554661506], [74.01230931362701, 39.33690525719665]]]}, "properties": {"@featureType": "WaterpolyView", "identifier": {"value": "https://geosciml4china.example.org/J43C001002/waterpoly/LDLYAAE002.WP.26", "@codeSpace": "http://www.ietf.org/rfc/rfc2616"}, "GB": "73020", "name": "", "HYDC": ""}}, {"type": "Feature", "id": "https://geosciml4china.example.org/J43C001002/waterpoly/LDLYAAE002.WP.27", "geometry": {"type": "Polygon", "coordinates": [[[74.56254995476523, 39.336183031060116], [74.56250264056132, 39.33583929607683], [74.56245699874427, 39.3351901211215], [74.56221478585557, 39.334502296347], [74.56182708523355, 39.33343231593565], [74.56153610794608, 39.332668011951135], [74.56094976393283, 39.33194117504104], [74.56016686771645, 39.33117568198881], [74.55928412335938, 39.33067720184378], [74.55810581596118, 39.330254357993425], [74.55697480305714, 39.33017523968033], [74.55574498341981, 39.33017223003436], [74.55446490105494, 39.33035998433459], [74.55298804241222, 39.33054723698854], [74.55126413394622, 39.330924758235184], [74.54939132773261, 39.33153096271738], [74.54825640168997, 39.33213899643323], [74.54741618804847, 39.33282412149743], [74.54672289012645, 39.33362415450568], [74.54597994684094, 39.33450041869393], [74.54548471081506, 39.335071866154244], [74.54513815087395, 39.33545278608555], [74.54493917963272, 39.3358340838998], [74.5450362609036, 39.336063412833056], [74.54523217228716, 39.33621663124202], [74.54601932502271, 39.3362186299457], [74.54675706253337, 39.33625867922371], [74.54700174133065, 39.33648838075335], [74.54739097245422, 39.33725296955564], [74.54797526435146, 39.33832349040462], [74.54875702343216, 39.339279963707796], [74.54964109587048, 39.33954944374445], [74.55042828639559, 39.339551412846916], [74.550823389148, 39.33928513942434], [74.55112203184586, 39.338675001100036], [74.55137297550304, 39.337797480404916], [74.55152487424493, 39.33703425256611], [74.55187355518035, 39.33627151424198], [74.55276146182081, 39.335853736215384], [74.55364893036514, 39.335512311220576], [74.5543402450898, 39.33505585420519], [74.55488438987689, 39.334522669189724], [74.55547729708326, 39.334065964055846], [74.55596946411075, 39.33402899078863], [74.55670697278607, 39.334107156888635], [74.5577873687043, 39.3344534163369], [74.55871955464463, 39.334913846702065], [74.5598476973651, 39.33552746364258], [74.5607799111724, 39.33598787757896], [74.56146698818638, 39.336294973153336], [74.56225435238852, 39.33625868433867], [74.56254995476523, 39.336183031060116]]]}, "properties": {"@featureType": "WaterpolyView", "identifier": {"value": "https://geosciml4china.example.org/J43C001002/waterpoly/LDLYAAE002.WP.27", "@codeSpace": "http://www.ietf.org/rfc/rfc2616"}, "GB": "73020", "name": "", "HYDC": ""}}, {"type": "Feature", "id": "https://geosciml4china.example.org/J43C001002/waterpoly/LDLYAAE002.WP.28", "geometry": {"type": "Polygon", "coordinates": [[[74.46368784778099, 39.33417267754356], [74.46412611595598, 39.333837933340355], [74.4641276656168, 39.33361290280569], [74.46398648001721, 39.333011886531445], [74.46350675552347, 39.33233368286009], [74.46278563369142, 39.33154140420067], [74.46196713734831, 39.33082350790383], [74.46076091263143, 39.330140612872036], [74.45960392797967, 39.329345501714755], [74.4587852296662, 39.328665087146724], [74.45777071626017, 39.32828345396345], [74.45656064522306, 39.32816309085225], [74.45559064882075, 39.32834433000756], [74.45452219961228, 39.32874995964187], [74.45374223855804, 39.32945751312464], [74.45296120588061, 39.33031508362126], [74.45208460130958, 39.330984488454234], [74.45164470466355, 39.33154421963136], [74.45149436561393, 39.332255865918995], [74.45168387659717, 39.33285721039712], [74.45216587178734, 39.3331979179049], [74.45260075167768, 39.33335078156827], [74.45342472165366, 39.333281136275694], [74.454685682142, 39.3330643030177], [74.45575261994738, 39.33288370065685], [74.45710782359643, 39.333042520115335], [74.45841302556374, 39.33342604098678], [74.4593315210119, 39.33369452687068], [74.46058857184242, 39.33404020446892], [74.46199198589377, 39.334236783475625], [74.46315399132874, 39.33431927336084], [74.46368784778099, 39.33417267754356]]]}, "properties": {"@featureType": "WaterpolyView", "identifier": {"value": "https://geosciml4china.example.org/J43C001002/waterpoly/LDLYAAE002.WP.28", "@codeSpace": "http://www.ietf.org/rfc/rfc2616"}, "GB": "73020", "name": "", "HYDC": ""}}, {"type": "Feature", "id": "https://geosciml4china.example.org/J43C001002/waterpoly/LDLYAAE002.WP.29", "geometry": {"type": "MultiPolygon", "coordinates": [[[[74.36801128423917, 39.33217952535672], [74.36800835514158, 39.33253483589397], [74.36808575278316, 39.33284453976477], [74.36856291187262, 39.33315605038147], [74.3694418694056, 39.333221891572656], [74.37069534041045, 39.33322754265657], [74.37069634041045, 39.33322754265657], [74.36835385282623, 39.33230287770704], [74.36801228423917, 39.33217952535672], [74.36801128423917, 39.33217952535672]]]]}, "properties": {"@featureType": "WaterpolyView", "identifier": {"value": "https://geosciml4china.example.org/J43C001002/waterpoly/LDLYAAE002.WP.29", "@codeSpace": "http://www.ietf.org/rfc/rfc2616"}, "GB": "73020", "name": "", "HYDC": ""}}, {"type": "Feature", "id": "https://geosciml4china.example.org/J43C001002/waterpoly/LDLYAAE002.WP.30", "geometry": {"type": "MultiPolygon", "coordinates": [[[[74.37559865507049, 39.333187644579766], [74.37791725313951, 39.333197963057856], [74.38063561443029, 39.333210002953976], [74.38287426402584, 39.33321986929383], [74.38463320405131, 39.33322758976919], [74.38599238519377, 39.3332335403539], [74.38735107323228, 39.33330134140047], [74.39370271139327, 39.33344479778138], [74.39520095833441, 39.333451236783645], [74.39687972082895, 39.333365678236504], [74.3984378980253, 39.33337233204214], [74.4001159322862, 39.33337947468253], [74.40107481053855, 39.33338354565881], [74.40203512996517, 39.33320210832785], [74.40305681074065, 39.33283541589113], [74.4041997740553, 39.332283719364426], [74.40492214466701, 39.33186937347957], [74.4054058683066, 39.331314887228984], [74.40565130541025, 39.330573895170964], [74.40571588232682, 39.329971270071454], [74.40578188891523, 39.32918314420642], [74.40560926241504, 39.32825488730653], [74.40513737695125, 39.327278994264304], [74.40508246496213, 39.3266294895573], [74.40526675748018, 39.326292793723276], [74.40526575748018, 39.326292793723276], [74.40260525108118, 39.326653220628636], [74.40084510908504, 39.32674920390659], [74.39893518532367, 39.32684329284099], [74.39404737703846, 39.326680117063866], [74.39278118520873, 39.326612461105334], [74.39170306072154, 39.3263691945765], [74.38876772339482, 39.325995149265275], [74.38701791724576, 39.32598304308236], [74.38474520706123, 39.32595782522023], [74.37979451633215, 39.32609525080582], [74.37834414435024, 39.326239899214585], [74.37670131891392, 39.32640371879758], [74.37490950121925, 39.326671416841315], [74.37394118852063, 39.32689183380548], [74.37311169676494, 39.32714694033431], [74.36819952675701, 39.32792234184685], [74.36856631888939, 39.32841600410335], [74.36868120336887, 39.32901941928062], [74.36861325168694, 39.329993017926135], [74.36848537205843, 39.33096634753796], [74.368013458105, 39.33191615212826], [74.36801128423917, 39.33217952535672], [74.36801228423917, 39.33217952535672], [74.36835385282623, 39.33230287770704], [74.37069628349262, 39.33322752018904], [74.37288029705722, 39.33317548931093], [74.37559865507049, 39.333187644579766]]], [[[74.37069634041045, 39.33322754265657], [74.37069628349262, 39.33322752018904], [74.37069534041045, 39.33322754265657], [74.37069634041045, 39.33322754265657]]]]}, "properties": {"@featureType": "WaterpolyView", "identifier": {"value": "https://geosciml4china.example.org/J43C001002/waterpoly/LDLYAAE002.WP.30", "@codeSpace": "http://www.ietf.org/rfc/rfc2616"}, "GB": "73020", "name": "", "HYDC": ""}}, {"type": "Feature", "id": "https://geosciml4china.example.org/J43C001002/waterpoly/LDLYAAE002.WP.31", "geometry": {"type": "Polygon", "coordinates": [[[74.4833153632485, 39.332796858388456], [74.48389513080254, 39.33302552440576], [74.48457226973677, 39.33317978402645], [74.48587738202383, 39.3336005020256], [74.48670058682393, 39.33364300715587], [74.48713777278579, 39.333456039299065], [74.48718892738052, 39.333041937792316], [74.48719312273475, 39.332401731308025], [74.48729641313598, 39.33142288784848], [74.48725414166813, 39.3304812639934], [74.48716170969172, 39.32980310382268], [74.48672899205471, 39.32931220802029], [74.48581216649838, 39.32878217229346], [74.48479848752149, 39.32825183354292], [74.48349520482492, 39.32756995749049], [74.48233949649125, 39.3265495819847], [74.48127968837032, 39.32568013181984], [74.48012153639134, 39.32503632470348], [74.47934861278142, 39.324732645948934], [74.47818823078937, 39.32442775274819], [74.47683261783357, 39.324348197763804], [74.47411736621119, 39.324787511595346], [74.47101593742272, 39.32503036831819], [74.4693195356853, 39.32520709707044], [74.4670890886233, 39.32556792192742], [74.46543826904096, 39.326157461285284], [74.46494981654092, 39.32675443790961], [74.46480013675354, 39.32739109269216], [74.46459841089897, 39.328552508399476], [74.46454482163394, 39.32930230026763], [74.4647357274921, 39.32971610005935], [74.4653151486044, 39.32998236439195], [74.46652321324426, 39.330402677786935], [74.46778075226824, 39.33067326748132], [74.46923128018386, 39.33105759506845], [74.47048782322292, 39.33147817619577], [74.47150219384069, 39.33189720311111], [74.47270931532175, 39.3324674732249], [74.47406404465252, 39.33270110577574], [74.47498460680553, 39.332669427241086], [74.47648868483384, 39.332303867781576], [74.47862092396817, 39.33216728593246], [74.48017041290785, 39.332252045712835], [74.48200978603376, 39.33245112221643], [74.4833153632485, 39.332796858388456]]]}, "properties": {"@featureType": "WaterpolyView", "identifier": {"value": "https://geosciml4china.example.org/J43C001002/waterpoly/LDLYAAE002.WP.31", "@codeSpace": "http://www.ietf.org/rfc/rfc2616"}, "GB": "73020", "name": "", "HYDC": ""}}, {"type": "Feature", "id": "https://geosciml4china.example.org/J43C001002/waterpoly/LDLYAAE002.WP.32", "geometry": {"type": "MultiPolygon", "coordinates": [[[[74.56970514990216, 39.324869564257654], [74.57246596891206, 39.323260233239395], [74.57246596891206, 39.323260233239395], [74.57216275559504, 39.32314723577787], [74.57084108139118, 39.32278682203226], [74.56957840969645, 39.3221585167228], [74.5683176876038, 39.321172848053756], [74.56722890970224, 39.320321579930486], [74.56596704148043, 39.31955922917205], [74.56418560356089, 39.31910831200641], [74.56326660900977, 39.31879343785136], [74.56321248228338, 39.31816794278627], [74.56390665600097, 39.31749956274299], [74.56494460900345, 39.31710000925766], [74.56609666868042, 39.31687939164644], [74.56736380126182, 39.31665903495511], [74.56914856437216, 39.316484542572454], [74.57058639195519, 39.31662190313796], [74.57248075013362, 39.31747500276623], [74.57408767325666, 39.31828274381999], [74.57592410277655, 39.31922499513763], [74.57750538313613, 39.32018905352067], [74.57750538313613, 39.32018905352067], [74.57915511262196, 39.3189857067057], [74.5812739721, 39.31723955070706], [74.5812739721, 39.31723955070706], [74.58013765776523, 39.31677772160244], [74.5792181524645, 39.316552310091076], [74.5772652564549, 39.31587786364184], [74.57594392977455, 39.315472838342416], [74.57496809816438, 39.315023918848034], [74.57485538208822, 39.31457697103988], [74.57520275352553, 39.31417574288429], [74.57618282002957, 39.31382062459483], [74.5767018534891, 39.31359846011707], [74.5767030311446, 39.31337511854132], [74.57653253361538, 39.312972709189395], [74.57584418859051, 39.31256911876264], [74.57452245791907, 39.31225341456254], [74.57273972165152, 39.31207064191081], [74.57066954226114, 39.31184250354403], [74.56831192958069, 39.311568986422586], [74.567102426428, 39.31178948930111], [74.56617939882547, 39.31223400377781], [74.56548578500389, 39.3128130614266], [74.56490650878887, 39.313526393901505], [74.56444205755403, 39.31428466368021], [74.56374767832592, 39.3149977170789], [74.56311228966271, 39.315442890370655], [74.56028270018655, 39.31726752752624], [74.55958948148056, 39.31775721216448], [74.55843417752456, 39.31855845324769], [74.557048916771, 39.319314452717364], [74.55578095589351, 39.319668702816486], [74.55405462565373, 39.31966445769488], [74.55215767047369, 39.319302410290156], [74.55054996922274, 39.318673039121336], [74.54894305602366, 39.31790964417819], [74.5473924486125, 39.317369712677326], [74.54607126654767, 39.316964349230076], [74.54382968954292, 39.316511953811386], [74.54187584876668, 39.31606025614032], [74.54032300796439, 39.315922244592734], [74.53917088844217, 39.3161426067994], [74.53801667820788, 39.316720301646825], [74.53651745824358, 39.317252416516105], [74.53404358174363, 39.31778194111244], [74.53191560337405, 39.31822299739432], [74.53082102836373, 39.31875611104052], [74.5303569841578, 39.31951424500682], [74.53018041039526, 39.32022847535145], [74.53017643259074, 39.32089849971655], [74.53034266871492, 39.321926330906585], [74.5305642324404, 39.323311657895054], [74.53113287122791, 39.32429589208771], [74.53182012221342, 39.324655071045896], [74.53285364285493, 39.32474715216349], [74.53388716919613, 39.32483922413108], [74.53503454174448, 39.32511026113477], [74.53618244732228, 39.32533662082601], [74.53687068659616, 39.32574044203901], [74.53709853564266, 39.32614305750341], [74.53703733599158, 39.32676826242643], [74.53674462373667, 39.32761620644602], [74.53622353107612, 39.328150869370084], [74.53558702487942, 39.328863901778604], [74.53518198587018, 39.329354194881915], [74.53513942023777, 39.32978418924276], [74.53513942023777, 39.32978418924276], [74.53569407146918, 39.33020425018387], [74.53615238624472, 39.330473466753226], [74.53701359395664, 39.33083307147802], [74.53845087176785, 39.33110483343342], [74.53943145323512, 39.331149670180956], [74.53943145323512, 39.331149670180956], [74.53971756825163, 39.331018783690915], [74.5402399503899, 39.330260763224025], [74.54087768502801, 39.32945837185617], [74.54157192584093, 39.32883479529633], [74.54226537924184, 39.3283452225137], [74.54347626902221, 39.327946305223854], [74.54468637763092, 39.327681381104824], [74.54652928098018, 39.32746271696543], [74.54814273103305, 39.327109439494535], [74.54912260633432, 39.326843890453276], [74.54958376789723, 39.326711038640276], [74.55079458854254, 39.32631204695525], [74.55114064226011, 39.32617890231396], [74.55246629281905, 39.32582484642292], [74.55407942719054, 39.3255161556226], [74.5555194006702, 39.32529635410351], [74.55667311289093, 39.32480782097254], [74.55771269995135, 39.32414032322457], [74.55880981717937, 39.32347295532443], [74.5600207782736, 39.32302919734176], [74.56134656961429, 39.32263037227664], [74.56244020508517, 39.322588327136934], [74.56387887437805, 39.322591764720194], [74.56554579105857, 39.32295307811358], [74.56692377836092, 39.32353703030941], [74.56830106345372, 39.32425497036142], [74.56970414990217, 39.324869564257654], [74.56970514990216, 39.324869564257654]]]]}, "properties": {"@featureType": "WaterpolyView", "identifier": {"value": "https://geosciml4china.example.org/J43C001002/waterpoly/LDLYAAE002.WP.32", "@codeSpace": "http://www.ietf.org/rfc/rfc2616"}, "GB": "73020", "name": "", "HYDC": ""}}, {"type": "Feature", "id": "https://geosciml4china.example.org/J43C001002/waterpoly/LDLYAAE002.WP.33", "geometry": {"type": "MultiPolygon", "coordinates": [[[[74.17924788665395, 39.27957424067983], [74.17924861198657, 39.2795744101278], [74.17924888665395, 39.27957424067983], [74.17924788665395, 39.27957424067983]]], [[[74.40468009451195, 39.31665681263496], [74.40384737483909, 39.315864899449906], [74.4034347893844, 39.314982001540855], [74.40296266171688, 39.31405247364344], [74.40248946740927, 39.3132620695783], [74.40225773024466, 39.31224080179417], [74.40226528312536, 39.3112669209831], [74.40281094909047, 39.31043444669727], [74.40389686463253, 39.30946511721805], [74.40509899127022, 39.30896003471609], [74.40707991276662, 39.30845820397554], [74.40840003441821, 39.30818546582017], [74.41031852370918, 39.308007956724026], [74.4126581228697, 39.30760027713672], [74.41487647476964, 39.307377557902335], [74.41643477808545, 39.30729121563165], [74.41787291329561, 39.307250736943296], [74.41931069856466, 39.30725661817715], [74.4203368071255, 39.30755698200731], [74.42063412559557, 39.307706105444275], [74.42086373262056, 39.30782126784642], [74.42127728280222, 39.30856612039902], [74.42168771914625, 39.309728352752764], [74.42233212262282, 39.31163421608327], [74.42291876216483, 39.31326141577758], [74.42350508264113, 39.31493498768445], [74.42403500451377, 39.316144397886276], [74.42492457026292, 39.31730985633688], [74.42599587548922, 39.31819827020654], [74.42701110090769, 39.31857613959732], [74.42826826263907, 39.31863098344973], [74.42874799776496, 39.31854145358296], [74.42916887544354, 39.318312395954365], [74.42953533811847, 39.31734092361326], [74.42960546844157, 39.31595006145475], [74.42991715645763, 39.31428255380084], [74.43022405312358, 39.31326430384431], [74.43023599734563, 39.31164115931364], [74.43048675413198, 39.310112374066314], [74.43127567173956, 39.30867995204013], [74.43203390487865, 39.3081397439243], [74.43380083019409, 39.30725913608591], [74.43536086966274, 39.30680577117616], [74.43644192187509, 39.30634919616384], [74.43740422863331, 39.305752687163164], [74.43818825477618, 39.30496947446462], [74.43885386447933, 39.303999960490266], [74.43939704094886, 39.30340065261288], [74.4399994050629, 39.30289448942607], [74.44084223639949, 39.30225078103827], [74.4418633146243, 39.301793758927296], [74.44390012238853, 39.301621696224075], [74.4468974652491, 39.30107955758335], [74.44791753497061, 39.30075703588034], [74.44959679067465, 39.300343592086485], [74.45091683003673, 39.299928921289826], [74.45223652295456, 39.29956079802635], [74.4536765895386, 39.29909992962603], [74.45487847878758, 39.29845198230095], [74.45596061526754, 39.2978036273008], [74.46023297089691, 39.29465111237019], [74.46113380665383, 39.29423495043507], [74.46203527205846, 39.29372564911313], [74.46287846656286, 39.292983315910334], [74.4635427038103, 39.29214726219547], [74.46408592466963, 39.29149708033881], [74.46462626276096, 39.29126599267398], [74.46606384719085, 39.2911309309223], [74.46744061420209, 39.291135358426544], [74.46851808416598, 39.291138811388684], [74.46929784057409, 39.29090846811895], [74.46966079308741, 39.29035081895451], [74.46978525155022, 39.28965270737016], [74.46978936175518, 39.28904734508703], [74.46961358433555, 39.28848797545234], [74.46937668746725, 39.28811468106896], [74.4690796179204, 39.28778776170825], [74.46782881866724, 39.28687569453573], [74.4671131696824, 39.286489217715406], [74.46635144539472, 39.286277215289324], [74.46581298849247, 39.28624055533127], [74.4650491143327, 39.28634286791411], [74.4639700373109, 39.28658385461628], [74.46284630203849, 39.286789761148626], [74.4618121026037, 39.287030876279466], [74.46073228181004, 39.2873766087184], [74.4597424743217, 39.28768770003204], [74.4586633589868, 39.287928637227225], [74.45758399300668, 39.288204490387955], [74.4570904188869, 39.28816793836066], [74.45633016833632, 39.287746323359926], [74.4557063126662, 39.28708067526668], [74.45526130366332, 39.2865203944623], [74.4550412433725, 39.28589100438693], [74.45518055935649, 39.28522788239674], [74.45540818954666, 39.28477460573197], [74.45586001986739, 39.28435699523058], [74.45644602932454, 39.28400967911371], [74.45725697093279, 39.28359325032434], [74.45798054956911, 39.28282727236204], [74.45843381220786, 39.2822001019013], [74.45911056111227, 39.281713386286825], [74.46046177374271, 39.281124426761515], [74.46199197757058, 39.280605844802096], [74.46676730278939, 39.27835247050894], [74.4679391048495, 39.277727942573435], [74.4690205882003, 39.27717292195614], [74.46971153665395, 39.27666308307076], [74.47010389513649, 39.2763735618967], [74.47078164096345, 39.275782333692284], [74.4714131767807, 39.275365480689835], [74.47185592749568, 39.27513933999291], [74.47262610865756, 39.275229704078086], [74.47347682396338, 39.27551163433097], [74.47423542585142, 39.27610741573132], [74.47512791803467, 39.27680832530122], [74.47628818356954, 39.27771950071733], [74.47718019775802, 39.27849020400719], [74.478027603567, 39.27922585652498], [74.47860440603864, 39.28013518656539], [74.4792255944922, 39.281114463040865], [74.47984722251508, 39.28205895718187], [74.48079420032158, 39.28540828581482], [74.48117348544872, 39.286126536958626], [74.48178438833312, 39.28666623249986], [74.48247487794615, 39.28678787502464], [74.48332134901804, 39.28655145377366], [74.48416624068008, 39.28655404697486], [74.48500956444488, 39.28679565473227], [74.48523488783421, 39.287573178388904], [74.48540151090192, 39.288844162748234], [74.48545432891159, 39.289247030481285], [74.48513648123757, 39.290859483702036], [74.48466538404237, 39.29241171163934], [74.48427186591091, 39.29384466025731], [74.48418521262937, 39.2953383056194], [74.48433058707806, 39.29659363598035], [74.48485653275608, 39.29838793740471], [74.48552476958415, 39.30191560651198], [74.48597905390814, 39.30293285237443], [74.48641229768486, 39.3034191052392], [74.48704679874054, 39.30413123056109], [74.48803892107952, 39.30515010249343], [74.4884924850893, 39.30628684724256], [74.48925027181943, 39.307902562127765], [74.4900849262949, 39.30951850258841], [74.49061460586573, 39.31077498035753], [74.4910694093892, 39.31173245015014], [74.49480782659154, 39.31586681519245], [74.49572299923965, 39.31694514699192], [74.4962555213843, 39.317783314468485], [74.4967903552722, 39.31826294866549], [74.4977824363194, 39.31934149056261], [74.49831308997926, 39.32047842380864], [74.49876958636692, 39.321196841024886], [74.49961108815623, 39.3217968775756], [74.50007178979101, 39.32185798367994], [74.50061276041572, 39.32138151900512], [74.50100155063971, 39.320665580335785], [74.50116055464768, 39.31982945898282], [74.50124460661632, 39.31869433616176], [74.501253333925, 39.31731996745573], [74.50126395294673, 39.315646825028104], [74.50104481828359, 39.31385349616597], [74.50105506286607, 39.312240106156054], [74.5009861949922, 39.3109850237046], [74.50076518089993, 39.30949046895575], [74.50031329934755, 39.308054995260896], [74.49955563795528, 39.30637959512462], [74.4987964871904, 39.3049432124775], [74.49811533801571, 39.303327785330566], [74.4978928793515, 39.30207224647261], [74.4980997202517, 39.300746200192954], [74.49836947715734, 39.29962363718584], [74.49860642926377, 39.298608476404766], [74.49861138528975, 39.29783165636633], [74.49831287806687, 39.296456380674584], [74.49618340211376, 39.29310372935527], [74.49481071683601, 39.29154598423253], [74.49366968276618, 39.28980964715131], [74.49324507909186, 39.28907354295595], [74.49253025306685, 39.28783427560935], [74.49146808007963, 39.28579936876007], [74.4906317312348, 39.284482210062556], [74.48964257923396, 39.283045072122945], [74.48881075007039, 39.2811307879891], [74.48867538693003, 39.2786220723518], [74.48899256680605, 39.27724943479253], [74.4896203921247, 39.275399962179094], [74.4898624761911, 39.273788209518315], [74.4898721696764, 39.27245182806187], [74.4898731696764, 39.27245182806187], [74.4849335013335, 39.272030066669174], [74.46738812260477, 39.26934436264428], [74.44712542952283, 39.26676728110104], [74.43579353372391, 39.266092243293855], [74.42253445652872, 39.26664785491965], [74.39135679986286, 39.27095762808618], [74.37230773046453, 39.27569748592949], [74.34926519182646, 39.280411940657544], [74.33551781656637, 39.28157554438061], [74.32330557084181, 39.28287193621456], [74.29006126706025, 39.282210880128865], [74.2681119915101, 39.28231514716793], [74.23179339964538, 39.281600607825624], [74.20397150874679, 39.28153375316028], [74.19037319099037, 39.281199708410625], [74.18342711139545, 39.28055056675478], [74.17924861198657, 39.2795744101278], [74.1788183713806, 39.279839834423825], [74.17742606473041, 39.28088517165], [74.17630140644731, 39.281530435946486], [74.1744537286708, 39.28227230560303], [74.17254264859385, 39.282863684058256], [74.17089093391112, 39.28365649510068], [74.17022681756734, 39.284203832636486], [74.17021789071067, 39.28480440532094], [74.17066664045518, 39.285507304195534], [74.17157531797304, 39.286162382650915], [74.17228424897951, 39.287016689037884], [74.17234242259212, 39.287517484419595], [74.17168570645018, 39.28756435205188], [74.16992053680957, 39.2871553686118], [74.16652145151322, 39.28633796400418], [74.16461991942467, 39.28627859210753], [74.16192973784332, 39.28631540410313], [74.15910836366754, 39.28635150371594], [74.15687810484351, 39.28634042550333], [74.15451665677958, 39.28632864921078], [74.15254651190682, 39.28646894384068], [74.15161984097317, 39.28701485747278], [74.15088539862582, 39.28786203641997], [74.15028820091939, 39.28830949300877], [74.1495635952592, 39.28850604826197], [74.14896789959725, 39.28885340120594], [74.14895271753328, 39.28985434957742], [74.14919158376763, 39.29140713897583], [74.14917336932506, 39.29260827565956], [74.14890640485385, 39.292907235137626], [74.14857839637408, 39.292905579932764], [74.14759969132899, 39.292550277628884], [74.1459077563523, 39.29164078862264], [74.14467582738735, 39.29068356347218], [74.14403431870777, 39.28972932993888], [74.14345919236712, 39.288725380940235], [74.14236541411637, 39.28731837442088], [74.14120226185426, 39.28616125700451], [74.1395815180025, 39.28490168425874], [74.1382841984588, 39.28394405649986], [74.13736896243515, 39.28373914654849], [74.13657954032831, 39.28388523792124], [74.13552082385674, 39.284480392872965], [74.13505013422439, 39.28522872973711], [74.13510034929935, 39.28623001338263], [74.13554414682498, 39.28723332580884], [74.13651580456012, 39.288039152657745], [74.13960397250139, 39.29200906021394], [74.1408915120816, 39.29361728648121], [74.14231490266468, 39.29492588588913], [74.1437406359416, 39.29608432588844], [74.14496883321446, 39.29729179741486], [74.14619859859157, 39.298399162074425], [74.1469050587297, 39.29940376156193], [74.14715531957437, 39.3002058453243], [74.14708362490859, 39.300605892111776], [74.14655646941446, 39.300753374542936], [74.14518020161229, 39.30064629287733], [74.14328441079904, 39.300186190084176], [74.14106060555557, 39.299724382173224], [74.13864153832448, 39.29916142564716], [74.13622328228107, 39.298548371197064], [74.13400342589235, 39.29783619371151], [74.13178052794072, 39.2973241595604], [74.12955688967297, 39.29686213350464], [74.12765821147488, 39.29660196558196], [74.12712949678857, 39.296849455902], [74.12738339444667, 39.297401344711204], [74.12828949116663, 39.29820689621506], [74.1291987033726, 39.29881225349851], [74.13017431002126, 39.299367899663615], [74.13107968878154, 39.300223477759666], [74.13159143689033, 39.30107700262625], [74.13266901488691, 39.303535094075286], [74.13292066885195, 39.30423711257244], [74.13323331580526, 39.3052397513952], [74.13348035633092, 39.30624205178956], [74.13392116961482, 39.30744555539832], [74.13468546131098, 39.30895103650541], [74.13539185885156, 39.30995570565992], [74.1358365705054, 39.31090896892379], [74.13633154161748, 39.312863507218374], [74.13611699696204, 39.314013572102624], [74.13602523037842, 39.315714828940315], [74.13660277312736, 39.31656866988883], [74.13784194980134, 39.31707555783367], [74.13934593957235, 39.31743364006563], [74.14058455293713, 39.31804131570531], [74.14142581526498, 39.31889736763353], [74.14200152938868, 39.31995225622319], [74.14244447296731, 39.321106568168915], [74.14256272742321, 39.32200867170231], [74.14344032515667, 39.32489316459742], [74.14369284338115, 39.325595688966686], [74.14413730158854, 39.3266498391204], [74.14438838034258, 39.32745251685212], [74.14484083671229, 39.32795582555243], [74.1456895155215, 39.328311083586996], [74.14634407599188, 39.32846494099465], [74.14706721026343, 39.32841885118574], [74.14759332087557, 39.32837167220704], [74.14779468071995, 39.32807230077642], [74.14786613797732, 39.32767205109605], [74.14774635944353, 39.326870105761195], [74.14729895484714, 39.32601627219976], [74.14691577959624, 39.325262953911114], [74.14627065861254, 39.32445810788526], [74.1457597906427, 39.32345367800914], [74.14571005854293, 39.32235163445413], [74.14572527205507, 39.321300030853784], [74.1460688102931, 39.320250239405574], [74.14647728390905, 39.31925088866458], [74.14694923695178, 39.318402126322205], [74.14761744426595, 39.31760452402389], [74.1486125086253, 39.31690887791214], [74.14960466435593, 39.31641352679494], [74.15059464447494, 39.316068397760915], [74.15132052686357, 39.31582197607184], [74.1519821839179, 39.31547503545291], [74.15264958899787, 39.31472748065335], [74.1526560634799, 39.314276790347236], [74.15233711413462, 39.313624000224344], [74.15175985565388, 39.31266931365897], [74.15169923584578, 39.312318417354035], [74.15178288866791, 39.31106686286514], [74.15166165474305, 39.31036507234201], [74.1508874617527, 39.309409301524454], [74.15024081509985, 39.30875512334871], [74.14972423189754, 39.30820196074733], [74.14875898288956, 39.30694581547651], [74.14850336023973, 39.30649406601172], [74.14844078536734, 39.3062935465246], [74.14857581350256, 39.30604397281279], [74.1487756956255, 39.305844778275194], [74.14975686839152, 39.30604993193248], [74.15073652999979, 39.30635516926405], [74.15151632687663, 39.306859600325474], [74.15222824608927, 39.30751383940091], [74.15300857772371, 39.30801865614705], [74.15418389574951, 39.308475795826034], [74.15555834840504, 39.30878376807769], [74.15660739892711, 39.30888963181113], [74.15778991212778, 39.30884597081685], [74.1589745673626, 39.30865206652084], [74.1603618902006, 39.308058601222406], [74.16142163365096, 39.307413271444354], [74.16406983692467, 39.30587502156327], [74.16479982878415, 39.30532805282744], [74.16572747720713, 39.304732057231334], [74.16651742469715, 39.304586041043216], [74.1674365465112, 39.30459095385157], [74.16867613908522, 39.30514845175874], [74.1698493943546, 39.305755665850754], [74.17049815262328, 39.3063100014847], [74.1712775187178, 39.30691510768879], [74.17205549195148, 39.30762036259417], [74.1732309306992, 39.308077311245455], [74.17447766890348, 39.30813398122604], [74.17559731503042, 39.307889485035105], [74.17626158848292, 39.307342096032485], [74.1763363726041, 39.30669144179811], [74.17589084668771, 39.3056874830445], [74.17486220423142, 39.30412956009618], [74.17409761417062, 39.302472862322304], [74.17237653486148, 39.29880786961021], [74.17206170103859, 39.297854668682454], [74.17201086128267, 39.29680270545302], [74.17208496602828, 39.2962021289518], [74.1725529276281, 39.2956036406839], [74.17347827025259, 39.295157810223095], [74.17466616730142, 39.29471335651384], [74.17526397635778, 39.29421570289812], [74.17553567713678, 39.29356608670444], [74.175677495016, 39.2928156225824], [74.17600920902588, 39.29256696486249], [74.17673055248888, 39.29262084052367], [74.17809989285836, 39.293279083794474], [74.17953420312121, 39.29398773268364], [74.18096644429097, 39.294846594386634], [74.18220039655712, 39.295804565649], [74.18316413436163, 39.29731200689843], [74.18379968198931, 39.29881773623911], [74.1846308083369, 39.30042463550758], [74.18566170182145, 39.30183224453588], [74.18695384718428, 39.30334135570774], [74.18811960273639, 39.30449923464213], [74.18934011538312, 39.30520484820243], [74.19094880030663, 39.305560761888934], [74.19230347120302, 39.30561533609899], [74.19320979918824, 39.30541801421951], [74.19366708745395, 39.305018887224996], [74.19433792558787, 39.30316815009526], [74.19500735431572, 39.301417562712956], [74.19593900752814, 39.29936735319342], [74.19699418851252, 39.297718177825736], [74.19830676505107, 39.2961199092081], [74.19948953614467, 39.29457128429922], [74.20080745798442, 39.29257236605794], [74.20113283265485, 39.29237309970649], [74.20184401285108, 39.29227523709724], [74.2020307824251, 39.29277663825957], [74.20233912066371, 39.29382930806196], [74.20304282276291, 39.29428229356754], [74.20420233554871, 39.29443625938538], [74.2056906194789, 39.29414054385645], [74.2069241620573, 39.29359359923608], [74.2079022755814, 39.292845512108904], [74.2086921979964, 39.29169618308817], [74.20980134962942, 39.29079825419229], [74.21104611298266, 39.29009415393983], [74.21152612971855, 39.28972697576201], [74.21268194021602, 39.2895725951946], [74.21396922332372, 39.28973463225699], [74.21498152092882, 39.29015914938431], [74.2158545711299, 39.290846572609524], [74.21658908226263, 39.291744239216484], [74.21684219386611, 39.293114441571454], [74.21669234097989, 39.29416737315735], [74.2161989016324, 39.29553525775969], [74.2152352967652, 39.29653298723465], [74.21407229658011, 39.29721406924099], [74.21256850131421, 39.29799940763585], [74.21092253139967, 39.299258308168234], [74.20955084523362, 39.300307375007755], [74.20872496775482, 39.301147475335355], [74.20796551644587, 39.30209311922556], [74.20733894811762, 39.30324986258346], [74.20692169885064, 39.30398590857838], [74.20691527666042, 39.304459916509714], [74.20725038774425, 39.30477700094289], [74.20799562356123, 39.3048847097789], [74.20867511807297, 39.304834196718964], [74.20949036744688, 39.304784108459465], [74.21064429597489, 39.304787752331535], [74.21227053470456, 39.305003547427006], [74.21423830331813, 39.30506237805226], [74.2160717291224, 39.30501541863976], [74.21702344108498, 39.30491303288555], [74.2182515958952, 39.30444280320247], [74.22023201734233, 39.30355351793835], [74.22139646954382, 39.30276703956444], [74.2220773389192, 39.30261111417178], [74.22275469862778, 39.30271852041602], [74.22363218404955, 39.30308988022712], [74.22477838658295, 39.30367272994342], [74.22653551088723, 39.30425741091334], [74.22761876441034, 39.30447135318245], [74.22836263310808, 39.30468426581514], [74.2291051130661, 39.30500251217386], [74.23025417601217, 39.30537463614874], [74.23194350882159, 39.30595903278466], [74.23370005814593, 39.30659627467104], [74.23491358928348, 39.30723189288227], [74.2355141345797, 39.30802370843574], [74.23617496825314, 39.30939506379582], [74.23689610673122, 39.31134595995645], [74.23782232588813, 39.313192110166156], [74.23875549222986, 39.31451157607519], [74.24017011754921, 39.31535840384048], [74.2421985336655, 39.31599630769447], [74.24384618538512, 39.316382220029716], [74.24470289928642, 39.316582867884556], [74.24591602149242, 39.31727104117927], [74.24611011000229, 39.31800896990942], [74.24596337612034, 39.31885126796496], [74.24609163068885, 39.319431002157046], [74.24649830467344, 39.319484828527536], [74.2469735540023, 39.3194861813023], [74.24751737765172, 39.31943505737959], [74.24887796253891, 39.31922822961467], [74.25023922071948, 39.318968722116935], [74.2543175092483, 39.31861143863383], [74.25737629525355, 39.31851818951362], [74.26050052097409, 39.31874358369924], [74.26375951857513, 39.31907508738241], [74.26640681378309, 39.319403758892705], [74.26884668488849, 39.32004820921606], [74.27121627532155, 39.320903473869905], [74.27344822252257, 39.32191646401645], [74.27541009180032, 39.322769836379706], [74.27689734993416, 39.323515502259546], [74.277979700818, 39.32399540561217], [74.27879482414176, 39.324051771404285], [74.27927181387986, 39.32394827258318], [74.27968431644764, 39.32352772206652], [74.28016711301609, 39.32289630160915], [74.28037626262923, 39.322422068099485], [74.28156429856861, 39.31947077177151], [74.28184893558657, 39.318310537813346], [74.28185937064914, 39.31736028428472], [74.28152822408735, 39.316566929573845], [74.2810576694879, 39.31608972885154], [74.27997658156434, 39.315504275193575], [74.27848479864186, 39.315180981429734], [74.27719459804295, 39.3150697306781], [74.27529387244144, 39.314850187886], [74.27264611946862, 39.314574512374264], [74.27115380306992, 39.314303918004384], [74.27036687413455, 39.31383556430012], [74.26973770729163, 39.3132945225719], [74.26913368477643, 39.31260550447904], [74.26853203222838, 39.31170531399959], [74.26806985834492, 39.31048898134074], [74.2678748228922, 39.30969619319418], [74.26765295834082, 39.30569093932365], [74.26794117061331, 39.304374956992525], [74.26863730323632, 39.30300738698667], [74.26953037092244, 39.302167035740304], [74.27062504529289, 39.30148521839146], [74.27164916356685, 39.301013883788656], [74.27294543302298, 39.30049058313974], [74.2739675326938, 39.300177233939124], [74.2749896233672, 39.29986387566292], [74.27581139028463, 39.299286638927825], [74.27663314661724, 39.29870939622739], [74.27725193158157, 39.29807895346012], [74.27807167971693, 39.29765970436188], [74.27895731363907, 39.29739863074333], [74.28058821169599, 39.29724479259668], [74.28208138704889, 39.29724859424871], [74.28411629717263, 39.29746661013979], [74.28615305780187, 39.297633800129866], [74.28777868099198, 39.29811595471387], [74.28899719351884, 39.29854354290764], [74.28988966186483, 39.29984222312715], [74.2904175376785, 39.30132357473894], [74.29094619813415, 39.30273449152148], [74.29129661577748, 39.30386291538739], [74.2999973149237, 39.30414626781121], [74.3011005936517, 39.304241194160234], [74.3022048388572, 39.30424581175554], [74.30377499503969, 39.30416205986022], [74.30499882206666, 39.30385300170457], [74.30576009622061, 39.30331640819016], [74.30675525863101, 39.30264595803615], [74.30780708070705, 39.302111346403564], [74.30902988344042, 39.301893962273724], [74.31030745051169, 39.3019930105855], [74.31175508344204, 39.30249957674925], [74.31308269831365, 39.303366529883775], [74.3141202407908, 39.30418634147385], [74.31510300592684, 39.30468970075198], [74.31568512596212, 39.304603351209366], [74.31592090910816, 39.30428888406602], [74.31581130927961, 39.30365600284517], [74.31558642421739, 39.302932036024885], [74.31530485324966, 39.30207222276286], [74.31536770808547, 39.301621123275915], [74.3155425245676, 39.30157715895965], [74.31623705935307, 39.301852789977126], [74.31692781350608, 39.30248961140521], [74.31778962301337, 39.30344365567162], [74.31853286000224, 39.304622654015255], [74.31915988671477, 39.305800862049416], [74.3196097497727, 39.3072487859825], [74.32011727919928, 39.30874224850752], [74.32079778241403, 39.31037233380951], [74.32142630696654, 39.3114150813939], [74.32223297927781, 39.31209780645978], [74.32304436012565, 39.312329030785286], [74.3238594953122, 39.31219905279614], [74.32426776249946, 39.31206633879789], [74.32491811728431, 39.31100962015232], [74.32510277859443, 39.31001750350895], [74.32523165044203, 39.308799250963084], [74.32570876958613, 39.30762848291193], [74.32670707191683, 39.306641815956404], [74.32805172418891, 39.30588321771615], [74.3291620188986, 39.30530365026418], [74.32957395757063, 39.30480972175436], [74.32964183532796, 39.30386197032], [74.32920062318856, 39.30155624341229], [74.3285902206197, 39.29875270276576], [74.32801655142653, 39.298026427336254], [74.32715467026625, 39.297072457281466], [74.32605943585297, 39.296207222853276], [74.32531008185485, 39.29561521341568], [74.32519853692472, 39.2951629395245], [74.32590145244403, 39.29462582047332], [74.3279427166813, 39.2939170419282], [74.33004112015367, 39.29329891460816], [74.33248627706621, 39.29286366410408], [74.33644265284342, 39.29239321287043], [74.3388831525835, 39.29240932329472], [74.34120561208165, 39.29260521997412], [74.3435857358786, 39.29284659947535], [74.34503569840942, 39.29312700477897], [74.34611204087344, 39.293420471141005], [74.34636809381708, 39.293542082884215], [74.34676940746049, 39.29408653326275], [74.34687881849706, 39.29476453826671], [74.34673224828367, 39.296555811451455], [74.34652603014392, 39.299075873845084], [74.35031534681492, 39.309417828187996], [74.35045771198547, 39.30965823135728], [74.35216660849969, 39.312543839471445], [74.35226328915832, 39.31256003161687], [74.3543439448409, 39.31290843151645], [74.35673758150386, 39.3129238668605], [74.35882925494458, 39.313216230758506], [74.36062173885828, 39.31350664176843], [74.36193459344976, 39.3138869306979], [74.36318533471928, 39.314499238870795], [74.36479743266396, 39.31488140684139], [74.3664712093052, 39.315077999507146], [74.36850314763048, 39.315369810598085], [74.370296179894, 39.315613588379456], [74.37161093006033, 39.31580783804925], [74.372087873992, 39.315996791216314], [74.37208517208502, 39.316275689618095], [74.37166265592198, 39.31664491245076], [74.37093955904494, 39.317151692680305], [74.3702155485715, 39.31775143586501], [74.3700917896795, 39.31816902634319], [74.37020741413833, 39.31858813268604], [74.37092285630504, 39.3188715692733], [74.37163784679716, 39.319247286938214], [74.37181380023526, 39.3197118423114], [74.3717516036236, 39.3199898227369], [74.37102611877602, 39.32077496482029], [74.37078263713188, 39.32123763510057], [74.37035863052593, 39.32179224460799], [74.37029566411651, 39.322162973945424], [74.37041131595188, 39.3226736360054], [74.37064681078316, 39.32318484008317], [74.37112199354982, 39.32369712039913], [74.37183610941686, 39.324303226154065], [74.37231092862855, 39.32486187656854], [74.3726048473367, 39.32555884314236], [74.37253961139733, 39.32620782300079], [74.37211521103119, 39.326808813225036], [74.37157247293393, 39.327223765544296], [74.37091254447544, 39.32731354920838], [74.37037436828639, 39.32717199719806], [74.36959878500728, 39.32675111169034], [74.36828428185615, 39.32628140921026], [74.36762703550559, 39.32604655018328], [74.3672193679025, 39.32600523544529], [74.3667278041525, 39.326088851329224], [74.3666659620616, 39.326320453648336], [74.3669014413965, 39.326831664862134], [74.36749646936752, 39.327344503339354], [74.36819952675701, 39.32792234184685], [74.37311169676494, 39.32714694033431], [74.37394118852063, 39.32689183380548], [74.37490950121925, 39.326671416841315], [74.37670131891392, 39.32640371879758], [74.37834414435024, 39.326239899214585], [74.38626463108146, 39.32369206161546], [74.39720997913763, 39.320216960993726], [74.4039585715243, 39.318132334020426], [74.40696101410047, 39.317442368120176], [74.40696001410048, 39.317442368120176], [74.40587447776507, 39.317171977186], [74.40468009451195, 39.31665681263496]], [[74.24658323616148, 39.28800440309349], [74.24699370101361, 39.28811237921263], [74.24719835493408, 39.2883265742035], [74.24732358852262, 39.28912800140996], [74.24731104703007, 39.290249449035926], [74.24721907600848, 39.291958126346785], [74.24712909987461, 39.29366680529677], [74.24681295931792, 39.29681675659675], [74.24673382871762, 39.29745738795833], [74.24617141718902, 39.29852386523049], [74.2453351801301, 39.29932254325856], [74.2443616728395, 39.3000140168908], [74.24345896990035, 39.30070568169866], [74.24234669307545, 39.301556948000275], [74.24116765927187, 39.302247800059995], [74.2399246662355, 39.30256462464622], [74.23875398301367, 39.3026146269623], [74.23765492205088, 39.30245120930647], [74.23690137699451, 39.302181983214346], [74.23628909183283, 39.3014859421532], [74.23616366918111, 39.300631105638324], [74.23637924152536, 39.29993748561505], [74.23707554887666, 39.29924527334939], [74.23784365796766, 39.298553257267464], [74.23846762061481, 39.298127847043816], [74.23951565907791, 39.29684919918139], [74.23966646825772, 39.29599516566305], [74.2398173684956, 39.294980922545456], [74.24024700854433, 39.293700468541644], [74.24101969773932, 39.292421006242776], [74.24151423150012, 39.29151456194626], [74.24200705782526, 39.290661515456705], [74.24263610082586, 39.28991566688178], [74.24333124614333, 39.28922341664232], [74.24409709887108, 39.288691563893536], [74.24492736088142, 39.28826670721564], [74.24596126514946, 39.28805604160999], [74.24658323616148, 39.28800440309349]], [[74.35566920099852, 39.30922977846116], [74.35473220672561, 39.30879719058069], [74.35434306091827, 39.308490006285204], [74.35426826166045, 39.308123916038326], [74.35505563433153, 39.307824325819276], [74.35685962980158, 39.307835954189684], [74.35874326221865, 39.307726193791126], [74.35968507491602, 39.30767130326134], [74.35976471178193, 39.30754994624375], [74.35968928353668, 39.307244788297844], [74.35859482519855, 39.30687215799359], [74.3572650756966, 39.30649800245054], [74.35609402147763, 39.30594205194771], [74.35547079591123, 39.305511493125636], [74.35539962560216, 39.304779819957545], [74.35572362974969, 39.303746021103166], [74.35612605228361, 39.30271272691989], [74.35644882714018, 39.30180078825094], [74.35708711206392, 39.30070807533232], [74.35811629764396, 39.29973973973668], [74.35874972225037, 39.29913446386284], [74.35859769036598, 39.29864600881474], [74.35758661485394, 39.29778642675372], [74.3564187206948, 39.29692582723091], [74.35603809081847, 39.29576561748091], [74.3560477579286, 39.29479072352726], [74.35668357092031, 39.29394173461038], [74.35841541078686, 39.29328259110548], [74.36124027016074, 39.29311789717912], [74.36469126502787, 39.29307899677641], [74.36774957550318, 39.29309843685466], [74.36978844780944, 39.29311135076585], [74.37088393981787, 39.29336201445644], [74.37142873288164, 39.293791996145174], [74.37205077307705, 39.2943443336319], [74.37299062782445, 39.29447212648017], [74.37377659321855, 39.29429427038682], [74.37464215035916, 39.29399503889049], [74.3755035865871, 39.29412231817495], [74.37683202967334, 39.294618126219], [74.37815931797851, 39.2952357826043], [74.37964230902331, 39.29597626285065], [74.3812810097149, 39.29683956328317], [74.38276290199333, 39.29770186754234], [74.38330548070832, 39.298375518864944], [74.38337867897684, 39.29892438737408], [74.3830620727185, 39.299227093620544], [74.3822766594681, 39.29934408030451], [74.3801597572888, 39.29926996238205], [74.37843615619828, 39.299076397095014], [74.37741428861177, 39.2993137417429], [74.3762332158102, 39.29979381952621], [74.37505036244752, 39.300456677741465], [74.37410218065128, 39.30118193207946], [74.37323004759052, 39.302151399040056], [74.37212201311193, 39.303180303536024], [74.37101512960973, 39.3040873384992], [74.36990940009177, 39.30487249954705], [74.36911796869778, 39.30559870482278], [74.3681708447265, 39.30620205071498], [74.36738532702014, 39.30631893594653], [74.36597412995712, 39.306249036277656], [74.36495271416753, 39.306425340881475], [74.3646365923245, 39.30666706428877], [74.3643965139081, 39.30715301277517], [74.36454681441934, 39.307824249753175], [74.3657185642844, 39.3083191844356], [74.36728488954145, 39.30857287636413], [74.36822314515864, 39.30888350093762], [74.36853391886706, 39.309190144095865], [74.36845251582187, 39.30949429926134], [74.36798011410522, 39.30967410943853], [74.3657048545693, 39.30972059109526], [74.362724857076, 39.3096406615248], [74.36060767026815, 39.309566185835855], [74.35927605570467, 39.30937484694239], [74.35802047437154, 39.30942771824], [74.35715767367154, 39.30942216896901], [74.35566920099852, 39.30922977846116]]]]}, "properties": {"@featureType": "WaterpolyView", "identifier": {"value": "https://geosciml4china.example.org/J43C001002/waterpoly/LDLYAAE002.WP.33", "@codeSpace": "http://www.ietf.org/rfc/rfc2616"}, "GB": "73020", "name": "", "HYDC": ""}}, {"type": "Feature", "id": "https://geosciml4china.example.org/J43C001002/waterpoly/LDLYAAE002.WP.34", "geometry": {"type": "Polygon", "coordinates": [[[74.24067640990641, 39.32675889967296], [74.24093419646506, 39.32624044865893], [74.2409828173949, 39.32572138762003], [74.24086537802958, 39.3251044978886], [74.24058188900119, 39.32438977901642], [74.24004656402515, 39.32373922468475], [74.2395125263403, 39.32299132477334], [74.2392721604517, 39.322179375130524], [74.23928150830596, 39.32146550340171], [74.23945860136817, 39.32071966771007], [74.23938131237274, 39.32023269328134], [74.23913416107276, 39.319939924158625], [74.23855237969283, 39.31964617973774], [74.23763554495254, 39.31938390200482], [74.236465187755, 39.31931557620013], [74.23520733440475, 39.31953902913628], [74.23419617871858, 39.320087699785454], [74.23372793427778, 39.320702865945215], [74.23334248808155, 39.32138317549472], [74.2330812406852, 39.32216120088652], [74.23298816780067, 39.32287482415252], [74.23306241817723, 39.3235889440978], [74.2333910830069, 39.324044216439056], [74.23384781114878, 39.324305168578924], [74.23451584062988, 39.324404489945884], [74.23535119668333, 39.32450430106724], [74.23626681001927, 39.324863942439826], [74.23692930751714, 39.325385084933444], [74.23763066965863, 39.326133486670834], [74.23820739434856, 39.32681662164799], [74.23878881182415, 39.32714281496711], [74.2397095723535, 39.3271130459901], [74.24029694112471, 39.32698494976012], [74.24067640990641, 39.32675889967296]]]}, "properties": {"@featureType": "WaterpolyView", "identifier": {"value": "https://geosciml4china.example.org/J43C001002/waterpoly/LDLYAAE002.WP.34", "@codeSpace": "http://www.ietf.org/rfc/rfc2616"}, "GB": "73020", "name": "", "HYDC": ""}}, {"type": "Feature", "id": "https://geosciml4china.example.org/J43C001002/waterpoly/LDLYAAE002.WP.35", "geometry": {"type": "MultiPolygon", "coordinates": [[[[74.40696001410048, 39.317442368120176], [74.40696071645559, 39.31744243651943], [74.40696101410047, 39.317442368120176], [74.40696001410048, 39.317442368120176]]], [[[74.4140996100127, 39.32291056118512], [74.41398821811626, 39.32179706138109], [74.41375593453269, 39.32082219180097], [74.41328327882509, 39.31993908066445], [74.41233164731462, 39.319007605718525], [74.41119851933259, 39.31830725485064], [74.40934570464633, 39.31769664619365], [74.40808852388466, 39.31755226868266], [74.40696071645559, 39.31744243651943], [74.4039585715243, 39.318132334020426], [74.39720997913763, 39.320216960993726], [74.38626463108146, 39.32369206161546], [74.37834414435024, 39.326239899214585], [74.37979451633215, 39.32609525080582], [74.38474520706123, 39.32595782522023], [74.38701791724576, 39.32598304308236], [74.38876772339482, 39.325995149265275], [74.39170306072154, 39.3263691945765], [74.39278118520873, 39.326612461105334], [74.39404737703846, 39.326680117063866], [74.39893518532367, 39.32684329284099], [74.40084510908504, 39.32674920390659], [74.40260525108118, 39.326653220628636], [74.40526575748018, 39.326292793723276], [74.40538537868662, 39.32607424805492], [74.40658949488288, 39.32547640329447], [74.40761097009923, 39.325248794994735], [74.40868793996891, 39.32520692895243], [74.40952579679889, 39.32534955435884], [74.41011318552081, 39.32563620275883], [74.4142073998585, 39.32508110405444], [74.41543863456837, 39.32478903857364], [74.41543763456838, 39.32478903857364], [74.414750303435, 39.32402628700815], [74.4140996100127, 39.32291056118512]]]]}, "properties": {"@featureType": "WaterpolyView", "identifier": {"value": "https://geosciml4china.example.org/J43C001002/waterpoly/LDLYAAE002.WP.35", "@codeSpace": "http://www.ietf.org/rfc/rfc2616"}, "GB": "73020", "name": "", "HYDC": ""}}, {"type": "Feature", "id": "https://geosciml4china.example.org/J43C001002/waterpoly/LDLYAAE002.WP.36", "geometry": {"type": "MultiPolygon", "coordinates": [[[[74.40526575748018, 39.326292793723276], [74.41011318552081, 39.32563620275883], [74.41011318552081, 39.32563620275883], [74.40952579679889, 39.32534955435884], [74.40868793996891, 39.32520692895243], [74.40761097009923, 39.325248794994735], [74.40658949488288, 39.32547640329447], [74.40538537868662, 39.32607424805492], [74.40526575748018, 39.326292793723276]]]]}, "properties": {"@featureType": "WaterpolyView", "identifier": {"value": "https://geosciml4china.example.org/J43C001002/waterpoly/LDLYAAE002.WP.36", "@codeSpace": "http://www.ietf.org/rfc/rfc2616"}, "GB": "73020", "name": "", "HYDC": ""}}, {"type": "Feature", "id": "https://geosciml4china.example.org/J43C001002/waterpoly/LDLYAAE002.WP.37", "geometry": {"type": "MultiPolygon", "coordinates": [[[[74.41543863456837, 39.32478903857364], [74.41543763456838, 39.32478903857364], [74.41543779802078, 39.324789237014016], [74.41543863456837, 39.32478903857364]]], [[[74.41011318552081, 39.32563620275883], [74.41011218552082, 39.32563620275883], [74.41048202135231, 39.32581729930724], [74.41113480825337, 39.32665479319944], [74.41160854249503, 39.327398786502364], [74.41184364347306, 39.32800265741455], [74.41183975573023, 39.32851278486913], [74.41147595444542, 39.3290677943577], [74.41093378335094, 39.32943655423825], [74.41045153475407, 39.32980556327968], [74.4102689178951, 39.33017581627605], [74.41026359933004, 39.330871441904854], [74.41049869994092, 39.33147531742632], [74.41127281310807, 39.332127808276475], [74.41240580978662, 39.33287453364259], [74.41372073733432, 39.333343740503445], [74.41509877299875, 39.33339580511523], [74.41593954940338, 39.33316738330333], [74.41672213922081, 39.332706832969045], [74.41768660917228, 39.33196876555566], [74.41853154627589, 39.331183821779604], [74.41913920024766, 39.33007326724397], [74.41932735048803, 39.32896099560561], [74.41945208126324, 39.32831223367548], [74.41945452192448, 39.32798760669179], [74.41885805855686, 39.327614156816495], [74.41802260217489, 39.32714697133719], [74.41724638234248, 39.32677277644427], [74.41671021401545, 39.32635318630841], [74.41653289494383, 39.32602782052883], [74.4159977921959, 39.32546910131176], [74.41543779802078, 39.324789237014016], [74.4142073998585, 39.32508110405444], [74.41011318552081, 39.32563620275883]]]]}, "properties": {"@featureType": "WaterpolyView", "identifier": {"value": "https://geosciml4china.example.org/J43C001002/waterpoly/LDLYAAE002.WP.37", "@codeSpace": "http://www.ietf.org/rfc/rfc2616"}, "GB": "73020", "name": "", "HYDC": ""}}, {"type": "Feature", "id": "https://geosciml4china.example.org/J43C001002/waterpoly/LDLYAAE002.WP.38", "geometry": {"type": "Polygon", "coordinates": [[[74.22209395483058, 39.32420493055026], [74.22226993890635, 39.32355647047418], [74.22244418675047, 39.32303780408745], [74.22274478848728, 39.32245462235696], [74.22300053007685, 39.322098452800454], [74.22414463331121, 39.32099863662374], [74.22444305501274, 39.32057769338995], [74.22444780266486, 39.32022075764708], [74.22428351056274, 39.31999310921355], [74.22382641234393, 39.31976457133485], [74.22299069595343, 39.31969712498657], [74.2218600147501, 39.31979102400754], [74.22055854802514, 39.320143985678584], [74.21942177841564, 39.320692138927434], [74.21824316279884, 39.32124015305444], [74.21739960691812, 39.32175674263086], [74.21718349341891, 39.32227527078824], [74.21729854345743, 39.3230544255141], [74.21783408476814, 39.32367263108606], [74.21862062519105, 39.324291611893166], [74.21953180778503, 39.324975867719594], [74.22023948276, 39.32523764345618], [74.22119816016357, 39.32550018485406], [74.22170058075928, 39.32546927397002], [74.22191320909505, 39.325210325501146], [74.22200336517389, 39.32472385374195], [74.22209395483058, 39.32420493055026]]]}, "properties": {"@featureType": "WaterpolyView", "identifier": {"value": "https://geosciml4china.example.org/J43C001002/waterpoly/LDLYAAE002.WP.38", "@codeSpace": "http://www.ietf.org/rfc/rfc2616"}, "GB": "73020", "name": "", "HYDC": ""}}, {"type": "Feature", "id": "https://geosciml4china.example.org/J43C001002/waterpoly/LDLYAAE002.WP.39", "geometry": {"type": "MultiPolygon", "coordinates": [[[[74.56970514990216, 39.324869564257654], [74.57246596891206, 39.323260233239395], [74.57246596891206, 39.323260233239395], [74.57336887024766, 39.32359670955777], [74.57428702656345, 39.324090178084255], [74.5749757104711, 39.32444910565979], [74.57795672004558, 39.32664466872401], [74.5781270246463, 39.32709174484297], [74.5781819940155, 39.3275832285816], [74.57772017534566, 39.32785019587315], [74.57714466243806, 39.32784889251217], [74.57588042717627, 39.32748866589997], [74.57260812789376, 39.32596241332198], [74.57145976425544, 39.325468397413644], [74.56970414990217, 39.324869564257654], [74.56970514990216, 39.324869564257654]]]]}, "properties": {"@featureType": "WaterpolyView", "identifier": {"value": "https://geosciml4china.example.org/J43C001002/waterpoly/LDLYAAE002.WP.39", "@codeSpace": "http://www.ietf.org/rfc/rfc2616"}, "GB": "73020", "name": "", "HYDC": ""}}, {"type": "Feature", "id": "https://geosciml4china.example.org/J43C001002/waterpoly/LDLYAAE002.WP.40", "geometry": {"type": "Polygon", "coordinates": [[[73.75056356387067, 39.31633225288393], [73.75074125545407, 39.315847114932176], [73.75083115095639, 39.31555582195182], [73.7512645139423, 39.31484645155125], [73.7516553741922, 39.31416903863541], [73.751876247695, 39.31361945739835], [73.75188884602093, 39.313034768187094], [73.75207631766456, 39.31209487028296], [73.75201022788379, 39.31128175402791], [73.75173237785455, 39.31059594617175], [73.75124347155587, 39.31000496343842], [73.75087714615869, 39.30954548132874], [73.74963810736348, 39.308847593499586], [73.74843106407505, 39.30860497570035], [73.7473890887645, 39.308461898445884], [73.74638680217069, 39.30841678400457], [73.74542419996118, 39.30846963558632], [73.74424982481106, 39.3086497762292], [73.74294162238121, 39.30921810927378], [73.74171557585008, 39.309852451898564], [73.74053552740833, 39.310292412828026], [73.7398973583553, 39.310804200780595], [73.73984357271337, 39.31135587433252], [73.73995413546614, 39.31203959511665], [73.7402764917609, 39.312596026729665], [73.74093108706785, 39.31325413440603], [73.74179607692449, 39.313849914706395], [73.74257960753656, 39.31434718526768], [73.74340986746199, 39.31461759951445], [73.74370384012391, 39.31455632775262], [73.74404523366378, 39.31423571977908], [73.7442264854619, 39.313588179021565], [73.74440562080632, 39.31303808535626], [73.74478317103377, 39.31297786319501], [73.74511400645108, 39.313144494072326], [73.74527274711863, 39.31353639273225], [73.7455902307528, 39.31432018712839], [73.74578233556217, 39.31510240224572], [73.74600780790736, 39.31627493628082], [73.74632320364593, 39.317156178432334], [73.74672852544931, 39.317746128121144], [73.7472676683489, 39.31794786549405], [73.74793641951436, 39.31795628384975], [73.74856617915697, 39.31783424301558], [73.74903155662335, 39.317580164097215], [73.74962442078137, 39.31723021229049], [73.75022078669835, 39.3167178438041], [73.75056356387067, 39.31633225288393]]]}, "properties": {"@featureType": "WaterpolyView", "identifier": {"value": "https://geosciml4china.example.org/J43C001002/waterpoly/LDLYAAE002.WP.40", "@codeSpace": "http://www.ietf.org/rfc/rfc2616"}, "GB": "73020", "name": "", "HYDC": ""}}, {"type": "Feature", "id": "https://geosciml4china.example.org/J43C001002/waterpoly/LDLYAAE002.WP.41", "geometry": {"type": "MultiPolygon", "coordinates": [[[[74.4498037473152, 39.32109493637801], [74.45136178369968, 39.32100261668413], [74.45293178884891, 39.320692654865525], [74.45409158281174, 39.320437916151036], [74.45592586636816, 39.319924101153205], [74.45701140741733, 39.31952143333688], [74.4655932525804, 39.31567780484753], [74.4655932525804, 39.31567780484753], [74.46504709487472, 39.316098517265004], [74.46285778597073, 39.3179605373324], [74.46236903403717, 39.318519538165866], [74.46193946157669, 39.31926629836947], [74.46151126385904, 39.32024727244289], [74.4614419722161, 39.321230584042645], [74.46155711621229, 39.32207453394207], [74.46185537470366, 39.32282596793697], [74.4621535833766, 39.3232963439069], [74.46239198169333, 39.32381317340161], [74.46257221621843, 39.32428276879529], [74.46256795307981, 39.32461066998089], [74.46232569841564, 39.3247964849721], [74.46166066194391, 39.324885883900556], [74.45960659912637, 39.324497873551636], [74.45743223219145, 39.32401535917358], [74.45519872276847, 39.32334503741393], [74.45278280027608, 39.32281401863753], [74.45115226462609, 39.32242861951076], [74.45018511024685, 39.32204755139255], [74.44976601950225, 39.321716882240814], [74.4498037473152, 39.32109493637801]]]]}, "properties": {"@featureType": "WaterpolyView", "identifier": {"value": "https://geosciml4china.example.org/J43C001002/waterpoly/LDLYAAE002.WP.41", "@codeSpace": "http://www.ietf.org/rfc/rfc2616"}, "GB": "73020", "name": "", "HYDC": ""}}, {"type": "Feature", "id": "https://geosciml4china.example.org/J43C001002/waterpoly/LDLYAAE002.WP.42", "geometry": {"type": "MultiPolygon", "coordinates": [[[[74.4655932525804, 39.31567780484753], [74.46608079838062, 39.31530223626836], [74.46663029536627, 39.31455142743211], [74.46687672773675, 39.313893712139205], [74.46681978274844, 39.313376132417474], [74.46621818691524, 39.312903832127645], [74.46513339946624, 39.312335899989485], [74.46441053949216, 39.31191023672819], [74.4637484939606, 39.31143772881209], [74.46387171710096, 39.31110887529323], [74.4644173275871, 39.310922497906915], [74.46550466907456, 39.31111415707515], [74.46737696870198, 39.311496473965015], [74.46870624527143, 39.3116888788893], [74.46931200867242, 39.311549706751784], [74.4694960047557, 39.31117400618452], [74.46937920552128, 39.3105621617202], [74.46871937931938, 39.30976043522133], [74.46805956809825, 39.30895870722706], [74.4673389744057, 39.308203815412796], [74.46697771870436, 39.30796747223665], [74.46528791303193, 39.30744463074305], [74.46408000016305, 39.30720554194219], [74.46274692614679, 39.30757750649341], [74.46177507777975, 39.30818581373235], [74.4609856221948, 39.30865360091657], [74.45977639629686, 39.30860260719176], [74.459174237091, 39.308224343970934], [74.45869532521245, 39.307517227286766], [74.45857993064477, 39.306717232542184], [74.4588881933707, 39.30587159175483], [74.45901273848098, 39.30535460337144], [74.45889440271229, 39.30497792379331], [74.4576264073711, 39.3046915350865], [74.4564195558777, 39.30431126294714], [74.45587496151575, 39.304356499027556], [74.45508649741184, 39.304683140064746], [74.45369064163927, 39.30538404517671], [74.45241769330592, 39.3058031273422], [74.45120720134976, 39.30593954280873], [74.44957275296638, 39.306163080157916], [74.44878493236092, 39.306392144120366], [74.447511979544, 39.3068054011775], [74.44642076857066, 39.307172994000204], [74.44448356623165, 39.30744131589298], [74.44302981583442, 39.30775964321987], [74.44109224720594, 39.30807474790612], [74.43897323346985, 39.30838861951941], [74.4383059658614, 39.30866525947436], [74.43781876236663, 39.30913047178072], [74.43775353235151, 39.30978586857914], [74.43787007148681, 39.31039562855476], [74.4381660113064, 39.311287651869016], [74.43882279780378, 39.31246313836004], [74.43935898210916, 39.31359097850692], [74.4394143839538, 39.31429402060901], [74.43953162246466, 39.314810093074456], [74.43989315692794, 39.314999870485636], [74.4403151762072, 39.315190047922584], [74.44049425359675, 39.315519149409916], [74.4402492861677, 39.31593913109488], [74.43940016407188, 39.31626141449029], [74.43909436407336, 39.316727835875774], [74.43927276412379, 39.317150624649344], [74.43981508343924, 39.31743529268819], [74.44084026444118, 39.31786368875052], [74.44216686822328, 39.318434604265995], [74.44373610504827, 39.31891341693785], [74.44530536349934, 39.319392206317026], [74.4469986180974, 39.31945018611035], [74.44857090243629, 39.31950734763159], [74.44990025499693, 39.3197034330913], [74.45020069493846, 39.31998646814556], [74.45019704672926, 39.32050174014189], [74.4498037473152, 39.32109493637801], [74.4498037473152, 39.32109493637801], [74.45136178369968, 39.32100261668413], [74.45293178884891, 39.320692654865525], [74.45409158281174, 39.320437916151036], [74.45592586636816, 39.319924101153205], [74.45701140741733, 39.31952143333688], [74.4655932525804, 39.31567780484753]]]]}, "properties": {"@featureType": "WaterpolyView", "identifier": {"value": "https://geosciml4china.example.org/J43C001002/waterpoly/LDLYAAE002.WP.42", "@codeSpace": "http://www.ietf.org/rfc/rfc2616"}, "GB": "73020", "name": "", "HYDC": ""}}, {"type": "Feature", "id": "https://geosciml4china.example.org/J43C001002/waterpoly/LDLYAAE002.WP.43", "geometry": {"type": "MultiPolygon", "coordinates": [[[[74.5812739721, 39.31723955070706], [74.58174588810402, 39.31754069004185], [74.58249000096419, 39.318301721537715], [74.58323143911242, 39.319196752747914], [74.5836887084116, 39.32018047940923], [74.58454365710134, 39.32138843683155], [74.58511559018591, 39.3224617500788], [74.58528316801565, 39.32344483838226], [74.58522193871896, 39.32415940827885], [74.58441534062415, 39.32433630757095], [74.58309265545613, 39.324154706526805], [74.5816012849476, 39.3232133388093], [74.58039768816269, 39.32227259775937], [74.57896364112217, 39.321197320604014], [74.57750538313613, 39.32018905352067], [74.57750538313613, 39.32018905352067], [74.57915511262196, 39.3189857067057], [74.5812739721, 39.31723955070706]]]]}, "properties": {"@featureType": "WaterpolyView", "identifier": {"value": "https://geosciml4china.example.org/J43C001002/waterpoly/LDLYAAE002.WP.43", "@codeSpace": "http://www.ietf.org/rfc/rfc2616"}, "GB": "73020", "name": "", "HYDC": ""}}, {"type": "Feature", "id": "https://geosciml4china.example.org/J43C001002/waterpoly/LDLYAAE002.WP.44", "geometry": {"type": "Polygon", "coordinates": [[[74.16212552988925, 39.31584213283954], [74.16265379519845, 39.315659945693675], [74.16285815400317, 39.31550685234275], [74.1629042884098, 39.31510619620054], [74.16258433261223, 39.31485776517652], [74.1616170161765, 39.31463668553812], [74.16016583263786, 39.31432046711383], [74.1590789950947, 39.313975363753], [74.15803480120043, 39.31347628823635], [74.15703105589097, 39.312977424220335], [74.15662585717212, 39.313036900472824], [74.15654322759919, 39.31315980689117], [74.15657571864101, 39.313715079999874], [74.15676949929399, 39.31430206620254], [74.15696239794399, 39.31495072724767], [74.15695093165218, 39.31575246890826], [74.15701945120614, 39.316616324940185], [74.15688888654756, 39.317263228444716], [74.15651571205362, 39.31790881083404], [74.15622207547324, 39.31864734335233], [74.156211039404, 39.31941825012922], [74.15640659758179, 39.31988189296755], [74.15680698372735, 39.32016161669499], [74.15733265185679, 39.320164470820266], [74.15753571114101, 39.32010389430423], [74.15794491826571, 39.319766889503285], [74.15827589321628, 39.319244426000374], [74.1586090639507, 39.31856778133127], [74.15898530337857, 39.31770633675605], [74.15943932338965, 39.31706118153607], [74.16021504698622, 39.316541116721616], [74.16098856083907, 39.31617522909263], [74.16163857257409, 39.315962863673555], [74.16212552988925, 39.31584213283954]]]}, "properties": {"@featureType": "WaterpolyView", "identifier": {"value": "https://geosciml4china.example.org/J43C001002/waterpoly/LDLYAAE002.WP.44", "@codeSpace": "http://www.ietf.org/rfc/rfc2616"}, "GB": "73020", "name": "", "HYDC": ""}}, {"type": "Feature", "id": "https://geosciml4china.example.org/J43C001002/waterpoly/LDLYAAE002.WP.45", "geometry": {"type": "Polygon", "coordinates": [[[74.76506129299278, 39.31858038685452], [74.76515554714004, 39.31788223721151], [74.76502417243589, 39.317148713966674], [74.76457507911707, 39.31669388305036], [74.76380865940267, 39.31644790967203], [74.76299668625282, 39.316271672740726], [74.76214014592455, 39.31599058662058], [74.76160094880143, 39.315500644038266], [74.76124260811473, 39.314976153990564], [74.76106512612706, 39.31441711813933], [74.76079652800564, 39.31399756104165], [74.76007670451446, 39.31350723997953], [74.75931112989338, 39.313121570124935], [74.75858893515418, 39.31305023824973], [74.75691693285634, 39.31322133906876], [74.75506447480375, 39.31335712032669], [74.75312148479034, 39.31352759614527], [74.75235129401676, 39.31394496353114], [74.75135345018349, 39.31467609046516], [74.75017493273353, 39.315406821148656], [74.74899822971052, 39.31582329084025], [74.74768765686846, 39.31596012391577], [74.74669404702968, 39.31595796390978], [74.7460607232223, 39.31613116629609], [74.7456963234437, 39.31665412629092], [74.74587245516734, 39.31742268488375], [74.74649880765044, 39.31843664516991], [74.74766512770624, 39.319800944483994], [74.74892447871679, 39.32071151387719], [74.74982517085765, 39.32116737617618], [74.75027765843319, 39.32102867941265], [74.75100399097293, 39.32040173230216], [74.75173173112813, 39.319530362835586], [74.75236608451493, 39.319182545324786], [74.75290828209546, 39.31914878372287], [74.75376502426246, 39.31939501982907], [74.75529645407568, 39.32013150905679], [74.75642181120901, 39.32079729494925], [74.75745645771634, 39.32153271510634], [74.75871776291876, 39.322128927706885], [74.76002683779505, 39.32227130422993], [74.76169884864144, 39.32213507744565], [74.76283101001208, 39.32161363674602], [74.76410081804957, 39.320708379403904], [74.7647832332167, 39.31983683636987], [74.76501220558761, 39.31927862751743], [74.76506129299278, 39.31858038685452]]]}, "properties": {"@featureType": "WaterpolyView", "identifier": {"value": "https://geosciml4china.example.org/J43C001002/waterpoly/LDLYAAE002.WP.45", "@codeSpace": "http://www.ietf.org/rfc/rfc2616"}, "GB": "73020", "name": "", "HYDC": ""}}, {"type": "Feature", "id": "https://geosciml4china.example.org/J43C001002/waterpoly/LDLYAAE002.WP.46", "geometry": {"type": "Polygon", "coordinates": [[[74.77041388092792, 39.312407507515374], [74.77144812797233, 39.312338298659384], [74.77248314418733, 39.312129415792676], [74.77342997573909, 39.31160622052192], [74.77419795210427, 39.31090832703187], [74.7745162286635, 39.31024508902039], [74.77456500058351, 39.30954677950553], [74.77429798360379, 39.30905778892058], [74.77389402226885, 39.30895280413428], [74.77335406505583, 39.309057240896365], [74.77213815012848, 39.30947552614746], [74.7705635954783, 39.30971899638505], [74.76917211863001, 39.309368972452496], [74.76778198319383, 39.308564661302086], [74.76688387283288, 39.307655020120436], [74.76625556252287, 39.306955419179104], [74.76562550063714, 39.30657006244654], [74.76481265547821, 39.30656842098185], [74.76399843587699, 39.30681119013773], [74.76286632611993, 39.30736755991589], [74.7620493221251, 39.308099150023025], [74.76186433662767, 39.30886694707082], [74.7621297636065, 39.30984516779986], [74.76271250300346, 39.31061453431923], [74.7636123672683, 39.311209955338896], [74.76460316024435, 39.311700805201], [74.76618126583217, 39.31215791165754], [74.76748958616618, 39.31240495311135], [74.76933506482962, 39.31240684314609], [74.77041388092792, 39.312407507515374]]]}, "properties": {"@featureType": "WaterpolyView", "identifier": {"value": "https://geosciml4china.example.org/J43C001002/waterpoly/LDLYAAE002.WP.46", "@codeSpace": "http://www.ietf.org/rfc/rfc2616"}, "GB": "73020", "name": "", "HYDC": ""}}, {"type": "Feature", "id": "https://geosciml4china.example.org/J43C001002/waterpoly/LDLYAAE002.WP.47", "geometry": {"type": "Polygon", "coordinates": [[[73.75749732507916, 39.30558866178224], [73.75806102775735, 39.30529245526464], [73.75834333976411, 39.305122693638474], [73.75868508720282, 39.30478038877311], [73.7593091375406, 39.30426831874619], [73.76003997457295, 39.30397418769887], [73.76065287583606, 39.30398183378214], [73.76114970386391, 39.304204640980835], [73.76208116509018, 39.30495272628956], [73.76295970467882, 39.305570180464656], [73.76385029628771, 39.30562459159272], [73.76480030625135, 39.305506445504946], [73.76570199132642, 39.30504111788109], [73.76649407368294, 39.3044877746325], [73.7673474054321, 39.303675255679856], [73.76808743472147, 39.302947968666814], [73.76882652461393, 39.30226398462842], [73.76922761297301, 39.30174909480361], [73.7692359124675, 39.30135929992339], [73.76891268311047, 39.30083542680674], [73.76819852776313, 39.30035002532099], [73.76742774310335, 39.29990723634771], [73.76654276396349, 39.299592989856905], [73.76548880203828, 39.299363280867304], [73.7648740899647, 39.29944228133396], [73.76419903424635, 39.29973713682844], [73.76346640681453, 39.300117915577566], [73.76273191887452, 39.30058531218132], [73.76177826217214, 39.30087668311379], [73.7609991685202, 39.300823645845206], [73.76011328148569, 39.30055266320219], [73.75917261395209, 39.300237666341914], [73.7581706661712, 39.30018182922538], [73.75683071136203, 39.30029504414944], [73.75465315446166, 39.30048439707361], [73.75241987503607, 39.30067301292808], [73.75024416760533, 39.300775663056825], [73.74823185818319, 39.3010536180277], [73.74632815898869, 39.30146287039623], [73.74448484321722, 39.30165624428248], [73.74247718394578, 39.30171754757643], [73.74113999394719, 39.3017006492638], [73.74046576187176, 39.30195205527834], [73.74006634482862, 39.302380223025935], [73.74000122247404, 39.30281261846765], [73.74010325441732, 39.30324712933864], [73.7403762015869, 39.30351051392986], [73.74131776235234, 39.30378235208166], [73.7420940573764, 39.30396545076488], [73.74397440002977, 39.3046390216], [73.7459217392368, 39.304793541501226], [73.7470389232246, 39.30467764764533], [73.74777262221583, 39.30425366491369], [73.74834196250964, 39.30369764422701], [73.748912230128, 39.303098308406064], [73.74930412112467, 39.30301659120848], [73.74941555698884, 39.30301799334326], [73.74963281916848, 39.30328065683776], [73.7497840893703, 39.30401903169731], [73.75021301932385, 39.30480421654472], [73.75081939041428, 39.30511508629931], [73.75165237960373, 39.30525551114078], [73.75282248211839, 39.30527019271076], [73.75427211344608, 39.305245043182346], [73.75543849619719, 39.305432938519616], [73.75671725161664, 39.3055789073907], [73.75749732507916, 39.30558866178224]]]}, "properties": {"@featureType": "WaterpolyView", "identifier": {"value": "https://geosciml4china.example.org/J43C001002/waterpoly/LDLYAAE002.WP.47", "@codeSpace": "http://www.ietf.org/rfc/rfc2616"}, "GB": "73020", "name": "", "HYDC": ""}}, {"type": "Feature", "id": "https://geosciml4china.example.org/J43C001002/waterpoly/LDLYAAE002.WP.48", "geometry": {"type": "Polygon", "coordinates": [[[74.7897865616478, 39.311096611008026], [74.79006283302118, 39.310586670263085], [74.79044786660769, 39.31020429183959], [74.79089006211807, 39.309354377175424], [74.79105977944414, 39.3082918163564], [74.79128598424383, 39.30688923893624], [74.79167654691827, 39.305444225206315], [74.79184379688584, 39.30484921956603], [74.79279209359584, 39.30136417811131], [74.79340828484101, 39.298601584723095], [74.79352411239758, 39.29736897398862], [74.79320139414615, 39.296306204508134], [74.79233384250279, 39.29481815344337], [74.79135491528625, 39.29371259547138], [74.79032087085007, 39.29269201570465], [74.78879340633642, 39.29188373142447], [74.78742783564446, 39.291500557633135], [74.78567845936092, 39.29128720527769], [74.78409456240925, 39.290818878214886], [74.78212890786547, 39.290137805961336], [74.7806537776552, 39.28979700315173], [74.77939746745785, 39.289456296947314], [74.77786766452036, 39.28911542953782], [74.77628224710054, 39.2889445304253], [74.77447989258192, 39.288433442859024], [74.77256839854434, 39.287879758189106], [74.77087315243618, 39.28779373332621], [74.77037967440722, 39.28800596011607], [74.77032333071854, 39.28830346501517], [74.77042920839206, 39.28894111100182], [74.77069755047233, 39.28987639559755], [74.77053038934801, 39.290428863274094], [74.7702009993921, 39.290641189533424], [74.76817085850433, 39.291745071433226], [74.76690142904265, 39.2927627744599], [74.76541127640049, 39.29386492460092], [74.764525668512, 39.294968279632954], [74.76402621561022, 39.29581737878961], [74.7640228674792, 39.29641245006595], [74.7643519325544, 39.296540634868364], [74.76490157664463, 39.29654174601985], [74.76622214513924, 39.296289375141754], [74.76787225180307, 39.296080153597295], [74.76913076986446, 39.29620873986554], [74.7698943135369, 39.29663426619397], [74.7704392717239, 39.29701714709564], [74.77125543044559, 39.29782524431785], [74.7723449194281, 39.29867600354775], [74.7735445524535, 39.29939930212388], [74.77703071061757, 39.30220663595541], [74.77762861779131, 39.30292955557148], [74.77882515724697, 39.304247873055694], [74.77985805659759, 39.305481077996596], [74.78061856331766, 39.306501607149904], [74.7811609142891, 39.307394500427456], [74.7815924758599, 39.308542365824], [74.78235349539696, 39.3094778728243], [74.78333272588057, 39.310540999603504], [74.78425817276603, 39.31143406783471], [74.78529398819487, 39.31215716330569], [74.78644083981274, 39.312582764090315], [74.78726051301444, 39.31279567497481], [74.78791737505601, 39.31275347275512], [74.78857603072886, 39.31237122729054], [74.78934523417456, 39.311776500229925], [74.7897865616478, 39.311096611008026]]]}, "properties": {"@featureType": "WaterpolyView", "identifier": {"value": "https://geosciml4china.example.org/J43C001002/waterpoly/LDLYAAE002.WP.48", "@codeSpace": "http://www.ietf.org/rfc/rfc2616"}, "GB": "73020", "name": "", "HYDC": ""}}, {"type": "Feature", "id": "https://geosciml4china.example.org/J43C001002/waterpoly/LDLYAAE002.WP.49", "geometry": {"type": "Polygon", "coordinates": [[[74.65113779454634, 39.30477742932268], [74.6501353081513, 39.30484908081714], [74.64838683312037, 39.30484699280249], [74.64715613497829, 39.304895816774305], [74.64657185617266, 39.3051466483543], [74.64653721009793, 39.30517636339402], [74.64598611465733, 39.305649020260695], [74.64604621015556, 39.30645403132848], [74.64662497299871, 39.307159056084224], [74.6475926050105, 39.30781424178244], [74.64817255289731, 39.30831802602039], [74.6484281219087, 39.30892203630732], [74.64842319598667, 39.309777275519124], [74.64679597832409, 39.311183946588095], [74.64594996279628, 39.31188723454938], [74.64516752831246, 39.312791829096156], [74.64470832010822, 39.31379743320574], [74.64457410628482, 39.314602204239904], [74.64470071307079, 39.31510544440289], [74.64502367745447, 39.315256768968034], [74.64560658573654, 39.31525748436008], [74.64632107189861, 39.31490619938595], [74.64723218016786, 39.31415267804257], [74.64801431369663, 39.31329838018424], [74.64879671735797, 39.31239376644247], [74.6495134707077, 39.31163999387297], [74.65048897501447, 39.310936834567535], [74.65172293763264, 39.31033458571161], [74.6530905344452, 39.30983584406747], [74.65465413900925, 39.30948975701294], [74.65482519767352, 39.309439072552664], [74.65582733252684, 39.30914213735636], [74.65875899535014, 39.30849942445254], [74.65973554615623, 39.3084025562843], [74.66083001122563, 39.30812507336707], [74.66090841333306, 39.308105195680476], [74.66234181307588, 39.307758506498224], [74.66332030581641, 39.30730945018699], [74.6644297467609, 39.3067099551504], [74.66560423445189, 39.30611069710064], [74.66645144712872, 39.30586235424786], [74.6677538173199, 39.305666030725476], [74.66879565681629, 39.305519024418814], [74.66925137267228, 39.305470425179394], [74.66957751209043, 39.305320723390004], [74.66977489969096, 39.30491898834307], [74.66951932144359, 39.30406277152076], [74.66874353481279, 39.30315429079344], [74.6677083580912, 39.302093900864605], [74.66680277920503, 39.30113460795037], [74.66589749891422, 39.30012500181635], [74.66492830125554, 39.29891390709191], [74.6640872972082, 39.298055457623306], [74.66324463859357, 39.297498850044725], [74.66213953470898, 39.29734370983337], [74.66083758119575, 39.29748966306485], [74.65972909963911, 39.29793820026711], [74.65862060399097, 39.29838672681903], [74.65777119044061, 39.299037477691144], [74.65724619579498, 39.29984040474684], [74.65704563351053, 39.300795507859355], [74.65677943741227, 39.30185097447049], [74.65631918600259, 39.302704453180795], [74.6555339060769, 39.303506364608836], [74.65435909181967, 39.30415582941663], [74.65220889314895, 39.304700864905605], [74.65113779454634, 39.30477742932268]]]}, "properties": {"@featureType": "WaterpolyView", "identifier": {"value": "https://geosciml4china.example.org/J43C001002/waterpoly/LDLYAAE002.WP.49", "@codeSpace": "http://www.ietf.org/rfc/rfc2616"}, "GB": "73020", "name": "", "HYDC": ""}}, {"type": "Feature", "id": "https://geosciml4china.example.org/J43C001002/waterpoly/LDLYAAE002.WP.50", "geometry": {"type": "MultiPolygon", "coordinates": [[[[73.71395831797075, 39.091277990299304], [73.71395825654092, 39.09127786115548], [73.71395731797075, 39.091277990299304], [73.71395831797075, 39.091277990299304]]], [[[73.72107216254211, 39.090266317774834], [73.72241860605945, 39.089994951243405], [73.72420574870411, 39.09002030260085], [73.72569503190638, 39.09004140965172], [73.72777302285766, 39.090359964101566], [73.73006979356661, 39.09079530822912], [73.73191711113851, 39.091281816695066], [73.73302348230996, 39.09170088557776], [73.73390412027341, 39.09234830006435], [73.73448928628194, 39.09276063474978], [73.73485230553241, 39.093227897522574], [73.73528147352052, 39.09404297002955], [73.73556100563086, 39.09485612035361], [73.73591567201295, 39.09572803874801], [73.73596945461648, 39.09665509625384], [73.73595088036159, 39.09769750686001], [73.73593258741971, 39.09862409410938], [73.73569375056096, 39.0993740691475], [73.73530710720392, 39.100180036135654], [73.7348508522135, 39.10069548204561], [73.7341013464009, 39.100975300918186], [73.73320521531377, 39.10107934867239], [73.73194275235173, 39.10100481008206], [73.73105610659022, 39.10070358556574], [73.72798798031188, 39.09898436133222], [73.72512769544154, 39.09771602089167], [73.72227433929997, 39.09667783225281], [73.72011357810763, 39.09572499365339], [73.7181389023876, 39.09516027282743], [73.7173428740843, 39.095228101206295], [73.71707994004542, 39.09532649593801], [73.71674119929017, 39.095452884468436], [73.71600529052071, 39.09595163435399], [73.71600629052071, 39.09595163435399], [73.71606992996043, 39.09649747026534], [73.71644356012342, 39.09792471207619], [73.71681762961745, 39.09952759555], [73.71712258113696, 39.100958582130644], [73.717275096813, 39.10232934280343], [73.71750422406102, 39.1037594934611], [73.71773314016157, 39.10536077569766], [73.71840423492678, 39.10690386849111], [73.71906808340042, 39.10832978703837], [73.71907573791098, 39.109703455516275], [73.71812936397995, 39.11090901191792], [73.71718333021563, 39.11211456395492], [73.71571851784373, 39.11297662781658], [73.71417736351607, 39.113842332033165], [73.7124911559605, 39.114418188726496], [73.7108129107266, 39.11516974660785], [73.70890525443556, 39.11597728426263], [73.70766157856164, 39.117066870351294], [73.70641824327551, 39.11827353900412], [73.70518209391714, 39.11953882107983], [73.70444980321797, 39.12097181826395], [73.70467846498843, 39.12251457013454], [73.70498371191056, 39.12399962714227], [73.70535750821671, 39.12537285566521], [73.70558645921543, 39.126861568744324], [73.70559394511223, 39.12834781940258], [73.70515901372097, 39.12983816221034], [73.70472405162957, 39.131269957607294], [73.70377798048214, 39.13264652717713], [73.70253453588768, 39.13362346731954], [73.70100072317412, 39.13443052985978], [73.69923851082335, 39.13529356555971], [73.69755239028274, 39.13598629115039], [73.69579758591608, 39.136561133684374], [73.69403516975476, 39.13737004599949], [73.69228010464235, 39.13834564595742], [73.69081545730985, 39.13915334635211], [73.68971678910215, 39.14041549497225], [73.68891564961844, 39.14184761244776], [73.68811447988966, 39.14327972355024], [73.68767944236009, 39.14482853838214], [73.6873210119757, 39.146202579793545], [73.68710726881798, 39.147920515942985], [73.68704597953692, 39.14929339732891], [73.68697758265643, 39.151125558052875], [73.6867637581542, 39.15249671969555], [73.68662645487184, 39.15387324652291], [73.68671014912216, 39.155418895404935], [73.68745785532157, 39.158390629516504], [73.68629043607618, 39.15948083264713], [73.68488693910292, 39.15856880419199], [73.68355931829691, 39.15748648119541], [73.68186549307157, 39.15646304921852], [73.68038543578294, 39.15537896571157], [73.6787680063856, 39.154180717870595], [73.67750929335008, 39.1532116955404], [73.67618185533176, 39.15224638235804], [73.67456430459121, 39.15139034273097], [73.67250422724321, 39.1505967918525], [73.67073424555345, 39.150256864323694], [73.66875822872251, 39.150608098535706], [73.66714057703508, 39.151526336552706], [73.6664158259915, 39.15278803441229], [73.66553846869294, 39.154394748296035], [73.66473737786234, 39.15588523753201], [73.66379133255586, 39.15714438159043], [73.66305886272241, 39.15840596594976], [73.66174639265122, 39.15949875991246], [73.66086893854022, 39.16070011991527], [73.6593278484235, 39.16185330820409], [73.6578631391749, 39.16316948075868], [73.6565508464367, 39.164320763053034], [73.65479591179864, 39.1668404848564], [73.6542924096563, 39.16832982905714], [73.65355993835801, 39.16987957484022], [73.65349871115757, 39.171365017989885], [73.65394110058105, 39.172797735842884], [73.6548338620265, 39.174109552491885], [73.6556427414632, 39.175478943173275], [73.65661139942276, 39.17679612515312], [73.65749662900168, 39.17833751483732], [73.65816780147556, 39.1799935210219], [73.65839668160619, 39.181365214986016], [73.65839660675128, 39.18273877755169], [73.65803803360822, 39.1844594808498], [73.65775552142144, 39.18605946470761], [73.65739697020214, 39.187491940746256], [73.65835829001851, 39.18903419898817], [73.65828946759153, 39.1906366436841], [73.65793092703292, 39.19201057617679], [73.65705369388955, 39.19327044727313], [73.65610001874744, 39.19453393062314], [73.6551539725776, 39.195851536756685], [73.65427654030469, 39.19711588666466], [73.65325407181588, 39.198491137610525], [73.65274274206179, 39.199921831350935], [73.65179686261338, 39.20118536726826], [73.6502556027819, 39.20193310820621], [73.64819561905102, 39.20233704910949], [73.64643332170044, 39.20268586889973], [73.64467061253693, 39.20320578797675], [73.64357194582094, 39.204296346628865], [73.6427708472824, 39.20584521270385], [73.64241228714734, 39.207331678320585], [73.64212238932008, 39.2088774890292], [73.64184012496675, 39.21036484138853], [73.64155016786101, 39.211856606292464], [73.64052764047935, 39.21317319487922], [73.63957411772097, 39.21454912383683], [73.63855142839996, 39.21598278210281], [73.63789532450942, 39.217299125158426], [73.63753682505626, 39.21884862218987], [73.6372467656284, 39.22050699929509], [73.63747570506769, 39.22187872442027], [73.63762823663889, 39.22325406071545], [73.63726978434197, 39.22479905014526], [73.63653722624632, 39.226114488441866], [73.63543843885158, 39.227204962005274], [73.63404977656998, 39.22812539869617], [73.63250872160137, 39.22898998886486], [73.6308912707641, 39.22996624421877], [73.62942625040115, 39.23076863965552], [73.62825126494566, 39.2318041041614], [73.62678663691715, 39.23306581945275], [73.62554282062823, 39.234100446394066], [73.62436780140781, 39.235131368967885], [73.62312423673913, 39.236278556072534], [73.62158308618005, 39.23737267287199], [73.62026312262238, 39.23840634042482], [73.61953088944237, 39.23966312412497], [73.61821085251466, 39.240696766713924], [73.61696696632534, 39.2419609712443], [73.61579218261951, 39.24328002575425], [73.61535724755532, 39.24465290302555], [73.61411373672732, 39.24579999084723], [73.61234343112223, 39.24597706010032], [73.6102151042594, 39.245640943547905], [73.60829988665634, 39.24507315482491], [73.60704129589607, 39.244103382582594], [73.60504968871535, 39.24319237074527], [73.60364613414549, 39.24210823961731], [73.6018836337359, 39.24136654445811], [73.60011364704636, 39.2405121492416], [73.59842011264567, 39.23994686570479], [73.59687122746247, 39.23926170814726], [73.59487994013192, 39.238692785394214], [73.59296504393404, 39.2381247517199], [73.59090488936481, 39.23767201822076], [73.58906622589247, 39.23722192985973], [73.58722741471405, 39.237051024488466], [73.58531234818439, 39.2370547962059], [73.58354998688044, 39.23706039612622], [73.58171116053944, 39.237465839506044], [73.58001742318595, 39.23792706292132], [73.5781787907237, 39.23873325821256], [73.5766376572989, 39.23953855511646], [73.57487513239266, 39.24022853662457], [73.57289153267932, 39.24114545640725], [73.5712056150986, 39.24155260630565], [73.56980931965039, 39.242526216170475], [73.56826788624426, 39.24344398236549], [73.56694824467372, 39.24441849730466], [73.56577320555023, 39.245453323441005], [73.5648958021781, 39.24671247309743], [73.56438462471546, 39.24825984280039], [73.56401839767787, 39.24969191103315], [73.56365974984742, 39.25117811100197], [73.56322461539901, 39.25266786898851], [73.5626370919991, 39.25415574385832], [73.56271353961414, 39.25558876656603], [73.5622786008527, 39.25719110716708], [73.56214112670901, 39.25862148789691], [73.56221729630829, 39.26005000312075], [73.562881369641, 39.26153531221416], [73.56311007892094, 39.26313683698295], [73.56370496308419, 39.26462579035683], [73.56430021425106, 39.26593911150278], [73.56518533907445, 39.26788197525409], [73.56614661151777, 39.269253838650506], [73.5652689294918, 39.270458939143964], [73.56349909649022, 39.270576720771786], [73.56173674142751, 39.27052344003453], [73.55996664108129, 39.27058262164819], [73.55820429023727, 39.27052928522709], [73.55628907522616, 39.270478532248156], [73.55430527938965, 39.27059352057898], [73.55231427314713, 39.27082997673308], [73.55047562796312, 39.270946704425675], [73.54833931429445, 39.2710641952258], [73.54650044426484, 39.271068272539814], [73.54466187220365, 39.27135603893788], [73.54282308075511, 39.27153118654678], [73.54098420090494, 39.27153517648477], [73.53914562987119, 39.271768813720215], [73.53723042281489, 39.2723437159794], [73.53561329317816, 39.27308896009928], [73.53378220390006, 39.27412420316073], [73.53223323488693, 39.27498284245842], [73.5303182104993, 39.27481457607468], [73.52833463637684, 39.274478787848295], [73.52649570820137, 39.274135787879885], [73.5247258555672, 39.273798139802366], [73.522810744606, 39.27408458764192], [73.52046103911385, 39.27471674459703], [73.51869100682732, 39.275351727483404], [73.51700487192569, 39.276041791285074], [73.514944619256, 39.276731564267685], [73.51302960102119, 39.27707639403178], [73.5112673449984, 39.27759427477753], [73.50949731233308, 39.27817057391255], [73.50765842079711, 39.27845774680302], [73.5058196991978, 39.278974564228804], [73.50405735875047, 39.27932120722672], [73.50165533617907, 39.27969873462553], [73.500000001685, 39.280172381563986], [73.49999999996275, 39.283333333327704], [73.50000000022398, 39.28867391419244], [73.50022426971198, 39.289184417596815], [73.50073528280205, 39.28991858594459], [73.50136331128654, 39.290654260786326], [73.50204792255697, 39.291481608288336], [73.50307487084157, 39.29272262012735], [73.50565722203334, 39.294353587017], [73.50556097197233, 39.29411174202448], [73.50530749436602, 39.293672319435736], [73.50485378973146, 39.29330774032403], [73.50417124309561, 39.292760866236286], [73.50349170699512, 39.29221399057444], [73.50290939959525, 39.291745236651906], [73.50255193714847, 39.29145877440481], [73.50158305889084, 39.290545131036], [73.50148929782634, 39.29029125942466], [73.50150675873515, 39.28967501323528], [73.50171528851955, 39.289189346202924], [73.50208912282305, 39.28878253383812], [73.50266517398103, 39.28830088002516], [73.50336747453535, 39.28789771464317], [73.50400574488411, 39.28757084544282], [73.50484186393848, 39.287143452442336], [73.50594563723143, 39.28666761469203], [73.50684368971075, 39.28644634947073], [73.50833301874867, 39.28633433157345], [73.50958944670082, 39.28632245887872], [73.51044839035467, 39.286383250508436], [73.51123831932935, 39.28652034309257], [73.51212190852948, 39.28683825547956], [73.51293785478978, 39.28725814582634], [73.51381898346115, 39.28775578379026], [73.51477363209608, 39.28852441115601], [73.51922319023451, 39.287624429427495], [73.52449958707483, 39.28624031363233], [73.52661518528896, 39.285521500581325], [73.5300651234093, 39.2842504031934], [73.53574502589571, 39.28174045545026], [73.53719158463967, 39.281275905225215], [73.54008383385121, 39.28047697815966], [73.55017652931978, 39.27822284079072], [73.55904950942752, 39.27560995112765], [73.57212575926687, 39.272256252167814], [73.57412764803259, 39.27166709406398], [73.5760712630412, 39.27107741672187], [73.5785085782667, 39.270597856743926], [73.57858379624035, 39.26997376702685], [73.57892631619525, 39.269494310958095], [73.57938568504409, 39.26920929439005], [73.58025332683806, 39.269153907413155], [73.58210573316593, 39.26955948372681], [73.58277501893345, 39.26970021186847], [73.58769527430435, 39.26846722397352], [73.59044371264294, 39.26792854865088], [73.58733938825443, 39.268132400561015], [73.58452534356437, 39.26832875567638], [73.58234185142459, 39.2681451461526], [73.58135338838466, 39.267909529961415], [73.58045120374956, 39.26764256902176], [73.57967629365906, 39.26721592392046], [73.57944333847588, 39.26650511376434], [73.57937827664911, 39.265667246225554], [73.57955932628406, 39.26486414636698], [73.57994920224601, 39.26399880079556], [73.58046193332989, 39.2632313171604], [73.58109519596785, 39.26252950115396], [73.58159780461595, 39.26224490343307], [73.58200943310939, 39.2622169884837], [73.58266543340753, 39.26254575643404], [73.58351852627248, 39.26323077763473], [73.58420913340547, 39.26378531478739], [73.58485947315877, 39.26424284199998], [73.58531139419391, 39.264311921555], [73.58564981279407, 39.26402559868469], [73.58557394975679, 39.26360623962021], [73.58513143757658, 39.263086464032554], [73.58440525165429, 39.262209578666614], [73.58388588689877, 39.26136701714739], [73.58378618723955, 39.260303377381454], [73.58380502731853, 39.259305402414014], [73.58410519723438, 39.256893507777306], [73.58412537192834, 39.255831146374035], [73.5842371773279, 39.25447990466909], [73.58438489351826, 39.253386630770045], [73.58448292791496, 39.25264705032017], [73.58465547451841, 39.2522946369239], [73.58490522828528, 39.25220061894764], [73.58539802096142, 39.252334507887575], [73.58617313283833, 39.252793306417296], [73.58706408219604, 39.25363969044119], [73.58852174629091, 39.25494272579262], [73.59313346710817, 39.25959469861798], [73.59531981920277, 39.26221724081965], [73.59781186105823, 39.265539614602744], [73.59902743952749, 39.26627018383274], [73.59979595754879, 39.26614302901071], [73.60320262126648, 39.2660533248351], [73.60465115286091, 39.265975562911514], [73.60664394935418, 39.26599436538043], [73.608528369455, 39.26610677989587], [73.60874858542587, 39.2656708320756], [73.60917371431084, 39.26428477067172], [73.6090095710653, 39.262427976277706], [73.60820526160484, 39.26098306046661], [73.60768813927552, 39.26044849346133], [73.60746952630859, 39.2599757848054], [73.60740334820221, 39.25962220787109], [73.6077110925708, 39.259331257760806], [73.60824027677111, 39.25927780700718], [73.60981918964025, 39.25964767183636], [73.61140907275913, 39.25996365863769], [73.61277765474998, 39.26004127950356], [73.61346706835525, 39.25975667384372], [73.61408984935804, 39.259059406815396], [73.61478485363358, 39.2585983886104], [73.6152507232489, 39.2581342345022], [73.6157073775629, 39.25802289193082], [73.61639375071184, 39.25803227804428], [73.6166172752682, 39.258211811967456], [73.6165290224286, 39.25885759012205], [73.61604554066533, 39.260086173338145], [73.61579918396085, 39.26102387324455], [73.61586341671307, 39.26155413240375], [73.61669711495782, 39.26180081266363], [73.61760766291816, 39.2618133189767], [73.61845336461604, 39.26147196705947], [73.61923179992921, 39.26060034888358], [73.6199319754359, 39.25978648576564], [73.62085168233523, 39.25944615655065], [73.62222525011185, 39.259229655993195], [73.62351918020593, 39.259188507858994], [73.62480374989266, 39.25955896184924], [73.62593685904079, 39.26004493147383], [73.62669391734917, 39.260172897908845], [73.62730365700715, 39.260063580244584], [73.62761955793312, 39.259538501381314], [73.62786336926871, 39.25871837685143], [73.62833372643253, 39.258077763412736], [73.62902505742241, 39.257793063909396], [73.63008964535989, 39.2578075413226], [73.63031777141234, 39.25781064380707], [73.63130275125638, 39.258000481669235], [73.63168295975738, 39.25800564600142], [73.63214396472344, 39.25777663212512], [73.63260515265274, 39.25748881440997], [73.63308020654314, 39.256612970751675], [73.63340354476499, 39.2556174569454], [73.63365045901588, 39.25473851627963], [73.63388587745663, 39.25432999311937], [73.63396310340342, 39.25427222280151], [73.63404014172933, 39.25427325441626], [73.63441795909385, 39.2543960134848], [73.63493993280623, 39.254814845862526], [73.63529998058543, 39.25581963694798], [73.63580719850458, 39.2571205026107], [73.6363112487792, 39.258480165868065], [73.63681731787146, 39.259839826968516], [73.63724773001844, 39.261080854567936], [73.63783361469831, 39.26220633063839], [73.638649846502, 39.26327608834464], [73.63940068984166, 39.263815589470916], [73.64046182614264, 39.26400638202449], [73.64198316498826, 39.26390930820922], [73.64320901953865, 39.26357290309742], [73.64482370270336, 39.262712385011], [73.64613415607938, 39.26184775098626], [73.64652732450715, 39.261206038142625], [73.64661983227302, 39.26038382344514], [73.64649143667668, 39.25914692224527], [73.64613338715796, 39.25808335870126], [73.64532398305938, 39.256719640256456], [73.64473702069725, 39.25559419728987], [73.64414771847595, 39.25458635821099], [73.64333096542808, 39.25369304674425], [73.64251377121369, 39.252623320827055], [73.64147603222563, 39.251374105193115], [73.64058167624347, 39.25036214406099], [73.640069150169, 39.24947291694221], [73.63971024340563, 39.24840933443562], [73.6396519265451, 39.24752626676445], [73.639969221344, 39.246824744142124], [73.64051105647327, 39.24630270902621], [73.6415073420732, 39.24602204049582], [73.6428045578447, 39.24580426433662], [73.64447520454995, 39.24582680664503], [73.64545770690266, 39.24613412981962], [73.6464398672462, 39.24655905186816], [73.64695445438159, 39.247448252301766], [73.64708336913279, 39.24850874580271], [73.64668522828589, 39.249503279676404], [73.64635875627732, 39.25061644222277], [73.64672147581699, 39.25144479416278], [73.64755317021641, 39.25169125195249], [73.64961100396913, 39.25142481938856], [73.65167316264069, 39.25104074515672], [73.65288755845329, 39.251115854813605], [73.65447378184723, 39.25166646364071], [73.65590328601596, 39.252450229293785], [73.65809320238476, 39.25324413448692], [73.66021511520128, 39.253684166590176], [73.6632556524211, 39.253724686126716], [73.6662234748406, 39.253646510117896], [73.66698717649264, 39.25353900086699], [73.66836396974209, 39.25314554271064], [73.66981562831997, 39.252811879093905], [73.67088708836123, 39.25247316252513], [73.67104825053806, 39.25206355240747], [73.67075449800996, 39.251530296061716], [73.66970155043114, 39.250928158386635], [73.6681938832314, 39.250143550620614], [73.66481392684541, 39.24803999633909], [73.66368372896129, 39.24755440214505], [73.66179339602432, 39.246999868045066], [73.66005515510724, 39.246447332739436], [73.65922697423983, 39.24602455402237], [73.65893716200512, 39.24519725126777], [73.65880923652578, 39.24407796478245], [73.65890772810437, 39.24284411373963], [73.6594617084739, 39.24185156046952], [73.66054118963801, 39.241101314759966], [73.66229573132087, 39.240771794085376], [73.66472951786315, 39.24080416543659], [73.66715767375827, 39.24107170002944], [73.668753042622, 39.2411516850185], [73.66958816412532, 39.24122157605464], [73.67012033933746, 39.24122862729927], [73.67043137197436, 39.2408798353879], [73.67052125751125, 39.24017520197273], [73.67039955160641, 39.23852669248927], [73.67033508007248, 39.237937649817404], [73.6705824673651, 39.237058619529364], [73.67104667292058, 39.236653036992], [73.67181841354416, 39.23607506540698], [73.67236439007392, 39.23537646370541], [73.6724507896257, 39.23484823714727], [73.67208453830203, 39.23413756808052], [73.67141307336858, 39.23348167422164], [73.67005316604863, 39.232934320256525], [73.6681605424451, 39.23261510863507], [73.66626146354504, 39.2324722755384], [73.66413518765758, 39.232385182481245], [73.66208509396814, 39.232240260616685], [73.66011218696666, 39.232037511845085], [73.65836517364231, 39.231896578783136], [73.65654765087027, 39.2315781925699], [73.65458178877734, 39.23102253183319], [73.6526218077593, 39.23017282488392], [73.65111945744658, 39.229152791584426], [73.650304070885, 39.228200726268696], [73.65023743181214, 39.22772928213912], [73.65055101193151, 39.22720413289967], [73.65131713195171, 39.22686151047763], [73.6526872975902, 39.22687984977819], [73.65571166541858, 39.2276261842527], [73.65790980600357, 39.22806726353507], [73.66108979306739, 39.228639079938894], [73.66314062030266, 39.228842822778375], [73.66451230876199, 39.22868461259281], [73.66550773181723, 39.228227149862754], [73.6662077722852, 39.227528415764596], [73.66721679830533, 39.226479852086825], [73.66746585436495, 39.22536332926275], [73.66740938771149, 39.2244199077134], [73.66711926397707, 39.2237094021537], [73.66696972354023, 39.22353087024681], [73.66624089948614, 39.223378780534574], [73.66039538292425, 39.22242916670902], [73.65662137119459, 39.221944434838456], [73.6564539294101, 39.22091287803319], [73.6572410258218, 39.2193040108572], [73.65993724720396, 39.21668753564985], [73.65959929749742, 39.21462442835313], [73.65923798380504, 39.21373775100085], [73.65880125401414, 39.21371134343422], [73.65820710470459, 39.21305608066603], [73.65715482237906, 39.212454256161486], [73.65564892585108, 39.2117291381896], [73.65352708915509, 39.211350134666496], [73.65109743507033, 39.21126196773275], [73.64981139906423, 39.21095186854527], [73.64943964380257, 39.210534940877764], [73.64929739159263, 39.20994403812412], [73.6493056045142, 39.20953168889223], [73.64938711872563, 39.20935588468786], [73.64999622937292, 39.20930430509022], [73.65128358290877, 39.209496588968655], [73.65241995822105, 39.209687028401234], [73.65378782699523, 39.20970347601264], [73.65546551178241, 39.20942902366542], [73.65706819181665, 39.209153632521044], [73.65866636156157, 39.20905494348213], [73.66033819129908, 39.20907495581534], [73.66079314306675, 39.20908040830999], [73.66140409563864, 39.209202998913824], [73.66273371983755, 39.20877704121558], [73.66351316500176, 39.20760928754956], [73.6639079540901, 39.2067312987013], [73.66373386165412, 39.205993857407336], [73.66279988081394, 39.20539478939848], [73.66035652083387, 39.20463127288459], [73.65678468662702, 39.203560520909804], [73.65642065941748, 39.202820887672424], [73.65718513534097, 39.20238844720982], [73.6581338209819, 39.20210523207951], [73.66059304056446, 39.202133523407575], [73.66401563968755, 39.200996172432035], [73.66631084664841, 39.199698679757965], [73.67086651647156, 39.19872115981695], [73.67218580658522, 39.198883308984385], [73.67333469586421, 39.19816095783896], [73.67354383562838, 39.19698666894203], [73.67206426513945, 39.195351830108685], [73.6664256560786, 39.19352237534486], [73.66418200668974, 39.19231994180303], [73.66232277972729, 39.19068064628361], [73.66177814240937, 39.18949769528505], [73.66164803043091, 39.18912679333091], [73.66178661236584, 39.188959791475106], [73.66211193155115, 39.188942456578935], [73.6631096038889, 39.18912310988839], [73.66509550864413, 39.18958832357132], [73.6674536519464, 39.19027874004889], [73.6691481822168, 39.19103479295288], [73.67074253134506, 39.19201041722175], [73.67252570729107, 39.19298827084749], [73.67345733973912, 39.19388240583792], [73.67608480001077, 39.19669156143227], [73.67689182669865, 39.19758536968584], [73.67733582218561, 39.1981965807905], [73.6780313351668, 39.19908787851519], [73.67865369093991, 39.19997833116926], [73.67934816381057, 39.20092480284286], [73.68044416122272, 39.20218115900954], [73.6810889070951, 39.20293228725676], [73.68458571791143, 39.1980855420532], [73.68503965114807, 39.197459442844824], [73.68426967715834, 39.19673289042531], [73.68307797781215, 39.1957805885673], [73.68199238860939, 39.19513991953528], [73.68173975055112, 39.19499213919614], [73.68018904408967, 39.19420115705026], [73.67885180259299, 39.19346785689451], [73.67751351415077, 39.192789721022486], [73.67631981839703, 39.19194771283181], [73.67520170923662, 39.19083063078561], [73.67472072671391, 39.18999702644803], [73.67452996454125, 39.188780524087775], [73.67462370188589, 39.18767775360785], [73.67535381377016, 39.18663774328099], [73.67622707222961, 39.18570977346675], [73.67702715247808, 39.18489286670155], [73.6773971328946, 39.18429187889067], [73.67778307881505, 39.182865625092], [73.67803348739304, 39.181217619142885], [73.67828307852598, 39.179514593837766], [73.67852168594058, 39.178361744438824], [73.67904748396371, 39.17704719972233], [73.67956569142551, 39.17617279090319], [73.68057515783299, 39.17552432339386], [73.68200853235395, 39.175155959473045], [73.68335939351637, 39.175171868083176], [73.68406712544534, 39.17540030395143], [73.68497558903789, 39.17612640462523], [73.68643977853309, 39.176584153236234], [73.68866557350132, 39.17718958679682], [73.69058111922321, 39.17729404591588], [73.69191266082323, 39.17791366425668], [73.69191166082324, 39.17791366425668], [73.69324816231169, 39.17864469040217], [73.69466058461242, 39.179156460739016], [73.69600305755634, 39.17961236554746], [73.69699331798134, 39.17989906101284], [73.69819350712888, 39.180353283978924], [73.6995372081994, 39.1807541323799], [73.7010314950597, 39.180771489223694], [73.70260165609798, 39.18056958057784], [73.7035372899053, 39.180085141827455], [73.70426297466514, 39.17943316605721], [73.70442294180535, 39.1786095416081], [73.70423302090622, 39.177506704544875], [73.70347153352648, 39.17650730821087], [73.70228316100433, 39.17550295696806], [73.70101894879777, 39.17471784182846], [73.69961246989416, 39.173931059959166], [73.69961346989416, 39.173931059959166], [73.6973756161837, 39.172727440432936], [73.69717945005604, 39.1718132671013], [73.69838180077932, 39.17080485742784], [73.69963076239407, 39.17089676677804], [73.70102565608677, 39.171183829177075], [73.702269485793, 39.17146913378699], [73.70352029439518, 39.1715223174754], [73.70501923218781, 39.17157838292692], [73.70646518861209, 39.171865959273696], [73.70755797629808, 39.172149474072114], [73.70835791656427, 39.172274772398154], [73.7088081530663, 39.172279969959085], [73.70925968468386, 39.172130426101205], [73.70966931417763, 39.171786879924795], [73.70978338353582, 39.171130392106825], [73.70969947126235, 39.170278171866684], [73.70931759114937, 39.169461174048735], [73.70892829717776, 39.16899233879352], [73.70828771825508, 39.16848192827766], [73.70774554108185, 39.168050039949506], [73.7075530516275, 39.167738251226844], [73.70765952841388, 39.167391244576166], [73.70801498880037, 39.16724054802265], [73.70876744906077, 39.167055788314535], [73.7098753623178, 39.16672032135337], [73.71068677852018, 39.166304014502614], [73.71119688102281, 39.16584556073139], [73.7115077139458, 39.16534611538667], [73.71162834086668, 39.16438014461845], [73.7114953920419, 39.16352734883054], [73.71111335008621, 39.16267167182479], [73.7105855552593, 39.16165952336509], [73.71035111535656, 39.160921627442136], [73.71016834776151, 39.16010693837275], [73.71017376199865, 39.15975877387234], [73.71080544193813, 39.15833435018606], [73.711211160999, 39.158029480843126], [73.71191320806933, 39.15799886091205], [73.71256112587521, 39.15816108635939], [73.71290923815879, 39.15816511624215], [73.71395711236674, 39.15829325090286], [73.71485448014953, 39.15853570746563], [73.71594381377345, 39.158973881580586], [73.71718375432295, 39.159529818943355], [73.71861950571517, 39.16024277657208], [73.72046052337087, 39.16076687101713], [73.72180856342077, 39.160898370669294], [73.72291468442648, 39.16064014824429], [73.72412736428855, 39.16007357377711], [73.72468798368429, 39.15953825907137], [73.72500132419094, 39.15896140352361], [73.72510914887025, 39.158498322297675], [73.72507318228313, 39.1578787883932], [73.72488472411538, 39.15737360140338], [73.72459442076328, 39.15690595668304], [73.72410306099782, 39.156436028564336], [73.72331343440098, 39.15592398895109], [73.72247398966803, 39.155450057991], [73.7209333580778, 39.15496811319554], [73.71938619740156, 39.154795632105554], [73.71754142290958, 39.15450363272578], [73.7158999990831, 39.15405916084517], [73.7145617803794, 39.153424691318534], [73.71368638331532, 39.15229247758924], [73.7134494758326, 39.15167064040515], [73.71316502518343, 39.150932174288336], [73.71268182671456, 39.15003666500648], [73.71220017488466, 39.14925720972612], [73.71156368205455, 39.14851470856195], [73.7108392418756, 39.147345518228576], [73.71021795512053, 39.145984050621664], [73.70989278978108, 39.14485814861801], [73.70990679443251, 39.14420050468782], [73.7150695614652, 39.14249549765883], [73.7166995588083, 39.142175921970264], [73.7189007911653, 39.14152454607141], [73.72078365107704, 39.14101450721483], [73.7223551773012, 39.14059750336167], [73.72379568245063, 39.140420638048944], [73.72479595510106, 39.140383720321104], [73.72567130171643, 39.140393685186936], [73.72679546222962, 39.14040649009586], [73.72778742600505, 39.14061153653674], [73.72846768563012, 39.1408621392846], [73.7294876669062, 39.14152885883282], [73.7296708207464, 39.142134378497225], [73.72974199220549, 39.14326621568616], [73.72992198905922, 39.144022473990816], [73.72931982053939, 39.14514831117428], [73.72372268687624, 39.152089454640674], [73.72457956209838, 39.153003908158134], [73.72553907758709, 39.153768723337464], [73.7271755384608, 39.15469203948728], [73.72909729440532, 39.155546473098575], [73.73063961017473, 39.15601914415777], [73.73208876080331, 39.15626440810256], [73.7338330173468, 39.156211995898346], [73.73491698375975, 39.15547231032767], [73.73600796172097, 39.154205019188076], [73.73701857914818, 39.15233347954778], [73.7379254978299, 39.15068677188497], [73.73843798887273, 39.14926108530842], [73.7385730908165, 39.14752882939033], [73.73918917474874, 39.14587829729897], [73.73979379644103, 39.14467998457103], [73.73999590638921, 39.14438104008175], [73.7403100161652, 39.14207051107657], [73.7391351092623, 39.13801773848439], [73.73895845468547, 39.1363997698274], [73.73921393628392, 39.13365528650691], [73.74152779116982, 39.13190266406738], [73.74464368905552, 39.13177466570345], [73.74752720381326, 39.13293693659338], [73.74747952533, 39.13568367609114], [73.74617918053868, 39.138740166121835], [73.74529858501288, 39.14163953551119], [73.74526415502157, 39.14357840460217], [73.74571742629597, 39.14438426358835], [73.74627013108653, 39.145366872942795], [73.74871530194973, 39.1478172342243], [73.75073331257278, 39.15107095749258], [73.75127304619309, 39.15576323678481], [73.7518538276009, 39.15819349533428], [73.75286117032202, 39.159981908465504], [73.75470149133781, 39.161456045933875], [73.7569666966255, 39.162611441037704], [73.7594403817696, 39.16360743145595], [73.76253199992317, 39.164771559268814], [73.76377173915802, 39.165107929737076], [73.76392046857897, 39.165263673454994], [73.7654058632495, 39.16568969475058], [73.76748304035621, 39.166472037513074], [73.76963718984126, 39.16719719515039], [73.77194104911516, 39.16786612456797], [73.77387380501098, 39.168355896270356], [73.77484524470863, 39.16842644609187], [73.77567803670627, 39.167913992050956], [73.77621658880226, 39.167165277618594], [73.77697934581644, 39.16641942297309], [73.77780991931438, 39.1659650621695], [73.77863321430765, 39.16591745344698], [73.77975310321064, 39.165989870945864], [73.78019309459832, 39.16646045853737], [73.78047590127811, 39.16716157069296], [73.78060769250727, 39.16803510354526], [73.78088271978137, 39.16931730096654], [73.7811195981167, 39.169703976657495], [73.78182372745954, 39.17084050314507], [73.78276595350229, 39.17230558866737], [73.78340958671627, 39.17365064665081], [73.78405606651066, 39.1750538104499], [73.78469386926527, 39.176689401299], [73.78596263299188, 39.18059976815603], [73.78777865766655, 39.18323837806565], [73.7881336635414, 39.18417285572085], [73.78863133191447, 39.18539977140007], [73.78920729572347, 39.18645330737542], [73.78993923497178, 39.18739429174868], [73.79082441964754, 39.18804636772176], [73.79155375143505, 39.188929529849325], [73.79191111285331, 39.189924446740505], [73.79249312036988, 39.19068921734868], [73.79345747017062, 39.19110923632644], [73.79554748323116, 39.19142692606259], [73.79666464128415, 39.191674068566066], [73.79732580409191, 39.19220677290405], [73.79768766616861, 39.19291044373759], [73.79782523352043, 39.19361128340823], [73.79743842065261, 39.19430552341087], [73.79712753271974, 39.19488421431196], [73.7968079851846, 39.195928871846675], [73.79664962722728, 39.196509445553126], [73.79677977935472, 39.19750151729795], [73.79736490092796, 39.198266264317866], [73.79803461524018, 39.19844949057103], [73.79946070107232, 39.198176162542374], [73.80104502604783, 39.19738048245143], [73.8026270830087, 39.19675951887404], [73.80435327816147, 39.196431642736364], [73.80614785989255, 39.19639590836063], [73.80763784590377, 39.196764127018376], [73.8085243100928, 39.197416074035765], [73.80917375966965, 39.19864767143945], [73.80975474138876, 39.19964534316523], [73.81070754466757, 39.20070593321911], [73.81181848804657, 39.20130241150285], [73.81293799714136, 39.20143290943698], [73.81383972581376, 39.20109462463871], [73.81482355346438, 39.20046603363801], [73.81648660200955, 39.199612825651165], [73.81806857890716, 39.19899165127164], [73.81964534063175, 39.19854519476126], [73.82099969841816, 39.19815418119037], [73.8222077413932, 39.197528309343156], [73.82281122400994, 39.19724449041144], [73.82416983777844, 39.196562204968444], [73.82493231696637, 39.195814251617264], [73.82501984465797, 39.19505796978605], [73.82487771235982, 39.194648390330144], [73.82405730477112, 39.1945799604156], [73.8219605751481, 39.19472875516309], [73.8188855736605, 39.19509842238603], [73.81663921214337, 39.19530350828519], [73.81506897116151, 39.1953422000597], [73.81327775977817, 39.19508683690678], [73.81171821480076, 39.19454301711894], [73.81038528352087, 39.193768993559004], [73.8091334356431, 39.19276290782414], [73.80773323281059, 39.19163844061863], [73.80663213827795, 39.19051770767617], [73.80605764121674, 39.18922878567432], [73.80600335391527, 39.188062919328715], [73.80684190866229, 39.187141284951586], [73.80812726054553, 39.18645912954595], [73.8095536433227, 39.18612824531895], [73.81089670390926, 39.186377498439164], [73.81282909443358, 39.18698309620195], [73.81469172762736, 39.18735588694388], [73.8155899347423, 39.187308818752875], [73.81649453792623, 39.18691227499762], [73.81740561367462, 39.18616801816281], [73.81764583457294, 39.1854153894978], [73.81736763706596, 39.18430759818662], [73.81663600435421, 39.18354287972404], [73.81552845203842, 39.18283161385725], [73.81367797295668, 39.18187858163892], [73.81182192788596, 39.18115796020763], [73.80736342380848, 39.17970726703277], [73.80581067101365, 39.17893218434703], [73.80403533806788, 39.17792183171317], [73.80234145387747, 39.176679955594935], [73.80094361990601, 39.175441817373056], [73.79984333538897, 39.1743817521766], [73.79889374249551, 39.173265450685605], [73.79779585148702, 39.17208914966258], [73.796443183119, 39.17105702062113], [73.79455111853633, 39.16995573931518], [73.7924773759609, 39.16888332992437], [73.79017779496664, 39.16804047912498], [73.78824979025048, 39.16726043114565], [73.78714178219191, 39.166548901957704], [73.78567520451521, 39.165135310797424], [73.78524523170933, 39.164316093324885], [73.78518694859615, 39.16350162189851], [73.78541972779142, 39.16298149408572], [73.78624498710333, 39.16293383095775], [73.78810532261727, 39.16330620211044], [73.79026427995306, 39.16379854701177], [73.79190964140957, 39.16376125404663], [73.79303885845687, 39.16336867322764], [73.79349578632858, 39.162851363765675], [73.79358303537845, 39.16232932848456], [73.79329227514961, 39.16191878764177], [73.79247604829773, 39.161617849741305], [73.79008457296052, 39.16158757532263], [73.7879153029196, 39.16156009761939], [73.78605366370157, 39.161303943066784], [73.78463761244865, 39.16099535169864], [73.78308081592931, 39.160452409221854], [73.78160184339274, 39.15956174453959], [73.77997744686719, 39.15866915681448], [73.77924194190646, 39.15807853634511], [73.77910546253716, 39.15743743631635], [73.7799335551962, 39.157099274297074], [73.78240177608765, 39.157072597160514], [73.78516120965367, 39.15728210251567], [73.78799152624332, 39.15778303224773], [73.79074681428736, 39.15839916873392], [73.79350365623424, 39.158840911750936], [73.7983681468103, 39.15855355577453], [73.79978802737328, 39.15857143384335], [73.80158188438584, 39.15847777619622], [73.80263739847067, 39.15802605023787], [73.80280626288418, 39.15715629279709], [73.80236965698089, 39.15651146070233], [73.8017062278584, 39.156096245907996], [73.8005969297671, 39.15550106139509], [73.79934168532156, 39.154729657107474], [73.79823824799021, 39.153843905802006], [73.79765591175277, 39.15296473816131], [73.79753191665142, 39.15174256482505], [73.79755540488028, 39.15058016777558], [73.79824947689976, 39.149309686364205], [73.7990847575516, 39.14868044416816], [73.80111139231401, 39.148124075556666], [73.80319742729102, 39.14832424404205], [73.8046893322082, 39.14845889498604], [73.8051394446698, 39.148348154268746], [73.80529539963324, 39.14794310347723], [73.80500652196483, 39.14747441039931], [73.8035959490216, 39.14693379351244], [73.80166135154101, 39.146677347922065], [73.79860059732891, 39.1466395381935], [73.79627777007573, 39.14695965727746], [73.79552884126059, 39.14718291564708], [73.7943993376518, 39.14757592136906], [73.79326571088457, 39.1483175399195], [73.79220327597803, 39.14911783493411], [73.79114917055085, 39.149453250842306], [73.78988443274014, 39.149262835487875], [73.78757865228417, 39.148710485020835], [73.7848153686638, 39.148559151379196], [73.78287148274688, 39.148592544061536], [73.78047338700667, 39.148910732004325], [73.77874875124978, 39.14923745534228], [73.77747514779517, 39.14933745060269], [73.77635907373863, 39.14909068931554], [73.77548353611043, 39.148091377953875], [73.77460720727676, 39.14703394860251], [73.77372125241139, 39.146499492756604], [73.77253033091682, 39.14630984751503], [73.77051060451653, 39.14640018605224], [73.76795753318798, 39.14689052339607], [73.76563515164679, 39.147209364663986], [73.76470919500218, 39.147179904389304], [73.7634622778254, 39.14732826977976], [73.76138712661383, 39.147306223045675], [73.7582734040278, 39.14727308594003], [73.75516453315704, 39.14707829150209], [73.75269433834706, 39.14592064380797], [73.75256573037403, 39.145550283598396], [73.75192501471045, 39.14503376947877], [73.75074043733785, 39.14363906879127], [73.75007272825474, 39.14231296961073], [73.74979996131052, 39.14187412723459], [73.75002543849688, 39.141169652714275], [73.7508817763494, 39.140310166446966], [73.75222531297887, 39.13962023892788], [73.75370521170578, 39.139149709112075], [73.75517399051496, 39.13916876661465], [73.75719433948915, 39.139630256133756], [73.75886848185854, 39.139869584934566], [73.76040945701969, 39.13978068106897], [73.76160542125808, 39.13936083591005], [73.76273789752209, 39.138722474774674], [73.76435970734904, 39.13819921379141], [73.76646596839349, 39.1377366334651], [73.76815344430926, 39.137323019695785], [73.76956547682074, 39.13674258821939], [73.77034692205389, 39.13620846004503], [73.7705691759574, 39.13550394395591], [73.77044684355464, 39.13474053533475], [73.7699650539732, 39.134353445955405], [73.76814890460558, 39.13422128063504], [73.76604755722374, 39.13430308754649], [73.76437006218406, 39.13428146704217], [73.76388173227662, 39.13416635360612], [73.76353862525566, 39.13388984211374], [73.76361760318088, 39.13340113763914], [73.76425695327073, 39.13297404710725], [73.76566458489764, 39.13255686378396], [73.76671807179972, 39.132352765753986], [73.76798803448904, 39.131824950911415], [73.76870294717978, 39.13107232939241], [73.7690726218405, 39.130097609373166], [73.76964331035373, 39.12950638702023], [73.77027798867562, 39.12924238982355], [73.77153362365708, 39.12931266047641], [73.77285689731058, 39.129655883412205], [73.77438466522183, 39.13016498277335], [73.77584576084931, 39.13045551179314], [73.77696580977039, 39.13036071368182], [73.77766975045147, 39.130097391686085], [73.77872092094184, 39.130001701919625], [73.77920481489693, 39.13027992147117], [73.7802383256754, 39.13105490310358], [73.78313152032942, 39.133159498256035], [73.78368736801187, 39.13338415728754], [73.784593716359, 39.13344992116267], [73.78529969712427, 39.13313213491326], [73.785592645332, 39.13248260852029], [73.78532978419874, 39.13155401435993], [73.78464972567173, 39.13056576779844], [73.78390193275514, 39.12941339154082], [73.78371508830746, 39.128322414121605], [73.78387563570277, 39.127181381927905], [73.78431938813671, 39.12659859696502], [73.78559291092078, 39.12513443276263], [73.7860359587655, 39.123888047436566], [73.78619753001118, 39.1226381757826], [73.78635794910105, 39.12160597513564], [73.78609814960885, 39.12062296299824], [73.78499797274463, 39.11968390793918], [73.78333789834313, 39.11879227816197], [73.78241526246673, 39.118346033546736], [73.780913602723, 39.11761891782192], [73.78015030581524, 39.1173916260946], [73.77709316858699, 39.116482400752986], [73.7768014058126, 39.11620976750666], [73.77606465037726, 39.11597053515287], [73.77487623970353, 39.11595804581953], [73.77324117371403, 39.1159408526211], [73.77160108067156, 39.11627078344193], [73.77010147333841, 39.117065121415], [73.7680076144078, 39.11785315802339], [73.76547509978992, 39.11828928847516], [73.76309518431673, 39.11837979424453], [73.76101742733961, 39.11824198266557], [73.75849198695352, 39.11821510166273], [73.75492969880749, 39.11806134245001], [73.75196473030533, 39.11768241208749], [73.74944749902731, 39.11719247592541], [73.74752861133582, 39.11647744629408], [73.74665376274682, 39.1154264323897], [73.74637712381806, 39.11438180642472], [73.74651527726077, 39.112857422160694], [73.74718032379265, 39.11240759222817], [73.74830361501368, 39.11191280344414], [73.7497503073495, 39.111523645852095], [73.7513237941595, 39.111339919992176], [73.75322523747735, 39.11105845106481], [73.7549949002733, 39.110928123029595], [73.75663474803677, 39.11069421212508], [73.75814575670269, 39.110254835220346], [73.75966568944061, 39.10956071017679], [73.76078826792761, 39.109014423352754], [73.76158383398646, 39.108362087907636], [73.7619256106597, 39.10760205138348], [73.76193649445328, 39.107143543282234], [73.76175019286488, 39.106631601799506], [73.76123199636359, 39.10637023884249], [73.76051071330036, 39.106463001834854], [73.75958136386149, 39.10706272418458], [73.75832308374294, 39.10791301128755], [73.75720348787038, 39.10835738374669], [73.75654557299673, 39.108450954055996], [73.75498109969685, 39.10822718923235], [73.75328883347211, 39.107848899889966], [73.75191756459435, 39.107627595372925], [73.75060971409205, 39.107610894098556], [73.749429665835, 39.10779963015264], [73.74818022944544, 39.108191297517024], [73.7469297766234, 39.10858295118319], [73.7446256051611, 39.10931767486508], [73.74396474710755, 39.109614703467194], [73.74303890011716, 39.110061093554336], [73.74170761518143, 39.11111348955588], [73.74108512088921, 39.111084148469914], [73.7395872929675, 39.111878090699264], [73.7363069873971, 39.11253698012349], [73.73318552846763, 39.11261882136694], [73.73036738204954, 39.11235667583227], [73.72814350215312, 39.111985234826115], [73.72637343079366, 39.111387197275185], [73.72489955431122, 39.11067666893778], [73.7240197655109, 39.1100883466486], [73.72402602605959, 39.109741205679065], [73.72447799608172, 39.10900765279165], [73.72498180930266, 39.108504401635535], [73.7259015374439, 39.10781500203828], [73.72715198023874, 39.106938510432656], [73.72840187790877, 39.106126003395275], [73.73012946914602, 39.1055761625101], [73.73340946362782, 39.105173953754715], [73.7368572103754, 39.104519360464494], [73.73793110776396, 39.10389721047229], [73.73876193155483, 39.1032079090396], [73.73959815200053, 39.102327620302596], [73.74002777874476, 39.101251182929204], [73.74013449162834, 39.09997965529081], [73.74016129504216, 39.09851618843883], [73.74019460118949, 39.096925463655296], [73.74006061627725, 39.095460941573656], [73.73978570878394, 39.092852608971405], [73.74013660387224, 39.09177704832612], [73.74088913533191, 39.09083376755986], [73.74188567875844, 39.090084175491114], [73.74246217013044, 39.08990096947542], [73.74328192310266, 39.08965739118369], [73.74468145908847, 39.089167075209566], [73.74632392794325, 39.0886798785861], [73.74698565548525, 39.08837066731076], [73.74715578068263, 39.08799166284152], [73.74684060814059, 39.08747935716011], [73.74586924714741, 39.086958681616636], [73.7440818046577, 39.08655455945252], [73.7428613048454, 39.08628477908569], [73.74221665575092, 39.085958812077976], [73.74153168737733, 39.086089808505605], [73.74049333754081, 39.085962866181816], [73.73871249710564, 39.08594359376097], [73.73722556785481, 39.086043228842584], [73.73647487377357, 39.086498042128454], [73.73542105999218, 39.0871810534833], [73.73393302933731, 39.08739636134953], [73.7325976265897, 39.08738183622235], [73.72948358411776, 39.08700073862474], [73.72061394116623, 39.08482042292237], [73.71527904871637, 39.08418305047017], [73.71242704196094, 39.08432239409006], [73.71242604196094, 39.08432239409006], [73.71247673745368, 39.084550405429816], [73.71270535011602, 39.085980563108336], [73.71307935792977, 39.087578956686116], [73.71330834109467, 39.088950569015374], [73.71361332007848, 39.09055270187804], [73.71395825654092, 39.09127786115548], [73.71935126745379, 39.09053580258979], [73.72107216254211, 39.090266317774834]]]]}, "properties": {"@featureType": "WaterpolyView", "identifier": {"value": "https://geosciml4china.example.org/J43C001002/waterpoly/LDLYAAE002.WP.50", "@codeSpace": "http://www.ietf.org/rfc/rfc2616"}, "GB": "73020", "name": "", "HYDC": ""}}, {"type": "Feature", "id": "https://geosciml4china.example.org/J43C001002/waterpoly/LDLYAAE002.WP.51", "geometry": {"type": "Polygon", "coordinates": [[[73.74197886637235, 39.29642596959252], [73.74304302200188, 39.296179476635416], [73.74416382308027, 39.29589036856787], [73.74495222052921, 39.295510414002635], [73.74568676979318, 39.29504313024391], [73.7465931202995, 39.2943613977801], [73.74766658621645, 39.293681759934294], [73.74868058103849, 39.29317465383774], [73.74974186443829, 39.29305803059349], [73.75046328863837, 39.29319706032119], [73.75068239242496, 39.29337310182632], [73.75072876932241, 39.29380690347354], [73.75060054344613, 39.29458508983235], [73.75075367461197, 39.29523684435954], [73.75108420928973, 39.295414283466094], [73.75152990208863, 39.29541987924939], [73.75225974333551, 39.29516910567655], [73.75293573653742, 39.29483100926288], [73.75339446944463, 39.29423025251049], [73.75374736304185, 39.29336823340973], [73.75398417532188, 39.29272137056935], [73.75410863151271, 39.29211642217516], [73.75395081934657, 39.29168122406353], [73.75340677958509, 39.29106789432656], [73.75247279421176, 39.29044967474945], [73.75153416240155, 39.29004799595448], [73.75020279452906, 39.28977134499579], [73.74875908708137, 39.28953658665216], [73.74732006847447, 39.289085260603], [73.74588013386597, 39.28867722701433], [73.74421645304442, 39.28830967488355], [73.74260943727536, 39.28789949234229], [73.74100150004547, 39.287532597766486], [73.73917170141314, 39.287119550883574], [73.73833613220769, 39.28710896974079], [73.7377196183776, 39.287274447885736], [73.73754214703006, 39.28774874219856], [73.73747326204641, 39.288354378828586], [73.73728731577069, 39.289218463220934], [73.7369937172171, 39.28990789432622], [73.73653675644034, 39.29042196545491], [73.73624408905576, 39.29106808231234], [73.73600335039423, 39.29188814800629], [73.73598827283949, 39.29258110878251], [73.73597319186565, 39.29327407169101], [73.73617812347496, 39.294099788506], [73.73677397753318, 39.29488714132179], [73.73765122598047, 39.295548091706706], [73.73864367670211, 39.29603720653092], [73.73991846381088, 39.296356596071604], [73.74103176053501, 39.29641399918364], [73.74197886637235, 39.29642596959252]]]}, "properties": {"@featureType": "WaterpolyView", "identifier": {"value": "https://geosciml4china.example.org/J43C001002/waterpoly/LDLYAAE002.WP.51", "@codeSpace": "http://www.ietf.org/rfc/rfc2616"}, "GB": "73020", "name": "", "HYDC": ""}}, {"type": "Feature", "id": "https://geosciml4china.example.org/J43C001002/waterpoly/LDLYAAE002.WP.52", "geometry": {"type": "Polygon", "coordinates": [[[73.76272407461548, 39.29313382147194], [73.76328765177665, 39.2928375847964], [73.76379459173931, 39.29258396270473], [73.76441572128594, 39.292201795010676], [73.76498298261866, 39.29173230646245], [73.76538773130301, 39.29104418722972], [73.76551301208977, 39.290395912318594], [73.76535790703791, 39.28983079756775], [73.76486301203609, 39.28952138856012], [73.76414344766681, 39.289295825335344], [73.76336540404459, 39.28919949776697], [73.76219463626227, 39.28922823661807], [73.76068592092666, 39.28942603680528], [73.75917348198564, 39.289797060318676], [73.7581577521507, 39.29039088270806], [73.75781328830223, 39.2908631207025], [73.75780121195574, 39.291426157372086], [73.75795347360143, 39.292121213876655], [73.75833136324896, 39.2926891219454], [73.75915772282276, 39.293132664672626], [73.76010107774312, 39.293317727675216], [73.76110385537834, 39.29333023873072], [73.76210756155734, 39.29329942869142], [73.76272407461548, 39.29313382147194]]]}, "properties": {"@featureType": "WaterpolyView", "identifier": {"value": "https://geosciml4china.example.org/J43C001002/waterpoly/LDLYAAE002.WP.52", "@codeSpace": "http://www.ietf.org/rfc/rfc2616"}, "GB": "73020", "name": "", "HYDC": ""}}, {"type": "Feature", "id": "https://geosciml4china.example.org/J43C001002/waterpoly/LDLYAAE002.WP.53", "geometry": {"type": "Polygon", "coordinates": [[[73.70367215310738, 39.291435968743826], [73.70408010581406, 39.29012387531883], [73.70435314995643, 39.2892003651164], [73.70444011515642, 39.288128068995825], [73.70440303183746, 39.28695657950588], [73.70404933218695, 39.28582978080189], [73.70331592886312, 39.28474685036844], [73.70232795776872, 39.283758194948], [73.70139877522945, 39.28296546328466], [73.6970349068823, 39.28051791707489], [73.6963484210154, 39.28016743288382], [73.69534644042552, 39.27981283321082], [73.6945903248043, 39.27975418139315], [73.69364272694176, 39.27979061252743], [73.69212503799325, 39.279917173567426], [73.69073573206079, 39.27994780978784], [73.6900416258526, 39.27993873208052], [73.68922788705656, 39.27963533377984], [73.68842072629572, 39.27903926396319], [73.68749066589169, 39.2782952012214], [73.68636914087821, 39.277646204915094], [73.68537163448936, 39.277096408691676], [73.68487782599826, 39.276602009375495], [73.68426112480189, 39.2759596172903], [73.68357965539248, 39.27536516404848], [73.68251367173066, 39.275009611329345], [73.68100316879907, 39.27479457997694], [73.67886267194554, 39.274522435455594], [73.67716481745805, 39.27420729857764], [73.67553007039076, 39.27389297200364], [73.67395939285058, 39.27353067786428], [73.67226062482143, 39.27326425071932], [73.67055803478647, 39.273192916580925], [73.6678984633344, 39.27364557332073], [73.66644343946204, 39.27382142329106], [73.66517480154755, 39.27414610863725], [73.66421488592792, 39.27481643219822], [73.66350573547372, 39.27553887730487], [73.66298093969979, 39.276410147169464], [73.66226683923496, 39.2772788927398], [73.66155383466891, 39.27809885715816], [73.66091171136753, 39.27857821866443], [73.66033713935802, 39.27886330991074], [73.6597670199194, 39.27895328851412], [73.65907516083105, 39.27884647379062], [73.65750885979912, 39.278337638537764], [73.65606989147362, 39.27778169500649], [73.65475490613197, 39.27732497657462], [73.65318978818702, 39.27676730798664], [73.6513103339872, 39.27615660975458], [73.64999541119109, 39.275699838498475], [73.64855094509441, 39.275387686486404], [73.64723249063142, 39.27507721273288], [73.64597546219906, 39.27481634017739], [73.64458932486299, 39.2747000932496], [73.6435167097174, 39.27468563997311], [73.64225774462498, 39.27452228524245], [73.6385587075524, 39.273301319491765], [73.6376822721316, 39.27294792055615], [73.63705035778192, 39.27298816106386], [73.6367901231806, 39.27337497444763], [73.63677931546005, 39.27391153904247], [73.63727326166567, 39.27445493581194], [73.64036765246544, 39.27718032635742], [73.6410470563152, 39.27782379542965], [73.64184477299095, 39.27881040064893], [73.64213884821419, 39.27974141513868], [73.64217263853462, 39.281010459601085], [73.64219966843461, 39.28257216365095], [73.64254897504168, 39.28384546556257], [73.6431033795623, 39.28443844391197], [73.64398232357622, 39.28464546000455], [73.64555991437912, 39.28466670913163], [73.64776742001509, 39.284745199347554], [73.6497146592606, 39.28516169550186], [73.6513374350823, 39.285964143501296], [73.65264359533066, 39.286811117664], [73.6535700302122, 39.28770178385842], [73.65437027431476, 39.28859075221143], [73.6552291693491, 39.28967566802232], [73.65609815522541, 39.290321585975114], [73.6569760960528, 39.29057728181287], [73.65805453423505, 39.29034773211809], [73.65882747016451, 39.28967496640036], [73.65960819665963, 39.28866075722531], [73.66026380254328, 39.28759608169402], [73.66073118369327, 39.2864801011514], [73.66113321661801, 39.28546083026128], [73.661474364843, 39.284343164718976], [73.66168483861728, 39.28341892255296], [73.66220413782318, 39.28279154681706], [73.66296693063443, 39.282557744317984], [73.66365994218359, 39.282615760194055], [73.66409276184076, 39.283011853314655], [73.66477132697663, 39.283703966584994], [73.66565033034541, 39.28391082003012], [73.66615626673224, 39.2838687495539], [73.66718368400804, 39.28310172545325], [73.66763427918495, 39.282717371678025], [73.66903251473818, 39.28229679386041], [73.67011078892664, 39.28206712929083], [73.67207690940667, 39.2816540405421], [73.67416699954907, 39.28134013827381], [73.67606114664596, 39.28131636533661], [73.6775102738633, 39.28143307094275], [73.67908781560153, 39.28145386462024], [73.68060555648871, 39.281327474550864], [73.68244649402995, 39.28086377021517], [73.68345941068954, 39.280730705447986], [73.68465832967202, 39.280746447836314], [73.6857919574458, 39.28085890672638], [73.68685700362252, 39.28121441684574], [73.68735195371119, 39.281660031306195], [73.68752810870339, 39.282247843662184], [73.68801211466194, 39.28318123078647], [73.68830353497712, 39.284258471494994], [73.68871898366703, 39.28543491869492], [73.68920850054984, 39.28612441444622], [73.6898862519078, 39.28686516025828], [73.69081644614819, 39.28760920509848], [73.69224387640593, 39.28870128118931], [73.69311101386856, 39.289444484542436], [73.69366698348702, 39.28998845252469], [73.69415221367042, 39.29087303825398], [73.69451559921309, 39.2915608647447], [73.69482788003668, 39.29171131245756], [73.69527184152771, 39.29161951681373], [73.69584747569807, 39.29128547617709], [73.69654823229673, 39.29100185475751], [73.6969878287704, 39.291105162621456], [73.69748291217893, 39.2915507355145], [73.69803240172489, 39.29238734978678], [73.69851225697055, 39.293515807617815], [73.69874511781214, 39.2943970908115], [73.69936102244358, 39.29508818836356], [73.69985941187734, 39.29538741831095], [73.70067881520374, 39.29544685568815], [73.70124901933322, 39.29535667828674], [73.70169842875919, 39.295020968703604], [73.70228491934726, 39.29419911671917], [73.7027484277364, 39.293229291727435], [73.70321301123805, 39.29221068744523], [73.70367215310738, 39.291435968743826]]]}, "properties": {"@featureType": "WaterpolyView", "identifier": {"value": "https://geosciml4china.example.org/J43C001002/waterpoly/LDLYAAE002.WP.53", "@codeSpace": "http://www.ietf.org/rfc/rfc2616"}, "GB": "73020", "name": "", "HYDC": ""}}, {"type": "Feature", "id": "https://geosciml4china.example.org/J43C001002/waterpoly/LDLYAAE002.WP.54", "geometry": {"type": "MultiPolygon", "coordinates": [[[[73.5785085782667, 39.270597856743926], [73.57854665219784, 39.27184093785063], [73.57881586467349, 39.27274533293753], [73.5792093174931, 39.2736832070706], [73.57965115365246, 39.2743317754458], [73.58024948486732, 39.27514065504158], [73.58081105430968, 39.27588489497153], [73.58174437023042, 39.276632988124994], [73.58267570887041, 39.27738107411546], [73.58393644008318, 39.27826096163795], [73.58495756758117, 39.27875310565193], [73.58618730751584, 39.27911898288506], [73.58717198847097, 39.279450193228385], [73.58856138380163, 39.280010335733465], [73.58978575199508, 39.28072924996983], [73.5904691502522, 39.281442624101274], [73.59078861593251, 39.28199168269456], [73.59089548961398, 39.28266700504701], [73.59071061791224, 39.28353193872717], [73.5904036406535, 39.28423510686951], [73.58989799318388, 39.284647272749375], [73.58898024523553, 39.28505517767875], [73.58764562645901, 39.28549091103392], [73.58635759865531, 39.28583076289952], [73.58523126486925, 39.28623650519667], [73.58418547007967, 39.28677148038653], [73.58317712909324, 39.287467361196306], [73.5822533940703, 39.28816408600492], [73.58144957183484, 39.28886209260006], [73.58089944972204, 39.28940217593503], [73.57952306001272, 39.291699458750244], [73.57887541556575, 39.292816424083036], [73.57827591250194, 39.293773329127355], [73.5774265071248, 39.29472765189885], [73.57674519434806, 39.295523202919846], [73.5759032312037, 39.29612444447644], [73.57506765544026, 39.296500997816544], [73.57403367096543, 39.29661861442218], [73.57267179135465, 39.29654018348242], [73.57180525419736, 39.29640272653138], [73.56865770894527, 39.295053443449234], [73.56775808267237, 39.29465874757679], [73.56690055613203, 39.29423238258333], [73.56558703444041, 39.293865429801336], [73.56418912088917, 39.29352969075923], [73.5625817644823, 39.29335224586164], [73.56068544397324, 39.2932038247718], [73.55919425488433, 39.29334860829184], [73.55769582600801, 39.29375015147686], [73.55640672989449, 39.29412176216954], [73.55520349621916, 39.29423746125457], [73.5545873457595, 39.29416669868637], [73.55417967161816, 39.29393763813615], [73.5536936262266, 39.29345092664321], [73.55296839692902, 39.292768999318234], [73.55120965752212, 39.290246132779835], [73.55027749505739, 39.28949779941882], [73.54929720483885, 39.28906998694509], [73.5475733346779, 39.288634242244456], [73.54551878847401, 39.28816284626549], [73.54353960141837, 39.28794907244731], [73.5417250944343, 39.28780123065945], [73.54007368766017, 39.28778351651442], [73.53853711755661, 39.28805598266736], [73.53720335401587, 39.2885232298034], [73.53603107987885, 39.28918481723597], [73.5348554117407, 39.28994268312691], [73.5341394726955, 39.2904486640891], [73.53286790346306, 39.291783356869914], [73.53259904191223, 39.292550999163176], [73.53249980143933, 39.29322413618216], [73.53234311467793, 39.29530283534311], [73.53228093998432, 39.296483631558715], [73.53206046711244, 39.297380195531424], [73.53173946131213, 39.29825000958754], [73.53132265474652, 39.29914442797092], [73.53083926137833, 39.2999354215995], [73.53029518810595, 39.30054595835897], [73.52975971465118, 39.30084836447249], [73.52915703207702, 39.301073022905555], [73.52872742139856, 39.30114540278172], [73.52806560656788, 39.30108689016398], [73.52727584446126, 39.30097558702161], [73.5263219926539, 39.3007340995613], [73.52520841782072, 39.30038810244157], [73.52393204115718, 39.2998605599686], [73.52311843266563, 39.299338036099684], [73.52066565341939, 39.29692272537985], [73.51992358089346, 39.296144128858046], [73.51921749090849, 39.29528885641416], [73.51871127716899, 39.29433303593626], [73.5183377217129, 39.29348136252202], [73.51795834988506, 39.29278375240361], [73.51477363209608, 39.28852441115601], [73.51477363209608, 39.28852441115601], [73.51922319023451, 39.287624429427495], [73.52449958707483, 39.28624031363233], [73.52661518528896, 39.285521500581325], [73.5300651234093, 39.2842504031934], [73.53574502589571, 39.28174045545026], [73.53719158463967, 39.281275905225215], [73.54008383385121, 39.28047697815966], [73.55017652931978, 39.27822284079072], [73.55904950942752, 39.27560995112765], [73.57212575926687, 39.272256252167814], [73.57412764803259, 39.27166709406398], [73.5760712630412, 39.27107741672187], [73.5785085782667, 39.270597856743926]]]]}, "properties": {"@featureType": "WaterpolyView", "identifier": {"value": "https://geosciml4china.example.org/J43C001002/waterpoly/LDLYAAE002.WP.54", "@codeSpace": "http://www.ietf.org/rfc/rfc2616"}, "GB": "73020", "name": "", "HYDC": ""}}, {"type": "Feature", "id": "https://geosciml4china.example.org/J43C001002/waterpoly/LDLYAAE002.WP.55", "geometry": {"type": "Polygon", "coordinates": [[[73.71549847969882, 39.289330152092134], [73.71545869982351, 39.28859316814135], [73.71547112570384, 39.28803014129559], [73.71571437427077, 39.28716682877047], [73.71612858284615, 39.2861757473561], [73.71670418246006, 39.28548999397051], [73.71755897339779, 39.28485114675892], [73.71823897859609, 39.28451330264724], [73.71970721624639, 39.28401227748404], [73.72116209919523, 39.28411757157092], [73.72260747290909, 39.284655947749144], [73.72343367409763, 39.28531635256981], [73.72409084176601, 39.286017910654486], [73.72463025686598, 39.28697789244615], [73.72516143949042, 39.28824101920922], [73.72568908017551, 39.28959074458708], [73.7263291060766, 39.29089857968563], [73.72714386132463, 39.29186206365758], [73.72796337759193, 39.29260899407506], [73.72862525132693, 39.29292068903868], [73.72901521326861, 39.29292566098215], [73.72929754595708, 39.29275596981767], [73.7295893391988, 39.292153179181874], [73.72956770189236, 39.29059331107102], [73.72953849330997, 39.289379922179066], [73.73006255529842, 39.28834686969212], [73.73069044359013, 39.28766171166474], [73.73131075744193, 39.28732303222016], [73.732374812072, 39.28707663481075], [73.73316033715193, 39.2868266904585], [73.73383916755456, 39.286358773102386], [73.73435653835793, 39.28562887006918], [73.73447926511697, 39.28511056409492], [73.73448681104374, 39.284764083504434], [73.73405251087372, 39.284238701619934], [73.73372678920042, 39.28384466642565], [73.73329155780787, 39.28336259160827], [73.73280251768887, 39.28279318805617], [73.73186788262811, 39.282218116822115], [73.73081997389892, 39.28172823853485], [73.72965689215724, 39.28141017178377], [73.72805106902244, 39.280956482015256], [73.72638766992218, 39.28058867910955], [73.72511513006057, 39.280182524667396], [73.72422960721192, 39.279694662571885], [73.72367789149656, 39.27929770843838], [73.72329141171842, 39.27903283015019], [73.72239689103135, 39.2789347381881], [73.72127350806744, 39.27905031635861], [73.71997727884079, 39.279380279663314], [73.71862691887429, 39.27962288905821], [73.71778556115731, 39.279655408161226], [73.71655774684065, 39.27942302542968], [73.71455322279041, 39.27883405775578], [73.71199039352389, 39.27815121598801], [73.7099299202227, 39.277561448670205], [73.70859108016886, 39.27728422470624], [73.70708321731992, 39.27704812229297], [73.70523921862493, 39.276807645810464], [73.70367053958458, 39.27678732161272], [73.70198596041845, 39.276938761508944], [73.70091474583704, 39.27722810830896], [73.70023087226299, 39.27773909050942], [73.70010820498169, 39.278214038106576], [73.70043084976957, 39.27882473885936], [73.70114567957513, 39.27944053292454], [73.70214258789125, 39.279973336404986], [73.70352784574425, 39.280684457038284], [73.70474601205306, 39.28135007396382], [73.70673995060031, 39.28241561461578], [73.70778720758707, 39.283208954873814], [73.7086065287608, 39.284172629897796], [73.70959012702933, 39.28531170616664], [73.71013221337157, 39.286141823899335], [73.71061636322064, 39.28705783373306], [73.71088022694474, 39.28779771283521], [73.71135576884276, 39.28910350810019], [73.71194531708278, 39.29032412547886], [73.71242281167947, 39.29154329555309], [73.71290319695053, 39.292632535722966], [73.71356032429017, 39.29333415179027], [73.71394684657096, 39.2935990624773], [73.71433911022008, 39.29360411129754], [73.71467724972356, 39.29352182006253], [73.71518828485284, 39.293225142771696], [73.71547994697998, 39.29270902889381], [73.71549524410973, 39.29201607431631], [73.71551723378806, 39.29101995168621], [73.71548318386968, 39.29002310924396], [73.71549847969882, 39.289330152092134]]]}, "properties": {"@featureType": "WaterpolyView", "identifier": {"value": "https://geosciml4china.example.org/J43C001002/waterpoly/LDLYAAE002.WP.55", "@codeSpace": "http://www.ietf.org/rfc/rfc2616"}, "GB": "73020", "name": "", "HYDC": ""}}, {"type": "Feature", "id": "https://geosciml4china.example.org/J43C001002/waterpoly/LDLYAAE002.WP.56", "geometry": {"type": "MultiPolygon", "coordinates": [[[[74.51602770425386, 39.27261481899861], [74.51602775889631, 39.27261488930276], [74.51602870425386, 39.27261481899861], [74.51602770425386, 39.27261481899861]]], [[[74.50937984863052, 39.27310920528023], [74.5102907075175, 39.27372860695592], [74.51143516285437, 39.274806842872316], [74.51219235067836, 39.27636174992561], [74.51310316956514, 39.27791708254188], [74.51424443328521, 39.2794730562731], [74.51569295962334, 39.28102987581984], [74.51729376845843, 39.28288622915297], [74.51889575318347, 39.284683372566356], [74.52087968499376, 39.286840084133054], [74.52187314500486, 39.28767940420098], [74.52325140231748, 39.288400254482696], [74.5245577158339, 39.28886034349864], [74.52547425529254, 39.28918313822958], [74.52739133619188, 39.28972612982339], [74.52930773671243, 39.29038859987954], [74.53060966303465, 39.29104940270926], [74.53206312540658, 39.292069131151145], [74.53320972044472, 39.29302827507073], [74.53412765065066, 39.29368802295537], [74.53446926608207, 39.29376875525909], [74.5348947645414, 39.293869313004194], [74.53558611665748, 39.29387112920893], [74.53627927744706, 39.29357416332388], [74.53682351665867, 39.29261948240508], [74.5372124522664, 39.29190341876962], [74.53744539075836, 39.29154548634942], [74.53752477674139, 39.291127397770786], [74.53737428239833, 39.2909208483603], [74.53721941797437, 39.29070830292608], [74.53591505536531, 39.29016708144882], [74.53422727964072, 39.289804104939236], [74.53238765921206, 39.289141920532956], [74.53054948991588, 39.28824068052097], [74.52886605452636, 39.28716056011161], [74.52814471842977, 39.28652814481174], [74.52756706893997, 39.28602169131201], [74.5270351226426, 39.285064151704695], [74.52680720088006, 39.28464524023377], [74.52627312941902, 39.28404623150334], [74.52512606062677, 39.28320653150703], [74.52390401199328, 39.282067831504655], [74.52291363634238, 39.280870672926916], [74.52192372903711, 39.27961380861097], [74.52108664271539, 39.27847679807866], [74.52040114699754, 39.277638808900626], [74.51948649520143, 39.2766210161305], [74.51857227851514, 39.275543496237475], [74.51742934278687, 39.27422644789834], [74.51621006692044, 39.27284945068795], [74.51602775889631, 39.27261488930276], [74.50938084863051, 39.27310920528023], [74.50937984863052, 39.27310920528023]]]]}, "properties": {"@featureType": "WaterpolyView", "identifier": {"value": "https://geosciml4china.example.org/J43C001002/waterpoly/LDLYAAE002.WP.56", "@codeSpace": "http://www.ietf.org/rfc/rfc2616"}, "GB": "73020", "name": "", "HYDC": ""}}, {"type": "Feature", "id": "https://geosciml4china.example.org/J43C001002/waterpoly/LDLYAAE002.WP.57", "geometry": {"type": "Polygon", "coordinates": [[[74.69360564565382, 39.29040519786716], [74.69467827324146, 39.289347780454335], [74.69628386025387, 39.28841014523531], [74.69705061756727, 39.28752849873442], [74.69774321574909, 39.2862338894084], [74.6983592699448, 39.284997965991984], [74.69882255627465, 39.283820460556086], [74.69951619356107, 39.282172107526314], [74.70005739262314, 39.279992609460066], [74.70082658740863, 39.27799077216236], [74.70159265583658, 39.27687326491696], [74.70235665144325, 39.2763453097276], [74.70388399413046, 39.275466251291405], [74.70457113366324, 39.275114887215885], [74.70533448027798, 39.2747637794732], [74.70624984094415, 39.2745311024436], [74.7073156128451, 39.274888498799186], [74.70936978239531, 39.275956736974656], [74.71134799360453, 39.276965726712184], [74.71355374009293, 39.27832918737296], [74.71568490300793, 39.27922070419966], [74.71713111295321, 39.27981511285071], [74.71903580903044, 39.28005728983532], [74.72124596048438, 39.28012357779964], [74.72284486334064, 39.280659464278635], [74.72391006704035, 39.28125253217668], [74.72520264859169, 39.28225903011802], [74.72725578271184, 39.28344486198933], [74.72915889227696, 39.28398165073676], [74.73052981962094, 39.28422190829807], [74.73106365041085, 39.28416467491492], [74.73121663661442, 39.284047255347026], [74.73114257777999, 39.28357536484681], [74.73083985046308, 39.283102736489454], [74.72833521871188, 39.27985202790192], [74.72734897920927, 39.278374911123755], [74.72704742560217, 39.277312712552], [74.72735486351901, 39.27648832182689], [74.72773722484537, 39.276076871466984], [74.72857704458275, 39.275607947279894], [74.72964549667888, 39.27513975743947], [74.73071338791934, 39.27484842536236], [74.73170343550612, 39.275087441092644], [74.73284430403986, 39.275857540826], [74.73436467154903, 39.277159451254086], [74.73588756871018, 39.27763595945379], [74.73703133834074, 39.27746272177545], [74.73809993599782, 39.27693549851484], [74.73825376480657, 39.27646433365371], [74.73810273533249, 39.27599220407675], [74.73764895333038, 39.27481163764533], [74.73765105574911, 39.27410416659266], [74.73788004273374, 39.27398697903416], [74.73833714107884, 39.27404737994767], [74.73909839329178, 39.27434456767154], [74.74069540444336, 39.275528722510266], [74.74236782331648, 39.27700787566291], [74.74411704378167, 39.27831037425136], [74.74564003258394, 39.27878675511249], [74.74647909578168, 39.27855352541341], [74.74701479258796, 39.27778874514711], [74.74724595064869, 39.276905112109496], [74.74755498513458, 39.275432151759574], [74.74794138854406, 39.27354673317561], [74.74855623057091, 39.271720971924054], [74.74886704235182, 39.26959949046948], [74.74925283028763, 39.26794979974664], [74.74948936927854, 39.26617954062158], [74.74949574330165, 39.264703914504146], [74.74896629636197, 39.26364031343465], [74.74797732933676, 39.262988893241584], [74.74637755050246, 39.26245418396816], [74.74424351148187, 39.261977306872865], [74.74180382498723, 39.261617763684235], [74.7394414689525, 39.261375201494204], [74.73715551375113, 39.2613679749081], [74.73410739821942, 39.26141722645561], [74.73143972711942, 39.26164449451656], [74.72877094528826, 39.26222543745067], [74.72724438503228, 39.26304586819572], [74.72564028799307, 39.26427872344052], [74.72411233879689, 39.26551180649039], [74.72266260782648, 39.2660966028172], [74.72151955238468, 39.26609283018016], [74.72030124689485, 39.265794016134194], [74.7186280265642, 39.26478619330572], [74.71687846126675, 39.26383704733724], [74.71505274209929, 39.26288762112455], [74.71315087220475, 39.26193790659431], [74.71109646288274, 39.261046601667886], [74.7090411072946, 39.26045004021653], [74.70721357582389, 39.26009004835236], [74.70500325953144, 39.26025932217048], [74.70332467816891, 39.260902045311305], [74.70187425531857, 39.26166345293075], [74.70110959428929, 39.262427230385995], [74.70072509146779, 39.26342815260507], [74.69995150723925, 39.266727025354776], [74.70002109486856, 39.268613877517154], [74.70039737682993, 39.26997119082838], [74.70062311083761, 39.27079736926128], [74.70062269891532, 39.270915280831716], [74.70039407266677, 39.27091448342589], [74.69894714679869, 39.270614648389255], [74.69696719683493, 39.27019500826784], [74.69498600664315, 39.27012906688829], [74.69262314018968, 39.27023860939875], [74.6902587627573, 39.27076079182592], [74.68812232689426, 39.27146061515428], [74.6862904702084, 39.272220455573105], [74.68522112144416, 39.2728651139447], [74.68460835912897, 39.273688287564745], [74.68437620482597, 39.27463074935507], [74.68398875714199, 39.276339083012886], [74.68352727654302, 39.27745758160759], [74.68253381741164, 39.27816144683269], [74.6813887906565, 39.27862892438791], [74.68054951381195, 39.278861684198944], [74.6790240489407, 39.27915087645333], [74.67742303076498, 39.27926290325279], [74.67498361673596, 39.27937180306229], [74.67124895533617, 39.27935790754648], [74.66926659923054, 39.27952734983796], [74.66850325676705, 39.27981926435996], [74.66766134900486, 39.28070044164738], [74.66697021502256, 39.2819948767738], [74.6664296930646, 39.28340778869207], [74.6658876936528, 39.28493860575411], [74.66550007224977, 39.28611626635441], [74.66526326276394, 39.28758927920679], [74.66517759577545, 39.289298687628374], [74.66539749719327, 39.29089134333911], [74.66607869572012, 39.29177826595636], [74.66691626246727, 39.291958298812865], [74.66752371526242, 39.29196058892356], [74.66821219041748, 39.291963183334865], [74.66915332060847, 39.29185974856239], [74.67080565347867, 39.291678131055264], [74.67225595642763, 39.29132981009479], [74.67279148478889, 39.29097806846715], [74.67332764549299, 39.29050841170115], [74.67432117165748, 39.29004045369277], [74.67516000846031, 39.289984606488055], [74.67614877243454, 39.29040095868488], [74.67759272059979, 39.291231672942544], [74.67850622669044, 39.291470858612804], [74.67873648936077, 39.29117692318115], [74.67912203688057, 39.290352950120635], [74.67966191005983, 39.28917580332549], [74.68050448624923, 39.288412456795974], [74.6818012845299, 39.28824032176452], [74.68408778905683, 39.28830759367771], [74.68568640533776, 39.28872607652608], [74.68690359088794, 39.289202117211495], [74.68788965303443, 39.2901489675453], [74.68872114148766, 39.29150794932156], [74.68940019801657, 39.292866378742175], [74.69023418514145, 39.29375370727351], [74.69099621194476, 39.29381538401559], [74.69175884985535, 39.29375914524412], [74.69244797342586, 39.293172035064345], [74.69291141625106, 39.29199455541489], [74.69329740380721, 39.29105262426949], [74.69360564565382, 39.29040519786716]]]}, "properties": {"@featureType": "WaterpolyView", "identifier": {"value": "https://geosciml4china.example.org/J43C001002/waterpoly/LDLYAAE002.WP.57", "@codeSpace": "http://www.ietf.org/rfc/rfc2616"}, "GB": "73020", "name": "", "HYDC": ""}}, {"type": "Feature", "id": "https://geosciml4china.example.org/J43C001002/waterpoly/LDLYAAE002.WP.58", "geometry": {"type": "MultiPolygon", "coordinates": [[[[74.5374019247604, 39.26723668732413], [74.53740201504895, 39.26723694034367], [74.5374029247604, 39.26723668732413], [74.5374019247604, 39.26723668732413]]], [[[74.53248394858109, 39.268604532163614], [74.53288901838546, 39.270685096282484], [74.53355241701104, 39.27486737384863], [74.53393006521188, 39.2758239188743], [74.53445855259635, 39.277198912169936], [74.53506583407402, 39.27827550126683], [74.53574954053956, 39.27941200978759], [74.53651067896314, 39.28048899492891], [74.53742726976289, 39.281446935507475], [74.53849711951098, 39.28270423955826], [74.53961169225596, 39.28352211672498], [74.5413356231252, 39.28414574212217], [74.5427164472092, 39.28486637053937], [74.54394204444085, 39.28582561215688], [74.54654722578941, 39.28774444454261], [74.54777564080064, 39.288225600523056], [74.54900542332935, 39.288467718585814], [74.54992776440832, 39.288649299191704], [74.55069891388511, 39.28835244257307], [74.55098098902549, 39.287972701739136], [74.55116731998068, 39.2871584761582], [74.55094153240151, 39.286261561572736], [74.55040865608716, 39.2852443692267], [74.54941583511273, 39.2839272377984], [74.54847808111975, 39.282798044011564], [74.54794533117014, 39.28218815737659], [74.5475814594574, 39.281771593246795], [74.54658771625309, 39.28063437072903], [74.54605255588939, 39.28003579682488], [74.54544012790265, 39.2794967485164], [74.5446741822574, 39.278897582294164], [74.54375471903175, 39.278238299625485], [74.54260618664898, 39.277279810400394], [74.54115306210636, 39.27608164215477], [74.54000951427241, 39.274585645059126], [74.5394057707487, 39.272852152046426], [74.53740201504895, 39.26723694034367], [74.53248494858109, 39.268604532163614], [74.53248394858109, 39.268604532163614]]]]}, "properties": {"@featureType": "WaterpolyView", "identifier": {"value": "https://geosciml4china.example.org/J43C001002/waterpoly/LDLYAAE002.WP.58", "@codeSpace": "http://www.ietf.org/rfc/rfc2616"}, "GB": "73020", "name": "", "HYDC": ""}}, {"type": "Feature", "id": "https://geosciml4china.example.org/J43C001002/waterpoly/LDLYAAE002.WP.59", "geometry": {"type": "MultiPolygon", "coordinates": [[[[74.74921572436736, 39.088124973794905], [74.74921472436736, 39.088124973794905], [74.74921500360085, 39.08812528865717], [74.74921572436736, 39.088124973794905]]], [[[74.49115210941356, 39.265371337455264], [74.4919155575256, 39.264741232036314], [74.49223357234949, 39.2644787579011], [74.4933094150859, 39.26436253234338], [74.49492102956982, 39.264486778964006], [74.49706715205154, 39.26503063513973], [74.49875259613981, 39.265573098045216], [74.50112914273316, 39.266117557984], [74.50258597370744, 39.26642040987601], [74.50381203058204, 39.26678229965977], [74.50473137504929, 39.2670835673984], [74.5055709997026, 39.26780265148], [74.50617817705714, 39.268819669783596], [74.50670606951688, 39.270194786934496], [74.50723607668778, 39.271271297674275], [74.50792177121659, 39.272049644021195], [74.50914420668967, 39.272948961426074], [74.50937984863052, 39.27310920528023], [74.50938084863051, 39.27310920528023], [74.51602870425386, 39.27261481899861], [74.51602770425386, 39.27261481899861], [74.51537274134856, 39.271772121026395], [74.51453461716306, 39.270814225182534], [74.51407964446216, 39.26997684355668], [74.5138550505922, 39.269140109050184], [74.51401399465423, 39.26836417227433], [74.51617188757267, 39.26723550042211], [74.51678865256606, 39.266878888939615], [74.51740745631001, 39.266223671820555], [74.51802870562233, 39.26521012662847], [74.51849677460692, 39.26413643233984], [74.51858214083674, 39.26288251168729], [74.51843756880089, 39.2615682290872], [74.51867812570246, 39.26007585067996], [74.51922170732017, 39.25918152628197], [74.51968930959947, 39.25816754583995], [74.52007767885495, 39.25751167573665], [74.52046604080819, 39.25685580647129], [74.52108553695689, 39.256081125394616], [74.52185613135796, 39.2556651873783], [74.52301099573877, 39.255190572198984], [74.52370317903556, 39.255013293854184], [74.52431697080473, 39.2550746889005], [74.52508149175011, 39.25555454113207], [74.52614990779219, 39.256512985466166], [74.52691004168274, 39.25764975450861], [74.52759341888323, 39.25878631291951], [74.52812405989854, 39.259803011952556], [74.5283467939673, 39.26093832644701], [74.5286443140394, 39.262372450541804], [74.5290214303251, 39.26338873286574], [74.5297076932113, 39.264107232861505], [74.53085348458627, 39.26500611790578], [74.53176616548899, 39.26632242643147], [74.53248394858109, 39.268604532163614], [74.53248494858109, 39.268604532163614], [74.5374029247604, 39.26723668732413], [74.5374019247604, 39.26723668732413], [74.53691459875901, 39.26585821624077], [74.53631036513373, 39.26424414646546], [74.53570633552017, 39.26268979575404], [74.53502555144962, 39.26113523870138], [74.53442315643593, 39.259341997666205], [74.53427987555968, 39.25778884896966], [74.53459251533701, 39.256953565358124], [74.5355169890318, 39.2564782204507], [74.53697748351853, 39.25630287786341], [74.53844028970566, 39.25594835605286], [74.53998033330568, 39.25553429549033], [74.54128976661764, 39.25511961941412], [74.54198504654349, 39.25458391105001], [74.5425265899853, 39.25404780184329], [74.54307432696146, 39.25255615515563], [74.54315700414291, 39.251660536207794], [74.54316204181069, 39.250884164448046], [74.54270476079098, 39.25028577223512], [74.54201730138055, 39.24962706660364], [74.5409455649134, 39.248967367536565], [74.53956641611381, 39.2483068625089], [74.53864726079628, 39.247826703964684], [74.5378053656554, 39.24728701700792], [74.53727090610352, 39.246748124702336], [74.53704426763309, 39.246150313104], [74.53712269217178, 39.2459116289299], [74.5381994406127, 39.245794991143], [74.54027217456641, 39.24615869455723], [74.54242100597098, 39.246642000417275], [74.54503023091064, 39.2472458839326], [74.54710419631508, 39.24743030252722], [74.54833504676226, 39.247254236588525], [74.54972113245884, 39.2468396583745], [74.55049159602052, 39.24654297310552], [74.55172166244742, 39.24648631221289], [74.55295021042778, 39.246668524877315], [74.55425410792452, 39.24708979727562], [74.55532519043689, 39.247868817946355], [74.5561653428571, 39.24870698610986], [74.5570051423962, 39.24960486873364], [74.55769011641779, 39.250681534792164], [74.55798705592947, 39.25235447300626], [74.55812915555803, 39.254206202259084], [74.55873245690233, 39.256059048655835], [74.55933691409884, 39.25773273017961], [74.56001938573604, 39.25922742926885], [74.56123886789344, 39.26090257992084], [74.5620255966192, 39.262024775181196], [74.56202659661919, 39.262024775181196], [74.56788774415747, 39.261195994074356], [74.57444406435724, 39.259978848156024], [74.57788516562431, 39.25929650657075], [74.57776751355841, 39.25839346392158], [74.57743557482408, 39.25729132982277], [74.57697049277677, 39.25582176198213], [74.5765029465618, 39.254824209573755], [74.5759681487769, 39.25377405622434], [74.5756348756736, 39.25293414566761], [74.5753705334872, 39.25183215872043], [74.57464467823925, 39.249103259303546], [74.5744491667118, 39.24794897992552], [74.57446089666954, 39.24600846762349], [74.57446882260363, 39.24469731212313], [74.57474702266359, 39.24333432765601], [74.5750920699319, 39.242076386766], [74.57584108513068, 39.2409767087501], [74.5770612230304, 39.240087879449796], [74.57895744790481, 39.23899077596001], [74.58051462504143, 39.238155115084965], [74.58159968783922, 39.237265937967486], [74.58268409894553, 39.236481641359326], [74.58363321154246, 39.23574948441695], [74.5857396826055, 39.233289107439184], [74.5861470324917, 39.232870421936134], [74.58682306651818, 39.232662109993576], [74.58790182380872, 39.23282180094135], [74.5896532555959, 39.233350065622005], [74.59073111601629, 39.23366706928504], [74.59167585178099, 39.2336690946414], [74.59255522769935, 39.233303845285924], [74.59357348989121, 39.23225706975024], [74.59452454562265, 39.231157696835936], [74.59554184712331, 39.230268242435194], [74.5975718712811, 39.22927600622767], [74.59966663478248, 39.22875589353123], [74.6025015293041, 39.22860439119722], [74.60519999213128, 39.22871478000998], [74.60735974923578, 39.22882402805258], [74.60918142626919, 39.22908990387572], [74.61046122799202, 39.22972181012973], [74.6123467200906, 39.23077447097344], [74.61382740022876, 39.23177386486599], [74.61806884779509, 39.234404419234735], [74.61860437374217, 39.23540193934583], [74.61886664664618, 39.23708074956454], [74.6189261108154, 39.23881161894367], [74.61891682801138, 39.24080459259142], [74.6193795181651, 39.2429558045331], [74.6200458075524, 39.244897615124465], [74.62037251865564, 39.247258353267924], [74.62016650890772, 39.24799222106424], [74.6199602522703, 39.248778536349135], [74.6200909392145, 39.24972283086237], [74.6202156902091, 39.249979796082776], [74.62021669020909, 39.249979796082776], [74.6283474525798, 39.24842725721074], [74.6283464525798, 39.24842725721074], [74.62807065255839, 39.24743002792574], [74.62787351803662, 39.24622338242543], [74.6278787464828, 39.245069557154444], [74.62769255683838, 39.24145036532572], [74.62749544472275, 39.24024371805752], [74.62689628083567, 39.23835452209877], [74.62609433962231, 39.23651739308201], [74.62562741853672, 39.23525779794001], [74.62495818850505, 39.23394537978891], [74.62415370387158, 39.23268515024554], [74.62302129997477, 39.229326414950535], [74.62268758079644, 39.228486633299156], [74.6221518050566, 39.22754157891166], [74.62175155701806, 39.22649187952209], [74.6218890028318, 39.2259676672361], [74.62270133507656, 39.22549716611709], [74.6237173952364, 39.22476480469763], [74.6245297014462, 39.22429429060403], [74.62574825944424, 39.22356228681119], [74.62649636568246, 39.222357379174795], [74.62737875125525, 39.221310053935824], [74.62812680548956, 39.22010513511265], [74.62887412139398, 39.219057551448955], [74.6294854622201, 39.218219504440015], [74.63010173703881, 39.216280071068375], [74.63030684166709, 39.215703521220185], [74.63044585181491, 39.214812165931], [74.63132667246543, 39.2140794919745], [74.63186762744793, 39.21387067449096], [74.63240881218299, 39.213609406118984], [74.63254568441721, 39.21319007180521], [74.63261552523656, 39.21266572456089], [74.6324160646854, 39.211983549801964], [74.6314748180545, 39.211142703203556], [74.63053312526397, 39.21040674122844], [74.62972623614664, 39.20977591370038], [74.62905358494167, 39.209407560004735], [74.62831431318266, 39.20888173933451], [74.62798034665437, 39.20825175894478], [74.62825515130264, 39.207308207165426], [74.62873038176794, 39.20673215151828], [74.63035151308719, 39.2063155132458], [74.63156707364725, 39.20605546738], [74.63197344363397, 39.20574151190664], [74.63224517930574, 39.2053748678213], [74.63211382618654, 39.20469281437411], [74.63130849919432, 39.20390465693177], [74.63124351518572, 39.20343251225513], [74.63151606771616, 39.20290852700414], [74.63273347702676, 39.20228133924223], [74.63475945800725, 39.20181291373767], [74.63658306043565, 39.201344098794024], [74.6383386517365, 39.20098003262181], [74.63975563503078, 39.200877592129345], [74.64063221661493, 39.20093155050356], [74.64144014448193, 39.20124762039365], [74.64211254664333, 39.201825692374], [74.64231048907442, 39.20287498029397], [74.64203439997269, 39.20429059374271], [74.64155559326275, 39.20575830429255], [74.6407395167869, 39.20717298762955], [74.6387688570992, 39.21021153597719], [74.63829361242834, 39.21084007915011], [74.63761471440083, 39.211730502770784], [74.63727375977236, 39.212516619656874], [74.63727076427061, 39.21319843063522], [74.63773913331703, 39.21414330069129], [74.63787091652759, 39.21487779497488], [74.637598836392, 39.21534934641025], [74.63685560797417, 39.21550538799758], [74.63523460079932, 39.21571232670158], [74.63422064943335, 39.216025215461265], [74.6338132991956, 39.21654896681701], [74.63408075469319, 39.21712636184947], [74.63475394608282, 39.21754713468868], [74.6358310212164, 39.218230853716705], [74.63677241406636, 39.21907166478508], [74.63798293714842, 39.22012272719091], [74.63932943187268, 39.22096422393806], [74.64121716945114, 39.22154439633556], [74.64303743107327, 39.22212442595876], [74.64425035094042, 39.22265095357533], [74.64822612249235, 39.22438836189713], [74.64923614085608, 39.22501939733901], [74.65064861331189, 39.22628044994461], [74.6515214539954, 39.22743571498028], [74.65259682293836, 39.22869644616666], [74.65360789590737, 39.22995913100268], [74.65482097031523, 39.23153727724366], [74.65697171108445, 39.23579387495379], [74.65777430022342, 39.23836691229121], [74.657968773254, 39.24051802070142], [74.65773405079018, 39.24274321378986], [74.65922835397252, 39.242452466292875], [74.66576595237727, 39.24094871730938], [74.66555829233545, 39.24059944691586], [74.66468385261399, 39.23897025158823], [74.66441826309851, 39.23760560128544], [74.66449107039386, 39.236347129383404], [74.66503714623464, 39.23535269161414], [74.66578544117249, 39.234621256332694], [74.66700865598617, 39.2337342647981], [74.66830022221062, 39.23269017333067], [74.66952358022408, 39.2317507064373], [74.67128874959062, 39.230865703359164], [74.67285019945349, 39.230084807925465], [74.67312264893283, 39.22971868658317], [74.67346508586532, 39.22877589839446], [74.67394383285237, 39.22762382297944], [74.67428665510823, 39.226576137299055], [74.67462743923976, 39.22605292147133], [74.67537492952385, 39.22547876347547], [74.67625689911334, 39.22516733670254], [74.6776127152495, 39.22496254601048], [74.67869732400315, 39.22480919086686], [74.67930787437534, 39.224601640103515], [74.67978351612739, 39.22423624661898], [74.68019140425234, 39.223870604372166], [74.68073577592006, 39.22324322014231], [74.68087345019009, 39.22266679735238], [74.6806741640333, 39.221617107782414], [74.68000066219908, 39.22056568589957], [74.67919069181097, 39.21977599679627], [74.6783115979577, 39.21935318494478], [74.6771611338509, 39.219034260683344], [74.67601007569921, 39.218872668426684], [74.67492595829937, 39.21892110652364], [74.67370492713619, 39.21933615960499], [74.6728903554992, 39.21975271343439], [74.67187130857096, 39.22048318652912], [74.67098773554515, 39.22121415939509], [74.67051042301306, 39.22199909360099], [74.67009920180865, 39.22320385483824], [74.67002692287302, 39.22435743892784], [74.67015789489807, 39.22551178533816], [74.67042560803846, 39.226351954849775], [74.67042190493238, 39.227296004089524], [74.67021597073362, 39.22797705565849], [74.66967146888753, 39.22860438966263], [74.66851737392874, 39.229176982711465], [74.66743163844332, 39.22959247778251], [74.66641322625239, 39.230113112011935], [74.66498763626609, 39.23078954002887], [74.66403715696012, 39.231257965021996], [74.66315484449039, 39.23162174447653], [74.66247706211911, 39.23167160994497], [74.66180119137024, 39.231249449872514], [74.66126360174125, 39.230145991067765], [74.66140378708717, 39.22899267198739], [74.6618831546743, 39.22773575253791], [74.6622936969952, 39.22674080878494], [74.66284099651422, 39.22543169806808], [74.66331884072423, 39.224541901645836], [74.66413457400549, 39.22386318019815], [74.66508621060933, 39.2230800695146], [74.66596966000621, 39.22240159046264], [74.66678659332788, 39.22140816597828], [74.66773941330301, 39.22031035343816], [74.66841998121407, 39.21952619375347], [74.66930479840714, 39.21848055818625], [74.67025753651572, 39.217382724151584], [74.67080174137489, 39.21680783208097], [74.6720233588734, 39.2162354680386], [74.67297256259727, 39.21602921153889], [74.67446349511201, 39.21587740688164], [74.6757505880347, 39.21588217414836], [74.6785290025185, 39.21563017557074], [74.67927575004833, 39.215213332146185], [74.6797513311676, 39.21484794020109], [74.67982205072825, 39.21406147863952], [74.67921497584726, 39.21337742707082], [74.67840469890251, 39.21269262911028], [74.67725494154125, 39.21221636456435], [74.67576611053875, 39.211843733009374], [74.67373478637802, 39.21162641194732], [74.67217824733713, 39.211253481852545], [74.67075658400917, 39.21103837903071], [74.6689970719097, 39.21061219882205], [74.66737450907826, 39.20981937185949], [74.66602333876604, 39.20892265443491], [74.6652813948083, 39.20813312550117], [74.66487813089593, 39.20734487497422], [74.66481354429638, 39.206557908598995], [74.66515492914887, 39.2058773772937], [74.66590102757743, 39.205617962351646], [74.66793340102029, 39.205520734490925], [74.66989679217953, 39.20579019947651], [74.67159010541381, 39.20616255504889], [74.67341849880167, 39.20664028474164], [74.67483946858513, 39.20722186705398], [74.67666510465028, 39.208224631208395], [74.67828706485041, 39.20927931436558], [74.6797070178435, 39.21007087200917], [74.6809930333975, 39.21054699029672], [74.68200890213699, 39.210812317435966], [74.68316289658618, 39.210605426232554], [74.68404699214196, 39.210135244289994], [74.68466145956458, 39.209349270684], [74.68480285733669, 39.208246954812935], [74.68467409597267, 39.20693386988661], [74.68441136434357, 39.20530536609314], [74.68435042331456, 39.20399246385575], [74.68503429366551, 39.202891617393924], [74.6863956771146, 39.201897612437726], [74.68795908207136, 39.201166680658815], [74.69006410426488, 39.20059470230039], [74.69230470399472, 39.200023041689704], [74.69515552449874, 39.199452938372815], [74.69698921065064, 39.19888012206153], [74.69902760665062, 39.198045257544365], [74.70093086888431, 39.197104992417536], [74.70310607333285, 39.196007861145915], [74.70521341082826, 39.19491051727962], [74.7069115559687, 39.194284688694324], [74.70881307165665, 39.19365934819073], [74.7110522817229, 39.19329736076965], [74.71267949002814, 39.193301389293005], [74.71369497813168, 39.19361894997153], [74.71511652654866, 39.19409502355145], [74.71667194153046, 39.1949389741525], [74.71876782397663, 39.196204288575615], [74.71978363061629, 39.19646928449692], [74.72127307937389, 39.196945448385705], [74.7225601219084, 39.19721107090009], [74.72398229498313, 39.19758201966091], [74.72513326158801, 39.19795231155095], [74.726012286867, 39.19847947873825], [74.72675547145887, 39.19905883312829], [74.7273620803493, 39.19984789690956], [74.72824042032887, 39.200532575876565], [74.72925535985775, 39.20100752752526], [74.73006784969338, 39.201271963291255], [74.73027103416325, 39.20132494396527], [74.73094767576107, 39.20164156685076], [74.7314757079565, 39.20173474985764], [74.7314767079565, 39.20173474985764], [74.7348164245515, 39.19999367856424], [74.73646409288821, 39.19887873471045], [74.73708145928077, 39.19836058570655], [74.73867914518576, 39.19716540465972], [74.73965705720785, 39.19636832227617], [74.74125545560106, 39.19501304095981], [74.74542569867799, 39.19090022596889], [74.74633773940639, 39.18972282605562], [74.74655801562817, 39.18939821472172], [74.74655701562817, 39.18939821472172], [74.74640121098692, 39.18766790913226], [74.74674611016435, 39.18630660630997], [74.74743154524502, 39.18457933362311], [74.74811740438729, 39.18274728440765], [74.74880345173584, 39.18086284449549], [74.74895033362398, 39.178243822196976], [74.74943568370448, 39.17458160459909], [74.7494380213927, 39.17374440049795], [74.74984539833784, 39.17332704153707], [74.7509964677284, 39.17327823271981], [74.7526195739159, 39.1739110800103], [74.75490907113219, 39.17471632989297], [74.75491007113219, 39.17471632989297], [74.75557370846981, 39.172237558303934], [74.75716968639608, 39.168716370314996], [74.76126388964143, 39.16308558757789], [74.76492100220553, 39.16025346833785], [74.76492200220552, 39.16025346833785], [74.76463843423407, 39.16013293795458], [74.76355744782639, 39.159344875750904], [74.7623415219802, 39.15839942690533], [74.7614628246035, 39.15792589503686], [74.76004168287791, 39.15781702883752], [74.75868767255335, 39.15791764859283], [74.75733281712895, 39.158332206018905], [74.75550371138894, 39.15890229663512], [74.75401330237382, 39.15936873289728], [74.753471798367, 39.15936709327807], [74.75272751793554, 39.15926018473477], [74.75178075209442, 39.15894335230211], [74.75069949249176, 39.15831214782887], [74.74961985842896, 39.15710535228614], [74.74854099575373, 39.1556369188178], [74.7457747145884, 39.15254116344762], [74.74537026514209, 39.15196432626815], [74.74482986344185, 39.151596367604505], [74.74374772765816, 39.151331377507624], [74.74239472985501, 39.15111785495437], [74.74043093921746, 39.15147798454213], [74.73914439809867, 39.1516832425612], [74.73839991136715, 39.151680893838694], [74.73799491012664, 39.15131333119486], [74.73779372461907, 39.150684785436006], [74.73793093975657, 39.15005730692103], [74.73908271232264, 39.14964233529787], [74.74124964526646, 39.14923053815323], [74.74294190269553, 39.14913117569881], [74.74416055742974, 39.14897799399308], [74.74463475280655, 39.148822488480434], [74.74504201352818, 39.14840514414106], [74.74504320859651, 39.14798653922786], [74.74457111522985, 39.147409490070174], [74.74294838675003, 39.146881181297154], [74.7408516509453, 39.14645601424978], [74.73800927967277, 39.14644706337473], [74.73733283386173, 39.146340271972434], [74.73713027220403, 39.14618265279161], [74.73726748426142, 39.145555174562446], [74.73828368387635, 39.145192106861955], [74.74011196096714, 39.14483158694234], [74.74221030982034, 39.144681185279715], [74.74295502271949, 39.144578858137194], [74.74309112609426, 39.14431765220174], [74.74261861707802, 39.143897569584375], [74.74079205392908, 39.14368254925945], [74.73923603731565, 39.14352067959076], [74.73707066434078, 39.143461511889555], [74.73531086292249, 39.14356057292039], [74.7347697956068, 39.14345419783471], [74.73416168631393, 39.14313830039169], [74.7336218835425, 39.142613315023716], [74.73342170825939, 39.14167080723303], [74.7332895272377, 39.140623863361526], [74.7330884135192, 39.13999530632402], [74.73207829797195, 39.13836995924869], [74.73201253708699, 39.137741835023085], [74.73228463347968, 39.137271773760865], [74.73289521403277, 39.13675047268704], [74.73330216004966, 39.13643781985651], [74.7342866568196, 39.13589930882142], [74.7344779132147, 39.13553230489724], [74.73414647512485, 39.13509010962344], [74.73348194618266, 39.134757129959375], [74.73272123813125, 39.1347914558834], [74.73186467341117, 39.13508279777967], [74.73110272673416, 39.13552148475052], [74.7301505058135, 39.13599631201745], [74.72886505227905, 39.13661710026556], [74.72796011491613, 39.13716558713164], [74.72719846336001, 39.13749396516052], [74.7258187966581, 39.13782032086827], [74.72520066884638, 39.13785506355615], [74.72482046911342, 39.137817056253525], [74.72463111944825, 39.1375591066105], [74.72458508116749, 39.13708105592184], [74.72491981294752, 39.13645720822557], [74.72515923287085, 39.135906569590844], [74.72497046330237, 39.13546481298642], [74.72378364332434, 39.13494626287806], [74.72292843369445, 39.134796404267064], [74.7217870728337, 39.134939690533855], [74.7211213124614, 39.13501101420787], [74.72064617277888, 39.1349359192259], [74.72050497349238, 39.134494314387815], [74.72088726501438, 39.133870632586515], [74.72165019197816, 39.13313792408954], [74.72312729890808, 39.13203994653743], [74.72417550998155, 39.13127139838074], [74.72503332578906, 39.13057573874101], [74.72532037503996, 39.129988492976544], [74.7251792701804, 39.12951013227663], [74.72460909369066, 39.12943474374802], [74.7236566821847, 39.12998304074614], [74.72284639127389, 39.13067884611053], [74.72194078409835, 39.13144785325336], [74.72108292447787, 39.13214348987496], [74.71994089112582, 39.13250732227536], [74.71899017731283, 39.13250416723869], [74.71827844747546, 39.13209742162686], [74.71770921208766, 39.13172790875995], [74.71709220894684, 39.131431757049846], [74.71609433141957, 39.13131813490576], [74.71547685972688, 39.13116902107502], [74.71533533712999, 39.13083769069885], [74.71576458780999, 39.130397993981816], [74.71624196838218, 39.12977464664995], [74.71690983012768, 39.12904164939258], [74.71748213844609, 39.128455376482194], [74.7182918628688, 39.12794341582865], [74.71971913922849, 39.127543783020755], [74.72105098506536, 39.12725410062105], [74.72181208578205, 39.12707280846888], [74.72209786189488, 39.12688994226677], [74.72214621070941, 39.126632770761994], [74.7217193605372, 39.126337272053426], [74.7199612810002, 39.126147647170924], [74.71801260831646, 39.126104406950155], [74.71649195909531, 39.125989045026486], [74.71525698758451, 39.125727574941955], [74.71473486632112, 39.12550525281044], [74.71483125431624, 39.125101199170395], [74.71540258402086, 39.1248090268915], [74.71659132667547, 39.1246659606932], [74.71792265712371, 39.12452336034173], [74.71987140287881, 39.12452984082318], [74.7214869677334, 39.12468223466896], [74.7227226443941, 39.12472306997268], [74.72357877635501, 39.12454207774191], [74.72495842480303, 39.12414222469476], [74.72633794440655, 39.12377911635489], [74.72828791827429, 39.12338108147925], [74.73128296127055, 39.12317019165828], [74.7330893047445, 39.123102469386644], [74.73389686307668, 39.12325209980347], [74.73432363665462, 39.12358431758435], [74.7344651220435, 39.123952384462626], [74.73389210966465, 39.124832830887335], [74.73108275751099, 39.12647808766636], [74.72846216086126, 39.128528264289834], [74.72793725064105, 39.129188267337575], [74.7278881245573, 39.12970276878608], [74.72826692258703, 39.13018189898272], [74.72874158441233, 39.13040400720087], [74.72959731476145, 39.1303700154565], [74.7305004669725, 39.13037293346014], [74.73111807763406, 39.13048520673194], [74.73149768230162, 39.13070699885173], [74.73154365278141, 39.13122180856962], [74.73149399222717, 39.13192011684392], [74.73168201048023, 39.132619190793676], [74.73225065887223, 39.133209202095664], [74.73310520168623, 39.13357955654006], [74.73400817354026, 39.133655967402944], [74.73472056092453, 39.13387881185559], [74.73543196342428, 39.13443250163519], [74.73576329803703, 39.13491145439552], [74.7360950761413, 39.135243361911286], [74.7364277311177, 39.13528117990884], [74.73695140693967, 39.1350255110305], [74.73747627689397, 39.13436546791211], [74.7380018968722, 39.133448092465834], [74.73848072585253, 39.13227323736883], [74.73933992352065, 39.13106281667522], [74.74038837175718, 39.13014707748491], [74.74157939229798, 39.12923177320354], [74.74272136734479, 39.12883096465577], [74.74381484402075, 39.12876085005513], [74.74471619496431, 39.12938859709914], [74.74542595880011, 39.130530404452905], [74.74760561286995, 39.13300015648893], [74.74884052484609, 39.13337156770184], [74.7498858163998, 39.13355857677324], [74.75140607158802, 39.13389407259422], [74.75249881445905, 39.134117963542415], [74.75354312010379, 39.134672553309976], [74.75420674288574, 39.135373030098634], [74.75491761526841, 39.136183926901154], [74.75553452178025, 39.13659016439331], [74.7567222957083, 39.13685106411701], [74.75857621202475, 39.13689337344523], [74.76052549727251, 39.13682565086562], [74.76204683361506, 39.13679339683945], [74.76299665693105, 39.13716381217626], [74.76404109027872, 39.13771830799431], [74.7653222967966, 39.13864110295006], [74.76722137811157, 39.13963920488126], [74.76821954907673, 39.13971562866339], [74.76954583839162, 39.13964204491733], [74.7703505101408, 39.139346982264804], [74.77087171224943, 39.13894197618859], [74.77139299835234, 39.138500206594266], [74.77219865177894, 39.137800760742884], [74.7730035647059, 39.13739539614354], [74.77343042879502, 39.13688021246307], [74.77343151293994, 39.13643907860095], [74.77267652786826, 39.135778316351434], [74.7717798774722, 39.135044199556134], [74.77145151025381, 39.133978533334684], [74.77117071366276, 39.132802524465234], [74.77074788805845, 39.13170020853622], [74.77027668871034, 39.13103908507299], [74.76895428728763, 39.130415745919215], [74.76677057042865, 39.129969618931966], [74.7633021957215, 39.12933451158762], [74.7611643310853, 39.12888705983401], [74.75917036367655, 39.127962098958726], [74.75826900159105, 39.12729770200231], [74.75665655570849, 39.12593269637735], [74.75585209121532, 39.12460686324497], [74.75523757413997, 39.12335511947485], [74.75462308160701, 39.1221033722715], [74.7539629835517, 39.120153015532644], [74.75283279472802, 39.11632638604444], [74.75236289492105, 39.11437659265986], [74.75198877285806, 39.112169758063395], [74.75199423330464, 39.11018464526059], [74.75256669150184, 39.10923844881024], [74.7535178181127, 39.108690362983324], [74.75506255818281, 39.10809814314683], [74.75648832612829, 39.107597376806766], [74.75767692090956, 39.107004053476786], [74.75868756933532, 39.106364274584514], [74.75922474909974, 39.10521801826457], [74.75958544838895, 39.10347434989749], [74.76012374280586, 39.10205145743194], [74.76060270953175, 39.10081064023602], [74.761377443567, 39.09984675180921], [74.76179439750788, 39.09938789691279], [74.76179579084683, 39.098973821588075], [74.76150016363312, 39.098650884188835], [74.76043293346233, 39.09837166375046], [74.75722908197365, 39.09817806725271], [74.75610110612092, 39.098312707084304], [74.75396270713753, 39.09890437073276], [74.75372549663096, 39.098857643810405], [74.75331153992393, 39.098442309969364], [74.75343279123574, 39.09770653577339], [74.75402876527467, 39.096972196171265], [74.7548035491994, 39.09600835094863], [74.7558748489849, 39.09509140179723], [74.7570054582603, 39.09417462029228], [74.75801689067686, 39.093395497720074], [74.75878938694497, 39.093074852866486], [74.75991727909336, 39.09293877922621], [74.76103642658161, 39.093025045582905], [74.76190235830443, 39.093363222296226], [74.76285320302941, 39.09424005454567], [74.76328178820933, 39.0957217295346], [74.76345003126083, 39.097270234504066], [74.76344576029304, 39.09854841606012], [74.76378722648744, 39.100162930758394], [74.76421542311073, 39.10177769827083], [74.7649050740503, 39.10312327757307], [74.76542263733349, 39.104198254537906], [74.76620106423543, 39.105005626367046], [74.76698053077061, 39.10541044673179], [74.76723967754812, 39.105813749090935], [74.76723865711887, 39.1062162930269], [74.76689057508764, 39.106684919994265], [74.76593542255608, 39.10715177246028], [74.76541387710469, 39.10761988666195], [74.76506543177457, 39.10822268850314], [74.76480336225202, 39.10895992350467], [74.76484431249385, 39.109899321498666], [74.76516721698027, 39.11080600072912], [74.76568616855948, 39.11136102082279], [74.76627081777035, 39.11166463842554], [74.76698646163676, 39.111616408641524], [74.76770273974486, 39.11131658078556], [74.76861504251538, 39.110816344551644], [74.7690687267007, 39.11051389029901], [74.769717022549, 39.11000992897386], [74.77055954075115, 39.10945541172419], [74.77166010479246, 39.10920247579504], [74.77360105070008, 39.10925039296965], [74.77541259477147, 39.10929844296523], [74.77605986116501, 39.109196990041305], [74.77631952035034, 39.10884443618592], [74.77645086330656, 39.10803918430196], [74.77645389181717, 39.10678123464054], [74.7763912543381, 39.105925911998156], [74.77665223031973, 39.10501985829638], [74.7776894499175, 39.104163134010705], [74.77866146989955, 39.10350775236294], [74.78060415354227, 39.10275046589857], [74.78164033305276, 39.1021942796156], [74.78209409409882, 39.101689035126796], [74.78293672140512, 39.10077955529441], [74.78533353692772, 39.09895961026479], [74.78669328406424, 39.09825125741698], [74.78824699573951, 39.097593085912294], [74.78960610302548, 39.09723795124978], [74.79219367065492, 39.09728478487134], [74.79394009152335, 39.09743369678719], [74.79581638048819, 39.09727960631253], [74.79788720211256, 39.09682241432361], [74.79982815589973, 39.09666816640743], [74.8010566768237, 39.097070057346826], [74.80228491096928, 39.09767379369718], [74.80344877272864, 39.09807575914794], [74.80441849309885, 39.09852847086536], [74.80506454816876, 39.09913306207028], [74.80538671118269, 39.100040930111376], [74.80557934871197, 39.101049926051495], [74.8062882142632, 39.10291538910739], [74.80751487419272, 39.104221777045886], [74.80938827162447, 39.10567810593733], [74.81061581031784, 39.10658191825557], [74.81236089007119, 39.10753521873304], [74.81397718183976, 39.10818679121939], [74.81527111475482, 39.10823504318557], [74.82290728784561, 39.107417471300565], [74.82478421391104, 39.10706210007484], [74.82640240712138, 39.10665682234336], [74.82705025759243, 39.106152540804175], [74.82718025364778, 39.105800092922166], [74.8267930826532, 39.10519693516268], [74.8258884199832, 39.10454433726804], [74.82466002712326, 39.104043230444674], [74.82310869386433, 39.103240743766996], [74.82168674954664, 39.10233626756028], [74.82065272161415, 39.10142962624822], [74.81981286370826, 39.10047219023919], [74.81942563479805, 39.09971585856764], [74.81962021110684, 39.09931182283462], [74.82059079235695, 39.09915882487258], [74.82233708300876, 39.09950916786552], [74.8239537645476, 39.10006156448609], [74.82582919137859, 39.10066396092702], [74.82738083700366, 39.10156967114024], [74.82860898458152, 39.10252638321534], [74.83022434901524, 39.103832461623306], [74.83125753229419, 39.10503830181365], [74.83274381185764, 39.10614270238142], [74.83410089760201, 39.10714667671643], [74.83532909340853, 39.10784895671153], [74.83726879913434, 39.10870090450719], [74.83888580708422, 39.10905022427734], [74.8403738029167, 39.10914816411994], [74.84121523173638, 39.108945360387104], [74.8418630757031, 39.108390678952325], [74.84199344794017, 39.10773630661307], [74.84154188870974, 39.10683140698979], [74.84057267095264, 39.10597776935265], [74.83934468526702, 39.10512459143961], [74.83863446275008, 39.104169829903746], [74.8387647827551, 39.103565778393424], [74.83908857421225, 39.103363923374076], [74.83999410281602, 39.103513236002314], [74.84115782128332, 39.104064618204276], [74.84199836796537, 39.10441530710785], [74.84258065051192, 39.10441423923874], [74.84303397848488, 39.10411149828186], [74.84335812925515, 39.103658038647374], [74.84445999939967, 39.10194283494462], [74.8451072635302, 39.10158837371059], [74.84581878022999, 39.10173843709772], [74.8464650440378, 39.10254465792104], [74.84711113036322, 39.103248516644726], [74.84756358486904, 39.10354957443423], [74.84808151389494, 39.103297008819055], [74.84885854815477, 39.10284292279937], [74.85008786035526, 39.102739652185356], [74.8508643334822, 39.102586771794655], [74.85151168973074, 39.10208088272862], [74.8519007639717, 39.10091944798968], [74.85261302196012, 39.10011064071429], [74.8541658992511, 39.09980484085137], [74.85578323709905, 39.09980168459127], [74.85720624798235, 39.100152138695066], [74.85856433669899, 39.100855959690804], [74.85972829806386, 39.10166107895924], [74.8606333069746, 39.10276949302853], [74.86153754070543, 39.104025654591915], [74.86192391399429, 39.10553442480765], [74.86185571059043, 39.10845300884619], [74.86167914128112, 39.11183889607603], [74.86172091777809, 39.112931583618426], [74.86194931358585, 39.11398514093648], [74.8625954850158, 39.114678414592554], [74.86343504888735, 39.11520038764085], [74.86575045681303, 39.11601217232338], [74.86806620108733, 39.116824005895516], [74.87317876987976, 39.11745210537744], [74.8769524878902, 39.11779216654692], [74.87877106218194, 39.117955998078976], [74.88052955214054, 39.11758437075271], [74.88178125972574, 39.117286208942176], [74.8813366778973, 39.116397101779874], [74.88116199277445, 39.11607377840844], [74.8803539682054, 39.11519319559603], [74.87911811619878, 39.114231865374016], [74.87873748885602, 39.11393578139085], [74.87695911888375, 39.112867455658375], [74.8755848267701, 39.11217644324301], [74.87364472196859, 39.111171236395414], [74.87218967935891, 39.11041942901341], [74.87065399207546, 39.10947916424533], [74.86928023750065, 39.10841275194604], [74.86814929157399, 39.10722002804867], [74.86726192542174, 39.105209124095964], [74.86710202050756, 39.10357411366045], [74.86766933461737, 39.102187474757194], [74.86847861294076, 39.10111342976373], [74.87025827082864, 39.10003736199064], [74.87187611127283, 39.09902468613439], [74.87317047587125, 39.09794958844842], [74.87365616861872, 39.096876187823106], [74.87325244789278, 39.095615423714925], [74.87236336463401, 39.09479724441528], [74.8710700628662, 39.093853741729184], [74.86969580683149, 39.09316271646766], [74.86815965175501, 39.092850496137736], [74.86783255254113, 39.09315761981543], [74.86760522565596, 39.093335355824564], [74.86768070881298, 39.09380791812191], [74.86805900611763, 39.094575303804454], [74.86821007799253, 39.095343156648084], [74.8679825813363, 39.095816344033985], [74.86752787462936, 39.096230909283356], [74.86707312967286, 39.096704563753846], [74.86654243194121, 39.09753290781834], [74.8660876720144, 39.09800655831326], [74.86548147872011, 39.09836233442117], [74.86495116626843, 39.09848159687487], [74.86381500463565, 39.09836572773413], [74.8626033190344, 39.09789546217772], [74.86169505681032, 39.096774587829394], [74.86124129831816, 39.09565279779281], [74.86093884844496, 39.094826148624016], [74.86048453528635, 39.09459069849742], [74.85957571640844, 39.094415243631865], [74.85737899865812, 39.09459686961695], [74.8551821013011, 39.09501481155396], [74.85381868563961, 39.095017467507816], [74.8519254221177, 39.094548414081935], [74.84995677096072, 39.09366584522937], [74.84836678669774, 39.09290070679731], [74.84700376223951, 39.09248965490212], [74.84571613958668, 39.09249207462182], [74.844200870667, 39.09296762104194], [74.84238260853044, 39.093443706822384], [74.84048885450274, 39.0936244532154], [74.83912540940896, 39.0936860284178], [74.8374591059255, 39.0936299542541], [74.83579321538127, 39.09316022825832], [74.83420339618748, 39.09239489471628], [74.83344707398622, 39.091332622520525], [74.83359941197249, 39.0905050983415], [74.8339031627355, 39.08973639660055], [74.83481305943968, 39.08873025537477], [74.83496489827117, 39.08837544842772], [74.83458674997574, 39.08784431509793], [74.83330019190423, 39.08690116120468], [74.83201398169237, 39.08566254443839], [74.83110635783083, 39.084541430816834], [74.83019838078859, 39.0837748497626], [74.8290627068585, 39.08348137356274], [74.82663898654137, 39.08372190197299], [74.8249721741587, 39.08431563811076], [74.8216219028835, 39.08587969820243], [74.82105421121803, 39.085880641127325], [74.82060049137542, 39.08552706114086], [74.8205448005522, 39.084641315110744], [74.82094362602332, 39.0834447718353], [74.82145581292292, 39.082380916070036], [74.8224220008142, 39.08140487929246], [74.82458022196124, 39.080426823495706], [74.82628377010131, 39.079892425350394], [74.82724945862893, 39.07927068526874], [74.8275909339979, 39.07847284316928], [74.82759157545749, 39.07789704628757], [74.82713787387368, 39.07754349129496], [74.82583243854256, 39.07745713759506], [74.82407238961609, 39.07781445871503], [74.82219864152992, 39.07830481837049], [74.82077892008317, 39.078838688304515], [74.81958623251714, 39.07937216501444], [74.81839358278468, 39.07986133757082], [74.81691714819503, 39.08030666821467], [74.81612232862383, 39.08039654383397], [74.81561184448636, 39.08008732672406], [74.81521558175243, 39.07924642020626], [74.81464875096111, 39.07862724597988], [74.81402470014913, 39.07836249578468], [74.81328643111769, 39.0786294277244], [74.8126048569614, 39.078940557902456], [74.81209404628345, 39.07889707654379], [74.81215128052156, 39.07854265071091], [74.81249292221032, 39.07774485312676], [74.8124371034743, 39.07703627205215], [74.81204071621208, 39.07632823007313], [74.81141681853664, 39.07597488213726], [74.81062228032098, 39.07588755066936], [74.8101116118702, 39.07575547690077], [74.80982835225774, 39.075357294999606], [74.81005648323908, 39.074559681509605], [74.81051128800074, 39.074027465107264], [74.81153409273698, 39.07318430500147], [74.8127264427202, 39.072872369509774], [74.81522399689298, 39.07273549249917], [74.81851566514291, 39.07299588847529], [74.82038816508984, 39.073435719866424], [74.822033650776, 39.07387590004791], [74.82345237798697, 39.074094981286066], [74.82492812849758, 39.07409248624953], [74.82589344906836, 39.073736510434564], [74.82657546327493, 39.07293808856673], [74.82674689037444, 39.071919079924115], [74.82674789204394, 39.07103323879644], [74.82635114402584, 39.07054670648775], [74.82521616076073, 39.070415762596625], [74.82300264550841, 39.07041950162448], [74.82141324429942, 39.070599329009724], [74.82067556692874, 39.070467680888875], [74.82039253841049, 39.06984806222576], [74.82045053457612, 39.068829250159595], [74.82079203565849, 39.06803142659836], [74.8211898534433, 39.06758784675768], [74.82209797960947, 39.06754203867758], [74.82402705978258, 39.068026010146255], [74.82555893407883, 39.06846633197219], [74.82669348533518, 39.068951608215], [74.8279410734332, 39.0698795979972], [74.82901861612928, 39.07063070196774], [74.831004018866, 39.07164596228488], [74.8326491138282, 39.07248462265], [74.83401072378209, 39.073058011998405], [74.83582665087182, 39.073409111154696], [74.83781313347174, 39.073494122364124], [74.83906166677092, 39.073669029858685], [74.84127487221384, 39.07410790572948], [74.84246678518974, 39.07415000381688], [74.84337509978998, 39.0739711543844], [74.8437726504344, 39.0737046633055], [74.84354636507744, 39.07286353680232], [74.84269642780964, 39.07127059640038], [74.84173264768404, 39.070076490339375], [74.84076861355474, 39.069192420047514], [74.8396342954387, 39.06835294463186], [74.83776206797482, 39.06764766772195], [74.83588979116027, 39.0670309469922], [74.83384742130534, 39.06628162046844], [74.83174833984307, 39.06553235870844], [74.82993330818546, 39.06456110581127], [74.82868583656722, 39.06358884463832], [74.82766540073179, 39.062616178342886], [74.82704259009832, 39.06133277863], [74.82687333786187, 39.06044722822651], [74.82647724999443, 39.05942918669128], [74.82562735079767, 39.05827904437462], [74.8238141405164, 39.0559789295732], [74.82285041567638, 39.05518329408471], [74.82171820294711, 39.05438742238563], [74.82030227259723, 39.053990502304984], [74.81871485175344, 39.05416981261148], [74.81769363054401, 39.05456991940072], [74.81650201974, 39.055103161615875], [74.81542259559308, 39.05607934413463], [74.8144560353129, 39.05723261235911], [74.81320697279838, 39.05803174985292], [74.81110872807487, 39.05843314023495], [74.80912405862779, 39.058745736497265], [74.8077060663981, 39.05910192569121], [74.80679795578035, 39.05954610891066], [74.80583302848041, 39.060034662680806], [74.80418887761367, 39.060169530254534], [74.80277218838901, 39.0600382571045], [74.80192344312697, 39.059507527143865], [74.80136889151089, 39.05835670672761], [74.80136789151089, 39.05835670672761], [74.79934749711566, 39.05979580568238], [74.79914352430163, 39.06039689007783], [74.79868830003946, 39.061017732407855], [74.79840463284323, 39.06110667102743], [74.79793387285575, 39.060802156683756], [74.79784058467163, 39.06013249829822], [74.79789916067934, 39.0594677928384], [74.79784311181484, 39.05924630953392], [74.79755983026405, 39.0592023164677], [74.7971614104647, 39.05977878155821], [74.79681903340212, 39.06057673124495], [74.7964200879182, 39.06133043086653], [74.79586408478984, 39.06208693702595], [74.79562573027299, 39.06228072777672], [74.79516031449384, 39.06267715721983], [74.79446804769164, 39.062992831660765], [74.79400456123669, 39.06323639828364], [74.79357188586567, 39.06335899976299], [74.79277306364791, 39.063527313382416], [74.79182510472937, 39.06349200915934], [74.79136980035666, 39.063196900698976], [74.79131481262039, 39.062620940175435], [74.79188386728514, 39.061867075523004], [74.792963447144, 39.06097973041486], [74.79387230658814, 39.06031410820015], [74.7947816649331, 39.05947124151309], [74.79529423322161, 39.05862880450524], [74.79535360210932, 39.057698243094585], [74.79490195426825, 39.05707840731503], [74.79461945338457, 39.05676854996277], [74.79422244106257, 39.05685760084932], [74.79342737482538, 39.05739017545579], [74.79229143557939, 39.05818896700509], [74.79104302159135, 39.0586776993905], [74.79013625546418, 39.058634348524976], [74.78923093954054, 39.058103588745354], [74.78866532139125, 39.057705393239026], [74.78821201135142, 39.0576615556469], [74.78764414620794, 39.058016616324075], [74.78741582817061, 39.058548563507266], [74.78758401202869, 39.05916872055061], [74.78814936800431, 39.059655538683494], [74.78826140898292, 39.060098516636835], [74.78791959023557, 39.060674890604545], [74.78695451813914, 39.061163285434084], [74.7856486628265, 39.06187356735272], [74.78440027313317, 39.0623179181805], [74.78354933578903, 39.06254031761987], [74.78315390399219, 39.06209761718847], [74.78281474932568, 39.06178778831937], [74.78196408602064, 39.061921556561984], [74.78105701057606, 39.061966752424794], [74.78071786861538, 39.06165691748415], [74.7809459731199, 39.06121360352778], [74.78157167133202, 39.06050404344185], [74.7824239531828, 39.05983856664394], [74.783389985961, 39.059040042522994], [74.7843003958436, 39.05788709089954], [74.78532507209424, 39.056423851662224], [74.78600897228831, 39.05518249724366], [74.78669231237077, 39.05411837582746], [74.78754446641068, 39.05345285827358], [74.7889069573855, 39.05269818866687], [74.79015514940531, 39.052253786067936], [74.7911761000664, 39.051986850360414], [74.79163054755615, 39.051631891503355], [74.7919150953844, 39.0512328018398], [74.79168956776982, 39.05083425852015], [74.79095318671713, 39.05070211373359], [74.78970581543103, 39.05088066774041], [74.78851418968321, 39.051369316269444], [74.78749230848814, 39.05194639588703], [74.7866405692262, 39.05247898128946], [74.78561919268346, 39.05287880692412], [74.78442817887694, 39.05314586611245], [74.78272706259592, 39.05341341866872], [74.78181927554554, 39.0537244779232], [74.78045779020374, 39.05412459204697], [74.77898348294754, 39.05434755796149], [74.77699906758167, 39.05457098795297], [74.77529831083739, 39.05470550457323], [74.77252166148484, 39.054530805783386], [74.77116211081584, 39.054310477725615], [74.7701985904983, 39.05431133277723], [74.76900749241399, 39.05457823192381], [74.76775077935505, 39.05537390164318], [74.76615015061228, 39.05639011517779], [74.76483618352096, 39.05696373878577], [74.76358027488843, 39.057227285482206], [74.76226835174089, 39.057180547253076], [74.7609583725539, 39.056557771372994], [74.75970500994234, 39.056068016476836], [74.75787909440767, 39.056197501522185], [74.75599551515248, 39.05650408452417], [74.75377118164417, 39.05636688467881], [74.75177550510985, 39.05609715845053], [74.75012368056163, 39.05538497790513], [74.74898607485717, 39.05445223886195], [74.74773614613707, 39.05303185911667], [74.74710977684622, 39.05272044885504], [74.7457413813327, 39.05254048319807], [74.74374408229504, 39.05275802287907], [74.74186005069049, 39.05319730717313], [74.74077460563494, 39.05363819229024], [74.74020254660748, 39.05408011964401], [74.74008699408033, 39.05447867120566], [74.74031371042855, 39.05487792216749], [74.74099743865166, 39.05510086472385], [74.74230995215335, 39.05497060531472], [74.74345164940738, 39.05475136681563], [74.7437367130173, 39.05479625183471], [74.74390720490496, 39.05497383523346], [74.74373463107179, 39.05537227415727], [74.7430480010979, 39.05594691185999], [74.74281660191684, 39.05683263754115], [74.74315807612604, 39.05705487520966], [74.74395640739314, 39.05714510665955], [74.74612496957833, 39.05692790505227], [74.74686673017817, 39.05688507214825], [74.74720837538345, 39.057062990498515], [74.74726431458717, 39.05737326888114], [74.74686277210495, 39.05799280685237], [74.74606093578471, 39.058877400510525], [74.7453161264761, 39.059762104039436], [74.74479854117668, 39.06091311544979], [74.74462340070791, 39.062020506085304], [74.74478832551081, 39.063748909491316], [74.74581160443685, 39.06477007930741], [74.7468372839821, 39.06512660149996], [74.74729228474982, 39.06552629080575], [74.74711938481762, 39.06601335335728], [74.74660352521535, 39.0666769718048], [74.74608765593906, 39.067340585610914], [74.74591490210463, 39.06778333651604], [74.74591394894131, 39.068049192257945], [74.74597052908044, 39.068182234291555], [74.74608416337934, 39.068315389275114], [74.74693368326581, 39.06988660534618], [74.74693190457347, 39.070384674030215], [74.74676778415505, 39.07080529308272], [74.74600370152974, 39.07088089743581], [74.744437307854, 39.07049037025155], [74.74258547798068, 39.070209925631595], [74.74144568271727, 39.07009692976923], [74.74051886378984, 39.070205721621534], [74.7395912285874, 39.070535869567074], [74.73908953499188, 39.07130961781976], [74.73915652030706, 39.07247192218074], [74.73965110187449, 39.073635105136255], [74.74084153718967, 39.074825046198875], [74.7425643583272, 39.07602072047411], [74.74420093328294, 39.07674346176608], [74.74640730509986, 39.07757799837667], [74.7486838216713, 39.078744681758174], [74.75067571175475, 39.079800080506814], [74.75209767074884, 39.08079899663939], [74.75387219098917, 39.082905399127434], [74.75451002549443, 39.083958111313756], [74.75516432823652, 39.085525634551495], [74.75535520534525, 39.086892818300406], [74.7552799103914, 39.08805483902315], [74.75448929833146, 39.08993491941714], [74.7539859025422, 39.091204711226865], [74.75355377607526, 39.09247467599669], [74.7529800266911, 39.09346784671294], [74.75212208001427, 39.09418378554912], [74.75069459944054, 39.09467688947178], [74.74983895856852, 39.09472954501146], [74.74926886070894, 39.09467252616482], [74.74905950642136, 39.0934006112882], [74.74956457001745, 39.09168870364542], [74.74971436863959, 39.08964406880166], [74.74943374042623, 39.08837193519105], [74.74921500360085, 39.08812528865717], [74.7482135776965, 39.08856275519291], [74.74217463175144, 39.09180463255883], [74.73779677225872, 39.094840307622], [74.73533729445374, 39.09632533384971], [74.72779510148622, 39.10228423847206], [74.72669956622754, 39.1034190849455], [74.72215643507619, 39.10681915385559], [74.71446172244502, 39.11076946134997], [74.70904709310729, 39.11395293251043], [74.70205694334508, 39.119131131976296], [74.67548189529133, 39.129444593729815], [74.65785993442769, 39.13632438729672], [74.65786093442769, 39.13632438729672], [74.65833333777783, 39.136610860184575], [74.6583980014554, 39.1368665927892], [74.65806668210196, 39.137018944461055], [74.65581111881771, 39.137166014046244], [74.65284411954168, 39.13731026794447], [74.65047557327296, 39.13761307160443], [74.64764796321582, 39.13771063550201], [74.64475637726235, 39.13750137299219], [74.64258769505156, 39.13734437906785], [74.64074595775503, 39.13749455547976], [74.6390996497537, 39.13795168842714], [74.63804442662482, 39.13851204652324], [74.63718552188064, 39.13922605902647], [74.63639295224827, 39.13983796664168], [74.63599650124586, 39.14039755336872], [74.63599364294717, 39.14065499453217], [74.63744129144612, 39.14045309879841], [74.6400723777799, 39.140253228699926], [74.64500429869757, 39.14010829808687], [74.64796291242904, 39.140113233967256], [74.65236593351688, 39.140478195043], [74.65560025062695, 39.14074258736725], [74.65923324975478, 39.14116214264427], [74.66174151465344, 39.14178275674516], [74.66544042299607, 39.14225341753419], [74.6694701478851, 39.142673791899945], [74.67409645212422, 39.14278904830664], [74.67614412786774, 39.1430503032848], [74.67819018854489, 39.1436181684034], [74.68036740045333, 39.144390790270684], [74.68373500193911, 39.14506439451977], [74.68664181709002, 39.14537890311772], [74.68961581634365, 39.14548908749075], [74.69113534378099, 39.145646451642996], [74.69232332980609, 39.146007356440116], [74.69271680185754, 39.14662169547042], [74.69257781143219, 39.14795014606618], [74.69204035622654, 39.149635299726285], [74.6917683506262, 39.151116719971654], [74.69176468561812, 39.151832228222474], [74.69162959073537, 39.15239406137369], [74.69143074765518, 39.15249575031271], [74.69083630770147, 39.15239195749282], [74.68938432244354, 39.15192811702381], [74.68812961666653, 39.151669221486834], [74.68760023785016, 39.15177001895098], [74.68687041329069, 39.1522791432781], [74.68646872464525, 39.15324911909542], [74.68600198079098, 39.15401448548054], [74.68527372178507, 39.15421695149634], [74.68355676664, 39.15385454016655], [74.68217305651208, 39.15298193008434], [74.68178071532209, 39.15216312662774], [74.68059430104663, 39.151495468838654], [74.67867884869862, 39.15118354905512], [74.67722342792092, 39.15138395783785], [74.67583547434472, 39.151328993572406], [74.6742505768799, 39.15101791996273], [74.67246902988605, 39.150399622179044], [74.66936570226802, 39.149726445070414], [74.66771364809675, 39.149619524743855], [74.66645570380743, 39.14997368703567], [74.66631957471233, 39.15068881284481], [74.6669106067544, 39.151406021117346], [74.66816216020125, 39.1522273262826], [74.66901904474567, 39.15268974018591], [74.66921514299389, 39.15309916435271], [74.66881682528962, 39.15340468090025], [74.6676932708925, 39.15335037066523], [74.66512012326395, 39.1524230510322], [74.66294226467015, 39.15175235858674], [74.66076558820575, 39.15087719624671], [74.65898387709905, 39.15030980185988], [74.65779398720905, 39.150306309728165], [74.655409314486, 39.15116811932785], [74.65497176986518, 39.15158737628003], [74.65374943730987, 39.152440900558425], [74.65275867059268, 39.15238698266441], [74.65059213747185, 39.151770171089964], [74.64855393642343, 39.151715716219066], [74.64736970938387, 39.15181597116027], [74.64670977854006, 39.152223736112184], [74.64650867676374, 39.15288780388461], [74.64716303404765, 39.15345108041011], [74.64893356517918, 39.15432284384665], [74.65129686129471, 39.15504222434187], [74.6533992160708, 39.15591521843785], [74.65550840698404, 39.157045860417554], [74.65728624428891, 39.15832881049813], [74.65932745888013, 39.159816940285964], [74.66067707542767, 39.16071205475659], [74.66242348954782, 39.16187028355852], [74.67072444188558, 39.16736263062662], [74.67204161544834, 39.168337402364656], [74.67309267989661, 39.16961806206629], [74.67367926317469, 39.17120405915059], [74.674003568243, 39.172380453361484], [74.67380106765927, 39.173146509179574], [74.67326875194999, 39.17375831353375], [74.67246998490003, 39.17472712080663], [74.67147280931208, 39.17569536545991], [74.67060925490075, 39.17640843776733], [74.669682052293, 39.17666135227804], [74.66822915140872, 39.176299464059625], [74.66723860894506, 39.17604109598272], [74.66664148539238, 39.17639714317874], [74.66670173469582, 39.17747058608696], [74.6668914463692, 39.179055476988296], [74.66714758126093, 39.1805894518323], [74.66687912688532, 39.18130419639819], [74.66641506599376, 39.1815072981303], [74.66575484775773, 39.18130097234619], [74.66496799279065, 39.1800721185144], [74.66392030476557, 39.1781781025356], [74.66326888596218, 39.17638743712855], [74.6626172151602, 39.17464787648841], [74.6615043945646, 39.17260032418455], [74.66052474182271, 39.17039982412742], [74.65954001720908, 39.16911924539101], [74.65809190250164, 39.16793951433968], [74.65677665470247, 39.16665794162533], [74.6555287240955, 39.1651721207614], [74.65531700634068, 39.164932688508735], [74.654214728391, 39.16368608797665], [74.65107309672209, 39.1596926750099], [74.65068054396384, 39.159334280173034], [74.65021902270782, 39.15953795869447], [74.65021464805413, 39.160304567111616], [74.65079867632856, 39.1616854349988], [74.65184339684883, 39.16301593664824], [74.65249382868164, 39.16429468658631], [74.65248715955042, 39.165470154081376], [74.6518256733172, 39.16613348401878], [74.65114232666375, 39.166335847654594], [74.65057535840499, 39.166711115964894], [74.65049145212893, 39.16727527325335], [74.65067378310164, 39.16795069886683], [74.65136512070042, 39.16972196748451], [74.65199925586579, 39.17172937164091], [74.65295549399596, 39.174051061395424], [74.65384041573442, 39.17537038624423], [74.65513313117394, 39.176314715502755], [74.65642447252766, 39.17750982521649], [74.65755183727308, 39.17901793501903], [74.6582711307911, 39.18096373323712], [74.6587484578956, 39.18265802156609], [74.6588197745835, 39.18441381452719], [74.65840460905318, 39.18610548208979], [74.65791320395965, 39.186919133501775], [74.65709969282376, 39.187292935576146], [74.65636942850311, 39.18729078195215], [74.65580427462044, 39.18678751679658], [74.65499854495737, 39.185781941910584], [74.6535490682445, 39.18383395415284], [74.6523386291374, 39.18301576212863], [74.65153655085017, 39.18213667193544], [74.65041524707877, 39.18063006554062], [74.64913258327803, 39.17912318296029], [74.64776783107943, 39.177866944823805], [74.6464020434787, 39.17679878880981], [74.64511844739792, 39.175479955441645], [74.64327110861775, 39.17397205640776], [74.64253268643374, 39.17328409319242], [74.64158560569766, 39.17240170524522], [74.6407078486832, 39.17070732418403], [74.64023212461386, 39.16926442547324], [74.63896864664036, 39.16455980094804], [74.63785268073957, 39.16223799046114], [74.63665167015175, 39.16066841017167], [74.63544997016196, 39.159224214819425], [74.63408733438716, 39.15771702012302], [74.63280580490537, 39.156147256747765], [74.63152171342853, 39.155016368214866], [74.63007593868467, 39.153947872931745], [74.62871050130869, 39.15294220742541], [74.6271015776467, 39.152186873409335], [74.62653611325217, 39.15231123286311], [74.62637135797131, 39.152875225136434], [74.6264463492088, 39.153815852231844], [74.62676223015845, 39.154945019627974], [74.62756218528263, 39.1560750741343], [74.62900947011323, 39.15689280535823], [74.63013295069167, 39.15789803244411], [74.63101366941987, 39.15902820878106], [74.63236767118578, 39.16197750444571], [74.63276175745114, 39.16354568954409], [74.63307255881065, 39.16555261989455], [74.63378421990582, 39.16799915388057], [74.63441895790787, 39.16981855602359], [74.63473057680325, 39.171700082944554], [74.6355155139552, 39.17643901725813], [74.63566553374105, 39.17734465328854], [74.63638443689885, 39.17859989982153], [74.63726477472298, 39.1798554236622], [74.63814477312137, 39.18117363924893], [74.63853982939233, 39.18261640372546], [74.63852877600084, 39.182822762181665], [74.63844916922528, 39.184309118762734], [74.63836145670729, 39.18550024765283], [74.63883835378559, 39.186755054900324], [74.63955777754103, 39.18794758208514], [74.64060044927474, 39.18907796344541], [74.64075674809915, 39.18995601671267], [74.64067456520777, 39.190206671952154], [74.64026951756256, 39.19045676986098], [74.63962378925999, 39.190455654910494], [74.63889844721334, 39.190266301290414], [74.63785246398207, 39.18970019089228], [74.63640366163776, 39.18900796728185], [74.63535623020003, 39.188692628245555], [74.63471051833145, 39.18869148614185], [74.63373859341517, 39.189254050828836], [74.63244678384952, 39.189314445707645], [74.63099541796555, 39.18906104161126], [74.62946635931397, 39.188305888352325], [74.62793809303311, 39.187425316082965], [74.62665275606939, 39.18641977663092], [74.62560958696207, 39.18541466798045], [74.6251321699604, 39.184285204260625], [74.62465515075239, 39.1830930377898], [74.6243391812197, 39.181963869690286], [74.62421431362802, 39.18149227845879], [74.62402360193926, 39.18077199988456], [74.62394709015672, 39.18008216932893], [74.6232222812052, 39.17983002008063], [74.6224944158756, 39.18007945372485], [74.62184495004706, 39.180705224849184], [74.62111015911658, 39.1820832163795], [74.6207396476214, 39.18304558437196], [74.62029001422246, 39.18421343053089], [74.62003403056733, 39.18647010819099], [74.62018352346745, 39.18841405732397], [74.62066011885689, 39.18966893912475], [74.62137810978867, 39.19104966922624], [74.62201656356629, 39.192242150629745], [74.6222495834619, 39.19393735389296], [74.62232593414687, 39.194753537176254], [74.62215608314116, 39.19632252748075], [74.62126240446436, 39.19738797596848], [74.62037376314841, 39.19751184291606], [74.61948783337652, 39.19713352844954], [74.61844283929, 39.19631549735028], [74.61788424362628, 39.19512175495616], [74.61756884775876, 39.19374016022469], [74.61757497234566, 39.19261026953941], [74.61711136274815, 39.18922327824175], [74.61647573999737, 39.18759188411695], [74.61591890999051, 39.18627413345862], [74.61549804470607, 39.1850368289318], [74.61536404935444, 39.184642886130035], [74.61505444866482, 39.1825105227772], [74.614665719752, 39.1801272079621], [74.61426882933043, 39.17906055239238], [74.61386960658238, 39.17837008557557], [74.61363062422424, 39.177868027085275], [74.61299127048362, 39.17686359555813], [74.61267394794378, 39.17598518699887], [74.61219523522047, 39.17510646114137], [74.61019233552173, 39.17278264757535], [74.60947395489072, 39.17152724081784], [74.60891382942798, 39.17077373788688], [74.6084348044505, 39.16995769463735], [74.60779559556903, 39.16895323172535], [74.60699105934877, 39.1685754237866], [74.60642661900809, 39.1685115914599], [74.60610067934809, 39.16901252735863], [74.60601085204938, 39.170454423705586], [74.60648429762392, 39.172148251882724], [74.6070392550612, 39.17371684509074], [74.60767810100992, 39.17478400760968], [74.60864134377908, 39.17560102080724], [74.61017187159774, 39.17604295691372], [74.61121703768723, 39.17667201113081], [74.61169574865525, 39.17755074076293], [74.61192922799903, 39.17893057790947], [74.61192020895454, 39.18037263755386], [74.61166750283964, 39.182065012226936], [74.61149588603642, 39.1836948462929], [74.6115663915616, 39.18532515827053], [74.61196288446646, 39.18645451789224], [74.6123617399798, 39.187207688679116], [74.61243892689582, 39.18777213119664], [74.61203418503443, 39.18795943236774], [74.61147037098348, 39.18777022512374], [74.61058685396544, 39.18707879420181], [74.6089017714847, 39.18550797586882], [74.60810416187707, 39.184001609220076], [74.60714913272615, 39.181867932932924], [74.60611028292615, 39.18023567000879], [74.60482897338659, 39.17866560611595], [74.60386693077092, 39.17766046919559], [74.60338312115461, 39.177596783591916], [74.60313902051246, 39.17790977954282], [74.60321732312822, 39.178286133774755], [74.60376706320314, 39.18066981605128], [74.6042417177756, 39.182175555685205], [74.60519865096721, 39.183995766295716], [74.60648006453377, 39.18556582522293], [74.6077623274279, 39.18701047346611], [74.60810489134984, 39.18767229540557], [74.608639491047, 39.188705097265], [74.60959504938275, 39.190776061320705], [74.60974424540011, 39.192783312681605], [74.60965449494753, 39.1944152165544], [74.60924219894422, 39.19598370390148], [74.60850942724053, 39.197112146942864], [74.60737475327825, 39.1979259188609], [74.60583783066309, 39.198487778370605], [74.60438196063849, 39.19898700868271], [74.6020398561928, 39.19917054651907], [74.60018387296188, 39.19904118252989], [74.59929945706475, 39.19841162954826], [74.59865901567856, 39.19746871524923], [74.5982621928264, 39.1962752160348], [74.59843078540413, 39.19502012149177], [74.59901838453159, 39.19119346166795], [74.59905164963327, 39.19053907697192], [74.59572530540748, 39.192736752085025], [74.59206438011034, 39.1944537093079], [74.58951997321986, 39.19493897713483], [74.57961771959307, 39.19706691042943], [74.57984506807473, 39.19773447790764], [74.58024577088028, 39.1988099635762], [74.58128550862018, 39.20044436182155], [74.582409741872, 39.20145121747379], [74.58377582544328, 39.20252136684418], [74.58481791644623, 39.20377910600418], [74.58529528688136, 39.20497282555381], [74.58520532218894, 39.20654192951947], [74.58455316044201, 39.20760762199337], [74.58455075096639, 39.20760981791985], [74.58366025134868, 39.20842169157153], [74.58260733232984, 39.20898430952691], [74.58091148481184, 39.209043309800435], [74.57994488359435, 39.20866451560146], [74.57865760237904, 39.20790835827912], [74.57785437944284, 39.20721605551808], [74.57721377057626, 39.20633579813194], [74.57633211017689, 39.20526667316138], [74.57553007641907, 39.204386037579376], [74.57480954922481, 39.20338004074785], [74.57236631289227, 39.19902863886317], [74.57177457607422, 39.197974663242924], [74.57033033517858, 39.196527559445116], [74.56880466607954, 39.195205789451315], [74.56752236729821, 39.19369625517811], [74.56688432120303, 39.192439310956786], [74.56632858159077, 39.19105826353398], [74.56585511142482, 39.18948967804573], [74.56554525586193, 39.1876079823167], [74.56515340338909, 39.18591418806994], [74.56451466723055, 39.18490949309192], [74.56362860556051, 39.184656591525844], [74.56298119141982, 39.18490584365494], [74.56249039346277, 39.18584515423761], [74.56232155681481, 39.18691062778767], [74.56239485331066, 39.18797668176019], [74.56342671000597, 39.19048709463927], [74.5638182059794, 39.19224374456315], [74.56445231744179, 39.19412841685184], [74.56533095193527, 39.19563703112732], [74.56629381949968, 39.19658088740386], [74.56741893116563, 39.19739957230107], [74.56854291713185, 39.19840655866344], [74.5695908395163, 39.19987831693693], [74.56997873706887, 39.20123465350314], [74.57013100931582, 39.202741539903975], [74.57012067596136, 39.2044363629105], [74.57010842554685, 39.2064450396261], [74.5697789772537, 39.207511398009814], [74.56888206201499, 39.2089530660062], [74.56790667751845, 39.21001790913477], [74.5667709439388, 39.210894049934275], [74.56571940390387, 39.211205430144915], [74.56451025131385, 39.21088870599361], [74.5639493521378, 39.21019688248257], [74.564036302182, 39.20919273637226], [74.56460960322492, 39.20787588548], [74.56453390795642, 39.20705966756557], [74.56413139768276, 39.206870395518656], [74.56316102905615, 39.20711917493015], [74.56242896348618, 39.20799623504111], [74.5616996108988, 39.20843389463198], [74.56145779267803, 39.20837054205158], [74.56122027147866, 39.207616707105224], [74.56138759956055, 39.20667552854575], [74.56203893482189, 39.20579828166039], [74.56269025092992, 39.204921028647036], [74.56253462917569, 39.20397907663547], [74.5620541404728, 39.203350206265064], [74.5612164605959, 39.20269369025777], [74.5612154605959, 39.20269369025777], [74.55552956872975, 39.20465878966134], [74.54707300480926, 39.20681563876998], [74.54684860663569, 39.20770685712528], [74.54660357279498, 39.208145642860515], [74.54643685145142, 39.20896125709833], [74.54675172724843, 39.21021749156316], [74.54746708675007, 39.21197691091668], [74.5480209963064, 39.213735919814475], [74.54801415194508, 39.21480302445286], [74.54736497978111, 39.2153035676709], [74.54615382081593, 39.215300508279476], [74.54510658112665, 39.214921221758416], [74.54382037311193, 39.21403914026428], [74.54277723578392, 39.21303212527092], [74.5422197946117, 39.211838030128554], [74.54198614089712, 39.210519219411665], [74.54191111291424, 39.209640219025374], [74.5417841500134, 39.20803777084878], [74.54161265358731, 39.20587313472954], [74.54058439424769, 39.2026063423338], [74.53955007938153, 39.20028110613119], [74.53874856055394, 39.199400219609615], [74.53810563175735, 39.19895914655983], [74.53649693313821, 39.19813891859841], [74.53497117918417, 39.197193339600645], [74.53352733984214, 39.19605964175396], [74.53168360343375, 39.19460763836278], [74.5296808444667, 39.19302564014139], [74.52783814031272, 39.19150915987029], [74.52599204503413, 39.19031022718112], [74.52470851390935, 39.189364469236324], [74.52366108584387, 39.18935971220854], [74.52325597209348, 39.18973384635291], [74.52333052215207, 39.19073678760354], [74.52388554598527, 39.192181471304444], [74.5248434885897, 39.19338130846793], [74.52732070446186, 39.196161020807516], [74.52868119264465, 39.19742556517115], [74.5300423836406, 39.198749593548065], [74.53164539936218, 39.20019761690595], [74.53349079688529, 39.20158348642003], [74.53533337196805, 39.20340872356345], [74.53621210738957, 39.20466646470862], [74.53636760318615, 39.20554567927851], [74.53620178384661, 39.20623573775301], [74.53555253651335, 39.20686175814612], [74.53538670600132, 39.20755181298637], [74.53562242647556, 39.208494011210355], [74.53569134560608, 39.20982446879792], [74.53552565510581, 39.21094186435819], [74.53519645318796, 39.211945350556334], [74.53430520842231, 39.21257072624], [74.53384198341986, 39.2127355226622], [74.53325431452569, 39.212944586777425], [74.53196396897293, 39.21294117297997], [74.52946602374222, 39.21262065908462], [74.52779003564822, 39.212140893516775], [74.52584285884146, 39.211732109828475], [74.52406951665222, 39.21160175461739], [74.52253981296009, 39.21122095308819], [74.52149612298705, 39.210527603858935], [74.52061544538047, 39.20958360828954], [74.51957564768963, 39.20832530534489], [74.51853502979884, 39.20719253654872], [74.51757669138628, 39.20593216510506], [74.51678179570615, 39.20448133951818], [74.51623061296681, 39.20277995114186], [74.5155187649168, 39.2010148974715], [74.51496859683331, 39.19918766655508], [74.51441701563958, 39.19754918880108], [74.5134601588009, 39.19622342933737], [74.51242228013872, 39.19496020672049], [74.51114125781166, 39.193884602155585], [74.51017966903736, 39.19318799766019], [74.50865164969305, 39.192803338948096], [74.50760368777252, 39.19286135295972], [74.50727797709588, 39.19330026740963], [74.50751581095936, 39.19380474552776], [74.50815069865416, 39.1950661267015], [74.5091064686175, 39.196517765148954], [74.51030402038451, 39.197970522303144], [74.51109967517654, 39.19929555656507], [74.51173226046701, 39.20087150726566], [74.51220128748913, 39.202761296963416], [74.51251061053202, 39.20446158208869], [74.51250240918124, 39.20553118806336], [74.512575762544, 39.2064753313756], [74.51289234151736, 39.20723184247088], [74.51457082791542, 39.20906430781274], [74.51544785142941, 39.21051086153618], [74.51600157932079, 39.21208170262695], [74.51639188517703, 39.213965947991845], [74.51662951530135, 39.215411641652054], [74.5167015636331, 39.21584996510053], [74.51661014920676, 39.21741900413969], [74.5160386923468, 39.21842176222654], [74.51522827978779, 39.218984442817465], [74.51369586686485, 39.21898014759574], [74.51111670293962, 39.218721787148894], [74.50805033678955, 39.21865032905582], [74.5048257750605, 39.21870380198627], [74.50280591128686, 39.219200130280946], [74.50118617855473, 39.22013699240884], [74.49988857753561, 39.22113754716095], [74.49843096737926, 39.2219493013621], [74.49754105913487, 39.222323310787324], [74.49689618369155, 39.22232025268142], [74.49625380021575, 39.222002580919316], [74.49569451778049, 39.22137070305862], [74.49506261281383, 39.21973175442113], [74.49451283502414, 39.21790443525986], [74.49420439166454, 39.21614119115176], [74.49381686188882, 39.21418880684146], [74.49358954567855, 39.21236303104695], [74.49319705540424, 39.21103981979289], [74.4927159796182, 39.21072290411131], [74.49247319546127, 39.21084757589312], [74.49214430391017, 39.21166395334342], [74.4922123836739, 39.21323728477502], [74.49281115651517, 39.21902881657475], [74.49279565059248, 39.220979263809646], [74.49238059851524, 39.22248734548097], [74.49188523076164, 39.223955796885576], [74.49186737893066, 39.22619715254552], [74.49225221672133, 39.22871030284282], [74.49287629241478, 39.231662434621576], [74.49399120767177, 39.23367445349319], [74.49551584227707, 39.23480887400865], [74.49720008079893, 39.23619483097122], [74.49848279935576, 39.2373284988563], [74.49952174893065, 39.23871252433351], [74.49959394969682, 39.23990539331647], [74.49926856299597, 39.24028106819299], [74.49805705885755, 39.24046582114965], [74.49563537750524, 39.24064698014114], [74.49442611084098, 39.240517843973706], [74.49305775069365, 39.24007436258993], [74.49209279314296, 39.23963207551202], [74.49088944897389, 39.23868689155898], [74.48863782669596, 39.23767575656781], [74.48614241240247, 39.23691492174582], [74.48509595329709, 39.236597869148994], [74.48388723358848, 39.23640585520924], [74.48186994937518, 39.23646242385925], [74.48041876011462, 39.23633239697853], [74.47929602021401, 39.23551092056675], [74.47841994045454, 39.23418527929185], [74.47794597114367, 39.232987460066845], [74.47755160723864, 39.23191587312155], [74.47749309407952, 39.22921002760024], [74.47749962544728, 39.22841046147365], [74.47750748640378, 39.2274483398285], [74.47776628271454, 39.22537326211864], [74.47842246804301, 39.22399226351315], [74.47867609776382, 39.22254635566515], [74.47844812280995, 39.22084639009385], [74.47813904252854, 39.219208943931754], [74.4773458461208, 39.2176320222373], [74.47622770076218, 39.2163680840703], [74.47510805102462, 39.21529288731478], [74.47406696481279, 39.21446975375855], [74.4731871005482, 39.21364741208438], [74.47238837326114, 39.212762547503004], [74.47045455430343, 39.21268996395596], [74.47083320878221, 39.21366043469272], [74.47140110867264, 39.21522497618803], [74.47184287026435, 39.21643624394927], [74.47215433205807, 39.21779799243547], [74.47258741045086, 39.22006714002142], [74.47321579222087, 39.22213574785011], [74.47339739261909, 39.223597597907236], [74.47351238689714, 39.225311004815545], [74.47362448293845, 39.227377037645155], [74.47348254775444, 39.22893802935888], [74.47322994679696, 39.229705623990824], [74.47301911332904, 39.230346288848075], [74.47223250069354, 39.23180330842729], [74.47157329203218, 39.23346246924445], [74.4712384747084, 39.2349217394], [74.47071623299104, 39.23562441147388], [74.46916364382128, 39.23601965048131], [74.4674190533273, 39.23621239289628], [74.46587021547808, 39.236154212068996], [74.46555081288253, 39.2357495800656], [74.4652352001831, 39.234891571507106], [74.46485588709592, 39.233932486034654], [74.46434664190545, 39.23307349724571], [74.46343552993048, 39.23230508385375], [74.45757907824348, 39.233845960289905], [74.45801014391579, 39.23430070324176], [74.45806916261378, 39.2349559103608], [74.45767844846954, 39.235356932149664], [74.4569679555431, 39.23540367237859], [74.45516093548254, 39.23534402362344], [74.45296489437936, 39.2354838527426], [74.45115314207044, 39.23597827084557], [74.44985994243328, 39.23622346038455], [74.44947262839875, 39.23622145248761], [74.44933112854866, 39.23584423251319], [74.4457277529284, 39.23671643077395], [74.43210853212781, 39.23976302905541], [74.42873639664431, 39.2403900442645], [74.42537365484773, 39.24130007058008], [74.4212576491571, 39.24215749478252], [74.41802138075344, 39.24279972052051], [74.41598268838254, 39.24330517943231], [74.4122793091593, 39.244021555462275], [74.404769813111, 39.244837096217395], [74.3968599578933, 39.2458697653571], [74.39422515561104, 39.24631369372274], [74.39203641298917, 39.246644507414366], [74.39049312577012, 39.2467858705659], [74.38910154028424, 39.24685036633215], [74.38318984101943, 39.24683055235433], [74.37817499666777, 39.24674109094853], [74.3746353229687, 39.24678771646764], [74.37112554903982, 39.24699210180896], [74.36828771831308, 39.24715519487632], [74.36841184788321, 39.24738605958071], [74.3685996566948, 39.24799177648517], [74.368465144009, 39.24854507398108], [74.36793785756566, 39.24965003057407], [74.36747953451328, 39.250302027361066], [74.36689551203864, 39.25060058279777], [74.3662503596938, 39.25054610499395], [74.36560816055209, 39.25018937953183], [74.36496842791409, 39.249580778223276], [74.3644598059447, 39.248771501425765], [74.36427449606018, 39.24791390584291], [74.3643130157175, 39.2473926481336], [74.36148042414506, 39.24760491641147], [74.35014122237807, 39.24878484210223], [74.34467616734008, 39.249224649751355], [74.33213772852605, 39.250981359393585], [74.3280489703939, 39.251614170334044], [74.3280479703939, 39.251614170334044], [74.3282796571441, 39.252495019153436], [74.32820449565871, 39.25339880185714], [74.3279429675985, 39.25369902108604], [74.32736253075107, 39.25369646048035], [74.32659277565541, 39.253341461082734], [74.32595379290416, 39.252836351731254], [74.3250385050362, 39.252112805421575], [74.32312155417077, 39.252438474277454], [74.32087316600091, 39.25275950898811], [74.32104880979625, 39.25311591740364], [74.32206277311876, 39.254627296256494], [74.32295196321853, 39.25578651397098], [74.32326609048242, 39.25649110989805], [74.32313172905825, 39.25694256963966], [74.32248617594443, 39.25698992417229], [74.32164832615325, 39.25693596051345], [74.31927216793811, 39.25607144959889], [74.31754161159185, 39.25515956693423], [74.31600217545657, 39.25444943627047], [74.31433329607528, 39.253929401122505], [74.30757953120025, 39.25497823080949], [74.29230011098555, 39.25642956694555], [74.29229911098555, 39.25642956694555], [74.29236883938898, 39.25667918225004], [74.29229568508413, 39.25738218459268], [74.29196886469123, 39.2577329797827], [74.29144916647881, 39.25803307310107], [74.28698571766292, 39.2590768506501], [74.28498125251201, 39.259473674633156], [74.28310013886693, 39.260322818991], [74.28187025163848, 39.26067130793453], [74.28090336946045, 39.26061863543368], [74.2800066335931, 39.26011408609325], [74.27911242309683, 39.259408629695145], [74.27795646489112, 39.25900385873874], [74.27653143523128, 39.25879762954199], [74.27149598398445, 39.25949572091441], [74.26840585175363, 39.25986732959621], [74.26730378510209, 39.25999954153641], [74.26671326162293, 39.26058179841249], [74.26624710616261, 39.261735783108506], [74.26604404066535, 39.26248864953143], [74.26572025737482, 39.2625882393341], [74.26533451969037, 39.26248675827519], [74.2648229696391, 39.262133802277056], [74.26399402751332, 39.26137817598303], [74.26334473489975, 39.260564991539326], [74.2594836960222, 39.26118133313428], [74.25689475349748, 39.261554416517264], [74.25114391516948, 39.26217428864125], [74.24474354534941, 39.26369158761915], [74.2342957363448, 39.26580261011429], [74.2278899853373, 39.26682123673185], [74.2174600692189, 39.268789691222175], [74.20794461738977, 39.270800554913095], [74.19634581030718, 39.27322307934563], [74.18437583267907, 39.275636146025974], [74.18437683267906, 39.275636146025974], [74.18383674787684, 39.27715143705648], [74.18291044075204, 39.27780000036287], [74.18185605208107, 39.278196811857256], [74.18027257646014, 39.27894268450676], [74.17924888665395, 39.27957424067983], [74.17924788665395, 39.27957424067983], [74.18342711139545, 39.28055056675478], [74.19037319099037, 39.281199708410625], [74.20397150874679, 39.28153375316028], [74.23179339964538, 39.281600607825624], [74.2681119915101, 39.28231514716793], [74.29006126706025, 39.282210880128865], [74.32330557084181, 39.28287193621456], [74.33551781656637, 39.28157554438061], [74.34926519182646, 39.280411940657544], [74.37230773046453, 39.27569748592949], [74.39135679986286, 39.27095762808618], [74.42253445652872, 39.26664785491965], [74.43579353372391, 39.266092243293855], [74.44712542952283, 39.26676728110104], [74.46738812260477, 39.26934436264428], [74.4849335013335, 39.272030066669174], [74.48987217790126, 39.272451743381595], [74.49003815142366, 39.27074293663438], [74.49005243841405, 39.26877216315018], [74.4904666152124, 39.266737353707725], [74.49115210941356, 39.265371337455264]], [[74.77588566840878, 39.08811112285005], [74.7753125704538, 39.08869195043044], [74.77485243555859, 39.0896744145353], [74.77461909270288, 39.09119232573591], [74.774551728916, 39.09440633103608], [74.77437848540623, 39.094986786362306], [74.77426265509429, 39.09547791097072], [74.77403312958405, 39.09579058729197], [74.77368990911945, 39.095924814684075], [74.77311858930206, 39.095925332451], [74.77220533529278, 39.09565832790027], [74.77135051979224, 39.09498951908498], [74.77021035821159, 39.094231682154444], [74.76901206619989, 39.09378634895961], [74.7680370342872, 39.09356211424107], [74.76705983078854, 39.093471066748215], [74.76608233490086, 39.093469287685764], [74.76550763405317, 39.09337895968227], [74.76464706929548, 39.09279708156728], [74.76413195595723, 39.09208191750132], [74.76367435035284, 39.091366858647724], [74.76310116306757, 39.090830137899395], [74.7625272359906, 39.0905166036532], [74.76206845679248, 39.09015864495602], [74.76172497768349, 39.08971162033699], [74.76132581262051, 39.08872882835865], [74.76132912232171, 39.087746787315254], [74.76156166066626, 39.08698836554135], [74.76179329027737, 39.08649777326852], [74.76208150994063, 39.08627511664875], [74.76282937892331, 39.086142589131796], [74.76409365009033, 39.086323478738514], [74.76564480402784, 39.086683434411725], [74.76794384153101, 39.08691080691665], [74.77080537163917, 39.08691050373491], [74.77337627631165, 39.08681892164714], [74.77554772619027, 39.086593740339], [74.77697682594415, 39.08627994048444], [74.77812071431772, 39.085832477635556], [74.77966458953152, 39.08533998415518], [74.78115090679906, 39.08498144032438], [74.7829229617499, 39.08457795594898], [74.78532280575978, 39.08435236434306], [74.78840757054677, 39.084304568328754], [74.78977893762672, 39.08430301342157], [74.79063634024077, 39.08456953955268], [74.79137886101725, 39.08514856787535], [74.79172098755868, 39.08577277664281], [74.79160602520948, 39.086129903582574], [74.79086224920773, 39.08630943253353], [74.78914666478899, 39.08622258708997], [74.78806018413597, 39.0861348484065], [74.78725928207655, 39.08626981226394], [74.78685796316658, 39.08685043368602], [74.78657048940818, 39.08774324181948], [74.78611104930026, 39.08885938641562], [74.78542350898427, 39.089574253377904], [74.78456482991983, 39.09002162130827], [74.78336336485492, 39.09024634003771], [74.78250581995306, 39.09020277793078], [74.78159357051713, 39.089623378078855], [74.78073915322445, 39.088820722191116], [74.77977136389374, 39.08845824694398], [74.77931266453095, 39.088286440876985], [74.77765671019746, 39.08806482610774], [74.7766287295708, 39.08797651598105], [74.77588566840878, 39.08811112285005]], [[74.53615052414567, 39.229017806635646], [74.53572560850205, 39.22974873662209], [74.53498715515917, 39.23092619138748], [74.53409295947982, 39.23194055362369], [74.53345759981443, 39.232874264959996], [74.53308735828915, 39.2336866589685], [74.53313558030085, 39.23429681805456], [74.53349712692561, 39.2349484719078], [74.53453545735509, 39.236008595142984], [74.53552369419118, 39.23674322881991], [74.53682654373827, 39.23751934336309], [74.53755394460373, 39.23800927046919], [74.53760513753235, 39.23833475011261], [74.53718569893076, 39.23845566277919], [74.5363499924576, 39.238412809421206], [74.5352539657617, 39.23816592334902], [74.53436528671865, 39.23787891072186], [74.53353188246123, 39.23759203090341], [74.53249130525143, 39.237019914650034], [74.53139828996534, 39.23632564532091], [74.5305690683919, 39.235266051218524], [74.5302617955362, 39.23416717775087], [74.53037310586012, 39.233150757249305], [74.53053794727015, 39.23209380648343], [74.53091173237279, 39.230752735889006], [74.5315977197986, 39.229615837858155], [74.53223161423603, 39.22860080115155], [74.53281361241463, 39.22782963028782], [74.5334419726841, 39.22734327164301], [74.534123236567, 39.22706038727047], [74.53470090476458, 39.22693989551265], [74.53537747832556, 39.227063683192526], [74.5359012748584, 39.22718705856557], [74.53621296295596, 39.22747255547024], [74.53657384105603, 39.22792086189173], [74.53646710711145, 39.22840860455571], [74.53615052414567, 39.229017806635646]], [[74.56571333084757, 39.252385861587065], [74.56661335291942, 39.255973738247654], [74.5675179741312, 39.25866549925754], [74.56749371683475, 39.260565592807076], [74.56724384999316, 39.26092973378471], [74.56674528120416, 39.26114262601637], [74.56641444667423, 39.26103402062532], [74.56597383353711, 39.26064583261747], [74.5652134223462, 39.25883613048035], [74.56385359321445, 39.254888072253124], [74.56249391168144, 39.25093999634438], [74.56112844145956, 39.248425680525564], [74.55998821139659, 39.246449884476725], [74.55769568026595, 39.24429048347758], [74.556323992672, 39.24249299813797], [74.55494997734863, 39.241233161921684], [74.55495790754063, 39.239978606181985], [74.55657128760183, 39.23998476416407], [74.55749109205614, 39.24016749530097], [74.56001757317675, 39.241431663215074], [74.56345799974726, 39.24449146249275], [74.56413728965018, 39.24646549903613], [74.56436224766342, 39.24736247218573], [74.56481107572978, 39.24933564166889], [74.56571333084757, 39.252385861587065]]], [[[74.59905268438597, 39.190538393323415], [74.59905168438597, 39.190538393323415], [74.59905164963327, 39.19053907697192], [74.59905268438597, 39.190538393323415]]], [[[74.46343629214418, 39.2323048833096], [74.46343529214418, 39.2323048833096], [74.46343552993048, 39.23230508385375], [74.46343629214418, 39.2323048833096]]], [[[74.44933204531031, 39.23584401061073], [74.44933104531032, 39.23584401061073], [74.44933112854866, 39.23584423251319], [74.44933204531031, 39.23584401061073]]], [[[74.65773302983601, 39.24274341243754], [74.657734029836, 39.24274341243754], [74.65773405079018, 39.24274321378986], [74.65773302983601, 39.24274341243754]]], [[[74.32503932814244, 39.25211266558488], [74.32503832814244, 39.25211266558488], [74.3250385050362, 39.252112805421575], [74.32503932814244, 39.25211266558488]]], [[[74.26334462185038, 39.26056484995449], [74.26334473489975, 39.260564991539326], [74.26334562185038, 39.26056484995449], [74.26334462185038, 39.26056484995449]]], [[[74.4898731696764, 39.27245182806187], [74.48987217790126, 39.272451743381595], [74.4898721696764, 39.27245182806187], [74.4898731696764, 39.27245182806187]]]]}, "properties": {"@featureType": "WaterpolyView", "identifier": {"value": "https://geosciml4china.example.org/J43C001002/waterpoly/LDLYAAE002.WP.59", "@codeSpace": "http://www.ietf.org/rfc/rfc2616"}, "GB": "73020", "name": "", "HYDC": ""}}, {"type": "Feature", "id": "https://geosciml4china.example.org/J43C001002/waterpoly/LDLYAAE002.WP.60", "geometry": {"type": "MultiPolygon", "coordinates": [[[[74.26286498211458, 39.258863791311235], [74.2629448266901, 39.25765855491942], [74.26347806178623, 39.256303857063024], [74.2641364361746, 39.2552508525022], [74.26485992296146, 39.254147790737775], [74.26538926847142, 39.253094434643266], [74.26553036689327, 39.25214049559129], [74.26540648299978, 39.25173834626999], [74.26508657197427, 39.25153658518848], [74.26424881457866, 39.251484118883766], [74.26353492762617, 39.25183379339383], [74.26268757488961, 39.25253469761819], [74.26196535318314, 39.25353729398211], [74.26130248000301, 39.25494186398141], [74.26076664931128, 39.25649745583611], [74.26048750346939, 39.25815419386269], [74.26040697542038, 39.259409651770014], [74.26008062890634, 39.259710129792836], [74.25917827886066, 39.259657450541624], [74.25815335726985, 39.25910215841829], [74.25541085389085, 39.25668374029916], [74.25407321250691, 39.255374146091896], [74.25331348335116, 39.25426704674531], [74.2526195639531, 39.253059672603094], [74.25224683508179, 39.251953639334644], [74.2517451373026, 39.250847249029206], [74.25104739151396, 39.24994121646886], [74.2504747548613, 39.249336890328536], [74.24944681038079, 39.249032650069104], [74.24841107721068, 39.249331104816704], [74.24800919157107, 39.25048519628892], [74.24792844916693, 39.25174064512298], [74.2477903643499, 39.25244343581946], [74.2475304428964, 39.252593383615526], [74.24688681469765, 39.25249111394873], [74.24592528595063, 39.25203634777831], [74.24503152252964, 39.25133063299962], [74.24446284138844, 39.25042492730351], [74.24402576422798, 39.24931868665294], [74.24358935595932, 39.24816221845748], [74.24314773354295, 39.2474075508099], [74.24257583876268, 39.2467529628314], [74.24154731314982, 39.24649887925628], [74.240451683213, 39.24644550130593], [74.23915997044043, 39.24659245290702], [74.23870462170414, 39.246892499368414], [74.23857039463748, 39.24729392641989], [74.23843025457987, 39.24814738080561], [74.23841449118201, 39.24935278363427], [74.23840070146952, 39.25040751120732], [74.23851195213145, 39.25176396364871], [74.23880552320618, 39.25397480420217], [74.23922745145573, 39.25623623897397], [74.23984486436771, 39.258347557356636], [74.24040240410754, 39.260107110161336], [74.24063943074478, 39.26171505582745], [74.24049731914178, 39.2627191853686], [74.23991155155927, 39.26311931074915], [74.2390078604052, 39.26316692401143], [74.23817195722859, 39.262963594332454], [74.23740582202358, 39.26235864403526], [74.23696483718035, 39.26155373114505], [74.23659363069734, 39.26034720230919], [74.2361625467289, 39.25878890820037], [74.23560314802899, 39.257180012858804], [74.2349095062458, 39.25597253423813], [74.23434751779429, 39.25456453304685], [74.23403956317044, 39.253458634345854], [74.23233460039889, 39.250691131399186], [74.23177005735677, 39.24948401567309], [74.23088375278593, 39.24822571568357], [74.22993340417058, 39.24671608495683], [74.22891451640344, 39.24550760485292], [74.22782638994917, 39.24470072474302], [74.22666724699467, 39.244446118976974], [74.22595590230694, 39.24454443865697], [74.22511425326962, 39.244742813357256], [74.22374664933538, 39.245743225330905], [74.22315434620288, 39.24669574573046], [74.22301515318888, 39.247549182846036], [74.22306906066855, 39.24845343099192], [74.22331725084968, 39.24930804223243], [74.22375737055886, 39.25031391301874], [74.22445577070104, 39.25132056328298], [74.22470221501318, 39.25232584514011], [74.2246846708309, 39.253681920354616], [74.22491932071279, 39.25544057037621], [74.22514664845401, 39.25775169582411], [74.22531215624467, 39.25986172315264], [74.22528750347186, 39.261720044275684], [74.2252661781106, 39.26332723962607], [74.2249955026134, 39.26428073454723], [74.2239581101705, 39.2646794164373], [74.22266268884209, 39.265077305854476], [74.22208348940106, 39.26497509267155], [74.22080211260523, 39.26431824093249], [74.21946162596358, 39.263259378402935], [74.21812722124234, 39.26174847879553], [74.21692187025751, 39.260237960968574], [74.21445446925436, 39.25616195066959], [74.21357084352316, 39.25445148977437], [74.2131332413243, 39.2532446809739], [74.21243558799844, 39.252187740932335], [74.21166498226083, 39.2518337432181], [74.21024691402856, 39.251628390070216], [74.20863696019106, 39.25127173531427], [74.20747536704476, 39.251217837402415], [74.20637471668387, 39.25146548436262], [74.20514250849804, 39.25191360901936], [74.20435922381037, 39.25261428767299], [74.20435195735821, 39.25321698619911], [74.20528660421617, 39.256032668854054], [74.20592022167037, 39.25703922069255], [74.20687249089134, 39.25839836685067], [74.2073118258758, 39.25945452220932], [74.20768780471315, 39.2604100213666], [74.20767815243033, 39.26121362048149], [74.20727741671615, 39.26231734003643], [74.20680967516418, 39.26362175523413], [74.20666360456131, 39.26502763990523], [74.20619522566119, 39.26638227518579], [74.20547334801017, 39.26733428817726], [74.20462316084193, 39.268185431104435], [74.20389858523414, 39.26928810491665], [74.2031108472687, 39.27029011853128], [74.20245824738352, 39.27084051797431], [74.20174933034076, 39.27078801555608], [74.2007199798031, 39.27053356602835], [74.20001442773038, 39.270129476602925], [74.19911574239343, 39.269674529731105], [74.19770468223511, 39.26886632521814], [74.19623274395323, 39.26775654326486], [74.1927120866664, 39.26518344315606], [74.19124030423637, 39.26407360126887], [74.19002502727871, 39.26311527115971], [74.18906993872461, 39.26200711200367], [74.18816964458769, 39.26084796669226], [74.18732834032102, 39.259939915876515], [74.18694110026, 39.25943581953901], [74.18648272460185, 39.25938343327976], [74.18621920215364, 39.25948264623359], [74.1855585348345, 39.25988134801197], [74.18470300823952, 39.260128444993306], [74.18352272371446, 39.26012285978528], [74.18273213653191, 39.26042047649678], [74.18233186240283, 39.260971077495874], [74.18212519169276, 39.26177373571234], [74.18249997029591, 39.263282338587075], [74.18287911629112, 39.264439368730415], [74.18332260830128, 39.26569715746645], [74.18383107182486, 39.267005480868605], [74.18421025878064, 39.26816250638509], [74.18432465552738, 39.26951918723935], [74.18437683096244, 39.275635944778784], [74.19634581030718, 39.27322307934563], [74.20794461738977, 39.270800554913095], [74.2174600692189, 39.268789691222175], [74.2278899853373, 39.26682123673185], [74.2342957363448, 39.26580261011429], [74.24474354534941, 39.26369158761915], [74.25114391516948, 39.26217428864125], [74.25689475349748, 39.261554416517264], [74.2594836960222, 39.26118133313428], [74.26334562185038, 39.26056484995449], [74.26334462185038, 39.26056484995449], [74.26298183252676, 39.25981841970589], [74.26286498211458, 39.258863791311235]]], [[[74.18437683267906, 39.275636146025974], [74.18437683096244, 39.275635944778784], [74.18437583267907, 39.275636146025974], [74.18437683267906, 39.275636146025974]]]]}, "properties": {"@featureType": "WaterpolyView", "identifier": {"value": "https://geosciml4china.example.org/J43C001002/waterpoly/LDLYAAE002.WP.60", "@codeSpace": "http://www.ietf.org/rfc/rfc2616"}, "GB": "73020", "name": "", "HYDC": ""}}, {"type": "Feature", "id": "https://geosciml4china.example.org/J43C001002/waterpoly/LDLYAAE002.WP.61", "geometry": {"type": "MultiPolygon", "coordinates": [[[[73.59044371264294, 39.26792854865088], [73.59188564406108, 39.26801819691152], [73.59212942670503, 39.26821389821505], [73.59212374075346, 39.26853582705533], [73.59182361334763, 39.26901574872559], [73.59102987979237, 39.2694905759345], [73.59003198333852, 39.269802308708044], [73.5888282467224, 39.27007971322418], [73.58708995163184, 39.27019060620864], [73.58436581898621, 39.270033686812646], [73.58277501893345, 39.26970021186847], [73.58277501893345, 39.26970021186847], [73.58769527430435, 39.26846722397352], [73.59044371264294, 39.26792854865088]]]]}, "properties": {"@featureType": "WaterpolyView", "identifier": {"value": "https://geosciml4china.example.org/J43C001002/waterpoly/LDLYAAE002.WP.61", "@codeSpace": "http://www.ietf.org/rfc/rfc2616"}, "GB": "73020", "name": "", "HYDC": ""}}, {"type": "Feature", "id": "https://geosciml4china.example.org/J43C001002/waterpoly/LDLYAAE002.WP.62", "geometry": {"type": "MultiPolygon", "coordinates": [[[[74.60365347725465, 39.25349798210449], [74.60365247725466, 39.25349798210449], [74.6036524080202, 39.25349822849726], [74.60365347725465, 39.25349798210449]]], [[[74.59314703869295, 39.256092944738356], [74.58843757810062, 39.25710503085069], [74.58749816648185, 39.25757591117702], [74.58634670536519, 39.25820276209143], [74.58546486104711, 39.25893508497482], [74.5843106532064, 39.260086378379356], [74.58336013469051, 39.2610283198334], [74.58186104688481, 39.26354244052783], [74.58118364594422, 39.2639080583035], [74.58030441012558, 39.26411588064674], [74.5798321113757, 39.26400992893325], [74.57902699986192, 39.26295918251195], [74.57842675328989, 39.2614893177554], [74.57802834502273, 39.26017724767501], [74.57788516562431, 39.25929650657075], [74.57444406435724, 39.259978848156024], [74.56788774415747, 39.261195994074356], [74.56202659661919, 39.262024775181196], [74.5620255966192, 39.262024775181196], [74.56291647197952, 39.263295478085034], [74.56360451039826, 39.26407350522488], [74.56452365111605, 39.26479235560171], [74.56567389896446, 39.2654520237919], [74.56651777251345, 39.26587206995872], [74.56743889982799, 39.266232571607695], [74.56782318779487, 39.26629319552497], [74.56890009989473, 39.266295716733], [74.56959207856823, 39.26635705462389], [74.56982188261819, 39.266536756130016], [74.56997188813708, 39.26725376896135], [74.5702763858306, 39.267851696492535], [74.5711183981926, 39.268630037535466], [74.57172901869083, 39.26952728043917], [74.57233933803195, 39.270484240681924], [74.57294871671401, 39.2716203638919], [74.57348119073323, 39.272756303401344], [74.57401241197059, 39.27413112709676], [74.57468961127624, 39.27586173340537], [74.57501230252736, 39.276214993101235], [74.57549768392485, 39.27636706762201], [74.57636269149019, 39.27632708046648], [74.57771502186515, 39.27612036123413], [74.57906865961961, 39.27566188423551], [74.58015181887635, 39.27524474324708], [74.58096472725013, 39.27482698922965], [74.58161504702338, 39.274492780969936], [74.58215683056301, 39.274242243125244], [74.5825371188977, 39.27386547225978], [74.58254037266236, 39.273237090611396], [74.58254646588685, 39.272061324467735], [74.58260594409866, 39.27101252253358], [74.58255754852664, 39.26992152263043], [74.58261680747171, 39.26891467473712], [74.5831081910198, 39.26795074418698], [74.58365273474934, 39.267154757089614], [74.58457533935382, 39.26640156067527], [74.58549813949062, 39.26560639776413], [74.58658518948234, 39.264392012600595], [74.58745518833244, 39.263344975574945], [74.58862477639315, 39.26182655678111], [74.58937073106668, 39.26125125723507], [74.59072512299382, 39.2605723668045], [74.59187658443192, 39.2599454751046], [74.59323118974443, 39.25921410965843], [74.5946530501476, 39.25853531873524], [74.59567014317227, 39.257750762392774], [74.59709168809218, 39.25712438673894], [74.59932371830425, 39.25649967922664], [74.60114942667312, 39.256083879826946], [74.60236903419153, 39.2552996808706], [74.60345507070483, 39.25420051580252], [74.6036524080202, 39.25349822849726], [74.59938531761635, 39.25448153032278], [74.59314703869295, 39.256092944738356]]]]}, "properties": {"@featureType": "WaterpolyView", "identifier": {"value": "https://geosciml4china.example.org/J43C001002/waterpoly/LDLYAAE002.WP.62", "@codeSpace": "http://www.ietf.org/rfc/rfc2616"}, "GB": "73020", "name": "", "HYDC": ""}}, {"type": "Feature", "id": "https://geosciml4china.example.org/J43C001002/waterpoly/LDLYAAE002.WP.63", "geometry": {"type": "MultiPolygon", "coordinates": [[[[73.59902743952749, 39.26627018383274], [73.60095598022879, 39.26743230525883], [73.60333459528337, 39.267924561380134], [73.60532279425306, 39.26794840322139], [73.6075179944451, 39.26751098495574], [73.60812768208612, 39.26689997920483], [73.608528369455, 39.26610677989587], [73.608528369455, 39.26610677989587], [73.60664394935418, 39.26599436538043], [73.60465115286091, 39.265975562911514], [73.60320262126648, 39.2660533248351], [73.59979595754879, 39.26614302901071], [73.59902743952749, 39.26627018383274]]]]}, "properties": {"@featureType": "WaterpolyView", "identifier": {"value": "https://geosciml4china.example.org/J43C001002/waterpoly/LDLYAAE002.WP.63", "@codeSpace": "http://www.ietf.org/rfc/rfc2616"}, "GB": "73020", "name": "", "HYDC": ""}}, {"type": "Feature", "id": "https://geosciml4china.example.org/J43C001002/waterpoly/LDLYAAE002.WP.64", "geometry": {"type": "MultiPolygon", "coordinates": [[[[74.68382992843671, 39.23483326064755], [74.68585634149733, 39.23401729756808], [74.6944902742292, 39.23068874978504], [74.69530107158047, 39.23047157241569], [74.69530107158047, 39.23047157241569], [74.69581672141618, 39.23090231708692], [74.6963557922482, 39.231743382683874], [74.69682599908919, 39.232898890580245], [74.69729696339364, 39.23384460918779], [74.69810711110594, 39.23468661815358], [74.699187770948, 39.23568691039511], [74.7000655406237, 39.23658158990237], [74.70101146442914, 39.237371605057064], [74.70223028022644, 39.23763807990987], [74.70284050916966, 39.23753530113563], [74.70351868135643, 39.2373803062213], [74.7053513295089, 39.23649501994232], [74.70704858604243, 39.235556791376034], [74.70833854854294, 39.23519309740671], [74.70988342919695, 39.234813086304385], [74.70988442919695, 39.234813086304385], [74.71075969102165, 39.235082524902566], [74.71582917420714, 39.23622285690656], [74.71999759948675, 39.23679687955968], [74.72507365928472, 39.23709094185429], [74.72840797233128, 39.23721152129484], [74.72840697233129, 39.23721152129484], [74.72819843053936, 39.23902185021281], [74.72819333565766, 39.240124529626954], [74.72778359314115, 39.24070117317539], [74.72717127552623, 39.24106730418535], [74.72649037387818, 39.24159079561308], [74.7261474779325, 39.24237762684279], [74.72614332638891, 39.24327027334713], [74.72641033245517, 39.24421606667996], [74.72688113937862, 39.245109827633016], [74.72755648206893, 39.245794030902324], [74.72843830191385, 39.245848602223845], [74.72925251404433, 39.24585050003208], [74.73081332828988, 39.245801612633755], [74.73366426542056, 39.24554562729053], [74.73597189942427, 39.24539336120097], [74.73821120706401, 39.24534591073627], [74.74038266089016, 39.24529826823759], [74.74269119969922, 39.24493583438894], [74.74513587684308, 39.244468633265406], [74.746900430496, 39.244367466142094], [74.74812103979295, 39.24452764361439], [74.74859508010259, 39.24473870444054], [74.74906821556964, 39.24515980026828], [74.74893024199086, 39.24568459335282], [74.74818137918649, 39.24626057674824], [74.7469575363295, 39.24683552203719], [74.74553080516819, 39.24725248219002], [74.74430900156126, 39.24735482121651], [74.73677831507395, 39.247127988556464], [74.73372520035029, 39.247068532068795], [74.73060303437813, 39.24727137978628], [74.72890382059717, 39.247897541995734], [74.72754238468055, 39.24883952574126], [74.7261796152254, 39.25009641758407], [74.72515935780851, 39.25124693216943], [74.72386762512532, 39.25250143968442], [74.72244095869256, 39.253545698666876], [74.72087936538028, 39.25437970204349], [74.71945312490516, 39.25526658309956], [74.71850131446412, 39.25615502655416], [74.717752825493, 39.25704413964254], [74.71707295637557, 39.25767124038907], [74.71646222871179, 39.25787898953031], [74.7159206569596, 39.25766738374468], [74.71490634130025, 39.25692971021254], [74.71355349251715, 39.25608599180022], [74.71192903179445, 39.25539868026977], [74.71030336723916, 39.25507847563848], [74.70881363050316, 39.25465381674586], [74.708205572079, 39.25407481535522], [74.70814028210847, 39.25334032339659], [74.70855014706032, 39.25239766740713], [74.70916314827255, 39.251508148478266], [74.70984391146982, 39.25061885805404], [74.71052430727342, 39.24983445576936], [74.71120714047038, 39.248315791697145], [74.71127877517637, 39.24716218432806], [74.71101154770382, 39.24600742789167], [74.71047342761693, 39.244799300962526], [74.70986808748175, 39.2434335986411], [74.70925958585397, 39.24301194286209], [74.7085822599718, 39.242904735346286], [74.70722582801083, 39.24321477956284], [74.70573223539968, 39.243996366453324], [74.70396698533669, 39.244934340599634], [74.70260867611925, 39.245768801352455], [74.70165623524248, 39.24681445121821], [74.70117671321593, 39.24828131930205], [74.70063067732711, 39.24938082040302], [74.69988240196307, 39.25016492686922], [74.69872782551944, 39.250842711157844], [74.69730305283066, 39.25125729467208], [74.69581198211102, 39.25125204748773], [74.6948648080586, 39.2507766747323], [74.6946648626759, 39.24983190970987], [74.69527708123945, 39.24920469905891], [74.6958902245263, 39.24831525005532], [74.69609634317794, 39.24752926023864], [74.6957610349412, 39.246531572824665], [74.69549350287691, 39.24553412005014], [74.69536133220318, 39.24458959560388], [74.69563559159934, 39.243698949575716], [74.69645235696218, 39.24270531998261], [74.69747295715464, 39.24155505875661], [74.69849278516585, 39.24061457523624], [74.69897009780988, 39.239777079692566], [74.69904025977846, 39.23909550374408], [74.69856683504514, 39.23883160926078], [74.69761813858321, 39.23882828104144], [74.69605844733063, 39.23913748295619], [74.69436302213757, 39.23949863068227], [74.69320951377469, 39.239914126638624], [74.6919168538323, 39.241325623798375], [74.69076139511031, 39.24226556562432], [74.68967213970123, 39.243625315064186], [74.68892150208738, 39.24503871619971], [74.68796963897032, 39.245874462375866], [74.6866800566, 39.2463942999986], [74.68437368583825, 39.24696288887518], [74.6824748953579, 39.247270677953516], [74.67894955250931, 39.24757247757561], [74.67630522446038, 39.24787742845364], [74.67379682572424, 39.24807792623113], [74.6715607347048, 39.24796470194648], [74.66966454573216, 39.24759047266448], [74.66810868764026, 39.246850358521534], [74.66695844759654, 39.24637399531515], [74.66614498516392, 39.24642336989981], [74.66546517891346, 39.24694527482457], [74.66478305342147, 39.24804409253904], [74.66423497672157, 39.24951054901536], [74.66389336851594, 39.250191071564394], [74.66321456362301, 39.25045072862555], [74.66219645682727, 39.25081398266118], [74.66192302025695, 39.25138986468643], [74.66212380287203, 39.25202000159113], [74.66313601320607, 39.25312526091205], [74.66313242172156, 39.254016859254406], [74.66285813476904, 39.2548025289529], [74.66237965466743, 39.25579721194976], [74.66190137231939, 39.25673944463092], [74.66081069610327, 39.25825625719713], [74.65972104353747, 39.25951082530055], [74.65815707228522, 39.26071111053016], [74.65543049769836, 39.262686973916004], [74.65543049769836, 39.262686973916004], [74.65479728678704, 39.263145814711145], [74.65437659464313, 39.26320223749307], [74.65437659464313, 39.26320223749307], [74.65228004581245, 39.26348339896588], [74.6491743276584, 39.263128997744936], [74.64883762009997, 39.262751128056664], [74.6488829746022, 39.26220790813225], [74.64914620517037, 39.261611684602435], [74.64914620517037, 39.261611684602435], [74.64969458656962, 39.260369545944805], [74.65050823542288, 39.25963662123178], [74.65145762141879, 39.258746573026684], [74.65233942740866, 39.25785639850462], [74.65295340569553, 39.256914733766415], [74.65493732411642, 39.25251683922162], [74.65534941436219, 39.251207243221465], [74.65630584654944, 39.249375276302125], [74.65712517357075, 39.24790990389955], [74.65726589357722, 39.24665169965265], [74.65765086833437, 39.24348664441551], [74.65768673324514, 39.243191771205396], [74.657734029836, 39.24274341243754], [74.65773302983601, 39.24274341243754], [74.65922835397252, 39.242452466292875], [74.66576595237727, 39.24094871730938], [74.66576595237727, 39.24094871730938], [74.66592407310888, 39.24121466330601], [74.66643339876089, 39.24207129508202], [74.66751309521312, 39.24322922105401], [74.66940667864553, 39.24423284859862], [74.67123459585605, 39.244711724128784], [74.67299578684526, 39.24492808309205], [74.6770625764207, 39.244785805630876], [74.67943550709987, 39.24453229174591], [74.6814703689918, 39.244067703695606], [74.68242129871051, 39.24349424553198], [74.68350833828329, 39.242763928909824], [74.68398584342334, 39.24192649811507], [74.68439596372497, 39.24098392405967], [74.6845363764073, 39.239673237161114], [74.68447290963836, 39.23851915529351], [74.68393667125049, 39.23694377644177], [74.68373867072116, 39.23552696668675], [74.6838309284367, 39.23483326064755], [74.68382992843671, 39.23483326064755]]]]}, "properties": {"@featureType": "WaterpolyView", "identifier": {"value": "https://geosciml4china.example.org/J43C001002/waterpoly/LDLYAAE002.WP.64", "@codeSpace": "http://www.ietf.org/rfc/rfc2616"}, "GB": "73020", "name": "", "HYDC": ""}}, {"type": "Feature", "id": "https://geosciml4china.example.org/J43C001002/waterpoly/LDLYAAE002.WP.65", "geometry": {"type": "MultiPolygon", "coordinates": [[[[74.6283474525798, 39.24842725721074], [74.6283464525798, 39.24842725721074], [74.62834648733445, 39.24842744152076], [74.6283474525798, 39.24842725721074]]], [[[74.6202156902091, 39.249979796082776], [74.62062612450484, 39.25082523341584], [74.62143269083263, 39.25166590956216], [74.6222385479931, 39.25266391940796], [74.62257092738757, 39.25381837799726], [74.62256367626081, 39.2553917752216], [74.62296023395335, 39.2572806092114], [74.62463344633711, 39.26064033778108], [74.62537190578821, 39.261638199717076], [74.62585450611557, 39.26205414097963], [74.62646044730292, 39.26234080445148], [74.62715430888814, 39.26256296857314], [74.6274682035369, 39.2626634711362], [74.62849796466058, 39.26278449090097], [74.62956699622293, 39.262767391478654], [74.6303457772737, 39.26264679460567], [74.63201263314488, 39.26179058668966], [74.63220183957186, 39.260929695128944], [74.63202801502908, 39.25966683366143], [74.63183337337175, 39.25924245426983], [74.63146529420122, 39.258502511712535], [74.63065923664485, 39.257504565757394], [74.62992169139106, 39.25629694919481], [74.62959083648991, 39.25477538472088], [74.6295967476321, 39.253464219263854], [74.62933084822663, 39.25251969019365], [74.62913320419271, 39.2514179414387], [74.62886755443063, 39.25042096529491], [74.6285343787992, 39.24942386310838], [74.62834648733445, 39.24842744152076], [74.62021669020909, 39.249979796082776], [74.6202156902091, 39.249979796082776]]]]}, "properties": {"@featureType": "WaterpolyView", "identifier": {"value": "https://geosciml4china.example.org/J43C001002/waterpoly/LDLYAAE002.WP.65", "@codeSpace": "http://www.ietf.org/rfc/rfc2616"}, "GB": "73020", "name": "", "HYDC": ""}}, {"type": "Feature", "id": "https://geosciml4china.example.org/J43C001002/waterpoly/LDLYAAE002.WP.66", "geometry": {"type": "MultiPolygon", "coordinates": [[[[74.27653143523128, 39.25879762954199], [74.27473782250858, 39.2584933025588], [74.27293439312372, 39.25828771430061], [74.27093431042825, 39.25833271778033], [74.26912073357283, 39.25893067662545], [74.26762771818984, 39.25968013820695], [74.26730378510209, 39.25999954153641], [74.26730378510209, 39.25999954153641], [74.26840585175363, 39.25986732959621], [74.27149598398445, 39.25949572091441], [74.27653143523128, 39.25879762954199]]]]}, "properties": {"@featureType": "WaterpolyView", "identifier": {"value": "https://geosciml4china.example.org/J43C001002/waterpoly/LDLYAAE002.WP.66", "@codeSpace": "http://www.ietf.org/rfc/rfc2616"}, "GB": "73020", "name": "", "HYDC": ""}}, {"type": "Feature", "id": "https://geosciml4china.example.org/J43C001002/waterpoly/LDLYAAE002.WP.67", "geometry": {"type": "MultiPolygon", "coordinates": [[[[74.29230011098555, 39.25642956694555], [74.30757953120025, 39.25497823080949], [74.31433329607528, 39.253929401122505], [74.31433329607528, 39.253929401122505], [74.31233873364081, 39.25337805867322], [74.3103412846952, 39.253218283534494], [74.3068574881402, 39.25330280803581], [74.30427473337215, 39.253543255535206], [74.30162802005225, 39.253737958861215], [74.3004665074726, 39.25378544457566], [74.29833573572127, 39.25398129072544], [74.29575594831047, 39.25397511112844], [74.29408217428764, 39.253719933611016], [74.29292931062456, 39.25306418341203], [74.29012692020167, 39.25019438323994], [74.28885323857936, 39.24888533888085], [74.28770360811028, 39.24797840785771], [74.28604246310094, 39.246718601972816], [74.28450847604273, 39.245609771286034], [74.28303777486718, 39.24460153616484], [74.28188453864799, 39.24399590204733], [74.28053911626031, 39.24328931609908], [74.27912923955766, 39.24258254987351], [74.27778324700931, 39.241926156524116], [74.27631020054712, 39.24111874044379], [74.27516022896826, 39.24026191114742], [74.2738813226144, 39.23940473732699], [74.27260244744662, 39.23854754962988], [74.27132107338835, 39.23789125093117], [74.27042406107346, 39.23743685548684], [74.26932791480739, 39.23743397652385], [74.26835754889348, 39.23768255572152], [74.26777278592361, 39.238032600218084], [74.26731379803532, 39.23863411351602], [74.26711081443028, 39.23938698325588], [74.26754755827312, 39.24054336819996], [74.26824224985343, 39.24170043327311], [74.26926128874797, 39.24270766576119], [74.27041502971161, 39.24326319758662], [74.27189374778786, 39.24361865838935], [74.2731176956483, 39.2437223009579], [74.27504783429119, 39.24407889445027], [74.27845111307343, 39.24524286624391], [74.27973331708827, 39.24584886124325], [74.28127098677938, 39.24665639844438], [74.28261585290144, 39.2474132025124], [74.28428256924023, 39.248221026393104], [74.2860776824806, 39.2490793731291], [74.28774137320715, 39.25013827532543], [74.28888855509683, 39.25124610920697], [74.28990616662718, 39.25240384025712], [74.29079606028263, 39.253460797171435], [74.29155637420655, 39.25456765524528], [74.29205996499455, 39.25557342887244], [74.29229911098555, 39.25642956694555], [74.29230011098555, 39.25642956694555]]]]}, "properties": {"@featureType": "WaterpolyView", "identifier": {"value": "https://geosciml4china.example.org/J43C001002/waterpoly/LDLYAAE002.WP.67", "@codeSpace": "http://www.ietf.org/rfc/rfc2616"}, "GB": "73020", "name": "", "HYDC": ""}}, {"type": "Feature", "id": "https://geosciml4china.example.org/J43C001002/waterpoly/LDLYAAE002.WP.68", "geometry": {"type": "MultiPolygon", "coordinates": [[[[74.60365247725466, 39.25349798210449], [74.60386747113995, 39.25273284237126], [74.6042811282005, 39.251002932269515], [74.60483748201266, 39.24769990028845], [74.60517744436875, 39.24722856637395], [74.60558620460992, 39.24649513505621], [74.60619628431773, 39.24602434542219], [74.60700870075895, 39.245606402732335], [74.6074834476029, 39.24518778071043], [74.60768882311768, 39.244611274905125], [74.60769185419637, 39.24398191548432], [74.60722217644795, 39.2433516091076], [74.60654966575842, 39.242773339293755], [74.60533719238757, 39.24214152696367], [74.60378658673113, 39.24161390694987], [74.60216745070065, 39.24129591526395], [74.60041223982421, 39.241187407424775], [74.59845497334229, 39.24097355834952], [74.59663251163835, 39.24081240747557], [74.59507911903721, 39.24086158296419], [74.5939303617409, 39.24101649278457], [74.59264549221513, 39.24138089060829], [74.59176683481678, 39.24153635409197], [74.59068452808377, 39.241901160788636], [74.5897356726884, 39.24258092878659], [74.58919064342051, 39.24352379937111], [74.58864639980061, 39.24430932598169], [74.58823667527702, 39.24520003617175], [74.58796146727853, 39.24619593130961], [74.58788831990105, 39.24729715899647], [74.5878821692823, 39.24850342637515], [74.58814749709458, 39.249448049992935], [74.58848303737085, 39.24986835285454], [74.58942454671579, 39.250657095768744], [74.58996351336401, 39.25092049494806], [74.59151686430042, 39.25092383222541], [74.5920584829288, 39.25066275749691], [74.5924676655785, 39.249876927944584], [74.59287815835323, 39.248828862307306], [74.59308682613128, 39.24762302758469], [74.59329337896082, 39.24683676127645], [74.59323006152086, 39.245997475077246], [74.59310000404108, 39.245000703887044], [74.59303669036737, 39.24416141733885], [74.5932429708844, 39.24342759845754], [74.59412296024728, 39.2430098891907], [74.59533875484465, 39.24296001349104], [74.59682335954373, 39.24317292601296], [74.59810408611719, 39.24364762814984], [74.5993162619125, 39.24433196104585], [74.60019080532123, 39.24501558440144], [74.60072615678195, 39.246013184011], [74.60092463068847, 39.24685274707818], [74.60084858962374, 39.24858334231797], [74.60063798751877, 39.250208762864276], [74.60049465661236, 39.251886771971186], [74.60001697972673, 39.252882276983385], [74.59920132983378, 39.253929525279766], [74.5975821216704, 39.254534939963996], [74.5961052906616, 39.254849840683995], [74.5947373913627, 39.25517889395185], [74.59390732087101, 39.2552955500077], [74.59294653927091, 39.2553455317602], [74.59164195675562, 39.25552763801563], [74.59095512844215, 39.25565856513032], [74.59026705582619, 39.25600283175525], [74.58971603103288, 39.25637424509953], [74.58885250523352, 39.256897044068104], [74.58843757810062, 39.25710503085069], [74.58843757810062, 39.25710503085069], [74.59314703869295, 39.256092944738356], [74.59938531761635, 39.25448153032278], [74.60365347725465, 39.25349798210449], [74.60365247725466, 39.25349798210449]]]]}, "properties": {"@featureType": "WaterpolyView", "identifier": {"value": "https://geosciml4china.example.org/J43C001002/waterpoly/LDLYAAE002.WP.68", "@codeSpace": "http://www.ietf.org/rfc/rfc2616"}, "GB": "73020", "name": "", "HYDC": ""}}, {"type": "Feature", "id": "https://geosciml4china.example.org/J43C001002/waterpoly/LDLYAAE002.WP.69", "geometry": {"type": "MultiPolygon", "coordinates": [[[[74.32503832814244, 39.25211266558488], [74.32454806374439, 39.25172509444463], [74.32327374617037, 39.250413493918], [74.32219294110139, 39.24910273996787], [74.32143162611767, 39.248044543177684], [74.32093007248591, 39.24683681857672], [74.32036823926687, 39.245277222491104], [74.31980582953162, 39.24376784802996], [74.31949778326153, 39.2425609830447], [74.31925482500023, 39.24130417934169], [74.31901666928275, 39.23964556712392], [74.31890208643912, 39.238439565071026], [74.31865076350022, 39.23788592394457], [74.31833197100171, 39.23758312016832], [74.31749495508696, 39.237478903928114], [74.31594508233664, 39.23767283848993], [74.31510265457281, 39.23802063728151], [74.31496827791443, 39.23847208887957], [74.3150918192894, 39.238924703715824], [74.31560043567723, 39.23952974356666], [74.31629769421401, 39.24053746097902], [74.31692628681179, 39.241896462355434], [74.31811725781648, 39.24476484747452], [74.31853327934142, 39.247730201792166], [74.31921987367564, 39.24964196467981], [74.3202301582616, 39.251454715490816], [74.32087316600091, 39.25275950898811], [74.32087316600091, 39.25275950898811], [74.32312155417077, 39.252438474277454], [74.32503932814244, 39.25211266558488], [74.32503832814244, 39.25211266558488]]]]}, "properties": {"@featureType": "WaterpolyView", "identifier": {"value": "https://geosciml4china.example.org/J43C001002/waterpoly/LDLYAAE002.WP.69", "@codeSpace": "http://www.ietf.org/rfc/rfc2616"}, "GB": "73020", "name": "", "HYDC": ""}}, {"type": "Feature", "id": "https://geosciml4china.example.org/J43C001002/waterpoly/LDLYAAE002.WP.70", "geometry": {"type": "MultiPolygon", "coordinates": [[[[74.3280489703939, 39.251614170334044], [74.33213772852605, 39.250981359393585], [74.34467616734008, 39.249224649751355], [74.35014122237807, 39.24878484210223], [74.36148042414506, 39.24760491641147], [74.3643130157175, 39.2473926481336], [74.3643130157175, 39.2473926481336], [74.36434891255692, 39.246906833953496], [74.36429174580982, 39.24615081025286], [74.3641665665239, 39.24574699373602], [74.36371662139035, 39.24554261520984], [74.36332778178038, 39.24569126692038], [74.36273933587943, 39.246443168149696], [74.36221691823097, 39.24704435627004], [74.36182856427627, 39.247142628849446], [74.36137811980167, 39.24698861305875], [74.36099471579908, 39.246583140582224], [74.3606147843959, 39.24582504883222], [74.35984849483727, 39.24496372134169], [74.35914678598701, 39.244102804898056], [74.35844658384512, 39.243090762219005], [74.35748668091999, 39.24222817665981], [74.35639669519145, 39.24146549854057], [74.35524364331614, 39.24075669288415], [74.35408929503619, 39.24019935466266], [74.35267416819909, 39.23989205468665], [74.35112548387904, 39.23998600556682], [74.35047606438766, 39.2403851025632], [74.35034018339461, 39.24098727368566], [74.35052324865303, 39.24189216220918], [74.3509619450488, 39.242999040809856], [74.35107938673556, 39.2440041087504], [74.35088074562508, 39.244455331703534], [74.35042820093571, 39.24455388180783], [74.34978566123304, 39.24435025772397], [74.34933888869118, 39.2439465435747], [74.34864401469417, 39.24268788914375], [74.34788467975497, 39.24142895728918], [74.34674080672175, 39.23996747629711], [74.34604775539823, 39.238558127067094], [74.34591932879266, 39.23824912862842], [74.34591932879266, 39.23824912862842], [74.34548310630763, 39.237199549836035], [74.34543487239027, 39.23579293993864], [74.34551211207004, 39.234688237211515], [74.34552545320464, 39.23353303258112], [74.34586811929047, 39.231776482204154], [74.34594534400105, 39.23067177831992], [74.3457652641402, 39.22951575005881], [74.34539003940527, 39.22850957741816], [74.34495267755084, 39.227302224392815], [74.34444738088563, 39.22639595123652], [74.34368364438431, 39.225538803941355], [74.34266031319757, 39.22483122519984], [74.34157021003614, 39.224324267618506], [74.3409272976735, 39.22417082070492], [74.34047486737872, 39.22426933570232], [74.34040573354149, 39.224670869320114], [74.34046436517181, 39.225173409450576], [74.34058863154256, 39.22557577228626], [74.34096785390612, 39.22623037663344], [74.34153815908175, 39.22708671398525], [74.3423657743324, 39.22799437841881], [74.34325729507218, 39.22895253987184], [74.34376143568764, 39.22995926996345], [74.34387875539228, 39.23096434635274], [74.34380498227019, 39.23176769225538], [74.34359935395862, 39.232821618331094], [74.34319622390726, 39.23422629997923], [74.34298883469171, 39.23543090354767], [74.34291039158954, 39.23663605611069], [74.34289525891901, 39.237941938523704], [74.34307647686617, 39.23899751740227], [74.34376714615696, 39.24060778761035], [74.34649231329615, 39.24473814441831], [74.34712789775995, 39.24554450269092], [74.34725107954013, 39.246047311817385], [74.34718253975235, 39.246398621023815], [74.34666722714142, 39.2463462059313], [74.34628204791974, 39.24619388277082], [74.34577428075134, 39.24548852306067], [74.34494699897874, 39.24453065637384], [74.34398903098057, 39.24372291211876], [74.34322569942097, 39.24281553575606], [74.34239498908148, 39.2421590067335], [74.34150039701295, 39.24145197256427], [74.34067205710811, 39.24059452764607], [74.33997503077967, 39.23953672835825], [74.33934367601913, 39.23837874871131], [74.3387738954881, 39.23747217691482], [74.33820178450459, 39.23676650380436], [74.33775688474293, 39.236212066737856], [74.33718421142703, 39.2355566179903], [74.3365488300893, 39.234750205819395], [74.33572121512938, 39.23384250108061], [74.3350858658134, 39.233036083220654], [74.33438605980596, 39.23222938132446], [74.33368685769298, 39.23137244818598], [74.33292260867312, 39.23056545652068], [74.33189754996405, 39.230008463082626], [74.3309990825402, 39.22965292937027], [74.33048390821004, 39.229600443700335], [74.33028990311472, 39.22964982005586], [74.3302242507233, 39.22974999125278], [74.33034728556602, 39.23025281833761], [74.33085419970213, 39.23100846965019], [74.3314261877314, 39.231714178491856], [74.33231525202412, 39.2328733258547], [74.33301150679355, 39.23398139764954], [74.33587766191837, 39.23700758852024], [74.33803477462256, 39.24003064858642], [74.33892054223006, 39.241491103384426], [74.33942061368933, 39.24284943275217], [74.3396604281405, 39.24440755476827], [74.33964874096289, 39.24541207698278], [74.33912759273586, 39.24586188963601], [74.33770656123038, 39.24605666855562], [74.33699897615246, 39.245902922266424], [74.33655344019634, 39.245398705765254], [74.33630312943242, 39.24474464804001], [74.33611847812969, 39.2439904177855], [74.33567883353537, 39.24298393710777], [74.33523920420157, 39.24197745697328], [74.33499008886247, 39.241222944498304], [74.33397780190808, 39.239560993032235], [74.33347726998655, 39.23825286763721], [74.33297616781402, 39.23699496471521], [74.33228165154158, 39.23573621424832], [74.33146115842192, 39.234225766843174], [74.3305715042509, 39.23311683798255], [74.32993563010275, 39.23236061726028], [74.32923589011186, 39.231553884895526], [74.32859885826507, 39.23089811093363], [74.3277636876233, 39.230643287938705], [74.32711837566134, 39.230690670466764], [74.32672976458514, 39.23083964303996], [74.3265286342874, 39.231491727884645], [74.32658242197904, 39.23239608038547], [74.32695443040794, 39.233653441130244], [74.3271324327742, 39.23496017370552], [74.32705193802629, 39.236315991915816], [74.32690162486689, 39.238123560577], [74.32687729193239, 39.24018282816913], [74.32685355259572, 39.24219187039333], [74.3270847806067, 39.244453178811845], [74.32764497920638, 39.246163422308655], [74.32814427217052, 39.24757202427291], [74.3281365678988, 39.24822495989875], [74.32761354803489, 39.24882539828922], [74.32747211449364, 39.24987957477837], [74.32790931043792, 39.25108698740573], [74.3280479703939, 39.251614170334044], [74.3280489703939, 39.251614170334044]]]]}, "properties": {"@featureType": "WaterpolyView", "identifier": {"value": "https://geosciml4china.example.org/J43C001002/waterpoly/LDLYAAE002.WP.70", "@codeSpace": "http://www.ietf.org/rfc/rfc2616"}, "GB": "73020", "name": "", "HYDC": ""}}, {"type": "Feature", "id": "https://geosciml4china.example.org/J43C001002/waterpoly/LDLYAAE002.WP.71", "geometry": {"type": "MultiPolygon", "coordinates": [[[[74.44933104531032, 39.23584401061073], [74.44929019809997, 39.234910696385434], [74.44929969840084, 39.23380244535147], [74.44930876679518, 39.232744569064984], [74.44830755217001, 39.229061822768145], [74.44780936579853, 39.22694338334068], [74.44711801299499, 39.22477355952641], [74.44661858880227, 39.22280623898504], [74.44559637022003, 39.22159184870593], [74.4450194318858, 39.22113543966457], [74.44405483780534, 39.22072737750039], [74.44327776765634, 39.22102557309008], [74.44321148308309, 39.221226735368525], [74.44320799539047, 39.22162973764537], [74.44333053655814, 39.22238604033715], [74.44370818970948, 39.22349632024205], [74.44420971476546, 39.22521177759535], [74.44419708949805, 39.2266726563051], [74.44450675197216, 39.2281855954474], [74.44500876296728, 39.229850673415804], [74.44570226848313, 39.23176863307238], [74.44594656910448, 39.233381983098745], [74.44593180423495, 39.23509473474329], [74.44579401487275, 39.23610156231175], [74.44553363442202, 39.23635208857726], [74.444886802636, 39.23649984353425], [74.44339991416376, 39.236743950160864], [74.44184758808045, 39.23708844883753], [74.44029524704003, 39.237432926695], [74.43874684520334, 39.23732400806822], [74.43771751374086, 39.236915552859195], [74.4373354828181, 39.23630900448798], [74.437211223273, 39.23575419689633], [74.43747427320314, 39.235201438174165], [74.43825240609456, 39.234802533663355], [74.43941827493096, 39.23435529156472], [74.44090425121105, 39.234211985150615], [74.44213114647528, 39.23416805378954], [74.44258387253076, 39.23406967444772], [74.44258736523847, 39.23366667533036], [74.44246219606796, 39.23321262261845], [74.44188518396051, 39.23275619842235], [74.44098455946711, 39.23239882405635], [74.43975945027233, 39.232241241815494], [74.43807898853595, 39.23248425958402], [74.4368481519861, 39.23298152434072], [74.43548820273779, 39.2334780872818], [74.43451818705202, 39.23367444632649], [74.43270901518869, 39.233866325980394], [74.43199363493093, 39.23446703884932], [74.43114602742624, 39.23541967936313], [74.43024008072317, 39.23566672171789], [74.4295317964231, 39.23546142061883], [74.42921305266213, 39.23500631570318], [74.42902877297799, 39.233947406485115], [74.42891484938114, 39.23223396597778], [74.42860282550949, 39.23102323749923], [74.42776952317422, 39.23036385867294], [74.4268685546411, 39.23005675055193], [74.426028554202, 39.23015298104844], [74.42570178553542, 39.23060461684991], [74.42547718562679, 39.23128561150642], [74.42547718562679, 39.23128561150642], [74.42543237410813, 39.23186259767042], [74.42661578055723, 39.236705192553124], [74.42692241849466, 39.2385204238822], [74.42692344700808, 39.23955209494887], [74.42682401890275, 39.2402099641311], [74.4264139993857, 39.240500546871544], [74.42594165809832, 39.2407420541301], [74.4249670026839, 39.24105423198376], [74.42415032429983, 39.24122087998097], [74.42302392668962, 39.24132051102905], [74.4216704955367, 39.241061288156864], [74.42115991933602, 39.24040361366191], [74.4212971665636, 39.23949756795585], [74.42214540704906, 39.23849462647276], [74.42318683563698, 39.23754309793899], [74.4233849983716, 39.237040397785776], [74.42325994749699, 39.236586325573484], [74.42242257146764, 39.23638028347185], [74.4211328811893, 39.23622215580417], [74.41945453534109, 39.23621241773437], [74.4184853495235, 39.23630744965495], [74.41770618439877, 39.23680661680663], [74.41711657013434, 39.237760299677646], [74.41671696046824, 39.23911812404845], [74.41637915835797, 39.240778576211476], [74.41578311217403, 39.24243749538069], [74.41513624323393, 39.24293155707317], [74.41475812537891, 39.24314910956094], [74.41419266822062, 39.24326818279886], [74.41325030026785, 39.243458504204746], [74.41237064554218, 39.24364913664471], [74.41171191913298, 39.2436701913091], [74.4107117233701, 39.243274995984955], [74.41022841558639, 39.24270667259571], [74.40991482889632, 39.24169725004099], [74.40973174387061, 39.240537474438874], [74.40961413989854, 39.23927733506778], [74.40981838869986, 39.23811987536375], [74.41015310969463, 39.23681206451866], [74.41003504403078, 39.23560229933785], [74.40952369823722, 39.23504508933097], [74.40881917083047, 39.234436339654174], [74.40785738199388, 39.23372528784176], [74.4070901817238, 39.232914642773395], [74.40664573716163, 39.2321059321633], [74.40626955085597, 39.230894610767756], [74.40621472061845, 39.22983635239462], [74.40609164234124, 39.22918070520193], [74.40577030509871, 39.22902764049571], [74.4054461901492, 39.22917682019742], [74.40511651550383, 39.22993049847974], [74.40477802105468, 39.23164129240109], [74.40476643136617, 39.232900658553554], [74.4049484899815, 39.234161194035934], [74.40532698471728, 39.23512064404228], [74.4059650865828, 39.23593052499793], [74.40647548617264, 39.23658850170259], [74.40659626712997, 39.23749602042422], [74.40639613278323, 39.23820010130953], [74.40600186975789, 39.23895339311941], [74.40586303702463, 39.240010482084806], [74.4058523886707, 39.24116909769813], [74.40584127707285, 39.24237808981008], [74.40564297475684, 39.242880668515596], [74.40538335128772, 39.24303023741157], [74.40435042549075, 39.24302401366458], [74.40364447163896, 39.24256635663174], [74.40300587279977, 39.241806840334924], [74.40249733155478, 39.240947348894856], [74.4021806040519, 39.24029052737584], [74.4017440930802, 39.238625430929076], [74.40155742221462, 39.23786864105283], [74.40156907123945, 39.23660927448896], [74.4019053393558, 39.235150364653634], [74.40269017957928, 39.23404680957275], [74.40328274529678, 39.23279095317458], [74.40387435900509, 39.2316358424245], [74.40427277776993, 39.23042918789525], [74.4040907429467, 39.229168650733385], [74.40390221248384, 39.228613361705385], [74.40364449718705, 39.22856142916427], [74.40325304871007, 39.22901246118155], [74.40298789517632, 39.229766522480155], [74.40259317944954, 39.2305701762243], [74.40200620896587, 39.23122153296344], [74.39985887340758, 39.23307248711027], [74.39933406817744, 39.23397609557509], [74.39912825827483, 39.235284657657964], [74.39885835803065, 39.236542455133815], [74.39800747155937, 39.237796714407196], [74.39748448091301, 39.23849881560667], [74.39683331333231, 39.23909937534136], [74.3964455194403, 39.2391473897895], [74.39573824380629, 39.238840808471856], [74.39458145451766, 39.23827959085219], [74.39361787084611, 39.23776992025177], [74.39278151445718, 39.237462531797505], [74.3918132263674, 39.23745659257007], [74.39038975187796, 39.23780048743777], [74.3890915696973, 39.23854815617273], [74.38804824468211, 39.239650026088135], [74.3871349547064, 39.24065193412447], [74.38642055208882, 39.24110091338747], [74.38590410378755, 39.24109771867985], [74.38461920334376, 39.24043485166666], [74.38378668832814, 39.23972440451291], [74.38327839451185, 39.238864833063474], [74.38290018160482, 39.237905311991184], [74.38258748721718, 39.23684544174182], [74.3822762430561, 39.23563444987035], [74.38196068726373, 39.23487682582342], [74.38125448154551, 39.23446940855875], [74.38022024083821, 39.23461409471576], [74.37950730339155, 39.23491190931274], [74.37943600697949, 39.235616746855854], [74.37961858079547, 39.23677656699015], [74.38018414613393, 39.23839217483355], [74.3805599211129, 39.23960357567693], [74.3805517437384, 39.240459940256684], [74.37983441148354, 39.24121112426052], [74.37872972491637, 39.24195988461959], [74.37801670362194, 39.24225768905495], [74.3773065774976, 39.242253243854655], [74.37666149271814, 39.24219882419805], [74.37614600801795, 39.24209483778203], [74.37575721324491, 39.242243529192756], [74.37517086683923, 39.24279399826114], [74.37445199819255, 39.24369627291474], [74.3739292179173, 39.24434789125405], [74.37341031490156, 39.244596511690176], [74.37308752172021, 39.244594477406835], [74.37276764649317, 39.244290199635046], [74.37245167217199, 39.24358292337134], [74.3722662775683, 39.24272534131508], [74.37202022749823, 39.241464354518854], [74.37170719510324, 39.24045483331903], [74.37106993969269, 39.23959439399568], [74.370367654525, 39.238783917838354], [74.36780756985635, 39.23650072056377], [74.36697821392633, 39.23548790731554], [74.36621097790122, 39.23472737104083], [74.3656315045055, 39.23457255231262], [74.36537133667412, 39.234772405941655], [74.3653674021028, 39.23517540136875], [74.36574880548142, 39.235782356525384], [74.36631944598805, 39.2368439115581], [74.36682359095835, 39.23810655085269], [74.36757959248347, 39.240025690256985], [74.36789256373855, 39.24103522212651], [74.36788178014827, 39.24214345715329], [74.36774531117969, 39.242898250823025], [74.36754967945714, 39.24309851783043], [74.3672919391806, 39.243046504769794], [74.36703518298518, 39.242893742964114], [74.36678186194862, 39.242388359665085], [74.3667246691809, 39.241632336374586], [74.36660439615596, 39.240724778799525], [74.36622591054278, 39.239815582024676], [74.36565327981597, 39.238955523344316], [74.3650151227925, 39.238195801848974], [74.3645681784846, 39.23768917978138], [74.36431341666612, 39.23733491557235], [74.36380291547717, 39.23672713146623], [74.3630997564705, 39.23601736024919], [74.36239681454529, 39.23546206702864], [74.36169155178371, 39.23510756379785], [74.36130469267268, 39.23510597226538], [74.36110841944122, 39.23535630704149], [74.36110045518129, 39.23605947609259], [74.36141487741098, 39.2367639761826], [74.36205409056154, 39.23732049117307], [74.36288388974077, 39.23828296241568], [74.36428976691177, 39.239752877108096], [74.36531279895492, 39.24076694225052], [74.36550105562972, 39.24132229038073], [74.36523889557724, 39.2417236418913], [74.36478404715963, 39.24202300836147], [74.36394333292944, 39.24216878034225], [74.36316717285442, 39.24231496002492], [74.36290548916881, 39.242665929765366], [74.36315779689157, 39.24327206936131], [74.36386250598025, 39.243830717778714], [74.36527688037634, 39.244444259080325], [74.3663689756389, 39.245005356349665], [74.36713779786598, 39.24561476897043], [74.36784108952389, 39.246324515743424], [74.36828771831308, 39.24715519487632], [74.36828771831308, 39.24715519487632], [74.37112554903982, 39.24699210180896], [74.3746353229687, 39.24678771646764], [74.37817499666777, 39.24674109094853], [74.38318984101943, 39.24683055235433], [74.38910154028424, 39.24685036633215], [74.39049312577012, 39.2467858705659], [74.39203641298917, 39.246644507414366], [74.39422515561104, 39.24631369372274], [74.3968599578933, 39.2458697653571], [74.404769813111, 39.244837096217395], [74.4122793091593, 39.244021555462275], [74.41598268838254, 39.24330517943231], [74.41802138075344, 39.24279972052051], [74.4212576491571, 39.24215749478252], [74.42537365484773, 39.24130007058008], [74.42873639664431, 39.2403900442645], [74.43210853212781, 39.23976302905541], [74.4457277529284, 39.23671643077395], [74.44933204531031, 39.23584401061073], [74.44933104531032, 39.23584401061073]]]]}, "properties": {"@featureType": "WaterpolyView", "identifier": {"value": "https://geosciml4china.example.org/J43C001002/waterpoly/LDLYAAE002.WP.71", "@codeSpace": "http://www.ietf.org/rfc/rfc2616"}, "GB": "73020", "name": "", "HYDC": ""}}, {"type": "Feature", "id": "https://geosciml4china.example.org/J43C001002/waterpoly/LDLYAAE002.WP.72", "geometry": {"type": "MultiPolygon", "coordinates": [[[[74.7286209981497, 39.23566224604219], [74.728148048874, 39.235241067112625], [74.72726927916534, 39.23455639226434], [74.72659477642195, 39.23371466095186], [74.72632756524467, 39.232821375710735], [74.72592419794435, 39.232032786827446], [74.7251811619063, 39.23134841296213], [74.72402842548804, 39.231240665697804], [74.7222636748843, 39.23144650381007], [74.72022632650605, 39.23191420757446], [74.71825803653209, 39.23211949363848], [74.71703645471167, 39.232221547639334], [74.71595029687018, 39.23237642894981], [74.71506714138107, 39.232636816483314], [74.7140472897927, 39.23310689874953], [74.71268721381749, 39.23378616799297], [74.71098765359989, 39.23451708693608], [74.70988342919695, 39.234813086304385], [74.70988442919695, 39.234813086304385], [74.71075969102165, 39.235082524902566], [74.71582917420714, 39.23622285690656], [74.71999759948675, 39.23679687955968], [74.72507365928472, 39.23709094185429], [74.72840698508672, 39.237211485592915], [74.7287540173827, 39.2362401567737], [74.7286209981497, 39.23566224604219]]], [[[74.72840797233128, 39.23721152129484], [74.72840698508672, 39.237211485592915], [74.72840697233129, 39.23721152129484], [74.72840797233128, 39.23721152129484]]]]}, "properties": {"@featureType": "WaterpolyView", "identifier": {"value": "https://geosciml4china.example.org/J43C001002/waterpoly/LDLYAAE002.WP.72", "@codeSpace": "http://www.ietf.org/rfc/rfc2616"}, "GB": "73020", "name": "", "HYDC": ""}}, {"type": "Feature", "id": "https://geosciml4china.example.org/J43C001002/waterpoly/LDLYAAE002.WP.73", "geometry": {"type": "MultiPolygon", "coordinates": [[[[74.6944902742292, 39.23068874978504], [74.69530107158047, 39.23047157241569], [74.6948709454107, 39.23011226169725], [74.69351884823602, 39.22926830962592], [74.69182820657154, 39.22837068685164], [74.69013779525311, 39.22742059554699], [74.68810770957397, 39.22673149829835], [74.68641486926559, 39.22646316577013], [74.68560164953858, 39.22651267740475], [74.68485559795626, 39.22671977073339], [74.68431162752809, 39.22724227914839], [74.68396914550556, 39.22823754857777], [74.68403005666295, 39.23007344480001], [74.6838781071236, 39.23447851699859], [74.68383098501852, 39.23483283520035], [74.68585634149733, 39.23401729756808], [74.6944902742292, 39.23068874978504]]], [[[74.6838309284367, 39.23483326064755], [74.68383098501852, 39.23483283520035], [74.68382992843671, 39.23483326064755], [74.6838309284367, 39.23483326064755]]]]}, "properties": {"@featureType": "WaterpolyView", "identifier": {"value": "https://geosciml4china.example.org/J43C001002/waterpoly/LDLYAAE002.WP.73", "@codeSpace": "http://www.ietf.org/rfc/rfc2616"}, "GB": "73020", "name": "", "HYDC": ""}}, {"type": "Feature", "id": "https://geosciml4china.example.org/J43C001002/waterpoly/LDLYAAE002.WP.74", "geometry": {"type": "MultiPolygon", "coordinates": [[[[74.46343529214418, 39.2323048833096], [74.46216716849716, 39.2312488655446], [74.46185119424409, 39.230441222671985], [74.46211783388044, 39.22943503043043], [74.46251482407472, 39.228278364050595], [74.46265489170301, 39.22696926283743], [74.46260048182017, 39.22575993044407], [74.46228241349736, 39.22520416381006], [74.46163868154063, 39.22499938486193], [74.4611856168558, 39.22514821414346], [74.46047056673508, 39.22574910513735], [74.45955847943011, 39.226752004137595], [74.45858182041304, 39.227754568627475], [74.45734993519935, 39.22840317501734], [74.45572989594298, 39.229150531417666], [74.4554011835049, 39.229854127194045], [74.45545590199069, 39.23101308849182], [74.45609070435845, 39.232275779469745], [74.4572423566224, 39.23349073797853], [74.45757907824348, 39.233845960289905], [74.45757907824348, 39.233845960289905], [74.46343629214418, 39.2323048833096], [74.46343529214418, 39.2323048833096]]]]}, "properties": {"@featureType": "WaterpolyView", "identifier": {"value": "https://geosciml4china.example.org/J43C001002/waterpoly/LDLYAAE002.WP.74", "@codeSpace": "http://www.ietf.org/rfc/rfc2616"}, "GB": "73020", "name": "", "HYDC": ""}}, {"type": "Feature", "id": "https://geosciml4china.example.org/J43C001002/waterpoly/LDLYAAE002.WP.75", "geometry": {"type": "MultiPolygon", "coordinates": [[[[74.88227001151537, 39.20727725414473], [74.88376968396975, 39.20669202849694], [74.8853745605104, 39.206439726047], [74.88836895235312, 39.206268746010394], [74.89109551150005, 39.20626510259402], [74.89302039410376, 39.20617896601321], [74.89510552967467, 39.20613433945216], [74.89676272403167, 39.20617379889147], [74.89799234591727, 39.20617207398353], [74.89874105855588, 39.20608749129061], [74.89911578012243, 39.205919909516325], [74.89943777551012, 39.20550182473625], [74.89954763539173, 39.20449936012688], [74.89955069405369, 39.20345528415619], [74.8993424877258, 39.20153448662701], [74.8990233321862, 39.20099202161845], [74.89870295375574, 39.200867186303356], [74.89795454468666, 39.20086824233559], [74.89693748100281, 39.201329062622186], [74.89613411614071, 39.201831336056166], [74.89543915474036, 39.20183230196325], [74.89453223906116, 39.20120711103135], [74.89351955731652, 39.20020619464916], [74.89261267956121, 39.199580988652485], [74.89122534805549, 39.19874761096713], [74.88973100763594, 39.19795612316436], [74.8882364440003, 39.19724814271983], [74.88706172872547, 39.19683206446958], [74.8864741145436, 39.19670754635533], [74.88529745671269, 39.19691789404309], [74.88396004291691, 39.19721177456424], [74.88299610154243, 39.19758799518359], [74.88197800125761, 39.19817304316863], [74.88095921335741, 39.19896689736596], [74.88010127074362, 39.19963540068502], [74.87902881961428, 39.20047101686508], [74.87822365355416, 39.201348302430844], [74.87751984449228, 39.2020787463841], [74.87741860370849, 39.20218381790968], [74.87666661521452, 39.20314460080172], [74.87575372613534, 39.20423071682673], [74.87510744745084, 39.20556732240332], [74.87472586880583, 39.20773910421642], [74.87423549031789, 39.21045383492505], [74.87379980929244, 39.21279267868698], [74.8735838891269, 39.21337741896835], [74.87320663896712, 39.214212781473435], [74.87266929527311, 39.21492289971643], [74.87181066370292, 39.2157166257015], [74.87052344499489, 39.216677508235854], [74.86945062082144, 39.21751303542785], [74.86821669764628, 39.21851564192525], [74.86762506319556, 39.21943456207953], [74.86751338824091, 39.22081276065921], [74.86771737236748, 39.22377786755341], [74.86756984504798, 39.22486327552243], [74.86755275348459, 39.22498902648028], [74.86754695279446, 39.22670129881186], [74.86748821081764, 39.22824653424785], [74.86710854058857, 39.229750078355956], [74.86673112554485, 39.23058541725618], [74.86518807015908, 39.23229200974112], [74.86518807015908, 39.23229200974112], [74.8643139322468, 39.23325874741981], [74.8616314378441, 39.23522210617819], [74.86088019040835, 39.235806917491594], [74.85996779892874, 39.23655879894459], [74.85910949345532, 39.23714361629779], [74.85830439229731, 39.23781194166002], [74.85739180198682, 39.23860556663439], [74.8562639300031, 39.23973331415617], [74.85529717476885, 39.240693979999605], [74.85341665962035, 39.24274056984118], [74.8527181835945, 39.24349236978783], [74.85207336589089, 39.244202399603346], [74.85158970614195, 39.24474536054743], [74.85137395569063, 39.24520476844683], [74.85169388348103, 39.24553883935641], [74.85244260364188, 39.24570581571001], [74.8533526441481, 39.245663957904064], [74.854156385972, 39.24541329214022], [74.85480059746149, 39.244870302426804], [74.85549906501268, 39.24411848790262], [74.85614429160904, 39.24328315375306], [74.85684332054096, 39.242364279318295], [74.8574883668728, 39.24157069918982], [74.85834747831785, 39.24077708317001], [74.85909879986482, 39.24019228882665], [74.85995816692106, 39.23931513482018], [74.86097791868562, 39.23847970942442], [74.86237241217744, 39.23760244069946], [74.86360545808897, 39.23697576559716], [74.86478496335366, 39.23634908727869], [74.86601839240593, 39.23559709639606], [74.8671988472582, 39.234678053710645], [74.86827210177547, 39.23380078835576], [74.86885471522251, 39.23329956967082], [74.86885471522251, 39.23329956967082], [74.86929181921955, 39.23292352495878], [74.87031248657556, 39.23175391480226], [74.87106542257216, 39.230626128496155], [74.8720900526075, 39.22824537998491], [74.87220150792204, 39.22690894281791], [74.87220719554963, 39.225196670127666], [74.87226444613002, 39.22357711552557], [74.87226624658717, 39.22352614324435], [74.87259379029084, 39.221563203501915], [74.87318772643914, 39.219934291400776], [74.87356555912226, 39.21893187741324], [74.87437139589619, 39.21792934115104], [74.87490805938103, 39.21742802990322], [74.87571263268327, 39.21680134654366], [74.8766782344482, 39.216007558849334], [74.87769866982711, 39.214796115712275], [74.87845225278956, 39.213375936948], [74.87909948134849, 39.211746973580865], [74.8799601274435, 39.21028498678223], [74.88141158116487, 39.20807105449838], [74.8818946254522, 39.20756972986795], [74.88227001151537, 39.20727725414473]]]]}, "properties": {"@featureType": "WaterpolyView", "identifier": {"value": "https://geosciml4china.example.org/J43C001002/waterpoly/LDLYAAE002.WP.75", "@codeSpace": "http://www.ietf.org/rfc/rfc2616"}, "GB": "73020", "name": "", "HYDC": ""}}, {"type": "Feature", "id": "https://geosciml4china.example.org/J43C001002/waterpoly/LDLYAAE002.WP.76", "geometry": {"type": "Polygon", "coordinates": [[[73.70316112240683, 39.220245478988936], [73.70323390587107, 39.219741573468234], [73.70364591861527, 39.21873678278407], [73.70438436816168, 39.21758436394274], [73.70518114879901, 39.21678595659776], [73.70616548265349, 39.21634306489198], [73.70733548889221, 39.216407085728704], [73.70869701332644, 39.21672567890015], [73.71051440092528, 39.2171504460997], [73.71212963599227, 39.21777480079288], [73.71342321685121, 39.218243989652116], [73.71537277152116, 39.21851878174314], [73.71790348273821, 39.21895166341188], [73.71919326080751, 39.21957218662429], [73.7198319721339, 39.22023570738079], [73.71995173737028, 39.22084279423919], [73.71974584144404, 39.221345220163364], [73.71922114589161, 39.22159158587488], [73.71784995431983, 39.2218282397772], [73.71680141515036, 39.22216954943521], [73.71640401888564, 39.22251832918289], [73.71645376895408, 39.22327606932639], [73.71696129511928, 39.22398857746407], [73.71747557445713, 39.22439828433951], [73.71752912065536, 39.22490369287255], [73.71739514330042, 39.22520499707004], [73.71680329322801, 39.225450602450366], [73.7156244989646, 39.22584087029484], [73.71424837321759, 39.226279347314886], [73.71273622990749, 39.22701910378073], [73.71167501268465, 39.227915494057946], [73.71087729480024, 39.2288653403564], [73.71053629117536, 39.2296690434686], [73.70980158334913, 39.2305187028803], [73.70900669749653, 39.231317138325714], [73.70821746988307, 39.23166137371237], [73.70670997205588, 39.23214871851081], [73.70566122668313, 39.232489923813176], [73.70343341840383, 39.23312032925318], [73.70225539152872, 39.23345999461291], [73.70127948140582, 39.23339818711305], [73.70082938971437, 39.23303963109199], [73.70051155286623, 39.23268258759517], [73.70045706167788, 39.23207624280249], [73.70053575649332, 39.23137047681309], [73.701010093847, 39.23051785341161], [73.70187508894273, 39.22956883287957], [73.70241542195397, 39.22856555959123], [73.70263304196747, 39.22740711186974], [73.7026562677793, 39.22619592971268], [73.70267942875304, 39.224883814111394], [73.70277550934867, 39.22326965982823], [73.70286777933049, 39.221958300211455], [73.70308246648767, 39.22095124643376], [73.70316112240683, 39.220245478988936]]]}, "properties": {"@featureType": "WaterpolyView", "identifier": {"value": "https://geosciml4china.example.org/J43C001002/waterpoly/LDLYAAE002.WP.76", "@codeSpace": "http://www.ietf.org/rfc/rfc2616"}, "GB": "73020", "name": "", "HYDC": ""}}, {"type": "Feature", "id": "https://geosciml4china.example.org/J43C001002/waterpoly/LDLYAAE002.WP.77", "geometry": {"type": "MultiPolygon", "coordinates": [[[[74.68818863473824, 39.22286103229768], [74.6877975240511, 39.22120717461698], [74.68798501754081, 39.21979787915796], [74.68907921180171, 39.21782709614722], [74.69072129239004, 39.215575789686], [74.69363004250519, 39.21375074108263], [74.69417496045175, 39.21347021474094], [74.6968656362295, 39.212306888391836], [74.6968656362295, 39.212306888391836], [74.69695305216278, 39.21330964529416], [74.69715208175968, 39.21425221847641], [74.6971959387209, 39.2143121698216], [74.69755388962305, 39.21480280107705], [74.69826187628603, 39.21496165151096], [74.70150775868976, 39.214734507951086], [74.7048574032861, 39.2144290269203], [74.70668215054785, 39.21451214498074], [74.70713527913756, 39.21474880459241], [74.7080474072491, 39.215045488678356], [74.7088083114409, 39.215165149009096], [74.70933950914356, 39.214989846341275], [74.70956908963667, 39.214696026280144], [74.7094224443166, 39.21398910960472], [74.70957512106345, 39.213459588005364], [74.71003312004088, 39.21310745806366], [74.71064334519012, 39.21293233855665], [74.71155346770576, 39.21322899302885], [74.7133774443662, 39.2138811602623], [74.71459107817175, 39.214531810151286], [74.71762652191076, 39.2158934256916], [74.71899316701987, 39.216367763906774], [74.72043782806875, 39.216430122319665], [74.7212734818145, 39.216196617198044], [74.72211140845795, 39.2159042263563], [74.72264602600511, 39.21584661981276], [74.7239380302945, 39.21602632742927], [74.72826549361768, 39.21762623934313], [74.72955573145185, 39.21798251931091], [74.73076966497571, 39.21839748895269], [74.73137700178687, 39.21863440549669], [74.73152775941374, 39.21892914783756], [74.73152868291623, 39.219164659839706], [74.73137342593489, 39.21963533316936], [74.73053387599562, 39.22028105720516], [74.72954347041461, 39.220867544599756], [74.72847735291137, 39.221159454696], [74.72634527646905, 39.22127222188615], [74.72368308663775, 39.22132481113447], [74.72094683796827, 39.221377155110766], [74.71813336990348, 39.22125261641866], [74.71532076168688, 39.22095137556973], [74.71357136255048, 39.2207704489072], [74.71098724114779, 39.22041078702777], [74.70665404857627, 39.22022330580883], [74.70399334282975, 39.21998105421087], [74.70216577275527, 39.22003527462179], [74.69988499256709, 39.22026492570614], [74.69866554299632, 39.220379536615], [74.6969912792242, 39.22078733714185], [74.69531529415028, 39.22113623625226], [74.69432508793997, 39.22142803212735], [74.69346192604816, 39.22185753628612], [74.69244724811236, 39.222168873585275], [74.69082108099738, 39.22255680958223], [74.69017711752647, 39.222649417802344], [74.68869488111511, 39.22286284790866], [74.68818863473824, 39.22286103229768]]]]}, "properties": {"@featureType": "WaterpolyView", "identifier": {"value": "https://geosciml4china.example.org/J43C001002/waterpoly/LDLYAAE002.WP.77", "@codeSpace": "http://www.ietf.org/rfc/rfc2616"}, "GB": "73020", "name": "", "HYDC": ""}}, {"type": "Feature", "id": "https://geosciml4china.example.org/J43C001002/waterpoly/LDLYAAE002.WP.78", "geometry": {"type": "MultiPolygon", "coordinates": [[[[74.6968656362295, 39.212306888391836], [74.69645662294451, 39.2114242288985], [74.69574966787627, 39.21087284829988], [74.69443438172735, 39.21031986712218], [74.69250797566251, 39.209922272491845], [74.69108971353644, 39.21007552272107], [74.6891612734023, 39.21046291323754], [74.68712716015843, 39.211478029682105], [74.68539512046202, 39.21288645302409], [74.68346162810678, 39.21421579321606], [74.68153131143363, 39.21515244772072], [74.68031301795199, 39.2159321299958], [74.67959950253173, 39.216870478088346], [74.67959853194556, 39.217654598956166], [74.68000009428468, 39.21859702807619], [74.68161312558725, 39.220328014656374], [74.68353185217873, 39.221589611931684], [74.68514953003398, 39.22237960558548], [74.68686968666863, 39.22285629500556], [74.68818863473824, 39.22286103229768], [74.68818863473824, 39.22286103229768], [74.6877975240511, 39.22120717461698], [74.68798501754081, 39.21979787915796], [74.68907921180171, 39.21782709614722], [74.69072129239004, 39.215575789686], [74.69363004250519, 39.21375074108263], [74.69417496045175, 39.21347021474094], [74.6968656362295, 39.212306888391836]]]]}, "properties": {"@featureType": "WaterpolyView", "identifier": {"value": "https://geosciml4china.example.org/J43C001002/waterpoly/LDLYAAE002.WP.78", "@codeSpace": "http://www.ietf.org/rfc/rfc2616"}, "GB": "73020", "name": "", "HYDC": ""}}, {"type": "Feature", "id": "https://geosciml4china.example.org/J43C001002/waterpoly/LDLYAAE002.WP.79", "geometry": {"type": "MultiPolygon", "coordinates": [[[[74.94734903402791, 39.22094325718003], [74.94729158855581, 39.22129730182448], [74.9471654622861, 39.22187774680518], [74.94695958548621, 39.22210376408949], [74.9467942725813, 39.22220076885945], [74.94654563530014, 39.22220122069423], [74.94629906600227, 39.222169437332276], [74.94596975960266, 39.22178322523378], [74.9458067938224, 39.220848730358355], [74.94579691896995, 39.220604372478086], [74.94579691896995, 39.220604372478086], [74.94576572099058, 39.21988177440702], [74.94581111906508, 39.218946902241676], [74.94601767254665, 39.21797949577843], [74.94635166688923, 39.21717303336181], [74.94668394509054, 39.21623763558152], [74.94705582929228, 39.21559226873428], [74.94738923430108, 39.214592399254116], [74.94771962986798, 39.213592526395196], [74.94780376061011, 39.21288321718991], [74.94797278478129, 39.21201258644823], [74.94797553245756, 39.21078767799095], [74.9478940118458, 39.21033654848583], [74.94743797300599, 39.20953959874416], [74.94743797300599, 39.20953959874416], [74.94711271490742, 39.20911307657865], [74.94665788495169, 39.208630388834194], [74.94599980988288, 39.20811584197907], [74.94521817127576, 39.20750481044399], [74.94460052835181, 39.206925710899306], [74.94431100920282, 39.20634601192965], [74.94427107723756, 39.20576586793096], [74.94435664193222, 39.205314436110406], [74.94464629763445, 39.20495933605769], [74.9451007074208, 39.20473287165242], [74.94547115123916, 39.20469996461125], [74.94596716086485, 39.20476353442578], [74.9463772075541, 39.20502065741613], [74.94687349407403, 39.205406566497565], [74.94761393254822, 39.20598542839773], [74.94831511850522, 39.20656435955507], [74.94946722548279, 39.207142448378825], [74.95037683173524, 39.207237471187746], [74.95107775596352, 39.20704275829825], [74.95223300436137, 39.20665378601684], [74.95281126532593, 39.206394828289866], [74.95301965605051, 39.20636220628141], [74.95338996376546, 39.20639374127718], [74.95380125513563, 39.2065541359296], [74.9539267007492, 39.20671507502881], [74.9539651283583, 39.207101809375956], [74.9538415686966, 39.20745662195398], [74.95359328484199, 39.20777943410638], [74.95297367913021, 39.208070708322076], [74.95239540790139, 39.208329669020415], [74.95181798707122, 39.20865309407728], [74.95132181309012, 39.20910530058595], [74.9509905523879, 39.20962166792863], [74.95086533405546, 39.21026658755817], [74.95093222684677, 39.211209249020776], [74.95094338376786, 39.211394637660355], [74.95123141937275, 39.212683477049204], [74.95122764907687, 39.21348933611686], [74.95118560222237, 39.21384399307465], [74.95102132074446, 39.214392285529875], [74.9507722881263, 39.21503743388316], [74.95039751275634, 39.21565057800089], [74.95002537366099, 39.21597361076318], [74.94952920602611, 39.21639357433092], [74.94899140490242, 39.21697478576471], [74.94866130528203, 39.21739444166178], [74.94837276138098, 39.21768508152856], [74.9479993131841, 39.21813704645956], [74.94783457840555, 39.21842745867358], [74.94770775133384, 39.21887896803339], [74.94754321417962, 39.21952395682422], [74.94741714943716, 39.22052344858434], [74.94734903402791, 39.22094325718003]]]]}, "properties": {"@featureType": "WaterpolyView", "identifier": {"value": "https://geosciml4china.example.org/J43C001002/waterpoly/LDLYAAE002.WP.79", "@codeSpace": "http://www.ietf.org/rfc/rfc2616"}, "GB": "73020", "name": "", "HYDC": ""}}, {"type": "Feature", "id": "https://geosciml4china.example.org/J43C001002/waterpoly/LDLYAAE002.WP.80", "geometry": {"type": "Polygon", "coordinates": [[[73.76123121015173, 39.21208660001135], [73.76186197106736, 39.21253036335005], [73.76217913650368, 39.21265892031957], [73.76313656106751, 39.212733514453845], [73.76425731344938, 39.21262351580091], [73.76530883176721, 39.21195254007382], [73.76612186604308, 39.211216250971425], [73.76621121115133, 39.21071956012039], [73.76606682643049, 39.20990870473032], [73.76568280365223, 39.209094762833075], [73.76458342899465, 39.208084903930846], [73.7630811367483, 39.20725652767046], [73.76173388878402, 39.206679053917576], [73.7608552355404, 39.2066676995597], [73.76021383900488, 39.20678386553795], [73.75964994292754, 39.20702549448418], [73.75915640826041, 39.207765872234695], [73.75913143692102, 39.20907238680545], [73.75958575371833, 39.210385102560906], [73.76044544503388, 39.21139190828644], [73.76123121015173, 39.21208660001135]]]}, "properties": {"@featureType": "WaterpolyView", "identifier": {"value": "https://geosciml4china.example.org/J43C001002/waterpoly/LDLYAAE002.WP.80", "@codeSpace": "http://www.ietf.org/rfc/rfc2616"}, "GB": "73020", "name": "", "HYDC": ""}}, {"type": "Feature", "id": "https://geosciml4china.example.org/J43C001002/waterpoly/LDLYAAE002.WP.81", "geometry": {"type": "Polygon", "coordinates": [[[73.73268531378407, 39.21009356226722], [73.73327819761941, 39.20954583488317], [73.73504829738756, 39.20835682755635], [73.73590945658464, 39.207307704801856], [73.73631285107321, 39.20650516201131], [73.73626227508309, 39.20574734139953], [73.73595000521337, 39.2051376357306], [73.73518472945005, 39.2045221804412], [73.73429192504949, 39.20380414499266], [73.73352856909946, 39.203087746598015], [73.73309068515626, 39.202274522524014], [73.73285262284082, 39.20116096692572], [73.73248136149618, 39.20024762904188], [73.73204445142142, 39.199383934838444], [73.73122118619969, 39.19841436458827], [73.73058639023222, 39.19775006218168], [73.72974800811524, 39.19758794889191], [73.72929125229118, 39.19778404514035], [73.72811604807369, 39.19832432987566], [73.72687327049991, 39.199015178960586], [73.72588668301313, 39.19965963961557], [73.72522813142766, 39.200055949992965], [73.72284852139177, 39.20194692816764], [73.72153324219924, 39.20263857929206], [73.719956589607, 39.203377696126324], [73.7184469146143, 39.20401660678021], [73.71654757365627, 39.20460054830838], [73.71471330352982, 39.205185205895944], [73.71267698439812, 39.20612084891697], [73.71122652036189, 39.207063209440804], [73.70997132399687, 39.208007806571274], [73.70891236474104, 39.208904176501015], [73.70818178806468, 39.20965289827297], [73.7077116089536, 39.210404626124465], [73.70730845552502, 39.21105617005064], [73.70716474927225, 39.211761192639194], [73.70722599847092, 39.21196380946806], [73.70728532185349, 39.21226735763288], [73.70766439231127, 39.21287746737549], [73.70862654407583, 39.21364574113299], [73.70985876976307, 39.21391234985527], [73.71168850434552, 39.213580107321114], [73.7139136595541, 39.212999996248044], [73.71574622415525, 39.2125162871866], [73.71691335345828, 39.212782074317914], [73.71807188459653, 39.21350204733063], [73.71902842618087, 39.21457303690283], [73.72005297017161, 39.21549336370876], [73.72114837562822, 39.21611162820275], [73.72263160375259, 39.21688574782227], [73.72392524449798, 39.217354818766665], [73.7253557820878, 39.217472097343354], [73.7264000345649, 39.2172824005875], [73.72731286299484, 39.21694070290491], [73.72803624969742, 39.216344187005], [73.72843978756121, 39.21554167727752], [73.72845686368838, 39.21463328112652], [73.7284092128627, 39.21372405889399], [73.72868043930283, 39.213071294056626], [73.7295332213136, 39.21247641908782], [73.7305144829557, 39.21193365321656], [73.73143290282168, 39.21128912001918], [73.73235319609165, 39.210543646831255], [73.73268531378407, 39.21009356226722]]]}, "properties": {"@featureType": "WaterpolyView", "identifier": {"value": "https://geosciml4china.example.org/J43C001002/waterpoly/LDLYAAE002.WP.81", "@codeSpace": "http://www.ietf.org/rfc/rfc2616"}, "GB": "73020", "name": "", "HYDC": ""}}, {"type": "Feature", "id": "https://geosciml4china.example.org/J43C001002/waterpoly/LDLYAAE002.WP.82", "geometry": {"type": "Polygon", "coordinates": [[[74.92774781800637, 39.208916866332956], [74.92741130991719, 39.2080908726961], [74.92668277049455, 39.206888669287196], [74.92609550841748, 39.206259276444], [74.92514346974826, 39.20563048319204], [74.92411749851074, 39.205231024549676], [74.92250668396711, 39.20483250556464], [74.92037993936516, 39.20460670700242], [74.91839946474555, 39.20455255179289], [74.91605189907028, 39.204613549768375], [74.91362966303505, 39.20478922333081], [74.9112072531574, 39.205022152979396], [74.90937316730246, 39.205082233414046], [74.90864207914228, 39.20491141882664], [74.9082037072278, 39.204281715514924], [74.90813244286907, 39.20353685199684], [74.90857546447666, 39.20250469150474], [74.9093107688443, 39.20187322752895], [74.91077727280799, 39.20135526044045], [74.9120259099236, 39.201124138811004], [74.91378553626082, 39.20106413110157], [74.91576575688507, 39.201175668855136], [74.9174534143108, 39.201344940707344], [74.91826160500713, 39.20122905690018], [74.9195830234284, 39.200825819675664], [74.92075741978603, 39.20053741623664], [74.92149214286964, 39.200077792271465], [74.9215669930039, 39.19950461678984], [74.92142154445494, 39.1986452671099], [74.92193704482267, 39.19824330022162], [74.92296324094166, 39.198127028800016], [74.92450488354504, 39.19800990669927], [74.92589852772741, 39.19800761958544], [74.92780375171401, 39.19834829656202], [74.92934366634212, 39.198918782041524], [74.93080882692423, 39.199661287570066], [74.93242058114936, 39.200460830787726], [74.93410358616347, 39.20131753076562], [74.93520335437272, 39.201945997448426], [74.93630183217361, 39.202287925701896], [74.93667087833946, 39.20217267720786], [74.9370372973218, 39.20148437144494], [74.93799171005189, 39.201138870755194], [74.93975418233347, 39.201135774900415], [74.94100024158753, 39.20153470565809], [74.94136380286243, 39.202049805055054], [74.94151117309184, 39.202622599409764], [74.94121641477571, 39.20319617885111], [74.94055373923679, 39.20382771509412], [74.93967198100025, 39.20445963590981], [74.93827743746166, 39.20520706071242], [74.9371730206832, 39.20606856918044], [74.9362929298435, 39.20681507479702], [74.9354079843957, 39.207905407816845], [74.93496773750756, 39.20876575265105], [74.9347691339038, 39.209888152518886], [74.93474459061203, 39.21002685523819], [74.93481358618631, 39.2110009253243], [74.93481180139956, 39.21214703777777], [74.93480945718721, 39.213522371070916], [74.93524518020621, 39.214954251626544], [74.93568147453999, 39.21615690699402], [74.93582558222167, 39.217245459764726], [74.93596941653465, 39.21844862259589], [74.93589382937375, 39.219365636815446], [74.9357471176164, 39.219767031324864], [74.93537956015219, 39.220054193219404], [74.93479116187365, 39.220227122689344], [74.93464613615308, 39.220341986371565], [74.93442501860613, 39.220342364827374], [74.93369142936885, 39.2202863185192], [74.93295912401084, 39.220115657199415], [74.93207963108273, 39.21931487848042], [74.93134961358669, 39.218227319165294], [74.93076635405934, 39.21673836691363], [74.93025548827583, 39.21524928869591], [74.92952668820814, 39.21370327072098], [74.92886942778884, 39.2120998218323], [74.92843341977566, 39.210839833774834], [74.92799657270248, 39.209522537402215], [74.92774781800637, 39.208916866332956]]]}, "properties": {"@featureType": "WaterpolyView", "identifier": {"value": "https://geosciml4china.example.org/J43C001002/waterpoly/LDLYAAE002.WP.82", "@codeSpace": "http://www.ietf.org/rfc/rfc2616"}, "GB": "73020", "name": "", "HYDC": ""}}, {"type": "Feature", "id": "https://geosciml4china.example.org/J43C001002/waterpoly/LDLYAAE002.WP.83", "geometry": {"type": "MultiPolygon", "coordinates": [[[[74.5612164605959, 39.20269369025777], [74.56088493079922, 39.20243385491677], [74.56088493079922, 39.20243385491677], [74.56012601028937, 39.20183904365866], [74.5590820356214, 39.20095771433865], [74.55803887078198, 39.199950831346236], [74.55740093861712, 39.19869383943273], [74.55732927772013, 39.19724990553449], [74.55749899423319, 39.195932104608254], [74.55758680386198, 39.194802419103944], [74.55718911292638, 39.19385986783643], [74.55646816524983, 39.19297930006192], [74.55558578818523, 39.19209831251595], [74.55478215594451, 39.19159475245498], [74.55357584460006, 39.1909647952397], [74.55204669132839, 39.19033402386114], [74.55003238240876, 39.189827420711715], [74.54825934705147, 39.189446786301744], [74.54672937376114, 39.18894134083685], [74.54528284536613, 39.18805989619014], [74.5446439202704, 39.18711779188224], [74.54400660092782, 39.185799495671404], [74.54377242154249, 39.18435682873637], [74.54345673733853, 39.18303934876544], [74.54289794233775, 39.18184664426605], [74.5420127349593, 39.18121738692409], [74.541206541582, 39.18090182122002], [74.54047862662448, 39.18102534495447], [74.54031449978085, 39.18146381260635], [74.54030944543457, 39.18234158125765], [74.54054282391466, 39.18390965130902], [74.54037255031774, 39.18541398114631], [74.53955618188115, 39.18685394220341], [74.53841800248301, 39.188042266313566], [74.53768601132731, 39.188855445383425], [74.53760192793176, 39.18941951463165], [74.53792189587205, 39.18998463516503], [74.53848101238637, 39.19105196654639], [74.5389589106523, 39.19193098813618], [74.53934972332775, 39.19387783396799], [74.53934275263994, 39.19494494096404], [74.53981806486433, 39.196327157672776], [74.54109859292326, 39.19802530684112], [74.54222057813163, 39.19928363074171], [74.54318196718943, 39.2004159874969], [74.54405940776789, 39.202050300122615], [74.54509754401884, 39.203810557581406], [74.54645946642422, 39.20544608230444], [74.54703778691224, 39.206496826741095], [74.54703778691224, 39.206496826741095], [74.54707300480926, 39.20681563876998], [74.54707300480926, 39.20681563876998], [74.55552956872975, 39.20465878966134], [74.5612154605959, 39.20269369025777], [74.5612164605959, 39.20269369025777]]]]}, "properties": {"@featureType": "WaterpolyView", "identifier": {"value": "https://geosciml4china.example.org/J43C001002/waterpoly/LDLYAAE002.WP.83", "@codeSpace": "http://www.ietf.org/rfc/rfc2616"}, "GB": "73020", "name": "", "HYDC": ""}}, {"type": "Feature", "id": "https://geosciml4china.example.org/J43C001002/waterpoly/LDLYAAE002.WP.84", "geometry": {"type": "MultiPolygon", "coordinates": [[[[74.74655801562817, 39.18939821472172], [74.74655701562817, 39.18939821472172], [74.7465574460286, 39.18939905411542], [74.74655801562817, 39.18939821472172]]], [[[74.74542569867799, 39.19090022596889], [74.74125545560106, 39.19501304095981], [74.73965705720785, 39.19636832227617], [74.73867914518576, 39.19716540465972], [74.73708145928077, 39.19836058570655], [74.73646409288821, 39.19887873471045], [74.7348164245515, 39.19999367856424], [74.7314767079565, 39.20173474985764], [74.7314757079565, 39.20173474985764], [74.73233194693265, 39.20182352252288], [74.73393148582309, 39.201595918120766], [74.73515535689718, 39.200863576447034], [74.73638014675392, 39.19992118565855], [74.73685573795385, 39.199712222566184], [74.73712673029057, 39.1997653444286], [74.7371921816654, 39.20029058875677], [74.73718723659354, 39.2013932786569], [74.73731814409128, 39.20244376463192], [74.73812739286986, 39.2034432691379], [74.73852979727319, 39.20444185551316], [74.73920346362144, 39.205441047880804], [74.74008175435576, 39.2061781470859], [74.74116489943435, 39.206600636793844], [74.74211358899557, 39.20676027082005], [74.7433353865942, 39.206500425374706], [74.74415213984906, 39.20581959999691], [74.7447688926944, 39.20435068860478], [74.74505547695107, 39.203444663040486], [74.74525022654203, 39.20282896517244], [74.74586784311433, 39.201150010838745], [74.74648383119204, 39.19983861556787], [74.74730252853728, 39.19868518471532], [74.74845863313583, 39.19790004557053], [74.75022562790562, 39.19695868007485], [74.75396444129906, 39.19470873178381], [74.75478073219305, 39.1940803394637], [74.75586821341734, 39.193452509881595], [74.75715929262812, 39.1927725866322], [74.75919657431425, 39.19199079894546], [74.76123337756596, 39.1913139679137], [74.76326927679932, 39.19084664706109], [74.76517019717467, 39.19022185947494], [74.76666221776635, 39.189388935660524], [74.76815450167484, 39.18839909062748], [74.76916939902789, 39.187195545056476], [74.7695094801688, 39.185887012774344], [74.76937832233884, 39.184474398158684], [74.76897642992591, 39.183585358735954], [74.76762950365038, 39.18180453615041], [74.76614243879425, 39.180806015776085], [74.76438377177975, 39.18012063375267], [74.76221903248428, 39.17938169999591], [74.7605950234403, 39.179010613319], [74.75964768225968, 39.1787984957282], [74.7589706170988, 39.178796477962514], [74.75836027893065, 39.17916093743013], [74.7582236092148, 39.1796314611285], [74.758830887058, 39.180418158514826], [74.76058853960045, 39.181469901772], [74.7622113744465, 39.18231191464592], [74.76363070476008, 39.183310286724854], [74.76491465273881, 39.18430824222463], [74.76552204820237, 39.185094906715506], [74.7656551897181, 39.18598483173152], [74.76517957906799, 39.18661134698872], [74.76423036443701, 39.18707949371337], [74.76280753997106, 39.1873892603539], [74.76084071084797, 39.187908025331694], [74.75907562731426, 39.188480639368365], [74.75785310285269, 39.18900196900478], [74.75642584864536, 39.189837178460834], [74.75547248142912, 39.19083052486498], [74.7516641199692, 39.19354863431898], [74.75091605841227, 39.19407213035495], [74.75003419076727, 39.19417525986189], [74.74922193118766, 39.19385845333253], [74.7482777163518, 39.19270120435684], [74.74733624590351, 39.19091791807434], [74.7465574460286, 39.18939905411542], [74.74633773940639, 39.18972282605562], [74.74542569867799, 39.19090022596889]]]]}, "properties": {"@featureType": "WaterpolyView", "identifier": {"value": "https://geosciml4china.example.org/J43C001002/waterpoly/LDLYAAE002.WP.84", "@codeSpace": "http://www.ietf.org/rfc/rfc2616"}, "GB": "73020", "name": "", "HYDC": ""}}, {"type": "Feature", "id": "https://geosciml4china.example.org/J43C001002/waterpoly/LDLYAAE002.WP.85", "geometry": {"type": "MultiPolygon", "coordinates": [[[[74.59905168438597, 39.190538393323415], [74.59911080554356, 39.18937538566174], [74.59871692554806, 39.18786979496373], [74.59800102777885, 39.186238134275776], [74.59711968959475, 39.185233111006696], [74.59591432343126, 39.18441549551107], [74.59446727043952, 39.18353465801524], [74.59342010775006, 39.18321894307839], [74.5923680419148, 39.18365559428531], [74.59171540546589, 39.184720080184725], [74.59178381593178, 39.18660119163639], [74.59241640146288, 39.18860890626202], [74.59304820669179, 39.190742013105066], [74.59360235331548, 39.19243631113693], [74.59375836621204, 39.19337822559232], [74.59335332174128, 39.19362845494964], [74.59278828593214, 39.19362725389118], [74.5919829067273, 39.19331167304798], [74.59085393247469, 39.193120939670536], [74.5899649287782, 39.193307345023435], [74.58867012977822, 39.1938694992604], [74.5872949579872, 39.19436869317833], [74.58600196024622, 39.194616959689974], [74.58511551211109, 39.194363929724815], [74.58431496739124, 39.19323226773414], [74.58351701840877, 39.191724513841756], [74.58247899127207, 39.190029349388126], [74.58095841087116, 39.18808230032405], [74.5795173614263, 39.186323508447536], [74.57815498343116, 39.18487837056566], [74.57719281396217, 39.183935711843866], [74.57630502449332, 39.18393369849765], [74.57606120214048, 39.184183938594686], [74.57597582996131, 39.18487343323063], [74.57690286222501, 39.1910200192347], [74.57769564259361, 39.19328027410136], [74.57873411619273, 39.195103010796785], [74.57946867539782, 39.19662926220808], [74.57946867539782, 39.19662926220808], [74.57961771959307, 39.19706691042943], [74.57961771959307, 39.19706691042943], [74.58951997321986, 39.19493897713483], [74.59206438011034, 39.1944537093079], [74.59572530540748, 39.192736752085025], [74.59905268438597, 39.190538393323415], [74.59905168438597, 39.190538393323415]]]]}, "properties": {"@featureType": "WaterpolyView", "identifier": {"value": "https://geosciml4china.example.org/J43C001002/waterpoly/LDLYAAE002.WP.85", "@codeSpace": "http://www.ietf.org/rfc/rfc2616"}, "GB": "73020", "name": "", "HYDC": ""}}, {"type": "Feature", "id": "https://geosciml4china.example.org/J43C001002/waterpoly/LDLYAAE002.WP.86", "geometry": {"type": "Polygon", "coordinates": [[[74.86451728703257, 39.19405947197359], [74.86384639221109, 39.19506185433539], [74.86282632500178, 39.19627268531548], [74.8619137074329, 39.1973165358309], [74.8613224040921, 39.19827660007398], [74.86067687967251, 39.19948700327591], [74.85992429453864, 39.200697517164784], [74.85901215274062, 39.20153277437494], [74.85820772455942, 39.20211762477663], [74.85745692140009, 39.20266070088025], [74.85649143269909, 39.2034125644656], [74.85557968415046, 39.204080937341125], [74.85509586763071, 39.20483228860458], [74.85482590589015, 39.20566684339425], [74.85487802111389, 39.20616735459258], [74.85530539792327, 39.20645890884546], [74.85605462615744, 39.20649984049972], [74.85733921994739, 39.20649849322454], [74.85915974696924, 39.206246273114836], [74.86151561912851, 39.2059517289505], [74.86264030457127, 39.20570021274454], [74.86349837367104, 39.20507355842599], [74.86446324772389, 39.204530204193546], [74.86569639056148, 39.2037362583065], [74.86692950275268, 39.20294229920761], [74.86773386820919, 39.202357388559925], [74.86843128693405, 39.20173087980413], [74.86918156195456, 39.201354589853466], [74.87035977643389, 39.201061222395545], [74.87169864824234, 39.200725940266615], [74.87250241273402, 39.20034956614254], [74.8730926253502, 39.199764870040624], [74.87341576384914, 39.19897192310772], [74.87347162104788, 39.198054150484765], [74.87331212954453, 39.19763720330842], [74.87272449825733, 39.19722076401635], [74.87218985750528, 39.19701282876387], [74.87170798669142, 39.19709682579888], [74.87138612652697, 39.19738920100513], [74.87127672674865, 39.19830703517407], [74.87106103571834, 39.19893299658948], [74.87047124701152, 39.199350825283624], [74.86966769804269, 39.19964375799854], [74.86854324367879, 39.19985362991349], [74.86757988827662, 39.19985473450748], [74.86736625199049, 39.19968812474582], [74.86742054071446, 39.1993960645978], [74.86822868863247, 39.197351161390706], [74.86817714079112, 39.19660037050945], [74.86860658722482, 39.196099309556516], [74.86895238175315, 39.19577626304307], [74.86914306122637, 39.19559812403032], [74.86994700116227, 39.1951383373555], [74.87075092772817, 39.19467854732814], [74.87166176769745, 39.19426033684045], [74.87289347594836, 39.19392516787375], [74.87449956188682, 39.193672961812815], [74.87610501167616, 39.193671018556074], [74.87813889031142, 39.193543384195806], [74.88017306682744, 39.19329056955325], [74.88161877438716, 39.1929550395016], [74.88354556329507, 39.19278593495808], [74.88536371748172, 39.192783761258795], [74.88702117993851, 39.192490812396315], [74.8887858601954, 39.191989981882344], [74.89028326224282, 39.191489481204435], [74.89156645838813, 39.19123850966411], [74.89199438112253, 39.19103021704484], [74.89236916572892, 39.19061428032422], [74.8924233118427, 39.19015723244953], [74.89221015025035, 39.189742084941344], [74.8917297461356, 39.18932729924009], [74.89114232037564, 39.18899574038473], [74.89050145221917, 39.18866424768798], [74.88996709675422, 39.18858187243822], [74.88911157922388, 39.188582196320155], [74.88809546728343, 39.188582150376554], [74.88697236428668, 39.18862370239402], [74.88622354400349, 39.18874850384891], [74.88574201048719, 39.18899816763603], [74.88515351341435, 39.189247820869184], [74.88461856488317, 39.18941424491721], [74.88338790771034, 39.18958168594706], [74.88060514378486, 39.189751665973304], [74.87787628980846, 39.189505350229076], [74.87482634087078, 39.18930097163372], [74.8723650784451, 39.189054205986864], [74.87049218306066, 39.1890563998029], [74.8690471952564, 39.189224538571196], [74.86824401345723, 39.18968323952198], [74.8677083356272, 39.19018324464067], [74.86451728703257, 39.19405947197359]]]}, "properties": {"@featureType": "WaterpolyView", "identifier": {"value": "https://geosciml4china.example.org/J43C001002/waterpoly/LDLYAAE002.WP.86", "@codeSpace": "http://www.ietf.org/rfc/rfc2616"}, "GB": "73020", "name": "", "HYDC": ""}}, {"type": "Feature", "id": "https://geosciml4china.example.org/J43C001002/waterpoly/LDLYAAE002.WP.87", "geometry": {"type": "MultiPolygon", "coordinates": [[[[74.76492200220552, 39.16025346833785], [74.76761355616678, 39.16139744665132], [74.76936783303616, 39.16186999507835], [74.77098307522951, 39.16218198777042], [74.7732721908247, 39.16228382620556], [74.77488784170467, 39.162438788069686], [74.77596367702652, 39.16306533719116], [74.77656780273645, 39.1638494523573], [74.7766336251799, 39.164477269973624], [74.77616011522693, 39.165367395514195], [74.77521560941075, 39.1661011382574], [74.77494497956354, 39.16662472738793], [74.77541508206848, 39.167147388046644], [74.77669301521752, 39.16777367753614], [74.77803818534636, 39.16845219066003], [74.77884527517257, 39.1688697575394], [74.78214045987148, 39.170801502060186], [74.79054868443377, 39.1751331316773], [74.79182608909099, 39.176127350979726], [74.79357519288382, 39.17701705220025], [74.7955936298323, 39.177958973846835], [74.7978139459759, 39.179005524517684], [74.80003389646265, 39.180261578099426], [74.80171520754689, 39.18146551461065], [74.8030593802931, 39.18287916884865], [74.80373068788646, 39.18397889058374], [74.8045357802184, 39.18555000456576], [74.80520660983001, 39.18691164871971], [74.80547404725507, 39.18790682971949], [74.80547315833778, 39.18835000064138], [74.80547315833778, 39.18835000064138], [74.8054725752493, 39.18864023945212], [74.80533722480082, 39.188954640421706], [74.80466320356443, 39.18916459156523], [74.80416079848032, 39.18912581175719], [74.80416079848032, 39.18912581175719], [74.8034515725293, 39.188746218919476], [74.79632228626055, 39.18366871480499], [74.78434819038598, 39.177129913979854], [74.77943632198205, 39.17520033026944], [74.77640747836426, 39.17447164915467], [74.77364692272668, 39.17421348211176], [74.7701446651077, 39.1743224267938], [74.76737687631991, 39.17463518077633], [74.76466742029544, 39.17515052516591], [74.76114589347517, 39.17550642453556], [74.7577610008536, 39.17539169629758], [74.75490907113219, 39.17471632989297], [74.75491007113219, 39.17471632989297], [74.75557370846981, 39.172237558303934], [74.75716968639608, 39.168716370314996], [74.76126388964143, 39.16308558757789], [74.76492100220553, 39.16025346833785], [74.76492200220552, 39.16025346833785]]]]}, "properties": {"@featureType": "WaterpolyView", "identifier": {"value": "https://geosciml4china.example.org/J43C001002/waterpoly/LDLYAAE002.WP.87", "@codeSpace": "http://www.ietf.org/rfc/rfc2616"}, "GB": "73020", "name": "", "HYDC": ""}}, {"type": "Feature", "id": "https://geosciml4china.example.org/J43C001002/waterpoly/LDLYAAE002.WP.88", "geometry": {"type": "Polygon", "coordinates": [[[74.92137292898849, 39.188280093186854], [74.92023956087425, 39.18869209965305], [74.91903492049813, 39.18898701094515], [74.91631989144516, 39.189694469472755], [74.91458473806841, 39.190576164493194], [74.91292365103257, 39.19169211992159], [74.91216965501307, 39.19251368075394], [74.91171460202763, 39.1936905543065], [74.91103144133261, 39.195341091742065], [74.9100477829301, 39.19657970365167], [74.90868722584892, 39.19740649926114], [74.90762924838371, 39.197879363871394], [74.90574330977479, 39.19817671072999], [74.90333253566205, 39.19812133189154], [74.90076730145235, 39.197948299749335], [74.89880965963297, 39.19765653456486], [74.89677515367337, 39.19718811150108], [74.8951170407615, 39.19660131093195], [74.89421380127254, 39.19607236094014], [74.8940652378114, 39.19566019332093], [74.89429150449962, 39.195306417714775], [74.8947456189038, 39.195070150095134], [74.89542328337497, 39.19471574646054], [74.896103240948, 39.1945969824846], [74.89738587890116, 39.19465410311329], [74.89859142185469, 39.19494695884529], [74.89979594320259, 39.195593267583796], [74.90122588974681, 39.195826862645184], [74.90333982102831, 39.19558816849306], [74.90499933650257, 39.19499663604152], [74.90583142118798, 39.19440630847258], [74.90605729457913, 39.193816865985994], [74.90591106518995, 39.192933214097245], [74.90515786781444, 39.19234830691404], [74.9041771725046, 39.19199812806463], [74.90048501579821, 39.19106580797589], [74.89935373529285, 39.19059859910932], [74.89822397692105, 39.18977977526504], [74.8970933331302, 39.188902336712005], [74.89589066796464, 39.187790589681406], [74.89543726730999, 39.18714660240906], [74.89544004876706, 39.18661919393139], [74.89559109356159, 39.186443184778085], [74.89611700684598, 39.18632525560436], [74.89687309263894, 39.18620701101536], [74.89852970294518, 39.186204699877464], [74.89981127484235, 39.186261496522356], [74.90162201390247, 39.18672773581492], [74.90343061942242, 39.187311147679786], [74.90584325886105, 39.18724904206092], [74.9078791632428, 39.18701164036823], [74.9102914591553, 39.18642203389075], [74.91225307725686, 39.18606746806148], [74.91428728205109, 39.185536951332715], [74.9155696961097, 39.18489036576437], [74.91640195900948, 39.1840686646506], [74.91632747402147, 39.18330697105815], [74.91587391243817, 39.18266306227953], [74.9147457379061, 39.18213740055043], [74.91331374436234, 39.1818465922917], [74.91127881739567, 39.18143947711191], [74.90811105216251, 39.181092611038395], [74.90600155842108, 39.18086131996633], [74.90562563179331, 39.18086187099225], [74.90509801156165, 39.18080404110996], [74.90253546677157, 39.180397540263975], [74.89982159038733, 39.180048607947434], [74.89718179059817, 39.1797551876343], [74.89635220378054, 39.17957909601084], [74.89589988861843, 39.1792268805632], [74.89597357354545, 39.17887465625235], [74.89635300539202, 39.17846372299753], [74.89710560577974, 39.17799407466612], [74.89808847811197, 39.17752441234928], [74.90118189860506, 39.17605666775795], [74.90216167610308, 39.1756456761064], [74.90336757192436, 39.175469475366896], [74.90397192500406, 39.17552812990791], [74.9051774656129, 39.17593894882645], [74.90623363747332, 39.17640731415828], [74.90819177822279, 39.17699043178928], [74.91037761877044, 39.17716296849579], [74.91701138252272, 39.1778560221776], [74.91912228283013, 39.178555924194], [74.920704406403, 39.179373828910734], [74.92235963129141, 39.18048459669234], [74.92416955347254, 39.18171229976509], [74.92620419250456, 39.182470794609955], [74.92846515878863, 39.18311167645602], [74.93072533585386, 39.183576714310696], [74.93336476874467, 39.18374806110608], [74.93517431178564, 39.18351056828974], [74.9367559433281, 39.18298043277882], [74.93849152822537, 39.18221560912781], [74.94037775015003, 39.18156769536609], [74.94218721382232, 39.18133009349204], [74.94354188102376, 39.18167928098007], [74.94437248461993, 39.18249821012447], [74.94504996774705, 39.183786212417594], [74.9454250035509, 39.18495755339398], [74.94534761319504, 39.18624690926669], [74.94489643802575, 39.187302541303005], [74.94399121850252, 39.187948775648934], [74.94248301802502, 39.18836167208246], [74.94074757117932, 39.18883355131086], [74.93863533338693, 39.18907165650429], [74.93607355092217, 39.18948630737544], [74.93411279273317, 39.19001707824719], [74.93298191913031, 39.18996040110605], [74.93132344904066, 39.18972879892569], [74.92981501383332, 39.189262518157754], [74.92763029427881, 39.18856293724433], [74.92574394032722, 39.18809722472015], [74.92438892422429, 39.18804083325341], [74.92273020679771, 39.18810211388745], [74.92137292898849, 39.188280093186854]]]}, "properties": {"@featureType": "WaterpolyView", "identifier": {"value": "https://geosciml4china.example.org/J43C001002/waterpoly/LDLYAAE002.WP.88", "@codeSpace": "http://www.ietf.org/rfc/rfc2616"}, "GB": "73020", "name": "", "HYDC": ""}}, {"type": "Feature", "id": "https://geosciml4china.example.org/J43C001002/waterpoly/LDLYAAE002.WP.89", "geometry": {"type": "MultiPolygon", "coordinates": [[[[74.84839027967472, 39.18151327926727], [74.84705447338197, 39.18116811866108], [74.84593782171986, 39.180574480060464], [74.84582077938197, 39.180162869056], [74.8460568257158, 39.179613681105636], [74.84658687325691, 39.17910995941228], [74.84741549341588, 39.17862558605891], [74.84741549341588, 39.17862558605891], [74.84876465734682, 39.17791842969923], [74.84964548772808, 39.177460093243816], [74.85170703545344, 39.17590264843204], [74.85229713296104, 39.17517010630845], [74.85294551807998, 39.174071524384956], [74.8537111031246, 39.17251534617875], [74.85382974455136, 39.17173752797723], [74.85377332659705, 39.17068540483623], [74.85424516550982, 39.169632742172716], [74.85483182533257, 39.1691746684221], [74.8554222417198, 39.16889957750112], [74.85630379933512, 39.16853268366453], [74.85742279838199, 39.16798254930111], [74.85865750395158, 39.16734078252667], [74.86018798180078, 39.16688167731013], [74.8615997213942, 39.1665141721599], [74.86271521070766, 39.16632996314912], [74.86459882152182, 39.16641937355548], [74.86641911030077, 39.16696629416327], [74.86806726705733, 39.167284651092274], [74.86965398588774, 39.16728282358407], [74.87406308085563, 39.16750637088461], [74.87612292160362, 39.16782412142049], [74.87847389319349, 39.168049979686785], [74.88023769890677, 39.16841376756747], [74.88123596452985, 39.16886998472217], [74.88164917900933, 39.16932693738165], [74.88182396414742, 39.17001292261434], [74.8817071399876, 39.17024180540727], [74.88123534536477, 39.170608375194576], [74.88052944454107, 39.17083799579162], [74.8798835211642, 39.17088454943107], [74.87700145454689, 39.170384884568705], [74.87494367701652, 39.16992990731015], [74.87306139261878, 39.169428939275015], [74.87041545969322, 39.16911181991031], [74.86747731922858, 39.16897796572408], [74.8645938330525, 39.16898121059995], [74.862241381973, 39.169166796730586], [74.85977185039292, 39.16971843806285], [74.85841978611165, 39.17013160299016], [74.85730187619767, 39.17059025488787], [74.8564756384005, 39.17132306951763], [74.85535791829348, 39.173154112543806], [74.85494358228569, 39.17443545545737], [74.8542372352584, 39.175671349834396], [74.85358785833937, 39.176769938656754], [74.85335151823661, 39.177593623992145], [74.85341054093232, 39.17818827436841], [74.85423332877083, 39.178644903239125], [74.85505554467564, 39.17878129654029], [74.8565250704227, 39.1786425302536], [74.85846844710974, 39.1782287642217], [74.86040990972286, 39.177723471842995], [74.86188078953512, 39.17726440575487], [74.86305742503477, 39.17694288891756], [74.86423194042804, 39.17671285411738], [74.8653494793708, 39.17662011215175], [74.86634928624505, 39.17661898879972], [74.86740764840864, 39.17684652248468], [74.86864340499805, 39.17711959286657], [74.87005560706508, 39.17739244622761], [74.87152353809238, 39.177756706218815], [74.87323073462517, 39.17812066790148], [74.87499490634785, 39.178347292821535], [74.87716978301599, 39.17857338897212], [74.87969973422273, 39.17861601976396], [74.88099172209851, 39.17852290902425], [74.88199168419085, 39.17838440940708], [74.88599127400735, 39.17801576424145], [74.88793190086662, 39.17810737669761], [74.88845972118776, 39.17833613850799], [74.88851915844019, 39.17874786482658], [74.88839914486474, 39.17929682432422], [74.88781199850699, 39.17970851761292], [74.88663708142329, 39.18007442534717], [74.88522398808601, 39.18048604959574], [74.88357722639783, 39.181081465661244], [74.88257789807402, 39.18158595676936], [74.88169557064718, 39.18167856469921], [74.88093208441988, 39.1815422845381], [74.87940121063448, 39.1811782174963], [74.87799194084268, 39.18085973149839], [74.87640414639398, 39.180632936148726], [74.87393198961675, 39.18054441868725], [74.87199107913324, 39.18054671851332], [74.86975729151536, 39.18036634089899], [74.86769927025203, 39.17991123608388], [74.86587563764779, 39.179364338350624], [74.86493586957063, 39.17913665697198], [74.86405354999827, 39.1792291336203], [74.86322993097043, 39.17941303142762], [74.86252488377403, 39.17964254235007], [74.8605231179132, 39.1805139100051], [74.85981705094207, 39.18074340444716], [74.85881789889673, 39.180973207445284], [74.85728834060917, 39.18124930526636], [74.85493534034691, 39.18152623653588], [74.85281564784941, 39.18175713591864], [74.85070019270894, 39.1818050068705], [74.84899470289072, 39.181669449206176], [74.84839027967472, 39.18151327926727]]]]}, "properties": {"@featureType": "WaterpolyView", "identifier": {"value": "https://geosciml4china.example.org/J43C001002/waterpoly/LDLYAAE002.WP.89", "@codeSpace": "http://www.ietf.org/rfc/rfc2616"}, "GB": "73020", "name": "", "HYDC": ""}}, {"type": "Feature", "id": "https://geosciml4china.example.org/J43C001002/waterpoly/LDLYAAE002.WP.90", "geometry": {"type": "Polygon", "coordinates": [[[73.76074964651083, 39.16667585744706], [73.76119190537463, 39.16703029916058], [73.76207782690257, 39.16762295998095], [73.76339588065001, 39.16891869671905], [73.76338256154331, 39.16961599222285], [73.76321198506835, 39.17054379202147], [73.76275159211866, 39.17111908602767], [73.76199560676535, 39.17157430176641], [73.76101418547445, 39.17208472585984], [73.7597257926873, 39.17288181183744], [73.75911327655892, 39.173629480895656], [73.75901698396675, 39.17467445533417], [73.75929362361776, 39.17566615686271], [73.75987346175097, 39.17660361633161], [73.7605330437958, 39.177251497899775], [73.76111927732434, 39.1777821968814], [73.76140952174575, 39.17830903024955], [73.76132401300566, 39.178831034216884], [73.76086593947974, 39.17929010360496], [73.76041164829657, 39.179516738462155], [73.75943967827939, 39.17956228146096], [73.75689732018432, 39.1794712757153], [73.75525138849623, 39.179566174316165], [73.75442171348419, 39.17996226182062], [73.75365777165744, 39.18064985230038], [73.7530437188543, 39.181513701121595], [73.75273147595477, 39.18214900058564], [73.75250183666331, 39.18252549677703], [73.75165366143517, 39.18421257039456], [73.75175985280316, 39.18590986020121], [73.75309202311466, 39.18772626925312], [73.75524599330903, 39.18912744410411], [73.75837318456767, 39.1894788565728], [73.76001973298594, 39.188754343544566], [73.76207786785668, 39.18803415148912], [73.76371419965851, 39.187945525483904], [73.76506327373059, 39.18870190599715], [73.76599347595247, 39.18998388891006], [73.76665970007882, 39.190839022387145], [73.76674536550209, 39.19088478351368], [73.76772512284407, 39.19152312557437], [73.76879595964589, 39.19206800431414], [73.76882941136695, 39.19208598655002], [73.7704906393944, 39.19294695345711], [73.77184794468089, 39.19394396273157], [73.77267191937662, 39.194700874605836], [73.77307333430767, 39.195638946916574], [73.77335690699368, 39.19652884740135], [73.77322195388948, 39.197226835447246], [73.772492326918, 39.19791714515799], [73.77122176350672, 39.19855390113193], [73.76989573012837, 39.198956698460876], [73.76846002628734, 39.198984860399484], [73.76384845955319, 39.19901874869816], [73.76198990065822, 39.199134693402016], [73.76107921152528, 39.199682706015864], [73.76064344478227, 39.2006566175081], [73.76032896657364, 39.20144553466495], [73.7597839075719, 39.20176500875445], [73.75840690539863, 39.20174718558489], [73.75715399631112, 39.20145109234897], [73.75507476663896, 39.20063113129465], [73.75335289647046, 39.19986243494284], [73.75144946124722, 39.1990913789957], [73.74864937622874, 39.19844849552434], [73.74632527362363, 39.197811797143274], [73.74453109731152, 39.19769507458067], [73.7439280325408, 39.19796705690183], [73.74366944432938, 39.19884997843517], [73.74365102487813, 39.19992281823474], [73.74404559792109, 39.20123464411722], [73.74419538129571, 39.20273009932111], [73.74393550927395, 39.20394029707777], [73.74301948208854, 39.20481555104481], [73.74169524748925, 39.205218885308255], [73.74050136463562, 39.205157094449746], [73.73966785458838, 39.20486652505839], [73.73773209571574, 39.20281172031666], [73.73732718134922, 39.20205982065938], [73.73681367430011, 39.200606468398696], [73.73660421897802, 39.199110246451504], [73.73663532718354, 39.19733708587407], [73.73666145998598, 39.19593722348562], [73.73675029255075, 39.19449145583792], [73.7367134147942, 39.19318460692975], [73.7364378457153, 39.19206145270788], [73.73597617300456, 39.19116911166789], [73.73539751602358, 39.1901352892003], [73.73487147637765, 39.18947532658587], [73.73452774554998, 39.18867782133574], [73.73447767671405, 39.18807078868508], [73.73450125872584, 39.18685829613573], [73.7350651322837, 39.18565385542638], [73.73611575689391, 39.184038881475814], [73.73808554370099, 39.18145866999184], [73.73870161591692, 39.18072213342492], [73.73956378815792, 39.17952348892957], [73.74042790276806, 39.17827831154997], [73.74105159544082, 39.17702999558195], [73.74143499643161, 39.1759646393348], [73.74162323717866, 39.175501745960204], [73.74186944326559, 39.17522573240388], [73.74228616863769, 39.174888940594506], [73.7428458783391, 39.173940919372086], [73.7441206338844, 39.17130441159002], [73.74427943296067, 39.170034008001245], [73.74485238693906, 39.16845003938124], [73.7461051362802, 39.16687339793473], [73.74706581454315, 39.16645969645856], [73.74951764383188, 39.166380046224745], [73.7520992643046, 39.16683175169756], [73.75482443122353, 39.16675490618942], [73.75700867057293, 39.16646020735366], [73.75918530222823, 39.16648343710531], [73.76013858998735, 39.16659957708882], [73.76074964651083, 39.16667585744706]]]}, "properties": {"@featureType": "WaterpolyView", "identifier": {"value": "https://geosciml4china.example.org/J43C001002/waterpoly/LDLYAAE002.WP.90", "@codeSpace": "http://www.ietf.org/rfc/rfc2616"}, "GB": "73020", "name": "", "HYDC": ""}}, {"type": "Feature", "id": "https://geosciml4china.example.org/J43C001002/waterpoly/LDLYAAE002.WP.91", "geometry": {"type": "Polygon", "coordinates": [[[74.9124791941904, 39.170652055142334], [74.91338455951319, 39.17069802269499], [74.91392776290908, 39.17065027198695], [74.91603999505337, 39.170647012043055], [74.91706571506975, 39.17083309487699], [74.91845332093625, 39.171206275029334], [74.92002156923593, 39.17195450858092], [74.92152955004636, 39.172655898568706], [74.92345971825283, 39.17363810498057], [74.92490736791841, 39.174386467952885], [74.92647555699389, 39.17532229084435], [74.92834537103253, 39.17644527261384], [74.92997428469415, 39.177099433280496], [74.9308192546304, 39.17709801942858], [74.93124210518438, 39.1767219528253], [74.93148416222769, 39.17606467348034], [74.9313643231899, 39.17517340713328], [74.93100293842443, 39.174423304677696], [74.93040024473751, 39.17357976825295], [74.92967667556758, 39.17292410485913], [74.92847026659699, 39.17231615959365], [74.92732423045565, 39.171708102087116], [74.92623865782839, 39.17100609581239], [74.92503261014787, 39.17011659762136], [74.92400753874463, 39.1693206335374], [74.92274089071115, 39.16871272668191], [74.92165530850569, 39.16810451578499], [74.91996622472077, 39.167544172389185], [74.91815636300021, 39.16707783510945], [74.91676823497482, 39.16660913701655], [74.9156816647418, 39.16595131570915], [74.91489699293741, 39.1653404351316], [74.91405197650131, 39.164682556217585], [74.91302581814698, 39.16407170074679], [74.91205996480042, 39.16364883789148], [74.91091293565687, 39.163319995900295], [74.90952428446464, 39.16322618425205], [74.90795444592837, 39.1632263825956], [74.90686745179259, 39.16355552095031], [74.90590103711615, 39.16416664703765], [74.90463271074908, 39.16477779534173], [74.90324368610456, 39.16524793233708], [74.90113011019294, 39.16567109527516], [74.89949939715193, 39.16632921081189], [74.89883482342462, 39.1668932628826], [74.89841173244622, 39.167504303705094], [74.89835080092283, 39.16830333842957], [74.89877283669074, 39.169243359705874], [74.89937635368261, 39.16971335124604], [74.90064413736971, 39.17013630412771], [74.90191187800588, 39.170653245900795], [74.90342129161886, 39.17098214823116], [74.90571586432209, 39.17107594484688], [74.90728590141575, 39.171028776644036], [74.9124791941904, 39.170652055142334]]]}, "properties": {"@featureType": "WaterpolyView", "identifier": {"value": "https://geosciml4china.example.org/J43C001002/waterpoly/LDLYAAE002.WP.91", "@codeSpace": "http://www.ietf.org/rfc/rfc2616"}, "GB": "73020", "name": "", "HYDC": ""}}, {"type": "Feature", "id": "https://geosciml4china.example.org/J43C001002/waterpoly/LDLYAAE002.WP.92", "geometry": {"type": "Polygon", "coordinates": [[[74.96862931334073, 39.16607496164472], [74.9707434365915, 39.166589844122534], [74.9719118269867, 39.16676052115506], [74.97463827123919, 39.16666842936471], [74.97658590698806, 39.16605875188026], [74.97742080603052, 39.16514852901963], [74.97792182052036, 39.16432552065317], [74.9783116815687, 39.16307012788332], [74.97831201656362, 39.16198859129183], [74.97803410074398, 39.16112394208899], [74.97697728785579, 39.16026091077233], [74.97536408812276, 39.15957206368686], [74.97330578986939, 39.15901389107779], [74.97124743901396, 39.15867198682756], [74.96941158776534, 39.15845938507353], [74.96740874391666, 39.15846339315497], [74.96551704275863, 39.158726716875904], [74.96496043808504, 39.159246952757535], [74.96468191492448, 39.15993968470173], [74.96468147941249, 39.16080491464333], [74.96495927631878, 39.16158307111416], [74.96545952213731, 39.162577095428205], [74.96623786983244, 39.1637868746457], [74.96690504538824, 39.16482382232321], [74.96790614323652, 39.165730317318065], [74.96862931334073, 39.16607496164472]]]}, "properties": {"@featureType": "WaterpolyView", "identifier": {"value": "https://geosciml4china.example.org/J43C001002/waterpoly/LDLYAAE002.WP.92", "@codeSpace": "http://www.ietf.org/rfc/rfc2616"}, "GB": "73020", "name": "", "HYDC": ""}}, {"type": "Feature", "id": "https://geosciml4china.example.org/J43C001002/waterpoly/LDLYAAE002.WP.93", "geometry": {"type": "Polygon", "coordinates": [[[74.8689507452167, 39.16343588003613], [74.86948794223373, 39.16369258853497], [74.87023179956266, 39.16401338462561], [74.87105828369013, 39.16439841090561], [74.87209146959403, 39.16481535517434], [74.87349684458033, 39.16516751328124], [74.874447596028, 39.16535937313087], [74.87626667866407, 39.16548584289911], [74.87754839730425, 39.165484278332876], [74.87812730121496, 39.16541923520694], [74.87854094508818, 39.16522573009283], [74.87866523319997, 39.164968249731686], [74.87870673245061, 39.16480737009901], [74.87870719951275, 39.16432487903616], [74.87866603940083, 39.16413193503669], [74.87854231747264, 39.16381042882434], [74.878211840252, 39.16352134242117], [74.87767458014872, 39.1632968415065], [74.87713723080893, 39.163168835896364], [74.87680653737753, 39.16310490848389], [74.87535967834656, 39.16291366870357], [74.87531833502592, 39.162913716804404], [74.8730031232972, 39.162852155718966], [74.87217647413104, 39.16262797351643], [74.87114339077094, 39.162146697296166], [74.87031714221206, 39.161568675945034], [74.86953228564904, 39.16095843523463], [74.86870609793806, 39.16034823495199], [74.86800366760983, 39.1599952160728], [74.86746635812922, 39.159867165868164], [74.86717692423113, 39.15989966137355], [74.86680462224038, 39.160093079009265], [74.86668004523358, 39.16057570764591], [74.8666792793464, 39.16125119439742], [74.86696791552885, 39.16192634974525], [74.86758738531972, 39.16253679813104], [74.86841358889043, 39.16314700614204], [74.8689507452167, 39.16343588003613]]]}, "properties": {"@featureType": "WaterpolyView", "identifier": {"value": "https://geosciml4china.example.org/J43C001002/waterpoly/LDLYAAE002.WP.93", "@codeSpace": "http://www.ietf.org/rfc/rfc2616"}, "GB": "73020", "name": "", "HYDC": ""}}, {"type": "Feature", "id": "https://geosciml4china.example.org/J43C001002/waterpoly/LDLYAAE002.WP.94", "geometry": {"type": "Polygon", "coordinates": [[[74.9879370996467, 39.16291986279234], [74.98854925104389, 39.162096565404546], [74.99021871546104, 39.15962702216133], [74.99071956728932, 39.1586309109969], [74.99094219561695, 39.15793823841683], [74.99088665614597, 39.15720291661062], [74.99055290848943, 39.156814294794195], [74.98982971371122, 39.156556308349394], [74.98855018248241, 39.156386052005345], [74.986992447536, 39.15647595084143], [74.9857683920934, 39.157127512355714], [74.98471108279631, 39.15838436345697], [74.98409881173072, 39.15968351748642], [74.98343077700432, 39.16141540005775], [74.98292971143263, 39.16280083311498], [74.98248426258452, 39.16418614370394], [74.98220558367699, 39.1660902353044], [74.98231661609134, 39.16708501366202], [74.98270596643222, 39.16764658499556], [74.98337363707117, 39.16777494889316], [74.98387444278464, 39.16764409762777], [74.98459791803512, 39.16703689153392], [74.98565533256259, 39.1659098278577], [74.98665702983199, 39.16499918089751], [74.9879370996467, 39.16291986279234]]]}, "properties": {"@featureType": "WaterpolyView", "identifier": {"value": "https://geosciml4china.example.org/J43C001002/waterpoly/LDLYAAE002.WP.94", "@codeSpace": "http://www.ietf.org/rfc/rfc2616"}, "GB": "73020", "name": "", "HYDC": ""}}, {"type": "Feature", "id": "https://geosciml4china.example.org/J43C001002/waterpoly/LDLYAAE002.WP.95", "geometry": {"type": "Polygon", "coordinates": [[[74.93003850137934, 39.16189184649924], [74.93048163358017, 39.16287169468751], [74.93055624890769, 39.16344838864703], [74.93048132772462, 39.164198378550566], [74.93018367122852, 39.16512178399841], [74.92996025283848, 39.16598738354988], [74.93003146706553, 39.166967851433846], [74.93040144031497, 39.16794782341726], [74.93032750977382, 39.16869781038258], [74.9299574465865, 39.16881379381126], [74.92891889752826, 39.168700161203866], [74.92765719425105, 39.1681831165289], [74.9266943280603, 39.167607886751604], [74.92565592348323, 39.167378861435516], [74.92387589018267, 39.1669203017149], [74.92298550981248, 39.16611419570461], [74.92224571612651, 39.16513479751477], [74.92194941715275, 39.16473149848626], [74.92120833609397, 39.16386702470785], [74.9201675542925, 39.16276938114186], [74.91890714845243, 39.16161399397539], [74.9178694593059, 39.16045854744541], [74.91645751366495, 39.15970764537912], [74.91460312139286, 39.15924572114579], [74.91215497024697, 39.15878386399822], [74.90948112123598, 39.15843754730506], [74.90851757278845, 39.15780205751106], [74.90799949633698, 39.15693537147062], [74.90792384862378, 39.155895281665856], [74.90844573557838, 39.15525960320477], [74.91029955239716, 39.15462374445684], [74.91193356626223, 39.15421902159793], [74.91364166869896, 39.15404539870213], [74.91712994557575, 39.15398697621782], [74.9198016834233, 39.154275331052055], [74.92202709445135, 39.154679301752424], [74.92380705963174, 39.155545609059544], [74.92492108620715, 39.15641206640674], [74.92566402910185, 39.15727861692987], [74.92685114556798, 39.15878065243247], [74.92788725712524, 39.15987655917761], [74.9289269754271, 39.16068238366576], [74.92974222882623, 39.16143088852991], [74.93003850137934, 39.16189184649924]]]}, "properties": {"@featureType": "WaterpolyView", "identifier": {"value": "https://geosciml4china.example.org/J43C001002/waterpoly/LDLYAAE002.WP.95", "@codeSpace": "http://www.ietf.org/rfc/rfc2616"}, "GB": "73020", "name": "", "HYDC": ""}}, {"type": "Feature", "id": "https://geosciml4china.example.org/J43C001002/waterpoly/LDLYAAE002.WP.96", "geometry": {"type": "Polygon", "coordinates": [[[74.95222026193481, 39.15885318685817], [74.95296256089765, 39.1581019357555], [74.9540018222542, 39.15694635151335], [74.95459576263998, 39.156137688036914], [74.95533815365248, 39.15515569581279], [74.95608063159054, 39.15400065162357], [74.95630379890156, 39.15296195289704], [74.95608192526242, 39.15192410003347], [74.95578592436132, 39.1508287019536], [74.95600875985616, 39.150309142503545], [74.95660227005493, 39.150077288037714], [74.95749242251112, 39.149902546713], [74.95919840676673, 39.14978391468507], [74.96164602865157, 39.14977918378976], [74.9640935594261, 39.14994744644141], [74.96683783796291, 39.14999970288689], [74.96795052558872, 39.14970907630397], [74.96832158416832, 39.149246879252175], [74.9683218427522, 39.148670056635034], [74.968173634721, 39.148381944921624], [74.96624563520228, 39.14757823584606], [74.96505900420401, 39.14746521974161], [74.96283421279462, 39.147008132701814], [74.96083191703265, 39.146608252421814], [74.9593486442495, 39.14649575365325], [74.95786513547073, 39.146787009255846], [74.95601074057915, 39.14713662969336], [74.95437909269239, 39.14708203030815], [74.95245100827412, 39.146681868451715], [74.95030044772338, 39.14628208443612], [74.94859457516786, 39.14634290541836], [74.94651751307356, 39.14686582814028], [74.94429190309246, 39.147619711132116], [74.94206619548783, 39.14843123238605], [74.9396174929602, 39.149415467283326], [74.93746520567447, 39.15016747405219], [74.9359066227376, 39.150745877345095], [74.9355353995481, 39.151670541708214], [74.93553523146548, 39.152710641709994], [74.93538629284862, 39.15357659421177], [74.93486659083497, 39.15409662392512], [74.93353079207233, 39.1547910867702], [74.93315936774131, 39.15536853855179], [74.93338129609572, 39.15600266175805], [74.93419697263815, 39.15628968059526], [74.93568046595986, 39.15634481859009], [74.93716426655945, 39.15605384607076], [74.93953857012407, 39.1552998420785], [74.9414678198487, 39.15448889490557], [74.94317459678291, 39.15356295009032], [74.94540031678356, 39.15292445555936], [74.94770012524496, 39.152343463707034], [74.94896106795677, 39.1523411561272], [74.94962837825109, 39.152686020737946], [74.95014710083784, 39.15337724781443], [74.95014640891641, 39.15435784251127], [74.94999715796335, 39.15562711993021], [74.9494026293022, 39.15718562641924], [74.94895664190757, 39.158455445977516], [74.94895589165448, 39.15949372059181], [74.94917805776178, 39.160012449550564], [74.94962301973023, 39.16018467858261], [74.95036487392662, 39.16012562721665], [74.95103270443364, 39.15983598346047], [74.95155232690314, 39.15931588211975], [74.95222026193481, 39.15885318685817]]]}, "properties": {"@featureType": "WaterpolyView", "identifier": {"value": "https://geosciml4china.example.org/J43C001002/waterpoly/LDLYAAE002.WP.96", "@codeSpace": "http://www.ietf.org/rfc/rfc2616"}, "GB": "73020", "name": "", "HYDC": ""}}, {"type": "Feature", "id": "https://geosciml4china.example.org/J43C001002/waterpoly/LDLYAAE002.WP.97", "geometry": {"type": "MultiPolygon", "coordinates": [[[[74.86917070963474, 39.155798195411926], [74.87097952944465, 39.154512708051776], [74.87568122371844, 39.152052303203746], [74.87568122371844, 39.152052303203746], [74.87676228938594, 39.153576848100116], [74.87704108947665, 39.154087235898444], [74.87740140241677, 39.15521167906697], [74.87776303993535, 39.156014723221205], [74.87838301109674, 39.15665675041453], [74.87868128872111, 39.15676563588802], [74.87926046612331, 39.15697706112686], [74.8803963270634, 39.15705599504513], [74.88132388132932, 39.156894130700955], [74.8822040528211, 39.15645110562811], [74.88282319681744, 39.15584770233525], [74.88328939866489, 39.15528466919703], [74.8838039736591, 39.15500278909619], [74.88494149952177, 39.154962117046466], [74.88648955170909, 39.15496222766884], [74.8876248899385, 39.15484177368159], [74.88901713345686, 39.154841840958106], [74.89030814333265, 39.15488206408713], [74.89123581311044, 39.155082962991244], [74.89190544766473, 39.15532402244024], [74.89252542466025, 39.15564542777239], [74.89350547303255, 39.15616770447548], [74.8943296350999, 39.1568104972889], [74.89500105900503, 39.157372936692234], [74.89556720031861, 39.158055894842995], [74.89633944667118, 39.16058687184886], [74.89623800597958, 39.16090826994025], [74.89587626772462, 39.16159124215425], [74.89556624992021, 39.162113512238335], [74.89515321641376, 39.162354565171334], [74.89442950848692, 39.16263579073801], [74.89370788363367, 39.16279648690168], [74.89287997939903, 39.16303752825562], [74.89221070851725, 39.163519612689726], [74.89159084461862, 39.16424274141072], [74.89091733027611, 39.16500603841922], [74.89019622106275, 39.16572915516433], [74.8892151788725, 39.166291558977164], [74.888234354969, 39.16657273667611], [74.88766554296384, 39.166693229038266], [74.88714947318299, 39.166653026102715], [74.88663450779991, 39.1664922960851], [74.88632315748681, 39.1661307060139], [74.88627185948016, 39.16576913302495], [74.88627413405491, 39.16544773801652], [74.886480883444, 39.1650861824229], [74.88699731294282, 39.164684470679646], [74.88766753129416, 39.16432294129025], [74.88818485310327, 39.16404174682288], [74.88875190906512, 39.16359985446634], [74.8893209238839, 39.16319813650673], [74.88962989683868, 39.16279640359168], [74.88963122379657, 39.16239466071412], [74.88926933298364, 39.161952726676326], [74.88864945038318, 39.16147060671691], [74.88782608228581, 39.16106882178056], [74.88612142623862, 39.160666974193965], [74.88442057452892, 39.1605061493162], [74.88297398478645, 39.16038721263524], [74.88142631703919, 39.15994725527948], [74.88003257207833, 39.15950708336248], [74.87874196039726, 39.1592274657226], [74.87781489495958, 39.15897608647959], [74.87770753415377, 39.1589475172592], [74.87698688407195, 39.15870735496912], [74.87559111059115, 39.158347479903576], [74.87435337905953, 39.1578668790572], [74.87306402762368, 39.157386325898024], [74.87129865991427, 39.156678678804525], [74.86917070963474, 39.155798195411926]]]]}, "properties": {"@featureType": "WaterpolyView", "identifier": {"value": "https://geosciml4china.example.org/J43C001002/waterpoly/LDLYAAE002.WP.97", "@codeSpace": "http://www.ietf.org/rfc/rfc2616"}, "GB": "73020", "name": "", "HYDC": ""}}, {"type": "Feature", "id": "https://geosciml4china.example.org/J43C001002/waterpoly/LDLYAAE002.WP.98", "geometry": {"type": "MultiPolygon", "coordinates": [[[[74.86917070963474, 39.155798195411926], [74.8675516272442, 39.155128225840734], [74.86595980167615, 39.15450704522816], [74.86595980167615, 39.15450704522816], [74.8650595433162, 39.15396518292764], [74.86501116442071, 39.15394061456433], [74.8643416142426, 39.15337892331801], [74.8635176125443, 39.15245582769359], [74.86274325910372, 39.15153266983629], [74.86207384879842, 39.150890615361], [74.86057763785679, 39.150048579208324], [74.85866743931372, 39.14920696495038], [74.85655262212809, 39.14848605883552], [74.8550047436106, 39.147764529617696], [74.84850358389872, 39.14431606583388], [74.84839972734878, 39.14403494503662], [74.84845313526414, 39.14347245354883], [74.84881633628605, 39.142869482030186], [74.84953972692634, 39.142386679573825], [74.85046742975555, 39.1420241876758], [74.85160539671345, 39.14182218099088], [74.85377353931965, 39.1418199851726], [74.85562968693593, 39.14201894142583], [74.85733382594819, 39.14233855734045], [74.85888310816418, 39.14265831226195], [74.86027653725608, 39.1429782123644], [74.86130875779648, 39.143177967617746], [74.86280345567384, 39.14349772611567], [74.86404395053857, 39.143898100198854], [74.86517798088627, 39.14449945122291], [74.8666731764034, 39.14530125394814], [74.87224563780072, 39.149111375834316], [74.87281701938849, 39.14956536833712], [74.87349541245811, 39.15003699396286], [74.87568122371844, 39.152052303203746], [74.87568122371844, 39.152052303203746], [74.87097952944465, 39.154512708051776], [74.86917070963474, 39.155798195411926]]]]}, "properties": {"@featureType": "WaterpolyView", "identifier": {"value": "https://geosciml4china.example.org/J43C001002/waterpoly/LDLYAAE002.WP.98", "@codeSpace": "http://www.ietf.org/rfc/rfc2616"}, "GB": "73020", "name": "", "HYDC": ""}}, {"type": "Feature", "id": "https://geosciml4china.example.org/J43C001002/waterpoly/LDLYAAE002.WP.99", "geometry": {"type": "MultiPolygon", "coordinates": [[[[73.86622145099612, 39.0856625764541], [73.86512568242031, 39.083964122454496], [73.86261100018226, 39.0816171309819], [73.86166759049073, 39.07851130870654], [73.86184145298962, 39.07652232490506], [73.86265364914536, 39.075681938933705], [73.86388944038852, 39.07581006604201], [73.86504940640465, 39.0760508355245], [73.8659899268674, 39.07640252943906], [73.86685763488359, 39.076810114922694], [73.86735725434143, 39.07744043154377], [73.86777704376696, 39.07829691159377], [73.8683414511352, 39.07938212887414], [73.86898573256016, 39.0800709069536], [73.8700659320479, 39.08076481728422], [73.87155955894693, 39.08120456383087], [73.87155955894693, 39.08120456383087], [73.87311325631265, 39.08136827507361], [73.8749357200564, 39.08127609205069], [73.87596117866805, 39.081004244141845], [73.87640408419715, 39.080668818997324], [73.87648689810877, 39.080102110385134], [73.87628144235076, 39.07936172723218], [73.87552255600976, 39.07851555341139], [73.87552255600976, 39.07851555341139], [73.8747055054648, 39.07781056790902], [73.87326924906374, 39.0767151403452], [73.87212027630073, 39.075793380622066], [73.87089752798316, 39.07481400082949], [73.87025527750946, 39.07406847548842], [73.87025959303578, 39.07361820504812], [73.87409504793038, 39.0732129633678], [73.87891327446243, 39.073591187031674], [73.8846036393502, 39.074735207632116], [73.8846036393502, 39.074735207632116], [73.88584393275683, 39.07498476670707], [73.88730998562737, 39.07478373134658], [73.88826727221831, 39.07390507372046], [73.88826727221831, 39.07390507372046], [73.88885271483207, 39.07336918061774], [73.88998197234444, 39.07269719413222], [73.89103124797427, 39.072086539530886], [73.89222951834407, 39.0720381297489], [73.89311018856974, 39.07204828243082], [73.89438393498186, 39.07231211206357], [73.89469885960244, 39.07244765128542], [73.89469885960244, 39.07244765128542], [73.89557349261378, 39.07282407415535], [73.89653097415108, 39.072897391792516], [73.89748961535645, 39.07284616679708], [73.89829588243177, 39.07248175635023], [73.89862309249698, 39.07192502320354], [73.89862969344152, 39.071658964231986], [73.89862969344152, 39.071658964231986], [73.89863649453648, 39.07126567090287], [73.89863709103678, 39.07111554414405], [73.89849764257357, 39.07005515734056], [73.89795681884114, 39.068990172161755], [73.89717977568564, 39.0676110857666], [73.8962395420358, 39.066603760510205], [73.89505756376161, 39.06571819932435], [73.89386596478062, 39.06533076568225], [73.89227502645109, 39.06493870509902], [73.8905978159121, 39.064857037753356], [73.8889172687377, 39.065024415576204], [73.8866755277322, 39.06524754663918], [73.88595777498693, 39.06517693450482], [73.88516976912533, 39.06466951492062], [73.88430208174991, 39.064036629375], [73.88343350356921, 39.063341468115894], [73.88264344487557, 39.06289630126381], [73.88137109873914, 39.0625078117594], [73.87946182358908, 39.06211185544883], [73.87778788747171, 39.061905470879054], [73.87629530026783, 39.06178686712147], [73.87570192453981, 39.06159316952552], [73.8755247929366, 39.0614510470021], [73.87540799515973, 39.06116960395213], [73.87571718761963, 39.06061302125989], [73.87656962122664, 39.059922718075825], [73.87741757520556, 39.05937242999305], [73.87826387416938, 39.05891548552856], [73.87905275847083, 39.058317811463525], [73.8796657787487, 39.057391322056894], [73.8798650253953, 39.05627324428594], [73.87958246457518, 39.05542962321718], [73.87910995417056, 39.055003969423844], [73.8779137433399, 39.05498999012762], [73.87575348227182, 39.055151489755374], [73.87395784406566, 39.05517713723495], [73.87210811433869, 39.054875337448664], [73.87043745501848, 39.054435598227556], [73.86852937843773, 39.05399301934092], [73.86686359291805, 39.053506555778654], [73.86549312151233, 39.05302359769271], [73.86400329510991, 39.052632557386886], [73.86179303605599, 39.05246637871416], [73.85939771930342, 39.05243805135977], [73.85724133254934, 39.05255253525711], [73.85495837791235, 39.05299227315665], [73.85321328643681, 39.05348504632522], [73.8520017153135, 39.05421757522229], [73.8510914194234, 39.054953657225525], [73.8502356080822, 39.055877137303135], [73.84961586736304, 39.05699016213822], [73.84856714967364, 39.05870493358015], [73.84814506899374, 39.058979970811436], [73.8476034591256, 39.05902021097363], [73.84707141752955, 39.05864039058656], [73.84654306238457, 39.058167218838804], [73.84612975464476, 39.057788823879875], [73.84583565286299, 39.057551880320275], [73.845715769548, 39.05750377423233], [73.845537027238, 39.057454953837286], [73.84499979608255, 39.057308488719364], [73.84398481910506, 39.05724997570033], [73.8425450472774, 39.05732691895505], [73.8407999653115, 39.05772713118303], [73.83923834744287, 39.05808270224061], [73.83767371436497, 39.05843825207009], [73.83629494409469, 39.05856247554503], [73.83515538790702, 39.0585960871871], [73.83413743490995, 39.05858439204691], [73.83348230982551, 39.058436801396944], [73.8330671057102, 39.05810526971964], [73.83260027605851, 39.05753968145189], [73.83237181733908, 39.05693017473747], [73.83238202158643, 39.056370097144146], [73.83274963969255, 39.0558608274554], [73.8337761969962, 39.05545247562584], [73.83546038208252, 39.0550516800755], [73.83707774308176, 39.05497688533395], [73.83899902193977, 39.05476547742248], [73.84092097804837, 39.05446068884405], [73.84242463066538, 39.05410441149523], [73.84369129671313, 39.05360535961606], [73.84483798333989, 39.053058357046694], [73.84580396952403, 39.052556407578095], [73.84671729072558, 39.051820366976614], [73.84738832377575, 39.05112813297646], [73.84842503634104, 39.050020121482646], [73.84922010217355, 39.049142612048946], [73.85006897320628, 39.048545849622556], [73.85122212534151, 39.04767260493715], [73.85207398319001, 39.0467957882102], [73.85208016799284, 39.04656242044377], [73.85173187125622, 39.046105770789985], [73.85173187125622, 39.046105770789985], [73.8453312292195, 39.047782689975904], [73.8453312292195, 39.047782689975904], [73.84511031953532, 39.04797311558756], [73.8442533864219, 39.048896817407424], [73.84328195729465, 39.04963266182974], [73.84261508503894, 39.050138548226656], [73.84195073562051, 39.050504410577005], [73.84074990154676, 39.05067741647939], [73.83949141741763, 39.05061635753604], [73.83692720674318, 39.05007345255287], [73.8361289822005, 39.049813600165734], [73.8361289822005, 39.049813600165734], [73.8181368133533, 39.05280252732713], [73.8045528259456, 39.05361374123996], [73.8045528259456, 39.05361374123996], [73.80493317431585, 39.05415045766012], [73.80554646395773, 39.054375710330085], [73.80633044217139, 39.054341296378084], [73.80723197410936, 39.05400294811462], [73.80807574325722, 39.05370754399985], [73.8087496432597, 39.05362819703601], [73.80919373750386, 39.05376425349318], [73.80958146820619, 39.054030470921944], [73.80956591662022, 39.054815370578055], [73.80916119982261, 39.05546487173569], [73.80825337590922, 39.056195685368145], [73.80582616093797, 39.05738843328023], [73.80514510961952, 39.057903819099465], [73.80429178157023, 39.05854804437319], [73.80349900781603, 39.05910571243998], [73.80298575787161, 39.059623056923066], [73.80224809232541, 39.060224977594125], [73.80173319756295, 39.06082952866104], [73.80166586158703, 39.061439346387324], [73.80232564487297, 39.06201411783505], [73.80343707633394, 39.062376121361226], [73.8064034540448, 39.06245455100253], [73.8085250138321, 39.06261028966472], [73.81009315307769, 39.0625414170594], [73.81081923338517, 39.06272434742791], [73.81103979126745, 39.06290138596659], [73.81108685477012, 39.063381700820116], [73.81062353279789, 39.06411776221293], [73.8094918165876, 39.06484596450745], [73.80842131036157, 39.065182360371885], [73.80680078358462, 39.06516334338518], [73.80513131471776, 39.06457642023823], [73.80335154575269, 39.06398788179228], [73.8013939370275, 39.06374584353669], [73.79993311815815, 39.06407647856504], [73.7991393981972, 39.064458971775814], [73.79868134903043, 39.06506349024221], [73.7987769708528, 39.065892802769596], [73.79954172606344, 39.066773994391994], [73.8004833884802, 39.06730865177292], [73.80181477114877, 39.068066014350805], [73.80275117148682, 39.0688185292709], [73.80319144700931, 39.06921622849624], [73.80472444463751, 39.07106569909455], [73.80493544039582, 39.07167850926344], [73.80533498369103, 39.07261994424095], [73.80627505463758, 39.074263953783664], [73.80668898171574, 39.078416997178365], [73.80661172063961, 39.08294218186328], [73.80644512763195, 39.085677909194416], [73.80672297095796, 39.08659918600457], [73.80705724930714, 39.08710047425685], [73.80739730176457, 39.08725764416847], [73.8081884914121, 39.08707612607635], [73.80913889784217, 39.08624640692824], [73.8098335234203, 39.08587249130797], [73.81032102936112, 39.086031461851185], [73.81050837848453, 39.08660740453567], [73.8100931463073, 39.08767318012038], [73.80957909612768, 39.08881421781487], [73.80921498997415, 39.08988059043059], [73.80954154418687, 39.090725993822396], [73.81036565801915, 39.09127153846106], [73.81114712908854, 39.09158706378231], [73.81173748772014, 39.091517818478195], [73.81238674614065, 39.09110505213024], [73.81299557783792, 39.09004167384037], [73.81356547556953, 39.088557101737855], [73.81413735156801, 39.08707252613795], [73.81435990062795, 39.085698446222516], [73.8147715571962, 39.08470912670952], [73.8153693428353, 39.08441044806722], [73.81615374243911, 39.08442005261858], [73.81691948034295, 39.085538485706394], [73.81658322846722, 39.087599612704324], [73.816053341101, 39.08965833589138], [73.81536522450544, 39.092059375846304], [73.81495327766854, 39.09301045934616], [73.8145962175256, 39.09377096732066], [73.81399111508418, 39.09449023082796], [73.81323777719817, 39.09524592207702], [73.81233944903579, 39.09592333150617], [73.81212907216187, 39.09672387120883], [73.812413944776, 39.09726359801102], [73.81328966270912, 39.09765746795781], [73.81456694819602, 39.09782631879269], [73.81534579289546, 39.09814236710666], [73.81573365382594, 39.09849190710653], [73.8159198874192, 39.09910717300197], [73.81605596639187, 39.09972183802395], [73.81648572370887, 39.10030179930515], [73.81702564511244, 39.10046161744634], [73.81811359726284, 39.100130078680515], [73.81891197793605, 39.099450199659465], [73.81986137481866, 39.098580590457345], [73.8208137482717, 39.09771097301977], [73.82160923598148, 39.09718428941399], [73.82225214066722, 39.097038845165564], [73.82274302001478, 39.09708312810588], [73.82312791243164, 39.09743264409629], [73.82336124070846, 39.09816340982579], [73.82323769503176, 39.09957946387756], [73.82225823570717, 39.10201956606712], [73.8217511265334, 39.10274136187456], [73.8212943293476, 39.10361696853211], [73.82053782586678, 39.104527287373756], [73.81988376519526, 39.10532388631661], [73.81947467014324, 39.10627669232959], [73.81931721826642, 39.106811151460036], [73.8194573162736, 39.10715768282084], [73.82028987336612, 39.10739769023892], [73.82103233695616, 39.10713854170968], [73.82193009890688, 39.10645983841858], [73.82287842739656, 39.105705119363186], [73.8239237761785, 39.104913280388], [73.82482148212728, 39.10423455595], [73.82521933399745, 39.10404780930624], [73.82565714798751, 39.104359609721186], [73.8261350536804, 39.105055048293806], [73.82631119845242, 39.10616825043681], [73.82605151292462, 39.10696965245983], [73.8253494482514, 39.10765077518778], [73.82450257843146, 39.108291795564895], [73.823354725705, 39.1091973539702], [73.82315238154494, 39.10950139738492], [73.82319345859112, 39.109885033213246], [73.82373175917404, 39.110083125759935], [73.82471582981466, 39.110056764668876], [73.8264555181098, 39.10900513302961], [73.82719797711944, 39.10874594520119], [73.82823501912715, 39.1085669349694], [73.82907309476246, 39.108347230428585], [73.82986923278064, 39.10789709868665], [73.83062465472634, 39.106986720931395], [73.83137412330869, 39.106344464154354], [73.8323157169713, 39.105896097516414], [73.83364780952589, 39.10560568747313], [73.83428976791916, 39.10546018016635], [73.83464124700686, 39.10511959264112], [73.83469784489014, 39.104660534206275], [73.83411690540649, 39.104270379163694], [73.8324010863016, 39.10398148585877], [73.83097715161344, 39.10381104500131], [73.83019969955959, 39.1033035799175], [73.82991388868179, 39.102802058749425], [73.82987489505845, 39.10230351118637], [73.83007648378619, 39.10203776163832], [73.83066543365182, 39.102044894507124], [73.83203705629342, 39.10232965809343], [73.8330690689637, 39.102418729715566], [73.83361197044337, 39.10231034314875], [73.83396243966116, 39.10196975732847], [73.83411355026907, 39.1016651029495], [73.83392323118842, 39.101317992785596], [73.83319594320713, 39.100811142862646], [73.83187450630075, 39.10052698717178], [73.83049909843929, 39.10039543982213], [73.83045446304159, 39.100203325412735], [73.8305605390061, 39.099783167950406], [73.83091182956312, 39.0992893734392], [73.83170573952425, 39.09895414009771], [73.8329393796569, 39.0986625478038], [73.83408131245072, 39.09806332261291], [73.83488151572843, 39.09738333111601], [73.83503799865001, 39.096849178468034], [73.83470300025117, 39.096424438523954], [73.83382183427958, 39.09622259243255], [73.83249725120926, 39.09601540017147], [73.832207995394, 39.09582065960772], [73.83216770405294, 39.0953612381395], [73.83252336991886, 39.09471538101497], [73.83317596827813, 39.09407308293844], [73.8339730244809, 39.093432560015074], [73.8343274515063, 39.09290140664881], [73.83423725229875, 39.092479627015166], [73.83350582036881, 39.09216484780198], [73.8324775067082, 39.09199944929903], [73.83130195179817, 39.091717554333194], [73.83057301808188, 39.09132628603833], [73.8301911362945, 39.09078623158757], [73.83107951698653, 39.08608175748033], [73.83245383214407, 39.08106666559764], [73.83144364973126, 39.07978118283056], [73.83042951694343, 39.079305047289324], [73.82924328487738, 39.079092290910545], [73.82736956441778, 39.07900432937744], [73.82558176774872, 39.078983662199995], [73.82524366637297, 39.07884704811879], [73.82516561470385, 39.07851437441036], [73.8255193061268, 39.07785493660938], [73.82654939341136, 39.0774023847624], [73.82851105315373, 39.077225988554225], [73.83029880745197, 39.07724661018224], [73.83225561854191, 39.077335502853984], [73.83309967894768, 39.07774332545817], [73.83487779275376, 39.078294581715085], [73.83640556190144, 39.078511188610186], [73.83725709531893, 39.0784546174385], [73.83803774401406, 39.07766734394244], [73.83805901213624, 39.076605935260076], [73.83765022305448, 39.07567232189657], [73.83638333449098, 39.074994295025206], [73.83409773386734, 39.0743708542885], [73.83231972412405, 39.073819589614864], [73.83045903963603, 39.073134638814125], [73.82893910570765, 39.07238725168675], [73.82826901943926, 39.07178234966938], [73.8278533185175, 39.07118039419295], [73.82803327349917, 39.07065165590905], [73.82855107654069, 39.07032586319791], [73.83459218795734, 39.07059447620408], [73.83552371920999, 39.070870584583666], [73.83678390973351, 39.071747634100035], [73.83804151804085, 39.07282368444341], [73.83895845149037, 39.0739621613357], [73.83953028837719, 39.075295747920045], [73.83984575722462, 39.076626410279424], [73.83990703983199, 39.077887809179636], [73.83946052221974, 39.07914336120475], [73.8390973271816, 39.080333546081306], [73.83873993532946, 39.08125837906156], [73.83837792014448, 39.08238222448325], [73.83836106332372, 39.08331095713946], [73.83851909492729, 39.08404262676273], [73.8390201011993, 39.08464552172673], [73.84002615014718, 39.0855196141641], [73.84129746628118, 39.08579957357593], [73.84249305488937, 39.085614181084914], [73.84353154669375, 39.08469711511247], [73.84415170358656, 39.083310813039525], [73.84443322022089, 39.0819207622523], [73.84472589854701, 39.07980099837608], [73.84459362271312, 39.07780881622447], [73.84419681824379, 39.0762116518001], [73.84362728275492, 39.07474541129354], [73.84280358920354, 39.073209912012985], [73.84214797953508, 39.071742691130254], [73.84115030159012, 39.07047058867098], [73.84006893945816, 39.06906482954197], [73.83881738115358, 39.06765710881725], [73.83764758395596, 39.06638302743345], [73.8366428278351, 39.0655089162041], [73.836475534021, 39.065249990465446], [73.836413315578, 39.06500186100371], [73.83643501753446, 39.064636927078396], [73.83756996932001, 39.06427108529451], [73.84507911749587, 39.068620274333405], [73.8488983315458, 39.07180110273034], [73.85029466240017, 39.0752093737996], [73.8502810706686, 39.07764057938404], [73.8502779772522, 39.078044374037326], [73.84982137150753, 39.07858626826067], [73.8488533717598, 39.07922156388621], [73.84820337492982, 39.07981091528842], [73.84786901487577, 39.080652810476764], [73.84766519607861, 39.08144648108212], [73.84758881946011, 39.08214217930907], [73.84731716334214, 39.08293508746535], [73.84686070939028, 39.08357646366292], [73.84671780098711, 39.08442064232056], [73.84695945596386, 39.08507040737528], [73.8475296467913, 39.08542550249387], [73.84899594760348, 39.08554252199016], [73.84969360356901, 39.085799633314856], [73.84980942031427, 39.086348377035385], [73.84934379963661, 39.08738774205736], [73.84868956310777, 39.088375071320044], [73.84835147839017, 39.089366207217566], [73.84846491256036, 39.090213433953906], [73.84883627257366, 39.090864719420765], [73.84939287616639, 39.09186651857955], [73.84988197514582, 39.09301679585539], [73.85023825331005, 39.094563527574586], [73.85072101474528, 39.09601228551649], [73.85096127002677, 39.09691078006437], [73.8506359416105, 39.09730477505655], [73.84948127979257, 39.09748976149674], [73.84794568100051, 39.09771983559952], [73.84736769094154, 39.09796132719108], [73.84710148623242, 39.09845498603361], [73.84722410036072, 39.098853879059405], [73.84785533812789, 39.09920919809668], [73.84855683970149, 39.099316921712365], [73.84957367404982, 39.099478118981835], [73.849952559236, 39.099830381835616], [73.85007383516752, 39.10008025824712], [73.85012368728688, 39.100925425002885], [73.8503021123941, 39.10172244246638], [73.85066545954632, 39.10272100133112], [73.85109909159966, 39.10352224011731], [73.85160381531655, 39.103925693955574], [73.85210213721957, 39.10462795572404], [73.85266704076146, 39.10518143902855], [73.85311122178504, 39.1052356408997], [73.8535592050001, 39.105190238442965], [73.85440181203153, 39.10455339945138], [73.85556348331463, 39.10392132631338], [73.85665753075837, 39.10338782867584], [73.85831753833014, 39.10340750943497], [73.85952799771835, 39.10357089060028], [73.8603502555337, 39.10407742519295], [73.86059589916941, 39.10457715687772], [73.86038948750547, 39.10541929715948], [73.85992779513924, 39.10630808683207], [73.86004399286456, 39.10690565142012], [73.8603607433611, 39.10710811232421], [73.86087416546957, 39.10696514230179], [73.8614575543445, 39.10647522575026], [73.86249997532926, 39.10524552417098], [73.86334309265555, 39.104510259741446], [73.86379177120844, 39.10441619325313], [73.86416975398852, 39.104768411285185], [73.86421615936129, 39.105762586202125], [73.86374915155837, 39.10689974828131], [73.86309232332067, 39.10793530156004], [73.86224104772462, 39.109018259304946], [73.8615170766234, 39.11035107499512], [73.86111179100811, 39.11159025879404], [73.86115765692938, 39.11253712405276], [73.86227353149229, 39.114490636651915], [73.86263622514484, 39.1156398259083], [73.86242938424525, 39.116484589588644], [73.86196880754464, 39.11722725553069], [73.86157199592157, 39.11792073859832], [73.86047269163744, 39.11870695523353], [73.85906013062612, 39.119091620055194], [73.85695204214385, 39.119070957224224], [73.85529912083082, 39.11855663182319], [73.85397213026116, 39.1177964169287], [73.85302113523485, 39.11738857335331], [73.85276381443494, 39.11748566115268], [73.85275380048691, 39.11798367986475], [73.85293202003538, 39.11878239626012], [73.85336026940696, 39.11983263792905], [73.85404225958848, 39.120984995194306], [73.85471977092392, 39.12238635566566], [73.85527763309358, 39.123338243342054], [73.85539540702847, 39.12383751681935], [73.85563925727335, 39.12448745166679], [73.85613336232153, 39.125488508138716], [73.85707180239007, 39.12654375115775], [73.85801765703106, 39.12730017732177], [73.85883654470545, 39.12795574030581], [73.85965455476733, 39.12866109783038], [73.86149104701124, 39.1296237628971], [73.86241510873664, 39.130118128013315], [73.8638795440572, 39.130860421911564], [73.86472138199659, 39.131657287209805], [73.86525305341628, 39.13239046016599], [73.8653933771213, 39.13330181006062], [73.86529915600558, 39.134271540971966], [73.86489599782472, 39.13499561541952], [73.86402581038628, 39.13577579425117], [73.86292313726646, 39.136553686379386], [73.8619698140314, 39.137515053642694], [73.86141186307816, 39.13829825103045], [73.86124411880003, 39.139024594443754], [73.86139103970775, 39.13951135943382], [73.86154450991515, 39.139634192205136], [73.86201037648439, 39.1396994088361], [73.86248169456735, 39.139461347552704], [73.86350114705488, 39.13898598030414], [73.86451514430912, 39.138813877965845], [73.86560352233899, 39.13894580292569], [73.86644990766571, 39.13943937989551], [73.86730147745457, 39.13981164066023], [73.86830796853229, 39.1400034404887], [73.86963527443187, 39.13983431837365], [73.87104381494387, 39.13936265798809], [73.8728359777007, 39.13925867789776], [73.87430803394905, 39.13975822076383], [73.87593168317457, 39.14031990310546], [73.87724189293199, 39.14099987502243], [73.8784783742722, 39.141618427074725], [73.87940163852598, 39.142173314591815], [73.88079397008659, 39.1426720285139], [73.88195505181199, 39.14298651901532], [73.88373964537772, 39.14342827438763], [73.88490389303577, 39.14362142271048], [73.88619586865538, 39.14366709280477], [73.88619586865538, 39.14366709280477], [73.88499923258588, 39.14304563990648], [73.88368372135893, 39.14222359078699], [73.88280929247624, 39.14159870557426], [73.88198584688759, 39.14085910980212], [73.88121338403413, 39.14000480226438], [73.88034576904211, 39.13895725066919], [73.8781750731387, 39.13651124468992], [73.87760141650405, 39.13558232688919], [73.87472527628277, 39.131356106643764], [73.87305189260557, 39.12871824746151], [73.87167537639857, 39.125968267591425], [73.86941843716608, 39.12043544471369], [73.868165972007, 39.11626202602654], [73.86769383366959, 39.11514149651572], [73.86742571318084, 39.1137241812143], [73.86725514474698, 39.11211692474861], [73.86596327876896, 39.10743758572018], [73.86551036790526, 39.10532942668561], [73.86514260788913, 39.10391039959573], [73.86449124882289, 39.10187611005318], [73.86416990005479, 39.10049592996861], [73.86401198290885, 39.09835338367231], [73.86374984725553, 39.09658711305617], [73.86348133062685, 39.09539114220793], [73.86326151923028, 39.094157147676455], [73.8633329293843, 39.09307954655637], [73.86346104252175, 39.09146343953493], [73.86481115715141, 39.08774360297699], [73.86547332933009, 39.086480532196724], [73.86590318622036, 39.08598927745199], [73.86622145099612, 39.0856625764541]]]]}, "properties": {"@featureType": "WaterpolyView", "identifier": {"value": "https://geosciml4china.example.org/J43C001002/waterpoly/LDLYAAE002.WP.99", "@codeSpace": "http://www.ietf.org/rfc/rfc2616"}, "GB": "73020", "name": "", "HYDC": ""}}, {"type": "Feature", "id": "https://geosciml4china.example.org/J43C001002/waterpoly/LDLYAAE002.WP.100", "geometry": {"type": "MultiPolygon", "coordinates": [[[[73.88619586865538, 39.14366709280477], [73.8865374173632, 39.14357640031326], [73.88661938850733, 39.143455832965394], [73.88654476541562, 39.14327312182254], [73.88608313152635, 39.142965378537], [73.8853091104734, 39.1427153105153], [73.8844175359131, 39.142358167591226], [73.8839658943323, 39.142131806189695], [73.88372519930194, 39.14196299093534], [73.88311704498426, 39.14159083111932], [73.88262914579644, 39.14095336965466], [73.88223784654838, 39.140259246793676], [73.88201931960711, 39.139468481277795], [73.88143254468126, 39.1382553709913], [73.88111575003848, 39.137745988618605], [73.88071684011094, 39.13719616107187], [73.88037872597249, 39.13651041688797], [73.88009978988794, 39.135779741308134], [73.87987983807255, 39.13495864345295], [73.87989596311472, 39.13404880649221], [73.88008557305592, 39.1332316346071], [73.88009343977762, 39.13273122579832], [73.87992518533066, 39.13245659094064], [73.87958306500299, 39.13199830307419], [73.87888977081107, 39.13153664862725], [73.87739110238743, 39.130521214177705], [73.877108179169, 39.13001799237982], [73.87694340568169, 39.1293794185764], [73.87689897597316, 39.12865098676969], [73.87707933050709, 39.12824324539752], [73.87731719486112, 39.12810902034048], [73.87830851484091, 39.128164068417604], [73.87941152546442, 39.12844768921428], [73.88104723497737, 39.128372412629105], [73.88221927789817, 39.12811066419346], [73.88304150959793, 39.12775612625549], [73.88387205328377, 39.12708504684176], [73.88435211073629, 39.1263191461573], [73.88465592428523, 39.12550583605553], [73.88502342072326, 39.12455708551217], [73.88556335189456, 39.12370111186055], [73.88609935836232, 39.123071999251025], [73.8868077960644, 39.12253565817817], [73.88751722593678, 39.12199931035858], [73.88793461871836, 39.121595695878135], [73.88823411459357, 39.121145353724486], [73.88818750361591, 39.12046409249201], [73.88779145045629, 39.11968802893784], [73.88704796247443, 39.118817155112616], [73.8864755827225, 39.118175172944035], [73.88442575373355, 39.11524694876307], [73.88397379220966, 39.114334075711106], [73.88357960076016, 39.113512623630285], [73.88341951609611, 39.112648514877996], [73.88343955816578, 39.11160495069216], [73.88368969285835, 39.11051872806785], [73.88399173695497, 39.109977650942795], [73.88452237875651, 39.109711519673944], [73.88493379540822, 39.10953477622373], [73.8855761683439, 39.10949685657981], [73.88639038828386, 39.10964245733285], [73.88749311611087, 39.10997292252932], [73.88864949486964, 39.11057628982631], [73.89003564201485, 39.11127309223714], [73.8913654912519, 39.11196920213474], [73.89200320981409, 39.1122034845288], [73.89229507311626, 39.11225222774449], [73.89317255860922, 39.112171592788314], [73.89376184544075, 39.11176997497514], [73.89435501188245, 39.11114149135494], [73.89506193541997, 39.110741213976894], [73.89664265654974, 39.11053250616717], [73.89752066638202, 39.11036109067628], [73.89816569157776, 39.110050868296085], [73.89840874569775, 39.1095998268119], [73.89841991625006, 39.108828492307744], [73.89866993876416, 39.10796909648374], [73.89908783048573, 39.10729320335771], [73.89939461299845, 39.10652522100419], [73.90005506404181, 39.1053075339591], [73.90006589388183, 39.1046723164795], [73.89984908053064, 39.10376218184656], [73.89940053241997, 39.10275861948778], [73.89872081766639, 39.10157088155118], [73.89809556853791, 39.100610675971424], [73.89758109852148, 39.09987866998935], [73.89724381656431, 39.099194052098674], [73.89707949333314, 39.098511446576474], [73.89709367342458, 39.09774011095675], [73.89739646538395, 39.09715287674563], [73.89775737926342, 39.09652071255293], [73.89800559470608, 39.09565999174664], [73.89801539894543, 39.09497835561543], [73.89773369647119, 39.09452057385943], [73.89750752569917, 39.09410890467218], [73.89716157823716, 39.09387766277902], [73.89663912027329, 39.09373529114822], [73.89547364080758, 39.09367640252556], [73.89424311484149, 39.093889484035834], [73.89313537186877, 39.09392213143607], [73.8920292065462, 39.09386388359852], [73.89098331189166, 39.093579087787155], [73.88982338685749, 39.09320204894075], [73.88836953124178, 39.09295794459604], [73.88731752397969, 39.09308209668245], [73.88608760396049, 39.093431418776575], [73.88508733203295, 39.09387432484973], [73.8840870477397, 39.09431722214186], [73.88290903270062, 39.09503072500309], [73.88089862666132, 39.09664354644178], [73.88024976948795, 39.09699960203234], [73.87918951611499, 39.09753255957883], [73.87807248338065, 39.09815483632602], [73.8774219077732, 39.0985556950754], [73.87660331726711, 39.098727640030546], [73.87561171284557, 39.098670672149545], [73.87468774986154, 39.09825139963418], [73.87353524566262, 39.09733016744138], [73.87256515233307, 39.09622793392692], [73.87132926943812, 39.093440915348005], [73.87104735521952, 39.09289218716205], [73.87071074208069, 39.09225189015445], [73.87015537308869, 39.09160281518556], [73.86960362217154, 39.09090511631808], [73.86907371134757, 39.09019676256027], [73.8687155286337, 39.08963227009892], [73.86808675153492, 39.08874990827563], [73.86706534007871, 39.086969001437595], [73.86622145099612, 39.0856625764541], [73.86622145099612, 39.0856625764541], [73.86590318622036, 39.08598927745199], [73.86547332933009, 39.086480532196724], [73.86481115715141, 39.08774360297699], [73.86346104252175, 39.09146343953493], [73.8633329293843, 39.09307954655637], [73.86326151923028, 39.094157147676455], [73.86348133062685, 39.09539114220793], [73.86374984725553, 39.09658711305617], [73.86401198290885, 39.09835338367231], [73.86416990005479, 39.10049592996861], [73.86449124882289, 39.10187611005318], [73.86514260788913, 39.10391039959573], [73.86551036790526, 39.10532942668561], [73.86596327876896, 39.10743758572018], [73.86725514474698, 39.11211692474861], [73.86742571318084, 39.1137241812143], [73.86769383366959, 39.11514149651572], [73.868165972007, 39.11626202602654], [73.86941843716608, 39.12043544471369], [73.87167537639857, 39.125968267591425], [73.87305189260557, 39.12871824746151], [73.87472527628277, 39.131356106643764], [73.87760141650405, 39.13558232688919], [73.8781750731387, 39.13651124468992], [73.88034576904211, 39.13895725066919], [73.88121338403413, 39.14000480226438], [73.88198584688759, 39.14085910980212], [73.88280929247624, 39.14159870557426], [73.88368372135893, 39.14222359078699], [73.88499923258588, 39.14304563990648], [73.88619586865538, 39.14366709280477]]]]}, "properties": {"@featureType": "WaterpolyView", "identifier": {"value": "https://geosciml4china.example.org/J43C001002/waterpoly/LDLYAAE002.WP.100", "@codeSpace": "http://www.ietf.org/rfc/rfc2616"}, "GB": "73020", "name": "", "HYDC": ""}}, {"type": "Feature", "id": "https://geosciml4china.example.org/J43C001002/waterpoly/LDLYAAE002.WP.101", "geometry": {"type": "MultiPolygon", "coordinates": [[[[74.90296902168026, 39.1402891206895], [74.90243745312324, 39.140543522622956], [74.89749758685731, 39.142728636697356], [74.89749658685732, 39.142728636697356], [74.89862278670172, 39.1444425314405], [74.8993307738496, 39.145696921318105], [74.89990977185339, 39.14715202191878], [74.90010239866314, 39.14820572462806], [74.90016614372874, 39.149259435853544], [74.90016508115707, 39.15086509168904], [74.89997087767522, 39.15216969969284], [74.89984078065277, 39.153976069647506], [74.89983957623, 39.15578243263988], [74.89983840229544, 39.15753861965536], [74.89970859445346, 39.15889339567095], [74.89977227575723, 39.16004745821498], [74.8999005156871, 39.161050986679896], [74.90015780043795, 39.16185379999136], [74.90067301658799, 39.162506067855865], [74.90151071703161, 39.16285725448972], [74.90234864821029, 39.162857198502856], [74.90292881757833, 39.16275680321918], [74.90344455889749, 39.16260623257958], [74.90383144791569, 39.1623553174367], [74.90408948435551, 39.16200405680865], [74.90421882122463, 39.161301572358404], [74.90441269903599, 39.1604485513285], [74.90441339589317, 39.15929448789066], [74.90441408979966, 39.158140421969456], [74.90441463507781, 39.15723723968827], [74.90441508655174, 39.156484590304814], [74.90454453075569, 39.15558139631511], [74.90486734616547, 39.15462800893008], [74.90544797631858, 39.15362441801425], [74.90602855792604, 39.15267099947261], [74.90648000136862, 39.15211900887295], [74.90854411660158, 39.14875692436268], [74.90854458143292, 39.14790391829927], [74.90822297113449, 39.14680006724811], [74.90764403145828, 39.144943592161226], [74.90712896363891, 39.144140822106735], [74.90629194585648, 39.142936668209565], [74.90577667649993, 39.14253530761201], [74.9051970040243, 39.14208377306536], [74.90423086736999, 39.14138138533078], [74.90339359363585, 39.140729157131645], [74.90297002168026, 39.1402891206895], [74.90296902168026, 39.1402891206895]]]]}, "properties": {"@featureType": "WaterpolyView", "identifier": {"value": "https://geosciml4china.example.org/J43C001002/waterpoly/LDLYAAE002.WP.101", "@codeSpace": "http://www.ietf.org/rfc/rfc2616"}, "GB": "73020", "name": "", "HYDC": ""}}, {"type": "Feature", "id": "https://geosciml4china.example.org/J43C001002/waterpoly/LDLYAAE002.WP.102", "geometry": {"type": "MultiPolygon", "coordinates": [[[[74.89749658685732, 39.142728636697356], [74.89591929953045, 39.1403281027081], [74.89527990287463, 39.139611788087244], [74.8948891788844, 39.139174047144905], [74.89385912960046, 39.137969804468746], [74.8928291509668, 39.13671537690282], [74.89173477916376, 39.13546093873869], [74.89128447201276, 39.13455774327651], [74.89115604763101, 39.134005794974144], [74.89102786083917, 39.133152783804], [74.89115695683556, 39.132851724411054], [74.89180140409721, 39.1326510317891], [74.89296100335605, 39.13280157774065], [74.89418489074156, 39.13315282134551], [74.89560178492593, 39.13390546364062], [74.89701871218523, 39.13465809091021], [74.8982423720018, 39.13541070570458], [74.89940149229676, 39.136364019690085], [74.90068921632785, 39.13776890634564], [74.90165504292055, 39.1388225618216], [74.9018411312099, 39.139040080241095], [74.9018411312099, 39.139040080241095], [74.90242768633252, 39.13972569191373], [74.90297002168026, 39.1402891206895], [74.90296902168026, 39.1402891206895], [74.90243745312324, 39.140543522622956], [74.89749758685731, 39.142728636697356], [74.89749658685732, 39.142728636697356]]]]}, "properties": {"@featureType": "WaterpolyView", "identifier": {"value": "https://geosciml4china.example.org/J43C001002/waterpoly/LDLYAAE002.WP.102", "@codeSpace": "http://www.ietf.org/rfc/rfc2616"}, "GB": "73020", "name": "", "HYDC": ""}}, {"type": "Feature", "id": "https://geosciml4china.example.org/J43C001002/waterpoly/LDLYAAE002.WP.103", "geometry": {"type": "MultiPolygon", "coordinates": [[[[74.97222848731391, 39.135462746596204], [74.97152785202907, 39.13550958711191], [74.96935890671405, 39.13551396642794], [74.96840478273619, 39.13504348558458], [74.96779754593739, 39.13490973084634], [74.9673636970769, 39.135045565432875], [74.96640914382151, 39.135519859692515], [74.9651073760622, 39.13633225648436], [74.96354509113954, 39.13755006083249], [74.9622434693522, 39.137957516536886], [74.9604215311366, 39.13789356771423], [74.95851315274187, 39.137289877817466], [74.95651784049456, 39.1370237457496], [74.95408744822083, 39.13722847711538], [74.95113591268982, 39.13763558408735], [74.94922609480004, 39.13844774710311], [74.94783711238831, 39.13919203517244], [74.94627447494551, 39.13946316135789], [74.94427776222032, 39.139666851311596], [74.9424546766137, 39.13966762286849], [74.94167331940461, 39.14014116899749], [74.94089191616462, 39.14102033230127], [74.94011052018347, 39.14162907529219], [74.93889506567483, 39.14189996502543], [74.93715869377712, 39.142238637872666], [74.93594319618815, 39.14264470196334], [74.93559585068743, 39.14311805073088], [74.93585621821526, 39.143658785332875], [74.93672435313854, 39.143996489137116], [74.93846071684774, 39.1441310454618], [74.94028393057182, 39.14399512905437], [74.9416730727506, 39.14345374175616], [74.94306218595464, 39.14304754527495], [74.94410399897829, 39.143047101518704], [74.9453194395074, 39.14338458987627], [74.94740294508881, 39.1439241738634], [74.94983240498632, 39.143987206583596], [74.95174144571104, 39.14378121911076], [74.95382418359057, 39.14330493324344], [74.95608047120163, 39.14276079831368], [74.95738205416272, 39.14262335381064], [74.95955144700774, 39.142214284496745], [74.9611133098101, 39.142076296109664], [74.96371628452786, 39.14207121762247], [74.96649259799804, 39.14247064771546], [74.96900849543734, 39.14320796020658], [74.97057024653087, 39.14333978484776], [74.97161156558872, 39.14306773667794], [74.97256629069595, 39.142323460686384], [74.97352117266118, 39.141106780395106], [74.97456276318371, 39.139957400607926], [74.97586458128757, 39.138874956522486], [74.97716629123764, 39.13799495436429], [74.97825193519706, 39.13736316794258], [74.97825193519706, 39.13736316794258], [74.97942242633228, 39.136775515777835], [74.98046376384048, 39.135963508036006], [74.98115797459293, 39.135422163556], [74.98141838848365, 39.13488173285376], [74.98107145214337, 39.13454503942046], [74.98046417409326, 39.13447883400175], [74.97907607232088, 39.134481750182964], [74.9777747025267, 39.13455195159291], [74.97586592043278, 39.13496082267712], [74.9736100871378, 39.1353703725632], [74.97222848731391, 39.135462746596204]]]]}, "properties": {"@featureType": "WaterpolyView", "identifier": {"value": "https://geosciml4china.example.org/J43C001002/waterpoly/LDLYAAE002.WP.103", "@codeSpace": "http://www.ietf.org/rfc/rfc2616"}, "GB": "73020", "name": "", "HYDC": ""}}, {"type": "Feature", "id": "https://geosciml4china.example.org/J43C001002/waterpoly/LDLYAAE002.WP.104", "geometry": {"type": "Polygon", "coordinates": [[[74.83489206888137, 39.13699081983956], [74.83559939256428, 39.13639819516739], [74.83636110653649, 39.135763226757334], [74.83706820610247, 39.135297315287396], [74.83815539059127, 39.134999681292], [74.83913376378976, 39.13478671402422], [74.84022042253787, 39.13482698766062], [74.841198661038, 39.13469848534172], [74.8417426504873, 39.13427508336328], [74.84261289329224, 39.13368211669747], [74.8444071213092, 39.13287623218438], [74.84641828183177, 39.132323461254934], [74.8481575638767, 39.13189887313686], [74.84967920070855, 39.1316859268611], [74.85098268913178, 39.13206524644915], [74.85217712830887, 39.13274069537462], [74.8533171442171, 39.13350076896205], [74.85407772515443, 39.13358457125082], [74.85483874519136, 39.13333004502808], [74.85527408152466, 39.13282211048522], [74.85565545991149, 39.13201819456526], [74.85576510947682, 39.13125685256339], [74.85549480921561, 39.130199870079736], [74.85511547114952, 39.129439033654094], [74.85462731171467, 39.12880518155177], [74.8543017119281, 39.12850948122448], [74.85381312122638, 39.128213949490565], [74.85316120560073, 39.128172324371974], [74.85001012508957, 39.12809250172198], [74.84620690069545, 39.12814190339061], [74.84381608996472, 39.12831530323329], [74.8415338688219, 39.12853069957422], [74.83968596596384, 39.128956469724685], [74.83816390156814, 39.129466105564006], [74.83675061301028, 39.129891046782284], [74.8341422561041, 39.13014911933721], [74.8313711599954, 39.130238453302496], [74.82952385221354, 39.130241650370436], [74.82821965675345, 39.13037061304401], [74.82686026208347, 39.13100654541484], [74.82544644043567, 39.13168479612562], [74.82435866601308, 39.132320240860516], [74.82343358507028, 39.13312436670853], [74.82283471360068, 39.13380121841417], [74.82261603705241, 39.13456191937243], [74.82277800561388, 39.13515302052285], [74.82337496656797, 39.135574433812884], [74.82397237774659, 39.135742397365746], [74.82473301928081, 39.13578336294042], [74.8261459237848, 39.13569649498577], [74.82826541140611, 39.13548168317654], [74.82973215207812, 39.135690365119046], [74.83087232131643, 39.13623752536254], [74.83217531939881, 39.13691111132464], [74.83320698809777, 39.13737395672797], [74.83396778755952, 39.13733037758697], [74.83451137097629, 39.137202696420054], [74.83489206888137, 39.13699081983956]]]}, "properties": {"@featureType": "WaterpolyView", "identifier": {"value": "https://geosciml4china.example.org/J43C001002/waterpoly/LDLYAAE002.WP.104", "@codeSpace": "http://www.ietf.org/rfc/rfc2616"}, "GB": "73020", "name": "", "HYDC": ""}}, {"type": "Feature", "id": "https://geosciml4china.example.org/J43C001002/waterpoly/LDLYAAE002.WP.105", "geometry": {"type": "MultiPolygon", "coordinates": [[[[74.74808314767067, 39.08731760430628], [74.7469418843033, 39.08753517811999], [74.7458697118634, 39.08836095672958], [74.74422766210415, 39.08907440816675], [74.7428707060643, 39.089788728865585], [74.74101474596881, 39.090501466977244], [74.73987361294189, 39.090663699809035], [74.73788301560127, 39.089220326235825], [74.73724414910441, 39.088499756876615], [74.73667740016215, 39.087558319986414], [74.73625507563874, 39.086119885771915], [74.73597676626622, 39.08429499839307], [74.73541089052763, 39.083132466646305], [74.73477189974918, 39.0824671547597], [74.73413105092979, 39.08229928948387], [74.73370194893327, 39.08268482894862], [74.73334141201367, 39.0837891310024], [74.73326784390657, 39.08439689779959], [74.7328399753907, 39.084450798381965], [74.7321307666132, 39.08350888400645], [74.73170499625951, 39.08301005902523], [74.73120691176389, 39.08278736474821], [74.73049416042915, 39.08278506653674], [74.7292803748474, 39.083333870915034], [74.72849613408066, 39.08338660112698], [74.72778507915687, 39.08294211023398], [74.72721743308591, 39.08227698885018], [74.72643662089446, 39.08144535069834], [74.72537330616495, 39.07994951061881], [74.72480806846923, 39.07867638208448], [74.72424048726181, 39.07801124820304], [74.7235994883444, 39.07789859663444], [74.72217105337265, 39.07866771504889], [74.72067131633214, 39.079436577491116], [74.7188154039165, 39.080148965943565], [74.71703183369877, 39.080585199055484], [74.71574737216746, 39.08096780999344], [74.71460366418556, 39.08179305975884], [74.71445754942036, 39.082676933756005], [74.71495224640614, 39.0837287837164], [74.71580311851784, 39.08483709623549], [74.71629851174963, 39.08572312160554], [74.7162252411742, 39.0862203319289], [74.71558284636913, 39.08643926890178], [74.71316005054615, 39.08626529576239], [74.71038087534242, 39.086090063390174], [74.70760194251176, 39.08585948899336], [74.70525184459082, 39.085353965492125], [74.7019737857041, 39.085176811268354], [74.70076207517873, 39.08517259780576], [74.69919303935431, 39.08538821381099], [74.69783617487907, 39.085991464590315], [74.69662089657193, 39.08681628833527], [74.69497743875294, 39.08775013186804], [74.69319185324925, 39.08857290381298], [74.69190639809034, 39.089121066433236], [74.6907625200261, 39.089890808356174], [74.69054384205118, 39.090995482554256], [74.69068181966442, 39.09204615977633], [74.69025290635354, 39.09232099067494], [74.68968239038837, 39.09237422306462], [74.68918437064359, 39.09215134989305], [74.68847444906409, 39.09148553136479], [74.68805137747252, 39.09043383012284], [74.68826984919907, 39.08938443183933], [74.68905855592907, 39.0883370774285], [74.69006010806258, 39.087511569051884], [74.69148930889304, 39.08668757827115], [74.69313303001181, 39.0856985103176], [74.69442222898245, 39.08426598195694], [74.6955685894416, 39.08288820964628], [74.69664457899798, 39.081289087350456], [74.69750670619523, 39.0796892041252], [74.69822837114526, 39.07759136556191], [74.69866563026093, 39.07532670770222], [74.69917342442088, 39.07322811060345], [74.6993176202058, 39.072818231074095], [74.69967837126877, 39.071792778759686], [74.69946950712993, 39.07063131637154], [74.69919008974303, 39.06930378997297], [74.69862376166344, 39.068417441255754], [74.69779483377843, 39.06819997941341], [74.69779383377843, 39.06819997941341], [74.69627853813304, 39.07007419277345], [74.68991484224743, 39.07916582960434], [74.68253645875865, 39.0902658318828], [74.67866968584025, 39.095231904846244], [74.67997348306301, 39.095489632850416], [74.68146728548967, 39.096213636920396], [74.68274650724726, 39.09710265976726], [74.68338291660612, 39.098265700209936], [74.6835208013406, 39.09931638196389], [74.68366016919457, 39.10003543246174], [74.68415798006316, 39.10031360240597], [74.6848005970718, 39.100094837742134], [74.68558800241944, 39.099379140454616], [74.6858780742504, 39.09827473495726], [74.6860980735744, 39.096893711220204], [74.68638739251516, 39.095955117279615], [74.6868185462011, 39.09518285400329], [74.68724699897321, 39.09501857826463], [74.68845620378065, 39.09563092214977], [74.6894508330141, 39.09640830607008], [74.69108950048222, 39.096635250518666], [74.69272961795619, 39.096530540571], [74.69387119257571, 39.09631349894018], [74.69451445610775, 39.095928866821716], [74.69715329163827, 39.095661803647495], [74.69808050347076, 39.095554511429796], [74.69871973889137, 39.096109477409904], [74.69928581783357, 39.09710636693105], [74.69906701475703, 39.09826632960149], [74.69877926521774, 39.09887332155779], [74.69749319298874, 39.09953208653506], [74.6952082916156, 39.10035313361301], [74.69299679063234, 39.100676941897184], [74.68950199429172, 39.10099612216818], [74.68579328559296, 39.10131442541623], [74.68129907229738, 39.101906110840275], [74.67816189013355, 39.10194989365305], [74.67623923074564, 39.10144535501506], [74.67488516704553, 39.101329800566866], [74.67301828399656, 39.10132464055524], [74.6709627531157, 39.10159156816533], [74.66875032684136, 39.10208073099924], [74.66204469050278, 39.102993689728486], [74.66204291592433, 39.1034349550733], [74.66296754418269, 39.10399006698619], [74.66460603317968, 39.1043272440314], [74.66660167366977, 39.10450026694018], [74.66948755888872, 39.10485859260489], [74.66980850251916, 39.1048984387592], [74.6731592414314, 39.10496610200706], [74.67836413008607, 39.10493017407251], [74.68562249968603, 39.10541044659956], [74.68759487707842, 39.10541754994176], [74.68991867838245, 39.10564386761242], [74.69160929595895, 39.105649896607915], [74.69344040645386, 39.10576539306805], [74.69520069545673, 39.10598960670915], [74.69620256242533, 39.106358021420654], [74.69646482083844, 39.10683540343114], [74.69663814240933, 39.10758473241452], [74.6966342948056, 39.10867376697616], [74.69645303263597, 39.11017057067581], [74.69627176260296, 39.11166737142668], [74.69617895672441, 39.11302835438301], [74.69591040435128, 39.11432065215061], [74.69572983662268, 39.11561325748856], [74.69519776555056, 39.116768493051154], [74.69440193527456, 39.11785472952887], [74.69404655012333, 39.11880638707535], [74.69369261439724, 39.11934965684973], [74.69325213782355, 39.11948422642243], [74.69298887843979, 39.11927909728574], [74.69290502946373, 39.11812168853115], [74.69326140168766, 39.116897775130546], [74.69335426922817, 39.11553679789728], [74.69318267417943, 39.11431101232928], [74.69248314505238, 39.113083352967514], [74.6919608412975, 39.11151599100374], [74.69187603719426, 39.11063083961377], [74.69161428511455, 39.11001731787778], [74.69143904999727, 39.10981249883832], [74.69117533877446, 39.109743492958884], [74.69082142685495, 39.11028675495547], [74.69055402140863, 39.11123871743461], [74.69028561929366, 39.1124629385272], [74.68992996016841, 39.113482648008], [74.68842859971055, 39.114991729402924], [74.68763442828903, 39.115601467197386], [74.68670862725423, 39.11610862772918], [74.6859811771063, 39.11651439670613], [74.68531952478374, 39.11697144890119], [74.68445912088542, 39.11763197454694], [74.68366431645312, 39.11839482902878], [74.68300224922355, 39.11895396545055], [74.68260569255423, 39.11910567193323], [74.6822102789126, 39.11895108634934], [74.68188258065838, 39.11833730537342], [74.68129205409697, 39.11741627031988], [74.68050201926951, 39.11690289581396], [74.67964484222162, 39.11669556233146], [74.67898450015103, 39.116795241067045], [74.67852079087113, 39.1172529818886], [74.67851614541433, 39.11847814005222], [74.67844647090486, 39.11944781561457], [74.67824712341809, 39.11980442628881], [74.67785132570415, 39.11975192355932], [74.67725947862768, 39.11918820560196], [74.67646886588811, 39.1188279481114], [74.67607288170684, 39.118826488169816], [74.67587195634714, 39.11959148061753], [74.6756713839389, 39.120203505753445], [74.67487681967046, 39.12050794194394], [74.67289422860348, 39.120553499031274], [74.67150991939837, 39.11993630070543], [74.6697955300597, 39.11926704127659], [74.66801343040704, 39.11890421559829], [74.66623022567907, 39.11874579329556], [74.6637182304411, 39.118943001077895], [74.66199912927685, 39.11914245859091], [74.6604116048619, 39.1194444920846], [74.6588898565498, 39.11979780427343], [74.65697192070697, 39.12009882355491], [74.65294079123208, 39.12024031459653], [74.65210973374104, 39.12017836618456], [74.64605706931708, 39.123502057011166], [74.64680776879312, 39.12375673174693], [74.64772478859705, 39.12432044275317], [74.64798420153458, 39.12493417108468], [74.64798010246976, 39.12564967696256], [74.64804114677858, 39.12646750947693], [74.64849573044785, 39.12743931437443], [74.648886048151, 39.12815547047615], [74.64901372003388, 39.12882008717691], [74.64853864223048, 39.131425815879545], [74.64814098659762, 39.13198734862378], [74.64800569916392, 39.13265152996839], [74.64806850975634, 39.13316271592721], [74.64904994185966, 39.13398206334323], [74.65055908054374, 39.13449561643651], [74.65305436344606, 39.135113109128724], [74.65496869063904, 39.13552766445216], [74.65642097160962, 39.13583860736808], [74.65786039797756, 39.13632420632211], [74.67548189529133, 39.129444593729815], [74.70205694334508, 39.119131131976296], [74.70904709310729, 39.11395293251043], [74.71446172244502, 39.11076946134997], [74.72215643507619, 39.10681915385559], [74.72669956622754, 39.1034190849455], [74.72779510148622, 39.10228423847206], [74.73533729445374, 39.09632533384971], [74.73779677225872, 39.094840307622], [74.74217463175144, 39.09180463255883], [74.7482135776965, 39.08856275519291], [74.74921572436736, 39.088124973794905], [74.74921472436736, 39.088124973794905], [74.74879476366276, 39.08765142865164], [74.74808314767067, 39.08731760430628]]], [[[74.65210973374104, 39.12017836618456], [74.652109853262, 39.12017830055218], [74.652108853262, 39.12017830055218], [74.65210973374104, 39.12017836618456]]], [[[74.65786039797756, 39.13632420632211], [74.65785993442769, 39.13632438729672], [74.65786093442769, 39.13632438729672], [74.65786039797756, 39.13632420632211]]]]}, "properties": {"@featureType": "WaterpolyView", "identifier": {"value": "https://geosciml4china.example.org/J43C001002/waterpoly/LDLYAAE002.WP.105", "@codeSpace": "http://www.ietf.org/rfc/rfc2616"}, "GB": "73020", "name": "", "HYDC": ""}}, {"type": "Feature", "id": "https://geosciml4china.example.org/J43C001002/waterpoly/LDLYAAE002.WP.106", "geometry": {"type": "MultiPolygon", "coordinates": [[[[74.9186216734791, 39.133056506440994], [74.91831920485623, 39.13318077281756], [74.91542931538481, 39.13443221100211], [74.91542931538481, 39.13443221100211], [74.91621566515491, 39.13502109453552], [74.91631491737002, 39.13509542046878], [74.91719360643002, 39.13566565251195], [74.92012254974333, 39.13790862523921], [74.92124534038159, 39.138821017245874], [74.92212394392928, 39.13988556369161], [74.92261193112867, 39.14087414439024], [74.92305103466617, 39.142052872338205], [74.9235389246555, 39.143421719759914], [74.92397794576198, 39.14494268546387], [74.92451461504295, 39.14661573200744], [74.9252465226125, 39.14874504521511], [74.92602756353389, 39.15003774894297], [74.92695524040725, 39.15102618943198], [74.92827383332512, 39.15140607865202], [74.92988554970198, 39.151519676159545], [74.93100889642439, 39.15148129737548], [74.93149737243202, 39.15117692503209], [74.93164397506585, 39.150796609965674], [74.93169299727653, 39.14996000110971], [74.93179093896192, 39.14874310955005], [74.93174228765902, 39.1478685041485], [74.93144948303568, 39.14684187301777], [74.93101008912481, 39.14619555576235], [74.9301803353755, 39.14418038763587], [74.93057124398808, 39.143229591209895], [74.93135277982482, 39.14243077803091], [74.93198775066236, 39.14186016825782], [74.93232977748443, 39.140947408941244], [74.93213470838754, 39.13969258353438], [74.93203729779925, 39.13847575135131], [74.93237923006092, 39.13794326044694], [74.93276992084635, 39.13775299608194], [74.9342349008026, 39.13752433726078], [74.93687182058561, 39.13725720857439], [74.93853211570983, 39.136914342675986], [74.93989941365808, 39.1365335434451], [74.9415108643506, 39.13596249109312], [74.94297580304438, 39.13527739913049], [74.9443918873813, 39.134554281220105], [74.94575911657076, 39.133793141379925], [74.94697983075369, 39.13310810785111], [74.94810286755708, 39.13253718443028], [74.94947002072125, 39.131966137777674], [74.95127660329186, 39.13147091037128], [74.95327846049726, 39.13093753074428], [74.95438693652305, 39.13030247562038], [74.95438693652305, 39.13030247562038], [74.95449903036975, 39.13006228096076], [74.95425484928413, 39.129568057717066], [74.95322947000264, 39.129112257153366], [74.95128334857026, 39.128885874332894], [74.95128334857026, 39.128885874332894], [74.94951873764829, 39.12888592290939], [74.94712630424927, 39.12907717244398], [74.94517327869178, 39.1294963458708], [74.94278078593936, 39.130181858992735], [74.94087650246543, 39.130943181871096], [74.93980227086169, 39.13139993287272], [74.93814204318502, 39.132313223811224], [74.93721422403763, 39.13299805727547], [74.93638402129447, 39.13383495652936], [74.93526086938859, 39.13440576457211], [74.9337958942262, 39.13497667884273], [74.93223328247905, 39.13531944640931], [74.93042655091695, 39.135472133585864], [74.92920583397915, 39.135358427948425], [74.92798520533357, 39.13494049187605], [74.92725282952914, 39.13471254204767], [74.92671576131852, 39.134522559604456], [74.92573917950344, 39.134522828757326], [74.92417656264122, 39.13478943221494], [74.92276046245793, 39.13494189823579], [74.92153979370883, 39.134752058478675], [74.92031926280222, 39.134219963615884], [74.91984092372579, 39.13389194240114], [74.91862267347909, 39.133056506440994], [74.9186216734791, 39.133056506440994]]]]}, "properties": {"@featureType": "WaterpolyView", "identifier": {"value": "https://geosciml4china.example.org/J43C001002/waterpoly/LDLYAAE002.WP.106", "@codeSpace": "http://www.ietf.org/rfc/rfc2616"}, "GB": "73020", "name": "", "HYDC": ""}}, {"type": "Feature", "id": "https://geosciml4china.example.org/J43C001002/waterpoly/LDLYAAE002.WP.107", "geometry": {"type": "MultiPolygon", "coordinates": [[[[74.9186216734791, 39.133056506440994], [74.91831920485623, 39.13318077281756], [74.91542931538481, 39.13443221100211], [74.91542931538481, 39.13443221100211], [74.91504577758741, 39.13414498203405], [74.91382550370969, 39.13319452073764], [74.9127028952864, 39.1322820565807], [74.91182449098733, 39.13129349187519], [74.91114122427982, 39.130685163248124], [74.91094597548967, 39.13057111126985], [74.9104575152054, 39.13095145025427], [74.91016437657476, 39.131293735262894], [74.90923658463623, 39.13144596878813], [74.90899261516314, 39.131141783626695], [74.90894423760011, 39.130305195590005], [74.90855422749131, 39.12920246190473], [74.90811546564326, 39.12798565015609], [74.90762772544772, 39.127073058591485], [74.90684716821171, 39.12597036425994], [74.90621290526579, 39.12520989012115], [74.90572536404213, 39.12403110134901], [74.90528666077438, 39.122852307210586], [74.90479913178488, 39.121711541124554], [74.90421390750764, 39.120684861436615], [74.90382388427312, 39.119810272307056], [74.90353129640643, 39.119277917873674], [74.90338523874026, 39.11863147022956], [74.90348310903946, 39.1182511908706], [74.90397142519173, 39.11802298604406], [74.90460607820403, 39.11798490358896], [74.90553343804939, 39.118289032860694], [74.90646065047868, 39.118859341613096], [74.90738777347339, 39.119619780268486], [74.90821713039887, 39.12064641376174], [74.90885129371698, 39.12155898557403], [74.90972947690364, 39.12266165513254], [74.9107053293114, 39.12376430491083], [74.91163252499203, 39.124600763260574], [74.91241323563591, 39.125513290994995], [74.91343811986532, 39.126349720285106], [74.91465835836895, 39.127110049527836], [74.91534179277825, 39.127338090498306], [74.91700184588153, 39.12726171933516], [74.91822246347331, 39.127223444888706], [74.91905241163117, 39.127375377725635], [74.91958928742972, 39.1278696113786], [74.9199308543533, 39.12840191565043], [74.92007708330142, 39.12904834166231], [74.9197351300773, 39.12950474333039], [74.91900261176895, 39.129847145874514], [74.91822136790692, 39.129923365917016], [74.91700081665655, 39.12969544936483], [74.91563401405794, 39.1289731987998], [74.91451129275814, 39.128402996348356], [74.91387664137179, 39.128250997762386], [74.91329072662123, 39.12828912406533], [74.91319296901133, 39.12851730096476], [74.91333920734603, 39.12901162978004], [74.91421771075967, 39.12977202175114], [74.9155843465492, 39.13087455828414], [74.91704867816111, 39.13197706259529], [74.91862267347909, 39.133056506440994], [74.9186216734791, 39.133056506440994]]]]}, "properties": {"@featureType": "WaterpolyView", "identifier": {"value": "https://geosciml4china.example.org/J43C001002/waterpoly/LDLYAAE002.WP.107", "@codeSpace": "http://www.ietf.org/rfc/rfc2616"}, "GB": "73020", "name": "", "HYDC": ""}}, {"type": "Feature", "id": "https://geosciml4china.example.org/J43C001002/waterpoly/LDLYAAE002.WP.108", "geometry": {"type": "MultiPolygon", "coordinates": [[[[74.94406954987656, 39.12406615440571], [74.94409931470959, 39.124553293552786], [74.94419692894009, 39.125351819507124], [74.94453864032754, 39.1267206458409], [74.94527097155797, 39.12782311249799], [74.94595450481192, 39.12835518762265], [74.94663805399335, 39.1283548810267], [74.94722394962443, 39.127974344275735], [74.94795631035359, 39.12744162924125], [74.94843539706417, 39.1270617119064], [74.94843539706417, 39.1270617119064], [74.95073916772091, 39.12523473508382], [74.95132502107016, 39.12489220448914], [74.95259432983205, 39.123978924270475], [74.95269192916325, 39.12344649571244], [74.95259424268878, 39.12291416566831], [74.95230128787956, 39.12253403947414], [74.95171541732036, 39.12223011582344], [74.95098310154384, 39.12207836866963], [74.95010433387903, 39.12207879526104], [74.9482003351422, 39.122193777498644], [74.94566165814761, 39.122651256396715], [74.94444111856001, 39.12318416943145], [74.94405052505785, 39.123754745814374], [74.94406954987656, 39.12406615440571]]]]}, "properties": {"@featureType": "WaterpolyView", "identifier": {"value": "https://geosciml4china.example.org/J43C001002/waterpoly/LDLYAAE002.WP.108", "@codeSpace": "http://www.ietf.org/rfc/rfc2616"}, "GB": "73020", "name": "", "HYDC": ""}}, {"type": "Feature", "id": "https://geosciml4china.example.org/J43C001002/waterpoly/LDLYAAE002.WP.109", "geometry": {"type": "MultiPolygon", "coordinates": [[[[74.8277378109561, 39.12565273925421], [74.82730512218804, 39.12563324892673], [74.82052470836103, 39.126386765608856], [74.82052370836104, 39.126386765608856], [74.82061843352405, 39.12738427550495], [74.82029071208481, 39.128356354868615], [74.81996305732709, 39.12928619310203], [74.8200706601616, 39.12987738793517], [74.82045053165956, 39.13013020976154], [74.82104804007939, 39.13021370604375], [74.8214827008728, 39.130212989886246], [74.82273316636504, 39.129746264167615], [74.82365799031336, 39.1290688656848], [74.82452839594305, 39.12843379366299], [74.82583306786997, 39.12800918510619], [74.82697430241323, 39.12783828504834], [74.82757279598066, 39.127330373647574], [74.82784544445404, 39.126738536130745], [74.82795495727603, 39.12623145777011], [74.82795552493796, 39.125893528243886], [74.82773881095609, 39.12565273925421], [74.8277378109561, 39.12565273925421]]]]}, "properties": {"@featureType": "WaterpolyView", "identifier": {"value": "https://geosciml4china.example.org/J43C001002/waterpoly/LDLYAAE002.WP.109", "@codeSpace": "http://www.ietf.org/rfc/rfc2616"}, "GB": "73020", "name": "", "HYDC": ""}}, {"type": "Feature", "id": "https://geosciml4china.example.org/J43C001002/waterpoly/LDLYAAE002.WP.110", "geometry": {"type": "MultiPolygon", "coordinates": [[[[74.8277378109561, 39.12565273925421], [74.82665463352372, 39.12471300003141], [74.82616597522983, 39.12395349084422], [74.82616784233731, 39.1234465986471], [74.82616877854588, 39.12289746406542], [74.82643991858384, 39.122601316743975], [74.82687367580266, 39.122516095694216], [74.82747183980399, 39.12276852388198], [74.8283953358116, 39.123400560994455], [74.82936982202155, 39.124243704074054], [74.83018611641529, 39.12462246740215], [74.8307835178488, 39.124748153863656], [74.83148926828356, 39.12445124003074], [74.83230380684894, 39.124069649034], [74.83361048694596, 39.12356047040655], [74.83453365968062, 39.12317867421806], [74.83485902238603, 39.12292465098396], [74.83485955986383, 39.12258672116457], [74.83459019478875, 39.12241823809326], [74.83415385082529, 39.122250040560964], [74.83187375718784, 39.12187387116583], [74.83051529708847, 39.12145382026025], [74.82888779208584, 39.120696292287654], [74.82801979271244, 39.11997968540067], [74.82720742281937, 39.11909401193784], [74.82666526211459, 39.11846132189913], [74.82579709601372, 39.11787141865556], [74.82465733177392, 39.1172819676677], [74.8232462003051, 39.11656623611364], [74.82188734083154, 39.11589263944333], [74.82080396442868, 39.11530306032102], [74.81933743662401, 39.11467185154689], [74.8177631392049, 39.114125286117684], [74.8164592312213, 39.113704983029464], [74.8151019412998, 39.11332699502562], [74.81412598118139, 39.1129061442087], [74.8133127513983, 39.112611750994176], [74.81233508681134, 39.11257105535839], [74.81113766449997, 39.11278413858863], [74.80977953740737, 39.11337763402567], [74.80901782734465, 39.11401242894055], [74.8085282934584, 39.11485800775414], [74.8081994647215, 39.115830054952575], [74.80776156597577, 39.11701347367324], [74.80743596618036, 39.11785879581377], [74.80721534072914, 39.118534987276334], [74.80732390423113, 39.11908395459101], [74.80775899858905, 39.119336734376716], [74.80824783329152, 39.11937822140488], [74.80900861835067, 39.11925032445252], [74.80965932988663, 39.11882690241463], [74.81020546665292, 39.118361406535406], [74.81080191867217, 39.117895820591606], [74.81156397758147, 39.117092049613596], [74.81270843323027, 39.116203191072564], [74.81347021064259, 39.11552612764621], [74.81412254439743, 39.1152716451749], [74.8147744766134, 39.1152283663696], [74.81553481370061, 39.1153116294411], [74.81651189315404, 39.11569022826877], [74.8175419183864, 39.11627993562804], [74.81786807881562, 39.116701817334], [74.81786538625023, 39.11708198734207], [74.81759300325666, 39.11750483972349], [74.8169955991182, 39.11797045842422], [74.81617973697368, 39.11852090532825], [74.8150930039249, 39.11919850765406], [74.81443977117459, 39.11991764748942], [74.81405862603826, 39.12038290293784], [74.81394778493144, 39.12101669326005], [74.81378429602515, 39.121819532547036], [74.81356363927988, 39.12253797563444], [74.8132914892387, 39.12334098471049], [74.81318107814738, 39.124270461057655], [74.81323456842478, 39.12524191825084], [74.81345021151164, 39.126128635971725], [74.81410105283453, 39.126718973017795], [74.81485996110307, 39.127097929843075], [74.81534793508844, 39.1270971493992], [74.8164357726526, 39.12696867986837], [74.81730536360307, 39.12679831107703], [74.81822943304043, 39.12654336703817], [74.81937134966009, 39.125992371942004], [74.82002345042444, 39.12590682177643], [74.82035020111317, 39.126033008908074], [74.82052470836103, 39.126386765608856], [74.82052470836103, 39.126386765608856], [74.82730512218804, 39.12563324892673], [74.8277378109561, 39.12565273925421]]]]}, "properties": {"@featureType": "WaterpolyView", "identifier": {"value": "https://geosciml4china.example.org/J43C001002/waterpoly/LDLYAAE002.WP.110", "@codeSpace": "http://www.ietf.org/rfc/rfc2616"}, "GB": "73020", "name": "", "HYDC": ""}}, {"type": "Feature", "id": "https://geosciml4china.example.org/J43C001002/waterpoly/LDLYAAE002.WP.111", "geometry": {"type": "Polygon", "coordinates": [[[74.92955139208138, 39.1241783707324], [74.92993985679833, 39.12463457653436], [74.93038115837624, 39.125052738136716], [74.93028144321906, 39.1253569857844], [74.93003730255596, 39.12547114343458], [74.92833046240297, 39.12562376707799], [74.92666943868596, 39.1257763535985], [74.92559533010501, 39.12577665026871], [74.92437588815876, 39.12535867588189], [74.92310673981878, 39.12463648562656], [74.92217940782697, 39.12380011839704], [74.92125217068778, 39.122773608690466], [74.9204225827755, 39.12178509508041], [74.91949536588838, 39.12083462512339], [74.91856820364603, 39.11980809362402], [74.91778752512691, 39.118781522865014], [74.91710348716961, 39.117792955397306], [74.9164691681295, 39.11707056523689], [74.91549419943154, 39.11623415172915], [74.91481104346468, 39.115625843154824], [74.91476141848166, 39.11520755276187], [74.91505341493759, 39.11497933854334], [74.9154947725207, 39.114941229961616], [74.91602969436678, 39.11505521045865], [74.91700591309576, 39.11528318464501], [74.91832581626656, 39.11558713389355], [74.9195938422762, 39.116081214842715], [74.92056995681816, 39.11665140255736], [74.92149721607112, 39.1173737023842], [74.92237668860824, 39.118057978020836], [74.92315549070067, 39.11889438309727], [74.92388949454154, 39.11973079376543], [74.92481677910457, 39.12060517496071], [74.92569332386111, 39.121289427532], [74.92642747053226, 39.12182160363976], [74.92720846719264, 39.1222777088028], [74.92955139208138, 39.1241783707324]]]}, "properties": {"@featureType": "WaterpolyView", "identifier": {"value": "https://geosciml4china.example.org/J43C001002/waterpoly/LDLYAAE002.WP.111", "@codeSpace": "http://www.ietf.org/rfc/rfc2616"}, "GB": "73020", "name": "", "HYDC": ""}}, {"type": "Feature", "id": "https://geosciml4china.example.org/J43C001002/waterpoly/LDLYAAE002.WP.112", "geometry": {"type": "MultiPolygon", "coordinates": [[[[74.652108853262, 39.12017830055218], [74.65083835185624, 39.120083581634866], [74.64748972144784, 39.11946477852527], [74.64460124213484, 39.11884665474067], [74.64210687691437, 39.118280237430895], [74.6395468240283, 39.117713655993626], [74.63796939616292, 39.117710922924395], [74.6371143563526, 39.117811646602185], [74.63678181049795, 39.11847547242359], [74.6367769960958, 39.11929319423015], [74.6372328806029, 39.120009506545685], [74.63801861881291, 39.1205219577746], [74.6398560364537, 39.12103622083229], [74.6415620207922, 39.12155023101551], [74.64306965492979, 39.122268312844575], [74.64483965139985, 39.12308903236951], [74.64605706931708, 39.123502057011166], [74.64605706931708, 39.123502057011166], [74.652109853262, 39.12017830055218], [74.652108853262, 39.12017830055218]]]]}, "properties": {"@featureType": "WaterpolyView", "identifier": {"value": "https://geosciml4china.example.org/J43C001002/waterpoly/LDLYAAE002.WP.112", "@codeSpace": "http://www.ietf.org/rfc/rfc2616"}, "GB": "73020", "name": "", "HYDC": ""}}, {"type": "Feature", "id": "https://geosciml4china.example.org/J43C001002/waterpoly/LDLYAAE002.WP.113", "geometry": {"type": "MultiPolygon", "coordinates": [[[[74.69779383377843, 39.06819997941341], [74.69779374761002, 39.06820008599194], [74.69779483377843, 39.06819997941341], [74.69779383377843, 39.06819997941341]]], [[[74.69587500370186, 39.06886830999137], [74.69555672117426, 39.069069940266175], [74.69462508603598, 39.07028265607697], [74.69405140987043, 39.07110972168331], [74.69376396813246, 39.07166143296906], [74.69326320948105, 39.07210184039197], [74.69254936925314, 39.072375672087816], [74.69183624756656, 39.07248368301297], [74.69083758247966, 39.07270121569968], [74.68955385110017, 39.072917720053894], [74.68855565889582, 39.073024690421086], [74.68734367014957, 39.073130883305225], [74.68606065524143, 39.07318153284258], [74.6850617172256, 39.073454289510416], [74.68356292561076, 39.0739463153603], [74.68185031300037, 39.07443754279905], [74.68020994096456, 39.0747079160407], [74.67864157784412, 39.07481271402649], [74.67714372087893, 39.07508356960212], [74.67628725556388, 39.07535677365218], [74.67578484491523, 39.076128739473006], [74.67563977663013, 39.076680931743596], [74.67577624183212, 39.07800798657982], [74.67648363469021, 39.07917132847359], [74.6775471633321, 39.08039125192878], [74.67818534770763, 39.08111214660118], [74.67932020550353, 39.08233231570303], [74.68031255530606, 39.08355195233552], [74.68088201079253, 39.08371985254142], [74.68138118823894, 39.0836664028321], [74.68166927236481, 39.083004179113885], [74.6819588401021, 39.082010322700405], [74.68260426930078, 39.081128307167226], [74.68324894092929, 39.08041210387778], [74.68446450693834, 39.07953214750256], [74.68546697165957, 39.07848558967049], [74.68611477378359, 39.077050831880946], [74.68647650015951, 39.075836132487474], [74.68712328098313, 39.074622458080874], [74.68819471251088, 39.074073580783185], [74.68969371711692, 39.07352622393948], [74.69062040855155, 39.07347426312223], [74.69161740129742, 39.07364363417329], [74.69225590910577, 39.07430918165095], [74.69225110468356, 39.07541462449129], [74.69146162733206, 39.07668309117832], [74.6906020591402, 39.077674938909574], [74.6894585949391, 39.078389398934874], [74.68824310743169, 39.07926940786856], [74.68716818017867, 39.08059209393697], [74.68623625194745, 39.0818047391349], [74.68508972825092, 39.0831824192837], [74.6845136169483, 39.084506883029434], [74.6839414304329, 39.08494699066076], [74.68251242543357, 39.085715620007726], [74.68079827495622, 39.08648318798501], [74.67872769120773, 39.08724942480625], [74.67680113807901, 39.0876845167764], [74.67323614443224, 39.087892407417634], [74.67116877493913, 39.08793997350891], [74.66945651256538, 39.08826520035316], [74.66802961632838, 39.088536204203294], [74.66703039299973, 39.08880880445343], [74.66667242844798, 39.08913909062026], [74.66681004824912, 39.09018979263747], [74.66765894433308, 39.09157481219795], [74.66829324080553, 39.09312483443584], [74.66849751934308, 39.09517069415029], [74.66884360798136, 39.097382903778616], [74.66898101672948, 39.09848887295905], [74.66926540165952, 39.09865575869354], [74.66976495074019, 39.09854708833512], [74.67048171535471, 39.09772068192369], [74.67134206907355, 39.096673717134514], [74.67270166214355, 39.09557333138311], [74.674486390075, 39.09502723580848], [74.67655421722742, 39.09492433848563], [74.6782640944104, 39.09515172596778], [74.67866968584025, 39.095231904846244], [74.68253645875865, 39.0902658318828], [74.68991484224743, 39.07916582960434], [74.69627853813304, 39.07007419277345], [74.69779374761002, 39.06820008599194], [74.69677146957262, 39.06830039538223], [74.69587500370186, 39.06886830999137]]]]}, "properties": {"@featureType": "WaterpolyView", "identifier": {"value": "https://geosciml4china.example.org/J43C001002/waterpoly/LDLYAAE002.WP.113", "@codeSpace": "http://www.ietf.org/rfc/rfc2616"}, "GB": "73020", "name": "", "HYDC": ""}}, {"type": "Feature", "id": "https://geosciml4china.example.org/J43C001002/waterpoly/LDLYAAE002.WP.114", "geometry": {"type": "Polygon", "coordinates": [[[74.66842877150322, 39.07786726128408], [74.66875684239737, 39.07756449414952], [74.67019739809496, 39.076860569531], [74.67078771391822, 39.076356113643996], [74.67157423864892, 39.07580172298662], [74.67294823157043, 39.07535084580888], [74.67432220709756, 39.074899952332345], [74.67484668606826, 39.07449656479735], [74.6749803628759, 39.073838398160106], [74.67485412904823, 39.07287526889165], [74.67472859628668, 39.07176014273309], [74.6749282892668, 39.0709502199309], [74.67532139373924, 39.07069834289325], [74.67610596748779, 39.07054924440048], [74.67708766274794, 39.070147534264414], [74.67721992273516, 39.06979335784365], [74.67722177182509, 39.06938803180387], [74.67702742059234, 39.0690326515867], [74.67644045186262, 39.068827820696725], [74.67532998546562, 39.06882371652896], [74.67480694642249, 39.06892311345628], [74.67363069094921, 39.069020082748295], [74.67232355261282, 39.06916721783697], [74.67121143593249, 39.06951773397696], [74.67003445529309, 39.06976666351437], [74.66833654968076, 39.069658959255506], [74.66722797463174, 39.069249452213164], [74.66618640401892, 39.06848552531749], [74.66527478075362, 39.06787408008761], [74.66429665085916, 39.067515705772266], [74.66338264995377, 39.06741090173429], [74.66194487844268, 39.0675574240471], [74.66083394883677, 39.06765451444222], [74.65991897607135, 39.06775234375852], [74.6593956832257, 39.06790233552241], [74.65906761756902, 39.06820507459218], [74.65906590847497, 39.06855973373381], [74.65919582175266, 39.06871223140401], [74.65984781976324, 39.06896806421319], [74.66082618648916, 39.06927580949738], [74.66128174363412, 39.06963221650921], [74.66121424198325, 39.07008795531704], [74.66108044473748, 39.07074610831844], [74.6607501899152, 39.071504841177116], [74.66074727618361, 39.072112826744366], [74.66081138749958, 39.07236640412136], [74.66146269873417, 39.07277422429392], [74.6625062114383, 39.07313286993787], [74.66394168917166, 39.073492996767406], [74.6649206183659, 39.07369937538618], [74.66537646378433, 39.074005100127096], [74.66563609308135, 39.07436074738436], [74.66595938216531, 39.075071301014376], [74.66608740902191, 39.0756291138802], [74.6660864538715, 39.07583177646389], [74.66608334668514, 39.07649042811482], [74.66640617270028, 39.0773023081979], [74.66672995654467, 39.077911527032455], [74.66712026908878, 39.07826766354789], [74.6675775826671, 39.07826938697253], [74.66783913897687, 39.07821970638445], [74.66810093518326, 39.07811935901769], [74.66842877150322, 39.07786726128408]]]}, "properties": {"@featureType": "WaterpolyView", "identifier": {"value": "https://geosciml4china.example.org/J43C001002/waterpoly/LDLYAAE002.WP.114", "@codeSpace": "http://www.ietf.org/rfc/rfc2616"}, "GB": "73020", "name": "", "HYDC": ""}}, {"type": "Feature", "id": "https://geosciml4china.example.org/J43C001002/waterpoly/LDLYAAE002.WP.115", "geometry": {"type": "MultiPolygon", "coordinates": [[[[73.72077960171487, 39.06820472433883], [73.7226624348751, 39.068147810864275], [73.72449356323271, 39.068140832993045], [73.72655340420681, 39.06836601044418], [73.72823953033854, 39.06772688891102], [73.73007049142772, 39.06726495965637], [73.73123785680872, 39.066174288238955], [73.73049810740874, 39.064860193913105], [73.73084889491277, 39.06325622931622], [73.73099405862695, 39.06188421311972], [73.7314210901829, 39.060335117858514], [73.73229867993822, 39.05912869063744], [73.73309200246419, 39.05752502400471], [73.73425947516739, 39.05637577474026], [73.73520547151031, 39.05476924612325], [73.73593041712208, 39.05351159293453], [73.73658666870558, 39.05213609883644], [73.73672382741985, 39.05075947973714], [73.73700622881479, 39.049213299046976], [73.73670868700866, 39.047840979816414], [73.73611389552681, 39.04635734911526], [73.735518695209, 39.04504034826296], [73.7345497801297, 39.043327473053814], [73.73409949487481, 39.04184089809472], [73.73394706870324, 39.040411597503756], [73.73357309704036, 39.03869616343792], [73.73377908338948, 39.03726625210996], [73.73413780821205, 39.03589203818503], [73.73501539353107, 39.0346855836502], [73.73692283442767, 39.03433695946561], [73.73867743460605, 39.03409924419536], [73.74044002740162, 39.033694950853494], [73.74153089210392, 39.03260334010857], [73.74247718378551, 39.0313390230255], [73.74320201191136, 39.02996422192383], [73.74429309594113, 39.028814040317044], [73.7453152393608, 39.02743792217677], [73.74648273627105, 39.02628853890709], [73.74809260744264, 39.025711351533594], [73.7497787706177, 39.02524754837878], [73.75183075061929, 39.025012818235496], [73.75366184829268, 39.025005377694555], [73.75542440095109, 39.02528540911335], [73.75711042305507, 39.025794284348706], [73.75873558020282, 39.026586216141546], [73.76006318745196, 39.02778479290742], [73.76145913165129, 39.02874989086257], [73.76300042409908, 39.029432785284186], [73.76491526264932, 39.02959719415201], [73.76652536818517, 39.028961206126375], [73.76783757701357, 39.02804282381582], [73.76907347913385, 39.02700652631632], [73.77053853325272, 39.02619781359929], [73.7722931745613, 39.025792954467825], [73.77435305750583, 39.0261839172562], [73.77655829545049, 39.026517819956965], [73.77832055907312, 39.026968640504194], [73.78030415711537, 39.027246108048516], [73.7823564701136, 39.02764135422038], [73.78448501558196, 39.0280328552831], [73.7859574897727, 39.028827319330745], [73.78669746419791, 39.03008252912818], [73.786934143118, 39.031458600310394], [73.78694164791527, 39.033003427232366], [73.78636187943667, 39.03432146517362], [73.78630090062963, 39.03592412495447], [73.78659954852337, 39.036910818864364], [73.78659954852337, 39.036910818864364], [73.78532106707672, 39.03717927548918], [73.78309319456248, 39.03796965362626], [73.78133213120128, 39.03885629899217], [73.77887065136234, 39.03973456178483], [73.77711266267627, 39.04034889512573], [73.77569161403214, 39.0414194513961], [73.77438540378546, 39.04258226765436], [73.77331598527414, 39.04365731463176], [73.77113178743811, 39.04501314544843], [73.7698981244803, 39.045609860261095], [73.76857368511367, 39.0462734725773], [73.76733972773438, 39.04673412964878], [73.76664167555559, 39.04672530195393], [73.76612501703741, 39.04624257892073], [73.76605477069106, 39.04549332085177], [73.76695469307145, 39.04421209385586], [73.76785595758113, 39.0428628453036], [73.76857007874248, 39.04212351055441], [73.76884393691752, 39.041446675391335], [73.76876542639904, 39.041105503488275], [73.76788793229926, 39.04123050655765], [73.76639943505052, 39.041415790107045], [73.76517893622916, 39.04126430179646], [73.76380160716046, 39.040226405213886], [73.76242569566408, 39.03912047909739], [73.76112553743148, 39.038491741375886], [73.76042380711435, 39.03861890509903], [73.76023763267543, 39.03922881258655], [73.76073663389077, 39.04052772915209], [73.76097980986825, 39.04141523443543], [73.76070702008052, 39.04188800662062], [73.76009124864952, 39.04208428993861], [73.75879129078733, 39.041591555429065], [73.75741128388579, 39.040689612017324], [73.75569151801669, 39.0393071090704], [73.75484313484378, 39.03800372555007], [73.75434348602226, 39.036840814627645], [73.75391773648028, 39.03629113916039], [73.75287903229611, 39.035801678907326], [73.75234749570576, 39.03620307683523], [73.75224207484075, 39.03708614160773], [73.75222163469533, 39.03803833227996], [73.7521179860181, 39.03878536971255], [73.751236546308, 39.03925031476777], [73.74886994012454, 39.03949223447402], [73.74624977837298, 39.03945869262319], [73.74592670070827, 39.039488876718025], [73.74592670070827, 39.039488876718025], [73.74432440759395, 39.03963810050558], [73.74326975017046, 39.03982868947523], [73.74326336476821, 39.04023677079885], [73.74421329308959, 39.04079320857256], [73.74541838297496, 39.04169306543984], [73.74636416667919, 39.04245352586287], [73.74643978199926, 39.04293074014694], [73.74625108258539, 39.04360863583172], [73.7458952021352, 39.04401224104862], [73.74588901644758, 39.04421628065948], [73.74553732050553, 39.04441584285265], [73.74474533284037, 39.044677816907544], [73.74342567066915, 39.045001074440066], [73.7428930112943, 39.04540242431553], [73.74279125182292, 39.046149450824494], [73.74329137551742, 39.0473804206121], [73.74466932911137, 39.04828252935068], [73.74589050235521, 39.04850224653548], [73.74712362405882, 39.04804181919363], [73.74826734776188, 39.04758026047509], [73.74975701902208, 39.04739520937239], [73.75114917929803, 39.04775313423115], [73.75236658790536, 39.04810881280727], [73.75340407723198, 39.04866629285352], [73.75426126613898, 39.049493592557184], [73.75448951480288, 39.051061245125645], [73.75417247067696, 39.053846462497816], [73.75398319896608, 39.05445635910897], [73.7535337517794, 39.05506291280681], [73.75282689977631, 39.0555300939207], [73.7515076776476, 39.0559214504568], [73.75036740194054, 39.056110985730655], [73.75009548302933, 39.056583732186944], [73.75078111048079, 39.05720478160033], [73.75207912411302, 39.05790164984796], [73.75241519811597, 39.05851822998093], [73.75179191775682, 39.05912254538522], [73.7505538483348, 39.05971904714965], [73.74729784809308, 39.06076591737531], [73.74685348823053, 39.06116840173119], [73.74666852907076, 39.06171027148371], [73.74727374669342, 39.06199015662219], [73.74893155612072, 39.06214742712956], [73.750590376458, 39.06230467195995], [73.75128679681882, 39.062449626875015], [73.75324467260904, 39.06377344991225], [73.75552559418533, 39.064940505797566], [73.75780200302368, 39.066597137727996], [73.75902578093401, 39.06840579151743], [73.75921614749896, 39.06955046825851], [73.75934478669036, 39.07030776271929], [73.75950715774762, 39.070922102447696], [73.75939799660513, 39.07194119566753], [73.75893740912683, 39.07309187548075], [73.75865402253793, 39.0741767615896], [73.75844358208178, 39.075874876312305], [73.7582410540191, 39.07723292423474], [73.75795386614321, 39.078453833695626], [73.75740301747999, 39.07973941986761], [73.75659958422162, 39.08054557415839], [73.7526075502176, 39.08328400629651], [73.75128741596004, 39.08374336526182], [73.75085685126243, 39.08346573029406], [73.75078373922305, 39.08271646945822], [73.75089861135453, 39.081425334479626], [73.75145315829373, 39.07986772981352], [73.75210126984419, 39.07810719407228], [73.75213386200778, 39.07661090383692], [73.75180366271854, 39.0756542561615], [73.75139340429169, 39.074288411053146], [73.75098315805165, 39.07292256667268], [73.75073683713622, 39.07223908447926], [73.75013719111548, 39.07220614309032], [73.74952796728033, 39.072548452995065], [73.749096780087, 39.0733599880869], [73.74885367680334, 39.075153005481795], [73.74757333125036, 39.07660836142814], [73.74503540014535, 39.077886977249555], [73.74439761347314, 39.07853303313659], [73.74436198674417, 39.079249720298435], [73.74464931970658, 39.08020559370898], [73.74509572756959, 39.08086594235653], [73.74592352803636, 39.08153119118437], [73.74652557583316, 39.08201500392554], [73.7479556928209, 39.08310454997541], [73.74809134866341, 39.08399896107528], [73.74784748588486, 39.084650492295694], [73.74753645958319, 39.08494406156549], [73.74661502453714, 39.08511080249981], [73.74516110342701, 39.08503268679366], [73.74348319385369, 39.0848326152695], [73.7415856585649, 39.08415359702476], [73.74037669839885, 39.08342390503137], [73.73962908956528, 39.08258111366455], [73.73903590597169, 39.081621290602335], [73.73844519566512, 39.08054247248708], [73.7376984088315, 39.079759165269905], [73.73671944561433, 39.078913398883856], [73.73574127616223, 39.07812712287928], [73.73460972070184, 39.077457855890174], [73.73347172119968, 39.076907572397765], [73.73255529254403, 39.07683621516349], [73.73186311054637, 39.07706530338167], [73.73155128927301, 39.07729933377172], [73.73154511855256, 39.07759681799564], [73.73192108059166, 39.07795874334971], [73.73267125112156, 39.07862309237216], [73.73334326115045, 39.079464940675216], [73.73363660793083, 39.08012335659493], [73.733389161222, 39.08089384805311], [73.73254005755774, 39.081358948540185], [73.73130702860541, 39.081700104540396], [73.72977378145735, 39.08185879448264], [73.72847586007619, 39.081722788358036], [73.72680114419097, 39.08116346743731], [73.72536105892173, 39.08042889440201], [73.7239951477971, 39.07981438176087], [73.7230019505647, 39.07956226774173], [73.71794481328463, 39.07967231030695], [73.71571789295727, 39.078676204072615], [73.71526262958756, 39.07633933535986], [73.71605598846207, 39.073724777851474], [73.71746586361573, 39.07169991600626], [73.71797668021857, 39.071025413864064], [73.71862440960633, 39.06967229398826], [73.71921817618852, 39.06888821295831], [73.71924257927144, 39.068884029291354], [73.71977059942631, 39.06832464635508], [73.72077960171487, 39.06820472433883]]]]}, "properties": {"@featureType": "WaterpolyView", "identifier": {"value": "https://geosciml4china.example.org/J43C001002/waterpoly/LDLYAAE002.WP.115", "@codeSpace": "http://www.ietf.org/rfc/rfc2616"}, "GB": "73020", "name": "", "HYDC": ""}}, {"type": "Feature", "id": "https://geosciml4china.example.org/J43C001002/waterpoly/LDLYAAE002.WP.116", "geometry": {"type": "MultiPolygon", "coordinates": [[[[74.97760988769592, 39.07387934979162], [74.97692111565952, 39.07322906083777], [74.97673159531307, 39.0729142724362], [74.97654305197992, 39.07250957530122], [74.9764480540831, 39.07222478903705], [74.97637254902264, 39.071850066893695], [74.97633576971887, 39.07137042208771], [74.97618531194713, 39.07015631979287], [74.97607303150022, 39.06960173032285], [74.97592072648023, 39.06924199841229], [74.97561321940273, 39.06879233509303], [74.97526923707183, 39.0683726509746], [74.97404123526083, 39.06587905613511], [74.97352446443726, 39.064991381477746], [74.97321504148239, 39.064494872134304], [74.9729288315303, 39.06404348945787], [74.97267906819344, 39.06356222366604], [74.97217720038383, 39.06227312337526], [74.97208305025137, 39.06188366112324], [74.97202334243337, 39.06155422947766], [74.97194740220597, 39.0611349343237], [74.9718512465451, 39.060715548881326], [74.9717733082489, 39.06029625355343], [74.97164072540873, 39.059876680671834], [74.97154460518209, 39.0596368324678], [74.9713331745666, 39.05927673497648], [74.97089110654257, 39.05857140988115], [74.97062200832798, 39.05804645475704], [74.97044901088931, 39.05764165647926], [74.970331663048, 39.057282022728295], [74.97025676371287, 39.05702730234507], [74.97017784832785, 39.05666785384589], [74.97006350632138, 39.05630821977039], [74.96941092801102, 39.054345090661], [74.96915908203012, 39.05389503430652], [74.96877574235597, 39.05342936295889], [74.9684490535681, 39.05300885383155], [74.96816181443526, 39.052723185499254], [74.96789278693922, 39.05242264807194], [74.96771783998405, 39.05221234690965], [74.96756510620754, 39.0519871771676], [74.96747001764538, 39.05180717122967], [74.9674295729787, 39.05164240627279], [74.96737390219849, 39.05137281770186], [74.96736380557934, 39.04869377609979], [74.96734385066024, 39.0482413925286], [74.96724599506167, 39.04775847887059], [74.96711189170563, 39.04738091305857], [74.9669576237652, 39.047033404247735], [74.96674360203184, 39.04661023132078], [74.9665510142361, 39.04632284072798], [74.96639792369245, 39.04608086558187], [74.96611013281208, 39.04570254253036], [74.96572540948895, 39.045399130953115], [74.96455133809786, 39.04466970663031], [74.9640694980475, 39.04432058762595], [74.96370609605933, 39.044077568492504], [74.96330108424026, 39.04371374735809], [74.96303265066433, 39.04341089446029], [74.96243598952977, 39.04269936795679], [74.96189737643098, 39.042244418799015], [74.9614730080765, 39.0417749625827], [74.96120440152201, 39.04135149445169], [74.96099242818903, 39.04092831067796], [74.96091523537308, 39.04070178591581], [74.96085569123501, 39.040113522544246], [74.96075905482256, 39.03973613743632], [74.96060581409816, 39.039373545674636], [74.96039189692776, 39.03898051341622], [74.96006670263175, 39.03857183127664], [74.95975783547955, 39.03823862901336], [74.9594498323508, 39.03781496542402], [74.95910343885123, 39.03740618600585], [74.95889181218097, 39.03719406740659], [74.95773901688413, 39.036374212218014], [74.95735433454485, 39.03604061758047], [74.95714267187107, 39.035798343002426], [74.95695008446603, 39.035465706915936], [74.9568334719515, 39.03522391078648], [74.95673804411703, 39.034967133099684], [74.9566393238631, 39.03451436234788], [74.95665918289394, 39.03360987651907], [74.95681201846254, 39.03315824088469], [74.95692342936657, 39.032780242540305], [74.95692102583959, 39.032401987788695], [74.95688173718284, 39.032084168658805], [74.9568012738416, 39.031781395985526], [74.95662765645372, 39.03140275974584], [74.95635778959921, 39.03093312677688], [74.95608901322545, 39.0305419433], [74.95582397946609, 39.03009251927992], [74.95489752151994, 39.02894574534142], [74.95489752151994, 39.02894574534142], [74.95725143561124, 39.02952859113561], [74.95760122402596, 39.0295658434147], [74.95855843129539, 39.02964090692517], [74.9590250169757, 39.029641927472326], [74.95944394698797, 39.0296428443701], [74.95984162012283, 39.02962546642484], [74.96023744053736, 39.02957160660184], [74.96366888124237, 39.029323637431574], [74.96527852979115, 39.02934532017894], [74.96574367971691, 39.029455762216216], [74.96628052871401, 39.02963931432588], [74.96660641488666, 39.02982241897742], [74.96688364391878, 39.030005426157324], [74.96706955650812, 39.03018823296299], [74.96725718231977, 39.03044400503891], [74.96737303770836, 39.03064490359348], [74.96748956351058, 39.03086484642254], [74.96758432290741, 39.03108641344644], [74.96760897331806, 39.03128938512225], [74.96756151412269, 39.0314737592442], [74.96640955395955, 39.03340824003521], [74.96601355712099, 39.03381323345728], [74.965830462302, 39.03405264943757], [74.96569166773317, 39.03423682196747], [74.96555299341631, 39.03443944180983], [74.96506735915315, 39.035416098377056], [74.96497722532308, 39.03560037180047], [74.96488628170525, 39.03596911768576], [74.96479521924837, 39.036319418250656], [74.96470303802418, 39.03665126899449], [74.96461273521376, 39.03696467217115], [74.96440396350451, 39.03746229828605], [74.96431365832998, 39.037775703436495], [74.96426901936923, 39.03808920612249], [74.9642715182705, 39.03847660303888], [74.96429599766675, 39.038808705197575], [74.96441687926338, 39.03923286360245], [74.96495788547747, 39.040669294518075], [74.96591985264428, 39.042309991054424], [74.9673514823295, 39.04404488143033], [74.9675159287776, 39.04433979327433], [74.96782116113772, 39.044782444723126], [74.96812536802521, 39.04520671547558], [74.96838351638439, 39.045502083966404], [74.96871187887824, 39.045761030782366], [74.96915960823279, 39.04616760280861], [74.96962929021066, 39.04688677645669], [74.96979387733576, 39.047255211145746], [74.96990949201476, 39.04754989113471], [74.97016933600587, 39.04916600406724], [74.97024167571402, 39.049567665097825], [74.97031103206899, 39.05009701890253], [74.97040581162244, 39.0505900017011], [74.97059330095256, 39.051119920853814], [74.97082567927767, 39.05186897048703], [74.97132003840103, 39.054279271462484], [74.97146071515587, 39.0549548986335], [74.97164826906256, 39.055740201146534], [74.97195199572239, 39.056708487503926], [74.97211506732525, 39.05714708215647], [74.97237386495355, 39.05765909645664], [74.97340598787356, 39.059178130009016], [74.97406213468933, 39.059929197385344], [74.97434133900629, 39.06022241554366], [74.97467139351947, 39.06047937673609], [74.9750911739898, 39.06077326754237], [74.97577272128325, 39.061269052994575], [74.97607535795954, 39.06152589497785], [74.97635855795514, 39.06174614293708], [74.9766611905967, 39.06196650073974], [74.976965777141, 39.06222268466634], [74.97728914010885, 39.06240517022949], [74.9779570589135, 39.06315321620456], [74.97821319051982, 39.0635181014232], [74.97841913751816, 39.06388297752857], [74.9786270837682, 39.064247853240325], [74.97878901735704, 39.065251180520534], [74.97881322574737, 39.06567074710718], [74.97881334008083, 39.06609030721384], [74.97876825330016, 39.066473374035084], [74.97865510689807, 39.06686585466113], [74.97865510689807, 39.06686585466113], [74.97844140287633, 39.067624005679605], [74.9783017539203, 39.06795293337077], [74.97811597121681, 39.06826357602911], [74.97788499371443, 39.068574209623335], [74.97760646262007, 39.06899448423325], [74.97748748340464, 39.06945134183477], [74.97748840539884, 39.06978029736548], [74.97750958207493, 39.0703651081051], [74.97760988769592, 39.07387934979162]]]]}, "properties": {"@featureType": "WaterpolyView", "identifier": {"value": "https://geosciml4china.example.org/J43C001002/waterpoly/LDLYAAE002.WP.116", "@codeSpace": "http://www.ietf.org/rfc/rfc2616"}, "GB": "73020", "name": "", "HYDC": ""}}, {"type": "Feature", "id": "https://geosciml4china.example.org/J43C001002/waterpoly/LDLYAAE002.WP.117", "geometry": {"type": "Polygon", "coordinates": [[[74.86347808604917, 39.064129839876045], [74.86373513263177, 39.063699872857086], [74.86367255400454, 39.063011685788396], [74.86342114679931, 39.06207805307255], [74.86329591158054, 39.060849173529064], [74.86361141506318, 39.059963556436266], [74.86405247747383, 39.059766001013514], [74.86461946327435, 39.059666515181746], [74.8656273012927, 39.059713623484036], [74.86644622285635, 39.05966278003204], [74.8668242837946, 39.05946534236459], [74.86688746828581, 39.059121053278574], [74.86663628132182, 39.05774494033354], [74.8663215549448, 39.05735226275517], [74.86575496268809, 39.05681260521991], [74.86525139496372, 39.05622364984105], [74.86487380936667, 39.05563443517784], [74.86443301004621, 39.055438672446506], [74.86367727325951, 39.05524354694308], [74.8621656606748, 39.055099109420865], [74.86040207014747, 39.055004320118286], [74.85851243989812, 39.05500808708946], [74.85567796212024, 39.05506284531779], [74.85467012549262, 39.05511398373161], [74.85397722411648, 39.05516449932492], [74.85170947430676, 39.05541471736571], [74.84988270534969, 39.055565719632284], [74.84900079012601, 39.0556657331753], [74.8474259630356, 39.05581621669104], [74.84559913130596, 39.05601631470963], [74.84326837857976, 39.05621732258836], [74.8422603823009, 39.056415849120334], [74.8409373876459, 39.056664109531845], [74.8396145687213, 39.05671569438407], [74.8390478545232, 39.05652006564917], [74.83885936055074, 39.05602875463639], [74.83911173595611, 39.05558580781476], [74.83967904765537, 39.05514228716394], [74.84024644384617, 39.05460043115332], [74.84043581846241, 39.054157597705], [74.84031007749643, 39.05391200035376], [74.83974333616824, 39.05376554010172], [74.83930238449092, 39.0538155082724], [74.83886124230322, 39.05406213763448], [74.83848327514379, 39.05411198929042], [74.83795329762042, 39.05395712671697], [74.83770158970384, 39.053564033703914], [74.83761813554027, 39.05297386280773], [74.8374503972233, 39.052646210764394], [74.83719863277808, 39.05231870692603], [74.8366945926365, 39.05218843151823], [74.83585411311712, 39.05238671392801], [74.83484544066513, 39.05271647350833], [74.83383689298446, 39.052915041441686], [74.83333285194799, 39.052784751519056], [74.83282922650915, 39.052260910754136], [74.83266165120534, 39.05180206668387], [74.82938707203674, 39.04951210149873], [74.82838072322684, 39.048857566934544], [74.82762666261986, 39.04833367016702], [74.82678756725531, 39.04826920558111], [74.82569572929485, 39.04859877850401], [74.82535953873348, 39.048796085080994], [74.82502189208019, 39.049583945724144], [74.82468439722751, 39.0503061880478], [74.8245980327898, 39.05129055868438], [74.82451215596225, 39.05207807751183], [74.82425873656706, 39.05273458637257], [74.82425711682706, 39.05332518581276], [74.82442471992148, 39.05371845144472], [74.82518061431536, 39.054045124880425], [74.8266927895423, 39.054370501139836], [74.82786885673653, 39.0546964386136], [74.82837275408166, 39.054957934923415], [74.82862427133831, 39.05548222842196], [74.8287917573579, 39.05600667048527], [74.8288750698412, 39.05666243749664], [74.8290425633669, 39.05718687685615], [74.82971369368074, 39.05823517185819], [74.83030095147579, 39.05915242810924], [74.83097205207171, 39.060266305829416], [74.83172741927544, 39.061183259930516], [74.83231493587088, 39.06190373055618], [74.83332252870353, 39.06275463775722], [74.83475088688377, 39.063080059622365], [74.83634766958129, 39.06307720400719], [74.83802848976651, 39.06307417530152], [74.83979310682929, 39.063333332996145], [74.84113746551934, 39.06365882918862], [74.84206150716004, 39.064116268612686], [74.8427333694588, 39.06463975734892], [74.84348934855124, 39.065097494586944], [74.84416157896032, 39.06522742708771], [74.84508617386147, 39.06509451941456], [74.84626322989783, 39.06456758508861], [74.84727185434981, 39.0644345005801], [74.84769201317049, 39.06449929823931], [74.84811201105792, 39.064760867296], [74.84836370898446, 39.065285119959384], [74.84886732592646, 39.06607125821386], [74.84945489649247, 39.06698841515864], [74.85037887703645, 39.06764256143449], [74.85130328811265, 39.06777197209122], [74.85205970791557, 39.06777051335947], [74.85256418887327, 39.06750717436186], [74.85323710390838, 39.066784368441745], [74.85365801960529, 39.06586527567224], [74.8540790695049, 39.06474940376953], [74.8544999621255, 39.063830307595836], [74.85492046013964, 39.06343593850111], [74.8559288162463, 39.06363073703543], [74.85651678392215, 39.064088720475645], [74.85769287717945, 39.064807905431934], [74.85903712479798, 39.06546115109148], [74.86012935068686, 39.06598370256038], [74.86105367142603, 39.06624421641523], [74.86164198364105, 39.066243035557335], [74.86206233335375, 39.06604541603732], [74.86273501375696, 39.06551932790447], [74.86282344129876, 39.06535830371997], [74.86315370809177, 39.0647450294147], [74.86347808604917, 39.064129839876045]]]}, "properties": {"@featureType": "WaterpolyView", "identifier": {"value": "https://geosciml4china.example.org/J43C001002/waterpoly/LDLYAAE002.WP.117", "@codeSpace": "http://www.ietf.org/rfc/rfc2616"}, "GB": "73020", "name": "", "HYDC": ""}}, {"type": "Feature", "id": "https://geosciml4china.example.org/J43C001002/waterpoly/LDLYAAE002.WP.118", "geometry": {"type": "MultiPolygon", "coordinates": [[[[73.7948418300732, 39.05419256418831], [73.80176523186887, 39.05377995393842], [73.80176523186887, 39.05377995393842], [73.80117784595515, 39.05449883264388], [73.80048739180738, 39.05562466777391], [73.79956507164522, 39.05696588601659], [73.79887582867488, 39.057917290006245], [73.79744435871089, 39.0596435442007], [73.7966971775255, 39.060506040939224], [73.79596088782978, 39.06101993272675], [73.79528348963086, 39.06118591325257], [73.79416558763373, 39.061172034194605], [73.79344543867198, 39.0607708311397], [73.79294986922115, 39.060241677252975], [73.79267941683155, 39.05975887620624], [73.79263667572457, 39.05919170274561], [73.79265125387863, 39.05840735108212], [73.79295211795434, 39.05740859447028], [73.79347394189995, 39.05641261591368], [73.79405127895019, 39.055591629503766], [73.7948418300732, 39.05419256418831]]]]}, "properties": {"@featureType": "WaterpolyView", "identifier": {"value": "https://geosciml4china.example.org/J43C001002/waterpoly/LDLYAAE002.WP.118", "@codeSpace": "http://www.ietf.org/rfc/rfc2616"}, "GB": "73020", "name": "", "HYDC": ""}}, {"type": "Feature", "id": "https://geosciml4china.example.org/J43C001002/waterpoly/LDLYAAE002.WP.119", "geometry": {"type": "MultiPolygon", "coordinates": [[[[73.7896451721009, 39.04128804228438], [73.78964613219368, 39.041288178670364], [73.7896461721009, 39.04128804228438], [73.7896451721009, 39.04128804228438]]], [[[73.81893232305669, 39.033556948764485], [73.81820720942828, 39.034990771296584], [73.81726140985896, 39.03636830821689], [73.81646759936015, 39.037914011453665], [73.81515536831355, 39.03929231466621], [73.81391185674156, 39.04027047509687], [73.81275205555373, 39.04142061407863], [73.81084470654513, 39.041946121724564], [73.80893725193192, 39.04172399200251], [73.80702232369994, 39.04138916561981], [73.80504643882236, 39.04139595850987], [73.80320757569619, 39.04134557780302], [73.80130026049645, 39.0411818732902], [73.79932409873658, 39.04141825242965], [73.79741669873601, 39.04143012460345], [73.79536464765971, 39.0416071054336], [73.79338064953711, 39.04155957406875], [73.79161840210271, 39.04156834948165], [73.78964613219368, 39.041288178670364], [73.78943927337592, 39.04199513462865], [73.78914502861305, 39.04282031398047], [73.78862622592567, 39.04368644153887], [73.78827831488259, 39.04433653157829], [73.78781342331769, 39.04520331941679], [73.78718436599232, 39.045980898016666], [73.78661680452832, 39.04641029621508], [73.78428688433917, 39.04821308753625], [73.78332356539507, 39.04868053059144], [73.7823633643066, 39.049191541741564], [73.78162309014571, 39.04970534392463], [73.7816136264208, 39.050228242804835], [73.78199780987464, 39.05066889376167], [73.78277291082622, 39.051114441058935], [73.78377170876728, 39.051475628284265], [73.78477451993149, 39.051836809341275], [73.78565975548699, 39.052327308338214], [73.78654787048224, 39.052774226701075], [73.78737814205665, 39.0532640177489], [73.78855043497158, 39.05345295502921], [73.78950198108569, 39.053377647731324], [73.79079778875622, 39.05308863048985], [73.7923754645032, 39.05251938402423], [73.79333151819519, 39.052312624833284], [73.79411347740874, 39.05227829048085], [73.79478756103791, 39.05224262804349], [73.79522980239791, 39.05242234347161], [73.7953938991713, 39.05272956586875], [73.79532651824651, 39.05333938002771], [73.7948418300732, 39.05419256418831], [73.80176523186887, 39.05377995393842], [73.80209503475092, 39.05337562483429], [73.80312488649244, 39.0522101223011], [73.80457204797591, 39.04961022497583], [73.80497152887854, 39.04913516248125], [73.80536975969562, 39.048834519514024], [73.80581706085518, 39.04879616736154], [73.80603613268607, 39.049104031839974], [73.80602378456574, 39.04971451004168], [73.80589994192609, 39.05041088658734], [73.80555458523874, 39.05093021477885], [73.8052124716975, 39.051275118665885], [73.80480754367252, 39.051880998432125], [73.80450918536974, 39.05288064058061], [73.8045528259456, 39.05361374123996], [73.8181368133533, 39.05280252732713], [73.8361289822005, 39.049813600165734], [73.83532168174722, 39.049448150645446], [73.83490697120179, 39.049256643077776], [73.83449196470865, 39.04897178988921], [73.83437716215258, 39.04864370258108], [73.83450654430696, 39.04822502039179], [73.83493497207527, 39.047716428348565], [73.83584135311094, 39.04721333508643], [73.83698904729451, 39.04666630773401], [73.83783568460555, 39.0462091846058], [73.83862159602009, 39.045798042195536], [73.8389892679709, 39.045335423701076], [73.8391199960251, 39.04473004233074], [73.83883334390953, 39.04402651403494], [73.83836356085692, 39.04346094835171], [73.83759375648633, 39.042985296285046], [73.83634110532162, 39.04283085875167], [73.83514178199502, 39.04281711571441], [73.83352114913629, 39.04303190773554], [73.83142017548039, 39.04342785598452], [73.82950174140046, 39.043499124281524], [73.82728567641108, 39.04347355924048], [73.82566927871032, 39.04345487584624], [73.824773993259, 39.04335114182116], [73.82400157398462, 39.042968747655145], [73.82346991451169, 39.04268246870545], [73.82299583683326, 39.04230353546066], [73.82270764370632, 39.041693318288246], [73.82218713439032, 39.040800283533805], [73.82184565593107, 39.03972263874255], [73.82168506263933, 39.038740421638316], [73.82170662997176, 39.03762026963333], [73.82178348404877, 39.0366408292675], [73.82191948187622, 39.03575542962101], [73.82206561281411, 39.03426327895468], [73.82208583923004, 39.03316102427969], [73.82185364775816, 39.03236802488113], [73.82157158395349, 39.03187670305617], [73.8210424452195, 39.03140372358716], [73.82032674211233, 39.03125536514173], [73.81972566093873, 39.03127765875613], [73.81972466093873, 39.03127765875613], [73.819359467959, 39.03217865406303], [73.81893232305669, 39.033556948764485]]]]}, "properties": {"@featureType": "WaterpolyView", "identifier": {"value": "https://geosciml4china.example.org/J43C001002/waterpoly/LDLYAAE002.WP.119", "@codeSpace": "http://www.ietf.org/rfc/rfc2616"}, "GB": "73020", "name": "", "HYDC": ""}}, {"type": "Feature", "id": "https://geosciml4china.example.org/J43C001002/waterpoly/LDLYAAE002.WP.120", "geometry": {"type": "MultiPolygon", "coordinates": [[[[74.80136889151089, 39.05835670672761], [74.80141914191921, 39.057425568938775], [74.80142075822748, 39.056849546768795], [74.80119441099889, 39.05671687929925], [74.80045670382832, 39.057027889123646], [74.80000051569459, 39.05800321404785], [74.79982897020774, 39.05853512082839], [74.7994293189705, 39.059554688247744], [74.79934749711566, 39.05979580568238], [74.79934749711566, 39.05979580568238], [74.80136789151089, 39.05835670672761], [74.80136889151089, 39.05835670672761]]]]}, "properties": {"@featureType": "WaterpolyView", "identifier": {"value": "https://geosciml4china.example.org/J43C001002/waterpoly/LDLYAAE002.WP.120", "@codeSpace": "http://www.ietf.org/rfc/rfc2616"}, "GB": "73020", "name": "", "HYDC": ""}}, {"type": "Feature", "id": "https://geosciml4china.example.org/J43C001002/waterpoly/LDLYAAE002.WP.121", "geometry": {"type": "MultiPolygon", "coordinates": [[[[73.85173187125622, 39.046105770789985], [73.8511954560796, 39.04571160746566], [73.85000176843245, 39.04551064988889], [73.84904162103548, 39.04563925085601], [73.84777832925968, 39.04609098271428], [73.84687214151046, 39.04654699286159], [73.84602142811475, 39.04719040562347], [73.8453312292195, 39.047782689975904], [73.8453312292195, 39.047782689975904], [73.85173187125622, 39.046105770789985]]]]}, "properties": {"@featureType": "WaterpolyView", "identifier": {"value": "https://geosciml4china.example.org/J43C001002/waterpoly/LDLYAAE002.WP.121", "@codeSpace": "http://www.ietf.org/rfc/rfc2616"}, "GB": "73020", "name": "", "HYDC": ""}}, {"type": "Feature", "id": "https://geosciml4china.example.org/J43C001002/waterpoly/LDLYAAE002.WP.122", "geometry": {"type": "MultiPolygon", "coordinates": [[[[74.05646382687793, 39.000000018087604], [74.06111111110435, 38.99999999999621], [74.06666666665997, 38.99999999999623], [74.07222222221557, 38.999999999996234], [74.07777777777117, 38.99999999999625], [74.08333333332678, 38.99999999999626], [74.08888888888237, 38.99999999999626], [74.09444444443797, 38.99999999999627], [74.09999999999357, 38.99999999999628], [74.10555555554916, 38.99999999999628], [74.11111111110475, 38.99999999999629], [74.11666666666034, 38.9999999999963], [74.12134245453625, 39.000000017627066], [74.12134345453624, 39.000000017627066], [74.12070982654947, 39.0005424277981], [74.12057768749686, 39.00130467296728], [74.12068898062164, 39.002306987349144], [74.12153124687832, 39.00422026682813], [74.12238711467118, 39.005036655280456], [74.1233054430962, 39.00580574525643], [74.12416252947716, 39.006526737276175], [74.12462330010142, 39.00734239195156], [74.12462330010142, 39.00734239195156], [74.12494602423571, 39.00820113867657], [74.12523742312769, 39.009490797396715], [74.1252810617578, 39.01096961300953], [74.1251418960514, 39.012304152751746], [74.12463310661057, 39.01335013737915], [74.12424925380107, 39.01453999522605], [74.12448668703394, 39.015352344617924], [74.12558604872537, 39.01650415024217], [74.12649927709299, 39.0177024348649], [74.12765739617173, 39.018950002728396], [74.12869951195731, 39.019815236001435], [74.1294933703388, 39.02058348015839], [74.13059155707924, 39.02192600207105], [74.13156838682968, 39.023076953896854], [74.13271536472683, 39.02442821435295], [74.13271536472683, 39.02442821435295], [74.13345743578009, 39.02528305781448], [74.13449548027224, 39.02657745522873], [74.1351038687249, 39.02734447138899], [74.13663303596913, 39.02888047596264], [74.13767356807416, 39.029650246952144], [74.13877799385479, 39.03042040256455], [74.14006921758609, 39.03109635042249], [74.14111843780856, 39.03148456542894], [74.14197977977936, 39.03172851943821], [74.14247115537982, 39.03211318550233], [74.14357552060152, 39.032978680117225], [74.1441237601513, 39.033697569134844], [74.14411455249622, 39.03446062089371], [74.14379784276791, 39.03498326241147], [74.14336225065699, 39.03526666551109], [74.14236776636335, 39.03554653418245], [74.13994805581495, 39.036151179168534], [74.13901179214166, 39.036812939608204], [74.13762728606422, 39.03871188580519], [74.13718342592477, 39.03942448167839], [74.13648848593297, 39.04075546987646], [74.13591586558442, 39.042039554766276], [74.13578163823526, 39.0428971962385], [74.13564973512277, 39.04356407295784], [74.13557331574094, 39.04475594213099], [74.135806324698, 39.045949793461155], [74.13621951548082, 39.047430975636075], [74.13682819238151, 39.048436436041605], [74.13736735454334, 39.04982302280002], [74.13778765859983, 39.050970364316704], [74.13795957284968, 39.05202074354993], [74.13788740230115, 39.05278339947812], [74.13751340950351, 39.05316255154061], [74.13664482134746, 39.0532997483003], [74.1360257627794, 39.05320012389331], [74.13528960779749, 39.052575380620716], [74.13424767541409, 39.05180549477342], [74.13301552088856, 39.0512249413868], [74.12992752865041, 39.05055988371542], [74.12906551357679, 39.050172530741506], [74.12789573451623, 39.04964001685349], [74.12642207386946, 39.048819358230084], [74.12525941297898, 39.04766724607696], [74.12428393530804, 39.04656409173209], [74.12324518773707, 39.04541283566045], [74.12239298771128, 39.04435820009502], [74.1213559278452, 39.043159265521176], [74.12043949025875, 39.04205651898973], [74.1198350429041, 39.041003622215015], [74.11935382213265, 39.03999926082493], [74.11899732220198, 39.03885279512578], [74.11876328844812, 39.03765955237446], [74.11865434181506, 39.03665758913939], [74.11860550057375, 39.03560799138777], [74.11880512803658, 39.03432156271381], [74.11877346815136, 39.03188894111269], [74.11879164677636, 39.030505915014636], [74.1188193021963, 39.028359841244544], [74.11871903341664, 39.02630833443174], [74.11865281820656, 39.025527052119266], [74.11865281820656, 39.025527052119266], [74.11855753184243, 39.0244471866704], [74.11826794036661, 39.02277599112979], [74.11779199008377, 39.02124664838863], [74.11743644605072, 39.020147331580944], [74.11630380353174, 39.016705893646545], [74.115760134047, 39.015653043989126], [74.1150911694076, 39.01464706889109], [74.11435760564287, 39.0140222054041], [74.11408159531416, 39.013914254678184], [74.11408159531416, 39.013914254678184], [74.1133716510326, 39.01363416301939], [74.11176116750394, 39.01371893287134], [74.10996192459095, 39.01413628608371], [74.1080403426625, 39.01460048077114], [74.10649029122644, 39.014876351391024], [74.10531137709107, 39.01515467234999], [74.10431763360165, 39.01538653015109], [74.10344176684426, 39.01623918006354], [74.10274684480699, 39.0173792057689], [74.10204909044177, 39.018662298954524], [74.10141136073047, 39.020088872944235], [74.10089648049691, 39.02180219647253], [74.10093764184997, 39.02328008374457], [74.10079764464922, 39.024565988600095], [74.10040319814435, 39.02613604914379], [74.0998251063939, 39.02784773895499], [74.09937773247167, 39.02889309562408], [74.09837445036831, 39.029839077823084], [74.09762317119107, 39.03031026150588], [74.09681844873795, 39.03044737582172], [74.09614158001416, 39.030061135506216], [74.09528384328355, 39.029387581824324], [74.09419360716176, 39.02766370750099], [74.09359765717949, 39.02594344723572], [74.09343982825733, 39.02379742298313], [74.09309117126566, 39.02203131378221], [74.09231095004672, 39.02035734512987], [74.09140140084371, 39.01887310371223], [74.09030819547378, 39.0173874884075], [74.08951958287291, 39.01604711787833], [74.08879753663574, 39.01465953675854], [74.08655327504721, 39.011115882828044], [74.08533815566965, 39.009581651339325], [74.08460937287663, 39.00848000165913], [74.08362987277764, 39.0077577874437], [74.081897009512, 39.007744948735095], [74.07954266115262, 39.00791812221898], [74.07836152935342, 39.00814766716611], [74.07631207448101, 39.00879966953651], [74.07239341637377, 39.00981788247868], [74.0714776591122, 39.00981076508349], [74.06763141987635, 39.01016206079127], [74.06701994493024, 39.010347928064064], [74.06591761672497, 39.01067294775801], [74.06450506935182, 39.01137683540701], [74.06303116747455, 39.01203256774698], [74.06186515928289, 39.01254770441169], [74.06100108843331, 39.013351184989766], [74.06025332665084, 39.01448923068041], [74.06023408851884, 39.0158713366116], [74.06039316260204, 39.01744552106375], [74.06068154444348, 39.018782371487504], [74.0613932197544, 39.02017023974809], [74.06461710821642, 39.02515264146786], [74.06509123272662, 39.02630028226454], [74.06585976684688, 39.02792689661415], [74.06752929990368, 39.0319822508466], [74.06752929990368, 39.0319822508466], [74.0681616976741, 39.033521593222154], [74.0682751459269, 39.03414211135522], [74.0680245632026, 39.034759768209355], [74.06722622394861, 39.035134836265705], [74.06649416046542, 39.03512910555443], [74.06533900076155, 39.034691096355665], [74.06407112202153, 39.03372787232128], [74.06299225994067, 39.032480119412135], [74.06209112973903, 39.03147208976726], [74.06152589498352, 39.03078199480662], [74.06152589498352, 39.03078199480662], [74.0610713364371, 39.030224800907995], [74.06011058868982, 39.02912095841899], [74.05872553393831, 39.027823103721204], [74.05703221222934, 39.0267611122635], [74.05526526918675, 39.02646115525582], [74.05410764547162, 39.02649962211359], [74.05282167950452, 39.02677540178965], [74.04893900609997, 39.02870058925041], [74.04893900609997, 39.02870058925041], [74.04336149522365, 39.03146622573984], [74.0395417834916, 39.03400935393092], [74.03874023555757, 39.03467017732795], [74.03805425123622, 39.035713245734385], [74.03742653521115, 39.03694743418825], [74.03680151817353, 39.037990986535746], [74.03648288221008, 39.03894168649691], [74.03646588124468, 39.04013314472238], [74.0368800338213, 39.041042104373616], [74.03796195561004, 39.042051802616896], [74.03910588368647, 39.04320495598631], [74.04313320390085, 39.04757476382385], [74.04433734777363, 39.04858538272655], [74.04591365209006, 39.04945594604719], [74.04797782990262, 39.05013975631772], [74.04967793719173, 39.05082061298523], [74.05961189240162, 39.05614242531771], [74.0687120590009, 39.06007463691494], [74.07083714208426, 39.06080618257056], [74.07332781609094, 39.06173117066576], [74.0758196323052, 39.062608411353764], [74.07804087330832, 39.06338758660835], [74.08025951060198, 39.064214381355384], [74.08198169788537, 39.06503745981231], [74.08321136503652, 39.06571386437487], [74.08437816872544, 39.06653277624049], [74.08523559288777, 39.06725407131285], [74.08608750379264, 39.06830896909805], [74.08772592979058, 39.07075190435355], [74.08852220586397, 39.071568036276055], [74.0899933710246, 39.072722782996635], [74.09189914087771, 39.073737718417085], [74.0934384970949, 39.0745116073583], [74.09491779305858, 39.07499907006627], [74.09664974538306, 39.075202368982445], [74.09894115161227, 39.07526672448428], [74.10079865360385, 39.07542320383283], [74.10209827435926, 39.07552795705158], [74.10333467931773, 39.07572756494525], [74.1043226649688, 39.07597302624996], [74.10511900041348, 39.07650309412854], [74.10628940767737, 39.077083494233015], [74.10771143389312, 39.07737971563427], [74.10906952051874, 39.077675471264214], [74.11011950314094, 39.07792133246226], [74.11092105993121, 39.07821306470674], [74.11122550106815, 39.07869187508144], [74.11127724728968, 39.07931188666977], [74.11083701397081, 39.07988068569881], [74.11027034326187, 39.08063922867156], [74.1094534824958, 39.0813483295327], [74.108131580123, 39.08291172127901], [74.10750506919469, 39.083431509050875], [74.10693616435925, 39.084428330611466], [74.10661360369791, 39.08523629884065], [74.10654122734971, 39.086093711927155], [74.10696134111036, 39.08719299306023], [74.1075678776186, 39.08810297549825], [74.10823765817956, 39.088918081115324], [74.1087283685113, 39.08944589484476], [74.1092093923699, 39.09040263695952], [74.10950311939324, 39.09169165278102], [74.10942787312406, 39.092692044579564], [74.10910260648127, 39.093928948547486], [74.10871932792492, 39.09464115853107], [74.10771532354026, 39.09573017627424], [74.10702599798499, 39.09615419577851], [74.10603273799174, 39.09643300035058], [74.10466749026298, 39.096423158373945], [74.10299313997764, 39.09650637251868], [74.10088346878268, 39.0967770523989], [74.09902484840038, 39.09681120212063], [74.09685503910079, 39.09679540307904], [74.09493509317878, 39.09678137780673], [74.0931954698649, 39.09695931702459], [74.09152338629076, 39.09694705055807], [74.09010104050012, 39.09665062899755], [74.0888714843223, 39.09606961122857], [74.0882572990932, 39.095588462087335], [74.08770997318116, 39.094821814540985], [74.08747182744065, 39.09410510904985], [74.08736179159311, 39.09300804822515], [74.08756192087601, 39.09196092915485], [74.08776174943499, 39.09100912726037], [74.08789961008605, 39.09005686936153], [74.08803517566638, 39.08919992668832], [74.08785770820478, 39.08857899464315], [74.08725101311035, 39.08747827913487], [74.08670540557232, 39.08666396776948], [74.08578996414477, 39.08556095739869], [74.08499721364097, 39.08469715065645], [74.08407862733927, 39.083975396063366], [74.08315705977967, 39.08325363435278], [74.08168744208037, 39.08205114328786], [74.08049370665414, 39.078801155355], [74.0802536849255, 39.07808443469292], [74.07989768206942, 39.07708083881889], [74.07959641970568, 39.07645897271929], [74.07929351137003, 39.075884764747045], [74.07855762922213, 39.075259667089455], [74.07794604044928, 39.07482612391577], [74.07726920579326, 39.07448743217115], [74.07640850382299, 39.07400437367926], [74.07524173901734, 39.07332832488455], [74.07440164977466, 39.07241618170878], [74.07392380528586, 39.07150687635986], [74.07356545265402, 39.07093212850784], [74.0732701434142, 39.070357853421], [74.07272704068542, 39.06982933804099], [74.07200218288146, 39.06934705125025], [74.07139543575569, 39.06900868848324], [74.07054523897698, 39.06876373736248], [74.0692054325199, 39.0684673080868], [74.0679890260611, 39.06807650139881], [74.0667776142825, 39.067542708044414], [74.06556223748427, 39.06715187633477], [74.064591988622, 39.066619973831315], [74.06343999717524, 39.06613428329949], [74.06246546134274, 39.06584065492488], [74.06149427369051, 39.06559467729266], [74.06058145676572, 39.06539683074016], [74.0574961836472, 39.063418259309444], [74.05658374159316, 39.06312506674766], [74.05536949843139, 39.062734130127936], [74.05384778668005, 39.06243607692562], [74.05269125780265, 39.06214091385974], [74.05141368468135, 39.061844766935955], [74.04995303640374, 39.06154714845979], [74.04849542115603, 39.06110653607084], [74.04727925583376, 39.06071551597259], [74.04618313905496, 39.06046843717524], [74.04502565110636, 39.06031617452626], [74.04368306485276, 39.06030540411953], [74.04252352646519, 39.06043906558821], [74.0414199808453, 39.060716181334286], [74.0403733880194, 39.06127972836638], [74.03926264328567, 39.06227169584261], [74.03857371286679, 39.06336241537043], [74.03794167296124, 39.06488254836076], [74.03755133601166, 39.0666429393285], [74.03721346482152, 39.06887848742341], [74.0372567154584, 39.070069574850855], [74.03760033668662, 39.071596678949696], [74.03776516452864, 39.072693588262005], [74.03799507135427, 39.073791025859535], [74.0385255092366, 39.07508161359677], [74.03911788904603, 39.07618223882875], [74.0399010749941, 39.0770463453143], [74.04195070768992, 39.07887402581578], [74.04224900294085, 39.079352897175546], [74.04248409214412, 39.079974105344746], [74.04295328550417, 39.08121652024304], [74.04324521525548, 39.08212398977173], [74.04366031664087, 39.0830325168991], [74.04419446695647, 39.084084966511014], [74.04448642373286, 39.08499243283867], [74.0445937187739, 39.08599355540622], [74.04439742187918, 39.08680154709027], [74.0437755231152, 39.08760583622697], [74.04291364809035, 39.08797940336487], [74.04169150635776, 39.08806404899664], [74.03925019711535, 39.08789995028569], [74.03723650313805, 39.08773952824845], [74.03539907080173, 39.08791402658846], [74.03338309034218, 39.088039269319424], [74.03179357278808, 39.087977739568316], [74.0306375292656, 39.087729450555784], [74.0296098502018, 39.08700600526336], [74.02871370503118, 39.08566453718846], [74.02806508257167, 39.08418234877793], [74.02771961212748, 39.082655219414484], [74.02692407467502, 39.07883793193101], [74.02651165436778, 39.07783410632509], [74.02609796379815, 39.07678265287295], [74.02531967259056, 39.075870836470536], [74.02453723780876, 39.07510187822199], [74.02418450155957, 39.07419382605837], [74.02396158220985, 39.072715387237075], [74.02374977901084, 39.07057023724254], [74.02390467734057, 39.06847594699375], [74.02378570844004, 39.06423596554435], [74.02380535933243, 39.06280730123308], [74.02382756412659, 39.06147388267346], [74.02402779040956, 39.06028494849032], [74.02416534116371, 39.059333583211924], [74.02423982738358, 39.05838167965545], [74.02426146480867, 39.05695301595426], [74.02409531942195, 39.055760843538444], [74.02386551708697, 39.05480624488074], [74.02363038732524, 39.05432773854351], [74.02266301411771, 39.0537001759931], [74.01902370272524, 39.05195330484032], [74.01817936386372, 39.05132663027891], [74.01697180336808, 39.05036334016535], [74.0160119351655, 39.04930696729057], [74.01487258033829, 39.048010842346045], [74.01391368933707, 39.046763964939885], [74.01284374667969, 39.0448490746847], [74.01236917641782, 39.0439871845319], [74.01183339032112, 39.04293415392548], [74.01103630597908, 39.03916208562023], [74.01093180768834, 39.03782664953117], [74.01095551034565, 39.036206280292966], [74.01103951503812, 39.0346340748485], [74.01118024750626, 39.03349129486263], [74.01150555228772, 39.03196877212269], [74.0123430323307, 39.02906821311776], [74.0124835137497, 39.02773479894816], [74.01255664344933, 39.02697277719739], [74.01219939984843, 39.026302528926095], [74.01129350189726, 39.02567538059745], [74.01032522976499, 39.02514303580287], [74.00911049797193, 39.02484694288339], [74.00789268272561, 39.0246938101009], [74.006671773783, 39.024683639532725], [74.00587913168593, 39.02472467986307], [74.00502869949827, 39.02447925843887], [74.00472862968603, 39.02414310279893], [74.00449516363956, 39.02342619408552], [74.00469356765088, 39.02237924881451], [74.005135936735, 39.0213343412132], [74.00545420441921, 39.02043138676031], [74.005400217708, 39.019954297176945], [74.00515775534721, 39.01971396800356], [74.00448755135406, 39.0196607030159], [74.00344719571248, 39.01989032118857], [74.00239980664789, 39.02059650806864], [74.00189630507256, 39.02178386685458], [74.00151317601163, 39.02287693051815], [74.00101426883226, 39.02368302114003], [74.00021218969243, 39.024295919226304], [73.99904523665754, 39.024762760107684], [73.99824565355077, 39.025137353356044], [73.99744353425095, 39.02575022948484], [73.99650980803213, 39.027076940221924], [73.99588710831665, 39.027929638141465], [73.99544709844437, 39.02873621899508], [73.99482628587137, 39.029588813084516], [73.99433108199746, 39.02996535528302], [73.99335329297475, 39.03009934605129], [73.99176734422089, 39.02989442299555], [73.99013254668775, 39.02916507769916], [73.98868186296507, 39.02824689635618], [73.98753563403123, 39.027379110114246], [73.98649956557121, 39.027274378610585], [73.98600757236429, 39.02750801810712], [73.98580754711507, 39.028458777944024], [73.98578939749952, 39.02974456645731], [73.98559110964554, 39.03064770383478], [73.98521394580004, 39.03140629956528], [73.9849015345984, 39.03173685553695], [73.98416511489111, 39.03211111593652], [73.98336564994526, 39.03248481025785], [73.98268450909406, 39.03309773007252], [73.98212243798234, 39.033902253549236], [73.98199062583952, 39.03452021397493], [73.98210121785252, 39.03518803933058], [73.98260565299177, 39.038050387007935], [73.9825296359926, 39.03900225979304], [73.98208510662228, 39.040093631865], [73.98163931571715, 39.0413278685155], [73.9813811419587, 39.042087569172935], [73.9807546867273, 39.04322487357311], [73.9803734001842, 39.044173936114156], [73.97992955501077, 39.04521767673172], [73.97954549741523, 39.046214357377124], [73.97904858693758, 39.04687655942202], [73.97849538245495, 39.04710960282788], [73.97782183529375, 39.04710341035449], [73.97715905922261, 39.046668619585006], [73.97649530614389, 39.04604333974032], [73.97590389945124, 39.044894782280345], [73.9755577140322, 39.04355799421195], [73.9751517408634, 39.04226826066173], [73.97479777868415, 39.04155055007257], [73.97438983299817, 39.040260816042775], [73.97429339261387, 39.0386405528366], [73.97407134557729, 39.03730488960996], [73.973611206725, 39.035395505911794], [73.9734537498208, 39.03377467683238], [73.97304886723595, 39.0324849373252], [73.97257392084622, 39.0315756029223], [73.97203114966501, 39.03109429205737], [73.97117589319862, 39.031133987497995], [73.97080259935028, 39.03170204656459], [73.9706646381369, 39.03270096407735], [73.97021191370366, 39.03417326320552], [73.96970112993117, 39.035644993762936], [73.96901505525149, 39.03649593802577], [73.96814987033014, 39.037154687198395], [73.96734950637791, 39.037575893047084], [73.96667729178768, 39.03761725888106], [73.96595211652829, 39.037277078118485], [73.96505094752668, 39.036363729761106], [73.96409133250143, 39.035164073545744], [73.96343384717434, 39.03434823414375], [73.96258745205779, 39.03376878765604], [73.9617352070124, 39.033617926161625], [73.96118557918588, 39.033755646194535], [73.96068124397584, 39.034751118295105], [73.96029569010187, 39.03589037989038], [73.95967156197011, 39.036740879711594], [73.95904742157217, 39.03759137814374], [73.95891640138609, 39.038209115627055], [73.95938560967785, 39.039404995010365], [73.95955144775729, 39.04035942523344], [73.95941607675395, 39.04131051084972], [73.95897501799004, 39.04216301294432], [73.9581056442975, 39.043010829603595], [73.95718409810056, 39.04342937787507], [73.95626590880353, 39.04351457132798], [73.95523199678716, 39.04326507116745], [73.9546933490379, 39.042592336941034], [73.95452380641127, 39.04168552421835], [73.95466377728988, 39.04063920096277], [73.95517228865141, 39.03945403875949], [73.95567518065563, 39.03855460037894], [73.95590355814076, 39.0382661936022], [73.95590355814076, 39.0382661936022], [73.95617729542556, 39.03770278288915], [73.9561887906279, 39.03698846409677], [73.95583382836844, 39.03622250518791], [73.95517752171848, 39.03521508467502], [73.95362482470067, 39.03319754971045], [73.95320833773842, 39.03252615375327], [73.95340580403469, 39.03157574420191], [73.9541507228229, 39.03086948323219], [73.95489132339527, 39.03030607838015], [73.95630326609117, 39.02975004023416], [73.95716560761377, 39.0293308261042], [73.95803328998312, 39.02857825474751], [73.95877589641249, 39.02782434163767], [73.95982610740042, 39.02716900457545], [73.96160973935537, 39.0263295621636], [73.9635731686564, 39.025633508891225], [73.9657208916536, 39.024986752476394], [73.96762497362069, 39.0242424402043], [73.97333773244475, 39.02196168929684], [73.97456507626774, 39.02154439280893], [73.97633990127706, 39.02117977829423], [73.97805367830749, 39.020814574780424], [73.9799530209977, 39.02035578704756], [73.98203941415704, 39.01970816259955], [73.98442755478736, 39.01915760956731], [73.98607928626365, 39.018838044990055], [73.9871823853872, 39.01856144478312], [73.98834702204236, 39.01804706361482], [73.98939764348081, 39.0171980296952], [73.99057389419336, 39.015968758452004], [73.99175523532017, 39.01459650236315], [73.99274915657888, 39.0133179994509], [73.99374008583177, 39.01237309469994], [73.99429331543143, 39.011948809445826], [73.99485266039642, 39.01138155127067], [73.99510549519975, 39.01071639938094], [73.99499737992849, 39.00971455278978], [73.99513548262287, 39.00876242279139], [73.99569138393294, 39.00829047416301], [73.99624374524883, 39.008056811844064], [73.99721944248674, 39.008065034051114], [73.99897703165536, 39.00874712766805], [74.00025020337667, 39.00932978187134], [74.00207345594951, 39.00963107863994], [74.00426532267284, 39.00988774708795], [74.00645850467914, 39.01019203068061], [74.00803926859399, 39.01039588056862], [74.00993114509768, 39.010316297121655], [74.01146259657443, 39.00999535352814], [74.01299103462048, 39.00967438968427], [74.01458799384199, 39.00897264572532], [74.01587901433511, 39.008268359447214], [74.01711179789052, 39.00737292388037], [74.01852372546517, 39.00666961240504], [74.01999543528947, 39.00595493505901], [74.01999543528947, 39.00595493505901], [74.02257733812412, 39.00470105216446], [74.02331320711488, 39.004421104576636], [74.02373974576925, 39.00437694436189], [74.02489933201385, 39.00438643358819], [74.02653926265597, 39.00478116278416], [74.028060937177, 39.005127219092145], [74.0297019004309, 39.00552190644804], [74.03116131034315, 39.00581976573798], [74.03267766613533, 39.00626107774157], [74.03401105740271, 39.00684386353783], [74.03498126456579, 39.00737601243719], [74.0355260157149, 39.007666407397], [74.0367368146772, 39.008295833272115], [74.03795102802378, 39.00868695468334], [74.03928857089832, 39.008983730002775], [74.04062951198989, 39.00904219560705], [74.04172722608918, 39.008908051659574], [74.04301525582706, 39.00853707194049], [74.04442762974435, 39.00778578717748], [74.04793379824174, 39.005668960998236], [74.04836971041601, 39.00510046314187], [74.04929915441869, 39.004059270496256], [74.05010327126342, 39.00311241316647], [74.0512132458421, 39.002310955325676], [74.0521979009227, 39.001746809516156], [74.05379130134175, 39.00118749637563], [74.05520041361935, 39.00072202970762], [74.05618135049005, 39.000205508677666], [74.05646482687793, 39.000000018087604], [74.05646382687793, 39.000000018087604]]]]}, "properties": {"@featureType": "WaterpolyView", "identifier": {"value": "https://geosciml4china.example.org/J43C001002/waterpoly/LDLYAAE002.WP.122", "@codeSpace": "http://www.ietf.org/rfc/rfc2616"}, "GB": "73020", "name": "", "HYDC": ""}}, {"type": "Feature", "id": "https://geosciml4china.example.org/J43C001002/waterpoly/LDLYAAE002.WP.123", "geometry": {"type": "MultiPolygon", "coordinates": [[[[74.78990428068234, 39.00000001975259], [74.79444444443887, 38.99999999999682], [74.79999999999443, 38.99999999999682], [74.80555555554999, 38.99999999999682], [74.81111111110555, 38.99999999999682], [74.8166666666611, 38.99999999999683], [74.82222222221664, 38.99999999999682], [74.8277777777722, 38.999999999996824], [74.83333333332776, 38.99999999999682], [74.83888888888332, 38.99999999999682], [74.84291443082383, 39.00000002639096], [74.84291343082383, 39.00000002639096], [74.84338621417365, 39.00115142619469], [74.84393114932743, 39.00274108699884], [74.84425823294006, 39.004374066282566], [74.84419926739487, 39.00574971010344], [74.8435370126487, 39.00661043626179], [74.8421076131814, 39.006956480132686], [74.8391423341834, 39.00700388254255], [74.83688918024491, 39.007136144917816], [74.83540479023719, 39.0074821873203], [74.83447016742244, 39.00769846331521], [74.83221364444668, 39.00881931702669], [74.83111443461276, 39.00933670323057], [74.82968360808026, 39.00981155318044], [74.82797780710304, 39.0103727391227], [74.82599995826034, 39.010633368413444], [74.82418748141625, 39.010678813146164], [74.8228115353888, 39.011153503765144], [74.82204128122298, 39.01192828020044], [74.82143189294104, 39.013089708976736], [74.8209338488397, 39.014465918723666], [74.82043898403361, 39.015369280292845], [74.81994177661976, 39.016401598079995], [74.81888904892716, 39.018982128267375], [74.81855471077495, 39.02156172540458], [74.81827550958867, 39.0232815238964], [74.81766718895038, 39.024743833145024], [74.81711358080277, 39.02590516695842], [74.81518115188922, 39.029647409205], [74.81402159783423, 39.03128233912857], [74.81302957241877, 39.03265913230593], [74.812035850003, 39.033906960800806], [74.8110974051922, 39.03502575386529], [74.80994262649153, 39.03592987707359], [74.80862137048834, 39.03666224707204], [74.80751978748363, 39.0370934348245], [74.80625351268952, 39.03743883700736], [74.8043835358468, 39.037784937841366], [74.802955080185, 39.03821647000632], [74.80185455887803, 39.038604618068995], [74.79954171743404, 39.03931652693981], [74.79756445220235, 39.039404728699445], [74.79547385377893, 39.03927808744799], [74.79404530807508, 39.03902173506749], [74.79256330087367, 39.03893736883028], [74.79102143595, 39.039153942118595], [74.78964847916552, 39.03937032192848], [74.78832977218197, 39.03915677071681], [74.78684667337237, 39.03877143032956], [74.78539378338112, 39.03846329329195], [74.78539378338112, 39.03846329329195], [74.78503375757091, 39.03838640499415], [74.78338390706647, 39.03795819907532], [74.78201425542069, 39.037099843331134], [74.78091748723253, 39.036241202067], [74.78020527070043, 39.03546815131648], [74.7794373651783, 39.03460917800471], [74.77867161517663, 39.033707211399125], [74.77817958716356, 39.032847964913095], [74.77823376365636, 39.03246104059702], [74.77889671421457, 39.032030550731584], [74.77999512470348, 39.031685604849436], [74.78181103421606, 39.03168383475208], [74.7843737002143, 39.031951259303234], [74.7843737002143, 39.031951259303234], [74.78466840032414, 39.03198189150624], [74.7868663102378, 39.03223757158683], [74.78906159726944, 39.03270813788538], [74.79181021790698, 39.03330703805023], [74.79373310243622, 39.033648851361065], [74.79538165984042, 39.03381899545543], [74.79686368947196, 39.033860339656776], [74.79807312139269, 39.033816003465205], [74.79939321734881, 39.0335136126405], [74.80098950530586, 39.03308193440643], [74.80208970573443, 39.03277976592599], [74.8031354038093, 39.03230570786473], [74.80451172261967, 39.031530350118544], [74.80583463074962, 39.03054010970409], [74.8068823793573, 39.02929226905435], [74.80793125728978, 39.02761455808546], [74.80936851470827, 39.02456081528165], [74.80975681930845, 39.023227777932824], [74.80986908121466, 39.021981047267936], [74.80987311367093, 39.020476533460545], [74.80987664638893, 39.019530838865045], [74.8097691509832, 39.01862826633133], [74.80916728477519, 39.01764032295816], [74.80817793504502, 39.01695374635525], [74.806255431845, 39.0166121689305], [74.80411465154816, 39.01644276375912], [74.80197112142818, 39.01618734700043], [74.80032444354994, 39.01584535207168], [74.79834729595652, 39.01541773571466], [74.79746788536855, 39.015117820584635], [74.79625987144887, 39.014431387425184], [74.79499967715022, 39.01383097508848], [74.79373763088972, 39.01284367620148], [74.79313591154919, 39.01189863600687], [74.79286190491125, 39.01164101760358], [74.79231351759375, 39.01159862184551], [74.79187102494522, 39.01189999565662], [74.79143101058419, 39.01271720127908], [74.79120754601577, 39.01362014489291], [74.79120338599392, 39.014694795448385], [74.79136570660035, 39.015898230656425], [74.79169264895098, 39.017187461447456], [74.7920733176027, 39.01821871490847], [74.79207192267631, 39.01903545045449], [74.79173965733555, 39.01989552279863], [74.79118805738682, 39.02058388703705], [74.79036114083802, 39.02144448068914], [74.78920495921797, 39.02213347225568], [74.78804701188037, 39.02273648013986], [74.78722358133102, 39.023081218651434], [74.78656354018304, 39.02325384054765], [74.78568304468375, 39.023297725207705], [74.78486055047398, 39.02299765874932], [74.78392910681477, 39.02205290548279], [74.78321713031501, 39.02123688550996], [74.78261416144255, 39.02072165301265], [74.78168026576, 39.02059361639128], [74.78123933450804, 39.02068001912407], [74.78079774460197, 39.02162614080909], [74.78046160224964, 39.02304500072775], [74.78018567038369, 39.02373304311691], [74.77957783140187, 39.02446438941106], [74.77908437746726, 39.0247227816539], [74.77858945340806, 39.02480922777573], [74.77803910748231, 39.02472377863041], [74.77732789962245, 39.0239936952047], [74.77656191424221, 39.02257588366771], [74.77585332486467, 39.02102905453289], [74.77519817884146, 39.01965411765543], [74.77470711089796, 39.018536938668944], [74.77378312289294, 39.01531384602098], [74.77356504926837, 39.0144543267233], [74.77362772035708, 39.01234796067961], [74.77374036561241, 39.01148813929287], [74.77385155276001, 39.01045637329885], [74.77418612936906, 39.00955336266108], [74.77432542352756, 39.00914547646752], [74.77432542352756, 39.00914547646752], [74.77527885809332, 39.0085648945353], [74.78207736869142, 39.00442017502353], [74.78816423780012, 39.000876674779654], [74.78990328068234, 39.00000001975259], [74.78990428068234, 39.00000001975259]]]]}, "properties": {"@featureType": "WaterpolyView", "identifier": {"value": "https://geosciml4china.example.org/J43C001002/waterpoly/LDLYAAE002.WP.123", "@codeSpace": "http://www.ietf.org/rfc/rfc2616"}, "GB": "73020", "name": "", "HYDC": ""}}, {"type": "Feature", "id": "https://geosciml4china.example.org/J43C001002/waterpoly/LDLYAAE002.WP.124", "geometry": {"type": "MultiPolygon", "coordinates": [[[[74.84215187317373, 39.02343891473572], [74.83625556592557, 39.02698409295989], [74.83097707407947, 39.03095257586247], [74.82693755819685, 39.03453869800596], [74.82636996044609, 39.03495258243632], [74.82636996044609, 39.03495258243632], [74.82602876370501, 39.03496045780986], [74.82475569454293, 39.03481697174351], [74.82427410757974, 39.03451587299777], [74.8239857380492, 39.03410135960142], [74.82403584406852, 39.03334692348791], [74.82456854500911, 39.032478683203195], [74.82553541032037, 39.03157213289734], [74.82645355678497, 39.03085423243488], [74.82697007952018, 39.03033863122083], [74.82716516715054, 39.03014388915192], [74.82819433717248, 39.029003638175354], [74.82901623927842, 39.02817269509388], [74.82988598826748, 39.0274925526487], [74.83065944285856, 39.02673710265661], [74.83148146893402, 39.025830703801795], [74.8320619805852, 39.025075514845824], [74.83253190737328, 39.02486303800213], [74.83331720575694, 39.024507954632966], [74.83510237101869, 39.02416593034935], [74.83688734581368, 39.0238993166965], [74.8398296427839, 39.02366868607185], [74.84215087317374, 39.02343891473572], [74.84215187317373, 39.02343891473572]]]]}, "properties": {"@featureType": "WaterpolyView", "identifier": {"value": "https://geosciml4china.example.org/J43C001002/waterpoly/LDLYAAE002.WP.124", "@codeSpace": "http://www.ietf.org/rfc/rfc2616"}, "GB": "73020", "name": "", "HYDC": ""}}, {"type": "Feature", "id": "https://geosciml4china.example.org/J43C001002/waterpoly/LDLYAAE002.WP.125", "geometry": {"type": "MultiPolygon", "coordinates": [[[[74.84215187317373, 39.02343891473572], [74.84397756059741, 39.02343615676527], [74.84583199552938, 39.0235970705404], [74.84759442966426, 39.02392095829802], [74.84918508561427, 39.02429567029148], [74.85072560888959, 39.0246327194946], [74.85164678078525, 39.02504112572431], [74.85279947004061, 39.02553468422987], [74.85332779585245, 39.02609961770202], [74.85346968853231, 39.02696691352177], [74.85315330318268, 39.02799295026603], [74.85240706736934, 39.02908061097498], [74.85153754178828, 39.02957243870371], [74.85057112249781, 39.029762679377896], [74.84994513417234, 39.02976366252532], [74.84854727129611, 39.029388659919874], [74.8477957383363, 39.02912590579225], [74.84724612463175, 39.028900337475285], [74.84541380807421, 39.028261935993164], [74.8442498187659, 39.02794195157662], [74.84377502128187, 39.0278118097632], [74.84271549309544, 39.02758709882927], [74.84213658417127, 39.02766340567522], [74.84179839386266, 39.027927942777474], [74.8417495769492, 39.02819204536762], [74.84218262853369, 39.02864401816297], [74.84290314872781, 39.029057833973575], [74.84319307802284, 39.02920184710802], [74.84396503603229, 39.02958429050774], [74.84512082216881, 39.030374619109864], [74.84559923595282, 39.03124140996633], [74.84563931602005, 39.03211690099633], [74.84564538390099, 39.032658450388205], [74.84564478685765, 39.033391294864664], [74.84559328461549, 39.03429670396624], [74.84525580300571, 39.03482518921314], [74.84477180785204, 39.03493920438786], [74.84380913179497, 39.03467651705219], [74.84241204261107, 39.03392425613764], [74.84101323661538, 39.03305882160248], [74.83979334018153, 39.03228553928631], [74.83952613344579, 39.03214914689045], [74.83865394944638, 39.03170445217037], [74.83768984067878, 39.03147955652106], [74.83677418764795, 39.03159404912038], [74.83619489146281, 39.0318211998957], [74.83556735770988, 39.03204841941163], [74.83474628055292, 39.0325399399423], [74.83368303092331, 39.033031802358124], [74.83243538098557, 39.03336386845863], [74.8305469549216, 39.03386604437635], [74.82972518409865, 39.03420665585679], [74.82842270809665, 39.03469880461991], [74.82750372368193, 39.034926378686386], [74.82636996044609, 39.03495258243632], [74.82636996044609, 39.03495258243632], [74.82693755819685, 39.03453869800596], [74.83097707407947, 39.03095257586247], [74.83625556592557, 39.02698409295989], [74.84215187317373, 39.02343891473572]]]]}, "properties": {"@featureType": "WaterpolyView", "identifier": {"value": "https://geosciml4china.example.org/J43C001002/waterpoly/LDLYAAE002.WP.125", "@codeSpace": "http://www.ietf.org/rfc/rfc2616"}, "GB": "73020", "name": "", "HYDC": ""}}, {"type": "Feature", "id": "https://geosciml4china.example.org/J43C001002/waterpoly/LDLYAAE002.WP.126", "geometry": {"type": "Polygon", "coordinates": [[[74.82395360946282, 39.027613835385274], [74.8246294618949, 39.02734889660718], [74.82569141373833, 39.02697027299318], [74.82665670973942, 39.0266672090254], [74.8278636877088, 39.026137492471626], [74.82916755768494, 39.02541903726895], [74.8299890424968, 39.024738960382706], [74.83061805942673, 39.023870556679], [74.83081294184011, 39.023040476039945], [74.83071820119913, 39.022323958879944], [74.83014094713734, 39.02172127105334], [74.82961129556332, 39.02138254420226], [74.82888865838251, 39.02108180062449], [74.82782827828376, 39.02085695667676], [74.82667108724937, 39.02078310832828], [74.8252233489572, 39.02119998430632], [74.82377540933861, 39.02169227798455], [74.8221821097282, 39.02244877814813], [74.82082990388282, 39.02320493788618], [74.81986357451018, 39.023922858035284], [74.81933155276835, 39.0245270476369], [74.81855742064941, 39.02550873631688], [74.81816957351175, 39.02630132575302], [74.81807108615186, 39.0270935389778], [74.8183105855158, 39.0277344432553], [74.81859889611418, 39.02814897099516], [74.81922442882042, 39.02871393361231], [74.81989877778088, 39.02905251859746], [74.82062193148852, 39.02916472286916], [74.82120078325096, 39.02912624183228], [74.82182833393993, 39.02889910177745], [74.82255300102132, 39.028407797759044], [74.82318120174986, 39.02791661999019], [74.82395360946282, 39.027613835385274]]]}, "properties": {"@featureType": "WaterpolyView", "identifier": {"value": "https://geosciml4china.example.org/J43C001002/waterpoly/LDLYAAE002.WP.126", "@codeSpace": "http://www.ietf.org/rfc/rfc2616"}, "GB": "73020", "name": "", "HYDC": ""}}, {"type": "Feature", "id": "https://geosciml4china.example.org/J43C001002/waterpoly/LDLYAAE002.WP.127", "geometry": {"type": "MultiPolygon", "coordinates": [[[[74.78990428068234, 39.00000001975259], [74.78888888888332, 38.99999999999682], [74.78333333332776, 38.99999999999681], [74.7777777777722, 38.99999999999682], [74.77222222221666, 38.9999999999968], [74.76666666666111, 38.99999999999682], [74.76111111110555, 38.9999999999968], [74.75555555554999, 38.9999999999968], [74.74999999999443, 38.99999999999682], [74.74444444443888, 38.99999999999679], [74.73888888888332, 38.99999999999679], [74.73333333332776, 38.999999999996795], [74.7277777777722, 38.9999999999968], [74.72223922244606, 39.00000000040029], [74.72223922244606, 39.00000000040029], [74.72287963211161, 39.000503531560604], [74.72276132405413, 39.001040333814515], [74.72286990878958, 39.00155640816304], [74.7233670867365, 39.00220228895565], [74.72352964137477, 39.00280445441252], [74.72336173425275, 39.003319922192745], [74.723081874234, 39.00443695105063], [74.72302238105763, 39.00551147785427], [74.72323756624833, 39.00654362519234], [74.72373378527679, 39.006931588310245], [74.72412307548845, 39.00688944858424], [74.72445606136051, 39.00658927024527], [74.72473524258794, 39.00590209808164], [74.72529192085396, 39.004699695336335], [74.72607128750893, 39.003626726590646], [74.72657197231875, 39.00285405620074], [74.72712330210962, 39.00276927754533], [74.72729021015596, 39.00302755211601], [74.72734220881041, 39.00388738988875], [74.7272812854425, 39.005090877132275], [74.7273316449948, 39.006638490105786], [74.7275459067969, 39.00792854520828], [74.72798388990796, 39.00909011726014], [74.7284245476725, 39.010079743718535], [74.72902977544943, 39.01063986520093], [74.72952570963778, 39.010855859860925], [74.72997048611839, 39.0107708318147], [74.73013589600815, 39.01064222861349], [74.73019150713381, 39.010298457683945], [74.73020085884137, 39.00836409190859], [74.73020461752327, 39.00737541467135], [74.73059337394092, 39.00694637970473], [74.73125831303017, 39.006603903070186], [74.73181164047192, 39.00626118642464], [74.73225765415462, 39.00557434793359], [74.73258940875623, 39.00505921618949], [74.73286591867478, 39.00505980007693], [74.73308880239922, 39.00514623780711], [74.73313760865545, 39.00660787677453], [74.73363133568256, 39.00794148733293], [74.7341254949878, 39.00863030822775], [74.73440253368229, 39.00875984644594], [74.73462375202291, 39.00876030931091], [74.73495538454529, 39.008546072938366], [74.73545604432192, 39.008031280759944], [74.7356812627563, 39.00695709415049], [74.73607317855695, 39.0056683207658], [74.73652054209171, 39.00433667335853], [74.73707537230389, 39.00330615732298], [74.73757714137334, 39.002748369393785], [74.73807526570242, 39.00236252338065], [74.7384641558044, 39.00214839175225], [74.73879563641135, 39.00223504631339], [74.73918115333133, 39.002665702860824], [74.73961913740327, 39.003870218863526], [74.73961409199234, 39.00524576938444], [74.73944345424275, 39.006535008688175], [74.73927138990432, 39.0082111214143], [74.73915556858512, 39.00962943212525], [74.73937184579088, 39.01070453553919], [74.73981303191931, 39.011049329862445], [74.74047786571711, 39.01100770276121], [74.74114216884026, 39.01083711167988], [74.74191786208576, 39.01045181358835], [74.74241392878166, 39.010366851569934], [74.74263537045735, 39.0105822292055], [74.7429657173057, 39.011270675774504], [74.74290591927898, 39.01195833865067], [74.74256541168286, 39.0146227955817], [74.74272891123381, 39.01556882113245], [74.74316967733748, 39.0160425627412], [74.7437217802948, 39.01604367774761], [74.74422112296944, 39.015614820573724], [74.74461131414608, 39.014497963926104], [74.74489187647042, 39.01338088414899], [74.7448957401044, 39.012306234630344], [74.74490314479642, 39.010801727213256], [74.74512592092265, 39.00981349218366], [74.74557367653887, 39.00861077081214], [74.74596526853955, 39.007364950012764], [74.74674404654095, 39.00637781495197], [74.7475767950349, 39.00547675494922], [74.74835139490297, 39.00509141341121], [74.74873950885876, 39.00509217792474], [74.74917955702887, 39.005479923250945], [74.74917888436397, 39.00595276977141], [74.74884554958832, 39.00638197493955], [74.7484552135699, 39.00672509907559], [74.74801295609193, 39.00724005783746], [74.74762369484972, 39.0078410952908], [74.74728942114254, 39.00852821419249], [74.74734158608148, 39.0091301269793], [74.74767364912421, 39.00934571439955], [74.7481150899092, 39.00934658939482], [74.7486137502109, 39.00908965676716], [74.74938914247547, 39.00848937854289], [74.75027728070712, 39.007846325545806], [74.75077707062837, 39.00754639750465], [74.7510547959939, 39.007203049989776], [74.75127886991721, 39.00638674637542], [74.7513917885562, 39.00544126867408], [74.75128510081143, 39.00432341788238], [74.7511779617281, 39.003334522748986], [74.75140452900766, 39.0020883575118], [74.75195977505766, 39.001444644085005], [74.75262181170417, 39.00131697305597], [74.75339799296422, 39.00131847230944], [74.75428147755417, 39.001406149078576], [74.75588396380392, 39.00175311370771], [74.7572647989769, 39.002529495649426], [74.75781330293253, 39.00326130713569], [74.75825433846879, 39.00425082590657], [74.75858105465905, 39.005455060259735], [74.75857710678592, 39.00661568430285], [74.75850705724552, 39.01065626590227], [74.75850437939995, 39.012031819068326], [74.7586101688254, 39.01345056658623], [74.75871396233907, 39.014869311424036], [74.75882234399435, 39.01611611407931], [74.75870765534442, 39.01701861157332], [74.75853965048545, 39.01792100334233], [74.75843599483777, 39.01827564764978], [74.75843599483777, 39.01827564764978], [74.7579238903842, 39.02006915168733], [74.75791948993337, 39.021358728390084], [74.75808250211414, 39.02221876250913], [74.75852356116044, 39.0226494578288], [74.75918517770033, 39.02299459598782], [74.75984767616276, 39.02308181692272], [74.76045745458929, 39.022696083992436], [74.76101378091535, 39.02205232774599], [74.76129123675443, 39.021494026890366], [74.76180015954995, 39.01878683983396], [74.76213153403857, 39.017215042815124], [74.76213153403857, 39.017215042815124], [74.76280397894732, 39.016037584018406], [74.76363577957804, 39.015394326726735], [74.76435794927008, 39.014750862530356], [74.76518915009392, 39.013978635827684], [74.76591185527515, 39.01316321534545], [74.76652150771613, 39.0124765473502], [74.76740968227314, 39.01179037813962], [74.76818338465195, 39.011361918986566], [74.76907132445236, 39.01093349949436], [74.76962192631738, 39.010288227437236], [74.77028483415371, 39.0095138955881], [74.77121947411138, 39.00873931526212], [74.7722120737912, 39.0082655818787], [74.77309235514953, 39.00792089541156], [74.77391558255331, 39.00792014455258], [74.77435348745907, 39.008134669558586], [74.77446429194458, 39.00847845790291], [74.77440797796716, 39.00890836809534], [74.77432542352756, 39.00914547646752], [74.77432542352756, 39.00914547646752], [74.77527885809332, 39.0085648945353], [74.78207736869142, 39.00442017502353], [74.78816423780012, 39.000876674779654], [74.78990328068234, 39.00000001975259], [74.78990428068234, 39.00000001975259]]]]}, "properties": {"@featureType": "WaterpolyView", "identifier": {"value": "https://geosciml4china.example.org/J43C001002/waterpoly/LDLYAAE002.WP.127", "@codeSpace": "http://www.ietf.org/rfc/rfc2616"}, "GB": "73020", "name": "", "HYDC": ""}}, {"type": "Feature", "id": "https://geosciml4china.example.org/J43C001002/waterpoly/LDLYAAE002.WP.128", "geometry": {"type": "Polygon", "coordinates": [[[74.19645186900333, 39.01482845355661], [74.19604721170666, 39.0156222450444], [74.19563953975789, 39.01668105424902], [74.19523235614705, 39.017872372485165], [74.19493570512358, 39.0191082235361], [74.19475159486312, 39.02038860605669], [74.19473305652053, 39.021846216586276], [74.19471601134389, 39.023524674760665], [74.19453338808032, 39.02467254748637], [74.19418417728238, 39.025554850877676], [74.19372341091976, 39.02612760071669], [74.19315558029423, 39.026523301784046], [74.19241816089246, 39.02674177059187], [74.19122178233683, 39.02700208605431], [74.18961631514888, 39.02725758800085], [74.18789675926156, 39.027291537169184], [74.18635518843287, 39.02679645033238], [74.18516151297995, 39.02586169940348], [74.18471476904486, 39.02493139081462], [74.18432385604221, 39.0238689168492], [74.18416717923074, 39.022631131641404], [74.18412106864142, 39.02157071161614], [74.18413122510516, 39.02068731478624], [74.18416419654633, 39.01799295257843], [74.18422410003983, 39.01278090130599], [74.18423932648396, 39.01145580283893], [74.18442186280228, 39.01044092212549], [74.1852872798398, 39.00982767976819], [74.18597724975889, 39.009699274430474], [74.18694961940656, 39.0098375924663], [74.18774910743548, 39.010151561009124], [74.18842900617288, 39.0106415191446], [74.1892837817788, 39.01113249671977], [74.19019536999448, 39.01149129879881], [74.19059486609093, 39.011802866744794], [74.19127881266536, 39.01211613123193], [74.19275306185541, 39.012210398938684], [74.19399699784925, 39.01217024977888], [74.19518591885893, 39.011820714041235], [74.1960962337838, 39.01147025932433], [74.19894113495366, 39.00980083202497], [74.19956581627511, 39.00944944929234], [74.20070363192934, 39.00887882682444], [74.20178192826867, 39.008484693605446], [74.2031393189848, 39.00831229399077], [74.20500386543593, 39.00827398125058], [74.20721002059506, 39.00828086723927], [74.20901903374838, 39.00815397319412], [74.21026733359481, 39.00780445781299], [74.21094994761609, 39.00740901728016], [74.21163402788646, 39.00688106338759], [74.21328126024743, 39.00595851568866], [74.21504301399024, 39.00516880197108], [74.21645977351528, 39.00481973617891], [74.21753697645238, 39.004602136368916], [74.21974390183652, 39.00425542024697], [74.22257252196769, 39.00408719943631], [74.22528706638504, 39.00383023544358], [74.22777557876964, 39.00366088358508], [74.2296951158786, 39.00384319432443], [74.2320112126573, 39.00393828066405], [74.23387373051834, 39.00407618868178], [74.2355658116039, 39.004390261616706], [74.23714393360149, 39.0047923285761], [74.2390056427157, 39.005195177486335], [74.24064084405101, 39.005641528249434], [74.24255622858782, 39.006221163408306], [74.24407309411413, 39.00688800033246], [74.2451393832084, 39.00759773104537], [74.24564252456041, 39.00830587750628], [74.24607583713076, 39.00998561868028], [74.24628884371596, 39.01131136704221], [74.24644333864596, 39.012636954646084], [74.24665260708178, 39.01431606542643], [74.24664276206799, 39.015243648021105], [74.24646181646762, 39.01612658747264], [74.24594853630003, 39.01674356202806], [74.2450366383519, 39.01744776965409], [74.2440676661811, 39.0181076415124], [74.24360934825198, 39.018680592792805], [74.24337765278678, 39.0192983449286], [74.24313082456915, 39.021241214050924], [74.24266717675123, 39.02212335233305], [74.24214957506106, 39.023137840598864], [74.24174101784578, 39.02415264686481], [74.24150934337618, 39.02485873723403], [74.24155584806608, 39.02560979399279], [74.24188753803813, 39.02640581909467], [74.24193321665872, 39.02742189732892], [74.24175364847106, 39.02826065765852], [74.24146448351043, 39.029054927542646], [74.24089153183564, 39.02967171656622], [74.23998467385556, 39.02997834754384], [74.2388496695917, 39.030284329117016], [74.23800312600082, 39.03023774206987], [74.23692987038422, 39.030057993363265], [74.23608665658934, 39.02970219973843], [74.23546902009984, 39.02921453979376], [74.23485386542927, 39.02868270752711], [74.23445994272231, 39.02832820400143], [74.23406755007846, 39.0280178705321], [74.2336206297962, 39.027707371527946], [74.23277307314498, 39.027572408632935], [74.23181350190872, 39.02752544982078], [74.23057266352562, 39.02725680726281], [74.23000965821628, 39.026857624916346], [74.22990626611522, 39.026150570024285], [74.22997430040454, 39.02509064709331], [74.22998580429639, 39.024030557945835], [74.22982388573476, 39.02332333892978], [74.22954987233594, 39.02252744690417], [74.22921929794131, 39.02164304745468], [74.2291704869737, 39.021024495913984], [74.22917864376812, 39.02027360114162], [74.22952595314807, 39.01952369703916], [74.2299829549413, 39.01908331423208], [74.23134570035731, 39.01833637120103], [74.2322041762683, 39.01754376679097], [74.23289106308886, 39.01675066461097], [74.23346345457081, 39.01608974394832], [74.23392322255101, 39.01529598030505], [74.23433036195068, 39.01432537181364], [74.23434036748115, 39.01339779172181], [74.23395472834251, 39.01246907108778], [74.23356566884013, 39.01167286124865], [74.23284246048702, 39.01078732746756], [74.23177815727385, 39.00990080416375], [74.23076744275365, 39.00910277743526], [74.22953420356654, 39.008348251691366], [74.22846661916618, 39.007770894151626], [74.22734109589354, 39.00732586961911], [74.22632524744269, 39.00719036051666], [74.22519444345826, 39.00723119192455], [74.22394715807096, 39.007404186769456], [74.22123101936592, 39.00779362981301], [74.21981519323737, 39.00805441257973], [74.21783124184637, 39.00849015169336], [74.21618983347537, 39.00879437873208], [74.21420784302694, 39.009230055743814], [74.2118852280684, 39.00970882938358], [74.21018326519989, 39.01010113678958], [74.20803509414237, 39.01022699205388], [74.20577386732442, 39.010264116887946], [74.20390827555437, 39.01039077915393], [74.20226575160433, 39.01051812893333], [74.20056572401904, 39.01099863534759], [74.19937335231342, 39.01156907519195], [74.19857609979823, 39.01209659544248], [74.1980029175167, 39.01280151336609], [74.19754176383667, 39.0134184494482], [74.19685551859197, 39.01421134015097], [74.19645186900333, 39.01482845355661]]]}, "properties": {"@featureType": "WaterpolyView", "identifier": {"value": "https://geosciml4china.example.org/J43C001002/waterpoly/LDLYAAE002.WP.128", "@codeSpace": "http://www.ietf.org/rfc/rfc2616"}, "GB": "73020", "name": "", "HYDC": ""}}]}