idx,fault_id,GZEEB,gzeeb_eff,structural_type,evidence_class,activity,GZELD,gzeld_sem,GZECE,cover_pct,checks,verdict,confidence,fault_name,level,aux_verdict,own_structural_type,confidence_u,conf_breakdown_u,conf_band_u
0,F189,01,01,断层泛称,实测,未评,109,运动性质不明,60.0,0,dip=60°；老盖新（倾向盘 1102 老于下盘 1310）；码义继承（断层泛称——一般断层兼容段级证据，2026-10-04 用户裁定）,verified,0.9,,,,推覆体边界,0.75,"{""S"":0.75,""I"":1.0,""F"":1.0,""C"":0.75,""band"":""consistent"",""source_tier"":""multi"",""independence"":""multi_root"",""counterexample_open"":false,""adjudicated"":false,""evaluated"":true,""fit_note"":"""",""reasons"":[""checks=3"",""根类=2""]}",consistent
1,F200,01,01,断层泛称,实测,未评,109,运动性质不明,0.0,0,一般断层兜底（码义无法标定：名无语义+无辅助点语义）,兜底（一般断层）,0.3,,,,断层泛称,0.18,"{""S"":0.3,""I"":0.6,""F"":1.0,""C"":0.18,""band"":""unassessed"",""source_tier"":""code_read"",""independence"":""single"",""counterexample_open"":false,""adjudicated"":false,""evaluated"":false,""fit_note"":"""",""reasons"":[""一般断层兜底（码义无法标定）""]}",unassessed
2,F202,01,01,断层泛称,实测,未评,109,运动性质不明,0.0,0,一般断层兜底（码义无法标定：名无语义+无辅助点语义）,兜底（一般断层）,0.3,,,,断层泛称,0.18,"{""S"":0.3,""I"":0.6,""F"":1.0,""C"":0.18,""band"":""unassessed"",""source_tier"":""code_read"",""independence"":""single"",""counterexample_open"":false,""adjudicated"":false,""evaluated"":false,""fit_note"":"""",""reasons"":[""一般断层兜底（码义无法标定）""]}",unassessed
3,F205,01,01,断层泛称,实测,未评,109,运动性质不明,0.0,0,一般断层兜底（码义无法标定：名无语义+无辅助点语义）,兜底（一般断层）,0.3,,,,断层泛称,0.18,"{""S"":0.3,""I"":0.6,""F"":1.0,""C"":0.18,""band"":""unassessed"",""source_tier"":""code_read"",""independence"":""single"",""counterexample_open"":false,""adjudicated"":false,""evaluated"":false,""fit_note"":"""",""reasons"":[""一般断层兜底（码义无法标定）""]}",unassessed
4,F024,05,05,逆断层,推测,活动,101,压性,0.0,100,位于第四系松散沉积物内 100%——推测断层强证据；aux=逆断层产状点；aux 组数×1；Q-地层边界重合 1536m；活动性佐证（Q-地层边界重合 1536m/90%段长，单段强型）；GZELD=101(压性) 与 逆断层 一致,标定（活动先验）,0.9,,,逆断层产状点,逆断层,0.75,"{""S"":0.75,""I"":1.0,""F"":1.0,""C"":0.75,""band"":""consistent"",""source_tier"":""multi"",""independence"":""multi_root"",""counterexample_open"":false,""adjudicated"":false,""evaluated"":true,""fit_note"":"""",""reasons"":[""checks=6"",""根类=2""]}",consistent
5,F173,01,01,断层泛称,实测,未评,109,运动性质不明,60.0,0,一般断层兜底（码义无法标定：名无语义+无辅助点语义）,兜底（一般断层）,0.3,,,,断层泛称,0.18,"{""S"":0.3,""I"":0.6,""F"":1.0,""C"":0.18,""band"":""unassessed"",""source_tier"":""code_read"",""independence"":""single"",""counterexample_open"":false,""adjudicated"":false,""evaluated"":false,""fit_note"":"""",""reasons"":[""一般断层兜底（码义无法标定）""]}",unassessed
6,F201,35,35,推覆体边界,实测,未评,101,压性,0.0,0,地层重复(→C↓1→w↑1，推覆重复)；GZELD=101(压性) 与 推覆体边界 一致,verified,0.9,,,,推覆体边界,0.75,"{""S"":0.75,""I"":1.0,""F"":1.0,""C"":0.75,""band"":""consistent"",""source_tier"":""multi"",""independence"":""multi_root"",""counterexample_open"":false,""adjudicated"":false,""evaluated"":true,""fit_note"":"""",""reasons"":[""checks=2"",""根类=2""]}",consistent
7,F150,35,35,推覆体边界,实测,未评,101,压性,0.0,0,地层重复(→C↓1→w↑3，推覆重复)；GZELD=101(压性) 与 推覆体边界 一致,verified,0.9,,,,推覆体边界,0.75,"{""S"":0.75,""I"":1.0,""F"":1.0,""C"":0.75,""band"":""consistent"",""source_tier"":""multi"",""independence"":""multi_root"",""counterexample_open"":false,""adjudicated"":false,""evaluated"":true,""fit_note"":"""",""reasons"":[""checks=2"",""根类=2""]}",consistent
8,F065,01,01,断层泛称,实测,未评,109,运动性质不明,0.0,0,一般断层兜底（码义无法标定：名无语义+无辅助点语义）,兜底（一般断层）,0.3,,,,断层泛称,0.18,"{""S"":0.3,""I"":0.6,""F"":1.0,""C"":0.18,""band"":""unassessed"",""source_tier"":""code_read"",""independence"":""single"",""counterexample_open"":false,""adjudicated"":false,""evaluated"":false,""fit_note"":"""",""reasons"":[""一般断层兜底（码义无法标定）""]}",unassessed
9,F078,01,01,断层泛称,实测,未评,109,运动性质不明,0.0,0,一般断层兜底（码义无法标定：名无语义+无辅助点语义）,兜底（一般断层）,0.3,,,,断层泛称,0.18,"{""S"":0.3,""I"":0.6,""F"":1.0,""C"":0.18,""band"":""unassessed"",""source_tier"":""code_read"",""independence"":""single"",""counterexample_open"":false,""adjudicated"":false,""evaluated"":false,""fit_note"":"""",""reasons"":[""一般断层兜底（码义无法标定）""]}",unassessed
10,F034,01,01,断层泛称,实测,未评,109,运动性质不明,0.0,0,一般断层兜底（码义无法标定：名无语义+无辅助点语义）,兜底（一般断层）,0.3,,,,断层泛称,0.18,"{""S"":0.3,""I"":0.6,""F"":1.0,""C"":0.18,""band"":""unassessed"",""source_tier"":""code_read"",""independence"":""single"",""counterexample_open"":false,""adjudicated"":false,""evaluated"":false,""fit_note"":"""",""reasons"":[""一般断层兜底（码义无法标定）""]}",unassessed
11,F065,01,01,断层泛称,实测,未评,109,运动性质不明,0.0,0,一般断层兜底（码义无法标定：名无语义+无辅助点语义）,兜底（一般断层）,0.3,,,,断层泛称,0.18,"{""S"":0.3,""I"":0.6,""F"":1.0,""C"":0.18,""band"":""unassessed"",""source_tier"":""code_read"",""independence"":""single"",""counterexample_open"":false,""adjudicated"":false,""evaluated"":false,""fit_note"":"""",""reasons"":[""一般断层兜底（码义无法标定）""]}",unassessed
12,F022,01,01,断层泛称,实测,未评,109,运动性质不明,0.0,0,一般断层兜底（码义无法标定：名无语义+无辅助点语义）,兜底（一般断层）,0.3,,,,断层泛称,0.18,"{""S"":0.3,""I"":0.6,""F"":1.0,""C"":0.18,""band"":""unassessed"",""source_tier"":""code_read"",""independence"":""single"",""counterexample_open"":false,""adjudicated"":false,""evaluated"":false,""fit_note"":"""",""reasons"":[""一般断层兜底（码义无法标定）""]}",unassessed
13,F031,01,01,断层泛称,实测,未评,109,运动性质不明,78.0,0,dip=78°；老盖新（倾向盘 601 老于下盘 803）；码义继承（断层泛称——一般断层兼容段级证据，2026-10-04 用户裁定）,verified,0.9,,,,推覆体边界,0.75,"{""S"":0.75,""I"":1.0,""F"":1.0,""C"":0.75,""band"":""consistent"",""source_tier"":""multi"",""independence"":""multi_root"",""counterexample_open"":false,""adjudicated"":false,""evaluated"":true,""fit_note"":"""",""reasons"":[""checks=3"",""根类=2""]}",consistent
14,F049,05,05,逆断层,实测,未评,101,压性,76.0,0,dip=76°；aux=正断层产状点；aux 组数×1；GZELD=101(压性) 与 逆断层 一致,标定（矛盾保留）,0.3,,,正断层产状点,逆断层,0.45,"{""S"":0.75,""I"":0.6,""F"":1.0,""C"":0.45,""band"":""suspect"",""source_tier"":""multi"",""independence"":""single"",""counterexample_open"":true,""adjudicated"":false,""evaluated"":true,""fit_note"":"""",""reasons"":[""MLE 标定·矛盾保留""]}",suspect
15,F177,35,35,推覆体边界,实测,未评,101,压性,0.0,0,地层重复(→C↓1→w↑3，推覆重复)；GZELD=101(压性) 与 推覆体边界 一致,verified,0.9,,,,推覆体边界,0.75,"{""S"":0.75,""I"":1.0,""F"":1.0,""C"":0.75,""band"":""consistent"",""source_tier"":""multi"",""independence"":""multi_root"",""counterexample_open"":false,""adjudicated"":false,""evaluated"":true,""fit_note"":"""",""reasons"":[""checks=2"",""根类=2""]}",consistent
16,F144,01,01,断层泛称,实测,未评,109,运动性质不明,71.0,0,一般断层兜底（码义无法标定：名无语义+无辅助点语义）,兜底（一般断层）,0.3,,,,断层泛称,0.18,"{""S"":0.3,""I"":0.6,""F"":1.0,""C"":0.18,""band"":""unassessed"",""source_tier"":""code_read"",""independence"":""single"",""counterexample_open"":false,""adjudicated"":false,""evaluated"":false,""fit_note"":"""",""reasons"":[""一般断层兜底（码义无法标定）""]}",unassessed
17,F065,01,01,断层泛称,实测,未评,109,运动性质不明,0.0,0,一般断层兜底（码义无法标定：名无语义+无辅助点语义）,兜底（一般断层）,0.3,,,,断层泛称,0.18,"{""S"":0.3,""I"":0.6,""F"":1.0,""C"":0.18,""band"":""unassessed"",""source_tier"":""code_read"",""independence"":""single"",""counterexample_open"":false,""adjudicated"":false,""evaluated"":false,""fit_note"":"""",""reasons"":[""一般断层兜底（码义无法标定）""]}",unassessed
18,F029,05,05,逆断层,实测,未评,101,压性,61.0,0,dip=61°；aux=逆断层产状点；aux 组数×1；GZELD=101(压性) 与 逆断层 一致,verified,0.9,,,逆断层产状点,逆断层,0.75,"{""S"":0.75,""I"":1.0,""F"":1.0,""C"":0.75,""band"":""consistent"",""source_tier"":""multi"",""independence"":""multi_root"",""counterexample_open"":false,""adjudicated"":false,""evaluated"":true,""fit_note"":"""",""reasons"":[""checks=4"",""根类=2""]}",consistent
19,F167,01,01,断层泛称,实测,未评,109,运动性质不明,0.0,0,一般断层兜底（码义无法标定：名无语义+无辅助点语义）,兜底（一般断层）,0.3,,,,断层泛称,0.18,"{""S"":0.3,""I"":0.6,""F"":1.0,""C"":0.18,""band"":""unassessed"",""source_tier"":""code_read"",""independence"":""single"",""counterexample_open"":false,""adjudicated"":false,""evaluated"":false,""fit_note"":"""",""reasons"":[""一般断层兜底（码义无法标定）""]}",unassessed
20,F106,01,01,断层泛称,实测,未评,109,运动性质不明,0.0,0,一般断层兜底（码义无法标定：名无语义+无辅助点语义）,兜底（一般断层）,0.3,,,,断层泛称,0.18,"{""S"":0.3,""I"":0.6,""F"":1.0,""C"":0.18,""band"":""unassessed"",""source_tier"":""code_read"",""independence"":""single"",""counterexample_open"":false,""adjudicated"":false,""evaluated"":false,""fit_note"":"""",""reasons"":[""一般断层兜底（码义无法标定）""]}",unassessed
21,F024,05,05,逆断层,实测,未评,101,压性,0.0,0,aux=逆断层产状点；aux 组数×1；GZELD=101(压性) 与 逆断层 一致,verified,0.9,,,逆断层产状点,逆断层,0.6,"{""S"":0.75,""I"":0.8,""F"":1.0,""C"":0.6,""band"":""consistent"",""source_tier"":""multi"",""independence"":""intra_class"",""counterexample_open"":false,""adjudicated"":false,""evaluated"":true,""fit_note"":"""",""reasons"":[""checks=3"",""根类=1""]}",consistent
22,F090,01,01,断层泛称,实测,未评,109,运动性质不明,69.0,0,一般断层兜底（码义无法标定：名无语义+无辅助点语义）,兜底（一般断层）,0.3,,,,断层泛称,0.18,"{""S"":0.3,""I"":0.6,""F"":1.0,""C"":0.18,""band"":""unassessed"",""source_tier"":""code_read"",""independence"":""single"",""counterexample_open"":false,""adjudicated"":false,""evaluated"":false,""fit_note"":"""",""reasons"":[""一般断层兜底（码义无法标定）""]}",unassessed
23,F171,01,01,断层泛称,实测,未评,109,运动性质不明,64.0,0,一般断层兜底（码义无法标定：名无语义+无辅助点语义）,兜底（一般断层）,0.3,,,,断层泛称,0.18,"{""S"":0.3,""I"":0.6,""F"":1.0,""C"":0.18,""band"":""unassessed"",""source_tier"":""code_read"",""independence"":""single"",""counterexample_open"":false,""adjudicated"":false,""evaluated"":false,""fit_note"":"""",""reasons"":[""一般断层兜底（码义无法标定）""]}",unassessed
24,F108,01,01,断层泛称,实测,未评,109,运动性质不明,0.0,0,一般断层兜底（码义无法标定：名无语义+无辅助点语义）,兜底（一般断层）,0.3,,,,断层泛称,0.18,"{""S"":0.3,""I"":0.6,""F"":1.0,""C"":0.18,""band"":""unassessed"",""source_tier"":""code_read"",""independence"":""single"",""counterexample_open"":false,""adjudicated"":false,""evaluated"":false,""fit_note"":"""",""reasons"":[""一般断层兜底（码义无法标定）""]}",unassessed
25,F020,35,35,推覆体边界,实测,未评,101,压性,26.0,0,dip=26°；老盖新（倾向盘 230 老于下盘 602）；GZELD=101(压性) 与 推覆体边界 一致,verified,0.9,,,,推覆体边界,0.75,"{""S"":0.75,""I"":1.0,""F"":1.0,""C"":0.75,""band"":""consistent"",""source_tier"":""multi"",""independence"":""multi_root"",""counterexample_open"":false,""adjudicated"":false,""evaluated"":true,""fit_note"":"""",""reasons"":[""checks=3"",""根类=3""]}",consistent
26,F218,01,01,断层泛称,实测,未评,109,运动性质不明,0.0,0,一般断层兜底（码义无法标定：名无语义+无辅助点语义）,兜底（一般断层）,0.3,,,,断层泛称,0.18,"{""S"":0.3,""I"":0.6,""F"":1.0,""C"":0.18,""band"":""unassessed"",""source_tier"":""code_read"",""independence"":""single"",""counterexample_open"":false,""adjudicated"":false,""evaluated"":false,""fit_note"":"""",""reasons"":[""一般断层兜底（码义无法标定）""]}",unassessed
27,F209,01,01,断层泛称,实测,未评,109,运动性质不明,0.0,0,一般断层兜底（码义无法标定：名无语义+无辅助点语义）,兜底（一般断层）,0.3,,,,断层泛称,0.18,"{""S"":0.3,""I"":0.6,""F"":1.0,""C"":0.18,""band"":""unassessed"",""source_tier"":""code_read"",""independence"":""single"",""counterexample_open"":false,""adjudicated"":false,""evaluated"":false,""fit_note"":"""",""reasons"":[""一般断层兜底（码义无法标定）""]}",unassessed
28,F049,05,05,逆断层,实测,未评,101,压性,50.0,0,dip=50°；aux=正断层产状点；aux 组数×1；GZELD=101(压性) 与 逆断层 一致,标定（矛盾保留）,0.3,,,正断层产状点,逆断层,0.45,"{""S"":0.75,""I"":0.6,""F"":1.0,""C"":0.45,""band"":""suspect"",""source_tier"":""multi"",""independence"":""single"",""counterexample_open"":true,""adjudicated"":false,""evaluated"":true,""fit_note"":"""",""reasons"":[""MLE 标定·矛盾保留""]}",suspect
29,F216,01,01,断层泛称,实测,未评,109,运动性质不明,0.0,0,一般断层兜底（码义无法标定：名无语义+无辅助点语义）,兜底（一般断层）,0.3,,,,断层泛称,0.18,"{""S"":0.3,""I"":0.6,""F"":1.0,""C"":0.18,""band"":""unassessed"",""source_tier"":""code_read"",""independence"":""single"",""counterexample_open"":false,""adjudicated"":false,""evaluated"":false,""fit_note"":"""",""reasons"":[""一般断层兜底（码义无法标定）""]}",unassessed
30,F203,01,01,断层泛称,实测,未评,109,运动性质不明,0.0,0,一般断层兜底（码义无法标定：名无语义+无辅助点语义）,兜底（一般断层）,0.3,,,,断层泛称,0.18,"{""S"":0.3,""I"":0.6,""F"":1.0,""C"":0.18,""band"":""unassessed"",""source_tier"":""code_read"",""independence"":""single"",""counterexample_open"":false,""adjudicated"":false,""evaluated"":false,""fit_note"":"""",""reasons"":[""一般断层兜底（码义无法标定）""]}",unassessed
31,F024,05,05,逆断层,实测,未评,101,压性,64.0,0,dip=64°；aux=逆断层产状点；aux 组数×1；GZELD=101(压性) 与 逆断层 一致,verified,0.9,,,逆断层产状点,逆断层,0.75,"{""S"":0.75,""I"":1.0,""F"":1.0,""C"":0.75,""band"":""consistent"",""source_tier"":""multi"",""independence"":""multi_root"",""counterexample_open"":false,""adjudicated"":false,""evaluated"":true,""fit_note"":"""",""reasons"":[""checks=4"",""根类=2""]}",consistent
32,F081,05,05,逆断层,实测,未评,101,压性,50.0,0,dip=50°；GZELD=101(压性) 与 逆断层 一致,verified,0.9,,,,逆断层,0.75,"{""S"":0.75,""I"":1.0,""F"":1.0,""C"":0.75,""band"":""consistent"",""source_tier"":""multi"",""independence"":""multi_root"",""counterexample_open"":false,""adjudicated"":false,""evaluated"":true,""fit_note"":"""",""reasons"":[""checks=2"",""根类=2""]}",consistent
33,F166,05,05,逆断层,实测,未评,101,压性,68.0,0,dip=68°；aux=逆断层产状点；aux 组数×1；GZELD=101(压性) 与 逆断层 一致,verified,0.9,,,逆断层产状点,逆断层,0.75,"{""S"":0.75,""I"":1.0,""F"":1.0,""C"":0.75,""band"":""consistent"",""source_tier"":""multi"",""independence"":""multi_root"",""counterexample_open"":false,""adjudicated"":false,""evaluated"":true,""fit_note"":"""",""reasons"":[""checks=4"",""根类=2""]}",consistent
34,F051,35,35,推覆体边界,实测,未评,101,压性,26.0,0,dip=26°；新老差显著（230|601，倾向未定）；GZELD=101(压性) 与 推覆体边界 一致,verified,0.9,,,,推覆体边界,0.75,"{""S"":0.75,""I"":1.0,""F"":1.0,""C"":0.75,""band"":""consistent"",""source_tier"":""multi"",""independence"":""multi_root"",""counterexample_open"":false,""adjudicated"":false,""evaluated"":true,""fit_note"":"""",""reasons"":[""checks=3"",""根类=3""]}",consistent
35,F176,01,01,断层泛称,实测,未评,109,运动性质不明,0.0,0,一般断层兜底（码义无法标定：名无语义+无辅助点语义）,兜底（一般断层）,0.3,,,,断层泛称,0.18,"{""S"":0.3,""I"":0.6,""F"":1.0,""C"":0.18,""band"":""unassessed"",""source_tier"":""code_read"",""independence"":""single"",""counterexample_open"":false,""adjudicated"":false,""evaluated"":false,""fit_note"":"""",""reasons"":[""一般断层兜底（码义无法标定）""]}",unassessed
36,F034,01,01,断层泛称,实测,未评,109,运动性质不明,46.0,0,一般断层兜底（码义无法标定：名无语义+无辅助点语义）,兜底（一般断层）,0.3,,,,断层泛称,0.18,"{""S"":0.3,""I"":0.6,""F"":1.0,""C"":0.18,""band"":""unassessed"",""source_tier"":""code_read"",""independence"":""single"",""counterexample_open"":false,""adjudicated"":false,""evaluated"":false,""fit_note"":"""",""reasons"":[""一般断层兜底（码义无法标定）""]}",unassessed
37,F095,01,01,断层泛称,实测,未评,109,运动性质不明,0.0,0,一般断层兜底（码义无法标定：名无语义+无辅助点语义）,兜底（一般断层）,0.3,,,,断层泛称,0.18,"{""S"":0.3,""I"":0.6,""F"":1.0,""C"":0.18,""band"":""unassessed"",""source_tier"":""code_read"",""independence"":""single"",""counterexample_open"":false,""adjudicated"":false,""evaluated"":false,""fit_note"":"""",""reasons"":[""一般断层兜底（码义无法标定）""]}",unassessed
38,F157,01,01,断层泛称,实测,未评,109,运动性质不明,66.0,0,一般断层兜底（码义无法标定：名无语义+无辅助点语义）,兜底（一般断层）,0.3,,,,断层泛称,0.18,"{""S"":0.3,""I"":0.6,""F"":1.0,""C"":0.18,""band"":""unassessed"",""source_tier"":""code_read"",""independence"":""single"",""counterexample_open"":false,""adjudicated"":false,""evaluated"":false,""fit_note"":"""",""reasons"":[""一般断层兜底（码义无法标定）""]}",unassessed
39,F184,01,01,断层泛称,实测,未评,109,运动性质不明,68.0,0,一般断层兜底（码义无法标定：名无语义+无辅助点语义）,兜底（一般断层）,0.3,,,,断层泛称,0.18,"{""S"":0.3,""I"":0.6,""F"":1.0,""C"":0.18,""band"":""unassessed"",""source_tier"":""code_read"",""independence"":""single"",""counterexample_open"":false,""adjudicated"":false,""evaluated"":false,""fit_note"":"""",""reasons"":[""一般断层兜底（码义无法标定）""]}",unassessed
40,F197,01,01,断层泛称,实测,未评,109,运动性质不明,0.0,0,一般断层兜底（码义无法标定：名无语义+无辅助点语义）,兜底（一般断层）,0.3,,,,断层泛称,0.18,"{""S"":0.3,""I"":0.6,""F"":1.0,""C"":0.18,""band"":""unassessed"",""source_tier"":""code_read"",""independence"":""single"",""counterexample_open"":false,""adjudicated"":false,""evaluated"":false,""fit_note"":"""",""reasons"":[""一般断层兜底（码义无法标定）""]}",unassessed
41,F022,01,01,断层泛称,实测,未评,109,运动性质不明,73.0,4,一般断层兜底（码义无法标定：名无语义+无辅助点语义）,兜底（一般断层）,0.3,,,,断层泛称,0.18,"{""S"":0.3,""I"":0.6,""F"":1.0,""C"":0.18,""band"":""unassessed"",""source_tier"":""code_read"",""independence"":""single"",""counterexample_open"":false,""adjudicated"":false,""evaluated"":false,""fit_note"":"""",""reasons"":[""一般断层兜底（码义无法标定）""]}",unassessed
42,F199,01,01,断层泛称,实测,未评,109,运动性质不明,0.0,0,一般断层兜底（码义无法标定：名无语义+无辅助点语义）,兜底（一般断层）,0.3,,,,断层泛称,0.18,"{""S"":0.3,""I"":0.6,""F"":1.0,""C"":0.18,""band"":""unassessed"",""source_tier"":""code_read"",""independence"":""single"",""counterexample_open"":false,""adjudicated"":false,""evaluated"":false,""fit_note"":"""",""reasons"":[""一般断层兜底（码义无法标定）""]}",unassessed
43,F032,01,01,断层泛称,实测,未评,109,运动性质不明,0.0,0,一般断层兜底（码义无法标定：名无语义+无辅助点语义）,兜底（一般断层）,0.3,,,,断层泛称,0.18,"{""S"":0.3,""I"":0.6,""F"":1.0,""C"":0.18,""band"":""unassessed"",""source_tier"":""code_read"",""independence"":""single"",""counterexample_open"":false,""adjudicated"":false,""evaluated"":false,""fit_note"":"""",""reasons"":[""一般断层兜底（码义无法标定）""]}",unassessed
44,F125,01,01,断层泛称,实测,未评,109,运动性质不明,0.0,0,一般断层兜底（码义无法标定：名无语义+无辅助点语义）,兜底（一般断层）,0.3,,,,断层泛称,0.18,"{""S"":0.3,""I"":0.6,""F"":1.0,""C"":0.18,""band"":""unassessed"",""source_tier"":""code_read"",""independence"":""single"",""counterexample_open"":false,""adjudicated"":false,""evaluated"":false,""fit_note"":"""",""reasons"":[""一般断层兜底（码义无法标定）""]}",unassessed
45,F095,01,01,断层泛称,实测,未评,109,运动性质不明,0.0,0,一般断层兜底（码义无法标定：名无语义+无辅助点语义）,兜底（一般断层）,0.3,,,,断层泛称,0.18,"{""S"":0.3,""I"":0.6,""F"":1.0,""C"":0.18,""band"":""unassessed"",""source_tier"":""code_read"",""independence"":""single"",""counterexample_open"":false,""adjudicated"":false,""evaluated"":false,""fit_note"":"""",""reasons"":[""一般断层兜底（码义无法标定）""]}",unassessed
46,F075,01,01,断层泛称,实测,未评,109,运动性质不明,80.0,0,一般断层兜底（码义无法标定：名无语义+无辅助点语义）,兜底（一般断层）,0.3,,,,断层泛称,0.18,"{""S"":0.3,""I"":0.6,""F"":1.0,""C"":0.18,""band"":""unassessed"",""source_tier"":""code_read"",""independence"":""single"",""counterexample_open"":false,""adjudicated"":false,""evaluated"":false,""fit_note"":"""",""reasons"":[""一般断层兜底（码义无法标定）""]}",unassessed
47,F080,01,01,断层泛称,实测,未评,109,运动性质不明,78.0,0,dip=78°；地层重复(→N↓1→p，推覆重复)；老盖新（倾向盘 1101 老于下盘 1201）；码义继承（断层泛称——一般断层兼容段级证据，2026-10-04 用户裁定）,verified,0.9,,,,推覆体边界,0.75,"{""S"":0.75,""I"":1.0,""F"":1.0,""C"":0.75,""band"":""consistent"",""source_tier"":""multi"",""independence"":""multi_root"",""counterexample_open"":false,""adjudicated"":false,""evaluated"":true,""fit_note"":"""",""reasons"":[""checks=4"",""根类=2""]}",consistent
48,F107,01,01,断层泛称,实测,未评,109,运动性质不明,0.0,0,一般断层兜底（码义无法标定：名无语义+无辅助点语义）,兜底（一般断层）,0.3,,,,断层泛称,0.18,"{""S"":0.3,""I"":0.6,""F"":1.0,""C"":0.18,""band"":""unassessed"",""source_tier"":""code_read"",""independence"":""single"",""counterexample_open"":false,""adjudicated"":false,""evaluated"":false,""fit_note"":"""",""reasons"":[""一般断层兜底（码义无法标定）""]}",unassessed
49,F151,03,03,正断层,实测,未评,102,张性,80.0,0,dip=80°；aux=正断层产状点；aux 组数×1；GZELD=102(张性) 与 正断层 一致,verified,0.9,,,正断层产状点,正断层,0.75,"{""S"":0.75,""I"":1.0,""F"":1.0,""C"":0.75,""band"":""consistent"",""source_tier"":""multi"",""independence"":""multi_root"",""counterexample_open"":false,""adjudicated"":false,""evaluated"":true,""fit_note"":"""",""reasons"":[""checks=4"",""根类=2""]}",consistent
50,F031,01,01,断层泛称,实测,未评,109,运动性质不明,78.0,0,一般断层兜底（码义无法标定：名无语义+无辅助点语义）,兜底（一般断层）,0.3,,,,断层泛称,0.18,"{""S"":0.3,""I"":0.6,""F"":1.0,""C"":0.18,""band"":""unassessed"",""source_tier"":""code_read"",""independence"":""single"",""counterexample_open"":false,""adjudicated"":false,""evaluated"":false,""fit_note"":"""",""reasons"":[""一般断层兜底（码义无法标定）""]}",unassessed
51,F105,01,01,断层泛称,实测,未评,109,运动性质不明,72.0,0,dip=72°；地层重复(→N↓1→p，推覆重复)；老盖新（倾向盘 1101 老于下盘 1102）；码义继承（断层泛称——一般断层兼容段级证据，2026-10-04 用户裁定）,verified,0.9,,,,推覆体边界,0.75,"{""S"":0.75,""I"":1.0,""F"":1.0,""C"":0.75,""band"":""consistent"",""source_tier"":""multi"",""independence"":""multi_root"",""counterexample_open"":false,""adjudicated"":false,""evaluated"":true,""fit_note"":"""",""reasons"":[""checks=4"",""根类=2""]}",consistent
52,F096,05,05,逆断层,部分覆盖,未评,101,压性,0.0,34,；GZELD=101(压性) 与 逆断层 一致,consistent,0.75,,,,逆断层,0.44,"{""S"":0.55,""I"":0.8,""F"":1.0,""C"":0.44,""band"":""suspect"",""source_tier"":""single"",""independence"":""intra_class"",""counterexample_open"":false,""adjudicated"":false,""evaluated"":true,""fit_note"":"""",""reasons"":[""checks=1"",""根类=1""]}",suspect
53,F004,01,01,断层泛称,部分覆盖,未评,101,压性,0.0,36,一般断层兜底（码义无法标定：名无语义+无辅助点语义）,兜底（一般断层）,0.3,F61（空贝利－木扎令断裂）,,,断层泛称,0.18,"{""S"":0.3,""I"":0.6,""F"":1.0,""C"":0.18,""band"":""unassessed"",""source_tier"":""code_read"",""independence"":""single"",""counterexample_open"":false,""adjudicated"":false,""evaluated"":false,""fit_note"":"""",""reasons"":[""一般断层兜底（码义无法标定）""]}",unassessed
54,F145,01,01,断层泛称,实测,未评,109,运动性质不明,59.0,0,一般断层兜底（码义无法标定：名无语义+无辅助点语义）,兜底（一般断层）,0.3,,,,断层泛称,0.18,"{""S"":0.3,""I"":0.6,""F"":1.0,""C"":0.18,""band"":""unassessed"",""source_tier"":""code_read"",""independence"":""single"",""counterexample_open"":false,""adjudicated"":false,""evaluated"":false,""fit_note"":"""",""reasons"":[""一般断层兜底（码义无法标定）""]}",unassessed
55,F089,35,35,推覆体边界,实测,未评,101,压性,0.0,0,新老差显著（230|503，倾向未定）；GZELD=101(压性) 与 推覆体边界 一致,verified,0.9,,,,推覆体边界,0.75,"{""S"":0.75,""I"":1.0,""F"":1.0,""C"":0.75,""band"":""consistent"",""source_tier"":""multi"",""independence"":""multi_root"",""counterexample_open"":false,""adjudicated"":false,""evaluated"":true,""fit_note"":"""",""reasons"":[""checks=2"",""根类=2""]}",consistent
56,F056,35,35,推覆体边界,实测,未评,101,压性,0.0,0,新老差显著（602|230，倾向未定）；GZELD=101(压性) 与 推覆体边界 一致,verified,0.9,,,,推覆体边界,0.75,"{""S"":0.75,""I"":1.0,""F"":1.0,""C"":0.75,""band"":""consistent"",""source_tier"":""multi"",""independence"":""multi_root"",""counterexample_open"":false,""adjudicated"":false,""evaluated"":true,""fit_note"":"""",""reasons"":[""checks=2"",""根类=2""]}",consistent
57,F031,01,01,断层泛称,实测,未评,109,运动性质不明,70.0,0,dip=70°；地层重复(→C↓1→w↑3/→N↓2→a，推覆重复)；老盖新（倾向盘 601 老于下盘 1202）；码义继承（断层泛称——一般断层兼容段级证据，2026-10-04 用户裁定）,verified,0.9,,,,推覆体边界,0.75,"{""S"":0.75,""I"":1.0,""F"":1.0,""C"":0.75,""band"":""consistent"",""source_tier"":""multi"",""independence"":""multi_root"",""counterexample_open"":false,""adjudicated"":false,""evaluated"":true,""fit_note"":"""",""reasons"":[""checks=4"",""根类=2""]}",consistent
58,F007,01,01,断层泛称,实测,未评,109,运动性质不明,0.0,0,一般断层兜底（码义无法标定：名无语义+无辅助点语义）,兜底（一般断层）,0.3,,,,断层泛称,0.18,"{""S"":0.3,""I"":0.6,""F"":1.0,""C"":0.18,""band"":""unassessed"",""source_tier"":""code_read"",""independence"":""single"",""counterexample_open"":false,""adjudicated"":false,""evaluated"":false,""fit_note"":"""",""reasons"":[""一般断层兜底（码义无法标定）""]}",unassessed
59,F075,01,01,断层泛称,实测,未评,109,运动性质不明,80.0,0,一般断层兜底（码义无法标定：名无语义+无辅助点语义）,兜底（一般断层）,0.3,,,,断层泛称,0.18,"{""S"":0.3,""I"":0.6,""F"":1.0,""C"":0.18,""band"":""unassessed"",""source_tier"":""code_read"",""independence"":""single"",""counterexample_open"":false,""adjudicated"":false,""evaluated"":false,""fit_note"":"""",""reasons"":[""一般断层兜底（码义无法标定）""]}",unassessed
60,F076,16,16,左型走滑断层,实测,未评,103,左行,0.0,0,钩旋向 z=332224（左行，符号 1539/1539）；GZELD=103(左行) 与 左型走滑断层 一致,verified,0.9,,,,左型走滑断层,0.6,"{""S"":0.75,""I"":0.8,""F"":1.0,""C"":0.6,""band"":""consistent"",""source_tier"":""multi"",""independence"":""intra_class"",""counterexample_open"":false,""adjudicated"":false,""evaluated"":true,""fit_note"":"""",""reasons"":[""checks=2"",""根类=1""]}",consistent
61,F146,01,01,断层泛称,实测,未评,109,运动性质不明,70.0,0,dip=70°；地层重复(→C↓1→w↑3/→δοC↓2，推覆重复)；老盖新（倾向盘 601 老于下盘 1202）；码义继承（断层泛称——一般断层兼容段级证据，2026-10-04 用户裁定）,verified,0.9,,,,推覆体边界,0.75,"{""S"":0.75,""I"":1.0,""F"":1.0,""C"":0.75,""band"":""consistent"",""source_tier"":""multi"",""independence"":""multi_root"",""counterexample_open"":false,""adjudicated"":false,""evaluated"":true,""fit_note"":"""",""reasons"":[""checks=4"",""根类=2""]}",consistent
62,F213,01,01,断层泛称,实测,未评,109,运动性质不明,0.0,0,一般断层兜底（码义无法标定：名无语义+无辅助点语义）,兜底（一般断层）,0.3,,,,断层泛称,0.18,"{""S"":0.3,""I"":0.6,""F"":1.0,""C"":0.18,""band"":""unassessed"",""source_tier"":""code_read"",""independence"":""single"",""counterexample_open"":false,""adjudicated"":false,""evaluated"":false,""fit_note"":"""",""reasons"":[""一般断层兜底（码义无法标定）""]}",unassessed
63,F061,05,05,逆断层,实测,未评,101,压性,0.0,0,；GZELD=101(压性) 与 逆断层 一致,consistent,0.75,,,,逆断层,0.44,"{""S"":0.55,""I"":0.8,""F"":1.0,""C"":0.44,""band"":""suspect"",""source_tier"":""single"",""independence"":""intra_class"",""counterexample_open"":false,""adjudicated"":false,""evaluated"":true,""fit_note"":"""",""reasons"":[""checks=1"",""根类=1""]}",suspect
64,F060,01,01,断层泛称,推测,未评,109,运动性质不明,0.0,99,位于第四系松散沉积物内 99%——推测断层强证据；一般断层兜底（码义无法标定：名无语义+无辅助点语义）；Q-地层边界重合 4682m,兜底（一般断层）,0.3,,,,断层泛称,0.18,"{""S"":0.3,""I"":0.6,""F"":1.0,""C"":0.18,""band"":""unassessed"",""source_tier"":""code_read"",""independence"":""single"",""counterexample_open"":false,""adjudicated"":false,""evaluated"":false,""fit_note"":"""",""reasons"":[""一般断层兜底（码义无法标定）""]}",unassessed
65,F178,05,05,逆断层,实测,未评,101,压性,0.0,0,；GZELD=101(压性) 与 逆断层 一致,consistent,0.75,,,,逆断层,0.44,"{""S"":0.55,""I"":0.8,""F"":1.0,""C"":0.44,""band"":""suspect"",""source_tier"":""single"",""independence"":""intra_class"",""counterexample_open"":false,""adjudicated"":false,""evaluated"":true,""fit_note"":"""",""reasons"":[""checks=1"",""根类=1""]}",suspect
66,F120,05,05,逆断层,实测,未评,101,压性,0.0,0,aux=逆断层产状点；aux 组数×1；GZELD=101(压性) 与 逆断层 一致,verified,0.9,,,逆断层产状点,逆断层,0.6,"{""S"":0.75,""I"":0.8,""F"":1.0,""C"":0.6,""band"":""consistent"",""source_tier"":""multi"",""independence"":""intra_class"",""counterexample_open"":false,""adjudicated"":false,""evaluated"":true,""fit_note"":"""",""reasons"":[""checks=3"",""根类=1""]}",consistent
67,F115,01,01,断层泛称,实测,未评,109,运动性质不明,0.0,0,老盖新（倾向盘 503 老于下盘 602）；码义继承（断层泛称——一般断层兼容段级证据，2026-10-04 用户裁定）,consistent,0.75,,,,推覆体边界,0.6,"{""S"":0.75,""I"":0.8,""F"":1.0,""C"":0.6,""band"":""consistent"",""source_tier"":""multi"",""independence"":""intra_class"",""counterexample_open"":false,""adjudicated"":false,""evaluated"":true,""fit_note"":"""",""reasons"":[""checks=2"",""根类=1""]}",consistent
68,F056,02,02,推测断层,推测,未评,101,压性,0.0,12,,consistent,0.6,,,,推测断层,0.18,"{""S"":0.3,""I"":0.6,""F"":1.0,""C"":0.18,""band"":""unassessed"",""source_tier"":""code_read"",""independence"":""single"",""counterexample_open"":false,""adjudicated"":false,""evaluated"":false,""fit_note"":"""",""reasons"":[""0 checks（无假设可评）""]}",unassessed
69,F039,05,05,逆断层,实测,未评,101,压性,0.0,0,aux=逆断层产状点；aux 组数×1；GZELD=101(压性) 与 逆断层 一致,verified,0.9,,,逆断层产状点,逆断层,0.6,"{""S"":0.75,""I"":0.8,""F"":1.0,""C"":0.6,""band"":""consistent"",""source_tier"":""multi"",""independence"":""intra_class"",""counterexample_open"":false,""adjudicated"":false,""evaluated"":true,""fit_note"":"""",""reasons"":[""checks=3"",""根类=1""]}",consistent
70,F087,01,01,断层泛称,实测,未评,109,运动性质不明,30.0,0,dip=30°；地层重复(→N↓2→a，推覆重复)；老盖新（倾向盘 601 老于下盘 1202）；码义继承（断层泛称——一般断层兼容段级证据，2026-10-04 用户裁定）,verified,0.9,,,,推覆体边界,0.75,"{""S"":0.75,""I"":1.0,""F"":1.0,""C"":0.75,""band"":""consistent"",""source_tier"":""multi"",""independence"":""multi_root"",""counterexample_open"":false,""adjudicated"":false,""evaluated"":true,""fit_note"":"""",""reasons"":[""checks=4"",""根类=2""]}",consistent
71,F016,01,01,断层泛称,部分覆盖,未评,109,运动性质不明,67.0,27,dip=67°；地层重复(→C↓1→k↑1，推覆重复)；老盖新（倾向盘 503 老于下盘 903）；码义继承（断层泛称——一般断层兼容段级证据，2026-10-04 用户裁定）,verified,0.9,,,,推覆体边界,0.75,"{""S"":0.75,""I"":1.0,""F"":1.0,""C"":0.75,""band"":""consistent"",""source_tier"":""multi"",""independence"":""multi_root"",""counterexample_open"":false,""adjudicated"":false,""evaluated"":true,""fit_note"":"""",""reasons"":[""checks=4"",""根类=2""]}",consistent
72,F085,16,16,左型走滑断层,实测,未评,103,左行,0.0,0,钩旋向 z=210132（左行，符号 1539/1539）；GZELD=103(左行) 与 左型走滑断层 一致,verified,0.9,,,,左型走滑断层,0.6,"{""S"":0.75,""I"":0.8,""F"":1.0,""C"":0.6,""band"":""consistent"",""source_tier"":""multi"",""independence"":""intra_class"",""counterexample_open"":false,""adjudicated"":false,""evaluated"":true,""fit_note"":"""",""reasons"":[""checks=2"",""根类=1""]}",consistent
73,F007,35,35,推覆体边界,实测,未评,101,压性,20.0,0,dip=20°；地层重复(→D↓2→kz↑2，推覆重复)；老盖新（倾向盘 502 老于下盘 503）；GZELD=101(压性) 与 推覆体边界 一致,verified,0.9,,,,推覆体边界,0.75,"{""S"":0.75,""I"":1.0,""F"":1.0,""C"":0.75,""band"":""consistent"",""source_tier"":""multi"",""independence"":""multi_root"",""counterexample_open"":false,""adjudicated"":false,""evaluated"":true,""fit_note"":"""",""reasons"":[""checks=4"",""根类=3""]}",consistent
74,F039,05,05,逆断层,实测,未评,101,压性,56.0,0,dip=56°；aux=逆断层产状点；aux 组数×1；GZELD=101(压性) 与 逆断层 一致,verified,0.9,,,逆断层产状点,逆断层,0.75,"{""S"":0.75,""I"":1.0,""F"":1.0,""C"":0.75,""band"":""consistent"",""source_tier"":""multi"",""independence"":""multi_root"",""counterexample_open"":false,""adjudicated"":false,""evaluated"":true,""fit_note"":"""",""reasons"":[""checks=4"",""根类=2""]}",consistent
75,F004,01,01,断层泛称,部分覆盖,未评,101,压性,0.0,13,一般断层兜底（码义无法标定：名无语义+无辅助点语义）,兜底（一般断层）,0.3,F61（空贝利－木扎令断裂）,,,断层泛称,0.18,"{""S"":0.3,""I"":0.6,""F"":1.0,""C"":0.18,""band"":""unassessed"",""source_tier"":""code_read"",""independence"":""single"",""counterexample_open"":false,""adjudicated"":false,""evaluated"":false,""fit_note"":"""",""reasons"":[""一般断层兜底（码义无法标定）""]}",unassessed
76,F002,03,03,正断层,实测,未评,102,张性,65.0,0,dip=65°；aux=逆断层产状点；aux 组数×2；GZELD=102(张性) 与 正断层 一致,标定（矛盾保留）,0.3,,,逆断层产状点,正断层,0.45,"{""S"":0.75,""I"":0.6,""F"":1.0,""C"":0.45,""band"":""suspect"",""source_tier"":""multi"",""independence"":""single"",""counterexample_open"":true,""adjudicated"":false,""evaluated"":true,""fit_note"":"""",""reasons"":[""MLE 标定·矛盾保留""]}",suspect
77,F010,05,05,逆断层,实测,未评,101,压性,40.0,0,dip=40°；aux=逆断层产状点；aux 组数×2；GZELD=101(压性) 与 逆断层 一致,verified,0.9,,,逆断层产状点,逆断层,0.75,"{""S"":0.75,""I"":1.0,""F"":1.0,""C"":0.75,""band"":""consistent"",""source_tier"":""multi"",""independence"":""multi_root"",""counterexample_open"":false,""adjudicated"":false,""evaluated"":true,""fit_note"":"""",""reasons"":[""checks=4"",""根类=2""]}",consistent
78,F067,05,05,逆断层,实测,未评,101,压性,0.0,0,aux=逆断层产状点；aux 组数×1；GZELD=101(压性) 与 逆断层 一致,verified,0.9,,,逆断层产状点,逆断层,0.6,"{""S"":0.75,""I"":0.8,""F"":1.0,""C"":0.6,""band"":""consistent"",""source_tier"":""multi"",""independence"":""intra_class"",""counterexample_open"":false,""adjudicated"":false,""evaluated"":true,""fit_note"":"""",""reasons"":[""checks=3"",""根类=1""]}",consistent
79,F069,05,05,逆断层,实测,未评,101,压性,0.0,0,aux=逆断层产状点；aux 组数×1；GZELD=101(压性) 与 逆断层 一致,verified,0.9,,,逆断层产状点,逆断层,0.6,"{""S"":0.75,""I"":0.8,""F"":1.0,""C"":0.6,""band"":""consistent"",""source_tier"":""multi"",""independence"":""intra_class"",""counterexample_open"":false,""adjudicated"":false,""evaluated"":true,""fit_note"":"""",""reasons"":[""checks=3"",""根类=1""]}",consistent
80,F153,01,01,断层泛称,实测,未评,109,运动性质不明,63.0,0,dip=63°；地层重复(→C↓1→k↑1，推覆重复)；老盖新（倾向盘 601 老于下盘 602）；码义继承（断层泛称——一般断层兼容段级证据，2026-10-04 用户裁定）,verified,0.9,,,,推覆体边界,0.75,"{""S"":0.75,""I"":1.0,""F"":1.0,""C"":0.75,""band"":""consistent"",""source_tier"":""multi"",""independence"":""multi_root"",""counterexample_open"":false,""adjudicated"":false,""evaluated"":true,""fit_note"":"""",""reasons"":[""checks=4"",""根类=2""]}",consistent
81,F217,01,01,断层泛称,实测,未评,109,运动性质不明,0.0,0,一般断层兜底（码义无法标定：名无语义+无辅助点语义）,兜底（一般断层）,0.3,,,,断层泛称,0.18,"{""S"":0.3,""I"":0.6,""F"":1.0,""C"":0.18,""band"":""unassessed"",""source_tier"":""code_read"",""independence"":""single"",""counterexample_open"":false,""adjudicated"":false,""evaluated"":false,""fit_note"":"""",""reasons"":[""一般断层兜底（码义无法标定）""]}",unassessed
82,F070,02,02,推测断层,推测,未评,109,运动性质不明,0.0,100,,consistent,0.6,,,,推测断层,0.18,"{""S"":0.3,""I"":0.6,""F"":1.0,""C"":0.18,""band"":""unassessed"",""source_tier"":""code_read"",""independence"":""single"",""counterexample_open"":false,""adjudicated"":false,""evaluated"":false,""fit_note"":"""",""reasons"":[""0 checks（无假设可评）""]}",unassessed
83,F033,01,01,断层泛称,实测,未评,109,运动性质不明,69.0,0,一般断层兜底（码义无法标定：名无语义+无辅助点语义）,兜底（一般断层）,0.3,,,,断层泛称,0.18,"{""S"":0.3,""I"":0.6,""F"":1.0,""C"":0.18,""band"":""unassessed"",""source_tier"":""code_read"",""independence"":""single"",""counterexample_open"":false,""adjudicated"":false,""evaluated"":false,""fit_note"":"""",""reasons"":[""一般断层兜底（码义无法标定）""]}",unassessed
84,F070,01,01,断层泛称,实测,未评,109,运动性质不明,0.0,0,一般断层兜底（码义无法标定：名无语义+无辅助点语义）,兜底（一般断层）,0.3,,,,断层泛称,0.18,"{""S"":0.3,""I"":0.6,""F"":1.0,""C"":0.18,""band"":""unassessed"",""source_tier"":""code_read"",""independence"":""single"",""counterexample_open"":false,""adjudicated"":false,""evaluated"":false,""fit_note"":"""",""reasons"":[""一般断层兜底（码义无法标定）""]}",unassessed
85,F036,01,01,断层泛称,实测,未评,109,运动性质不明,65.0,0,一般断层兜底（码义无法标定：名无语义+无辅助点语义）,兜底（一般断层）,0.3,,,,断层泛称,0.18,"{""S"":0.3,""I"":0.6,""F"":1.0,""C"":0.18,""band"":""unassessed"",""source_tier"":""code_read"",""independence"":""single"",""counterexample_open"":false,""adjudicated"":false,""evaluated"":false,""fit_note"":"""",""reasons"":[""一般断层兜底（码义无法标定）""]}",unassessed
86,F175,01,01,断层泛称,实测,未评,109,运动性质不明,0.0,0,一般断层兜底（码义无法标定：名无语义+无辅助点语义）,兜底（一般断层）,0.3,,,,断层泛称,0.18,"{""S"":0.3,""I"":0.6,""F"":1.0,""C"":0.18,""band"":""unassessed"",""source_tier"":""code_read"",""independence"":""single"",""counterexample_open"":false,""adjudicated"":false,""evaluated"":false,""fit_note"":"""",""reasons"":[""一般断层兜底（码义无法标定）""]}",unassessed
87,F027,01,01,断层泛称,实测,未评,109,运动性质不明,65.0,0,一般断层兜底（码义无法标定：名无语义+无辅助点语义）,兜底（一般断层）,0.3,,,,断层泛称,0.18,"{""S"":0.3,""I"":0.6,""F"":1.0,""C"":0.18,""band"":""unassessed"",""source_tier"":""code_read"",""independence"":""single"",""counterexample_open"":false,""adjudicated"":false,""evaluated"":false,""fit_note"":"""",""reasons"":[""一般断层兜底（码义无法标定）""]}",unassessed
88,F185,01,01,断层泛称,实测,未评,109,运动性质不明,0.0,0,一般断层兜底（码义无法标定：名无语义+无辅助点语义）,兜底（一般断层）,0.3,,,,断层泛称,0.18,"{""S"":0.3,""I"":0.6,""F"":1.0,""C"":0.18,""band"":""unassessed"",""source_tier"":""code_read"",""independence"":""single"",""counterexample_open"":false,""adjudicated"":false,""evaluated"":false,""fit_note"":"""",""reasons"":[""一般断层兜底（码义无法标定）""]}",unassessed
89,F194,05,05,逆断层,实测,未评,101,压性,71.0,0,dip=71°；aux=逆断层产状点；aux 组数×1；GZELD=101(压性) 与 逆断层 一致,verified,0.9,,,逆断层产状点,逆断层,0.75,"{""S"":0.75,""I"":1.0,""F"":1.0,""C"":0.75,""band"":""consistent"",""source_tier"":""multi"",""independence"":""multi_root"",""counterexample_open"":false,""adjudicated"":false,""evaluated"":true,""fit_note"":"""",""reasons"":[""checks=4"",""根类=2""]}",consistent
90,F033,01,01,断层泛称,实测,未评,109,运动性质不明,0.0,0,一般断层兜底（码义无法标定：名无语义+无辅助点语义）,兜底（一般断层）,0.3,,,,断层泛称,0.18,"{""S"":0.3,""I"":0.6,""F"":1.0,""C"":0.18,""band"":""unassessed"",""source_tier"":""code_read"",""independence"":""single"",""counterexample_open"":false,""adjudicated"":false,""evaluated"":false,""fit_note"":"""",""reasons"":[""一般断层兜底（码义无法标定）""]}",unassessed
91,F001,01,01,断层泛称,实测,未评,109,运动性质不明,67.0,0,dip=67°；aux=逆断层产状点；aux 组数×3；码义继承（断层泛称——一般断层兼容段级证据，2026-10-04 用户裁定）,verified,0.9,,,逆断层产状点,逆断层,0.75,"{""S"":0.75,""I"":1.0,""F"":1.0,""C"":0.75,""band"":""consistent"",""source_tier"":""multi"",""independence"":""multi_root"",""counterexample_open"":false,""adjudicated"":false,""evaluated"":true,""fit_note"":"""",""reasons"":[""checks=4"",""根类=2""]}",consistent
92,F001,01,01,断层泛称,实测,未评,109,运动性质不明,0.0,0,aux 组数×3；一般断层兜底（码义无法标定：名无语义+无辅助点语义）,兜底（一般断层）,0.3,,,逆断层产状点,断层泛称,0.18,"{""S"":0.3,""I"":0.6,""F"":1.0,""C"":0.18,""band"":""unassessed"",""source_tier"":""code_read"",""independence"":""single"",""counterexample_open"":false,""adjudicated"":false,""evaluated"":false,""fit_note"":"""",""reasons"":[""一般断层兜底（码义无法标定）""]}",unassessed
93,F005,05,05,逆断层,实测,未评,101,压性,46.0,0,dip=46°；aux=逆断层产状点；aux 组数×3；GZELD=101(压性) 与 逆断层 一致,verified,0.9,,,逆断层产状点,逆断层,0.75,"{""S"":0.75,""I"":1.0,""F"":1.0,""C"":0.75,""band"":""consistent"",""source_tier"":""multi"",""independence"":""multi_root"",""counterexample_open"":false,""adjudicated"":false,""evaluated"":true,""fit_note"":"""",""reasons"":[""checks=4"",""根类=2""]}",consistent
94,F002,05,05,逆断层,实测,未评,101,压性,60.0,0,dip=60°；aux=逆断层产状点；aux 组数×2；GZELD=101(压性) 与 逆断层 一致,verified,0.9,,,逆断层产状点,逆断层,0.75,"{""S"":0.75,""I"":1.0,""F"":1.0,""C"":0.75,""band"":""consistent"",""source_tier"":""multi"",""independence"":""multi_root"",""counterexample_open"":false,""adjudicated"":false,""evaluated"":true,""fit_note"":"""",""reasons"":[""checks=4"",""根类=2""]}",consistent
95,F070,01,01,断层泛称,实测,未评,109,运动性质不明,0.0,0,一般断层兜底（码义无法标定：名无语义+无辅助点语义）,兜底（一般断层）,0.3,,,,断层泛称,0.18,"{""S"":0.3,""I"":0.6,""F"":1.0,""C"":0.18,""band"":""unassessed"",""source_tier"":""code_read"",""independence"":""single"",""counterexample_open"":false,""adjudicated"":false,""evaluated"":false,""fit_note"":"""",""reasons"":[""一般断层兜底（码义无法标定）""]}",unassessed
96,F093,01,01,断层泛称,实测,未评,109,运动性质不明,0.0,0,一般断层兜底（码义无法标定：名无语义+无辅助点语义）,兜底（一般断层）,0.3,,,,断层泛称,0.18,"{""S"":0.3,""I"":0.6,""F"":1.0,""C"":0.18,""band"":""unassessed"",""source_tier"":""code_read"",""independence"":""single"",""counterexample_open"":false,""adjudicated"":false,""evaluated"":false,""fit_note"":"""",""reasons"":[""一般断层兜底（码义无法标定）""]}",unassessed
97,F077,37,37,活动断层,部分覆盖,活动,109,运动性质不明,0.0,46,；Q-地层边界重合 5259m；活动性佐证（Q-地层边界重合 5259m/57%段长，单段强型）,标定（活动先验）,0.6,,,,活动断层,0.6,"{""S"":0.75,""I"":0.8,""F"":1.0,""C"":0.6,""band"":""consistent"",""source_tier"":""multi"",""independence"":""intra_class"",""counterexample_open"":false,""adjudicated"":false,""evaluated"":true,""fit_note"":"""",""reasons"":[""checks=2"",""根类=1""]}",consistent
98,F191,01,01,断层泛称,实测,未评,109,运动性质不明,0.0,0,一般断层兜底（码义无法标定：名无语义+无辅助点语义）,兜底（一般断层）,0.3,,,,断层泛称,0.18,"{""S"":0.3,""I"":0.6,""F"":1.0,""C"":0.18,""band"":""unassessed"",""source_tier"":""code_read"",""independence"":""single"",""counterexample_open"":false,""adjudicated"":false,""evaluated"":false,""fit_note"":"""",""reasons"":[""一般断层兜底（码义无法标定）""]}",unassessed
99,F004,01,01,断层泛称,实测,未评,101,压性,0.0,0,一般断层兜底（码义无法标定：名无语义+无辅助点语义）,兜底（一般断层）,0.3,F61（空贝利－木扎令断裂）,,,断层泛称,0.18,"{""S"":0.3,""I"":0.6,""F"":1.0,""C"":0.18,""band"":""unassessed"",""source_tier"":""code_read"",""independence"":""single"",""counterexample_open"":false,""adjudicated"":false,""evaluated"":false,""fit_note"":"""",""reasons"":[""一般断层兜底（码义无法标定）""]}",unassessed
100,F174,03,03,正断层,实测,未评,102,张性,0.0,0,aux=正断层产状点；aux 组数×1；GZELD=102(张性) 与 正断层 一致,verified,0.9,,,正断层产状点,正断层,0.6,"{""S"":0.75,""I"":0.8,""F"":1.0,""C"":0.6,""band"":""consistent"",""source_tier"":""multi"",""independence"":""intra_class"",""counterexample_open"":false,""adjudicated"":false,""evaluated"":true,""fit_note"":"""",""reasons"":[""checks=3"",""根类=1""]}",consistent
101,F219,01,01,断层泛称,实测,未评,109,运动性质不明,0.0,0,一般断层兜底（码义无法标定：名无语义+无辅助点语义）,兜底（一般断层）,0.3,,,,断层泛称,0.18,"{""S"":0.3,""I"":0.6,""F"":1.0,""C"":0.18,""band"":""unassessed"",""source_tier"":""code_read"",""independence"":""single"",""counterexample_open"":false,""adjudicated"":false,""evaluated"":false,""fit_note"":"""",""reasons"":[""一般断层兜底（码义无法标定）""]}",unassessed
102,F126,37,37,活动断层,部分覆盖,活动,109,运动性质不明,0.0,32,；Q-地层边界重合 1636m；实体 Q-地层边界重合×2段；活动性佐证（Q-地层边界重合 1636m/100%段长，多段接触界线强证据）,标定（活动先验）,0.6,,,,活动断层,0.6,"{""S"":0.75,""I"":0.8,""F"":1.0,""C"":0.6,""band"":""consistent"",""source_tier"":""multi"",""independence"":""intra_class"",""counterexample_open"":false,""adjudicated"":false,""evaluated"":true,""fit_note"":"""",""reasons"":[""checks=3"",""根类=1""]}",consistent
103,F016,01,01,断层泛称,推测,未评,109,运动性质不明,0.0,81,一般断层兜底（码义无法标定：名无语义+无辅助点语义）,兜底（一般断层）,0.3,,,,断层泛称,0.18,"{""S"":0.3,""I"":0.6,""F"":1.0,""C"":0.18,""band"":""unassessed"",""source_tier"":""code_read"",""independence"":""single"",""counterexample_open"":false,""adjudicated"":false,""evaluated"":false,""fit_note"":"""",""reasons"":[""一般断层兜底（码义无法标定）""]}",unassessed
104,F040,03,03,正断层,部分覆盖,未评,102,张性,0.0,47,；GZELD=102(张性) 与 正断层 一致,consistent,0.75,,,,正断层,0.44,"{""S"":0.55,""I"":0.8,""F"":1.0,""C"":0.44,""band"":""suspect"",""source_tier"":""single"",""independence"":""intra_class"",""counterexample_open"":false,""adjudicated"":false,""evaluated"":true,""fit_note"":"""",""reasons"":[""checks=1"",""根类=1""]}",suspect
105,F086,01,01,断层泛称,实测,未评,109,运动性质不明,0.0,0,一般断层兜底（码义无法标定：名无语义+无辅助点语义）,兜底（一般断层）,0.3,,,,断层泛称,0.18,"{""S"":0.3,""I"":0.6,""F"":1.0,""C"":0.18,""band"":""unassessed"",""source_tier"":""code_read"",""independence"":""single"",""counterexample_open"":false,""adjudicated"":false,""evaluated"":false,""fit_note"":"""",""reasons"":[""一般断层兜底（码义无法标定）""]}",unassessed
106,F086,01,01,断层泛称,实测,未评,109,运动性质不明,0.0,0,一般断层兜底（码义无法标定：名无语义+无辅助点语义）,兜底（一般断层）,0.3,,,,断层泛称,0.18,"{""S"":0.3,""I"":0.6,""F"":1.0,""C"":0.18,""band"":""unassessed"",""source_tier"":""code_read"",""independence"":""single"",""counterexample_open"":false,""adjudicated"":false,""evaluated"":false,""fit_note"":"""",""reasons"":[""一般断层兜底（码义无法标定）""]}",unassessed
107,F004,01,01,断层泛称,推测,未评,101,压性,0.0,89,一般断层兜底（码义无法标定：名无语义+无辅助点语义）,兜底（一般断层）,0.3,F61（空贝利－木扎令断裂）,,,断层泛称,0.18,"{""S"":0.3,""I"":0.6,""F"":1.0,""C"":0.18,""band"":""unassessed"",""source_tier"":""code_read"",""independence"":""single"",""counterexample_open"":false,""adjudicated"":false,""evaluated"":false,""fit_note"":"""",""reasons"":[""一般断层兜底（码义无法标定）""]}",unassessed
108,F040,03,03,正断层,实测,未评,102,张性,0.0,0,；GZELD=102(张性) 与 正断层 一致,consistent,0.75,,,,正断层,0.44,"{""S"":0.55,""I"":0.8,""F"":1.0,""C"":0.44,""band"":""suspect"",""source_tier"":""single"",""independence"":""intra_class"",""counterexample_open"":false,""adjudicated"":false,""evaluated"":true,""fit_note"":"""",""reasons"":[""checks=1"",""根类=1""]}",suspect
109,F126,37,37,活动断层,实测,活动,109,运动性质不明,0.0,0,；Q-地层边界重合 536m；实体 Q-地层边界重合×2段；活动性佐证（Q-地层边界重合 536m/19%段长，多段接触界线强证据）,标定（活动先验）,0.6,,,,活动断层,0.6,"{""S"":0.75,""I"":0.8,""F"":1.0,""C"":0.6,""band"":""consistent"",""source_tier"":""multi"",""independence"":""intra_class"",""counterexample_open"":false,""adjudicated"":false,""evaluated"":true,""fit_note"":"""",""reasons"":[""checks=3"",""根类=1""]}",consistent
110,F040,03,03,正断层,实测,未评,102,张性,0.0,0,；GZELD=102(张性) 与 正断层 一致,consistent,0.75,,,,正断层,0.44,"{""S"":0.55,""I"":0.8,""F"":1.0,""C"":0.44,""band"":""suspect"",""source_tier"":""single"",""independence"":""intra_class"",""counterexample_open"":false,""adjudicated"":false,""evaluated"":true,""fit_note"":"""",""reasons"":[""checks=1"",""根类=1""]}",suspect
111,F180,01,01,断层泛称,实测,未评,109,运动性质不明,0.0,0,一般断层兜底（码义无法标定：名无语义+无辅助点语义）,兜底（一般断层）,0.3,,,,断层泛称,0.18,"{""S"":0.3,""I"":0.6,""F"":1.0,""C"":0.18,""band"":""unassessed"",""source_tier"":""code_read"",""independence"":""single"",""counterexample_open"":false,""adjudicated"":false,""evaluated"":false,""fit_note"":"""",""reasons"":[""一般断层兜底（码义无法标定）""]}",unassessed
112,F040,03,03,正断层,实测,未评,102,张性,0.0,0,；GZELD=102(张性) 与 正断层 一致,consistent,0.75,,,,正断层,0.44,"{""S"":0.55,""I"":0.8,""F"":1.0,""C"":0.44,""band"":""suspect"",""source_tier"":""single"",""independence"":""intra_class"",""counterexample_open"":false,""adjudicated"":false,""evaluated"":true,""fit_note"":"""",""reasons"":[""checks=1"",""根类=1""]}",suspect
113,F040,03,03,正断层,实测,未评,102,张性,0.0,0,；GZELD=102(张性) 与 正断层 一致,consistent,0.75,,,,正断层,0.44,"{""S"":0.55,""I"":0.8,""F"":1.0,""C"":0.44,""band"":""suspect"",""source_tier"":""single"",""independence"":""intra_class"",""counterexample_open"":false,""adjudicated"":false,""evaluated"":true,""fit_note"":"""",""reasons"":[""checks=1"",""根类=1""]}",suspect
114,F040,03,03,正断层,实测,未评,102,张性,0.0,0,；GZELD=102(张性) 与 正断层 一致,consistent,0.75,,,,正断层,0.44,"{""S"":0.55,""I"":0.8,""F"":1.0,""C"":0.44,""band"":""suspect"",""source_tier"":""single"",""independence"":""intra_class"",""counterexample_open"":false,""adjudicated"":false,""evaluated"":true,""fit_note"":"""",""reasons"":[""checks=1"",""根类=1""]}",suspect
115,F026,37,37,活动断层,部分覆盖,活动,109,运动性质不明,0.0,41,；Q-地层边界重合 2255m；实体 Q-地层边界重合×6段；活动性佐证（Q-地层边界重合 2255m/100%段长，多段接触界线强证据）,标定（活动先验）,0.6,,,,活动断层,0.6,"{""S"":0.75,""I"":0.8,""F"":1.0,""C"":0.6,""band"":""consistent"",""source_tier"":""multi"",""independence"":""intra_class"",""counterexample_open"":false,""adjudicated"":false,""evaluated"":true,""fit_note"":"""",""reasons"":[""checks=3"",""根类=1""]}",consistent
116,F040,03,03,正断层,实测,未评,102,张性,0.0,0,；GZELD=102(张性) 与 正断层 一致,consistent,0.75,,,,正断层,0.44,"{""S"":0.55,""I"":0.8,""F"":1.0,""C"":0.44,""band"":""suspect"",""source_tier"":""single"",""independence"":""intra_class"",""counterexample_open"":false,""adjudicated"":false,""evaluated"":true,""fit_note"":"""",""reasons"":[""checks=1"",""根类=1""]}",suspect
117,F122,03,03,正断层,实测,未评,102,张性,78.0,0,dip=78°；aux=正断层产状点；aux 组数×1；GZELD=102(张性) 与 正断层 一致,verified,0.9,,,正断层产状点,正断层,0.75,"{""S"":0.75,""I"":1.0,""F"":1.0,""C"":0.75,""band"":""consistent"",""source_tier"":""multi"",""independence"":""multi_root"",""counterexample_open"":false,""adjudicated"":false,""evaluated"":true,""fit_note"":"""",""reasons"":[""checks=4"",""根类=2""]}",consistent
118,F040,03,03,正断层,实测,未评,102,张性,0.0,0,；GZELD=102(张性) 与 正断层 一致,consistent,0.75,,,,正断层,0.44,"{""S"":0.55,""I"":0.8,""F"":1.0,""C"":0.44,""band"":""suspect"",""source_tier"":""single"",""independence"":""intra_class"",""counterexample_open"":false,""adjudicated"":false,""evaluated"":true,""fit_note"":"""",""reasons"":[""checks=1"",""根类=1""]}",suspect
119,F040,03,03,正断层,实测,未评,102,张性,0.0,0,；GZELD=102(张性) 与 正断层 一致,consistent,0.75,,,,正断层,0.44,"{""S"":0.55,""I"":0.8,""F"":1.0,""C"":0.44,""band"":""suspect"",""source_tier"":""single"",""independence"":""intra_class"",""counterexample_open"":false,""adjudicated"":false,""evaluated"":true,""fit_note"":"""",""reasons"":[""checks=1"",""根类=1""]}",suspect
120,F026,37,37,活动断层,实测,未评,109,运动性质不明,69.0,0,dip=69°；老盖新（倾向盘 402.5 老于下盘 802）；实体 Q-地层边界重合×6段；码义逻辑判断继承（活动断层，mle_semantic 全段继承）,verified,0.9,,,,推覆体边界,0.75,"{""S"":0.75,""I"":1.0,""F"":1.0,""C"":0.75,""band"":""consistent"",""source_tier"":""multi"",""independence"":""multi_root"",""counterexample_open"":false,""adjudicated"":false,""evaluated"":true,""fit_note"":"""",""reasons"":[""checks=4"",""根类=3""]}",consistent
121,F026,37,37,活动断层,部分覆盖,活动,109,运动性质不明,69.0,18,；Q-地层边界重合 643m；实体 Q-地层边界重合×6段；活动性佐证（Q-地层边界重合 643m/100%段长，多段接触界线强证据）,标定（活动先验）,0.6,,,,活动断层,0.6,"{""S"":0.75,""I"":0.8,""F"":1.0,""C"":0.6,""band"":""consistent"",""source_tier"":""multi"",""independence"":""intra_class"",""counterexample_open"":false,""adjudicated"":false,""evaluated"":true,""fit_note"":"""",""reasons"":[""checks=3"",""根类=1""]}",consistent
122,F038,01,01,断层泛称,实测,未评,109,运动性质不明,0.0,0,一般断层兜底（码义无法标定：名无语义+无辅助点语义）,兜底（一般断层）,0.3,,,,断层泛称,0.18,"{""S"":0.3,""I"":0.6,""F"":1.0,""C"":0.18,""band"":""unassessed"",""source_tier"":""code_read"",""independence"":""single"",""counterexample_open"":false,""adjudicated"":false,""evaluated"":false,""fit_note"":"""",""reasons"":[""一般断层兜底（码义无法标定）""]}",unassessed
123,F009,05,05,逆断层,实测,未评,101,压性,44.0,0,dip=44°；aux=逆断层产状点；aux 组数×2；GZELD=101(压性) 与 逆断层 一致,verified,0.9,,,逆断层产状点,逆断层,0.75,"{""S"":0.75,""I"":1.0,""F"":1.0,""C"":0.75,""band"":""consistent"",""source_tier"":""multi"",""independence"":""multi_root"",""counterexample_open"":false,""adjudicated"":false,""evaluated"":true,""fit_note"":"""",""reasons"":[""checks=4"",""根类=2""]}",consistent
124,F159,03,03,正断层,实测,未评,102,张性,72.0,0,dip=72°；aux=正断层产状点；aux 组数×1；GZELD=102(张性) 与 正断层 一致,verified,0.9,,,正断层产状点,正断层,0.75,"{""S"":0.75,""I"":1.0,""F"":1.0,""C"":0.75,""band"":""consistent"",""source_tier"":""multi"",""independence"":""multi_root"",""counterexample_open"":false,""adjudicated"":false,""evaluated"":true,""fit_note"":"""",""reasons"":[""checks=4"",""根类=2""]}",consistent
125,F026,37,37,活动断层,实测,活动,109,运动性质不明,69.0,0,；Q-地层边界重合 461m；实体 Q-地层边界重合×6段；活动性佐证（Q-地层边界重合 461m/43%段长，多段接触界线强证据）,标定（活动先验）,0.6,,,,活动断层,0.6,"{""S"":0.75,""I"":0.8,""F"":1.0,""C"":0.6,""band"":""consistent"",""source_tier"":""multi"",""independence"":""intra_class"",""counterexample_open"":false,""adjudicated"":false,""evaluated"":true,""fit_note"":"""",""reasons"":[""checks=3"",""根类=1""]}",consistent
126,F021,01,01,断层泛称,实测,未评,109,运动性质不明,0.0,10,一般断层兜底（码义无法标定：名无语义+无辅助点语义）,兜底（一般断层）,0.3,,,,断层泛称,0.18,"{""S"":0.3,""I"":0.6,""F"":1.0,""C"":0.18,""band"":""unassessed"",""source_tier"":""code_read"",""independence"":""single"",""counterexample_open"":false,""adjudicated"":false,""evaluated"":false,""fit_note"":"""",""reasons"":[""一般断层兜底（码义无法标定）""]}",unassessed
127,F026,37,37,活动断层,实测,活动,109,运动性质不明,69.0,0,；Q-地层边界重合 225m；实体 Q-地层边界重合×6段；活动性佐证（Q-地层边界重合 225m/100%段长，多段接触界线强证据）,标定（活动先验）,0.6,,,,活动断层,0.6,"{""S"":0.75,""I"":0.8,""F"":1.0,""C"":0.6,""band"":""consistent"",""source_tier"":""multi"",""independence"":""intra_class"",""counterexample_open"":false,""adjudicated"":false,""evaluated"":true,""fit_note"":"""",""reasons"":[""checks=3"",""根类=1""]}",consistent
128,F204,02,02,推测断层,推测,未评,109,运动性质不明,0.0,0,,consistent,0.6,,,,推测断层,0.18,"{""S"":0.3,""I"":0.6,""F"":1.0,""C"":0.18,""band"":""unassessed"",""source_tier"":""code_read"",""independence"":""single"",""counterexample_open"":false,""adjudicated"":false,""evaluated"":false,""fit_note"":"""",""reasons"":[""0 checks（无假设可评）""]}",unassessed
129,F026,37,37,活动断层,实测,活动,109,运动性质不明,69.0,0,；Q-地层边界重合 1372m；实体 Q-地层边界重合×6段；活动性佐证（Q-地层边界重合 1372m/100%段长，多段接触界线强证据）,标定（活动先验）,0.6,,,,活动断层,0.6,"{""S"":0.75,""I"":0.8,""F"":1.0,""C"":0.6,""band"":""consistent"",""source_tier"":""multi"",""independence"":""intra_class"",""counterexample_open"":false,""adjudicated"":false,""evaluated"":true,""fit_note"":"""",""reasons"":[""checks=3"",""根类=1""]}",consistent
130,F005,05,05,逆断层,实测,未评,101,压性,60.0,0,dip=60°；aux=逆断层产状点；aux 组数×3；GZELD=101(压性) 与 逆断层 一致,verified,0.9,,,逆断层产状点,逆断层,0.75,"{""S"":0.75,""I"":1.0,""F"":1.0,""C"":0.75,""band"":""consistent"",""source_tier"":""multi"",""independence"":""multi_root"",""counterexample_open"":false,""adjudicated"":false,""evaluated"":true,""fit_note"":"""",""reasons"":[""checks=4"",""根类=2""]}",consistent
131,F002,05,05,逆断层,实测,未评,101,压性,60.0,0,dip=60°；aux=逆断层产状点；aux 组数×2；GZELD=101(压性) 与 逆断层 一致,verified,0.9,,,逆断层产状点,逆断层,0.75,"{""S"":0.75,""I"":1.0,""F"":1.0,""C"":0.75,""band"":""consistent"",""source_tier"":""multi"",""independence"":""multi_root"",""counterexample_open"":false,""adjudicated"":false,""evaluated"":true,""fit_note"":"""",""reasons"":[""checks=4"",""根类=2""]}",consistent
132,F026,37,37,活动断层,推测,活动,109,运动性质不明,69.0,79,；Q-地层边界重合 240m；实体 Q-地层边界重合×6段；活动性佐证（Q-地层边界重合 240m/100%段长，多段接触界线强证据）,标定（活动先验）,0.6,,,,活动断层,0.6,"{""S"":0.75,""I"":0.8,""F"":1.0,""C"":0.6,""band"":""consistent"",""source_tier"":""multi"",""independence"":""intra_class"",""counterexample_open"":false,""adjudicated"":false,""evaluated"":true,""fit_note"":"""",""reasons"":[""checks=3"",""根类=1""]}",consistent
133,F001,01,01,断层泛称,实测,未评,109,运动性质不明,67.0,0,dip=67°；aux=逆断层产状点；aux 组数×3；码义继承（断层泛称——一般断层兼容段级证据，2026-10-04 用户裁定）,verified,0.9,,,逆断层产状点,逆断层,0.75,"{""S"":0.75,""I"":1.0,""F"":1.0,""C"":0.75,""band"":""consistent"",""source_tier"":""multi"",""independence"":""multi_root"",""counterexample_open"":false,""adjudicated"":false,""evaluated"":true,""fit_note"":"""",""reasons"":[""checks=4"",""根类=2""]}",consistent
134,F073,01,01,断层泛称,部分覆盖,未评,109,运动性质不明,0.0,11,一般断层兜底（码义无法标定：名无语义+无辅助点语义）,兜底（一般断层）,0.3,,,,断层泛称,0.18,"{""S"":0.3,""I"":0.6,""F"":1.0,""C"":0.18,""band"":""unassessed"",""source_tier"":""code_read"",""independence"":""single"",""counterexample_open"":false,""adjudicated"":false,""evaluated"":false,""fit_note"":"""",""reasons"":[""一般断层兜底（码义无法标定）""]}",unassessed
135,F063,01,01,断层泛称,实测,未评,109,运动性质不明,0.0,0,一般断层兜底（码义无法标定：名无语义+无辅助点语义）,兜底（一般断层）,0.3,,,,断层泛称,0.18,"{""S"":0.3,""I"":0.6,""F"":1.0,""C"":0.18,""band"":""unassessed"",""source_tier"":""code_read"",""independence"":""single"",""counterexample_open"":false,""adjudicated"":false,""evaluated"":false,""fit_note"":"""",""reasons"":[""一般断层兜底（码义无法标定）""]}",unassessed
136,F101,01,01,断层泛称,实测,未评,109,运动性质不明,0.0,0,一般断层兜底（码义无法标定：名无语义+无辅助点语义）,兜底（一般断层）,0.3,,,,断层泛称,0.18,"{""S"":0.3,""I"":0.6,""F"":1.0,""C"":0.18,""band"":""unassessed"",""source_tier"":""code_read"",""independence"":""single"",""counterexample_open"":false,""adjudicated"":false,""evaluated"":false,""fit_note"":"""",""reasons"":[""一般断层兜底（码义无法标定）""]}",unassessed
137,F100,01,01,断层泛称,实测,未评,109,运动性质不明,0.0,0,一般断层兜底（码义无法标定：名无语义+无辅助点语义）,兜底（一般断层）,0.3,,,,断层泛称,0.18,"{""S"":0.3,""I"":0.6,""F"":1.0,""C"":0.18,""band"":""unassessed"",""source_tier"":""code_read"",""independence"":""single"",""counterexample_open"":false,""adjudicated"":false,""evaluated"":false,""fit_note"":"""",""reasons"":[""一般断层兜底（码义无法标定）""]}",unassessed
138,F026,37,37,活动断层,实测,未评,109,运动性质不明,69.0,0,实体 Q-地层边界重合×6段；码义逻辑判断继承（活动断层，mle_semantic 全段继承）,consistent,0.6,,,,断层泛称,0.6,"{""S"":0.75,""I"":0.8,""F"":1.0,""C"":0.6,""band"":""consistent"",""source_tier"":""multi"",""independence"":""intra_class"",""counterexample_open"":false,""adjudicated"":false,""evaluated"":true,""fit_note"":"""",""reasons"":[""checks=2"",""根类=1""]}",consistent
139,F005,05,05,逆断层,实测,未评,101,压性,0.0,0,aux=逆断层产状点；aux 组数×3；GZELD=101(压性) 与 逆断层 一致,verified,0.9,,,逆断层产状点,逆断层,0.6,"{""S"":0.75,""I"":0.8,""F"":1.0,""C"":0.6,""band"":""consistent"",""source_tier"":""multi"",""independence"":""intra_class"",""counterexample_open"":false,""adjudicated"":false,""evaluated"":true,""fit_note"":"""",""reasons"":[""checks=3"",""根类=1""]}",consistent
140,F100,01,01,断层泛称,实测,未评,109,运动性质不明,0.0,0,一般断层兜底（码义无法标定：名无语义+无辅助点语义）,兜底（一般断层）,0.3,,,,断层泛称,0.18,"{""S"":0.3,""I"":0.6,""F"":1.0,""C"":0.18,""band"":""unassessed"",""source_tier"":""code_read"",""independence"":""single"",""counterexample_open"":false,""adjudicated"":false,""evaluated"":false,""fit_note"":"""",""reasons"":[""一般断层兜底（码义无法标定）""]}",unassessed
141,F001,01,01,断层泛称,实测,未评,109,运动性质不明,0.0,0,aux 组数×3；一般断层兜底（码义无法标定：名无语义+无辅助点语义）,兜底（一般断层）,0.3,,,逆断层产状点,断层泛称,0.18,"{""S"":0.3,""I"":0.6,""F"":1.0,""C"":0.18,""band"":""unassessed"",""source_tier"":""code_read"",""independence"":""single"",""counterexample_open"":false,""adjudicated"":false,""evaluated"":false,""fit_note"":"""",""reasons"":[""一般断层兜底（码义无法标定）""]}",unassessed
142,F063,01,01,断层泛称,实测,未评,109,运动性质不明,0.0,0,一般断层兜底（码义无法标定：名无语义+无辅助点语义）,兜底（一般断层）,0.3,,,,断层泛称,0.18,"{""S"":0.3,""I"":0.6,""F"":1.0,""C"":0.18,""band"":""unassessed"",""source_tier"":""code_read"",""independence"":""single"",""counterexample_open"":false,""adjudicated"":false,""evaluated"":false,""fit_note"":"""",""reasons"":[""一般断层兜底（码义无法标定）""]}",unassessed
143,F038,01,01,断层泛称,实测,未评,109,运动性质不明,0.0,0,一般断层兜底（码义无法标定：名无语义+无辅助点语义）,兜底（一般断层）,0.3,,,,断层泛称,0.18,"{""S"":0.3,""I"":0.6,""F"":1.0,""C"":0.18,""band"":""unassessed"",""source_tier"":""code_read"",""independence"":""single"",""counterexample_open"":false,""adjudicated"":false,""evaluated"":false,""fit_note"":"""",""reasons"":[""一般断层兜底（码义无法标定）""]}",unassessed
144,F026,37,37,活动断层,实测,未评,109,运动性质不明,0.0,0,实体 Q-地层边界重合×6段；码义逻辑判断继承（活动断层，mle_semantic 全段继承）,consistent,0.6,,,,断层泛称,0.6,"{""S"":0.75,""I"":0.8,""F"":1.0,""C"":0.6,""band"":""consistent"",""source_tier"":""multi"",""independence"":""intra_class"",""counterexample_open"":false,""adjudicated"":false,""evaluated"":true,""fit_note"":"""",""reasons"":[""checks=2"",""根类=1""]}",consistent
145,F025,01,01,断层泛称,实测,未评,109,运动性质不明,0.0,0,一般断层兜底（码义无法标定：名无语义+无辅助点语义）,兜底（一般断层）,0.3,,,,断层泛称,0.18,"{""S"":0.3,""I"":0.6,""F"":1.0,""C"":0.18,""band"":""unassessed"",""source_tier"":""code_read"",""independence"":""single"",""counterexample_open"":false,""adjudicated"":false,""evaluated"":false,""fit_note"":"""",""reasons"":[""一般断层兜底（码义无法标定）""]}",unassessed
146,F135,01,01,断层泛称,实测,未评,109,运动性质不明,0.0,0,一般断层兜底（码义无法标定：名无语义+无辅助点语义）,兜底（一般断层）,0.3,,,,断层泛称,0.18,"{""S"":0.3,""I"":0.6,""F"":1.0,""C"":0.18,""band"":""unassessed"",""source_tier"":""code_read"",""independence"":""single"",""counterexample_open"":false,""adjudicated"":false,""evaluated"":false,""fit_note"":"""",""reasons"":[""一般断层兜底（码义无法标定）""]}",unassessed
147,F062,01,01,断层泛称,实测,未评,109,运动性质不明,0.0,0,一般断层兜底（码义无法标定：名无语义+无辅助点语义）,兜底（一般断层）,0.3,,,,断层泛称,0.18,"{""S"":0.3,""I"":0.6,""F"":1.0,""C"":0.18,""band"":""unassessed"",""source_tier"":""code_read"",""independence"":""single"",""counterexample_open"":false,""adjudicated"":false,""evaluated"":false,""fit_note"":"""",""reasons"":[""一般断层兜底（码义无法标定）""]}",unassessed
148,F168,01,01,断层泛称,实测,未评,109,运动性质不明,0.0,0,一般断层兜底（码义无法标定：名无语义+无辅助点语义）,兜底（一般断层）,0.3,,,,断层泛称,0.18,"{""S"":0.3,""I"":0.6,""F"":1.0,""C"":0.18,""band"":""unassessed"",""source_tier"":""code_read"",""independence"":""single"",""counterexample_open"":false,""adjudicated"":false,""evaluated"":false,""fit_note"":"""",""reasons"":[""一般断层兜底（码义无法标定）""]}",unassessed
149,F114,03,03,正断层,实测,未评,102,张性,66.0,0,dip=66°；aux=正断层产状点；aux 组数×1；GZELD=102(张性) 与 正断层 一致,verified,0.9,,,正断层产状点,正断层,0.75,"{""S"":0.75,""I"":1.0,""F"":1.0,""C"":0.75,""band"":""consistent"",""source_tier"":""multi"",""independence"":""multi_root"",""counterexample_open"":false,""adjudicated"":false,""evaluated"":true,""fit_note"":"""",""reasons"":[""checks=4"",""根类=2""]}",consistent
150,F195,01,01,断层泛称,实测,未评,109,运动性质不明,0.0,0,一般断层兜底（码义无法标定：名无语义+无辅助点语义）,兜底（一般断层）,0.3,,,,断层泛称,0.18,"{""S"":0.3,""I"":0.6,""F"":1.0,""C"":0.18,""band"":""unassessed"",""source_tier"":""code_read"",""independence"":""single"",""counterexample_open"":false,""adjudicated"":false,""evaluated"":false,""fit_note"":"""",""reasons"":[""一般断层兜底（码义无法标定）""]}",unassessed
151,F003,05,05,逆断层,实测,未评,101,压性,0.0,0,aux=逆断层产状点；aux 组数×1；GZELD=101(压性) 与 逆断层 一致,verified,0.9,,,逆断层产状点,逆断层,0.6,"{""S"":0.75,""I"":0.8,""F"":1.0,""C"":0.6,""band"":""consistent"",""source_tier"":""multi"",""independence"":""intra_class"",""counterexample_open"":false,""adjudicated"":false,""evaluated"":true,""fit_note"":"""",""reasons"":[""checks=3"",""根类=1""]}",consistent
152,F214,01,01,断层泛称,实测,未评,109,运动性质不明,0.0,0,一般断层兜底（码义无法标定：名无语义+无辅助点语义）,兜底（一般断层）,0.3,,,,断层泛称,0.18,"{""S"":0.3,""I"":0.6,""F"":1.0,""C"":0.18,""band"":""unassessed"",""source_tier"":""code_read"",""independence"":""single"",""counterexample_open"":false,""adjudicated"":false,""evaluated"":false,""fit_note"":"""",""reasons"":[""一般断层兜底（码义无法标定）""]}",unassessed
153,F026,37,37,活动断层,推测,未评,109,运动性质不明,0.0,69,实体 Q-地层边界重合×6段；码义逻辑判断继承（活动断层，mle_semantic 全段继承）,consistent,0.6,,,,断层泛称,0.6,"{""S"":0.75,""I"":0.8,""F"":1.0,""C"":0.6,""band"":""consistent"",""source_tier"":""multi"",""independence"":""intra_class"",""counterexample_open"":false,""adjudicated"":false,""evaluated"":true,""fit_note"":"""",""reasons"":[""checks=2"",""根类=1""]}",consistent
154,F003,05,05,逆断层,推测,未评,101,压性,0.0,100,位于第四系松散沉积物内 100%——推测断层强证据；aux=逆断层产状点；aux 组数×1；GZELD=101(压性) 与 逆断层 一致,verified,0.9,,,逆断层产状点,逆断层,0.6,"{""S"":0.75,""I"":0.8,""F"":1.0,""C"":0.6,""band"":""consistent"",""source_tier"":""multi"",""independence"":""intra_class"",""counterexample_open"":false,""adjudicated"":false,""evaluated"":true,""fit_note"":"""",""reasons"":[""checks=4"",""根类=1""]}",consistent
155,F195,01,01,断层泛称,实测,未评,109,运动性质不明,0.0,0,一般断层兜底（码义无法标定：名无语义+无辅助点语义）,兜底（一般断层）,0.3,,,,断层泛称,0.18,"{""S"":0.3,""I"":0.6,""F"":1.0,""C"":0.18,""band"":""unassessed"",""source_tier"":""code_read"",""independence"":""single"",""counterexample_open"":false,""adjudicated"":false,""evaluated"":false,""fit_note"":"""",""reasons"":[""一般断层兜底（码义无法标定）""]}",unassessed
156,F003,05,05,逆断层,实测,未评,101,压性,50.0,0,dip=50°；aux=逆断层产状点；aux 组数×1；GZELD=101(压性) 与 逆断层 一致,verified,0.9,,,逆断层产状点,逆断层,0.75,"{""S"":0.75,""I"":1.0,""F"":1.0,""C"":0.75,""band"":""consistent"",""source_tier"":""multi"",""independence"":""multi_root"",""counterexample_open"":false,""adjudicated"":false,""evaluated"":true,""fit_note"":"""",""reasons"":[""checks=4"",""根类=2""]}",consistent
157,F143,05,05,逆断层,实测,未评,101,压性,60.0,0,dip=60°；aux=逆断层产状点；aux 组数×1；GZELD=101(压性) 与 逆断层 一致,verified,0.9,,,逆断层产状点,逆断层,0.75,"{""S"":0.75,""I"":1.0,""F"":1.0,""C"":0.75,""band"":""consistent"",""source_tier"":""multi"",""independence"":""multi_root"",""counterexample_open"":false,""adjudicated"":false,""evaluated"":true,""fit_note"":"""",""reasons"":[""checks=4"",""根类=2""]}",consistent
158,F059,01,01,断层泛称,实测,未评,109,运动性质不明,0.0,0,一般断层兜底（码义无法标定：名无语义+无辅助点语义）,兜底（一般断层）,0.3,,,,断层泛称,0.18,"{""S"":0.3,""I"":0.6,""F"":1.0,""C"":0.18,""band"":""unassessed"",""source_tier"":""code_read"",""independence"":""single"",""counterexample_open"":false,""adjudicated"":false,""evaluated"":false,""fit_note"":"""",""reasons"":[""一般断层兜底（码义无法标定）""]}",unassessed
159,F127,05,05,逆断层,实测,未评,101,压性,30.0,0,dip=30°；aux=逆断层产状点；aux 组数×1；GZELD=101(压性) 与 逆断层 一致,verified,0.9,,,逆断层产状点,逆断层,0.75,"{""S"":0.75,""I"":1.0,""F"":1.0,""C"":0.75,""band"":""consistent"",""source_tier"":""multi"",""independence"":""multi_root"",""counterexample_open"":false,""adjudicated"":false,""evaluated"":true,""fit_note"":"""",""reasons"":[""checks=4"",""根类=2""]}",consistent
160,F074,01,01,断层泛称,实测,未评,109,运动性质不明,0.0,0,一般断层兜底（码义无法标定：名无语义+无辅助点语义）,兜底（一般断层）,0.3,,,,断层泛称,0.18,"{""S"":0.3,""I"":0.6,""F"":1.0,""C"":0.18,""band"":""unassessed"",""source_tier"":""code_read"",""independence"":""single"",""counterexample_open"":false,""adjudicated"":false,""evaluated"":false,""fit_note"":"""",""reasons"":[""一般断层兜底（码义无法标定）""]}",unassessed
161,F215,01,01,断层泛称,实测,未评,109,运动性质不明,0.0,0,一般断层兜底（码义无法标定：名无语义+无辅助点语义）,兜底（一般断层）,0.3,,,,断层泛称,0.18,"{""S"":0.3,""I"":0.6,""F"":1.0,""C"":0.18,""band"":""unassessed"",""source_tier"":""code_read"",""independence"":""single"",""counterexample_open"":false,""adjudicated"":false,""evaluated"":false,""fit_note"":"""",""reasons"":[""一般断层兜底（码义无法标定）""]}",unassessed
162,F028,01,01,断层泛称,实测,未评,109,运动性质不明,0.0,0,一般断层兜底（码义无法标定：名无语义+无辅助点语义）,兜底（一般断层）,0.3,,,,断层泛称,0.18,"{""S"":0.3,""I"":0.6,""F"":1.0,""C"":0.18,""band"":""unassessed"",""source_tier"":""code_read"",""independence"":""single"",""counterexample_open"":false,""adjudicated"":false,""evaluated"":false,""fit_note"":"""",""reasons"":[""一般断层兜底（码义无法标定）""]}",unassessed
163,F044,01,01,断层泛称,实测,未评,109,运动性质不明,0.0,0,一般断层兜底（码义无法标定：名无语义+无辅助点语义）,兜底（一般断层）,0.3,,,,断层泛称,0.18,"{""S"":0.3,""I"":0.6,""F"":1.0,""C"":0.18,""band"":""unassessed"",""source_tier"":""code_read"",""independence"":""single"",""counterexample_open"":false,""adjudicated"":false,""evaluated"":false,""fit_note"":"""",""reasons"":[""一般断层兜底（码义无法标定）""]}",unassessed
164,F014,03,03,正断层,实测,未评,102,张性,60.0,0,dip=60°；aux=正断层产状点；aux 组数×2；GZELD=102(张性) 与 正断层 一致,verified,0.9,,,正断层产状点,正断层,0.75,"{""S"":0.75,""I"":1.0,""F"":1.0,""C"":0.75,""band"":""consistent"",""source_tier"":""multi"",""independence"":""multi_root"",""counterexample_open"":false,""adjudicated"":false,""evaluated"":true,""fit_note"":"""",""reasons"":[""checks=4"",""根类=2""]}",consistent
165,F015,05,05,逆断层,实测,未评,101,压性,60.0,0,dip=60°；aux=逆断层产状点；aux 组数×1；GZELD=101(压性) 与 逆断层 一致,verified,0.9,,,逆断层产状点,逆断层,0.75,"{""S"":0.75,""I"":1.0,""F"":1.0,""C"":0.75,""band"":""consistent"",""source_tier"":""multi"",""independence"":""multi_root"",""counterexample_open"":false,""adjudicated"":false,""evaluated"":true,""fit_note"":"""",""reasons"":[""checks=4"",""根类=2""]}",consistent
166,F002,05,05,逆断层,实测,未评,101,压性,60.0,0,dip=60°；aux=逆断层产状点；aux 组数×2；GZELD=101(压性) 与 逆断层 一致,verified,0.9,,,逆断层产状点,逆断层,0.75,"{""S"":0.75,""I"":1.0,""F"":1.0,""C"":0.75,""band"":""consistent"",""source_tier"":""multi"",""independence"":""multi_root"",""counterexample_open"":false,""adjudicated"":false,""evaluated"":true,""fit_note"":"""",""reasons"":[""checks=4"",""根类=2""]}",consistent
167,F058,05,05,逆断层,实测,未评,101,压性,50.0,0,dip=50°；aux=逆断层产状点；aux 组数×1；GZELD=101(压性) 与 逆断层 一致,verified,0.9,,,逆断层产状点,逆断层,0.75,"{""S"":0.75,""I"":1.0,""F"":1.0,""C"":0.75,""band"":""consistent"",""source_tier"":""multi"",""independence"":""multi_root"",""counterexample_open"":false,""adjudicated"":false,""evaluated"":true,""fit_note"":"""",""reasons"":[""checks=4"",""根类=2""]}",consistent
168,F055,05,05,逆断层,实测,未评,101,压性,68.0,0,dip=68°；aux=逆断层产状点；aux 组数×1；GZELD=101(压性) 与 逆断层 一致,verified,0.9,,,逆断层产状点,逆断层,0.75,"{""S"":0.75,""I"":1.0,""F"":1.0,""C"":0.75,""band"":""consistent"",""source_tier"":""multi"",""independence"":""multi_root"",""counterexample_open"":false,""adjudicated"":false,""evaluated"":true,""fit_note"":"""",""reasons"":[""checks=4"",""根类=2""]}",consistent
169,F091,03,03,正断层,实测,未评,102,张性,57.0,0,dip=57°；aux=正断层产状点；aux 组数×1；GZELD=102(张性) 与 正断层 一致,verified,0.9,,,正断层产状点,正断层,0.75,"{""S"":0.75,""I"":1.0,""F"":1.0,""C"":0.75,""band"":""consistent"",""source_tier"":""multi"",""independence"":""multi_root"",""counterexample_open"":false,""adjudicated"":false,""evaluated"":true,""fit_note"":"""",""reasons"":[""checks=4"",""根类=2""]}",consistent
170,F074,05,05,逆断层,实测,未评,101,压性,0.0,0,；GZELD=101(压性) 与 逆断层 一致,consistent,0.75,,,,逆断层,0.44,"{""S"":0.55,""I"":0.8,""F"":1.0,""C"":0.44,""band"":""suspect"",""source_tier"":""single"",""independence"":""intra_class"",""counterexample_open"":false,""adjudicated"":false,""evaluated"":true,""fit_note"":"""",""reasons"":[""checks=1"",""根类=1""]}",suspect
171,F008,05,05,逆断层,实测,未评,101,压性,55.0,0,dip=55°；aux=逆断层产状点；aux 组数×2；GZELD=101(压性) 与 逆断层 一致,verified,0.9,,,逆断层产状点,逆断层,0.75,"{""S"":0.75,""I"":1.0,""F"":1.0,""C"":0.75,""band"":""consistent"",""source_tier"":""multi"",""independence"":""multi_root"",""counterexample_open"":false,""adjudicated"":false,""evaluated"":true,""fit_note"":"""",""reasons"":[""checks=4"",""根类=2""]}",consistent
172,F028,35,35,推覆体边界,实测,未评,101,压性,0.0,0,地层重复(→C↓2→K↑3，推覆重复)；GZELD=101(压性) 与 推覆体边界 一致,verified,0.9,,,,推覆体边界,0.75,"{""S"":0.75,""I"":1.0,""F"":1.0,""C"":0.75,""band"":""consistent"",""source_tier"":""multi"",""independence"":""multi_root"",""counterexample_open"":false,""adjudicated"":false,""evaluated"":true,""fit_note"":"""",""reasons"":[""checks=2"",""根类=2""]}",consistent
173,F026,37,37,活动断层,实测,未评,109,运动性质不明,0.0,0,实体 Q-地层边界重合×6段；码义逻辑判断继承（活动断层，mle_semantic 全段继承）,consistent,0.6,,,,断层泛称,0.6,"{""S"":0.75,""I"":0.8,""F"":1.0,""C"":0.6,""band"":""consistent"",""source_tier"":""multi"",""independence"":""intra_class"",""counterexample_open"":false,""adjudicated"":false,""evaluated"":true,""fit_note"":"""",""reasons"":[""checks=2"",""根类=1""]}",consistent
174,F114,01,01,断层泛称,实测,未评,109,运动性质不明,0.0,0,aux 组数×1；一般断层兜底（码义无法标定：名无语义+无辅助点语义）,兜底（一般断层）,0.3,,,正断层产状点,断层泛称,0.18,"{""S"":0.3,""I"":0.6,""F"":1.0,""C"":0.18,""band"":""unassessed"",""source_tier"":""code_read"",""independence"":""single"",""counterexample_open"":false,""adjudicated"":false,""evaluated"":false,""fit_note"":"""",""reasons"":[""一般断层兜底（码义无法标定）""]}",unassessed
175,F140,01,01,断层泛称,实测,未评,109,运动性质不明,0.0,0,一般断层兜底（码义无法标定：名无语义+无辅助点语义）,兜底（一般断层）,0.3,,,,断层泛称,0.18,"{""S"":0.3,""I"":0.6,""F"":1.0,""C"":0.18,""band"":""unassessed"",""source_tier"":""code_read"",""independence"":""single"",""counterexample_open"":false,""adjudicated"":false,""evaluated"":false,""fit_note"":"""",""reasons"":[""一般断层兜底（码义无法标定）""]}",unassessed
176,F113,01,01,断层泛称,实测,未评,109,运动性质不明,0.0,0,一般断层兜底（码义无法标定：名无语义+无辅助点语义）,兜底（一般断层）,0.3,,,,断层泛称,0.18,"{""S"":0.3,""I"":0.6,""F"":1.0,""C"":0.18,""band"":""unassessed"",""source_tier"":""code_read"",""independence"":""single"",""counterexample_open"":false,""adjudicated"":false,""evaluated"":false,""fit_note"":"""",""reasons"":[""一般断层兜底（码义无法标定）""]}",unassessed
177,F094,03,03,正断层,实测,未评,102,张性,50.0,0,dip=50°；aux=正断层产状点；aux 组数×1；GZELD=102(张性) 与 正断层 一致,verified,0.9,,,正断层产状点,正断层,0.75,"{""S"":0.75,""I"":1.0,""F"":1.0,""C"":0.75,""band"":""consistent"",""source_tier"":""multi"",""independence"":""multi_root"",""counterexample_open"":false,""adjudicated"":false,""evaluated"":true,""fit_note"":"""",""reasons"":[""checks=4"",""根类=2""]}",consistent
178,F131,01,01,断层泛称,实测,未评,109,运动性质不明,0.0,0,aux 组数×1；一般断层兜底（码义无法标定：名无语义+无辅助点语义）,兜底（一般断层）,0.3,,,正断层产状点,断层泛称,0.18,"{""S"":0.3,""I"":0.6,""F"":1.0,""C"":0.18,""band"":""unassessed"",""source_tier"":""code_read"",""independence"":""single"",""counterexample_open"":false,""adjudicated"":false,""evaluated"":false,""fit_note"":"""",""reasons"":[""一般断层兜底（码义无法标定）""]}",unassessed
179,F220,01,01,断层泛称,实测,未评,109,运动性质不明,0.0,0,一般断层兜底（码义无法标定：名无语义+无辅助点语义）,兜底（一般断层）,0.3,,,,断层泛称,0.18,"{""S"":0.3,""I"":0.6,""F"":1.0,""C"":0.18,""band"":""unassessed"",""source_tier"":""code_read"",""independence"":""single"",""counterexample_open"":false,""adjudicated"":false,""evaluated"":false,""fit_note"":"""",""reasons"":[""一般断层兜底（码义无法标定）""]}",unassessed
180,F210,01,01,断层泛称,实测,未评,109,运动性质不明,0.0,0,一般断层兜底（码义无法标定：名无语义+无辅助点语义）,兜底（一般断层）,0.3,,,,断层泛称,0.18,"{""S"":0.3,""I"":0.6,""F"":1.0,""C"":0.18,""band"":""unassessed"",""source_tier"":""code_read"",""independence"":""single"",""counterexample_open"":false,""adjudicated"":false,""evaluated"":false,""fit_note"":"""",""reasons"":[""一般断层兜底（码义无法标定）""]}",unassessed
181,F026,37,37,活动断层,实测,未评,109,运动性质不明,0.0,0,实体 Q-地层边界重合×6段；码义逻辑判断继承（活动断层，mle_semantic 全段继承）,consistent,0.6,,,,断层泛称,0.6,"{""S"":0.75,""I"":0.8,""F"":1.0,""C"":0.6,""band"":""consistent"",""source_tier"":""multi"",""independence"":""intra_class"",""counterexample_open"":false,""adjudicated"":false,""evaluated"":true,""fit_note"":"""",""reasons"":[""checks=2"",""根类=1""]}",consistent
182,F132,05,05,逆断层,实测,未评,101,压性,0.0,0,aux=逆断层产状点；aux 组数×1；GZELD=101(压性) 与 逆断层 一致,verified,0.9,,,逆断层产状点,逆断层,0.6,"{""S"":0.75,""I"":0.8,""F"":1.0,""C"":0.6,""band"":""consistent"",""source_tier"":""multi"",""independence"":""intra_class"",""counterexample_open"":false,""adjudicated"":false,""evaluated"":true,""fit_note"":"""",""reasons"":[""checks=3"",""根类=1""]}",consistent
183,F161,03,03,正断层,实测,未评,102,张性,0.0,0,；GZELD=102(张性) 与 正断层 一致,consistent,0.75,,,,正断层,0.44,"{""S"":0.55,""I"":0.8,""F"":1.0,""C"":0.44,""band"":""suspect"",""source_tier"":""single"",""independence"":""intra_class"",""counterexample_open"":false,""adjudicated"":false,""evaluated"":true,""fit_note"":"""",""reasons"":[""checks=1"",""根类=1""]}",suspect
184,F193,01,01,断层泛称,实测,未评,109,运动性质不明,65.0,0,一般断层兜底（码义无法标定：名无语义+无辅助点语义）,兜底（一般断层）,0.3,,,,断层泛称,0.18,"{""S"":0.3,""I"":0.6,""F"":1.0,""C"":0.18,""band"":""unassessed"",""source_tier"":""code_read"",""independence"":""single"",""counterexample_open"":false,""adjudicated"":false,""evaluated"":false,""fit_note"":"""",""reasons"":[""一般断层兜底（码义无法标定）""]}",unassessed
185,F111,01,01,断层泛称,实测,未评,109,运动性质不明,0.0,0,一般断层兜底（码义无法标定：名无语义+无辅助点语义）,兜底（一般断层）,0.3,,,,断层泛称,0.18,"{""S"":0.3,""I"":0.6,""F"":1.0,""C"":0.18,""band"":""unassessed"",""source_tier"":""code_read"",""independence"":""single"",""counterexample_open"":false,""adjudicated"":false,""evaluated"":false,""fit_note"":"""",""reasons"":[""一般断层兜底（码义无法标定）""]}",unassessed
186,F011,05,05,逆断层,实测,未评,101,压性,40.0,0,dip=40°；aux=逆断层产状点；aux 组数×1；GZELD=101(压性) 与 逆断层 一致,verified,0.9,,,逆断层产状点,逆断层,0.75,"{""S"":0.75,""I"":1.0,""F"":1.0,""C"":0.75,""band"":""consistent"",""source_tier"":""multi"",""independence"":""multi_root"",""counterexample_open"":false,""adjudicated"":false,""evaluated"":true,""fit_note"":"""",""reasons"":[""checks=4"",""根类=2""]}",consistent
187,F017,05,05,逆断层,实测,未评,101,压性,60.0,0,dip=60°；aux=逆断层产状点；aux 组数×2；GZELD=101(压性) 与 逆断层 一致,verified,0.9,,,逆断层产状点,逆断层,0.75,"{""S"":0.75,""I"":1.0,""F"":1.0,""C"":0.75,""band"":""consistent"",""source_tier"":""multi"",""independence"":""multi_root"",""counterexample_open"":false,""adjudicated"":false,""evaluated"":true,""fit_note"":"""",""reasons"":[""checks=4"",""根类=2""]}",consistent
188,F004,01,01,断层泛称,实测,未评,101,压性,0.0,0,一般断层兜底（码义无法标定：名无语义+无辅助点语义）,兜底（一般断层）,0.3,F61（空贝利－木扎令断裂）,,,断层泛称,0.18,"{""S"":0.3,""I"":0.6,""F"":1.0,""C"":0.18,""band"":""unassessed"",""source_tier"":""code_read"",""independence"":""single"",""counterexample_open"":false,""adjudicated"":false,""evaluated"":false,""fit_note"":"""",""reasons"":[""一般断层兜底（码义无法标定）""]}",unassessed
189,F163,01,01,断层泛称,实测,未评,109,运动性质不明,0.0,0,一般断层兜底（码义无法标定：名无语义+无辅助点语义）,兜底（一般断层）,0.3,,,,断层泛称,0.18,"{""S"":0.3,""I"":0.6,""F"":1.0,""C"":0.18,""band"":""unassessed"",""source_tier"":""code_read"",""independence"":""single"",""counterexample_open"":false,""adjudicated"":false,""evaluated"":false,""fit_note"":"""",""reasons"":[""一般断层兜底（码义无法标定）""]}",unassessed
190,F112,37,37,活动断层,推测,活动,109,运动性质不明,0.0,55,；Q-地层边界重合 2201m；实体 Q-地层边界重合×2段；活动性佐证（Q-地层边界重合 2201m/100%段长，多段接触界线强证据）,标定（活动先验）,0.6,,,,活动断层,0.6,"{""S"":0.75,""I"":0.8,""F"":1.0,""C"":0.6,""band"":""consistent"",""source_tier"":""multi"",""independence"":""intra_class"",""counterexample_open"":false,""adjudicated"":false,""evaluated"":true,""fit_note"":"""",""reasons"":[""checks=3"",""根类=1""]}",consistent
191,F206,03,03,正断层,实测,未评,102,张性,65.0,0,dip=65°；aux=正断层产状点；aux 组数×1；GZELD=102(张性) 与 正断层 一致,verified,0.9,,,正断层产状点,正断层,0.75,"{""S"":0.75,""I"":1.0,""F"":1.0,""C"":0.75,""band"":""consistent"",""source_tier"":""multi"",""independence"":""multi_root"",""counterexample_open"":false,""adjudicated"":false,""evaluated"":true,""fit_note"":"""",""reasons"":[""checks=4"",""根类=2""]}",consistent
192,F014,03,03,正断层,实测,未评,102,张性,60.0,0,dip=60°；aux=正断层产状点；aux 组数×2；GZELD=102(张性) 与 正断层 一致,verified,0.9,,,正断层产状点,正断层,0.75,"{""S"":0.75,""I"":1.0,""F"":1.0,""C"":0.75,""band"":""consistent"",""source_tier"":""multi"",""independence"":""multi_root"",""counterexample_open"":false,""adjudicated"":false,""evaluated"":true,""fit_note"":"""",""reasons"":[""checks=4"",""根类=2""]}",consistent
193,F018,05,05,逆断层,实测,未评,101,压性,60.0,0,dip=60°；aux=逆断层产状点；aux 组数×1；GZELD=101(压性) 与 逆断层 一致,verified,0.9,,,逆断层产状点,逆断层,0.75,"{""S"":0.75,""I"":1.0,""F"":1.0,""C"":0.75,""band"":""consistent"",""source_tier"":""multi"",""independence"":""multi_root"",""counterexample_open"":false,""adjudicated"":false,""evaluated"":true,""fit_note"":"""",""reasons"":[""checks=4"",""根类=2""]}",consistent
194,F110,01,01,断层泛称,实测,未评,109,运动性质不明,0.0,0,一般断层兜底（码义无法标定：名无语义+无辅助点语义）,兜底（一般断层）,0.3,,,,断层泛称,0.18,"{""S"":0.3,""I"":0.6,""F"":1.0,""C"":0.18,""band"":""unassessed"",""source_tier"":""code_read"",""independence"":""single"",""counterexample_open"":false,""adjudicated"":false,""evaluated"":false,""fit_note"":"""",""reasons"":[""一般断层兜底（码义无法标定）""]}",unassessed
195,F112,37,37,活动断层,部分覆盖,活动,109,运动性质不明,0.0,40,；Q-地层边界重合 3364m；实体 Q-地层边界重合×2段；活动性佐证（Q-地层边界重合 3364m/100%段长，多段接触界线强证据）,标定（活动先验）,0.6,,,,活动断层,0.6,"{""S"":0.75,""I"":0.8,""F"":1.0,""C"":0.6,""band"":""consistent"",""source_tier"":""multi"",""independence"":""intra_class"",""counterexample_open"":false,""adjudicated"":false,""evaluated"":true,""fit_note"":"""",""reasons"":[""checks=3"",""根类=1""]}",consistent
196,F023,05,05,逆断层,实测,未评,101,压性,45.0,0,dip=45°；aux=逆断层产状点；aux 组数×1；GZELD=101(压性) 与 逆断层 一致,verified,0.9,,,逆断层产状点,逆断层,0.75,"{""S"":0.75,""I"":1.0,""F"":1.0,""C"":0.75,""band"":""consistent"",""source_tier"":""multi"",""independence"":""multi_root"",""counterexample_open"":false,""adjudicated"":false,""evaluated"":true,""fit_note"":"""",""reasons"":[""checks=4"",""根类=2""]}",consistent
197,F012,35,35,推覆体边界,实测,未评,101,压性,25.0,0,dip=25°；老盖新（倾向盘 602 老于下盘 1001）；GZELD=101(压性) 与 推覆体边界 一致,verified,0.9,,,,推覆体边界,0.75,"{""S"":0.75,""I"":1.0,""F"":1.0,""C"":0.75,""band"":""consistent"",""source_tier"":""multi"",""independence"":""multi_root"",""counterexample_open"":false,""adjudicated"":false,""evaluated"":true,""fit_note"":"""",""reasons"":[""checks=3"",""根类=3""]}",consistent
198,F083,35,35,推覆体边界,实测,未评,101,压性,30.0,0,dip=30°；地层重复(→E↓1→a，推覆重复)；GZELD=101(压性) 与 推覆体边界 一致,verified,0.9,,,,推覆体边界,0.75,"{""S"":0.75,""I"":1.0,""F"":1.0,""C"":0.75,""band"":""consistent"",""source_tier"":""multi"",""independence"":""multi_root"",""counterexample_open"":false,""adjudicated"":false,""evaluated"":true,""fit_note"":"""",""reasons"":[""checks=3"",""根类=3""]}",consistent
199,F211,01,01,断层泛称,实测,未评,109,运动性质不明,0.0,0,一般断层兜底（码义无法标定：名无语义+无辅助点语义）,兜底（一般断层）,0.3,,,,断层泛称,0.18,"{""S"":0.3,""I"":0.6,""F"":1.0,""C"":0.18,""band"":""unassessed"",""source_tier"":""code_read"",""independence"":""single"",""counterexample_open"":false,""adjudicated"":false,""evaluated"":false,""fit_note"":"""",""reasons"":[""一般断层兜底（码义无法标定）""]}",unassessed
200,F208,37,37,活动断层,部分覆盖,活动,109,运动性质不明,0.0,42,；Q-地层边界重合 1355m；活动性佐证（Q-地层边界重合 1355m/100%段长，单段强型）,标定（活动先验）,0.6,,,,活动断层,0.6,"{""S"":0.75,""I"":0.8,""F"":1.0,""C"":0.6,""band"":""consistent"",""source_tier"":""multi"",""independence"":""intra_class"",""counterexample_open"":false,""adjudicated"":false,""evaluated"":true,""fit_note"":"""",""reasons"":[""checks=2"",""根类=1""]}",consistent
201,F041,03,03,正断层,实测,未评,102,张性,80.0,0,dip=80°；aux=正断层产状点；aux 组数×1；GZELD=102(张性) 与 正断层 一致,verified,0.9,,,正断层产状点,正断层,0.75,"{""S"":0.75,""I"":1.0,""F"":1.0,""C"":0.75,""band"":""consistent"",""source_tier"":""multi"",""independence"":""multi_root"",""counterexample_open"":false,""adjudicated"":false,""evaluated"":true,""fit_note"":"""",""reasons"":[""checks=4"",""根类=2""]}",consistent
202,F169,03,03,正断层,实测,未评,102,张性,70.0,0,dip=70°；aux=正断层产状点；aux 组数×1；GZELD=102(张性) 与 正断层 一致,verified,0.9,,,正断层产状点,正断层,0.75,"{""S"":0.75,""I"":1.0,""F"":1.0,""C"":0.75,""band"":""consistent"",""source_tier"":""multi"",""independence"":""multi_root"",""counterexample_open"":false,""adjudicated"":false,""evaluated"":true,""fit_note"":"""",""reasons"":[""checks=4"",""根类=2""]}",consistent
203,F172,37,37,活动断层,部分覆盖,活动,109,运动性质不明,0.0,29,；Q-地层边界重合 2569m；活动性佐证（Q-地层边界重合 2569m/100%段长，单段强型）,标定（活动先验）,0.6,,,,活动断层,0.6,"{""S"":0.75,""I"":0.8,""F"":1.0,""C"":0.6,""band"":""consistent"",""source_tier"":""multi"",""independence"":""intra_class"",""counterexample_open"":false,""adjudicated"":false,""evaluated"":true,""fit_note"":"""",""reasons"":[""checks=2"",""根类=1""]}",consistent
204,F084,01,01,断层泛称,实测,未评,109,运动性质不明,0.0,0,一般断层兜底（码义无法标定：名无语义+无辅助点语义）,兜底（一般断层）,0.3,,,,断层泛称,0.18,"{""S"":0.3,""I"":0.6,""F"":1.0,""C"":0.18,""band"":""unassessed"",""source_tier"":""code_read"",""independence"":""single"",""counterexample_open"":false,""adjudicated"":false,""evaluated"":false,""fit_note"":"""",""reasons"":[""一般断层兜底（码义无法标定）""]}",unassessed
205,F054,05,05,逆断层,实测,未评,101,压性,80.0,0,dip=80°；aux=逆断层产状点；aux 组数×1；GZELD=101(压性) 与 逆断层 一致,verified,0.9,,,逆断层产状点,逆断层,0.75,"{""S"":0.75,""I"":1.0,""F"":1.0,""C"":0.75,""band"":""consistent"",""source_tier"":""multi"",""independence"":""multi_root"",""counterexample_open"":false,""adjudicated"":false,""evaluated"":true,""fit_note"":"""",""reasons"":[""checks=4"",""根类=2""]}",consistent
206,F045,05,05,逆断层,实测,未评,101,压性,80.0,0,dip=80°；aux=逆断层产状点；aux 组数×1；GZELD=101(压性) 与 逆断层 一致,verified,0.9,,,逆断层产状点,逆断层,0.75,"{""S"":0.75,""I"":1.0,""F"":1.0,""C"":0.75,""band"":""consistent"",""source_tier"":""multi"",""independence"":""multi_root"",""counterexample_open"":false,""adjudicated"":false,""evaluated"":true,""fit_note"":"""",""reasons"":[""checks=4"",""根类=2""]}",consistent
207,F124,01,01,断层泛称,实测,未评,109,运动性质不明,0.0,0,一般断层兜底（码义无法标定：名无语义+无辅助点语义）,兜底（一般断层）,0.3,,,,断层泛称,0.18,"{""S"":0.3,""I"":0.6,""F"":1.0,""C"":0.18,""band"":""unassessed"",""source_tier"":""code_read"",""independence"":""single"",""counterexample_open"":false,""adjudicated"":false,""evaluated"":false,""fit_note"":"""",""reasons"":[""一般断层兜底（码义无法标定）""]}",unassessed
208,F155,37,37,活动断层,部分覆盖,活动,109,运动性质不明,0.0,47,；Q-地层边界重合 3402m；活动性佐证（Q-地层边界重合 3402m/100%段长，单段强型）,标定（活动先验）,0.6,,,,活动断层,0.6,"{""S"":0.75,""I"":0.8,""F"":1.0,""C"":0.6,""band"":""consistent"",""source_tier"":""multi"",""independence"":""intra_class"",""counterexample_open"":false,""adjudicated"":false,""evaluated"":true,""fit_note"":"""",""reasons"":[""checks=2"",""根类=1""]}",consistent
209,F116,03,03,正断层,实测,未评,102,张性,76.0,0,dip=76°；aux=正断层产状点；aux 组数×1；GZELD=102(张性) 与 正断层 一致,verified,0.9,,,正断层产状点,正断层,0.75,"{""S"":0.75,""I"":1.0,""F"":1.0,""C"":0.75,""band"":""consistent"",""source_tier"":""multi"",""independence"":""multi_root"",""counterexample_open"":false,""adjudicated"":false,""evaluated"":true,""fit_note"":"""",""reasons"":[""checks=4"",""根类=2""]}",consistent
210,F057,03,03,正断层,实测,未评,102,张性,55.0,0,dip=55°；aux=正断层产状点；aux 组数×1；GZELD=102(张性) 与 正断层 一致,verified,0.9,,,正断层产状点,正断层,0.75,"{""S"":0.75,""I"":1.0,""F"":1.0,""C"":0.75,""band"":""consistent"",""source_tier"":""multi"",""independence"":""multi_root"",""counterexample_open"":false,""adjudicated"":false,""evaluated"":true,""fit_note"":"""",""reasons"":[""checks=4"",""根类=2""]}",consistent
211,F006,01,01,断层泛称,实测,未评,109,运动性质不明,0.0,1,一般断层兜底（码义无法标定：名无语义+无辅助点语义）,兜底（一般断层）,0.3,,,,断层泛称,0.18,"{""S"":0.3,""I"":0.6,""F"":1.0,""C"":0.18,""band"":""unassessed"",""source_tier"":""code_read"",""independence"":""single"",""counterexample_open"":false,""adjudicated"":false,""evaluated"":false,""fit_note"":"""",""reasons"":[""一般断层兜底（码义无法标定）""]}",unassessed
212,F117,05,05,逆断层,实测,未评,101,压性,0.0,0,；GZELD=101(压性) 与 逆断层 一致,consistent,0.75,,,,逆断层,0.44,"{""S"":0.55,""I"":0.8,""F"":1.0,""C"":0.44,""band"":""suspect"",""source_tier"":""single"",""independence"":""intra_class"",""counterexample_open"":false,""adjudicated"":false,""evaluated"":true,""fit_note"":"""",""reasons"":[""checks=1"",""根类=1""]}",suspect
213,F138,05,05,逆断层,实测,未评,101,压性,70.0,0,dip=70°；aux=逆断层产状点；aux 组数×1；GZELD=101(压性) 与 逆断层 一致,verified,0.9,,,逆断层产状点,逆断层,0.75,"{""S"":0.75,""I"":1.0,""F"":1.0,""C"":0.75,""band"":""consistent"",""source_tier"":""multi"",""independence"":""multi_root"",""counterexample_open"":false,""adjudicated"":false,""evaluated"":true,""fit_note"":"""",""reasons"":[""checks=4"",""根类=2""]}",consistent
214,F099,05,05,逆断层,实测,未评,101,压性,65.0,0,dip=65°；aux=逆断层产状点；aux 组数×1；GZELD=101(压性) 与 逆断层 一致,verified,0.9,,,逆断层产状点,逆断层,0.75,"{""S"":0.75,""I"":1.0,""F"":1.0,""C"":0.75,""band"":""consistent"",""source_tier"":""multi"",""independence"":""multi_root"",""counterexample_open"":false,""adjudicated"":false,""evaluated"":true,""fit_note"":"""",""reasons"":[""checks=4"",""根类=2""]}",consistent
215,F160,37,37,活动断层,部分覆盖,活动,109,运动性质不明,0.0,19,；Q-地层边界重合 3215m；活动性佐证（Q-地层边界重合 3215m/100%段长，单段强型）,标定（活动先验）,0.6,,,,活动断层,0.6,"{""S"":0.75,""I"":0.8,""F"":1.0,""C"":0.6,""band"":""consistent"",""source_tier"":""multi"",""independence"":""intra_class"",""counterexample_open"":false,""adjudicated"":false,""evaluated"":true,""fit_note"":"""",""reasons"":[""checks=2"",""根类=1""]}",consistent
216,F047,05,05,逆断层,实测,未评,101,压性,70.0,0,dip=70°；aux=逆断层产状点；aux 组数×2；GZELD=101(压性) 与 逆断层 一致,verified,0.9,,,逆断层产状点,逆断层,0.75,"{""S"":0.75,""I"":1.0,""F"":1.0,""C"":0.75,""band"":""consistent"",""source_tier"":""multi"",""independence"":""multi_root"",""counterexample_open"":false,""adjudicated"":false,""evaluated"":true,""fit_note"":"""",""reasons"":[""checks=4"",""根类=2""]}",consistent
217,F152,01,01,断层泛称,实测,未评,109,运动性质不明,0.0,0,一般断层兜底（码义无法标定：名无语义+无辅助点语义）,兜底（一般断层）,0.3,,,,断层泛称,0.18,"{""S"":0.3,""I"":0.6,""F"":1.0,""C"":0.18,""band"":""unassessed"",""source_tier"":""code_read"",""independence"":""single"",""counterexample_open"":false,""adjudicated"":false,""evaluated"":false,""fit_note"":"""",""reasons"":[""一般断层兜底（码义无法标定）""]}",unassessed
218,F156,01,01,断层泛称,实测,未评,109,运动性质不明,0.0,0,一般断层兜底（码义无法标定：名无语义+无辅助点语义）,兜底（一般断层）,0.3,,,,断层泛称,0.18,"{""S"":0.3,""I"":0.6,""F"":1.0,""C"":0.18,""band"":""unassessed"",""source_tier"":""code_read"",""independence"":""single"",""counterexample_open"":false,""adjudicated"":false,""evaluated"":false,""fit_note"":"""",""reasons"":[""一般断层兜底（码义无法标定）""]}",unassessed
219,F013,05,05,逆断层,实测,未评,101,压性,40.0,0,dip=40°；aux=逆断层产状点；aux 组数×2；GZELD=101(压性) 与 逆断层 一致,verified,0.9,,,逆断层产状点,逆断层,0.75,"{""S"":0.75,""I"":1.0,""F"":1.0,""C"":0.75,""band"":""consistent"",""source_tier"":""multi"",""independence"":""multi_root"",""counterexample_open"":false,""adjudicated"":false,""evaluated"":true,""fit_note"":"""",""reasons"":[""checks=4"",""根类=2""]}",consistent
220,F188,01,01,断层泛称,实测,未评,109,运动性质不明,0.0,0,一般断层兜底（码义无法标定：名无语义+无辅助点语义）,兜底（一般断层）,0.3,,,,断层泛称,0.18,"{""S"":0.3,""I"":0.6,""F"":1.0,""C"":0.18,""band"":""unassessed"",""source_tier"":""code_read"",""independence"":""single"",""counterexample_open"":false,""adjudicated"":false,""evaluated"":false,""fit_note"":"""",""reasons"":[""一般断层兜底（码义无法标定）""]}",unassessed
221,F104,01,01,断层泛称,实测,未评,109,运动性质不明,0.0,0,一般断层兜底（码义无法标定：名无语义+无辅助点语义）,兜底（一般断层）,0.3,,,,断层泛称,0.18,"{""S"":0.3,""I"":0.6,""F"":1.0,""C"":0.18,""band"":""unassessed"",""source_tier"":""code_read"",""independence"":""single"",""counterexample_open"":false,""adjudicated"":false,""evaluated"":false,""fit_note"":"""",""reasons"":[""一般断层兜底（码义无法标定）""]}",unassessed
222,F092,01,01,断层泛称,实测,未评,109,运动性质不明,0.0,0,一般断层兜底（码义无法标定：名无语义+无辅助点语义）,兜底（一般断层）,0.3,,,,断层泛称,0.18,"{""S"":0.3,""I"":0.6,""F"":1.0,""C"":0.18,""band"":""unassessed"",""source_tier"":""code_read"",""independence"":""single"",""counterexample_open"":false,""adjudicated"":false,""evaluated"":false,""fit_note"":"""",""reasons"":[""一般断层兜底（码义无法标定）""]}",unassessed
223,F098,02,02,推测断层,推测,未评,109,运动性质不明,0.0,0,,consistent,0.6,,,,推测断层,0.18,"{""S"":0.3,""I"":0.6,""F"":1.0,""C"":0.18,""band"":""unassessed"",""source_tier"":""code_read"",""independence"":""single"",""counterexample_open"":false,""adjudicated"":false,""evaluated"":false,""fit_note"":"""",""reasons"":[""0 checks（无假设可评）""]}",unassessed
224,F123,03,03,正断层,实测,未评,102,张性,70.0,0,dip=70°；aux=正断层产状点；aux 组数×1；GZELD=102(张性) 与 正断层 一致,verified,0.9,,,正断层产状点,正断层,0.75,"{""S"":0.75,""I"":1.0,""F"":1.0,""C"":0.75,""band"":""consistent"",""source_tier"":""multi"",""independence"":""multi_root"",""counterexample_open"":false,""adjudicated"":false,""evaluated"":true,""fit_note"":"""",""reasons"":[""checks=4"",""根类=2""]}",consistent
225,F109,05,05,逆断层,实测,未评,101,压性,0.0,0,；GZELD=101(压性) 与 逆断层 一致,consistent,0.75,,,,逆断层,0.44,"{""S"":0.55,""I"":0.8,""F"":1.0,""C"":0.44,""band"":""suspect"",""source_tier"":""single"",""independence"":""intra_class"",""counterexample_open"":false,""adjudicated"":false,""evaluated"":true,""fit_note"":"""",""reasons"":[""checks=1"",""根类=1""]}",suspect
226,F048,37,37,活动断层,部分覆盖,活动,109,运动性质不明,0.0,22,；Q-地层边界重合 1266m；实体 Q-地层边界重合×3段；活动性佐证（Q-地层边界重合 1266m/100%段长，多段接触界线强证据）,标定（活动先验）,0.6,,,,活动断层,0.6,"{""S"":0.75,""I"":0.8,""F"":1.0,""C"":0.6,""band"":""consistent"",""source_tier"":""multi"",""independence"":""intra_class"",""counterexample_open"":false,""adjudicated"":false,""evaluated"":true,""fit_note"":"""",""reasons"":[""checks=3"",""根类=1""]}",consistent
227,F048,37,37,活动断层,推测,活动,109,运动性质不明,0.0,63,；Q-地层边界重合 2563m；实体 Q-地层边界重合×3段；活动性佐证（Q-地层边界重合 2563m/100%段长，多段接触界线强证据）,标定（活动先验）,0.6,,,,活动断层,0.6,"{""S"":0.75,""I"":0.8,""F"":1.0,""C"":0.6,""band"":""consistent"",""source_tier"":""multi"",""independence"":""intra_class"",""counterexample_open"":false,""adjudicated"":false,""evaluated"":true,""fit_note"":"""",""reasons"":[""checks=3"",""根类=1""]}",consistent
228,F037,01,01,断层泛称,实测,未评,109,运动性质不明,70.0,0,一般断层兜底（码义无法标定：名无语义+无辅助点语义）,兜底（一般断层）,0.3,,,,断层泛称,0.18,"{""S"":0.3,""I"":0.6,""F"":1.0,""C"":0.18,""band"":""unassessed"",""source_tier"":""code_read"",""independence"":""single"",""counterexample_open"":false,""adjudicated"":false,""evaluated"":false,""fit_note"":"""",""reasons"":[""一般断层兜底（码义无法标定）""]}",unassessed
229,F048,37,37,活动断层,部分覆盖,活动,109,运动性质不明,0.0,35,；Q-地层边界重合 8162m；实体 Q-地层边界重合×3段；活动性佐证（Q-地层边界重合 8162m/100%段长，多段接触界线强证据）,标定（活动先验）,0.6,,,,活动断层,0.6,"{""S"":0.75,""I"":0.8,""F"":1.0,""C"":0.6,""band"":""consistent"",""source_tier"":""multi"",""independence"":""intra_class"",""counterexample_open"":false,""adjudicated"":false,""evaluated"":true,""fit_note"":"""",""reasons"":[""checks=3"",""根类=1""]}",consistent
230,F019,01,01,断层泛称,实测,未评,109,运动性质不明,45.0,0,一般断层兜底（码义无法标定：名无语义+无辅助点语义）,兜底（一般断层）,0.3,,,,断层泛称,0.18,"{""S"":0.3,""I"":0.6,""F"":1.0,""C"":0.18,""band"":""unassessed"",""source_tier"":""code_read"",""independence"":""single"",""counterexample_open"":false,""adjudicated"":false,""evaluated"":false,""fit_note"":"""",""reasons"":[""一般断层兜底（码义无法标定）""]}",unassessed
231,F134,01,01,断层泛称,实测,未评,109,运动性质不明,0.0,0,一般断层兜底（码义无法标定：名无语义+无辅助点语义）,兜底（一般断层）,0.3,,,,断层泛称,0.18,"{""S"":0.3,""I"":0.6,""F"":1.0,""C"":0.18,""band"":""unassessed"",""source_tier"":""code_read"",""independence"":""single"",""counterexample_open"":false,""adjudicated"":false,""evaluated"":false,""fit_note"":"""",""reasons"":[""一般断层兜底（码义无法标定）""]}",unassessed
232,F141,05,05,逆断层,实测,未评,101,压性,80.0,0,dip=80°；GZELD=101(压性) 与 逆断层 一致,verified,0.9,,,,逆断层,0.75,"{""S"":0.75,""I"":1.0,""F"":1.0,""C"":0.75,""band"":""consistent"",""source_tier"":""multi"",""independence"":""multi_root"",""counterexample_open"":false,""adjudicated"":false,""evaluated"":true,""fit_note"":"""",""reasons"":[""checks=2"",""根类=2""]}",consistent
233,F066,05,05,逆断层,实测,未评,101,压性,80.0,0,dip=80°；aux=逆断层产状点；aux 组数×1；GZELD=101(压性) 与 逆断层 一致,verified,0.9,,,逆断层产状点,逆断层,0.75,"{""S"":0.75,""I"":1.0,""F"":1.0,""C"":0.75,""band"":""consistent"",""source_tier"":""multi"",""independence"":""multi_root"",""counterexample_open"":false,""adjudicated"":false,""evaluated"":true,""fit_note"":"""",""reasons"":[""checks=4"",""根类=2""]}",consistent
234,F130,03,03,正断层,实测,未评,102,张性,85.0,0,dip=85°；aux=正断层产状点；aux 组数×1；GZELD=102(张性) 与 正断层 一致,verified,0.9,,,正断层产状点,正断层,0.75,"{""S"":0.75,""I"":1.0,""F"":1.0,""C"":0.75,""band"":""consistent"",""source_tier"":""multi"",""independence"":""multi_root"",""counterexample_open"":false,""adjudicated"":false,""evaluated"":true,""fit_note"":"""",""reasons"":[""checks=4"",""根类=2""]}",consistent
235,F042,03,03,正断层,实测,未评,102,张性,79.0,0,dip=79°；aux=正断层产状点；aux 组数×2；GZELD=102(张性) 与 正断层 一致,verified,0.9,,,正断层产状点,正断层,0.75,"{""S"":0.75,""I"":1.0,""F"":1.0,""C"":0.75,""band"":""consistent"",""source_tier"":""multi"",""independence"":""multi_root"",""counterexample_open"":false,""adjudicated"":false,""evaluated"":true,""fit_note"":"""",""reasons"":[""checks=4"",""根类=2""]}",consistent
236,F088,03,03,正断层,实测,未评,102,张性,79.0,0,dip=79°；aux=正断层产状点；aux 组数×1；GZELD=102(张性) 与 正断层 一致,verified,0.9,,,正断层产状点,正断层,0.75,"{""S"":0.75,""I"":1.0,""F"":1.0,""C"":0.75,""band"":""consistent"",""source_tier"":""multi"",""independence"":""multi_root"",""counterexample_open"":false,""adjudicated"":false,""evaluated"":true,""fit_note"":"""",""reasons"":[""checks=4"",""根类=2""]}",consistent
237,F068,01,01,断层泛称,实测,未评,109,运动性质不明,0.0,0,一般断层兜底（码义无法标定：名无语义+无辅助点语义）,兜底（一般断层）,0.3,,,,断层泛称,0.18,"{""S"":0.3,""I"":0.6,""F"":1.0,""C"":0.18,""band"":""unassessed"",""source_tier"":""code_read"",""independence"":""single"",""counterexample_open"":false,""adjudicated"":false,""evaluated"":false,""fit_note"":"""",""reasons"":[""一般断层兜底（码义无法标定）""]}",unassessed
238,F004,01,01,断层泛称,实测,未评,101,压性,0.0,0,一般断层兜底（码义无法标定：名无语义+无辅助点语义）,兜底（一般断层）,0.3,F61（空贝利－木扎令断裂）,,,断层泛称,0.18,"{""S"":0.3,""I"":0.6,""F"":1.0,""C"":0.18,""band"":""unassessed"",""source_tier"":""code_read"",""independence"":""single"",""counterexample_open"":false,""adjudicated"":false,""evaluated"":false,""fit_note"":"""",""reasons"":[""一般断层兜底（码义无法标定）""]}",unassessed
239,F181,01,01,断层泛称,实测,未评,109,运动性质不明,0.0,0,一般断层兜底（码义无法标定：名无语义+无辅助点语义）,兜底（一般断层）,0.3,,,,断层泛称,0.18,"{""S"":0.3,""I"":0.6,""F"":1.0,""C"":0.18,""band"":""unassessed"",""source_tier"":""code_read"",""independence"":""single"",""counterexample_open"":false,""adjudicated"":false,""evaluated"":false,""fit_note"":"""",""reasons"":[""一般断层兜底（码义无法标定）""]}",unassessed
240,F183,05,05,逆断层,实测,未评,101,压性,82.0,0,dip=82°；aux=逆断层产状点；aux 组数×1；GZELD=101(压性) 与 逆断层 一致,verified,0.9,,,逆断层产状点,逆断层,0.75,"{""S"":0.75,""I"":1.0,""F"":1.0,""C"":0.75,""band"":""consistent"",""source_tier"":""multi"",""independence"":""multi_root"",""counterexample_open"":false,""adjudicated"":false,""evaluated"":true,""fit_note"":"""",""reasons"":[""checks=4"",""根类=2""]}",consistent
241,F102,01,01,断层泛称,实测,未评,109,运动性质不明,0.0,0,一般断层兜底（码义无法标定：名无语义+无辅助点语义）,兜底（一般断层）,0.3,,,,断层泛称,0.18,"{""S"":0.3,""I"":0.6,""F"":1.0,""C"":0.18,""band"":""unassessed"",""source_tier"":""code_read"",""independence"":""single"",""counterexample_open"":false,""adjudicated"":false,""evaluated"":false,""fit_note"":"""",""reasons"":[""一般断层兜底（码义无法标定）""]}",unassessed
242,F128,01,01,断层泛称,实测,未评,109,运动性质不明,46.0,0,一般断层兜底（码义无法标定：名无语义+无辅助点语义）,兜底（一般断层）,0.3,,,,断层泛称,0.18,"{""S"":0.3,""I"":0.6,""F"":1.0,""C"":0.18,""band"":""unassessed"",""source_tier"":""code_read"",""independence"":""single"",""counterexample_open"":false,""adjudicated"":false,""evaluated"":false,""fit_note"":"""",""reasons"":[""一般断层兜底（码义无法标定）""]}",unassessed
243,F053,05,05,逆断层,实测,未评,101,压性,0.0,0,aux=逆断层产状点；aux 组数×1；GZELD=101(压性) 与 逆断层 一致,verified,0.9,,,逆断层产状点,逆断层,0.6,"{""S"":0.75,""I"":0.8,""F"":1.0,""C"":0.6,""band"":""consistent"",""source_tier"":""multi"",""independence"":""intra_class"",""counterexample_open"":false,""adjudicated"":false,""evaluated"":true,""fit_note"":"""",""reasons"":[""checks=3"",""根类=1""]}",consistent
244,F052,05,05,逆断层,实测,未评,101,压性,45.0,0,dip=45°；GZELD=101(压性) 与 逆断层 一致,verified,0.9,,,,逆断层,0.75,"{""S"":0.75,""I"":1.0,""F"":1.0,""C"":0.75,""band"":""consistent"",""source_tier"":""multi"",""independence"":""multi_root"",""counterexample_open"":false,""adjudicated"":false,""evaluated"":true,""fit_note"":"""",""reasons"":[""checks=2"",""根类=2""]}",consistent
245,F139,01,01,断层泛称,实测,未评,109,运动性质不明,0.0,0,一般断层兜底（码义无法标定：名无语义+无辅助点语义）,兜底（一般断层）,0.3,,,,断层泛称,0.18,"{""S"":0.3,""I"":0.6,""F"":1.0,""C"":0.18,""band"":""unassessed"",""source_tier"":""code_read"",""independence"":""single"",""counterexample_open"":false,""adjudicated"":false,""evaluated"":false,""fit_note"":"""",""reasons"":[""一般断层兜底（码义无法标定）""]}",unassessed
246,F030,05,05,逆断层,实测,未评,101,压性,18.0,0,dip=18°；aux=逆断层产状点；aux 组数×1；GZELD=101(压性) 与 逆断层 一致,标定（矛盾保留）,0.3,,,逆断层产状点,逆断层,0.45,"{""S"":0.75,""I"":0.6,""F"":1.0,""C"":0.45,""band"":""suspect"",""source_tier"":""multi"",""independence"":""single"",""counterexample_open"":true,""adjudicated"":false,""evaluated"":true,""fit_note"":"""",""reasons"":[""MLE 标定·矛盾保留""]}",suspect
247,F182,03,03,正断层,实测,未评,102,张性,77.0,0,dip=77°；aux=正断层产状点；aux 组数×1；GZELD=102(张性) 与 正断层 一致,verified,0.9,,,正断层产状点,正断层,0.75,"{""S"":0.75,""I"":1.0,""F"":1.0,""C"":0.75,""band"":""consistent"",""source_tier"":""multi"",""independence"":""multi_root"",""counterexample_open"":false,""adjudicated"":false,""evaluated"":true,""fit_note"":"""",""reasons"":[""checks=4"",""根类=2""]}",consistent
248,F162,03,03,正断层,实测,未评,102,张性,82.0,0,dip=82°；aux=正断层产状点；aux 组数×1；GZELD=102(张性) 与 正断层 一致,verified,0.9,,,正断层产状点,正断层,0.75,"{""S"":0.75,""I"":1.0,""F"":1.0,""C"":0.75,""band"":""consistent"",""source_tier"":""multi"",""independence"":""multi_root"",""counterexample_open"":false,""adjudicated"":false,""evaluated"":true,""fit_note"":"""",""reasons"":[""checks=4"",""根类=2""]}",consistent
249,F097,35,35,推覆体边界,实测,未评,101,压性,0.0,0,新老差显著（901|240，倾向未定）；GZELD=101(压性) 与 推覆体边界 一致,verified,0.9,,,,推覆体边界,0.75,"{""S"":0.75,""I"":1.0,""F"":1.0,""C"":0.75,""band"":""consistent"",""source_tier"":""multi"",""independence"":""multi_root"",""counterexample_open"":false,""adjudicated"":false,""evaluated"":true,""fit_note"":"""",""reasons"":[""checks=2"",""根类=2""]}",consistent
250,F154,03,03,正断层,实测,未评,102,张性,80.0,0,dip=80°；aux=正断层产状点；aux 组数×1；GZELD=102(张性) 与 正断层 一致,verified,0.9,,,正断层产状点,正断层,0.75,"{""S"":0.75,""I"":1.0,""F"":1.0,""C"":0.75,""band"":""consistent"",""source_tier"":""multi"",""independence"":""multi_root"",""counterexample_open"":false,""adjudicated"":false,""evaluated"":true,""fit_note"":"""",""reasons"":[""checks=4"",""根类=2""]}",consistent
251,F082,02,02,推测断层,推测,未评,109,运动性质不明,0.0,100,位于第四系松散沉积物内 100%——推测断层强证据,consistent,0.75,,,,推测断层,0.33,"{""S"":0.55,""I"":0.6,""F"":1.0,""C"":0.33,""band"":""suspect"",""source_tier"":""single"",""independence"":""single"",""counterexample_open"":false,""adjudicated"":false,""evaluated"":true,""fit_note"":"""",""reasons"":[""checks=1"",""根类=0""]}",suspect
252,F072,05,05,逆断层,实测,未评,101,压性,65.0,0,dip=65°；GZELD=101(压性) 与 逆断层 一致,verified,0.9,,,,逆断层,0.75,"{""S"":0.75,""I"":1.0,""F"":1.0,""C"":0.75,""band"":""consistent"",""source_tier"":""multi"",""independence"":""multi_root"",""counterexample_open"":false,""adjudicated"":false,""evaluated"":true,""fit_note"":"""",""reasons"":[""checks=2"",""根类=2""]}",consistent
253,F035,37,37,活动断层,推测,活动,109,运动性质不明,0.0,89,；Q-地层边界重合 12665m；活动性佐证（Q-地层边界重合 12665m/81%段长，长距离强证据）,标定（活动先验）,0.6,,,,活动断层,0.6,"{""S"":0.75,""I"":0.8,""F"":1.0,""C"":0.6,""band"":""consistent"",""source_tier"":""multi"",""independence"":""intra_class"",""counterexample_open"":false,""adjudicated"":false,""evaluated"":true,""fit_note"":"""",""reasons"":[""checks=2"",""根类=1""]}",consistent
254,F212,05,05,逆断层,实测,未评,101,压性,0.0,0,；GZELD=101(压性) 与 逆断层 一致,consistent,0.75,,,,逆断层,0.44,"{""S"":0.55,""I"":0.8,""F"":1.0,""C"":0.44,""band"":""suspect"",""source_tier"":""single"",""independence"":""intra_class"",""counterexample_open"":false,""adjudicated"":false,""evaluated"":true,""fit_note"":"""",""reasons"":[""checks=1"",""根类=1""]}",suspect
255,F186,03,03,正断层,实测,未评,102,张性,78.0,0,dip=78°；aux=正断层产状点；aux 组数×1；GZELD=102(张性) 与 正断层 一致,verified,0.9,,,正断层产状点,正断层,0.75,"{""S"":0.75,""I"":1.0,""F"":1.0,""C"":0.75,""band"":""consistent"",""source_tier"":""multi"",""independence"":""multi_root"",""counterexample_open"":false,""adjudicated"":false,""evaluated"":true,""fit_note"":"""",""reasons"":[""checks=4"",""根类=2""]}",consistent
256,F190,05,05,逆断层,实测,未评,101,压性,0.0,0,；GZELD=101(压性) 与 逆断层 一致,consistent,0.75,,,,逆断层,0.44,"{""S"":0.55,""I"":0.8,""F"":1.0,""C"":0.44,""band"":""suspect"",""source_tier"":""single"",""independence"":""intra_class"",""counterexample_open"":false,""adjudicated"":false,""evaluated"":true,""fit_note"":"""",""reasons"":[""checks=1"",""根类=1""]}",suspect
257,F148,03,03,正断层,实测,未评,102,张性,65.0,0,dip=65°；aux=正断层产状点；aux 组数×1；GZELD=102(张性) 与 正断层 一致,verified,0.9,,,正断层产状点,正断层,0.75,"{""S"":0.75,""I"":1.0,""F"":1.0,""C"":0.75,""band"":""consistent"",""source_tier"":""multi"",""independence"":""multi_root"",""counterexample_open"":false,""adjudicated"":false,""evaluated"":true,""fit_note"":"""",""reasons"":[""checks=4"",""根类=2""]}",consistent
258,F207,05,05,逆断层,实测,未评,101,压性,0.0,0,；GZELD=101(压性) 与 逆断层 一致,consistent,0.75,,,,逆断层,0.44,"{""S"":0.55,""I"":0.8,""F"":1.0,""C"":0.44,""band"":""suspect"",""source_tier"":""single"",""independence"":""intra_class"",""counterexample_open"":false,""adjudicated"":false,""evaluated"":true,""fit_note"":"""",""reasons"":[""checks=1"",""根类=1""]}",suspect
259,F050,01,01,断层泛称,实测,未评,109,运动性质不明,0.0,0,一般断层兜底（码义无法标定：名无语义+无辅助点语义）,兜底（一般断层）,0.3,,,,断层泛称,0.18,"{""S"":0.3,""I"":0.6,""F"":1.0,""C"":0.18,""band"":""unassessed"",""source_tier"":""code_read"",""independence"":""single"",""counterexample_open"":false,""adjudicated"":false,""evaluated"":false,""fit_note"":"""",""reasons"":[""一般断层兜底（码义无法标定）""]}",unassessed
260,F079,05,05,逆断层,实测,未评,101,压性,70.0,0,dip=70°；aux=逆断层产状点；aux 组数×1；GZELD=101(压性) 与 逆断层 一致,verified,0.9,,,逆断层产状点,逆断层,0.75,"{""S"":0.75,""I"":1.0,""F"":1.0,""C"":0.75,""band"":""consistent"",""source_tier"":""multi"",""independence"":""multi_root"",""counterexample_open"":false,""adjudicated"":false,""evaluated"":true,""fit_note"":"""",""reasons"":[""checks=4"",""根类=2""]}",consistent
261,F121,35,35,推覆体边界,实测,未评,101,压性,0.0,0,新老差显著（101|901，倾向未定）；GZELD=101(压性) 与 推覆体边界 一致,verified,0.9,,,,推覆体边界,0.75,"{""S"":0.75,""I"":1.0,""F"":1.0,""C"":0.75,""band"":""consistent"",""source_tier"":""multi"",""independence"":""multi_root"",""counterexample_open"":false,""adjudicated"":false,""evaluated"":true,""fit_note"":"""",""reasons"":[""checks=2"",""根类=2""]}",consistent
262,F064,37,37,活动断层,部分覆盖,未评,109,运动性质不明,73.0,27,dip=73°；aux=正断层产状点；aux 组数×1；Q-地层边界重合 3082m；码义逻辑判断继承（活动断层，mle_semantic 全段继承）,verified,0.9,,,正断层产状点,正断层,0.75,"{""S"":0.75,""I"":1.0,""F"":1.0,""C"":0.75,""band"":""consistent"",""source_tier"":""multi"",""independence"":""multi_root"",""counterexample_open"":false,""adjudicated"":false,""evaluated"":true,""fit_note"":"""",""reasons"":[""checks=5"",""根类=3""]}",consistent
263,F046,05,05,逆断层,实测,未评,101,压性,67.0,0,dip=67°；aux=逆断层产状点；aux 组数×2；GZELD=101(压性) 与 逆断层 一致,verified,0.9,,,逆断层产状点,逆断层,0.75,"{""S"":0.75,""I"":1.0,""F"":1.0,""C"":0.75,""band"":""consistent"",""source_tier"":""multi"",""independence"":""multi_root"",""counterexample_open"":false,""adjudicated"":false,""evaluated"":true,""fit_note"":"""",""reasons"":[""checks=4"",""根类=2""]}",consistent
264,F158,05,05,逆断层,实测,未评,101,压性,75.0,0,dip=75°；aux=逆断层产状点；aux 组数×1；GZELD=101(压性) 与 逆断层 一致,verified,0.9,,,逆断层产状点,逆断层,0.75,"{""S"":0.75,""I"":1.0,""F"":1.0,""C"":0.75,""band"":""consistent"",""source_tier"":""multi"",""independence"":""multi_root"",""counterexample_open"":false,""adjudicated"":false,""evaluated"":true,""fit_note"":"""",""reasons"":[""checks=4"",""根类=2""]}",consistent
265,F142,01,01,断层泛称,实测,未评,109,运动性质不明,0.0,0,一般断层兜底（码义无法标定：名无语义+无辅助点语义）,兜底（一般断层）,0.3,,,,断层泛称,0.18,"{""S"":0.3,""I"":0.6,""F"":1.0,""C"":0.18,""band"":""unassessed"",""source_tier"":""code_read"",""independence"":""single"",""counterexample_open"":false,""adjudicated"":false,""evaluated"":false,""fit_note"":"""",""reasons"":[""一般断层兜底（码义无法标定）""]}",unassessed
266,F170,05,05,逆断层,实测,未评,101,压性,80.0,0,dip=80°；aux=逆断层产状点；aux 组数×1；GZELD=101(压性) 与 逆断层 一致,verified,0.9,,,逆断层产状点,逆断层,0.75,"{""S"":0.75,""I"":1.0,""F"":1.0,""C"":0.75,""band"":""consistent"",""source_tier"":""multi"",""independence"":""multi_root"",""counterexample_open"":false,""adjudicated"":false,""evaluated"":true,""fit_note"":"""",""reasons"":[""checks=4"",""根类=2""]}",consistent
267,F103,05,05,逆断层,实测,未评,101,压性,62.0,0,dip=62°；aux=逆断层产状点；aux 组数×3；GZELD=101(压性) 与 逆断层 一致,verified,0.9,,,逆断层产状点,逆断层,0.75,"{""S"":0.75,""I"":1.0,""F"":1.0,""C"":0.75,""band"":""consistent"",""source_tier"":""multi"",""independence"":""multi_root"",""counterexample_open"":false,""adjudicated"":false,""evaluated"":true,""fit_note"":"""",""reasons"":[""checks=4"",""根类=2""]}",consistent
268,F052,05,05,逆断层,实测,未评,101,压性,0.0,0,；GZELD=101(压性) 与 逆断层 一致,consistent,0.75,,,,逆断层,0.44,"{""S"":0.55,""I"":0.8,""F"":1.0,""C"":0.44,""band"":""suspect"",""source_tier"":""single"",""independence"":""intra_class"",""counterexample_open"":false,""adjudicated"":false,""evaluated"":true,""fit_note"":"""",""reasons"":[""checks=1"",""根类=1""]}",suspect
269,F043,05,05,逆断层,实测,未评,101,压性,70.0,0,dip=70°；aux=逆断层产状点；aux 组数×1；GZELD=101(压性) 与 逆断层 一致,verified,0.9,,,逆断层产状点,逆断层,0.75,"{""S"":0.75,""I"":1.0,""F"":1.0,""C"":0.75,""band"":""consistent"",""source_tier"":""multi"",""independence"":""multi_root"",""counterexample_open"":false,""adjudicated"":false,""evaluated"":true,""fit_note"":"""",""reasons"":[""checks=4"",""根类=2""]}",consistent
270,F053,05,05,逆断层,实测,未评,101,压性,78.0,0,dip=78°；aux=逆断层产状点；aux 组数×1；GZELD=101(压性) 与 逆断层 一致,verified,0.9,,,逆断层产状点,逆断层,0.75,"{""S"":0.75,""I"":1.0,""F"":1.0,""C"":0.75,""band"":""consistent"",""source_tier"":""multi"",""independence"":""multi_root"",""counterexample_open"":false,""adjudicated"":false,""evaluated"":true,""fit_note"":"""",""reasons"":[""checks=4"",""根类=2""]}",consistent
271,F192,05,05,逆断层,实测,未评,101,压性,80.0,0,dip=80°；aux=逆断层产状点；aux 组数×1；GZELD=101(压性) 与 逆断层 一致,verified,0.9,,,逆断层产状点,逆断层,0.75,"{""S"":0.75,""I"":1.0,""F"":1.0,""C"":0.75,""band"":""consistent"",""source_tier"":""multi"",""independence"":""multi_root"",""counterexample_open"":false,""adjudicated"":false,""evaluated"":true,""fit_note"":"""",""reasons"":[""checks=4"",""根类=2""]}",consistent
272,F129,01,01,断层泛称,实测,未评,109,运动性质不明,0.0,0,一般断层兜底（码义无法标定：名无语义+无辅助点语义）,兜底（一般断层）,0.3,,,,断层泛称,0.18,"{""S"":0.3,""I"":0.6,""F"":1.0,""C"":0.18,""band"":""unassessed"",""source_tier"":""code_read"",""independence"":""single"",""counterexample_open"":false,""adjudicated"":false,""evaluated"":false,""fit_note"":"""",""reasons"":[""一般断层兜底（码义无法标定）""]}",unassessed
273,F149,02,02,推测断层,推测,未评,109,运动性质不明,0.0,0,,consistent,0.6,,,,推测断层,0.18,"{""S"":0.3,""I"":0.6,""F"":1.0,""C"":0.18,""band"":""unassessed"",""source_tier"":""code_read"",""independence"":""single"",""counterexample_open"":false,""adjudicated"":false,""evaluated"":false,""fit_note"":"""",""reasons"":[""0 checks（无假设可评）""]}",unassessed
274,F119,16,16,左型走滑断层,实测,未评,103,左行,0.0,0,钩旋向 z=435794（左行，符号 1539/1539）；GZELD=103(左行) 与 左型走滑断层 一致,verified,0.9,,,,左型走滑断层,0.6,"{""S"":0.75,""I"":0.8,""F"":1.0,""C"":0.6,""band"":""consistent"",""source_tier"":""multi"",""independence"":""intra_class"",""counterexample_open"":false,""adjudicated"":false,""evaluated"":true,""fit_note"":"""",""reasons"":[""checks=2"",""根类=1""]}",consistent
275,F192,05,05,逆断层,实测,未评,101,压性,80.0,0,dip=80°；aux=逆断层产状点；aux 组数×1；GZELD=101(压性) 与 逆断层 一致,verified,0.9,,,逆断层产状点,逆断层,0.75,"{""S"":0.75,""I"":1.0,""F"":1.0,""C"":0.75,""band"":""consistent"",""source_tier"":""multi"",""independence"":""multi_root"",""counterexample_open"":false,""adjudicated"":false,""evaluated"":true,""fit_note"":"""",""reasons"":[""checks=4"",""根类=2""]}",consistent
276,F187,03,03,正断层,实测,未评,102,张性,70.0,0,dip=70°；aux=正断层产状点；aux 组数×1；GZELD=102(张性) 与 正断层 一致,verified,0.9,,,正断层产状点,正断层,0.75,"{""S"":0.75,""I"":1.0,""F"":1.0,""C"":0.75,""band"":""consistent"",""source_tier"":""multi"",""independence"":""multi_root"",""counterexample_open"":false,""adjudicated"":false,""evaluated"":true,""fit_note"":"""",""reasons"":[""checks=4"",""根类=2""]}",consistent
277,F137,05,05,逆断层,实测,未评,101,压性,0.0,0,；GZELD=101(压性) 与 逆断层 一致,consistent,0.75,,,,逆断层,0.44,"{""S"":0.55,""I"":0.8,""F"":1.0,""C"":0.44,""band"":""suspect"",""source_tier"":""single"",""independence"":""intra_class"",""counterexample_open"":false,""adjudicated"":false,""evaluated"":true,""fit_note"":"""",""reasons"":[""checks=1"",""根类=1""]}",suspect
278,F136,03,03,正断层,实测,未评,102,张性,79.0,0,dip=79°；aux=正断层产状点；aux 组数×1；GZELD=102(张性) 与 正断层 一致,verified,0.9,,,正断层产状点,正断层,0.75,"{""S"":0.75,""I"":1.0,""F"":1.0,""C"":0.75,""band"":""consistent"",""source_tier"":""multi"",""independence"":""multi_root"",""counterexample_open"":false,""adjudicated"":false,""evaluated"":true,""fit_note"":"""",""reasons"":[""checks=4"",""根类=2""]}",consistent
279,F164,01,01,断层泛称,实测,未评,109,运动性质不明,0.0,0,一般断层兜底（码义无法标定：名无语义+无辅助点语义）,兜底（一般断层）,0.3,,,,断层泛称,0.18,"{""S"":0.3,""I"":0.6,""F"":1.0,""C"":0.18,""band"":""unassessed"",""source_tier"":""code_read"",""independence"":""single"",""counterexample_open"":false,""adjudicated"":false,""evaluated"":false,""fit_note"":"""",""reasons"":[""一般断层兜底（码义无法标定）""]}",unassessed
280,F198,01,01,断层泛称,实测,未评,109,运动性质不明,0.0,0,一般断层兜底（码义无法标定：名无语义+无辅助点语义）,兜底（一般断层）,0.3,,,,断层泛称,0.18,"{""S"":0.3,""I"":0.6,""F"":1.0,""C"":0.18,""band"":""unassessed"",""source_tier"":""code_read"",""independence"":""single"",""counterexample_open"":false,""adjudicated"":false,""evaluated"":false,""fit_note"":"""",""reasons"":[""一般断层兜底（码义无法标定）""]}",unassessed
281,F071,05,05,逆断层,实测,未评,101,压性,60.0,0,dip=60°；aux=逆断层产状点；aux 组数×1；GZELD=101(压性) 与 逆断层 一致,verified,0.9,,,逆断层产状点,逆断层,0.75,"{""S"":0.75,""I"":1.0,""F"":1.0,""C"":0.75,""band"":""consistent"",""source_tier"":""multi"",""independence"":""multi_root"",""counterexample_open"":false,""adjudicated"":false,""evaluated"":true,""fit_note"":"""",""reasons"":[""checks=4"",""根类=2""]}",consistent
282,F042,03,03,正断层,实测,未评,102,张性,0.0,0,aux=正断层产状点；aux 组数×2；GZELD=102(张性) 与 正断层 一致,verified,0.9,,,正断层产状点,正断层,0.6,"{""S"":0.75,""I"":0.8,""F"":1.0,""C"":0.6,""band"":""consistent"",""source_tier"":""multi"",""independence"":""intra_class"",""counterexample_open"":false,""adjudicated"":false,""evaluated"":true,""fit_note"":"""",""reasons"":[""checks=3"",""根类=1""]}",consistent
283,F196,05,05,逆断层,实测,未评,101,压性,30.0,0,dip=30°；GZELD=101(压性) 与 逆断层 一致,verified,0.9,,,,逆断层,0.75,"{""S"":0.75,""I"":1.0,""F"":1.0,""C"":0.75,""band"":""consistent"",""source_tier"":""multi"",""independence"":""multi_root"",""counterexample_open"":false,""adjudicated"":false,""evaluated"":true,""fit_note"":"""",""reasons"":[""checks=2"",""根类=2""]}",consistent
284,F118,01,01,断层泛称,实测,未评,109,运动性质不明,0.0,0,一般断层兜底（码义无法标定：名无语义+无辅助点语义）,兜底（一般断层）,0.3,,,,断层泛称,0.18,"{""S"":0.3,""I"":0.6,""F"":1.0,""C"":0.18,""band"":""unassessed"",""source_tier"":""code_read"",""independence"":""single"",""counterexample_open"":false,""adjudicated"":false,""evaluated"":false,""fit_note"":"""",""reasons"":[""一般断层兜底（码义无法标定）""]}",unassessed
285,F133,01,01,断层泛称,实测,未评,109,运动性质不明,0.0,0,一般断层兜底（码义无法标定：名无语义+无辅助点语义）,兜底（一般断层）,0.3,,,,断层泛称,0.18,"{""S"":0.3,""I"":0.6,""F"":1.0,""C"":0.18,""band"":""unassessed"",""source_tier"":""code_read"",""independence"":""single"",""counterexample_open"":false,""adjudicated"":false,""evaluated"":false,""fit_note"":"""",""reasons"":[""一般断层兜底（码义无法标定）""]}",unassessed
286,F165,03,03,正断层,实测,未评,102,张性,78.0,0,dip=78°；aux=正断层产状点；aux 组数×1；GZELD=102(张性) 与 正断层 一致,verified,0.9,,,正断层产状点,正断层,0.75,"{""S"":0.75,""I"":1.0,""F"":1.0,""C"":0.75,""band"":""consistent"",""source_tier"":""multi"",""independence"":""multi_root"",""counterexample_open"":false,""adjudicated"":false,""evaluated"":true,""fit_note"":"""",""reasons"":[""checks=4"",""根类=2""]}",consistent
287,F179,01,01,断层泛称,部分覆盖,活动,109,运动性质不明,0.0,22,；Q-地层边界重合 2232m；活动性佐证（Q-地层边界重合 2232m/100%段长，单段强型）；码义继承（断层泛称——一般断层兼容段级证据，2026-10-04 用户裁定）,标定（活动先验）,0.6,,,,活动断层,0.6,"{""S"":0.75,""I"":0.8,""F"":1.0,""C"":0.6,""band"":""consistent"",""source_tier"":""multi"",""independence"":""intra_class"",""counterexample_open"":false,""adjudicated"":false,""evaluated"":true,""fit_note"":"""",""reasons"":[""checks=3"",""根类=1""]}",consistent
288,F147,05,05,逆断层,实测,未评,101,压性,69.0,0,dip=69°；aux=逆断层产状点；aux 组数×1；GZELD=101(压性) 与 逆断层 一致,verified,0.9,,,逆断层产状点,逆断层,0.75,"{""S"":0.75,""I"":1.0,""F"":1.0,""C"":0.75,""band"":""consistent"",""source_tier"":""multi"",""independence"":""multi_root"",""counterexample_open"":false,""adjudicated"":false,""evaluated"":true,""fit_note"":"""",""reasons"":[""checks=4"",""根类=2""]}",consistent
