idx,fault_id,GZEEB,gzeeb_eff,structural_type,evidence_class,activity,GZELD,gzeld_sem,GZECE,cover_pct,checks,verdict,confidence,fault_name,level,aux_verdict,own_structural_type,confidence_u,conf_breakdown_u,conf_band_u
0,F064,01,01,断层泛称,实测,未评,109,运动性质不明,72.0,0,一般断层兜底（码义无法标定：名无语义+无辅助点语义）,兜底（一般断层）,0.3,,,,断层泛称,0.18,"{""S"":0.3,""I"":0.6,""F"":1.0,""C"":0.18,""band"":""unassessed"",""source_tier"":""code_read"",""independence"":""single"",""counterexample_open"":false,""adjudicated"":false,""evaluated"":false,""fit_note"":"""",""reasons"":[""一般断层兜底（码义无法标定）""]}",unassessed
1,F060,01,01,断层泛称,实测,未评,109,运动性质不明,69.0,0,一般断层兜底（码义无法标定：名无语义+无辅助点语义）,兜底（一般断层）,0.3,,,,断层泛称,0.18,"{""S"":0.3,""I"":0.6,""F"":1.0,""C"":0.18,""band"":""unassessed"",""source_tier"":""code_read"",""independence"":""single"",""counterexample_open"":false,""adjudicated"":false,""evaluated"":false,""fit_note"":"""",""reasons"":[""一般断层兜底（码义无法标定）""]}",unassessed
2,F119,01,01,断层泛称,实测,未评,109,运动性质不明,0.0,0,一般断层兜底（码义无法标定：名无语义+无辅助点语义）,兜底（一般断层）,0.3,,,,断层泛称,0.18,"{""S"":0.3,""I"":0.6,""F"":1.0,""C"":0.18,""band"":""unassessed"",""source_tier"":""code_read"",""independence"":""single"",""counterexample_open"":false,""adjudicated"":false,""evaluated"":false,""fit_note"":"""",""reasons"":[""一般断层兜底（码义无法标定）""]}",unassessed
3,F042,05,05,逆断层,实测,未评,101,压性,73.0,0,dip=73°；aux=逆断层产状点；aux 组数×2；GZELD=101(压性) 与 逆断层 一致,verified,0.9,,,逆断层产状点,逆断层,0.75,"{""S"":0.75,""I"":1.0,""F"":1.0,""C"":0.75,""band"":""consistent"",""source_tier"":""multi"",""independence"":""multi_root"",""counterexample_open"":false,""adjudicated"":false,""evaluated"":true,""fit_note"":"""",""reasons"":[""checks=4"",""根类=2""]}",consistent
4,F041,01,01,断层泛称,实测,未评,109,运动性质不明,0.0,0,一般断层兜底（码义无法标定：名无语义+无辅助点语义）,兜底（一般断层）,0.3,,,,断层泛称,0.18,"{""S"":0.3,""I"":0.6,""F"":1.0,""C"":0.18,""band"":""unassessed"",""source_tier"":""code_read"",""independence"":""single"",""counterexample_open"":false,""adjudicated"":false,""evaluated"":false,""fit_note"":"""",""reasons"":[""一般断层兜底（码义无法标定）""]}",unassessed
5,F147,01,01,断层泛称,实测,未评,109,运动性质不明,0.0,0,一般断层兜底（码义无法标定：名无语义+无辅助点语义）,兜底（一般断层）,0.3,,,,断层泛称,0.18,"{""S"":0.3,""I"":0.6,""F"":1.0,""C"":0.18,""band"":""unassessed"",""source_tier"":""code_read"",""independence"":""single"",""counterexample_open"":false,""adjudicated"":false,""evaluated"":false,""fit_note"":"""",""reasons"":[""一般断层兜底（码义无法标定）""]}",unassessed
6,F061,01,01,断层泛称,实测,未评,109,运动性质不明,0.0,0,一般断层兜底（码义无法标定：名无语义+无辅助点语义）,兜底（一般断层）,0.3,,,,断层泛称,0.18,"{""S"":0.3,""I"":0.6,""F"":1.0,""C"":0.18,""band"":""unassessed"",""source_tier"":""code_read"",""independence"":""single"",""counterexample_open"":false,""adjudicated"":false,""evaluated"":false,""fit_note"":"""",""reasons"":[""一般断层兜底（码义无法标定）""]}",unassessed
7,F027,05,05,逆断层,实测,未评,101,压性,75.0,0,dip=75°；aux=逆断层产状点；aux 组数×1；GZELD=101(压性) 与 逆断层 一致,verified,0.9,,,逆断层产状点,逆断层,0.75,"{""S"":0.75,""I"":1.0,""F"":1.0,""C"":0.75,""band"":""consistent"",""source_tier"":""multi"",""independence"":""multi_root"",""counterexample_open"":false,""adjudicated"":false,""evaluated"":true,""fit_note"":"""",""reasons"":[""checks=4"",""根类=2""]}",consistent
8,F047,01,01,断层泛称,实测,未评,109,运动性质不明,0.0,0,一般断层兜底（码义无法标定：名无语义+无辅助点语义）,兜底（一般断层）,0.3,,,,断层泛称,0.18,"{""S"":0.3,""I"":0.6,""F"":1.0,""C"":0.18,""band"":""unassessed"",""source_tier"":""code_read"",""independence"":""single"",""counterexample_open"":false,""adjudicated"":false,""evaluated"":false,""fit_note"":"""",""reasons"":[""一般断层兜底（码义无法标定）""]}",unassessed
9,F083,01,01,断层泛称,实测,未评,109,运动性质不明,0.0,0,一般断层兜底（码义无法标定：名无语义+无辅助点语义）,兜底（一般断层）,0.3,,,,断层泛称,0.18,"{""S"":0.3,""I"":0.6,""F"":1.0,""C"":0.18,""band"":""unassessed"",""source_tier"":""code_read"",""independence"":""single"",""counterexample_open"":false,""adjudicated"":false,""evaluated"":false,""fit_note"":"""",""reasons"":[""一般断层兜底（码义无法标定）""]}",unassessed
10,F050,05,05,逆断层,实测,未评,101,压性,0.0,0,aux=逆断层产状点；aux 组数×1；GZELD=101(压性) 与 逆断层 一致,verified,0.9,,,逆断层产状点,逆断层,0.6,"{""S"":0.75,""I"":0.8,""F"":1.0,""C"":0.6,""band"":""consistent"",""source_tier"":""multi"",""independence"":""intra_class"",""counterexample_open"":false,""adjudicated"":false,""evaluated"":true,""fit_note"":"""",""reasons"":[""checks=3"",""根类=1""]}",consistent
11,F071,05,05,逆断层,实测,未评,101,压性,0.0,0,aux=逆断层产状点；aux 组数×1；GZELD=101(压性) 与 逆断层 一致,verified,0.9,,,逆断层产状点,逆断层,0.6,"{""S"":0.75,""I"":0.8,""F"":1.0,""C"":0.6,""band"":""consistent"",""source_tier"":""multi"",""independence"":""intra_class"",""counterexample_open"":false,""adjudicated"":false,""evaluated"":true,""fit_note"":"""",""reasons"":[""checks=3"",""根类=1""]}",consistent
12,F039,01,01,断层泛称,实测,未评,109,运动性质不明,0.0,0,一般断层兜底（码义无法标定：名无语义+无辅助点语义）,兜底（一般断层）,0.3,,,,断层泛称,0.18,"{""S"":0.3,""I"":0.6,""F"":1.0,""C"":0.18,""band"":""unassessed"",""source_tier"":""code_read"",""independence"":""single"",""counterexample_open"":false,""adjudicated"":false,""evaluated"":false,""fit_note"":"""",""reasons"":[""一般断层兜底（码义无法标定）""]}",unassessed
13,F146,01,01,断层泛称,实测,未评,109,运动性质不明,0.0,0,一般断层兜底（码义无法标定：名无语义+无辅助点语义）,兜底（一般断层）,0.3,,,,断层泛称,0.18,"{""S"":0.3,""I"":0.6,""F"":1.0,""C"":0.18,""band"":""unassessed"",""source_tier"":""code_read"",""independence"":""single"",""counterexample_open"":false,""adjudicated"":false,""evaluated"":false,""fit_note"":"""",""reasons"":[""一般断层兜底（码义无法标定）""]}",unassessed
14,F146,01,01,断层泛称,实测,未评,109,运动性质不明,0.0,0,一般断层兜底（码义无法标定：名无语义+无辅助点语义）,兜底（一般断层）,0.3,,,,断层泛称,0.18,"{""S"":0.3,""I"":0.6,""F"":1.0,""C"":0.18,""band"":""unassessed"",""source_tier"":""code_read"",""independence"":""single"",""counterexample_open"":false,""adjudicated"":false,""evaluated"":false,""fit_note"":"""",""reasons"":[""一般断层兜底（码义无法标定）""]}",unassessed
15,F053,01,01,断层泛称,实测,未评,109,运动性质不明,0.0,0,一般断层兜底（码义无法标定：名无语义+无辅助点语义）,兜底（一般断层）,0.3,,,,断层泛称,0.18,"{""S"":0.3,""I"":0.6,""F"":1.0,""C"":0.18,""band"":""unassessed"",""source_tier"":""code_read"",""independence"":""single"",""counterexample_open"":false,""adjudicated"":false,""evaluated"":false,""fit_note"":"""",""reasons"":[""一般断层兜底（码义无法标定）""]}",unassessed
16,F045,01,01,断层泛称,实测,未评,109,运动性质不明,0.0,0,aux 组数×1；一般断层兜底（码义无法标定：名无语义+无辅助点语义）,兜底（一般断层）,0.3,,,逆断层产状点,断层泛称,0.18,"{""S"":0.3,""I"":0.6,""F"":1.0,""C"":0.18,""band"":""unassessed"",""source_tier"":""code_read"",""independence"":""single"",""counterexample_open"":false,""adjudicated"":false,""evaluated"":false,""fit_note"":"""",""reasons"":[""一般断层兜底（码义无法标定）""]}",unassessed
17,F096,05,05,逆断层,实测,未评,101,压性,76.0,0,dip=76°；aux=逆断层产状点；aux 组数×1；GZELD=101(压性) 与 逆断层 一致,verified,0.9,,,逆断层产状点,逆断层,0.75,"{""S"":0.75,""I"":1.0,""F"":1.0,""C"":0.75,""band"":""consistent"",""source_tier"":""multi"",""independence"":""multi_root"",""counterexample_open"":false,""adjudicated"":false,""evaluated"":true,""fit_note"":"""",""reasons"":[""checks=4"",""根类=2""]}",consistent
18,F016,01,01,断层泛称,实测,未评,109,运动性质不明,0.0,0,aux 组数×1；一般断层兜底（码义无法标定：名无语义+无辅助点语义）,兜底（一般断层）,0.3,,,逆断层产状点,断层泛称,0.18,"{""S"":0.3,""I"":0.6,""F"":1.0,""C"":0.18,""band"":""unassessed"",""source_tier"":""code_read"",""independence"":""single"",""counterexample_open"":false,""adjudicated"":false,""evaluated"":false,""fit_note"":"""",""reasons"":[""一般断层兜底（码义无法标定）""]}",unassessed
19,F052,28,28,边界断裂,实测,未评,109,运动性质不明,53.0,0,,consistent,0.6,,,,边界断裂,0.18,"{""S"":0.3,""I"":0.6,""F"":1.0,""C"":0.18,""band"":""unassessed"",""source_tier"":""code_read"",""independence"":""single"",""counterexample_open"":false,""adjudicated"":false,""evaluated"":false,""fit_note"":"""",""reasons"":[""0 checks（无假设可评）""]}",unassessed
20,F038,01,01,断层泛称,实测,未评,109,运动性质不明,0.0,0,一般断层兜底（码义无法标定：名无语义+无辅助点语义）,兜底（一般断层）,0.3,,,,断层泛称,0.18,"{""S"":0.3,""I"":0.6,""F"":1.0,""C"":0.18,""band"":""unassessed"",""source_tier"":""code_read"",""independence"":""single"",""counterexample_open"":false,""adjudicated"":false,""evaluated"":false,""fit_note"":"""",""reasons"":[""一般断层兜底（码义无法标定）""]}",unassessed
21,F019,01,01,断层泛称,实测,未评,109,运动性质不明,0.0,0,一般断层兜底（码义无法标定：名无语义+无辅助点语义）,兜底（一般断层）,0.3,,,,断层泛称,0.18,"{""S"":0.3,""I"":0.6,""F"":1.0,""C"":0.18,""band"":""unassessed"",""source_tier"":""code_read"",""independence"":""single"",""counterexample_open"":false,""adjudicated"":false,""evaluated"":false,""fit_note"":"""",""reasons"":[""一般断层兜底（码义无法标定）""]}",unassessed
22,F016,05,05,逆断层,实测,未评,101,压性,52.0,0,dip=52°；aux=逆断层产状点；aux 组数×1；GZELD=101(压性) 与 逆断层 一致,verified,0.9,,,逆断层产状点,逆断层,0.75,"{""S"":0.75,""I"":1.0,""F"":1.0,""C"":0.75,""band"":""consistent"",""source_tier"":""multi"",""independence"":""multi_root"",""counterexample_open"":false,""adjudicated"":false,""evaluated"":true,""fit_note"":"""",""reasons"":[""checks=4"",""根类=2""]}",consistent
23,F050,05,05,逆断层,实测,未评,101,压性,0.0,0,aux=逆断层产状点；aux 组数×1；GZELD=101(压性) 与 逆断层 一致,verified,0.9,,,逆断层产状点,逆断层,0.6,"{""S"":0.75,""I"":0.8,""F"":1.0,""C"":0.6,""band"":""consistent"",""source_tier"":""multi"",""independence"":""intra_class"",""counterexample_open"":false,""adjudicated"":false,""evaluated"":true,""fit_note"":"""",""reasons"":[""checks=3"",""根类=1""]}",consistent
24,F086,28,28,边界断裂,实测,未评,109,运动性质不明,48.0,0,aux 组数×1；老盖新（倾向盘 230 老于下盘 503，与逆断层编码值不同——推覆体界线判据）；码义逻辑判断继承（边界断裂，mle_semantic 全段继承）,verified,0.9,,,逆断层产状点,推覆体边界,0.75,"{""S"":0.75,""I"":1.0,""F"":1.0,""C"":0.75,""band"":""consistent"",""source_tier"":""multi"",""independence"":""multi_root"",""counterexample_open"":false,""adjudicated"":false,""evaluated"":true,""fit_note"":"""",""reasons"":[""checks=3"",""根类=2""]}",consistent
25,F075,05,05,逆断层,实测,未评,101,压性,70.0,0,dip=70°；aux=逆断层产状点；aux 组数×1；GZELD=101(压性) 与 逆断层 一致,verified,0.9,,,逆断层产状点,逆断层,0.75,"{""S"":0.75,""I"":1.0,""F"":1.0,""C"":0.75,""band"":""consistent"",""source_tier"":""multi"",""independence"":""multi_root"",""counterexample_open"":false,""adjudicated"":false,""evaluated"":true,""fit_note"":"""",""reasons"":[""checks=4"",""根类=2""]}",consistent
26,F116,05,05,逆断层,实测,未评,101,压性,0.0,0,aux=逆断层产状点；aux 组数×1；GZELD=101(压性) 与 逆断层 一致,verified,0.9,,,逆断层产状点,逆断层,0.6,"{""S"":0.75,""I"":0.8,""F"":1.0,""C"":0.6,""band"":""consistent"",""source_tier"":""multi"",""independence"":""intra_class"",""counterexample_open"":false,""adjudicated"":false,""evaluated"":true,""fit_note"":"""",""reasons"":[""checks=3"",""根类=1""]}",consistent
27,F124,01,01,断层泛称,实测,未评,109,运动性质不明,0.0,0,一般断层兜底（码义无法标定：名无语义+无辅助点语义）,兜底（一般断层）,0.3,,,,断层泛称,0.18,"{""S"":0.3,""I"":0.6,""F"":1.0,""C"":0.18,""band"":""unassessed"",""source_tier"":""code_read"",""independence"":""single"",""counterexample_open"":false,""adjudicated"":false,""evaluated"":false,""fit_note"":"""",""reasons"":[""一般断层兜底（码义无法标定）""]}",unassessed
28,F113,01,01,断层泛称,实测,未评,109,运动性质不明,68.0,0,一般断层兜底（码义无法标定：名无语义+无辅助点语义）,兜底（一般断层）,0.3,,,,断层泛称,0.18,"{""S"":0.3,""I"":0.6,""F"":1.0,""C"":0.18,""band"":""unassessed"",""source_tier"":""code_read"",""independence"":""single"",""counterexample_open"":false,""adjudicated"":false,""evaluated"":false,""fit_note"":"""",""reasons"":[""一般断层兜底（码义无法标定）""]}",unassessed
29,F135,05,05,逆断层,实测,未评,101,压性,0.0,0,aux=逆断层产状点；aux 组数×1；GZELD=101(压性) 与 逆断层 一致,verified,0.9,,,逆断层产状点,逆断层,0.6,"{""S"":0.75,""I"":0.8,""F"":1.0,""C"":0.6,""band"":""consistent"",""source_tier"":""multi"",""independence"":""intra_class"",""counterexample_open"":false,""adjudicated"":false,""evaluated"":true,""fit_note"":"""",""reasons"":[""checks=3"",""根类=1""]}",consistent
30,F045,05,05,逆断层,实测,未评,101,压性,0.0,0,aux=逆断层产状点；aux 组数×1；GZELD=101(压性) 与 逆断层 一致,verified,0.9,,,逆断层产状点,逆断层,0.6,"{""S"":0.75,""I"":0.8,""F"":1.0,""C"":0.6,""band"":""consistent"",""source_tier"":""multi"",""independence"":""intra_class"",""counterexample_open"":false,""adjudicated"":false,""evaluated"":true,""fit_note"":"""",""reasons"":[""checks=3"",""根类=1""]}",consistent
31,F098,01,01,断层泛称,实测,未评,109,运动性质不明,0.0,0,一般断层兜底（码义无法标定：名无语义+无辅助点语义）,兜底（一般断层）,0.3,,,,断层泛称,0.18,"{""S"":0.3,""I"":0.6,""F"":1.0,""C"":0.18,""band"":""unassessed"",""source_tier"":""code_read"",""independence"":""single"",""counterexample_open"":false,""adjudicated"":false,""evaluated"":false,""fit_note"":"""",""reasons"":[""一般断层兜底（码义无法标定）""]}",unassessed
32,F132,01,01,断层泛称,实测,未评,109,运动性质不明,0.0,0,一般断层兜底（码义无法标定：名无语义+无辅助点语义）,兜底（一般断层）,0.3,,,,断层泛称,0.18,"{""S"":0.3,""I"":0.6,""F"":1.0,""C"":0.18,""band"":""unassessed"",""source_tier"":""code_read"",""independence"":""single"",""counterexample_open"":false,""adjudicated"":false,""evaluated"":false,""fit_note"":"""",""reasons"":[""一般断层兜底（码义无法标定）""]}",unassessed
33,F151,07,07,推覆体边界,实测,未评,109,运动性质不明,0.0,0,码义逻辑判断继承（推覆体边界，mle_semantic 全段继承）,consistent,0.6,,,,断层泛称,0.33,"{""S"":0.55,""I"":0.6,""F"":1.0,""C"":0.33,""band"":""suspect"",""source_tier"":""single"",""independence"":""single"",""counterexample_open"":false,""adjudicated"":false,""evaluated"":true,""fit_note"":"""",""reasons"":[""checks=1"",""根类=0""]}",suspect
34,F085,01,01,断层泛称,实测,未评,109,运动性质不明,0.0,0,一般断层兜底（码义无法标定：名无语义+无辅助点语义）,兜底（一般断层）,0.3,,,,断层泛称,0.18,"{""S"":0.3,""I"":0.6,""F"":1.0,""C"":0.18,""band"":""unassessed"",""source_tier"":""code_read"",""independence"":""single"",""counterexample_open"":false,""adjudicated"":false,""evaluated"":false,""fit_note"":"""",""reasons"":[""一般断层兜底（码义无法标定）""]}",unassessed
35,F052,28,28,边界断裂,实测,未评,109,运动性质不明,0.0,0,,consistent,0.6,,,,边界断裂,0.18,"{""S"":0.3,""I"":0.6,""F"":1.0,""C"":0.18,""band"":""unassessed"",""source_tier"":""code_read"",""independence"":""single"",""counterexample_open"":false,""adjudicated"":false,""evaluated"":false,""fit_note"":"""",""reasons"":[""0 checks（无假设可评）""]}",unassessed
36,F050,01,01,断层泛称,实测,未评,109,运动性质不明,0.0,0,aux 组数×1；一般断层兜底（码义无法标定：名无语义+无辅助点语义）,兜底（一般断层）,0.3,,,逆断层产状点,断层泛称,0.18,"{""S"":0.3,""I"":0.6,""F"":1.0,""C"":0.18,""band"":""unassessed"",""source_tier"":""code_read"",""independence"":""single"",""counterexample_open"":false,""adjudicated"":false,""evaluated"":false,""fit_note"":"""",""reasons"":[""一般断层兜底（码义无法标定）""]}",unassessed
37,F131,05,05,逆断层,实测,未评,101,压性,65.0,0,dip=65°；aux=逆断层产状点；aux 组数×1；GZELD=101(压性) 与 逆断层 一致,verified,0.9,,,逆断层产状点,逆断层,0.75,"{""S"":0.75,""I"":1.0,""F"":1.0,""C"":0.75,""band"":""consistent"",""source_tier"":""multi"",""independence"":""multi_root"",""counterexample_open"":false,""adjudicated"":false,""evaluated"":true,""fit_note"":"""",""reasons"":[""checks=4"",""根类=2""]}",consistent
38,F085,01,01,断层泛称,实测,未评,109,运动性质不明,0.0,0,一般断层兜底（码义无法标定：名无语义+无辅助点语义）,兜底（一般断层）,0.3,,,,断层泛称,0.18,"{""S"":0.3,""I"":0.6,""F"":1.0,""C"":0.18,""band"":""unassessed"",""source_tier"":""code_read"",""independence"":""single"",""counterexample_open"":false,""adjudicated"":false,""evaluated"":false,""fit_note"":"""",""reasons"":[""一般断层兜底（码义无法标定）""]}",unassessed
39,F043,01,01,断层泛称,实测,未评,109,运动性质不明,0.0,0,一般断层兜底（码义无法标定：名无语义+无辅助点语义）,兜底（一般断层）,0.3,,,,断层泛称,0.18,"{""S"":0.3,""I"":0.6,""F"":1.0,""C"":0.18,""band"":""unassessed"",""source_tier"":""code_read"",""independence"":""single"",""counterexample_open"":false,""adjudicated"":false,""evaluated"":false,""fit_note"":"""",""reasons"":[""一般断层兜底（码义无法标定）""]}",unassessed
40,F049,01,01,断层泛称,实测,未评,109,运动性质不明,50.0,0,dip=50°；地层重复(→D↓3→kz↑3/→J↓1→k，推覆重复)；老盖新（倾向盘 503 老于下盘 901）；码义继承（断层泛称——一般断层兼容段级证据，2026-10-04 用户裁定）,verified,0.9,,,,推覆体边界,0.75,"{""S"":0.75,""I"":1.0,""F"":1.0,""C"":0.75,""band"":""consistent"",""source_tier"":""multi"",""independence"":""multi_root"",""counterexample_open"":false,""adjudicated"":false,""evaluated"":true,""fit_note"":"""",""reasons"":[""checks=4"",""根类=2""]}",consistent
41,F045,05,05,逆断层,实测,未评,101,压性,0.0,0,aux=逆断层产状点；aux 组数×1；GZELD=101(压性) 与 逆断层 一致,verified,0.9,,,逆断层产状点,逆断层,0.6,"{""S"":0.75,""I"":0.8,""F"":1.0,""C"":0.6,""band"":""consistent"",""source_tier"":""multi"",""independence"":""intra_class"",""counterexample_open"":false,""adjudicated"":false,""evaluated"":true,""fit_note"":"""",""reasons"":[""checks=3"",""根类=1""]}",consistent
42,F046,05,05,逆断层,实测,未评,101,压性,50.0,0,dip=50°；aux=逆断层产状点；aux 组数×1；GZELD=101(压性) 与 逆断层 一致,verified,0.9,,,逆断层产状点,逆断层,0.75,"{""S"":0.75,""I"":1.0,""F"":1.0,""C"":0.75,""band"":""consistent"",""source_tier"":""multi"",""independence"":""multi_root"",""counterexample_open"":false,""adjudicated"":false,""evaluated"":true,""fit_note"":"""",""reasons"":[""checks=4"",""根类=2""]}",consistent
43,F036,01,01,断层泛称,实测,未评,109,运动性质不明,80.0,0,dip=80°；aux=逆断层产状点；aux 组数×1；码义继承（断层泛称——一般断层兼容段级证据，2026-10-04 用户裁定）,verified,0.9,,,逆断层产状点,逆断层,0.75,"{""S"":0.75,""I"":1.0,""F"":1.0,""C"":0.75,""band"":""consistent"",""source_tier"":""multi"",""independence"":""multi_root"",""counterexample_open"":false,""adjudicated"":false,""evaluated"":true,""fit_note"":"""",""reasons"":[""checks=4"",""根类=2""]}",consistent
44,F135,01,01,断层泛称,实测,未评,109,运动性质不明,0.0,0,aux 组数×1；一般断层兜底（码义无法标定：名无语义+无辅助点语义）,兜底（一般断层）,0.3,,,逆断层产状点,断层泛称,0.18,"{""S"":0.3,""I"":0.6,""F"":1.0,""C"":0.18,""band"":""unassessed"",""source_tier"":""code_read"",""independence"":""single"",""counterexample_open"":false,""adjudicated"":false,""evaluated"":false,""fit_note"":"""",""reasons"":[""一般断层兜底（码义无法标定）""]}",unassessed
45,F152,05,05,逆断层,实测,未评,101,压性,0.0,0,码义逻辑判断继承（逆断层，mle_semantic 全段继承）；GZELD=101(压性) 与 逆断层 一致,consistent,0.75,,,,断层泛称,0.6,"{""S"":0.75,""I"":0.8,""F"":1.0,""C"":0.6,""band"":""consistent"",""source_tier"":""multi"",""independence"":""intra_class"",""counterexample_open"":false,""adjudicated"":false,""evaluated"":true,""fit_note"":"""",""reasons"":[""checks=2"",""根类=1""]}",consistent
46,F052,28,28,边界断裂,实测,未评,109,运动性质不明,0.0,0,,consistent,0.6,,,,边界断裂,0.18,"{""S"":0.3,""I"":0.6,""F"":1.0,""C"":0.18,""band"":""unassessed"",""source_tier"":""code_read"",""independence"":""single"",""counterexample_open"":false,""adjudicated"":false,""evaluated"":false,""fit_note"":"""",""reasons"":[""0 checks（无假设可评）""]}",unassessed
47,F023,01,01,断层泛称,实测,未评,109,运动性质不明,70.0,0,一般断层兜底（码义无法标定：名无语义+无辅助点语义）,兜底（一般断层）,0.3,,,,断层泛称,0.18,"{""S"":0.3,""I"":0.6,""F"":1.0,""C"":0.18,""band"":""unassessed"",""source_tier"":""code_read"",""independence"":""single"",""counterexample_open"":false,""adjudicated"":false,""evaluated"":false,""fit_note"":"""",""reasons"":[""一般断层兜底（码义无法标定）""]}",unassessed
48,F138,01,01,断层泛称,实测,未评,109,运动性质不明,0.0,0,一般断层兜底（码义无法标定：名无语义+无辅助点语义）,兜底（一般断层）,0.3,,,,断层泛称,0.18,"{""S"":0.3,""I"":0.6,""F"":1.0,""C"":0.18,""band"":""unassessed"",""source_tier"":""code_read"",""independence"":""single"",""counterexample_open"":false,""adjudicated"":false,""evaluated"":false,""fit_note"":"""",""reasons"":[""一般断层兜底（码义无法标定）""]}",unassessed
49,F043,01,01,断层泛称,实测,未评,109,运动性质不明,0.0,0,地层重复(→ChA./→D↓3→kz↑2，推覆重复)；码义继承（断层泛称——一般断层兼容段级证据，2026-10-04 用户裁定）,consistent,0.75,,,,推覆体边界,0.6,"{""S"":0.75,""I"":0.8,""F"":1.0,""C"":0.6,""band"":""consistent"",""source_tier"":""multi"",""independence"":""intra_class"",""counterexample_open"":false,""adjudicated"":false,""evaluated"":true,""fit_note"":"""",""reasons"":[""checks=2"",""根类=1""]}",consistent
50,F077,31,31,断层泛称,实测,未评,109,运动性质不明,0.0,0,一般断层兜底（码义无法标定：名无语义+无辅助点语义）,兜底（一般断层）,0.3,,,,断层泛称,0.18,"{""S"":0.3,""I"":0.6,""F"":1.0,""C"":0.18,""band"":""unassessed"",""source_tier"":""code_read"",""independence"":""single"",""counterexample_open"":false,""adjudicated"":false,""evaluated"":false,""fit_note"":"""",""reasons"":[""一般断层兜底（码义无法标定）""]}",unassessed
51,F078,28,28,边界断裂,实测,未评,109,运动性质不明,0.0,0,,consistent,0.6,,,,边界断裂,0.18,"{""S"":0.3,""I"":0.6,""F"":1.0,""C"":0.18,""band"":""unassessed"",""source_tier"":""code_read"",""independence"":""single"",""counterexample_open"":false,""adjudicated"":false,""evaluated"":false,""fit_note"":"""",""reasons"":[""0 checks（无假设可评）""]}",unassessed
52,F077,31,31,断层泛称,实测,未评,109,运动性质不明,0.0,0,一般断层兜底（码义无法标定：名无语义+无辅助点语义）,兜底（一般断层）,0.3,,,,断层泛称,0.18,"{""S"":0.3,""I"":0.6,""F"":1.0,""C"":0.18,""band"":""unassessed"",""source_tier"":""code_read"",""independence"":""single"",""counterexample_open"":false,""adjudicated"":false,""evaluated"":false,""fit_note"":"""",""reasons"":[""一般断层兜底（码义无法标定）""]}",unassessed
53,F133,05,05,逆断层,实测,未评,101,压性,0.0,0,aux=逆断层产状点；aux 组数×1；GZELD=101(压性) 与 逆断层 一致,verified,0.9,,,逆断层产状点,逆断层,0.6,"{""S"":0.75,""I"":0.8,""F"":1.0,""C"":0.6,""band"":""consistent"",""source_tier"":""multi"",""independence"":""intra_class"",""counterexample_open"":false,""adjudicated"":false,""evaluated"":true,""fit_note"":"""",""reasons"":[""checks=3"",""根类=1""]}",consistent
54,F077,31,31,断层泛称,实测,未评,109,运动性质不明,0.0,0,一般断层兜底（码义无法标定：名无语义+无辅助点语义）,兜底（一般断层）,0.3,,,,断层泛称,0.18,"{""S"":0.3,""I"":0.6,""F"":1.0,""C"":0.18,""band"":""unassessed"",""source_tier"":""code_read"",""independence"":""single"",""counterexample_open"":false,""adjudicated"":false,""evaluated"":false,""fit_note"":"""",""reasons"":[""一般断层兜底（码义无法标定）""]}",unassessed
55,F092,01,01,断层泛称,实测,未评,109,运动性质不明,0.0,0,一般断层兜底（码义无法标定：名无语义+无辅助点语义）,兜底（一般断层）,0.3,,,,断层泛称,0.18,"{""S"":0.3,""I"":0.6,""F"":1.0,""C"":0.18,""band"":""unassessed"",""source_tier"":""code_read"",""independence"":""single"",""counterexample_open"":false,""adjudicated"":false,""evaluated"":false,""fit_note"":"""",""reasons"":[""一般断层兜底（码义无法标定）""]}",unassessed
56,F052,28,28,边界断裂,实测,未评,109,运动性质不明,73.0,0,老盖新（倾向盘 803 老于下盘 901，与逆断层编码值不同——推覆体界线判据）；码义逻辑判断继承（边界断裂，mle_semantic 全段继承）,consistent,0.75,,,,推覆体边界,0.6,"{""S"":0.75,""I"":0.8,""F"":1.0,""C"":0.6,""band"":""consistent"",""source_tier"":""multi"",""independence"":""intra_class"",""counterexample_open"":false,""adjudicated"":false,""evaluated"":true,""fit_note"":"""",""reasons"":[""checks=2"",""根类=1""]}",consistent
57,F153,31,31,断层泛称,实测,未评,109,运动性质不明,0.0,0,一般断层兜底（码义无法标定：名无语义+无辅助点语义）,兜底（一般断层）,0.3,,,,断层泛称,0.18,"{""S"":0.3,""I"":0.6,""F"":1.0,""C"":0.18,""band"":""unassessed"",""source_tier"":""code_read"",""independence"":""single"",""counterexample_open"":false,""adjudicated"":false,""evaluated"":false,""fit_note"":"""",""reasons"":[""一般断层兜底（码义无法标定）""]}",unassessed
58,F137,31,31,断层泛称,实测,未评,109,运动性质不明,0.0,0,一般断层兜底（码义无法标定：名无语义+无辅助点语义）,兜底（一般断层）,0.3,,,,断层泛称,0.18,"{""S"":0.3,""I"":0.6,""F"":1.0,""C"":0.18,""band"":""unassessed"",""source_tier"":""code_read"",""independence"":""single"",""counterexample_open"":false,""adjudicated"":false,""evaluated"":false,""fit_note"":"""",""reasons"":[""一般断层兜底（码义无法标定）""]}",unassessed
59,F011,31,31,断层泛称,实测,未评,109,运动性质不明,0.0,0,aux 组数×1；一般断层兜底（码义无法标定：名无语义+无辅助点语义）,兜底（一般断层）,0.3,,,逆断层产状点,断层泛称,0.18,"{""S"":0.3,""I"":0.6,""F"":1.0,""C"":0.18,""band"":""unassessed"",""source_tier"":""code_read"",""independence"":""single"",""counterexample_open"":false,""adjudicated"":false,""evaluated"":false,""fit_note"":"""",""reasons"":[""一般断层兜底（码义无法标定）""]}",unassessed
60,F031,31,31,断层泛称,实测,未评,109,运动性质不明,0.0,0,aux 组数×1；一般断层兜底（码义无法标定：名无语义+无辅助点语义）,兜底（一般断层）,0.3,,,正断层产状点,断层泛称,0.18,"{""S"":0.3,""I"":0.6,""F"":1.0,""C"":0.18,""band"":""unassessed"",""source_tier"":""code_read"",""independence"":""single"",""counterexample_open"":false,""adjudicated"":false,""evaluated"":false,""fit_note"":"""",""reasons"":[""一般断层兜底（码义无法标定）""]}",unassessed
61,F107,05,05,逆断层,实测,未评,101,压性,69.0,0,dip=69°；aux=逆断层产状点；aux 组数×1；GZELD=101(压性) 与 逆断层 一致,verified,0.9,,,逆断层产状点,逆断层,0.75,"{""S"":0.75,""I"":1.0,""F"":1.0,""C"":0.75,""band"":""consistent"",""source_tier"":""multi"",""independence"":""multi_root"",""counterexample_open"":false,""adjudicated"":false,""evaluated"":true,""fit_note"":"""",""reasons"":[""checks=4"",""根类=2""]}",consistent
62,F054,01,01,断层泛称,实测,未评,109,运动性质不明,0.0,0,一般断层兜底（码义无法标定：名无语义+无辅助点语义）,兜底（一般断层）,0.3,,,,断层泛称,0.18,"{""S"":0.3,""I"":0.6,""F"":1.0,""C"":0.18,""band"":""unassessed"",""source_tier"":""code_read"",""independence"":""single"",""counterexample_open"":false,""adjudicated"":false,""evaluated"":false,""fit_note"":"""",""reasons"":[""一般断层兜底（码义无法标定）""]}",unassessed
63,F029,31,31,断层泛称,实测,未评,109,运动性质不明,67.0,0,dip=67°；aux=逆断层产状点；aux 组数×2；码义继承（断层泛称——一般断层兼容段级证据，2026-10-04 用户裁定）,verified,0.9,,,逆断层产状点,逆断层,0.75,"{""S"":0.75,""I"":1.0,""F"":1.0,""C"":0.75,""band"":""consistent"",""source_tier"":""multi"",""independence"":""multi_root"",""counterexample_open"":false,""adjudicated"":false,""evaluated"":true,""fit_note"":"""",""reasons"":[""checks=4"",""根类=2""]}",consistent
64,F011,31,31,断层泛称,实测,未评,109,运动性质不明,0.0,0,aux 组数×1；一般断层兜底（码义无法标定：名无语义+无辅助点语义）,兜底（一般断层）,0.3,,,逆断层产状点,断层泛称,0.18,"{""S"":0.3,""I"":0.6,""F"":1.0,""C"":0.18,""band"":""unassessed"",""source_tier"":""code_read"",""independence"":""single"",""counterexample_open"":false,""adjudicated"":false,""evaluated"":false,""fit_note"":"""",""reasons"":[""一般断层兜底（码义无法标定）""]}",unassessed
65,F011,31,31,断层泛称,实测,未评,109,运动性质不明,0.0,0,aux 组数×1；一般断层兜底（码义无法标定：名无语义+无辅助点语义）,兜底（一般断层）,0.3,,,逆断层产状点,断层泛称,0.18,"{""S"":0.3,""I"":0.6,""F"":1.0,""C"":0.18,""band"":""unassessed"",""source_tier"":""code_read"",""independence"":""single"",""counterexample_open"":false,""adjudicated"":false,""evaluated"":false,""fit_note"":"""",""reasons"":[""一般断层兜底（码义无法标定）""]}",unassessed
66,F011,31,31,断层泛称,实测,未评,109,运动性质不明,0.0,0,aux 组数×1；一般断层兜底（码义无法标定：名无语义+无辅助点语义）,兜底（一般断层）,0.3,,,逆断层产状点,断层泛称,0.18,"{""S"":0.3,""I"":0.6,""F"":1.0,""C"":0.18,""band"":""unassessed"",""source_tier"":""code_read"",""independence"":""single"",""counterexample_open"":false,""adjudicated"":false,""evaluated"":false,""fit_note"":"""",""reasons"":[""一般断层兜底（码义无法标定）""]}",unassessed
67,F145,28,28,边界断裂,实测,未评,109,运动性质不明,0.0,0,,consistent,0.6,,,,边界断裂,0.18,"{""S"":0.3,""I"":0.6,""F"":1.0,""C"":0.18,""band"":""unassessed"",""source_tier"":""code_read"",""independence"":""single"",""counterexample_open"":false,""adjudicated"":false,""evaluated"":false,""fit_note"":"""",""reasons"":[""0 checks（无假设可评）""]}",unassessed
68,F070,05,05,逆断层,实测,未评,101,压性,64.0,0,dip=64°；aux=逆断层产状点；aux 组数×1；GZELD=101(压性) 与 逆断层 一致,verified,0.9,,,逆断层产状点,逆断层,0.75,"{""S"":0.75,""I"":1.0,""F"":1.0,""C"":0.75,""band"":""consistent"",""source_tier"":""multi"",""independence"":""multi_root"",""counterexample_open"":false,""adjudicated"":false,""evaluated"":true,""fit_note"":"""",""reasons"":[""checks=4"",""根类=2""]}",consistent
69,F145,28,28,边界断裂,实测,未评,109,运动性质不明,0.0,0,,consistent,0.6,,,,边界断裂,0.18,"{""S"":0.3,""I"":0.6,""F"":1.0,""C"":0.18,""band"":""unassessed"",""source_tier"":""code_read"",""independence"":""single"",""counterexample_open"":false,""adjudicated"":false,""evaluated"":false,""fit_note"":"""",""reasons"":[""0 checks（无假设可评）""]}",unassessed
70,F027,05,05,逆断层,实测,未评,101,压性,0.0,0,aux=逆断层产状点；aux 组数×1；GZELD=101(压性) 与 逆断层 一致,verified,0.9,,,逆断层产状点,逆断层,0.6,"{""S"":0.75,""I"":0.8,""F"":1.0,""C"":0.6,""band"":""consistent"",""source_tier"":""multi"",""independence"":""intra_class"",""counterexample_open"":false,""adjudicated"":false,""evaluated"":true,""fit_note"":"""",""reasons"":[""checks=3"",""根类=1""]}",consistent
71,F011,31,31,断层泛称,实测,未评,109,运动性质不明,0.0,0,aux 组数×1；一般断层兜底（码义无法标定：名无语义+无辅助点语义）,兜底（一般断层）,0.3,,,逆断层产状点,断层泛称,0.18,"{""S"":0.3,""I"":0.6,""F"":1.0,""C"":0.18,""band"":""unassessed"",""source_tier"":""code_read"",""independence"":""single"",""counterexample_open"":false,""adjudicated"":false,""evaluated"":false,""fit_note"":"""",""reasons"":[""一般断层兜底（码义无法标定）""]}",unassessed
72,F011,31,31,断层泛称,实测,未评,109,运动性质不明,0.0,0,aux 组数×1；一般断层兜底（码义无法标定：名无语义+无辅助点语义）,兜底（一般断层）,0.3,,,逆断层产状点,断层泛称,0.18,"{""S"":0.3,""I"":0.6,""F"":1.0,""C"":0.18,""band"":""unassessed"",""source_tier"":""code_read"",""independence"":""single"",""counterexample_open"":false,""adjudicated"":false,""evaluated"":false,""fit_note"":"""",""reasons"":[""一般断层兜底（码义无法标定）""]}",unassessed
73,F019,01,01,断层泛称,实测,未评,109,运动性质不明,0.0,0,一般断层兜底（码义无法标定：名无语义+无辅助点语义）,兜底（一般断层）,0.3,,,,断层泛称,0.18,"{""S"":0.3,""I"":0.6,""F"":1.0,""C"":0.18,""band"":""unassessed"",""source_tier"":""code_read"",""independence"":""single"",""counterexample_open"":false,""adjudicated"":false,""evaluated"":false,""fit_note"":"""",""reasons"":[""一般断层兜底（码义无法标定）""]}",unassessed
74,F011,31,31,断层泛称,实测,未评,109,运动性质不明,0.0,0,aux 组数×1；老盖新（倾向盘 230 老于下盘 901，与逆断层编码值不同——推覆体界线判据）；码义继承（断层泛称——一般断层兼容段级证据，2026-10-04 用户裁定）,consistent,0.6,,,逆断层产状点,推覆体边界,0.75,"{""S"":0.75,""I"":1.0,""F"":1.0,""C"":0.75,""band"":""consistent"",""source_tier"":""multi"",""independence"":""multi_root"",""counterexample_open"":false,""adjudicated"":false,""evaluated"":true,""fit_note"":"""",""reasons"":[""checks=3"",""根类=2""]}",consistent
75,F112,01,01,断层泛称,实测,未评,109,运动性质不明,0.0,0,一般断层兜底（码义无法标定：名无语义+无辅助点语义）,兜底（一般断层）,0.3,,,,断层泛称,0.18,"{""S"":0.3,""I"":0.6,""F"":1.0,""C"":0.18,""band"":""unassessed"",""source_tier"":""code_read"",""independence"":""single"",""counterexample_open"":false,""adjudicated"":false,""evaluated"":false,""fit_note"":"""",""reasons"":[""一般断层兜底（码义无法标定）""]}",unassessed
76,F011,31,31,断层泛称,实测,未评,109,运动性质不明,0.0,0,aux 组数×1；一般断层兜底（码义无法标定：名无语义+无辅助点语义）,兜底（一般断层）,0.3,,,逆断层产状点,断层泛称,0.18,"{""S"":0.3,""I"":0.6,""F"":1.0,""C"":0.18,""band"":""unassessed"",""source_tier"":""code_read"",""independence"":""single"",""counterexample_open"":false,""adjudicated"":false,""evaluated"":false,""fit_note"":"""",""reasons"":[""一般断层兜底（码义无法标定）""]}",unassessed
77,F112,01,01,断层泛称,实测,未评,109,运动性质不明,0.0,0,一般断层兜底（码义无法标定：名无语义+无辅助点语义）,兜底（一般断层）,0.3,,,,断层泛称,0.18,"{""S"":0.3,""I"":0.6,""F"":1.0,""C"":0.18,""band"":""unassessed"",""source_tier"":""code_read"",""independence"":""single"",""counterexample_open"":false,""adjudicated"":false,""evaluated"":false,""fit_note"":"""",""reasons"":[""一般断层兜底（码义无法标定）""]}",unassessed
78,F017,05,05,逆断层,实测,未评,101,压性,0.0,0,aux=逆断层产状点；aux 组数×1；GZELD=101(压性) 与 逆断层 一致,verified,0.9,,,逆断层产状点,逆断层,0.6,"{""S"":0.75,""I"":0.8,""F"":1.0,""C"":0.6,""band"":""consistent"",""source_tier"":""multi"",""independence"":""intra_class"",""counterexample_open"":false,""adjudicated"":false,""evaluated"":true,""fit_note"":"""",""reasons"":[""checks=3"",""根类=1""]}",consistent
79,F035,01,01,断层泛称,实测,未评,109,运动性质不明,0.0,0,aux 组数×1；一般断层兜底（码义无法标定：名无语义+无辅助点语义）,兜底（一般断层）,0.3,,,逆断层产状点,断层泛称,0.18,"{""S"":0.3,""I"":0.6,""F"":1.0,""C"":0.18,""band"":""unassessed"",""source_tier"":""code_read"",""independence"":""single"",""counterexample_open"":false,""adjudicated"":false,""evaluated"":false,""fit_note"":"""",""reasons"":[""一般断层兜底（码义无法标定）""]}",unassessed
80,F035,01,01,断层泛称,实测,未评,109,运动性质不明,0.0,0,aux 组数×1；一般断层兜底（码义无法标定：名无语义+无辅助点语义）,兜底（一般断层）,0.3,,,逆断层产状点,断层泛称,0.18,"{""S"":0.3,""I"":0.6,""F"":1.0,""C"":0.18,""band"":""unassessed"",""source_tier"":""code_read"",""independence"":""single"",""counterexample_open"":false,""adjudicated"":false,""evaluated"":false,""fit_note"":"""",""reasons"":[""一般断层兜底（码义无法标定）""]}",unassessed
81,F035,05,05,逆断层,实测,未评,101,压性,55.0,0,dip=55°；aux=逆断层产状点；aux 组数×1；GZELD=101(压性) 与 逆断层 一致,verified,0.9,,,逆断层产状点,逆断层,0.75,"{""S"":0.75,""I"":1.0,""F"":1.0,""C"":0.75,""band"":""consistent"",""source_tier"":""multi"",""independence"":""multi_root"",""counterexample_open"":false,""adjudicated"":false,""evaluated"":true,""fit_note"":"""",""reasons"":[""checks=4"",""根类=2""]}",consistent
82,F021,05,05,逆断层,实测,未评,101,压性,63.0,0,dip=63°；aux=逆断层产状点；aux 组数×1；GZELD=101(压性) 与 逆断层 一致,verified,0.9,,,逆断层产状点,逆断层,0.75,"{""S"":0.75,""I"":1.0,""F"":1.0,""C"":0.75,""band"":""consistent"",""source_tier"":""multi"",""independence"":""multi_root"",""counterexample_open"":false,""adjudicated"":false,""evaluated"":true,""fit_note"":"""",""reasons"":[""checks=4"",""根类=2""]}",consistent
83,F031,31,31,断层泛称,实测,未评,109,运动性质不明,0.0,0,aux 组数×1；一般断层兜底（码义无法标定：名无语义+无辅助点语义）,兜底（一般断层）,0.3,,,正断层产状点,断层泛称,0.18,"{""S"":0.3,""I"":0.6,""F"":1.0,""C"":0.18,""band"":""unassessed"",""source_tier"":""code_read"",""independence"":""single"",""counterexample_open"":false,""adjudicated"":false,""evaluated"":false,""fit_note"":"""",""reasons"":[""一般断层兜底（码义无法标定）""]}",unassessed
84,F036,01,01,断层泛称,实测,未评,109,运动性质不明,0.0,0,aux 组数×1；一般断层兜底（码义无法标定：名无语义+无辅助点语义）,兜底（一般断层）,0.3,,,逆断层产状点,断层泛称,0.18,"{""S"":0.3,""I"":0.6,""F"":1.0,""C"":0.18,""band"":""unassessed"",""source_tier"":""code_read"",""independence"":""single"",""counterexample_open"":false,""adjudicated"":false,""evaluated"":false,""fit_note"":"""",""reasons"":[""一般断层兜底（码义无法标定）""]}",unassessed
85,F055,05,05,逆断层,实测,未评,101,压性,0.0,0,aux=逆断层产状点；aux 组数×1；GZELD=101(压性) 与 逆断层 一致,verified,0.9,,,逆断层产状点,逆断层,0.6,"{""S"":0.75,""I"":0.8,""F"":1.0,""C"":0.6,""band"":""consistent"",""source_tier"":""multi"",""independence"":""intra_class"",""counterexample_open"":false,""adjudicated"":false,""evaluated"":true,""fit_note"":"""",""reasons"":[""checks=3"",""根类=1""]}",consistent
86,F095,05,05,逆断层,实测,未评,101,压性,70.0,0,dip=70°；aux=逆断层产状点；aux 组数×1；GZELD=101(压性) 与 逆断层 一致,verified,0.9,,,逆断层产状点,逆断层,0.75,"{""S"":0.75,""I"":1.0,""F"":1.0,""C"":0.75,""band"":""consistent"",""source_tier"":""multi"",""independence"":""multi_root"",""counterexample_open"":false,""adjudicated"":false,""evaluated"":true,""fit_note"":"""",""reasons"":[""checks=4"",""根类=2""]}",consistent
87,F057,01,01,断层泛称,实测,未评,109,运动性质不明,0.0,0,aux 组数×1；一般断层兜底（码义无法标定：名无语义+无辅助点语义）,兜底（一般断层）,0.3,,,逆断层产状点,断层泛称,0.18,"{""S"":0.3,""I"":0.6,""F"":1.0,""C"":0.18,""band"":""unassessed"",""source_tier"":""code_read"",""independence"":""single"",""counterexample_open"":false,""adjudicated"":false,""evaluated"":false,""fit_note"":"""",""reasons"":[""一般断层兜底（码义无法标定）""]}",unassessed
88,F036,05,05,逆断层,实测,未评,101,压性,57.0,0,dip=57°；aux=逆断层产状点；aux 组数×1；GZELD=101(压性) 与 逆断层 一致,verified,0.9,,,逆断层产状点,逆断层,0.75,"{""S"":0.75,""I"":1.0,""F"":1.0,""C"":0.75,""band"":""consistent"",""source_tier"":""multi"",""independence"":""multi_root"",""counterexample_open"":false,""adjudicated"":false,""evaluated"":true,""fit_note"":"""",""reasons"":[""checks=4"",""根类=2""]}",consistent
89,F006,01,01,断层泛称,实测,未评,109,运动性质不明,0.0,0,aux 组数×3；一般断层兜底（码义无法标定：名无语义+无辅助点语义）,兜底（一般断层）,0.3,,,逆断层产状点,断层泛称,0.18,"{""S"":0.3,""I"":0.6,""F"":1.0,""C"":0.18,""band"":""unassessed"",""source_tier"":""code_read"",""independence"":""single"",""counterexample_open"":false,""adjudicated"":false,""evaluated"":false,""fit_note"":"""",""reasons"":[""一般断层兜底（码义无法标定）""]}",unassessed
90,F021,01,01,断层泛称,实测,未评,109,运动性质不明,0.0,0,aux 组数×1；一般断层兜底（码义无法标定：名无语义+无辅助点语义）,兜底（一般断层）,0.3,,,逆断层产状点,断层泛称,0.18,"{""S"":0.3,""I"":0.6,""F"":1.0,""C"":0.18,""band"":""unassessed"",""source_tier"":""code_read"",""independence"":""single"",""counterexample_open"":false,""adjudicated"":false,""evaluated"":false,""fit_note"":"""",""reasons"":[""一般断层兜底（码义无法标定）""]}",unassessed
91,F057,01,01,断层泛称,实测,未评,109,运动性质不明,0.0,0,aux 组数×1；一般断层兜底（码义无法标定：名无语义+无辅助点语义）,兜底（一般断层）,0.3,,,逆断层产状点,断层泛称,0.18,"{""S"":0.3,""I"":0.6,""F"":1.0,""C"":0.18,""band"":""unassessed"",""source_tier"":""code_read"",""independence"":""single"",""counterexample_open"":false,""adjudicated"":false,""evaluated"":false,""fit_note"":"""",""reasons"":[""一般断层兜底（码义无法标定）""]}",unassessed
92,F006,01,01,断层泛称,实测,未评,109,运动性质不明,0.0,0,aux 组数×3；一般断层兜底（码义无法标定：名无语义+无辅助点语义）,兜底（一般断层）,0.3,,,逆断层产状点,断层泛称,0.18,"{""S"":0.3,""I"":0.6,""F"":1.0,""C"":0.18,""band"":""unassessed"",""source_tier"":""code_read"",""independence"":""single"",""counterexample_open"":false,""adjudicated"":false,""evaluated"":false,""fit_note"":"""",""reasons"":[""一般断层兜底（码义无法标定）""]}",unassessed
93,F006,05,05,逆断层,实测,未评,101,压性,65.0,0,dip=65°；aux=逆断层产状点；aux 组数×3；GZELD=101(压性) 与 逆断层 一致,verified,0.9,,,逆断层产状点,逆断层,0.75,"{""S"":0.75,""I"":1.0,""F"":1.0,""C"":0.75,""band"":""consistent"",""source_tier"":""multi"",""independence"":""multi_root"",""counterexample_open"":false,""adjudicated"":false,""evaluated"":true,""fit_note"":"""",""reasons"":[""checks=4"",""根类=2""]}",consistent
94,F136,01,01,断层泛称,实测,未评,109,运动性质不明,0.0,0,一般断层兜底（码义无法标定：名无语义+无辅助点语义）,兜底（一般断层）,0.3,,,,断层泛称,0.18,"{""S"":0.3,""I"":0.6,""F"":1.0,""C"":0.18,""band"":""unassessed"",""source_tier"":""code_read"",""independence"":""single"",""counterexample_open"":false,""adjudicated"":false,""evaluated"":false,""fit_note"":"""",""reasons"":[""一般断层兜底（码义无法标定）""]}",unassessed
95,F031,31,31,断层泛称,实测,未评,109,运动性质不明,51.0,0,dip=51°；aux=正断层产状点；aux 组数×1；码义继承（断层泛称——一般断层兼容段级证据，2026-10-04 用户裁定）,verified,0.9,,,正断层产状点,正断层,0.75,"{""S"":0.75,""I"":1.0,""F"":1.0,""C"":0.75,""band"":""consistent"",""source_tier"":""multi"",""independence"":""multi_root"",""counterexample_open"":false,""adjudicated"":false,""evaluated"":true,""fit_note"":"""",""reasons"":[""checks=4"",""根类=2""]}",consistent
96,F018,05,05,逆断层,实测,未评,101,压性,0.0,0,aux 组数×1；码义逻辑判断继承（逆断层，mle_semantic 全段继承）；GZELD=101(压性) 与 逆断层 一致,标定（矛盾保留）,0.3,,,正断层产状点,断层泛称,0.45,"{""S"":0.75,""I"":0.6,""F"":1.0,""C"":0.45,""band"":""suspect"",""source_tier"":""multi"",""independence"":""single"",""counterexample_open"":true,""adjudicated"":false,""evaluated"":true,""fit_note"":"""",""reasons"":[""MLE 标定·矛盾保留""]}",suspect
97,F150,05,05,逆断层,实测,未评,101,压性,0.0,0,aux=逆断层产状点；aux 组数×1；GZELD=101(压性) 与 逆断层 一致,verified,0.9,,,逆断层产状点,逆断层,0.6,"{""S"":0.75,""I"":0.8,""F"":1.0,""C"":0.6,""band"":""consistent"",""source_tier"":""multi"",""independence"":""intra_class"",""counterexample_open"":false,""adjudicated"":false,""evaluated"":true,""fit_note"":"""",""reasons"":[""checks=3"",""根类=1""]}",consistent
98,F036,01,01,断层泛称,实测,未评,109,运动性质不明,0.0,0,aux 组数×1；一般断层兜底（码义无法标定：名无语义+无辅助点语义）,兜底（一般断层）,0.3,,,逆断层产状点,断层泛称,0.18,"{""S"":0.3,""I"":0.6,""F"":1.0,""C"":0.18,""band"":""unassessed"",""source_tier"":""code_read"",""independence"":""single"",""counterexample_open"":false,""adjudicated"":false,""evaluated"":false,""fit_note"":"""",""reasons"":[""一般断层兜底（码义无法标定）""]}",unassessed
99,F004,41,41,断层泛称,实测,未评,109,运动性质不明,0.0,0,aux 组数×3；老盖新（倾向盘 1001 老于下盘 1201，与逆断层编码值不同——推覆体界线判据）；码义继承（断层泛称——一般断层兼容段级证据，2026-10-04 用户裁定）,consistent,0.6,F9,,逆断层产状点,推覆体边界,0.75,"{""S"":0.75,""I"":1.0,""F"":1.0,""C"":0.75,""band"":""consistent"",""source_tier"":""multi"",""independence"":""multi_root"",""counterexample_open"":false,""adjudicated"":false,""evaluated"":true,""fit_note"":"""",""reasons"":[""checks=3"",""根类=2""]}",consistent
100,F004,41,41,断层泛称,实测,未评,109,运动性质不明,0.0,0,aux 组数×3；一般断层兜底（码义无法标定：名无语义+无辅助点语义）,兜底（一般断层）,0.3,F9,,逆断层产状点,断层泛称,0.18,"{""S"":0.3,""I"":0.6,""F"":1.0,""C"":0.18,""band"":""unassessed"",""source_tier"":""code_read"",""independence"":""single"",""counterexample_open"":false,""adjudicated"":false,""evaluated"":false,""fit_note"":"""",""reasons"":[""一般断层兜底（码义无法标定）""]}",unassessed
101,F127,01,01,断层泛称,实测,未评,109,运动性质不明,0.0,0,一般断层兜底（码义无法标定：名无语义+无辅助点语义）,兜底（一般断层）,0.3,,,,断层泛称,0.18,"{""S"":0.3,""I"":0.6,""F"":1.0,""C"":0.18,""band"":""unassessed"",""source_tier"":""code_read"",""independence"":""single"",""counterexample_open"":false,""adjudicated"":false,""evaluated"":false,""fit_note"":"""",""reasons"":[""一般断层兜底（码义无法标定）""]}",unassessed
102,F057,05,05,逆断层,实测,未评,101,压性,65.0,0,dip=65°；aux=逆断层产状点；aux 组数×1；GZELD=101(压性) 与 逆断层 一致,verified,0.9,,,逆断层产状点,逆断层,0.75,"{""S"":0.75,""I"":1.0,""F"":1.0,""C"":0.75,""band"":""consistent"",""source_tier"":""multi"",""independence"":""multi_root"",""counterexample_open"":false,""adjudicated"":false,""evaluated"":true,""fit_note"":"""",""reasons"":[""checks=4"",""根类=2""]}",consistent
103,F128,01,01,断层泛称,实测,未评,109,运动性质不明,0.0,0,一般断层兜底（码义无法标定：名无语义+无辅助点语义）,兜底（一般断层）,0.3,,,,断层泛称,0.18,"{""S"":0.3,""I"":0.6,""F"":1.0,""C"":0.18,""band"":""unassessed"",""source_tier"":""code_read"",""independence"":""single"",""counterexample_open"":false,""adjudicated"":false,""evaluated"":false,""fit_note"":"""",""reasons"":[""一般断层兜底（码义无法标定）""]}",unassessed
104,F090,05,05,逆断层,实测,未评,101,压性,0.0,0,aux=逆断层产状点；aux 组数×1；GZELD=101(压性) 与 逆断层 一致,verified,0.9,,,逆断层产状点,逆断层,0.6,"{""S"":0.75,""I"":0.8,""F"":1.0,""C"":0.6,""band"":""consistent"",""source_tier"":""multi"",""independence"":""intra_class"",""counterexample_open"":false,""adjudicated"":false,""evaluated"":true,""fit_note"":"""",""reasons"":[""checks=3"",""根类=1""]}",consistent
105,F056,01,01,断层泛称,实测,未评,109,运动性质不明,70.0,0,一般断层兜底（码义无法标定：名无语义+无辅助点语义）,兜底（一般断层）,0.3,,,,断层泛称,0.18,"{""S"":0.3,""I"":0.6,""F"":1.0,""C"":0.18,""band"":""unassessed"",""source_tier"":""code_read"",""independence"":""single"",""counterexample_open"":false,""adjudicated"":false,""evaluated"":false,""fit_note"":"""",""reasons"":[""一般断层兜底（码义无法标定）""]}",unassessed
106,F030,05,05,逆断层,实测,未评,101,压性,55.0,0,dip=55°；aux=逆断层产状点；aux 组数×1；GZELD=101(压性) 与 逆断层 一致,verified,0.9,,,逆断层产状点,逆断层,0.75,"{""S"":0.75,""I"":1.0,""F"":1.0,""C"":0.75,""band"":""consistent"",""source_tier"":""multi"",""independence"":""multi_root"",""counterexample_open"":false,""adjudicated"":false,""evaluated"":true,""fit_note"":"""",""reasons"":[""checks=4"",""根类=2""]}",consistent
107,F022,05,05,逆断层,实测,未评,101,压性,72.0,0,dip=72°；aux=逆断层产状点；aux 组数×1；GZELD=101(压性) 与 逆断层 一致,verified,0.9,,,逆断层产状点,逆断层,0.75,"{""S"":0.75,""I"":1.0,""F"":1.0,""C"":0.75,""band"":""consistent"",""source_tier"":""multi"",""independence"":""multi_root"",""counterexample_open"":false,""adjudicated"":false,""evaluated"":true,""fit_note"":"""",""reasons"":[""checks=4"",""根类=2""]}",consistent
108,F034,01,01,断层泛称,实测,未评,109,运动性质不明,0.0,0,一般断层兜底（码义无法标定：名无语义+无辅助点语义）,兜底（一般断层）,0.3,,,,断层泛称,0.18,"{""S"":0.3,""I"":0.6,""F"":1.0,""C"":0.18,""band"":""unassessed"",""source_tier"":""code_read"",""independence"":""single"",""counterexample_open"":false,""adjudicated"":false,""evaluated"":false,""fit_note"":"""",""reasons"":[""一般断层兜底（码义无法标定）""]}",unassessed
109,F062,31,31,断层泛称,实测,未评,109,运动性质不明,0.0,0,aux 组数×1；一般断层兜底（码义无法标定：名无语义+无辅助点语义）,兜底（一般断层）,0.3,,,正断层产状点,断层泛称,0.18,"{""S"":0.3,""I"":0.6,""F"":1.0,""C"":0.18,""band"":""unassessed"",""source_tier"":""code_read"",""independence"":""single"",""counterexample_open"":false,""adjudicated"":false,""evaluated"":false,""fit_note"":"""",""reasons"":[""一般断层兜底（码义无法标定）""]}",unassessed
110,F130,01,01,断层泛称,实测,未评,109,运动性质不明,80.0,0,一般断层兜底（码义无法标定：名无语义+无辅助点语义）,兜底（一般断层）,0.3,,,,断层泛称,0.18,"{""S"":0.3,""I"":0.6,""F"":1.0,""C"":0.18,""band"":""unassessed"",""source_tier"":""code_read"",""independence"":""single"",""counterexample_open"":false,""adjudicated"":false,""evaluated"":false,""fit_note"":"""",""reasons"":[""一般断层兜底（码义无法标定）""]}",unassessed
111,F102,05,05,逆断层,实测,未评,101,压性,70.0,0,dip=70°；aux=逆断层产状点；aux 组数×1；GZELD=101(压性) 与 逆断层 一致,verified,0.9,,,逆断层产状点,逆断层,0.75,"{""S"":0.75,""I"":1.0,""F"":1.0,""C"":0.75,""band"":""consistent"",""source_tier"":""multi"",""independence"":""multi_root"",""counterexample_open"":false,""adjudicated"":false,""evaluated"":true,""fit_note"":"""",""reasons"":[""checks=4"",""根类=2""]}",consistent
112,F062,31,31,断层泛称,实测,未评,109,运动性质不明,0.0,0,aux 组数×1；一般断层兜底（码义无法标定：名无语义+无辅助点语义）,兜底（一般断层）,0.3,,,正断层产状点,断层泛称,0.18,"{""S"":0.3,""I"":0.6,""F"":1.0,""C"":0.18,""band"":""unassessed"",""source_tier"":""code_read"",""independence"":""single"",""counterexample_open"":false,""adjudicated"":false,""evaluated"":false,""fit_note"":"""",""reasons"":[""一般断层兜底（码义无法标定）""]}",unassessed
113,F004,41,41,断层泛称,实测,未评,109,运动性质不明,0.0,0,aux 组数×3；一般断层兜底（码义无法标定：名无语义+无辅助点语义）,兜底（一般断层）,0.3,F9,,逆断层产状点,断层泛称,0.18,"{""S"":0.3,""I"":0.6,""F"":1.0,""C"":0.18,""band"":""unassessed"",""source_tier"":""code_read"",""independence"":""single"",""counterexample_open"":false,""adjudicated"":false,""evaluated"":false,""fit_note"":"""",""reasons"":[""一般断层兜底（码义无法标定）""]}",unassessed
114,F022,01,01,断层泛称,实测,未评,109,运动性质不明,0.0,0,aux 组数×1；一般断层兜底（码义无法标定：名无语义+无辅助点语义）,兜底（一般断层）,0.3,,,逆断层产状点,断层泛称,0.18,"{""S"":0.3,""I"":0.6,""F"":1.0,""C"":0.18,""band"":""unassessed"",""source_tier"":""code_read"",""independence"":""single"",""counterexample_open"":false,""adjudicated"":false,""evaluated"":false,""fit_note"":"""",""reasons"":[""一般断层兜底（码义无法标定）""]}",unassessed
115,F005,01,01,断层泛称,实测,未评,109,运动性质不明,0.0,0,aux 组数×3；一般断层兜底（码义无法标定：名无语义+无辅助点语义）,兜底（一般断层）,0.3,,,逆断层产状点,断层泛称,0.18,"{""S"":0.3,""I"":0.6,""F"":1.0,""C"":0.18,""band"":""unassessed"",""source_tier"":""code_read"",""independence"":""single"",""counterexample_open"":false,""adjudicated"":false,""evaluated"":false,""fit_note"":"""",""reasons"":[""一般断层兜底（码义无法标定）""]}",unassessed
116,F005,01,01,断层泛称,实测,未评,109,运动性质不明,0.0,0,aux 组数×3；一般断层兜底（码义无法标定：名无语义+无辅助点语义）,兜底（一般断层）,0.3,,,逆断层产状点,断层泛称,0.18,"{""S"":0.3,""I"":0.6,""F"":1.0,""C"":0.18,""band"":""unassessed"",""source_tier"":""code_read"",""independence"":""single"",""counterexample_open"":false,""adjudicated"":false,""evaluated"":false,""fit_note"":"""",""reasons"":[""一般断层兜底（码义无法标定）""]}",unassessed
117,F004,41,41,断层泛称,实测,未评,109,运动性质不明,0.0,0,aux 组数×3；一般断层兜底（码义无法标定：名无语义+无辅助点语义）,兜底（一般断层）,0.3,F9,,逆断层产状点,断层泛称,0.18,"{""S"":0.3,""I"":0.6,""F"":1.0,""C"":0.18,""band"":""unassessed"",""source_tier"":""code_read"",""independence"":""single"",""counterexample_open"":false,""adjudicated"":false,""evaluated"":false,""fit_note"":"""",""reasons"":[""一般断层兜底（码义无法标定）""]}",unassessed
118,F062,31,31,断层泛称,实测,未评,109,运动性质不明,52.0,0,dip=52°；aux=正断层产状点；aux 组数×1；码义继承（断层泛称——一般断层兼容段级证据，2026-10-04 用户裁定）,verified,0.9,,,正断层产状点,正断层,0.75,"{""S"":0.75,""I"":1.0,""F"":1.0,""C"":0.75,""band"":""consistent"",""source_tier"":""multi"",""independence"":""multi_root"",""counterexample_open"":false,""adjudicated"":false,""evaluated"":true,""fit_note"":"""",""reasons"":[""checks=4"",""根类=2""]}",consistent
119,F005,01,01,断层泛称,实测,未评,109,运动性质不明,0.0,0,aux 组数×3；一般断层兜底（码义无法标定：名无语义+无辅助点语义）,兜底（一般断层）,0.3,,,逆断层产状点,断层泛称,0.18,"{""S"":0.3,""I"":0.6,""F"":1.0,""C"":0.18,""band"":""unassessed"",""source_tier"":""code_read"",""independence"":""single"",""counterexample_open"":false,""adjudicated"":false,""evaluated"":false,""fit_note"":"""",""reasons"":[""一般断层兜底（码义无法标定）""]}",unassessed
120,F109,01,01,断层泛称,实测,未评,109,运动性质不明,0.0,0,一般断层兜底（码义无法标定：名无语义+无辅助点语义）,兜底（一般断层）,0.3,,,,断层泛称,0.18,"{""S"":0.3,""I"":0.6,""F"":1.0,""C"":0.18,""band"":""unassessed"",""source_tier"":""code_read"",""independence"":""single"",""counterexample_open"":false,""adjudicated"":false,""evaluated"":false,""fit_note"":"""",""reasons"":[""一般断层兜底（码义无法标定）""]}",unassessed
121,F018,01,01,断层泛称,部分覆盖,未评,109,运动性质不明,0.0,15,aux 组数×1；一般断层兜底（码义无法标定：名无语义+无辅助点语义）,兜底（一般断层）,0.3,,,正断层产状点,断层泛称,0.18,"{""S"":0.3,""I"":0.6,""F"":1.0,""C"":0.18,""band"":""unassessed"",""source_tier"":""code_read"",""independence"":""single"",""counterexample_open"":false,""adjudicated"":false,""evaluated"":false,""fit_note"":"""",""reasons"":[""一般断层兜底（码义无法标定）""]}",unassessed
122,F109,01,01,断层泛称,实测,未评,109,运动性质不明,0.0,0,一般断层兜底（码义无法标定：名无语义+无辅助点语义）,兜底（一般断层）,0.3,,,,断层泛称,0.18,"{""S"":0.3,""I"":0.6,""F"":1.0,""C"":0.18,""band"":""unassessed"",""source_tier"":""code_read"",""independence"":""single"",""counterexample_open"":false,""adjudicated"":false,""evaluated"":false,""fit_note"":"""",""reasons"":[""一般断层兜底（码义无法标定）""]}",unassessed
123,F079,05,05,逆断层,实测,未评,101,压性,50.0,0,dip=50°；aux=逆断层产状点；aux 组数×1；GZELD=101(压性) 与 逆断层 一致,verified,0.9,,,逆断层产状点,逆断层,0.75,"{""S"":0.75,""I"":1.0,""F"":1.0,""C"":0.75,""band"":""consistent"",""source_tier"":""multi"",""independence"":""multi_root"",""counterexample_open"":false,""adjudicated"":false,""evaluated"":true,""fit_note"":"""",""reasons"":[""checks=4"",""根类=2""]}",consistent
124,F004,41,41,断层泛称,实测,未评,109,运动性质不明,0.0,0,aux 组数×3；一般断层兜底（码义无法标定：名无语义+无辅助点语义）,兜底（一般断层）,0.3,F9,,逆断层产状点,断层泛称,0.18,"{""S"":0.3,""I"":0.6,""F"":1.0,""C"":0.18,""band"":""unassessed"",""source_tier"":""code_read"",""independence"":""single"",""counterexample_open"":false,""adjudicated"":false,""evaluated"":false,""fit_note"":"""",""reasons"":[""一般断层兜底（码义无法标定）""]}",unassessed
125,F005,05,05,逆断层,实测,未评,101,压性,71.0,0,dip=71°；aux=逆断层产状点；aux 组数×3；GZELD=101(压性) 与 逆断层 一致,verified,0.9,,,逆断层产状点,逆断层,0.75,"{""S"":0.75,""I"":1.0,""F"":1.0,""C"":0.75,""band"":""consistent"",""source_tier"":""multi"",""independence"":""multi_root"",""counterexample_open"":false,""adjudicated"":false,""evaluated"":true,""fit_note"":"""",""reasons"":[""checks=4"",""根类=2""]}",consistent
126,F005,05,05,逆断层,实测,未评,101,压性,80.0,0,dip=80°；aux=逆断层产状点；aux 组数×3；GZELD=101(压性) 与 逆断层 一致,verified,0.9,,,逆断层产状点,逆断层,0.75,"{""S"":0.75,""I"":1.0,""F"":1.0,""C"":0.75,""band"":""consistent"",""source_tier"":""multi"",""independence"":""multi_root"",""counterexample_open"":false,""adjudicated"":false,""evaluated"":true,""fit_note"":"""",""reasons"":[""checks=4"",""根类=2""]}",consistent
127,F024,01,01,断层泛称,实测,未评,109,运动性质不明,0.0,0,一般断层兜底（码义无法标定：名无语义+无辅助点语义）,兜底（一般断层）,0.3,,,,断层泛称,0.18,"{""S"":0.3,""I"":0.6,""F"":1.0,""C"":0.18,""band"":""unassessed"",""source_tier"":""code_read"",""independence"":""single"",""counterexample_open"":false,""adjudicated"":false,""evaluated"":false,""fit_note"":"""",""reasons"":[""一般断层兜底（码义无法标定）""]}",unassessed
128,F091,18,18,左型走滑断层,实测,未评,104,左行,0.0,0,钩旋向 z=2181262（左行，符号 239/239）；GZELD=104(左行) 与 左型走滑断层 一致,verified,0.9,,,,左型走滑断层,0.6,"{""S"":0.75,""I"":0.8,""F"":1.0,""C"":0.6,""band"":""consistent"",""source_tier"":""multi"",""independence"":""intra_class"",""counterexample_open"":false,""adjudicated"":false,""evaluated"":true,""fit_note"":"""",""reasons"":[""checks=2"",""根类=1""]}",consistent
129,F024,01,01,断层泛称,实测,未评,109,运动性质不明,0.0,0,一般断层兜底（码义无法标定：名无语义+无辅助点语义）,兜底（一般断层）,0.3,,,,断层泛称,0.18,"{""S"":0.3,""I"":0.6,""F"":1.0,""C"":0.18,""band"":""unassessed"",""source_tier"":""code_read"",""independence"":""single"",""counterexample_open"":false,""adjudicated"":false,""evaluated"":false,""fit_note"":"""",""reasons"":[""一般断层兜底（码义无法标定）""]}",unassessed
130,F073,31,31,断层泛称,实测,未评,109,运动性质不明,0.0,2,一般断层兜底（码义无法标定：名无语义+无辅助点语义）,兜底（一般断层）,0.3,,,,断层泛称,0.18,"{""S"":0.3,""I"":0.6,""F"":1.0,""C"":0.18,""band"":""unassessed"",""source_tier"":""code_read"",""independence"":""single"",""counterexample_open"":false,""adjudicated"":false,""evaluated"":false,""fit_note"":"""",""reasons"":[""一般断层兜底（码义无法标定）""]}",unassessed
131,F134,16,16,右型走滑断层,实测,未评,103,右行走滑,0.0,0,钩旋向 z=-193227（右行，符号 238/238）；GZELD=103(右行走滑) 与 右型走滑断层 一致,verified,0.9,,,,右型走滑断层,0.6,"{""S"":0.75,""I"":0.8,""F"":1.0,""C"":0.6,""band"":""consistent"",""source_tier"":""multi"",""independence"":""intra_class"",""counterexample_open"":false,""adjudicated"":false,""evaluated"":true,""fit_note"":"""",""reasons"":[""checks=2"",""根类=1""]}",consistent
132,F018,04,04,推测断层,推测,未评,109,运动性质不明,0.0,100,推测断层签名（未注册码：全段无实测倾角+覆盖支撑≥2段）；aux 组数×1,verified,0.9,,,正断层产状点,推测断层,0.6,"{""S"":0.75,""I"":0.8,""F"":1.0,""C"":0.6,""band"":""consistent"",""source_tier"":""multi"",""independence"":""intra_class"",""counterexample_open"":false,""adjudicated"":false,""evaluated"":true,""fit_note"":"""",""reasons"":[""checks=2"",""根类=1""]}",consistent
133,F032,01,01,断层泛称,实测,未评,109,运动性质不明,0.0,0,一般断层兜底（码义无法标定：名无语义+无辅助点语义）,兜底（一般断层）,0.3,,,,断层泛称,0.18,"{""S"":0.3,""I"":0.6,""F"":1.0,""C"":0.18,""band"":""unassessed"",""source_tier"":""code_read"",""independence"":""single"",""counterexample_open"":false,""adjudicated"":false,""evaluated"":false,""fit_note"":"""",""reasons"":[""一般断层兜底（码义无法标定）""]}",unassessed
134,F110,01,01,断层泛称,实测,未评,109,运动性质不明,68.0,0,一般断层兜底（码义无法标定：名无语义+无辅助点语义）,兜底（一般断层）,0.3,,,,断层泛称,0.18,"{""S"":0.3,""I"":0.6,""F"":1.0,""C"":0.18,""band"":""unassessed"",""source_tier"":""code_read"",""independence"":""single"",""counterexample_open"":false,""adjudicated"":false,""evaluated"":false,""fit_note"":"""",""reasons"":[""一般断层兜底（码义无法标定）""]}",unassessed
135,F093,01,01,断层泛称,实测,未评,109,运动性质不明,0.0,0,一般断层兜底（码义无法标定：名无语义+无辅助点语义）,兜底（一般断层）,0.3,,,,断层泛称,0.18,"{""S"":0.3,""I"":0.6,""F"":1.0,""C"":0.18,""band"":""unassessed"",""source_tier"":""code_read"",""independence"":""single"",""counterexample_open"":false,""adjudicated"":false,""evaluated"":false,""fit_note"":"""",""reasons"":[""一般断层兜底（码义无法标定）""]}",unassessed
136,F003,01,01,断层泛称,实测,未评,109,运动性质不明,0.0,0,aux 组数×2；一般断层兜底（码义无法标定：名无语义+无辅助点语义）,兜底（一般断层）,0.3,,,逆断层产状点,断层泛称,0.18,"{""S"":0.3,""I"":0.6,""F"":1.0,""C"":0.18,""band"":""unassessed"",""source_tier"":""code_read"",""independence"":""single"",""counterexample_open"":false,""adjudicated"":false,""evaluated"":false,""fit_note"":"""",""reasons"":[""一般断层兜底（码义无法标定）""]}",unassessed
137,F003,01,01,断层泛称,实测,未评,109,运动性质不明,0.0,0,aux 组数×2；一般断层兜底（码义无法标定：名无语义+无辅助点语义）,兜底（一般断层）,0.3,,,逆断层产状点,断层泛称,0.18,"{""S"":0.3,""I"":0.6,""F"":1.0,""C"":0.18,""band"":""unassessed"",""source_tier"":""code_read"",""independence"":""single"",""counterexample_open"":false,""adjudicated"":false,""evaluated"":false,""fit_note"":"""",""reasons"":[""一般断层兜底（码义无法标定）""]}",unassessed
138,F003,01,01,断层泛称,实测,未评,109,运动性质不明,0.0,0,aux 组数×2；一般断层兜底（码义无法标定：名无语义+无辅助点语义）,兜底（一般断层）,0.3,,,逆断层产状点,断层泛称,0.18,"{""S"":0.3,""I"":0.6,""F"":1.0,""C"":0.18,""band"":""unassessed"",""source_tier"":""code_read"",""independence"":""single"",""counterexample_open"":false,""adjudicated"":false,""evaluated"":false,""fit_note"":"""",""reasons"":[""一般断层兜底（码义无法标定）""]}",unassessed
139,F093,01,01,断层泛称,实测,未评,109,运动性质不明,0.0,0,一般断层兜底（码义无法标定：名无语义+无辅助点语义）,兜底（一般断层）,0.3,,,,断层泛称,0.18,"{""S"":0.3,""I"":0.6,""F"":1.0,""C"":0.18,""band"":""unassessed"",""source_tier"":""code_read"",""independence"":""single"",""counterexample_open"":false,""adjudicated"":false,""evaluated"":false,""fit_note"":"""",""reasons"":[""一般断层兜底（码义无法标定）""]}",unassessed
140,F003,05,05,逆断层,实测,未评,101,压性,67.0,0,dip=67°；aux=逆断层产状点；aux 组数×2；GZELD=101(压性) 与 逆断层 一致,verified,0.9,,,逆断层产状点,逆断层,0.75,"{""S"":0.75,""I"":1.0,""F"":1.0,""C"":0.75,""band"":""consistent"",""source_tier"":""multi"",""independence"":""multi_root"",""counterexample_open"":false,""adjudicated"":false,""evaluated"":true,""fit_note"":"""",""reasons"":[""checks=4"",""根类=2""]}",consistent
141,F010,01,01,断层泛称,实测,未评,109,运动性质不明,0.0,0,一般断层兜底（码义无法标定：名无语义+无辅助点语义）,兜底（一般断层）,0.3,,,,断层泛称,0.18,"{""S"":0.3,""I"":0.6,""F"":1.0,""C"":0.18,""band"":""unassessed"",""source_tier"":""code_read"",""independence"":""single"",""counterexample_open"":false,""adjudicated"":false,""evaluated"":false,""fit_note"":"""",""reasons"":[""一般断层兜底（码义无法标定）""]}",unassessed
142,F005,05,05,逆断层,实测,未评,101,压性,63.0,0,dip=63°；aux=逆断层产状点；aux 组数×3；GZELD=101(压性) 与 逆断层 一致,verified,0.9,,,逆断层产状点,逆断层,0.75,"{""S"":0.75,""I"":1.0,""F"":1.0,""C"":0.75,""band"":""consistent"",""source_tier"":""multi"",""independence"":""multi_root"",""counterexample_open"":false,""adjudicated"":false,""evaluated"":true,""fit_note"":"""",""reasons"":[""checks=4"",""根类=2""]}",consistent
143,F067,05,05,逆断层,实测,未评,101,压性,73.0,0,aux 组数×1；码义逻辑判断继承（逆断层，mle_semantic 全段继承）；GZELD=101(压性) 与 逆断层 一致,标定（矛盾保留）,0.3,,,正断层产状点,断层泛称,0.45,"{""S"":0.75,""I"":0.6,""F"":1.0,""C"":0.45,""band"":""suspect"",""source_tier"":""multi"",""independence"":""single"",""counterexample_open"":true,""adjudicated"":false,""evaluated"":true,""fit_note"":"""",""reasons"":[""MLE 标定·矛盾保留""]}",suspect
144,F005,04,04,推测断层,推测,未评,109,运动性质不明,0.0,85,推测断层签名（未注册码：全段无实测倾角+覆盖支撑≥2段）；aux 组数×3,verified,0.9,,,逆断层产状点,推测断层,0.6,"{""S"":0.75,""I"":0.8,""F"":1.0,""C"":0.6,""band"":""consistent"",""source_tier"":""multi"",""independence"":""intra_class"",""counterexample_open"":false,""adjudicated"":false,""evaluated"":true,""fit_note"":"""",""reasons"":[""checks=2"",""根类=1""]}",consistent
145,F005,01,01,断层泛称,实测,未评,109,运动性质不明,0.0,0,aux 组数×3；一般断层兜底（码义无法标定：名无语义+无辅助点语义）,兜底（一般断层）,0.3,,,逆断层产状点,断层泛称,0.18,"{""S"":0.3,""I"":0.6,""F"":1.0,""C"":0.18,""band"":""unassessed"",""source_tier"":""code_read"",""independence"":""single"",""counterexample_open"":false,""adjudicated"":false,""evaluated"":false,""fit_note"":"""",""reasons"":[""一般断层兜底（码义无法标定）""]}",unassessed
146,F005,04,04,推测断层,推测,未评,109,运动性质不明,0.0,100,推测断层签名（未注册码：全段无实测倾角+覆盖支撑≥2段）；aux 组数×3,verified,0.9,,,逆断层产状点,推测断层,0.6,"{""S"":0.75,""I"":0.8,""F"":1.0,""C"":0.6,""band"":""consistent"",""source_tier"":""multi"",""independence"":""intra_class"",""counterexample_open"":false,""adjudicated"":false,""evaluated"":true,""fit_note"":"""",""reasons"":[""checks=2"",""根类=1""]}",consistent
147,F005,01,01,断层泛称,实测,未评,109,运动性质不明,0.0,0,aux 组数×3；一般断层兜底（码义无法标定：名无语义+无辅助点语义）,兜底（一般断层）,0.3,,,逆断层产状点,断层泛称,0.18,"{""S"":0.3,""I"":0.6,""F"":1.0,""C"":0.18,""band"":""unassessed"",""source_tier"":""code_read"",""independence"":""single"",""counterexample_open"":false,""adjudicated"":false,""evaluated"":false,""fit_note"":"""",""reasons"":[""一般断层兜底（码义无法标定）""]}",unassessed
148,F005,04,04,推测断层,推测,未评,109,运动性质不明,0.0,100,推测断层签名（未注册码：全段无实测倾角+覆盖支撑≥2段）；aux 组数×3,verified,0.9,,,逆断层产状点,推测断层,0.6,"{""S"":0.75,""I"":0.8,""F"":1.0,""C"":0.6,""band"":""consistent"",""source_tier"":""multi"",""independence"":""intra_class"",""counterexample_open"":false,""adjudicated"":false,""evaluated"":true,""fit_note"":"""",""reasons"":[""checks=2"",""根类=1""]}",consistent
149,F005,01,01,断层泛称,实测,未评,109,运动性质不明,0.0,0,aux 组数×3；一般断层兜底（码义无法标定：名无语义+无辅助点语义）,兜底（一般断层）,0.3,,,逆断层产状点,断层泛称,0.18,"{""S"":0.3,""I"":0.6,""F"":1.0,""C"":0.18,""band"":""unassessed"",""source_tier"":""code_read"",""independence"":""single"",""counterexample_open"":false,""adjudicated"":false,""evaluated"":false,""fit_note"":"""",""reasons"":[""一般断层兜底（码义无法标定）""]}",unassessed
150,F005,04,04,推测断层,推测,未评,109,运动性质不明,0.0,100,推测断层签名（未注册码：全段无实测倾角+覆盖支撑≥2段）；aux 组数×3,verified,0.9,,,逆断层产状点,推测断层,0.6,"{""S"":0.75,""I"":0.8,""F"":1.0,""C"":0.6,""band"":""consistent"",""source_tier"":""multi"",""independence"":""intra_class"",""counterexample_open"":false,""adjudicated"":false,""evaluated"":true,""fit_note"":"""",""reasons"":[""checks=2"",""根类=1""]}",consistent
151,F005,01,01,断层泛称,部分覆盖,未评,109,运动性质不明,0.0,12,aux 组数×3；一般断层兜底（码义无法标定：名无语义+无辅助点语义）,兜底（一般断层）,0.3,,,逆断层产状点,断层泛称,0.18,"{""S"":0.3,""I"":0.6,""F"":1.0,""C"":0.18,""band"":""unassessed"",""source_tier"":""code_read"",""independence"":""single"",""counterexample_open"":false,""adjudicated"":false,""evaluated"":false,""fit_note"":"""",""reasons"":[""一般断层兜底（码义无法标定）""]}",unassessed
152,F005,04,04,推测断层,推测,未评,109,运动性质不明,0.0,100,推测断层签名（未注册码：全段无实测倾角+覆盖支撑≥2段）；aux 组数×3,verified,0.9,,,逆断层产状点,推测断层,0.6,"{""S"":0.75,""I"":0.8,""F"":1.0,""C"":0.6,""band"":""consistent"",""source_tier"":""multi"",""independence"":""intra_class"",""counterexample_open"":false,""adjudicated"":false,""evaluated"":true,""fit_note"":"""",""reasons"":[""checks=2"",""根类=1""]}",consistent
153,F005,01,01,断层泛称,实测,未评,109,运动性质不明,0.0,4,aux 组数×3；一般断层兜底（码义无法标定：名无语义+无辅助点语义）,兜底（一般断层）,0.3,,,逆断层产状点,断层泛称,0.18,"{""S"":0.3,""I"":0.6,""F"":1.0,""C"":0.18,""band"":""unassessed"",""source_tier"":""code_read"",""independence"":""single"",""counterexample_open"":false,""adjudicated"":false,""evaluated"":false,""fit_note"":"""",""reasons"":[""一般断层兜底（码义无法标定）""]}",unassessed
154,F105,01,01,断层泛称,实测,未评,109,运动性质不明,0.0,0,一般断层兜底（码义无法标定：名无语义+无辅助点语义）,兜底（一般断层）,0.3,,,,断层泛称,0.18,"{""S"":0.3,""I"":0.6,""F"":1.0,""C"":0.18,""band"":""unassessed"",""source_tier"":""code_read"",""independence"":""single"",""counterexample_open"":false,""adjudicated"":false,""evaluated"":false,""fit_note"":"""",""reasons"":[""一般断层兜底（码义无法标定）""]}",unassessed
155,F066,01,01,断层泛称,实测,未评,109,运动性质不明,0.0,0,一般断层兜底（码义无法标定：名无语义+无辅助点语义）,兜底（一般断层）,0.3,,,,断层泛称,0.18,"{""S"":0.3,""I"":0.6,""F"":1.0,""C"":0.18,""band"":""unassessed"",""source_tier"":""code_read"",""independence"":""single"",""counterexample_open"":false,""adjudicated"":false,""evaluated"":false,""fit_note"":"""",""reasons"":[""一般断层兜底（码义无法标定）""]}",unassessed
156,F084,01,01,断层泛称,实测,未评,109,运动性质不明,0.0,0,一般断层兜底（码义无法标定：名无语义+无辅助点语义）,兜底（一般断层）,0.3,,,,断层泛称,0.18,"{""S"":0.3,""I"":0.6,""F"":1.0,""C"":0.18,""band"":""unassessed"",""source_tier"":""code_read"",""independence"":""single"",""counterexample_open"":false,""adjudicated"":false,""evaluated"":false,""fit_note"":"""",""reasons"":[""一般断层兜底（码义无法标定）""]}",unassessed
157,F140,01,01,断层泛称,实测,未评,109,运动性质不明,0.0,0,一般断层兜底（码义无法标定：名无语义+无辅助点语义）,兜底（一般断层）,0.3,,,,断层泛称,0.18,"{""S"":0.3,""I"":0.6,""F"":1.0,""C"":0.18,""band"":""unassessed"",""source_tier"":""code_read"",""independence"":""single"",""counterexample_open"":false,""adjudicated"":false,""evaluated"":false,""fit_note"":"""",""reasons"":[""一般断层兜底（码义无法标定）""]}",unassessed
158,F066,01,01,断层泛称,实测,未评,109,运动性质不明,0.0,0,一般断层兜底（码义无法标定：名无语义+无辅助点语义）,兜底（一般断层）,0.3,,,,断层泛称,0.18,"{""S"":0.3,""I"":0.6,""F"":1.0,""C"":0.18,""band"":""unassessed"",""source_tier"":""code_read"",""independence"":""single"",""counterexample_open"":false,""adjudicated"":false,""evaluated"":false,""fit_note"":"""",""reasons"":[""一般断层兜底（码义无法标定）""]}",unassessed
159,F100,01,01,断层泛称,实测,未评,109,运动性质不明,74.0,0,一般断层兜底（码义无法标定：名无语义+无辅助点语义）,兜底（一般断层）,0.3,,,,断层泛称,0.18,"{""S"":0.3,""I"":0.6,""F"":1.0,""C"":0.18,""band"":""unassessed"",""source_tier"":""code_read"",""independence"":""single"",""counterexample_open"":false,""adjudicated"":false,""evaluated"":false,""fit_note"":"""",""reasons"":[""一般断层兜底（码义无法标定）""]}",unassessed
160,F087,01,01,断层泛称,实测,未评,109,运动性质不明,0.0,0,一般断层兜底（码义无法标定：名无语义+无辅助点语义）,兜底（一般断层）,0.3,,,,断层泛称,0.18,"{""S"":0.3,""I"":0.6,""F"":1.0,""C"":0.18,""band"":""unassessed"",""source_tier"":""code_read"",""independence"":""single"",""counterexample_open"":false,""adjudicated"":false,""evaluated"":false,""fit_note"":"""",""reasons"":[""一般断层兜底（码义无法标定）""]}",unassessed
161,F088,01,01,断层泛称,实测,未评,109,运动性质不明,0.0,0,一般断层兜底（码义无法标定：名无语义+无辅助点语义）,兜底（一般断层）,0.3,,,,断层泛称,0.18,"{""S"":0.3,""I"":0.6,""F"":1.0,""C"":0.18,""band"":""unassessed"",""source_tier"":""code_read"",""independence"":""single"",""counterexample_open"":false,""adjudicated"":false,""evaluated"":false,""fit_note"":"""",""reasons"":[""一般断层兜底（码义无法标定）""]}",unassessed
162,F088,01,01,断层泛称,实测,未评,109,运动性质不明,0.0,0,一般断层兜底（码义无法标定：名无语义+无辅助点语义）,兜底（一般断层）,0.3,,,,断层泛称,0.18,"{""S"":0.3,""I"":0.6,""F"":1.0,""C"":0.18,""band"":""unassessed"",""source_tier"":""code_read"",""independence"":""single"",""counterexample_open"":false,""adjudicated"":false,""evaluated"":false,""fit_note"":"""",""reasons"":[""一般断层兜底（码义无法标定）""]}",unassessed
163,F074,01,01,断层泛称,实测,未评,109,运动性质不明,0.0,0,一般断层兜底（码义无法标定：名无语义+无辅助点语义）,兜底（一般断层）,0.3,,,,断层泛称,0.18,"{""S"":0.3,""I"":0.6,""F"":1.0,""C"":0.18,""band"":""unassessed"",""source_tier"":""code_read"",""independence"":""single"",""counterexample_open"":false,""adjudicated"":false,""evaluated"":false,""fit_note"":"""",""reasons"":[""一般断层兜底（码义无法标定）""]}",unassessed
164,F088,01,01,断层泛称,实测,未评,109,运动性质不明,0.0,0,一般断层兜底（码义无法标定：名无语义+无辅助点语义）,兜底（一般断层）,0.3,,,,断层泛称,0.18,"{""S"":0.3,""I"":0.6,""F"":1.0,""C"":0.18,""band"":""unassessed"",""source_tier"":""code_read"",""independence"":""single"",""counterexample_open"":false,""adjudicated"":false,""evaluated"":false,""fit_note"":"""",""reasons"":[""一般断层兜底（码义无法标定）""]}",unassessed
165,F141,01,01,断层泛称,实测,未评,109,运动性质不明,0.0,0,一般断层兜底（码义无法标定：名无语义+无辅助点语义）,兜底（一般断层）,0.3,,,,断层泛称,0.18,"{""S"":0.3,""I"":0.6,""F"":1.0,""C"":0.18,""band"":""unassessed"",""source_tier"":""code_read"",""independence"":""single"",""counterexample_open"":false,""adjudicated"":false,""evaluated"":false,""fit_note"":"""",""reasons"":[""一般断层兜底（码义无法标定）""]}",unassessed
166,F087,01,01,断层泛称,实测,未评,109,运动性质不明,0.0,0,一般断层兜底（码义无法标定：名无语义+无辅助点语义）,兜底（一般断层）,0.3,,,,断层泛称,0.18,"{""S"":0.3,""I"":0.6,""F"":1.0,""C"":0.18,""band"":""unassessed"",""source_tier"":""code_read"",""independence"":""single"",""counterexample_open"":false,""adjudicated"":false,""evaluated"":false,""fit_note"":"""",""reasons"":[""一般断层兜底（码义无法标定）""]}",unassessed
167,F001,28,28,边界断裂,实测,未评,109,运动性质不明,0.0,0,aux 组数×5,consistent,0.75,F48,,逆断层产状点,边界断裂,0.44,"{""S"":0.55,""I"":0.8,""F"":1.0,""C"":0.44,""band"":""suspect"",""source_tier"":""single"",""independence"":""intra_class"",""counterexample_open"":false,""adjudicated"":false,""evaluated"":true,""fit_note"":"""",""reasons"":[""checks=1"",""根类=1""]}",suspect
168,F028,05,05,逆断层,实测,未评,101,压性,0.0,0,aux=逆断层产状点；aux 组数×1；GZELD=101(压性) 与 逆断层 一致,verified,0.9,,,逆断层产状点,逆断层,0.6,"{""S"":0.75,""I"":0.8,""F"":1.0,""C"":0.6,""band"":""consistent"",""source_tier"":""multi"",""independence"":""intra_class"",""counterexample_open"":false,""adjudicated"":false,""evaluated"":true,""fit_note"":"""",""reasons"":[""checks=3"",""根类=1""]}",consistent
169,F001,28,28,边界断裂,实测,未评,109,运动性质不明,0.0,0,aux 组数×5,consistent,0.75,F48,,逆断层产状点,边界断裂,0.44,"{""S"":0.55,""I"":0.8,""F"":1.0,""C"":0.44,""band"":""suspect"",""source_tier"":""single"",""independence"":""intra_class"",""counterexample_open"":false,""adjudicated"":false,""evaluated"":true,""fit_note"":"""",""reasons"":[""checks=1"",""根类=1""]}",suspect
170,F028,05,05,逆断层,实测,未评,101,压性,65.0,0,dip=65°；aux=逆断层产状点；aux 组数×1；GZELD=101(压性) 与 逆断层 一致,verified,0.9,,,逆断层产状点,逆断层,0.75,"{""S"":0.75,""I"":1.0,""F"":1.0,""C"":0.75,""band"":""consistent"",""source_tier"":""multi"",""independence"":""multi_root"",""counterexample_open"":false,""adjudicated"":false,""evaluated"":true,""fit_note"":"""",""reasons"":[""checks=4"",""根类=2""]}",consistent
171,F037,01,01,断层泛称,实测,未评,109,运动性质不明,0.0,0,一般断层兜底（码义无法标定：名无语义+无辅助点语义）,兜底（一般断层）,0.3,,,,断层泛称,0.18,"{""S"":0.3,""I"":0.6,""F"":1.0,""C"":0.18,""band"":""unassessed"",""source_tier"":""code_read"",""independence"":""single"",""counterexample_open"":false,""adjudicated"":false,""evaluated"":false,""fit_note"":"""",""reasons"":[""一般断层兜底（码义无法标定）""]}",unassessed
172,F037,01,01,断层泛称,实测,未评,109,运动性质不明,50.0,0,一般断层兜底（码义无法标定：名无语义+无辅助点语义）,兜底（一般断层）,0.3,,,,断层泛称,0.18,"{""S"":0.3,""I"":0.6,""F"":1.0,""C"":0.18,""band"":""unassessed"",""source_tier"":""code_read"",""independence"":""single"",""counterexample_open"":false,""adjudicated"":false,""evaluated"":false,""fit_note"":"""",""reasons"":[""一般断层兜底（码义无法标定）""]}",unassessed
173,F122,01,01,断层泛称,实测,未评,109,运动性质不明,0.0,0,一般断层兜底（码义无法标定：名无语义+无辅助点语义）,兜底（一般断层）,0.3,,,,断层泛称,0.18,"{""S"":0.3,""I"":0.6,""F"":1.0,""C"":0.18,""band"":""unassessed"",""source_tier"":""code_read"",""independence"":""single"",""counterexample_open"":false,""adjudicated"":false,""evaluated"":false,""fit_note"":"""",""reasons"":[""一般断层兜底（码义无法标定）""]}",unassessed
174,F014,05,05,逆断层,实测,未评,101,压性,25.0,0,dip=25°；aux=逆断层产状点；aux 组数×1；GZELD=101(压性) 与 逆断层 一致,verified,0.9,,,逆断层产状点,逆断层,0.75,"{""S"":0.75,""I"":1.0,""F"":1.0,""C"":0.75,""band"":""consistent"",""source_tier"":""multi"",""independence"":""multi_root"",""counterexample_open"":false,""adjudicated"":false,""evaluated"":true,""fit_note"":"""",""reasons"":[""checks=4"",""根类=2""]}",consistent
175,F097,18,18,左型走滑断层,实测,未评,104,左行,0.0,0,钩旋向 z=1799794（左行，符号 239/239）；GZELD=104(左行) 与 左型走滑断层 一致,verified,0.9,,,,左型走滑断层,0.6,"{""S"":0.75,""I"":0.8,""F"":1.0,""C"":0.6,""band"":""consistent"",""source_tier"":""multi"",""independence"":""intra_class"",""counterexample_open"":false,""adjudicated"":false,""evaluated"":true,""fit_note"":"""",""reasons"":[""checks=2"",""根类=1""]}",consistent
176,F001,05,05,逆断层,实测,未评,109,运动性质不明,0.0,0,aux 组数×5；老盖新（倾向盘 702 老于下盘 1202，与逆断层编码值不同——推覆体界线判据）；码义逻辑判断继承（逆断层，mle_semantic 全段继承）,consistent,0.6,F48,,逆断层产状点,推覆体边界,0.75,"{""S"":0.75,""I"":1.0,""F"":1.0,""C"":0.75,""band"":""consistent"",""source_tier"":""multi"",""independence"":""multi_root"",""counterexample_open"":false,""adjudicated"":false,""evaluated"":true,""fit_note"":"""",""reasons"":[""checks=3"",""根类=2""]}",consistent
177,F001,28,28,边界断裂,实测,未评,109,运动性质不明,0.0,0,aux 组数×5,consistent,0.75,F48,,逆断层产状点,边界断裂,0.44,"{""S"":0.55,""I"":0.8,""F"":1.0,""C"":0.44,""band"":""suspect"",""source_tier"":""single"",""independence"":""intra_class"",""counterexample_open"":false,""adjudicated"":false,""evaluated"":true,""fit_note"":"""",""reasons"":[""checks=1"",""根类=1""]}",suspect
178,F025,01,01,断层泛称,实测,未评,109,运动性质不明,0.0,0,一般断层兜底（码义无法标定：名无语义+无辅助点语义）,兜底（一般断层）,0.3,,,,断层泛称,0.18,"{""S"":0.3,""I"":0.6,""F"":1.0,""C"":0.18,""band"":""unassessed"",""source_tier"":""code_read"",""independence"":""single"",""counterexample_open"":false,""adjudicated"":false,""evaluated"":false,""fit_note"":"""",""reasons"":[""一般断层兜底（码义无法标定）""]}",unassessed
179,F001,05,05,逆断层,实测,未评,109,运动性质不明,58.0,0,dip=58°；aux=逆断层产状点；aux 组数×5,verified,0.9,F48,,逆断层产状点,逆断层,0.75,"{""S"":0.75,""I"":1.0,""F"":1.0,""C"":0.75,""band"":""consistent"",""source_tier"":""multi"",""independence"":""multi_root"",""counterexample_open"":false,""adjudicated"":false,""evaluated"":true,""fit_note"":"""",""reasons"":[""checks=3"",""根类=2""]}",consistent
180,F106,01,01,断层泛称,实测,未评,109,运动性质不明,0.0,0,一般断层兜底（码义无法标定：名无语义+无辅助点语义）,兜底（一般断层）,0.3,,,,断层泛称,0.18,"{""S"":0.3,""I"":0.6,""F"":1.0,""C"":0.18,""band"":""unassessed"",""source_tier"":""code_read"",""independence"":""single"",""counterexample_open"":false,""adjudicated"":false,""evaluated"":false,""fit_note"":"""",""reasons"":[""一般断层兜底（码义无法标定）""]}",unassessed
181,F001,05,05,逆断层,实测,未评,109,运动性质不明,65.0,0,dip=65°；aux=逆断层产状点；aux 组数×5,verified,0.9,F48,,逆断层产状点,逆断层,0.75,"{""S"":0.75,""I"":1.0,""F"":1.0,""C"":0.75,""band"":""consistent"",""source_tier"":""multi"",""independence"":""multi_root"",""counterexample_open"":false,""adjudicated"":false,""evaluated"":true,""fit_note"":"""",""reasons"":[""checks=3"",""根类=2""]}",consistent
182,F058,01,01,断层泛称,实测,未评,109,运动性质不明,0.0,0,一般断层兜底（码义无法标定：名无语义+无辅助点语义）,兜底（一般断层）,0.3,,,,断层泛称,0.18,"{""S"":0.3,""I"":0.6,""F"":1.0,""C"":0.18,""band"":""unassessed"",""source_tier"":""code_read"",""independence"":""single"",""counterexample_open"":false,""adjudicated"":false,""evaluated"":false,""fit_note"":"""",""reasons"":[""一般断层兜底（码义无法标定）""]}",unassessed
183,F114,01,01,断层泛称,实测,未评,109,运动性质不明,0.0,0,一般断层兜底（码义无法标定：名无语义+无辅助点语义）,兜底（一般断层）,0.3,,,,断层泛称,0.18,"{""S"":0.3,""I"":0.6,""F"":1.0,""C"":0.18,""band"":""unassessed"",""source_tier"":""code_read"",""independence"":""single"",""counterexample_open"":false,""adjudicated"":false,""evaluated"":false,""fit_note"":"""",""reasons"":[""一般断层兜底（码义无法标定）""]}",unassessed
184,F106,01,01,断层泛称,实测,未评,109,运动性质不明,0.0,0,一般断层兜底（码义无法标定：名无语义+无辅助点语义）,兜底（一般断层）,0.3,,,,断层泛称,0.18,"{""S"":0.3,""I"":0.6,""F"":1.0,""C"":0.18,""band"":""unassessed"",""source_tier"":""code_read"",""independence"":""single"",""counterexample_open"":false,""adjudicated"":false,""evaluated"":false,""fit_note"":"""",""reasons"":[""一般断层兜底（码义无法标定）""]}",unassessed
185,F001,28,28,边界断裂,实测,未评,109,运动性质不明,0.0,0,aux 组数×5,consistent,0.75,F48,,逆断层产状点,边界断裂,0.44,"{""S"":0.55,""I"":0.8,""F"":1.0,""C"":0.44,""band"":""suspect"",""source_tier"":""single"",""independence"":""intra_class"",""counterexample_open"":false,""adjudicated"":false,""evaluated"":true,""fit_note"":"""",""reasons"":[""checks=1"",""根类=1""]}",suspect
186,F001,28,28,边界断裂,实测,未评,109,运动性质不明,0.0,0,aux 组数×5,consistent,0.75,F48,,逆断层产状点,边界断裂,0.44,"{""S"":0.55,""I"":0.8,""F"":1.0,""C"":0.44,""band"":""suspect"",""source_tier"":""single"",""independence"":""intra_class"",""counterexample_open"":false,""adjudicated"":false,""evaluated"":true,""fit_note"":"""",""reasons"":[""checks=1"",""根类=1""]}",suspect
187,F001,28,28,边界断裂,实测,未评,109,运动性质不明,0.0,0,aux 组数×5,consistent,0.75,F48,,逆断层产状点,边界断裂,0.44,"{""S"":0.55,""I"":0.8,""F"":1.0,""C"":0.44,""band"":""suspect"",""source_tier"":""single"",""independence"":""intra_class"",""counterexample_open"":false,""adjudicated"":false,""evaluated"":true,""fit_note"":"""",""reasons"":[""checks=1"",""根类=1""]}",suspect
188,F114,01,01,断层泛称,实测,未评,109,运动性质不明,0.0,0,一般断层兜底（码义无法标定：名无语义+无辅助点语义）,兜底（一般断层）,0.3,,,,断层泛称,0.18,"{""S"":0.3,""I"":0.6,""F"":1.0,""C"":0.18,""band"":""unassessed"",""source_tier"":""code_read"",""independence"":""single"",""counterexample_open"":false,""adjudicated"":false,""evaluated"":false,""fit_note"":"""",""reasons"":[""一般断层兜底（码义无法标定）""]}",unassessed
189,F008,05,05,逆断层,实测,未评,101,压性,55.0,0,dip=55°；aux=逆断层产状点；aux 组数×1；GZELD=101(压性) 与 逆断层 一致,verified,0.9,,,逆断层产状点,逆断层,0.75,"{""S"":0.75,""I"":1.0,""F"":1.0,""C"":0.75,""band"":""consistent"",""source_tier"":""multi"",""independence"":""multi_root"",""counterexample_open"":false,""adjudicated"":false,""evaluated"":true,""fit_note"":"""",""reasons"":[""checks=4"",""根类=2""]}",consistent
190,F001,28,28,边界断裂,实测,未评,109,运动性质不明,0.0,0,aux 组数×5,consistent,0.75,F48,,逆断层产状点,边界断裂,0.44,"{""S"":0.55,""I"":0.8,""F"":1.0,""C"":0.44,""band"":""suspect"",""source_tier"":""single"",""independence"":""intra_class"",""counterexample_open"":false,""adjudicated"":false,""evaluated"":true,""fit_note"":"""",""reasons"":[""checks=1"",""根类=1""]}",suspect
191,F089,01,01,断层泛称,实测,未评,109,运动性质不明,78.0,0,dip=78°；地层重复(→K↓2→Y，推覆重复)；老盖新（倾向盘 1002 老于下盘 1202）；码义继承（断层泛称——一般断层兼容段级证据，2026-10-04 用户裁定）,verified,0.9,,,,推覆体边界,0.75,"{""S"":0.75,""I"":1.0,""F"":1.0,""C"":0.75,""band"":""consistent"",""source_tier"":""multi"",""independence"":""multi_root"",""counterexample_open"":false,""adjudicated"":false,""evaluated"":true,""fit_note"":"""",""reasons"":[""checks=4"",""根类=2""]}",consistent
192,F001,28,28,边界断裂,实测,未评,109,运动性质不明,0.0,0,aux 组数×5,consistent,0.75,F48,,逆断层产状点,边界断裂,0.44,"{""S"":0.55,""I"":0.8,""F"":1.0,""C"":0.44,""band"":""suspect"",""source_tier"":""single"",""independence"":""intra_class"",""counterexample_open"":false,""adjudicated"":false,""evaluated"":true,""fit_note"":"""",""reasons"":[""checks=1"",""根类=1""]}",suspect
193,F118,01,01,断层泛称,实测,未评,109,运动性质不明,0.0,0,一般断层兜底（码义无法标定：名无语义+无辅助点语义）,兜底（一般断层）,0.3,,,,断层泛称,0.18,"{""S"":0.3,""I"":0.6,""F"":1.0,""C"":0.18,""band"":""unassessed"",""source_tier"":""code_read"",""independence"":""single"",""counterexample_open"":false,""adjudicated"":false,""evaluated"":false,""fit_note"":"""",""reasons"":[""一般断层兜底（码义无法标定）""]}",unassessed
194,F118,01,01,断层泛称,实测,未评,109,运动性质不明,0.0,0,一般断层兜底（码义无法标定：名无语义+无辅助点语义）,兜底（一般断层）,0.3,,,,断层泛称,0.18,"{""S"":0.3,""I"":0.6,""F"":1.0,""C"":0.18,""band"":""unassessed"",""source_tier"":""code_read"",""independence"":""single"",""counterexample_open"":false,""adjudicated"":false,""evaluated"":false,""fit_note"":"""",""reasons"":[""一般断层兜底（码义无法标定）""]}",unassessed
195,F094,01,01,断层泛称,实测,未评,109,运动性质不明,0.0,0,一般断层兜底（码义无法标定：名无语义+无辅助点语义）,兜底（一般断层）,0.3,,,,断层泛称,0.18,"{""S"":0.3,""I"":0.6,""F"":1.0,""C"":0.18,""band"":""unassessed"",""source_tier"":""code_read"",""independence"":""single"",""counterexample_open"":false,""adjudicated"":false,""evaluated"":false,""fit_note"":"""",""reasons"":[""一般断层兜底（码义无法标定）""]}",unassessed
196,F148,18,18,左型走滑断层,实测,未评,104,左行,0.0,0,钩旋向 z=276572（左行，符号 239/239）；GZELD=104(左行) 与 左型走滑断层 一致,verified,0.9,,,,左型走滑断层,0.6,"{""S"":0.75,""I"":0.8,""F"":1.0,""C"":0.6,""band"":""consistent"",""source_tier"":""multi"",""independence"":""intra_class"",""counterexample_open"":false,""adjudicated"":false,""evaluated"":true,""fit_note"":"""",""reasons"":[""checks=2"",""根类=1""]}",consistent
197,F063,01,01,断层泛称,实测,未评,109,运动性质不明,0.0,0,一般断层兜底（码义无法标定：名无语义+无辅助点语义）,兜底（一般断层）,0.3,,,,断层泛称,0.18,"{""S"":0.3,""I"":0.6,""F"":1.0,""C"":0.18,""band"":""unassessed"",""source_tier"":""code_read"",""independence"":""single"",""counterexample_open"":false,""adjudicated"":false,""evaluated"":false,""fit_note"":"""",""reasons"":[""一般断层兜底（码义无法标定）""]}",unassessed
198,F044,01,01,断层泛称,实测,未评,109,运动性质不明,0.0,0,一般断层兜底（码义无法标定：名无语义+无辅助点语义）,兜底（一般断层）,0.3,,,,断层泛称,0.18,"{""S"":0.3,""I"":0.6,""F"":1.0,""C"":0.18,""band"":""unassessed"",""source_tier"":""code_read"",""independence"":""single"",""counterexample_open"":false,""adjudicated"":false,""evaluated"":false,""fit_note"":"""",""reasons"":[""一般断层兜底（码义无法标定）""]}",unassessed
199,F125,01,01,断层泛称,实测,未评,109,运动性质不明,0.0,0,一般断层兜底（码义无法标定：名无语义+无辅助点语义）,兜底（一般断层）,0.3,,,,断层泛称,0.18,"{""S"":0.3,""I"":0.6,""F"":1.0,""C"":0.18,""band"":""unassessed"",""source_tier"":""code_read"",""independence"":""single"",""counterexample_open"":false,""adjudicated"":false,""evaluated"":false,""fit_note"":"""",""reasons"":[""一般断层兜底（码义无法标定）""]}",unassessed
200,F120,01,01,断层泛称,实测,未评,109,运动性质不明,0.0,0,一般断层兜底（码义无法标定：名无语义+无辅助点语义）,兜底（一般断层）,0.3,,,,断层泛称,0.18,"{""S"":0.3,""I"":0.6,""F"":1.0,""C"":0.18,""band"":""unassessed"",""source_tier"":""code_read"",""independence"":""single"",""counterexample_open"":false,""adjudicated"":false,""evaluated"":false,""fit_note"":"""",""reasons"":[""一般断层兜底（码义无法标定）""]}",unassessed
201,F001,28,28,边界断裂,实测,未评,109,运动性质不明,0.0,0,aux 组数×5,consistent,0.75,F48,,逆断层产状点,边界断裂,0.44,"{""S"":0.55,""I"":0.8,""F"":1.0,""C"":0.44,""band"":""suspect"",""source_tier"":""single"",""independence"":""intra_class"",""counterexample_open"":false,""adjudicated"":false,""evaluated"":true,""fit_note"":"""",""reasons"":[""checks=1"",""根类=1""]}",suspect
202,F125,01,01,断层泛称,实测,未评,109,运动性质不明,68.0,0,一般断层兜底（码义无法标定：名无语义+无辅助点语义）,兜底（一般断层）,0.3,,,,断层泛称,0.18,"{""S"":0.3,""I"":0.6,""F"":1.0,""C"":0.18,""band"":""unassessed"",""source_tier"":""code_read"",""independence"":""single"",""counterexample_open"":false,""adjudicated"":false,""evaluated"":false,""fit_note"":"""",""reasons"":[""一般断层兜底（码义无法标定）""]}",unassessed
203,F121,01,01,断层泛称,实测,未评,109,运动性质不明,50.0,0,一般断层兜底（码义无法标定：名无语义+无辅助点语义）,兜底（一般断层）,0.3,,,,断层泛称,0.18,"{""S"":0.3,""I"":0.6,""F"":1.0,""C"":0.18,""band"":""unassessed"",""source_tier"":""code_read"",""independence"":""single"",""counterexample_open"":false,""adjudicated"":false,""evaluated"":false,""fit_note"":"""",""reasons"":[""一般断层兜底（码义无法标定）""]}",unassessed
204,F015,01,01,断层泛称,实测,未评,109,运动性质不明,0.0,0,一般断层兜底（码义无法标定：名无语义+无辅助点语义）,兜底（一般断层）,0.3,,,,断层泛称,0.18,"{""S"":0.3,""I"":0.6,""F"":1.0,""C"":0.18,""band"":""unassessed"",""source_tier"":""code_read"",""independence"":""single"",""counterexample_open"":false,""adjudicated"":false,""evaluated"":false,""fit_note"":"""",""reasons"":[""一般断层兜底（码义无法标定）""]}",unassessed
205,F063,01,01,断层泛称,实测,未评,109,运动性质不明,0.0,0,一般断层兜底（码义无法标定：名无语义+无辅助点语义）,兜底（一般断层）,0.3,,,,断层泛称,0.18,"{""S"":0.3,""I"":0.6,""F"":1.0,""C"":0.18,""band"":""unassessed"",""source_tier"":""code_read"",""independence"":""single"",""counterexample_open"":false,""adjudicated"":false,""evaluated"":false,""fit_note"":"""",""reasons"":[""一般断层兜底（码义无法标定）""]}",unassessed
206,F015,01,01,断层泛称,实测,未评,109,运动性质不明,0.0,0,一般断层兜底（码义无法标定：名无语义+无辅助点语义）,兜底（一般断层）,0.3,,,,断层泛称,0.18,"{""S"":0.3,""I"":0.6,""F"":1.0,""C"":0.18,""band"":""unassessed"",""source_tier"":""code_read"",""independence"":""single"",""counterexample_open"":false,""adjudicated"":false,""evaluated"":false,""fit_note"":"""",""reasons"":[""一般断层兜底（码义无法标定）""]}",unassessed
207,F089,01,01,断层泛称,实测,未评,109,运动性质不明,0.0,0,一般断层兜底（码义无法标定：名无语义+无辅助点语义）,兜底（一般断层）,0.3,,,,断层泛称,0.18,"{""S"":0.3,""I"":0.6,""F"":1.0,""C"":0.18,""band"":""unassessed"",""source_tier"":""code_read"",""independence"":""single"",""counterexample_open"":false,""adjudicated"":false,""evaluated"":false,""fit_note"":"""",""reasons"":[""一般断层兜底（码义无法标定）""]}",unassessed
208,F001,28,28,边界断裂,实测,未评,109,运动性质不明,50.0,0,aux 组数×5；老盖新（倾向盘 601 老于下盘 903，与逆断层编码值不同——推覆体界线判据）；码义逻辑判断继承（边界断裂，mle_semantic 全段继承）,verified,0.9,F48,,逆断层产状点,推覆体边界,0.75,"{""S"":0.75,""I"":1.0,""F"":1.0,""C"":0.75,""band"":""consistent"",""source_tier"":""multi"",""independence"":""multi_root"",""counterexample_open"":false,""adjudicated"":false,""evaluated"":true,""fit_note"":"""",""reasons"":[""checks=3"",""根类=2""]}",consistent
209,F015,01,01,断层泛称,实测,未评,109,运动性质不明,0.0,0,一般断层兜底（码义无法标定：名无语义+无辅助点语义）,兜底（一般断层）,0.3,,,,断层泛称,0.18,"{""S"":0.3,""I"":0.6,""F"":1.0,""C"":0.18,""band"":""unassessed"",""source_tier"":""code_read"",""independence"":""single"",""counterexample_open"":false,""adjudicated"":false,""evaluated"":false,""fit_note"":"""",""reasons"":[""一般断层兜底（码义无法标定）""]}",unassessed
210,F001,01,01,断层泛称,实测,未评,109,运动性质不明,0.0,0,aux 组数×5；一般断层兜底（码义无法标定：名无语义+无辅助点语义）,兜底（一般断层）,0.3,F48,,逆断层产状点,断层泛称,0.18,"{""S"":0.3,""I"":0.6,""F"":1.0,""C"":0.18,""band"":""unassessed"",""source_tier"":""code_read"",""independence"":""single"",""counterexample_open"":false,""adjudicated"":false,""evaluated"":false,""fit_note"":"""",""reasons"":[""一般断层兜底（码义无法标定）""]}",unassessed
211,F015,01,01,断层泛称,实测,未评,109,运动性质不明,0.0,0,一般断层兜底（码义无法标定：名无语义+无辅助点语义）,兜底（一般断层）,0.3,,,,断层泛称,0.18,"{""S"":0.3,""I"":0.6,""F"":1.0,""C"":0.18,""band"":""unassessed"",""source_tier"":""code_read"",""independence"":""single"",""counterexample_open"":false,""adjudicated"":false,""evaluated"":false,""fit_note"":"""",""reasons"":[""一般断层兜底（码义无法标定）""]}",unassessed
212,F001,28,28,边界断裂,实测,未评,109,运动性质不明,0.0,0,aux 组数×5,consistent,0.75,F48,,逆断层产状点,边界断裂,0.44,"{""S"":0.55,""I"":0.8,""F"":1.0,""C"":0.44,""band"":""suspect"",""source_tier"":""single"",""independence"":""intra_class"",""counterexample_open"":false,""adjudicated"":false,""evaluated"":true,""fit_note"":"""",""reasons"":[""checks=1"",""根类=1""]}",suspect
213,F002,41,41,断层泛称,实测,未评,109,运动性质不明,0.0,0,一般断层兜底（码义无法标定：名无语义+无辅助点语义）,兜底（一般断层）,0.3,F50,,,断层泛称,0.18,"{""S"":0.3,""I"":0.6,""F"":1.0,""C"":0.18,""band"":""unassessed"",""source_tier"":""code_read"",""independence"":""single"",""counterexample_open"":false,""adjudicated"":false,""evaluated"":false,""fit_note"":"""",""reasons"":[""一般断层兜底（码义无法标定）""]}",unassessed
214,F002,41,41,断层泛称,实测,未评,109,运动性质不明,0.0,0,一般断层兜底（码义无法标定：名无语义+无辅助点语义）,兜底（一般断层）,0.3,F50,,,断层泛称,0.18,"{""S"":0.3,""I"":0.6,""F"":1.0,""C"":0.18,""band"":""unassessed"",""source_tier"":""code_read"",""independence"":""single"",""counterexample_open"":false,""adjudicated"":false,""evaluated"":false,""fit_note"":"""",""reasons"":[""一般断层兜底（码义无法标定）""]}",unassessed
215,F008,01,01,断层泛称,实测,未评,109,运动性质不明,0.0,0,aux 组数×1；一般断层兜底（码义无法标定：名无语义+无辅助点语义）,兜底（一般断层）,0.3,,,逆断层产状点,断层泛称,0.18,"{""S"":0.3,""I"":0.6,""F"":1.0,""C"":0.18,""band"":""unassessed"",""source_tier"":""code_read"",""independence"":""single"",""counterexample_open"":false,""adjudicated"":false,""evaluated"":false,""fit_note"":"""",""reasons"":[""一般断层兜底（码义无法标定）""]}",unassessed
216,F008,04,04,推测断层,推测,未评,109,运动性质不明,0.0,99,推测断层签名（未注册码：全段无实测倾角+覆盖支撑≥2段）；aux 组数×1,verified,0.9,,,逆断层产状点,推测断层,0.6,"{""S"":0.75,""I"":0.8,""F"":1.0,""C"":0.6,""band"":""consistent"",""source_tier"":""multi"",""independence"":""intra_class"",""counterexample_open"":false,""adjudicated"":false,""evaluated"":true,""fit_note"":"""",""reasons"":[""checks=2"",""根类=1""]}",consistent
217,F063,01,01,断层泛称,实测,未评,109,运动性质不明,0.0,8,一般断层兜底（码义无法标定：名无语义+无辅助点语义）,兜底（一般断层）,0.3,,,,断层泛称,0.18,"{""S"":0.3,""I"":0.6,""F"":1.0,""C"":0.18,""band"":""unassessed"",""source_tier"":""code_read"",""independence"":""single"",""counterexample_open"":false,""adjudicated"":false,""evaluated"":false,""fit_note"":"""",""reasons"":[""一般断层兜底（码义无法标定）""]}",unassessed
218,F051,01,01,断层泛称,推测,未评,109,运动性质不明,0.0,65,一般断层兜底（码义无法标定：名无语义+无辅助点语义）,兜底（一般断层）,0.3,,,,断层泛称,0.18,"{""S"":0.3,""I"":0.6,""F"":1.0,""C"":0.18,""band"":""unassessed"",""source_tier"":""code_read"",""independence"":""single"",""counterexample_open"":false,""adjudicated"":false,""evaluated"":false,""fit_note"":"""",""reasons"":[""一般断层兜底（码义无法标定）""]}",unassessed
219,F008,01,01,断层泛称,实测,未评,109,运动性质不明,0.0,0,aux 组数×1；一般断层兜底（码义无法标定：名无语义+无辅助点语义）,兜底（一般断层）,0.3,,,逆断层产状点,断层泛称,0.18,"{""S"":0.3,""I"":0.6,""F"":1.0,""C"":0.18,""band"":""unassessed"",""source_tier"":""code_read"",""independence"":""single"",""counterexample_open"":false,""adjudicated"":false,""evaluated"":false,""fit_note"":"""",""reasons"":[""一般断层兜底（码义无法标定）""]}",unassessed
220,F002,41,41,断层泛称,实测,未评,109,运动性质不明,0.0,0,一般断层兜底（码义无法标定：名无语义+无辅助点语义）,兜底（一般断层）,0.3,F50,,,断层泛称,0.18,"{""S"":0.3,""I"":0.6,""F"":1.0,""C"":0.18,""band"":""unassessed"",""source_tier"":""code_read"",""independence"":""single"",""counterexample_open"":false,""adjudicated"":false,""evaluated"":false,""fit_note"":"""",""reasons"":[""一般断层兜底（码义无法标定）""]}",unassessed
221,F008,01,01,断层泛称,实测,未评,109,运动性质不明,0.0,0,aux 组数×1；一般断层兜底（码义无法标定：名无语义+无辅助点语义）,兜底（一般断层）,0.3,,,逆断层产状点,断层泛称,0.18,"{""S"":0.3,""I"":0.6,""F"":1.0,""C"":0.18,""band"":""unassessed"",""source_tier"":""code_read"",""independence"":""single"",""counterexample_open"":false,""adjudicated"":false,""evaluated"":false,""fit_note"":"""",""reasons"":[""一般断层兜底（码义无法标定）""]}",unassessed
222,F008,04,04,推测断层,推测,未评,109,运动性质不明,0.0,100,推测断层签名（未注册码：全段无实测倾角+覆盖支撑≥2段）；aux 组数×1,verified,0.9,,,逆断层产状点,推测断层,0.6,"{""S"":0.75,""I"":0.8,""F"":1.0,""C"":0.6,""band"":""consistent"",""source_tier"":""multi"",""independence"":""intra_class"",""counterexample_open"":false,""adjudicated"":false,""evaluated"":true,""fit_note"":"""",""reasons"":[""checks=2"",""根类=1""]}",consistent
223,F001,28,28,边界断裂,实测,未评,109,运动性质不明,0.0,0,aux 组数×5,consistent,0.75,F48,,逆断层产状点,边界断裂,0.44,"{""S"":0.55,""I"":0.8,""F"":1.0,""C"":0.44,""band"":""suspect"",""source_tier"":""single"",""independence"":""intra_class"",""counterexample_open"":false,""adjudicated"":false,""evaluated"":true,""fit_note"":"""",""reasons"":[""checks=1"",""根类=1""]}",suspect
224,F008,01,01,断层泛称,实测,未评,109,运动性质不明,0.0,0,aux 组数×1；一般断层兜底（码义无法标定：名无语义+无辅助点语义）,兜底（一般断层）,0.3,,,逆断层产状点,断层泛称,0.18,"{""S"":0.3,""I"":0.6,""F"":1.0,""C"":0.18,""band"":""unassessed"",""source_tier"":""code_read"",""independence"":""single"",""counterexample_open"":false,""adjudicated"":false,""evaluated"":false,""fit_note"":"""",""reasons"":[""一般断层兜底（码义无法标定）""]}",unassessed
225,F051,01,01,断层泛称,实测,未评,109,运动性质不明,0.0,0,一般断层兜底（码义无法标定：名无语义+无辅助点语义）,兜底（一般断层）,0.3,,,,断层泛称,0.18,"{""S"":0.3,""I"":0.6,""F"":1.0,""C"":0.18,""band"":""unassessed"",""source_tier"":""code_read"",""independence"":""single"",""counterexample_open"":false,""adjudicated"":false,""evaluated"":false,""fit_note"":"""",""reasons"":[""一般断层兜底（码义无法标定）""]}",unassessed
226,F008,01,01,断层泛称,实测,未评,109,运动性质不明,0.0,0,aux 组数×1；一般断层兜底（码义无法标定：名无语义+无辅助点语义）,兜底（一般断层）,0.3,,,逆断层产状点,断层泛称,0.18,"{""S"":0.3,""I"":0.6,""F"":1.0,""C"":0.18,""band"":""unassessed"",""source_tier"":""code_read"",""independence"":""single"",""counterexample_open"":false,""adjudicated"":false,""evaluated"":false,""fit_note"":"""",""reasons"":[""一般断层兜底（码义无法标定）""]}",unassessed
227,F082,01,01,断层泛称,实测,未评,109,运动性质不明,0.0,0,一般断层兜底（码义无法标定：名无语义+无辅助点语义）,兜底（一般断层）,0.3,,,,断层泛称,0.18,"{""S"":0.3,""I"":0.6,""F"":1.0,""C"":0.18,""band"":""unassessed"",""source_tier"":""code_read"",""independence"":""single"",""counterexample_open"":false,""adjudicated"":false,""evaluated"":false,""fit_note"":"""",""reasons"":[""一般断层兜底（码义无法标定）""]}",unassessed
228,F123,01,01,断层泛称,实测,未评,109,运动性质不明,0.0,0,一般断层兜底（码义无法标定：名无语义+无辅助点语义）,兜底（一般断层）,0.3,,,,断层泛称,0.18,"{""S"":0.3,""I"":0.6,""F"":1.0,""C"":0.18,""band"":""unassessed"",""source_tier"":""code_read"",""independence"":""single"",""counterexample_open"":false,""adjudicated"":false,""evaluated"":false,""fit_note"":"""",""reasons"":[""一般断层兜底（码义无法标定）""]}",unassessed
229,F082,04,04,推测断层,推测,未评,109,运动性质不明,0.0,99,推测断层签名（未注册码：全段无实测倾角+覆盖支撑≥2段）,consistent,0.75,,,,推测断层,0.33,"{""S"":0.55,""I"":0.6,""F"":1.0,""C"":0.33,""band"":""suspect"",""source_tier"":""single"",""independence"":""single"",""counterexample_open"":false,""adjudicated"":false,""evaluated"":true,""fit_note"":"""",""reasons"":[""checks=1"",""根类=0""]}",suspect
230,F069,01,01,断层泛称,实测,未评,109,运动性质不明,0.0,0,一般断层兜底（码义无法标定：名无语义+无辅助点语义）,兜底（一般断层）,0.3,,,,断层泛称,0.18,"{""S"":0.3,""I"":0.6,""F"":1.0,""C"":0.18,""band"":""unassessed"",""source_tier"":""code_read"",""independence"":""single"",""counterexample_open"":false,""adjudicated"":false,""evaluated"":false,""fit_note"":"""",""reasons"":[""一般断层兜底（码义无法标定）""]}",unassessed
231,F051,01,01,断层泛称,实测,未评,109,运动性质不明,0.0,0,一般断层兜底（码义无法标定：名无语义+无辅助点语义）,兜底（一般断层）,0.3,,,,断层泛称,0.18,"{""S"":0.3,""I"":0.6,""F"":1.0,""C"":0.18,""band"":""unassessed"",""source_tier"":""code_read"",""independence"":""single"",""counterexample_open"":false,""adjudicated"":false,""evaluated"":false,""fit_note"":"""",""reasons"":[""一般断层兜底（码义无法标定）""]}",unassessed
232,F020,01,01,断层泛称,实测,未评,109,运动性质不明,0.0,0,一般断层兜底（码义无法标定：名无语义+无辅助点语义）,兜底（一般断层）,0.3,,,,断层泛称,0.18,"{""S"":0.3,""I"":0.6,""F"":1.0,""C"":0.18,""band"":""unassessed"",""source_tier"":""code_read"",""independence"":""single"",""counterexample_open"":false,""adjudicated"":false,""evaluated"":false,""fit_note"":"""",""reasons"":[""一般断层兜底（码义无法标定）""]}",unassessed
233,F008,01,01,断层泛称,实测,未评,109,运动性质不明,45.0,0,dip=45°；aux=逆断层产状点；aux 组数×1；码义继承（断层泛称——一般断层兼容段级证据，2026-10-04 用户裁定）,verified,0.9,,,逆断层产状点,逆断层,0.75,"{""S"":0.75,""I"":1.0,""F"":1.0,""C"":0.75,""band"":""consistent"",""source_tier"":""multi"",""independence"":""multi_root"",""counterexample_open"":false,""adjudicated"":false,""evaluated"":true,""fit_note"":"""",""reasons"":[""checks=4"",""根类=2""]}",consistent
234,F144,01,01,断层泛称,实测,未评,109,运动性质不明,0.0,0,一般断层兜底（码义无法标定：名无语义+无辅助点语义）,兜底（一般断层）,0.3,,,,断层泛称,0.18,"{""S"":0.3,""I"":0.6,""F"":1.0,""C"":0.18,""band"":""unassessed"",""source_tier"":""code_read"",""independence"":""single"",""counterexample_open"":false,""adjudicated"":false,""evaluated"":false,""fit_note"":"""",""reasons"":[""一般断层兜底（码义无法标定）""]}",unassessed
235,F020,01,01,断层泛称,实测,未评,109,运动性质不明,78.0,0,一般断层兜底（码义无法标定：名无语义+无辅助点语义）,兜底（一般断层）,0.3,,,,断层泛称,0.18,"{""S"":0.3,""I"":0.6,""F"":1.0,""C"":0.18,""band"":""unassessed"",""source_tier"":""code_read"",""independence"":""single"",""counterexample_open"":false,""adjudicated"":false,""evaluated"":false,""fit_note"":"""",""reasons"":[""一般断层兜底（码义无法标定）""]}",unassessed
236,F009,04,04,推测断层,推测,未评,109,运动性质不明,0.0,73,推测断层签名（未注册码：全段无实测倾角+覆盖支撑≥2段）,consistent,0.75,,,,推测断层,0.33,"{""S"":0.55,""I"":0.6,""F"":1.0,""C"":0.33,""band"":""suspect"",""source_tier"":""single"",""independence"":""single"",""counterexample_open"":false,""adjudicated"":false,""evaluated"":true,""fit_note"":"""",""reasons"":[""checks=1"",""根类=0""]}",suspect
237,F007,31,31,断层泛称,实测,未评,109,运动性质不明,0.0,0,一般断层兜底（码义无法标定：名无语义+无辅助点语义）,兜底（一般断层）,0.3,,,,断层泛称,0.18,"{""S"":0.3,""I"":0.6,""F"":1.0,""C"":0.18,""band"":""unassessed"",""source_tier"":""code_read"",""independence"":""single"",""counterexample_open"":false,""adjudicated"":false,""evaluated"":false,""fit_note"":"""",""reasons"":[""一般断层兜底（码义无法标定）""]}",unassessed
238,F143,01,01,断层泛称,实测,未评,109,运动性质不明,0.0,0,一般断层兜底（码义无法标定：名无语义+无辅助点语义）,兜底（一般断层）,0.3,,,,断层泛称,0.18,"{""S"":0.3,""I"":0.6,""F"":1.0,""C"":0.18,""band"":""unassessed"",""source_tier"":""code_read"",""independence"":""single"",""counterexample_open"":false,""adjudicated"":false,""evaluated"":false,""fit_note"":"""",""reasons"":[""一般断层兜底（码义无法标定）""]}",unassessed
239,F020,01,01,断层泛称,实测,未评,109,运动性质不明,46.0,0,一般断层兜底（码义无法标定：名无语义+无辅助点语义）,兜底（一般断层）,0.3,,,,断层泛称,0.18,"{""S"":0.3,""I"":0.6,""F"":1.0,""C"":0.18,""band"":""unassessed"",""source_tier"":""code_read"",""independence"":""single"",""counterexample_open"":false,""adjudicated"":false,""evaluated"":false,""fit_note"":"""",""reasons"":[""一般断层兜底（码义无法标定）""]}",unassessed
240,F020,01,01,断层泛称,实测,未评,109,运动性质不明,0.0,0,一般断层兜底（码义无法标定：名无语义+无辅助点语义）,兜底（一般断层）,0.3,,,,断层泛称,0.18,"{""S"":0.3,""I"":0.6,""F"":1.0,""C"":0.18,""band"":""unassessed"",""source_tier"":""code_read"",""independence"":""single"",""counterexample_open"":false,""adjudicated"":false,""evaluated"":false,""fit_note"":"""",""reasons"":[""一般断层兜底（码义无法标定）""]}",unassessed
241,F002,04,04,推测断层,推测,未评,109,运动性质不明,0.0,96,推测断层签名（未注册码：全段无实测倾角+覆盖支撑≥2段）,consistent,0.75,F50,,,推测断层,0.33,"{""S"":0.55,""I"":0.6,""F"":1.0,""C"":0.33,""band"":""suspect"",""source_tier"":""single"",""independence"":""single"",""counterexample_open"":false,""adjudicated"":false,""evaluated"":true,""fit_note"":"""",""reasons"":[""checks=1"",""根类=0""]}",suspect
242,F068,04,04,推测断层,推测,未评,109,运动性质不明,0.0,86,推测断层签名（未注册码：全段无实测倾角+覆盖支撑≥2段）,consistent,0.75,,,,推测断层,0.33,"{""S"":0.55,""I"":0.6,""F"":1.0,""C"":0.33,""band"":""suspect"",""source_tier"":""single"",""independence"":""single"",""counterexample_open"":false,""adjudicated"":false,""evaluated"":true,""fit_note"":"""",""reasons"":[""checks=1"",""根类=0""]}",suspect
243,F101,01,01,断层泛称,实测,未评,109,运动性质不明,0.0,0,一般断层兜底（码义无法标定：名无语义+无辅助点语义）,兜底（一般断层）,0.3,,,,断层泛称,0.18,"{""S"":0.3,""I"":0.6,""F"":1.0,""C"":0.18,""band"":""unassessed"",""source_tier"":""code_read"",""independence"":""single"",""counterexample_open"":false,""adjudicated"":false,""evaluated"":false,""fit_note"":"""",""reasons"":[""一般断层兜底（码义无法标定）""]}",unassessed
244,F068,01,01,断层泛称,实测,未评,109,运动性质不明,0.0,0,一般断层兜底（码义无法标定：名无语义+无辅助点语义）,兜底（一般断层）,0.3,,,,断层泛称,0.18,"{""S"":0.3,""I"":0.6,""F"":1.0,""C"":0.18,""band"":""unassessed"",""source_tier"":""code_read"",""independence"":""single"",""counterexample_open"":false,""adjudicated"":false,""evaluated"":false,""fit_note"":"""",""reasons"":[""一般断层兜底（码义无法标定）""]}",unassessed
245,F108,01,01,断层泛称,实测,未评,109,运动性质不明,0.0,0,一般断层兜底（码义无法标定：名无语义+无辅助点语义）,兜底（一般断层）,0.3,,,,断层泛称,0.18,"{""S"":0.3,""I"":0.6,""F"":1.0,""C"":0.18,""band"":""unassessed"",""source_tier"":""code_read"",""independence"":""single"",""counterexample_open"":false,""adjudicated"":false,""evaluated"":false,""fit_note"":"""",""reasons"":[""一般断层兜底（码义无法标定）""]}",unassessed
246,F068,04,04,推测断层,推测,未评,109,运动性质不明,0.0,100,推测断层签名（未注册码：全段无实测倾角+覆盖支撑≥2段）,consistent,0.75,,,,推测断层,0.33,"{""S"":0.55,""I"":0.6,""F"":1.0,""C"":0.33,""band"":""suspect"",""source_tier"":""single"",""independence"":""single"",""counterexample_open"":false,""adjudicated"":false,""evaluated"":true,""fit_note"":"""",""reasons"":[""checks=1"",""根类=0""]}",suspect
247,F068,01,01,断层泛称,实测,未评,109,运动性质不明,0.0,0,一般断层兜底（码义无法标定：名无语义+无辅助点语义）,兜底（一般断层）,0.3,,,,断层泛称,0.18,"{""S"":0.3,""I"":0.6,""F"":1.0,""C"":0.18,""band"":""unassessed"",""source_tier"":""code_read"",""independence"":""single"",""counterexample_open"":false,""adjudicated"":false,""evaluated"":false,""fit_note"":"""",""reasons"":[""一般断层兜底（码义无法标定）""]}",unassessed
248,F007,31,31,断层泛称,推测,活动,109,运动性质不明,0.0,60,；Q-地层边界重合 28842m；活动性佐证（Q-地层边界重合 28842m/69%段长，长距离强证据）；码义继承（断层泛称——一般断层兼容段级证据，2026-10-04 用户裁定）,标定（活动先验）,0.6,,,,活动断层,0.6,"{""S"":0.75,""I"":0.8,""F"":1.0,""C"":0.6,""band"":""consistent"",""source_tier"":""multi"",""independence"":""intra_class"",""counterexample_open"":false,""adjudicated"":false,""evaluated"":true,""fit_note"":"""",""reasons"":[""checks=3"",""根类=1""]}",consistent
249,F002,41,41,断层泛称,实测,未评,109,运动性质不明,0.0,0,一般断层兜底（码义无法标定：名无语义+无辅助点语义）,兜底（一般断层）,0.3,F50,,,断层泛称,0.18,"{""S"":0.3,""I"":0.6,""F"":1.0,""C"":0.18,""band"":""unassessed"",""source_tier"":""code_read"",""independence"":""single"",""counterexample_open"":false,""adjudicated"":false,""evaluated"":false,""fit_note"":"""",""reasons"":[""一般断层兜底（码义无法标定）""]}",unassessed
250,F002,04,04,推测断层,推测,未评,109,运动性质不明,0.0,100,推测断层签名（未注册码：全段无实测倾角+覆盖支撑≥2段）,consistent,0.75,F50,,,推测断层,0.33,"{""S"":0.55,""I"":0.6,""F"":1.0,""C"":0.33,""band"":""suspect"",""source_tier"":""single"",""independence"":""single"",""counterexample_open"":false,""adjudicated"":false,""evaluated"":true,""fit_note"":"""",""reasons"":[""checks=1"",""根类=0""]}",suspect
251,F002,41,41,断层泛称,实测,未评,109,运动性质不明,0.0,0,一般断层兜底（码义无法标定：名无语义+无辅助点语义）,兜底（一般断层）,0.3,F50,,,断层泛称,0.18,"{""S"":0.3,""I"":0.6,""F"":1.0,""C"":0.18,""band"":""unassessed"",""source_tier"":""code_read"",""independence"":""single"",""counterexample_open"":false,""adjudicated"":false,""evaluated"":false,""fit_note"":"""",""reasons"":[""一般断层兜底（码义无法标定）""]}",unassessed
252,F048,01,01,断层泛称,实测,未评,109,运动性质不明,0.0,0,aux 组数×1；一般断层兜底（码义无法标定：名无语义+无辅助点语义）,兜底（一般断层）,0.3,,,正断层产状点,断层泛称,0.18,"{""S"":0.3,""I"":0.6,""F"":1.0,""C"":0.18,""band"":""unassessed"",""source_tier"":""code_read"",""independence"":""single"",""counterexample_open"":false,""adjudicated"":false,""evaluated"":false,""fit_note"":"""",""reasons"":[""一般断层兜底（码义无法标定）""]}",unassessed
253,F002,04,04,推测断层,推测,未评,109,运动性质不明,0.0,89,推测断层签名（未注册码：全段无实测倾角+覆盖支撑≥2段）,consistent,0.75,F50,,,推测断层,0.33,"{""S"":0.55,""I"":0.6,""F"":1.0,""C"":0.33,""band"":""suspect"",""source_tier"":""single"",""independence"":""single"",""counterexample_open"":false,""adjudicated"":false,""evaluated"":true,""fit_note"":"""",""reasons"":[""checks=1"",""根类=0""]}",suspect
254,F012,07,07,推覆体边界,部分覆盖,未评,109,运动性质不明,0.0,28,码义逻辑判断继承（推覆体边界，mle_semantic 全段继承）,consistent,0.6,,,,断层泛称,0.33,"{""S"":0.55,""I"":0.6,""F"":1.0,""C"":0.33,""band"":""suspect"",""source_tier"":""single"",""independence"":""single"",""counterexample_open"":false,""adjudicated"":false,""evaluated"":true,""fit_note"":"""",""reasons"":[""checks=1"",""根类=0""]}",suspect
255,F002,41,41,断层泛称,实测,未评,109,运动性质不明,0.0,0,一般断层兜底（码义无法标定：名无语义+无辅助点语义）,兜底（一般断层）,0.3,F50,,,断层泛称,0.18,"{""S"":0.3,""I"":0.6,""F"":1.0,""C"":0.18,""band"":""unassessed"",""source_tier"":""code_read"",""independence"":""single"",""counterexample_open"":false,""adjudicated"":false,""evaluated"":false,""fit_note"":"""",""reasons"":[""一般断层兜底（码义无法标定）""]}",unassessed
256,F002,41,41,断层泛称,实测,未评,109,运动性质不明,0.0,0,一般断层兜底（码义无法标定：名无语义+无辅助点语义）,兜底（一般断层）,0.3,F50,,,断层泛称,0.18,"{""S"":0.3,""I"":0.6,""F"":1.0,""C"":0.18,""band"":""unassessed"",""source_tier"":""code_read"",""independence"":""single"",""counterexample_open"":false,""adjudicated"":false,""evaluated"":false,""fit_note"":"""",""reasons"":[""一般断层兜底（码义无法标定）""]}",unassessed
257,F139,01,01,断层泛称,实测,未评,109,运动性质不明,0.0,0,一般断层兜底（码义无法标定：名无语义+无辅助点语义）,兜底（一般断层）,0.3,,,,断层泛称,0.18,"{""S"":0.3,""I"":0.6,""F"":1.0,""C"":0.18,""band"":""unassessed"",""source_tier"":""code_read"",""independence"":""single"",""counterexample_open"":false,""adjudicated"":false,""evaluated"":false,""fit_note"":"""",""reasons"":[""一般断层兜底（码义无法标定）""]}",unassessed
258,F048,05,05,逆断层,实测,未评,101,压性,70.0,0,aux 组数×1；码义逻辑判断继承（逆断层，mle_semantic 全段继承）；GZELD=101(压性) 与 逆断层 一致,标定（矛盾保留）,0.3,,,正断层产状点,断层泛称,0.45,"{""S"":0.75,""I"":0.6,""F"":1.0,""C"":0.45,""band"":""suspect"",""source_tier"":""multi"",""independence"":""single"",""counterexample_open"":true,""adjudicated"":false,""evaluated"":true,""fit_note"":"""",""reasons"":[""MLE 标定·矛盾保留""]}",suspect
259,F012,07,07,推覆体边界,实测,未评,109,运动性质不明,0.0,0,码义逻辑判断继承（推覆体边界，mle_semantic 全段继承）,consistent,0.6,,,,断层泛称,0.33,"{""S"":0.55,""I"":0.6,""F"":1.0,""C"":0.33,""band"":""suspect"",""source_tier"":""single"",""independence"":""single"",""counterexample_open"":false,""adjudicated"":false,""evaluated"":true,""fit_note"":"""",""reasons"":[""checks=1"",""根类=0""]}",suspect
260,F002,41,41,断层泛称,实测,未评,109,运动性质不明,0.0,0,一般断层兜底（码义无法标定：名无语义+无辅助点语义）,兜底（一般断层）,0.3,F50,,,断层泛称,0.18,"{""S"":0.3,""I"":0.6,""F"":1.0,""C"":0.18,""band"":""unassessed"",""source_tier"":""code_read"",""independence"":""single"",""counterexample_open"":false,""adjudicated"":false,""evaluated"":false,""fit_note"":"""",""reasons"":[""一般断层兜底（码义无法标定）""]}",unassessed
261,F104,01,01,断层泛称,实测,未评,109,运动性质不明,0.0,0,一般断层兜底（码义无法标定：名无语义+无辅助点语义）,兜底（一般断层）,0.3,,,,断层泛称,0.18,"{""S"":0.3,""I"":0.6,""F"":1.0,""C"":0.18,""band"":""unassessed"",""source_tier"":""code_read"",""independence"":""single"",""counterexample_open"":false,""adjudicated"":false,""evaluated"":false,""fit_note"":"""",""reasons"":[""一般断层兜底（码义无法标定）""]}",unassessed
262,F002,41,41,断层泛称,实测,未评,109,运动性质不明,0.0,0,一般断层兜底（码义无法标定：名无语义+无辅助点语义）,兜底（一般断层）,0.3,F50,,,断层泛称,0.18,"{""S"":0.3,""I"":0.6,""F"":1.0,""C"":0.18,""band"":""unassessed"",""source_tier"":""code_read"",""independence"":""single"",""counterexample_open"":false,""adjudicated"":false,""evaluated"":false,""fit_note"":"""",""reasons"":[""一般断层兜底（码义无法标定）""]}",unassessed
263,F059,05,05,逆断层,实测,未评,101,压性,85.0,0,dip=85°；aux=逆断层产状点；aux 组数×1；GZELD=101(压性) 与 逆断层 一致,verified,0.9,,,逆断层产状点,逆断层,0.75,"{""S"":0.75,""I"":1.0,""F"":1.0,""C"":0.75,""band"":""consistent"",""source_tier"":""multi"",""independence"":""multi_root"",""counterexample_open"":false,""adjudicated"":false,""evaluated"":true,""fit_note"":"""",""reasons"":[""checks=4"",""根类=2""]}",consistent
264,F002,41,41,断层泛称,实测,未评,109,运动性质不明,0.0,0,一般断层兜底（码义无法标定：名无语义+无辅助点语义）,兜底（一般断层）,0.3,F50,,,断层泛称,0.18,"{""S"":0.3,""I"":0.6,""F"":1.0,""C"":0.18,""band"":""unassessed"",""source_tier"":""code_read"",""independence"":""single"",""counterexample_open"":false,""adjudicated"":false,""evaluated"":false,""fit_note"":"""",""reasons"":[""一般断层兜底（码义无法标定）""]}",unassessed
265,F002,04,04,推测断层,推测,未评,109,运动性质不明,0.0,100,推测断层签名（未注册码：全段无实测倾角+覆盖支撑≥2段）,consistent,0.75,F50,,,推测断层,0.33,"{""S"":0.55,""I"":0.6,""F"":1.0,""C"":0.33,""band"":""suspect"",""source_tier"":""single"",""independence"":""single"",""counterexample_open"":false,""adjudicated"":false,""evaluated"":true,""fit_note"":"""",""reasons"":[""checks=1"",""根类=0""]}",suspect
266,F002,41,41,断层泛称,实测,未评,109,运动性质不明,0.0,0,一般断层兜底（码义无法标定：名无语义+无辅助点语义）,兜底（一般断层）,0.3,F50,,,断层泛称,0.18,"{""S"":0.3,""I"":0.6,""F"":1.0,""C"":0.18,""band"":""unassessed"",""source_tier"":""code_read"",""independence"":""single"",""counterexample_open"":false,""adjudicated"":false,""evaluated"":false,""fit_note"":"""",""reasons"":[""一般断层兜底（码义无法标定）""]}",unassessed
267,F012,04,04,推测断层,推测,未评,109,运动性质不明,0.0,97,推测断层签名（未注册码：全段无实测倾角+覆盖支撑≥2段）,consistent,0.75,,,,推测断层,0.33,"{""S"":0.55,""I"":0.6,""F"":1.0,""C"":0.33,""band"":""suspect"",""source_tier"":""single"",""independence"":""single"",""counterexample_open"":false,""adjudicated"":false,""evaluated"":true,""fit_note"":"""",""reasons"":[""checks=1"",""根类=0""]}",suspect
268,F002,41,41,断层泛称,实测,未评,109,运动性质不明,0.0,0,一般断层兜底（码义无法标定：名无语义+无辅助点语义）,兜底（一般断层）,0.3,F50,,,断层泛称,0.18,"{""S"":0.3,""I"":0.6,""F"":1.0,""C"":0.18,""band"":""unassessed"",""source_tier"":""code_read"",""independence"":""single"",""counterexample_open"":false,""adjudicated"":false,""evaluated"":false,""fit_note"":"""",""reasons"":[""一般断层兜底（码义无法标定）""]}",unassessed
269,F002,04,04,推测断层,推测,未评,109,运动性质不明,0.0,100,推测断层签名（未注册码：全段无实测倾角+覆盖支撑≥2段）,consistent,0.75,F50,,,推测断层,0.33,"{""S"":0.55,""I"":0.6,""F"":1.0,""C"":0.33,""band"":""suspect"",""source_tier"":""single"",""independence"":""single"",""counterexample_open"":false,""adjudicated"":false,""evaluated"":true,""fit_note"":"""",""reasons"":[""checks=1"",""根类=0""]}",suspect
270,F026,07,07,推覆体边界,实测,未评,109,运动性质不明,0.0,7,码义逻辑判断继承（推覆体边界，mle_semantic 全段继承）,consistent,0.6,,,,断层泛称,0.33,"{""S"":0.55,""I"":0.6,""F"":1.0,""C"":0.33,""band"":""suspect"",""source_tier"":""single"",""independence"":""single"",""counterexample_open"":false,""adjudicated"":false,""evaluated"":true,""fit_note"":"""",""reasons"":[""checks=1"",""根类=0""]}",suspect
271,F002,41,41,断层泛称,实测,未评,109,运动性质不明,0.0,0,一般断层兜底（码义无法标定：名无语义+无辅助点语义）,兜底（一般断层）,0.3,F50,,,断层泛称,0.18,"{""S"":0.3,""I"":0.6,""F"":1.0,""C"":0.18,""band"":""unassessed"",""source_tier"":""code_read"",""independence"":""single"",""counterexample_open"":false,""adjudicated"":false,""evaluated"":false,""fit_note"":"""",""reasons"":[""一般断层兜底（码义无法标定）""]}",unassessed
272,F012,07,07,推覆体边界,部分覆盖,未评,109,运动性质不明,0.0,17,码义逻辑判断继承（推覆体边界，mle_semantic 全段继承）,consistent,0.6,,,,断层泛称,0.33,"{""S"":0.55,""I"":0.6,""F"":1.0,""C"":0.33,""band"":""suspect"",""source_tier"":""single"",""independence"":""single"",""counterexample_open"":false,""adjudicated"":false,""evaluated"":true,""fit_note"":"""",""reasons"":[""checks=1"",""根类=0""]}",suspect
273,F002,41,41,断层泛称,实测,未评,109,运动性质不明,0.0,0,一般断层兜底（码义无法标定：名无语义+无辅助点语义）,兜底（一般断层）,0.3,F50,,,断层泛称,0.18,"{""S"":0.3,""I"":0.6,""F"":1.0,""C"":0.18,""band"":""unassessed"",""source_tier"":""code_read"",""independence"":""single"",""counterexample_open"":false,""adjudicated"":false,""evaluated"":false,""fit_note"":"""",""reasons"":[""一般断层兜底（码义无法标定）""]}",unassessed
274,F002,41,41,断层泛称,实测,未评,109,运动性质不明,0.0,0,一般断层兜底（码义无法标定：名无语义+无辅助点语义）,兜底（一般断层）,0.3,F50,,,断层泛称,0.18,"{""S"":0.3,""I"":0.6,""F"":1.0,""C"":0.18,""band"":""unassessed"",""source_tier"":""code_read"",""independence"":""single"",""counterexample_open"":false,""adjudicated"":false,""evaluated"":false,""fit_note"":"""",""reasons"":[""一般断层兜底（码义无法标定）""]}",unassessed
275,F048,01,01,断层泛称,实测,未评,109,运动性质不明,0.0,0,aux 组数×1；一般断层兜底（码义无法标定：名无语义+无辅助点语义）,兜底（一般断层）,0.3,,,正断层产状点,断层泛称,0.18,"{""S"":0.3,""I"":0.6,""F"":1.0,""C"":0.18,""band"":""unassessed"",""source_tier"":""code_read"",""independence"":""single"",""counterexample_open"":false,""adjudicated"":false,""evaluated"":false,""fit_note"":"""",""reasons"":[""一般断层兜底（码义无法标定）""]}",unassessed
276,F126,01,01,断层泛称,实测,未评,109,运动性质不明,0.0,0,一般断层兜底（码义无法标定：名无语义+无辅助点语义）,兜底（一般断层）,0.3,,,,断层泛称,0.18,"{""S"":0.3,""I"":0.6,""F"":1.0,""C"":0.18,""band"":""unassessed"",""source_tier"":""code_read"",""independence"":""single"",""counterexample_open"":false,""adjudicated"":false,""evaluated"":false,""fit_note"":"""",""reasons"":[""一般断层兜底（码义无法标定）""]}",unassessed
277,F002,04,04,推测断层,推测,未评,109,运动性质不明,0.0,0,推测断层签名（未注册码：全段无实测倾角+覆盖支撑≥2段）；码义逻辑判断继承（推测断层，mle_semantic 全段继承）,consistent,0.75,F50,,,断层泛称,0.45,"{""S"":0.75,""I"":0.6,""F"":1.0,""C"":0.45,""band"":""suspect"",""source_tier"":""multi"",""independence"":""single"",""counterexample_open"":false,""adjudicated"":false,""evaluated"":true,""fit_note"":"""",""reasons"":[""checks=2"",""根类=0""]}",suspect
278,F076,04,04,推测断层,推测,未评,109,运动性质不明,0.0,100,推测断层签名（未注册码：全段无实测倾角+覆盖支撑≥2段）,consistent,0.75,,,,推测断层,0.33,"{""S"":0.55,""I"":0.6,""F"":1.0,""C"":0.33,""band"":""suspect"",""source_tier"":""single"",""independence"":""single"",""counterexample_open"":false,""adjudicated"":false,""evaluated"":true,""fit_note"":"""",""reasons"":[""checks=1"",""根类=0""]}",suspect
279,F002,41,41,断层泛称,实测,未评,109,运动性质不明,0.0,0,一般断层兜底（码义无法标定：名无语义+无辅助点语义）,兜底（一般断层）,0.3,F50,,,断层泛称,0.18,"{""S"":0.3,""I"":0.6,""F"":1.0,""C"":0.18,""band"":""unassessed"",""source_tier"":""code_read"",""independence"":""single"",""counterexample_open"":false,""adjudicated"":false,""evaluated"":false,""fit_note"":"""",""reasons"":[""一般断层兜底（码义无法标定）""]}",unassessed
280,F076,01,01,断层泛称,实测,未评,109,运动性质不明,0.0,0,一般断层兜底（码义无法标定：名无语义+无辅助点语义）,兜底（一般断层）,0.3,,,,断层泛称,0.18,"{""S"":0.3,""I"":0.6,""F"":1.0,""C"":0.18,""band"":""unassessed"",""source_tier"":""code_read"",""independence"":""single"",""counterexample_open"":false,""adjudicated"":false,""evaluated"":false,""fit_note"":"""",""reasons"":[""一般断层兜底（码义无法标定）""]}",unassessed
281,F040,01,01,断层泛称,实测,未评,109,运动性质不明,0.0,10,一般断层兜底（码义无法标定：名无语义+无辅助点语义）,兜底（一般断层）,0.3,,,,断层泛称,0.18,"{""S"":0.3,""I"":0.6,""F"":1.0,""C"":0.18,""band"":""unassessed"",""source_tier"":""code_read"",""independence"":""single"",""counterexample_open"":false,""adjudicated"":false,""evaluated"":false,""fit_note"":"""",""reasons"":[""一般断层兜底（码义无法标定）""]}",unassessed
282,F013,04,04,推测断层,推测,未评,109,运动性质不明,0.0,94,推测断层签名（未注册码：全段无实测倾角+覆盖支撑≥2段）；aux 组数×1,verified,0.9,,,逆断层产状点,推测断层,0.6,"{""S"":0.75,""I"":0.8,""F"":1.0,""C"":0.6,""band"":""consistent"",""source_tier"":""multi"",""independence"":""intra_class"",""counterexample_open"":false,""adjudicated"":false,""evaluated"":true,""fit_note"":"""",""reasons"":[""checks=2"",""根类=1""]}",consistent
283,F072,31,31,断层泛称,推测,活动,109,运动性质不明,0.0,100,位于第四系松散沉积物内 100%——推测断层强证据；Q-地层边界重合 4507m；实体 Q-地层边界重合×2段；活动性佐证（Q-地层边界重合 4507m/100%段长，多段接触界线强证据）；码义继承（断层泛称——一般断层兼容段级证据，2026-10-04 用户裁定）,标定（活动先验）,0.75,,,,活动断层,0.6,"{""S"":0.75,""I"":0.8,""F"":1.0,""C"":0.6,""band"":""consistent"",""source_tier"":""multi"",""independence"":""intra_class"",""counterexample_open"":false,""adjudicated"":false,""evaluated"":true,""fit_note"":"""",""reasons"":[""checks=5"",""根类=1""]}",consistent
284,F099,07,07,推覆体边界,实测,未评,109,运动性质不明,0.0,0,码义逻辑判断继承（推覆体边界，mle_semantic 全段继承）,consistent,0.6,,,,断层泛称,0.33,"{""S"":0.55,""I"":0.6,""F"":1.0,""C"":0.33,""band"":""suspect"",""source_tier"":""single"",""independence"":""single"",""counterexample_open"":false,""adjudicated"":false,""evaluated"":true,""fit_note"":"""",""reasons"":[""checks=1"",""根类=0""]}",suspect
285,F111,01,01,断层泛称,实测,未评,109,运动性质不明,0.0,0,一般断层兜底（码义无法标定：名无语义+无辅助点语义）,兜底（一般断层）,0.3,,,,断层泛称,0.18,"{""S"":0.3,""I"":0.6,""F"":1.0,""C"":0.18,""band"":""unassessed"",""source_tier"":""code_read"",""independence"":""single"",""counterexample_open"":false,""adjudicated"":false,""evaluated"":false,""fit_note"":"""",""reasons"":[""一般断层兜底（码义无法标定）""]}",unassessed
286,F012,07,07,推覆体边界,实测,未评,109,运动性质不明,0.0,0,地层重复(→Qp↓3↑pal，推覆重复)；老盖新（倾向盘 230 老于下盘 502）,verified,0.9,,,,推覆体边界,0.6,"{""S"":0.75,""I"":0.8,""F"":1.0,""C"":0.6,""band"":""consistent"",""source_tier"":""multi"",""independence"":""intra_class"",""counterexample_open"":false,""adjudicated"":false,""evaluated"":true,""fit_note"":"""",""reasons"":[""checks=2"",""根类=1""]}",consistent
287,F142,01,01,断层泛称,实测,未评,109,运动性质不明,0.0,0,一般断层兜底（码义无法标定：名无语义+无辅助点语义）,兜底（一般断层）,0.3,,,,断层泛称,0.18,"{""S"":0.3,""I"":0.6,""F"":1.0,""C"":0.18,""band"":""unassessed"",""source_tier"":""code_read"",""independence"":""single"",""counterexample_open"":false,""adjudicated"":false,""evaluated"":false,""fit_note"":"""",""reasons"":[""一般断层兜底（码义无法标定）""]}",unassessed
288,F040,04,04,推测断层,推测,未评,109,运动性质不明,0.0,80,推测断层签名（未注册码：全段无实测倾角+覆盖支撑≥2段）,consistent,0.75,,,,推测断层,0.33,"{""S"":0.55,""I"":0.6,""F"":1.0,""C"":0.33,""band"":""suspect"",""source_tier"":""single"",""independence"":""single"",""counterexample_open"":false,""adjudicated"":false,""evaluated"":true,""fit_note"":"""",""reasons"":[""checks=1"",""根类=0""]}",suspect
289,F142,01,01,断层泛称,实测,未评,109,运动性质不明,0.0,0,一般断层兜底（码义无法标定：名无语义+无辅助点语义）,兜底（一般断层）,0.3,,,,断层泛称,0.18,"{""S"":0.3,""I"":0.6,""F"":1.0,""C"":0.18,""band"":""unassessed"",""source_tier"":""code_read"",""independence"":""single"",""counterexample_open"":false,""adjudicated"":false,""evaluated"":false,""fit_note"":"""",""reasons"":[""一般断层兜底（码义无法标定）""]}",unassessed
290,F149,01,01,断层泛称,实测,未评,109,运动性质不明,0.0,0,一般断层兜底（码义无法标定：名无语义+无辅助点语义）,兜底（一般断层）,0.3,,,,断层泛称,0.18,"{""S"":0.3,""I"":0.6,""F"":1.0,""C"":0.18,""band"":""unassessed"",""source_tier"":""code_read"",""independence"":""single"",""counterexample_open"":false,""adjudicated"":false,""evaluated"":false,""fit_note"":"""",""reasons"":[""一般断层兜底（码义无法标定）""]}",unassessed
291,F115,07,07,推覆体边界,实测,未评,109,运动性质不明,26.0,0,dip=26°；老盖新（倾向盘 230 老于下盘 502）,verified,0.9,,,,推覆体边界,0.75,"{""S"":0.75,""I"":1.0,""F"":1.0,""C"":0.75,""band"":""consistent"",""source_tier"":""multi"",""independence"":""multi_root"",""counterexample_open"":false,""adjudicated"":false,""evaluated"":true,""fit_note"":"""",""reasons"":[""checks=2"",""根类=2""]}",consistent
292,F065,01,01,断层泛称,实测,未评,109,运动性质不明,0.0,0,一般断层兜底（码义无法标定：名无语义+无辅助点语义）,兜底（一般断层）,0.3,,,,断层泛称,0.18,"{""S"":0.3,""I"":0.6,""F"":1.0,""C"":0.18,""band"":""unassessed"",""source_tier"":""code_read"",""independence"":""single"",""counterexample_open"":false,""adjudicated"":false,""evaluated"":false,""fit_note"":"""",""reasons"":[""一般断层兜底（码义无法标定）""]}",unassessed
293,F103,01,01,断层泛称,实测,未评,109,运动性质不明,0.0,0,一般断层兜底（码义无法标定：名无语义+无辅助点语义）,兜底（一般断层）,0.3,,,,断层泛称,0.18,"{""S"":0.3,""I"":0.6,""F"":1.0,""C"":0.18,""band"":""unassessed"",""source_tier"":""code_read"",""independence"":""single"",""counterexample_open"":false,""adjudicated"":false,""evaluated"":false,""fit_note"":"""",""reasons"":[""一般断层兜底（码义无法标定）""]}",unassessed
294,F033,01,01,断层泛称,实测,未评,109,运动性质不明,0.0,0,一般断层兜底（码义无法标定：名无语义+无辅助点语义）,兜底（一般断层）,0.3,,,,断层泛称,0.18,"{""S"":0.3,""I"":0.6,""F"":1.0,""C"":0.18,""band"":""unassessed"",""source_tier"":""code_read"",""independence"":""single"",""counterexample_open"":false,""adjudicated"":false,""evaluated"":false,""fit_note"":"""",""reasons"":[""一般断层兜底（码义无法标定）""]}",unassessed
295,F072,31,31,断层泛称,推测,活动,109,运动性质不明,0.0,100,位于第四系松散沉积物内 100%——推测断层强证据；Q-地层边界重合 2430m；实体 Q-地层边界重合×2段；活动性佐证（Q-地层边界重合 2430m/100%段长，多段接触界线强证据）；码义继承（断层泛称——一般断层兼容段级证据，2026-10-04 用户裁定）,标定（活动先验）,0.75,,,,活动断层,0.6,"{""S"":0.75,""I"":0.8,""F"":1.0,""C"":0.6,""band"":""consistent"",""source_tier"":""multi"",""independence"":""intra_class"",""counterexample_open"":false,""adjudicated"":false,""evaluated"":true,""fit_note"":"""",""reasons"":[""checks=5"",""根类=1""]}",consistent
296,F013,04,04,推测断层,推测,未评,109,运动性质不明,0.0,95,推测断层签名（未注册码：全段无实测倾角+覆盖支撑≥2段）；aux 组数×1,verified,0.9,,,逆断层产状点,推测断层,0.6,"{""S"":0.75,""I"":0.8,""F"":1.0,""C"":0.6,""band"":""consistent"",""source_tier"":""multi"",""independence"":""intra_class"",""counterexample_open"":false,""adjudicated"":false,""evaluated"":true,""fit_note"":"""",""reasons"":[""checks=2"",""根类=1""]}",consistent
297,F033,01,01,断层泛称,实测,未评,109,运动性质不明,0.0,0,一般断层兜底（码义无法标定：名无语义+无辅助点语义）,兜底（一般断层）,0.3,,,,断层泛称,0.18,"{""S"":0.3,""I"":0.6,""F"":1.0,""C"":0.18,""band"":""unassessed"",""source_tier"":""code_read"",""independence"":""single"",""counterexample_open"":false,""adjudicated"":false,""evaluated"":false,""fit_note"":"""",""reasons"":[""一般断层兜底（码义无法标定）""]}",unassessed
298,F117,07,07,推覆体边界,实测,未评,109,运动性质不明,25.0,0,dip=25°；老盖新（倾向盘 230 老于下盘 502）,verified,0.9,,,,推覆体边界,0.75,"{""S"":0.75,""I"":1.0,""F"":1.0,""C"":0.75,""band"":""consistent"",""source_tier"":""multi"",""independence"":""multi_root"",""counterexample_open"":false,""adjudicated"":false,""evaluated"":true,""fit_note"":"""",""reasons"":[""checks=2"",""根类=2""]}",consistent
299,F129,01,01,断层泛称,实测,未评,109,运动性质不明,0.0,0,一般断层兜底（码义无法标定：名无语义+无辅助点语义）,兜底（一般断层）,0.3,,,,断层泛称,0.18,"{""S"":0.3,""I"":0.6,""F"":1.0,""C"":0.18,""band"":""unassessed"",""source_tier"":""code_read"",""independence"":""single"",""counterexample_open"":false,""adjudicated"":false,""evaluated"":false,""fit_note"":"""",""reasons"":[""一般断层兜底（码义无法标定）""]}",unassessed
300,F117,07,07,推覆体边界,推测,活动,109,运动性质不明,0.0,100,位于第四系松散沉积物内 100%——推测断层强证据；Q-地层边界重合 2923m；活动性佐证（Q-地层边界重合 2923m/100%段长，单段强型）；码义逻辑判断继承（推覆体边界，mle_semantic 全段继承）,标定（活动先验）,0.75,,,,活动断层,0.6,"{""S"":0.75,""I"":0.8,""F"":1.0,""C"":0.6,""band"":""consistent"",""source_tier"":""multi"",""independence"":""intra_class"",""counterexample_open"":false,""adjudicated"":false,""evaluated"":true,""fit_note"":"""",""reasons"":[""checks=4"",""根类=1""]}",consistent
301,F081,01,01,断层泛称,实测,未评,109,运动性质不明,0.0,0,一般断层兜底（码义无法标定：名无语义+无辅助点语义）,兜底（一般断层）,0.3,,,,断层泛称,0.18,"{""S"":0.3,""I"":0.6,""F"":1.0,""C"":0.18,""band"":""unassessed"",""source_tier"":""code_read"",""independence"":""single"",""counterexample_open"":false,""adjudicated"":false,""evaluated"":false,""fit_note"":"""",""reasons"":[""一般断层兜底（码义无法标定）""]}",unassessed
302,F013,01,01,断层泛称,实测,未评,109,运动性质不明,0.0,0,aux 组数×1；一般断层兜底（码义无法标定：名无语义+无辅助点语义）,兜底（一般断层）,0.3,,,逆断层产状点,断层泛称,0.18,"{""S"":0.3,""I"":0.6,""F"":1.0,""C"":0.18,""band"":""unassessed"",""source_tier"":""code_read"",""independence"":""single"",""counterexample_open"":false,""adjudicated"":false,""evaluated"":false,""fit_note"":"""",""reasons"":[""一般断层兜底（码义无法标定）""]}",unassessed
303,F040,01,01,断层泛称,实测,未评,109,运动性质不明,69.0,0,一般断层兜底（码义无法标定：名无语义+无辅助点语义）,兜底（一般断层）,0.3,,,,断层泛称,0.18,"{""S"":0.3,""I"":0.6,""F"":1.0,""C"":0.18,""band"":""unassessed"",""source_tier"":""code_read"",""independence"":""single"",""counterexample_open"":false,""adjudicated"":false,""evaluated"":false,""fit_note"":"""",""reasons"":[""一般断层兜底（码义无法标定）""]}",unassessed
304,F080,01,01,断层泛称,实测,未评,109,运动性质不明,0.0,0,一般断层兜底（码义无法标定：名无语义+无辅助点语义）,兜底（一般断层）,0.3,,,,断层泛称,0.18,"{""S"":0.3,""I"":0.6,""F"":1.0,""C"":0.18,""band"":""unassessed"",""source_tier"":""code_read"",""independence"":""single"",""counterexample_open"":false,""adjudicated"":false,""evaluated"":false,""fit_note"":"""",""reasons"":[""一般断层兜底（码义无法标定）""]}",unassessed
305,F072,31,31,断层泛称,实测,未评,109,运动性质不明,0.0,0,一般断层兜底（码义无法标定：名无语义+无辅助点语义）；实体 Q-地层边界重合×2段,兜底（一般断层）,0.3,,,,断层泛称,0.18,"{""S"":0.3,""I"":0.6,""F"":1.0,""C"":0.18,""band"":""unassessed"",""source_tier"":""code_read"",""independence"":""single"",""counterexample_open"":false,""adjudicated"":false,""evaluated"":false,""fit_note"":"""",""reasons"":[""一般断层兜底（码义无法标定）""]}",unassessed
306,F013,04,04,推测断层,推测,未评,109,运动性质不明,0.0,100,推测断层签名（未注册码：全段无实测倾角+覆盖支撑≥2段）；aux 组数×1,verified,0.9,,,逆断层产状点,推测断层,0.6,"{""S"":0.75,""I"":0.8,""F"":1.0,""C"":0.6,""band"":""consistent"",""source_tier"":""multi"",""independence"":""intra_class"",""counterexample_open"":false,""adjudicated"":false,""evaluated"":true,""fit_note"":"""",""reasons"":[""checks=2"",""根类=1""]}",consistent
307,F013,05,05,逆断层,实测,未评,101,压性,67.0,0,dip=67°；aux=逆断层产状点；aux 组数×1；GZELD=101(压性) 与 逆断层 一致,verified,0.9,,,逆断层产状点,逆断层,0.75,"{""S"":0.75,""I"":1.0,""F"":1.0,""C"":0.75,""band"":""consistent"",""source_tier"":""multi"",""independence"":""multi_root"",""counterexample_open"":false,""adjudicated"":false,""evaluated"":true,""fit_note"":"""",""reasons"":[""checks=4"",""根类=2""]}",consistent
308,F040,01,01,断层泛称,实测,未评,109,运动性质不明,0.0,0,一般断层兜底（码义无法标定：名无语义+无辅助点语义）,兜底（一般断层）,0.3,,,,断层泛称,0.18,"{""S"":0.3,""I"":0.6,""F"":1.0,""C"":0.18,""band"":""unassessed"",""source_tier"":""code_read"",""independence"":""single"",""counterexample_open"":false,""adjudicated"":false,""evaluated"":false,""fit_note"":"""",""reasons"":[""一般断层兜底（码义无法标定）""]}",unassessed
309,F040,04,04,推测断层,推测,未评,109,运动性质不明,0.0,100,推测断层签名（未注册码：全段无实测倾角+覆盖支撑≥2段）,consistent,0.75,,,,推测断层,0.33,"{""S"":0.55,""I"":0.6,""F"":1.0,""C"":0.33,""band"":""suspect"",""source_tier"":""single"",""independence"":""single"",""counterexample_open"":false,""adjudicated"":false,""evaluated"":true,""fit_note"":"""",""reasons"":[""checks=1"",""根类=0""]}",suspect
