{
"type": "FeatureCollection",
"name": "LDLYAAE002.WP",
"crs": { "type": "name", "properties": { "name": "urn:ogc:def:crs:OGC:1.3:CRS84" } },
"xy_coordinate_resolution": 1e-15,
"features": [
{ "type": "Feature", "properties": { "ID": 327, "周长": 0.23518144035243088, "面积": 0.00087750773057915926, "FEATUREID": "YAAE002C1AJ430010020000001", "CHFCAC": "000001", "CODE": "", "GB": "73020", "HYDC": "", "TN": "", "NAME": "", "fill_color": -20992, "pattern": 847, "pattern_color": 2304, "_src_file": "LDLYAAE002.WP", "_src_id": 0 }, "geometry": { "type": "MultiPolygon", "coordinates": [ [ [ [ 73.9529726833387, 39.613403923175476 ], [ 73.953199354830573, 39.61274917916333 ], [ 73.95354977855763, 39.611279584300597 ], [ 73.953834544619554, 39.609809396711633 ], [ 73.954739128143117, 39.606414968899891 ], [ 73.956024506696949, 39.603887291996514 ], [ 73.956460285498082, 39.601098052130972 ], [ 73.956148858473611, 39.599977990289659 ], [ 73.955374162797597, 39.599107686672497 ], [ 73.954004936205621, 39.598485950458624 ], [ 73.950437195357438, 39.597998817437016 ], [ 73.944573231117175, 39.597080249877841 ], [ 73.940383383243997, 39.596331126640052 ], [ 73.936524126593682, 39.595432527179874 ], [ 73.934571445842863, 39.594348157995896 ], [ 73.931584199627451, 39.59230610093379 ], [ 73.931583199627454, 39.59230610093379 ], [ 73.932065420154515, 39.592204676866785 ], [ 73.933217401410943, 39.592278390166655 ], [ 73.934120989792831, 39.592604387598534 ], [ 73.935425775212977, 39.59357011517492 ], [ 73.936895493473628, 39.594855331757472 ], [ 73.938943321125905, 39.595891097231245 ], [ 73.941245858512303, 39.596165607741483 ], [ 73.941995878932644, 39.596127660308632 ], [ 73.942894162373463, 39.596144870256374 ], [ 73.9435154786308, 39.595643784436476 ], [ 73.943453899719074, 39.594950978326565 ], [ 73.943453899719074, 39.594950978326565 ], [ 73.94315941289652, 39.594718923150381 ], [ 73.942837564055424, 39.594079926004234 ], [ 73.943011764097008, 39.593317985661997 ], [ 73.943599585697541, 39.592432386368593 ], [ 73.944185833208238, 39.591674011856547 ], [ 73.9449381114175, 39.59098067521105 ], [ 73.945766114305997, 39.590669727439042 ], [ 73.947495514983473, 39.590621053656662 ], [ 73.949557779983394, 39.590638807078491 ], [ 73.951285083795554, 39.590844533467042 ], [ 73.95409321365733, 39.59080500894818 ], [ 73.956077687084161, 39.590821989229831 ], [ 73.957809695610038, 39.590964046432653 ], [ 73.958383846812666, 39.591414284523175 ], [ 73.958787348731377, 39.592308408670732 ], [ 73.959597509389297, 39.593587740590635 ], [ 73.961071954495409, 39.594618238087882 ], [ 73.962801968959113, 39.595269139096715 ], [ 73.964447885029799, 39.595792083106758 ], [ 73.965348923993389, 39.596563161626271 ], [ 73.96566917204531, 39.597265719505245 ], [ 73.965573601339898, 39.598346464105362 ], [ 73.965313954750812, 39.599489422669663 ], [ 73.965227258176242, 39.599743179956597 ], [ 73.965053581139614, 39.600441537300206 ], [ 73.96478711559979, 39.601902565688988 ], [ 73.964692759273916, 39.603046922727209 ], [ 73.964766289008011, 39.603810994903178 ], [ 73.964879005982894, 39.604023896686613 ], [ 73.96577934828575, 39.604072310969237 ], [ 73.967158605145343, 39.604124749738169 ], [ 73.968213977276548, 39.604337610644514 ], [ 73.969479440988707, 39.604878492107147 ], [ 73.970851904831392, 39.605420251581293 ], [ 73.972012908949566, 39.605919433148429 ], [ 73.973331354435928, 39.606297597370208 ], [ 73.974838780087325, 39.60665349564426 ], [ 73.974838780087325, 39.60665349564426 ], [ 73.976546562487513, 39.60942907487054 ], [ 73.978673380605116, 39.612063034608212 ], [ 73.978673380605116, 39.612063034608212 ], [ 73.979179759216251, 39.613891695392724 ], [ 73.979641841045449, 39.61507830950103 ], [ 73.980167558441806, 39.615531319607967 ], [ 73.981012671667656, 39.6157830763077 ], [ 73.982173790171458, 39.616037473951067 ], [ 73.982605141088683, 39.616110181147683 ], [ 73.982605141088683, 39.616110181147683 ], [ 73.984035299516677, 39.617476365862238 ], [ 73.989098975631322, 39.621913911801904 ], [ 73.991932541067925, 39.624479790283523 ], [ 73.991932541067925, 39.624479790283523 ], [ 73.991139410011911, 39.624594938357859 ], [ 73.990022074936036, 39.625034331618423 ], [ 73.988955311968752, 39.625596494059025 ], [ 73.987728085660834, 39.626279669543806 ], [ 73.98681840644565, 39.627006249995567 ], [ 73.986491224982657, 39.62761531864993 ], [ 73.986433036621264, 39.62814502217887 ], [ 73.986425001018873, 39.62891985016622 ], [ 73.986571091995486, 39.629859115803811 ], [ 73.98672108901367, 39.630635261184231 ], [ 73.987086561937019, 39.631290822182173 ], [ 73.987397978508938, 39.631864382452292 ], [ 73.988164366152859, 39.633780305824587 ], [ 73.990125116984373, 39.636834964695943 ], [ 73.991686057461948, 39.638787404934007 ], [ 73.993085341447184, 39.640156780853019 ], [ 73.994745939320055, 39.641011344215414 ], [ 73.996157675288288, 39.641734472077694 ], [ 73.997321402973824, 39.642196932748774 ], [ 73.997401880026331, 39.642639341163608 ], [ 73.99716209699983, 39.64317403317461 ], [ 73.996770631637361, 39.643468967260432 ], [ 73.996304142826006, 39.643584394841469 ], [ 73.995529387126211, 39.643578032670717 ], [ 73.993749916198311, 39.643384515998839 ], [ 73.992433302617258, 39.643194800681286 ], [ 73.991203109844022, 39.64264798040454 ], [ 73.989661512981996, 39.641919720220962 ], [ 73.988509490272364, 39.641254268884104 ], [ 73.987429174285381, 39.641006800703046 ], [ 73.986651625789989, 39.641060001220985 ], [ 73.985949582347118, 39.64147157025959 ], [ 73.985397165670733, 39.64212290905558 ], [ 73.984998548976819, 39.643073643389947 ], [ 73.984597092690862, 39.644083995222246 ], [ 73.984357863613567, 39.644499416511806 ], [ 73.983968166175373, 39.644734682928309 ], [ 73.98350330731914, 39.644730818136935 ], [ 73.983039278347746, 39.644667327844125 ], [ 73.982114545255399, 39.644301856222292 ], [ 73.981039860707867, 39.643577352923913 ], [ 73.980433375096652, 39.642618233244029 ], [ 73.980210937030023, 39.641900833217655 ], [ 73.98022175714317, 39.641125750909751 ], [ 73.980385023144109, 39.640530825353324 ], [ 73.980543292693014, 39.640293632300235 ], [ 73.981022257366021, 39.639283937965438 ], [ 73.982053487383936, 39.637325626657969 ], [ 73.982611829647325, 39.635959589054536 ], [ 73.983023589642414, 39.63387718828848 ], [ 73.982812141086754, 39.632087572424169 ], [ 73.982513950172503, 39.63161941786349 ], [ 73.982513950172503, 39.63161941786349 ], [ 73.981973430828432, 39.630769512318167 ], [ 73.980515575373929, 39.629744221600632 ], [ 73.979280428980189, 39.629376338031392 ], [ 73.978040381367322, 39.629425567867202 ], [ 73.977261679670448, 39.629597852376229 ], [ 73.97632513098651, 39.630185960170067 ], [ 73.975699818553224, 39.630657480166221 ], [ 73.974761832549447, 39.631364752433271 ], [ 73.974061859774324, 39.631597256031192 ], [ 73.973441462034003, 39.631651637713659 ], [ 73.972669965105482, 39.631466356348255 ], [ 73.972133686213127, 39.631044670294727 ], [ 73.971755289205817, 39.630207162474747 ], [ 73.971761241645737, 39.629790036890832 ], [ 73.971935257250735, 39.628182433374512 ], [ 73.972569882535993, 39.62675750648247 ], [ 73.973125080847382, 39.625749048312628 ], [ 73.973053982535902, 39.62521209370167 ], [ 73.972981882323566, 39.624675138986731 ], [ 73.972677014704857, 39.624255408434941 ], [ 73.972217829143588, 39.62395355400335 ], [ 73.9716045730041, 39.623412034382454 ], [ 73.97044928964992, 39.622687175523403 ], [ 73.969217030087023, 39.622259598021358 ], [ 73.967981078370556, 39.621891596340561 ], [ 73.967361474446932, 39.621886357959845 ], [ 73.966199293108019, 39.621995706482693 ], [ 73.9647994751721, 39.622460606337938 ], [ 73.96378304111316, 39.623167134444508 ], [ 73.963073536268013, 39.624114643201409 ], [ 73.962287306348841, 39.625121327358421 ], [ 73.962287306348841, 39.625121327358421 ], [ 73.961665631263102, 39.625413751602892 ], [ 73.960579837025975, 39.625523701439846 ], [ 73.959884183216943, 39.625398586292505 ], [ 73.959423046921586, 39.625096679494227 ], [ 73.959197146558552, 39.624558397504622 ], [ 73.958895391989799, 39.623721507396048 ], [ 73.958831870930396, 39.622648245935885 ], [ 73.958691617504726, 39.62151473293676 ], [ 73.958240578328699, 39.620378574680849 ], [ 73.95801757763914, 39.619601933658465 ], [ 73.957324559420215, 39.614987320097285 ], [ 73.95723761269889, 39.613635752083518 ], [ 73.956625764328095, 39.612994839255748 ], [ 73.955799692464154, 39.612908323114944 ], [ 73.953938273437714, 39.613210215092479 ], [ 73.952973683338698, 39.613403923175476 ], [ 73.9529726833387, 39.613403923175476 ] ] ] ] } },
{ "type": "Feature", "properties": { "ID": 333, "周长": 0.048809985113624131, "面积": 9.4575750514969137e-05, "FEATUREID": "YAAE002C1AJ430010020000002", "CHFCAC": "000002", "CODE": "", "GB": "73020", "HYDC": "", "TN": "", "NAME": "", "fill_color": -10752, "pattern": 847, "pattern_color": 2304, "_src_file": "LDLYAAE002.WP", "_src_id": 1 }, "geometry": { "type": "MultiPolygon", "coordinates": [ [ [ [ 73.991932541067925, 39.624479790283523 ], [ 73.992465923435688, 39.624401961604306 ], [ 73.993367967963891, 39.624327824042197 ], [ 73.994267655590065, 39.624457581195998 ], [ 73.995165523710298, 39.624832012212799 ], [ 73.996113590298975, 39.62545155733838 ], [ 73.996901999699119, 39.625865885238611 ], [ 73.997960863315384, 39.626160040285264 ], [ 73.998753504940069, 39.626207333203325 ], [ 73.999340459480706, 39.626048982474963 ], [ 73.999607705192119, 39.625684125503611 ], [ 73.999565119152905, 39.62494964378341 ], [ 73.999255436893506, 39.624131431215076 ], [ 73.99874170440151, 39.622618214042994 ], [ 73.998172832753738, 39.62155314537214 ], [ 73.997710798868383, 39.620244260182389 ], [ 73.997247251095473, 39.618894591761467 ], [ 73.996439188313531, 39.615502850709063 ], [ 73.996292926529961, 39.614482033599593 ], [ 73.996034980572929, 39.613868149727189 ], [ 73.995665813246617, 39.613620419321542 ], [ 73.994977781734974, 39.613533199931773 ], [ 73.994233872106562, 39.613608660989911 ], [ 73.993329728289751, 39.614049832274368 ], [ 73.992578793415319, 39.614818551299763 ], [ 73.991934785618767, 39.615506577423425 ], [ 73.991127984410525, 39.616519532217531 ], [ 73.990536472606721, 39.617248769017237 ], [ 73.989788313091964, 39.617772785775202 ], [ 73.989097405108907, 39.617930211861072 ], [ 73.987983860854627, 39.617880223757055 ], [ 73.986823114969425, 39.617503540060049 ], [ 73.986241961686304, 39.617254023233919 ], [ 73.984238001226601, 39.616462474666505 ], [ 73.983445391807095, 39.616251963683261 ], [ 73.982605141088683, 39.616110181147683 ], [ 73.982605141088683, 39.616110181147683 ], [ 73.984035299516677, 39.617476365862238 ], [ 73.989098975631322, 39.621913911801904 ], [ 73.991932541067925, 39.624479790283523 ] ] ] ] } },
{ "type": "Feature", "properties": { "ID": 342, "周长": 0.013733448273057421, "面积": 4.9669027854248871e-06, "FEATUREID": "YAAE002C1AJ430010020000003", "CHFCAC": "000003", "CODE": "", "GB": "73020", "HYDC": "", "TN": "", "NAME": "", "fill_color": -7680, "pattern": 847, "pattern_color": 2304, "_src_file": "LDLYAAE002.WP", "_src_id": 2 }, "geometry": { "type": "MultiPolygon", "coordinates": [ [ [ [ 73.978673380605116, 39.612063034608212 ], [ 73.978569699823311, 39.611684242785699 ], [ 73.977283165368391, 39.608247608561634 ], [ 73.977025483961469, 39.607796806677889 ], [ 73.97649984462916, 39.60734378505169 ], [ 73.975603745917795, 39.606846869514023 ], [ 73.974838780087325, 39.60665349564426 ], [ 73.974838780087325, 39.60665349564426 ], [ 73.976546562487513, 39.60942907487054 ], [ 73.978673380605116, 39.612063034608212 ] ] ] ] } },
{ "type": "Feature", "properties": { "ID": 348, "周长": 0.053237910928043419, "面积": 0.00010491886135494122, "FEATUREID": "YAAE002C1AJ430010020000004", "CHFCAC": "000004", "CODE": "", "GB": "73020", "HYDC": "", "TN": "", "NAME": "", "fill_color": -4608, "pattern": 847, "pattern_color": 2304, "_src_file": "LDLYAAE002.WP", "_src_id": 3 }, "geometry": { "type": "MultiPolygon", "coordinates": [ [ [ [ 73.914089229400616, 39.574883109713589 ], [ 73.913286293516194, 39.576207743911297 ], [ 73.912566961859298, 39.577617494677241 ], [ 73.912304839961379, 39.578449368571953 ], [ 73.912094490800925, 39.579310740562377 ], [ 73.911805016071597, 39.581034709742262 ], [ 73.911871477124791, 39.583074544254686 ], [ 73.912200073205398, 39.584359197751311 ], [ 73.912878377350367, 39.58557966935625 ], [ 73.913467432999227, 39.586934206580139 ], [ 73.914978309539606, 39.587971107937413 ], [ 73.916282926951368, 39.588491130891235 ], [ 73.918313416143292, 39.588763975676009 ], [ 73.91988689680187, 39.588880183281134 ], [ 73.927262650998841, 39.590766637594704 ], [ 73.927262650998841, 39.590766637594704 ], [ 73.927501919406453, 39.589671519391381 ], [ 73.927139772434515, 39.588922706402677 ], [ 73.926180421664, 39.588398057407737 ], [ 73.923221686266785, 39.587339552179714 ], [ 73.922040960494201, 39.586698202053405 ], [ 73.921528140718479, 39.586120108062431 ], [ 73.921386056380797, 39.585602646776017 ], [ 73.921392552001592, 39.585086503863238 ], [ 73.921697644503595, 39.584458289710987 ], [ 73.921931326443186, 39.58360001941778 ], [ 73.922167887103939, 39.582512350945279 ], [ 73.922328712870623, 39.581538723038186 ], [ 73.922338803970419, 39.580735829242919 ], [ 73.921752463670131, 39.58009973050833 ], [ 73.920715381613661, 39.579861128056926 ], [ 73.919229717034824, 39.579847962771289 ], [ 73.917299077363751, 39.579773469493844 ], [ 73.916039895114011, 39.579475495253583 ], [ 73.915081487193589, 39.578893406289538 ], [ 73.914942372513082, 39.578146542423347 ], [ 73.914881172090716, 39.577113590595836 ], [ 73.914818521918633, 39.576195339482375 ], [ 73.914605862030285, 39.575390462333871 ], [ 73.914089229400616, 39.574883109713589 ] ] ] ] } },
{ "type": "Feature", "properties": { "ID": 355, "周长": 0.065351003082669654, "面积": 0.00022537054731570916, "FEATUREID": "YAAE002C1AJ430010020000005", "CHFCAC": "000005", "CODE": "", "GB": "73020", "HYDC": "", "TN": "", "NAME": "", "fill_color": -1536, "pattern": 847, "pattern_color": 2304, "_src_file": "LDLYAAE002.WP", "_src_id": 4 }, "geometry": { "type": "Polygon", "coordinates": [ [ [ 74.098647733029395, 39.572114818131197 ], [ 74.097941500777495, 39.571681471361259 ], [ 74.096967199966841, 39.57086892040946 ], [ 74.096269912837826, 39.569998582151925 ], [ 74.095532193690829, 39.569127968756661 ], [ 74.095069018888395, 39.568378629118193 ], [ 74.094761839647973, 39.56769006613856 ], [ 74.094654332862774, 39.566973026050135 ], [ 74.094588155764242, 39.566047360199398 ], [ 74.094797775162675, 39.565004233956408 ], [ 74.095239934686049, 39.564410383769349 ], [ 74.09584111606928, 39.563728093613342 ], [ 74.096639532528101, 39.563047162457075 ], [ 74.097594455215699, 39.562606055303235 ], [ 74.098782426395189, 39.562285939695236 ], [ 74.100285384512674, 39.561938138647498 ], [ 74.101983722483439, 39.561800570990698 ], [ 74.103484588246246, 39.561751154687194 ], [ 74.105218305114605, 39.561912234526822 ], [ 74.10687110620735, 39.562221965444401 ], [ 74.108673249237228, 39.563010228609969 ], [ 74.109691244255586, 39.563733424442844 ], [ 74.110623529304732, 39.56466497546802 ], [ 74.11136258725557, 39.565595182051617 ], [ 74.111862956254512, 39.566523780109847 ], [ 74.112425528500808, 39.568616776617937 ], [ 74.112415055677971, 39.569392688335995 ], [ 74.112087144702528, 39.570226147852431 ], [ 74.112117731077191, 39.570882953541151 ], [ 74.112627813719357, 39.571095325573758 ], [ 74.113534441970387, 39.571310359054749 ], [ 74.114161090259032, 39.571583208190553 ], [ 74.114669370044965, 39.572004469299273 ], [ 74.115255164852442, 39.572456103753481 ], [ 74.115721399069429, 39.572996464965762 ], [ 74.116144567972768, 39.573805142689423 ], [ 74.116723168233818, 39.574793937020466 ], [ 74.117341443403916, 39.575693467691345 ], [ 74.118157220898127, 39.576654003581368 ], [ 74.118737672668104, 39.577433889994992 ], [ 74.119048532110668, 39.577943336054631 ], [ 74.119044931011175, 39.578211920775537 ], [ 74.118883295263615, 39.578419759378392 ], [ 74.118251561206463, 39.578445362057373 ], [ 74.117503655798515, 39.578380639233011 ], [ 74.116517605880404, 39.578194945543885 ], [ 74.115535961070307, 39.577979399089422 ], [ 74.114040578188394, 39.577670853750988 ], [ 74.112978438210973, 39.577424911700064 ], [ 74.111721437636419, 39.576998567769557 ], [ 74.110895461343688, 39.576724369261555 ], [ 74.109794890855838, 39.576478130226874 ], [ 74.108731973774269, 39.57629183401577 ], [ 74.107549884491661, 39.576164409261594 ], [ 74.106501314012291, 39.575964442319787 ], [ 74.10588450654258, 39.575767348974829 ], [ 74.105068873239333, 39.575414869789427 ], [ 74.103957514847224, 39.574867771329757 ], [ 74.102969426688475, 39.574321621623341 ], [ 74.102032062198873, 39.5738527735015 ], [ 74.100896896587201, 39.573228528380966 ], [ 74.100106666041484, 39.572837744230142 ], [ 74.099091791688579, 39.572368295369287 ], [ 74.098647733029395, 39.572114818131197 ] ] ] } },
{ "type": "Feature", "properties": { "ID": 357, "周长": 0.084633179932119815, "面积": 0.00033252193803127994, "FEATUREID": "YAAE002C1AJ430010020000006", "CHFCAC": "000006", "CODE": "", "GB": "73020", "HYDC": "", "TN": "", "NAME": "", "fill_color": 512, "pattern": 848, "pattern_color": 2304, "_src_file": "LDLYAAE002.WP", "_src_id": 5 }, "geometry": { "type": "MultiPolygon", "coordinates": [ [ [ [ 73.900251683206506, 39.542520037736793 ], [ 73.899822685294197, 39.542370468448368 ], [ 73.899822685294197, 39.542370468448368 ], [ 73.896953574634921, 39.541375091275043 ], [ 73.892068009250821, 39.539620475613724 ], [ 73.885229823247329, 39.537541621455695 ], [ 73.885229823247329, 39.537541621455695 ], [ 73.880419010681095, 39.541175175051663 ], [ 73.874472378483702, 39.543860126801853 ], [ 73.870172364708068, 39.546103723763579 ], [ 73.869108149137702, 39.547007501476692 ], [ 73.868312034600692, 39.547558385878702 ], [ 73.867711017632487, 39.548212733220126 ], [ 73.867241992320899, 39.548817581284545 ], [ 73.866705717231127, 39.549523343592774 ], [ 73.866949902002503, 39.550642989497611 ], [ 73.86831987361262, 39.551113401887491 ], [ 73.874414072587896, 39.551528080376556 ], [ 73.878147052563989, 39.551919669997673 ], [ 73.882144073302655, 39.55221211010381 ], [ 73.88672253777662, 39.553068618309005 ], [ 73.889407799658059, 39.553348233193091 ], [ 73.892940959477926, 39.553940580379717 ], [ 73.895559084155863, 39.554320983600192 ], [ 73.897963099553991, 39.554938342251837 ], [ 73.897963099553991, 39.554938342251837 ], [ 73.897784275300708, 39.554336266607585 ], [ 73.897539667552081, 39.55325572045593 ], [ 73.897295067015989, 39.552175173697627 ], [ 73.896948097315786, 39.55101382175382 ], [ 73.896495156132261, 39.550051200141525 ], [ 73.896404136618528, 39.549091856408388 ], [ 73.896573174170157, 39.548015054522537 ], [ 73.89705109817487, 39.54676972860949 ], [ 73.897422259179066, 39.545845610663093 ], [ 73.898265935595163, 39.544199911246508 ], [ 73.898736442095938, 39.543679937114582 ], [ 73.899882618730643, 39.542803135799176 ], [ 73.900252683206503, 39.542520037736793 ], [ 73.900251683206506, 39.542520037736793 ] ] ] ] } },
{ "type": "Feature", "properties": { "ID": 358, "周长": 0.089739291988891745, "面积": 0.00023006177157658723, "FEATUREID": "YAAE002C1AJ430010020000007", "CHFCAC": "000007", "CODE": "", "GB": "73020", "HYDC": "", "TN": "", "NAME": "", "fill_color": 5632, "pattern": 848, "pattern_color": 2304, "_src_file": "LDLYAAE002.WP", "_src_id": 6 }, "geometry": { "type": "MultiPolygon", "coordinates": [ [ [ [ 73.900252683206503, 39.542520037736793 ], [ 73.900479141111546, 39.542346797777903 ], [ 73.900924573224813, 39.54200603506753 ], [ 73.902172089844584, 39.541331751103847 ], [ 73.903262099045605, 39.540897988461886 ], [ 73.904452695842991, 39.540747396335156 ], [ 73.906211543514431, 39.540642215359604 ], [ 73.90776241313371, 39.540656122539779 ], [ 73.909982562160522, 39.540958270628174 ], [ 73.911222080707063, 39.541090323139741 ], [ 73.912821115969322, 39.541467517540241 ], [ 73.914315598095101, 39.541964737487099 ], [ 73.915911928007603, 39.542624144223822 ], [ 73.916993267919509, 39.543077329209865 ], [ 73.917923042792481, 39.543166232420596 ], [ 73.918905300787614, 39.543174943410641 ], [ 73.92004109335484, 39.543346308539356 ], [ 73.921642173467873, 39.543521773491172 ], [ 73.92314063898823, 39.543615662466955 ], [ 73.924227074627282, 39.543544598174236 ], [ 73.92510903400796, 39.543229771317513 ], [ 73.925788057976263, 39.542509897430378 ], [ 73.926207810978326, 39.54186838742833 ], [ 73.926317377090101, 39.541224148056656 ], [ 73.926271468585867, 39.540618866224825 ], [ 73.926069700680472, 39.540092860123977 ], [ 73.925507617268124, 39.539402381859482 ], [ 73.923730751287508, 39.538883106438846 ], [ 73.922780408109887, 39.538605531590498 ], [ 73.920792969247444, 39.538049555390735 ], [ 73.918370665944821, 39.537556687324511 ], [ 73.91612193779082, 39.537065389927328 ], [ 73.914047827728382, 39.5365084881035 ], [ 73.910760041318809, 39.535872986724641 ], [ 73.907384494742189, 39.535303757933264 ], [ 73.900485749799159, 39.534138659938307 ], [ 73.898471819471595, 39.533918846190531 ], [ 73.896767645320168, 39.533742127183636 ], [ 73.895426519667097, 39.533447701754255 ], [ 73.89439594970203, 39.533115751657 ], [ 73.893883500864703, 39.532667522338734 ], [ 73.893820256577541, 39.532189261969656 ], [ 73.893819256577544, 39.532189261969656 ], [ 73.892083674437075, 39.531908520828203 ], [ 73.892082674437077, 39.531908520828203 ], [ 73.890706262215645, 39.533605279901202 ], [ 73.88924256916539, 39.534911711035789 ], [ 73.887059913563405, 39.536058888030837 ], [ 73.885664123554903, 39.537213570326003 ], [ 73.885229823247329, 39.537541621455695 ], [ 73.885229823247329, 39.537541621455695 ], [ 73.892068009250821, 39.539620475613724 ], [ 73.896953574634921, 39.541375091275043 ], [ 73.899822685294197, 39.542370468448368 ], [ 73.899822685294197, 39.542370468448368 ], [ 73.900251683206506, 39.542520037736793 ], [ 73.900252683206503, 39.542520037736793 ] ] ] ] } },
{ "type": "Feature", "properties": { "ID": 359, "周长": 1.0763535463162686, "面积": 0.0080043732051158153, "FEATUREID": "YAAE002C1AJ430010020000008", "CHFCAC": "000008", "CODE": "", "GB": "73020", "HYDC": "", "TN": "", "NAME": "", "fill_color": 11776, "pattern": 848, "pattern_color": 2304, "_src_file": "LDLYAAE002.WP", "_src_id": 7 }, "geometry": { "type": "MultiPolygon", "coordinates": [ [ [ [ 73.772582246332874, 39.450647553141806 ], [ 73.772582348446051, 39.450647647741995 ], [ 73.772583246332871, 39.450647553141806 ], [ 73.772582246332874, 39.450647553141806 ] ] ], [ [ [ 73.771957517168389, 39.455053895364529 ], [ 73.775325926653721, 39.457867647737466 ], [ 73.775972867303338, 39.458499376613439 ], [ 73.777055313319437, 39.459193324367888 ], [ 73.779156143418774, 39.459843534473364 ], [ 73.781476411138087, 39.460383130376421 ], [ 73.783433241101363, 39.46091807224316 ], [ 73.785027935635171, 39.461335036341673 ], [ 73.785750961611186, 39.461684272232176 ], [ 73.786327298867846, 39.462145006361965 ], [ 73.786612856546412, 39.462602062028061 ], [ 73.786753026289631, 39.463057278145691 ], [ 73.786166226378612, 39.463503299977781 ], [ 73.784923178030894, 39.464111053244032 ], [ 73.783828127720454, 39.464493945119877 ], [ 73.783169910016213, 39.464825684642946 ], [ 73.782946566887048, 39.465276296635729 ], [ 73.783158761490057, 39.465789110526636 ], [ 73.783879857134266, 39.466308373363184 ], [ 73.784527607495733, 39.466883382977009 ], [ 73.784546646755913, 39.467656431092777 ], [ 73.7858935254757, 39.467654503587354 ], [ 73.792938607292342, 39.466848861006952 ], [ 73.797317755789464, 39.467187234359308 ], [ 73.801391572156078, 39.467698093570988 ], [ 73.806657258664018, 39.468550352706785 ], [ 73.812780110743148, 39.468694882943559 ], [ 73.8187404557181, 39.469083004390079 ], [ 73.8212380183232, 39.46923226393266 ], [ 73.823121818860699, 39.469168359827613 ], [ 73.824755048186745, 39.469389517723855 ], [ 73.829174147532413, 39.470375422404821 ], [ 73.833271122613397, 39.471685354639959 ], [ 73.836369160458744, 39.472739583446675 ], [ 73.83867666161585, 39.473703981307168 ], [ 73.845287476376839, 39.476307318081595 ], [ 73.85101459157633, 39.478083003653168 ], [ 73.855225433178973, 39.478943085993663 ], [ 73.857226623900161, 39.479290190076092 ], [ 73.859648262499206, 39.47976416314993 ], [ 73.862808544117826, 39.480286244951358 ], [ 73.866126625864752, 39.480850705571839 ], [ 73.869456309865541, 39.481433758158261 ], [ 73.871405597572618, 39.48175561398272 ], [ 73.873844718449277, 39.482045575672444 ], [ 73.874195654795457, 39.482318120344885 ], [ 73.874326861502652, 39.482520861884375 ], [ 73.874387367956317, 39.482660393378538 ], [ 73.874405457763388, 39.482917267589201 ], [ 73.874204587945854, 39.484285248979653 ], [ 73.873851432284525, 39.486532834204198 ], [ 73.873730623359151, 39.487472994571554 ], [ 73.873112056501412, 39.489799858125821 ], [ 73.87292916922496, 39.491312397508693 ], [ 73.872866717007213, 39.50118508947336 ], [ 73.872893624551949, 39.507635076200856 ], [ 73.873027919447495, 39.511496053836524 ], [ 73.874561874397216, 39.513948603009723 ], [ 73.884117913019509, 39.523182059569862 ], [ 73.885730250437263, 39.524873434798415 ], [ 73.887869640855001, 39.526417478388858 ], [ 73.88988445942752, 39.5275540118324 ], [ 73.891501074914601, 39.528991422050332 ], [ 73.892070224362428, 39.53031726193332 ], [ 73.892082674437077, 39.531908520828203 ], [ 73.892083674437075, 39.531908520828203 ], [ 73.893819256577544, 39.532189261969656 ], [ 73.893820256577541, 39.532189261969656 ], [ 73.893787400123273, 39.531940796055977 ], [ 73.894265536787643, 39.53065472808651 ], [ 73.894902750049525, 39.528966850075548 ], [ 73.895172081971282, 39.527880509752578 ], [ 73.894973817051223, 39.527031880756319 ], [ 73.894412144663903, 39.526341256311788 ], [ 73.893077242556501, 39.525441980553772 ], [ 73.891276007292518, 39.52465941967948 ], [ 73.889473185699401, 39.524038119232493 ], [ 73.885612092307113, 39.522510822573736 ], [ 73.884532917759344, 39.521896063691727 ], [ 73.883404950727865, 39.520998570437037 ], [ 73.882176943931185, 39.519777546863999 ], [ 73.881003948174964, 39.518234414863009 ], [ 73.880241130027926, 39.517017642975276 ], [ 73.879115362711119, 39.515918503689853 ], [ 73.877577460524492, 39.514694577734666 ], [ 73.876858550574809, 39.514244369414044 ], [ 73.875271539451418, 39.512778008998133 ], [ 73.874815186093443, 39.511926962201734 ], [ 73.874744540987123, 39.511517402732544 ], [ 73.874620113561178, 39.510796049954564 ], [ 73.874992197270871, 39.509791354600956 ], [ 73.87546554203908, 39.508989220317723 ], [ 73.8760918166073, 39.508390122988601 ], [ 73.876770578413328, 39.507710856082056 ], [ 73.877756869450351, 39.50727637144135 ], [ 73.880290781556226, 39.507098069793692 ], [ 73.882980925135243, 39.506800169286961 ], [ 73.885361026752548, 39.50649936912572 ], [ 73.887794815445304, 39.505997385333025 ], [ 73.890487323661262, 39.50545737852876 ], [ 73.891575621328172, 39.505144681792856 ], [ 73.892199700027405, 39.504747103819959 ], [ 73.892515783341082, 39.50414509550609 ], [ 73.892364419219689, 39.503780790938471 ], [ 73.891540972192814, 39.503450699118368 ], [ 73.889223642893484, 39.502663411606761 ], [ 73.888866446416984, 39.502216574811477 ], [ 73.88892380655993, 39.501652542124155 ], [ 73.890066968016782, 39.501017755073477 ], [ 73.893537076050649, 39.500485311583603 ], [ 73.894820102125919, 39.500475213440488 ], [ 73.895788280587766, 39.50063542760833 ], [ 73.897011271367248, 39.501100073220933 ], [ 73.897972338214402, 39.501813909955118 ], [ 73.898868747876861, 39.502527126343026 ], [ 73.899569200582349, 39.50338948849047 ], [ 73.900525801625847, 39.504455620660174 ], [ 73.901677762068061, 39.505422916202292 ], [ 73.903151870840333, 39.506493914873374 ], [ 73.904820708941031, 39.507516394518333 ], [ 73.906556206748107, 39.508388467671288 ], [ 73.908097698407062, 39.509258690618097 ], [ 73.909126233854124, 39.509771719747249 ], [ 73.910156063781628, 39.510184079625738 ], [ 73.911242930214982, 39.511201007439681 ], [ 73.916237033128951, 39.510190615927996 ], [ 73.915661224808431, 39.509681873327686 ], [ 73.914441134319688, 39.508965763978637 ], [ 73.913158936137492, 39.508047714229576 ], [ 73.912980817120825, 39.506787622772244 ], [ 73.913839495386043, 39.505386214938 ], [ 73.915018987583906, 39.504189146499819 ], [ 73.915616340212438, 39.502986632576373 ], [ 73.915764108490805, 39.501528236269422 ], [ 73.915587861139855, 39.500117154870445 ], [ 73.915792678798724, 39.499263336385852 ], [ 73.916902922151053, 39.498417958476814 ], [ 73.919043475898889, 39.497934518177395 ], [ 73.921114909858701, 39.497802756555316 ], [ 73.921955029207879, 39.497860889597774 ], [ 73.923569340055508, 39.498077201922442 ], [ 73.923954234348372, 39.498332452149981 ], [ 73.924077294402508, 39.498836960807466 ], [ 73.924254338820518, 39.500197702597895 ], [ 73.924306439436336, 39.501204926024286 ], [ 73.924426990167902, 39.501910760468313 ], [ 73.925066847758259, 39.502470389929364 ], [ 73.926933718507243, 39.503192362560533 ], [ 73.928733445379819, 39.504115033890905 ], [ 73.930148264885787, 39.504782451126346 ], [ 73.931237838978006, 39.505597869151913 ], [ 73.932325566489723, 39.506564272148573 ], [ 73.933218034406011, 39.507629548039873 ], [ 73.93398613894152, 39.508290977696518 ], [ 73.93449800885989, 39.508748706768671 ], [ 73.935006778623787, 39.509458087506971 ], [ 73.935510590831129, 39.510570119455558 ], [ 73.93549879234817, 39.511526414374366 ], [ 73.93568353888972, 39.512283163938193 ], [ 73.936003868727013, 39.512537780792975 ], [ 73.937612991624675, 39.513206885554318 ], [ 73.939743978886696, 39.513528372188212 ], [ 73.941814609215527, 39.513496908942592 ], [ 73.943113910415335, 39.51305570196989 ], [ 73.94480745958866, 39.512114688229794 ], [ 73.946565649189694, 39.51117423750344 ], [ 73.9482542124438, 39.510635824594807 ], [ 73.950070288991228, 39.510249550946455 ], [ 73.951363994474931, 39.510261232670629 ], [ 73.95239591277543, 39.510522225938381 ], [ 73.953678891709387, 39.511339438259945 ], [ 73.954505405953711, 39.512304023829607 ], [ 73.955590422159787, 39.513220818513012 ], [ 73.957125536579767, 39.514242715201028 ], [ 73.958855315718154, 39.515165831639813 ], [ 73.960844836671129, 39.515940462102414 ], [ 73.962579523558787, 39.516460870236443 ], [ 73.963609257761888, 39.516621981866066 ], [ 73.964576929307881, 39.516581123464768 ], [ 73.96535538373756, 39.516186042326986 ], [ 73.967111667034118, 39.514894435122244 ], [ 73.968534785605883, 39.514505630642674 ], [ 73.970407979379061, 39.514221869234163 ], [ 73.971826898669278, 39.514185346902018 ], [ 73.973115094681134, 39.514298550038312 ], [ 73.973884568666975, 39.5146583913941 ], [ 73.974392611308019, 39.515317716382697 ], [ 73.974503751383835, 39.516828927917025 ], [ 73.974087825501115, 39.519291437673921 ], [ 73.973741100856429, 39.521351917516569 ], [ 73.973443375952726, 39.524721651453802 ], [ 73.973630276039984, 39.52527718167439 ], [ 73.97439868540495, 39.525737684785739 ], [ 73.975237519965361, 39.525695486506002 ], [ 73.976016612321416, 39.52525000524318 ], [ 73.976740685369592, 39.523998580170428 ], [ 73.977789485698935, 39.52254894272653 ], [ 73.978835291725403, 39.521350955985824 ], [ 73.980011777713145, 39.520003208785184 ], [ 73.980990674224827, 39.519005905861086 ], [ 73.981966604035946, 39.518260255610436 ], [ 73.982809455416771, 39.517865677576495 ], [ 73.983584891009386, 39.517722134852661 ], [ 73.984356805932052, 39.517880578609379 ], [ 73.984803425124142, 39.518287575798318 ], [ 73.985178552035393, 39.519297940125796 ], [ 73.985353817401759, 39.520860094809308 ], [ 73.98526883968762, 39.522621099550378 ], [ 73.985182685058646, 39.524482768205011 ], [ 73.985294653916938, 39.525943637996008 ], [ 73.985925406575802, 39.527157804717284 ], [ 73.986751385135875, 39.528222831123294 ], [ 73.987380428522783, 39.529587989097557 ], [ 73.987817211429729, 39.530850621310627 ], [ 73.988325501879331, 39.531509886800343 ], [ 73.989030178690015, 39.531919342748445 ], [ 73.989611716929005, 39.531824240322607 ], [ 73.990139253167243, 39.530822537208124 ], [ 73.990805638060991, 39.528966421162835 ], [ 73.991602108664566, 39.527010869241657 ], [ 73.992523432875416, 39.525408865442259 ], [ 73.993634087932051, 39.524161028391006 ], [ 73.994804548191723, 39.523316450990563 ], [ 73.996030394016572, 39.522818705938207 ], [ 73.997455653107394, 39.522687303658159 ], [ 73.999775695848328, 39.52281001868905 ], [ 74.001833819267134, 39.523282573364483 ], [ 74.006525900285823, 39.524635707329374 ], [ 74.007358437395027, 39.525146935228747 ], [ 74.008121379835373, 39.52611054182703 ], [ 74.008882065165267, 39.527275471610388 ], [ 74.009061861048679, 39.528485269594064 ], [ 74.009242872151745, 39.529851772808286 ], [ 74.009807817347124, 39.530958838034245 ], [ 74.010313477877773, 39.53186967055926 ], [ 74.011080503088834, 39.5324809300674 ], [ 74.012684183166002, 39.533251049557997 ], [ 74.014420264929413, 39.533720360157623 ], [ 74.016028521445975, 39.534087775445059 ], [ 74.017510630313154, 39.534202300422159 ], [ 74.018286742476675, 39.534008193037195 ], [ 74.018679290433525, 39.533508478257929 ], [ 74.018937114070411, 39.532670522365002 ], [ 74.019080820429025, 39.53220344360691 ], [ 74.019291688574569, 39.53064493812694 ], [ 74.019503103347162, 39.529036101227206 ], [ 74.01944872266256, 39.528129514187782 ], [ 74.019389290824122, 39.527675921594863 ], [ 74.019648342399748, 39.527577659223212 ], [ 74.02029148802751, 39.527734666101004 ], [ 74.021636109537624, 39.52860292411183 ], [ 74.023365995614341, 39.529625758909248 ], [ 74.025678528288921, 39.530452619172976 ], [ 74.028187902426325, 39.530979225784847 ], [ 74.029090151152474, 39.531037902578468 ], [ 74.033923842676998, 39.53133414570803 ], [ 74.035408123147377, 39.531247112725822 ], [ 74.036955793390646, 39.531261317257417 ], [ 74.03804877087002, 39.531573360946233 ], [ 74.038560284952695, 39.531980747813769 ], [ 74.038872866708914, 39.532889691322531 ], [ 74.038921481477772, 39.534349931789542 ], [ 74.039298569244508, 39.535259461251037 ], [ 74.039866953485358, 39.536372092948838 ], [ 74.041274295653793, 39.537442048264047 ], [ 74.042170641795465, 39.538054284775527 ], [ 74.042671331213782, 39.539468308431253 ], [ 74.042964939919017, 39.542138884522544 ], [ 74.043023446882557, 39.542693134064237 ], [ 74.04327980240727, 39.542846484187208 ], [ 74.043731279180818, 39.542850600458081 ], [ 74.044448357895817, 39.542152404811731 ], [ 74.045486813554888, 39.541557805157737 ], [ 74.046260221855718, 39.541615176118569 ], [ 74.047286744008247, 39.542127881237533 ], [ 74.048762057276591, 39.542896336893975 ], [ 74.049340910919227, 39.543052598652402 ], [ 74.050245491114168, 39.542909781118865 ], [ 74.050713626420674, 39.542742758712848 ], [ 74.051346253897435, 39.54251704418126 ], [ 74.052515264122391, 39.541772549579932 ], [ 74.053555794027659, 39.540976544596219 ], [ 74.054727970763409, 39.539930028363727 ], [ 74.055642531884729, 39.538830896306401 ], [ 74.05636725010244, 39.537979273143307 ], [ 74.056765361447077, 39.537326831568713 ], [ 74.056706701733361, 39.53692299584926 ], [ 74.055937725370086, 39.536412859708406 ], [ 74.054915218538, 39.535547808435908 ], [ 74.054089901539925, 39.534482572965977 ], [ 74.05332400721656, 39.533770750036844 ], [ 74.052490381534469, 39.533260091501191 ], [ 74.051203812375732, 39.532745930969199 ], [ 74.050565097745576, 39.532186343107867 ], [ 74.050641976728812, 39.531380167952094 ], [ 74.051179399772394, 39.530073321562192 ], [ 74.051653617676436, 39.528665137461708 ], [ 74.051728200850846, 39.528010213923459 ], [ 74.051480785971464, 39.52725195650936 ], [ 74.05103470587585, 39.526794703350234 ], [ 74.050135717697486, 39.526333946478886 ], [ 74.048714553182862, 39.52617167883745 ], [ 74.047546102998254, 39.526414737224883 ], [ 74.046569460245536, 39.526810543288278 ], [ 74.045337052404022, 39.527002660907591 ], [ 74.044430447746137, 39.5270460330783 ], [ 74.043338925585942, 39.526482877964227 ], [ 74.042060213517573, 39.525464447677876 ], [ 74.040588206846124, 39.52439406599764 ], [ 74.038914458662461, 39.523826321331327 ], [ 74.037302359165722, 39.523460726392372 ], [ 74.036206322062753, 39.523200007946855 ], [ 74.035691814125627, 39.522994273549131 ], [ 74.035631744093678, 39.522691263529808 ], [ 74.035833550892036, 39.522188618583471 ], [ 74.037008904158242, 39.521491922189043 ], [ 74.038898974931655, 39.520599121951939 ], [ 74.040720461497983, 39.51995786749287 ], [ 74.041964257200078, 39.51900954232206 ], [ 74.043278837561573, 39.517658366937049 ], [ 74.043944909149047, 39.516402976745518 ], [ 74.044156582732484, 39.515244891531708 ], [ 74.04409681140568, 39.510655918209117 ], [ 74.044109049323069, 39.509849242389485 ], [ 74.043801680298529, 39.508787961376058 ], [ 74.043039232333157, 39.507874404399317 ], [ 74.042476983265743, 39.506559017485095 ], [ 74.042241998281114, 39.504994063719536 ], [ 74.041865400024506, 39.504234777837929 ], [ 74.041259288324099, 39.503751877545362 ], [ 74.041260288324096, 39.503751877545362 ], [ 74.040076646059333, 39.503250350347635 ], [ 74.039691737189059, 39.503125083078615 ], [ 74.039690737189062, 39.503125083078615 ], [ 74.039228051127083, 39.503256124520583 ], [ 74.038568176712701, 39.504108155608847 ], [ 74.038223235527539, 39.505517302773747 ], [ 74.038073106014608, 39.506877554070172 ], [ 74.038317230076359, 39.507837507550292 ], [ 74.038820874544214, 39.50874907058418 ], [ 74.039385375050117, 39.509913221147109 ], [ 74.039756599526797, 39.511025437075837 ], [ 74.03992992929642, 39.512388216871983 ], [ 74.040041647039416, 39.513548823805451 ], [ 74.039574219072406, 39.514503208663356 ], [ 74.038657777565277, 39.515201958990545 ], [ 74.037098245650867, 39.515643542376338 ], [ 74.035736626984175, 39.51583454514838 ], [ 74.034502071265237, 39.516177802808173 ], [ 74.033396115212739, 39.516572481304408 ], [ 74.031831103354293, 39.517366912412065 ], [ 74.030790581181833, 39.51771166069566 ], [ 74.029108539681303, 39.517698360541857 ], [ 74.027946975512961, 39.517738150931045 ], [ 74.026913733949584, 39.517879604804016 ], [ 74.025942177733583, 39.51827331049217 ], [ 74.025157907844857, 39.519222460751465 ], [ 74.024441437773248, 39.519870207774154 ], [ 74.023665500145356, 39.520064356635274 ], [ 74.022440463138707, 39.520052975703244 ], [ 74.020773061347057, 39.519232059331522 ], [ 74.019172416068017, 39.518210390730815 ], [ 74.017701887496841, 39.517089239419327 ], [ 74.016237041297842, 39.515464741985809 ], [ 74.015351362213266, 39.51394632383375 ], [ 74.013948843348643, 39.51252373170616 ], [ 74.013887199256857, 39.512271464620277 ], [ 74.013999490365521, 39.511589374193825 ], [ 74.014008034581963, 39.510985163675386 ], [ 74.014716620531203, 39.509916890694505 ], [ 74.016118573354859, 39.508854485668124 ], [ 74.018215751980208, 39.507663653609505 ], [ 74.021618571924535, 39.506080926621969 ], [ 74.024594468369457, 39.504024517048506 ], [ 74.027312066906489, 39.501831583382668 ], [ 74.028601238501764, 39.500393525058676 ], [ 74.026758490444351, 39.499090746252492 ], [ 74.026072916934595, 39.498559215511179 ], [ 74.026071916934598, 39.498559215511179 ], [ 74.0244313354155, 39.499595353583871 ], [ 74.022885357752401, 39.500467936780908 ], [ 74.021453530478965, 39.501297163458702 ], [ 74.020189873746148, 39.502260449632296 ], [ 74.019160067267308, 39.502783150809712 ], [ 74.018022236457725, 39.502951022043909 ], [ 74.017058104454293, 39.50289905291099 ], [ 74.01570220929429, 39.502489975079349 ], [ 74.013898511177644, 39.501679084095983 ], [ 74.012033957355158, 39.501133138945534 ], [ 74.00994034677548, 39.500718046770871 ], [ 74.007898655137737, 39.500613048330436 ], [ 74.00557497730199, 39.500856842393574 ], [ 74.002514261271116, 39.501402112552697 ], [ 73.999397951916464, 39.501858437586108 ], [ 73.997186055186546, 39.502367453467592 ], [ 73.995091304371044, 39.502524187104548 ], [ 73.993563165824781, 39.502597953173904 ], [ 73.988696444213289, 39.502772257280327 ], [ 73.987622824078457, 39.502673622038174 ], [ 73.986325531214788, 39.502351981432739 ], [ 73.985597442978033, 39.501726613076684 ], [ 73.985270411356993, 39.500663400330772 ], [ 73.985742897083497, 39.498945331614983 ], [ 73.986496083032804, 39.497406632483418 ], [ 73.986963391405183, 39.496130203007887 ], [ 73.987259994217382, 39.494940472146119 ], [ 73.987215221639559, 39.493924142403934 ], [ 73.986724179856353, 39.492373493824793 ], [ 73.986172510180438, 39.491175616878436 ], [ 73.985535750206509, 39.488784340954936 ], [ 73.984783241254021, 39.486623836435008 ], [ 73.984312863745629, 39.484521253858681 ], [ 73.984481461070672, 39.48225882984832 ], [ 73.984975511354577, 39.480695594309459 ], [ 73.985593038013207, 39.479281548937593 ], [ 73.986529995879621, 39.478349112678295 ], [ 73.987960691937573, 39.477586670204531 ], [ 73.989527902520749, 39.477157167409295 ], [ 73.991444393017801, 39.477062356799152 ], [ 73.993850266613165, 39.477413978241174 ], [ 73.995271952762465, 39.477647944017335 ], [ 73.997811496542127, 39.478083460900585 ], [ 74.000376776895635, 39.478047097067098 ], [ 74.002040301690812, 39.477769115965543 ], [ 74.002951238223091, 39.477367750006152 ], [ 74.003490052013817, 39.476612455764752 ], [ 74.003575486284461, 39.475911727366451 ], [ 74.003209220415243, 39.475148670172885 ], [ 74.002163338231369, 39.474438236692848 ], [ 74.000287019586935, 39.4737791075827 ], [ 73.997878605411756, 39.473407636767071 ], [ 73.995611670028566, 39.473214871768626 ], [ 73.994382442833697, 39.473160416901443 ], [ 73.993610464982552, 39.473121974008826 ], [ 73.991720461329805, 39.473082627141281 ], [ 73.989162347821591, 39.47339337264885 ], [ 73.986392358921535, 39.473647002365858 ], [ 73.98440681549701, 39.473630548622914 ], [ 73.983135713495443, 39.473288163858285 ], [ 73.981939082547569, 39.472725161444004 ], [ 73.981600496861674, 39.471726844674578 ], [ 73.981542898311943, 39.470896781512792 ], [ 73.981981659376686, 39.47007084865745 ], [ 73.982493091515209, 39.469134906163944 ], [ 73.982932719285515, 39.468253669718607 ], [ 73.983016029808965, 39.467480083334657 ], [ 73.982460308963255, 39.466756490900515 ], [ 73.981266454594007, 39.466027588455013 ], [ 73.979145547298359, 39.465622781025829 ], [ 73.977231137554682, 39.465606798601137 ], [ 73.974954180548991, 39.466085496406386 ], [ 73.972959916050854, 39.466621832231226 ], [ 73.971102956760831, 39.467435812688542 ], [ 73.970033994952303, 39.467758651936698 ], [ 73.948759403492517, 39.467291904281304 ], [ 73.94812200000527, 39.467014010899568 ], [ 73.94701808150846, 39.46677724312039 ], [ 73.945852618030855, 39.466812033932882 ], [ 73.944743739590876, 39.466983391168597 ], [ 73.943283166484562, 39.467332957223356 ], [ 73.942053903117809, 39.467820676362606 ], [ 73.941347733748927, 39.468403855628949 ], [ 73.938935135487725, 39.470377457919405 ], [ 73.937875073176613, 39.471235357635472 ], [ 73.936875245880898, 39.472082105417805 ], [ 73.936223892524779, 39.472937882708848 ], [ 73.936156710336022, 39.473662940230916 ], [ 73.93644071290845, 39.474255148274565 ], [ 73.937543036387211, 39.474628064098688 ], [ 73.939230677023716, 39.474779543553623 ], [ 73.941327204506919, 39.474844012508882 ], [ 73.942489479280951, 39.475081365240023 ], [ 73.94300932107214, 39.475448930325129 ], [ 73.943237904198455, 39.475813844112011 ], [ 73.943287299344476, 39.476539965167554 ], [ 73.943103124152344, 39.477309318052441 ], [ 73.942802434163013, 39.478077608945249 ], [ 73.942036246343037, 39.478796309549651 ], [ 73.941038684947316, 39.479376833646384 ], [ 73.939810860134429, 39.479728475935282 ], [ 73.938178010682194, 39.47984963337111 ], [ 73.936024201124596, 39.479693873380221 ], [ 73.934045726835762, 39.479494326341324 ], [ 73.932124398046568, 39.479385979992315 ], [ 73.929562265260572, 39.479271701990768 ], [ 73.926943575928462, 39.479020783699042 ], [ 73.924324909680053, 39.47876980444596 ], [ 73.922348767193483, 39.478388663517329 ], [ 73.920549119339043, 39.477873063595425 ], [ 73.918517050321313, 39.477309921862997 ], [ 73.917357675567416, 39.476845583169165 ], [ 73.915622928802065, 39.475808937913435 ], [ 73.914931334211758, 39.475212874765965 ], [ 73.914243185464017, 39.474344713607309 ], [ 73.913792639090076, 39.473115934838624 ], [ 73.913640799706329, 39.471300338174331 ], [ 73.913956213175041, 39.468549868505548 ], [ 73.913701504401487, 39.466493332243871 ], [ 73.91324299222741, 39.465899438066579 ], [ 73.912203197975359, 39.465209393940661 ], [ 73.910519876526848, 39.464740082395565 ], [ 73.908947306992602, 39.464725333539938 ], [ 73.90754600733672, 39.464984298967487 ], [ 73.906550673542526, 39.46538312990134 ], [ 73.906138924721205, 39.465696736181762 ], [ 73.905843081672998, 39.466056788655273 ], [ 73.905892083105414, 39.466782921318675 ], [ 73.906311356008956, 39.467670685397202 ], [ 73.906516037615958, 39.468104071517416 ], [ 73.906961808422153, 39.469695669537188 ], [ 73.907112316661681, 39.471601971544068 ], [ 73.907090968190829, 39.473279886309001 ], [ 73.906672244541582, 39.474137682484887 ], [ 73.905729245191992, 39.474990541927205 ], [ 73.904380770969013, 39.47565815255323 ], [ 73.902978077893067, 39.476007757598033 ], [ 73.901397704421228, 39.476582438056049 ], [ 73.898912382043221, 39.477092129492583 ], [ 73.895718805846769, 39.477061831747996 ], [ 73.892535803785847, 39.476365162754718 ], [ 73.889481749997344, 39.475288844560517 ], [ 73.887467020387405, 39.474143950728944 ], [ 73.88667557910729, 39.473456616447216 ], [ 73.885526297710229, 39.472312677053907 ], [ 73.884818729049783, 39.470776439454795 ], [ 73.884766664933053, 39.469189843986179 ], [ 73.885289930574601, 39.468118582309458 ], [ 73.886028468767918, 39.467275967100008 ], [ 73.887273995340692, 39.466608141823542 ], [ 73.888953029703629, 39.466171032560318 ], [ 73.891430770717207, 39.465854811705739 ], [ 73.893691717994272, 39.465423179918041 ], [ 73.896899041668505, 39.464943845584891 ], [ 73.897671698332374, 39.464879061772187 ], [ 73.90054061080167, 39.464638467043706 ], [ 73.903161563884112, 39.464493289762927 ], [ 73.906368059673056, 39.463834793032966 ], [ 73.911567482543973, 39.461218045859191 ], [ 73.913553436910163, 39.459662640843156 ], [ 73.911730662902102, 39.459985468603044 ], [ 73.909328827556294, 39.460076250840146 ], [ 73.905545660561899, 39.460097337418695 ], [ 73.901691930533403, 39.459947696381271 ], [ 73.898642707569806, 39.459465673911239 ], [ 73.895811743359033, 39.458985646512993 ], [ 73.892620791962187, 39.458218886793475 ], [ 73.889064220462814, 39.457675321274195 ], [ 73.884341700079261, 39.457347191282999 ], [ 73.880781923313862, 39.457086652199315 ], [ 73.876417790660071, 39.457044549659635 ], [ 73.873653841486899, 39.457017802408025 ], [ 73.871987399688166, 39.456662163531909 ], [ 73.869888887560947, 39.456075979402797 ], [ 73.867432157031189, 39.455203369101817 ], [ 73.86490817386543, 39.45404715043523 ], [ 73.862595951604973, 39.453232430076945 ], [ 73.859993951981309, 39.452358242158432 ], [ 73.854838849297835, 39.45185493242586 ], [ 73.851722424297108, 39.451258390882991 ], [ 73.848890386300525, 39.451004062706197 ], [ 73.845987300418571, 39.450693827065962 ], [ 73.844318025204259, 39.450567390713061 ], [ 73.837503677558033, 39.449662643023181 ], [ 73.835908140958267, 39.449473820187933 ], [ 73.834596383966414, 39.44962713868172 ], [ 73.832479307092356, 39.450052830371895 ], [ 73.830726782775088, 39.450426507000785 ], [ 73.828835861042549, 39.450459759802357 ], [ 73.826656535873596, 39.450376540494254 ], [ 73.823756232805337, 39.450002153960583 ], [ 73.822015364222821, 39.449811348562285 ], [ 73.819546512745262, 39.449667975105946 ], [ 73.818386444112079, 39.449769651238988 ], [ 73.817288680045635, 39.44986585427565 ], [ 73.815313336300605, 39.450462336783325 ], [ 73.813703729985079, 39.450950424080936 ], [ 73.811736575768663, 39.451151801675842 ], [ 73.808113039471564, 39.450598691445421 ], [ 73.807385032794855, 39.450646072916172 ], [ 73.806798842885058, 39.450864565280654 ], [ 73.806642837561853, 39.451370661831376 ], [ 73.806623923784898, 39.452273614100335 ], [ 73.806317815680359, 39.453003636423503 ], [ 73.805948477584096, 39.453281277947248 ], [ 73.805583868676948, 39.453333178079696 ], [ 73.804644875960449, 39.453039214489529 ], [ 73.803049359804419, 39.45284993878208 ], [ 73.801524165717481, 39.452774420198828 ], [ 73.800070469807466, 39.452756225308491 ], [ 73.798844337377446, 39.452289271940373 ], [ 73.797628928124311, 39.45131439759507 ], [ 73.796348009123662, 39.449999991804631 ], [ 73.795399659075571, 39.448688929129489 ], [ 73.79291361792977, 39.448800993288259 ], [ 73.796704364219593, 39.45378655981655 ], [ 73.797192936153849, 39.454752327009068 ], [ 73.798029500480567, 39.456456295981063 ], [ 73.798447565831935, 39.457649893609741 ], [ 73.798800733806416, 39.45856121296535 ], [ 73.798866353371281, 39.459185521116623 ], [ 73.798716466903386, 39.459580405125877 ], [ 73.79805450516713, 39.460252265210848 ], [ 73.797614475511367, 39.460586826461835 ], [ 73.796740854757545, 39.460689218191902 ], [ 73.795651086129681, 39.460618844913917 ], [ 73.794062807495564, 39.45963530053826 ], [ 73.792117600374226, 39.458080433638038 ], [ 73.786337910194348, 39.452357656006583 ], [ 73.785487286972284, 39.451330815430218 ], [ 73.784347163665302, 39.450243857169667 ], [ 73.782905543836563, 39.449661107321752 ], [ 73.781520999036402, 39.449812904635792 ], [ 73.780346069649809, 39.450362490103622 ], [ 73.778949460521289, 39.45107859672067 ], [ 73.777916237899788, 39.451799305039764 ], [ 73.777096222361052, 39.452748511956052 ], [ 73.776364556789076, 39.452964998301731 ], [ 73.775492345499728, 39.452953896643244 ], [ 73.774200946019349, 39.452147156829668 ], [ 73.772582348446051, 39.450647647741995 ], [ 73.768459966161089, 39.451081976590643 ], [ 73.771957517168389, 39.455053895364529 ] ] ] ] } },
{ "type": "Feature", "properties": { "ID": 380, "周长": 0.0034305336449369575, "面积": 1.4653186576811072e-07, "FEATUREID": "YAAE002C1AJ430010020000009", "CHFCAC": "000009", "CODE": "", "GB": "73020", "HYDC": "", "TN": "", "NAME": "", "fill_color": -27136, "pattern": 848, "pattern_color": 2304, "_src_file": "LDLYAAE002.WP", "_src_id": 8 }, "geometry": { "type": "MultiPolygon", "coordinates": [ [ [ [ 74.039691737189059, 39.503125083078615 ], [ 74.039690737189062, 39.503125083078615 ], [ 74.039693114157785, 39.503125531208354 ], [ 74.039691737189059, 39.503125083078615 ] ] ], [ [ [ 74.040076646059333, 39.503250350347635 ], [ 74.041258152413462, 39.503750972527598 ], [ 74.040714938056325, 39.503318175593179 ], [ 74.039693114157785, 39.503125531208354 ], [ 74.040076646059333, 39.503250350347635 ] ] ], [ [ [ 74.041258152413462, 39.503750972527598 ], [ 74.041259288324099, 39.503751877545362 ], [ 74.041260288324096, 39.503751877545362 ], [ 74.041258152413462, 39.503750972527598 ] ] ] ] } },
{ "type": "Feature", "properties": { "ID": 383, "周长": 0.010473264962978708, "面积": 6.9876058170631472e-06, "FEATUREID": "YAAE002C1AJ430010020000010", "CHFCAC": "000010", "CODE": "", "GB": "73020", "HYDC": "", "TN": "", "NAME": "", "fill_color": -24064, "pattern": 848, "pattern_color": 2304, "_src_file": "LDLYAAE002.WP", "_src_id": 9 }, "geometry": { "type": "MultiPolygon", "coordinates": [ [ [ [ 74.026071916934598, 39.498559215511179 ], [ 74.027013106318577, 39.497801838641507 ], [ 74.027988073905604, 39.497145901063476 ], [ 74.029112640480392, 39.497012352074194 ], [ 74.029707118832633, 39.497890176021492 ], [ 74.028984870325829, 39.499965571771384 ], [ 74.028601238501764, 39.500393525058676 ], [ 74.028601238501764, 39.500393525058676 ], [ 74.026758490444351, 39.499090746252492 ], [ 74.026072916934595, 39.498559215511179 ], [ 74.026071916934598, 39.498559215511179 ] ] ] ] } },
{ "type": "Feature", "properties": { "ID": 397, "周长": 0.34204211365584547, "面积": 0.0014178117557044241, "FEATUREID": "YAAE002C1AJ430010020000011", "CHFCAC": "000011", "CODE": "", "GB": "73020", "HYDC": "", "TN": "", "NAME": "", "fill_color": -20992, "pattern": 848, "pattern_color": 2304, "_src_file": "LDLYAAE002.WP", "_src_id": 10 }, "geometry": { "type": "MultiPolygon", "coordinates": [ [ [ [ 73.649909854393385, 39.448637271897013 ], [ 73.649909853744177, 39.448637311428151 ], [ 73.649910854393383, 39.448637271897013 ], [ 73.649909854393385, 39.448637271897013 ] ] ], [ [ [ 73.600712027372651, 39.458832013328873 ], [ 73.600711353844204, 39.458832101920905 ], [ 73.600712353844202, 39.458832101920905 ], [ 73.600712027372651, 39.458832013328873 ] ] ], [ [ [ 73.720880500013195, 39.455589549428183 ], [ 73.718760539043771, 39.456071085725505 ], [ 73.718093136969415, 39.456634070503206 ], [ 73.717717556607028, 39.457313363658947 ], [ 73.717193084334056, 39.458162016202358 ], [ 73.716526467836047, 39.458668259676124 ], [ 73.71564439837438, 39.45883147120751 ], [ 73.714471310760459, 39.458821622334305 ], [ 73.712793297552622, 39.458181950261739 ], [ 73.711342061970853, 39.457032336789624 ], [ 73.710571013394485, 39.455885863354659 ], [ 73.710572013394483, 39.455885863354659 ], [ 73.706274395836715, 39.455841385318983 ], [ 73.705273454808818, 39.45579215505569 ], [ 73.705272454808821, 39.45579215505569 ], [ 73.704379343038582, 39.456802848443907 ], [ 73.70370579553024, 39.457820783514258 ], [ 73.702738195087619, 39.458893084467888 ], [ 73.702212001829508, 39.459855393469333 ], [ 73.701829382120351, 39.461046400017786 ], [ 73.70107861459239, 39.462348008011034 ], [ 73.70003682198309, 39.463476523294851 ], [ 73.698853706493423, 39.464205737300738 ], [ 73.697529290342459, 39.464535641686574 ], [ 73.696648640941376, 39.464584982053267 ], [ 73.69599564340723, 39.464067568471044 ], [ 73.695361098850768, 39.46218544355829 ], [ 73.695238285463176, 39.460421435666397 ], [ 73.695251349292533, 39.459454766833275 ], [ 73.694891679481302, 39.458939858814794 ], [ 73.694089033954427, 39.458648630907746 ], [ 73.692476827414367, 39.458577925181551 ], [ 73.691302982129613, 39.458624707340881 ], [ 73.690709496037286, 39.45913142881799 ], [ 73.690692505784952, 39.460382410268032 ], [ 73.690385323037702, 39.461403418286842 ], [ 73.689637432733051, 39.46247749934075 ], [ 73.688898804005163, 39.462869220470097 ], [ 73.687869980587408, 39.463030955178496 ], [ 73.686919124314926, 39.462852139142925 ], [ 73.686200653560576, 39.461765410233433 ], [ 73.685854237020408, 39.460283809898776 ], [ 73.685497735780572, 39.459541424811945 ], [ 73.684843314866427, 39.459137677129092 ], [ 73.683600028515571, 39.458899432112226 ], [ 73.682721000637571, 39.45883494132687 ], [ 73.681400514397438, 39.458880351645291 ], [ 73.680369389939742, 39.459212609567317 ], [ 73.679334348936123, 39.459829168937098 ], [ 73.678446707832649, 39.460390135967259 ], [ 73.677492001895828, 39.460495556634051 ], [ 73.6769195529493, 39.459466915285383 ], [ 73.676651359086989, 39.457644753757016 ], [ 73.676164193966031, 39.455705773188207 ], [ 73.675707276919113, 39.452890858941494 ], [ 73.675150049927964, 39.450905842181932 ], [ 73.675149049927967, 39.450905842181932 ], [ 73.670099461203648, 39.449955981420601 ], [ 73.662867779452171, 39.448770311043482 ], [ 73.658539000038388, 39.448549348446434 ], [ 73.658184815857766, 39.448531151468416 ], [ 73.658183815857768, 39.448531151468416 ], [ 73.659751621239494, 39.44962698841416 ], [ 73.661663725143356, 39.450479555264053 ], [ 73.662495200536043, 39.451817985023375 ], [ 73.662466590929611, 39.453312624367584 ], [ 73.661568295847474, 39.455461682040188 ], [ 73.660449331591636, 39.457940402450475 ], [ 73.659336658795596, 39.460086970733002 ], [ 73.658031988748746, 39.461068558213171 ], [ 73.65631473200888, 39.461214827273579 ], [ 73.655038777024103, 39.460701749330418 ], [ 73.654002692530682, 39.45886257816597 ], [ 73.652771632266621, 39.456024492264341 ], [ 73.651118615360787, 39.452849281583781 ], [ 73.649884564178606, 39.450177238627774 ], [ 73.649909853744177, 39.448637311428151 ], [ 73.647087658798071, 39.44874880362768 ], [ 73.640760251334441, 39.448952826747437 ], [ 73.635058220622838, 39.449083532759282 ], [ 73.632645197890668, 39.449306311643809 ], [ 73.632646197890665, 39.449306311643809 ], [ 73.631998552424946, 39.449688722705744 ], [ 73.630957149073907, 39.450410035803415 ], [ 73.629331575900764, 39.451013550418466 ], [ 73.627718782637118, 39.450998764365558 ], [ 73.624895081287605, 39.45024717052079 ], [ 73.621649362871707, 39.450720466123997 ], [ 73.612605244198917, 39.452416100155823 ], [ 73.604625967621729, 39.454070426816507 ], [ 73.600091397169749, 39.455306188473784 ], [ 73.596965860599326, 39.45615942179414 ], [ 73.597554045933947, 39.456636992422887 ], [ 73.598812607602838, 39.457660893534943 ], [ 73.600139347966646, 39.458676609802467 ], [ 73.600712027372651, 39.458832013328873 ], [ 73.601840605358007, 39.458683566719479 ], [ 73.603610772455809, 39.458911988986962 ], [ 73.605312209565412, 39.459364721389605 ], [ 73.607081989825588, 39.459759706313761 ], [ 73.608707367264913, 39.460387106687996 ], [ 73.610332224726235, 39.460951431400936 ], [ 73.61188862158123, 39.461636504441493 ], [ 73.612628636712003, 39.462951279797316 ], [ 73.613002409573781, 39.464608436141795 ], [ 73.614116495850539, 39.465923162360852 ], [ 73.616039062570692, 39.467121410226561 ], [ 73.617740239453966, 39.467803625335222 ], [ 73.619441620225345, 39.468256153575766 ], [ 73.621364510346353, 39.468765319584044 ], [ 73.623134345992852, 39.468934898380276 ], [ 73.624904475882019, 39.469329617387473 ], [ 73.626903376250397, 39.469781049597245 ], [ 73.628826068549984, 39.470064928804902 ], [ 73.630595889819318, 39.470459557754488 ], [ 73.632442183010426, 39.471197305817867 ], [ 73.634074942721469, 39.471937021737062 ], [ 73.636142684949888, 39.472217981058513 ], [ 73.637988865133181, 39.472500811623256 ], [ 73.639903846883982, 39.472608789036748 ], [ 73.641750174726383, 39.472661896950555 ], [ 73.643596552735062, 39.472543850521042 ], [ 73.645290230256776, 39.4721357848547 ], [ 73.646915581302963, 39.47156028125174 ], [ 73.647654774915082, 39.471192254706637 ], [ 73.649944897898692, 39.470316026180164 ], [ 73.652077221418367, 39.469520383050252 ], [ 73.654816449391063, 39.468614527794465 ], [ 73.657398807045936, 39.467999789843525 ], [ 73.660135661910033, 39.467210976575956 ], [ 73.663208107281548, 39.466660350864316 ], [ 73.672239542042121, 39.464830068034864 ], [ 73.682405357295053, 39.462953346430119 ], [ 73.686936980134774, 39.463180406345977 ], [ 73.68919785795768, 39.463557507827296 ], [ 73.690024874376618, 39.463801222198065 ], [ 73.691378789475252, 39.464168062324617 ], [ 73.693645200235537, 39.464252147399684 ], [ 73.694401037914915, 39.4642606366397 ], [ 73.695756077180889, 39.464568836000488 ], [ 73.69832048342839, 39.464890566584792 ], [ 73.714912719901264, 39.461379942704937 ], [ 73.724398452777578, 39.460654937268643 ], [ 73.724402694435497, 39.460332228970977 ], [ 73.724852551518353, 39.459313269249463 ], [ 73.725443811799806, 39.458581555703887 ], [ 73.726174223752494, 39.458307772194154 ], [ 73.72755533520413, 39.458325951109195 ], [ 73.730024003499693, 39.458585122841058 ], [ 73.731547016543828, 39.45888851641152 ], [ 73.732637377282003, 39.458902819069024 ], [ 73.733878687417032, 39.458465644800043 ], [ 73.735416294152785, 39.45757889350071 ], [ 73.736663804762784, 39.456631646352385 ], [ 73.73770277857912, 39.455514797622421 ], [ 73.737906160137825, 39.455007690968074 ], [ 73.737905160137828, 39.455007690968074 ], [ 73.727764467655817, 39.455245095540043 ], [ 73.720881500013192, 39.455589549428183 ], [ 73.720880500013195, 39.455589549428183 ] ] ] ] } },
{ "type": "Feature", "properties": { "ID": 403, "周长": 0.011305719533703783, "面积": 1.4194945929559e-06, "FEATUREID": "YAAE002C1AJ430010020000012", "CHFCAC": "000012", "CODE": "", "GB": "73020", "HYDC": "", "TN": "", "NAME": "", "fill_color": -5632, "pattern": 848, "pattern_color": 2304, "_src_file": "LDLYAAE002.WP", "_src_id": 11 }, "geometry": { "type": "MultiPolygon", "coordinates": [ [ [ [ 73.768031654457545, 39.464658845039757 ], [ 73.771263105971599, 39.465567042925471 ], [ 73.77311748116793, 39.465879586201872 ], [ 73.773523712794201, 39.465891372753383 ], [ 73.773523712794201, 39.465891372753383 ], [ 73.770735207743741, 39.464950783974899 ], [ 73.768031654457545, 39.464658845039757 ] ] ] ] } },
{ "type": "Feature", "properties": { "ID": 404, "周长": 0.044931844024140362, "面积": 9.3180031719666823e-05, "FEATUREID": "YAAE002C1AJ430010020000013", "CHFCAC": "000013", "CODE": "", "GB": "73020", "HYDC": "", "TN": "", "NAME": "", "fill_color": -2560, "pattern": 848, "pattern_color": 2304, "_src_file": "LDLYAAE002.WP", "_src_id": 12 }, "geometry": { "type": "MultiPolygon", "coordinates": [ [ [ [ 73.744637211622972, 39.454635567383015 ], [ 73.744679403005975, 39.455662144951567 ], [ 73.745165639235566, 39.456969235201086 ], [ 73.745949444356285, 39.458283074509914 ], [ 73.747028158909856, 39.45926065758124 ], [ 73.74825433939769, 39.460070102587956 ], [ 73.748612333816041, 39.460528190059101 ], [ 73.748747464645007, 39.46138014940226 ], [ 73.74830309172863, 39.462054548715059 ], [ 73.747958801449528, 39.462234724252582 ], [ 73.747958801449528, 39.462234724252582 ], [ 73.75151270219888, 39.462368099092188 ], [ 73.758384557826005, 39.46279327258069 ], [ 73.761332526071385, 39.463287719633293 ], [ 73.761332526071385, 39.463287719633293 ], [ 73.760941201248883, 39.463124752968966 ], [ 73.759428088485535, 39.461971663319282 ], [ 73.758353888181531, 39.460597492048464 ], [ 73.757643188820509, 39.459227998755608 ], [ 73.757297322145774, 39.457749846492121 ], [ 73.756661666174622, 39.456325324359206 ], [ 73.75567096072443, 39.45507066502573 ], [ 73.754170274267054, 39.453865861472565 ], [ 73.753627639421325, 39.45343019984076 ], [ 73.753627639421325, 39.45343019984076 ], [ 73.750887024462529, 39.453902906654477 ], [ 73.74463821162297, 39.454635567383015 ], [ 73.744637211622972, 39.454635567383015 ] ] ] ] } },
{ "type": "Feature", "properties": { "ID": 407, "周长": 0.12611165130669172, "面积": 0.00075175481782779538, "FEATUREID": "YAAE002C1AJ430010020000014", "CHFCAC": "000014", "CODE": "", "GB": "73020", "HYDC": "", "TN": "", "NAME": "", "fill_color": 2560, "pattern": 849, "pattern_color": 2304, "_src_file": "LDLYAAE002.WP", "_src_id": 13 }, "geometry": { "type": "MultiPolygon", "coordinates": [ [ [ [ 73.627468348700006, 39.430722219332516 ], [ 73.601560323811356, 39.426213491790058 ], [ 73.601559323811358, 39.426213491790058 ], [ 73.600837948378114, 39.426502316705879 ], [ 73.599778242450327, 39.427030245129899 ], [ 73.59843727350713, 39.428370439781077 ], [ 73.597272334605634, 39.429645308440634 ], [ 73.596457897389101, 39.430857583656177 ], [ 73.595641798333631, 39.432137882786726 ], [ 73.594662654366019, 39.43293924268783 ], [ 73.594218327657515, 39.43327257166797 ], [ 73.593252247412067, 39.433529685794269 ], [ 73.592990555335518, 39.433525592402809 ], [ 73.592572611679543, 39.433591212920483 ], [ 73.592202203403303, 39.433649366902138 ], [ 73.591502718880477, 39.433706475274903 ], [ 73.591251818343935, 39.433702546939919 ], [ 73.59097933679594, 39.433698280044112 ], [ 73.590371998833106, 39.433552658565311 ], [ 73.589856818112764, 39.433204311973647 ], [ 73.5896496139936, 39.432687100964699 ], [ 73.5896496139936, 39.432687100964699 ], [ 73.589275380798625, 39.433651277150283 ], [ 73.588689050771848, 39.434968112980101 ], [ 73.588107126164417, 39.436402120608825 ], [ 73.58804020676304, 39.437945905896292 ], [ 73.58781914971614, 39.439492344328372 ], [ 73.58804797707964, 39.440922658886798 ], [ 73.588419805264948, 39.442291685980678 ], [ 73.588939711317451, 39.44372101581115 ], [ 73.589541384584578, 39.445209900586242 ], [ 73.590138273042285, 39.446581602549287 ], [ 73.591173793187778, 39.447895620064386 ], [ 73.592135222019465, 39.449096125176467 ], [ 73.593027721825337, 39.45029578606831 ], [ 73.593913909051537, 39.451607935737094 ], [ 73.594731068291054, 39.452923747585636 ], [ 73.595478748213552, 39.454180182859957 ], [ 73.596217754720314, 39.455549104646003 ], [ 73.596965860599326, 39.45615942179414 ], [ 73.596965860599326, 39.45615942179414 ], [ 73.600091397169749, 39.455306188473784 ], [ 73.604625967621729, 39.454070426816507 ], [ 73.612605244198917, 39.452416100155823 ], [ 73.621649362871707, 39.450720466123997 ], [ 73.624895081287605, 39.45024717052079 ], [ 73.624895081287605, 39.45024717052079 ], [ 73.622174207542628, 39.449654743648168 ], [ 73.619833060206659, 39.449408256187155 ], [ 73.618157550457653, 39.448886796697778 ], [ 73.617362905333991, 39.448317257292857 ], [ 73.616868529574504, 39.447413191107387 ], [ 73.616682216219488, 39.445887809351305 ], [ 73.617161391536669, 39.444193204557763 ], [ 73.617784098229848, 39.442614459364677 ], [ 73.618775077634254, 39.440928272630771 ], [ 73.619910901498443, 39.439301207030724 ], [ 73.621636995174129, 39.437456829227578 ], [ 73.625563764401733, 39.432243527388287 ], [ 73.626606092003499, 39.431466110628463 ], [ 73.627467348700009, 39.430722219332516 ], [ 73.627468348700006, 39.430722219332516 ] ] ] ] } },
{ "type": "Feature", "properties": { "ID": 409, "周长": 0.012398608525691551, "面积": 7.5028059313655726e-06, "FEATUREID": "YAAE002C1AJ430010020000015", "CHFCAC": "000015", "CODE": "", "GB": "73020", "HYDC": "", "TN": "", "NAME": "", "fill_color": 8704, "pattern": 849, "pattern_color": 2304, "_src_file": "LDLYAAE002.WP", "_src_id": 14 }, "geometry": { "type": "MultiPolygon", "coordinates": [ [ [ [ 73.709697899553845, 39.454532990898677 ], [ 73.708975747298325, 39.45396468683353 ], [ 73.708100378130027, 39.453732388721299 ], [ 73.70721841624956, 39.453837340458094 ], [ 73.706474270584039, 39.454393201949088 ], [ 73.705272454808821, 39.45579215505569 ], [ 73.705273454808818, 39.45579215505569 ], [ 73.706274395836715, 39.455841385318983 ], [ 73.710571005804738, 39.455885852926649 ], [ 73.710409086931477, 39.455663382802243 ], [ 73.709697899553845, 39.454532990898677 ] ] ], [ [ [ 73.710572013394483, 39.455885863354659 ], [ 73.710571005804738, 39.455885852926649 ], [ 73.710571013394485, 39.455885863354659 ], [ 73.710572013394483, 39.455885863354659 ] ] ] ] } },
{ "type": "Feature", "properties": { "ID": 411, "周长": 0.036813703539234487, "面积": 1.7706913837615744e-05, "FEATUREID": "YAAE002C1AJ430010020000016", "CHFCAC": "000016", "CODE": "", "GB": "73020", "HYDC": "", "TN": "", "NAME": "", "fill_color": 11776, "pattern": 849, "pattern_color": 2304, "_src_file": "LDLYAAE002.WP", "_src_id": 15 }, "geometry": { "type": "MultiPolygon", "coordinates": [ [ [ [ 73.737906160137825, 39.455007690968074 ], [ 73.738013323978862, 39.454615668567101 ], [ 73.738102098244966, 39.453882989910667 ], [ 73.737818786843505, 39.453540596515282 ], [ 73.737020505760881, 39.45347372042486 ], [ 73.735411544625336, 39.453904281489628 ], [ 73.733435421066645, 39.45449935738101 ], [ 73.731822689675965, 39.45509916688416 ], [ 73.730445400260152, 39.454911754755933 ], [ 73.729078080142102, 39.454272867126924 ], [ 73.727785958342054, 39.453522052323514 ], [ 73.72670069068397, 39.453281986404178 ], [ 73.725464745048541, 39.453266183812183 ], [ 73.724363362928386, 39.45370486241216 ], [ 73.723105398982796, 39.454704156349976 ], [ 73.721559627058937, 39.455419921859502 ], [ 73.720880500013195, 39.455589549428183 ], [ 73.720881500013192, 39.455589549428183 ], [ 73.727764467655817, 39.455245095540043 ], [ 73.737905160137828, 39.455007690968074 ], [ 73.737906160137825, 39.455007690968074 ] ] ] ] } },
{ "type": "Feature", "properties": { "ID": 412, "周长": 0.025354978589972852, "面积": 3.5395545119001841e-05, "FEATUREID": "YAAE002C1AJ430010020000017", "CHFCAC": "000017", "CODE": "", "GB": "73020", "HYDC": "", "TN": "", "NAME": "", "fill_color": 14848, "pattern": 849, "pattern_color": 2304, "_src_file": "LDLYAAE002.WP", "_src_id": 16 }, "geometry": { "type": "MultiPolygon", "coordinates": [ [ [ [ 73.74463821162297, 39.454635567383015 ], [ 73.750887024462529, 39.453902906654477 ], [ 73.753627639421325, 39.45343019984076 ], [ 73.753627639421325, 39.45343019984076 ], [ 73.753026928843695, 39.45294790179473 ], [ 73.748541270054332, 39.448599699730437 ], [ 73.747898224428994, 39.448083317189806 ], [ 73.747681417414057, 39.448024057172674 ], [ 73.746883187962595, 39.447957249588718 ], [ 73.746149021323561, 39.448286412738902 ], [ 73.745611951629471, 39.449577765594881 ], [ 73.74506870337963, 39.45115128036835 ], [ 73.744673260297574, 39.452613815802174 ], [ 73.744567306282931, 39.454136562657247 ], [ 73.744637211622972, 39.454635567383015 ], [ 73.74463821162297, 39.454635567383015 ] ] ] ] } },
{ "type": "Feature", "properties": { "ID": 414, "周长": 0.11191452289752402, "面积": 0.00029721502629494526, "FEATUREID": "YAAE002C1AJ430010020000018", "CHFCAC": "000018", "CODE": "", "GB": "73020", "HYDC": "", "TN": "", "NAME": "", "fill_color": 17920, "pattern": 849, "pattern_color": 2304, "_src_file": "LDLYAAE002.WP", "_src_id": 17 }, "geometry": { "type": "MultiPolygon", "coordinates": [ [ [ [ 73.672718423919974, 39.448367168756732 ], [ 73.670691805419679, 39.447056321171381 ], [ 73.665113043487381, 39.443746404919786 ], [ 73.664100431164528, 39.443062816175186 ], [ 73.662955999378212, 39.441647213913434 ], [ 73.662252539280516, 39.440179295917758 ], [ 73.661834338872083, 39.439107433629275 ], [ 73.66118717016758, 39.438483285184184 ], [ 73.659950233977213, 39.438022540335503 ], [ 73.657749079477327, 39.438115372542356 ], [ 73.655987693090324, 39.438212091088353 ], [ 73.655474621981881, 39.438207506974663 ], [ 73.655114991119191, 39.437866985403986 ], [ 73.655425295069165, 39.437026483654265 ], [ 73.656107763797522, 39.43590821400479 ], [ 73.656423750782807, 39.434786670417679 ], [ 73.656508447531806, 39.434225244017384 ], [ 73.655783515281883, 39.433825242600619 ], [ 73.65396036933646, 39.433359197449384 ], [ 73.651912801442876, 39.433115985326786 ], [ 73.649932811452572, 39.43315443471446 ], [ 73.648604406503168, 39.433592241742232 ], [ 73.647565710722986, 39.434201293996658 ], [ 73.646596842297143, 39.434979623737789 ], [ 73.64554546550562, 39.436206945490611 ], [ 73.644345161489753, 39.437545347105079 ], [ 73.642994761139207, 39.439051035019133 ], [ 73.641851522720401, 39.441176979961483 ], [ 73.640562763474009, 39.44324537623681 ], [ 73.639138867429921, 39.444750349078255 ], [ 73.635640404444203, 39.447304573201698 ], [ 73.634895770739647, 39.447859968548777 ], [ 73.633779959004173, 39.448636847823003 ], [ 73.632646383220973, 39.449306202209875 ], [ 73.635058220622838, 39.449083532759282 ], [ 73.640760251334441, 39.448952826747437 ], [ 73.647087658798071, 39.44874880362768 ], [ 73.649910854393383, 39.448637271897013 ], [ 73.649909854393385, 39.448637271897013 ], [ 73.649977598151551, 39.445361201579765 ], [ 73.65044770250222, 39.443207260673695 ], [ 73.651320532512273, 39.442386852339425 ], [ 73.652618537756524, 39.441737471855355 ], [ 73.65452714226403, 39.442756222733344 ], [ 73.656413458366899, 39.444937439110824 ], [ 73.657446218453856, 39.446942663723739 ], [ 73.658183815857768, 39.448531151468416 ], [ 73.658184815857766, 39.448531151468416 ], [ 73.658539000038388, 39.448549348446434 ], [ 73.662867779452171, 39.448770311043482 ], [ 73.670099461203648, 39.449955981420601 ], [ 73.675149049927967, 39.450905842181932 ], [ 73.675150049927964, 39.450905842181932 ], [ 73.674304137941533, 39.449730331089043 ], [ 73.672718423919974, 39.448367168756732 ] ] ], [ [ [ 73.632646197890665, 39.449306311643809 ], [ 73.632646383220973, 39.449306202209875 ], [ 73.632645197890668, 39.449306311643809 ], [ 73.632646197890665, 39.449306311643809 ] ] ] ] } },
{ "type": "Feature", "properties": { "ID": 416, "周长": 0.031963346885709988, "面积": 4.5185468388560246e-05, "FEATUREID": "YAAE002C1AJ430010020000019", "CHFCAC": "000019", "CODE": "", "GB": "73020", "HYDC": "", "TN": "", "NAME": "", "fill_color": 25088, "pattern": 849, "pattern_color": 2304, "_src_file": "LDLYAAE002.WP", "_src_id": 18 }, "geometry": { "type": "MultiPolygon", "coordinates": [ [ [ [ 73.772582246332874, 39.450647553141806 ], [ 73.772347472751221, 39.450430044900564 ], [ 73.770507413516583, 39.448092137296314 ], [ 73.769236766615393, 39.446325971182453 ], [ 73.768602074310706, 39.445414666535839 ], [ 73.767908065531685, 39.443881659606625 ], [ 73.767777275766647, 39.443202595350868 ], [ 73.76778576845085, 39.442807558770362 ], [ 73.768094653200805, 39.44196477360709 ], [ 73.768322372988209, 39.441516094725003 ], [ 73.76833328880447, 39.441008191582647 ], [ 73.76776040523221, 39.440605715092374 ], [ 73.766162854876001, 39.440528807411582 ], [ 73.764707001786675, 39.440623040745052 ], [ 73.763972994054484, 39.440952319379768 ], [ 73.763447262945675, 39.441735860187812 ], [ 73.763140755830264, 39.442465766051349 ], [ 73.763262980992096, 39.443539868449342 ], [ 73.767131406719386, 39.449573080336961 ], [ 73.768459966161089, 39.451081976590643 ], [ 73.768459966161089, 39.451081976590643 ], [ 73.772583246332871, 39.450647553141806 ], [ 73.772582246332874, 39.450647553141806 ] ] ] ] } },
{ "type": "Feature", "properties": { "ID": 421, "周长": 0.038256669144164757, "面积": 4.5610230973484878e-05, "FEATUREID": "YAAE002C1AJ430010020000020", "CHFCAC": "000020", "CODE": "", "GB": "73020", "HYDC": "", "TN": "", "NAME": "", "fill_color": 28160, "pattern": 849, "pattern_color": 2304, "_src_file": "LDLYAAE002.WP", "_src_id": 19 }, "geometry": { "type": "MultiPolygon", "coordinates": [ [ [ [ 73.795399659075571, 39.448688929129489 ], [ 73.794864590523773, 39.447949188273988 ], [ 73.794109222318539, 39.445851072001403 ], [ 73.790809264902862, 39.440333958386361 ], [ 73.789613299365072, 39.438456054887908 ], [ 73.788702085317738, 39.436863979628832 ], [ 73.788074396720958, 39.435614172760907 ], [ 73.787150083812278, 39.43464286082007 ], [ 73.786288880329309, 39.434123933834726 ], [ 73.785345434200067, 39.434055555561493 ], [ 73.784831983082881, 39.434274857623969 ], [ 73.784663868972856, 39.435345267210849 ], [ 73.785498707612987, 39.437105757213175 ], [ 73.791894280354455, 39.44746023051237 ], [ 73.79291361792977, 39.448800993288259 ], [ 73.79291361792977, 39.448800993288259 ], [ 73.795399659075571, 39.448688929129489 ] ] ] ] } },
{ "type": "Feature", "properties": { "ID": 432, "周长": 0.24865584792081658, "面积": 0.00094842864842945831, "FEATUREID": "YAAE002C1AJ430010020000021", "CHFCAC": "000021", "CODE": "", "GB": "73020", "HYDC": "", "TN": "", "NAME": "", "fill_color": 31232, "pattern": 849, "pattern_color": 2304, "_src_file": "LDLYAAE002.WP", "_src_id": 20 }, "geometry": { "type": "MultiPolygon", "coordinates": [ [ [ [ 73.629221163933465, 39.429125431065337 ], [ 73.630335175723872, 39.428405905337407 ], [ 73.633299543081407, 39.426751844345908 ], [ 73.634559688311001, 39.426034663246433 ], [ 73.636625308404675, 39.425273851633293 ], [ 73.639630624192193, 39.424982299584492 ], [ 73.641900884432744, 39.424848973743877 ], [ 73.643442731154238, 39.424590273764309 ], [ 73.644406344024461, 39.424038419244958 ], [ 73.644640223480366, 39.423417964136874 ], [ 73.644438123808015, 39.42267693381222 ], [ 73.643578103504012, 39.421925217201988 ], [ 73.642351266478485, 39.421224285252222 ], [ 73.64134375974858, 39.420526904660001 ], [ 73.640425297231886, 39.419149963626538 ], [ 73.639941479608154, 39.417950340060287 ], [ 73.640188649812103, 39.416762606243459 ], [ 73.640788021559757, 39.416148105793859 ], [ 73.642623390332275, 39.415837439438228 ], [ 73.64496512038393, 39.415761966555941 ], [ 73.647094168475547, 39.415399247127958 ], [ 73.64930156749692, 39.414810755304487 ], [ 73.651353515470163, 39.41461696013743 ], [ 73.654497934864949, 39.414611021310506 ], [ 73.65698580818848, 39.414537665167941 ], [ 73.659042978417233, 39.414116817832706 ], [ 73.660443738665109, 39.413628145432817 ], [ 73.661041260529259, 39.413071271811184 ], [ 73.661574055591217, 39.412171300597961 ], [ 73.661742503749039, 39.411209255307249 ], [ 73.662203313241804, 39.4102519121613 ], [ 73.662502223006641, 39.40997296492381 ], [ 73.662940769507415, 39.409980015183272 ], [ 73.663439321957412, 39.410555530797417 ], [ 73.663708455243977, 39.411633255756605 ], [ 73.663828917379035, 39.412927348273655 ], [ 73.664533286525781, 39.414339051681729 ], [ 73.664957054582771, 39.415129861846005 ], [ 73.665609708063286, 39.415472948038214 ], [ 73.666415705053581, 39.415480075310967 ], [ 73.666720108151239, 39.414920579243336 ], [ 73.666676255463969, 39.413458510077525 ], [ 73.666934526177783, 39.411549361041615 ], [ 73.667622207292979, 39.410149968384843 ], [ 73.668599529842623, 39.408921783438721 ], [ 73.66913271616113, 39.407914549499822 ], [ 73.669383100495878, 39.406451371517598 ], [ 73.669411770577611, 39.405203323312932 ], [ 73.669212061087578, 39.404348869205556 ], [ 73.668637808544673, 39.403885666686918 ], [ 73.66711216629021, 39.40346395461679 ], [ 73.665286367711474, 39.403377909413123 ], [ 73.662857587961597, 39.404076648328697 ], [ 73.660577551740275, 39.404664229240787 ], [ 73.658001194802608, 39.405417241009054 ], [ 73.655135070741323, 39.406052019611018 ], [ 73.652789719551834, 39.406297891106618 ], [ 73.649132749721844, 39.406352233722053 ], [ 73.646211931279964, 39.406191402721319 ], [ 73.644021989565616, 39.406042364309336 ], [ 73.641526455252375, 39.406455822376465 ], [ 73.638745185714043, 39.406580821748939 ], [ 73.636560570996721, 39.406204730960383 ], [ 73.634734752476419, 39.406118203350765 ], [ 73.630851861415024, 39.406452036415985 ], [ 73.624986231317934, 39.407150492444345 ], [ 73.622793631624049, 39.407114510951324 ], [ 73.617378507899161, 39.407309226552329 ], [ 73.613787830620623, 39.40764729926304 ], [ 73.609621889024311, 39.407578502188784 ], [ 73.605980334828288, 39.407121649856279 ], [ 73.604601520683971, 39.406986732237499 ], [ 73.60379762582572, 39.407144481686352 ], [ 73.602472538759557, 39.407804860132003 ], [ 73.600997929948178, 39.408633142288338 ], [ 73.599519208062787, 39.409631588761364 ], [ 73.597232412463782, 39.410957902065839 ], [ 73.59649300416919, 39.411457100444544 ], [ 73.595023697658135, 39.412058393986662 ], [ 73.594002937475736, 39.412155938091338 ], [ 73.592412724219827, 39.411733825074357 ], [ 73.592191199515781, 39.411596227836917 ], [ 73.591187882181288, 39.410974276244851 ], [ 73.591336999481712, 39.412303688146046 ], [ 73.591413018669385, 39.413790693274038 ], [ 73.591543693338451, 39.415174215028586 ], [ 73.59447560902251, 39.415310089367573 ], [ 73.597167633000765, 39.415828516759021 ], [ 73.59890202482886, 39.416263900059356 ], [ 73.601592491672704, 39.416850256848335 ], [ 73.604722308943394, 39.417307269128891 ], [ 73.607510580939191, 39.417691981960331 ], [ 73.610039761605378, 39.418278264012507 ], [ 73.61239689780794, 39.418725541100095 ], [ 73.61449269737443, 39.419100402790193 ], [ 73.617020374060957, 39.419754565904078 ], [ 73.619026953808046, 39.420195932522063 ], [ 73.620427964881983, 39.420287030597542 ], [ 73.621564376418746, 39.42044181972652 ], [ 73.623134290364163, 39.420807885414547 ], [ 73.625220574971678, 39.42159073487904 ], [ 73.627042300413137, 39.42243727014958 ], [ 73.627381735062656, 39.422919225520666 ], [ 73.627628697194766, 39.423603834604634 ], [ 73.627261975483933, 39.424278393819755 ], [ 73.626364412462664, 39.42514841851176 ], [ 73.625468430739062, 39.425950408887132 ], [ 73.623791419928594, 39.426399294363762 ], [ 73.621682470742726, 39.426568834542685 ], [ 73.619662792362348, 39.426671748676462 ], [ 73.617032637515905, 39.426628464102841 ], [ 73.613968979744044, 39.426373799971167 ], [ 73.611869729569463, 39.426134982851394 ], [ 73.609677956748442, 39.426098769582936 ], [ 73.608271976997784, 39.426211630424483 ], [ 73.606348094873425, 39.4259756159096 ], [ 73.604431942177243, 39.425809630945473 ], [ 73.602774734782329, 39.425783859460495 ], [ 73.601983232552953, 39.426043763605662 ], [ 73.601559323811358, 39.426213491790058 ], [ 73.601560323811356, 39.426213491790058 ], [ 73.627467516393182, 39.43072207448764 ], [ 73.628024653552671, 39.430240847602995 ], [ 73.629221163933465, 39.429125431065337 ] ] ], [ [ [ 73.627468348700006, 39.430722219332516 ], [ 73.627467516393182, 39.43072207448764 ], [ 73.627467348700009, 39.430722219332516 ], [ 73.627468348700006, 39.430722219332516 ] ] ] ] } },
{ "type": "Feature", "properties": { "ID": 478, "周长": 0.038708112103943614, "面积": 9.0214062940078416e-05, "FEATUREID": "YAAE002C1AJ430010020000022", "CHFCAC": "000022", "CODE": "", "GB": "73020", "HYDC": "", "TN": "", "NAME": "", "fill_color": -29184, "pattern": 849, "pattern_color": 2304, "_src_file": "LDLYAAE002.WP", "_src_id": 21 }, "geometry": { "type": "Polygon", "coordinates": [ [ [ 74.438372263855371, 39.372504168498061 ], [ 74.438815730383283, 39.371997290110258 ], [ 74.439301970622893, 39.3715251869505 ], [ 74.440050844062938, 39.370953821601603 ], [ 74.440755901487734, 39.370382164225539 ], [ 74.44137455772416, 39.369640419546776 ], [ 74.442079588231024, 39.36906875158428 ], [ 74.442388908037074, 39.368697878251368 ], [ 74.442349007582834, 39.368155185473704 ], [ 74.442133652887094, 39.367645236292773 ], [ 74.441743573144677, 39.367066326848814 ], [ 74.441136687000892, 39.366180864021928 ], [ 74.440793366979932, 39.365195440196686 ], [ 74.440449073027509, 39.364345614623097 ], [ 74.439753645687418, 39.363595164988453 ], [ 74.439100311101228, 39.363082303412455 ], [ 74.438445265618768, 39.362806740474475 ], [ 74.437351481719389, 39.362629960549619 ], [ 74.436037958298627, 39.362553413580535 ], [ 74.434549236957025, 39.362475680905526 ], [ 74.432932601095288, 39.361922448405835 ], [ 74.432189991643241, 39.361646263699129 ], [ 74.43183959111056, 39.361643918524699 ], [ 74.431530250310288, 39.362014764100074 ], [ 74.431394359648749, 39.362624086711854 ], [ 74.431477225629337, 39.363268776449395 ], [ 74.431602394828104, 39.364117159835068 ], [ 74.431901531281085, 39.365136218277406 ], [ 74.432112574314317, 39.366222488065532 ], [ 74.432322376035643, 39.367478259583621 ], [ 74.432401270750063, 39.368665349126594 ], [ 74.432173781068315, 39.369816487729778 ], [ 74.43186041882683, 39.370729736347123 ], [ 74.431505234218292, 39.371371488570432 ], [ 74.431061321472413, 39.372013490375046 ], [ 74.431013513399051, 39.372387042045411 ], [ 74.431098214711852, 39.372659517291659 ], [ 74.431447941963768, 39.372729839098945 ], [ 74.431973618553116, 39.372733363300085 ], [ 74.432807759041026, 39.372569009197981 ], [ 74.433904008429664, 39.372474379437548 ], [ 74.434824304275892, 39.372446540465425 ], [ 74.435567206640286, 39.372621440123389 ], [ 74.436571866594093, 39.372900045330944 ], [ 74.437404556604463, 39.372871601881819 ], [ 74.437844065459885, 39.37273857466711 ], [ 74.438372263855371, 39.372504168498061 ] ] ] } },
{ "type": "Feature", "properties": { "ID": 496, "周长": 0.048044890353190151, "面积": 6.6435901129077712e-05, "FEATUREID": "YAAE002C1AJ430010020000023", "CHFCAC": "000023", "CODE": "", "GB": "73020", "HYDC": "", "TN": "", "NAME": "", "fill_color": -27136, "pattern": 849, "pattern_color": 2304, "_src_file": "LDLYAAE002.WP", "_src_id": 22 }, "geometry": { "type": "Polygon", "coordinates": [ [ [ 74.425354895964261, 39.35406278890499 ], [ 74.425997559331279, 39.354021925346458 ], [ 74.426465042511765, 39.35397987756965 ], [ 74.426875138427732, 39.353801832968202 ], [ 74.427110722358776, 39.353532205403766 ], [ 74.427054004352939, 39.353305810977815 ], [ 74.426706665926517, 39.352896648160105 ], [ 74.426300267025752, 39.352577490198655 ], [ 74.425487144971285, 39.351984367575817 ], [ 74.42455792950345, 39.351300053002682 ], [ 74.423629405297959, 39.350525327007837 ], [ 74.422934459934837, 39.349752179767606 ], [ 74.422357662935994, 39.348799016112274 ], [ 74.422073836903621, 39.347712231655528 ], [ 74.421906793433493, 39.346626238108946 ], [ 74.421914575588801, 39.345586631582314 ], [ 74.421688140857043, 39.344635843221809 ], [ 74.421108350597706, 39.344089475734243 ], [ 74.420525517416849, 39.343949908100619 ], [ 74.419998354985665, 39.344172337228876 ], [ 74.419762010630208, 39.34453272830541 ], [ 74.419638033544246, 39.345481453829706 ], [ 74.419513710906386, 39.346475378805117 ], [ 74.419096250347508, 39.347603710817225 ], [ 74.418389716965237, 39.348324045003174 ], [ 74.416866593334234, 39.348860218987944 ], [ 74.415052004066524, 39.349304768964416 ], [ 74.412887874654402, 39.349612238730842 ], [ 74.410430217967217, 39.350099253038316 ], [ 74.409199470585762, 39.350591339880879 ], [ 74.408435770177832, 39.351130568859652 ], [ 74.408316486009795, 39.351446480462869 ], [ 74.408490029579482, 39.351673212055985 ], [ 74.409189766354217, 39.351856939248314 ], [ 74.410416731627024, 39.351862053568858 ], [ 74.411995293586145, 39.351733007883524 ], [ 74.413983179983987, 39.351560431839481 ], [ 74.415794067995492, 39.35161310045644 ], [ 74.417018979648518, 39.351889343389779 ], [ 74.417891633760732, 39.352390138939306 ], [ 74.418763620952518, 39.352981327436552 ], [ 74.41987032821001, 39.353437983067586 ], [ 74.421151922638074, 39.353853514470217 ], [ 74.42249260039155, 39.354179027972044 ], [ 74.424127621213088, 39.354190099882395 ], [ 74.425354895964261, 39.35406278890499 ] ] ] } },
{ "type": "Feature", "properties": { "ID": 509, "周长": 0.042189812854508027, "面积": 6.6310001164859855e-05, "FEATUREID": "YAAE002C1AJ430010020000024", "CHFCAC": "000024", "CODE": "", "GB": "73020", "HYDC": "", "TN": "", "NAME": "", "fill_color": -25088, "pattern": 849, "pattern_color": 2304, "_src_file": "LDLYAAE002.WP", "_src_id": 23 }, "geometry": { "type": "MultiPolygon", "coordinates": [ [ [ [ 74.392183391687212, 39.34302650655237 ], [ 74.392183953127045, 39.343026860788349 ], [ 74.392184391687209, 39.34302650655237 ], [ 74.392183391687212, 39.34302650655237 ] ] ], [ [ [ 74.390024413822047, 39.344588365554579 ], [ 74.388852762495972, 39.344990092612342 ], [ 74.387331290166529, 39.345299879253474 ], [ 74.38545927624223, 39.345608110809877 ], [ 74.383646033499829, 39.345871370242016 ], [ 74.382125612482199, 39.346045490006802 ], [ 74.381012679026298, 39.346402194111761 ], [ 74.380366749417618, 39.346806152840884 ], [ 74.379777770716345, 39.347391167493051 ], [ 74.379421382371163, 39.348112812020545 ], [ 74.379240622338003, 39.348790033225306 ], [ 74.379293558867715, 39.349468289001393 ], [ 74.379582756063513, 39.349831180834848 ], [ 74.379933672807013, 39.349787532101331 ], [ 74.380168103111359, 39.349698166439389 ], [ 74.38058109251736, 39.349202776207825 ], [ 74.380995170939769, 39.348571783828547 ], [ 74.381641843388422, 39.348077422925748 ], [ 74.382286685228152, 39.34780905563742 ], [ 74.382987401011661, 39.347857338981143 ], [ 74.383686303664092, 39.348131619998675 ], [ 74.384675518979122, 39.348633175586869 ], [ 74.385664387517281, 39.349179922322222 ], [ 74.386537144630225, 39.349635751726012 ], [ 74.387352207321612, 39.350000919899806 ], [ 74.388226423130703, 39.3502759365035 ], [ 74.389277723161229, 39.350325709116781 ], [ 74.390447308308111, 39.350195178160348 ], [ 74.391559180880861, 39.349973984984452 ], [ 74.392204362701705, 39.349660363152132 ], [ 74.392791467214579, 39.349301285106961 ], [ 74.393203297322586, 39.348941447982504 ], [ 74.394024444083001, 39.34853817281676 ], [ 74.397165174462359, 39.346169722656832 ], [ 74.392183953127045, 39.343026860788349 ], [ 74.391140138622802, 39.343869975787655 ], [ 74.390024413822047, 39.344588365554579 ] ] ] ] } },
{ "type": "Feature", "properties": { "ID": 510, "周长": 0.063148145587965027, "面积": 0.00016235447830464933, "FEATUREID": "YAAE002C1AJ430010020000025", "CHFCAC": "000025", "CODE": "", "GB": "73020", "HYDC": "", "TN": "", "NAME": "", "fill_color": -22016, "pattern": 849, "pattern_color": 2304, "_src_file": "LDLYAAE002.WP", "_src_id": 24 }, "geometry": { "type": "MultiPolygon", "coordinates": [ [ [ [ 74.397165174462359, 39.346169722656832 ], [ 74.398257085293707, 39.345346999100812 ], [ 74.399257015389452, 39.344356832734846 ], [ 74.400373994542477, 39.343593151772389 ], [ 74.401251402305491, 39.343325670319139 ], [ 74.402128348413328, 39.343374584322241 ], [ 74.402883353548191, 39.34369419620257 ], [ 74.404339309604566, 39.344287960672865 ], [ 74.405739661673749, 39.344519858645974 ], [ 74.407493285842122, 39.344527211101187 ], [ 74.408955231843734, 39.344216915153417 ], [ 74.410362437303363, 39.343815959354792 ], [ 74.411179631580652, 39.343909760865003 ], [ 74.4118174954544, 39.344274029336006 ], [ 74.412689984469736, 39.344910462735925 ], [ 74.4137395356816, 39.345050415656736 ], [ 74.414383856414233, 39.344962668220688 ], [ 74.415613785632459, 39.344560924587022 ], [ 74.416785961640656, 39.34406852958751 ], [ 74.417665678467202, 39.343620122482349 ], [ 74.418193868787384, 39.343170276734121 ], [ 74.418432613511598, 39.342764430320102 ], [ 74.418376918090715, 39.342402591830286 ], [ 74.417795476510804, 39.341902995716232 ], [ 74.416983396300182, 39.341266841001911 ], [ 74.416111936587313, 39.34049483775226 ], [ 74.415244555550927, 39.339451627042543 ], [ 74.414723290788359, 39.338726258395866 ], [ 74.414205412344543, 39.337820085982884 ], [ 74.413803059554837, 39.336823991954176 ], [ 74.413285892836214, 39.335827415716842 ], [ 74.41258740710893, 39.335236913293265 ], [ 74.411657554943432, 39.334871436604018 ], [ 74.41072505721894, 39.334460750451399 ], [ 74.409737238306064, 39.333778615988848 ], [ 74.408981693721842, 39.333278247289087 ], [ 74.407987351675885, 39.333319299251478 ], [ 74.407517280134115, 39.333678945424673 ], [ 74.40704511878252, 39.334309790528856 ], [ 74.406689075027131, 39.335031522818667 ], [ 74.40604370152613, 39.335526028544628 ], [ 74.405691082378368, 39.335931357022673 ], [ 74.404807941981531, 39.336696072497425 ], [ 74.403868713247377, 39.337415336170878 ], [ 74.402751923199375, 39.338043451127731 ], [ 74.401522280717458, 39.338671060336367 ], [ 74.399997886951766, 39.339252212484126 ], [ 74.398652132641075, 39.339653293760385 ], [ 74.397595737858822, 39.340146007241131 ], [ 74.396600102911293, 39.340593762446254 ], [ 74.395483552420188, 39.341176604666352 ], [ 74.39407582032014, 39.341893782527919 ], [ 74.392846033430899, 39.342521296130045 ], [ 74.392183391687212, 39.34302650655237 ], [ 74.392183391687212, 39.34302650655237 ], [ 74.397165174462359, 39.346169722656832 ] ] ] ] } },
{ "type": "Feature", "properties": { "ID": 516, "周长": 0.056786615621949837, "面积": 9.6637658871273624e-05, "FEATUREID": "YAAE002C1AJ430010020000026", "CHFCAC": "000026", "CODE": "", "GB": "73020", "HYDC": "", "TN": "", "NAME": "", "fill_color": -18944, "pattern": 849, "pattern_color": 2304, "_src_file": "LDLYAAE002.WP", "_src_id": 25 }, "geometry": { "type": "Polygon", "coordinates": [ [ [ 74.012309313627014, 39.336905257196648 ], [ 74.013341103325104, 39.337092549451199 ], [ 74.014141381880876, 39.337277679337355 ], [ 74.015053907655101, 39.337552677385709 ], [ 74.01636758727949, 39.337920225017434 ], [ 74.017795795902046, 39.338244430638909 ], [ 74.019572056686968, 39.338527437629885 ], [ 74.021345837387756, 39.338721618737566 ], [ 74.023119619939436, 39.339093368683649 ], [ 74.02449250701541, 39.339416959305751 ], [ 74.025977417360878, 39.339785999764771 ], [ 74.027463592154547, 39.340199416473148 ], [ 74.028947535393982, 39.340568419349225 ], [ 74.030205711663271, 39.340890882021803 ], [ 74.031638289030425, 39.341081724724411 ], [ 74.033469554206036, 39.341276253448179 ], [ 74.034556615553768, 39.341597084363755 ], [ 74.034951083657518, 39.341911569193535 ], [ 74.034888254236648, 39.34235502469059 ], [ 74.03441775221286, 39.342972375195792 ], [ 74.033489909104375, 39.343541095863785 ], [ 74.032045090325724, 39.344193843140623 ], [ 74.030603731543181, 39.344580179077333 ], [ 74.028875924205408, 39.34487504723166 ], [ 74.027269373946467, 39.344904564325709 ], [ 74.025491418853733, 39.344710471616267 ], [ 74.02400164679932, 39.344563414667988 ], [ 74.022113951641856, 39.344190611107976 ], [ 74.020291694031599, 39.343463125509508 ], [ 74.018751639158467, 39.342782691763993 ], [ 74.017441634220688, 39.342193179750815 ], [ 74.015281508517546, 39.340974016574194 ], [ 74.011813560828685, 39.339165241896865 ], [ 74.010499401728723, 39.338708846497887 ], [ 74.00918926281345, 39.338252438761863 ], [ 74.008450172895309, 39.33784582571527 ], [ 74.008398123890103, 39.337534498880373 ], [ 74.008515691314784, 39.337313590322736 ], [ 74.008807391934099, 39.337094305333864 ], [ 74.009383464594066, 39.336966519442733 ], [ 74.010244910120718, 39.336930226174864 ], [ 74.011277494288805, 39.336895546615061 ], [ 74.012309313627014, 39.336905257196648 ] ] ] } },
{ "type": "Feature", "properties": { "ID": 524, "周长": 0.046056000855925726, "面积": 8.2324832441622517e-05, "FEATUREID": "YAAE002C1AJ430010020000027", "CHFCAC": "000027", "CODE": "", "GB": "73020", "HYDC": "", "TN": "", "NAME": "", "fill_color": -16896, "pattern": 849, "pattern_color": 2304, "_src_file": "LDLYAAE002.WP", "_src_id": 26 }, "geometry": { "type": "Polygon", "coordinates": [ [ [ 74.562549954765231, 39.336183031060116 ], [ 74.56250264056132, 39.335839296076827 ], [ 74.562456998744267, 39.335190121121499 ], [ 74.562214785855573, 39.334502296346997 ], [ 74.561827085233546, 39.333432315935653 ], [ 74.561536107946083, 39.332668011951135 ], [ 74.560949763932825, 39.331941175041038 ], [ 74.560166867716447, 39.33117568198881 ], [ 74.559284123359376, 39.330677201843777 ], [ 74.558105815961184, 39.330254357993425 ], [ 74.556974803057145, 39.330175239680329 ], [ 74.555744983419814, 39.330172230034357 ], [ 74.554464901054942, 39.330359984334592 ], [ 74.552988042412224, 39.330547236988536 ], [ 74.551264133946219, 39.330924758235184 ], [ 74.549391327732607, 39.33153096271738 ], [ 74.548256401689969, 39.33213899643323 ], [ 74.547416188048473, 39.332824121497431 ], [ 74.546722890126446, 39.333624154505678 ], [ 74.545979946840944, 39.334500418693928 ], [ 74.54548471081506, 39.335071866154244 ], [ 74.545138150873953, 39.335452786085547 ], [ 74.544939179632721, 39.335834083899798 ], [ 74.545036260903601, 39.336063412833056 ], [ 74.545232172287157, 39.336216631242017 ], [ 74.546019325022712, 39.336218629945698 ], [ 74.546757062533374, 39.336258679223711 ], [ 74.547001741330646, 39.336488380753352 ], [ 74.547390972454224, 39.337252969555642 ], [ 74.547975264351464, 39.338323490404619 ], [ 74.548757023432159, 39.339279963707796 ], [ 74.549641095870484, 39.339549443744453 ], [ 74.550428286395586, 39.339551412846916 ], [ 74.550823389147993, 39.339285139424341 ], [ 74.551122031845864, 39.338675001100036 ], [ 74.551372975503043, 39.337797480404916 ], [ 74.551524874244933, 39.337034252566113 ], [ 74.55187355518035, 39.336271514241979 ], [ 74.552761461820808, 39.335853736215384 ], [ 74.553648930365142, 39.335512311220576 ], [ 74.554340245089804, 39.335055854205187 ], [ 74.554884389876889, 39.334522669189724 ], [ 74.555477297083257, 39.334065964055846 ], [ 74.555969464110746, 39.334028990788632 ], [ 74.556706972786074, 39.334107156888635 ], [ 74.557787368704297, 39.334453416336899 ], [ 74.558719554644625, 39.334913846702065 ], [ 74.5598476973651, 39.335527463642578 ], [ 74.560779911172403, 39.335987877578958 ], [ 74.561466988186382, 39.336294973153336 ], [ 74.562254352388521, 39.336258684338667 ], [ 74.562549954765231, 39.336183031060116 ] ] ] } },
{ "type": "Feature", "properties": { "ID": 527, "周长": 0.030415373811415472, "面积": 4.7185040606478185e-05, "FEATUREID": "YAAE002C1AJ430010020000028", "CHFCAC": "000028", "CODE": "", "GB": "73020", "HYDC": "", "TN": "", "NAME": "", "fill_color": -14848, "pattern": 849, "pattern_color": 2304, "_src_file": "LDLYAAE002.WP", "_src_id": 27 }, "geometry": { "type": "Polygon", "coordinates": [ [ [ 74.463687847780989, 39.334172677543563 ], [ 74.464126115955978, 39.333837933340355 ], [ 74.4641276656168, 39.33361290280569 ], [ 74.463986480017212, 39.333011886531445 ], [ 74.463506755523468, 39.332333682860089 ], [ 74.462785633691425, 39.331541404200671 ], [ 74.46196713734831, 39.33082350790383 ], [ 74.460760912631429, 39.330140612872036 ], [ 74.459603927979671, 39.329345501714755 ], [ 74.458785229666205, 39.328665087146724 ], [ 74.457770716260171, 39.328283453963451 ], [ 74.456560645223064, 39.32816309085225 ], [ 74.455590648820746, 39.32834433000756 ], [ 74.454522199612285, 39.328749959641868 ], [ 74.453742238558036, 39.329457513124638 ], [ 74.452961205880612, 39.330315083621258 ], [ 74.452084601309579, 39.330984488454234 ], [ 74.451644704663551, 39.331544219631361 ], [ 74.451494365613925, 39.332255865918995 ], [ 74.451683876597173, 39.332857210397123 ], [ 74.452165871787344, 39.333197917904897 ], [ 74.452600751677679, 39.333350781568271 ], [ 74.453424721653661, 39.333281136275694 ], [ 74.454685682141999, 39.3330643030177 ], [ 74.455752619947376, 39.332883700656851 ], [ 74.457107823596431, 39.333042520115335 ], [ 74.458413025563743, 39.33342604098678 ], [ 74.459331521011904, 39.33369452687068 ], [ 74.460588571842422, 39.33404020446892 ], [ 74.461991985893775, 39.334236783475625 ], [ 74.463153991328738, 39.33431927336084 ], [ 74.463687847780989, 39.334172677543563 ] ] ] } },
{ "type": "Feature", "properties": { "ID": 528, "周长": 0.0062628395142078092, "面积": 1.2360020705728998e-06, "FEATUREID": "YAAE002C1AJ430010020000029", "CHFCAC": "000029", "CODE": "", "GB": "73020", "HYDC": "", "TN": "", "NAME": "", "fill_color": -12800, "pattern": 849, "pattern_color": 2304, "_src_file": "LDLYAAE002.WP", "_src_id": 28 }, "geometry": { "type": "MultiPolygon", "coordinates": [ [ [ [ 74.368011284239174, 39.332179525356722 ], [ 74.368008355141583, 39.332534835893973 ], [ 74.368085752783159, 39.332844539764771 ], [ 74.368562911872615, 39.333156050381469 ], [ 74.369441869405605, 39.333221891572656 ], [ 74.37069534041045, 39.333227542656573 ], [ 74.370696340410447, 39.333227542656573 ], [ 74.368353852826232, 39.332302877707043 ], [ 74.368012284239171, 39.332179525356722 ], [ 74.368011284239174, 39.332179525356722 ] ] ] ] } },
{ "type": "Feature", "properties": { "ID": 529, "周长": 0.085235189590347427, "面积": 0.00024581655239423213, "FEATUREID": "YAAE002C1AJ430010020000030", "CHFCAC": "000030", "CODE": "", "GB": "73020", "HYDC": "", "TN": "", "NAME": "", "fill_color": -9728, "pattern": 849, "pattern_color": 2304, "_src_file": "LDLYAAE002.WP", "_src_id": 29 }, "geometry": { "type": "MultiPolygon", "coordinates": [ [ [ [ 74.37559865507049, 39.333187644579766 ], [ 74.377917253139515, 39.333197963057856 ], [ 74.38063561443029, 39.333210002953976 ], [ 74.382874264025844, 39.333219869293828 ], [ 74.384633204051312, 39.333227589769187 ], [ 74.385992385193774, 39.333233540353902 ], [ 74.387351073232281, 39.333301341400471 ], [ 74.393702711393274, 39.333444797781382 ], [ 74.395200958334414, 39.333451236783645 ], [ 74.396879720828949, 39.333365678236504 ], [ 74.398437898025307, 39.333372332042138 ], [ 74.400115932286198, 39.33337947468253 ], [ 74.401074810538546, 39.333383545658812 ], [ 74.402035129965171, 39.333202108327853 ], [ 74.403056810740651, 39.332835415891132 ], [ 74.4041997740553, 39.332283719364426 ], [ 74.404922144667012, 39.33186937347957 ], [ 74.405405868306602, 39.331314887228984 ], [ 74.405651305410245, 39.330573895170964 ], [ 74.405715882326817, 39.329971270071454 ], [ 74.405781888915229, 39.329183144206418 ], [ 74.405609262415041, 39.328254887306528 ], [ 74.405137376951245, 39.327278994264304 ], [ 74.405082464962135, 39.326629489557298 ], [ 74.405266757480177, 39.326292793723276 ], [ 74.40526575748018, 39.326292793723276 ], [ 74.402605251081184, 39.326653220628636 ], [ 74.40084510908504, 39.326749203906587 ], [ 74.398935185323666, 39.326843292840991 ], [ 74.394047377038461, 39.326680117063866 ], [ 74.392781185208733, 39.326612461105334 ], [ 74.391703060721539, 39.3263691945765 ], [ 74.388767723394821, 39.325995149265275 ], [ 74.387017917245757, 39.32598304308236 ], [ 74.384745207061229, 39.325957825220229 ], [ 74.379794516332154, 39.326095250805821 ], [ 74.378344144350237, 39.326239899214585 ], [ 74.376701318913916, 39.326403718797579 ], [ 74.37490950121925, 39.326671416841315 ], [ 74.373941188520632, 39.326891833805483 ], [ 74.373111696764937, 39.327146940334309 ], [ 74.36819952675701, 39.32792234184685 ], [ 74.368566318889393, 39.328416004103353 ], [ 74.368681203368865, 39.32901941928062 ], [ 74.368613251686938, 39.329993017926135 ], [ 74.36848537205843, 39.330966347537959 ], [ 74.368013458104997, 39.331916152128258 ], [ 74.368011284239174, 39.332179525356722 ], [ 74.368012284239171, 39.332179525356722 ], [ 74.368353852826232, 39.332302877707043 ], [ 74.37069628349262, 39.333227520189041 ], [ 74.372880297057222, 39.333175489310932 ], [ 74.37559865507049, 39.333187644579766 ] ] ], [ [ [ 74.370696340410447, 39.333227542656573 ], [ 74.37069628349262, 39.333227520189041 ], [ 74.37069534041045, 39.333227542656573 ], [ 74.370696340410447, 39.333227542656573 ] ] ] ] } },
{ "type": "Feature", "properties": { "ID": 531, "周长": 0.054196670570027514, "面积": 0.00014125264033428703, "FEATUREID": "YAAE002C1AJ430010020000031", "CHFCAC": "000031", "CODE": "", "GB": "73020", "HYDC": "", "TN": "", "NAME": "", "fill_color": -3584, "pattern": 849, "pattern_color": 2304, "_src_file": "LDLYAAE002.WP", "_src_id": 30 }, "geometry": { "type": "Polygon", "coordinates": [ [ [ 74.483315363248494, 39.332796858388456 ], [ 74.483895130802537, 39.333025524405762 ], [ 74.484572269736773, 39.333179784026449 ], [ 74.48587738202383, 39.333600502025597 ], [ 74.486700586823929, 39.333643007155871 ], [ 74.487137772785786, 39.333456039299065 ], [ 74.487188927380515, 39.333041937792316 ], [ 74.487193122734752, 39.332401731308025 ], [ 74.487296413135979, 39.331422887848483 ], [ 74.487254141668132, 39.330481263993398 ], [ 74.487161709691719, 39.329803103822677 ], [ 74.486728992054708, 39.329312208020291 ], [ 74.485812166498377, 39.328782172293458 ], [ 74.484798487521488, 39.328251833542922 ], [ 74.483495204824919, 39.327569957490489 ], [ 74.48233949649125, 39.3265495819847 ], [ 74.481279688370321, 39.325680131819837 ], [ 74.480121536391337, 39.325036324703483 ], [ 74.479348612781422, 39.324732645948934 ], [ 74.478188230789371, 39.324427752748193 ], [ 74.476832617833566, 39.324348197763804 ], [ 74.474117366211189, 39.324787511595346 ], [ 74.47101593742272, 39.325030368318188 ], [ 74.469319535685301, 39.325207097070439 ], [ 74.467089088623297, 39.325567921927423 ], [ 74.465438269040959, 39.326157461285284 ], [ 74.464949816540923, 39.326754437909607 ], [ 74.464800136753539, 39.32739109269216 ], [ 74.464598410898972, 39.328552508399476 ], [ 74.464544821633936, 39.329302300267628 ], [ 74.464735727492098, 39.32971610005935 ], [ 74.465315148604404, 39.329982364391952 ], [ 74.466523213244258, 39.330402677786935 ], [ 74.46778075226824, 39.330673267481323 ], [ 74.469231280183863, 39.331057595068451 ], [ 74.470487823222925, 39.331478176195773 ], [ 74.471502193840692, 39.331897203111112 ], [ 74.472709315321751, 39.332467473224902 ], [ 74.474064044652522, 39.33270110577574 ], [ 74.474984606805535, 39.332669427241086 ], [ 74.476488684833839, 39.332303867781576 ], [ 74.478620923968165, 39.332167285932456 ], [ 74.480170412907853, 39.332252045712835 ], [ 74.482009786033757, 39.332451122216433 ], [ 74.483315363248494, 39.332796858388456 ] ] ] } },
{ "type": "Feature", "properties": { "ID": 535, "周长": 0.14835087128107186, "面积": 0.00038530412369083139, "FEATUREID": "YAAE002C1AJ430010020000032", "CHFCAC": "000032", "CODE": "", "GB": "73020", "HYDC": "", "TN": "", "NAME": "", "fill_color": -1536, "pattern": 849, "pattern_color": 2304, "_src_file": "LDLYAAE002.WP", "_src_id": 31 }, "geometry": { "type": "MultiPolygon", "coordinates": [ [ [ [ 74.569705149902163, 39.324869564257654 ], [ 74.572465968912056, 39.323260233239395 ], [ 74.572465968912056, 39.323260233239395 ], [ 74.572162755595045, 39.323147235777867 ], [ 74.57084108139118, 39.322786822032263 ], [ 74.569578409696447, 39.322158516722801 ], [ 74.568317687603795, 39.321172848053756 ], [ 74.567228909702237, 39.320321579930486 ], [ 74.565967041480434, 39.31955922917205 ], [ 74.564185603560887, 39.319108312006414 ], [ 74.563266609009773, 39.318793437851362 ], [ 74.563212482283376, 39.318167942786268 ], [ 74.563906656000967, 39.317499562742988 ], [ 74.564944609003447, 39.317100009257658 ], [ 74.566096668680416, 39.316879391646438 ], [ 74.56736380126182, 39.316659034955109 ], [ 74.569148564372156, 39.316484542572454 ], [ 74.570586391955189, 39.316621903137957 ], [ 74.572480750133622, 39.31747500276623 ], [ 74.574087673256656, 39.318282743819992 ], [ 74.575924102776554, 39.319224995137631 ], [ 74.577505383136128, 39.320189053520672 ], [ 74.577505383136128, 39.320189053520672 ], [ 74.579155112621962, 39.318985706705703 ], [ 74.581273972100007, 39.317239550707058 ], [ 74.581273972100007, 39.317239550707058 ], [ 74.580137657765235, 39.316777721602442 ], [ 74.579218152464506, 39.316552310091076 ], [ 74.577265256454893, 39.315877863641838 ], [ 74.575943929774553, 39.315472838342416 ], [ 74.574968098164376, 39.315023918848034 ], [ 74.574855382088217, 39.314576971039877 ], [ 74.575202753525531, 39.314175742884288 ], [ 74.576182820029572, 39.313820624594833 ], [ 74.576701853489098, 39.31359846011707 ], [ 74.576703031144604, 39.313375118541323 ], [ 74.576532533615378, 39.312972709189395 ], [ 74.575844188590509, 39.312569118762639 ], [ 74.574522457919073, 39.312253414562541 ], [ 74.572739721651516, 39.312070641910807 ], [ 74.570669542261143, 39.311842503544028 ], [ 74.568311929580688, 39.311568986422586 ], [ 74.567102426427994, 39.311789489301113 ], [ 74.566179398825469, 39.31223400377781 ], [ 74.565485785003887, 39.312813061426603 ], [ 74.564906508788866, 39.313526393901505 ], [ 74.564442057554032, 39.314284663680212 ], [ 74.563747678325925, 39.314997717078903 ], [ 74.563112289662712, 39.315442890370655 ], [ 74.560282700186548, 39.317267527526241 ], [ 74.559589481480558, 39.31775721216448 ], [ 74.55843417752456, 39.318558453247689 ], [ 74.557048916770995, 39.319314452717364 ], [ 74.555780955893511, 39.319668702816486 ], [ 74.554054625653734, 39.319664457694877 ], [ 74.55215767047369, 39.319302410290156 ], [ 74.550549969222743, 39.318673039121336 ], [ 74.54894305602366, 39.317909644178187 ], [ 74.547392448612499, 39.317369712677326 ], [ 74.546071266547671, 39.316964349230076 ], [ 74.543829689542918, 39.316511953811386 ], [ 74.541875848766679, 39.316060256140318 ], [ 74.540323007964389, 39.315922244592734 ], [ 74.539170888442172, 39.316142606799403 ], [ 74.538016678207882, 39.316720301646825 ], [ 74.53651745824358, 39.317252416516105 ], [ 74.534043581743632, 39.317781941112443 ], [ 74.531915603374046, 39.318222997394322 ], [ 74.530821028363732, 39.318756111040521 ], [ 74.530356984157805, 39.319514245006822 ], [ 74.530180410395261, 39.320228475351449 ], [ 74.530176432590736, 39.320898499716549 ], [ 74.530342668714923, 39.321926330906585 ], [ 74.530564232440398, 39.323311657895054 ], [ 74.531132871227911, 39.324295892087711 ], [ 74.531820122213418, 39.324655071045896 ], [ 74.532853642854931, 39.324747152163489 ], [ 74.533887169196134, 39.324839224131082 ], [ 74.53503454174448, 39.325110261134768 ], [ 74.536182447322275, 39.325336620826008 ], [ 74.53687068659616, 39.325740442039013 ], [ 74.537098535642656, 39.326143057503408 ], [ 74.537037335991585, 39.326768262426427 ], [ 74.536744623736666, 39.327616206446017 ], [ 74.536223531076118, 39.328150869370084 ], [ 74.535587024879419, 39.328863901778604 ], [ 74.535181985870182, 39.329354194881915 ], [ 74.535139420237769, 39.329784189242758 ], [ 74.535139420237769, 39.329784189242758 ], [ 74.53569407146918, 39.330204250183868 ], [ 74.536152386244723, 39.330473466753226 ], [ 74.537013593956644, 39.330833071478018 ], [ 74.53845087176785, 39.331104833433422 ], [ 74.539431453235125, 39.331149670180956 ], [ 74.539431453235125, 39.331149670180956 ], [ 74.539717568251632, 39.331018783690915 ], [ 74.540239950389903, 39.330260763224025 ], [ 74.540877685028008, 39.32945837185617 ], [ 74.541571925840927, 39.328834795296331 ], [ 74.54226537924184, 39.328345222513697 ], [ 74.543476269022207, 39.327946305223854 ], [ 74.544686377630924, 39.327681381104824 ], [ 74.546529280980181, 39.327462716965428 ], [ 74.548142731033053, 39.327109439494535 ], [ 74.549122606334322, 39.326843890453276 ], [ 74.549583767897232, 39.326711038640276 ], [ 74.550794588542544, 39.326312046955252 ], [ 74.551140642260108, 39.326178902313963 ], [ 74.552466292819048, 39.325824846422918 ], [ 74.554079427190544, 39.325516155622601 ], [ 74.555519400670207, 39.325296354103507 ], [ 74.556673112890934, 39.324807820972538 ], [ 74.557712699951352, 39.324140323224569 ], [ 74.558809817179366, 39.323472955324434 ], [ 74.560020778273596, 39.323029197341761 ], [ 74.561346569614287, 39.322630372276642 ], [ 74.562440205085167, 39.322588327136934 ], [ 74.563878874378048, 39.322591764720194 ], [ 74.565545791058568, 39.322953078113578 ], [ 74.566923778360916, 39.32353703030941 ], [ 74.568301063453717, 39.324254970361423 ], [ 74.569704149902165, 39.324869564257654 ], [ 74.569705149902163, 39.324869564257654 ] ] ] ] } },
{ "type": "Feature", "properties": { "ID": 537, "周长": 1.3244136420558714, "面积": 0.0097546826592376928, "FEATUREID": "YAAE002C1AJ430010020000033", "CHFCAC": "000033", "CODE": "", "GB": "73020", "HYDC": "", "TN": "", "NAME": "", "fill_color": 5632, "pattern": 850, "pattern_color": 2304, "_src_file": "LDLYAAE002.WP", "_src_id": 32 }, "geometry": { "type": "MultiPolygon", "coordinates": [ [ [ [ 74.179247886653954, 39.279574240679828 ], [ 74.179248611986566, 39.2795744101278 ], [ 74.179248886653951, 39.279574240679828 ], [ 74.179247886653954, 39.279574240679828 ] ] ], [ [ [ 74.404680094511946, 39.31665681263496 ], [ 74.403847374839089, 39.315864899449906 ], [ 74.403434789384406, 39.314982001540855 ], [ 74.402962661716884, 39.314052473643443 ], [ 74.402489467409268, 39.3132620695783 ], [ 74.402257730244656, 39.312240801794168 ], [ 74.402265283125359, 39.311266920983101 ], [ 74.402810949090465, 39.310434446697272 ], [ 74.403896864632529, 39.309465117218053 ], [ 74.405098991270222, 39.308960034716087 ], [ 74.407079912766619, 39.30845820397554 ], [ 74.408400034418207, 39.308185465820173 ], [ 74.410318523709179, 39.308007956724026 ], [ 74.412658122869701, 39.307600277136721 ], [ 74.414876474769642, 39.307377557902335 ], [ 74.416434778085446, 39.307291215631651 ], [ 74.417872913295611, 39.307250736943296 ], [ 74.419310698564658, 39.307256618177149 ], [ 74.420336807125494, 39.307556982007313 ], [ 74.420634125595569, 39.307706105444275 ], [ 74.42086373262056, 39.307821267846421 ], [ 74.421277282802222, 39.308566120399021 ], [ 74.421687719146249, 39.309728352752764 ], [ 74.422332122622819, 39.31163421608327 ], [ 74.422918762164826, 39.313261415777582 ], [ 74.423505082641128, 39.314934987684452 ], [ 74.424035004513769, 39.316144397886276 ], [ 74.424924570262917, 39.317309856336877 ], [ 74.425995875489221, 39.318198270206537 ], [ 74.427011100907691, 39.318576139597319 ], [ 74.428268262639065, 39.318630983449729 ], [ 74.428747997764958, 39.318541453582959 ], [ 74.429168875443537, 39.318312395954365 ], [ 74.42953533811847, 39.317340923613258 ], [ 74.429605468441565, 39.31595006145475 ], [ 74.429917156457634, 39.314282553800837 ], [ 74.430224053123581, 39.313264303844313 ], [ 74.430235997345633, 39.311641159313638 ], [ 74.430486754131977, 39.310112374066314 ], [ 74.431275671739556, 39.30867995204013 ], [ 74.432033904878651, 39.308139743924301 ], [ 74.433800830194087, 39.307259136085911 ], [ 74.435360869662745, 39.306805771176158 ], [ 74.436441921875087, 39.306349196163843 ], [ 74.437404228633312, 39.305752687163164 ], [ 74.438188254776179, 39.30496947446462 ], [ 74.438853864479327, 39.303999960490266 ], [ 74.439397040948862, 39.303400652612879 ], [ 74.439999405062906, 39.302894489426073 ], [ 74.44084223639949, 39.302250781038268 ], [ 74.4418633146243, 39.301793758927296 ], [ 74.443900122388527, 39.301621696224075 ], [ 74.446897465249094, 39.30107955758335 ], [ 74.447917534970614, 39.300757035880338 ], [ 74.449596790674647, 39.300343592086485 ], [ 74.450916830036732, 39.299928921289826 ], [ 74.452236522954564, 39.299560798026349 ], [ 74.453676589538603, 39.299099929626031 ], [ 74.454878478787577, 39.298451982300953 ], [ 74.455960615267543, 39.297803627300802 ], [ 74.460232970896911, 39.29465111237019 ], [ 74.461133806653834, 39.294234950435069 ], [ 74.462035272058458, 39.293725649113128 ], [ 74.462878466562856, 39.292983315910334 ], [ 74.463542703810305, 39.292147262195471 ], [ 74.464085924669632, 39.291497080338807 ], [ 74.464626262760959, 39.291265992673978 ], [ 74.466063847190853, 39.2911309309223 ], [ 74.46744061420209, 39.291135358426544 ], [ 74.468518084165979, 39.291138811388684 ], [ 74.469297840574086, 39.29090846811895 ], [ 74.469660793087414, 39.290350818954508 ], [ 74.469785251550221, 39.289652707370159 ], [ 74.469789361755176, 39.289047345087027 ], [ 74.469613584335548, 39.288487975452341 ], [ 74.469376687467246, 39.288114681068961 ], [ 74.4690796179204, 39.287787761708252 ], [ 74.467828818667243, 39.28687569453573 ], [ 74.467113169682406, 39.286489217715406 ], [ 74.466351445394722, 39.286277215289324 ], [ 74.465812988492473, 39.286240555331268 ], [ 74.4650491143327, 39.286342867914108 ], [ 74.463970037310901, 39.286583854616282 ], [ 74.462846302038486, 39.286789761148626 ], [ 74.461812102603702, 39.287030876279466 ], [ 74.460732281810039, 39.287376608718397 ], [ 74.4597424743217, 39.287687700032038 ], [ 74.458663358986797, 39.287928637227225 ], [ 74.457583993006679, 39.288204490387955 ], [ 74.457090418886906, 39.288167938360658 ], [ 74.456330168336322, 39.287746323359926 ], [ 74.455706312666194, 39.287080675266679 ], [ 74.45526130366332, 39.2865203944623 ], [ 74.455041243372506, 39.285891004386933 ], [ 74.455180559356492, 39.28522788239674 ], [ 74.45540818954666, 39.284774605731968 ], [ 74.455860019867387, 39.284356995230581 ], [ 74.456446029324539, 39.284009679113709 ], [ 74.457256970932789, 39.283593250324337 ], [ 74.457980549569115, 39.282827272362042 ], [ 74.458433812207858, 39.282200101901303 ], [ 74.459110561112269, 39.281713386286825 ], [ 74.460461773742708, 39.281124426761515 ], [ 74.461991977570577, 39.280605844802096 ], [ 74.466767302789393, 39.278352470508942 ], [ 74.467939104849506, 39.277727942573435 ], [ 74.469020588200294, 39.277172921956137 ], [ 74.469711536653946, 39.276663083070758 ], [ 74.470103895136489, 39.276373561896698 ], [ 74.470781640963452, 39.275782333692284 ], [ 74.4714131767807, 39.275365480689835 ], [ 74.471855927495682, 39.275139339992911 ], [ 74.472626108657565, 39.275229704078086 ], [ 74.473476823963381, 39.275511634330968 ], [ 74.474235425851418, 39.276107415731317 ], [ 74.475127918034673, 39.276808325301218 ], [ 74.476288183569537, 39.277719500717332 ], [ 74.477180197758017, 39.278490204007191 ], [ 74.478027603567, 39.279225856524981 ], [ 74.478604406038642, 39.280135186565388 ], [ 74.479225594492206, 39.281114463040865 ], [ 74.479847222515076, 39.282058957181867 ], [ 74.480794200321583, 39.285408285814817 ], [ 74.481173485448721, 39.286126536958626 ], [ 74.481784388333125, 39.286666232499861 ], [ 74.482474877946146, 39.286787875024643 ], [ 74.483321349018041, 39.286551453773662 ], [ 74.484166240680082, 39.286554046974857 ], [ 74.48500956444488, 39.286795654732273 ], [ 74.48523488783421, 39.287573178388904 ], [ 74.485401510901923, 39.288844162748234 ], [ 74.485454328911587, 39.289247030481285 ], [ 74.485136481237575, 39.290859483702036 ], [ 74.484665384042373, 39.292411711639339 ], [ 74.484271865910912, 39.293844660257307 ], [ 74.48418521262937, 39.295338305619403 ], [ 74.484330587078063, 39.296593635980351 ], [ 74.484856532756083, 39.298387937404712 ], [ 74.485524769584146, 39.301915606511983 ], [ 74.485979053908139, 39.302932852374433 ], [ 74.486412297684865, 39.3034191052392 ], [ 74.487046798740536, 39.30413123056109 ], [ 74.488038921079522, 39.305150102493428 ], [ 74.488492485089296, 39.306286847242561 ], [ 74.489250271819429, 39.307902562127765 ], [ 74.490084926294898, 39.309518502588411 ], [ 74.49061460586573, 39.310774980357529 ], [ 74.491069409389198, 39.311732450150139 ], [ 74.49480782659154, 39.31586681519245 ], [ 74.495722999239646, 39.31694514699192 ], [ 74.496255521384299, 39.317783314468485 ], [ 74.496790355272196, 39.318262948665492 ], [ 74.497782436319397, 39.319341490562607 ], [ 74.498313089979263, 39.320478423808638 ], [ 74.498769586366919, 39.321196841024886 ], [ 74.499611088156229, 39.321796877575601 ], [ 74.500071789791008, 39.321857983679941 ], [ 74.50061276041572, 39.321381519005122 ], [ 74.501001550639714, 39.320665580335785 ], [ 74.501160554647683, 39.319829458982817 ], [ 74.501244606616325, 39.318694336161762 ], [ 74.501253333925007, 39.317319967455731 ], [ 74.501263952946729, 39.315646825028104 ], [ 74.501044818283589, 39.313853496165969 ], [ 74.501055062866072, 39.312240106156054 ], [ 74.500986194992194, 39.310985023704603 ], [ 74.500765180899933, 39.309490468955751 ], [ 74.500313299347553, 39.308054995260896 ], [ 74.499555637955282, 39.306379595124618 ], [ 74.498796487190404, 39.304943212477497 ], [ 74.498115338015708, 39.303327785330566 ], [ 74.497892879351497, 39.302072246472612 ], [ 74.498099720251702, 39.300746200192954 ], [ 74.49836947715734, 39.299623637185839 ], [ 74.498606429263774, 39.298608476404766 ], [ 74.498611385289749, 39.297831656366327 ], [ 74.498312878066869, 39.296456380674584 ], [ 74.496183402113758, 39.293103729355273 ], [ 74.494810716836014, 39.291545984232528 ], [ 74.493669682766182, 39.289809647151309 ], [ 74.493245079091864, 39.289073542955947 ], [ 74.492530253066846, 39.287834275609349 ], [ 74.491468080079628, 39.285799368760067 ], [ 74.490631731234799, 39.284482210062556 ], [ 74.489642579233958, 39.283045072122945 ], [ 74.488810750070385, 39.281130787989099 ], [ 74.488675386930026, 39.278622072351801 ], [ 74.488992566806047, 39.27724943479253 ], [ 74.489620392124706, 39.275399962179094 ], [ 74.489862476191107, 39.273788209518315 ], [ 74.489872169676403, 39.272451828061868 ], [ 74.4898731696764, 39.272451828061868 ], [ 74.484933501333501, 39.272030066669174 ], [ 74.467388122604774, 39.269344362644283 ], [ 74.447125429522828, 39.266767281101039 ], [ 74.43579353372391, 39.266092243293855 ], [ 74.422534456528723, 39.266647854919647 ], [ 74.391356799862862, 39.27095762808618 ], [ 74.372307730464527, 39.275697485929491 ], [ 74.349265191826461, 39.280411940657544 ], [ 74.335517816566366, 39.281575544380608 ], [ 74.323305570841811, 39.282871936214562 ], [ 74.290061267060253, 39.282210880128865 ], [ 74.268111991510096, 39.282315147167928 ], [ 74.231793399645383, 39.281600607825624 ], [ 74.20397150874679, 39.281533753160282 ], [ 74.190373190990371, 39.281199708410625 ], [ 74.183427111395446, 39.280550566754783 ], [ 74.179248611986566, 39.2795744101278 ], [ 74.178818371380601, 39.279839834423825 ], [ 74.177426064730412, 39.280885171649999 ], [ 74.176301406447308, 39.281530435946486 ], [ 74.174453728670798, 39.28227230560303 ], [ 74.172542648593847, 39.282863684058256 ], [ 74.170890933911124, 39.283656495100679 ], [ 74.17022681756734, 39.284203832636486 ], [ 74.170217890710674, 39.284804405320941 ], [ 74.170666640455181, 39.285507304195534 ], [ 74.171575317973037, 39.286162382650915 ], [ 74.172284248979508, 39.287016689037884 ], [ 74.172342422592124, 39.287517484419595 ], [ 74.171685706450177, 39.287564352051881 ], [ 74.16992053680957, 39.287155368611799 ], [ 74.166521451513219, 39.286337964004183 ], [ 74.164619919424666, 39.286278592107529 ], [ 74.161929737843323, 39.286315404103128 ], [ 74.159108363667542, 39.286351503715942 ], [ 74.156878104843514, 39.286340425503333 ], [ 74.154516656779577, 39.28632864921078 ], [ 74.15254651190682, 39.286468943840681 ], [ 74.151619840973169, 39.287014857472784 ], [ 74.150885398625817, 39.287862036419973 ], [ 74.150288200919391, 39.288309493008768 ], [ 74.149563595259195, 39.288506048261972 ], [ 74.148967899597253, 39.288853401205941 ], [ 74.148952717533277, 39.289854349577418 ], [ 74.149191583767632, 39.291407138975828 ], [ 74.149173369325055, 39.29260827565956 ], [ 74.148906404853847, 39.292907235137626 ], [ 74.148578396374077, 39.292905579932764 ], [ 74.147599691328992, 39.292550277628884 ], [ 74.145907756352301, 39.291640788622637 ], [ 74.144675827387346, 39.290683563472179 ], [ 74.144034318707767, 39.289729329938879 ], [ 74.143459192367118, 39.288725380940235 ], [ 74.142365414116369, 39.287318374420877 ], [ 74.141202261854261, 39.286161257004508 ], [ 74.139581518002501, 39.284901684258742 ], [ 74.138284198458805, 39.283944056499863 ], [ 74.137368962435147, 39.283739146548491 ], [ 74.136579540328313, 39.28388523792124 ], [ 74.135520823856737, 39.284480392872965 ], [ 74.135050134224386, 39.285228729737113 ], [ 74.13510034929935, 39.286230013382628 ], [ 74.135544146824984, 39.287233325808842 ], [ 74.136515804560119, 39.288039152657745 ], [ 74.139603972501391, 39.292009060213942 ], [ 74.140891512081595, 39.293617286481208 ], [ 74.14231490266468, 39.294925885889128 ], [ 74.143740635941597, 39.296084325888437 ], [ 74.144968833214463, 39.297291797414857 ], [ 74.146198598591567, 39.298399162074425 ], [ 74.1469050587297, 39.299403761561933 ], [ 74.147155319574367, 39.3002058453243 ], [ 74.147083624908589, 39.300605892111776 ], [ 74.146556469414463, 39.300753374542936 ], [ 74.145180201612291, 39.300646292877332 ], [ 74.143284410799041, 39.300186190084176 ], [ 74.141060605555566, 39.299724382173224 ], [ 74.138641538324478, 39.299161425647164 ], [ 74.136223282281065, 39.298548371197064 ], [ 74.134003425892345, 39.297836193711511 ], [ 74.13178052794072, 39.297324159560397 ], [ 74.129556889672969, 39.296862133504639 ], [ 74.127658211474881, 39.296601965581957 ], [ 74.127129496788569, 39.296849455901999 ], [ 74.127383394446667, 39.297401344711204 ], [ 74.128289491166626, 39.298206896215063 ], [ 74.129198703372595, 39.298812253498511 ], [ 74.13017431002126, 39.299367899663615 ], [ 74.13107968878154, 39.300223477759666 ], [ 74.131591436890332, 39.301077002626251 ], [ 74.132669014886915, 39.303535094075286 ], [ 74.132920668851952, 39.304237112572437 ], [ 74.133233315805256, 39.305239751395199 ], [ 74.133480356330921, 39.30624205178956 ], [ 74.133921169614823, 39.307445555398317 ], [ 74.13468546131098, 39.308951036505412 ], [ 74.135391858851563, 39.309955705659917 ], [ 74.135836570505404, 39.31090896892379 ], [ 74.13633154161748, 39.312863507218374 ], [ 74.136116996962045, 39.314013572102624 ], [ 74.136025230378422, 39.315714828940315 ], [ 74.136602773127365, 39.316568669888831 ], [ 74.137841949801341, 39.317075557833668 ], [ 74.139345939572351, 39.31743364006563 ], [ 74.140584552937128, 39.318041315705308 ], [ 74.141425815264981, 39.318897367633532 ], [ 74.142001529388679, 39.319952256223189 ], [ 74.142444472967313, 39.321106568168915 ], [ 74.142562727423211, 39.322008671702307 ], [ 74.143440325156675, 39.32489316459742 ], [ 74.143692843381146, 39.325595688966686 ], [ 74.144137301588543, 39.3266498391204 ], [ 74.144388380342576, 39.327452516852119 ], [ 74.144840836712291, 39.327955825552429 ], [ 74.145689515521497, 39.328311083586996 ], [ 74.146344075991877, 39.32846494099465 ], [ 74.14706721026343, 39.328418851185738 ], [ 74.147593320875572, 39.328371672207041 ], [ 74.147794680719954, 39.328072300776419 ], [ 74.147866137977317, 39.327672051096052 ], [ 74.147746359443531, 39.326870105761195 ], [ 74.147298954847145, 39.326016272199759 ], [ 74.146915779596242, 39.325262953911114 ], [ 74.146270658612536, 39.324458107885263 ], [ 74.1457597906427, 39.323453678009137 ], [ 74.145710058542932, 39.32235163445413 ], [ 74.145725272055074, 39.321300030853784 ], [ 74.146068810293102, 39.320250239405574 ], [ 74.14647728390905, 39.319250888664577 ], [ 74.146949236951784, 39.318402126322205 ], [ 74.147617444265947, 39.317604524023892 ], [ 74.148612508625305, 39.316908877912141 ], [ 74.149604664355934, 39.316413526794939 ], [ 74.150594644474936, 39.316068397760915 ], [ 74.151320526863572, 39.315821976071838 ], [ 74.151982183917895, 39.315475035452913 ], [ 74.152649588997875, 39.314727480653353 ], [ 74.152656063479895, 39.314276790347236 ], [ 74.152337114134625, 39.313624000224344 ], [ 74.151759855653879, 39.312669313658972 ], [ 74.151699235845783, 39.312318417354035 ], [ 74.15178288866791, 39.31106686286514 ], [ 74.151661654743052, 39.310365072342009 ], [ 74.150887461752703, 39.309409301524454 ], [ 74.150240815099849, 39.30875512334871 ], [ 74.149724231897537, 39.308201960747333 ], [ 74.148758982889561, 39.30694581547651 ], [ 74.148503360239729, 39.306494066011723 ], [ 74.148440785367342, 39.3062935465246 ], [ 74.148575813502561, 39.306043972812788 ], [ 74.148775695625503, 39.305844778275194 ], [ 74.14975686839152, 39.306049931932478 ], [ 74.15073652999979, 39.306355169264052 ], [ 74.151516326876632, 39.306859600325474 ], [ 74.152228246089265, 39.307513839400912 ], [ 74.15300857772371, 39.308018656147048 ], [ 74.154183895749512, 39.308475795826034 ], [ 74.155558348405037, 39.308783768077689 ], [ 74.156607398927108, 39.308889631811127 ], [ 74.157789912127782, 39.308845970816847 ], [ 74.158974567362606, 39.308652066520843 ], [ 74.160361890200605, 39.308058601222406 ], [ 74.16142163365096, 39.307413271444354 ], [ 74.164069836924668, 39.305875021563267 ], [ 74.164799828784155, 39.305328052827441 ], [ 74.165727477207128, 39.304732057231334 ], [ 74.166517424697147, 39.304586041043216 ], [ 74.167436546511198, 39.304590953851573 ], [ 74.168676139085221, 39.30514845175874 ], [ 74.1698493943546, 39.305755665850754 ], [ 74.170498152623281, 39.306310001484697 ], [ 74.171277518717801, 39.306915107688788 ], [ 74.172055491951483, 39.307620362594172 ], [ 74.173230930699205, 39.308077311245455 ], [ 74.174477668903478, 39.308133981226042 ], [ 74.175597315030416, 39.307889485035105 ], [ 74.176261588482916, 39.307342096032485 ], [ 74.176336372604098, 39.306691441798108 ], [ 74.175890846687707, 39.305687483044501 ], [ 74.174862204231417, 39.304129560096179 ], [ 74.17409761417062, 39.302472862322304 ], [ 74.172376534861485, 39.298807869610208 ], [ 74.172061701038587, 39.297854668682454 ], [ 74.172010861282672, 39.296802705453018 ], [ 74.172084966028279, 39.296202128951798 ], [ 74.172552927628104, 39.2956036406839 ], [ 74.173478270252588, 39.295157810223095 ], [ 74.174666167301424, 39.294713356513839 ], [ 74.175263976357783, 39.294215702898121 ], [ 74.175535677136779, 39.293566086704438 ], [ 74.175677495016004, 39.292815622582403 ], [ 74.176009209025878, 39.292566964862488 ], [ 74.176730552488877, 39.292620840523668 ], [ 74.178099892858356, 39.293279083794474 ], [ 74.179534203121207, 39.29398773268364 ], [ 74.180966444290974, 39.294846594386634 ], [ 74.182200396557121, 39.295804565649 ], [ 74.183164134361633, 39.29731200689843 ], [ 74.183799681989314, 39.298817736239108 ], [ 74.184630808336905, 39.300424635507582 ], [ 74.185661701821445, 39.301832244535881 ], [ 74.186953847184284, 39.303341355707737 ], [ 74.188119602736393, 39.30449923464213 ], [ 74.189340115383118, 39.305204848202429 ], [ 74.190948800306629, 39.305560761888934 ], [ 74.192303471203019, 39.305615336098988 ], [ 74.193209799188239, 39.305418014219512 ], [ 74.193667087453946, 39.305018887224996 ], [ 74.194337925587874, 39.30316815009526 ], [ 74.19500735431572, 39.301417562712956 ], [ 74.195939007528139, 39.299367353193418 ], [ 74.196994188512519, 39.297718177825736 ], [ 74.198306765051072, 39.296119909208102 ], [ 74.199489536144668, 39.294571284299217 ], [ 74.200807457984425, 39.292572366057939 ], [ 74.201132832654849, 39.292373099706488 ], [ 74.201844012851083, 39.292275237097243 ], [ 74.202030782425098, 39.292776638259568 ], [ 74.202339120663709, 39.293829308061959 ], [ 74.20304282276291, 39.294282293567541 ], [ 74.204202335548715, 39.294436259385378 ], [ 74.205690619478901, 39.29414054385645 ], [ 74.206924162057305, 39.293593599236083 ], [ 74.207902275581404, 39.292845512108904 ], [ 74.208692197996399, 39.29169618308817 ], [ 74.209801349629416, 39.290798254192289 ], [ 74.211046112982658, 39.290094153939833 ], [ 74.21152612971855, 39.289726975762008 ], [ 74.212681940216015, 39.289572595194599 ], [ 74.213969223323716, 39.289734632256987 ], [ 74.214981520928816, 39.290159149384309 ], [ 74.215854571129896, 39.290846572609524 ], [ 74.21658908226263, 39.291744239216484 ], [ 74.216842193866114, 39.293114441571454 ], [ 74.21669234097989, 39.29416737315735 ], [ 74.216198901632396, 39.295535257759688 ], [ 74.215235296765201, 39.296532987234649 ], [ 74.214072296580113, 39.297214069240987 ], [ 74.212568501314209, 39.297999407635849 ], [ 74.210922531399675, 39.299258308168234 ], [ 74.209550845233622, 39.300307375007755 ], [ 74.208724967754819, 39.301147475335355 ], [ 74.207965516445867, 39.30209311922556 ], [ 74.207338948117624, 39.303249862583463 ], [ 74.206921698850635, 39.303985908578383 ], [ 74.206915276660425, 39.304459916509714 ], [ 74.207250387744253, 39.304777000942892 ], [ 74.207995623561231, 39.304884709778896 ], [ 74.208675118072975, 39.304834196718964 ], [ 74.209490367446875, 39.304784108459465 ], [ 74.210644295974888, 39.304787752331535 ], [ 74.212270534704558, 39.305003547427006 ], [ 74.214238303318126, 39.305062378052263 ], [ 74.216071729122405, 39.305015418639762 ], [ 74.217023441084976, 39.304913032885551 ], [ 74.218251595895197, 39.30444280320247 ], [ 74.220232017342326, 39.303553517938347 ], [ 74.221396469543819, 39.302767039564444 ], [ 74.222077338919206, 39.302611114171782 ], [ 74.222754698627782, 39.302718520416022 ], [ 74.223632184049549, 39.30308988022712 ], [ 74.224778386582955, 39.303672729943422 ], [ 74.226535510887231, 39.304257410913337 ], [ 74.227618764410337, 39.30447135318245 ], [ 74.228362633108077, 39.304684265815141 ], [ 74.229105113066097, 39.305002512173857 ], [ 74.230254176012167, 39.305374636148741 ], [ 74.231943508821587, 39.305959032784664 ], [ 74.233700058145928, 39.306596274671037 ], [ 74.234913589283479, 39.307231892882271 ], [ 74.235514134579702, 39.308023708435741 ], [ 74.236174968253138, 39.309395063795819 ], [ 74.236896106731223, 39.311345959956448 ], [ 74.237822325888132, 39.313192110166156 ], [ 74.238755492229856, 39.314511576075191 ], [ 74.240170117549212, 39.315358403840477 ], [ 74.242198533665501, 39.315996307694469 ], [ 74.243846185385124, 39.316382220029716 ], [ 74.244702899286423, 39.316582867884556 ], [ 74.24591602149242, 39.317271041179268 ], [ 74.246110110002292, 39.318008969909421 ], [ 74.245963376120343, 39.318851267964959 ], [ 74.246091630688852, 39.319431002157046 ], [ 74.246498304673437, 39.319484828527536 ], [ 74.246973554002295, 39.319486181302302 ], [ 74.247517377651718, 39.319435057379593 ], [ 74.248877962538913, 39.319228229614673 ], [ 74.250239220719479, 39.318968722116935 ], [ 74.254317509248295, 39.31861143863383 ], [ 74.25737629525355, 39.318518189513618 ], [ 74.260500520974091, 39.318743583699238 ], [ 74.263759518575128, 39.319075087382409 ], [ 74.266406813783092, 39.319403758892705 ], [ 74.268846684888487, 39.320048209216061 ], [ 74.271216275321549, 39.320903473869905 ], [ 74.273448222522575, 39.321916464016446 ], [ 74.275410091800325, 39.322769836379706 ], [ 74.27689734993416, 39.323515502259546 ], [ 74.277979700817994, 39.323995405612173 ], [ 74.278794824141755, 39.324051771404285 ], [ 74.279271813879859, 39.323948272583181 ], [ 74.279684316447643, 39.323527722066522 ], [ 74.280167113016091, 39.322896301609148 ], [ 74.280376262629233, 39.322422068099485 ], [ 74.281564298568611, 39.319470771771513 ], [ 74.281848935586567, 39.318310537813346 ], [ 74.281859370649144, 39.317360284284717 ], [ 74.281528224087353, 39.316566929573845 ], [ 74.281057669487893, 39.316089728851537 ], [ 74.279976581564341, 39.315504275193575 ], [ 74.278484798641855, 39.315180981429734 ], [ 74.277194598042954, 39.315069730678097 ], [ 74.275293872441438, 39.314850187886002 ], [ 74.272646119468618, 39.314574512374264 ], [ 74.271153803069922, 39.314303918004384 ], [ 74.270366874134552, 39.31383556430012 ], [ 74.269737707291625, 39.313294522571901 ], [ 74.269133684776435, 39.312605504479038 ], [ 74.268532032228379, 39.311705313999589 ], [ 74.268069858344916, 39.31048898134074 ], [ 74.267874822892196, 39.309696193194178 ], [ 74.267652958340818, 39.305690939323647 ], [ 74.267941170613312, 39.304374956992525 ], [ 74.268637303236318, 39.303007386986671 ], [ 74.269530370922439, 39.302167035740304 ], [ 74.270625045292888, 39.301485218391463 ], [ 74.271649163566849, 39.301013883788656 ], [ 74.272945433022983, 39.300490583139741 ], [ 74.273967532693803, 39.300177233939124 ], [ 74.274989623367205, 39.299863875662922 ], [ 74.27581139028463, 39.299286638927825 ], [ 74.276633146617243, 39.298709396227387 ], [ 74.277251931581574, 39.29807895346012 ], [ 74.27807167971693, 39.297659704361877 ], [ 74.278957313639069, 39.297398630743331 ], [ 74.280588211695985, 39.297244792596679 ], [ 74.282081387048891, 39.297248594248707 ], [ 74.284116297172631, 39.297466610139793 ], [ 74.286153057801869, 39.297633800129866 ], [ 74.287778680991977, 39.298115954713872 ], [ 74.288997193518838, 39.298543542907638 ], [ 74.289889661864834, 39.29984222312715 ], [ 74.290417537678493, 39.301323574738937 ], [ 74.290946198134151, 39.302734491521477 ], [ 74.291296615777483, 39.303862915387391 ], [ 74.299997314923701, 39.304146267811213 ], [ 74.301100593651697, 39.304241194160234 ], [ 74.302204838857193, 39.304245811755543 ], [ 74.303774995039689, 39.304162059860218 ], [ 74.304998822066665, 39.303853001704567 ], [ 74.30576009622061, 39.303316408190163 ], [ 74.306755258631014, 39.302645958036152 ], [ 74.30780708070705, 39.302111346403564 ], [ 74.309029883440417, 39.301893962273724 ], [ 74.310307450511687, 39.301993010585498 ], [ 74.311755083442037, 39.302499576749248 ], [ 74.31308269831365, 39.303366529883775 ], [ 74.3141202407908, 39.304186341473851 ], [ 74.315103005926844, 39.304689700751979 ], [ 74.315685125962119, 39.304603351209366 ], [ 74.315920909108158, 39.304288884066018 ], [ 74.31581130927961, 39.303656002845173 ], [ 74.315586424217386, 39.302932036024885 ], [ 74.315304853249657, 39.30207222276286 ], [ 74.315367708085475, 39.301621123275915 ], [ 74.315542524567604, 39.301577158959653 ], [ 74.316237059353071, 39.301852789977126 ], [ 74.316927813506084, 39.302489611405207 ], [ 74.317789623013368, 39.303443655671622 ], [ 74.318532860002236, 39.304622654015255 ], [ 74.319159886714772, 39.305800862049416 ], [ 74.319609749772695, 39.307248785982502 ], [ 74.32011727919928, 39.308742248507521 ], [ 74.320797782414033, 39.310372333809511 ], [ 74.321426306966544, 39.311415081393903 ], [ 74.322232979277814, 39.312097806459782 ], [ 74.32304436012565, 39.312329030785286 ], [ 74.323859495312206, 39.312199052796139 ], [ 74.32426776249946, 39.312066338797891 ], [ 74.324918117284312, 39.311009620152319 ], [ 74.325102778594427, 39.310017503508952 ], [ 74.325231650442035, 39.308799250963084 ], [ 74.325708769586129, 39.30762848291193 ], [ 74.326707071916829, 39.306641815956404 ], [ 74.32805172418891, 39.305883217716151 ], [ 74.3291620188986, 39.305303650264179 ], [ 74.329573957570631, 39.30480972175436 ], [ 74.329641835327962, 39.30386197032 ], [ 74.329200623188555, 39.301556243412293 ], [ 74.328590220619702, 39.298752702765761 ], [ 74.328016551426529, 39.298026427336254 ], [ 74.327154670266253, 39.297072457281466 ], [ 74.326059435852969, 39.296207222853276 ], [ 74.325310081854852, 39.29561521341568 ], [ 74.325198536924717, 39.295162939524502 ], [ 74.325901452444029, 39.294625820473321 ], [ 74.327942716681306, 39.293917041928196 ], [ 74.330041120153666, 39.293298914608158 ], [ 74.332486277066209, 39.292863664104082 ], [ 74.336442652843417, 39.292393212870429 ], [ 74.338883152583506, 39.29240932329472 ], [ 74.341205612081652, 39.292605219974121 ], [ 74.343585735878605, 39.292846599475347 ], [ 74.345035698409419, 39.293127004778967 ], [ 74.346112040873436, 39.293420471141005 ], [ 74.346368093817077, 39.293542082884215 ], [ 74.346769407460485, 39.29408653326275 ], [ 74.346878818497061, 39.294764538266712 ], [ 74.346732248283672, 39.296555811451455 ], [ 74.34652603014392, 39.299075873845084 ], [ 74.350315346814924, 39.309417828187996 ], [ 74.35045771198547, 39.309658231357282 ], [ 74.352166608499687, 39.312543839471445 ], [ 74.352263289158316, 39.312560031616869 ], [ 74.354343944840906, 39.312908431516448 ], [ 74.356737581503864, 39.312923866860501 ], [ 74.358829254944581, 39.313216230758506 ], [ 74.360621738858285, 39.313506641768427 ], [ 74.36193459344976, 39.313886930697898 ], [ 74.363185334719276, 39.314499238870795 ], [ 74.364797432663963, 39.314881406841387 ], [ 74.366471209305203, 39.315077999507146 ], [ 74.368503147630477, 39.315369810598085 ], [ 74.370296179893998, 39.315613588379456 ], [ 74.371610930060328, 39.315807838049253 ], [ 74.372087873992001, 39.315996791216314 ], [ 74.372085172085022, 39.316275689618095 ], [ 74.37166265592198, 39.316644912450762 ], [ 74.370939559044942, 39.317151692680305 ], [ 74.370215548571494, 39.317751435865013 ], [ 74.370091789679506, 39.318169026343192 ], [ 74.370207414138335, 39.318588132686038 ], [ 74.370922856305043, 39.318871569273298 ], [ 74.371637846797157, 39.319247286938214 ], [ 74.371813800235259, 39.319711842311399 ], [ 74.371751603623593, 39.3199898227369 ], [ 74.371026118776015, 39.320774964820288 ], [ 74.370782637131882, 39.321237635100573 ], [ 74.370358630525928, 39.321792244607991 ], [ 74.370295664116512, 39.322162973945424 ], [ 74.370411315951884, 39.322673636005398 ], [ 74.370646810783157, 39.323184840083172 ], [ 74.371121993549821, 39.323697120399132 ], [ 74.371836109416861, 39.324303226154065 ], [ 74.372310928628551, 39.324861876568541 ], [ 74.372604847336703, 39.32555884314236 ], [ 74.372539611397329, 39.326207823000793 ], [ 74.372115211031186, 39.326808813225036 ], [ 74.371572472933934, 39.327223765544296 ], [ 74.370912544475445, 39.327313549208377 ], [ 74.370374368286392, 39.327171997198057 ], [ 74.369598785007284, 39.326751111690342 ], [ 74.368284281856148, 39.32628140921026 ], [ 74.367627035505592, 39.326046550183278 ], [ 74.367219367902507, 39.326005235445287 ], [ 74.366727804152504, 39.326088851329224 ], [ 74.366665962061603, 39.326320453648336 ], [ 74.366901441396493, 39.326831664862134 ], [ 74.367496469367524, 39.327344503339354 ], [ 74.36819952675701, 39.32792234184685 ], [ 74.373111696764937, 39.327146940334309 ], [ 74.373941188520632, 39.326891833805483 ], [ 74.37490950121925, 39.326671416841315 ], [ 74.376701318913916, 39.326403718797579 ], [ 74.378344144350237, 39.326239899214585 ], [ 74.38626463108146, 39.323692061615461 ], [ 74.397209979137628, 39.320216960993726 ], [ 74.403958571524299, 39.318132334020426 ], [ 74.406961014100474, 39.317442368120176 ], [ 74.406960014100477, 39.317442368120176 ], [ 74.405874477765067, 39.317171977186 ], [ 74.404680094511946, 39.31665681263496 ] ], [ [ 74.246583236161484, 39.288004403093488 ], [ 74.246993701013608, 39.288112379212627 ], [ 74.247198354934085, 39.288326574203502 ], [ 74.247323588522619, 39.289128001409964 ], [ 74.247311047030067, 39.290249449035926 ], [ 74.247219076008477, 39.291958126346785 ], [ 74.247129099874613, 39.293666805296773 ], [ 74.246812959317921, 39.296816756596748 ], [ 74.246733828717623, 39.297457387958332 ], [ 74.246171417189018, 39.298523865230493 ], [ 74.245335180130098, 39.299322543258562 ], [ 74.244361672839503, 39.300014016890799 ], [ 74.243458969900345, 39.300705681698659 ], [ 74.242346693075447, 39.301556948000275 ], [ 74.241167659271866, 39.302247800059995 ], [ 74.239924666235495, 39.302564624646223 ], [ 74.238753983013666, 39.302614626962303 ], [ 74.237654922050879, 39.302451209306469 ], [ 74.23690137699451, 39.302181983214346 ], [ 74.23628909183283, 39.301485942153199 ], [ 74.23616366918111, 39.300631105638324 ], [ 74.236379241525356, 39.299937485615047 ], [ 74.23707554887666, 39.299245273349392 ], [ 74.237843657967659, 39.298553257267464 ], [ 74.238467620614813, 39.298127847043816 ], [ 74.23951565907791, 39.296849199181388 ], [ 74.239666468257724, 39.295995165663051 ], [ 74.239817368495594, 39.294980922545456 ], [ 74.24024700854433, 39.293700468541644 ], [ 74.241019697739318, 39.292421006242776 ], [ 74.241514231500119, 39.291514561946258 ], [ 74.242007057825262, 39.290661515456705 ], [ 74.242636100825862, 39.289915666881782 ], [ 74.243331246143327, 39.289223416642322 ], [ 74.24409709887108, 39.288691563893536 ], [ 74.24492736088142, 39.288266707215641 ], [ 74.245961265149461, 39.288056041609991 ], [ 74.246583236161484, 39.288004403093488 ] ], [ [ 74.35566920099852, 39.309229778461159 ], [ 74.354732206725615, 39.308797190580691 ], [ 74.354343060918268, 39.308490006285204 ], [ 74.354268261660451, 39.308123916038326 ], [ 74.355055634331535, 39.307824325819276 ], [ 74.356859629801576, 39.307835954189684 ], [ 74.358743262218653, 39.307726193791126 ], [ 74.359685074916015, 39.307671303261337 ], [ 74.359764711781935, 39.307549946243753 ], [ 74.359689283536682, 39.307244788297844 ], [ 74.358594825198551, 39.306872157993588 ], [ 74.357265075696603, 39.306498002450539 ], [ 74.356094021477631, 39.30594205194771 ], [ 74.355470795911231, 39.305511493125636 ], [ 74.355399625602161, 39.304779819957545 ], [ 74.35572362974969, 39.303746021103166 ], [ 74.356126052283614, 39.302712726919893 ], [ 74.356448827140184, 39.301800788250937 ], [ 74.357087112063923, 39.300708075332317 ], [ 74.35811629764396, 39.29973973973668 ], [ 74.358749722250366, 39.299134463862842 ], [ 74.358597690365983, 39.298646008814742 ], [ 74.357586614853943, 39.297786426753717 ], [ 74.356418720694805, 39.296925827230908 ], [ 74.356038090818473, 39.29576561748091 ], [ 74.356047757928593, 39.294790723527257 ], [ 74.35668357092031, 39.293941734610378 ], [ 74.358415410786861, 39.293282591105481 ], [ 74.361240270160735, 39.293117897179123 ], [ 74.364691265027872, 39.293078996776408 ], [ 74.367749575503183, 39.293098436854663 ], [ 74.369788447809441, 39.293111350765848 ], [ 74.370883939817872, 39.293362014456441 ], [ 74.37142873288164, 39.293791996145174 ], [ 74.372050773077049, 39.294344333631898 ], [ 74.37299062782445, 39.294472126480173 ], [ 74.373776593218551, 39.294294270386821 ], [ 74.374642150359165, 39.293995038890493 ], [ 74.375503586587101, 39.294122318174949 ], [ 74.376832029673338, 39.294618126219 ], [ 74.378159317978515, 39.295235782604301 ], [ 74.379642309023311, 39.295976262850651 ], [ 74.381281009714897, 39.296839563283172 ], [ 74.382762901993331, 39.297701867542337 ], [ 74.383305480708316, 39.298375518864944 ], [ 74.38337867897684, 39.298924387374079 ], [ 74.383062072718502, 39.299227093620544 ], [ 74.382276659468104, 39.299344080304508 ], [ 74.380159757288794, 39.299269962382049 ], [ 74.378436156198276, 39.299076397095014 ], [ 74.377414288611774, 39.2993137417429 ], [ 74.376233215810203, 39.299793819526208 ], [ 74.375050362447524, 39.300456677741465 ], [ 74.374102180651278, 39.301181932079459 ], [ 74.373230047590525, 39.302151399040056 ], [ 74.372122013111934, 39.303180303536024 ], [ 74.371015129609731, 39.304087338499201 ], [ 74.369909400091771, 39.304872499547052 ], [ 74.369117968697779, 39.305598704822778 ], [ 74.368170844726507, 39.30620205071498 ], [ 74.367385327020145, 39.306318935946528 ], [ 74.365974129957124, 39.306249036277656 ], [ 74.364952714167529, 39.306425340881475 ], [ 74.364636592324501, 39.306667064288767 ], [ 74.364396513908105, 39.307153012775167 ], [ 74.364546814419342, 39.307824249753175 ], [ 74.365718564284407, 39.308319184435597 ], [ 74.367284889541452, 39.308572876364131 ], [ 74.368223145158638, 39.308883500937618 ], [ 74.368533918867058, 39.309190144095865 ], [ 74.368452515821872, 39.309494299261338 ], [ 74.367980114105222, 39.309674109438532 ], [ 74.365704854569302, 39.309720591095257 ], [ 74.362724857076003, 39.309640661524803 ], [ 74.360607670268152, 39.309566185835855 ], [ 74.359276055704669, 39.30937484694239 ], [ 74.358020474371543, 39.309427718240002 ], [ 74.357157673671537, 39.309422168969007 ], [ 74.35566920099852, 39.309229778461159 ] ] ] ] } },
{ "type": "Feature", "properties": { "ID": 538, "周长": 0.025462514554362017, "面积": 3.9351498714108174e-05, "FEATUREID": "YAAE002C1AJ430010020000034", "CHFCAC": "000034", "CODE": "", "GB": "73020", "HYDC": "", "TN": "", "NAME": "", "fill_color": 27136, "pattern": 850, "pattern_color": 2304, "_src_file": "LDLYAAE002.WP", "_src_id": 33 }, "geometry": { "type": "Polygon", "coordinates": [ [ [ 74.240676409906413, 39.32675889967296 ], [ 74.240934196465062, 39.326240448658929 ], [ 74.240982817394894, 39.325721387620028 ], [ 74.240865378029582, 39.325104497888603 ], [ 74.240581889001191, 39.324389779016421 ], [ 74.24004656402515, 39.323739224684751 ], [ 74.239512526340306, 39.322991324773341 ], [ 74.239272160451705, 39.322179375130524 ], [ 74.239281508305965, 39.321465503401711 ], [ 74.23945860136817, 39.320719667710073 ], [ 74.239381312372743, 39.320232693281341 ], [ 74.239134161072755, 39.319939924158625 ], [ 74.238552379692834, 39.319646179737738 ], [ 74.237635544952539, 39.319383902004823 ], [ 74.236465187755002, 39.319315576200133 ], [ 74.235207334404748, 39.31953902913628 ], [ 74.234196178718577, 39.320087699785454 ], [ 74.23372793427778, 39.320702865945215 ], [ 74.233342488081547, 39.321383175494717 ], [ 74.233081240685195, 39.322161200886519 ], [ 74.23298816780067, 39.322874824152521 ], [ 74.233062418177227, 39.3235889440978 ], [ 74.233391083006893, 39.324044216439056 ], [ 74.233847811148777, 39.324305168578924 ], [ 74.234515840629882, 39.324404489945884 ], [ 74.235351196683325, 39.324504301067243 ], [ 74.236266810019274, 39.324863942439826 ], [ 74.236929307517144, 39.325385084933444 ], [ 74.237630669658628, 39.326133486670834 ], [ 74.238207394348564, 39.326816621647993 ], [ 74.238788811824151, 39.327142814967111 ], [ 74.239709572353505, 39.327113045990103 ], [ 74.240296941124711, 39.326984949760117 ], [ 74.240676409906413, 39.32675889967296 ] ] ] } },
{ "type": "Feature", "properties": { "ID": 540, "周长": 0.080038860762578018, "面积": 0.00018288576675457024, "FEATUREID": "YAAE002C1AJ430010020000035", "CHFCAC": "000035", "CODE": "", "GB": "73020", "HYDC": "", "TN": "", "NAME": "", "fill_color": 29184, "pattern": 850, "pattern_color": 2304, "_src_file": "LDLYAAE002.WP", "_src_id": 34 }, "geometry": { "type": "MultiPolygon", "coordinates": [ [ [ [ 74.406960014100477, 39.317442368120176 ], [ 74.406960716455586, 39.317442436519428 ], [ 74.406961014100474, 39.317442368120176 ], [ 74.406960014100477, 39.317442368120176 ] ] ], [ [ [ 74.414099610012698, 39.322910561185118 ], [ 74.413988218116259, 39.321797061381091 ], [ 74.413755934532688, 39.320822191800971 ], [ 74.413283278825091, 39.319939080664447 ], [ 74.412331647314616, 39.319007605718525 ], [ 74.411198519332586, 39.318307254850637 ], [ 74.409345704646327, 39.317696646193653 ], [ 74.408088523884658, 39.317552268682661 ], [ 74.406960716455586, 39.317442436519428 ], [ 74.403958571524299, 39.318132334020426 ], [ 74.397209979137628, 39.320216960993726 ], [ 74.38626463108146, 39.323692061615461 ], [ 74.378344144350237, 39.326239899214585 ], [ 74.379794516332154, 39.326095250805821 ], [ 74.384745207061229, 39.325957825220229 ], [ 74.387017917245757, 39.32598304308236 ], [ 74.388767723394821, 39.325995149265275 ], [ 74.391703060721539, 39.3263691945765 ], [ 74.392781185208733, 39.326612461105334 ], [ 74.394047377038461, 39.326680117063866 ], [ 74.398935185323666, 39.326843292840991 ], [ 74.40084510908504, 39.326749203906587 ], [ 74.402605251081184, 39.326653220628636 ], [ 74.40526575748018, 39.326292793723276 ], [ 74.405385378686617, 39.326074248054923 ], [ 74.40658949488288, 39.325476403294473 ], [ 74.407610970099228, 39.325248794994735 ], [ 74.408687939968914, 39.325206928952433 ], [ 74.409525796798889, 39.325349554358837 ], [ 74.410113185520814, 39.32563620275883 ], [ 74.414207399858498, 39.325081104054441 ], [ 74.415438634568375, 39.324789038573641 ], [ 74.415437634568377, 39.324789038573641 ], [ 74.414750303435, 39.324026287008152 ], [ 74.414099610012698, 39.322910561185118 ] ] ] ] } },
{ "type": "Feature", "properties": { "ID": 541, "周长": 0.010113018159654435, "面积": 2.4617549219405413e-06, "FEATUREID": "YAAE002C1AJ430010020000036", "CHFCAC": "000036", "CODE": "", "GB": "73020", "HYDC": "", "TN": "", "NAME": "", "fill_color": -30208, "pattern": 850, "pattern_color": 2304, "_src_file": "LDLYAAE002.WP", "_src_id": 35 }, "geometry": { "type": "MultiPolygon", "coordinates": [ [ [ [ 74.40526575748018, 39.326292793723276 ], [ 74.410113185520814, 39.32563620275883 ], [ 74.410113185520814, 39.32563620275883 ], [ 74.409525796798889, 39.325349554358837 ], [ 74.408687939968914, 39.325206928952433 ], [ 74.407610970099228, 39.325248794994735 ], [ 74.40658949488288, 39.325476403294473 ], [ 74.405385378686617, 39.326074248054923 ], [ 74.40526575748018, 39.326292793723276 ] ] ] ] } },
{ "type": "Feature", "properties": { "ID": 543, "周长": 0.030495510376983496, "面积": 5.5664128123422619e-05, "FEATUREID": "YAAE002C1AJ430010020000037", "CHFCAC": "000037", "CODE": "", "GB": "73020", "HYDC": "", "TN": "", "NAME": "", "fill_color": -27136, "pattern": 850, "pattern_color": 2304, "_src_file": "LDLYAAE002.WP", "_src_id": 36 }, "geometry": { "type": "MultiPolygon", "coordinates": [ [ [ [ 74.415438634568375, 39.324789038573641 ], [ 74.415437634568377, 39.324789038573641 ], [ 74.415437798020776, 39.324789237014016 ], [ 74.415438634568375, 39.324789038573641 ] ] ], [ [ [ 74.410113185520814, 39.32563620275883 ], [ 74.410112185520816, 39.32563620275883 ], [ 74.410482021352308, 39.325817299307239 ], [ 74.411134808253365, 39.326654793199438 ], [ 74.411608542495031, 39.327398786502364 ], [ 74.411843643473063, 39.328002657414551 ], [ 74.411839755730227, 39.328512784869133 ], [ 74.411475954445422, 39.329067794357698 ], [ 74.410933783350941, 39.329436554238249 ], [ 74.410451534754074, 39.329805563279677 ], [ 74.410268917895095, 39.330175816276054 ], [ 74.410263599330037, 39.330871441904854 ], [ 74.410498699940916, 39.331475317426317 ], [ 74.41127281310807, 39.332127808276475 ], [ 74.41240580978662, 39.332874533642588 ], [ 74.413720737334316, 39.333343740503445 ], [ 74.415098772998746, 39.333395805115231 ], [ 74.415939549403376, 39.333167383303334 ], [ 74.416722139220809, 39.332706832969045 ], [ 74.417686609172279, 39.331968765555658 ], [ 74.418531546275887, 39.331183821779604 ], [ 74.419139200247656, 39.330073267243968 ], [ 74.419327350488032, 39.328960995605613 ], [ 74.419452081263245, 39.328312233675483 ], [ 74.419454521924479, 39.327987606691792 ], [ 74.418858058556864, 39.327614156816495 ], [ 74.418022602174887, 39.327146971337193 ], [ 74.417246382342483, 39.326772776444272 ], [ 74.416710214015453, 39.32635318630841 ], [ 74.416532894943828, 39.326027820528829 ], [ 74.415997792195895, 39.325469101311761 ], [ 74.415437798020776, 39.324789237014016 ], [ 74.414207399858498, 39.325081104054441 ], [ 74.410113185520814, 39.32563620275883 ] ] ] ] } },
{ "type": "Feature", "properties": { "ID": 545, "周长": 0.020354004735444329, "面积": 2.4921158426838286e-05, "FEATUREID": "YAAE002C1AJ430010020000038", "CHFCAC": "000038", "CODE": "", "GB": "73020", "HYDC": "", "TN": "", "NAME": "", "fill_color": -24064, "pattern": 850, "pattern_color": 2304, "_src_file": "LDLYAAE002.WP", "_src_id": 37 }, "geometry": { "type": "Polygon", "coordinates": [ [ [ 74.222093954830584, 39.324204930550259 ], [ 74.222269938906351, 39.32355647047418 ], [ 74.222444186750465, 39.323037804087448 ], [ 74.222744788487276, 39.322454622356958 ], [ 74.223000530076845, 39.322098452800454 ], [ 74.224144633311212, 39.320998636623742 ], [ 74.224443055012742, 39.32057769338995 ], [ 74.224447802664855, 39.320220757647078 ], [ 74.224283510562742, 39.319993109213549 ], [ 74.223826412343925, 39.319764571334851 ], [ 74.222990695953428, 39.319697124986568 ], [ 74.221860014750106, 39.319791024007543 ], [ 74.220558548025139, 39.320143985678584 ], [ 74.219421778415636, 39.320692138927434 ], [ 74.218243162798842, 39.32124015305444 ], [ 74.217399606918121, 39.321756742630861 ], [ 74.217183493418915, 39.322275270788239 ], [ 74.217298543457431, 39.323054425514101 ], [ 74.217834084768143, 39.323672631086062 ], [ 74.218620625191051, 39.324291611893166 ], [ 74.219531807785032, 39.324975867719594 ], [ 74.220239482759993, 39.325237643456177 ], [ 74.221198160163567, 39.325500184854057 ], [ 74.221700580759276, 39.325469273970022 ], [ 74.22191320909505, 39.325210325501146 ], [ 74.22200336517389, 39.324723853741951 ], [ 74.222093954830584, 39.324204930550259 ] ] ] } },
{ "type": "Feature", "properties": { "ID": 547, "周长": 0.019793691683709414, "面积": 1.6521901325901955e-05, "FEATUREID": "YAAE002C1AJ430010020000039", "CHFCAC": "000039", "CODE": "", "GB": "73020", "HYDC": "", "TN": "", "NAME": "", "fill_color": -22016, "pattern": 850, "pattern_color": 2304, "_src_file": "LDLYAAE002.WP", "_src_id": 38 }, "geometry": { "type": "MultiPolygon", "coordinates": [ [ [ [ 74.569705149902163, 39.324869564257654 ], [ 74.572465968912056, 39.323260233239395 ], [ 74.572465968912056, 39.323260233239395 ], [ 74.573368870247663, 39.323596709557769 ], [ 74.574287026563454, 39.324090178084255 ], [ 74.574975710471094, 39.324449105659788 ], [ 74.577956720045577, 39.326644668724008 ], [ 74.578127024646307, 39.327091744842967 ], [ 74.578181994015495, 39.327583228581602 ], [ 74.577720175345661, 39.327850195873147 ], [ 74.577144662438059, 39.327848892512172 ], [ 74.575880427176273, 39.32748866589997 ], [ 74.572608127893758, 39.325962413321982 ], [ 74.571459764255437, 39.325468397413644 ], [ 74.569704149902165, 39.324869564257654 ], [ 74.569705149902163, 39.324869564257654 ] ] ] ] } },
{ "type": "Feature", "properties": { "ID": 552, "周长": 0.03699393137964134, "面积": 7.399452907240478e-05, "FEATUREID": "YAAE002C1AJ430010020000040", "CHFCAC": "000040", "CODE": "", "GB": "73020", "HYDC": "", "TN": "", "NAME": "", "fill_color": -18944, "pattern": 850, "pattern_color": 2304, "_src_file": "LDLYAAE002.WP", "_src_id": 39 }, "geometry": { "type": "Polygon", "coordinates": [ [ [ 73.750563563870671, 39.316332252883932 ], [ 73.750741255454074, 39.315847114932176 ], [ 73.750831150956387, 39.315555821951818 ], [ 73.751264513942303, 39.314846451551247 ], [ 73.751655374192197, 39.314169038635413 ], [ 73.751876247694995, 39.313619457398353 ], [ 73.751888846020933, 39.313034768187094 ], [ 73.75207631766456, 39.312094870282962 ], [ 73.752010227883787, 39.31128175402791 ], [ 73.751732377854552, 39.310595946171752 ], [ 73.751243471555867, 39.310004963438423 ], [ 73.750877146158686, 39.30954548132874 ], [ 73.749638107363481, 39.308847593499586 ], [ 73.748431064075049, 39.308604975700348 ], [ 73.747389088764507, 39.308461898445884 ], [ 73.74638680217069, 39.308416784004571 ], [ 73.745424199961178, 39.30846963558632 ], [ 73.744249824811064, 39.308649776229203 ], [ 73.74294162238121, 39.309218109273779 ], [ 73.74171557585008, 39.309852451898564 ], [ 73.740535527408326, 39.310292412828026 ], [ 73.739897358355293, 39.310804200780595 ], [ 73.739843572713369, 39.31135587433252 ], [ 73.739954135466135, 39.312039595116651 ], [ 73.740276491760895, 39.312596026729665 ], [ 73.74093108706785, 39.31325413440603 ], [ 73.741796076924487, 39.313849914706395 ], [ 73.742579607536555, 39.314347185267678 ], [ 73.743409867461992, 39.314617599514449 ], [ 73.743703840123914, 39.314556327752619 ], [ 73.744045233663783, 39.314235719779077 ], [ 73.744226485461894, 39.313588179021565 ], [ 73.744405620806319, 39.313038085356261 ], [ 73.744783171033774, 39.312977863195009 ], [ 73.745114006451075, 39.313144494072326 ], [ 73.745272747118634, 39.313536392732253 ], [ 73.745590230752796, 39.314320187128388 ], [ 73.745782335562168, 39.315102402245721 ], [ 73.746007807907361, 39.31627493628082 ], [ 73.746323203645929, 39.317156178432334 ], [ 73.746728525449313, 39.317746128121144 ], [ 73.747267668348897, 39.317947865494048 ], [ 73.74793641951436, 39.317956283849753 ], [ 73.748566179156967, 39.317834243015582 ], [ 73.749031556623351, 39.317580164097215 ], [ 73.749624420781373, 39.31723021229049 ], [ 73.75022078669835, 39.316717843804099 ], [ 73.750563563870671, 39.316332252883932 ] ] ] } },
{ "type": "Feature", "properties": { "ID": 553, "周长": 0.041626774153215536, "面积": 4.9504513084039359e-05, "FEATUREID": "YAAE002C1AJ430010020000041", "CHFCAC": "000041", "CODE": "", "GB": "73020", "HYDC": "", "TN": "", "NAME": "", "fill_color": -16896, "pattern": 850, "pattern_color": 2304, "_src_file": "LDLYAAE002.WP", "_src_id": 40 }, "geometry": { "type": "MultiPolygon", "coordinates": [ [ [ [ 74.449803747315201, 39.32109493637801 ], [ 74.451361783699681, 39.321002616684133 ], [ 74.452931788848915, 39.320692654865525 ], [ 74.454091582811742, 39.320437916151036 ], [ 74.455925866368162, 39.319924101153205 ], [ 74.457011407417326, 39.319521433336881 ], [ 74.465593252580405, 39.315677804847532 ], [ 74.465593252580405, 39.315677804847532 ], [ 74.46504709487472, 39.316098517265004 ], [ 74.462857785970726, 39.317960537332397 ], [ 74.462369034037167, 39.318519538165866 ], [ 74.461939461576691, 39.31926629836947 ], [ 74.461511263859038, 39.320247272442892 ], [ 74.461441972216093, 39.321230584042645 ], [ 74.46155711621229, 39.322074533942072 ], [ 74.46185537470366, 39.322825967936971 ], [ 74.462153583376605, 39.323296343906897 ], [ 74.46239198169333, 39.323813173401611 ], [ 74.462572216218433, 39.324282768795292 ], [ 74.462567953079812, 39.324610669980892 ], [ 74.46232569841564, 39.324796484972097 ], [ 74.46166066194391, 39.324885883900556 ], [ 74.459606599126374, 39.324497873551636 ], [ 74.457432232191451, 39.324015359173579 ], [ 74.455198722768472, 39.32334503741393 ], [ 74.452782800276083, 39.32281401863753 ], [ 74.451152264626089, 39.32242861951076 ], [ 74.450185110246849, 39.322047551392551 ], [ 74.449766019502249, 39.321716882240814 ], [ 74.449803747315201, 39.32109493637801 ] ] ] ] } },
{ "type": "Feature", "properties": { "ID": 554, "周长": 0.089980984967484814, "面积": 0.00033354496808470253, "FEATUREID": "YAAE002C1AJ430010020000042", "CHFCAC": "000042", "CODE": "", "GB": "73020", "HYDC": "", "TN": "", "NAME": "", "fill_color": -13824, "pattern": 850, "pattern_color": 2304, "_src_file": "LDLYAAE002.WP", "_src_id": 41 }, "geometry": { "type": "MultiPolygon", "coordinates": [ [ [ [ 74.465593252580405, 39.315677804847532 ], [ 74.466080798380617, 39.315302236268359 ], [ 74.466630295366272, 39.314551427432107 ], [ 74.466876727736746, 39.313893712139205 ], [ 74.466819782748445, 39.313376132417474 ], [ 74.466218186915242, 39.312903832127645 ], [ 74.465133399466239, 39.312335899989485 ], [ 74.464410539492164, 39.311910236728188 ], [ 74.463748493960594, 39.311437728812088 ], [ 74.463871717100957, 39.311108875293229 ], [ 74.4644173275871, 39.310922497906915 ], [ 74.465504669074562, 39.311114157075153 ], [ 74.467376968701984, 39.311496473965015 ], [ 74.468706245271434, 39.311688878889299 ], [ 74.469312008672418, 39.311549706751784 ], [ 74.469496004755698, 39.311174006184523 ], [ 74.469379205521278, 39.310562161720199 ], [ 74.468719379319381, 39.309760435221328 ], [ 74.468059568098255, 39.308958707227063 ], [ 74.467338974405706, 39.308203815412796 ], [ 74.466977718704356, 39.307967472236648 ], [ 74.465287913031929, 39.307444630743049 ], [ 74.464080000163051, 39.307205541942189 ], [ 74.462746926146792, 39.307577506493409 ], [ 74.461775077779748, 39.308185813732351 ], [ 74.460985622194798, 39.308653600916571 ], [ 74.45977639629686, 39.308602607191759 ], [ 74.459174237091005, 39.308224343970934 ], [ 74.458695325212446, 39.307517227286766 ], [ 74.458579930644774, 39.306717232542184 ], [ 74.458888193370697, 39.30587159175483 ], [ 74.459012738480979, 39.305354603371441 ], [ 74.458894402712289, 39.304977923793309 ], [ 74.457626407371095, 39.304691535086498 ], [ 74.456419555877702, 39.304311262947138 ], [ 74.455874961515747, 39.304356499027556 ], [ 74.455086497411841, 39.304683140064746 ], [ 74.45369064163927, 39.305384045176709 ], [ 74.452417693305918, 39.305803127342202 ], [ 74.45120720134976, 39.30593954280873 ], [ 74.449572752966375, 39.306163080157916 ], [ 74.448784932360923, 39.306392144120366 ], [ 74.447511979544004, 39.306805401177499 ], [ 74.446420768570661, 39.307172994000204 ], [ 74.444483566231654, 39.30744131589298 ], [ 74.443029815834421, 39.307759643219867 ], [ 74.441092247205944, 39.308074747906119 ], [ 74.438973233469852, 39.308388619519413 ], [ 74.438305965861403, 39.30866525947436 ], [ 74.437818762366632, 39.309130471780719 ], [ 74.437753532351508, 39.309785868579141 ], [ 74.437870071486813, 39.310395628554758 ], [ 74.438166011306393, 39.311287651869016 ], [ 74.43882279780378, 39.312463138360037 ], [ 74.439358982109155, 39.313590978506923 ], [ 74.439414383953803, 39.314294020609012 ], [ 74.439531622464656, 39.314810093074456 ], [ 74.439893156927937, 39.314999870485636 ], [ 74.440315176207207, 39.315190047922584 ], [ 74.440494253596754, 39.315519149409916 ], [ 74.440249286167699, 39.315939131094879 ], [ 74.439400164071884, 39.316261414490292 ], [ 74.439094364073355, 39.316727835875774 ], [ 74.439272764123785, 39.317150624649344 ], [ 74.439815083439242, 39.317435292688188 ], [ 74.440840264441178, 39.317863688750521 ], [ 74.442166868223282, 39.318434604265995 ], [ 74.443736105048274, 39.318913416937853 ], [ 74.445305363499344, 39.319392206317026 ], [ 74.446998618097396, 39.319450186110352 ], [ 74.448570902436288, 39.319507347631593 ], [ 74.449900254996933, 39.319703433091298 ], [ 74.450200694938459, 39.319986468145558 ], [ 74.450197046729258, 39.320501740141893 ], [ 74.449803747315201, 39.32109493637801 ], [ 74.449803747315201, 39.32109493637801 ], [ 74.451361783699681, 39.321002616684133 ], [ 74.452931788848915, 39.320692654865525 ], [ 74.454091582811742, 39.320437916151036 ], [ 74.455925866368162, 39.319924101153205 ], [ 74.457011407417326, 39.319521433336881 ], [ 74.465593252580405, 39.315677804847532 ] ] ] ] } },
{ "type": "Feature", "properties": { "ID": 557, "周长": 0.022086797970532413, "面积": 2.7830547971952058e-05, "FEATUREID": "YAAE002C1AJ430010020000043", "CHFCAC": "000043", "CODE": "", "GB": "73020", "HYDC": "", "TN": "", "NAME": "", "fill_color": -10752, "pattern": 850, "pattern_color": 2304, "_src_file": "LDLYAAE002.WP", "_src_id": 42 }, "geometry": { "type": "MultiPolygon", "coordinates": [ [ [ [ 74.581273972100007, 39.317239550707058 ], [ 74.581745888104024, 39.317540690041852 ], [ 74.582490000964185, 39.318301721537715 ], [ 74.583231439112424, 39.319196752747914 ], [ 74.5836887084116, 39.320180479409231 ], [ 74.584543657101335, 39.321388436831548 ], [ 74.585115590185907, 39.322461750078801 ], [ 74.58528316801565, 39.323444838382258 ], [ 74.585221938718959, 39.324159408278852 ], [ 74.584415340624147, 39.324336307570952 ], [ 74.583092655456127, 39.324154706526805 ], [ 74.581601284947595, 39.323213338809303 ], [ 74.580397688162691, 39.322272597759373 ], [ 74.578963641122172, 39.321197320604014 ], [ 74.577505383136128, 39.320189053520672 ], [ 74.577505383136128, 39.320189053520672 ], [ 74.579155112621962, 39.318985706705703 ], [ 74.581273972100007, 39.317239550707058 ] ] ] ] } },
{ "type": "Feature", "properties": { "ID": 561, "周长": 0.022903122556137995, "面积": 2.1408379060932486e-05, "FEATUREID": "YAAE002C1AJ430010020000044", "CHFCAC": "000044", "CODE": "", "GB": "73020", "HYDC": "", "TN": "", "NAME": "", "fill_color": -7680, "pattern": 850, "pattern_color": 2304, "_src_file": "LDLYAAE002.WP", "_src_id": 43 }, "geometry": { "type": "Polygon", "coordinates": [ [ [ 74.162125529889252, 39.315842132839542 ], [ 74.162653795198452, 39.315659945693675 ], [ 74.162858154003175, 39.31550685234275 ], [ 74.162904288409806, 39.315106196200539 ], [ 74.162584332612226, 39.314857765176519 ], [ 74.161617016176507, 39.314636685538119 ], [ 74.160165832637858, 39.314320467113831 ], [ 74.159078995094703, 39.313975363753002 ], [ 74.158034801200429, 39.313476288236352 ], [ 74.157031055890968, 39.312977424220335 ], [ 74.156625857172116, 39.313036900472824 ], [ 74.156543227599187, 39.313159806891171 ], [ 74.156575718641008, 39.313715079999874 ], [ 74.156769499293986, 39.314302066202544 ], [ 74.156962397943985, 39.31495072724767 ], [ 74.156950931652176, 39.315752468908258 ], [ 74.157019451206139, 39.316616324940185 ], [ 74.156888886547563, 39.317263228444716 ], [ 74.156515712053618, 39.317908810834041 ], [ 74.156222075473238, 39.318647343352332 ], [ 74.156211039403999, 39.319418250129218 ], [ 74.156406597581793, 39.319881892967551 ], [ 74.15680698372735, 39.320161616694989 ], [ 74.157332651856791, 39.320164470820266 ], [ 74.157535711141009, 39.320103894304232 ], [ 74.157944918265713, 39.319766889503285 ], [ 74.158275893216285, 39.319244426000374 ], [ 74.158609063950706, 39.318567781331268 ], [ 74.158985303378572, 39.317706336756054 ], [ 74.159439323389648, 39.317061181536069 ], [ 74.160215046986224, 39.316541116721616 ], [ 74.160988560839073, 39.316175229092629 ], [ 74.161638572574091, 39.315962863673555 ], [ 74.162125529889252, 39.315842132839542 ] ] ] } },
{ "type": "Feature", "properties": { "ID": 562, "周长": 0.048317138113181966, "面积": 0.00011461696128839925, "FEATUREID": "YAAE002C1AJ430010020000045", "CHFCAC": "000045", "CODE": "", "GB": "73020", "HYDC": "", "TN": "", "NAME": "", "fill_color": -5632, "pattern": 850, "pattern_color": 2304, "_src_file": "LDLYAAE002.WP", "_src_id": 44 }, "geometry": { "type": "Polygon", "coordinates": [ [ [ 74.765061292992783, 39.318580386854521 ], [ 74.76515554714004, 39.317882237211514 ], [ 74.765024172435886, 39.317148713966674 ], [ 74.764575079117066, 39.316693883050363 ], [ 74.76380865940267, 39.316447909672029 ], [ 74.762996686252819, 39.316271672740726 ], [ 74.762140145924548, 39.315990586620579 ], [ 74.76160094880143, 39.315500644038266 ], [ 74.761242608114728, 39.314976153990564 ], [ 74.761065126127065, 39.314417118139332 ], [ 74.760796528005642, 39.313997561041653 ], [ 74.760076704514461, 39.313507239979529 ], [ 74.759311129893376, 39.313121570124935 ], [ 74.758588935154179, 39.31305023824973 ], [ 74.756916932856342, 39.313221339068761 ], [ 74.755064474803746, 39.313357120326692 ], [ 74.753121484790341, 39.313527596145271 ], [ 74.752351294016762, 39.313944963531142 ], [ 74.751353450183487, 39.314676090465163 ], [ 74.750174932733529, 39.315406821148656 ], [ 74.748998229710523, 39.31582329084025 ], [ 74.747687656868465, 39.315960123915772 ], [ 74.746694047029678, 39.315957963909781 ], [ 74.7460607232223, 39.316131166296088 ], [ 74.745696323443696, 39.316654126290921 ], [ 74.745872455167344, 39.317422684883752 ], [ 74.74649880765044, 39.318436645169911 ], [ 74.747665127706242, 39.319800944483994 ], [ 74.748924478716788, 39.320711513877193 ], [ 74.749825170857648, 39.321167376176177 ], [ 74.750277658433191, 39.321028679412649 ], [ 74.751003990972933, 39.320401732302159 ], [ 74.751731731128132, 39.319530362835586 ], [ 74.752366084514932, 39.319182545324786 ], [ 74.752908282095461, 39.319148783722873 ], [ 74.753765024262464, 39.319395019829066 ], [ 74.755296454075676, 39.320131509056793 ], [ 74.756421811209009, 39.320797294949251 ], [ 74.757456457716344, 39.321532715106343 ], [ 74.758717762918764, 39.322128927706885 ], [ 74.760026837795053, 39.322271304229929 ], [ 74.761698848641444, 39.322135077445651 ], [ 74.762831010012079, 39.321613636746022 ], [ 74.76410081804957, 39.320708379403904 ], [ 74.764783233216704, 39.319836836369873 ], [ 74.76501220558761, 39.319278627517427 ], [ 74.765061292992783, 39.318580386854521 ] ] ] } },
{ "type": "Feature", "properties": { "ID": 566, "周长": 0.030921817371654198, "面积": 4.4035439738437931e-05, "FEATUREID": "YAAE002C1AJ430010020000046", "CHFCAC": "000046", "CODE": "", "GB": "73020", "HYDC": "", "TN": "", "NAME": "", "fill_color": -3584, "pattern": 850, "pattern_color": 2304, "_src_file": "LDLYAAE002.WP", "_src_id": 45 }, "geometry": { "type": "Polygon", "coordinates": [ [ [ 74.770413880927919, 39.312407507515374 ], [ 74.771448127972334, 39.312338298659384 ], [ 74.772483144187333, 39.312129415792676 ], [ 74.773429975739091, 39.311606220521917 ], [ 74.774197952104274, 39.310908327031868 ], [ 74.774516228663501, 39.310245089020391 ], [ 74.774565000583507, 39.309546779505531 ], [ 74.774297983603788, 39.309057788920583 ], [ 74.773894022268848, 39.308952804134279 ], [ 74.773354065055827, 39.309057240896365 ], [ 74.772138150128484, 39.309475526147459 ], [ 74.770563595478293, 39.309718996385051 ], [ 74.76917211863001, 39.309368972452496 ], [ 74.767781983193828, 39.308564661302086 ], [ 74.766883872832878, 39.307655020120436 ], [ 74.766255562522872, 39.306955419179104 ], [ 74.765625500637142, 39.306570062446539 ], [ 74.76481265547821, 39.306568420981847 ], [ 74.763998435876985, 39.306811190137729 ], [ 74.762866326119934, 39.307367559915889 ], [ 74.762049322125094, 39.308099150023025 ], [ 74.761864336627667, 39.308866947070818 ], [ 74.762129763606495, 39.309845167799857 ], [ 74.762712503003456, 39.310614534319228 ], [ 74.763612367268294, 39.311209955338896 ], [ 74.764603160244349, 39.311700805200999 ], [ 74.766181265832174, 39.312157911657543 ], [ 74.767489586166178, 39.312404953111347 ], [ 74.769335064829619, 39.312406843146093 ], [ 74.770413880927919, 39.312407507515374 ] ] ] } },
{ "type": "Feature", "properties": { "ID": 567, "周长": 0.065619074272476041, "面积": 0.00011270677692725578, "FEATUREID": "YAAE002C1AJ430010020000047", "CHFCAC": "000047", "CODE": "", "GB": "73020", "HYDC": "", "TN": "", "NAME": "", "fill_color": -1536, "pattern": 850, "pattern_color": 2304, "_src_file": "LDLYAAE002.WP", "_src_id": 46 }, "geometry": { "type": "Polygon", "coordinates": [ [ [ 73.757497325079157, 39.305588661782238 ], [ 73.75806102775735, 39.305292455264642 ], [ 73.75834333976411, 39.305122693638474 ], [ 73.758685087202821, 39.304780388773111 ], [ 73.759309137540598, 39.304268318746189 ], [ 73.760039974572948, 39.30397418769887 ], [ 73.760652875836058, 39.303981833782139 ], [ 73.761149703863907, 39.304204640980835 ], [ 73.76208116509018, 39.304952726289557 ], [ 73.762959704678821, 39.305570180464656 ], [ 73.763850296287714, 39.305624591592718 ], [ 73.764800306251345, 39.305506445504946 ], [ 73.765701991326424, 39.305041117881089 ], [ 73.766494073682935, 39.304487774632499 ], [ 73.767347405432105, 39.303675255679856 ], [ 73.768087434721465, 39.302947968666814 ], [ 73.768826524613928, 39.302263984628418 ], [ 73.769227612973012, 39.301749094803611 ], [ 73.769235912467494, 39.301359299923391 ], [ 73.768912683110472, 39.300835426806742 ], [ 73.768198527763133, 39.300350025320988 ], [ 73.767427743103354, 39.299907236347707 ], [ 73.766542763963486, 39.299592989856905 ], [ 73.765488802038277, 39.299363280867304 ], [ 73.764874089964707, 39.29944228133396 ], [ 73.764199034246346, 39.29973713682844 ], [ 73.76346640681453, 39.300117915577566 ], [ 73.762731918874522, 39.300585312181319 ], [ 73.761778262172143, 39.300876683113792 ], [ 73.7609991685202, 39.300823645845206 ], [ 73.760113281485687, 39.30055266320219 ], [ 73.759172613952089, 39.300237666341914 ], [ 73.758170666171196, 39.30018182922538 ], [ 73.756830711362028, 39.300295044149443 ], [ 73.754653154461664, 39.30048439707361 ], [ 73.752419875036068, 39.30067301292808 ], [ 73.750244167605331, 39.300775663056825 ], [ 73.748231858183189, 39.301053618027701 ], [ 73.746328158988689, 39.301462870396229 ], [ 73.744484843217222, 39.301656244282483 ], [ 73.74247718394578, 39.30171754757643 ], [ 73.741139993947186, 39.3017006492638 ], [ 73.740465761871761, 39.301952055278342 ], [ 73.74006634482862, 39.302380223025935 ], [ 73.740001222474035, 39.302812618467648 ], [ 73.74010325441732, 39.303247129338637 ], [ 73.740376201586898, 39.303510513929858 ], [ 73.741317762352338, 39.303782352081662 ], [ 73.742094057376406, 39.303965450764878 ], [ 73.743974400029771, 39.304639021600003 ], [ 73.745921739236806, 39.304793541501226 ], [ 73.747038923224594, 39.304677647645327 ], [ 73.747772622215834, 39.304253664913688 ], [ 73.748341962509642, 39.303697644227007 ], [ 73.748912230127999, 39.303098308406064 ], [ 73.749304121124666, 39.303016591208483 ], [ 73.749415556988836, 39.303017993343261 ], [ 73.749632819168482, 39.303280656837757 ], [ 73.749784089370294, 39.304019031697308 ], [ 73.750213019323851, 39.304804216544717 ], [ 73.750819390414279, 39.30511508629931 ], [ 73.751652379603726, 39.305255511140778 ], [ 73.75282248211839, 39.305270192710758 ], [ 73.754272113446078, 39.305245043182346 ], [ 73.755438496197186, 39.305432938519616 ], [ 73.756717251616635, 39.305578907390696 ], [ 73.757497325079157, 39.305588661782238 ] ] ] } },
{ "type": "Feature", "properties": { "ID": 568, "周长": 0.085997117211699128, "面积": 0.00037811825036983618, "FEATUREID": "YAAE002C1AJ430010020000048", "CHFCAC": "000048", "CODE": "", "GB": "73020", "HYDC": "", "TN": "", "NAME": "", "fill_color": 512, "pattern": 851, "pattern_color": 2304, "_src_file": "LDLYAAE002.WP", "_src_id": 47 }, "geometry": { "type": "Polygon", "coordinates": [ [ [ 74.789786561647801, 39.311096611008026 ], [ 74.790062833021182, 39.310586670263085 ], [ 74.790447866607693, 39.31020429183959 ], [ 74.790890062118066, 39.309354377175424 ], [ 74.79105977944414, 39.308291816356402 ], [ 74.791285984243828, 39.306889238936243 ], [ 74.791676546918268, 39.305444225206315 ], [ 74.791843796885843, 39.30484921956603 ], [ 74.792792093595835, 39.301364178111307 ], [ 74.793408284841007, 39.298601584723095 ], [ 74.793524112397577, 39.297368973988618 ], [ 74.793201394146152, 39.296306204508134 ], [ 74.792333842502785, 39.294818153443373 ], [ 74.791354915286249, 39.293712595471384 ], [ 74.790320870850067, 39.292692015704652 ], [ 74.788793406336424, 39.29188373142447 ], [ 74.787427835644465, 39.291500557633135 ], [ 74.785678459360923, 39.29128720527769 ], [ 74.784094562409251, 39.290818878214886 ], [ 74.78212890786547, 39.290137805961336 ], [ 74.780653777655203, 39.289797003151733 ], [ 74.779397467457855, 39.289456296947314 ], [ 74.777867664520357, 39.289115429537823 ], [ 74.776282247100539, 39.288944530425297 ], [ 74.774479892581923, 39.288433442859024 ], [ 74.772568398544337, 39.287879758189106 ], [ 74.770873152436181, 39.287793733326211 ], [ 74.770379674407224, 39.288005960116067 ], [ 74.77032333071854, 39.288303465015169 ], [ 74.770429208392059, 39.288941111001819 ], [ 74.770697550472335, 39.289876395597553 ], [ 74.770530389348011, 39.290428863274094 ], [ 74.770200999392102, 39.290641189533424 ], [ 74.768170858504334, 39.291745071433226 ], [ 74.766901429042647, 39.292762774459902 ], [ 74.765411276400485, 39.293864924600918 ], [ 74.764525668511993, 39.294968279632954 ], [ 74.764026215610215, 39.295817378789607 ], [ 74.764022867479198, 39.296412450065951 ], [ 74.764351932554405, 39.296540634868364 ], [ 74.764901576644633, 39.296541746019848 ], [ 74.766222145139238, 39.296289375141754 ], [ 74.76787225180307, 39.296080153597295 ], [ 74.769130769864461, 39.296208739865541 ], [ 74.769894313536895, 39.296634266193969 ], [ 74.770439271723902, 39.297017147095637 ], [ 74.771255430445592, 39.297825244317849 ], [ 74.772344919428093, 39.298676003547747 ], [ 74.773544552453501, 39.299399302123881 ], [ 74.777030710617566, 39.302206635955407 ], [ 74.777628617791308, 39.302929555571481 ], [ 74.77882515724697, 39.304247873055694 ], [ 74.77985805659759, 39.305481077996596 ], [ 74.78061856331766, 39.306501607149904 ], [ 74.781160914289103, 39.307394500427456 ], [ 74.781592475859895, 39.308542365824003 ], [ 74.782353495396961, 39.309477872824303 ], [ 74.78333272588057, 39.310540999603504 ], [ 74.78425817276603, 39.311434067834711 ], [ 74.785293988194866, 39.312157163305692 ], [ 74.786440839812741, 39.312582764090315 ], [ 74.787260513014445, 39.312795674974808 ], [ 74.787917375056011, 39.312753472755119 ], [ 74.788576030728862, 39.312371227290541 ], [ 74.789345234174561, 39.311776500229925 ], [ 74.789786561647801, 39.311096611008026 ] ] ] } },
{ "type": "Feature", "properties": { "ID": 575, "周长": 0.071102776656583863, "面积": 0.0001671755081743137, "FEATUREID": "YAAE002C1AJ430010020000049", "CHFCAC": "000049", "CODE": "", "GB": "73020", "HYDC": "", "TN": "", "NAME": "", "fill_color": 2560, "pattern": 851, "pattern_color": 2304, "_src_file": "LDLYAAE002.WP", "_src_id": 48 }, "geometry": { "type": "Polygon", "coordinates": [ [ [ 74.651137794546344, 39.304777429322677 ], [ 74.650135308151306, 39.304849080817142 ], [ 74.648386833120369, 39.304846992802489 ], [ 74.647156134978289, 39.304895816774305 ], [ 74.646571856172656, 39.305146648354302 ], [ 74.646537210097932, 39.305176363394018 ], [ 74.645986114657333, 39.305649020260695 ], [ 74.646046210155561, 39.306454031328478 ], [ 74.646624972998708, 39.307159056084224 ], [ 74.647592605010502, 39.307814241782438 ], [ 74.648172552897307, 39.308318026020387 ], [ 74.648428121908694, 39.308922036307322 ], [ 74.648423195986666, 39.309777275519124 ], [ 74.646795978324093, 39.311183946588095 ], [ 74.64594996279628, 39.311887234549381 ], [ 74.645167528312456, 39.312791829096156 ], [ 74.644708320108222, 39.313797433205742 ], [ 74.644574106284821, 39.314602204239904 ], [ 74.64470071307079, 39.315105444402889 ], [ 74.645023677454475, 39.315256768968034 ], [ 74.645606585736545, 39.315257484360082 ], [ 74.646321071898612, 39.314906199385952 ], [ 74.647232180167862, 39.314152678042568 ], [ 74.648014313696635, 39.313298380184243 ], [ 74.648796717357968, 39.312393766442469 ], [ 74.649513470707703, 39.311639993872973 ], [ 74.650488975014468, 39.310936834567535 ], [ 74.651722937632641, 39.310334585711608 ], [ 74.653090534445198, 39.309835844067472 ], [ 74.654654139009253, 39.30948975701294 ], [ 74.654825197673517, 39.309439072552664 ], [ 74.65582733252684, 39.309142137356361 ], [ 74.658758995350141, 39.308499424452542 ], [ 74.659735546156227, 39.3084025562843 ], [ 74.660830011225627, 39.308125073367073 ], [ 74.660908413333061, 39.308105195680476 ], [ 74.662341813075884, 39.307758506498224 ], [ 74.663320305816413, 39.307309450186992 ], [ 74.664429746760902, 39.306709955150403 ], [ 74.665604234451891, 39.306110697100642 ], [ 74.666451447128722, 39.305862354247857 ], [ 74.667753817319905, 39.305666030725476 ], [ 74.668795656816286, 39.305519024418814 ], [ 74.669251372672278, 39.305470425179394 ], [ 74.669577512090427, 39.305320723390004 ], [ 74.669774899690964, 39.304918988343069 ], [ 74.669519321443588, 39.304062771520762 ], [ 74.668743534812791, 39.303154290793437 ], [ 74.667708358091204, 39.302093900864605 ], [ 74.666802779205028, 39.301134607950367 ], [ 74.665897498914219, 39.300125001816347 ], [ 74.664928301255543, 39.298913907091908 ], [ 74.664087297208198, 39.298055457623306 ], [ 74.663244638593568, 39.297498850044725 ], [ 74.662139534708984, 39.29734370983337 ], [ 74.66083758119575, 39.297489663064852 ], [ 74.659729099639108, 39.297938200267112 ], [ 74.658620603990968, 39.298386726819032 ], [ 74.657771190440613, 39.299037477691144 ], [ 74.657246195794983, 39.299840404746838 ], [ 74.657045633510535, 39.300795507859355 ], [ 74.656779437412268, 39.30185097447049 ], [ 74.656319186002591, 39.302704453180795 ], [ 74.655533906076897, 39.303506364608836 ], [ 74.654359091819671, 39.304155829416629 ], [ 74.652208893148952, 39.304700864905605 ], [ 74.651137794546344, 39.304777429322677 ] ] ] } },
{ "type": "Feature", "properties": { "ID": 576, "周长": 1.7274955731940091, "面积": 0.0094968799204418614, "FEATUREID": "YAAE002C1AJ430010020000050", "CHFCAC": "000050", "CODE": "", "GB": "73020", "HYDC": "", "TN": "", "NAME": "", "fill_color": 4608, "pattern": 851, "pattern_color": 2304, "_src_file": "LDLYAAE002.WP", "_src_id": 49 }, "geometry": { "type": "MultiPolygon", "coordinates": [ [ [ [ 73.71395831797075, 39.091277990299304 ], [ 73.71395825654092, 39.091277861155483 ], [ 73.713957317970753, 39.091277990299304 ], [ 73.71395831797075, 39.091277990299304 ] ] ], [ [ [ 73.721072162542114, 39.090266317774834 ], [ 73.722418606059449, 39.089994951243405 ], [ 73.724205748704108, 39.090020302600848 ], [ 73.725695031906383, 39.090041409651718 ], [ 73.727773022857662, 39.090359964101566 ], [ 73.730069793566614, 39.090795308229119 ], [ 73.731917111138515, 39.091281816695066 ], [ 73.73302348230996, 39.091700885577758 ], [ 73.733904120273408, 39.092348300064351 ], [ 73.734489286281942, 39.09276063474978 ], [ 73.734852305532414, 39.093227897522574 ], [ 73.735281473520516, 39.094042970029548 ], [ 73.735561005630856, 39.094856120353612 ], [ 73.73591567201295, 39.095728038748007 ], [ 73.73596945461648, 39.096655096253841 ], [ 73.735950880361585, 39.097697506860008 ], [ 73.735932587419711, 39.098624094109383 ], [ 73.735693750560955, 39.099374069147501 ], [ 73.735307107203923, 39.100180036135654 ], [ 73.734850852213498, 39.100695482045609 ], [ 73.734101346400905, 39.100975300918186 ], [ 73.733205215313774, 39.101079348672393 ], [ 73.731942752351728, 39.10100481008206 ], [ 73.731056106590216, 39.100703585565739 ], [ 73.72798798031188, 39.098984361332221 ], [ 73.725127695441543, 39.097716020891667 ], [ 73.722274339299972, 39.096677832252809 ], [ 73.720113578107629, 39.095724993653391 ], [ 73.718138902387594, 39.095160272827428 ], [ 73.717342874084295, 39.095228101206295 ], [ 73.717079940045423, 39.095326495938011 ], [ 73.716741199290169, 39.095452884468436 ], [ 73.716005290520712, 39.095951634353987 ], [ 73.71600629052071, 39.095951634353987 ], [ 73.716069929960426, 39.096497470265341 ], [ 73.716443560123423, 39.097924712076193 ], [ 73.716817629617452, 39.099527595550001 ], [ 73.717122581136962, 39.100958582130644 ], [ 73.717275096812998, 39.102329342803429 ], [ 73.717504224061017, 39.103759493461098 ], [ 73.71773314016157, 39.105360775697662 ], [ 73.71840423492678, 39.106903868491109 ], [ 73.719068083400416, 39.108329787038372 ], [ 73.719075737910984, 39.109703455516275 ], [ 73.718129363979955, 39.110909011917919 ], [ 73.717183330215633, 39.112114563954918 ], [ 73.715718517843726, 39.112976627816579 ], [ 73.714177363516072, 39.113842332033165 ], [ 73.712491155960507, 39.114418188726496 ], [ 73.710812910726602, 39.115169746607847 ], [ 73.708905254435564, 39.115977284262627 ], [ 73.707661578561641, 39.117066870351294 ], [ 73.706418243275508, 39.118273539004122 ], [ 73.705182093917145, 39.119538821079828 ], [ 73.704449803217969, 39.120971818263953 ], [ 73.704678464988433, 39.122514570134541 ], [ 73.704983711910558, 39.123999627142268 ], [ 73.705357508216707, 39.125372855665212 ], [ 73.705586459215425, 39.126861568744324 ], [ 73.705593945112227, 39.128347819402578 ], [ 73.705159013720973, 39.129838162210341 ], [ 73.704724051629569, 39.131269957607294 ], [ 73.703777980482144, 39.13264652717713 ], [ 73.702534535887679, 39.133623467319538 ], [ 73.701000723174118, 39.134430529859777 ], [ 73.699238510823349, 39.135293565559707 ], [ 73.697552390282738, 39.135986291150388 ], [ 73.695797585916083, 39.136561133684374 ], [ 73.694035169754756, 39.137370045999489 ], [ 73.69228010464235, 39.138345645957422 ], [ 73.690815457309853, 39.13915334635211 ], [ 73.68971678910215, 39.140415494972252 ], [ 73.688915649618437, 39.141847612447762 ], [ 73.688114479889663, 39.143279723550243 ], [ 73.687679442360093, 39.144828538382143 ], [ 73.687321011975698, 39.146202579793545 ], [ 73.687107268817982, 39.147920515942985 ], [ 73.687045979536919, 39.149293397328911 ], [ 73.686977582656425, 39.151125558052875 ], [ 73.6867637581542, 39.152496719695549 ], [ 73.686626454871842, 39.153873246522913 ], [ 73.686710149122163, 39.155418895404935 ], [ 73.687457855321568, 39.158390629516504 ], [ 73.686290436076177, 39.159480832647127 ], [ 73.684886939102924, 39.158568804191987 ], [ 73.683559318296915, 39.157486481195413 ], [ 73.68186549307157, 39.156463049218523 ], [ 73.680385435782938, 39.15537896571157 ], [ 73.678768006385596, 39.154180717870595 ], [ 73.677509293350084, 39.153211695540399 ], [ 73.676181855331762, 39.152246382358037 ], [ 73.674564304591215, 39.15139034273097 ], [ 73.672504227243209, 39.1505967918525 ], [ 73.670734245553447, 39.150256864323694 ], [ 73.66875822872251, 39.150608098535706 ], [ 73.667140577035084, 39.151526336552706 ], [ 73.666415825991507, 39.152788034412289 ], [ 73.665538468692944, 39.154394748296035 ], [ 73.664737377862338, 39.155885237532011 ], [ 73.66379133255586, 39.157144381590427 ], [ 73.663058862722409, 39.158405965949761 ], [ 73.661746392651224, 39.159498759912459 ], [ 73.660868938540219, 39.160700119915269 ], [ 73.659327848423501, 39.161853308204087 ], [ 73.657863139174907, 39.163169480758683 ], [ 73.656550846436701, 39.164320763053034 ], [ 73.654795911798644, 39.166840484856401 ], [ 73.654292409656307, 39.168329829057143 ], [ 73.653559938358015, 39.169879574840223 ], [ 73.653498711157567, 39.171365017989885 ], [ 73.653941100581051, 39.172797735842884 ], [ 73.654833862026507, 39.174109552491885 ], [ 73.655642741463197, 39.175478943173275 ], [ 73.656611399422758, 39.176796125153118 ], [ 73.657496629001685, 39.178337514837317 ], [ 73.658167801475557, 39.179993521021899 ], [ 73.658396681606192, 39.181365214986016 ], [ 73.658396606751282, 39.182738777551691 ], [ 73.658038033608221, 39.184459480849803 ], [ 73.657755521421436, 39.186059464707611 ], [ 73.657396970202143, 39.187491940746256 ], [ 73.658358290018512, 39.189034198988168 ], [ 73.65828946759153, 39.190636643684101 ], [ 73.657930927032922, 39.192010576176791 ], [ 73.657053693889551, 39.193270447273129 ], [ 73.656100018747438, 39.194533930623138 ], [ 73.655153972577594, 39.195851536756685 ], [ 73.654276540304693, 39.197115886664662 ], [ 73.65325407181588, 39.198491137610525 ], [ 73.65274274206179, 39.199921831350935 ], [ 73.651796862613381, 39.201185367268259 ], [ 73.650255602781897, 39.201933108206212 ], [ 73.648195619051023, 39.202337049109488 ], [ 73.646433321700442, 39.202685868899728 ], [ 73.644670612536927, 39.203205787976749 ], [ 73.643571945820938, 39.204296346628865 ], [ 73.642770847282407, 39.205845212703849 ], [ 73.642412287147337, 39.207331678320585 ], [ 73.642122389320079, 39.208877489029199 ], [ 73.641840124966748, 39.210364841388532 ], [ 73.641550167861013, 39.211856606292464 ], [ 73.640527640479348, 39.213173194879218 ], [ 73.639574117720969, 39.214549123836832 ], [ 73.638551428399964, 39.215982782102813 ], [ 73.637895324509415, 39.217299125158426 ], [ 73.637536825056259, 39.218848622189867 ], [ 73.637246765628404, 39.22050699929509 ], [ 73.637475705067686, 39.221878724420272 ], [ 73.637628236638889, 39.223254060715448 ], [ 73.637269784341967, 39.224799050145258 ], [ 73.636537226246318, 39.226114488441866 ], [ 73.63543843885158, 39.227204962005274 ], [ 73.634049776569981, 39.228125398696172 ], [ 73.632508721601369, 39.228989988864861 ], [ 73.630891270764096, 39.229966244218772 ], [ 73.629426250401153, 39.230768639655523 ], [ 73.628251264945661, 39.231804104161398 ], [ 73.626786636917146, 39.233065819452747 ], [ 73.625542820628226, 39.234100446394066 ], [ 73.624367801407814, 39.235131368967885 ], [ 73.62312423673913, 39.236278556072534 ], [ 73.621583086180053, 39.237372672871992 ], [ 73.620263122622376, 39.238406340424817 ], [ 73.619530889442373, 39.239663124124966 ], [ 73.618210852514665, 39.240696766713924 ], [ 73.616966966325336, 39.241960971244303 ], [ 73.615792182619515, 39.243280025754252 ], [ 73.615357247555323, 39.244652903025553 ], [ 73.614113736727319, 39.245799990847232 ], [ 73.612343431122227, 39.245977060100323 ], [ 73.610215104259396, 39.245640943547905 ], [ 73.60829988665634, 39.245073154824908 ], [ 73.607041295896067, 39.244103382582594 ], [ 73.605049688715354, 39.24319237074527 ], [ 73.603646134145492, 39.242108239617309 ], [ 73.601883633735895, 39.24136654445811 ], [ 73.600113647046356, 39.240512149241603 ], [ 73.59842011264567, 39.239946865704788 ], [ 73.596871227462472, 39.239261708147261 ], [ 73.594879940131918, 39.238692785394214 ], [ 73.592965043934043, 39.238124751719901 ], [ 73.590904889364808, 39.237672018220763 ], [ 73.589066225892466, 39.237221929859729 ], [ 73.58722741471405, 39.237051024488466 ], [ 73.585312348184388, 39.237054796205904 ], [ 73.583549986880442, 39.237060396126218 ], [ 73.581711160539442, 39.237465839506044 ], [ 73.58001742318595, 39.237927062921322 ], [ 73.578178790723697, 39.238733258212562 ], [ 73.576637657298903, 39.239538555116461 ], [ 73.574875132392663, 39.240228536624571 ], [ 73.572891532679321, 39.241145456407253 ], [ 73.571205615098606, 39.241552606305653 ], [ 73.569809319650389, 39.242526216170475 ], [ 73.568267886244257, 39.243443982365491 ], [ 73.566948244673725, 39.244418497304657 ], [ 73.565773205550229, 39.245453323441005 ], [ 73.5648958021781, 39.246712473097432 ], [ 73.564384624715458, 39.248259842800387 ], [ 73.56401839767787, 39.249691911033153 ], [ 73.563659749847417, 39.25117811100197 ], [ 73.563224615399008, 39.25266786898851 ], [ 73.562637091999093, 39.25415574385832 ], [ 73.562713539614137, 39.255588766566028 ], [ 73.562278600852693, 39.257191107167081 ], [ 73.562141126709008, 39.25862148789691 ], [ 73.56221729630829, 39.260050003120753 ], [ 73.562881369641005, 39.261535312214157 ], [ 73.563110078920943, 39.263136836982952 ], [ 73.563704963084191, 39.264625790356831 ], [ 73.564300214251062, 39.265939111502782 ], [ 73.565185339074446, 39.267881975254092 ], [ 73.566146611517766, 39.269253838650506 ], [ 73.565268929491793, 39.270458939143964 ], [ 73.563499096490219, 39.270576720771786 ], [ 73.561736741427509, 39.27052344003453 ], [ 73.559966641081289, 39.270582621648188 ], [ 73.558204290237271, 39.270529285227092 ], [ 73.556289075226161, 39.270478532248156 ], [ 73.554305279389652, 39.270593520578977 ], [ 73.552314273147132, 39.270829976733083 ], [ 73.550475627963124, 39.270946704425675 ], [ 73.548339314294452, 39.271064195225797 ], [ 73.546500444264836, 39.271068272539814 ], [ 73.544661872203648, 39.271356038937881 ], [ 73.542823080755113, 39.271531186546781 ], [ 73.540984200904944, 39.271535176484768 ], [ 73.539145629871186, 39.271768813720215 ], [ 73.537230422814886, 39.272343715979403 ], [ 73.535613293178159, 39.27308896009928 ], [ 73.53378220390006, 39.274124203160731 ], [ 73.532233234886931, 39.274982842458421 ], [ 73.530318210499303, 39.274814576074682 ], [ 73.52833463637684, 39.274478787848295 ], [ 73.526495708201367, 39.274135787879885 ], [ 73.524725855567198, 39.273798139802366 ], [ 73.522810744606005, 39.274084587641923 ], [ 73.520461039113854, 39.274716744597029 ], [ 73.518691006827325, 39.275351727483404 ], [ 73.517004871925693, 39.276041791285074 ], [ 73.514944619255999, 39.276731564267685 ], [ 73.513029601021188, 39.277076394031781 ], [ 73.511267344998402, 39.277594274777528 ], [ 73.509497312333082, 39.278170573912547 ], [ 73.507658420797114, 39.278457746803021 ], [ 73.505819699197801, 39.278974564228804 ], [ 73.504057358750472, 39.279321207226722 ], [ 73.50165533617907, 39.279698734625534 ], [ 73.500000001684995, 39.280172381563986 ], [ 73.499999999962753, 39.283333333327704 ], [ 73.500000000223977, 39.288673914192437 ], [ 73.500224269711978, 39.289184417596815 ], [ 73.500735282802054, 39.289918585944591 ], [ 73.501363311286539, 39.290654260786326 ], [ 73.502047922556969, 39.291481608288336 ], [ 73.503074870841573, 39.29272262012735 ], [ 73.505657222033335, 39.294353587017 ], [ 73.505560971972329, 39.294111742024477 ], [ 73.505307494366022, 39.293672319435736 ], [ 73.504853789731456, 39.293307740324032 ], [ 73.504171243095612, 39.292760866236286 ], [ 73.503491706995121, 39.292213990574439 ], [ 73.502909399595254, 39.291745236651906 ], [ 73.502551937148468, 39.291458774404809 ], [ 73.501583058890844, 39.290545131035998 ], [ 73.501489297826339, 39.290291259424663 ], [ 73.501506758735147, 39.289675013235282 ], [ 73.501715288519549, 39.289189346202924 ], [ 73.502089122823051, 39.288782533838123 ], [ 73.502665173981029, 39.288300880025162 ], [ 73.503367474535352, 39.287897714643172 ], [ 73.504005744884111, 39.287570845442822 ], [ 73.504841863938481, 39.287143452442336 ], [ 73.505945637231434, 39.286667614692028 ], [ 73.506843689710749, 39.286446349470729 ], [ 73.508333018748672, 39.28633433157345 ], [ 73.509589446700815, 39.286322458878722 ], [ 73.510448390354668, 39.286383250508436 ], [ 73.511238319329351, 39.286520343092569 ], [ 73.51212190852948, 39.286838255479559 ], [ 73.512937854789783, 39.287258145826343 ], [ 73.51381898346115, 39.28775578379026 ], [ 73.51477363209608, 39.288524411156011 ], [ 73.519223190234513, 39.287624429427495 ], [ 73.524499587074828, 39.286240313632327 ], [ 73.526615185288961, 39.285521500581325 ], [ 73.530065123409301, 39.284250403193397 ], [ 73.535745025895707, 39.281740455450262 ], [ 73.537191584639672, 39.281275905225215 ], [ 73.540083833851213, 39.280476978159662 ], [ 73.550176529319785, 39.278222840790718 ], [ 73.559049509427524, 39.275609951127649 ], [ 73.572125759266868, 39.272256252167814 ], [ 73.574127648032587, 39.271667094063979 ], [ 73.5760712630412, 39.271077416721873 ], [ 73.578508578266707, 39.270597856743926 ], [ 73.578583796240352, 39.269973767026848 ], [ 73.57892631619525, 39.269494310958095 ], [ 73.579385685044087, 39.269209294390052 ], [ 73.580253326838061, 39.269153907413155 ], [ 73.582105733165932, 39.269559483726809 ], [ 73.582775018933447, 39.269700211868468 ], [ 73.587695274304352, 39.268467223973524 ], [ 73.590443712642937, 39.267928548650879 ], [ 73.587339388254435, 39.268132400561015 ], [ 73.584525343564366, 39.268328755676379 ], [ 73.582341851424587, 39.268145146152598 ], [ 73.581353388384656, 39.267909529961415 ], [ 73.580451203749561, 39.26764256902176 ], [ 73.579676293659062, 39.26721592392046 ], [ 73.579443338475883, 39.266505113764339 ], [ 73.579378276649109, 39.265667246225554 ], [ 73.579559326284055, 39.264864146366982 ], [ 73.579949202246013, 39.263998800795562 ], [ 73.580461933329886, 39.263231317160397 ], [ 73.581095195967848, 39.262529501153963 ], [ 73.581597804615953, 39.262244903433071 ], [ 73.582009433109391, 39.262216988483701 ], [ 73.582665433407527, 39.262545756434037 ], [ 73.583518526272485, 39.263230777634732 ], [ 73.584209133405466, 39.263785314787391 ], [ 73.584859473158772, 39.26424284199998 ], [ 73.585311394193909, 39.264311921554999 ], [ 73.585649812794074, 39.26402559868469 ], [ 73.585573949756792, 39.263606239620209 ], [ 73.585131437576578, 39.263086464032554 ], [ 73.584405251654289, 39.262209578666614 ], [ 73.58388588689877, 39.261367017147393 ], [ 73.583786187239554, 39.260303377381454 ], [ 73.583805027318533, 39.259305402414014 ], [ 73.584105197234379, 39.256893507777306 ], [ 73.584125371928337, 39.255831146374035 ], [ 73.584237177327907, 39.25447990466909 ], [ 73.584384893518262, 39.253386630770045 ], [ 73.584482927914962, 39.252647050320171 ], [ 73.584655474518414, 39.252294636923899 ], [ 73.58490522828528, 39.25220061894764 ], [ 73.585398020961421, 39.252334507887575 ], [ 73.586173132838326, 39.252793306417296 ], [ 73.587064082196036, 39.25363969044119 ], [ 73.588521746290908, 39.254942725792617 ], [ 73.593133467108174, 39.259594698617981 ], [ 73.595319819202771, 39.262217240819652 ], [ 73.597811861058233, 39.265539614602744 ], [ 73.599027439527489, 39.266270183832738 ], [ 73.599795957548793, 39.266143029010713 ], [ 73.603202621266476, 39.266053324835099 ], [ 73.60465115286091, 39.265975562911514 ], [ 73.606643949354179, 39.265994365380429 ], [ 73.608528369455001, 39.266106779895871 ], [ 73.608748585425872, 39.2656708320756 ], [ 73.609173714310842, 39.264284770671722 ], [ 73.6090095710653, 39.262427976277706 ], [ 73.608205261604837, 39.260983060466607 ], [ 73.607688139275524, 39.260448493461332 ], [ 73.607469526308591, 39.259975784805398 ], [ 73.607403348202212, 39.259622207871089 ], [ 73.607711092570796, 39.259331257760806 ], [ 73.608240276771113, 39.25927780700718 ], [ 73.609819189640248, 39.259647671836362 ], [ 73.61140907275913, 39.259963658637687 ], [ 73.612777654749976, 39.260041279503561 ], [ 73.613467068355249, 39.259756673843718 ], [ 73.614089849358038, 39.259059406815396 ], [ 73.61478485363358, 39.258598388610402 ], [ 73.615250723248906, 39.258134234502201 ], [ 73.615707377562899, 39.258022891930821 ], [ 73.616393750711836, 39.258032278044283 ], [ 73.616617275268197, 39.258211811967456 ], [ 73.616529022428594, 39.258857590122048 ], [ 73.616045540665326, 39.260086173338145 ], [ 73.615799183960846, 39.261023873244547 ], [ 73.615863416713069, 39.261554132403752 ], [ 73.616697114957816, 39.26180081266363 ], [ 73.617607662918161, 39.261813318976699 ], [ 73.618453364616045, 39.261471967059471 ], [ 73.61923179992921, 39.260600348883578 ], [ 73.619931975435904, 39.259786485765638 ], [ 73.620851682335228, 39.259446156550652 ], [ 73.622225250111853, 39.259229655993195 ], [ 73.623519180205932, 39.259188507858994 ], [ 73.624803749892664, 39.259558961849237 ], [ 73.625936859040792, 39.260044931473828 ], [ 73.626693917349172, 39.260172897908845 ], [ 73.627303657007147, 39.260063580244584 ], [ 73.627619557933116, 39.259538501381314 ], [ 73.627863369268709, 39.258718376851427 ], [ 73.62833372643253, 39.258077763412736 ], [ 73.62902505742241, 39.257793063909396 ], [ 73.630089645359888, 39.257807541322599 ], [ 73.630317771412336, 39.257810643807069 ], [ 73.631302751256385, 39.258000481669235 ], [ 73.631682959757384, 39.258005646001422 ], [ 73.63214396472344, 39.257776632125122 ], [ 73.632605152652744, 39.257488814409967 ], [ 73.633080206543141, 39.256612970751675 ], [ 73.633403544764988, 39.255617456945401 ], [ 73.633650459015882, 39.25473851627963 ], [ 73.633885877456635, 39.25432999311937 ], [ 73.633963103403417, 39.254272222801511 ], [ 73.634040141729329, 39.254273254416262 ], [ 73.634417959093852, 39.254396013484801 ], [ 73.634939932806233, 39.254814845862526 ], [ 73.63529998058543, 39.255819636947983 ], [ 73.63580719850458, 39.257120502610697 ], [ 73.636311248779194, 39.258480165868065 ], [ 73.636817317871461, 39.259839826968516 ], [ 73.637247730018444, 39.261080854567936 ], [ 73.637833614698309, 39.262206330638392 ], [ 73.638649846502005, 39.263276088344639 ], [ 73.639400689841665, 39.263815589470916 ], [ 73.640461826142641, 39.26400638202449 ], [ 73.641983164988261, 39.263909308209222 ], [ 73.643209019538645, 39.263572903097419 ], [ 73.644823702703363, 39.262712385011 ], [ 73.646134156079384, 39.261847750986263 ], [ 73.646527324507147, 39.261206038142625 ], [ 73.646619832273018, 39.260383823445139 ], [ 73.646491436676683, 39.259146922245272 ], [ 73.64613338715796, 39.258083358701263 ], [ 73.645323983059384, 39.256719640256456 ], [ 73.644737020697249, 39.255594197289867 ], [ 73.644147718475949, 39.254586358210993 ], [ 73.643330965428078, 39.253693046744253 ], [ 73.642513771213686, 39.252623320827055 ], [ 73.641476032225626, 39.251374105193115 ], [ 73.640581676243471, 39.250362144060993 ], [ 73.640069150168998, 39.24947291694221 ], [ 73.639710243405631, 39.248409334435621 ], [ 73.639651926545099, 39.247526266764453 ], [ 73.639969221344003, 39.246824744142124 ], [ 73.640511056473272, 39.24630270902621 ], [ 73.641507342073197, 39.246022040495824 ], [ 73.642804557844698, 39.24580426433662 ], [ 73.644475204549948, 39.245826806645027 ], [ 73.645457706902661, 39.246134129819623 ], [ 73.646439867246201, 39.246559051868161 ], [ 73.646954454381586, 39.247448252301766 ], [ 73.647083369132787, 39.24850874580271 ], [ 73.646685228285889, 39.249503279676404 ], [ 73.646358756277323, 39.250616442222771 ], [ 73.646721475816989, 39.251444794162779 ], [ 73.647553170216412, 39.251691251952487 ], [ 73.649611003969127, 39.251424819388561 ], [ 73.651673162640691, 39.251040745156722 ], [ 73.652887558453287, 39.251115854813605 ], [ 73.65447378184723, 39.25166646364071 ], [ 73.655903286015956, 39.252450229293785 ], [ 73.658093202384762, 39.25324413448692 ], [ 73.660215115201282, 39.253684166590176 ], [ 73.6632556524211, 39.253724686126716 ], [ 73.666223474840606, 39.253646510117896 ], [ 73.66698717649264, 39.253539000866994 ], [ 73.668363969742089, 39.253145542710641 ], [ 73.669815628319967, 39.252811879093905 ], [ 73.670887088361226, 39.252473162525128 ], [ 73.671048250538064, 39.252063552407471 ], [ 73.670754498009956, 39.251530296061716 ], [ 73.669701550431142, 39.250928158386635 ], [ 73.668193883231396, 39.250143550620614 ], [ 73.664813926845412, 39.248039996339088 ], [ 73.663683728961288, 39.247554402145049 ], [ 73.661793396024322, 39.246999868045066 ], [ 73.660055155107244, 39.246447332739436 ], [ 73.659226974239829, 39.24602455402237 ], [ 73.658937162005117, 39.245197251267768 ], [ 73.658809236525784, 39.244077964782448 ], [ 73.658907728104367, 39.242844113739629 ], [ 73.659461708473899, 39.24185156046952 ], [ 73.66054118963801, 39.241101314759966 ], [ 73.662295731320867, 39.240771794085376 ], [ 73.664729517863151, 39.240804165436593 ], [ 73.667157673758268, 39.241071700029437 ], [ 73.668753042622001, 39.241151685018501 ], [ 73.669588164125315, 39.241221576054642 ], [ 73.670120339337458, 39.241228627299272 ], [ 73.67043137197436, 39.240879835387901 ], [ 73.670521257511254, 39.240175201972733 ], [ 73.670399551606408, 39.238526692489273 ], [ 73.670335080072476, 39.237937649817404 ], [ 73.670582467365094, 39.237058619529364 ], [ 73.671046672920582, 39.236653036992003 ], [ 73.671818413544159, 39.236075065406979 ], [ 73.672364390073923, 39.235376463705407 ], [ 73.672450789625699, 39.234848237147268 ], [ 73.67208453830203, 39.23413756808052 ], [ 73.671413073368583, 39.233481674221643 ], [ 73.670053166048632, 39.232934320256525 ], [ 73.668160542445094, 39.232615108635073 ], [ 73.666261463545041, 39.232472275538399 ], [ 73.664135187657578, 39.232385182481245 ], [ 73.662085093968145, 39.232240260616685 ], [ 73.660112186966657, 39.232037511845085 ], [ 73.658365173642309, 39.231896578783136 ], [ 73.656547650870266, 39.231578192569899 ], [ 73.654581788777335, 39.23102253183319 ], [ 73.652621807759303, 39.230172824883923 ], [ 73.651119457446583, 39.229152791584426 ], [ 73.650304070884999, 39.228200726268696 ], [ 73.650237431812144, 39.227729282139123 ], [ 73.650551011931512, 39.227204132899672 ], [ 73.651317131951714, 39.226861510477633 ], [ 73.652687297590205, 39.226879849778193 ], [ 73.655711665418579, 39.227626184252699 ], [ 73.657909806003573, 39.228067263535067 ], [ 73.66108979306739, 39.228639079938894 ], [ 73.663140620302656, 39.228842822778375 ], [ 73.664512308761985, 39.228684612592808 ], [ 73.665507731817229, 39.228227149862754 ], [ 73.666207772285205, 39.227528415764596 ], [ 73.667216798305333, 39.226479852086825 ], [ 73.667465854364949, 39.225363329262748 ], [ 73.667409387711487, 39.224419907713397 ], [ 73.667119263977071, 39.223709402153702 ], [ 73.666969723540234, 39.223530870246812 ], [ 73.666240899486141, 39.223378780534574 ], [ 73.66039538292425, 39.22242916670902 ], [ 73.656621371194589, 39.221944434838456 ], [ 73.656453929410105, 39.220912878033189 ], [ 73.657241025821804, 39.219304010857201 ], [ 73.659937247203956, 39.216687535649847 ], [ 73.659599297497422, 39.214624428353133 ], [ 73.659237983805042, 39.213737751000849 ], [ 73.658801254014136, 39.21371134343422 ], [ 73.658207104704587, 39.213056080666028 ], [ 73.657154822379056, 39.212454256161486 ], [ 73.655648925851082, 39.211729138189597 ], [ 73.653527089155091, 39.211350134666496 ], [ 73.651097435070326, 39.211261967732753 ], [ 73.649811399064234, 39.210951868545273 ], [ 73.649439643802566, 39.210534940877764 ], [ 73.649297391592626, 39.209944038124121 ], [ 73.649305604514197, 39.209531688892227 ], [ 73.649387118725627, 39.209355884687859 ], [ 73.649996229372917, 39.209304305090221 ], [ 73.651283582908775, 39.209496588968655 ], [ 73.652419958221046, 39.209687028401234 ], [ 73.653787826995227, 39.209703476012642 ], [ 73.65546551178241, 39.209429023665422 ], [ 73.657068191816649, 39.209153632521044 ], [ 73.658666361561572, 39.20905494348213 ], [ 73.660338191299076, 39.209074955815339 ], [ 73.660793143066755, 39.209080408309987 ], [ 73.661404095638645, 39.209202998913824 ], [ 73.662733719837547, 39.208777041215583 ], [ 73.66351316500176, 39.207609287549559 ], [ 73.663907954090107, 39.2067312987013 ], [ 73.663733861654123, 39.205993857407336 ], [ 73.662799880813935, 39.205394789398483 ], [ 73.660356520833872, 39.20463127288459 ], [ 73.65678468662702, 39.203560520909804 ], [ 73.656420659417478, 39.202820887672424 ], [ 73.657185135340967, 39.20238844720982 ], [ 73.658133820981902, 39.202105232079511 ], [ 73.660593040564464, 39.202133523407575 ], [ 73.664015639687548, 39.200996172432035 ], [ 73.666310846648415, 39.199698679757965 ], [ 73.670866516471563, 39.198721159816948 ], [ 73.672185806585219, 39.198883308984385 ], [ 73.673334695864213, 39.198160957838958 ], [ 73.673543835628379, 39.196986668942031 ], [ 73.672064265139454, 39.195351830108685 ], [ 73.666425656078601, 39.193522375344862 ], [ 73.664182006689742, 39.192319941803028 ], [ 73.66232277972729, 39.19068064628361 ], [ 73.661778142409375, 39.189497695285048 ], [ 73.661648030430911, 39.189126793330907 ], [ 73.661786612365844, 39.188959791475106 ], [ 73.662111931551152, 39.188942456578935 ], [ 73.663109603888898, 39.189123109888392 ], [ 73.665095508644129, 39.189588323571321 ], [ 73.667453651946403, 39.190278740048889 ], [ 73.669148182216802, 39.191034792952877 ], [ 73.670742531345056, 39.192010417221752 ], [ 73.672525707291072, 39.192988270847493 ], [ 73.673457339739116, 39.193882405837918 ], [ 73.67608480001077, 39.196691561432267 ], [ 73.67689182669865, 39.197585369685839 ], [ 73.677335822185611, 39.198196580790501 ], [ 73.678031335166807, 39.199087878515193 ], [ 73.67865369093991, 39.199978331169262 ], [ 73.679348163810573, 39.200924802842863 ], [ 73.680444161222724, 39.202181159009541 ], [ 73.681088907095102, 39.202932287256758 ], [ 73.684585717911432, 39.1980855420532 ], [ 73.685039651148074, 39.197459442844824 ], [ 73.684269677158341, 39.196732890425309 ], [ 73.683077977812147, 39.195780588567303 ], [ 73.681992388609387, 39.195139919535279 ], [ 73.681739750551117, 39.194992139196138 ], [ 73.680189044089673, 39.194201157050259 ], [ 73.678851802592987, 39.193467856894507 ], [ 73.677513514150775, 39.192789721022486 ], [ 73.676319818397033, 39.191947712831812 ], [ 73.675201709236617, 39.190830630785612 ], [ 73.674720726713915, 39.189997026448033 ], [ 73.67452996454125, 39.188780524087775 ], [ 73.674623701885892, 39.187677753607851 ], [ 73.675353813770158, 39.18663774328099 ], [ 73.676227072229608, 39.185709773466748 ], [ 73.677027152478075, 39.184892866701553 ], [ 73.677397132894598, 39.184291878890669 ], [ 73.677783078815054, 39.182865625091999 ], [ 73.678033487393037, 39.181217619142885 ], [ 73.678283078525979, 39.179514593837766 ], [ 73.678521685940581, 39.178361744438824 ], [ 73.679047483963714, 39.177047199722331 ], [ 73.679565691425509, 39.176172790903188 ], [ 73.68057515783299, 39.175524323393859 ], [ 73.682008532353947, 39.175155959473045 ], [ 73.683359393516369, 39.175171868083176 ], [ 73.684067125445338, 39.175400303951427 ], [ 73.68497558903789, 39.176126404625229 ], [ 73.686439778533085, 39.176584153236234 ], [ 73.688665573501325, 39.177189586796821 ], [ 73.690581119223211, 39.177294045915879 ], [ 73.691912660823235, 39.177913664256678 ], [ 73.691911660823237, 39.177913664256678 ], [ 73.69324816231169, 39.178644690402173 ], [ 73.694660584612421, 39.179156460739016 ], [ 73.696003057556339, 39.179612365547463 ], [ 73.696993317981338, 39.17989906101284 ], [ 73.698193507128877, 39.180353283978924 ], [ 73.699537208199402, 39.180754132379903 ], [ 73.701031495059695, 39.180771489223694 ], [ 73.702601656097983, 39.180569580577838 ], [ 73.703537289905299, 39.180085141827455 ], [ 73.704262974665141, 39.179433166057208 ], [ 73.704422941805348, 39.178609541608097 ], [ 73.704233020906216, 39.177506704544875 ], [ 73.703471533526482, 39.176507308210873 ], [ 73.702283161004331, 39.17550295696806 ], [ 73.701018948797767, 39.174717841828461 ], [ 73.699612469894163, 39.173931059959166 ], [ 73.69961346989416, 39.173931059959166 ], [ 73.697375616183706, 39.172727440432936 ], [ 73.697179450056041, 39.1718132671013 ], [ 73.698381800779316, 39.170804857427839 ], [ 73.699630762394065, 39.170896766778043 ], [ 73.70102565608677, 39.171183829177075 ], [ 73.702269485792996, 39.171469133786992 ], [ 73.703520294395176, 39.1715223174754 ], [ 73.705019232187809, 39.171578382926917 ], [ 73.706465188612086, 39.171865959273696 ], [ 73.707557976298077, 39.172149474072114 ], [ 73.708357916564267, 39.172274772398154 ], [ 73.7088081530663, 39.172279969959085 ], [ 73.709259684683857, 39.172130426101205 ], [ 73.709669314177631, 39.171786879924795 ], [ 73.709783383535822, 39.171130392106825 ], [ 73.709699471262354, 39.170278171866684 ], [ 73.709317591149372, 39.169461174048735 ], [ 73.708928297177764, 39.168992338793522 ], [ 73.708287718255079, 39.168481928277657 ], [ 73.707745541081849, 39.168050039949506 ], [ 73.707553051627499, 39.167738251226844 ], [ 73.707659528413885, 39.167391244576166 ], [ 73.708014988800372, 39.167240548022647 ], [ 73.708767449060772, 39.167055788314535 ], [ 73.709875362317803, 39.166720321353367 ], [ 73.710686778520184, 39.166304014502614 ], [ 73.711196881022815, 39.165845560731391 ], [ 73.711507713945807, 39.165346115386669 ], [ 73.711628340866682, 39.164380144618448 ], [ 73.711495392041897, 39.163527348830542 ], [ 73.711113350086208, 39.162671671824789 ], [ 73.7105855552593, 39.161659523365088 ], [ 73.710351115356559, 39.160921627442136 ], [ 73.71016834776151, 39.160106938372749 ], [ 73.710173761998647, 39.15975877387234 ], [ 73.710805441938135, 39.15833435018606 ], [ 73.711211160999, 39.158029480843126 ], [ 73.711913208069333, 39.157998860912052 ], [ 73.712561125875212, 39.158161086359392 ], [ 73.712909238158787, 39.158165116242152 ], [ 73.713957112366742, 39.158293250902858 ], [ 73.714854480149526, 39.158535707465632 ], [ 73.71594381377345, 39.158973881580586 ], [ 73.717183754322946, 39.159529818943355 ], [ 73.718619505715168, 39.160242776572083 ], [ 73.720460523370875, 39.160766871017131 ], [ 73.721808563420765, 39.160898370669294 ], [ 73.722914684426485, 39.160640148244291 ], [ 73.724127364288549, 39.160073573777112 ], [ 73.724687983684291, 39.159538259071368 ], [ 73.725001324190941, 39.158961403523612 ], [ 73.725109148870246, 39.158498322297675 ], [ 73.725073182283126, 39.157878788393198 ], [ 73.724884724115384, 39.157373601403378 ], [ 73.724594420763282, 39.15690595668304 ], [ 73.72410306099782, 39.156436028564336 ], [ 73.723313434400978, 39.155923988951088 ], [ 73.722473989668032, 39.155450057990997 ], [ 73.720933358077801, 39.154968113195537 ], [ 73.719386197401562, 39.154795632105554 ], [ 73.717541422909576, 39.154503632725778 ], [ 73.715899999083106, 39.154059160845172 ], [ 73.714561780379398, 39.153424691318534 ], [ 73.71368638331532, 39.152292477589242 ], [ 73.713449475832604, 39.15167064040515 ], [ 73.713165025183429, 39.150932174288336 ], [ 73.712681826714558, 39.150036665006482 ], [ 73.712200174884657, 39.149257209726123 ], [ 73.711563682054546, 39.148514708561947 ], [ 73.710839241875604, 39.147345518228576 ], [ 73.710217955120527, 39.145984050621664 ], [ 73.70989278978108, 39.144858148618013 ], [ 73.709906794432513, 39.144200504687817 ], [ 73.715069561465199, 39.142495497658828 ], [ 73.716699558808301, 39.142175921970264 ], [ 73.718900791165296, 39.141524546071409 ], [ 73.720783651077042, 39.141014507214827 ], [ 73.722355177301196, 39.140597503361668 ], [ 73.723795682450628, 39.140420638048944 ], [ 73.724795955101058, 39.140383720321104 ], [ 73.725671301716432, 39.140393685186936 ], [ 73.726795462229617, 39.140406490095863 ], [ 73.727787426005051, 39.140611536536738 ], [ 73.728467685630122, 39.1408621392846 ], [ 73.729487666906195, 39.141528858832821 ], [ 73.729670820746406, 39.142134378497225 ], [ 73.72974199220549, 39.143266215686161 ], [ 73.729921989059221, 39.144022473990816 ], [ 73.729319820539388, 39.145148311174282 ], [ 73.723722686876243, 39.152089454640674 ], [ 73.724579562098384, 39.153003908158134 ], [ 73.725539077587086, 39.153768723337464 ], [ 73.727175538460799, 39.15469203948728 ], [ 73.729097294405321, 39.155546473098575 ], [ 73.730639610174734, 39.156019144157767 ], [ 73.732088760803308, 39.156264408102558 ], [ 73.733833017346797, 39.156211995898346 ], [ 73.734916983759746, 39.155472310327667 ], [ 73.736007961720972, 39.154205019188076 ], [ 73.737018579148184, 39.152333479547778 ], [ 73.737925497829906, 39.15068677188497 ], [ 73.738437988872732, 39.149261085308417 ], [ 73.738573090816502, 39.147528829390332 ], [ 73.739189174748745, 39.145878297298971 ], [ 73.739793796441035, 39.144679984571027 ], [ 73.739995906389211, 39.144381040081747 ], [ 73.740310016165196, 39.142070511076568 ], [ 73.739135109262307, 39.138017738484393 ], [ 73.738958454685473, 39.136399769827399 ], [ 73.739213936283917, 39.133655286506908 ], [ 73.741527791169815, 39.131902664067383 ], [ 73.744643689055522, 39.131774665703453 ], [ 73.747527203813263, 39.132936936593381 ], [ 73.747479525329993, 39.135683676091141 ], [ 73.746179180538675, 39.138740166121835 ], [ 73.745298585012875, 39.141639535511189 ], [ 73.745264155021573, 39.143578404602167 ], [ 73.745717426295968, 39.14438426358835 ], [ 73.746270131086533, 39.145366872942795 ], [ 73.74871530194973, 39.147817234224298 ], [ 73.750733312572777, 39.151070957492578 ], [ 73.751273046193091, 39.155763236784807 ], [ 73.751853827600897, 39.158193495334281 ], [ 73.752861170322021, 39.159981908465504 ], [ 73.754701491337812, 39.161456045933875 ], [ 73.756966696625497, 39.162611441037704 ], [ 73.759440381769593, 39.163607431455951 ], [ 73.762531999923169, 39.164771559268814 ], [ 73.763771739158017, 39.165107929737076 ], [ 73.763920468578974, 39.165263673454994 ], [ 73.765405863249498, 39.165689694750583 ], [ 73.767483040356211, 39.166472037513074 ], [ 73.769637189841262, 39.167197195150393 ], [ 73.771941049115156, 39.167866124567972 ], [ 73.773873805010979, 39.168355896270356 ], [ 73.774845244708629, 39.168426446091871 ], [ 73.775678036706267, 39.167913992050956 ], [ 73.776216588802257, 39.167165277618594 ], [ 73.776979345816443, 39.166419422973092 ], [ 73.777809919314379, 39.165965062169498 ], [ 73.778633214307646, 39.16591745344698 ], [ 73.779753103210638, 39.165989870945864 ], [ 73.780193094598317, 39.166460458537372 ], [ 73.780475901278109, 39.167161570692961 ], [ 73.780607692507274, 39.168035103545257 ], [ 73.780882719781374, 39.16931730096654 ], [ 73.781119598116703, 39.169703976657495 ], [ 73.781823727459539, 39.170840503145072 ], [ 73.782765953502292, 39.172305588667371 ], [ 73.783409586716274, 39.173650646650813 ], [ 73.784056066510658, 39.175053810449903 ], [ 73.784693869265269, 39.176689401299001 ], [ 73.785962632991883, 39.180599768156029 ], [ 73.78777865766655, 39.183238378065653 ], [ 73.788133663541402, 39.184172855720853 ], [ 73.788631331914473, 39.185399771400071 ], [ 73.789207295723472, 39.186453307375423 ], [ 73.789939234971783, 39.187394291748681 ], [ 73.790824419647535, 39.188046367721761 ], [ 73.791553751435046, 39.188929529849325 ], [ 73.791911112853313, 39.189924446740505 ], [ 73.792493120369883, 39.190689217348677 ], [ 73.793457470170623, 39.19110923632644 ], [ 73.795547483231161, 39.19142692606259 ], [ 73.796664641284153, 39.191674068566066 ], [ 73.797325804091912, 39.192206772904051 ], [ 73.797687666168613, 39.192910443737588 ], [ 73.797825233520427, 39.193611283408231 ], [ 73.797438420652611, 39.194305523410868 ], [ 73.797127532719742, 39.194884214311962 ], [ 73.7968079851846, 39.195928871846675 ], [ 73.796649627227282, 39.196509445553126 ], [ 73.796779779354722, 39.197501517297951 ], [ 73.79736490092796, 39.198266264317866 ], [ 73.798034615240184, 39.198449490571029 ], [ 73.79946070107232, 39.198176162542374 ], [ 73.801045026047831, 39.197380482451429 ], [ 73.802627083008701, 39.196759518874039 ], [ 73.804353278161472, 39.196431642736364 ], [ 73.806147859892548, 39.196395908360628 ], [ 73.80763784590377, 39.196764127018376 ], [ 73.808524310092807, 39.197416074035765 ], [ 73.809173759669648, 39.198647671439453 ], [ 73.809754741388758, 39.19964534316523 ], [ 73.810707544667565, 39.200705933219112 ], [ 73.811818488046569, 39.201302411502851 ], [ 73.812937997141361, 39.201432909436981 ], [ 73.813839725813764, 39.201094624638714 ], [ 73.814823553464379, 39.200466033638008 ], [ 73.816486602009547, 39.199612825651165 ], [ 73.818068578907159, 39.198991651271641 ], [ 73.819645340631752, 39.198545194761259 ], [ 73.820999698418163, 39.198154181190368 ], [ 73.8222077413932, 39.197528309343156 ], [ 73.822811224009939, 39.197244490411443 ], [ 73.824169837778442, 39.196562204968444 ], [ 73.824932316966368, 39.195814251617264 ], [ 73.825019844657973, 39.195057969786049 ], [ 73.824877712359822, 39.194648390330144 ], [ 73.824057304771117, 39.194579960415602 ], [ 73.821960575148097, 39.194728755163091 ], [ 73.818885573660495, 39.195098422386032 ], [ 73.816639212143372, 39.195303508285193 ], [ 73.815068971161509, 39.195342200059699 ], [ 73.813277759778174, 39.195086836906782 ], [ 73.811718214800763, 39.194543017118939 ], [ 73.810385283520873, 39.193768993559004 ], [ 73.809133435643105, 39.19276290782414 ], [ 73.807733232810591, 39.191638440618632 ], [ 73.806632138277948, 39.190517707676172 ], [ 73.806057641216739, 39.189228785674317 ], [ 73.806003353915273, 39.188062919328715 ], [ 73.806841908662292, 39.187141284951586 ], [ 73.808127260545533, 39.186459129545952 ], [ 73.809553643322701, 39.186128245318947 ], [ 73.810896703909265, 39.186377498439164 ], [ 73.812829094433582, 39.186983096201949 ], [ 73.814691727627363, 39.187355886943877 ], [ 73.815589934742306, 39.187308818752875 ], [ 73.816494537926232, 39.186912274997617 ], [ 73.817405613674623, 39.18616801816281 ], [ 73.817645834572943, 39.185415389497798 ], [ 73.817367637065956, 39.184307598186621 ], [ 73.816636004354208, 39.183542879724037 ], [ 73.815528452038421, 39.182831613857253 ], [ 73.813677972956683, 39.181878581638919 ], [ 73.811821927885958, 39.181157960207628 ], [ 73.807363423808482, 39.179707267032768 ], [ 73.805810671013646, 39.178932184347033 ], [ 73.804035338067877, 39.177921831713171 ], [ 73.802341453877474, 39.176679955594935 ], [ 73.800943619906008, 39.175441817373056 ], [ 73.799843335388971, 39.1743817521766 ], [ 73.798893742495508, 39.173265450685605 ], [ 73.797795851487024, 39.172089149662582 ], [ 73.796443183118996, 39.171057020621127 ], [ 73.794551118536333, 39.169955739315178 ], [ 73.7924773759609, 39.16888332992437 ], [ 73.790177794966638, 39.168040479124983 ], [ 73.788249790250475, 39.16726043114565 ], [ 73.78714178219191, 39.166548901957704 ], [ 73.785675204515215, 39.165135310797424 ], [ 73.785245231709325, 39.164316093324885 ], [ 73.785186948596149, 39.163501621898511 ], [ 73.785419727791421, 39.16298149408572 ], [ 73.786244987103331, 39.162933830957748 ], [ 73.78810532261727, 39.163306202110441 ], [ 73.790264279953064, 39.163798547011773 ], [ 73.791909641409575, 39.163761254046626 ], [ 73.793038858456868, 39.163368673227637 ], [ 73.793495786328577, 39.162851363765675 ], [ 73.793583035378447, 39.16232932848456 ], [ 73.793292275149611, 39.161918787641767 ], [ 73.792476048297729, 39.161617849741305 ], [ 73.790084572960524, 39.161587575322628 ], [ 73.7879153029196, 39.161560097619393 ], [ 73.786053663701566, 39.161303943066784 ], [ 73.784637612448648, 39.160995351698638 ], [ 73.78308081592931, 39.160452409221854 ], [ 73.781601843392735, 39.159561744539587 ], [ 73.779977446867193, 39.158669156814483 ], [ 73.779241941906463, 39.158078536345108 ], [ 73.77910546253716, 39.15743743631635 ], [ 73.779933555196195, 39.157099274297074 ], [ 73.782401776087653, 39.157072597160514 ], [ 73.785161209653666, 39.157282102515673 ], [ 73.787991526243317, 39.157783032247728 ], [ 73.79074681428736, 39.158399168733922 ], [ 73.793503656234236, 39.158840911750936 ], [ 73.798368146810304, 39.158553555774532 ], [ 73.799788027373282, 39.158571433843349 ], [ 73.80158188438584, 39.158477776196221 ], [ 73.802637398470665, 39.158026050237872 ], [ 73.802806262884175, 39.15715629279709 ], [ 73.802369656980886, 39.156511460702333 ], [ 73.801706227858404, 39.156096245907996 ], [ 73.800596929767096, 39.155501061395093 ], [ 73.799341685321565, 39.154729657107474 ], [ 73.798238247990213, 39.153843905802006 ], [ 73.79765591175277, 39.152964738161309 ], [ 73.797531916651423, 39.151742564825049 ], [ 73.797555404880285, 39.15058016777558 ], [ 73.798249476899755, 39.149309686364205 ], [ 73.799084757551597, 39.148680444168157 ], [ 73.801111392314013, 39.148124075556666 ], [ 73.803197427291025, 39.148324244042051 ], [ 73.804689332208198, 39.148458894986042 ], [ 73.805139444669805, 39.148348154268746 ], [ 73.805295399633238, 39.147943103477232 ], [ 73.805006521964827, 39.147474410399312 ], [ 73.803595949021599, 39.146933793512439 ], [ 73.801661351541014, 39.146677347922065 ], [ 73.798600597328914, 39.146639538193497 ], [ 73.796277770075733, 39.146959657277463 ], [ 73.795528841260591, 39.147182915647079 ], [ 73.794399337651797, 39.147575921369061 ], [ 73.793265710884569, 39.148317539919503 ], [ 73.792203275978025, 39.14911783493411 ], [ 73.791149170550852, 39.149453250842306 ], [ 73.789884432740138, 39.149262835487875 ], [ 73.787578652284168, 39.148710485020835 ], [ 73.7848153686638, 39.148559151379196 ], [ 73.782871482746884, 39.148592544061536 ], [ 73.780473387006666, 39.148910732004325 ], [ 73.778748751249779, 39.149237455342281 ], [ 73.777475147795172, 39.149337450602687 ], [ 73.776359073738632, 39.149090689315543 ], [ 73.775483536110428, 39.148091377953875 ], [ 73.774607207276759, 39.147033948602513 ], [ 73.773721252411391, 39.146499492756604 ], [ 73.772530330916823, 39.146309847515028 ], [ 73.770510604516531, 39.14640018605224 ], [ 73.767957533187982, 39.146890523396067 ], [ 73.765635151646791, 39.147209364663986 ], [ 73.764709195002183, 39.147179904389304 ], [ 73.763462277825397, 39.147328269779763 ], [ 73.761387126613826, 39.147306223045675 ], [ 73.758273404027804, 39.147273085940029 ], [ 73.755164533157043, 39.147078291502091 ], [ 73.752694338347055, 39.145920643807969 ], [ 73.75256573037403, 39.145550283598396 ], [ 73.751925014710451, 39.145033769478772 ], [ 73.750740437337853, 39.143639068791273 ], [ 73.750072728254736, 39.142312969610728 ], [ 73.749799961310515, 39.141874127234587 ], [ 73.750025438496877, 39.141169652714275 ], [ 73.750881776349402, 39.140310166446966 ], [ 73.752225312978865, 39.139620238927883 ], [ 73.753705211705778, 39.139149709112075 ], [ 73.755173990514962, 39.139168766614652 ], [ 73.757194339489146, 39.139630256133756 ], [ 73.758868481858542, 39.139869584934566 ], [ 73.760409457019691, 39.13978068106897 ], [ 73.761605421258082, 39.139360835910047 ], [ 73.762737897522086, 39.138722474774674 ], [ 73.764359707349044, 39.13819921379141 ], [ 73.76646596839349, 39.137736633465103 ], [ 73.768153444309263, 39.137323019695785 ], [ 73.769565476820745, 39.136742588219391 ], [ 73.770346922053889, 39.136208460045033 ], [ 73.770569175957405, 39.135503943955911 ], [ 73.770446843554637, 39.13474053533475 ], [ 73.769965053973195, 39.134353445955405 ], [ 73.768148904605582, 39.134221280635039 ], [ 73.766047557223743, 39.134303087546492 ], [ 73.764370062184057, 39.134281467042172 ], [ 73.763881732276616, 39.134166353606119 ], [ 73.763538625255663, 39.133889842113739 ], [ 73.763617603180876, 39.13340113763914 ], [ 73.764256953270731, 39.132974047107247 ], [ 73.765664584897635, 39.132556863783961 ], [ 73.766718071799716, 39.132352765753986 ], [ 73.767988034489036, 39.131824950911415 ], [ 73.768702947179776, 39.13107232939241 ], [ 73.769072621840493, 39.130097609373166 ], [ 73.769643310353729, 39.129506387020228 ], [ 73.770277988675616, 39.129242389823553 ], [ 73.771533623657078, 39.129312660476408 ], [ 73.772856897310575, 39.129655883412205 ], [ 73.774384665221831, 39.130164982773351 ], [ 73.775845760849307, 39.130455511793137 ], [ 73.776965809770388, 39.130360713681817 ], [ 73.777669750451466, 39.130097391686085 ], [ 73.778720920941836, 39.130001701919625 ], [ 73.779204814896929, 39.130279921471171 ], [ 73.780238325675398, 39.131054903103582 ], [ 73.78313152032942, 39.133159498256035 ], [ 73.783687368011869, 39.133384157287537 ], [ 73.784593716358998, 39.133449921162672 ], [ 73.785299697124273, 39.133132134913261 ], [ 73.785592645332002, 39.132482608520291 ], [ 73.785329784198737, 39.131554014359928 ], [ 73.784649725671727, 39.130565767798437 ], [ 73.783901932755143, 39.129413391540822 ], [ 73.78371508830746, 39.128322414121605 ], [ 73.783875635702771, 39.127181381927905 ], [ 73.784319388136709, 39.126598596965017 ], [ 73.785592910920784, 39.125134432762628 ], [ 73.786035958765495, 39.123888047436566 ], [ 73.786197530011179, 39.122638175782598 ], [ 73.786357949101046, 39.121605975135637 ], [ 73.786098149608847, 39.12062296299824 ], [ 73.784997972744634, 39.119683907939176 ], [ 73.783337898343134, 39.118792278161969 ], [ 73.782415262466728, 39.118346033546736 ], [ 73.780913602723004, 39.117618917821922 ], [ 73.780150305815241, 39.117391626094602 ], [ 73.777093168586987, 39.116482400752986 ], [ 73.776801405812606, 39.11620976750666 ], [ 73.776064650377265, 39.115970535152869 ], [ 73.774876239703531, 39.115958045819532 ], [ 73.773241173714027, 39.115940852621101 ], [ 73.771601080671559, 39.116270783441927 ], [ 73.770101473338414, 39.117065121415003 ], [ 73.768007614407793, 39.117853158023387 ], [ 73.765475099789924, 39.118289288475161 ], [ 73.763095184316725, 39.118379794244532 ], [ 73.76101742733961, 39.118241982665573 ], [ 73.758491986953516, 39.118215101662727 ], [ 73.754929698807487, 39.118061342450012 ], [ 73.751964730305332, 39.11768241208749 ], [ 73.749447499027312, 39.117192475925407 ], [ 73.747528611335824, 39.116477446294077 ], [ 73.746653762746817, 39.115426432389697 ], [ 73.746377123818064, 39.114381806424717 ], [ 73.746515277260769, 39.112857422160694 ], [ 73.747180323792648, 39.112407592228173 ], [ 73.748303615013683, 39.111912803444142 ], [ 73.749750307349501, 39.111523645852095 ], [ 73.751323794159504, 39.111339919992176 ], [ 73.753225237477352, 39.111058451064807 ], [ 73.754994900273303, 39.110928123029595 ], [ 73.756634748036774, 39.110694212125082 ], [ 73.758145756702689, 39.110254835220346 ], [ 73.75966568944061, 39.109560710176787 ], [ 73.760788267927609, 39.109014423352754 ], [ 73.761583833986464, 39.108362087907636 ], [ 73.761925610659702, 39.107602051383481 ], [ 73.76193649445328, 39.107143543282234 ], [ 73.761750192864881, 39.106631601799506 ], [ 73.761231996363591, 39.106370238842487 ], [ 73.760510713300363, 39.106463001834854 ], [ 73.759581363861486, 39.10706272418458 ], [ 73.758323083742937, 39.10791301128755 ], [ 73.757203487870385, 39.108357383746693 ], [ 73.756545572996728, 39.108450954055996 ], [ 73.754981099696849, 39.108227189232352 ], [ 73.753288833472112, 39.107848899889966 ], [ 73.751917564594351, 39.107627595372925 ], [ 73.75060971409205, 39.107610894098556 ], [ 73.749429665834995, 39.107799630152641 ], [ 73.748180229445438, 39.108191297517024 ], [ 73.746929776623404, 39.108582951183188 ], [ 73.744625605161104, 39.109317674865082 ], [ 73.743964747107555, 39.109614703467194 ], [ 73.743038900117156, 39.110061093554336 ], [ 73.741707615181426, 39.111113489555883 ], [ 73.74108512088921, 39.111084148469914 ], [ 73.739587292967499, 39.111878090699264 ], [ 73.7363069873971, 39.112536980123487 ], [ 73.733185528467629, 39.112618821366937 ], [ 73.730367382049536, 39.112356675832267 ], [ 73.728143502153117, 39.111985234826115 ], [ 73.726373430793657, 39.111387197275185 ], [ 73.724899554311222, 39.110676668937778 ], [ 73.724019765510903, 39.110088346648602 ], [ 73.72402602605959, 39.109741205679065 ], [ 73.724477996081717, 39.109007652791647 ], [ 73.724981809302662, 39.108504401635535 ], [ 73.725901537443903, 39.107815002038279 ], [ 73.727151980238744, 39.106938510432656 ], [ 73.728401877908766, 39.106126003395275 ], [ 73.730129469146021, 39.105576162510097 ], [ 73.733409463627822, 39.105173953754715 ], [ 73.736857210375405, 39.104519360464494 ], [ 73.737931107763956, 39.10389721047229 ], [ 73.738761931554833, 39.103207909039597 ], [ 73.739598152000525, 39.102327620302596 ], [ 73.740027778744761, 39.101251182929204 ], [ 73.740134491628339, 39.099979655290809 ], [ 73.740161295042157, 39.098516188438829 ], [ 73.740194601189486, 39.096925463655296 ], [ 73.740060616277248, 39.095460941573656 ], [ 73.739785708783941, 39.092852608971405 ], [ 73.740136603872244, 39.091777048326122 ], [ 73.740889135331912, 39.090833767559857 ], [ 73.741885678758436, 39.090084175491114 ], [ 73.742462170130437, 39.089900969475423 ], [ 73.743281923102657, 39.089657391183692 ], [ 73.744681459088469, 39.089167075209566 ], [ 73.746323927943251, 39.088679878586099 ], [ 73.746985655485247, 39.088370667310762 ], [ 73.747155780682633, 39.087991662841517 ], [ 73.746840608140587, 39.087479357160113 ], [ 73.745869247147411, 39.086958681616636 ], [ 73.744081804657696, 39.086554559452523 ], [ 73.742861304845405, 39.086284779085688 ], [ 73.742216655750923, 39.085958812077976 ], [ 73.741531687377332, 39.086089808505605 ], [ 73.740493337540812, 39.085962866181816 ], [ 73.738712497105638, 39.085943593760973 ], [ 73.737225567854807, 39.086043228842584 ], [ 73.736474873773574, 39.086498042128454 ], [ 73.735421059992177, 39.087181053483299 ], [ 73.733933029337308, 39.087396361349533 ], [ 73.732597626589694, 39.087381836222349 ], [ 73.729483584117759, 39.087000738624738 ], [ 73.720613941166235, 39.08482042292237 ], [ 73.715279048716368, 39.084183050470173 ], [ 73.712427041960936, 39.084322394090059 ], [ 73.712426041960939, 39.084322394090059 ], [ 73.712476737453684, 39.084550405429816 ], [ 73.712705350116025, 39.085980563108336 ], [ 73.713079357929772, 39.087578956686116 ], [ 73.713308341094674, 39.088950569015374 ], [ 73.71361332007848, 39.090552701878039 ], [ 73.71395825654092, 39.091277861155483 ], [ 73.719351267453789, 39.090535802589791 ], [ 73.721072162542114, 39.090266317774834 ] ] ] ] } },
{ "type": "Feature", "properties": { "ID": 577, "周长": 0.048272849827546933, "面积": 0.00011096358040493109, "FEATUREID": "YAAE002C1AJ430010020000051", "CHFCAC": "000051", "CODE": "", "GB": "73020", "HYDC": "", "TN": "", "NAME": "", "fill_color": 31232, "pattern": 851, "pattern_color": 2304, "_src_file": "LDLYAAE002.WP", "_src_id": 50 }, "geometry": { "type": "Polygon", "coordinates": [ [ [ 73.741978866372349, 39.296425969592519 ], [ 73.743043022001885, 39.296179476635416 ], [ 73.744163823080271, 39.295890368567868 ], [ 73.744952220529214, 39.295510414002635 ], [ 73.745686769793181, 39.295043130243911 ], [ 73.746593120299494, 39.294361397780101 ], [ 73.747666586216454, 39.293681759934294 ], [ 73.748680581038485, 39.293174653837738 ], [ 73.749741864438292, 39.293058030593492 ], [ 73.750463288638372, 39.293197060321191 ], [ 73.750682392424963, 39.293373101826319 ], [ 73.750728769322407, 39.293806903473538 ], [ 73.750600543446126, 39.294585089832353 ], [ 73.750753674611971, 39.295236844359543 ], [ 73.751084209289729, 39.295414283466094 ], [ 73.751529902088635, 39.295419879249387 ], [ 73.752259743335514, 39.29516910567655 ], [ 73.752935736537424, 39.294831009262879 ], [ 73.753394469444629, 39.294230252510488 ], [ 73.753747363041853, 39.29336823340973 ], [ 73.753984175321875, 39.292721370569353 ], [ 73.754108631512707, 39.292116422175162 ], [ 73.753950819346571, 39.291681224063531 ], [ 73.753406779585092, 39.291067894326559 ], [ 73.752472794211755, 39.290449674749453 ], [ 73.751534162401555, 39.290047995954481 ], [ 73.750202794529059, 39.289771344995792 ], [ 73.748759087081368, 39.289536586652162 ], [ 73.747320068474465, 39.289085260603002 ], [ 73.745880133865967, 39.288677227014333 ], [ 73.744216453044416, 39.28830967488355 ], [ 73.742609437275362, 39.287899492342291 ], [ 73.741001500045471, 39.287532597766486 ], [ 73.739171701413142, 39.287119550883574 ], [ 73.738336132207692, 39.287108969740792 ], [ 73.737719618377596, 39.287274447885736 ], [ 73.737542147030055, 39.287748742198559 ], [ 73.737473262046407, 39.288354378828586 ], [ 73.737287315770686, 39.289218463220934 ], [ 73.736993717217103, 39.28990789432622 ], [ 73.736536756440344, 39.290421965454911 ], [ 73.736244089055759, 39.291068082312343 ], [ 73.736003350394228, 39.291888148006286 ], [ 73.735988272839492, 39.292581108782507 ], [ 73.735973191865654, 39.293274071691009 ], [ 73.736178123474957, 39.294099788506003 ], [ 73.736773977533176, 39.294887141321787 ], [ 73.737651225980471, 39.295548091706706 ], [ 73.738643676702111, 39.296037206530919 ], [ 73.739918463810881, 39.296356596071604 ], [ 73.741031760535009, 39.296413999183642 ], [ 73.741978866372349, 39.296425969592519 ] ] ] } },
{ "type": "Feature", "properties": { "ID": 580, "周长": 0.019348091070808773, "面积": 2.4932831308818737e-05, "FEATUREID": "YAAE002C1AJ430010020000052", "CHFCAC": "000052", "CODE": "", "GB": "73020", "HYDC": "", "TN": "", "NAME": "", "fill_color": -32256, "pattern": 851, "pattern_color": 2304, "_src_file": "LDLYAAE002.WP", "_src_id": 51 }, "geometry": { "type": "Polygon", "coordinates": [ [ [ 73.762724074615477, 39.29313382147194 ], [ 73.76328765177665, 39.292837584796402 ], [ 73.763794591739313, 39.292583962704732 ], [ 73.764415721285943, 39.292201795010676 ], [ 73.764982982618662, 39.29173230646245 ], [ 73.765387731303008, 39.291044187229723 ], [ 73.76551301208977, 39.290395912318594 ], [ 73.76535790703791, 39.289830797567753 ], [ 73.764863012036088, 39.289521388560118 ], [ 73.764143447666811, 39.289295825335344 ], [ 73.763365404044592, 39.289199497766973 ], [ 73.762194636262265, 39.289228236618072 ], [ 73.760685920926662, 39.289426036805281 ], [ 73.759173481985641, 39.289797060318676 ], [ 73.758157752150694, 39.29039088270806 ], [ 73.757813288302231, 39.290863120702497 ], [ 73.757801211955737, 39.291426157372086 ], [ 73.757953473601432, 39.292121213876655 ], [ 73.758331363248956, 39.292689121945401 ], [ 73.759157722822764, 39.293132664672626 ], [ 73.760101077743116, 39.293317727675216 ], [ 73.761103855378337, 39.293330238730718 ], [ 73.762107561557343, 39.293299428691419 ], [ 73.762724074615477, 39.29313382147194 ] ] ] } },
{ "type": "Feature", "properties": { "ID": 581, "周长": 0.17255486618072402, "面积": 0.00056003632796050237, "FEATUREID": "YAAE002C1AJ430010020000053", "CHFCAC": "000053", "CODE": "", "GB": "73020", "HYDC": "", "TN": "", "NAME": "", "fill_color": -30208, "pattern": 851, "pattern_color": 2304, "_src_file": "LDLYAAE002.WP", "_src_id": 52 }, "geometry": { "type": "Polygon", "coordinates": [ [ [ 73.703672153107377, 39.291435968743826 ], [ 73.704080105814057, 39.290123875318827 ], [ 73.704353149956432, 39.2892003651164 ], [ 73.704440115156416, 39.288128068995825 ], [ 73.704403031837458, 39.286956579505883 ], [ 73.704049332186955, 39.28582978080189 ], [ 73.70331592886312, 39.284746850368442 ], [ 73.702327957768716, 39.283758194948 ], [ 73.70139877522945, 39.282965463284661 ], [ 73.697034906882294, 39.280517917074889 ], [ 73.696348421015401, 39.280167432883822 ], [ 73.695346440425524, 39.279812833210819 ], [ 73.694590324804295, 39.279754181393152 ], [ 73.693642726941761, 39.279790612527428 ], [ 73.69212503799325, 39.279917173567426 ], [ 73.690735732060787, 39.279947809787842 ], [ 73.690041625852601, 39.279938732080517 ], [ 73.68922788705656, 39.279635333779837 ], [ 73.688420726295718, 39.279039263963192 ], [ 73.687490665891687, 39.278295201221397 ], [ 73.686369140878213, 39.277646204915094 ], [ 73.685371634489357, 39.277096408691676 ], [ 73.684877825998257, 39.276602009375495 ], [ 73.684261124801893, 39.275959617290297 ], [ 73.683579655392478, 39.27536516404848 ], [ 73.682513671730661, 39.275009611329345 ], [ 73.681003168799066, 39.274794579976941 ], [ 73.678862671945538, 39.274522435455594 ], [ 73.677164817458049, 39.274207298577643 ], [ 73.675530070390764, 39.273892972003637 ], [ 73.673959392850577, 39.273530677864279 ], [ 73.672260624821433, 39.273264250719322 ], [ 73.670558034786467, 39.273192916580925 ], [ 73.667898463334396, 39.273645573320728 ], [ 73.666443439462043, 39.273821423291061 ], [ 73.66517480154755, 39.274146108637247 ], [ 73.664214885927919, 39.274816432198222 ], [ 73.66350573547372, 39.275538877304868 ], [ 73.662980939699793, 39.276410147169464 ], [ 73.66226683923496, 39.277278892739801 ], [ 73.661553834668908, 39.278098857158163 ], [ 73.660911711367532, 39.278578218664428 ], [ 73.66033713935802, 39.27886330991074 ], [ 73.6597670199194, 39.278953288514117 ], [ 73.659075160831051, 39.278846473790622 ], [ 73.657508859799123, 39.278337638537764 ], [ 73.656069891473621, 39.277781695006489 ], [ 73.65475490613197, 39.277324976574619 ], [ 73.653189788187021, 39.276767307986638 ], [ 73.651310333987198, 39.27615660975458 ], [ 73.649995411191085, 39.275699838498475 ], [ 73.648550945094414, 39.275387686486404 ], [ 73.647232490631424, 39.275077212732882 ], [ 73.645975462199061, 39.274816340177388 ], [ 73.644589324862991, 39.274700093249599 ], [ 73.643516709717403, 39.274685639973107 ], [ 73.642257744624985, 39.274522285242448 ], [ 73.638558707552406, 39.273301319491765 ], [ 73.637682272131599, 39.272947920556149 ], [ 73.637050357781916, 39.272988161063857 ], [ 73.636790123180603, 39.273374974447627 ], [ 73.636779315460046, 39.273911539042473 ], [ 73.637273261665669, 39.274454935811939 ], [ 73.640367652465443, 39.277180326357417 ], [ 73.641047056315202, 39.277823795429647 ], [ 73.64184477299095, 39.278810400648929 ], [ 73.642138848214188, 39.27974141513868 ], [ 73.642172638534618, 39.281010459601085 ], [ 73.642199668434614, 39.282572163650947 ], [ 73.642548975041677, 39.283845465562571 ], [ 73.643103379562305, 39.284438443911966 ], [ 73.643982323576225, 39.284645460004548 ], [ 73.64555991437912, 39.284666709131628 ], [ 73.647767420015086, 39.284745199347554 ], [ 73.649714659260596, 39.285161695501863 ], [ 73.651337435082297, 39.285964143501296 ], [ 73.652643595330659, 39.286811117664001 ], [ 73.653570030212194, 39.287701783858417 ], [ 73.654370274314758, 39.288590752211427 ], [ 73.655229169349099, 39.289675668022319 ], [ 73.656098155225408, 39.290321585975114 ], [ 73.656976096052801, 39.290577281812872 ], [ 73.658054534235049, 39.290347732118093 ], [ 73.65882747016451, 39.289674966400362 ], [ 73.659608196659633, 39.288660757225308 ], [ 73.660263802543284, 39.287596081694019 ], [ 73.660731183693272, 39.286480101151398 ], [ 73.661133216618012, 39.285460830261279 ], [ 73.661474364843002, 39.284343164718976 ], [ 73.661684838617276, 39.283418922552961 ], [ 73.662204137823181, 39.282791546817059 ], [ 73.662966930634425, 39.282557744317984 ], [ 73.663659942183585, 39.282615760194055 ], [ 73.664092761840763, 39.283011853314655 ], [ 73.664771326976634, 39.283703966584994 ], [ 73.665650330345414, 39.283910820030123 ], [ 73.666156266732244, 39.283868749553903 ], [ 73.667183684008037, 39.28310172545325 ], [ 73.667634279184952, 39.282717371678025 ], [ 73.669032514738177, 39.282296793860411 ], [ 73.670110788926635, 39.28206712929083 ], [ 73.67207690940667, 39.281654040542101 ], [ 73.674166999549072, 39.281340138273812 ], [ 73.676061146645964, 39.281316365336608 ], [ 73.677510273863305, 39.281433070942747 ], [ 73.679087815601534, 39.281453864620239 ], [ 73.680605556488715, 39.281327474550864 ], [ 73.682446494029946, 39.28086377021517 ], [ 73.683459410689537, 39.280730705447986 ], [ 73.684658329672018, 39.280746447836314 ], [ 73.685791957445801, 39.28085890672638 ], [ 73.686857003622521, 39.281214416845742 ], [ 73.687351953711186, 39.281660031306195 ], [ 73.68752810870339, 39.282247843662184 ], [ 73.688012114661944, 39.283181230786468 ], [ 73.688303534977123, 39.284258471494994 ], [ 73.68871898366703, 39.285434918694918 ], [ 73.689208500549839, 39.28612441444622 ], [ 73.689886251907794, 39.28686516025828 ], [ 73.69081644614819, 39.287609205098477 ], [ 73.692243876405925, 39.288701281189311 ], [ 73.69311101386856, 39.289444484542436 ], [ 73.69366698348702, 39.289988452524689 ], [ 73.694152213670421, 39.290873038253977 ], [ 73.694515599213091, 39.291560864744703 ], [ 73.694827880036684, 39.291711312457558 ], [ 73.695271841527713, 39.291619516813732 ], [ 73.695847475698073, 39.291285476177087 ], [ 73.696548232296735, 39.291001854757511 ], [ 73.696987828770403, 39.291105162621456 ], [ 73.697482912178927, 39.291550735514498 ], [ 73.698032401724888, 39.292387349786779 ], [ 73.698512256970545, 39.293515807617815 ], [ 73.698745117812138, 39.294397090811501 ], [ 73.699361022443583, 39.295088188363557 ], [ 73.699859411877341, 39.295387418310952 ], [ 73.700678815203744, 39.295446855688148 ], [ 73.701249019333218, 39.295356678286737 ], [ 73.701698428759187, 39.295020968703604 ], [ 73.702284919347264, 39.29419911671917 ], [ 73.702748427736395, 39.293229291727435 ], [ 73.703213011238049, 39.292210687445227 ], [ 73.703672153107377, 39.291435968743826 ] ] ] } },
{ "type": "Feature", "properties": { "ID": 583, "周长": 0.18408615378539123, "面积": 0.0010242402633693082, "FEATUREID": "YAAE002C1AJ430010020000054", "CHFCAC": "000054", "CODE": "", "GB": "73020", "HYDC": "", "TN": "", "NAME": "", "fill_color": -28160, "pattern": 851, "pattern_color": 2304, "_src_file": "LDLYAAE002.WP", "_src_id": 53 }, "geometry": { "type": "MultiPolygon", "coordinates": [ [ [ [ 73.578508578266707, 39.270597856743926 ], [ 73.578546652197844, 39.271840937850627 ], [ 73.578815864673487, 39.272745332937532 ], [ 73.579209317493095, 39.273683207070597 ], [ 73.579651153652463, 39.274331775445802 ], [ 73.580249484867323, 39.275140655041582 ], [ 73.580811054309677, 39.275884894971533 ], [ 73.581744370230425, 39.276632988124994 ], [ 73.582675708870411, 39.277381074115461 ], [ 73.583936440083178, 39.278260961637947 ], [ 73.584957567581171, 39.27875310565193 ], [ 73.586187307515843, 39.279118982885059 ], [ 73.587171988470971, 39.279450193228385 ], [ 73.588561383801633, 39.280010335733465 ], [ 73.58978575199508, 39.280729249969831 ], [ 73.590469150252204, 39.281442624101274 ], [ 73.59078861593251, 39.28199168269456 ], [ 73.590895489613985, 39.28266700504701 ], [ 73.590710617912237, 39.283531938727172 ], [ 73.590403640653506, 39.284235106869509 ], [ 73.589897993183882, 39.284647272749375 ], [ 73.588980245235533, 39.28505517767875 ], [ 73.587645626459008, 39.285490911033918 ], [ 73.586357598655312, 39.285830762899522 ], [ 73.58523126486925, 39.286236505196669 ], [ 73.584185470079674, 39.286771480386527 ], [ 73.583177129093244, 39.287467361196306 ], [ 73.582253394070307, 39.288164086004919 ], [ 73.581449571834838, 39.288862092600063 ], [ 73.58089944972204, 39.289402175935031 ], [ 73.579523060012718, 39.291699458750244 ], [ 73.578875415565747, 39.292816424083036 ], [ 73.578275912501937, 39.293773329127355 ], [ 73.577426507124798, 39.294727651898853 ], [ 73.576745194348064, 39.295523202919846 ], [ 73.575903231203696, 39.29612444447644 ], [ 73.575067655440265, 39.296500997816544 ], [ 73.574033670965434, 39.296618614422179 ], [ 73.572671791354651, 39.296540183482421 ], [ 73.571805254197358, 39.296402726531383 ], [ 73.568657708945267, 39.295053443449234 ], [ 73.56775808267237, 39.29465874757679 ], [ 73.566900556132026, 39.294232382583331 ], [ 73.565587034440412, 39.293865429801336 ], [ 73.564189120889168, 39.293529690759229 ], [ 73.562581764482303, 39.293352245861641 ], [ 73.560685443973242, 39.293203824771801 ], [ 73.559194254884332, 39.293348608291844 ], [ 73.557695826008015, 39.293750151476857 ], [ 73.556406729894491, 39.294121762169539 ], [ 73.555203496219164, 39.294237461254568 ], [ 73.554587345759501, 39.294166698686368 ], [ 73.554179671618158, 39.29393763813615 ], [ 73.553693626226604, 39.29345092664321 ], [ 73.552968396929018, 39.292768999318234 ], [ 73.551209657522122, 39.290246132779835 ], [ 73.550277495057387, 39.289497799418818 ], [ 73.549297204838851, 39.289069986945087 ], [ 73.547573334677907, 39.288634242244456 ], [ 73.545518788474013, 39.288162846265493 ], [ 73.543539601418374, 39.287949072447311 ], [ 73.541725094434298, 39.287801230659447 ], [ 73.540073687660168, 39.287783516514423 ], [ 73.538537117556615, 39.288055982667359 ], [ 73.537203354015872, 39.288523229803403 ], [ 73.536031079878853, 39.28918481723597 ], [ 73.534855411740693, 39.28994268312691 ], [ 73.5341394726955, 39.290448664089098 ], [ 73.532867903463057, 39.291783356869914 ], [ 73.532599041912235, 39.292550999163176 ], [ 73.532499801439329, 39.293224136182161 ], [ 73.532343114677928, 39.295302835343108 ], [ 73.532280939984318, 39.296483631558715 ], [ 73.532060467112444, 39.297380195531424 ], [ 73.531739461312128, 39.298250009587541 ], [ 73.531322654746518, 39.299144427970923 ], [ 73.530839261378333, 39.2999354215995 ], [ 73.530295188105953, 39.300545958358967 ], [ 73.529759714651178, 39.300848364472493 ], [ 73.529157032077023, 39.301073022905555 ], [ 73.528727421398557, 39.301145402781721 ], [ 73.528065606567878, 39.30108689016398 ], [ 73.527275844461258, 39.300975587021611 ], [ 73.526321992653905, 39.300734099561303 ], [ 73.525208417820721, 39.300388102441573 ], [ 73.523932041157181, 39.2998605599686 ], [ 73.523118432665626, 39.299338036099684 ], [ 73.520665653419385, 39.296922725379851 ], [ 73.519923580893462, 39.296144128858046 ], [ 73.519217490908488, 39.29528885641416 ], [ 73.51871127716899, 39.294333035936262 ], [ 73.518337721712896, 39.293481362522023 ], [ 73.517958349885063, 39.292783752403608 ], [ 73.51477363209608, 39.288524411156011 ], [ 73.51477363209608, 39.288524411156011 ], [ 73.519223190234513, 39.287624429427495 ], [ 73.524499587074828, 39.286240313632327 ], [ 73.526615185288961, 39.285521500581325 ], [ 73.530065123409301, 39.284250403193397 ], [ 73.535745025895707, 39.281740455450262 ], [ 73.537191584639672, 39.281275905225215 ], [ 73.540083833851213, 39.280476978159662 ], [ 73.550176529319785, 39.278222840790718 ], [ 73.559049509427524, 39.275609951127649 ], [ 73.572125759266868, 39.272256252167814 ], [ 73.574127648032587, 39.271667094063979 ], [ 73.5760712630412, 39.271077416721873 ], [ 73.578508578266707, 39.270597856743926 ] ] ] ] } },
{ "type": "Feature", "properties": { "ID": 585, "周长": 0.096465244577072368, "面积": 0.00024175580546919348, "FEATUREID": "YAAE002C1AJ430010020000055", "CHFCAC": "000055", "CODE": "", "GB": "73020", "HYDC": "", "TN": "", "NAME": "", "fill_color": -25088, "pattern": 851, "pattern_color": 2304, "_src_file": "LDLYAAE002.WP", "_src_id": 54 }, "geometry": { "type": "Polygon", "coordinates": [ [ [ 73.715498479698823, 39.289330152092134 ], [ 73.715458699823515, 39.288593168141347 ], [ 73.715471125703843, 39.288030141295593 ], [ 73.715714374270775, 39.287166828770467 ], [ 73.716128582846153, 39.286175747356097 ], [ 73.716704182460063, 39.285489993970508 ], [ 73.717558973397786, 39.284851146758918 ], [ 73.718238978596091, 39.284513302647241 ], [ 73.719707216246391, 39.284012277484038 ], [ 73.721162099195226, 39.284117571570917 ], [ 73.72260747290909, 39.284655947749144 ], [ 73.723433674097635, 39.285316352569808 ], [ 73.724090841766014, 39.286017910654486 ], [ 73.724630256865979, 39.286977892446153 ], [ 73.725161439490421, 39.288241019209217 ], [ 73.725689080175513, 39.28959074458708 ], [ 73.726329106076605, 39.290898579685631 ], [ 73.727143861324635, 39.291862063657582 ], [ 73.727963377591934, 39.29260899407506 ], [ 73.728625251326932, 39.292920689038681 ], [ 73.72901521326861, 39.292925660982149 ], [ 73.729297545957081, 39.292755969817669 ], [ 73.729589339198796, 39.292153179181874 ], [ 73.729567701892364, 39.290593311071021 ], [ 73.729538493309974, 39.289379922179066 ], [ 73.730062555298417, 39.28834686969212 ], [ 73.730690443590134, 39.28766171166474 ], [ 73.731310757441932, 39.287323032220158 ], [ 73.732374812071996, 39.287076634810752 ], [ 73.733160337151929, 39.286826690458497 ], [ 73.733839167554564, 39.286358773102386 ], [ 73.734356538357929, 39.285628870069182 ], [ 73.734479265116974, 39.285110564094921 ], [ 73.734486811043737, 39.284764083504434 ], [ 73.734052510873724, 39.284238701619934 ], [ 73.733726789200418, 39.283844666425651 ], [ 73.733291557807874, 39.283362591608267 ], [ 73.732802517688867, 39.282793188056168 ], [ 73.731867882628109, 39.282218116822115 ], [ 73.730819973898917, 39.281728238534853 ], [ 73.729656892157237, 39.281410171783769 ], [ 73.728051069022442, 39.280956482015256 ], [ 73.726387669922175, 39.280588679109549 ], [ 73.725115130060573, 39.280182524667396 ], [ 73.724229607211925, 39.279694662571885 ], [ 73.723677891496564, 39.279297708438378 ], [ 73.723291411718421, 39.279032830150193 ], [ 73.722396891031352, 39.278934738188099 ], [ 73.721273508067441, 39.279050316358607 ], [ 73.719977278840787, 39.279380279663314 ], [ 73.718626918874293, 39.27962288905821 ], [ 73.717785561157314, 39.279655408161226 ], [ 73.71655774684065, 39.279423025429679 ], [ 73.714553222790414, 39.27883405775578 ], [ 73.711990393523891, 39.278151215988011 ], [ 73.709929920222706, 39.277561448670205 ], [ 73.708591080168858, 39.277284224706243 ], [ 73.707083217319919, 39.277048122292967 ], [ 73.705239218624925, 39.276807645810464 ], [ 73.703670539584579, 39.276787321612723 ], [ 73.701985960418455, 39.276938761508944 ], [ 73.700914745837039, 39.277228108308961 ], [ 73.700230872262992, 39.277739090509421 ], [ 73.700108204981689, 39.278214038106576 ], [ 73.700430849769575, 39.278824738859363 ], [ 73.701145679575134, 39.279440532924539 ], [ 73.702142587891245, 39.279973336404986 ], [ 73.703527845744247, 39.280684457038284 ], [ 73.704746012053064, 39.281350073963822 ], [ 73.706739950600308, 39.282415614615779 ], [ 73.707787207587074, 39.283208954873814 ], [ 73.708606528760797, 39.284172629897796 ], [ 73.70959012702933, 39.285311706166638 ], [ 73.710132213371566, 39.286141823899335 ], [ 73.710616363220637, 39.287057833733058 ], [ 73.710880226944738, 39.287797712835207 ], [ 73.711355768842765, 39.28910350810019 ], [ 73.71194531708278, 39.290324125478861 ], [ 73.712422811679474, 39.29154329555309 ], [ 73.712903196950535, 39.292632535722966 ], [ 73.713560324290171, 39.293334151790269 ], [ 73.713946846570963, 39.293599062477298 ], [ 73.714339110220081, 39.29360411129754 ], [ 73.714677249723565, 39.29352182006253 ], [ 73.715188284852843, 39.293225142771696 ], [ 73.715479946979983, 39.29270902889381 ], [ 73.715495244109732, 39.292016074316308 ], [ 73.715517233788063, 39.291019951686209 ], [ 73.715483183869679, 39.290023109243961 ], [ 73.715498479698823, 39.289330152092134 ] ] ] } },
{ "type": "Feature", "properties": { "ID": 587, "周长": 0.073976740715364891, "面积": 0.00014549648509291219, "FEATUREID": "YAAE002C1AJ430010020000056", "CHFCAC": "000056", "CODE": "", "GB": "73020", "HYDC": "", "TN": "", "NAME": "", "fill_color": -23040, "pattern": 851, "pattern_color": 2304, "_src_file": "LDLYAAE002.WP", "_src_id": 55 }, "geometry": { "type": "MultiPolygon", "coordinates": [ [ [ [ 74.516027704253858, 39.272614818998612 ], [ 74.516027758896314, 39.272614889302758 ], [ 74.516028704253856, 39.272614818998612 ], [ 74.516027704253858, 39.272614818998612 ] ] ], [ [ [ 74.509379848630516, 39.273109205280228 ], [ 74.510290707517498, 39.27372860695592 ], [ 74.511435162854369, 39.274806842872316 ], [ 74.512192350678362, 39.276361749925613 ], [ 74.513103169565142, 39.277917082541883 ], [ 74.514244433285214, 39.279473056273098 ], [ 74.515692959623337, 39.28102987581984 ], [ 74.51729376845843, 39.282886229152972 ], [ 74.518895753183472, 39.284683372566356 ], [ 74.520879684993758, 39.286840084133054 ], [ 74.521873145004861, 39.287679404200979 ], [ 74.523251402317484, 39.288400254482696 ], [ 74.524557715833893, 39.288860343498641 ], [ 74.525474255292536, 39.289183138229582 ], [ 74.527391336191883, 39.289726129823393 ], [ 74.529307736712425, 39.290388599879542 ], [ 74.530609663034653, 39.291049402709262 ], [ 74.53206312540658, 39.292069131151145 ], [ 74.533209720444717, 39.293028275070732 ], [ 74.53412765065066, 39.293688022955372 ], [ 74.53446926608207, 39.293768755259087 ], [ 74.534894764541406, 39.293869313004194 ], [ 74.535586116657484, 39.293871129208931 ], [ 74.536279277447065, 39.293574163323882 ], [ 74.536823516658671, 39.29261948240508 ], [ 74.537212452266402, 39.291903418769621 ], [ 74.537445390758364, 39.29154548634942 ], [ 74.537524776741392, 39.291127397770786 ], [ 74.537374282398332, 39.290920848360301 ], [ 74.53721941797437, 39.290708302926078 ], [ 74.535915055365308, 39.290167081448821 ], [ 74.534227279640717, 39.289804104939236 ], [ 74.532387659212063, 39.289141920532956 ], [ 74.530549489915884, 39.288240680520971 ], [ 74.528866054526361, 39.287160560111609 ], [ 74.528144718429772, 39.28652814481174 ], [ 74.527567068939973, 39.286021691312008 ], [ 74.527035122642602, 39.285064151704695 ], [ 74.526807200880057, 39.284645240233772 ], [ 74.526273129419025, 39.284046231503339 ], [ 74.525126060626775, 39.283206531507027 ], [ 74.523904011993281, 39.282067831504655 ], [ 74.522913636342381, 39.280870672926916 ], [ 74.521923729037113, 39.279613808610968 ], [ 74.521086642715389, 39.278476798078657 ], [ 74.520401146997543, 39.277638808900626 ], [ 74.519486495201434, 39.276621016130498 ], [ 74.518572278515137, 39.275543496237475 ], [ 74.517429342786869, 39.274226447898343 ], [ 74.516210066920436, 39.27284945068795 ], [ 74.516027758896314, 39.272614889302758 ], [ 74.509380848630514, 39.273109205280228 ], [ 74.509379848630516, 39.273109205280228 ] ] ] ] } },
{ "type": "Feature", "properties": { "ID": 594, "周长": 0.24278316683466472, "面积": 0.001243693678678227, "FEATUREID": "YAAE002C1AJ430010020000057", "CHFCAC": "000057", "CODE": "", "GB": "73020", "HYDC": "", "TN": "", "NAME": "", "fill_color": -15872, "pattern": 851, "pattern_color": 2304, "_src_file": "LDLYAAE002.WP", "_src_id": 56 }, "geometry": { "type": "Polygon", "coordinates": [ [ [ 74.693605645653818, 39.290405197867159 ], [ 74.694678273241465, 39.289347780454335 ], [ 74.696283860253871, 39.288410145235311 ], [ 74.697050617567271, 39.287528498734417 ], [ 74.697743215749085, 39.2862338894084 ], [ 74.698359269944802, 39.284997965991984 ], [ 74.698822556274649, 39.283820460556086 ], [ 74.699516193561067, 39.282172107526314 ], [ 74.700057392623137, 39.279992609460066 ], [ 74.700826587408628, 39.277990772162362 ], [ 74.701592655836578, 39.276873264916958 ], [ 74.702356651443253, 39.276345309727603 ], [ 74.703883994130464, 39.275466251291405 ], [ 74.704571133663237, 39.275114887215885 ], [ 74.705334480277983, 39.274763779473197 ], [ 74.706249840944153, 39.274531102443603 ], [ 74.707315612845093, 39.274888498799186 ], [ 74.709369782395314, 39.275956736974656 ], [ 74.711347993604534, 39.276965726712184 ], [ 74.713553740092934, 39.278329187372961 ], [ 74.715684903007926, 39.279220704199659 ], [ 74.717131112953211, 39.279815112850713 ], [ 74.719035809030444, 39.28005728983532 ], [ 74.721245960484381, 39.280123577799642 ], [ 74.72284486334064, 39.280659464278635 ], [ 74.72391006704035, 39.28125253217668 ], [ 74.72520264859169, 39.28225903011802 ], [ 74.727255782711836, 39.283444861989331 ], [ 74.729158892276956, 39.283981650736763 ], [ 74.730529819620941, 39.284221908298072 ], [ 74.731063650410846, 39.284164674914919 ], [ 74.73121663661442, 39.284047255347026 ], [ 74.731142577779991, 39.283575364846811 ], [ 74.730839850463084, 39.283102736489454 ], [ 74.728335218711877, 39.279852027901917 ], [ 74.727348979209268, 39.278374911123755 ], [ 74.727047425602166, 39.277312712552003 ], [ 74.727354863519011, 39.276488321826889 ], [ 74.72773722484537, 39.276076871466984 ], [ 74.72857704458275, 39.275607947279894 ], [ 74.729645496678884, 39.275139757439469 ], [ 74.730713387919337, 39.274848425362357 ], [ 74.73170343550612, 39.275087441092644 ], [ 74.732844304039858, 39.275857540826003 ], [ 74.734364671549031, 39.277159451254086 ], [ 74.735887568710183, 39.277635959453789 ], [ 74.737031338340742, 39.27746272177545 ], [ 74.738099935997823, 39.276935498514838 ], [ 74.738253764806572, 39.276464333653713 ], [ 74.73810273533249, 39.275992204076751 ], [ 74.737648953330378, 39.274811637645328 ], [ 74.737651055749112, 39.274104166592657 ], [ 74.737880042733735, 39.273986979034163 ], [ 74.738337141078844, 39.274047379947667 ], [ 74.739098393291783, 39.274344567671541 ], [ 74.740695404443358, 39.275528722510266 ], [ 74.742367823316485, 39.27700787566291 ], [ 74.744117043781671, 39.278310374251362 ], [ 74.745640032583935, 39.278786755112492 ], [ 74.74647909578168, 39.278553525413407 ], [ 74.747014792587962, 39.277788745147113 ], [ 74.74724595064869, 39.276905112109496 ], [ 74.747554985134585, 39.275432151759574 ], [ 74.747941388544064, 39.273546733175607 ], [ 74.748556230570912, 39.271720971924054 ], [ 74.748867042351819, 39.269599490469481 ], [ 74.749252830287631, 39.267949799746638 ], [ 74.749489369278535, 39.266179540621579 ], [ 74.749495743301651, 39.264703914504146 ], [ 74.748966296361971, 39.263640313434649 ], [ 74.747977329336763, 39.262988893241584 ], [ 74.746377550502459, 39.26245418396816 ], [ 74.744243511481869, 39.261977306872865 ], [ 74.74180382498723, 39.261617763684235 ], [ 74.739441468952506, 39.261375201494204 ], [ 74.737155513751134, 39.261367974908097 ], [ 74.734107398219422, 39.261417226455613 ], [ 74.731439727119422, 39.26164449451656 ], [ 74.728770945288261, 39.262225437450667 ], [ 74.727244385032279, 39.263045868195718 ], [ 74.725640287993073, 39.264278723440519 ], [ 74.724112338796886, 39.265511806490387 ], [ 74.722662607826479, 39.2660966028172 ], [ 74.721519552384677, 39.266092830180163 ], [ 74.720301246894849, 39.265794016134194 ], [ 74.718628026564204, 39.264786193305717 ], [ 74.716878461266745, 39.26383704733724 ], [ 74.715052742099289, 39.262887621124548 ], [ 74.71315087220475, 39.261937906594312 ], [ 74.711096462882736, 39.261046601667886 ], [ 74.709041107294595, 39.260450040216533 ], [ 74.707213575823886, 39.26009004835236 ], [ 74.705003259531438, 39.260259322170477 ], [ 74.703324678168912, 39.260902045311305 ], [ 74.701874255318572, 39.261663452930748 ], [ 74.701109594289292, 39.262427230385995 ], [ 74.700725091467788, 39.263428152605073 ], [ 74.699951507239248, 39.266727025354776 ], [ 74.700021094868561, 39.268613877517154 ], [ 74.700397376829926, 39.269971190828379 ], [ 74.700623110837611, 39.270797369261281 ], [ 74.700622698915325, 39.270915280831716 ], [ 74.700394072666768, 39.270914483425891 ], [ 74.698947146798687, 39.270614648389255 ], [ 74.696967196834933, 39.270195008267841 ], [ 74.694986006643148, 39.270129066888288 ], [ 74.692623140189681, 39.270238609398753 ], [ 74.690258762757296, 39.270760791825921 ], [ 74.688122326894259, 39.271460615154282 ], [ 74.686290470208405, 39.272220455573105 ], [ 74.685221121444158, 39.272865113944697 ], [ 74.684608359128973, 39.273688287564745 ], [ 74.684376204825966, 39.274630749355069 ], [ 74.683988757141989, 39.276339083012886 ], [ 74.683527276543018, 39.277457581607592 ], [ 74.682533817411638, 39.278161446832691 ], [ 74.681388790656499, 39.27862892438791 ], [ 74.680549513811954, 39.278861684198944 ], [ 74.679024048940704, 39.279150876453329 ], [ 74.677423030764984, 39.279262903252793 ], [ 74.674983616735958, 39.27937180306229 ], [ 74.671248955336168, 39.279357907546483 ], [ 74.669266599230539, 39.279527349837963 ], [ 74.668503256767053, 39.279819264359958 ], [ 74.66766134900486, 39.280700441647383 ], [ 74.666970215022559, 39.281994876773801 ], [ 74.6664296930646, 39.283407788692067 ], [ 74.665887693652806, 39.284938605754107 ], [ 74.66550007224977, 39.286116266354412 ], [ 74.665263262763943, 39.287589279206792 ], [ 74.665177595775447, 39.289298687628374 ], [ 74.665397497193268, 39.290891343339112 ], [ 74.666078695720117, 39.29177826595636 ], [ 74.666916262467268, 39.291958298812865 ], [ 74.667523715262419, 39.291960588923558 ], [ 74.668212190417478, 39.291963183334865 ], [ 74.669153320608473, 39.291859748562388 ], [ 74.670805653478666, 39.291678131055264 ], [ 74.672255956427634, 39.291329810094787 ], [ 74.672791484788888, 39.290978068467147 ], [ 74.673327645492989, 39.290508411701147 ], [ 74.674321171657482, 39.290040453692768 ], [ 74.67516000846031, 39.289984606488055 ], [ 74.676148772434544, 39.290400958684877 ], [ 74.67759272059979, 39.291231672942544 ], [ 74.678506226690445, 39.291470858612804 ], [ 74.678736489360773, 39.291176923181148 ], [ 74.679122036880571, 39.290352950120635 ], [ 74.679661910059835, 39.289175803325492 ], [ 74.680504486249234, 39.288412456795974 ], [ 74.681801284529897, 39.288240321764519 ], [ 74.684087789056832, 39.288307593677708 ], [ 74.685686405337762, 39.288726076526082 ], [ 74.686903590887937, 39.289202117211495 ], [ 74.687889653034432, 39.290148967545299 ], [ 74.688721141487662, 39.291507949321563 ], [ 74.689400198016571, 39.292866378742175 ], [ 74.690234185141449, 39.29375370727351 ], [ 74.690996211944764, 39.293815384015588 ], [ 74.691758849855347, 39.293759145244117 ], [ 74.692447973425857, 39.293172035064345 ], [ 74.692911416251064, 39.291994555414888 ], [ 74.693297403807208, 39.29105262426949 ], [ 74.693605645653818, 39.290405197867159 ] ] ] } },
{ "type": "Feature", "properties": { "ID": 599, "周长": 0.060879176706680166, "面积": 0.00014932609110342339, "FEATUREID": "YAAE002C1AJ430010020000058", "CHFCAC": "000058", "CODE": "", "GB": "73020", "HYDC": "", "TN": "", "NAME": "", "fill_color": -13824, "pattern": 851, "pattern_color": 2304, "_src_file": "LDLYAAE002.WP", "_src_id": 57 }, "geometry": { "type": "MultiPolygon", "coordinates": [ [ [ [ 74.537401924760402, 39.267236687324129 ], [ 74.537402015048954, 39.267236940343672 ], [ 74.5374029247604, 39.267236687324129 ], [ 74.537401924760402, 39.267236687324129 ] ] ], [ [ [ 74.532483948581088, 39.268604532163614 ], [ 74.532889018385461, 39.270685096282484 ], [ 74.533552417011038, 39.274867373848629 ], [ 74.533930065211877, 39.275823918874302 ], [ 74.534458552596348, 39.277198912169936 ], [ 74.535065834074018, 39.278275501266833 ], [ 74.535749540539555, 39.279412009787592 ], [ 74.53651067896314, 39.280488994928909 ], [ 74.537427269762887, 39.281446935507475 ], [ 74.538497119510978, 39.282704239558257 ], [ 74.53961169225596, 39.283522116724981 ], [ 74.541335623125207, 39.28414574212217 ], [ 74.542716447209202, 39.284866370539369 ], [ 74.543942044440854, 39.285825612156877 ], [ 74.546547225789411, 39.287744444542611 ], [ 74.547775640800637, 39.288225600523056 ], [ 74.549005423329348, 39.288467718585814 ], [ 74.549927764408324, 39.288649299191704 ], [ 74.550698913885114, 39.288352442573071 ], [ 74.55098098902549, 39.287972701739136 ], [ 74.551167319980678, 39.287158476158197 ], [ 74.550941532401509, 39.286261561572736 ], [ 74.550408656087157, 39.285244369226703 ], [ 74.549415835112725, 39.283927237798402 ], [ 74.548478081119754, 39.282798044011564 ], [ 74.547945331170141, 39.282188157376588 ], [ 74.547581459457405, 39.281771593246795 ], [ 74.546587716253086, 39.280634370729032 ], [ 74.546052555889389, 39.280035796824883 ], [ 74.545440127902651, 39.279496748516401 ], [ 74.544674182257396, 39.278897582294164 ], [ 74.543754719031753, 39.278238299625485 ], [ 74.542606186648982, 39.277279810400394 ], [ 74.54115306210636, 39.276081642154772 ], [ 74.540009514272413, 39.274585645059126 ], [ 74.539405770748701, 39.272852152046426 ], [ 74.537402015048954, 39.267236940343672 ], [ 74.532484948581086, 39.268604532163614 ], [ 74.532483948581088, 39.268604532163614 ] ] ] ] } },
{ "type": "Feature", "properties": { "ID": 606, "周长": 3.3592579202869128, "面积": 0.027136145417984397, "FEATUREID": "YAAE002C1AJ430010020000059", "CHFCAC": "000059", "CODE": "", "GB": "73020", "HYDC": "", "TN": "", "NAME": "", "fill_color": -6656, "pattern": 851, "pattern_color": 2304, "_src_file": "LDLYAAE002.WP", "_src_id": 58 }, "geometry": { "type": "MultiPolygon", "coordinates": [ [ [ [ 74.74921572436736, 39.088124973794905 ], [ 74.749214724367363, 39.088124973794905 ], [ 74.749215003600852, 39.088125288657167 ], [ 74.74921572436736, 39.088124973794905 ] ] ], [ [ [ 74.491152109413562, 39.265371337455264 ], [ 74.491915557525601, 39.264741232036314 ], [ 74.492233572349491, 39.264478757901102 ], [ 74.493309415085903, 39.264362532343377 ], [ 74.494921029569824, 39.264486778964006 ], [ 74.497067152051542, 39.26503063513973 ], [ 74.498752596139809, 39.265573098045216 ], [ 74.501129142733163, 39.266117557984003 ], [ 74.50258597370744, 39.266420409876012 ], [ 74.50381203058204, 39.266782299659774 ], [ 74.504731375049289, 39.267083567398402 ], [ 74.505570999702599, 39.267802651479997 ], [ 74.506178177057137, 39.268819669783596 ], [ 74.506706069516881, 39.270194786934496 ], [ 74.507236076687775, 39.271271297674275 ], [ 74.507921771216587, 39.272049644021195 ], [ 74.509144206689669, 39.272948961426074 ], [ 74.509379848630516, 39.273109205280228 ], [ 74.509380848630514, 39.273109205280228 ], [ 74.516028704253856, 39.272614818998612 ], [ 74.516027704253858, 39.272614818998612 ], [ 74.515372741348557, 39.271772121026395 ], [ 74.514534617163065, 39.270814225182534 ], [ 74.514079644462157, 39.269976843556677 ], [ 74.513855050592198, 39.269140109050184 ], [ 74.514013994654235, 39.268364172274332 ], [ 74.516171887572668, 39.26723550042211 ], [ 74.516788652566063, 39.266878888939615 ], [ 74.517407456310011, 39.266223671820555 ], [ 74.518028705622328, 39.265210126628467 ], [ 74.518496774606916, 39.264136432339839 ], [ 74.518582140836742, 39.262882511687287 ], [ 74.518437568800891, 39.261568229087203 ], [ 74.518678125702465, 39.260075850679961 ], [ 74.51922170732017, 39.259181526281971 ], [ 74.519689309599471, 39.258167545839953 ], [ 74.520077678854946, 39.257511675736652 ], [ 74.520466040808188, 39.256855806471293 ], [ 74.521085536956889, 39.256081125394616 ], [ 74.521856131357964, 39.255665187378298 ], [ 74.523010995738773, 39.255190572198984 ], [ 74.523703179035564, 39.255013293854184 ], [ 74.524316970804733, 39.2550746889005 ], [ 74.525081491750115, 39.255554541132071 ], [ 74.526149907792188, 39.256512985466166 ], [ 74.52691004168274, 39.257649754508613 ], [ 74.527593418883228, 39.258786312919511 ], [ 74.528124059898545, 39.259803011952556 ], [ 74.528346793967302, 39.260938326447011 ], [ 74.528644314039397, 39.262372450541804 ], [ 74.529021430325102, 39.263388732865742 ], [ 74.529707693211293, 39.264107232861505 ], [ 74.530853484586274, 39.265006117905777 ], [ 74.531766165488989, 39.266322426431472 ], [ 74.532483948581088, 39.268604532163614 ], [ 74.532484948581086, 39.268604532163614 ], [ 74.5374029247604, 39.267236687324129 ], [ 74.537401924760402, 39.267236687324129 ], [ 74.536914598759012, 39.265858216240773 ], [ 74.53631036513373, 39.264244146465458 ], [ 74.535706335520175, 39.262689795754042 ], [ 74.535025551449621, 39.261135238701378 ], [ 74.534423156435935, 39.259341997666205 ], [ 74.534279875559676, 39.25778884896966 ], [ 74.53459251533701, 39.256953565358124 ], [ 74.535516989031805, 39.256478220450703 ], [ 74.536977483518527, 39.256302877863412 ], [ 74.538440289705662, 39.255948356052862 ], [ 74.539980333305678, 39.255534295490328 ], [ 74.541289766617638, 39.255119619414117 ], [ 74.541985046543488, 39.254583911050013 ], [ 74.5425265899853, 39.254047801843292 ], [ 74.54307432696146, 39.252556155155631 ], [ 74.543157004142913, 39.251660536207794 ], [ 74.543162041810689, 39.250884164448046 ], [ 74.542704760790983, 39.250285772235117 ], [ 74.542017301380554, 39.249627066603637 ], [ 74.5409455649134, 39.248967367536565 ], [ 74.539566416113814, 39.248306862508898 ], [ 74.538647260796282, 39.247826703964684 ], [ 74.537805365655402, 39.24728701700792 ], [ 74.537270906103515, 39.246748124702336 ], [ 74.537044267633092, 39.246150313104003 ], [ 74.537122692171778, 39.245911628929903 ], [ 74.538199440612701, 39.245794991143001 ], [ 74.540272174566411, 39.246158694557231 ], [ 74.542421005970979, 39.246642000417275 ], [ 74.545030230910641, 39.247245883932599 ], [ 74.547104196315075, 39.247430302527221 ], [ 74.548335046762261, 39.247254236588525 ], [ 74.549721132458842, 39.246839658374498 ], [ 74.550491596020521, 39.24654297310552 ], [ 74.55172166244742, 39.246486312212888 ], [ 74.552950210427781, 39.246668524877315 ], [ 74.554254107924521, 39.247089797275621 ], [ 74.555325190436889, 39.247868817946355 ], [ 74.556165342857099, 39.248706986109859 ], [ 74.557005142396207, 39.249604868733641 ], [ 74.557690116417788, 39.250681534792164 ], [ 74.557987055929473, 39.252354473006257 ], [ 74.558129155558035, 39.254206202259084 ], [ 74.558732456902334, 39.256059048655835 ], [ 74.559336914098836, 39.257732730179612 ], [ 74.560019385736041, 39.259227429268847 ], [ 74.561238867893437, 39.260902579920838 ], [ 74.562025596619193, 39.262024775181196 ], [ 74.562026596619191, 39.262024775181196 ], [ 74.567887744157474, 39.261195994074356 ], [ 74.574444064357237, 39.259978848156024 ], [ 74.577885165624309, 39.259296506570749 ], [ 74.577767513558413, 39.258393463921578 ], [ 74.577435574824079, 39.25729132982277 ], [ 74.576970492776766, 39.255821761982133 ], [ 74.576502946561803, 39.254824209573755 ], [ 74.575968148776894, 39.253774056224337 ], [ 74.5756348756736, 39.252934145667609 ], [ 74.575370533487202, 39.251832158720433 ], [ 74.574644678239252, 39.249103259303546 ], [ 74.574449166711801, 39.247948979925518 ], [ 74.574460896669535, 39.24600846762349 ], [ 74.574468822603635, 39.24469731212313 ], [ 74.574747022663587, 39.243334327656008 ], [ 74.575092069931898, 39.242076386766001 ], [ 74.575841085130676, 39.240976708750097 ], [ 74.577061223030398, 39.240087879449796 ], [ 74.578957447904813, 39.238990775960012 ], [ 74.580514625041431, 39.238155115084965 ], [ 74.581599687839216, 39.237265937967486 ], [ 74.582684098945535, 39.236481641359326 ], [ 74.583633211542463, 39.235749484416949 ], [ 74.585739682605507, 39.233289107439184 ], [ 74.586147032491695, 39.232870421936134 ], [ 74.586823066518178, 39.232662109993576 ], [ 74.587901823808721, 39.232821800941352 ], [ 74.589653255595906, 39.233350065622005 ], [ 74.590731116016286, 39.23366706928504 ], [ 74.591675851780991, 39.2336690946414 ], [ 74.59255522769935, 39.233303845285924 ], [ 74.593573489891213, 39.23225706975024 ], [ 74.594524545622647, 39.231157696835936 ], [ 74.595541847123314, 39.230268242435194 ], [ 74.597571871281104, 39.229276006227671 ], [ 74.59966663478248, 39.228755893531229 ], [ 74.602501529304106, 39.228604391197223 ], [ 74.605199992131276, 39.22871478000998 ], [ 74.607359749235783, 39.228824028052578 ], [ 74.609181426269188, 39.229089903875717 ], [ 74.610461227992019, 39.229721810129732 ], [ 74.612346720090599, 39.230774470973437 ], [ 74.613827400228757, 39.231773864865993 ], [ 74.618068847795087, 39.234404419234735 ], [ 74.618604373742173, 39.235401939345827 ], [ 74.618866646646183, 39.237080749564541 ], [ 74.618926110815394, 39.238811618943672 ], [ 74.618916828011379, 39.240804592591417 ], [ 74.619379518165104, 39.242955804533104 ], [ 74.620045807552401, 39.244897615124465 ], [ 74.620372518655643, 39.247258353267924 ], [ 74.620166508907715, 39.247992221064237 ], [ 74.619960252270303, 39.248778536349135 ], [ 74.620090939214506, 39.249722830862368 ], [ 74.620215690209093, 39.249979796082776 ], [ 74.620216690209091, 39.249979796082776 ], [ 74.628347452579803, 39.248427257210743 ], [ 74.628346452579805, 39.248427257210743 ], [ 74.628070652558392, 39.247430027925738 ], [ 74.627873518036623, 39.246223382425427 ], [ 74.627878746482807, 39.245069557154444 ], [ 74.627692556838383, 39.241450365325719 ], [ 74.627495444722754, 39.240243718057521 ], [ 74.626896280835666, 39.238354522098767 ], [ 74.626094339622313, 39.236517393082011 ], [ 74.625627418536723, 39.235257797940008 ], [ 74.624958188505047, 39.233945379788913 ], [ 74.624153703871585, 39.232685150245537 ], [ 74.623021299974766, 39.229326414950535 ], [ 74.622687580796438, 39.228486633299156 ], [ 74.622151805056603, 39.227541578911662 ], [ 74.621751557018058, 39.226491879522086 ], [ 74.621889002831793, 39.225967667236098 ], [ 74.622701335076556, 39.225497166117087 ], [ 74.623717395236397, 39.224764804697628 ], [ 74.624529701446207, 39.224294290604028 ], [ 74.625748259444237, 39.223562286811188 ], [ 74.626496365682456, 39.222357379174795 ], [ 74.62737875125525, 39.221310053935824 ], [ 74.628126805489558, 39.220105135112647 ], [ 74.628874121393977, 39.219057551448955 ], [ 74.629485462220103, 39.218219504440015 ], [ 74.630101737038814, 39.216280071068375 ], [ 74.630306841667092, 39.215703521220185 ], [ 74.630445851814912, 39.214812165931001 ], [ 74.631326672465434, 39.214079491974502 ], [ 74.631867627447932, 39.213870674490963 ], [ 74.632408812182987, 39.213609406118984 ], [ 74.632545684417209, 39.213190071805208 ], [ 74.63261552523656, 39.212665724560892 ], [ 74.632416064685401, 39.211983549801964 ], [ 74.6314748180545, 39.211142703203556 ], [ 74.630533125263966, 39.210406741228439 ], [ 74.629726236146638, 39.209775913700383 ], [ 74.629053584941673, 39.209407560004735 ], [ 74.628314313182656, 39.208881739334508 ], [ 74.627980346654368, 39.208251758944783 ], [ 74.628255151302639, 39.207308207165426 ], [ 74.628730381767937, 39.206732151518281 ], [ 74.630351513087192, 39.206315513245798 ], [ 74.631567073647247, 39.206055467379997 ], [ 74.631973443633967, 39.205741511906638 ], [ 74.632245179305741, 39.205374867821298 ], [ 74.63211382618654, 39.204692814374113 ], [ 74.631308499194319, 39.203904656931769 ], [ 74.631243515185716, 39.203432512255127 ], [ 74.631516067716163, 39.202908527004141 ], [ 74.632733477026761, 39.202281339242226 ], [ 74.634759458007252, 39.201812913737669 ], [ 74.636583060435655, 39.201344098794024 ], [ 74.638338651736504, 39.200980032621807 ], [ 74.639755635030781, 39.200877592129345 ], [ 74.640632216614932, 39.200931550503562 ], [ 74.641440144481933, 39.201247620393652 ], [ 74.642112546643332, 39.201825692374001 ], [ 74.642310489074418, 39.20287498029397 ], [ 74.642034399972687, 39.204290593742712 ], [ 74.641555593262751, 39.205758304292551 ], [ 74.640739516786894, 39.207172987629548 ], [ 74.638768857099194, 39.210211535977187 ], [ 74.638293612428342, 39.21084007915011 ], [ 74.637614714400826, 39.211730502770784 ], [ 74.637273759772356, 39.212516619656874 ], [ 74.63727076427061, 39.213198430635217 ], [ 74.637739133317027, 39.214143300691291 ], [ 74.637870916527589, 39.214877794974882 ], [ 74.637598836392002, 39.21534934641025 ], [ 74.636855607974169, 39.215505387997581 ], [ 74.635234600799322, 39.215712326701578 ], [ 74.634220649433345, 39.216025215461265 ], [ 74.633813299195594, 39.216548966817008 ], [ 74.634080754693187, 39.217126361849473 ], [ 74.634753946082824, 39.217547134688679 ], [ 74.635831021216404, 39.218230853716705 ], [ 74.636772414066357, 39.219071664785083 ], [ 74.637982937148422, 39.220122727190912 ], [ 74.639329431872682, 39.220964223938061 ], [ 74.641217169451139, 39.22154439633556 ], [ 74.643037431073267, 39.222124425958761 ], [ 74.644250350940425, 39.222650953575332 ], [ 74.648226122492346, 39.224388361897127 ], [ 74.649236140856075, 39.225019397339011 ], [ 74.650648613311887, 39.22628044994461 ], [ 74.6515214539954, 39.227435714980281 ], [ 74.652596822938364, 39.228696446166659 ], [ 74.653607895907371, 39.22995913100268 ], [ 74.654820970315228, 39.23153727724366 ], [ 74.656971711084452, 39.235793874953792 ], [ 74.657774300223423, 39.238366912291212 ], [ 74.657968773253998, 39.240518020701423 ], [ 74.657734050790182, 39.242743213789858 ], [ 74.659228353972523, 39.242452466292875 ], [ 74.665765952377271, 39.240948717309379 ], [ 74.665558292335447, 39.240599446915859 ], [ 74.66468385261399, 39.238970251588228 ], [ 74.664418263098511, 39.237605601285438 ], [ 74.664491070393865, 39.236347129383404 ], [ 74.665037146234638, 39.235352691614139 ], [ 74.665785441172488, 39.234621256332694 ], [ 74.667008655986166, 39.233734264798102 ], [ 74.668300222210618, 39.232690173330667 ], [ 74.66952358022408, 39.231750706437303 ], [ 74.671288749590616, 39.230865703359164 ], [ 74.672850199453492, 39.230084807925465 ], [ 74.673122648932832, 39.229718686583169 ], [ 74.673465085865317, 39.22877589839446 ], [ 74.673943832852373, 39.227623822979439 ], [ 74.674286655108233, 39.226576137299055 ], [ 74.674627439239757, 39.226052921471329 ], [ 74.675374929523855, 39.225478763475472 ], [ 74.676256899113341, 39.22516733670254 ], [ 74.677612715249495, 39.224962546010481 ], [ 74.678697324003153, 39.224809190866857 ], [ 74.67930787437534, 39.224601640103515 ], [ 74.679783516127387, 39.224236246618979 ], [ 74.680191404252341, 39.223870604372166 ], [ 74.680735775920056, 39.223243220142308 ], [ 74.680873450190091, 39.222666797352382 ], [ 74.680674164033306, 39.221617107782414 ], [ 74.680000662199078, 39.220565685899572 ], [ 74.679190691810973, 39.219775996796272 ], [ 74.678311597957702, 39.219353184944779 ], [ 74.677161133850902, 39.219034260683344 ], [ 74.67601007569921, 39.218872668426684 ], [ 74.674925958299369, 39.218921106523638 ], [ 74.673704927136185, 39.219336159604993 ], [ 74.672890355499206, 39.219752713434389 ], [ 74.671871308570957, 39.220483186529123 ], [ 74.670987735545154, 39.221214159395089 ], [ 74.670510423013056, 39.221999093600992 ], [ 74.670099201808654, 39.223203854838239 ], [ 74.670026922873021, 39.224357438927839 ], [ 74.670157894898068, 39.225511785338163 ], [ 74.670425608038457, 39.226351954849775 ], [ 74.670421904932383, 39.227296004089524 ], [ 74.670215970733622, 39.227977055658492 ], [ 74.669671468887529, 39.228604389662628 ], [ 74.668517373928736, 39.229176982711465 ], [ 74.667431638443318, 39.229592477782511 ], [ 74.666413226252388, 39.230113112011935 ], [ 74.66498763626609, 39.230789540028873 ], [ 74.66403715696012, 39.231257965021996 ], [ 74.663154844490393, 39.231621744476527 ], [ 74.662477062119109, 39.231671609944968 ], [ 74.661801191370245, 39.231249449872514 ], [ 74.661263601741254, 39.230145991067765 ], [ 74.661403787087167, 39.228992671987392 ], [ 74.6618831546743, 39.22773575253791 ], [ 74.662293696995206, 39.226740808784939 ], [ 74.66284099651422, 39.225431698068078 ], [ 74.66331884072423, 39.224541901645836 ], [ 74.664134574005487, 39.223863180198151 ], [ 74.665086210609331, 39.223080069514602 ], [ 74.665969660006212, 39.222401590462638 ], [ 74.666786593327885, 39.221408165978282 ], [ 74.667739413303011, 39.220310353438158 ], [ 74.668419981214072, 39.219526193753467 ], [ 74.66930479840714, 39.218480558186251 ], [ 74.67025753651572, 39.217382724151584 ], [ 74.670801741374888, 39.216807832080967 ], [ 74.672023358873403, 39.216235468038597 ], [ 74.672972562597266, 39.216029211538888 ], [ 74.674463495112008, 39.215877406881638 ], [ 74.675750588034703, 39.215882174148362 ], [ 74.678529002518502, 39.215630175570737 ], [ 74.679275750048333, 39.215213332146185 ], [ 74.679751331167594, 39.214847940201089 ], [ 74.679822050728248, 39.214061478639522 ], [ 74.679214975847259, 39.213377427070817 ], [ 74.678404698902511, 39.212692629110279 ], [ 74.67725494154125, 39.212216364564348 ], [ 74.675766110538746, 39.211843733009374 ], [ 74.67373478637802, 39.211626411947321 ], [ 74.672178247337129, 39.211253481852545 ], [ 74.670756584009169, 39.211038379030711 ], [ 74.6689970719097, 39.210612198822048 ], [ 74.667374509078257, 39.209819371859489 ], [ 74.666023338766038, 39.208922654434907 ], [ 74.665281394808304, 39.20813312550117 ], [ 74.664878130895929, 39.207344874974218 ], [ 74.664813544296379, 39.206557908598995 ], [ 74.665154929148869, 39.205877377293703 ], [ 74.665901027577434, 39.205617962351646 ], [ 74.667933401020292, 39.205520734490925 ], [ 74.669896792179529, 39.20579019947651 ], [ 74.671590105413813, 39.206162555048891 ], [ 74.673418498801666, 39.206640284741638 ], [ 74.674839468585134, 39.207221867053981 ], [ 74.676665104650283, 39.208224631208395 ], [ 74.678287064850409, 39.209279314365581 ], [ 74.679707017843498, 39.210070872009169 ], [ 74.680993033397499, 39.21054699029672 ], [ 74.682008902136985, 39.210812317435966 ], [ 74.683162896586182, 39.210605426232554 ], [ 74.684046992141958, 39.210135244289994 ], [ 74.68466145956458, 39.209349270684001 ], [ 74.684802857336692, 39.208246954812935 ], [ 74.684674095972667, 39.206933869886612 ], [ 74.684411364343575, 39.205305366093143 ], [ 74.684350423314555, 39.203992463855748 ], [ 74.68503429366551, 39.202891617393924 ], [ 74.686395677114604, 39.201897612437726 ], [ 74.687959082071359, 39.201166680658815 ], [ 74.690064104264877, 39.200594702300393 ], [ 74.692304703994722, 39.200023041689704 ], [ 74.695155524498745, 39.199452938372815 ], [ 74.696989210650642, 39.198880122061531 ], [ 74.699027606650617, 39.198045257544365 ], [ 74.700930868884313, 39.197104992417536 ], [ 74.703106073332847, 39.196007861145915 ], [ 74.705213410828264, 39.194910517279617 ], [ 74.706911555968702, 39.194284688694324 ], [ 74.70881307165665, 39.193659348190728 ], [ 74.7110522817229, 39.193297360769648 ], [ 74.712679490028137, 39.193301389293005 ], [ 74.713694978131684, 39.19361894997153 ], [ 74.715116526548655, 39.194095023551448 ], [ 74.716671941530464, 39.1949389741525 ], [ 74.718767823976634, 39.196204288575615 ], [ 74.719783630616291, 39.196469284496921 ], [ 74.721273079373887, 39.196945448385705 ], [ 74.722560121908401, 39.197211070900089 ], [ 74.723982294983131, 39.197582019660913 ], [ 74.725133261588013, 39.197952311550949 ], [ 74.726012286867004, 39.19847947873825 ], [ 74.726755471458873, 39.199058833128291 ], [ 74.727362080349295, 39.19984789690956 ], [ 74.728240420328873, 39.200532575876565 ], [ 74.729255359857746, 39.201007527525263 ], [ 74.730067849693384, 39.201271963291255 ], [ 74.730271034163252, 39.201324943965268 ], [ 74.730947675761072, 39.201641566850761 ], [ 74.731475707956506, 39.201734749857643 ], [ 74.731476707956503, 39.201734749857643 ], [ 74.734816424551497, 39.19999367856424 ], [ 74.736464092888212, 39.198878734710448 ], [ 74.737081459280773, 39.198360585706553 ], [ 74.738679145185756, 39.197165404659721 ], [ 74.73965705720785, 39.196368322276172 ], [ 74.741255455601063, 39.195013040959807 ], [ 74.745425698677991, 39.190900225968889 ], [ 74.746337739406385, 39.189722826055622 ], [ 74.746558015628167, 39.18939821472172 ], [ 74.74655701562817, 39.18939821472172 ], [ 74.746401210986917, 39.187667909132259 ], [ 74.746746110164352, 39.186306606309969 ], [ 74.747431545245021, 39.184579333623113 ], [ 74.748117404387287, 39.182747284407647 ], [ 74.748803451735839, 39.180862844495493 ], [ 74.748950333623981, 39.178243822196976 ], [ 74.749435683704476, 39.174581604599091 ], [ 74.749438021392706, 39.173744400497952 ], [ 74.74984539833784, 39.173327041537071 ], [ 74.750996467728399, 39.173278232719809 ], [ 74.752619573915894, 39.173911080010299 ], [ 74.75490907113219, 39.174716329892973 ], [ 74.754910071132187, 39.174716329892973 ], [ 74.755573708469811, 39.172237558303934 ], [ 74.757169686396082, 39.168716370314996 ], [ 74.761263889641427, 39.163085587577889 ], [ 74.764921002205526, 39.160253468337849 ], [ 74.764922002205523, 39.160253468337849 ], [ 74.764638434234072, 39.160132937954579 ], [ 74.763557447826386, 39.159344875750904 ], [ 74.762341521980204, 39.158399426905333 ], [ 74.761462824603498, 39.157925895036861 ], [ 74.760041682877912, 39.15781702883752 ], [ 74.75868767255335, 39.157917648592829 ], [ 74.757332817128955, 39.158332206018905 ], [ 74.75550371138894, 39.158902296635119 ], [ 74.754013302373821, 39.159368732897278 ], [ 74.753471798367002, 39.159367093278071 ], [ 74.75272751793554, 39.159260184734769 ], [ 74.751780752094419, 39.15894335230211 ], [ 74.750699492491762, 39.158312147828873 ], [ 74.749619858428957, 39.157105352286138 ], [ 74.748540995753729, 39.155636918817798 ], [ 74.745774714588407, 39.152541163447623 ], [ 74.745370265142085, 39.15196432626815 ], [ 74.744829863441851, 39.151596367604505 ], [ 74.74374772765816, 39.151331377507624 ], [ 74.742394729855008, 39.151117854954371 ], [ 74.740430939217461, 39.151477984542133 ], [ 74.739144398098674, 39.151683242561198 ], [ 74.738399911367154, 39.151680893838694 ], [ 74.737994910126645, 39.151313331194856 ], [ 74.737793724619067, 39.150684785436006 ], [ 74.737930939756566, 39.150057306921028 ], [ 74.739082712322642, 39.14964233529787 ], [ 74.741249645266464, 39.149230538153233 ], [ 74.742941902695534, 39.149131175698813 ], [ 74.744160557429737, 39.148977993993078 ], [ 74.744634752806547, 39.148822488480434 ], [ 74.745042013528177, 39.148405144141059 ], [ 74.745043208596513, 39.147986539227858 ], [ 74.744571115229846, 39.147409490070174 ], [ 74.742948386750029, 39.146881181297154 ], [ 74.740851650945302, 39.146456014249779 ], [ 74.738009279672767, 39.14644706337473 ], [ 74.737332833861728, 39.146340271972434 ], [ 74.737130272204027, 39.146182652791609 ], [ 74.737267484261423, 39.145555174562446 ], [ 74.738283683876347, 39.145192106861955 ], [ 74.740111960967141, 39.144831586942338 ], [ 74.742210309820337, 39.144681185279715 ], [ 74.742955022719485, 39.144578858137194 ], [ 74.743091126094257, 39.144317652201742 ], [ 74.742618617078023, 39.143897569584375 ], [ 74.740792053929084, 39.143682549259452 ], [ 74.739236037315649, 39.143520679590758 ], [ 74.737070664340777, 39.143461511889555 ], [ 74.735310862922489, 39.143560572920393 ], [ 74.734769795606795, 39.143454197834707 ], [ 74.734161686313925, 39.143138300391691 ], [ 74.733621883542497, 39.142613315023716 ], [ 74.733421708259385, 39.141670807233027 ], [ 74.733289527237702, 39.140623863361526 ], [ 74.733088413519198, 39.139995306324018 ], [ 74.732078297971952, 39.138369959248692 ], [ 74.732012537086987, 39.137741835023085 ], [ 74.732284633479679, 39.137271773760865 ], [ 74.732895214032766, 39.136750472687041 ], [ 74.733302160049661, 39.136437819856511 ], [ 74.734286656819606, 39.135899308821422 ], [ 74.734477913214704, 39.135532304897239 ], [ 74.734146475124845, 39.135090109623441 ], [ 74.733481946182664, 39.134757129959375 ], [ 74.732721238131248, 39.134791455883402 ], [ 74.731864673411167, 39.135082797779667 ], [ 74.731102726734164, 39.13552148475052 ], [ 74.730150505813498, 39.135996312017447 ], [ 74.728865052279048, 39.136617100265561 ], [ 74.727960114916129, 39.137165587131641 ], [ 74.727198463360011, 39.137493965160523 ], [ 74.725818796658103, 39.137820320868272 ], [ 74.725200668846384, 39.137855063556152 ], [ 74.724820469113425, 39.137817056253525 ], [ 74.724631119448247, 39.137559106610503 ], [ 74.72458508116749, 39.13708105592184 ], [ 74.724919812947519, 39.136457208225572 ], [ 74.725159232870851, 39.135906569590844 ], [ 74.72497046330237, 39.13546481298642 ], [ 74.723783643324339, 39.13494626287806 ], [ 74.722928433694449, 39.134796404267064 ], [ 74.721787072833706, 39.134939690533855 ], [ 74.721121312461406, 39.135011014207869 ], [ 74.720646172778885, 39.134935919225903 ], [ 74.720504973492382, 39.134494314387815 ], [ 74.720887265014383, 39.133870632586515 ], [ 74.721650191978156, 39.133137924089539 ], [ 74.723127298908082, 39.132039946537432 ], [ 74.724175509981549, 39.13127139838074 ], [ 74.725033325789056, 39.130575738741008 ], [ 74.725320375039956, 39.129988492976544 ], [ 74.725179270180405, 39.129510132276629 ], [ 74.72460909369066, 39.129434743748021 ], [ 74.723656682184696, 39.12998304074614 ], [ 74.72284639127389, 39.130678846110527 ], [ 74.721940784098351, 39.131447853253363 ], [ 74.721082924477869, 39.132143489874963 ], [ 74.719940891125816, 39.132507322275359 ], [ 74.718990177312833, 39.132504167238693 ], [ 74.718278447475456, 39.13209742162686 ], [ 74.717709212087655, 39.131727908759949 ], [ 74.717092208946838, 39.131431757049846 ], [ 74.716094331419569, 39.131318134905761 ], [ 74.715476859726877, 39.131169021075017 ], [ 74.715335337129986, 39.130837690698847 ], [ 74.715764587809986, 39.130397993981816 ], [ 74.716241968382178, 39.129774646649949 ], [ 74.716909830127676, 39.129041649392583 ], [ 74.717482138446087, 39.128455376482194 ], [ 74.718291862868796, 39.127943415828653 ], [ 74.719719139228488, 39.127543783020755 ], [ 74.721050985065361, 39.127254100621052 ], [ 74.721812085782048, 39.127072808468881 ], [ 74.722097861894881, 39.126889942266772 ], [ 74.722146210709411, 39.126632770761994 ], [ 74.721719360537193, 39.126337272053426 ], [ 74.719961281000195, 39.126147647170924 ], [ 74.718012608316457, 39.126104406950155 ], [ 74.716491959095308, 39.125989045026486 ], [ 74.71525698758451, 39.125727574941955 ], [ 74.714734866321123, 39.125505252810441 ], [ 74.714831254316238, 39.125101199170395 ], [ 74.715402584020865, 39.124809026891498 ], [ 74.71659132667547, 39.1246659606932 ], [ 74.717922657123708, 39.124523360341733 ], [ 74.719871402878809, 39.124529840823179 ], [ 74.721486967733398, 39.12468223466896 ], [ 74.722722644394096, 39.124723069972681 ], [ 74.723578776355012, 39.124542077741907 ], [ 74.724958424803035, 39.124142224694758 ], [ 74.726337944406552, 39.123779116354889 ], [ 74.72828791827429, 39.123381081479252 ], [ 74.731282961270551, 39.123170191658282 ], [ 74.733089304744496, 39.123102469386644 ], [ 74.73389686307668, 39.123252099803473 ], [ 74.734323636654622, 39.123584317584353 ], [ 74.734465122043503, 39.123952384462626 ], [ 74.733892109664652, 39.124832830887335 ], [ 74.73108275751099, 39.126478087666356 ], [ 74.728462160861255, 39.128528264289834 ], [ 74.727937250641048, 39.129188267337575 ], [ 74.727888124557296, 39.129702768786082 ], [ 74.728266922587025, 39.13018189898272 ], [ 74.728741584412333, 39.130404007200873 ], [ 74.729597314761449, 39.130370015456499 ], [ 74.730500466972501, 39.130372933460137 ], [ 74.731118077634065, 39.13048520673194 ], [ 74.731497682301622, 39.130706998851728 ], [ 74.731543652781411, 39.13122180856962 ], [ 74.731493992227172, 39.131920116843922 ], [ 74.731682010480228, 39.132619190793676 ], [ 74.732250658872232, 39.133209202095664 ], [ 74.733105201686229, 39.133579556540063 ], [ 74.734008173540261, 39.133655967402944 ], [ 74.734720560924529, 39.133878811855588 ], [ 74.735431963424276, 39.134432501635189 ], [ 74.735763298037028, 39.134911454395521 ], [ 74.736095076141297, 39.135243361911286 ], [ 74.736427731117701, 39.135281179908837 ], [ 74.736951406939667, 39.135025511030499 ], [ 74.737476276893972, 39.134365467912112 ], [ 74.738001896872206, 39.133448092465834 ], [ 74.738480725852526, 39.132273237368828 ], [ 74.739339923520646, 39.131062816675218 ], [ 74.740388371757177, 39.130147077484907 ], [ 74.741579392297979, 39.129231773203543 ], [ 74.742721367344785, 39.128830964655769 ], [ 74.743814844020747, 39.12876085005513 ], [ 74.744716194964312, 39.129388597099137 ], [ 74.745425958800112, 39.130530404452905 ], [ 74.747605612869947, 39.133000156488933 ], [ 74.748840524846088, 39.133371567701843 ], [ 74.749885816399797, 39.13355857677324 ], [ 74.751406071588022, 39.133894072594217 ], [ 74.752498814459045, 39.134117963542415 ], [ 74.753543120103785, 39.134672553309976 ], [ 74.754206742885742, 39.135373030098634 ], [ 74.754917615268411, 39.136183926901154 ], [ 74.755534521780248, 39.136590164393311 ], [ 74.7567222957083, 39.13685106411701 ], [ 74.758576212024749, 39.136893373445233 ], [ 74.760525497272511, 39.136825650865617 ], [ 74.762046833615059, 39.136793396839451 ], [ 74.762996656931051, 39.137163812176262 ], [ 74.764041090278724, 39.137718307994312 ], [ 74.765322296796597, 39.138641102950061 ], [ 74.767221378111572, 39.139639204881263 ], [ 74.768219549076733, 39.139715628663389 ], [ 74.769545838391622, 39.139642044917331 ], [ 74.770350510140801, 39.139346982264804 ], [ 74.770871712249431, 39.13894197618859 ], [ 74.77139299835234, 39.138500206594266 ], [ 74.772198651778936, 39.137800760742884 ], [ 74.773003564705903, 39.137395396143539 ], [ 74.773430428795024, 39.136880212463069 ], [ 74.773431512939936, 39.136439078600951 ], [ 74.772676527868256, 39.135778316351434 ], [ 74.771779877472198, 39.135044199556134 ], [ 74.771451510253812, 39.133978533334684 ], [ 74.771170713662755, 39.132802524465234 ], [ 74.770747888058452, 39.131700208536223 ], [ 74.770276688710339, 39.131039085072992 ], [ 74.768954287287627, 39.130415745919215 ], [ 74.766770570428648, 39.129969618931966 ], [ 74.763302195721494, 39.129334511587622 ], [ 74.761164331085297, 39.128887059834007 ], [ 74.759170363676546, 39.127962098958726 ], [ 74.758269001591046, 39.127297702002309 ], [ 74.756656555708489, 39.125932696377347 ], [ 74.755852091215317, 39.124606863244971 ], [ 74.755237574139969, 39.123355119474851 ], [ 74.754623081607008, 39.122103372271503 ], [ 74.753962983551702, 39.120153015532644 ], [ 74.752832794728022, 39.116326386044442 ], [ 74.752362894921049, 39.114376592659859 ], [ 74.751988772858056, 39.112169758063395 ], [ 74.751994233304643, 39.110184645260588 ], [ 74.752566691501841, 39.109238448810238 ], [ 74.753517818112698, 39.108690362983324 ], [ 74.755062558182814, 39.108098143146833 ], [ 74.756488326128292, 39.107597376806766 ], [ 74.75767692090956, 39.107004053476786 ], [ 74.758687569335322, 39.106364274584514 ], [ 74.759224749099744, 39.105218018264573 ], [ 74.759585448388947, 39.103474349897489 ], [ 74.76012374280586, 39.102051457431941 ], [ 74.760602709531753, 39.10081064023602 ], [ 74.761377443567, 39.09984675180921 ], [ 74.761794397507884, 39.099387896912788 ], [ 74.761795790846833, 39.098973821588075 ], [ 74.761500163633116, 39.098650884188835 ], [ 74.760432933462326, 39.098371663750463 ], [ 74.757229081973648, 39.098178067252711 ], [ 74.756101106120923, 39.098312707084304 ], [ 74.753962707137532, 39.098904370732761 ], [ 74.753725496630963, 39.098857643810405 ], [ 74.753311539923928, 39.098442309969364 ], [ 74.753432791235738, 39.097706535773391 ], [ 74.754028765274668, 39.096972196171265 ], [ 74.754803549199394, 39.09600835094863 ], [ 74.755874848984902, 39.095091401797227 ], [ 74.757005458260295, 39.094174620292279 ], [ 74.758016890676856, 39.093395497720074 ], [ 74.758789386944969, 39.093074852866486 ], [ 74.759917279093358, 39.092938779226209 ], [ 74.761036426581612, 39.093025045582905 ], [ 74.761902358304425, 39.093363222296226 ], [ 74.762853203029408, 39.094240054545672 ], [ 74.763281788209326, 39.095721729534603 ], [ 74.763450031260831, 39.097270234504066 ], [ 74.763445760293038, 39.098548416060119 ], [ 74.763787226487437, 39.100162930758394 ], [ 74.764215423110727, 39.10177769827083 ], [ 74.764905074050304, 39.103123277573069 ], [ 74.765422637333486, 39.104198254537906 ], [ 74.766201064235432, 39.105005626367046 ], [ 74.76698053077061, 39.105410446731788 ], [ 74.767239677548119, 39.105813749090935 ], [ 74.767238657118867, 39.106216293026897 ], [ 74.766890575087643, 39.106684919994265 ], [ 74.765935422556083, 39.107151772460277 ], [ 74.765413877104692, 39.107619886661951 ], [ 74.765065431774573, 39.10822268850314 ], [ 74.764803362252024, 39.108959923504671 ], [ 74.76484431249385, 39.109899321498666 ], [ 74.765167216980274, 39.11080600072912 ], [ 74.765686168559483, 39.111361020822791 ], [ 74.766270817770348, 39.111664638425538 ], [ 74.766986461636762, 39.111616408641524 ], [ 74.767702739744863, 39.111316580785562 ], [ 74.768615042515378, 39.110816344551644 ], [ 74.769068726700695, 39.110513890299011 ], [ 74.769717022549003, 39.110009928973859 ], [ 74.770559540751151, 39.109455411724191 ], [ 74.77166010479246, 39.109202475795037 ], [ 74.77360105070008, 39.109250392969649 ], [ 74.775412594771467, 39.109298442965233 ], [ 74.77605986116501, 39.109196990041305 ], [ 74.776319520350341, 39.108844436185919 ], [ 74.776450863306565, 39.108039184301958 ], [ 74.77645389181717, 39.106781234640543 ], [ 74.776391254338094, 39.105925911998156 ], [ 74.776652230319726, 39.10501985829638 ], [ 74.777689449917503, 39.104163134010705 ], [ 74.778661469899546, 39.103507752362937 ], [ 74.780604153542271, 39.102750465898573 ], [ 74.781640333052763, 39.102194279615603 ], [ 74.782094094098824, 39.101689035126796 ], [ 74.782936721405122, 39.100779555294409 ], [ 74.785333536927723, 39.098959610264792 ], [ 74.786693284064242, 39.098251257416983 ], [ 74.788246995739513, 39.097593085912294 ], [ 74.789606103025477, 39.097237951249781 ], [ 74.792193670654925, 39.097284784871341 ], [ 74.793940091523353, 39.097433696787192 ], [ 74.795816380488191, 39.097279606312533 ], [ 74.797887202112562, 39.096822414323611 ], [ 74.799828155899732, 39.096668166407433 ], [ 74.801056676823706, 39.097070057346826 ], [ 74.802284910969277, 39.097673793697183 ], [ 74.803448772728643, 39.098075759147939 ], [ 74.804418493098851, 39.098528470865361 ], [ 74.805064548168758, 39.09913306207028 ], [ 74.805386711182692, 39.100040930111376 ], [ 74.805579348711973, 39.101049926051495 ], [ 74.806288214263205, 39.102915389107388 ], [ 74.807514874192719, 39.104221777045886 ], [ 74.809388271624471, 39.105678105937329 ], [ 74.810615810317842, 39.106581918255571 ], [ 74.81236089007119, 39.107535218733041 ], [ 74.813977181839761, 39.108186791219389 ], [ 74.815271114754822, 39.108235043185573 ], [ 74.822907287845609, 39.107417471300565 ], [ 74.824784213911045, 39.107062100074842 ], [ 74.826402407121378, 39.106656822343361 ], [ 74.827050257592433, 39.106152540804175 ], [ 74.827180253647782, 39.105800092922166 ], [ 74.826793082653197, 39.105196935162681 ], [ 74.825888419983201, 39.104544337268038 ], [ 74.824660027123258, 39.104043230444674 ], [ 74.823108693864327, 39.103240743766996 ], [ 74.821686749546643, 39.102336267560283 ], [ 74.820652721614152, 39.101429626248219 ], [ 74.819812863708265, 39.100472190239188 ], [ 74.819425634798051, 39.099715858567642 ], [ 74.819620211106837, 39.099311822834622 ], [ 74.820590792356953, 39.099158824872582 ], [ 74.822337083008762, 39.09950916786552 ], [ 74.823953764547596, 39.10006156448609 ], [ 74.825829191378588, 39.100663960927022 ], [ 74.827380837003659, 39.10156967114024 ], [ 74.828608984581521, 39.102526383215341 ], [ 74.830224349015239, 39.103832461623306 ], [ 74.831257532294188, 39.10503830181365 ], [ 74.83274381185764, 39.106142702381419 ], [ 74.834100897602013, 39.107146676716432 ], [ 74.835329093408532, 39.107848956711528 ], [ 74.837268799134335, 39.108700904507188 ], [ 74.838885807084225, 39.10905022427734 ], [ 74.840373802916702, 39.109148164119937 ], [ 74.841215231736385, 39.108945360387104 ], [ 74.841863075703102, 39.108390678952325 ], [ 74.841993447940169, 39.10773630661307 ], [ 74.841541888709742, 39.106831406989791 ], [ 74.840572670952639, 39.105977769352648 ], [ 74.839344685267022, 39.105124591439612 ], [ 74.838634462750079, 39.104169829903746 ], [ 74.838764782755106, 39.103565778393424 ], [ 74.839088574212255, 39.103363923374076 ], [ 74.839994102816021, 39.103513236002314 ], [ 74.841157821283318, 39.104064618204276 ], [ 74.841998367965374, 39.10441530710785 ], [ 74.84258065051192, 39.104414239238743 ], [ 74.843033978484883, 39.10411149828186 ], [ 74.843358129255151, 39.103658038647374 ], [ 74.844459999399675, 39.101942834944623 ], [ 74.845107263530195, 39.101588373710591 ], [ 74.84581878022999, 39.101738437097723 ], [ 74.846465044037799, 39.102544657921037 ], [ 74.847111130363217, 39.103248516644726 ], [ 74.847563584869036, 39.103549574434233 ], [ 74.84808151389494, 39.103297008819055 ], [ 74.848858548154766, 39.102842922799368 ], [ 74.850087860355259, 39.102739652185356 ], [ 74.850864333482207, 39.102586771794655 ], [ 74.851511689730742, 39.102080882728622 ], [ 74.851900763971699, 39.100919447989682 ], [ 74.852613021960124, 39.100110640714291 ], [ 74.8541658992511, 39.09980484085137 ], [ 74.855783237099047, 39.09980168459127 ], [ 74.857206247982347, 39.100152138695066 ], [ 74.85856433669899, 39.100855959690804 ], [ 74.859728298063857, 39.101661078959239 ], [ 74.860633306974606, 39.102769493028532 ], [ 74.861537540705427, 39.104025654591915 ], [ 74.861923913994289, 39.105534424807651 ], [ 74.861855710590433, 39.10845300884619 ], [ 74.861679141281115, 39.11183889607603 ], [ 74.861720917778086, 39.112931583618426 ], [ 74.861949313585853, 39.113985140936478 ], [ 74.862595485015802, 39.114678414592554 ], [ 74.863435048887354, 39.115200387640847 ], [ 74.865750456813032, 39.11601217232338 ], [ 74.868066201087331, 39.116824005895516 ], [ 74.873178769879758, 39.117452105377438 ], [ 74.876952487890193, 39.11779216654692 ], [ 74.87877106218194, 39.117955998078976 ], [ 74.880529552140544, 39.117584370752709 ], [ 74.881781259725742, 39.117286208942176 ], [ 74.881336677897295, 39.116397101779874 ], [ 74.881161992774452, 39.116073778408442 ], [ 74.880353968205398, 39.115193195596028 ], [ 74.879118116198782, 39.114231865374016 ], [ 74.878737488856018, 39.11393578139085 ], [ 74.876959118883747, 39.112867455658375 ], [ 74.875584826770094, 39.112176443243008 ], [ 74.873644721968589, 39.111171236395414 ], [ 74.872189679358911, 39.110419429013412 ], [ 74.870653992075461, 39.109479164245329 ], [ 74.869280237500647, 39.108412751946041 ], [ 74.868149291573985, 39.107220028048673 ], [ 74.867261925421744, 39.105209124095964 ], [ 74.867102020507559, 39.10357411366045 ], [ 74.867669334617375, 39.102187474757194 ], [ 74.868478612940763, 39.101113429763728 ], [ 74.870258270828643, 39.100037361990637 ], [ 74.871876111272826, 39.099024686134392 ], [ 74.873170475871248, 39.097949588448422 ], [ 74.873656168618723, 39.096876187823106 ], [ 74.873252447892781, 39.095615423714925 ], [ 74.872363364634012, 39.094797244415282 ], [ 74.871070062866195, 39.093853741729184 ], [ 74.869695806831487, 39.09316271646766 ], [ 74.868159651755008, 39.092850496137736 ], [ 74.867832552541131, 39.093157619815429 ], [ 74.867605225655964, 39.093335355824564 ], [ 74.867680708812983, 39.093807918121911 ], [ 74.868059006117633, 39.094575303804454 ], [ 74.868210077992529, 39.095343156648084 ], [ 74.867982581336307, 39.095816344033985 ], [ 74.86752787462936, 39.096230909283356 ], [ 74.86707312967286, 39.096704563753846 ], [ 74.866542431941212, 39.097532907818341 ], [ 74.866087672014402, 39.098006558313259 ], [ 74.865481478720113, 39.098362334421168 ], [ 74.864951166268426, 39.098481596874869 ], [ 74.863815004635654, 39.098365727734127 ], [ 74.862603319034406, 39.097895462177718 ], [ 74.861695056810319, 39.096774587829394 ], [ 74.861241298318163, 39.095652797792809 ], [ 74.86093884844496, 39.094826148624016 ], [ 74.860484535286346, 39.09459069849742 ], [ 74.859575716408443, 39.094415243631865 ], [ 74.85737899865812, 39.09459686961695 ], [ 74.855182101301097, 39.095014811553959 ], [ 74.853818685639609, 39.095017467507816 ], [ 74.851925422117702, 39.094548414081935 ], [ 74.849956770960716, 39.093665845229367 ], [ 74.848366786697738, 39.092900706797309 ], [ 74.84700376223951, 39.092489654902117 ], [ 74.845716139586685, 39.092492074621823 ], [ 74.844200870666995, 39.092967621041943 ], [ 74.842382608530443, 39.093443706822384 ], [ 74.840488854502738, 39.093624453215398 ], [ 74.839125409408965, 39.0936860284178 ], [ 74.837459105925504, 39.093629954254098 ], [ 74.835793215381273, 39.09316022825832 ], [ 74.834203396187476, 39.092394894716278 ], [ 74.833447073986221, 39.091332622520525 ], [ 74.833599411972486, 39.090505098341502 ], [ 74.833903162735496, 39.08973639660055 ], [ 74.834813059439682, 39.08873025537477 ], [ 74.834964898271167, 39.088375448427719 ], [ 74.834586749975742, 39.087844315097932 ], [ 74.833300191904229, 39.086901161204679 ], [ 74.83201398169237, 39.085662544438392 ], [ 74.831106357830834, 39.084541430816834 ], [ 74.830198380788588, 39.083774849762598 ], [ 74.829062706858494, 39.083481373562741 ], [ 74.826638986541369, 39.083721901972993 ], [ 74.824972174158702, 39.084315638110759 ], [ 74.821621902883507, 39.085879698202433 ], [ 74.821054211218026, 39.085880641127325 ], [ 74.820600491375416, 39.085527061140859 ], [ 74.820544800552199, 39.084641315110744 ], [ 74.820943626023322, 39.083444771835303 ], [ 74.82145581292292, 39.082380916070036 ], [ 74.8224220008142, 39.081404879292457 ], [ 74.824580221961241, 39.080426823495706 ], [ 74.826283770101313, 39.079892425350394 ], [ 74.827249458628927, 39.079270685268739 ], [ 74.827590933997897, 39.07847284316928 ], [ 74.82759157545749, 39.077897046287568 ], [ 74.827137873873681, 39.077543491294961 ], [ 74.825832438542562, 39.077457137595061 ], [ 74.824072389616092, 39.077814458715032 ], [ 74.822198641529923, 39.078304818370491 ], [ 74.820778920083171, 39.078838688304515 ], [ 74.819586232517139, 39.079372165014441 ], [ 74.81839358278468, 39.079861337570819 ], [ 74.816917148195031, 39.080306668214668 ], [ 74.816122328623834, 39.08039654383397 ], [ 74.815611844486355, 39.080087326724062 ], [ 74.815215581752426, 39.07924642020626 ], [ 74.814648750961112, 39.078627245979881 ], [ 74.814024700149133, 39.078362495784681 ], [ 74.813286431117689, 39.078629427724401 ], [ 74.8126048569614, 39.078940557902456 ], [ 74.812094046283448, 39.07889707654379 ], [ 74.812151280521562, 39.078542650710908 ], [ 74.812492922210325, 39.077744853126759 ], [ 74.812437103474295, 39.077036272052148 ], [ 74.812040716212081, 39.07632823007313 ], [ 74.811416818536642, 39.07597488213726 ], [ 74.810622280320985, 39.075887550669357 ], [ 74.810111611870198, 39.075755476900767 ], [ 74.809828352257739, 39.075357294999606 ], [ 74.81005648323908, 39.074559681509605 ], [ 74.81051128800074, 39.074027465107264 ], [ 74.811534092736977, 39.073184305001469 ], [ 74.812726442720205, 39.072872369509774 ], [ 74.815223996892982, 39.07273549249917 ], [ 74.818515665142911, 39.07299588847529 ], [ 74.820388165089838, 39.073435719866424 ], [ 74.822033650776007, 39.073875900047909 ], [ 74.823452377986968, 39.074094981286066 ], [ 74.824928128497575, 39.074092486249533 ], [ 74.82589344906836, 39.073736510434564 ], [ 74.826575463274935, 39.07293808856673 ], [ 74.826746890374437, 39.071919079924115 ], [ 74.82674789204394, 39.071033238796439 ], [ 74.826351144025836, 39.070546706487747 ], [ 74.825216160760732, 39.070415762596625 ], [ 74.82300264550841, 39.070419501624478 ], [ 74.821413244299421, 39.070599329009724 ], [ 74.820675566928742, 39.070467680888875 ], [ 74.820392538410488, 39.069848062225759 ], [ 74.820450534576125, 39.068829250159595 ], [ 74.820792035658485, 39.06803142659836 ], [ 74.8211898534433, 39.067587846757682 ], [ 74.822097979609467, 39.06754203867758 ], [ 74.82402705978258, 39.068026010146255 ], [ 74.825558934078828, 39.068466331972189 ], [ 74.826693485335184, 39.068951608215002 ], [ 74.827941073433195, 39.0698795979972 ], [ 74.829018616129275, 39.070630701967737 ], [ 74.831004018865997, 39.071645962284883 ], [ 74.832649113828197, 39.072484622650002 ], [ 74.834010723782086, 39.073058011998405 ], [ 74.835826650871823, 39.073409111154696 ], [ 74.837813133471741, 39.073494122364124 ], [ 74.839061666770917, 39.073669029858685 ], [ 74.841274872213845, 39.074107905729477 ], [ 74.842466785189742, 39.074150003816882 ], [ 74.843375099789981, 39.073971154384402 ], [ 74.843772650434403, 39.073704663305499 ], [ 74.843546365077444, 39.072863536802323 ], [ 74.842696427809642, 39.071270596400382 ], [ 74.84173264768404, 39.070076490339375 ], [ 74.840768613554744, 39.069192420047514 ], [ 74.839634295438699, 39.068352944631862 ], [ 74.837762067974822, 39.06764766772195 ], [ 74.83588979116027, 39.067030946992197 ], [ 74.833847421305336, 39.066281620468438 ], [ 74.831748339843074, 39.065532358708438 ], [ 74.82993330818546, 39.064561105811272 ], [ 74.828685836567217, 39.063588844638318 ], [ 74.827665400731789, 39.062616178342886 ], [ 74.827042590098316, 39.061332778630003 ], [ 74.826873337861869, 39.060447228226508 ], [ 74.826477249994426, 39.059429186691283 ], [ 74.825627350797674, 39.058279044374622 ], [ 74.823814140516404, 39.0559789295732 ], [ 74.822850415676385, 39.055183294084713 ], [ 74.82171820294711, 39.054387422385631 ], [ 74.820302272597232, 39.053990502304984 ], [ 74.818714851753441, 39.054169812611477 ], [ 74.817693630544014, 39.05456991940072 ], [ 74.81650201974, 39.055103161615875 ], [ 74.815422595593077, 39.056079344134631 ], [ 74.814456035312901, 39.057232612359108 ], [ 74.813206972798383, 39.058031749852923 ], [ 74.811108728074871, 39.058433140234953 ], [ 74.809124058627788, 39.058745736497265 ], [ 74.807706066398097, 39.059101925691209 ], [ 74.806797955780354, 39.059546108910659 ], [ 74.805833028480407, 39.060034662680806 ], [ 74.804188877613669, 39.060169530254534 ], [ 74.802772188389014, 39.060038257104502 ], [ 74.801923443126967, 39.059507527143865 ], [ 74.80136889151089, 39.058356706727608 ], [ 74.801367891510893, 39.058356706727608 ], [ 74.799347497115662, 39.059795805682377 ], [ 74.799143524301627, 39.060396890077833 ], [ 74.798688300039458, 39.061017732407855 ], [ 74.79840463284323, 39.061106671027432 ], [ 74.797933872855751, 39.060802156683756 ], [ 74.797840584671633, 39.060132498298223 ], [ 74.797899160679336, 39.059467792838397 ], [ 74.797843111814842, 39.059246309533918 ], [ 74.797559830264049, 39.059202316467697 ], [ 74.797161410464696, 39.059778781558208 ], [ 74.796819033402116, 39.06057673124495 ], [ 74.796420087918193, 39.061330430866533 ], [ 74.795864084789841, 39.062086937025953 ], [ 74.795625730272988, 39.062280727776717 ], [ 74.795160314493842, 39.062677157219831 ], [ 74.794468047691637, 39.062992831660765 ], [ 74.79400456123669, 39.063236398283642 ], [ 74.793571885865674, 39.06335899976299 ], [ 74.792773063647914, 39.063527313382416 ], [ 74.791825104729369, 39.06349200915934 ], [ 74.791369800356662, 39.063196900698976 ], [ 74.791314812620385, 39.062620940175435 ], [ 74.791883867285136, 39.061867075523004 ], [ 74.792963447144004, 39.060979730414857 ], [ 74.793872306588142, 39.060314108200153 ], [ 74.794781664933097, 39.059471241513087 ], [ 74.795294233221611, 39.05862880450524 ], [ 74.795353602109316, 39.057698243094585 ], [ 74.794901954268255, 39.057078407315032 ], [ 74.79461945338457, 39.056768549962769 ], [ 74.794222441062573, 39.05685760084932 ], [ 74.793427374825384, 39.057390175455787 ], [ 74.792291435579386, 39.058188967005087 ], [ 74.791043021591349, 39.0586776993905 ], [ 74.790136255464176, 39.058634348524976 ], [ 74.789230939540545, 39.058103588745354 ], [ 74.78866532139125, 39.057705393239026 ], [ 74.788212011351419, 39.057661555646902 ], [ 74.787644146207938, 39.058016616324075 ], [ 74.787415828170609, 39.058548563507266 ], [ 74.787584012028688, 39.059168720550609 ], [ 74.788149368004312, 39.059655538683494 ], [ 74.788261408982919, 39.060098516636835 ], [ 74.787919590235575, 39.060674890604545 ], [ 74.78695451813914, 39.061163285434084 ], [ 74.785648662826503, 39.06187356735272 ], [ 74.784400273133173, 39.062317918180497 ], [ 74.783549335789033, 39.06254031761987 ], [ 74.783153903992186, 39.062097617188471 ], [ 74.782814749325681, 39.061787788319371 ], [ 74.781964086020636, 39.061921556561984 ], [ 74.781057010576063, 39.061966752424794 ], [ 74.780717868615383, 39.06165691748415 ], [ 74.780945973119898, 39.061213603527783 ], [ 74.781571671332017, 39.060504043441853 ], [ 74.7824239531828, 39.05983856664394 ], [ 74.783389985960994, 39.059040042522994 ], [ 74.784300395843601, 39.057887090899541 ], [ 74.785325072094238, 39.056423851662224 ], [ 74.786008972288315, 39.055182497243663 ], [ 74.786692312370775, 39.054118375827457 ], [ 74.787544466410679, 39.05345285827358 ], [ 74.788906957385507, 39.052698188666866 ], [ 74.790155149405308, 39.052253786067936 ], [ 74.791176100066394, 39.051986850360414 ], [ 74.791630547556153, 39.051631891503355 ], [ 74.791915095384397, 39.051232801839802 ], [ 74.791689567769822, 39.050834258520148 ], [ 74.790953186717132, 39.050702113733593 ], [ 74.789705815431034, 39.050880667740408 ], [ 74.788514189683212, 39.051369316269444 ], [ 74.78749230848814, 39.051946395887029 ], [ 74.786640569226194, 39.052478981289461 ], [ 74.785619192683455, 39.05287880692412 ], [ 74.784428178876936, 39.053145866112452 ], [ 74.782727062595924, 39.053413418668718 ], [ 74.781819275545544, 39.053724477923197 ], [ 74.780457790203741, 39.054124592046968 ], [ 74.778983482947538, 39.054347557961492 ], [ 74.77699906758167, 39.054570987952971 ], [ 74.775298310837385, 39.054705504573228 ], [ 74.772521661484845, 39.054530805783386 ], [ 74.771162110815837, 39.054310477725615 ], [ 74.770198590498296, 39.054311332777232 ], [ 74.769007492413991, 39.054578231923813 ], [ 74.767750779355055, 39.055373901643179 ], [ 74.766150150612276, 39.056390115177791 ], [ 74.764836183520956, 39.056963738785768 ], [ 74.763580274888426, 39.057227285482206 ], [ 74.762268351740886, 39.057180547253076 ], [ 74.760958372553901, 39.056557771372994 ], [ 74.759705009942337, 39.056068016476836 ], [ 74.75787909440767, 39.056197501522185 ], [ 74.755995515152478, 39.056504084524171 ], [ 74.753771181644169, 39.056366884678809 ], [ 74.751775505109848, 39.056097158450527 ], [ 74.750123680561629, 39.055384977905128 ], [ 74.748986074857172, 39.054452238861948 ], [ 74.747736146137072, 39.053031859116672 ], [ 74.747109776846216, 39.052720448855041 ], [ 74.745741381332707, 39.052540483198072 ], [ 74.743744082295038, 39.052758022879068 ], [ 74.741860050690491, 39.053197307173129 ], [ 74.74077460563494, 39.053638192290236 ], [ 74.740202546607478, 39.054080119644013 ], [ 74.740086994080329, 39.054478671205658 ], [ 74.740313710428552, 39.054877922167492 ], [ 74.740997438651661, 39.055100864723848 ], [ 74.742309952153349, 39.054970605314722 ], [ 74.743451649407376, 39.05475136681563 ], [ 74.743736713017299, 39.054796251834709 ], [ 74.743907204904957, 39.054973835233461 ], [ 74.743734631071788, 39.055372274157271 ], [ 74.743048001097904, 39.055946911859991 ], [ 74.742816601916843, 39.056832637541149 ], [ 74.743158076126036, 39.057054875209658 ], [ 74.743956407393142, 39.057145106659547 ], [ 74.746124969578332, 39.05692790505227 ], [ 74.746866730178169, 39.056885072148248 ], [ 74.747208375383451, 39.057062990498515 ], [ 74.74726431458717, 39.057373268881143 ], [ 74.746862772104947, 39.057992806852369 ], [ 74.746060935784712, 39.058877400510525 ], [ 74.745316126476098, 39.059762104039436 ], [ 74.744798541176678, 39.060913115449793 ], [ 74.744623400707908, 39.062020506085304 ], [ 74.744788325510811, 39.063748909491316 ], [ 74.745811604436852, 39.064770079307408 ], [ 74.746837283982103, 39.065126601499962 ], [ 74.747292284749818, 39.065526290805749 ], [ 74.747119384817623, 39.066013353357278 ], [ 74.746603525215349, 39.066676971804803 ], [ 74.746087655939064, 39.067340585610914 ], [ 74.74591490210463, 39.067783336516037 ], [ 74.745913948941308, 39.068049192257945 ], [ 74.745970529080438, 39.068182234291555 ], [ 74.746084163379336, 39.068315389275114 ], [ 74.746933683265809, 39.069886605346177 ], [ 74.746931904573472, 39.070384674030215 ], [ 74.746767784155054, 39.070805293082721 ], [ 74.746003701529744, 39.070880897435813 ], [ 74.744437307854, 39.070490370251548 ], [ 74.742585477980683, 39.070209925631595 ], [ 74.74144568271727, 39.070096929769228 ], [ 74.740518863789845, 39.070205721621534 ], [ 74.7395912285874, 39.070535869567074 ], [ 74.739089534991876, 39.071309617819757 ], [ 74.739156520307063, 39.072471922180739 ], [ 74.739651101874486, 39.073635105136255 ], [ 74.740841537189667, 39.074825046198875 ], [ 74.742564358327201, 39.076020720474112 ], [ 74.74420093328294, 39.076743461766078 ], [ 74.746407305099865, 39.077577998376668 ], [ 74.748683821671307, 39.078744681758174 ], [ 74.750675711754752, 39.079800080506814 ], [ 74.752097670748839, 39.080798996639388 ], [ 74.753872190989171, 39.082905399127434 ], [ 74.754510025494426, 39.083958111313756 ], [ 74.755164328236518, 39.085525634551495 ], [ 74.755355205345253, 39.086892818300406 ], [ 74.755279910391394, 39.088054839023151 ], [ 74.754489298331464, 39.089934919417139 ], [ 74.753985902542198, 39.091204711226865 ], [ 74.753553776075265, 39.092474675996691 ], [ 74.752980026691105, 39.09346784671294 ], [ 74.752122080014274, 39.09418378554912 ], [ 74.750694599440536, 39.094676889471778 ], [ 74.749838958568517, 39.094729545011461 ], [ 74.749268860708938, 39.094672526164821 ], [ 74.749059506421361, 39.093400611288203 ], [ 74.749564570017455, 39.091688703645417 ], [ 74.749714368639587, 39.089644068801661 ], [ 74.749433740426227, 39.088371935191049 ], [ 74.749215003600852, 39.088125288657167 ], [ 74.748213577696504, 39.08856275519291 ], [ 74.742174631751439, 39.091804632558834 ], [ 74.737796772258719, 39.094840307622 ], [ 74.735337294453743, 39.096325333849713 ], [ 74.727795101486223, 39.102284238472059 ], [ 74.726699566227538, 39.1034190849455 ], [ 74.722156435076187, 39.106819153855589 ], [ 74.714461722445023, 39.110769461349967 ], [ 74.709047093107287, 39.113952932510429 ], [ 74.702056943345085, 39.119131131976296 ], [ 74.675481895291327, 39.129444593729815 ], [ 74.657859934427691, 39.136324387296717 ], [ 74.657860934427688, 39.136324387296717 ], [ 74.658333337777833, 39.136610860184575 ], [ 74.658398001455396, 39.136866592789197 ], [ 74.658066682101961, 39.137018944461055 ], [ 74.655811118817709, 39.137166014046244 ], [ 74.652844119541683, 39.137310267944471 ], [ 74.650475573272956, 39.137613071604427 ], [ 74.647647963215817, 39.13771063550201 ], [ 74.644756377262354, 39.13750137299219 ], [ 74.64258769505156, 39.137344379067848 ], [ 74.64074595775503, 39.137494555479762 ], [ 74.639099649753703, 39.137951688427137 ], [ 74.638044426624816, 39.138512046523239 ], [ 74.637185521880639, 39.13922605902647 ], [ 74.636392952248272, 39.139837966641679 ], [ 74.635996501245856, 39.140397553368722 ], [ 74.63599364294717, 39.14065499453217 ], [ 74.637441291446123, 39.14045309879841 ], [ 74.640072377779902, 39.140253228699926 ], [ 74.645004298697572, 39.140108298086872 ], [ 74.647962912429037, 39.140113233967256 ], [ 74.652365933516876, 39.140478195043002 ], [ 74.655600250626946, 39.140742587367249 ], [ 74.659233249754777, 39.141162142644269 ], [ 74.661741514653443, 39.141782756745158 ], [ 74.66544042299607, 39.142253417534192 ], [ 74.669470147885093, 39.142673791899945 ], [ 74.674096452124218, 39.142789048306639 ], [ 74.676144127867744, 39.143050303284802 ], [ 74.678190188544889, 39.1436181684034 ], [ 74.680367400453335, 39.144390790270684 ], [ 74.683735001939112, 39.145064394519771 ], [ 74.68664181709002, 39.145378903117717 ], [ 74.689615816343647, 39.145489087490752 ], [ 74.691135343780985, 39.145646451642996 ], [ 74.692323329806086, 39.146007356440116 ], [ 74.692716801857543, 39.146621695470422 ], [ 74.692577811432187, 39.147950146066179 ], [ 74.692040356226542, 39.149635299726285 ], [ 74.691768350626205, 39.151116719971654 ], [ 74.691764685618125, 39.151832228222474 ], [ 74.691629590735374, 39.152394061373691 ], [ 74.691430747655176, 39.15249575031271 ], [ 74.690836307701474, 39.152391957492817 ], [ 74.689384322443544, 39.151928117023807 ], [ 74.688129616666529, 39.151669221486834 ], [ 74.687600237850162, 39.151770018950977 ], [ 74.686870413290691, 39.152279143278101 ], [ 74.686468724645252, 39.15324911909542 ], [ 74.686001980790977, 39.154014485480538 ], [ 74.685273721785066, 39.154216951496338 ], [ 74.683556766639995, 39.153854540166549 ], [ 74.682173056512084, 39.152981930084337 ], [ 74.681780715322091, 39.152163126627741 ], [ 74.680594301046625, 39.151495468838654 ], [ 74.678678848698624, 39.151183549055119 ], [ 74.677223427920921, 39.151383957837851 ], [ 74.675835474344723, 39.151328993572406 ], [ 74.674250576879899, 39.151017919962733 ], [ 74.672469029886045, 39.150399622179044 ], [ 74.669365702268024, 39.149726445070414 ], [ 74.66771364809675, 39.149619524743855 ], [ 74.666455703807429, 39.149973687035668 ], [ 74.666319574712332, 39.150688812844813 ], [ 74.666910606754399, 39.151406021117346 ], [ 74.668162160201248, 39.152227326282599 ], [ 74.669019044745667, 39.152689740185913 ], [ 74.669215142993892, 39.15309916435271 ], [ 74.668816825289625, 39.153404680900252 ], [ 74.667693270892499, 39.15335037066523 ], [ 74.665120123263947, 39.152423051032201 ], [ 74.66294226467015, 39.151752358586741 ], [ 74.660765588205749, 39.150877196246711 ], [ 74.658983877099047, 39.150309801859883 ], [ 74.657793987209047, 39.150306309728165 ], [ 74.655409314485993, 39.151168119327849 ], [ 74.654971769865185, 39.151587376280027 ], [ 74.65374943730987, 39.152440900558425 ], [ 74.652758670592675, 39.15238698266441 ], [ 74.650592137471847, 39.151770171089964 ], [ 74.648553936423426, 39.151715716219066 ], [ 74.647369709383867, 39.151815971160268 ], [ 74.646709778540057, 39.152223736112184 ], [ 74.646508676763744, 39.15288780388461 ], [ 74.647163034047651, 39.153451080410107 ], [ 74.648933565179178, 39.15432284384665 ], [ 74.651296861294711, 39.155042224341869 ], [ 74.653399216070795, 39.155915218437848 ], [ 74.65550840698404, 39.157045860417554 ], [ 74.657286244288912, 39.158328810498134 ], [ 74.659327458880128, 39.159816940285964 ], [ 74.660677075427671, 39.160712054756587 ], [ 74.66242348954782, 39.161870283558521 ], [ 74.670724441885582, 39.16736263062662 ], [ 74.672041615448336, 39.168337402364656 ], [ 74.673092679896612, 39.169618062066291 ], [ 74.673679263174691, 39.17120405915059 ], [ 74.674003568242995, 39.172380453361484 ], [ 74.673801067659269, 39.173146509179574 ], [ 74.67326875194999, 39.173758313533753 ], [ 74.672469984900033, 39.174727120806629 ], [ 74.671472809312078, 39.175695365459909 ], [ 74.670609254900754, 39.176408437767329 ], [ 74.669682052292998, 39.176661352278039 ], [ 74.668229151408724, 39.176299464059625 ], [ 74.667238608945055, 39.176041095982718 ], [ 74.666641485392375, 39.17639714317874 ], [ 74.66670173469582, 39.177470586086962 ], [ 74.666891446369206, 39.179055476988296 ], [ 74.667147581260934, 39.180589451832297 ], [ 74.66687912688532, 39.181304196398187 ], [ 74.66641506599376, 39.181507298130299 ], [ 74.665754847757725, 39.181300972346193 ], [ 74.66496799279065, 39.180072118514403 ], [ 74.663920304765568, 39.178178102535597 ], [ 74.663268885962182, 39.176387437128547 ], [ 74.662617215160196, 39.174647876488407 ], [ 74.661504394564602, 39.17260032418455 ], [ 74.660524741822712, 39.170399824127422 ], [ 74.659540017209082, 39.169119245391009 ], [ 74.658091902501639, 39.167939514339679 ], [ 74.656776654702469, 39.166657941625331 ], [ 74.655528724095504, 39.165172120761397 ], [ 74.655317006340681, 39.164932688508735 ], [ 74.654214728390997, 39.16368608797665 ], [ 74.651073096722087, 39.1596926750099 ], [ 74.650680543963844, 39.159334280173034 ], [ 74.650219022707816, 39.159537958694472 ], [ 74.650214648054131, 39.160304567111616 ], [ 74.650798676328563, 39.161685434998802 ], [ 74.651843396848832, 39.163015936648243 ], [ 74.652493828681642, 39.16429468658631 ], [ 74.652487159550418, 39.165470154081376 ], [ 74.651825673317205, 39.166133484018779 ], [ 74.651142326663745, 39.166335847654594 ], [ 74.650575358404993, 39.166711115964894 ], [ 74.650491452128932, 39.167275273253352 ], [ 74.650673783101638, 39.167950698866832 ], [ 74.651365120700419, 39.169721967484513 ], [ 74.651999255865789, 39.171729371640907 ], [ 74.652955493995961, 39.174051061395424 ], [ 74.653840415734422, 39.175370386244232 ], [ 74.65513313117394, 39.176314715502755 ], [ 74.656424472527661, 39.17750982521649 ], [ 74.657551837273076, 39.179017935019033 ], [ 74.658271130791107, 39.180963733237121 ], [ 74.658748457895598, 39.182658021566091 ], [ 74.658819774583506, 39.18441381452719 ], [ 74.658404609053179, 39.186105482089793 ], [ 74.657913203959652, 39.186919133501775 ], [ 74.657099692823763, 39.187292935576146 ], [ 74.656369428503112, 39.18729078195215 ], [ 74.655804274620436, 39.186787516796578 ], [ 74.654998544957365, 39.185781941910584 ], [ 74.653549068244502, 39.183833954152838 ], [ 74.652338629137404, 39.183015762128633 ], [ 74.651536550850167, 39.182136671935439 ], [ 74.650415247078769, 39.180630065540619 ], [ 74.649132583278032, 39.179123182960289 ], [ 74.647767831079435, 39.177866944823805 ], [ 74.646402043478702, 39.176798788809812 ], [ 74.64511844739792, 39.175479955441645 ], [ 74.643271108617753, 39.173972056407763 ], [ 74.642532686433739, 39.173284093192422 ], [ 74.641585605697657, 39.172401705245221 ], [ 74.640707848683206, 39.170707324184029 ], [ 74.64023212461386, 39.169264425473237 ], [ 74.638968646640365, 39.164559800948041 ], [ 74.63785268073957, 39.162237990461144 ], [ 74.63665167015175, 39.160668410171667 ], [ 74.635449970161957, 39.159224214819425 ], [ 74.634087334387161, 39.157717020123023 ], [ 74.632805804905374, 39.156147256747765 ], [ 74.631521713428526, 39.155016368214866 ], [ 74.630075938684669, 39.153947872931745 ], [ 74.628710501308689, 39.152942207425411 ], [ 74.627101577646698, 39.152186873409335 ], [ 74.626536113252172, 39.152311232863113 ], [ 74.626371357971308, 39.152875225136434 ], [ 74.626446349208805, 39.153815852231844 ], [ 74.626762230158448, 39.154945019627974 ], [ 74.627562185282628, 39.1560750741343 ], [ 74.629009470113232, 39.156892805358233 ], [ 74.630132950691674, 39.157898032444109 ], [ 74.631013669419872, 39.159028208781059 ], [ 74.632367671185776, 39.161977504445709 ], [ 74.632761757451135, 39.163545689544087 ], [ 74.633072558810653, 39.165552619894548 ], [ 74.63378421990582, 39.167999153880572 ], [ 74.634418957907869, 39.169818556023593 ], [ 74.63473057680325, 39.171700082944554 ], [ 74.635515513955198, 39.176439017258133 ], [ 74.635665533741047, 39.177344653288543 ], [ 74.636384436898851, 39.178599899821528 ], [ 74.637264774722979, 39.179855423662197 ], [ 74.638144773121368, 39.181173639248932 ], [ 74.638539829392329, 39.182616403725461 ], [ 74.63852877600084, 39.182822762181665 ], [ 74.638449169225282, 39.184309118762734 ], [ 74.638361456707287, 39.185500247652833 ], [ 74.638838353785587, 39.186755054900324 ], [ 74.639557777541029, 39.187947582085137 ], [ 74.640600449274743, 39.189077963445413 ], [ 74.64075674809915, 39.189956016712671 ], [ 74.640674565207775, 39.190206671952154 ], [ 74.640269517562558, 39.19045676986098 ], [ 74.639623789259986, 39.190455654910494 ], [ 74.638898447213336, 39.190266301290414 ], [ 74.637852463982071, 39.189700190892282 ], [ 74.636403661637758, 39.189007967281853 ], [ 74.635356230200031, 39.188692628245555 ], [ 74.634710518331445, 39.188691486141849 ], [ 74.633738593415174, 39.189254050828836 ], [ 74.632446783849517, 39.189314445707645 ], [ 74.630995417965551, 39.189061041611261 ], [ 74.629466359313966, 39.188305888352325 ], [ 74.627938093033109, 39.187425316082965 ], [ 74.62665275606939, 39.18641977663092 ], [ 74.625609586962071, 39.185414667980453 ], [ 74.625132169960395, 39.184285204260625 ], [ 74.624655150752389, 39.183093037789803 ], [ 74.624339181219696, 39.181963869690286 ], [ 74.624214313628016, 39.181492278458791 ], [ 74.624023601939257, 39.180771999884563 ], [ 74.623947090156719, 39.180082169328927 ], [ 74.623222281205202, 39.17983002008063 ], [ 74.622494415875593, 39.180079453724851 ], [ 74.621844950047063, 39.180705224849184 ], [ 74.621110159116583, 39.182083216379503 ], [ 74.620739647621406, 39.183045584371961 ], [ 74.620290014222462, 39.184213430530889 ], [ 74.620034030567325, 39.186470108190989 ], [ 74.620183523467446, 39.188414057323968 ], [ 74.62066011885689, 39.189668939124751 ], [ 74.621378109788665, 39.191049669226238 ], [ 74.622016563566291, 39.192242150629745 ], [ 74.622249583461894, 39.193937353892963 ], [ 74.622325934146872, 39.194753537176254 ], [ 74.622156083141164, 39.196322527480753 ], [ 74.62126240446436, 39.197387975968482 ], [ 74.620373763148407, 39.197511842916057 ], [ 74.619487833376525, 39.197133528449541 ], [ 74.618442839289997, 39.196315497350277 ], [ 74.617884243626278, 39.195121754956162 ], [ 74.617568847758761, 39.193740160224692 ], [ 74.617574972345665, 39.192610269539408 ], [ 74.617111362748147, 39.189223278241748 ], [ 74.616475739997369, 39.187591884116948 ], [ 74.615918909990512, 39.186274133458618 ], [ 74.615498044706072, 39.1850368289318 ], [ 74.61536404935444, 39.184642886130035 ], [ 74.615054448664822, 39.1825105227772 ], [ 74.614665719751997, 39.180127207962101 ], [ 74.614268829330427, 39.179060552392379 ], [ 74.613869606582384, 39.178370085575573 ], [ 74.613630624224243, 39.177868027085275 ], [ 74.612991270483619, 39.176863595558132 ], [ 74.612673947943776, 39.175985186998872 ], [ 74.612195235220469, 39.175106461141368 ], [ 74.610192335521731, 39.172782647575353 ], [ 74.609473954890717, 39.171527240817838 ], [ 74.608913829427976, 39.170773737886883 ], [ 74.608434804450496, 39.169957694637347 ], [ 74.60779559556903, 39.168953231725347 ], [ 74.606991059348772, 39.168575423786599 ], [ 74.60642661900809, 39.168511591459897 ], [ 74.606100679348089, 39.169012527358632 ], [ 74.60601085204938, 39.170454423705586 ], [ 74.606484297623922, 39.172148251882724 ], [ 74.607039255061196, 39.173716845090738 ], [ 74.607678101009924, 39.174784007609681 ], [ 74.608641343779084, 39.175601020807242 ], [ 74.610171871597743, 39.176042956913719 ], [ 74.611217037687226, 39.176672011130812 ], [ 74.611695748655251, 39.177550740762932 ], [ 74.611929227999028, 39.178930577909469 ], [ 74.611920208954544, 39.180372637553859 ], [ 74.611667502839637, 39.182065012226936 ], [ 74.611495886036423, 39.183694846292902 ], [ 74.611566391561595, 39.18532515827053 ], [ 74.611962884466465, 39.186454517892237 ], [ 74.612361739979804, 39.187207688679116 ], [ 74.61243892689582, 39.187772131196638 ], [ 74.612034185034432, 39.187959432367741 ], [ 74.611470370983483, 39.187770225123742 ], [ 74.610586853965444, 39.18707879420181 ], [ 74.608901771484696, 39.185507975868823 ], [ 74.608104161877066, 39.184001609220076 ], [ 74.60714913272615, 39.181867932932924 ], [ 74.606110282926153, 39.180235670008791 ], [ 74.604828973386589, 39.178665606115949 ], [ 74.60386693077092, 39.177660469195587 ], [ 74.603383121154607, 39.177596783591916 ], [ 74.603139020512458, 39.177909779542823 ], [ 74.60321732312822, 39.178286133774755 ], [ 74.603767063203136, 39.180669816051278 ], [ 74.604241717775594, 39.182175555685205 ], [ 74.60519865096721, 39.183995766295716 ], [ 74.60648006453377, 39.18556582522293 ], [ 74.607762327427906, 39.18701047346611 ], [ 74.608104891349839, 39.187672295405569 ], [ 74.608639491047001, 39.188705097265 ], [ 74.609595049382747, 39.190776061320705 ], [ 74.609744245400108, 39.192783312681605 ], [ 74.609654494947534, 39.194415216554397 ], [ 74.609242198944216, 39.195983703901483 ], [ 74.608509427240534, 39.197112146942864 ], [ 74.607374753278251, 39.197925918860903 ], [ 74.605837830663091, 39.198487778370605 ], [ 74.604381960638491, 39.198987008682707 ], [ 74.602039856192803, 39.199170546519071 ], [ 74.600183872961878, 39.199041182529889 ], [ 74.599299457064745, 39.198411629548261 ], [ 74.598659015678564, 39.197468715249229 ], [ 74.598262192826397, 39.196275216034799 ], [ 74.598430785404133, 39.195020121491773 ], [ 74.59901838453159, 39.19119346166795 ], [ 74.599051649633267, 39.190539076971923 ], [ 74.595725305407484, 39.192736752085025 ], [ 74.592064380110344, 39.194453709307901 ], [ 74.589519973219865, 39.194938977134832 ], [ 74.579617719593074, 39.197066910429427 ], [ 74.579845068074732, 39.197734477907638 ], [ 74.580245770880282, 39.198809963576203 ], [ 74.581285508620184, 39.200444361821553 ], [ 74.582409741871999, 39.201451217473789 ], [ 74.583775825443283, 39.202521366844181 ], [ 74.584817916446227, 39.203779106004177 ], [ 74.585295286881362, 39.20497282555381 ], [ 74.585205322188941, 39.206541929519467 ], [ 74.584553160442013, 39.207607621993368 ], [ 74.584550750966386, 39.207609817919852 ], [ 74.583660251348675, 39.20842169157153 ], [ 74.582607332329843, 39.208984309526912 ], [ 74.580911484811836, 39.209043309800435 ], [ 74.579944883594351, 39.208664515601463 ], [ 74.578657602379039, 39.20790835827912 ], [ 74.57785437944284, 39.207216055518082 ], [ 74.577213770576265, 39.206335798131938 ], [ 74.576332110176892, 39.205266673161383 ], [ 74.575530076419071, 39.204386037579376 ], [ 74.57480954922481, 39.203380040747852 ], [ 74.572366312892271, 39.199028638863169 ], [ 74.571774576074219, 39.197974663242924 ], [ 74.570330335178582, 39.196527559445116 ], [ 74.568804666079544, 39.195205789451315 ], [ 74.56752236729821, 39.193696255178111 ], [ 74.566884321203034, 39.192439310956786 ], [ 74.566328581590767, 39.191058263533982 ], [ 74.565855111424824, 39.189489678045732 ], [ 74.565545255861934, 39.187607982316699 ], [ 74.56515340338909, 39.185914188069937 ], [ 74.564514667230554, 39.184909493091922 ], [ 74.56362860556051, 39.184656591525844 ], [ 74.562981191419823, 39.184905843654938 ], [ 74.562490393462767, 39.185845154237612 ], [ 74.562321556814808, 39.186910627787668 ], [ 74.562394853310664, 39.18797668176019 ], [ 74.56342671000597, 39.190487094639273 ], [ 74.563818205979402, 39.19224374456315 ], [ 74.564452317441791, 39.194128416851839 ], [ 74.565330951935266, 39.195637031127319 ], [ 74.566293819499677, 39.196580887403861 ], [ 74.567418931165633, 39.197399572301073 ], [ 74.56854291713185, 39.198406558663443 ], [ 74.569590839516295, 39.199878316936932 ], [ 74.569978737068865, 39.201234653503143 ], [ 74.570131009315816, 39.202741539903975 ], [ 74.570120675961363, 39.204436362910499 ], [ 74.570108425546849, 39.206445039626097 ], [ 74.569778977253705, 39.207511398009814 ], [ 74.568882062014993, 39.208953066006202 ], [ 74.567906677518451, 39.21001790913477 ], [ 74.566770943938806, 39.210894049934275 ], [ 74.56571940390387, 39.211205430144915 ], [ 74.564510251313848, 39.210888705993611 ], [ 74.563949352137797, 39.21019688248257 ], [ 74.564036302182004, 39.209192736372259 ], [ 74.564609603224923, 39.20787588548 ], [ 74.564533907956417, 39.207059667565566 ], [ 74.564131397682758, 39.206870395518656 ], [ 74.563161029056147, 39.207119174930149 ], [ 74.562428963486184, 39.207996235041108 ], [ 74.561699610898799, 39.20843389463198 ], [ 74.561457792678027, 39.208370542051583 ], [ 74.56122027147866, 39.207616707105224 ], [ 74.561387599560547, 39.206675528545752 ], [ 74.562038934821885, 39.205798281660392 ], [ 74.562690250929919, 39.204921028647036 ], [ 74.562534629175687, 39.20397907663547 ], [ 74.562054140472796, 39.203350206265064 ], [ 74.561216460595901, 39.202693690257767 ], [ 74.561215460595903, 39.202693690257767 ], [ 74.555529568729753, 39.204658789661337 ], [ 74.547073004809263, 39.206815638769982 ], [ 74.546848606635692, 39.207706857125281 ], [ 74.546603572794979, 39.208145642860515 ], [ 74.546436851451418, 39.208961257098331 ], [ 74.546751727248434, 39.210217491563156 ], [ 74.547467086750075, 39.211976910916682 ], [ 74.548020996306406, 39.213735919814475 ], [ 74.548014151945083, 39.214803024452863 ], [ 74.547364979781108, 39.215303567670901 ], [ 74.546153820815931, 39.215300508279476 ], [ 74.545106581126646, 39.214921221758416 ], [ 74.543820373111927, 39.214039140264283 ], [ 74.542777235783916, 39.213032125270921 ], [ 74.542219794611697, 39.211838030128554 ], [ 74.541986140897123, 39.210519219411665 ], [ 74.541911112914235, 39.209640219025374 ], [ 74.541784150013399, 39.208037770848783 ], [ 74.541612653587308, 39.205873134729543 ], [ 74.540584394247688, 39.202606342333802 ], [ 74.539550079381527, 39.200281106131193 ], [ 74.538748560553941, 39.199400219609615 ], [ 74.538105631757347, 39.198959146559829 ], [ 74.53649693313821, 39.19813891859841 ], [ 74.534971179184168, 39.197193339600645 ], [ 74.533527339842138, 39.196059641753962 ], [ 74.531683603433748, 39.194607638362783 ], [ 74.529680844466696, 39.193025640141393 ], [ 74.527838140312724, 39.191509159870293 ], [ 74.52599204503413, 39.190310227181122 ], [ 74.524708513909346, 39.189364469236324 ], [ 74.52366108584387, 39.189359712208542 ], [ 74.52325597209348, 39.189733846352908 ], [ 74.523330522152065, 39.190736787603541 ], [ 74.523885545985266, 39.192181471304444 ], [ 74.524843488589696, 39.193381308467927 ], [ 74.527320704461857, 39.196161020807516 ], [ 74.528681192644655, 39.197425565171152 ], [ 74.530042383640605, 39.198749593548065 ], [ 74.531645399362176, 39.200197616905953 ], [ 74.533490796885289, 39.201583486420027 ], [ 74.535333371968051, 39.203408723563449 ], [ 74.536212107389574, 39.204666464708623 ], [ 74.53636760318615, 39.205545679278508 ], [ 74.536201783846607, 39.206235737753012 ], [ 74.53555253651335, 39.206861758146118 ], [ 74.535386706001319, 39.207551812986367 ], [ 74.535622426475555, 39.208494011210355 ], [ 74.535691345606082, 39.209824468797919 ], [ 74.535525655105815, 39.21094186435819 ], [ 74.535196453187964, 39.211945350556334 ], [ 74.53430520842231, 39.212570726240003 ], [ 74.533841983419862, 39.2127355226622 ], [ 74.533254314525692, 39.212944586777425 ], [ 74.531963968972931, 39.212941172979967 ], [ 74.529466023742216, 39.212620659084621 ], [ 74.527790035648223, 39.212140893516775 ], [ 74.525842858841457, 39.211732109828475 ], [ 74.524069516652219, 39.211601754617391 ], [ 74.52253981296009, 39.211220953088187 ], [ 74.521496122987045, 39.210527603858935 ], [ 74.520615445380471, 39.209583608289542 ], [ 74.519575647689635, 39.208325305344893 ], [ 74.518535029798841, 39.207192536548717 ], [ 74.517576691386282, 39.205932165105061 ], [ 74.516781795706152, 39.204481339518182 ], [ 74.516230612966808, 39.202779951141864 ], [ 74.515518764916806, 39.201014897471502 ], [ 74.514968596833313, 39.199187666555083 ], [ 74.51441701563958, 39.197549188801077 ], [ 74.513460158800896, 39.196223429337373 ], [ 74.512422280138722, 39.194960206720488 ], [ 74.511141257811659, 39.193884602155585 ], [ 74.510179669037356, 39.193187997660189 ], [ 74.50865164969305, 39.192803338948096 ], [ 74.507603687772516, 39.192861352959717 ], [ 74.507277977095882, 39.193300267409633 ], [ 74.507515810959362, 39.193804745527757 ], [ 74.508150698654163, 39.195066126701498 ], [ 74.509106468617503, 39.196517765148954 ], [ 74.51030402038451, 39.197970522303144 ], [ 74.511099675176538, 39.199295556565069 ], [ 74.511732260467014, 39.20087150726566 ], [ 74.512201287489134, 39.202761296963416 ], [ 74.512510610532019, 39.20446158208869 ], [ 74.512502409181238, 39.205531188063361 ], [ 74.512575762544003, 39.2064753313756 ], [ 74.512892341517357, 39.207231842470883 ], [ 74.514570827915421, 39.209064307812739 ], [ 74.515447851429414, 39.210510861536179 ], [ 74.516001579320786, 39.212081702626953 ], [ 74.516391885177029, 39.213965947991845 ], [ 74.516629515301346, 39.215411641652054 ], [ 74.516701563633106, 39.215849965100531 ], [ 74.516610149206755, 39.217419004139693 ], [ 74.516038692346797, 39.218421762226541 ], [ 74.515228279787792, 39.218984442817465 ], [ 74.51369586686485, 39.218980147595737 ], [ 74.511116702939617, 39.218721787148894 ], [ 74.508050336789552, 39.218650329055819 ], [ 74.504825775060496, 39.218703801986273 ], [ 74.502805911286856, 39.219200130280946 ], [ 74.501186178554732, 39.22013699240884 ], [ 74.499888577535614, 39.22113754716095 ], [ 74.498430967379264, 39.221949301362102 ], [ 74.497541059134875, 39.222323310787324 ], [ 74.496896183691547, 39.222320252681421 ], [ 74.496253800215754, 39.222002580919316 ], [ 74.495694517780493, 39.221370703058618 ], [ 74.495062612813825, 39.219731754421133 ], [ 74.494512835024139, 39.217904435259861 ], [ 74.494204391664539, 39.216141191151763 ], [ 74.493816861888817, 39.214188806841463 ], [ 74.493589545678546, 39.212363031046948 ], [ 74.493197055404238, 39.211039819792887 ], [ 74.492715979618197, 39.210722904111307 ], [ 74.492473195461272, 39.210847575893119 ], [ 74.492144303910166, 39.211663953343418 ], [ 74.492212383673902, 39.213237284775019 ], [ 74.492811156515174, 39.219028816574749 ], [ 74.492795650592484, 39.220979263809646 ], [ 74.49238059851524, 39.222487345480971 ], [ 74.491885230761639, 39.223955796885576 ], [ 74.491867378930664, 39.226197152545517 ], [ 74.492252216721326, 39.228710302842821 ], [ 74.492876292414778, 39.231662434621576 ], [ 74.493991207671769, 39.233674453493187 ], [ 74.495515842277072, 39.23480887400865 ], [ 74.497200080798933, 39.236194830971222 ], [ 74.498482799355756, 39.2373284988563 ], [ 74.499521748930647, 39.238712524333508 ], [ 74.499593949696816, 39.239905393316469 ], [ 74.499268562995965, 39.240281068192992 ], [ 74.498057058857555, 39.240465821149648 ], [ 74.495635377505238, 39.240646980141143 ], [ 74.494426110840976, 39.240517843973706 ], [ 74.493057750693652, 39.24007436258993 ], [ 74.492092793142959, 39.23963207551202 ], [ 74.490889448973888, 39.238686891558977 ], [ 74.488637826695964, 39.23767575656781 ], [ 74.486142412402472, 39.236914921745822 ], [ 74.48509595329709, 39.236597869148994 ], [ 74.483887233588476, 39.236405855209242 ], [ 74.481869949375181, 39.236462423859251 ], [ 74.480418760114617, 39.236332396978533 ], [ 74.479296020214008, 39.235510920566753 ], [ 74.478419940454543, 39.23418527929185 ], [ 74.477945971143669, 39.232987460066845 ], [ 74.477551607238638, 39.231915873121551 ], [ 74.47749309407952, 39.229210027600239 ], [ 74.47749962544728, 39.228410461473651 ], [ 74.47750748640378, 39.227448339828499 ], [ 74.477766282714541, 39.225373262118637 ], [ 74.478422468043007, 39.223992263513153 ], [ 74.478676097763824, 39.222546355665152 ], [ 74.478448122809951, 39.220846390093847 ], [ 74.478139042528539, 39.219208943931754 ], [ 74.477345846120798, 39.217632022237296 ], [ 74.47622770076218, 39.216368084070297 ], [ 74.47510805102462, 39.215292887314781 ], [ 74.474066964812792, 39.21446975375855 ], [ 74.473187100548202, 39.213647412084377 ], [ 74.47238837326114, 39.212762547503004 ], [ 74.47045455430343, 39.21268996395596 ], [ 74.47083320878221, 39.21366043469272 ], [ 74.471401108672637, 39.215224976188033 ], [ 74.471842870264354, 39.216436243949268 ], [ 74.472154332058068, 39.217797992435472 ], [ 74.472587410450856, 39.22006714002142 ], [ 74.47321579222087, 39.22213574785011 ], [ 74.473397392619091, 39.223597597907236 ], [ 74.473512386897141, 39.225311004815545 ], [ 74.473624482938447, 39.227377037645155 ], [ 74.473482547754443, 39.228938029358879 ], [ 74.473229946796963, 39.229705623990824 ], [ 74.473019113329045, 39.230346288848075 ], [ 74.472232500693536, 39.231803308427288 ], [ 74.471573292032176, 39.233462469244451 ], [ 74.4712384747084, 39.234921739400001 ], [ 74.470716232991037, 39.235624411473879 ], [ 74.469163643821275, 39.23601965048131 ], [ 74.467419053327305, 39.236212392896277 ], [ 74.465870215478077, 39.236154212068996 ], [ 74.465550812882526, 39.235749580065601 ], [ 74.465235200183102, 39.234891571507106 ], [ 74.464855887095922, 39.233932486034654 ], [ 74.46434664190545, 39.233073497245712 ], [ 74.463435529930479, 39.232305083853753 ], [ 74.457579078243484, 39.233845960289905 ], [ 74.458010143915786, 39.234300703241757 ], [ 74.458069162613782, 39.234955910360803 ], [ 74.457678448469537, 39.235356932149664 ], [ 74.456967955543107, 39.235403672378588 ], [ 74.455160935482539, 39.235344023623441 ], [ 74.452964894379363, 39.235483852742597 ], [ 74.451153142070439, 39.235978270845571 ], [ 74.449859942433278, 39.236223460384551 ], [ 74.449472628398752, 39.236221452487612 ], [ 74.449331128548664, 39.235844232513188 ], [ 74.445727752928406, 39.236716430773953 ], [ 74.432108532127813, 39.23976302905541 ], [ 74.428736396644311, 39.240390044264501 ], [ 74.425373654847732, 39.241300070580081 ], [ 74.421257649157099, 39.242157494782518 ], [ 74.418021380753444, 39.242799720520509 ], [ 74.415982688382542, 39.243305179432312 ], [ 74.412279309159302, 39.244021555462275 ], [ 74.404769813111002, 39.244837096217395 ], [ 74.396859957893298, 39.245869765357099 ], [ 74.394225155611039, 39.24631369372274 ], [ 74.392036412989171, 39.246644507414366 ], [ 74.390493125770121, 39.246785870565901 ], [ 74.389101540284244, 39.246850366332147 ], [ 74.38318984101943, 39.246830552354332 ], [ 74.378174996667767, 39.246741090948532 ], [ 74.3746353229687, 39.246787716467637 ], [ 74.371125549039817, 39.246992101808956 ], [ 74.368287718313084, 39.247155194876321 ], [ 74.368411847883209, 39.247386059580712 ], [ 74.368599656694798, 39.247991776485172 ], [ 74.368465144008994, 39.248545073981077 ], [ 74.367937857565664, 39.249650030574067 ], [ 74.367479534513279, 39.250302027361066 ], [ 74.366895512038639, 39.250600582797773 ], [ 74.366250359693794, 39.250546104993951 ], [ 74.365608160552085, 39.250189379531832 ], [ 74.364968427914093, 39.249580778223276 ], [ 74.364459805944705, 39.248771501425765 ], [ 74.364274496060176, 39.247913905842907 ], [ 74.364313015717499, 39.247392648133598 ], [ 74.361480424145057, 39.247604916411468 ], [ 74.35014122237807, 39.248784842102232 ], [ 74.344676167340083, 39.249224649751355 ], [ 74.33213772852605, 39.250981359393585 ], [ 74.328048970393894, 39.251614170334044 ], [ 74.328047970393897, 39.251614170334044 ], [ 74.328279657144094, 39.252495019153436 ], [ 74.32820449565871, 39.253398801857138 ], [ 74.327942967598503, 39.253699021086042 ], [ 74.327362530751074, 39.253696460480349 ], [ 74.326592775655413, 39.253341461082734 ], [ 74.325953792904158, 39.252836351731254 ], [ 74.325038505036204, 39.252112805421575 ], [ 74.323121554170768, 39.252438474277454 ], [ 74.320873166000908, 39.252759508988113 ], [ 74.321048809796252, 39.25311591740364 ], [ 74.322062773118759, 39.254627296256494 ], [ 74.322951963218529, 39.255786513970982 ], [ 74.32326609048242, 39.25649110989805 ], [ 74.323131729058247, 39.256942569639662 ], [ 74.322486175944434, 39.256989924172288 ], [ 74.321648326153252, 39.256935960513452 ], [ 74.319272167938109, 39.256071449598892 ], [ 74.317541611591849, 39.255159566934232 ], [ 74.316002175456575, 39.25444943627047 ], [ 74.314333296075276, 39.253929401122505 ], [ 74.307579531200247, 39.254978230809492 ], [ 74.292300110985551, 39.256429566945549 ], [ 74.292299110985553, 39.256429566945549 ], [ 74.292368839388985, 39.256679182250039 ], [ 74.292295685084127, 39.257382184592679 ], [ 74.291968864691228, 39.257732979782702 ], [ 74.291449166478813, 39.258033073101068 ], [ 74.286985717662915, 39.259076850650104 ], [ 74.284981252512011, 39.259473674633156 ], [ 74.283100138866928, 39.260322818991 ], [ 74.28187025163848, 39.26067130793453 ], [ 74.280903369460447, 39.26061863543368 ], [ 74.280006633593104, 39.260114086093253 ], [ 74.279112423096834, 39.259408629695145 ], [ 74.277956464891119, 39.259003858738737 ], [ 74.276531435231277, 39.258797629541988 ], [ 74.271495983984451, 39.259495720914408 ], [ 74.268405851753627, 39.259867329596212 ], [ 74.267303785102087, 39.259999541536409 ], [ 74.266713261622925, 39.260581798412488 ], [ 74.266247106162609, 39.261735783108506 ], [ 74.266044040665349, 39.262488649531427 ], [ 74.265720257374824, 39.2625882393341 ], [ 74.26533451969037, 39.262486758275188 ], [ 74.264822969639098, 39.262133802277056 ], [ 74.26399402751332, 39.261378175983033 ], [ 74.263344734899746, 39.260564991539326 ], [ 74.259483696022201, 39.261181333134282 ], [ 74.256894753497477, 39.261554416517264 ], [ 74.251143915169479, 39.262174288641248 ], [ 74.244743545349408, 39.263691587619149 ], [ 74.234295736344805, 39.265802610114292 ], [ 74.227889985337299, 39.26682123673185 ], [ 74.217460069218902, 39.268789691222175 ], [ 74.207944617389771, 39.270800554913095 ], [ 74.196345810307179, 39.273223079345627 ], [ 74.184375832679066, 39.275636146025974 ], [ 74.184376832679064, 39.275636146025974 ], [ 74.183836747876839, 39.277151437056482 ], [ 74.182910440752039, 39.277800000362873 ], [ 74.181856052081073, 39.278196811857256 ], [ 74.18027257646014, 39.27894268450676 ], [ 74.179248886653951, 39.279574240679828 ], [ 74.179247886653954, 39.279574240679828 ], [ 74.183427111395446, 39.280550566754783 ], [ 74.190373190990371, 39.281199708410625 ], [ 74.20397150874679, 39.281533753160282 ], [ 74.231793399645383, 39.281600607825624 ], [ 74.268111991510096, 39.282315147167928 ], [ 74.290061267060253, 39.282210880128865 ], [ 74.323305570841811, 39.282871936214562 ], [ 74.335517816566366, 39.281575544380608 ], [ 74.349265191826461, 39.280411940657544 ], [ 74.372307730464527, 39.275697485929491 ], [ 74.391356799862862, 39.27095762808618 ], [ 74.422534456528723, 39.266647854919647 ], [ 74.43579353372391, 39.266092243293855 ], [ 74.447125429522828, 39.266767281101039 ], [ 74.467388122604774, 39.269344362644283 ], [ 74.484933501333501, 39.272030066669174 ], [ 74.489872177901262, 39.272451743381595 ], [ 74.490038151423661, 39.270742936634377 ], [ 74.490052438414054, 39.268772163150182 ], [ 74.490466615212398, 39.266737353707725 ], [ 74.491152109413562, 39.265371337455264 ] ], [ [ 74.775885668408776, 39.088111122850052 ], [ 74.775312570453806, 39.088691950430437 ], [ 74.774852435558586, 39.089674414535303 ], [ 74.774619092702878, 39.091192325735911 ], [ 74.774551728915995, 39.094406331036083 ], [ 74.774378485406231, 39.094986786362306 ], [ 74.77426265509429, 39.095477910970722 ], [ 74.774033129584055, 39.095790587291972 ], [ 74.773689909119454, 39.095924814684075 ], [ 74.773118589302058, 39.095925332451003 ], [ 74.772205335292782, 39.095658327900267 ], [ 74.771350519792236, 39.094989519084983 ], [ 74.770210358211585, 39.094231682154444 ], [ 74.769012066199892, 39.093786348959611 ], [ 74.768037034287204, 39.093562114241067 ], [ 74.76705983078854, 39.093471066748215 ], [ 74.766082334900858, 39.093469287685764 ], [ 74.765507634053165, 39.093378959682269 ], [ 74.764647069295478, 39.092797081567277 ], [ 74.764131955957225, 39.092081917501318 ], [ 74.763674350352844, 39.091366858647724 ], [ 74.763101163067574, 39.090830137899395 ], [ 74.762527235990603, 39.090516603653199 ], [ 74.762068456792477, 39.09015864495602 ], [ 74.761724977683485, 39.089711620336992 ], [ 74.761325812620512, 39.088728828358647 ], [ 74.761329122321712, 39.087746787315254 ], [ 74.76156166066626, 39.086988365541352 ], [ 74.761793290277367, 39.086497773268519 ], [ 74.762081509940629, 39.08627511664875 ], [ 74.762829378923314, 39.086142589131796 ], [ 74.764093650090331, 39.086323478738514 ], [ 74.765644804027843, 39.086683434411725 ], [ 74.767943841531007, 39.086910806916649 ], [ 74.77080537163917, 39.086910503734913 ], [ 74.773376276311652, 39.086818921647136 ], [ 74.775547726190268, 39.086593740338998 ], [ 74.776976825944146, 39.086279940484438 ], [ 74.778120714317723, 39.085832477635556 ], [ 74.779664589531521, 39.085339984155183 ], [ 74.781150906799056, 39.084981440324377 ], [ 74.782922961749904, 39.08457795594898 ], [ 74.785322805759776, 39.084352364343061 ], [ 74.788407570546767, 39.084304568328754 ], [ 74.789778937626721, 39.084303013421568 ], [ 74.790636340240766, 39.084569539552682 ], [ 74.79137886101725, 39.085148567875351 ], [ 74.791720987558676, 39.085772776642813 ], [ 74.791606025209475, 39.086129903582574 ], [ 74.790862249207734, 39.086309432533533 ], [ 74.789146664788987, 39.086222587089971 ], [ 74.788060184135972, 39.086134848406502 ], [ 74.787259282076548, 39.086269812263943 ], [ 74.786857963166582, 39.086850433686017 ], [ 74.786570489408177, 39.087743241819481 ], [ 74.78611104930026, 39.088859386415621 ], [ 74.785423508984266, 39.089574253377904 ], [ 74.78456482991983, 39.090021621308267 ], [ 74.783363364854921, 39.090246340037709 ], [ 74.782505819953059, 39.090202777930777 ], [ 74.781593570517131, 39.089623378078855 ], [ 74.780739153224445, 39.088820722191116 ], [ 74.779771363893744, 39.088458246943979 ], [ 74.779312664530948, 39.088286440876985 ], [ 74.777656710197462, 39.08806482610774 ], [ 74.776628729570803, 39.087976515981047 ], [ 74.775885668408776, 39.088111122850052 ] ], [ [ 74.536150524145668, 39.229017806635646 ], [ 74.535725608502048, 39.229748736622092 ], [ 74.534987155159172, 39.230926191387482 ], [ 74.534092959479821, 39.231940553623687 ], [ 74.533457599814426, 39.232874264959996 ], [ 74.533087358289151, 39.233686658968502 ], [ 74.533135580300851, 39.23429681805456 ], [ 74.53349712692561, 39.234948471907799 ], [ 74.534535457355091, 39.236008595142984 ], [ 74.535523694191184, 39.236743228819911 ], [ 74.536826543738272, 39.23751934336309 ], [ 74.537553944603729, 39.238009270469192 ], [ 74.537605137532353, 39.238334750112607 ], [ 74.537185698930756, 39.238455662779188 ], [ 74.536349992457602, 39.238412809421206 ], [ 74.535253965761697, 39.238165923349023 ], [ 74.534365286718653, 39.237878910721861 ], [ 74.533531882461233, 39.237592030903407 ], [ 74.532491305251426, 39.237019914650034 ], [ 74.531398289965338, 39.23632564532091 ], [ 74.530569068391898, 39.235266051218524 ], [ 74.530261795536205, 39.234167177750869 ], [ 74.530373105860122, 39.233150757249305 ], [ 74.530537947270147, 39.232093806483427 ], [ 74.530911732372786, 39.230752735889006 ], [ 74.531597719798597, 39.229615837858155 ], [ 74.532231614236025, 39.228600801151551 ], [ 74.532813612414628, 39.227829630287822 ], [ 74.533441972684102, 39.227343271643008 ], [ 74.534123236566998, 39.22706038727047 ], [ 74.534700904764577, 39.22693989551265 ], [ 74.535377478325557, 39.227063683192526 ], [ 74.535901274858404, 39.227187058565569 ], [ 74.536212962955958, 39.227472555470243 ], [ 74.536573841056025, 39.227920861891732 ], [ 74.536467107111449, 39.22840860455571 ], [ 74.536150524145668, 39.229017806635646 ] ], [ [ 74.565713330847572, 39.252385861587065 ], [ 74.566613352919418, 39.255973738247654 ], [ 74.567517974131206, 39.258665499257539 ], [ 74.567493716834747, 39.260565592807076 ], [ 74.567243849993162, 39.260929733784707 ], [ 74.566745281204163, 39.261142626016373 ], [ 74.56641444667423, 39.261034020625317 ], [ 74.565973833537115, 39.26064583261747 ], [ 74.565213422346204, 39.258836130480347 ], [ 74.563853593214446, 39.254888072253124 ], [ 74.562493911681443, 39.250939996344378 ], [ 74.561128441459559, 39.248425680525564 ], [ 74.559988211396586, 39.246449884476725 ], [ 74.557695680265951, 39.244290483477577 ], [ 74.556323992672006, 39.242492998137969 ], [ 74.554949977348627, 39.241233161921684 ], [ 74.554957907540626, 39.239978606181985 ], [ 74.556571287601827, 39.23998476416407 ], [ 74.557491092056139, 39.240167495300973 ], [ 74.560017573176751, 39.241431663215074 ], [ 74.563457999747257, 39.244491462492753 ], [ 74.564137289650176, 39.246465499036127 ], [ 74.564362247663425, 39.247362472185728 ], [ 74.564811075729779, 39.249335641668893 ], [ 74.565713330847572, 39.252385861587065 ] ] ], [ [ [ 74.599052684385967, 39.190538393323415 ], [ 74.599051684385969, 39.190538393323415 ], [ 74.599051649633267, 39.190539076971923 ], [ 74.599052684385967, 39.190538393323415 ] ] ], [ [ [ 74.463436292144181, 39.232304883309602 ], [ 74.463435292144183, 39.232304883309602 ], [ 74.463435529930479, 39.232305083853753 ], [ 74.463436292144181, 39.232304883309602 ] ] ], [ [ [ 74.449332045310314, 39.235844010610727 ], [ 74.449331045310316, 39.235844010610727 ], [ 74.449331128548664, 39.235844232513188 ], [ 74.449332045310314, 39.235844010610727 ] ] ], [ [ [ 74.65773302983601, 39.242743412437541 ], [ 74.657734029836007, 39.242743412437541 ], [ 74.657734050790182, 39.242743213789858 ], [ 74.65773302983601, 39.242743412437541 ] ] ], [ [ [ 74.325039328142438, 39.252112665584882 ], [ 74.32503832814244, 39.252112665584882 ], [ 74.325038505036204, 39.252112805421575 ], [ 74.325039328142438, 39.252112665584882 ] ] ], [ [ [ 74.263344621850379, 39.260564849954491 ], [ 74.263344734899746, 39.260564991539326 ], [ 74.263345621850377, 39.260564849954491 ], [ 74.263344621850379, 39.260564849954491 ] ] ], [ [ [ 74.4898731696764, 39.272451828061868 ], [ 74.489872177901262, 39.272451743381595 ], [ 74.489872169676403, 39.272451828061868 ], [ 74.4898731696764, 39.272451828061868 ] ] ] ] } },
{ "type": "Feature", "properties": { "ID": 612, "周长": 0.28536207825706383, "面积": 0.00084386545772562179, "FEATUREID": "YAAE002C1AJ430010020000060", "CHFCAC": "000060", "CODE": "", "GB": "73020", "HYDC": "", "TN": "", "NAME": "", "fill_color": 4608, "pattern": 853, "pattern_color": 2304, "_src_file": "LDLYAAE002.WP", "_src_id": 59 }, "geometry": { "type": "MultiPolygon", "coordinates": [ [ [ [ 74.262864982114579, 39.258863791311235 ], [ 74.262944826690102, 39.257658554919423 ], [ 74.26347806178623, 39.256303857063024 ], [ 74.264136436174596, 39.255250852502201 ], [ 74.264859922961463, 39.254147790737775 ], [ 74.265389268471424, 39.253094434643266 ], [ 74.265530366893273, 39.252140495591291 ], [ 74.265406482999779, 39.251738346269988 ], [ 74.265086571974265, 39.251536585188482 ], [ 74.264248814578664, 39.251484118883766 ], [ 74.263534927626168, 39.251833793393828 ], [ 74.262687574889611, 39.252534697618188 ], [ 74.261965353183143, 39.253537293982113 ], [ 74.26130248000301, 39.254941863981408 ], [ 74.260766649311279, 39.256497455836111 ], [ 74.260487503469392, 39.258154193862687 ], [ 74.260406975420381, 39.259409651770014 ], [ 74.260080628906337, 39.259710129792836 ], [ 74.259178278860659, 39.259657450541624 ], [ 74.258153357269848, 39.259102158418287 ], [ 74.255410853890851, 39.25668374029916 ], [ 74.25407321250691, 39.255374146091896 ], [ 74.253313483351164, 39.254267046745312 ], [ 74.252619563953104, 39.253059672603094 ], [ 74.252246835081792, 39.251953639334644 ], [ 74.251745137302606, 39.250847249029206 ], [ 74.251047391513964, 39.249941216468862 ], [ 74.250474754861301, 39.249336890328536 ], [ 74.249446810380789, 39.249032650069104 ], [ 74.248411077210676, 39.249331104816704 ], [ 74.248009191571072, 39.250485196288921 ], [ 74.247928449166935, 39.251740645122979 ], [ 74.247790364349896, 39.252443435819458 ], [ 74.247530442896405, 39.252593383615526 ], [ 74.246886814697646, 39.252491113948729 ], [ 74.245925285950634, 39.252036347778308 ], [ 74.245031522529644, 39.251330632999618 ], [ 74.24446284138844, 39.250424927303513 ], [ 74.244025764227985, 39.249318686652941 ], [ 74.243589355959315, 39.24816221845748 ], [ 74.243147733542955, 39.247407550809903 ], [ 74.242575838762676, 39.246752962831401 ], [ 74.241547313149823, 39.246498879256279 ], [ 74.240451683212996, 39.246445501305928 ], [ 74.239159970440426, 39.246592452907016 ], [ 74.238704621704144, 39.246892499368414 ], [ 74.238570394637478, 39.247293926419893 ], [ 74.238430254579868, 39.248147380805612 ], [ 74.238414491182013, 39.249352783634272 ], [ 74.238400701469516, 39.250407511207321 ], [ 74.238511952131446, 39.251763963648713 ], [ 74.238805523206182, 39.253974804202173 ], [ 74.239227451455733, 39.256236238973969 ], [ 74.239844864367711, 39.258347557356636 ], [ 74.240402404107542, 39.260107110161336 ], [ 74.240639430744778, 39.261715055827452 ], [ 74.240497319141781, 39.262719185368603 ], [ 74.239911551559274, 39.263119310749147 ], [ 74.239007860405195, 39.263166924011429 ], [ 74.238171957228587, 39.262963594332454 ], [ 74.237405822023575, 39.26235864403526 ], [ 74.236964837180352, 39.26155373114505 ], [ 74.236593630697342, 39.260347202309191 ], [ 74.236162546728906, 39.258788908200373 ], [ 74.235603148028986, 39.257180012858804 ], [ 74.234909506245799, 39.255972534238133 ], [ 74.234347517794291, 39.254564533046853 ], [ 74.234039563170441, 39.253458634345854 ], [ 74.232334600398886, 39.250691131399186 ], [ 74.231770057356769, 39.24948401567309 ], [ 74.230883752785928, 39.248225715683567 ], [ 74.229933404170581, 39.24671608495683 ], [ 74.228914516403435, 39.245507604852918 ], [ 74.227826389949172, 39.244700724743019 ], [ 74.226667246994666, 39.244446118976974 ], [ 74.225955902306936, 39.244544438656973 ], [ 74.225114253269624, 39.244742813357256 ], [ 74.223746649335382, 39.245743225330905 ], [ 74.223154346202875, 39.246695745730463 ], [ 74.223015153188882, 39.247549182846036 ], [ 74.22306906066855, 39.248453430991923 ], [ 74.223317250849675, 39.249308042232428 ], [ 74.223757370558857, 39.250313913018744 ], [ 74.224455770701042, 39.251320563282981 ], [ 74.224702215013181, 39.252325845140113 ], [ 74.224684670830896, 39.253681920354616 ], [ 74.224919320712786, 39.255440570376209 ], [ 74.225146648454015, 39.257751695824112 ], [ 74.225312156244669, 39.259861723152639 ], [ 74.225287503471861, 39.261720044275684 ], [ 74.225266178110601, 39.263327239626072 ], [ 74.224995502613396, 39.264280734547228 ], [ 74.2239581101705, 39.264679416437303 ], [ 74.222662688842092, 39.265077305854476 ], [ 74.222083489401058, 39.264975092671548 ], [ 74.220802112605227, 39.264318240932489 ], [ 74.219461625963575, 39.263259378402935 ], [ 74.218127221242341, 39.261748478795532 ], [ 74.216921870257508, 39.260237960968574 ], [ 74.214454469254363, 39.256161950669593 ], [ 74.213570843523158, 39.254451489774368 ], [ 74.2131332413243, 39.2532446809739 ], [ 74.212435587998442, 39.252187740932335 ], [ 74.211664982260828, 39.2518337432181 ], [ 74.210246914028559, 39.251628390070216 ], [ 74.208636960191058, 39.251271735314269 ], [ 74.207475367044765, 39.251217837402415 ], [ 74.206374716683868, 39.251465484362619 ], [ 74.205142508498042, 39.251913609019361 ], [ 74.204359223810371, 39.252614287672991 ], [ 74.204351957358213, 39.253216986199106 ], [ 74.20528660421617, 39.256032668854054 ], [ 74.205920221670368, 39.257039220692548 ], [ 74.206872490891342, 39.25839836685067 ], [ 74.207311825875806, 39.259454522209317 ], [ 74.207687804713146, 39.260410021366603 ], [ 74.207678152430333, 39.261213620481492 ], [ 74.207277416716153, 39.262317340036432 ], [ 74.20680967516418, 39.263621755234126 ], [ 74.206663604561314, 39.265027639905227 ], [ 74.20619522566119, 39.266382275185791 ], [ 74.205473348010173, 39.26733428817726 ], [ 74.204623160841933, 39.268185431104435 ], [ 74.203898585234143, 39.269288104916647 ], [ 74.203110847268704, 39.270290118531278 ], [ 74.202458247383518, 39.270840517974307 ], [ 74.20174933034076, 39.270788015556079 ], [ 74.200719979803097, 39.270533566028348 ], [ 74.20001442773038, 39.270129476602925 ], [ 74.199115742393431, 39.269674529731105 ], [ 74.197704682235113, 39.268866325218141 ], [ 74.196232743953232, 39.267756543264859 ], [ 74.192712086666404, 39.265183443156062 ], [ 74.191240304236374, 39.264073601268869 ], [ 74.190025027278708, 39.263115271159712 ], [ 74.189069938724614, 39.262007112003673 ], [ 74.188169644587688, 39.260847966692261 ], [ 74.187328340321017, 39.259939915876515 ], [ 74.18694110026, 39.259435819539007 ], [ 74.186482724601845, 39.259383433279758 ], [ 74.186219202153637, 39.259482646233593 ], [ 74.185558534834499, 39.259881348011973 ], [ 74.184703008239524, 39.260128444993306 ], [ 74.183522723714461, 39.260122859785277 ], [ 74.182732136531911, 39.260420476496783 ], [ 74.182331862402833, 39.260971077495874 ], [ 74.182125191692762, 39.261773735712339 ], [ 74.182499970295908, 39.263282338587075 ], [ 74.182879116291119, 39.264439368730415 ], [ 74.183322608301282, 39.265697157466448 ], [ 74.183831071824855, 39.267005480868605 ], [ 74.184210258780638, 39.268162506385089 ], [ 74.184324655527377, 39.269519187239347 ], [ 74.184376830962435, 39.275635944778784 ], [ 74.196345810307179, 39.273223079345627 ], [ 74.207944617389771, 39.270800554913095 ], [ 74.217460069218902, 39.268789691222175 ], [ 74.227889985337299, 39.26682123673185 ], [ 74.234295736344805, 39.265802610114292 ], [ 74.244743545349408, 39.263691587619149 ], [ 74.251143915169479, 39.262174288641248 ], [ 74.256894753497477, 39.261554416517264 ], [ 74.259483696022201, 39.261181333134282 ], [ 74.263345621850377, 39.260564849954491 ], [ 74.263344621850379, 39.260564849954491 ], [ 74.262981832526762, 39.259818419705887 ], [ 74.262864982114579, 39.258863791311235 ] ] ], [ [ [ 74.184376832679064, 39.275636146025974 ], [ 74.184376830962435, 39.275635944778784 ], [ 74.184375832679066, 39.275636146025974 ], [ 74.184376832679064, 39.275636146025974 ] ] ] ] } },
{ "type": "Feature", "properties": { "ID": 613, "周长": 0.019819987447113652, "面积": 1.1778393592593028e-05, "FEATUREID": "YAAE002C1AJ430010020000061", "CHFCAC": "000061", "CODE": "", "GB": "73020", "HYDC": "", "TN": "", "NAME": "", "fill_color": 7680, "pattern": 853, "pattern_color": 2304, "_src_file": "LDLYAAE002.WP", "_src_id": 60 }, "geometry": { "type": "MultiPolygon", "coordinates": [ [ [ [ 73.590443712642937, 39.267928548650879 ], [ 73.59188564406108, 39.26801819691152 ], [ 73.592129426705029, 39.268213898215052 ], [ 73.592123740753465, 39.268535827055331 ], [ 73.591823613347628, 39.269015748725593 ], [ 73.591029879792373, 39.269490575934498 ], [ 73.59003198333852, 39.269802308708044 ], [ 73.5888282467224, 39.270079713224177 ], [ 73.587089951631839, 39.270190606208637 ], [ 73.584365818986214, 39.270033686812646 ], [ 73.582775018933447, 39.269700211868468 ], [ 73.582775018933447, 39.269700211868468 ], [ 73.587695274304352, 39.268467223973524 ], [ 73.590443712642937, 39.267928548650879 ] ] ] ] } },
{ "type": "Feature", "properties": { "ID": 615, "周长": 0.10913113422288361, "面积": 0.00026608215890823635, "FEATUREID": "YAAE002C1AJ430010020000062", "CHFCAC": "000062", "CODE": "", "GB": "73020", "HYDC": "", "TN": "", "NAME": "", "fill_color": 10752, "pattern": 853, "pattern_color": 2304, "_src_file": "LDLYAAE002.WP", "_src_id": 61 }, "geometry": { "type": "MultiPolygon", "coordinates": [ [ [ [ 74.603653477254653, 39.253497982104491 ], [ 74.603652477254656, 39.253497982104491 ], [ 74.603652408020196, 39.253498228497257 ], [ 74.603653477254653, 39.253497982104491 ] ] ], [ [ [ 74.593147038692948, 39.256092944738356 ], [ 74.588437578100624, 39.257105030850688 ], [ 74.587498166481851, 39.257575911177021 ], [ 74.586346705365187, 39.258202762091429 ], [ 74.585464861047114, 39.258935084974823 ], [ 74.584310653206401, 39.260086378379356 ], [ 74.583360134690508, 39.2610283198334 ], [ 74.581861046884811, 39.263542440527829 ], [ 74.581183645944222, 39.2639080583035 ], [ 74.580304410125578, 39.264115880646742 ], [ 74.579832111375694, 39.264009928933248 ], [ 74.579026999861924, 39.262959182511949 ], [ 74.578426753289889, 39.261489317755398 ], [ 74.57802834502273, 39.26017724767501 ], [ 74.577885165624309, 39.259296506570749 ], [ 74.574444064357237, 39.259978848156024 ], [ 74.567887744157474, 39.261195994074356 ], [ 74.562026596619191, 39.262024775181196 ], [ 74.562025596619193, 39.262024775181196 ], [ 74.56291647197952, 39.263295478085034 ], [ 74.563604510398264, 39.264073505224879 ], [ 74.564523651116048, 39.264792355601713 ], [ 74.565673898964462, 39.265452023791902 ], [ 74.56651777251345, 39.265872069958718 ], [ 74.567438899827991, 39.266232571607695 ], [ 74.567823187794872, 39.266293195524973 ], [ 74.568900099894734, 39.266295716732998 ], [ 74.569592078568235, 39.266357054623889 ], [ 74.569821882618186, 39.266536756130016 ], [ 74.569971888137076, 39.267253768961353 ], [ 74.570276385830596, 39.267851696492535 ], [ 74.571118398192596, 39.268630037535466 ], [ 74.571729018690831, 39.269527280439171 ], [ 74.572339338031952, 39.270484240681924 ], [ 74.572948716714009, 39.271620363891898 ], [ 74.573481190733233, 39.272756303401344 ], [ 74.574012411970585, 39.274131127096759 ], [ 74.574689611276241, 39.275861733405371 ], [ 74.575012302527355, 39.276214993101235 ], [ 74.575497683924851, 39.276367067622012 ], [ 74.576362691490189, 39.27632708046648 ], [ 74.577715021865146, 39.276120361234128 ], [ 74.579068659619608, 39.275661884235511 ], [ 74.580151818876345, 39.275244743247079 ], [ 74.580964727250134, 39.274826989229652 ], [ 74.581615047023377, 39.274492780969936 ], [ 74.582156830563008, 39.274242243125244 ], [ 74.582537118897704, 39.273865472259779 ], [ 74.582540372662365, 39.273237090611396 ], [ 74.58254646588685, 39.272061324467735 ], [ 74.58260594409866, 39.271012522533582 ], [ 74.582557548526637, 39.269921522630433 ], [ 74.582616807471709, 39.268914674737118 ], [ 74.583108191019804, 39.267950744186983 ], [ 74.583652734749336, 39.267154757089614 ], [ 74.584575339353819, 39.26640156067527 ], [ 74.585498139490625, 39.265606397764131 ], [ 74.586585189482335, 39.264392012600595 ], [ 74.587455188332441, 39.263344975574945 ], [ 74.588624776393146, 39.261826556781109 ], [ 74.58937073106668, 39.261251257235067 ], [ 74.590725122993817, 39.260572366804503 ], [ 74.591876584431915, 39.259945475104601 ], [ 74.593231189744429, 39.25921410965843 ], [ 74.594653050147599, 39.258535318735241 ], [ 74.595670143172271, 39.257750762392774 ], [ 74.597091688092178, 39.257124386738937 ], [ 74.599323718304248, 39.256499679226643 ], [ 74.601149426673118, 39.256083879826946 ], [ 74.602369034191526, 39.2552996808706 ], [ 74.603455070704825, 39.254200515802523 ], [ 74.603652408020196, 39.253498228497257 ], [ 74.599385317616353, 39.254481530322778 ], [ 74.593147038692948, 39.256092944738356 ] ] ] ] } },
{ "type": "Feature", "properties": { "ID": 619, "周长": 0.020177240095447788, "面积": 1.3638313153971349e-05, "FEATUREID": "YAAE002C1AJ430010020000063", "CHFCAC": "000063", "CODE": "", "GB": "73020", "HYDC": "", "TN": "", "NAME": "", "fill_color": 17920, "pattern": 853, "pattern_color": 2304, "_src_file": "LDLYAAE002.WP", "_src_id": 62 }, "geometry": { "type": "MultiPolygon", "coordinates": [ [ [ [ 73.599027439527489, 39.266270183832738 ], [ 73.60095598022879, 39.267432305258829 ], [ 73.603334595283371, 39.267924561380134 ], [ 73.605322794253055, 39.267948403221389 ], [ 73.607517994445104, 39.267510984955742 ], [ 73.608127682086121, 39.26689997920483 ], [ 73.608528369455001, 39.266106779895871 ], [ 73.608528369455001, 39.266106779895871 ], [ 73.606643949354179, 39.265994365380429 ], [ 73.60465115286091, 39.265975562911514 ], [ 73.603202621266476, 39.266053324835099 ], [ 73.599795957548793, 39.266143029010713 ], [ 73.599027439527489, 39.266270183832738 ] ] ] ] } },
{ "type": "Feature", "properties": { "ID": 628, "周长": 0.29570300066446503, "面积": 0.00087112076778560199, "FEATUREID": "YAAE002C1AJ430010020000064", "CHFCAC": "000064", "CODE": "", "GB": "73020", "HYDC": "", "TN": "", "NAME": "", "fill_color": 20992, "pattern": 853, "pattern_color": 2304, "_src_file": "LDLYAAE002.WP", "_src_id": 63 }, "geometry": { "type": "MultiPolygon", "coordinates": [ [ [ [ 74.683829928436708, 39.234833260647548 ], [ 74.685856341497328, 39.23401729756808 ], [ 74.694490274229196, 39.230688749785038 ], [ 74.695301071580474, 39.230471572415688 ], [ 74.695301071580474, 39.230471572415688 ], [ 74.695816721416179, 39.230902317086922 ], [ 74.696355792248198, 39.231743382683874 ], [ 74.696825999089185, 39.232898890580245 ], [ 74.69729696339364, 39.233844609187791 ], [ 74.698107111105941, 39.234686618153582 ], [ 74.699187770948001, 39.23568691039511 ], [ 74.700065540623697, 39.236581589902372 ], [ 74.701011464429143, 39.237371605057064 ], [ 74.702230280226445, 39.237638079909871 ], [ 74.702840509169661, 39.23753530113563 ], [ 74.703518681356428, 39.237380306221297 ], [ 74.7053513295089, 39.236495019942318 ], [ 74.707048586042433, 39.235556791376034 ], [ 74.70833854854294, 39.235193097406707 ], [ 74.70988342919695, 39.234813086304385 ], [ 74.709884429196947, 39.234813086304385 ], [ 74.71075969102165, 39.235082524902566 ], [ 74.715829174207144, 39.236222856906558 ], [ 74.719997599486746, 39.236796879559677 ], [ 74.725073659284718, 39.237090941854291 ], [ 74.728407972331283, 39.237211521294839 ], [ 74.728406972331285, 39.237211521294839 ], [ 74.728198430539365, 39.239021850212808 ], [ 74.728193335657664, 39.240124529626954 ], [ 74.727783593141154, 39.240701173175388 ], [ 74.727171275526231, 39.24106730418535 ], [ 74.726490373878178, 39.241590795613078 ], [ 74.7261474779325, 39.242377626842789 ], [ 74.726143326388907, 39.243270273347129 ], [ 74.726410332455174, 39.244216066679961 ], [ 74.726881139378619, 39.245109827633016 ], [ 74.727556482068934, 39.245794030902324 ], [ 74.728438301913855, 39.245848602223845 ], [ 74.729252514044333, 39.245850500032077 ], [ 74.730813328289884, 39.245801612633755 ], [ 74.733664265420558, 39.245545627290532 ], [ 74.735971899424271, 39.245393361200968 ], [ 74.738211207064012, 39.245345910736269 ], [ 74.740382660890162, 39.24529826823759 ], [ 74.742691199699223, 39.24493583438894 ], [ 74.745135876843079, 39.244468633265406 ], [ 74.746900430495998, 39.244367466142094 ], [ 74.748121039792949, 39.24452764361439 ], [ 74.748595080102589, 39.244738704440543 ], [ 74.749068215569636, 39.245159800268283 ], [ 74.748930241990863, 39.24568459335282 ], [ 74.748181379186491, 39.246260576748242 ], [ 74.746957536329504, 39.246835522037188 ], [ 74.745530805168187, 39.247252482190021 ], [ 74.744309001561263, 39.247354821216511 ], [ 74.736778315073948, 39.247127988556464 ], [ 74.733725200350293, 39.247068532068795 ], [ 74.730603034378134, 39.247271379786277 ], [ 74.728903820597168, 39.247897541995734 ], [ 74.727542384680547, 39.248839525741261 ], [ 74.726179615225405, 39.250096417584068 ], [ 74.725159357808508, 39.25124693216943 ], [ 74.723867625125322, 39.252501439684423 ], [ 74.722440958692559, 39.253545698666876 ], [ 74.720879365380284, 39.254379702043487 ], [ 74.719453124905158, 39.255266583099562 ], [ 74.71850131446412, 39.256155026554161 ], [ 74.717752825492994, 39.257044139642538 ], [ 74.717072956375574, 39.257671240389072 ], [ 74.716462228711791, 39.257878989530312 ], [ 74.715920656959597, 39.257667383744682 ], [ 74.714906341300249, 39.256929710212539 ], [ 74.71355349251715, 39.256085991800219 ], [ 74.711929031794455, 39.255398680269771 ], [ 74.710303367239163, 39.255078475638477 ], [ 74.708813630503158, 39.254653816745858 ], [ 74.708205572078995, 39.254074815355217 ], [ 74.708140282108474, 39.253340323396593 ], [ 74.708550147060322, 39.252397667407131 ], [ 74.709163148272552, 39.251508148478266 ], [ 74.709843911469818, 39.25061885805404 ], [ 74.710524307273417, 39.24983445576936 ], [ 74.711207140470378, 39.248315791697145 ], [ 74.711278775176368, 39.247162184328062 ], [ 74.711011547703819, 39.246007427891669 ], [ 74.710473427616932, 39.244799300962526 ], [ 74.709868087481752, 39.243433598641097 ], [ 74.709259585853971, 39.24301194286209 ], [ 74.708582259971806, 39.242904735346286 ], [ 74.707225828010834, 39.243214779562841 ], [ 74.70573223539968, 39.243996366453324 ], [ 74.703966985336692, 39.244934340599634 ], [ 74.702608676119254, 39.245768801352455 ], [ 74.701656235242481, 39.246814451218214 ], [ 74.701176713215929, 39.248281319302052 ], [ 74.700630677327112, 39.249380820403019 ], [ 74.699882401963066, 39.250164926869218 ], [ 74.698727825519441, 39.250842711157844 ], [ 74.697303052830662, 39.251257294672079 ], [ 74.695811982111024, 39.251252047487732 ], [ 74.694864808058597, 39.2507766747323 ], [ 74.694664862675907, 39.249831909709869 ], [ 74.695277081239453, 39.249204699058907 ], [ 74.695890224526295, 39.24831525005532 ], [ 74.696096343177942, 39.247529260238643 ], [ 74.695761034941199, 39.246531572824665 ], [ 74.695493502876914, 39.245534120050138 ], [ 74.695361332203177, 39.244589595603877 ], [ 74.695635591599341, 39.243698949575716 ], [ 74.696452356962183, 39.242705319982612 ], [ 74.697472957154645, 39.24155505875661 ], [ 74.698492785165854, 39.240614575236243 ], [ 74.698970097809877, 39.239777079692566 ], [ 74.699040259778457, 39.239095503744082 ], [ 74.698566835045142, 39.238831609260778 ], [ 74.697618138583209, 39.238828281041442 ], [ 74.696058447330628, 39.239137482956188 ], [ 74.694363022137566, 39.23949863068227 ], [ 74.69320951377469, 39.239914126638624 ], [ 74.691916853832296, 39.241325623798375 ], [ 74.690761395110314, 39.242265565624322 ], [ 74.68967213970123, 39.243625315064186 ], [ 74.688921502087382, 39.245038716199709 ], [ 74.687969638970316, 39.245874462375866 ], [ 74.686680056599997, 39.246394299998599 ], [ 74.684373685838253, 39.246962888875181 ], [ 74.682474895357899, 39.247270677953516 ], [ 74.678949552509309, 39.247572477575609 ], [ 74.676305224460378, 39.247877428453641 ], [ 74.673796825724239, 39.248077926231133 ], [ 74.671560734704798, 39.247964701946479 ], [ 74.669664545732161, 39.247590472664477 ], [ 74.668108687640256, 39.246850358521534 ], [ 74.666958447596542, 39.246373995315153 ], [ 74.666144985163925, 39.246423369899809 ], [ 74.665465178913465, 39.246945274824569 ], [ 74.664783053421473, 39.24804409253904 ], [ 74.664234976721573, 39.249510549015362 ], [ 74.663893368515943, 39.250191071564394 ], [ 74.663214563623015, 39.250450728625552 ], [ 74.662196456827274, 39.250813982661178 ], [ 74.66192302025695, 39.251389864686431 ], [ 74.662123802872031, 39.252020001591127 ], [ 74.663136013206071, 39.25312526091205 ], [ 74.663132421721556, 39.254016859254406 ], [ 74.662858134769039, 39.254802528952901 ], [ 74.662379654667433, 39.255797211949762 ], [ 74.661901372319392, 39.256739444630917 ], [ 74.660810696103269, 39.258256257197132 ], [ 74.659721043537473, 39.259510825300552 ], [ 74.658157072285221, 39.26071111053016 ], [ 74.655430497698362, 39.262686973916004 ], [ 74.655430497698362, 39.262686973916004 ], [ 74.654797286787044, 39.263145814711145 ], [ 74.654376594643125, 39.263202237493068 ], [ 74.654376594643125, 39.263202237493068 ], [ 74.652280045812446, 39.263483398965882 ], [ 74.6491743276584, 39.263128997744936 ], [ 74.648837620099968, 39.262751128056664 ], [ 74.648882974602202, 39.262207908132247 ], [ 74.649146205170368, 39.261611684602435 ], [ 74.649146205170368, 39.261611684602435 ], [ 74.649694586569623, 39.260369545944805 ], [ 74.650508235422876, 39.259636621231778 ], [ 74.651457621418785, 39.258746573026684 ], [ 74.652339427408663, 39.257856398504622 ], [ 74.652953405695527, 39.256914733766415 ], [ 74.654937324116418, 39.25251683922162 ], [ 74.655349414362192, 39.251207243221465 ], [ 74.656305846549444, 39.249375276302125 ], [ 74.657125173570748, 39.247909903899547 ], [ 74.657265893577218, 39.246651699652652 ], [ 74.657650868334372, 39.243486644415512 ], [ 74.657686733245143, 39.243191771205396 ], [ 74.657734029836007, 39.242743412437541 ], [ 74.65773302983601, 39.242743412437541 ], [ 74.659228353972523, 39.242452466292875 ], [ 74.665765952377271, 39.240948717309379 ], [ 74.665765952377271, 39.240948717309379 ], [ 74.665924073108883, 39.24121466330601 ], [ 74.666433398760887, 39.24207129508202 ], [ 74.667513095213124, 39.243229221054008 ], [ 74.669406678645529, 39.244232848598621 ], [ 74.671234595856049, 39.244711724128784 ], [ 74.672995786845263, 39.244928083092049 ], [ 74.677062576420695, 39.244785805630876 ], [ 74.679435507099868, 39.244532291745912 ], [ 74.681470368991796, 39.244067703695606 ], [ 74.682421298710508, 39.243494245531977 ], [ 74.683508338283289, 39.242763928909824 ], [ 74.683985843423343, 39.24192649811507 ], [ 74.684395963724967, 39.24098392405967 ], [ 74.684536376407294, 39.239673237161114 ], [ 74.684472909638359, 39.23851915529351 ], [ 74.683936671250493, 39.23694377644177 ], [ 74.683738670721155, 39.235526966686749 ], [ 74.683830928436706, 39.234833260647548 ], [ 74.683829928436708, 39.234833260647548 ] ] ] ] } },
{ "type": "Feature", "properties": { "ID": 629, "周长": 0.042713773552508286, "面积": 9.9598341312776006e-05, "FEATUREID": "YAAE002C1AJ430010020000065", "CHFCAC": "000065", "CODE": "", "GB": "73020", "HYDC": "", "TN": "", "NAME": "", "fill_color": 31232, "pattern": 853, "pattern_color": 2304, "_src_file": "LDLYAAE002.WP", "_src_id": 64 }, "geometry": { "type": "MultiPolygon", "coordinates": [ [ [ [ 74.628347452579803, 39.248427257210743 ], [ 74.628346452579805, 39.248427257210743 ], [ 74.628346487334454, 39.248427441520761 ], [ 74.628347452579803, 39.248427257210743 ] ] ], [ [ [ 74.620215690209093, 39.249979796082776 ], [ 74.620626124504838, 39.250825233415839 ], [ 74.621432690832634, 39.251665909562163 ], [ 74.622238547993106, 39.252663919407958 ], [ 74.622570927387571, 39.253818377997263 ], [ 74.62256367626081, 39.255391775221597 ], [ 74.62296023395335, 39.257280609211399 ], [ 74.624633446337114, 39.260640337781084 ], [ 74.625371905788214, 39.261638199717076 ], [ 74.625854506115573, 39.262054140979629 ], [ 74.626460447302918, 39.262340804451483 ], [ 74.627154308888137, 39.262562968573143 ], [ 74.627468203536907, 39.2626634711362 ], [ 74.628497964660582, 39.26278449090097 ], [ 74.629566996222934, 39.262767391478654 ], [ 74.630345777273703, 39.262646794605672 ], [ 74.632012633144882, 39.261790586689663 ], [ 74.632201839571863, 39.260929695128944 ], [ 74.632028015029078, 39.259666833661427 ], [ 74.631833373371748, 39.259242454269831 ], [ 74.63146529420122, 39.258502511712535 ], [ 74.630659236644846, 39.257504565757394 ], [ 74.629921691391061, 39.256296949194812 ], [ 74.629590836489911, 39.25477538472088 ], [ 74.629596747632107, 39.253464219263854 ], [ 74.62933084822663, 39.252519690193651 ], [ 74.629133204192712, 39.251417941438703 ], [ 74.628867554430627, 39.250420965294907 ], [ 74.628534378799202, 39.249423863108383 ], [ 74.628346487334454, 39.248427441520761 ], [ 74.620216690209091, 39.249979796082776 ], [ 74.620215690209093, 39.249979796082776 ] ] ] ] } },
{ "type": "Feature", "properties": { "ID": 631, "周长": 0.018976017777423328, "面积": 6.9278994339096178e-06, "FEATUREID": "YAAE002C1AJ430010020000066", "CHFCAC": "000066", "CODE": "", "GB": "73020", "HYDC": "", "TN": "", "NAME": "", "fill_color": -29184, "pattern": 853, "pattern_color": 2304, "_src_file": "LDLYAAE002.WP", "_src_id": 65 }, "geometry": { "type": "MultiPolygon", "coordinates": [ [ [ [ 74.276531435231277, 39.258797629541988 ], [ 74.274737822508584, 39.258493302558797 ], [ 74.27293439312372, 39.258287714300607 ], [ 74.270934310428245, 39.258332717780327 ], [ 74.269120733572834, 39.258930676625447 ], [ 74.267627718189843, 39.259680138206953 ], [ 74.267303785102087, 39.259999541536409 ], [ 74.267303785102087, 39.259999541536409 ], [ 74.268405851753627, 39.259867329596212 ], [ 74.271495983984451, 39.259495720914408 ], [ 74.276531435231277, 39.258797629541988 ] ] ] ] } },
{ "type": "Feature", "properties": { "ID": 636, "周长": 0.10779915859492756, "面积": 0.0001242313830022106, "FEATUREID": "YAAE002C1AJ430010020000067", "CHFCAC": "000067", "CODE": "", "GB": "73020", "HYDC": "", "TN": "", "NAME": "", "fill_color": -26112, "pattern": 853, "pattern_color": 2304, "_src_file": "LDLYAAE002.WP", "_src_id": 66 }, "geometry": { "type": "MultiPolygon", "coordinates": [ [ [ [ 74.292300110985551, 39.256429566945549 ], [ 74.307579531200247, 39.254978230809492 ], [ 74.314333296075276, 39.253929401122505 ], [ 74.314333296075276, 39.253929401122505 ], [ 74.312338733640814, 39.253378058673221 ], [ 74.310341284695198, 39.253218283534494 ], [ 74.306857488140196, 39.253302808035812 ], [ 74.304274733372154, 39.253543255535206 ], [ 74.301628020052249, 39.253737958861215 ], [ 74.300466507472606, 39.253785444575662 ], [ 74.298335735721267, 39.253981290725442 ], [ 74.295755948310472, 39.25397511112844 ], [ 74.294082174287638, 39.253719933611016 ], [ 74.292929310624558, 39.253064183412029 ], [ 74.290126920201672, 39.250194383239943 ], [ 74.288853238579364, 39.248885338880847 ], [ 74.287703608110277, 39.247978407857708 ], [ 74.286042463100941, 39.246718601972816 ], [ 74.284508476042731, 39.245609771286034 ], [ 74.283037774867182, 39.244601536164843 ], [ 74.281884538647986, 39.243995902047331 ], [ 74.280539116260314, 39.24328931609908 ], [ 74.279129239557662, 39.242582549873511 ], [ 74.27778324700931, 39.241926156524116 ], [ 74.276310200547115, 39.241118740443788 ], [ 74.275160228968261, 39.240261911147421 ], [ 74.2738813226144, 39.239404737326993 ], [ 74.272602447446616, 39.238547549629878 ], [ 74.27132107338835, 39.23789125093117 ], [ 74.270424061073456, 39.237436855486841 ], [ 74.269327914807391, 39.237433976523853 ], [ 74.268357548893476, 39.23768255572152 ], [ 74.267772785923611, 39.238032600218084 ], [ 74.267313798035318, 39.238634113516021 ], [ 74.267110814430282, 39.239386983255883 ], [ 74.267547558273122, 39.240543368199958 ], [ 74.268242249853429, 39.24170043327311 ], [ 74.26926128874797, 39.242707665761188 ], [ 74.270415029711614, 39.243263197586622 ], [ 74.271893747787857, 39.243618658389352 ], [ 74.273117695648295, 39.243722300957899 ], [ 74.275047834291186, 39.244078894450269 ], [ 74.27845111307343, 39.245242866243913 ], [ 74.279733317088272, 39.245848861243253 ], [ 74.281270986779376, 39.246656398444379 ], [ 74.282615852901444, 39.247413202512398 ], [ 74.284282569240233, 39.248221026393104 ], [ 74.286077682480595, 39.249079373129099 ], [ 74.287741373207155, 39.250138275325433 ], [ 74.288888555096833, 39.251246109206967 ], [ 74.289906166627176, 39.252403840257116 ], [ 74.290796060282631, 39.253460797171435 ], [ 74.29155637420655, 39.254567655245282 ], [ 74.29205996499455, 39.255573428872438 ], [ 74.292299110985553, 39.256429566945549 ], [ 74.292300110985551, 39.256429566945549 ] ] ] ] } },
{ "type": "Feature", "properties": { "ID": 637, "周长": 0.093458601231555097, "面积": 0.00012598248947584198, "FEATUREID": "YAAE002C1AJ430010020000068", "CHFCAC": "000068", "CODE": "", "GB": "73020", "HYDC": "", "TN": "", "NAME": "", "fill_color": -23040, "pattern": 853, "pattern_color": 2304, "_src_file": "LDLYAAE002.WP", "_src_id": 67 }, "geometry": { "type": "MultiPolygon", "coordinates": [ [ [ [ 74.603652477254656, 39.253497982104491 ], [ 74.603867471139949, 39.252732842371259 ], [ 74.604281128200498, 39.251002932269515 ], [ 74.604837482012655, 39.247699900288453 ], [ 74.605177444368749, 39.247228566373948 ], [ 74.605586204609921, 39.246495135056207 ], [ 74.606196284317733, 39.246024345422192 ], [ 74.607008700758954, 39.245606402732335 ], [ 74.607483447602903, 39.245187780710431 ], [ 74.607688823117684, 39.244611274905125 ], [ 74.607691854196375, 39.243981915484319 ], [ 74.607222176447948, 39.243351609107599 ], [ 74.606549665758422, 39.242773339293755 ], [ 74.605337192387566, 39.242141526963671 ], [ 74.603786586731133, 39.241613906949873 ], [ 74.602167450700648, 39.241295915263947 ], [ 74.600412239824209, 39.241187407424775 ], [ 74.598454973342285, 39.240973558349523 ], [ 74.596632511638347, 39.240812407475573 ], [ 74.595079119037209, 39.240861582964193 ], [ 74.593930361740902, 39.241016492784567 ], [ 74.592645492215127, 39.241380890608291 ], [ 74.591766834816781, 39.24153635409197 ], [ 74.59068452808377, 39.241901160788636 ], [ 74.589735672688406, 39.242580928786587 ], [ 74.589190643420508, 39.243523799371111 ], [ 74.588646399800609, 39.244309325981689 ], [ 74.588236675277017, 39.245200036171752 ], [ 74.587961467278532, 39.246195931309607 ], [ 74.587888319901055, 39.247297158996467 ], [ 74.587882169282295, 39.248503426375152 ], [ 74.588147497094582, 39.249448049992935 ], [ 74.58848303737085, 39.249868352854541 ], [ 74.58942454671579, 39.250657095768744 ], [ 74.589963513364012, 39.250920494948062 ], [ 74.591516864300417, 39.250923832225411 ], [ 74.592058482928806, 39.250662757496912 ], [ 74.592467665578496, 39.249876927944584 ], [ 74.59287815835323, 39.248828862307306 ], [ 74.593086826131284, 39.247623027584687 ], [ 74.593293378960823, 39.246836761276448 ], [ 74.593230061520856, 39.245997475077246 ], [ 74.593100004041077, 39.245000703887044 ], [ 74.59303669036737, 39.244161417338852 ], [ 74.593242970884404, 39.243427598457536 ], [ 74.594122960247276, 39.243009889190702 ], [ 74.595338754844647, 39.242960013491043 ], [ 74.596823359543734, 39.24317292601296 ], [ 74.598104086117189, 39.243647628149837 ], [ 74.599316261912506, 39.244331961045852 ], [ 74.600190805321233, 39.245015584401443 ], [ 74.600726156781946, 39.246013184010998 ], [ 74.600924630688468, 39.246852747078179 ], [ 74.600848589623737, 39.248583342317971 ], [ 74.600637987518766, 39.250208762864276 ], [ 74.600494656612355, 39.251886771971186 ], [ 74.600016979726732, 39.252882276983385 ], [ 74.599201329833775, 39.253929525279766 ], [ 74.597582121670399, 39.254534939963996 ], [ 74.596105290661598, 39.254849840683995 ], [ 74.594737391362699, 39.25517889395185 ], [ 74.593907320871011, 39.255295550007702 ], [ 74.592946539270912, 39.255345531760199 ], [ 74.591641956755623, 39.255527638015629 ], [ 74.590955128442147, 39.255658565130318 ], [ 74.590267055826189, 39.256002831755247 ], [ 74.589716031032879, 39.256374245099529 ], [ 74.588852505233518, 39.256897044068104 ], [ 74.588437578100624, 39.257105030850688 ], [ 74.588437578100624, 39.257105030850688 ], [ 74.593147038692948, 39.256092944738356 ], [ 74.599385317616353, 39.254481530322778 ], [ 74.603653477254653, 39.253497982104491 ], [ 74.603652477254656, 39.253497982104491 ] ] ] ] } },
{ "type": "Feature", "properties": { "ID": 640, "周长": 0.040141802418967629, "面积": 4.3971082656829585e-05, "FEATUREID": "YAAE002C1AJ430010020000069", "CHFCAC": "000069", "CODE": "", "GB": "73020", "HYDC": "", "TN": "", "NAME": "", "fill_color": -19968, "pattern": 853, "pattern_color": 2304, "_src_file": "LDLYAAE002.WP", "_src_id": 68 }, "geometry": { "type": "MultiPolygon", "coordinates": [ [ [ [ 74.32503832814244, 39.252112665584882 ], [ 74.324548063744388, 39.25172509444463 ], [ 74.323273746170372, 39.250413493918003 ], [ 74.322192941101392, 39.249102739967867 ], [ 74.321431626117672, 39.248044543177684 ], [ 74.320930072485908, 39.246836818576718 ], [ 74.32036823926687, 39.245277222491104 ], [ 74.319805829531617, 39.243767848029961 ], [ 74.319497783261525, 39.242560983044697 ], [ 74.319254825000229, 39.241304179341689 ], [ 74.319016669282746, 39.239645567123922 ], [ 74.318902086439124, 39.238439565071026 ], [ 74.318650763500216, 39.237885923944567 ], [ 74.318331971001712, 39.237583120168317 ], [ 74.317494955086957, 39.237478903928114 ], [ 74.31594508233664, 39.237672838489928 ], [ 74.315102654572812, 39.238020637281508 ], [ 74.314968277914431, 39.238472088879568 ], [ 74.315091819289407, 39.238924703715824 ], [ 74.315600435677226, 39.239529743566663 ], [ 74.316297694214015, 39.24053746097902 ], [ 74.316926286811793, 39.241896462355434 ], [ 74.318117257816482, 39.244764847474521 ], [ 74.318533279341423, 39.247730201792166 ], [ 74.319219873675635, 39.24964196467981 ], [ 74.320230158261595, 39.251454715490816 ], [ 74.320873166000908, 39.252759508988113 ], [ 74.320873166000908, 39.252759508988113 ], [ 74.323121554170768, 39.252438474277454 ], [ 74.325039328142438, 39.252112665584882 ], [ 74.32503832814244, 39.252112665584882 ] ] ] ] } },
{ "type": "Feature", "properties": { "ID": 642, "周长": 0.19667291176451374, "面积": 0.00037093816950028698, "FEATUREID": "YAAE002C1AJ430010020000070", "CHFCAC": "000070", "CODE": "", "GB": "73020", "HYDC": "", "TN": "", "NAME": "", "fill_color": -16896, "pattern": 853, "pattern_color": 2304, "_src_file": "LDLYAAE002.WP", "_src_id": 69 }, "geometry": { "type": "MultiPolygon", "coordinates": [ [ [ [ 74.328048970393894, 39.251614170334044 ], [ 74.33213772852605, 39.250981359393585 ], [ 74.344676167340083, 39.249224649751355 ], [ 74.35014122237807, 39.248784842102232 ], [ 74.361480424145057, 39.247604916411468 ], [ 74.364313015717499, 39.247392648133598 ], [ 74.364313015717499, 39.247392648133598 ], [ 74.36434891255692, 39.246906833953496 ], [ 74.364291745809822, 39.246150810252857 ], [ 74.364166566523906, 39.24574699373602 ], [ 74.363716621390353, 39.245542615209843 ], [ 74.363327781780384, 39.245691266920382 ], [ 74.362739335879425, 39.246443168149696 ], [ 74.36221691823097, 39.247044356270038 ], [ 74.361828564276266, 39.247142628849446 ], [ 74.361378119801671, 39.246988613058747 ], [ 74.36099471579908, 39.246583140582224 ], [ 74.360614784395906, 39.245825048832216 ], [ 74.359848494837266, 39.244963721341691 ], [ 74.359146785987008, 39.244102804898056 ], [ 74.358446583845122, 39.243090762219005 ], [ 74.35748668091999, 39.242228176659808 ], [ 74.356396695191449, 39.24146549854057 ], [ 74.355243643316143, 39.240756692884148 ], [ 74.354089295036189, 39.240199354662657 ], [ 74.352674168199087, 39.239892054686649 ], [ 74.351125483879045, 39.23998600556682 ], [ 74.350476064387664, 39.240385102563202 ], [ 74.350340183394607, 39.240987273685661 ], [ 74.350523248653033, 39.241892162209183 ], [ 74.350961945048795, 39.242999040809856 ], [ 74.351079386735563, 39.244004108750403 ], [ 74.350880745625076, 39.244455331703534 ], [ 74.35042820093571, 39.244553881807832 ], [ 74.349785661233042, 39.244350257723973 ], [ 74.349338888691179, 39.243946543574701 ], [ 74.348644014694173, 39.242687889143752 ], [ 74.347884679754969, 39.24142895728918 ], [ 74.346740806721755, 39.23996747629711 ], [ 74.346047755398232, 39.238558127067094 ], [ 74.345919328792661, 39.238249128628418 ], [ 74.345919328792661, 39.238249128628418 ], [ 74.345483106307626, 39.237199549836035 ], [ 74.345434872390271, 39.235792939938641 ], [ 74.34551211207004, 39.234688237211515 ], [ 74.345525453204644, 39.233533032581121 ], [ 74.345868119290472, 39.231776482204154 ], [ 74.345945344001052, 39.230671778319923 ], [ 74.345765264140198, 39.229515750058809 ], [ 74.345390039405274, 39.228509577418158 ], [ 74.344952677550836, 39.227302224392815 ], [ 74.344447380885626, 39.226395951236519 ], [ 74.343683644384313, 39.225538803941355 ], [ 74.34266031319757, 39.224831225199843 ], [ 74.341570210036139, 39.224324267618506 ], [ 74.340927297673502, 39.22417082070492 ], [ 74.340474867378717, 39.224269335702317 ], [ 74.340405733541488, 39.224670869320114 ], [ 74.340464365171812, 39.225173409450576 ], [ 74.340588631542559, 39.225575772286263 ], [ 74.340967853906122, 39.226230376633438 ], [ 74.34153815908175, 39.227086713985251 ], [ 74.342365774332393, 39.227994378418813 ], [ 74.343257295072178, 39.228952539871841 ], [ 74.34376143568764, 39.229959269963452 ], [ 74.343878755392282, 39.230964346352742 ], [ 74.343804982270186, 39.231767692255382 ], [ 74.343599353958624, 39.232821618331094 ], [ 74.343196223907256, 39.234226299979227 ], [ 74.34298883469171, 39.235430903547673 ], [ 74.342910391589541, 39.23663605611069 ], [ 74.342895258919015, 39.237941938523704 ], [ 74.343076476866173, 39.238997517402268 ], [ 74.343767146156964, 39.240607787610351 ], [ 74.346492313296153, 39.244738144418307 ], [ 74.347127897759947, 39.245544502690919 ], [ 74.347251079540129, 39.246047311817385 ], [ 74.347182539752353, 39.246398621023815 ], [ 74.346667227141424, 39.246346205931303 ], [ 74.346282047919743, 39.246193882770818 ], [ 74.345774280751343, 39.245488523060672 ], [ 74.344946998978742, 39.24453065637384 ], [ 74.343989030980566, 39.243722912118763 ], [ 74.343225699420969, 39.242815535756058 ], [ 74.342394989081484, 39.242159006733502 ], [ 74.34150039701295, 39.241451972564271 ], [ 74.340672057108108, 39.240594527646067 ], [ 74.339975030779669, 39.239536728358253 ], [ 74.339343676019126, 39.238378748711312 ], [ 74.338773895488103, 39.237472176914821 ], [ 74.338201784504591, 39.236766503804361 ], [ 74.33775688474293, 39.236212066737856 ], [ 74.337184211427029, 39.235556617990298 ], [ 74.336548830089299, 39.234750205819395 ], [ 74.335721215129382, 39.233842501080609 ], [ 74.335085865813397, 39.233036083220654 ], [ 74.334386059805965, 39.232229381324458 ], [ 74.333686857692982, 39.231372448185979 ], [ 74.332922608673115, 39.230565456520679 ], [ 74.331897549964054, 39.230008463082626 ], [ 74.330999082540202, 39.229652929370268 ], [ 74.330483908210041, 39.229600443700335 ], [ 74.330289903114718, 39.229649820055862 ], [ 74.330224250723305, 39.229749991252781 ], [ 74.33034728556602, 39.230252818337611 ], [ 74.330854199702131, 39.231008469650192 ], [ 74.331426187731395, 39.231714178491856 ], [ 74.332315252024117, 39.232873325854698 ], [ 74.333011506793554, 39.233981397649544 ], [ 74.335877661918374, 39.237007588520243 ], [ 74.338034774622557, 39.240030648586419 ], [ 74.338920542230056, 39.241491103384426 ], [ 74.339420613689327, 39.242849432752173 ], [ 74.339660428140505, 39.244407554768273 ], [ 74.339648740962886, 39.245412076982781 ], [ 74.339127592735863, 39.245861889636011 ], [ 74.337706561230377, 39.246056668555617 ], [ 74.336998976152458, 39.245902922266424 ], [ 74.33655344019634, 39.245398705765254 ], [ 74.336303129432423, 39.244744648040012 ], [ 74.336118478129691, 39.243990417785497 ], [ 74.335678833535368, 39.242983937107773 ], [ 74.335239204201571, 39.241977456973281 ], [ 74.334990088862469, 39.241222944498304 ], [ 74.333977801908077, 39.239560993032235 ], [ 74.333477269986545, 39.238252867637208 ], [ 74.332976167814024, 39.236994964715208 ], [ 74.332281651541578, 39.23573621424832 ], [ 74.331461158421916, 39.234225766843174 ], [ 74.330571504250898, 39.23311683798255 ], [ 74.329935630102753, 39.232360617260277 ], [ 74.32923589011186, 39.231553884895526 ], [ 74.328598858265067, 39.23089811093363 ], [ 74.327763687623303, 39.230643287938705 ], [ 74.327118375661342, 39.230690670466764 ], [ 74.326729764585139, 39.230839643039957 ], [ 74.326528634287399, 39.231491727884645 ], [ 74.32658242197904, 39.23239608038547 ], [ 74.326954430407937, 39.233653441130244 ], [ 74.327132432774206, 39.234960173705517 ], [ 74.327051938026287, 39.236315991915816 ], [ 74.326901624866892, 39.238123560577002 ], [ 74.326877291932391, 39.240182828169132 ], [ 74.326853552595722, 39.242191870393327 ], [ 74.327084780606697, 39.244453178811845 ], [ 74.327644979206383, 39.246163422308655 ], [ 74.328144272170519, 39.247572024272912 ], [ 74.328136567898795, 39.248224959898749 ], [ 74.32761354803489, 39.24882539828922 ], [ 74.327472114493645, 39.249879574778369 ], [ 74.327909310437917, 39.251086987405728 ], [ 74.328047970393897, 39.251614170334044 ], [ 74.328048970393894, 39.251614170334044 ] ] ] ] } },
{ "type": "Feature", "properties": { "ID": 647, "周长": 0.3424894903415544, "面积": 0.00053729808275803509, "FEATUREID": "YAAE002C1AJ430010020000071", "CHFCAC": "000071", "CODE": "", "GB": "73020", "HYDC": "", "TN": "", "NAME": "", "fill_color": -12800, "pattern": 853, "pattern_color": 2304, "_src_file": "LDLYAAE002.WP", "_src_id": 70 }, "geometry": { "type": "MultiPolygon", "coordinates": [ [ [ [ 74.449331045310316, 39.235844010610727 ], [ 74.449290198099973, 39.234910696385434 ], [ 74.449299698400836, 39.233802445351472 ], [ 74.449308766795184, 39.232744569064984 ], [ 74.448307552170007, 39.229061822768145 ], [ 74.447809365798534, 39.226943383340682 ], [ 74.447118012994991, 39.224773559526412 ], [ 74.446618588802266, 39.222806238985036 ], [ 74.445596370220031, 39.221591848705927 ], [ 74.445019431885797, 39.221135439664572 ], [ 74.444054837805339, 39.220727377500388 ], [ 74.44327776765634, 39.221025573090081 ], [ 74.44321148308309, 39.221226735368525 ], [ 74.443207995390466, 39.221629737645372 ], [ 74.443330536558136, 39.222386040337149 ], [ 74.443708189709483, 39.223496320242049 ], [ 74.444209714765464, 39.225211777595348 ], [ 74.444197089498047, 39.226672656305098 ], [ 74.444506751972156, 39.2281855954474 ], [ 74.445008762967277, 39.229850673415804 ], [ 74.445702268483132, 39.231768633072377 ], [ 74.445946569104478, 39.233381983098745 ], [ 74.445931804234945, 39.235094734743292 ], [ 74.445794014872746, 39.236101562311752 ], [ 74.44553363442202, 39.236352088577263 ], [ 74.444886802636006, 39.236499843534247 ], [ 74.443399914163763, 39.236743950160864 ], [ 74.441847588080449, 39.237088448837532 ], [ 74.440295247040027, 39.237432926695 ], [ 74.43874684520334, 39.237324008068221 ], [ 74.437717513740864, 39.236915552859195 ], [ 74.437335482818099, 39.236309004487978 ], [ 74.437211223272996, 39.23575419689633 ], [ 74.437474273203136, 39.235201438174165 ], [ 74.438252406094563, 39.234802533663355 ], [ 74.439418274930958, 39.234355291564718 ], [ 74.440904251211052, 39.234211985150615 ], [ 74.442131146475276, 39.234168053789539 ], [ 74.442583872530761, 39.234069674447717 ], [ 74.442587365238467, 39.233666675330362 ], [ 74.442462196067964, 39.233212622618453 ], [ 74.441885183960508, 39.232756198422351 ], [ 74.440984559467111, 39.232398824056347 ], [ 74.439759450272334, 39.232241241815494 ], [ 74.438078988535949, 39.23248425958402 ], [ 74.436848151986098, 39.232981524340723 ], [ 74.435488202737787, 39.233478087281803 ], [ 74.434518187052021, 39.233674446326489 ], [ 74.432709015188692, 39.233866325980394 ], [ 74.431993634930933, 39.234467038849317 ], [ 74.431146027426237, 39.235419679363133 ], [ 74.430240080723166, 39.235666721717891 ], [ 74.429531796423106, 39.235461420618833 ], [ 74.429213052662135, 39.235006315703181 ], [ 74.429028772977986, 39.233947406485115 ], [ 74.428914849381144, 39.232233965977777 ], [ 74.428602825509486, 39.23102323749923 ], [ 74.42776952317422, 39.230363858672938 ], [ 74.426868554641104, 39.230056750551931 ], [ 74.426028554202006, 39.230152981048441 ], [ 74.425701785535423, 39.230604616849909 ], [ 74.425477185626789, 39.231285611506422 ], [ 74.425477185626789, 39.231285611506422 ], [ 74.425432374108127, 39.231862597670421 ], [ 74.426615780557228, 39.236705192553124 ], [ 74.426922418494655, 39.2385204238822 ], [ 74.426923447008079, 39.23955209494887 ], [ 74.426824018902749, 39.240209964131097 ], [ 74.426413999385701, 39.240500546871544 ], [ 74.425941658098324, 39.240742054130102 ], [ 74.4249670026839, 39.24105423198376 ], [ 74.424150324299831, 39.241220879980972 ], [ 74.423023926689623, 39.241320511029052 ], [ 74.421670495536702, 39.241061288156864 ], [ 74.42115991933602, 39.240403613661911 ], [ 74.421297166563605, 39.239497567955851 ], [ 74.422145407049058, 39.238494626472757 ], [ 74.423186835636983, 39.237543097938989 ], [ 74.423384998371603, 39.237040397785776 ], [ 74.423259947496987, 39.236586325573484 ], [ 74.422422571467635, 39.236380283471853 ], [ 74.421132881189294, 39.236222155804171 ], [ 74.419454535341089, 39.236212417734372 ], [ 74.418485349523493, 39.236307449654952 ], [ 74.417706184398767, 39.236806616806632 ], [ 74.41711657013434, 39.237760299677646 ], [ 74.416716960468236, 39.239118124048453 ], [ 74.416379158357969, 39.240778576211476 ], [ 74.415783112174026, 39.242437495380692 ], [ 74.415136243233931, 39.24293155707317 ], [ 74.41475812537891, 39.243149109560939 ], [ 74.414192668220622, 39.243268182798857 ], [ 74.413250300267848, 39.243458504204746 ], [ 74.412370645542183, 39.243649136644713 ], [ 74.411711919132983, 39.2436701913091 ], [ 74.410711723370099, 39.243274995984955 ], [ 74.410228415586388, 39.242706672595709 ], [ 74.409914828896319, 39.241697250040993 ], [ 74.409731743870609, 39.240537474438874 ], [ 74.409614139898537, 39.239277335067783 ], [ 74.409818388699861, 39.238119875363751 ], [ 74.410153109694633, 39.236812064518659 ], [ 74.410035044030778, 39.235602299337849 ], [ 74.409523698237223, 39.235045089330967 ], [ 74.408819170830469, 39.234436339654174 ], [ 74.407857381993878, 39.233725287841757 ], [ 74.407090181723802, 39.232914642773395 ], [ 74.406645737161625, 39.2321059321633 ], [ 74.406269550855967, 39.230894610767756 ], [ 74.406214720618451, 39.229836352394621 ], [ 74.406091642341238, 39.229180705201927 ], [ 74.405770305098713, 39.229027640495708 ], [ 74.405446190149206, 39.229176820197416 ], [ 74.405116515503835, 39.229930498479739 ], [ 74.404778021054682, 39.231641292401093 ], [ 74.40476643136617, 39.232900658553554 ], [ 74.404948489981507, 39.234161194035934 ], [ 74.405326984717277, 39.235120644042283 ], [ 74.405965086582796, 39.235930524997933 ], [ 74.406475486172639, 39.236588501702592 ], [ 74.40659626712997, 39.237496020424217 ], [ 74.406396132783229, 39.238200101309531 ], [ 74.406001869757887, 39.238953393119409 ], [ 74.405863037024631, 39.240010482084806 ], [ 74.405852388670695, 39.241169097698133 ], [ 74.405841277072852, 39.242378089810082 ], [ 74.405642974756844, 39.242880668515596 ], [ 74.405383351287725, 39.243030237411567 ], [ 74.404350425490748, 39.243024013664581 ], [ 74.403644471638955, 39.242566356631741 ], [ 74.403005872799767, 39.241806840334924 ], [ 74.402497331554784, 39.240947348894856 ], [ 74.402180604051907, 39.240290527375841 ], [ 74.401744093080197, 39.238625430929076 ], [ 74.401557422214623, 39.237868641052827 ], [ 74.40156907123945, 39.236609274488963 ], [ 74.401905339355807, 39.235150364653634 ], [ 74.402690179579281, 39.234046809572753 ], [ 74.403282745296778, 39.232790953174579 ], [ 74.403874359005087, 39.231635842424502 ], [ 74.404272777769933, 39.230429187895247 ], [ 74.404090742946707, 39.229168650733385 ], [ 74.403902212483843, 39.228613361705385 ], [ 74.403644497187045, 39.228561429164273 ], [ 74.40325304871007, 39.229012461181547 ], [ 74.402987895176324, 39.229766522480155 ], [ 74.402593179449539, 39.230570176224298 ], [ 74.402006208965872, 39.231221532963438 ], [ 74.399858873407581, 39.23307248711027 ], [ 74.399334068177438, 39.233976095575088 ], [ 74.399128258274828, 39.235284657657964 ], [ 74.398858358030651, 39.236542455133815 ], [ 74.398007471559367, 39.237796714407196 ], [ 74.397484480913008, 39.238498815606668 ], [ 74.396833313332309, 39.239099375341361 ], [ 74.396445519440306, 39.239147389789501 ], [ 74.395738243806292, 39.238840808471856 ], [ 74.394581454517663, 39.238279590852187 ], [ 74.393617870846114, 39.237769920251772 ], [ 74.392781514457184, 39.237462531797505 ], [ 74.391813226367404, 39.237456592570069 ], [ 74.390389751877962, 39.237800487437767 ], [ 74.3890915696973, 39.238548156172733 ], [ 74.388048244682111, 39.239650026088135 ], [ 74.387134954706397, 39.240651934124472 ], [ 74.386420552088822, 39.24110091338747 ], [ 74.385904103787553, 39.241097718679853 ], [ 74.38461920334376, 39.240434851666663 ], [ 74.383786688328144, 39.239724404512913 ], [ 74.383278394511848, 39.238864833063474 ], [ 74.382900181604825, 39.237905311991184 ], [ 74.38258748721718, 39.236845441741821 ], [ 74.382276243056097, 39.235634449870354 ], [ 74.381960687263728, 39.23487682582342 ], [ 74.381254481545511, 39.234469408558752 ], [ 74.380220240838213, 39.234614094715759 ], [ 74.379507303391549, 39.234911909312743 ], [ 74.379436006979489, 39.235616746855854 ], [ 74.379618580795466, 39.236776566990152 ], [ 74.380184146133928, 39.23839217483355 ], [ 74.380559921112905, 39.239603575676931 ], [ 74.380551743738394, 39.240459940256684 ], [ 74.379834411483543, 39.241211124260523 ], [ 74.378729724916369, 39.24195988461959 ], [ 74.378016703621938, 39.242257689054952 ], [ 74.377306577497606, 39.242253243854655 ], [ 74.376661492718142, 39.242198824198049 ], [ 74.376146008017955, 39.242094837782027 ], [ 74.37575721324491, 39.242243529192756 ], [ 74.375170866839227, 39.242793998261142 ], [ 74.374451998192555, 39.24369627291474 ], [ 74.373929217917293, 39.244347891254051 ], [ 74.373410314901562, 39.244596511690176 ], [ 74.373087521720208, 39.244594477406835 ], [ 74.372767646493173, 39.244290199635046 ], [ 74.372451672171991, 39.243582923371342 ], [ 74.372266277568301, 39.242725341315079 ], [ 74.372020227498226, 39.241464354518854 ], [ 74.371707195103241, 39.240454833319028 ], [ 74.371069939692688, 39.239594393995681 ], [ 74.370367654524998, 39.238783917838354 ], [ 74.367807569856353, 39.236500720563768 ], [ 74.36697821392633, 39.235487907315537 ], [ 74.366210977901218, 39.234727371040833 ], [ 74.365631504505501, 39.234572552312621 ], [ 74.365371336674116, 39.234772405941655 ], [ 74.365367402102805, 39.23517540136875 ], [ 74.365748805481417, 39.235782356525384 ], [ 74.366319445988054, 39.236843911558097 ], [ 74.366823590958347, 39.238106550852692 ], [ 74.367579592483466, 39.240025690256985 ], [ 74.36789256373855, 39.241035222126513 ], [ 74.367881780148267, 39.24214345715329 ], [ 74.367745311179689, 39.242898250823025 ], [ 74.367549679457142, 39.243098517830433 ], [ 74.367291939180603, 39.243046504769794 ], [ 74.367035182985177, 39.242893742964114 ], [ 74.366781861948624, 39.242388359665085 ], [ 74.366724669180897, 39.241632336374586 ], [ 74.366604396155964, 39.240724778799525 ], [ 74.366225910542781, 39.239815582024676 ], [ 74.365653279815973, 39.238955523344316 ], [ 74.365015122792499, 39.238195801848974 ], [ 74.364568178484603, 39.237689179781377 ], [ 74.364313416666121, 39.237334915572347 ], [ 74.363802915477166, 39.236727131466232 ], [ 74.363099756470504, 39.236017360249193 ], [ 74.362396814545292, 39.235462067028642 ], [ 74.361691551783707, 39.235107563797847 ], [ 74.361304692672675, 39.23510597226538 ], [ 74.361108419441223, 39.235356307041492 ], [ 74.361100455181287, 39.236059476092592 ], [ 74.361414877410979, 39.236763976182601 ], [ 74.362054090561543, 39.237320491173072 ], [ 74.362883889740772, 39.238282962415681 ], [ 74.364289766911767, 39.239752877108096 ], [ 74.365312798954918, 39.240766942250517 ], [ 74.365501055629721, 39.241322290380729 ], [ 74.365238895577235, 39.241723641891298 ], [ 74.364784047159631, 39.242023008361471 ], [ 74.363943332929438, 39.242168780342247 ], [ 74.363167172854418, 39.24231496002492 ], [ 74.36290548916881, 39.242665929765366 ], [ 74.363157796891571, 39.243272069361311 ], [ 74.363862505980251, 39.243830717778714 ], [ 74.365276880376342, 39.244444259080325 ], [ 74.366368975638906, 39.245005356349665 ], [ 74.367137797865979, 39.245614768970427 ], [ 74.367841089523893, 39.246324515743424 ], [ 74.368287718313084, 39.247155194876321 ], [ 74.368287718313084, 39.247155194876321 ], [ 74.371125549039817, 39.246992101808956 ], [ 74.3746353229687, 39.246787716467637 ], [ 74.378174996667767, 39.246741090948532 ], [ 74.38318984101943, 39.246830552354332 ], [ 74.389101540284244, 39.246850366332147 ], [ 74.390493125770121, 39.246785870565901 ], [ 74.392036412989171, 39.246644507414366 ], [ 74.394225155611039, 39.24631369372274 ], [ 74.396859957893298, 39.245869765357099 ], [ 74.404769813111002, 39.244837096217395 ], [ 74.412279309159302, 39.244021555462275 ], [ 74.415982688382542, 39.243305179432312 ], [ 74.418021380753444, 39.242799720520509 ], [ 74.421257649157099, 39.242157494782518 ], [ 74.425373654847732, 39.241300070580081 ], [ 74.428736396644311, 39.240390044264501 ], [ 74.432108532127813, 39.23976302905541 ], [ 74.445727752928406, 39.236716430773953 ], [ 74.449332045310314, 39.235844010610727 ], [ 74.449331045310316, 39.235844010610727 ] ] ] ] } },
{ "type": "Feature", "properties": { "ID": 652, "周长": 0.04190561864760349, "面积": 6.9531473239328349e-05, "FEATUREID": "YAAE002C1AJ430010020000072", "CHFCAC": "000072", "CODE": "", "GB": "73020", "HYDC": "", "TN": "", "NAME": "", "fill_color": -8704, "pattern": 853, "pattern_color": 2304, "_src_file": "LDLYAAE002.WP", "_src_id": 71 }, "geometry": { "type": "MultiPolygon", "coordinates": [ [ [ [ 74.728620998149694, 39.235662246042189 ], [ 74.728148048874004, 39.235241067112625 ], [ 74.727269279165341, 39.234556392264338 ], [ 74.726594776421948, 39.233714660951861 ], [ 74.726327565244674, 39.232821375710735 ], [ 74.725924197944352, 39.232032786827446 ], [ 74.725181161906306, 39.231348412962127 ], [ 74.724028425488044, 39.231240665697804 ], [ 74.722263674884303, 39.231446503810069 ], [ 74.720226326506051, 39.231914207574462 ], [ 74.718258036532092, 39.232119493638479 ], [ 74.717036454711675, 39.232221547639334 ], [ 74.715950296870176, 39.232376428949813 ], [ 74.71506714138107, 39.232636816483314 ], [ 74.714047289792703, 39.233106898749533 ], [ 74.712687213817489, 39.233786167992967 ], [ 74.710987653599886, 39.23451708693608 ], [ 74.70988342919695, 39.234813086304385 ], [ 74.709884429196947, 39.234813086304385 ], [ 74.71075969102165, 39.235082524902566 ], [ 74.715829174207144, 39.236222856906558 ], [ 74.719997599486746, 39.236796879559677 ], [ 74.725073659284718, 39.237090941854291 ], [ 74.728406985086721, 39.237211485592915 ], [ 74.728754017382698, 39.236240156773697 ], [ 74.728620998149694, 39.235662246042189 ] ] ], [ [ [ 74.728407972331283, 39.237211521294839 ], [ 74.728406985086721, 39.237211485592915 ], [ 74.728406972331285, 39.237211521294839 ], [ 74.728407972331283, 39.237211521294839 ] ] ] ] } },
{ "type": "Feature", "properties": { "ID": 654, "周长": 0.032141921602430207, "面积": 5.4471042432643988e-05, "FEATUREID": "YAAE002C1AJ430010020000073", "CHFCAC": "000073", "CODE": "", "GB": "73020", "HYDC": "", "TN": "", "NAME": "", "fill_color": -5632, "pattern": 853, "pattern_color": 2304, "_src_file": "LDLYAAE002.WP", "_src_id": 72 }, "geometry": { "type": "MultiPolygon", "coordinates": [ [ [ [ 74.694490274229196, 39.230688749785038 ], [ 74.695301071580474, 39.230471572415688 ], [ 74.694870945410699, 39.230112261697251 ], [ 74.693518848236025, 39.229268309625922 ], [ 74.691828206571543, 39.22837068685164 ], [ 74.690137795253108, 39.227420595546988 ], [ 74.68810770957397, 39.226731498298349 ], [ 74.68641486926559, 39.226463165770127 ], [ 74.685601649538583, 39.226512677404749 ], [ 74.684855597956258, 39.226719770733389 ], [ 74.684311627528089, 39.227242279148392 ], [ 74.683969145505557, 39.228237548577773 ], [ 74.684030056662948, 39.230073444800013 ], [ 74.683878107123604, 39.234478516998593 ], [ 74.683830985018517, 39.234832835200351 ], [ 74.685856341497328, 39.23401729756808 ], [ 74.694490274229196, 39.230688749785038 ] ] ], [ [ [ 74.683830928436706, 39.234833260647548 ], [ 74.683830985018517, 39.234832835200351 ], [ 74.683829928436708, 39.234833260647548 ], [ 74.683830928436706, 39.234833260647548 ] ] ] ] } },
{ "type": "Feature", "properties": { "ID": 656, "周长": 0.027537966614693744, "面积": 4.1199383701397488e-05, "FEATUREID": "YAAE002C1AJ430010020000074", "CHFCAC": "000074", "CODE": "", "GB": "73020", "HYDC": "", "TN": "", "NAME": "", "fill_color": -2560, "pattern": 853, "pattern_color": 2304, "_src_file": "LDLYAAE002.WP", "_src_id": 73 }, "geometry": { "type": "MultiPolygon", "coordinates": [ [ [ [ 74.463435292144183, 39.232304883309602 ], [ 74.46216716849716, 39.2312488655446 ], [ 74.46185119424409, 39.230441222671985 ], [ 74.462117833880441, 39.22943503043043 ], [ 74.462514824074717, 39.228278364050595 ], [ 74.462654891703011, 39.226969262837429 ], [ 74.462600481820175, 39.22575993044407 ], [ 74.462282413497363, 39.225204163810062 ], [ 74.461638681540634, 39.224999384861931 ], [ 74.461185616855801, 39.225148214143459 ], [ 74.460470566735083, 39.225749105137353 ], [ 74.459558479430115, 39.226752004137595 ], [ 74.458581820413045, 39.227754568627475 ], [ 74.457349935199346, 39.228403175017341 ], [ 74.45572989594298, 39.229150531417666 ], [ 74.455401183504904, 39.229854127194045 ], [ 74.455455901990689, 39.231013088491821 ], [ 74.456090704358445, 39.232275779469745 ], [ 74.457242356622402, 39.233490737978528 ], [ 74.457579078243484, 39.233845960289905 ], [ 74.457579078243484, 39.233845960289905 ], [ 74.463436292144181, 39.232304883309602 ], [ 74.463435292144183, 39.232304883309602 ] ] ] ] } },
{ "type": "Feature", "properties": { "ID": 660, "周长": 0.15321089708162897, "面积": 0.00034845429373805623, "FEATUREID": "YAAE002C1AJ430010020000075", "CHFCAC": "000075", "CODE": "", "GB": "73020", "HYDC": "", "TN": "", "NAME": "", "fill_color": 512, "pattern": 854, "pattern_color": 2304, "_src_file": "LDLYAAE002.WP", "_src_id": 74 }, "geometry": { "type": "MultiPolygon", "coordinates": [ [ [ [ 74.882270011515374, 39.207277254144728 ], [ 74.883769683969746, 39.206692028496938 ], [ 74.8853745605104, 39.206439726047002 ], [ 74.888368952353119, 39.206268746010394 ], [ 74.891095511500055, 39.206265102594017 ], [ 74.893020394103758, 39.206178966013212 ], [ 74.895105529674666, 39.206134339452163 ], [ 74.896762724031674, 39.20617379889147 ], [ 74.897992345917274, 39.206172073983531 ], [ 74.898741058555885, 39.20608749129061 ], [ 74.899115780122429, 39.205919909516325 ], [ 74.899437775510123, 39.205501824736253 ], [ 74.899547635391727, 39.204499360126881 ], [ 74.899550694053687, 39.203455284156192 ], [ 74.899342487725804, 39.201534486627011 ], [ 74.899023332186204, 39.200992021618447 ], [ 74.898702953755745, 39.200867186303356 ], [ 74.897954544686655, 39.200868242335588 ], [ 74.896937481002809, 39.201329062622186 ], [ 74.896134116140715, 39.201831336056166 ], [ 74.895439154740359, 39.20183230196325 ], [ 74.894532239061164, 39.201207111031351 ], [ 74.893519557316523, 39.200206194649162 ], [ 74.892612679561211, 39.199580988652485 ], [ 74.891225348055485, 39.198747610967132 ], [ 74.889731007635945, 39.19795612316436 ], [ 74.888236444000299, 39.197248142719829 ], [ 74.88706172872547, 39.196832064469582 ], [ 74.886474114543603, 39.196707546355327 ], [ 74.885297456712692, 39.196917894043089 ], [ 74.883960042916911, 39.197211774564238 ], [ 74.882996101542432, 39.197587995183589 ], [ 74.881978001257608, 39.19817304316863 ], [ 74.880959213357414, 39.198966897365963 ], [ 74.880101270743623, 39.199635400685018 ], [ 74.879028819614277, 39.20047101686508 ], [ 74.878223653554159, 39.201348302430844 ], [ 74.877519844492284, 39.202078746384103 ], [ 74.877418603708492, 39.202183817909678 ], [ 74.876666615214518, 39.203144600801721 ], [ 74.875753726135343, 39.204230716826729 ], [ 74.875107447450844, 39.205567322403319 ], [ 74.874725868805825, 39.207739104216422 ], [ 74.874235490317886, 39.210453834925048 ], [ 74.873799809292436, 39.212792678686981 ], [ 74.873583889126905, 39.213377418968349 ], [ 74.873206638967119, 39.214212781473435 ], [ 74.872669295273113, 39.214922899716427 ], [ 74.871810663702917, 39.215716625701504 ], [ 74.870523444994888, 39.216677508235854 ], [ 74.869450620821439, 39.217513035427849 ], [ 74.868216697646275, 39.218515641925251 ], [ 74.867625063195561, 39.219434562079527 ], [ 74.867513388240909, 39.220812760659207 ], [ 74.86771737236748, 39.223777867553409 ], [ 74.867569845047981, 39.224863275522431 ], [ 74.867552753484588, 39.22498902648028 ], [ 74.867546952794456, 39.226701298811861 ], [ 74.86748821081764, 39.228246534247852 ], [ 74.867108540588575, 39.229750078355956 ], [ 74.866731125544845, 39.230585417256179 ], [ 74.865188070159078, 39.232292009741123 ], [ 74.865188070159078, 39.232292009741123 ], [ 74.864313932246802, 39.233258747419811 ], [ 74.861631437844096, 39.235222106178192 ], [ 74.860880190408352, 39.235806917491594 ], [ 74.859967798928736, 39.236558798944593 ], [ 74.859109493455321, 39.237143616297793 ], [ 74.858304392297313, 39.23781194166002 ], [ 74.857391801986822, 39.238605566634391 ], [ 74.856263930003095, 39.239733314156169 ], [ 74.85529717476885, 39.240693979999605 ], [ 74.853416659620351, 39.242740569841182 ], [ 74.852718183594504, 39.24349236978783 ], [ 74.852073365890888, 39.244202399603346 ], [ 74.851589706141951, 39.244745360547427 ], [ 74.851373955690633, 39.245204768446833 ], [ 74.851693883481033, 39.245538839356414 ], [ 74.852442603641876, 39.245705815710011 ], [ 74.853352644148103, 39.245663957904064 ], [ 74.854156385972004, 39.245413292140221 ], [ 74.854800597461491, 39.244870302426804 ], [ 74.85549906501268, 39.244118487902618 ], [ 74.856144291609041, 39.243283153753062 ], [ 74.85684332054096, 39.242364279318295 ], [ 74.857488366872801, 39.241570699189822 ], [ 74.858347478317853, 39.240777083170009 ], [ 74.859098799864825, 39.240192288826648 ], [ 74.859958166921061, 39.239315134820181 ], [ 74.86097791868562, 39.238479709424418 ], [ 74.862372412177436, 39.237602440699462 ], [ 74.863605458088969, 39.236975765597158 ], [ 74.864784963353657, 39.23634908727869 ], [ 74.866018392405934, 39.235597096396063 ], [ 74.867198847258194, 39.234678053710645 ], [ 74.868272101775474, 39.233800788355758 ], [ 74.868854715222511, 39.23329956967082 ], [ 74.868854715222511, 39.23329956967082 ], [ 74.869291819219555, 39.232923524958778 ], [ 74.870312486575557, 39.231753914802262 ], [ 74.871065422572158, 39.230626128496155 ], [ 74.872090052607504, 39.228245379984912 ], [ 74.872201507922043, 39.226908942817907 ], [ 74.872207195549635, 39.225196670127666 ], [ 74.872264446130018, 39.223577115525572 ], [ 74.872266246587174, 39.223526143244349 ], [ 74.872593790290836, 39.221563203501915 ], [ 74.873187726439141, 39.219934291400776 ], [ 74.873565559122255, 39.21893187741324 ], [ 74.874371395896191, 39.217929341151041 ], [ 74.874908059381028, 39.217428029903218 ], [ 74.875712632683275, 39.216801346543662 ], [ 74.876678234448207, 39.216007558849334 ], [ 74.877698669827112, 39.214796115712275 ], [ 74.878452252789558, 39.213375936947998 ], [ 74.87909948134849, 39.211746973580865 ], [ 74.879960127443496, 39.210284986782227 ], [ 74.881411581164869, 39.208071054498383 ], [ 74.881894625452205, 39.207569729867949 ], [ 74.882270011515374, 39.207277254144728 ] ] ] ] } },
{ "type": "Feature", "properties": { "ID": 667, "周长": 0.060473517666386964, "面积": 0.00018570092442981526, "FEATUREID": "YAAE002C1AJ430010020000076", "CHFCAC": "000076", "CODE": "", "GB": "73020", "HYDC": "", "TN": "", "NAME": "", "fill_color": 4608, "pattern": 854, "pattern_color": 2304, "_src_file": "LDLYAAE002.WP", "_src_id": 75 }, "geometry": { "type": "Polygon", "coordinates": [ [ [ 73.703161122406826, 39.220245478988936 ], [ 73.703233905871073, 39.219741573468234 ], [ 73.703645918615265, 39.21873678278407 ], [ 73.704384368161683, 39.217584363942741 ], [ 73.705181148799014, 39.216785956597761 ], [ 73.706165482653489, 39.21634306489198 ], [ 73.707335488892213, 39.216407085728704 ], [ 73.708697013326443, 39.216725678900147 ], [ 73.710514400925277, 39.217150446099701 ], [ 73.71212963599227, 39.217774800792881 ], [ 73.713423216851211, 39.218243989652116 ], [ 73.71537277152116, 39.218518781743143 ], [ 73.717903482738208, 39.218951663411879 ], [ 73.719193260807515, 39.219572186624291 ], [ 73.719831972133903, 39.220235707380787 ], [ 73.71995173737028, 39.220842794239189 ], [ 73.719745841444038, 39.221345220163364 ], [ 73.719221145891609, 39.221591585874883 ], [ 73.717849954319831, 39.221828239777203 ], [ 73.716801415150357, 39.222169549435208 ], [ 73.71640401888564, 39.22251832918289 ], [ 73.716453768954082, 39.223276069326388 ], [ 73.716961295119276, 39.22398857746407 ], [ 73.717475574457126, 39.224398284339507 ], [ 73.717529120655357, 39.224903692872552 ], [ 73.717395143300422, 39.225204997070037 ], [ 73.716803293228011, 39.225450602450366 ], [ 73.715624498964601, 39.225840870294839 ], [ 73.714248373217586, 39.226279347314886 ], [ 73.712736229907492, 39.227019103780727 ], [ 73.711675012684651, 39.227915494057946 ], [ 73.710877294800241, 39.2288653403564 ], [ 73.710536291175359, 39.229669043468597 ], [ 73.709801583349133, 39.230518702880303 ], [ 73.709006697496534, 39.231317138325714 ], [ 73.708217469883067, 39.23166137371237 ], [ 73.706709972055876, 39.232148718510807 ], [ 73.705661226683134, 39.232489923813176 ], [ 73.703433418403833, 39.233120329253182 ], [ 73.702255391528723, 39.233459994612907 ], [ 73.70127948140582, 39.233398187113053 ], [ 73.700829389714372, 39.233039631091991 ], [ 73.700511552866232, 39.232682587595171 ], [ 73.700457061677881, 39.232076242802492 ], [ 73.700535756493323, 39.23137047681309 ], [ 73.701010093847003, 39.230517853411612 ], [ 73.701875088942728, 39.229568832879572 ], [ 73.702415421953972, 39.228565559591232 ], [ 73.702633041967474, 39.227407111869738 ], [ 73.702656267779304, 39.226195929712681 ], [ 73.702679428753044, 39.224883814111394 ], [ 73.702775509348669, 39.223269659828233 ], [ 73.702867779330489, 39.221958300211455 ], [ 73.703082466487672, 39.220951246433764 ], [ 73.703161122406826, 39.220245478988936 ] ] ] } },
{ "type": "Feature", "properties": { "ID": 669, "周长": 0.099693387213488624, "面积": 0.00024594924766463758, "FEATUREID": "YAAE002C1AJ430010020000077", "CHFCAC": "000077", "CODE": "", "GB": "73020", "HYDC": "", "TN": "", "NAME": "", "fill_color": 6656, "pattern": 854, "pattern_color": 2304, "_src_file": "LDLYAAE002.WP", "_src_id": 76 }, "geometry": { "type": "MultiPolygon", "coordinates": [ [ [ [ 74.688188634738239, 39.222861032297679 ], [ 74.687797524051106, 39.221207174616978 ], [ 74.687985017540811, 39.219797879157959 ], [ 74.689079211801712, 39.217827096147218 ], [ 74.690721292390037, 39.215575789686 ], [ 74.693630042505191, 39.213750741082627 ], [ 74.694174960451747, 39.213470214740937 ], [ 74.696865636229504, 39.212306888391836 ], [ 74.696865636229504, 39.212306888391836 ], [ 74.696953052162783, 39.21330964529416 ], [ 74.697152081759683, 39.21425221847641 ], [ 74.697195938720895, 39.214312169821604 ], [ 74.697553889623052, 39.214802801077049 ], [ 74.698261876286026, 39.214961651510961 ], [ 74.701507758689758, 39.214734507951086 ], [ 74.704857403286098, 39.2144290269203 ], [ 74.706682150547849, 39.214512144980738 ], [ 74.70713527913756, 39.214748804592411 ], [ 74.708047407249097, 39.215045488678356 ], [ 74.708808311440905, 39.215165149009096 ], [ 74.709339509143561, 39.214989846341275 ], [ 74.709569089636673, 39.214696026280144 ], [ 74.709422444316601, 39.213989109604718 ], [ 74.709575121063452, 39.213459588005364 ], [ 74.710033120040876, 39.213107458063661 ], [ 74.710643345190121, 39.212932338556648 ], [ 74.711553467705755, 39.213228993028849 ], [ 74.713377444366202, 39.213881160262297 ], [ 74.71459107817175, 39.214531810151286 ], [ 74.717626521910759, 39.215893425691597 ], [ 74.718993167019875, 39.216367763906774 ], [ 74.720437828068754, 39.216430122319665 ], [ 74.721273481814507, 39.216196617198044 ], [ 74.722111408457948, 39.215904226356301 ], [ 74.722646026005108, 39.215846619812758 ], [ 74.723938030294505, 39.216026327429269 ], [ 74.728265493617684, 39.217626239343133 ], [ 74.729555731451853, 39.217982519310908 ], [ 74.73076966497571, 39.218397488952689 ], [ 74.731377001786868, 39.218634405496687 ], [ 74.731527759413737, 39.218929147837557 ], [ 74.731528682916235, 39.219164659839706 ], [ 74.731373425934891, 39.219635333169357 ], [ 74.730533875995619, 39.220281057205163 ], [ 74.729543470414612, 39.220867544599756 ], [ 74.728477352911369, 39.221159454696 ], [ 74.726345276469047, 39.221272221886153 ], [ 74.723683086637749, 39.221324811134473 ], [ 74.72094683796827, 39.221377155110766 ], [ 74.718133369903484, 39.22125261641866 ], [ 74.715320761686883, 39.220951375569733 ], [ 74.713571362550482, 39.220770448907203 ], [ 74.710987241147791, 39.220410787027767 ], [ 74.706654048576269, 39.22022330580883 ], [ 74.703993342829747, 39.219981054210869 ], [ 74.702165772755265, 39.220035274621793 ], [ 74.699884992567092, 39.22026492570614 ], [ 74.698665542996324, 39.220379536614999 ], [ 74.696991279224207, 39.22078733714185 ], [ 74.695315294150276, 39.221136236252264 ], [ 74.694325087939973, 39.221428032127349 ], [ 74.693461926048158, 39.221857536286123 ], [ 74.692447248112359, 39.222168873585275 ], [ 74.690821080997381, 39.22255680958223 ], [ 74.690177117526474, 39.222649417802344 ], [ 74.688694881115111, 39.222862847908658 ], [ 74.688188634738239, 39.222861032297679 ] ] ] ] } },
{ "type": "Feature", "properties": { "ID": 670, "周长": 0.046794791229889797, "面积": 0.00010272002581650924, "FEATUREID": "YAAE002C1AJ430010020000078", "CHFCAC": "000078", "CODE": "", "GB": "73020", "HYDC": "", "TN": "", "NAME": "", "fill_color": 9728, "pattern": 854, "pattern_color": 2304, "_src_file": "LDLYAAE002.WP", "_src_id": 77 }, "geometry": { "type": "MultiPolygon", "coordinates": [ [ [ [ 74.696865636229504, 39.212306888391836 ], [ 74.69645662294451, 39.211424228898501 ], [ 74.695749667876271, 39.210872848299879 ], [ 74.694434381727348, 39.21031986712218 ], [ 74.692507975662508, 39.209922272491845 ], [ 74.691089713536442, 39.21007552272107 ], [ 74.689161273402306, 39.210462913237542 ], [ 74.687127160158425, 39.211478029682105 ], [ 74.685395120462019, 39.21288645302409 ], [ 74.683461628106784, 39.214215793216063 ], [ 74.681531311433631, 39.215152447720719 ], [ 74.680313017951988, 39.215932129995799 ], [ 74.67959950253173, 39.216870478088346 ], [ 74.679598531945558, 39.217654598956166 ], [ 74.680000094284679, 39.218597028076189 ], [ 74.681613125587248, 39.220328014656374 ], [ 74.683531852178731, 39.221589611931684 ], [ 74.685149530033982, 39.222379605585481 ], [ 74.686869686668629, 39.222856295005563 ], [ 74.688188634738239, 39.222861032297679 ], [ 74.688188634738239, 39.222861032297679 ], [ 74.687797524051106, 39.221207174616978 ], [ 74.687985017540811, 39.219797879157959 ], [ 74.689079211801712, 39.217827096147218 ], [ 74.690721292390037, 39.215575789686 ], [ 74.693630042505191, 39.213750741082627 ], [ 74.694174960451747, 39.213470214740937 ], [ 74.696865636229504, 39.212306888391836 ] ] ] ] } },
{ "type": "Feature", "properties": { "ID": 673, "周长": 0.048646852043601578, "面积": 5.7269690420122098e-05, "FEATUREID": "YAAE002C1AJ430010020000079", "CHFCAC": "000079", "CODE": "", "GB": "73020", "HYDC": "", "TN": "", "NAME": "", "fill_color": 12800, "pattern": 854, "pattern_color": 2304, "_src_file": "LDLYAAE002.WP", "_src_id": 78 }, "geometry": { "type": "MultiPolygon", "coordinates": [ [ [ [ 74.947349034027908, 39.220943257180032 ], [ 74.947291588555814, 39.221297301824478 ], [ 74.947165462286094, 39.221877746805177 ], [ 74.946959585486212, 39.222103764089489 ], [ 74.9467942725813, 39.222200768859452 ], [ 74.94654563530014, 39.222201220694231 ], [ 74.946299066002268, 39.222169437332276 ], [ 74.945969759602661, 39.221783225233779 ], [ 74.945806793822399, 39.220848730358355 ], [ 74.945796918969947, 39.220604372478086 ], [ 74.945796918969947, 39.220604372478086 ], [ 74.945765720990579, 39.219881774407021 ], [ 74.945811119065084, 39.218946902241676 ], [ 74.946017672546645, 39.21797949577843 ], [ 74.946351666889228, 39.21717303336181 ], [ 74.946683945090541, 39.216237635581521 ], [ 74.947055829292282, 39.215592268734277 ], [ 74.947389234301085, 39.214592399254116 ], [ 74.947719629867976, 39.213592526395196 ], [ 74.947803760610114, 39.212883217189912 ], [ 74.947972784781285, 39.212012586448232 ], [ 74.947975532457562, 39.21078767799095 ], [ 74.947894011845804, 39.210336548485827 ], [ 74.947437973005989, 39.209539598744158 ], [ 74.947437973005989, 39.209539598744158 ], [ 74.947112714907419, 39.209113076578653 ], [ 74.946657884951691, 39.208630388834194 ], [ 74.945999809882878, 39.208115841979073 ], [ 74.945218171275755, 39.207504810443993 ], [ 74.944600528351813, 39.206925710899306 ], [ 74.944311009202821, 39.206346011929647 ], [ 74.944271077237559, 39.205765867930957 ], [ 74.944356641932217, 39.205314436110406 ], [ 74.944646297634449, 39.204959336057691 ], [ 74.945100707420806, 39.204732871652418 ], [ 74.945471151239161, 39.204699964611251 ], [ 74.945967160864853, 39.20476353442578 ], [ 74.946377207554093, 39.205020657416128 ], [ 74.946873494074026, 39.205406566497565 ], [ 74.947613932548222, 39.205985428397732 ], [ 74.948315118505221, 39.206564359555067 ], [ 74.949467225482792, 39.207142448378825 ], [ 74.950376831735241, 39.207237471187746 ], [ 74.951077755963524, 39.20704275829825 ], [ 74.952233004361375, 39.206653786016837 ], [ 74.952811265325934, 39.206394828289866 ], [ 74.953019656050515, 39.206362206281412 ], [ 74.95338996376546, 39.206393741277182 ], [ 74.95380125513563, 39.206554135929601 ], [ 74.953926700749193, 39.206715075028811 ], [ 74.953965128358305, 39.207101809375956 ], [ 74.953841568696603, 39.20745662195398 ], [ 74.953593284841986, 39.207779434106378 ], [ 74.95297367913021, 39.208070708322076 ], [ 74.952395407901392, 39.208329669020415 ], [ 74.951817987071223, 39.208653094077278 ], [ 74.951321813090118, 39.209105300585946 ], [ 74.950990552387907, 39.20962166792863 ], [ 74.950865334055464, 39.210266587558174 ], [ 74.950932226846774, 39.211209249020776 ], [ 74.950943383767864, 39.211394637660355 ], [ 74.951231419372746, 39.212683477049204 ], [ 74.95122764907687, 39.213489336116858 ], [ 74.951185602222367, 39.213843993074647 ], [ 74.951021320744459, 39.214392285529875 ], [ 74.950772288126302, 39.215037433883161 ], [ 74.950397512756339, 39.21565057800089 ], [ 74.950025373660992, 39.215973610763179 ], [ 74.949529206026114, 39.216393574330922 ], [ 74.948991404902415, 39.216974785764712 ], [ 74.94866130528203, 39.217394441661781 ], [ 74.94837276138098, 39.217685081528558 ], [ 74.947999313184098, 39.21813704645956 ], [ 74.947834578405548, 39.218427458673581 ], [ 74.947707751333837, 39.218878968033387 ], [ 74.947543214179618, 39.219523956824219 ], [ 74.947417149437157, 39.220523448584338 ], [ 74.947349034027908, 39.220943257180032 ] ] ] ] } },
{ "type": "Feature", "properties": { "ID": 678, "周长": 0.020548972236536605, "面积": 3.1024156481752191e-05, "FEATUREID": "YAAE002C1AJ430010020000080", "CHFCAC": "000080", "CODE": "", "GB": "73020", "HYDC": "", "TN": "", "NAME": "", "fill_color": 16896, "pattern": 854, "pattern_color": 2304, "_src_file": "LDLYAAE002.WP", "_src_id": 79 }, "geometry": { "type": "Polygon", "coordinates": [ [ [ 73.761231210151735, 39.212086600011347 ], [ 73.761861971067361, 39.212530363350048 ], [ 73.762179136503676, 39.212658920319569 ], [ 73.763136561067512, 39.212733514453845 ], [ 73.764257313449377, 39.212623515800907 ], [ 73.765308831767214, 39.211952540073817 ], [ 73.766121866043079, 39.211216250971425 ], [ 73.76621121115133, 39.210719560120388 ], [ 73.766066826430489, 39.209908704730317 ], [ 73.765682803652226, 39.209094762833075 ], [ 73.764583428994655, 39.208084903930846 ], [ 73.763081136748298, 39.207256527670459 ], [ 73.761733888784022, 39.206679053917576 ], [ 73.760855235540404, 39.206667699559702 ], [ 73.760213839004876, 39.20678386553795 ], [ 73.759649942927538, 39.207025494484178 ], [ 73.759156408260409, 39.207765872234695 ], [ 73.759131436921024, 39.209072386805452 ], [ 73.759585753718326, 39.210385102560906 ], [ 73.760445445033881, 39.211391908286437 ], [ 73.761231210151735, 39.212086600011347 ] ] ] } },
{ "type": "Feature", "properties": { "ID": 680, "周长": 0.076527304191140677, "面积": 0.00030154975738068239, "FEATUREID": "YAAE002C1AJ430010020000081", "CHFCAC": "000081", "CODE": "", "GB": "73020", "HYDC": "", "TN": "", "NAME": "", "fill_color": 18944, "pattern": 854, "pattern_color": 2304, "_src_file": "LDLYAAE002.WP", "_src_id": 80 }, "geometry": { "type": "Polygon", "coordinates": [ [ [ 73.732685313784074, 39.210093562267218 ], [ 73.733278197619413, 39.209545834883173 ], [ 73.735048297387564, 39.208356827556351 ], [ 73.735909456584636, 39.207307704801856 ], [ 73.736312851073208, 39.206505162011311 ], [ 73.736262275083092, 39.20574734139953 ], [ 73.735950005213368, 39.205137635730601 ], [ 73.735184729450054, 39.204522180441202 ], [ 73.73429192504949, 39.20380414499266 ], [ 73.733528569099462, 39.203087746598015 ], [ 73.733090685156256, 39.202274522524014 ], [ 73.732852622840824, 39.20116096692572 ], [ 73.732481361496184, 39.200247629041883 ], [ 73.732044451421416, 39.199383934838444 ], [ 73.73122118619969, 39.198414364588267 ], [ 73.730586390232219, 39.197750062181683 ], [ 73.729748008115237, 39.197587948891908 ], [ 73.729291252291176, 39.197784045140352 ], [ 73.728116048073687, 39.198324329875661 ], [ 73.726873270499908, 39.199015178960586 ], [ 73.72588668301313, 39.199659639615568 ], [ 73.725228131427656, 39.200055949992965 ], [ 73.722848521391768, 39.201946928167636 ], [ 73.721533242199243, 39.202638579292064 ], [ 73.719956589606994, 39.203377696126324 ], [ 73.718446914614304, 39.204016606780208 ], [ 73.716547573656271, 39.204600548308377 ], [ 73.71471330352982, 39.205185205895944 ], [ 73.712676984398115, 39.206120848916967 ], [ 73.71122652036189, 39.207063209440804 ], [ 73.709971323996868, 39.208007806571274 ], [ 73.708912364741039, 39.208904176501015 ], [ 73.708181788064678, 39.209652898272971 ], [ 73.707711608953602, 39.210404626124465 ], [ 73.707308455525023, 39.211056170050639 ], [ 73.707164749272252, 39.211761192639194 ], [ 73.707225998470918, 39.21196380946806 ], [ 73.70728532185349, 39.212267357632882 ], [ 73.707664392311273, 39.212877467375492 ], [ 73.708626544075827, 39.213645741132993 ], [ 73.709858769763073, 39.213912349855271 ], [ 73.711688504345517, 39.213580107321114 ], [ 73.713913659554095, 39.212999996248044 ], [ 73.715746224155254, 39.212516287186602 ], [ 73.716913353458281, 39.212782074317914 ], [ 73.718071884596526, 39.213502047330628 ], [ 73.71902842618087, 39.214573036902827 ], [ 73.720052970171608, 39.215493363708759 ], [ 73.721148375628218, 39.216111628202754 ], [ 73.722631603752589, 39.216885747822268 ], [ 73.723925244497977, 39.217354818766665 ], [ 73.725355782087803, 39.217472097343354 ], [ 73.726400034564904, 39.2172824005875 ], [ 73.727312862994836, 39.216940702904907 ], [ 73.728036249697425, 39.216344187004999 ], [ 73.728439787561214, 39.215541677277521 ], [ 73.728456863688379, 39.214633281126517 ], [ 73.728409212862701, 39.213724058893987 ], [ 73.728680439302835, 39.213071294056626 ], [ 73.729533221313602, 39.212476419087821 ], [ 73.730514482955698, 39.211933653216562 ], [ 73.73143290282168, 39.211289120019181 ], [ 73.732353196091651, 39.210543646831255 ], [ 73.732685313784074, 39.210093562267218 ] ] ] } },
{ "type": "Feature", "properties": { "ID": 682, "周长": 0.096827209610681517, "面积": 0.00024500113999804257, "FEATUREID": "YAAE002C1AJ430010020000082", "CHFCAC": "000082", "CODE": "", "GB": "73020", "HYDC": "", "TN": "", "NAME": "", "fill_color": 20992, "pattern": 854, "pattern_color": 2304, "_src_file": "LDLYAAE002.WP", "_src_id": 81 }, "geometry": { "type": "Polygon", "coordinates": [ [ [ 74.927747818006367, 39.208916866332956 ], [ 74.92741130991719, 39.208090872696097 ], [ 74.926682770494551, 39.206888669287196 ], [ 74.926095508417475, 39.206259276444001 ], [ 74.925143469748264, 39.205630483192039 ], [ 74.924117498510739, 39.205231024549676 ], [ 74.922506683967114, 39.204832505564639 ], [ 74.920379939365162, 39.204606707002419 ], [ 74.918399464745548, 39.204552551792887 ], [ 74.916051899070283, 39.204613549768375 ], [ 74.913629663035053, 39.204789223330813 ], [ 74.9112072531574, 39.205022152979396 ], [ 74.909373167302462, 39.205082233414046 ], [ 74.908642079142282, 39.20491141882664 ], [ 74.908203707227798, 39.204281715514924 ], [ 74.908132442869075, 39.203536851996837 ], [ 74.908575464476655, 39.202504691504743 ], [ 74.909310768844307, 39.201873227528949 ], [ 74.910777272807991, 39.201355260440451 ], [ 74.912025909923599, 39.201124138811004 ], [ 74.913785536260818, 39.201064131101568 ], [ 74.915765756885065, 39.201175668855136 ], [ 74.917453414310799, 39.201344940707344 ], [ 74.918261605007132, 39.201229056900182 ], [ 74.919583023428402, 39.200825819675664 ], [ 74.920757419786028, 39.200537416236642 ], [ 74.921492142869639, 39.200077792271465 ], [ 74.921566993003907, 39.199504616789838 ], [ 74.921421544454944, 39.198645267109903 ], [ 74.92193704482267, 39.19824330022162 ], [ 74.922963240941655, 39.198127028800016 ], [ 74.92450488354504, 39.198009906699269 ], [ 74.925898527727412, 39.198007619585439 ], [ 74.927803751714009, 39.198348296562017 ], [ 74.92934366634212, 39.198918782041524 ], [ 74.930808826924235, 39.199661287570066 ], [ 74.932420581149358, 39.200460830787726 ], [ 74.934103586163474, 39.201317530765621 ], [ 74.935203354372717, 39.201945997448426 ], [ 74.936301832173612, 39.202287925701896 ], [ 74.936670878339456, 39.202172677207862 ], [ 74.937037297321794, 39.201484371444941 ], [ 74.93799171005189, 39.201138870755194 ], [ 74.939754182333473, 39.201135774900415 ], [ 74.941000241587531, 39.201534705658091 ], [ 74.941363802862426, 39.202049805055054 ], [ 74.94151117309184, 39.202622599409764 ], [ 74.94121641477571, 39.203196178851108 ], [ 74.94055373923679, 39.203827715094121 ], [ 74.939671981000245, 39.204459635909807 ], [ 74.938277437461664, 39.205207060712418 ], [ 74.937173020683204, 39.206068569180438 ], [ 74.936292929843503, 39.206815074797021 ], [ 74.935407984395695, 39.207905407816845 ], [ 74.934967737507563, 39.208765752651047 ], [ 74.934769133903799, 39.209888152518886 ], [ 74.934744590612027, 39.210026855238191 ], [ 74.934813586186308, 39.211000925324299 ], [ 74.934811801399562, 39.212147037777768 ], [ 74.934809457187214, 39.213522371070916 ], [ 74.935245180206209, 39.214954251626544 ], [ 74.93568147453999, 39.216156906994023 ], [ 74.935825582221668, 39.217245459764726 ], [ 74.935969416534647, 39.218448622595893 ], [ 74.935893829373754, 39.219365636815446 ], [ 74.935747117616401, 39.219767031324864 ], [ 74.935379560152185, 39.220054193219404 ], [ 74.934791161873648, 39.220227122689344 ], [ 74.934646136153077, 39.220341986371565 ], [ 74.934425018606134, 39.220342364827374 ], [ 74.933691429368849, 39.2202863185192 ], [ 74.932959124010836, 39.220115657199415 ], [ 74.932079631082729, 39.219314878480418 ], [ 74.93134961358669, 39.218227319165294 ], [ 74.930766354059344, 39.216738366913631 ], [ 74.930255488275833, 39.215249288695908 ], [ 74.929526688208142, 39.213703270720977 ], [ 74.92886942778884, 39.212099821832297 ], [ 74.928433419775658, 39.210839833774834 ], [ 74.927996572702483, 39.209522537402215 ], [ 74.927747818006367, 39.208916866332956 ] ] ] } },
{ "type": "Feature", "properties": { "ID": 684, "周长": 0.077880940620104089, "面积": 0.0002897618276972401, "FEATUREID": "YAAE002C1AJ430010020000083", "CHFCAC": "000083", "CODE": "", "GB": "73020", "HYDC": "", "TN": "", "NAME": "", "fill_color": 23040, "pattern": 854, "pattern_color": 2304, "_src_file": "LDLYAAE002.WP", "_src_id": 82 }, "geometry": { "type": "MultiPolygon", "coordinates": [ [ [ [ 74.561216460595901, 39.202693690257767 ], [ 74.560884930799219, 39.202433854916769 ], [ 74.560884930799219, 39.202433854916769 ], [ 74.560126010289366, 39.201839043658659 ], [ 74.559082035621401, 39.200957714338649 ], [ 74.558038870781985, 39.199950831346236 ], [ 74.557400938617121, 39.198693839432728 ], [ 74.557329277720129, 39.197249905534491 ], [ 74.557498994233185, 39.195932104608254 ], [ 74.55758680386198, 39.194802419103944 ], [ 74.55718911292638, 39.19385986783643 ], [ 74.556468165249825, 39.192979300061921 ], [ 74.555585788185226, 39.192098312515952 ], [ 74.554782155944508, 39.191594752454982 ], [ 74.553575844600061, 39.190964795239701 ], [ 74.552046691328385, 39.190334023861141 ], [ 74.550032382408759, 39.189827420711715 ], [ 74.54825934705147, 39.189446786301744 ], [ 74.546729373761139, 39.188941340836848 ], [ 74.545282845366131, 39.18805989619014 ], [ 74.544643920270403, 39.187117791882237 ], [ 74.544006600927815, 39.185799495671404 ], [ 74.543772421542485, 39.184356828736369 ], [ 74.543456737338531, 39.18303934876544 ], [ 74.542897942337746, 39.181846644266052 ], [ 74.5420127349593, 39.181217386924089 ], [ 74.541206541582, 39.180901821220019 ], [ 74.540478626624477, 39.18102534495447 ], [ 74.540314499780848, 39.181463812606353 ], [ 74.540309445434573, 39.182341581257653 ], [ 74.540542823914663, 39.183909651309023 ], [ 74.540372550317741, 39.185413981146311 ], [ 74.539556181881153, 39.186853942203413 ], [ 74.538418002483013, 39.188042266313566 ], [ 74.53768601132731, 39.188855445383425 ], [ 74.53760192793176, 39.189419514631652 ], [ 74.537921895872046, 39.189984635165033 ], [ 74.53848101238637, 39.191051966546389 ], [ 74.538958910652298, 39.191930988136178 ], [ 74.539349723327746, 39.193877833967989 ], [ 74.539342752639939, 39.194944940964042 ], [ 74.539818064864335, 39.196327157672776 ], [ 74.541098592923262, 39.198025306841117 ], [ 74.542220578131634, 39.199283630741711 ], [ 74.543181967189426, 39.200415987496903 ], [ 74.54405940776789, 39.202050300122615 ], [ 74.545097544018844, 39.203810557581406 ], [ 74.546459466424224, 39.205446082304441 ], [ 74.547037786912242, 39.206496826741095 ], [ 74.547037786912242, 39.206496826741095 ], [ 74.547073004809263, 39.206815638769982 ], [ 74.547073004809263, 39.206815638769982 ], [ 74.555529568729753, 39.204658789661337 ], [ 74.561215460595903, 39.202693690257767 ], [ 74.561216460595901, 39.202693690257767 ] ] ] ] } },
{ "type": "Feature", "properties": { "ID": 686, "周长": 0.12128792098374634, "面积": 0.00022071158985661164, "FEATUREID": "YAAE002C1AJ430010020000084", "CHFCAC": "000084", "CODE": "", "GB": "73020", "HYDC": "", "TN": "", "NAME": "", "fill_color": 28160, "pattern": 854, "pattern_color": 2304, "_src_file": "LDLYAAE002.WP", "_src_id": 83 }, "geometry": { "type": "MultiPolygon", "coordinates": [ [ [ [ 74.746558015628167, 39.18939821472172 ], [ 74.74655701562817, 39.18939821472172 ], [ 74.746557446028604, 39.18939905411542 ], [ 74.746558015628167, 39.18939821472172 ] ] ], [ [ [ 74.745425698677991, 39.190900225968889 ], [ 74.741255455601063, 39.195013040959807 ], [ 74.73965705720785, 39.196368322276172 ], [ 74.738679145185756, 39.197165404659721 ], [ 74.737081459280773, 39.198360585706553 ], [ 74.736464092888212, 39.198878734710448 ], [ 74.734816424551497, 39.19999367856424 ], [ 74.731476707956503, 39.201734749857643 ], [ 74.731475707956506, 39.201734749857643 ], [ 74.732331946932646, 39.201823522522879 ], [ 74.733931485823092, 39.201595918120766 ], [ 74.735155356897181, 39.200863576447034 ], [ 74.736380146753916, 39.199921185658553 ], [ 74.736855737953846, 39.199712222566184 ], [ 74.737126730290569, 39.199765344428599 ], [ 74.737192181665407, 39.200290588756772 ], [ 74.737187236593542, 39.201393278656901 ], [ 74.737318144091276, 39.202443764631923 ], [ 74.738127392869856, 39.2034432691379 ], [ 74.738529797273188, 39.20444185551316 ], [ 74.739203463621436, 39.205441047880804 ], [ 74.740081754355757, 39.2061781470859 ], [ 74.741164899434352, 39.206600636793844 ], [ 74.742113588995565, 39.206760270820048 ], [ 74.743335386594197, 39.206500425374706 ], [ 74.744152139849064, 39.205819599996907 ], [ 74.744768892694395, 39.204350688604777 ], [ 74.745055476951066, 39.203444663040486 ], [ 74.745250226542026, 39.202828965172444 ], [ 74.745867843114326, 39.201150010838745 ], [ 74.746483831192037, 39.19983861556787 ], [ 74.747302528537276, 39.198685184715323 ], [ 74.748458633135826, 39.197900045570528 ], [ 74.750225627905621, 39.19695868007485 ], [ 74.753964441299061, 39.194708731783813 ], [ 74.754780732193055, 39.194080339463703 ], [ 74.755868213417344, 39.193452509881595 ], [ 74.757159292628117, 39.192772586632202 ], [ 74.759196574314245, 39.191990798945461 ], [ 74.761233377565958, 39.1913139679137 ], [ 74.763269276799321, 39.190846647061093 ], [ 74.765170197174669, 39.190221859474939 ], [ 74.766662217766353, 39.189388935660524 ], [ 74.768154501674843, 39.188399090627478 ], [ 74.769169399027888, 39.187195545056476 ], [ 74.769509480168793, 39.185887012774344 ], [ 74.769378322338838, 39.184474398158684 ], [ 74.768976429925914, 39.183585358735954 ], [ 74.767629503650383, 39.181804536150409 ], [ 74.766142438794247, 39.180806015776085 ], [ 74.764383771779748, 39.180120633752672 ], [ 74.762219032484282, 39.179381699995908 ], [ 74.760595023440302, 39.179010613319001 ], [ 74.759647682259683, 39.178798495728202 ], [ 74.758970617098797, 39.178796477962514 ], [ 74.758360278930652, 39.179160937430133 ], [ 74.758223609214795, 39.179631461128501 ], [ 74.758830887057997, 39.180418158514826 ], [ 74.760588539600448, 39.181469901771997 ], [ 74.762211374446494, 39.182311914645922 ], [ 74.763630704760075, 39.183310286724854 ], [ 74.76491465273881, 39.184308242224631 ], [ 74.765522048202371, 39.185094906715506 ], [ 74.765655189718103, 39.185984831731517 ], [ 74.76517957906799, 39.18661134698872 ], [ 74.764230364437012, 39.18707949371337 ], [ 74.762807539971064, 39.187389260353903 ], [ 74.760840710847972, 39.187908025331694 ], [ 74.75907562731426, 39.188480639368365 ], [ 74.757853102852692, 39.189001969004778 ], [ 74.756425848645364, 39.189837178460834 ], [ 74.755472481429123, 39.190830524864978 ], [ 74.751664119969206, 39.193548634318979 ], [ 74.750916058412272, 39.194072130354947 ], [ 74.750034190767266, 39.194175259861893 ], [ 74.749221931187662, 39.193858453332531 ], [ 74.748277716351794, 39.192701204356837 ], [ 74.747336245903512, 39.190917918074341 ], [ 74.746557446028604, 39.18939905411542 ], [ 74.746337739406385, 39.189722826055622 ], [ 74.745425698677991, 39.190900225968889 ] ] ] ] } },
{ "type": "Feature", "properties": { "ID": 691, "周长": 0.079198676553593722, "面积": 0.00012316169807040801, "FEATUREID": "YAAE002C1AJ430010020000085", "CHFCAC": "000085", "CODE": "", "GB": "73020", "HYDC": "", "TN": "", "NAME": "", "fill_color": -32256, "pattern": 854, "pattern_color": 2304, "_src_file": "LDLYAAE002.WP", "_src_id": 84 }, "geometry": { "type": "MultiPolygon", "coordinates": [ [ [ [ 74.599051684385969, 39.190538393323415 ], [ 74.59911080554356, 39.189375385661741 ], [ 74.598716925548061, 39.187869794963731 ], [ 74.598001027778849, 39.186238134275776 ], [ 74.597119689594749, 39.185233111006696 ], [ 74.595914323431259, 39.184415495511068 ], [ 74.594467270439523, 39.18353465801524 ], [ 74.593420107750063, 39.183218943078387 ], [ 74.592368041914796, 39.183655594285312 ], [ 74.591715405465891, 39.184720080184725 ], [ 74.591783815931777, 39.186601191636392 ], [ 74.592416401462884, 39.188608906262019 ], [ 74.59304820669179, 39.190742013105066 ], [ 74.593602353315475, 39.19243631113693 ], [ 74.593758366212043, 39.193378225592319 ], [ 74.593353321741276, 39.193628454949639 ], [ 74.592788285932144, 39.193627253891179 ], [ 74.591982906727296, 39.19331167304798 ], [ 74.590853932474687, 39.193120939670536 ], [ 74.589964928778201, 39.193307345023435 ], [ 74.588670129778222, 39.193869499260401 ], [ 74.587294957987197, 39.194368693178333 ], [ 74.586001960246222, 39.194616959689974 ], [ 74.585115512111088, 39.194363929724815 ], [ 74.584314967391236, 39.193232267734139 ], [ 74.58351701840877, 39.191724513841756 ], [ 74.582478991272069, 39.190029349388126 ], [ 74.580958410871162, 39.188082300324048 ], [ 74.579517361426298, 39.186323508447536 ], [ 74.578154983431162, 39.184878370565663 ], [ 74.577192813962171, 39.183935711843866 ], [ 74.576305024493323, 39.183933698497647 ], [ 74.57606120214048, 39.184183938594686 ], [ 74.575975829961308, 39.184873433230628 ], [ 74.576902862225012, 39.191020019234699 ], [ 74.577695642593611, 39.193280274101362 ], [ 74.578734116192734, 39.195103010796785 ], [ 74.57946867539782, 39.196629262208077 ], [ 74.57946867539782, 39.196629262208077 ], [ 74.579617719593074, 39.197066910429427 ], [ 74.579617719593074, 39.197066910429427 ], [ 74.589519973219865, 39.194938977134832 ], [ 74.592064380110344, 39.194453709307901 ], [ 74.595725305407484, 39.192736752085025 ], [ 74.599052684385967, 39.190538393323415 ], [ 74.599051684385969, 39.190538393323415 ] ] ] ] } },
{ "type": "Feature", "properties": { "ID": 692, "周长": 0.10604347438571463, "面积": 0.00020657793650785683, "FEATUREID": "YAAE002C1AJ430010020000086", "CHFCAC": "000086", "CODE": "", "GB": "73020", "HYDC": "", "TN": "", "NAME": "", "fill_color": -28160, "pattern": 854, "pattern_color": 2304, "_src_file": "LDLYAAE002.WP", "_src_id": 85 }, "geometry": { "type": "Polygon", "coordinates": [ [ [ 74.864517287032569, 39.194059471973588 ], [ 74.863846392211087, 39.195061854335393 ], [ 74.862826325001777, 39.196272685315478 ], [ 74.861913707432905, 39.1973165358309 ], [ 74.861322404092107, 39.198276600073982 ], [ 74.860676879672511, 39.199487003275912 ], [ 74.859924294538644, 39.200697517164784 ], [ 74.859012152740618, 39.20153277437494 ], [ 74.858207724559421, 39.202117624776633 ], [ 74.857456921400086, 39.202660700880251 ], [ 74.856491432699087, 39.203412564465602 ], [ 74.855579684150456, 39.204080937341125 ], [ 74.855095867630709, 39.204832288604578 ], [ 74.854825905890152, 39.205666843394248 ], [ 74.85487802111389, 39.20616735459258 ], [ 74.855305397923274, 39.206458908845462 ], [ 74.856054626157444, 39.206499840499717 ], [ 74.857339219947391, 39.206498493224537 ], [ 74.85915974696924, 39.206246273114836 ], [ 74.861515619128511, 39.205951728950502 ], [ 74.862640304571272, 39.205700212744539 ], [ 74.863498373671035, 39.205073558425987 ], [ 74.86446324772389, 39.204530204193546 ], [ 74.865696390561482, 39.203736258306499 ], [ 74.866929502752683, 39.202942299207614 ], [ 74.867733868209186, 39.202357388559925 ], [ 74.868431286934054, 39.201730879804131 ], [ 74.869181561954562, 39.201354589853466 ], [ 74.870359776433887, 39.201061222395545 ], [ 74.871698648242344, 39.200725940266615 ], [ 74.872502412734022, 39.200349566142542 ], [ 74.873092625350196, 39.199764870040624 ], [ 74.873415763849138, 39.19897192310772 ], [ 74.873471621047884, 39.198054150484765 ], [ 74.87331212954453, 39.197637203308417 ], [ 74.872724498257327, 39.19722076401635 ], [ 74.872189857505276, 39.197012828763867 ], [ 74.871707986691419, 39.19709682579888 ], [ 74.871386126526971, 39.19738920100513 ], [ 74.871276726748647, 39.198307035174068 ], [ 74.871061035718341, 39.198932996589477 ], [ 74.870471247011523, 39.199350825283624 ], [ 74.86966769804269, 39.199643757998537 ], [ 74.868543243678786, 39.199853629913491 ], [ 74.867579888276623, 39.199854734507483 ], [ 74.867366251990489, 39.199688124745819 ], [ 74.867420540714463, 39.199396064597799 ], [ 74.86822868863247, 39.197351161390706 ], [ 74.868177140791119, 39.196600370509451 ], [ 74.868606587224818, 39.196099309556516 ], [ 74.868952381753147, 39.195776263043072 ], [ 74.869143061226367, 39.195598124030319 ], [ 74.869947001162274, 39.195138337355502 ], [ 74.870750927728167, 39.194678547328138 ], [ 74.871661767697447, 39.194260336840451 ], [ 74.872893475948359, 39.193925167873751 ], [ 74.874499561886822, 39.193672961812815 ], [ 74.87610501167616, 39.193671018556074 ], [ 74.878138890311419, 39.193543384195806 ], [ 74.880173066827439, 39.193290569553248 ], [ 74.881618774387164, 39.192955039501598 ], [ 74.883545563295073, 39.192785934958081 ], [ 74.885363717481724, 39.192783761258795 ], [ 74.887021179938515, 39.192490812396315 ], [ 74.888785860195398, 39.191989981882344 ], [ 74.890283262242818, 39.191489481204435 ], [ 74.891566458388127, 39.19123850966411 ], [ 74.891994381122529, 39.19103021704484 ], [ 74.892369165728923, 39.190614280324219 ], [ 74.892423311842705, 39.190157232449529 ], [ 74.892210150250349, 39.189742084941344 ], [ 74.891729746135596, 39.189327299240091 ], [ 74.891142320375636, 39.188995740384733 ], [ 74.890501452219169, 39.188664247687981 ], [ 74.889967096754219, 39.18858187243822 ], [ 74.889111579223879, 39.188582196320155 ], [ 74.888095467283435, 39.188582150376554 ], [ 74.886972364286677, 39.188623702394018 ], [ 74.886223544003485, 39.188748503848913 ], [ 74.885742010487192, 39.188998167636029 ], [ 74.885153513414352, 39.189247820869184 ], [ 74.884618564883169, 39.189414244917209 ], [ 74.883387907710343, 39.189581685947061 ], [ 74.880605143784862, 39.189751665973304 ], [ 74.877876289808455, 39.189505350229076 ], [ 74.874826340870783, 39.18930097163372 ], [ 74.8723650784451, 39.189054205986864 ], [ 74.870492183060662, 39.189056399802901 ], [ 74.8690471952564, 39.189224538571196 ], [ 74.868244013457229, 39.189683239521983 ], [ 74.867708335627199, 39.190183244640671 ], [ 74.864517287032569, 39.194059471973588 ] ] ] } },
{ "type": "Feature", "properties": { "ID": 696, "周长": 0.12779159626265144, "面积": 0.00039777647178000988, "FEATUREID": "YAAE002C1AJ430010020000087", "CHFCAC": "000087", "CODE": "", "GB": "73020", "HYDC": "", "TN": "", "NAME": "", "fill_color": -26112, "pattern": 854, "pattern_color": 2304, "_src_file": "LDLYAAE002.WP", "_src_id": 86 }, "geometry": { "type": "MultiPolygon", "coordinates": [ [ [ [ 74.764922002205523, 39.160253468337849 ], [ 74.767613556166779, 39.161397446651321 ], [ 74.769367833036156, 39.161869995078348 ], [ 74.770983075229509, 39.162181987770417 ], [ 74.773272190824699, 39.162283826205559 ], [ 74.774887841704668, 39.162438788069686 ], [ 74.775963677026525, 39.163065337191163 ], [ 74.776567802736452, 39.163849452357297 ], [ 74.776633625179898, 39.164477269973624 ], [ 74.776160115226929, 39.165367395514195 ], [ 74.775215609410751, 39.166101138257403 ], [ 74.774944979563543, 39.166624727387934 ], [ 74.775415082068477, 39.167147388046644 ], [ 74.776693015217518, 39.16777367753614 ], [ 74.778038185346361, 39.168452190660027 ], [ 74.778845275172571, 39.168869757539397 ], [ 74.782140459871485, 39.170801502060186 ], [ 74.790548684433773, 39.175133131677299 ], [ 74.791826089090989, 39.176127350979726 ], [ 74.793575192883822, 39.177017052200249 ], [ 74.795593629832297, 39.177958973846835 ], [ 74.797813945975903, 39.179005524517684 ], [ 74.800033896462651, 39.180261578099426 ], [ 74.801715207546891, 39.18146551461065 ], [ 74.803059380293107, 39.18287916884865 ], [ 74.803730687886457, 39.183978890583738 ], [ 74.804535780218401, 39.185550004565762 ], [ 74.805206609830009, 39.186911648719708 ], [ 74.805474047255075, 39.187906829719488 ], [ 74.805473158337776, 39.188350000641378 ], [ 74.805473158337776, 39.188350000641378 ], [ 74.805472575249297, 39.18864023945212 ], [ 74.805337224800823, 39.188954640421706 ], [ 74.804663203564431, 39.18916459156523 ], [ 74.804160798480325, 39.189125811757187 ], [ 74.804160798480325, 39.189125811757187 ], [ 74.803451572529298, 39.188746218919476 ], [ 74.796322286260548, 39.183668714804988 ], [ 74.784348190385984, 39.177129913979854 ], [ 74.779436321982047, 39.17520033026944 ], [ 74.776407478364263, 39.174471649154668 ], [ 74.773646922726684, 39.17421348211176 ], [ 74.770144665107694, 39.1743224267938 ], [ 74.767376876319915, 39.174635180776328 ], [ 74.764667420295439, 39.175150525165911 ], [ 74.761145893475174, 39.175506424535563 ], [ 74.757761000853606, 39.175391696297581 ], [ 74.75490907113219, 39.174716329892973 ], [ 74.754910071132187, 39.174716329892973 ], [ 74.755573708469811, 39.172237558303934 ], [ 74.757169686396082, 39.168716370314996 ], [ 74.761263889641427, 39.163085587577889 ], [ 74.764921002205526, 39.160253468337849 ], [ 74.764922002205523, 39.160253468337849 ] ] ] ] } },
{ "type": "Feature", "properties": { "ID": 697, "周长": 0.18405419503530954, "面积": 0.00044213989152234318, "FEATUREID": "YAAE002C1AJ430010020000088", "CHFCAC": "000088", "CODE": "", "GB": "73020", "HYDC": "", "TN": "", "NAME": "", "fill_color": -20992, "pattern": 854, "pattern_color": 2304, "_src_file": "LDLYAAE002.WP", "_src_id": 87 }, "geometry": { "type": "Polygon", "coordinates": [ [ [ 74.92137292898849, 39.188280093186854 ], [ 74.920239560874251, 39.188692099653053 ], [ 74.919034920498135, 39.188987010945148 ], [ 74.916319891445156, 39.189694469472755 ], [ 74.914584738068413, 39.190576164493194 ], [ 74.912923651032571, 39.191692119921591 ], [ 74.912169655013074, 39.19251368075394 ], [ 74.911714602027629, 39.1936905543065 ], [ 74.911031441332611, 39.195341091742065 ], [ 74.910047782930107, 39.196579703651672 ], [ 74.908687225848922, 39.197406499261142 ], [ 74.907629248383714, 39.197879363871394 ], [ 74.905743309774792, 39.198176710729989 ], [ 74.903332535662045, 39.198121331891542 ], [ 74.900767301452348, 39.197948299749335 ], [ 74.898809659632974, 39.197656534564857 ], [ 74.896775153673374, 39.197188111501077 ], [ 74.895117040761505, 39.196601310931953 ], [ 74.894213801272542, 39.196072360940143 ], [ 74.894065237811404, 39.195660193320933 ], [ 74.89429150449962, 39.195306417714775 ], [ 74.894745618903798, 39.195070150095134 ], [ 74.895423283374967, 39.194715746460538 ], [ 74.896103240947994, 39.194596982484597 ], [ 74.897385878901162, 39.194654103113287 ], [ 74.89859142185469, 39.194946958845293 ], [ 74.899795943202591, 39.195593267583796 ], [ 74.901225889746812, 39.195826862645184 ], [ 74.903339821028311, 39.19558816849306 ], [ 74.90499933650257, 39.194996636041523 ], [ 74.905831421187983, 39.19440630847258 ], [ 74.906057294579128, 39.193816865985994 ], [ 74.905911065189954, 39.192933214097245 ], [ 74.905157867814438, 39.192348306914042 ], [ 74.904177172504603, 39.191998128064633 ], [ 74.90048501579821, 39.191065807975889 ], [ 74.899353735292848, 39.190598599109322 ], [ 74.898223976921045, 39.189779775265038 ], [ 74.897093333130201, 39.188902336712005 ], [ 74.895890667964636, 39.187790589681406 ], [ 74.895437267309987, 39.187146602409058 ], [ 74.895440048767057, 39.186619193931392 ], [ 74.895591093561592, 39.186443184778085 ], [ 74.896117006845984, 39.186325255604359 ], [ 74.896873092638941, 39.186207011015362 ], [ 74.898529702945183, 39.186204699877464 ], [ 74.899811274842349, 39.186261496522356 ], [ 74.901622013902468, 39.18672773581492 ], [ 74.903430619422423, 39.187311147679786 ], [ 74.905843258861054, 39.18724904206092 ], [ 74.907879163242796, 39.187011640368233 ], [ 74.910291459155303, 39.18642203389075 ], [ 74.912253077256864, 39.186067468061481 ], [ 74.914287282051092, 39.185536951332715 ], [ 74.915569696109699, 39.184890365764367 ], [ 74.916401959009477, 39.184068664650603 ], [ 74.916327474021472, 39.183306971058151 ], [ 74.915873912438173, 39.182663062279531 ], [ 74.914745737906102, 39.182137400550431 ], [ 74.913313744362341, 39.181846592291699 ], [ 74.911278817395669, 39.181439477111908 ], [ 74.908111052162511, 39.181092611038395 ], [ 74.906001558421082, 39.180861319966333 ], [ 74.905625631793313, 39.180861870992253 ], [ 74.905098011561648, 39.180804041109958 ], [ 74.902535466771567, 39.180397540263975 ], [ 74.899821590387333, 39.180048607947434 ], [ 74.897181790598168, 39.179755187634299 ], [ 74.896352203780538, 39.179579096010841 ], [ 74.89589988861843, 39.179226880563199 ], [ 74.895973573545447, 39.178874656252347 ], [ 74.896353005392015, 39.178463722997527 ], [ 74.897105605779743, 39.177994074666117 ], [ 74.898088478111973, 39.177524412349278 ], [ 74.90118189860506, 39.176056667757948 ], [ 74.902161676103077, 39.175645676106399 ], [ 74.903367571924363, 39.175469475366896 ], [ 74.903971925004058, 39.17552812990791 ], [ 74.905177465612894, 39.175938948826449 ], [ 74.906233637473321, 39.176407314158283 ], [ 74.908191778222786, 39.176990431789278 ], [ 74.91037761877044, 39.177162968495793 ], [ 74.917011382522716, 39.1778560221776 ], [ 74.919122282830131, 39.178555924194001 ], [ 74.920704406403004, 39.179373828910734 ], [ 74.922359631291414, 39.180484596692338 ], [ 74.924169553472538, 39.181712299765088 ], [ 74.926204192504557, 39.182470794609955 ], [ 74.928465158788626, 39.183111676456022 ], [ 74.930725335853865, 39.183576714310696 ], [ 74.933364768744667, 39.18374806110608 ], [ 74.935174311785644, 39.183510568289741 ], [ 74.936755943328095, 39.18298043277882 ], [ 74.93849152822537, 39.182215609127809 ], [ 74.940377750150034, 39.181567695366091 ], [ 74.942187213822322, 39.181330093492043 ], [ 74.943541881023762, 39.18167928098007 ], [ 74.944372484619933, 39.182498210124471 ], [ 74.945049967747053, 39.183786212417594 ], [ 74.945425003550895, 39.184957553393978 ], [ 74.94534761319504, 39.186246909266693 ], [ 74.944896438025751, 39.187302541303005 ], [ 74.943991218502518, 39.187948775648934 ], [ 74.942483018025015, 39.188361672082458 ], [ 74.940747571179315, 39.188833551310857 ], [ 74.938635333386927, 39.189071656504289 ], [ 74.936073550922174, 39.189486307375439 ], [ 74.934112792733174, 39.190017078247187 ], [ 74.932981919130313, 39.189960401106049 ], [ 74.931323449040661, 39.189728798925692 ], [ 74.92981501383332, 39.189262518157754 ], [ 74.927630294278813, 39.188562937244328 ], [ 74.925743940327223, 39.188097224720153 ], [ 74.924388924224289, 39.18804083325341 ], [ 74.922730206797709, 39.188102113887453 ], [ 74.92137292898849, 39.188280093186854 ] ] ] } },
{ "type": "Feature", "properties": { "ID": 702, "周长": 0.15851300732847687, "面积": 0.00019780548368886208, "FEATUREID": "YAAE002C1AJ430010020000089", "CHFCAC": "000089", "CODE": "", "GB": "73020", "HYDC": "", "TN": "", "NAME": "", "fill_color": -18944, "pattern": 854, "pattern_color": 2304, "_src_file": "LDLYAAE002.WP", "_src_id": 88 }, "geometry": { "type": "MultiPolygon", "coordinates": [ [ [ [ 74.848390279674717, 39.181513279267271 ], [ 74.847054473381974, 39.181168118661077 ], [ 74.845937821719858, 39.180574480060464 ], [ 74.845820779381967, 39.180162869055998 ], [ 74.846056825715806, 39.179613681105636 ], [ 74.846586873256911, 39.17910995941228 ], [ 74.84741549341588, 39.178625586058907 ], [ 74.84741549341588, 39.178625586058907 ], [ 74.84876465734682, 39.177918429699233 ], [ 74.849645487728083, 39.177460093243816 ], [ 74.851707035453444, 39.175902648432043 ], [ 74.852297132961041, 39.17517010630845 ], [ 74.852945518079977, 39.174071524384956 ], [ 74.853711103124596, 39.172515346178749 ], [ 74.853829744551362, 39.171737527977228 ], [ 74.85377332659705, 39.170685404836227 ], [ 74.854245165509823, 39.169632742172716 ], [ 74.854831825332568, 39.169174668422102 ], [ 74.855422241719793, 39.168899577501122 ], [ 74.856303799335123, 39.16853268366453 ], [ 74.85742279838199, 39.167982549301108 ], [ 74.858657503951576, 39.167340782526672 ], [ 74.860187981800777, 39.16688167731013 ], [ 74.861599721394199, 39.1665141721599 ], [ 74.862715210707663, 39.166329963149117 ], [ 74.864598821521824, 39.166419373555478 ], [ 74.866419110300768, 39.166966294163267 ], [ 74.868067267057327, 39.167284651092274 ], [ 74.869653985887737, 39.167282823584067 ], [ 74.874063080855635, 39.16750637088461 ], [ 74.876122921603624, 39.167824121420487 ], [ 74.878473893193487, 39.168049979686785 ], [ 74.880237698906768, 39.168413767567472 ], [ 74.88123596452985, 39.168869984722171 ], [ 74.881649179009329, 39.169326937381648 ], [ 74.881823964147415, 39.17001292261434 ], [ 74.881707139987597, 39.170241805407272 ], [ 74.881235345364772, 39.170608375194576 ], [ 74.880529444541068, 39.170837995791622 ], [ 74.879883521164203, 39.170884549431072 ], [ 74.877001454546885, 39.170384884568705 ], [ 74.874943677016518, 39.169929907310149 ], [ 74.87306139261878, 39.169428939275015 ], [ 74.87041545969322, 39.169111819910313 ], [ 74.867477319228584, 39.168977965724082 ], [ 74.864593833052496, 39.168981210599952 ], [ 74.862241381973007, 39.169166796730586 ], [ 74.859771850392917, 39.169718438062851 ], [ 74.858419786111654, 39.170131602990161 ], [ 74.857301876197667, 39.17059025488787 ], [ 74.856475638400497, 39.171323069517634 ], [ 74.855357918293478, 39.173154112543806 ], [ 74.854943582285685, 39.17443545545737 ], [ 74.854237235258395, 39.175671349834396 ], [ 74.853587858339367, 39.176769938656754 ], [ 74.853351518236607, 39.177593623992145 ], [ 74.853410540932316, 39.178188274368409 ], [ 74.854233328770832, 39.178644903239125 ], [ 74.855055544675636, 39.178781296540294 ], [ 74.856525070422705, 39.178642530253597 ], [ 74.858468447109743, 39.1782287642217 ], [ 74.860409909722861, 39.177723471842995 ], [ 74.861880789535121, 39.177264405754869 ], [ 74.863057425034768, 39.176942888917559 ], [ 74.864231940428041, 39.176712854117383 ], [ 74.865349479370806, 39.176620112151753 ], [ 74.866349286245054, 39.176618988799717 ], [ 74.867407648408644, 39.176846522484681 ], [ 74.868643404998053, 39.177119592866568 ], [ 74.870055607065083, 39.177392446227607 ], [ 74.871523538092376, 39.177756706218815 ], [ 74.873230734625167, 39.178120667901482 ], [ 74.874994906347851, 39.178347292821535 ], [ 74.877169783015987, 39.178573388972119 ], [ 74.879699734222726, 39.178616019763957 ], [ 74.880991722098514, 39.178522909024252 ], [ 74.881991684190851, 39.17838440940708 ], [ 74.885991274007353, 39.178015764241451 ], [ 74.887931900866619, 39.178107376697611 ], [ 74.888459721187758, 39.178336138507987 ], [ 74.888519158440189, 39.178747864826583 ], [ 74.888399144864735, 39.179296824324219 ], [ 74.88781199850699, 39.179708517612923 ], [ 74.886637081423288, 39.180074425347172 ], [ 74.885223988086011, 39.180486049595743 ], [ 74.883577226397833, 39.181081465661244 ], [ 74.882577898074018, 39.181585956769361 ], [ 74.881695570647182, 39.181678564699212 ], [ 74.880932084419882, 39.181542284538097 ], [ 74.879401210634484, 39.181178217496303 ], [ 74.877991940842676, 39.180859731498387 ], [ 74.87640414639398, 39.180632936148726 ], [ 74.87393198961675, 39.180544418687248 ], [ 74.871991079133238, 39.18054671851332 ], [ 74.869757291515356, 39.180366340898992 ], [ 74.867699270252032, 39.179911236083882 ], [ 74.86587563764779, 39.179364338350624 ], [ 74.86493586957063, 39.179136656971977 ], [ 74.864053549998275, 39.179229133620296 ], [ 74.863229930970434, 39.179413031427622 ], [ 74.862524883774029, 39.179642542350066 ], [ 74.860523117913203, 39.180513910005097 ], [ 74.85981705094207, 39.180743404447163 ], [ 74.858817898896731, 39.180973207445284 ], [ 74.857288340609173, 39.181249305266363 ], [ 74.854935340346913, 39.181526236535881 ], [ 74.852815647849411, 39.181757135918637 ], [ 74.850700192708942, 39.181805006870498 ], [ 74.848994702890721, 39.181669449206176 ], [ 74.848390279674717, 39.181513279267271 ] ] ] ] } },
{ "type": "Feature", "properties": { "ID": 707, "周长": 0.15855384461915656, "面积": 0.00078243898630817391, "FEATUREID": "YAAE002C1AJ430010020000090", "CHFCAC": "000090", "CODE": "", "GB": "73020", "HYDC": "", "TN": "", "NAME": "", "fill_color": -15872, "pattern": 854, "pattern_color": 2304, "_src_file": "LDLYAAE002.WP", "_src_id": 89 }, "geometry": { "type": "Polygon", "coordinates": [ [ [ 73.760749646510831, 39.166675857447061 ], [ 73.761191905374631, 39.167030299160579 ], [ 73.762077826902569, 39.167622959980953 ], [ 73.763395880650009, 39.168918696719047 ], [ 73.76338256154331, 39.169615992222852 ], [ 73.763211985068352, 39.170543792021469 ], [ 73.762751592118661, 39.171119086027673 ], [ 73.761995606765353, 39.171574301766412 ], [ 73.761014185474451, 39.17208472585984 ], [ 73.759725792687306, 39.172881811837442 ], [ 73.759113276558921, 39.173629480895656 ], [ 73.759016983966745, 39.17467445533417 ], [ 73.759293623617765, 39.175666156862711 ], [ 73.759873461750971, 39.176603616331612 ], [ 73.760533043795803, 39.177251497899775 ], [ 73.76111927732434, 39.177782196881402 ], [ 73.761409521745747, 39.178309030249551 ], [ 73.761324013005662, 39.178831034216884 ], [ 73.760865939479743, 39.179290103604963 ], [ 73.760411648296568, 39.179516738462155 ], [ 73.759439678279392, 39.17956228146096 ], [ 73.756897320184322, 39.179471275715301 ], [ 73.755251388496234, 39.179566174316165 ], [ 73.754421713484192, 39.17996226182062 ], [ 73.753657771657444, 39.180649852300377 ], [ 73.7530437188543, 39.181513701121595 ], [ 73.752731475954775, 39.182149000585639 ], [ 73.752501836663313, 39.182525496777032 ], [ 73.751653661435171, 39.184212570394557 ], [ 73.751759852803161, 39.185909860201207 ], [ 73.753092023114661, 39.187726269253119 ], [ 73.755245993309032, 39.189127444104109 ], [ 73.758373184567674, 39.189478856572798 ], [ 73.760019732985938, 39.188754343544566 ], [ 73.762077867856675, 39.18803415148912 ], [ 73.763714199658509, 39.187945525483904 ], [ 73.76506327373059, 39.188701905997149 ], [ 73.76599347595247, 39.189983888910056 ], [ 73.766659700078819, 39.190839022387145 ], [ 73.766745365502089, 39.190884783513681 ], [ 73.76772512284407, 39.191523125574371 ], [ 73.768795959645885, 39.192068004314137 ], [ 73.768829411366951, 39.192085986550019 ], [ 73.770490639394396, 39.19294695345711 ], [ 73.771847944680886, 39.193943962731574 ], [ 73.77267191937662, 39.194700874605836 ], [ 73.773073334307668, 39.195638946916574 ], [ 73.773356906993683, 39.196528847401353 ], [ 73.773221953889475, 39.197226835447246 ], [ 73.772492326917998, 39.197917145157987 ], [ 73.771221763506716, 39.19855390113193 ], [ 73.769895730128368, 39.198956698460876 ], [ 73.768460026287343, 39.198984860399484 ], [ 73.763848459553188, 39.199018748698158 ], [ 73.761989900658222, 39.199134693402016 ], [ 73.761079211525285, 39.199682706015864 ], [ 73.760643444782275, 39.200656617508102 ], [ 73.760328966573638, 39.201445534664948 ], [ 73.759783907571901, 39.20176500875445 ], [ 73.75840690539863, 39.201747185584892 ], [ 73.757153996311118, 39.201451092348968 ], [ 73.755074766638955, 39.200631131294649 ], [ 73.75335289647046, 39.199862434942837 ], [ 73.751449461247219, 39.199091378995703 ], [ 73.748649376228741, 39.198448495524339 ], [ 73.746325273623626, 39.197811797143274 ], [ 73.744531097311523, 39.197695074580672 ], [ 73.743928032540794, 39.197967056901831 ], [ 73.743669444329385, 39.19884997843517 ], [ 73.743651024878133, 39.199922818234739 ], [ 73.744045597921087, 39.201234644117221 ], [ 73.744195381295711, 39.202730099321109 ], [ 73.743935509273953, 39.203940297077772 ], [ 73.743019482088542, 39.20481555104481 ], [ 73.741695247489247, 39.205218885308255 ], [ 73.74050136463562, 39.205157094449746 ], [ 73.739667854588376, 39.204866525058392 ], [ 73.737732095715742, 39.20281172031666 ], [ 73.737327181349215, 39.202059820659379 ], [ 73.736813674300109, 39.200606468398696 ], [ 73.736604218978016, 39.199110246451504 ], [ 73.736635327183535, 39.197337085874068 ], [ 73.736661459985982, 39.195937223485622 ], [ 73.736750292550752, 39.19449145583792 ], [ 73.736713414794195, 39.193184606929748 ], [ 73.736437845715301, 39.192061452707883 ], [ 73.735976173004559, 39.19116911166789 ], [ 73.735397516023582, 39.190135289200299 ], [ 73.734871476377648, 39.189475326585871 ], [ 73.734527745549983, 39.188677821335737 ], [ 73.73447767671405, 39.188070788685081 ], [ 73.734501258725842, 39.186858296135732 ], [ 73.735065132283694, 39.185653855426381 ], [ 73.736115756893909, 39.184038881475814 ], [ 73.73808554370099, 39.181458669991841 ], [ 73.738701615916924, 39.180722133424922 ], [ 73.739563788157923, 39.179523488929568 ], [ 73.740427902768062, 39.178278311549967 ], [ 73.741051595440823, 39.177029995581947 ], [ 73.741434996431607, 39.175964639334801 ], [ 73.741623237178658, 39.175501745960204 ], [ 73.741869443265585, 39.175225732403881 ], [ 73.74228616863769, 39.174888940594506 ], [ 73.742845878339097, 39.173940919372086 ], [ 73.744120633884407, 39.171304411590022 ], [ 73.744279432960667, 39.170034008001245 ], [ 73.744852386939058, 39.168450039381241 ], [ 73.746105136280207, 39.166873397934729 ], [ 73.747065814543149, 39.16645969645856 ], [ 73.749517643831879, 39.166380046224745 ], [ 73.752099264304604, 39.166831751697558 ], [ 73.754824431223525, 39.166754906189418 ], [ 73.75700867057293, 39.166460207353659 ], [ 73.759185302228232, 39.166483437105313 ], [ 73.760138589987349, 39.166599577088817 ], [ 73.760749646510831, 39.166675857447061 ] ] ] } },
{ "type": "Feature", "properties": { "ID": 708, "周长": 0.075701702620855169, "面积": 0.0001706140139901835, "FEATUREID": "YAAE002C1AJ430010020000091", "CHFCAC": "000091", "CODE": "", "GB": "73020", "HYDC": "", "TN": "", "NAME": "", "fill_color": -13824, "pattern": 854, "pattern_color": 2304, "_src_file": "LDLYAAE002.WP", "_src_id": 90 }, "geometry": { "type": "Polygon", "coordinates": [ [ [ 74.912479194190396, 39.170652055142334 ], [ 74.91338455951319, 39.170698022694992 ], [ 74.913927762909083, 39.17065027198695 ], [ 74.916039995053367, 39.170647012043055 ], [ 74.917065715069754, 39.17083309487699 ], [ 74.918453320936251, 39.171206275029334 ], [ 74.920021569235928, 39.171954508580917 ], [ 74.921529550046358, 39.172655898568706 ], [ 74.923459718252829, 39.173638104980569 ], [ 74.924907367918408, 39.174386467952885 ], [ 74.926475556993893, 39.175322290844349 ], [ 74.928345371032535, 39.17644527261384 ], [ 74.929974284694154, 39.177099433280496 ], [ 74.930819254630407, 39.177098019428577 ], [ 74.931242105184381, 39.176721952825297 ], [ 74.93148416222769, 39.17606467348034 ], [ 74.931364323189896, 39.175173407133279 ], [ 74.931002938424427, 39.174423304677696 ], [ 74.930400244737513, 39.173579768252949 ], [ 74.929676675567578, 39.172924104859128 ], [ 74.928470266596989, 39.172316159593649 ], [ 74.927324230455653, 39.171708102087116 ], [ 74.926238657828392, 39.171006095812388 ], [ 74.925032610147866, 39.170116597621359 ], [ 74.924007538744632, 39.169320633537403 ], [ 74.922740890711154, 39.16871272668191 ], [ 74.921655308505692, 39.168104515784989 ], [ 74.919966224720767, 39.167544172389185 ], [ 74.918156363000207, 39.167077835109453 ], [ 74.916768234974825, 39.16660913701655 ], [ 74.915681664741797, 39.165951315709151 ], [ 74.914896992937415, 39.165340435131597 ], [ 74.914051976501312, 39.164682556217585 ], [ 74.913025818146977, 39.164071700746788 ], [ 74.91205996480042, 39.163648837891479 ], [ 74.910912935656867, 39.163319995900295 ], [ 74.909524284464638, 39.163226184252053 ], [ 74.907954445928368, 39.163226382595603 ], [ 74.906867451792593, 39.163555520950311 ], [ 74.905901037116152, 39.164166647037653 ], [ 74.904632710749084, 39.164777795341728 ], [ 74.90324368610456, 39.165247932337081 ], [ 74.901130110192938, 39.165671095275158 ], [ 74.899499397151928, 39.166329210811888 ], [ 74.898834823424622, 39.166893262882603 ], [ 74.89841173244622, 39.167504303705094 ], [ 74.898350800922827, 39.168303338429567 ], [ 74.898772836690739, 39.169243359705874 ], [ 74.899376353682612, 39.169713351246038 ], [ 74.90064413736971, 39.170136304127709 ], [ 74.901911878005876, 39.170653245900795 ], [ 74.903421291618855, 39.170982148231161 ], [ 74.90571586432209, 39.171075944846883 ], [ 74.907285901415747, 39.171028776644036 ], [ 74.912479194190396, 39.170652055142334 ] ] ] } },
{ "type": "Feature", "properties": { "ID": 709, "周长": 0.035863120356234561, "面积": 8.8511314355298187e-05, "FEATUREID": "YAAE002C1AJ430010020000092", "CHFCAC": "000092", "CODE": "", "GB": "73020", "HYDC": "", "TN": "", "NAME": "", "fill_color": -11776, "pattern": 854, "pattern_color": 2304, "_src_file": "LDLYAAE002.WP", "_src_id": 91 }, "geometry": { "type": "Polygon", "coordinates": [ [ [ 74.968629313340728, 39.166074961644718 ], [ 74.970743436591505, 39.166589844122534 ], [ 74.971911826986698, 39.166760521155062 ], [ 74.974638271239186, 39.166668429364712 ], [ 74.976585906988063, 39.166058751880257 ], [ 74.977420806030523, 39.165148529019632 ], [ 74.977921820520365, 39.164325520653172 ], [ 74.978311681568698, 39.163070127883323 ], [ 74.978312016563621, 39.161988591291831 ], [ 74.978034100743983, 39.161123942088992 ], [ 74.976977287855789, 39.16026091077233 ], [ 74.97536408812276, 39.159572063686859 ], [ 74.973305789869386, 39.159013891077791 ], [ 74.971247439013965, 39.158671986827557 ], [ 74.969411587765336, 39.158459385073527 ], [ 74.967408743916664, 39.158463393154967 ], [ 74.965517042758634, 39.158726716875904 ], [ 74.964960438085043, 39.159246952757535 ], [ 74.964681914924483, 39.159939684701733 ], [ 74.964681479412491, 39.160804914643329 ], [ 74.96495927631878, 39.161583071114158 ], [ 74.965459522137309, 39.162577095428205 ], [ 74.96623786983244, 39.163786874645702 ], [ 74.966905045388245, 39.164823822323207 ], [ 74.967906143236519, 39.165730317318065 ], [ 74.968629313340728, 39.166074961644718 ] ] ] } },
{ "type": "Feature", "properties": { "ID": 711, "周长": 0.028688287651093516, "面积": 2.8562565509697435e-05, "FEATUREID": "YAAE002C1AJ430010020000093", "CHFCAC": "000093", "CODE": "", "GB": "73020", "HYDC": "", "TN": "", "NAME": "", "fill_color": -9728, "pattern": 854, "pattern_color": 2304, "_src_file": "LDLYAAE002.WP", "_src_id": 92 }, "geometry": { "type": "Polygon", "coordinates": [ [ [ 74.868950745216694, 39.163435880036133 ], [ 74.869487942233732, 39.163692588534971 ], [ 74.87023179956266, 39.164013384625612 ], [ 74.871058283690132, 39.164398410905612 ], [ 74.872091469594025, 39.164815355174341 ], [ 74.87349684458033, 39.16516751328124 ], [ 74.874447596028006, 39.165359373130869 ], [ 74.876266678664066, 39.165485842899109 ], [ 74.877548397304253, 39.165484278332876 ], [ 74.87812730121496, 39.16541923520694 ], [ 74.878540945088176, 39.165225730092828 ], [ 74.878665233199968, 39.164968249731686 ], [ 74.87870673245061, 39.164807370099012 ], [ 74.878707199512746, 39.164324879036158 ], [ 74.878666039400827, 39.164131935036693 ], [ 74.878542317472636, 39.163810428824341 ], [ 74.878211840252007, 39.16352134242117 ], [ 74.877674580148721, 39.163296841506501 ], [ 74.877137230808927, 39.163168835896364 ], [ 74.876806537377533, 39.163104908483888 ], [ 74.875359678346555, 39.162913668703567 ], [ 74.875318335025923, 39.162913716804404 ], [ 74.873003123297195, 39.162852155718966 ], [ 74.872176474131038, 39.162627973516429 ], [ 74.871143390770939, 39.162146697296166 ], [ 74.870317142212059, 39.161568675945034 ], [ 74.869532285649044, 39.160958435234633 ], [ 74.868706097938059, 39.160348234951989 ], [ 74.868003667609827, 39.159995216072801 ], [ 74.867466358129221, 39.159867165868164 ], [ 74.867176924231131, 39.159899661373551 ], [ 74.86680462224038, 39.160093079009265 ], [ 74.866680045233579, 39.160575707645911 ], [ 74.8666792793464, 39.161251194397423 ], [ 74.866967915528846, 39.161926349745251 ], [ 74.867587385319723, 39.162536798131043 ], [ 74.868413588890434, 39.16314700614204 ], [ 74.868950745216694, 39.163435880036133 ] ] ] } },
{ "type": "Feature", "properties": { "ID": 712, "周长": 0.03105964286343061, "面积": 5.352527895789716e-05, "FEATUREID": "YAAE002C1AJ430010020000094", "CHFCAC": "000094", "CODE": "", "GB": "73020", "HYDC": "", "TN": "", "NAME": "", "fill_color": -7680, "pattern": 854, "pattern_color": 2304, "_src_file": "LDLYAAE002.WP", "_src_id": 93 }, "geometry": { "type": "Polygon", "coordinates": [ [ [ 74.9879370996467, 39.162919862792343 ], [ 74.988549251043892, 39.162096565404546 ], [ 74.99021871546104, 39.159627022161331 ], [ 74.990719567289318, 39.158630910996898 ], [ 74.990942195616952, 39.157938238416833 ], [ 74.990886656145975, 39.157202916610622 ], [ 74.990552908489434, 39.156814294794195 ], [ 74.989829713711217, 39.156556308349394 ], [ 74.988550182482413, 39.156386052005345 ], [ 74.986992447535997, 39.156475950841433 ], [ 74.985768392093405, 39.157127512355714 ], [ 74.984711082796309, 39.158384363456967 ], [ 74.984098811730718, 39.159683517486421 ], [ 74.983430777004315, 39.161415400057749 ], [ 74.982929711432632, 39.162800833114979 ], [ 74.982484262584521, 39.164186143703937 ], [ 74.982205583676986, 39.166090235304402 ], [ 74.982316616091339, 39.167085013662017 ], [ 74.982705966432221, 39.167646584995559 ], [ 74.983373637071168, 39.167774948893161 ], [ 74.983874442784639, 39.167644097627772 ], [ 74.984597918035121, 39.167036891533918 ], [ 74.985655332562587, 39.165909827857703 ], [ 74.986657029831989, 39.16499918089751 ], [ 74.9879370996467, 39.162919862792343 ] ] ] } },
{ "type": "Feature", "properties": { "ID": 713, "周长": 0.060171327360992281, "面积": 0.00015817130790567874, "FEATUREID": "YAAE002C1AJ430010020000095", "CHFCAC": "000095", "CODE": "", "GB": "73020", "HYDC": "", "TN": "", "NAME": "", "fill_color": -5632, "pattern": 854, "pattern_color": 2304, "_src_file": "LDLYAAE002.WP", "_src_id": 94 }, "geometry": { "type": "Polygon", "coordinates": [ [ [ 74.930038501379343, 39.161891846499238 ], [ 74.930481633580172, 39.16287169468751 ], [ 74.930556248907692, 39.163448388647033 ], [ 74.930481327724621, 39.164198378550566 ], [ 74.930183671228519, 39.165121783998408 ], [ 74.929960252838484, 39.165987383549883 ], [ 74.930031467065533, 39.166967851433846 ], [ 74.930401440314967, 39.167947823417258 ], [ 74.930327509773818, 39.168697810382582 ], [ 74.929957446586499, 39.16881379381126 ], [ 74.928918897528263, 39.168700161203866 ], [ 74.927657194251054, 39.168183116528901 ], [ 74.926694328060293, 39.167607886751604 ], [ 74.925655923483234, 39.167378861435516 ], [ 74.923875890182671, 39.166920301714903 ], [ 74.922985509812477, 39.166114195704608 ], [ 74.922245716126511, 39.165134797514767 ], [ 74.921949417152746, 39.164731498486262 ], [ 74.921208336093969, 39.163867024707848 ], [ 74.920167554292505, 39.162769381141857 ], [ 74.918907148452433, 39.161613993975386 ], [ 74.917869459305905, 39.160458547445408 ], [ 74.916457513664952, 39.159707645379122 ], [ 74.914603121392858, 39.159245721145787 ], [ 74.912154970246974, 39.158783863998217 ], [ 74.909481121235984, 39.158437547305063 ], [ 74.908517572788455, 39.157802057511063 ], [ 74.907999496336984, 39.156935371470617 ], [ 74.907923848623781, 39.155895281665856 ], [ 74.908445735578383, 39.155259603204769 ], [ 74.910299552397163, 39.154623744456842 ], [ 74.911933566262235, 39.154219021597932 ], [ 74.913641668698958, 39.154045398702131 ], [ 74.917129945575752, 39.153986976217823 ], [ 74.919801683423302, 39.154275331052055 ], [ 74.922027094451352, 39.154679301752424 ], [ 74.923807059631741, 39.155545609059544 ], [ 74.924921086207149, 39.156412066406737 ], [ 74.925664029101853, 39.157278616929872 ], [ 74.92685114556798, 39.158780652432469 ], [ 74.927887257125235, 39.159876559177611 ], [ 74.928926975427103, 39.160682383665758 ], [ 74.929742228826228, 39.161430888529907 ], [ 74.930038501379343, 39.161891846499238 ] ] ] } },
{ "type": "Feature", "properties": { "ID": 715, "周长": 0.091841062195235232, "面积": 0.00019118580504495081, "FEATUREID": "YAAE002C1AJ430010020000096", "CHFCAC": "000096", "CODE": "", "GB": "73020", "HYDC": "", "TN": "", "NAME": "", "fill_color": -3584, "pattern": 854, "pattern_color": 2304, "_src_file": "LDLYAAE002.WP", "_src_id": 95 }, "geometry": { "type": "Polygon", "coordinates": [ [ [ 74.952220261934812, 39.158853186858167 ], [ 74.952962560897646, 39.158101935755496 ], [ 74.954001822254199, 39.156946351513348 ], [ 74.954595762639983, 39.156137688036914 ], [ 74.955338153652477, 39.155155695812788 ], [ 74.956080631590538, 39.154000651623569 ], [ 74.956303798901558, 39.152961952897037 ], [ 74.956081925262424, 39.151924100033469 ], [ 74.955785924361322, 39.1508287019536 ], [ 74.956008759856161, 39.150309142503545 ], [ 74.95660227005493, 39.150077288037714 ], [ 74.957492422511123, 39.149902546713001 ], [ 74.959198406766731, 39.149783914685067 ], [ 74.961646028651572, 39.149779183789761 ], [ 74.964093559426104, 39.149947446441409 ], [ 74.966837837962913, 39.149999702886888 ], [ 74.967950525588719, 39.149709076303971 ], [ 74.968321584168322, 39.149246879252175 ], [ 74.968321842752204, 39.148670056635034 ], [ 74.968173634720998, 39.148381944921624 ], [ 74.966245635202284, 39.147578235846062 ], [ 74.965059004204008, 39.147465219741612 ], [ 74.962834212794618, 39.147008132701814 ], [ 74.96083191703265, 39.146608252421814 ], [ 74.959348644249502, 39.146495753653248 ], [ 74.957865135470726, 39.146787009255846 ], [ 74.956010740579146, 39.147136629693357 ], [ 74.954379092692392, 39.147082030308148 ], [ 74.952451008274124, 39.146681868451715 ], [ 74.950300447723379, 39.146282084436123 ], [ 74.94859457516786, 39.146342905418358 ], [ 74.946517513073559, 39.146865828140278 ], [ 74.944291903092463, 39.147619711132116 ], [ 74.942066195487826, 39.148431232386052 ], [ 74.939617492960195, 39.149415467283326 ], [ 74.937465205674471, 39.150167474052189 ], [ 74.935906622737605, 39.150745877345095 ], [ 74.935535399548101, 39.151670541708214 ], [ 74.935535231465479, 39.152710641709994 ], [ 74.935386292848619, 39.153576594211771 ], [ 74.934866590834972, 39.15409662392512 ], [ 74.933530792072332, 39.154791086770203 ], [ 74.933159367741311, 39.155368538551791 ], [ 74.933381296095718, 39.156002661758052 ], [ 74.934196972638148, 39.156289680595258 ], [ 74.935680465959862, 39.156344818590092 ], [ 74.937164266559449, 39.156053846070762 ], [ 74.939538570124071, 39.155299842078499 ], [ 74.941467819848697, 39.154488894905569 ], [ 74.94317459678291, 39.153562950090318 ], [ 74.945400316783562, 39.152924455559358 ], [ 74.947700125244964, 39.152343463707034 ], [ 74.948961067956773, 39.1523411561272 ], [ 74.949628378251091, 39.152686020737946 ], [ 74.950147100837839, 39.153377247814433 ], [ 74.95014640891641, 39.154357842511267 ], [ 74.949997157963352, 39.155627119930209 ], [ 74.949402629302199, 39.157185626419242 ], [ 74.948956641907571, 39.158455445977516 ], [ 74.948955891654478, 39.159493720591811 ], [ 74.949178057761785, 39.160012449550564 ], [ 74.949623019730225, 39.16018467858261 ], [ 74.950364873926617, 39.160125627216651 ], [ 74.951032704433644, 39.159835983460468 ], [ 74.951552326903141, 39.159315882119749 ], [ 74.952220261934812, 39.158853186858167 ] ] ] } },
{ "type": "Feature", "properties": { "ID": 716, "周长": 0.074392786256819415, "面积": 0.00014255612718044874, "FEATUREID": "YAAE002C1AJ430010020000097", "CHFCAC": "000097", "CODE": "", "GB": "73020", "HYDC": "", "TN": "", "NAME": "", "fill_color": -1536, "pattern": 854, "pattern_color": 2304, "_src_file": "LDLYAAE002.WP", "_src_id": 96 }, "geometry": { "type": "MultiPolygon", "coordinates": [ [ [ [ 74.869170709634744, 39.155798195411926 ], [ 74.870979529444654, 39.154512708051776 ], [ 74.875681223718445, 39.152052303203746 ], [ 74.875681223718445, 39.152052303203746 ], [ 74.876762289385937, 39.153576848100116 ], [ 74.877041089476648, 39.154087235898444 ], [ 74.877401402416766, 39.155211679066973 ], [ 74.877763039935346, 39.156014723221205 ], [ 74.878383011096744, 39.156656750414527 ], [ 74.878681288721111, 39.156765635888021 ], [ 74.879260466123313, 39.156977061126859 ], [ 74.880396327063394, 39.157055995045127 ], [ 74.881323881329322, 39.156894130700955 ], [ 74.882204052821095, 39.156451105628108 ], [ 74.882823196817441, 39.155847702335251 ], [ 74.883289398664886, 39.15528466919703 ], [ 74.883803973659099, 39.155002789096187 ], [ 74.884941499521773, 39.154962117046466 ], [ 74.88648955170909, 39.15496222766884 ], [ 74.887624889938493, 39.154841773681589 ], [ 74.889017133456861, 39.154841840958106 ], [ 74.890308143332646, 39.154882064087133 ], [ 74.891235813110441, 39.155082962991244 ], [ 74.891905447664726, 39.15532402244024 ], [ 74.892525424660249, 39.155645427772392 ], [ 74.893505473032548, 39.156167704475479 ], [ 74.894329635099893, 39.156810497288902 ], [ 74.895001059005025, 39.157372936692234 ], [ 74.895567200318609, 39.158055894842995 ], [ 74.896339446671178, 39.160586871848857 ], [ 74.896238005979583, 39.160908269940251 ], [ 74.895876267724617, 39.161591242154252 ], [ 74.895566249920208, 39.162113512238335 ], [ 74.89515321641376, 39.162354565171334 ], [ 74.894429508486922, 39.162635790738008 ], [ 74.893707883633667, 39.162796486901676 ], [ 74.892879979399027, 39.163037528255622 ], [ 74.892210708517254, 39.163519612689726 ], [ 74.891590844618619, 39.164242741410717 ], [ 74.89091733027611, 39.165006038419222 ], [ 74.890196221062752, 39.165729155164328 ], [ 74.889215178872504, 39.166291558977164 ], [ 74.888234354969001, 39.166572736676109 ], [ 74.887665542963845, 39.166693229038266 ], [ 74.887149473182987, 39.166653026102715 ], [ 74.886634507799911, 39.166492296085103 ], [ 74.886323157486814, 39.166130706013902 ], [ 74.886271859480161, 39.165769133024952 ], [ 74.886274134054915, 39.165447738016518 ], [ 74.886480883443994, 39.165086182422897 ], [ 74.886997312942825, 39.164684470679646 ], [ 74.887667531294156, 39.164322941290251 ], [ 74.888184853103269, 39.164041746822882 ], [ 74.888751909065121, 39.163599854466341 ], [ 74.889320923883901, 39.163198136506729 ], [ 74.889629896838684, 39.162796403591678 ], [ 74.88963122379657, 39.162394660714121 ], [ 74.889269332983645, 39.161952726676326 ], [ 74.888649450383184, 39.161470606716911 ], [ 74.887826082285812, 39.16106882178056 ], [ 74.886121426238617, 39.160666974193965 ], [ 74.884420574528917, 39.160506149316198 ], [ 74.882973984786446, 39.160387212635243 ], [ 74.881426317039185, 39.159947255279477 ], [ 74.880032572078335, 39.159507083362477 ], [ 74.878741960397264, 39.159227465722601 ], [ 74.877814894959585, 39.158976086479591 ], [ 74.877707534153771, 39.1589475172592 ], [ 74.876986884071954, 39.158707354969117 ], [ 74.875591110591145, 39.158347479903576 ], [ 74.874353379059528, 39.157866879057202 ], [ 74.873064027623684, 39.157386325898024 ], [ 74.871298659914274, 39.156678678804525 ], [ 74.869170709634744, 39.155798195411926 ] ] ] ] } },
{ "type": "Feature", "properties": { "ID": 717, "周长": 0.062954609487531704, "面积": 0.00016597001700405234, "FEATUREID": "YAAE002C1AJ430010020000098", "CHFCAC": "000098", "CODE": "", "GB": "73020", "HYDC": "", "TN": "", "NAME": "", "fill_color": 1536, "pattern": 855, "pattern_color": 2304, "_src_file": "LDLYAAE002.WP", "_src_id": 97 }, "geometry": { "type": "MultiPolygon", "coordinates": [ [ [ [ 74.869170709634744, 39.155798195411926 ], [ 74.867551627244197, 39.155128225840734 ], [ 74.865959801676155, 39.154507045228158 ], [ 74.865959801676155, 39.154507045228158 ], [ 74.865059543316207, 39.153965182927642 ], [ 74.865011164420707, 39.153940614564327 ], [ 74.864341614242605, 39.153378923318009 ], [ 74.8635176125443, 39.152455827693593 ], [ 74.862743259103723, 39.151532669836293 ], [ 74.862073848798417, 39.150890615361 ], [ 74.860577637856792, 39.150048579208324 ], [ 74.85866743931372, 39.14920696495038 ], [ 74.856552622128092, 39.148486058835523 ], [ 74.855004743610607, 39.147764529617696 ], [ 74.848503583898719, 39.144316065833877 ], [ 74.848399727348777, 39.144034945036623 ], [ 74.848453135264137, 39.143472453548831 ], [ 74.848816336286049, 39.142869482030186 ], [ 74.849539726926338, 39.142386679573825 ], [ 74.850467429755554, 39.142024187675801 ], [ 74.851605396713452, 39.141822180990879 ], [ 74.853773539319647, 39.141819985172603 ], [ 74.855629686935927, 39.142018941425832 ], [ 74.857333825948189, 39.142338557340452 ], [ 74.858883108164179, 39.14265831226195 ], [ 74.860276537256084, 39.142978212364397 ], [ 74.861308757796479, 39.143177967617746 ], [ 74.862803455673841, 39.143497726115669 ], [ 74.864043950538573, 39.143898100198854 ], [ 74.865177980886273, 39.144499451222913 ], [ 74.866673176403395, 39.145301253948141 ], [ 74.872245637800717, 39.149111375834316 ], [ 74.872817019388492, 39.149565368337122 ], [ 74.873495412458112, 39.150036993962857 ], [ 74.875681223718445, 39.152052303203746 ], [ 74.875681223718445, 39.152052303203746 ], [ 74.870979529444654, 39.154512708051776 ], [ 74.869170709634744, 39.155798195411926 ] ] ] ] } },
{ "type": "Feature", "properties": { "ID": 723, "周长": 0.73293691449100828, "面积": 0.0032046275653312348, "FEATUREID": "YAAE002C1AJ430010020000099", "CHFCAC": "000099", "CODE": "", "GB": "73020", "HYDC": "", "TN": "", "NAME": "", "fill_color": 5632, "pattern": 855, "pattern_color": 2304, "_src_file": "LDLYAAE002.WP", "_src_id": 98 }, "geometry": { "type": "MultiPolygon", "coordinates": [ [ [ [ 73.866221450996122, 39.085662576454098 ], [ 73.865125682420313, 39.083964122454496 ], [ 73.862611000182255, 39.081617130981897 ], [ 73.861667590490725, 39.078511308706538 ], [ 73.861841452989623, 39.076522324905063 ], [ 73.862653649145358, 39.075681938933705 ], [ 73.863889440388519, 39.07581006604201 ], [ 73.865049406404651, 39.076050835524498 ], [ 73.8659899268674, 39.076402529439058 ], [ 73.866857634883587, 39.076810114922694 ], [ 73.867357254341428, 39.077440431543771 ], [ 73.867777043766964, 39.078296911593768 ], [ 73.868341451135194, 39.079382128874137 ], [ 73.868985732560162, 39.080070906953601 ], [ 73.870065932047893, 39.080764817284219 ], [ 73.871559558946927, 39.081204563830873 ], [ 73.871559558946927, 39.081204563830873 ], [ 73.873113256312649, 39.081368275073608 ], [ 73.874935720056399, 39.081276092050693 ], [ 73.875961178668049, 39.081004244141845 ], [ 73.876404084197148, 39.080668818997324 ], [ 73.876486898108766, 39.080102110385134 ], [ 73.876281442350759, 39.079361727232182 ], [ 73.875522556009756, 39.078515553411393 ], [ 73.875522556009756, 39.078515553411393 ], [ 73.874705505464803, 39.077810567909019 ], [ 73.873269249063739, 39.0767151403452 ], [ 73.872120276300734, 39.075793380622066 ], [ 73.870897527983161, 39.074814000829491 ], [ 73.870255277509457, 39.074068475488417 ], [ 73.870259593035783, 39.07361820504812 ], [ 73.874095047930382, 39.073212963367801 ], [ 73.878913274462434, 39.073591187031674 ], [ 73.884603639350203, 39.074735207632116 ], [ 73.884603639350203, 39.074735207632116 ], [ 73.885843932756828, 39.074984766707068 ], [ 73.887309985627368, 39.074783731346578 ], [ 73.888267272218314, 39.073905073720461 ], [ 73.888267272218314, 39.073905073720461 ], [ 73.888852714832069, 39.073369180617739 ], [ 73.889981972344444, 39.072697194132218 ], [ 73.891031247974269, 39.072086539530886 ], [ 73.892229518344067, 39.072038129748897 ], [ 73.893110188569736, 39.072048282430821 ], [ 73.89438393498186, 39.072312112063571 ], [ 73.894698859602443, 39.072447651285422 ], [ 73.894698859602443, 39.072447651285422 ], [ 73.895573492613778, 39.072824074155349 ], [ 73.896530974151077, 39.072897391792516 ], [ 73.897489615356449, 39.072846166797078 ], [ 73.898295882431768, 39.072481756350228 ], [ 73.898623092496976, 39.071925023203541 ], [ 73.898629693441521, 39.071658964231986 ], [ 73.898629693441521, 39.071658964231986 ], [ 73.898636494536476, 39.071265670902868 ], [ 73.898637091036775, 39.07111554414405 ], [ 73.898497642573574, 39.070055157340562 ], [ 73.897956818841138, 39.068990172161755 ], [ 73.897179775685643, 39.0676110857666 ], [ 73.896239542035801, 39.066603760510205 ], [ 73.895057563761611, 39.065718199324351 ], [ 73.893865964780616, 39.065330765682248 ], [ 73.892275026451088, 39.064938705099017 ], [ 73.890597815912102, 39.064857037753356 ], [ 73.8889172687377, 39.065024415576204 ], [ 73.886675527732194, 39.065247546639178 ], [ 73.885957774986935, 39.065176934504819 ], [ 73.885169769125326, 39.064669514920617 ], [ 73.884302081749908, 39.064036629375003 ], [ 73.883433503569208, 39.063341468115894 ], [ 73.882643444875569, 39.062896301263812 ], [ 73.881371098739137, 39.062507811759403 ], [ 73.879461823589082, 39.062111855448833 ], [ 73.877787887471712, 39.061905470879054 ], [ 73.876295300267827, 39.061786867121469 ], [ 73.875701924539811, 39.061593169525523 ], [ 73.875524792936602, 39.061451047002102 ], [ 73.875407995159733, 39.061169603952131 ], [ 73.875717187619628, 39.06061302125989 ], [ 73.876569621226636, 39.059922718075825 ], [ 73.877417575205556, 39.059372429993047 ], [ 73.878263874169377, 39.058915485528559 ], [ 73.879052758470834, 39.058317811463525 ], [ 73.879665778748702, 39.057391322056894 ], [ 73.879865025395304, 39.05627324428594 ], [ 73.879582464575179, 39.055429623217179 ], [ 73.879109954170559, 39.055003969423844 ], [ 73.877913743339903, 39.054989990127623 ], [ 73.875753482271818, 39.055151489755374 ], [ 73.873957844065657, 39.055177137234949 ], [ 73.872108114338687, 39.054875337448664 ], [ 73.870437455018475, 39.054435598227556 ], [ 73.868529378437728, 39.053993019340922 ], [ 73.866863592918051, 39.053506555778654 ], [ 73.86549312151233, 39.053023597692707 ], [ 73.86400329510991, 39.052632557386886 ], [ 73.861793036055985, 39.052466378714158 ], [ 73.859397719303416, 39.052438051359772 ], [ 73.857241332549336, 39.052552535257107 ], [ 73.854958377912354, 39.052992273156647 ], [ 73.853213286436812, 39.053485046325221 ], [ 73.852001715313506, 39.054217575222289 ], [ 73.851091419423398, 39.054953657225525 ], [ 73.850235608082201, 39.055877137303135 ], [ 73.849615867363042, 39.05699016213822 ], [ 73.848567149673642, 39.058704933580152 ], [ 73.848145068993745, 39.058979970811436 ], [ 73.847603459125594, 39.059020210973628 ], [ 73.847071417529548, 39.058640390586561 ], [ 73.846543062384569, 39.058167218838804 ], [ 73.846129754644764, 39.057788823879875 ], [ 73.845835652862988, 39.057551880320275 ], [ 73.845715769547994, 39.05750377423233 ], [ 73.845537027237995, 39.057454953837286 ], [ 73.844999796082547, 39.057308488719364 ], [ 73.84398481910506, 39.05724997570033 ], [ 73.842545047277397, 39.057326918955049 ], [ 73.840799965311504, 39.057727131183029 ], [ 73.839238347442873, 39.058082702240611 ], [ 73.837673714364968, 39.05843825207009 ], [ 73.836294944094689, 39.058562475545031 ], [ 73.835155387907022, 39.058596087187098 ], [ 73.834137434909948, 39.05858439204691 ], [ 73.833482309825513, 39.058436801396944 ], [ 73.833067105710199, 39.05810526971964 ], [ 73.832600276058514, 39.057539681451892 ], [ 73.83237181733908, 39.056930174737467 ], [ 73.832382021586426, 39.056370097144146 ], [ 73.832749639692551, 39.055860827455398 ], [ 73.833776196996197, 39.055452475625842 ], [ 73.835460382082516, 39.055051680075501 ], [ 73.837077743081764, 39.05497688533395 ], [ 73.83899902193977, 39.054765477422478 ], [ 73.840920978048374, 39.054460688844053 ], [ 73.842424630665377, 39.054104411495231 ], [ 73.843691296713132, 39.053605359616057 ], [ 73.844837983339886, 39.053058357046694 ], [ 73.845803969524027, 39.052556407578095 ], [ 73.846717290725579, 39.051820366976614 ], [ 73.847388323775746, 39.051128132976459 ], [ 73.848425036341041, 39.050020121482646 ], [ 73.849220102173547, 39.049142612048946 ], [ 73.850068973206277, 39.048545849622556 ], [ 73.851222125341508, 39.047672604937148 ], [ 73.85207398319001, 39.046795788210197 ], [ 73.852080167992838, 39.04656242044377 ], [ 73.85173187125622, 39.046105770789985 ], [ 73.85173187125622, 39.046105770789985 ], [ 73.845331229219497, 39.047782689975904 ], [ 73.845331229219497, 39.047782689975904 ], [ 73.845110319535323, 39.04797311558756 ], [ 73.844253386421897, 39.048896817407424 ], [ 73.84328195729465, 39.04963266182974 ], [ 73.842615085038943, 39.050138548226656 ], [ 73.841950735620514, 39.050504410577005 ], [ 73.840749901546758, 39.050677416479388 ], [ 73.839491417417634, 39.050616357536043 ], [ 73.836927206743184, 39.050073452552873 ], [ 73.836128982200506, 39.049813600165734 ], [ 73.836128982200506, 39.049813600165734 ], [ 73.818136813353306, 39.052802527327131 ], [ 73.804552825945606, 39.053613741239957 ], [ 73.804552825945606, 39.053613741239957 ], [ 73.804933174315849, 39.054150457660121 ], [ 73.805546463957725, 39.054375710330085 ], [ 73.806330442171387, 39.054341296378084 ], [ 73.807231974109357, 39.054002948114622 ], [ 73.80807574325722, 39.053707543999849 ], [ 73.808749643259702, 39.053628197036012 ], [ 73.809193737503861, 39.053764253493178 ], [ 73.80958146820619, 39.054030470921944 ], [ 73.809565916620215, 39.054815370578055 ], [ 73.809161199822611, 39.055464871735687 ], [ 73.808253375909217, 39.056195685368145 ], [ 73.805826160937968, 39.057388433280231 ], [ 73.805145109619517, 39.057903819099465 ], [ 73.804291781570228, 39.05854804437319 ], [ 73.803499007816029, 39.05910571243998 ], [ 73.80298575787161, 39.059623056923066 ], [ 73.802248092325414, 39.060224977594125 ], [ 73.801733197562953, 39.060829528661039 ], [ 73.801665861587026, 39.061439346387324 ], [ 73.802325644872965, 39.062014117835048 ], [ 73.803437076333935, 39.062376121361226 ], [ 73.806403454044798, 39.062454551002531 ], [ 73.808525013832096, 39.062610289664718 ], [ 73.810093153077688, 39.0625414170594 ], [ 73.810819233385175, 39.06272434742791 ], [ 73.811039791267447, 39.06290138596659 ], [ 73.811086854770124, 39.063381700820116 ], [ 73.810623532797891, 39.064117762212931 ], [ 73.809491816587595, 39.064845964507448 ], [ 73.808421310361567, 39.065182360371885 ], [ 73.80680078358462, 39.06516334338518 ], [ 73.805131314717755, 39.064576420238232 ], [ 73.80335154575269, 39.063987881792279 ], [ 73.801393937027498, 39.063745843536687 ], [ 73.799933118158151, 39.064076478565042 ], [ 73.799139398197198, 39.064458971775814 ], [ 73.798681349030431, 39.06506349024221 ], [ 73.798776970852799, 39.065892802769596 ], [ 73.799541726063438, 39.066773994391994 ], [ 73.800483388480203, 39.067308651772919 ], [ 73.80181477114877, 39.068066014350805 ], [ 73.802751171486818, 39.068818529270899 ], [ 73.803191447009311, 39.069216228496238 ], [ 73.804724444637515, 39.071065699094547 ], [ 73.804935440395823, 39.071678509263442 ], [ 73.805334983691026, 39.072619944240948 ], [ 73.806275054637581, 39.074263953783664 ], [ 73.806688981715737, 39.078416997178365 ], [ 73.806611720639609, 39.082942181863281 ], [ 73.806445127631946, 39.085677909194416 ], [ 73.806722970957964, 39.08659918600457 ], [ 73.807057249307135, 39.08710047425685 ], [ 73.807397301764567, 39.087257644168467 ], [ 73.808188491412096, 39.087076126076347 ], [ 73.809138897842175, 39.08624640692824 ], [ 73.809833523420295, 39.085872491307967 ], [ 73.81032102936112, 39.086031461851185 ], [ 73.810508378484528, 39.08660740453567 ], [ 73.810093146307295, 39.087673180120383 ], [ 73.809579096127678, 39.088814217814871 ], [ 73.809214989974151, 39.089880590430589 ], [ 73.809541544186871, 39.090725993822396 ], [ 73.810365658019151, 39.091271538461058 ], [ 73.811147129088539, 39.091587063782313 ], [ 73.811737487720137, 39.091517818478195 ], [ 73.812386746140646, 39.091105052130239 ], [ 73.812995577837924, 39.090041673840368 ], [ 73.813565475569533, 39.088557101737855 ], [ 73.814137351568007, 39.087072526137952 ], [ 73.814359900627949, 39.085698446222516 ], [ 73.814771557196195, 39.084709126709519 ], [ 73.815369342835297, 39.084410448067217 ], [ 73.816153742439113, 39.084420052618583 ], [ 73.816919480342946, 39.085538485706394 ], [ 73.816583228467223, 39.087599612704324 ], [ 73.816053341100996, 39.089658335891379 ], [ 73.815365224505442, 39.092059375846304 ], [ 73.814953277668536, 39.093010459346161 ], [ 73.814596217525605, 39.093770967320658 ], [ 73.813991115084178, 39.094490230827958 ], [ 73.813237777198168, 39.095245922077019 ], [ 73.81233944903579, 39.095923331506171 ], [ 73.812129072161866, 39.09672387120883 ], [ 73.812413944775997, 39.097263598011018 ], [ 73.813289662709124, 39.097657467957809 ], [ 73.814566948196017, 39.097826318792691 ], [ 73.815345792895457, 39.098142367106661 ], [ 73.815733653825944, 39.098491907106528 ], [ 73.815919887419199, 39.099107173001968 ], [ 73.816055966391872, 39.099721838023953 ], [ 73.816485723708865, 39.10030179930515 ], [ 73.817025645112437, 39.100461617446342 ], [ 73.818113597262837, 39.100130078680515 ], [ 73.818911977936054, 39.099450199659465 ], [ 73.819861374818657, 39.098580590457345 ], [ 73.820813748271704, 39.097710973019772 ], [ 73.821609235981484, 39.097184289413988 ], [ 73.822252140667217, 39.097038845165564 ], [ 73.822743020014784, 39.097083128105879 ], [ 73.823127912431644, 39.097432644096287 ], [ 73.823361240708465, 39.098163409825787 ], [ 73.823237695031764, 39.099579463877561 ], [ 73.822258235707167, 39.102019566067121 ], [ 73.8217511265334, 39.102741361874557 ], [ 73.821294329347594, 39.103616968532108 ], [ 73.820537825866779, 39.104527287373756 ], [ 73.819883765195257, 39.105323886316611 ], [ 73.819474670143236, 39.106276692329587 ], [ 73.81931721826642, 39.106811151460036 ], [ 73.819457316273599, 39.107157682820841 ], [ 73.820289873366121, 39.107397690238919 ], [ 73.821032336956165, 39.107138541709681 ], [ 73.821930098906876, 39.10645983841858 ], [ 73.82287842739656, 39.105705119363186 ], [ 73.823923776178503, 39.104913280387997 ], [ 73.824821482127277, 39.104234555950001 ], [ 73.825219333997453, 39.104047809306238 ], [ 73.825657147987513, 39.104359609721186 ], [ 73.826135053680403, 39.105055048293806 ], [ 73.826311198452416, 39.106168250436809 ], [ 73.826051512924622, 39.106969652459831 ], [ 73.825349448251401, 39.107650775187778 ], [ 73.824502578431463, 39.108291795564895 ], [ 73.823354725705002, 39.109197353970202 ], [ 73.823152381544944, 39.109501397384918 ], [ 73.82319345859112, 39.109885033213246 ], [ 73.823731759174038, 39.110083125759935 ], [ 73.824715829814664, 39.110056764668876 ], [ 73.826455518109796, 39.109005133029612 ], [ 73.82719797711944, 39.108745945201193 ], [ 73.828235019127149, 39.108566934969403 ], [ 73.829073094762464, 39.108347230428585 ], [ 73.829869232780638, 39.107897098686649 ], [ 73.830624654726336, 39.106986720931395 ], [ 73.831374123308692, 39.106344464154354 ], [ 73.832315716971294, 39.105896097516414 ], [ 73.833647809525885, 39.10560568747313 ], [ 73.834289767919159, 39.105460180166347 ], [ 73.834641247006857, 39.105119592641117 ], [ 73.834697844890144, 39.104660534206275 ], [ 73.834116905406489, 39.104270379163694 ], [ 73.832401086301601, 39.103981485858768 ], [ 73.830977151613439, 39.103811045001308 ], [ 73.830199699559586, 39.103303579917501 ], [ 73.829913888681787, 39.102802058749425 ], [ 73.829874895058452, 39.102303511186371 ], [ 73.830076483786186, 39.102037761638321 ], [ 73.830665433651816, 39.102044894507124 ], [ 73.832037056293416, 39.102329658093431 ], [ 73.833069068963695, 39.102418729715566 ], [ 73.833611970443371, 39.102310343148751 ], [ 73.833962439661164, 39.101969757328469 ], [ 73.834113550269066, 39.101665102949497 ], [ 73.833923231188422, 39.101317992785596 ], [ 73.83319594320713, 39.100811142862646 ], [ 73.83187450630075, 39.100526987171783 ], [ 73.83049909843929, 39.10039543982213 ], [ 73.83045446304159, 39.100203325412735 ], [ 73.8305605390061, 39.099783167950406 ], [ 73.830911829563121, 39.099289373439198 ], [ 73.831705739524253, 39.09895414009771 ], [ 73.832939379656906, 39.098662547803798 ], [ 73.834081312450721, 39.098063322612909 ], [ 73.834881515728426, 39.097383331116013 ], [ 73.835037998650009, 39.096849178468034 ], [ 73.834703000251167, 39.096424438523954 ], [ 73.833821834279576, 39.096222592432547 ], [ 73.832497251209261, 39.096015400171467 ], [ 73.832207995394, 39.095820659607718 ], [ 73.832167704052935, 39.095361238139503 ], [ 73.83252336991886, 39.094715381014971 ], [ 73.833175968278127, 39.094073082938444 ], [ 73.833973024480898, 39.093432560015074 ], [ 73.834327451506297, 39.092901406648807 ], [ 73.834237252298749, 39.092479627015166 ], [ 73.833505820368813, 39.092164847801982 ], [ 73.832477506708202, 39.091999449299031 ], [ 73.831301951798167, 39.091717554333194 ], [ 73.830573018081878, 39.091326286038331 ], [ 73.830191136294502, 39.090786231587572 ], [ 73.831079516986534, 39.086081757480329 ], [ 73.832453832144068, 39.081066665597639 ], [ 73.831443649731256, 39.079781182830558 ], [ 73.830429516943425, 39.079305047289324 ], [ 73.829243284877379, 39.079092290910545 ], [ 73.827369564417779, 39.07900432937744 ], [ 73.825581767748716, 39.078983662199995 ], [ 73.82524366637297, 39.078847048118789 ], [ 73.825165614703849, 39.078514374410361 ], [ 73.825519306126793, 39.077854936609377 ], [ 73.826549393411355, 39.077402384762401 ], [ 73.828511053153733, 39.077225988554225 ], [ 73.830298807451967, 39.077246610182243 ], [ 73.832255618541907, 39.077335502853984 ], [ 73.833099678947676, 39.077743325458172 ], [ 73.834877792753758, 39.078294581715085 ], [ 73.836405561901444, 39.078511188610186 ], [ 73.837257095318932, 39.078454617438503 ], [ 73.838037744014059, 39.077667343942437 ], [ 73.838059012136242, 39.076605935260076 ], [ 73.837650223054482, 39.075672321896569 ], [ 73.836383334490975, 39.074994295025206 ], [ 73.834097733867338, 39.074370854288503 ], [ 73.832319724124048, 39.073819589614864 ], [ 73.830459039636025, 39.073134638814125 ], [ 73.828939105707647, 39.072387251686749 ], [ 73.828269019439261, 39.071782349669377 ], [ 73.827853318517498, 39.07118039419295 ], [ 73.828033273499173, 39.070651655909053 ], [ 73.828551076540691, 39.070325863197908 ], [ 73.834592187957341, 39.070594476204079 ], [ 73.835523719209988, 39.070870584583666 ], [ 73.836783909733512, 39.071747634100035 ], [ 73.838041518040853, 39.072823684443406 ], [ 73.83895845149037, 39.0739621613357 ], [ 73.83953028837719, 39.075295747920045 ], [ 73.839845757224623, 39.076626410279424 ], [ 73.839907039831985, 39.077887809179636 ], [ 73.839460522219738, 39.07914336120475 ], [ 73.839097327181605, 39.080333546081306 ], [ 73.838739935329457, 39.081258379061559 ], [ 73.838377920144481, 39.082382224483247 ], [ 73.838361063323717, 39.08331095713946 ], [ 73.838519094927292, 39.084042626762731 ], [ 73.839020101199296, 39.084645521726728 ], [ 73.840026150147182, 39.085519614164099 ], [ 73.841297466281176, 39.085799573575933 ], [ 73.842493054889374, 39.085614181084914 ], [ 73.843531546693754, 39.084697115112469 ], [ 73.844151703586562, 39.083310813039525 ], [ 73.844433220220893, 39.081920762252302 ], [ 73.844725898547011, 39.079800998376079 ], [ 73.84459362271312, 39.077808816224469 ], [ 73.844196818243788, 39.076211651800101 ], [ 73.843627282754923, 39.074745411293542 ], [ 73.842803589203541, 39.073209912012985 ], [ 73.842147979535085, 39.071742691130254 ], [ 73.841150301590119, 39.070470588670979 ], [ 73.840068939458163, 39.069064829541972 ], [ 73.838817381153575, 39.067657108817251 ], [ 73.837647583955956, 39.066383027433453 ], [ 73.836642827835107, 39.065508916204102 ], [ 73.836475534021005, 39.065249990465446 ], [ 73.836413315578, 39.065001861003708 ], [ 73.836435017534455, 39.064636927078396 ], [ 73.837569969320015, 39.064271085294507 ], [ 73.845079117495871, 39.068620274333405 ], [ 73.848898331545797, 39.07180110273034 ], [ 73.850294662400174, 39.075209373799602 ], [ 73.850281070668601, 39.077640579384038 ], [ 73.850277977252205, 39.078044374037326 ], [ 73.849821371507531, 39.078586268260672 ], [ 73.848853371759802, 39.079221563886207 ], [ 73.848203374929824, 39.079810915288419 ], [ 73.847869014875769, 39.080652810476764 ], [ 73.847665196078609, 39.081446481082118 ], [ 73.847588819460114, 39.082142179309074 ], [ 73.84731716334214, 39.082935087465351 ], [ 73.846860709390285, 39.083576463662922 ], [ 73.846717800987108, 39.084420642320559 ], [ 73.846959455963855, 39.085070407375277 ], [ 73.847529646791301, 39.085425502493869 ], [ 73.848995947603484, 39.085542521990163 ], [ 73.849693603569008, 39.085799633314856 ], [ 73.849809420314273, 39.086348377035385 ], [ 73.849343799636614, 39.087387742057359 ], [ 73.848689563107769, 39.088375071320044 ], [ 73.848351478390171, 39.089366207217566 ], [ 73.84846491256036, 39.090213433953906 ], [ 73.848836272573664, 39.090864719420765 ], [ 73.849392876166391, 39.09186651857955 ], [ 73.84988197514582, 39.093016795855391 ], [ 73.850238253310053, 39.094563527574586 ], [ 73.850721014745275, 39.096012285516487 ], [ 73.850961270026772, 39.09691078006437 ], [ 73.850635941610506, 39.09730477505655 ], [ 73.84948127979257, 39.097489761496739 ], [ 73.84794568100051, 39.09771983559952 ], [ 73.847367690941539, 39.097961327191079 ], [ 73.847101486232418, 39.098454986033609 ], [ 73.847224100360719, 39.098853879059405 ], [ 73.847855338127886, 39.09920919809668 ], [ 73.848556839701487, 39.099316921712365 ], [ 73.849573674049822, 39.099478118981835 ], [ 73.849952559236002, 39.099830381835616 ], [ 73.850073835167521, 39.100080258247118 ], [ 73.850123687286882, 39.100925425002885 ], [ 73.850302112394104, 39.101722442466382 ], [ 73.85066545954632, 39.102721001331119 ], [ 73.851099091599664, 39.103522240117307 ], [ 73.851603815316551, 39.103925693955574 ], [ 73.852102137219575, 39.104627955724041 ], [ 73.85266704076146, 39.105181439028549 ], [ 73.853111221785042, 39.1052356408997 ], [ 73.853559205000096, 39.105190238442965 ], [ 73.854401812031526, 39.104553399451383 ], [ 73.855563483314626, 39.103921326313383 ], [ 73.856657530758369, 39.103387828675842 ], [ 73.858317538330141, 39.103407509434973 ], [ 73.859527997718345, 39.103570890600281 ], [ 73.860350255533703, 39.104077425192948 ], [ 73.860595899169411, 39.104577156877717 ], [ 73.860389487505472, 39.105419297159479 ], [ 73.859927795139242, 39.106308086832072 ], [ 73.860043992864561, 39.106905651420121 ], [ 73.860360743361099, 39.107108112324212 ], [ 73.860874165469568, 39.106965142301789 ], [ 73.861457554344497, 39.106475225750259 ], [ 73.862499975329257, 39.105245524170982 ], [ 73.863343092655555, 39.104510259741446 ], [ 73.86379177120844, 39.10441619325313 ], [ 73.86416975398852, 39.104768411285185 ], [ 73.864216159361291, 39.105762586202125 ], [ 73.863749151558366, 39.106899748281307 ], [ 73.863092323320672, 39.10793530156004 ], [ 73.862241047724623, 39.109018259304946 ], [ 73.8615170766234, 39.110351074995123 ], [ 73.861111791008113, 39.111590258794038 ], [ 73.861157656929379, 39.112537124052757 ], [ 73.862273531492292, 39.114490636651915 ], [ 73.86263622514484, 39.115639825908303 ], [ 73.862429384245246, 39.116484589588644 ], [ 73.861968807544642, 39.117227255530693 ], [ 73.861571995921565, 39.117920738598322 ], [ 73.86047269163744, 39.118706955233527 ], [ 73.859060130626119, 39.119091620055194 ], [ 73.856952042143845, 39.119070957224224 ], [ 73.855299120830821, 39.118556631823189 ], [ 73.853972130261155, 39.117796416928698 ], [ 73.853021135234854, 39.11738857335331 ], [ 73.852763814434937, 39.117485661152678 ], [ 73.852753800486909, 39.11798367986475 ], [ 73.852932020035382, 39.118782396260123 ], [ 73.853360269406963, 39.119832637929051 ], [ 73.854042259588482, 39.120984995194306 ], [ 73.854719770923921, 39.122386355665661 ], [ 73.855277633093579, 39.123338243342054 ], [ 73.855395407028468, 39.12383751681935 ], [ 73.855639257273353, 39.124487451666788 ], [ 73.856133362321529, 39.125488508138716 ], [ 73.857071802390067, 39.126543751157747 ], [ 73.858017657031056, 39.127300177321771 ], [ 73.858836544705454, 39.127955740305808 ], [ 73.859654554767332, 39.128661097830381 ], [ 73.861491047011242, 39.129623762897097 ], [ 73.862415108736641, 39.130118128013315 ], [ 73.863879544057198, 39.130860421911564 ], [ 73.864721381996588, 39.131657287209805 ], [ 73.865253053416282, 39.132390460165993 ], [ 73.865393377121293, 39.133301810060622 ], [ 73.865299156005577, 39.134271540971966 ], [ 73.864895997824718, 39.13499561541952 ], [ 73.864025810386281, 39.135775794251167 ], [ 73.862923137266463, 39.136553686379386 ], [ 73.861969814031397, 39.137515053642694 ], [ 73.86141186307816, 39.138298251030449 ], [ 73.86124411880003, 39.139024594443754 ], [ 73.861391039707755, 39.139511359433818 ], [ 73.861544509915149, 39.139634192205136 ], [ 73.862010376484392, 39.139699408836101 ], [ 73.86248169456735, 39.139461347552704 ], [ 73.863501147054876, 39.138985980304142 ], [ 73.864515144309124, 39.138813877965845 ], [ 73.865603522338986, 39.13894580292569 ], [ 73.866449907665711, 39.139439379895506 ], [ 73.867301477454575, 39.139811640660227 ], [ 73.868307968532292, 39.140003440488698 ], [ 73.869635274431872, 39.139834318373651 ], [ 73.871043814943874, 39.139362657988087 ], [ 73.872835977700703, 39.139258677897757 ], [ 73.874308033949049, 39.139758220763831 ], [ 73.875931683174571, 39.140319903105457 ], [ 73.877241892931991, 39.14099987502243 ], [ 73.878478374272206, 39.141618427074725 ], [ 73.879401638525977, 39.142173314591815 ], [ 73.880793970086586, 39.1426720285139 ], [ 73.881955051811985, 39.142986519015317 ], [ 73.883739645377716, 39.143428274387631 ], [ 73.884903893035769, 39.143621422710481 ], [ 73.886195868655378, 39.143667092804769 ], [ 73.886195868655378, 39.143667092804769 ], [ 73.884999232585884, 39.143045639906482 ], [ 73.883683721358935, 39.14222359078699 ], [ 73.882809292476239, 39.14159870557426 ], [ 73.881985846887588, 39.140859109802122 ], [ 73.881213384034126, 39.140004802264379 ], [ 73.880345769042108, 39.138957250669193 ], [ 73.878175073138706, 39.13651124468992 ], [ 73.877601416504049, 39.135582326889192 ], [ 73.874725276282774, 39.131356106643764 ], [ 73.873051892605574, 39.128718247461507 ], [ 73.871675376398571, 39.125968267591425 ], [ 73.869418437166075, 39.120435444713692 ], [ 73.868165972007006, 39.11626202602654 ], [ 73.867693833669591, 39.115141496515719 ], [ 73.867425713180836, 39.113724181214302 ], [ 73.867255144746977, 39.112116924748612 ], [ 73.865963278768959, 39.107437585720177 ], [ 73.865510367905259, 39.105329426685607 ], [ 73.865142607889126, 39.103910399595733 ], [ 73.864491248822887, 39.101876110053183 ], [ 73.86416990005479, 39.100495929968609 ], [ 73.864011982908849, 39.098353383672311 ], [ 73.863749847255534, 39.096587113056167 ], [ 73.863481330626854, 39.09539114220793 ], [ 73.863261519230278, 39.094157147676455 ], [ 73.863332929384299, 39.093079546556368 ], [ 73.863461042521749, 39.091463439534927 ], [ 73.864811157151408, 39.087743602976992 ], [ 73.865473329330086, 39.086480532196724 ], [ 73.865903186220365, 39.085989277451993 ], [ 73.866221450996122, 39.085662576454098 ] ] ] ] } },
{ "type": "Feature", "properties": { "ID": 724, "周长": 0.18607306777744068, "面积": 0.00088564908806934572, "FEATUREID": "YAAE002C1AJ430010020000100", "CHFCAC": "000100", "CODE": "", "GB": "73020", "HYDC": "", "TN": "", "NAME": "", "fill_color": 18944, "pattern": 855, "pattern_color": 2304, "_src_file": "LDLYAAE002.WP", "_src_id": 99 }, "geometry": { "type": "MultiPolygon", "coordinates": [ [ [ [ 73.886195868655378, 39.143667092804769 ], [ 73.886537417363201, 39.143576400313258 ], [ 73.886619388507327, 39.143455832965394 ], [ 73.886544765415621, 39.143273121822538 ], [ 73.886083131526348, 39.142965378536999 ], [ 73.885309110473401, 39.1427153105153 ], [ 73.884417535913101, 39.142358167591226 ], [ 73.883965894332306, 39.142131806189695 ], [ 73.883725199301935, 39.14196299093534 ], [ 73.88311704498426, 39.141590831119323 ], [ 73.882629145796443, 39.14095336965466 ], [ 73.882237846548378, 39.140259246793676 ], [ 73.88201931960711, 39.139468481277795 ], [ 73.88143254468126, 39.138255370991303 ], [ 73.881115750038475, 39.137745988618605 ], [ 73.880716840110935, 39.13719616107187 ], [ 73.880378725972491, 39.136510416887972 ], [ 73.880099789887936, 39.135779741308134 ], [ 73.879879838072554, 39.134958643452947 ], [ 73.87989596311472, 39.13404880649221 ], [ 73.880085573055922, 39.1332316346071 ], [ 73.880093439777625, 39.132731225798317 ], [ 73.879925185330663, 39.132456590940642 ], [ 73.87958306500299, 39.131998303074191 ], [ 73.878889770811071, 39.131536648627247 ], [ 73.877391102387435, 39.130521214177705 ], [ 73.877108179168999, 39.13001799237982 ], [ 73.876943405681686, 39.129379418576399 ], [ 73.876898975973162, 39.128650986769692 ], [ 73.877079330507087, 39.12824324539752 ], [ 73.877317194861121, 39.128109020340482 ], [ 73.87830851484091, 39.128164068417604 ], [ 73.87941152546442, 39.128447689214283 ], [ 73.881047234977373, 39.128372412629105 ], [ 73.882219277898173, 39.128110664193457 ], [ 73.88304150959793, 39.127756126255491 ], [ 73.883872053283767, 39.127085046841763 ], [ 73.884352110736288, 39.1263191461573 ], [ 73.884655924285227, 39.125505836055531 ], [ 73.885023420723257, 39.124557085512173 ], [ 73.885563351894561, 39.123701111860548 ], [ 73.886099358362316, 39.123071999251025 ], [ 73.886807796064403, 39.122535658178172 ], [ 73.887517225936776, 39.121999310358582 ], [ 73.887934618718361, 39.121595695878135 ], [ 73.888234114593573, 39.121145353724486 ], [ 73.88818750361591, 39.120464092492007 ], [ 73.887791450456291, 39.119688028937837 ], [ 73.887047962474426, 39.118817155112616 ], [ 73.886475582722497, 39.118175172944035 ], [ 73.884425753733552, 39.115246948763073 ], [ 73.883973792209659, 39.114334075711106 ], [ 73.883579600760157, 39.113512623630285 ], [ 73.883419516096112, 39.112648514877996 ], [ 73.883439558165776, 39.111604950692161 ], [ 73.883689692858354, 39.110518728067852 ], [ 73.883991736954968, 39.109977650942795 ], [ 73.884522378756515, 39.109711519673944 ], [ 73.884933795408216, 39.109534776223732 ], [ 73.885576168343903, 39.10949685657981 ], [ 73.886390388283857, 39.109642457332853 ], [ 73.887493116110875, 39.109972922529323 ], [ 73.88864949486964, 39.110576289826312 ], [ 73.890035642014851, 39.111273092237141 ], [ 73.891365491251904, 39.111969202134738 ], [ 73.892003209814092, 39.112203484528798 ], [ 73.892295073116259, 39.112252227744492 ], [ 73.893172558609223, 39.112171592788314 ], [ 73.89376184544075, 39.11176997497514 ], [ 73.894355011882453, 39.111141491354942 ], [ 73.895061935419974, 39.110741213976894 ], [ 73.896642656549744, 39.110532506167168 ], [ 73.897520666382022, 39.110361090676278 ], [ 73.898165691577759, 39.110050868296085 ], [ 73.898408745697751, 39.109599826811902 ], [ 73.898419916250063, 39.108828492307744 ], [ 73.898669938764158, 39.107969096483743 ], [ 73.899087830485726, 39.107293203357713 ], [ 73.899394612998449, 39.10652522100419 ], [ 73.900055064041808, 39.105307533959099 ], [ 73.90006589388183, 39.104672316479501 ], [ 73.899849080530643, 39.103762181846562 ], [ 73.899400532419975, 39.10275861948778 ], [ 73.898720817666387, 39.101570881551183 ], [ 73.898095568537912, 39.100610675971424 ], [ 73.897581098521485, 39.099878669989351 ], [ 73.897243816564313, 39.099194052098674 ], [ 73.897079493333138, 39.098511446576474 ], [ 73.897093673424578, 39.09774011095675 ], [ 73.897396465383949, 39.097152876745632 ], [ 73.897757379263425, 39.09652071255293 ], [ 73.898005594706078, 39.095659991746643 ], [ 73.898015398945432, 39.094978355615432 ], [ 73.897733696471192, 39.094520573859427 ], [ 73.897507525699169, 39.094108904672183 ], [ 73.89716157823716, 39.093877662779022 ], [ 73.896639120273292, 39.093735291148221 ], [ 73.89547364080758, 39.09367640252556 ], [ 73.894243114841487, 39.093889484035834 ], [ 73.893135371868766, 39.093922131436067 ], [ 73.892029206546198, 39.093863883598523 ], [ 73.890983311891659, 39.093579087787155 ], [ 73.889823386857486, 39.093202048940753 ], [ 73.888369531241779, 39.092957944596037 ], [ 73.887317523979689, 39.093082096682451 ], [ 73.88608760396049, 39.093431418776575 ], [ 73.885087332032953, 39.093874324849729 ], [ 73.884087047739698, 39.094317222141861 ], [ 73.882909032700624, 39.095030725003092 ], [ 73.88089862666132, 39.096643546441783 ], [ 73.880249769487946, 39.096999602032341 ], [ 73.879189516114991, 39.097532559578831 ], [ 73.878072483380649, 39.098154836326017 ], [ 73.877421907773197, 39.098555695075397 ], [ 73.876603317267111, 39.098727640030546 ], [ 73.875611712845568, 39.098670672149545 ], [ 73.874687749861536, 39.098251399634179 ], [ 73.873535245662623, 39.097330167441378 ], [ 73.872565152333067, 39.096227933926919 ], [ 73.871329269438121, 39.093440915348005 ], [ 73.871047355219517, 39.09289218716205 ], [ 73.870710742080689, 39.092251890154451 ], [ 73.870155373088693, 39.09160281518556 ], [ 73.869603622171539, 39.090905116318083 ], [ 73.869073711347568, 39.090196762560268 ], [ 73.8687155286337, 39.089632270098917 ], [ 73.868086751534918, 39.088749908275631 ], [ 73.86706534007871, 39.086969001437595 ], [ 73.866221450996122, 39.085662576454098 ], [ 73.866221450996122, 39.085662576454098 ], [ 73.865903186220365, 39.085989277451993 ], [ 73.865473329330086, 39.086480532196724 ], [ 73.864811157151408, 39.087743602976992 ], [ 73.863461042521749, 39.091463439534927 ], [ 73.863332929384299, 39.093079546556368 ], [ 73.863261519230278, 39.094157147676455 ], [ 73.863481330626854, 39.09539114220793 ], [ 73.863749847255534, 39.096587113056167 ], [ 73.864011982908849, 39.098353383672311 ], [ 73.86416990005479, 39.100495929968609 ], [ 73.864491248822887, 39.101876110053183 ], [ 73.865142607889126, 39.103910399595733 ], [ 73.865510367905259, 39.105329426685607 ], [ 73.865963278768959, 39.107437585720177 ], [ 73.867255144746977, 39.112116924748612 ], [ 73.867425713180836, 39.113724181214302 ], [ 73.867693833669591, 39.115141496515719 ], [ 73.868165972007006, 39.11626202602654 ], [ 73.869418437166075, 39.120435444713692 ], [ 73.871675376398571, 39.125968267591425 ], [ 73.873051892605574, 39.128718247461507 ], [ 73.874725276282774, 39.131356106643764 ], [ 73.877601416504049, 39.135582326889192 ], [ 73.878175073138706, 39.13651124468992 ], [ 73.880345769042108, 39.138957250669193 ], [ 73.881213384034126, 39.140004802264379 ], [ 73.881985846887588, 39.140859109802122 ], [ 73.882809292476239, 39.14159870557426 ], [ 73.883683721358935, 39.14222359078699 ], [ 73.884999232585884, 39.143045639906482 ], [ 73.886195868655378, 39.143667092804769 ] ] ] ] } },
{ "type": "Feature", "properties": { "ID": 727, "周长": 0.055475391692389922, "面积": 0.00013728825944655024, "FEATUREID": "YAAE002C1AJ430010020000101", "CHFCAC": "000101", "CODE": "", "GB": "73020", "HYDC": "", "TN": "", "NAME": "", "fill_color": 22016, "pattern": 855, "pattern_color": 2304, "_src_file": "LDLYAAE002.WP", "_src_id": 100 }, "geometry": { "type": "MultiPolygon", "coordinates": [ [ [ [ 74.902969021680263, 39.140289120689502 ], [ 74.902437453123241, 39.140543522622956 ], [ 74.897497586857313, 39.142728636697356 ], [ 74.897496586857315, 39.142728636697356 ], [ 74.898622786701722, 39.144442531440497 ], [ 74.899330773849599, 39.145696921318105 ], [ 74.899909771853387, 39.147152021918778 ], [ 74.900102398663137, 39.148205724628063 ], [ 74.90016614372874, 39.149259435853544 ], [ 74.90016508115707, 39.150865091689042 ], [ 74.899970877675216, 39.152169699692841 ], [ 74.899840780652767, 39.153976069647506 ], [ 74.899839576229994, 39.155782432639882 ], [ 74.899838402295444, 39.157538619655362 ], [ 74.899708594453458, 39.158893395670951 ], [ 74.899772275757229, 39.160047458214983 ], [ 74.899900515687094, 39.161050986679896 ], [ 74.900157800437952, 39.161853799991363 ], [ 74.900673016587987, 39.162506067855865 ], [ 74.901510717031613, 39.162857254489722 ], [ 74.902348648210292, 39.162857198502856 ], [ 74.902928817578328, 39.162756803219182 ], [ 74.90344455889749, 39.162606232579577 ], [ 74.903831447915692, 39.162355317436699 ], [ 74.904089484355509, 39.162004056808648 ], [ 74.904218821224632, 39.161301572358404 ], [ 74.904412699035987, 39.1604485513285 ], [ 74.904413395893172, 39.159294487890662 ], [ 74.904414089799658, 39.158140421969456 ], [ 74.904414635077814, 39.157237239688271 ], [ 74.904415086551737, 39.156484590304814 ], [ 74.904544530755686, 39.155581396315107 ], [ 74.904867346165474, 39.154628008930082 ], [ 74.905447976318584, 39.153624418014253 ], [ 74.906028557926035, 39.152670999472612 ], [ 74.906480001368621, 39.152119008872951 ], [ 74.908544116601576, 39.148756924362679 ], [ 74.90854458143292, 39.147903918299271 ], [ 74.908222971134492, 39.146800067248108 ], [ 74.907644031458275, 39.144943592161226 ], [ 74.907128963638911, 39.144140822106735 ], [ 74.906291945856481, 39.142936668209565 ], [ 74.905776676499926, 39.142535307612008 ], [ 74.905197004024302, 39.142083773065359 ], [ 74.904230867369989, 39.141381385330781 ], [ 74.903393593635855, 39.140729157131645 ], [ 74.902970021680261, 39.140289120689502 ], [ 74.902969021680263, 39.140289120689502 ] ] ] ] } },
{ "type": "Feature", "properties": { "ID": 728, "周长": 0.032620172601995685, "面积": 5.4865717629217753e-05, "FEATUREID": "YAAE002C1AJ430010020000102", "CHFCAC": "000102", "CODE": "", "GB": "73020", "HYDC": "", "TN": "", "NAME": "", "fill_color": 25088, "pattern": 855, "pattern_color": 2304, "_src_file": "LDLYAAE002.WP", "_src_id": 101 }, "geometry": { "type": "MultiPolygon", "coordinates": [ [ [ [ 74.897496586857315, 39.142728636697356 ], [ 74.895919299530448, 39.140328102708096 ], [ 74.895279902874634, 39.139611788087244 ], [ 74.894889178884398, 39.139174047144905 ], [ 74.893859129600457, 39.137969804468746 ], [ 74.892829150966804, 39.136715376902821 ], [ 74.891734779163755, 39.135460938738689 ], [ 74.891284472012757, 39.13455774327651 ], [ 74.891156047631014, 39.134005794974144 ], [ 74.891027860839174, 39.133152783804 ], [ 74.891156956835559, 39.132851724411054 ], [ 74.891801404097208, 39.132651031789102 ], [ 74.892961003356049, 39.132801577740651 ], [ 74.894184890741556, 39.133152821345512 ], [ 74.89560178492593, 39.133905463640623 ], [ 74.897018712185229, 39.134658090910207 ], [ 74.898242372001803, 39.135410705704579 ], [ 74.899401492296761, 39.136364019690085 ], [ 74.900689216327848, 39.137768906345642 ], [ 74.901655042920552, 39.138822561821598 ], [ 74.901841131209906, 39.139040080241095 ], [ 74.901841131209906, 39.139040080241095 ], [ 74.902427686332516, 39.139725691913732 ], [ 74.902970021680261, 39.140289120689502 ], [ 74.902969021680263, 39.140289120689502 ], [ 74.902437453123241, 39.140543522622956 ], [ 74.897497586857313, 39.142728636697356 ], [ 74.897496586857315, 39.142728636697356 ] ] ] ] } },
{ "type": "Feature", "properties": { "ID": 734, "周长": 0.098658316715008451, "面积": 0.0002144342849343811, "FEATUREID": "YAAE002C1AJ430010020000103", "CHFCAC": "000103", "CODE": "", "GB": "73020", "HYDC": "", "TN": "", "NAME": "", "fill_color": 29184, "pattern": 855, "pattern_color": 2304, "_src_file": "LDLYAAE002.WP", "_src_id": 102 }, "geometry": { "type": "MultiPolygon", "coordinates": [ [ [ [ 74.972228487313913, 39.135462746596204 ], [ 74.97152785202907, 39.135509587111912 ], [ 74.969358906714049, 39.135513966427943 ], [ 74.968404782736187, 39.135043485584582 ], [ 74.967797545937387, 39.134909730846339 ], [ 74.967363697076905, 39.135045565432875 ], [ 74.966409143821508, 39.135519859692515 ], [ 74.965107376062207, 39.136332256484359 ], [ 74.963545091139537, 39.137550060832488 ], [ 74.962243469352202, 39.137957516536886 ], [ 74.960421531136603, 39.137893567714229 ], [ 74.958513152741872, 39.137289877817466 ], [ 74.956517840494556, 39.137023745749602 ], [ 74.954087448220832, 39.137228477115379 ], [ 74.951135912689821, 39.137635584087349 ], [ 74.949226094800039, 39.138447747103108 ], [ 74.947837112388314, 39.139192035172442 ], [ 74.946274474945511, 39.139463161357888 ], [ 74.944277762220324, 39.139666851311596 ], [ 74.942454676613707, 39.139667622868487 ], [ 74.941673319404615, 39.140141168997488 ], [ 74.940891916164617, 39.141020332301267 ], [ 74.940110520183467, 39.141629075292187 ], [ 74.938895065674828, 39.141899965025431 ], [ 74.937158693777121, 39.142238637872666 ], [ 74.935943196188148, 39.142644701963341 ], [ 74.935595850687434, 39.143118050730877 ], [ 74.935856218215264, 39.143658785332875 ], [ 74.936724353138544, 39.143996489137116 ], [ 74.938460716847743, 39.144131045461798 ], [ 74.940283930571823, 39.143995129054368 ], [ 74.941673072750604, 39.143453741756161 ], [ 74.943062185954645, 39.143047545274953 ], [ 74.944103998978292, 39.143047101518704 ], [ 74.945319439507401, 39.14338458987627 ], [ 74.947402945088811, 39.143924173863397 ], [ 74.949832404986324, 39.143987206583596 ], [ 74.951741445711036, 39.143781219110757 ], [ 74.953824183590569, 39.143304933243442 ], [ 74.956080471201631, 39.142760798313681 ], [ 74.957382054162721, 39.142623353810642 ], [ 74.95955144700774, 39.142214284496745 ], [ 74.961113309810102, 39.142076296109664 ], [ 74.963716284527862, 39.142071217622473 ], [ 74.966492597998041, 39.142470647715463 ], [ 74.969008495437336, 39.143207960206581 ], [ 74.970570246530869, 39.143339784847761 ], [ 74.971611565588717, 39.143067736677942 ], [ 74.972566290695951, 39.142323460686384 ], [ 74.973521172661179, 39.141106780395106 ], [ 74.974562763183712, 39.139957400607926 ], [ 74.975864581287567, 39.138874956522486 ], [ 74.977166291237637, 39.137994954364288 ], [ 74.978251935197065, 39.137363167942581 ], [ 74.978251935197065, 39.137363167942581 ], [ 74.979422426332277, 39.136775515777835 ], [ 74.980463763840476, 39.135963508036006 ], [ 74.981157974592932, 39.135422163556001 ], [ 74.981418388483647, 39.134881732853763 ], [ 74.981071452143368, 39.134545039420459 ], [ 74.980464174093257, 39.134478834001747 ], [ 74.979076072320879, 39.134481750182964 ], [ 74.977774702526702, 39.134551951592911 ], [ 74.975865920432781, 39.134960822677122 ], [ 74.9736100871378, 39.135370372563202 ], [ 74.972228487313913, 39.135462746596204 ] ] ] ] } },
{ "type": "Feature", "properties": { "ID": 735, "周长": 0.074281556228709203, "面积": 0.00016409769177794589, "FEATUREID": "YAAE002C1AJ430010020000104", "CHFCAC": "000104", "CODE": "", "GB": "73020", "HYDC": "", "TN": "", "NAME": "", "fill_color": 32256, "pattern": 855, "pattern_color": 2304, "_src_file": "LDLYAAE002.WP", "_src_id": 103 }, "geometry": { "type": "Polygon", "coordinates": [ [ [ 74.834892068881373, 39.136990819839561 ], [ 74.835599392564276, 39.136398195167388 ], [ 74.836361106536486, 39.135763226757334 ], [ 74.837068206102472, 39.135297315287396 ], [ 74.838155390591268, 39.134999681292001 ], [ 74.839133763789761, 39.134786714024223 ], [ 74.840220422537868, 39.134826987660617 ], [ 74.841198661038007, 39.134698485341723 ], [ 74.841742650487305, 39.134275083363278 ], [ 74.842612893292241, 39.133682116697472 ], [ 74.844407121309203, 39.13287623218438 ], [ 74.846418281831774, 39.132323461254934 ], [ 74.848157563876697, 39.131898873136862 ], [ 74.84967920070855, 39.131685926861103 ], [ 74.850982689131783, 39.132065246449152 ], [ 74.852177128308867, 39.132740695374622 ], [ 74.853317144217101, 39.133500768962051 ], [ 74.854077725154426, 39.133584571250822 ], [ 74.854838745191358, 39.133330045028082 ], [ 74.855274081524655, 39.132822110485222 ], [ 74.855655459911489, 39.132018194565262 ], [ 74.85576510947682, 39.131256852563389 ], [ 74.855494809215614, 39.130199870079736 ], [ 74.855115471149517, 39.129439033654094 ], [ 74.854627311714665, 39.128805181551769 ], [ 74.854301711928102, 39.128509481224476 ], [ 74.853813121226381, 39.128213949490565 ], [ 74.853161205600728, 39.128172324371974 ], [ 74.850010125089568, 39.12809250172198 ], [ 74.846206900695449, 39.128141903390613 ], [ 74.843816089964719, 39.128315303233293 ], [ 74.841533868821898, 39.12853069957422 ], [ 74.839685965963838, 39.128956469724685 ], [ 74.838163901568137, 39.129466105564006 ], [ 74.836750613010281, 39.129891046782284 ], [ 74.834142256104101, 39.130149119337212 ], [ 74.831371159995399, 39.130238453302496 ], [ 74.829523852213541, 39.130241650370436 ], [ 74.828219656753447, 39.130370613044008 ], [ 74.826860262083471, 39.131006545414841 ], [ 74.82544644043567, 39.131684796125619 ], [ 74.824358666013083, 39.132320240860516 ], [ 74.823433585070276, 39.133124366708529 ], [ 74.822834713600685, 39.13380121841417 ], [ 74.822616037052413, 39.13456191937243 ], [ 74.822778005613884, 39.13515302052285 ], [ 74.823374966567968, 39.135574433812884 ], [ 74.823972377746585, 39.135742397365746 ], [ 74.824733019280814, 39.135783362940423 ], [ 74.826145923784793, 39.135696494985773 ], [ 74.828265411406107, 39.135481683176543 ], [ 74.829732152078122, 39.135690365119046 ], [ 74.830872321316434, 39.136237525362539 ], [ 74.832175319398814, 39.136911111324643 ], [ 74.833206988097771, 39.13737395672797 ], [ 74.833967787559516, 39.13733037758697 ], [ 74.834511370976287, 39.137202696420054 ], [ 74.834892068881373, 39.136990819839561 ] ] ] } },
{ "type": "Feature", "properties": { "ID": 736, "周长": 0.45354708659350179, "面积": 0.0019988664708930001, "FEATUREID": "YAAE002C1AJ430010020000105", "CHFCAC": "000105", "CODE": "", "GB": "73020", "HYDC": "", "TN": "", "NAME": "", "fill_color": -31232, "pattern": 855, "pattern_color": 2304, "_src_file": "LDLYAAE002.WP", "_src_id": 104 }, "geometry": { "type": "MultiPolygon", "coordinates": [ [ [ [ 74.74808314767067, 39.087317604306278 ], [ 74.746941884303297, 39.087535178119992 ], [ 74.745869711863406, 39.088360956729581 ], [ 74.744227662104151, 39.089074408166752 ], [ 74.742870706064295, 39.089788728865585 ], [ 74.741014745968812, 39.090501466977244 ], [ 74.739873612941892, 39.090663699809035 ], [ 74.73788301560127, 39.089220326235825 ], [ 74.737244149104413, 39.088499756876615 ], [ 74.736677400162151, 39.087558319986414 ], [ 74.736255075638738, 39.086119885771915 ], [ 74.735976766266219, 39.084294998393069 ], [ 74.735410890527632, 39.083132466646305 ], [ 74.734771899749177, 39.082467154759698 ], [ 74.73413105092979, 39.082299289483871 ], [ 74.733701948933273, 39.082684828948622 ], [ 74.733341412013672, 39.083789131002398 ], [ 74.733267843906575, 39.084396897799593 ], [ 74.732839975390704, 39.084450798381965 ], [ 74.732130766613196, 39.083508884006449 ], [ 74.731704996259509, 39.083010059025227 ], [ 74.731206911763891, 39.082787364748206 ], [ 74.730494160429146, 39.082785066536736 ], [ 74.729280374847406, 39.083333870915034 ], [ 74.728496134080657, 39.083386601126982 ], [ 74.727785079156874, 39.082942110233979 ], [ 74.727217433085912, 39.082276988850182 ], [ 74.726436620894461, 39.081445350698338 ], [ 74.725373306164954, 39.07994951061881 ], [ 74.72480806846923, 39.078676382084481 ], [ 74.72424048726181, 39.07801124820304 ], [ 74.723599488344405, 39.077898596634441 ], [ 74.722171053372648, 39.078667715048887 ], [ 74.720671316332144, 39.079436577491116 ], [ 74.718815403916494, 39.080148965943565 ], [ 74.717031833698769, 39.080585199055484 ], [ 74.715747372167456, 39.080967809993439 ], [ 74.71460366418556, 39.081793059758837 ], [ 74.714457549420359, 39.082676933756005 ], [ 74.714952246406142, 39.083728783716403 ], [ 74.71580311851784, 39.084837096235489 ], [ 74.716298511749628, 39.08572312160554 ], [ 74.7162252411742, 39.086220331928899 ], [ 74.715582846369131, 39.086439268901778 ], [ 74.713160050546151, 39.086265295762388 ], [ 74.710380875342423, 39.086090063390174 ], [ 74.707601942511758, 39.085859488993357 ], [ 74.705251844590819, 39.085353965492125 ], [ 74.701973785704098, 39.085176811268354 ], [ 74.70076207517873, 39.085172597805759 ], [ 74.699193039354313, 39.085388213810987 ], [ 74.697836174879072, 39.085991464590315 ], [ 74.696620896571929, 39.086816288335271 ], [ 74.694977438752943, 39.087750131868042 ], [ 74.693191853249246, 39.088572903812981 ], [ 74.691906398090339, 39.089121066433236 ], [ 74.690762520026098, 39.089890808356174 ], [ 74.690543842051184, 39.090995482554256 ], [ 74.69068181966442, 39.092046159776331 ], [ 74.690252906353535, 39.092320990674942 ], [ 74.68968239038837, 39.092374223064617 ], [ 74.689184370643588, 39.092151349893051 ], [ 74.688474449064088, 39.091485531364789 ], [ 74.688051377472519, 39.090433830122841 ], [ 74.688269849199074, 39.089384431839328 ], [ 74.689058555929066, 39.088337077428498 ], [ 74.690060108062582, 39.087511569051884 ], [ 74.69148930889304, 39.086687578271153 ], [ 74.693133030011808, 39.085698510317599 ], [ 74.694422228982447, 39.084265981956939 ], [ 74.695568589441606, 39.082888209646278 ], [ 74.696644578997976, 39.081289087350456 ], [ 74.697506706195227, 39.079689204125202 ], [ 74.698228371145262, 39.077591365561908 ], [ 74.698665630260933, 39.075326707702217 ], [ 74.699173424420877, 39.073228110603452 ], [ 74.699317620205804, 39.072818231074095 ], [ 74.699678371268774, 39.071792778759686 ], [ 74.699469507129933, 39.070631316371539 ], [ 74.699190089743027, 39.06930378997297 ], [ 74.698623761663441, 39.068417441255754 ], [ 74.697794833778431, 39.068199979413407 ], [ 74.697793833778434, 39.068199979413407 ], [ 74.696278538133043, 39.070074192773447 ], [ 74.689914842247433, 39.079165829604342 ], [ 74.682536458758648, 39.090265831882803 ], [ 74.678669685840248, 39.095231904846244 ], [ 74.679973483063009, 39.095489632850416 ], [ 74.681467285489674, 39.096213636920396 ], [ 74.682746507247259, 39.097102659767259 ], [ 74.683382916606121, 39.098265700209936 ], [ 74.683520801340606, 39.099316381963888 ], [ 74.683660169194567, 39.100035432461738 ], [ 74.684157980063162, 39.100313602405969 ], [ 74.684800597071799, 39.100094837742134 ], [ 74.685588002419436, 39.099379140454616 ], [ 74.685878074250397, 39.098274734957258 ], [ 74.686098073574399, 39.096893711220204 ], [ 74.686387392515158, 39.095955117279615 ], [ 74.686818546201096, 39.095182854003291 ], [ 74.687246998973208, 39.095018578264629 ], [ 74.688456203780646, 39.095630922149773 ], [ 74.689450833014106, 39.096408306070082 ], [ 74.691089500482221, 39.096635250518666 ], [ 74.692729617956189, 39.096530540571003 ], [ 74.693871192575713, 39.096313498940177 ], [ 74.694514456107754, 39.095928866821716 ], [ 74.697153291638273, 39.095661803647495 ], [ 74.698080503470763, 39.095554511429796 ], [ 74.69871973889137, 39.096109477409904 ], [ 74.699285817833569, 39.097106366931051 ], [ 74.699067014757034, 39.098266329601493 ], [ 74.698779265217738, 39.098873321557789 ], [ 74.697493192988745, 39.099532086535064 ], [ 74.6952082916156, 39.100353133613012 ], [ 74.692996790632336, 39.100676941897184 ], [ 74.689501994291717, 39.100996122168183 ], [ 74.685793285592965, 39.101314425416227 ], [ 74.681299072297378, 39.101906110840275 ], [ 74.678161890133552, 39.10194989365305 ], [ 74.676239230745637, 39.101445355015059 ], [ 74.674885167045531, 39.101329800566866 ], [ 74.673018283996555, 39.101324640555241 ], [ 74.670962753115703, 39.101591568165333 ], [ 74.668750326841362, 39.102080730999241 ], [ 74.662044690502782, 39.102993689728486 ], [ 74.662042915924332, 39.103434955073297 ], [ 74.662967544182692, 39.103990066986192 ], [ 74.66460603317968, 39.104327244031403 ], [ 74.666601673669774, 39.104500266940178 ], [ 74.669487558888719, 39.104858592604891 ], [ 74.66980850251916, 39.1048984387592 ], [ 74.673159241431406, 39.104966102007062 ], [ 74.678364130086067, 39.104930174072507 ], [ 74.685622499686033, 39.105410446599556 ], [ 74.687594877078425, 39.105417549941762 ], [ 74.689918678382455, 39.105643867612422 ], [ 74.691609295958955, 39.105649896607915 ], [ 74.69344040645386, 39.105765393068047 ], [ 74.695200695456734, 39.105989606709151 ], [ 74.696202562425327, 39.106358021420654 ], [ 74.696464820838443, 39.106835403431141 ], [ 74.696638142409327, 39.107584732414523 ], [ 74.696634294805605, 39.10867376697616 ], [ 74.696453032635972, 39.110170570675812 ], [ 74.696271762602962, 39.111667371426677 ], [ 74.69617895672441, 39.113028354383012 ], [ 74.695910404351281, 39.11432065215061 ], [ 74.695729836622675, 39.115613257488562 ], [ 74.69519776555056, 39.116768493051154 ], [ 74.694401935274556, 39.117854729528872 ], [ 74.694046550123332, 39.118806387075352 ], [ 74.693692614397236, 39.119349656849728 ], [ 74.693252137823549, 39.119484226422429 ], [ 74.692988878439792, 39.119279097285741 ], [ 74.692905029463731, 39.118121688531147 ], [ 74.693261401687664, 39.116897775130546 ], [ 74.693354269228166, 39.115536797897278 ], [ 74.693182674179425, 39.114311012329281 ], [ 74.692483145052378, 39.113083352967514 ], [ 74.691960841297501, 39.111515991003742 ], [ 74.691876037194262, 39.110630839613769 ], [ 74.691614285114554, 39.110017317877777 ], [ 74.691439049997271, 39.109812498838323 ], [ 74.691175338774457, 39.109743492958884 ], [ 74.690821426854953, 39.110286754955467 ], [ 74.69055402140863, 39.11123871743461 ], [ 74.690285619293661, 39.112462938527202 ], [ 74.689929960168413, 39.113482648008002 ], [ 74.688428599710548, 39.114991729402924 ], [ 74.68763442828903, 39.115601467197386 ], [ 74.686708627254234, 39.116108627729183 ], [ 74.685981177106299, 39.11651439670613 ], [ 74.685319524783736, 39.116971448901189 ], [ 74.684459120885421, 39.117631974546939 ], [ 74.683664316453118, 39.11839482902878 ], [ 74.683002249223549, 39.118953965450551 ], [ 74.682605692554233, 39.119105671933227 ], [ 74.682210278912606, 39.118951086349341 ], [ 74.681882580658382, 39.118337305373423 ], [ 74.681292054096971, 39.117416270319879 ], [ 74.680502019269511, 39.116902895813958 ], [ 74.67964484222162, 39.116695562331458 ], [ 74.678984500151032, 39.116795241067045 ], [ 74.678520790871133, 39.117252981888598 ], [ 74.678516145414335, 39.118478140052218 ], [ 74.678446470904859, 39.119447815614571 ], [ 74.678247123418089, 39.119804426288809 ], [ 74.677851325704154, 39.119751923559321 ], [ 74.677259478627676, 39.119188205601958 ], [ 74.676468865888111, 39.118827948111402 ], [ 74.676072881706844, 39.118826488169816 ], [ 74.675871956347137, 39.11959148061753 ], [ 74.675671383938905, 39.120203505753445 ], [ 74.674876819670459, 39.120507941943941 ], [ 74.672894228603482, 39.120553499031274 ], [ 74.671509919398375, 39.119936300705433 ], [ 74.669795530059702, 39.119267041276593 ], [ 74.668013430407044, 39.118904215598292 ], [ 74.666230225679072, 39.11874579329556 ], [ 74.663718230441106, 39.118943001077895 ], [ 74.66199912927685, 39.119142458590908 ], [ 74.660411604861906, 39.119444492084597 ], [ 74.658889856549806, 39.119797804273432 ], [ 74.656971920706965, 39.120098823554912 ], [ 74.652940791232083, 39.120240314596529 ], [ 74.652109733741042, 39.120178366184561 ], [ 74.646057069317081, 39.123502057011166 ], [ 74.646807768793124, 39.12375673174693 ], [ 74.647724788597046, 39.124320442753167 ], [ 74.647984201534584, 39.124934171084682 ], [ 74.647980102469759, 39.12564967696256 ], [ 74.648041146778581, 39.126467509476932 ], [ 74.648495730447848, 39.127439314374428 ], [ 74.648886048150999, 39.128155470476152 ], [ 74.649013720033878, 39.128820087176912 ], [ 74.648538642230477, 39.131425815879545 ], [ 74.648140986597625, 39.131987348623781 ], [ 74.648005699163917, 39.132651529968392 ], [ 74.648068509756342, 39.133162715927213 ], [ 74.649049941859658, 39.133982063343232 ], [ 74.650559080543744, 39.13449561643651 ], [ 74.65305436344606, 39.135113109128724 ], [ 74.654968690639038, 39.135527664452162 ], [ 74.65642097160962, 39.135838607368079 ], [ 74.657860397977558, 39.136324206322108 ], [ 74.675481895291327, 39.129444593729815 ], [ 74.702056943345085, 39.119131131976296 ], [ 74.709047093107287, 39.113952932510429 ], [ 74.714461722445023, 39.110769461349967 ], [ 74.722156435076187, 39.106819153855589 ], [ 74.726699566227538, 39.1034190849455 ], [ 74.727795101486223, 39.102284238472059 ], [ 74.735337294453743, 39.096325333849713 ], [ 74.737796772258719, 39.094840307622 ], [ 74.742174631751439, 39.091804632558834 ], [ 74.748213577696504, 39.08856275519291 ], [ 74.74921572436736, 39.088124973794905 ], [ 74.749214724367363, 39.088124973794905 ], [ 74.748794763662758, 39.08765142865164 ], [ 74.74808314767067, 39.087317604306278 ] ] ], [ [ [ 74.652109733741042, 39.120178366184561 ], [ 74.652109853262004, 39.120178300552183 ], [ 74.652108853262007, 39.120178300552183 ], [ 74.652109733741042, 39.120178366184561 ] ] ], [ [ [ 74.657860397977558, 39.136324206322108 ], [ 74.657859934427691, 39.136324387296717 ], [ 74.657860934427688, 39.136324387296717 ], [ 74.657860397977558, 39.136324206322108 ] ] ] ] } },
{ "type": "Feature", "properties": { "ID": 738, "周长": 0.10580359019771571, "面积": 0.00023295504530443378, "FEATUREID": "YAAE002C1AJ430010020000106", "CHFCAC": "000106", "CODE": "", "GB": "73020", "HYDC": "", "TN": "", "NAME": "", "fill_color": -20992, "pattern": 855, "pattern_color": 2304, "_src_file": "LDLYAAE002.WP", "_src_id": 105 }, "geometry": { "type": "MultiPolygon", "coordinates": [ [ [ [ 74.918621673479095, 39.133056506440994 ], [ 74.918319204856232, 39.13318077281756 ], [ 74.915429315384813, 39.134432211002107 ], [ 74.915429315384813, 39.134432211002107 ], [ 74.916215665154908, 39.135021094535517 ], [ 74.916314917370016, 39.13509542046878 ], [ 74.917193606430018, 39.135665652511953 ], [ 74.920122549743326, 39.137908625239213 ], [ 74.921245340381589, 39.138821017245874 ], [ 74.922123943929279, 39.139885563691607 ], [ 74.922611931128671, 39.140874144390239 ], [ 74.923051034666173, 39.142052872338205 ], [ 74.923538924655503, 39.143421719759914 ], [ 74.923977945761976, 39.144942685463867 ], [ 74.924514615042952, 39.14661573200744 ], [ 74.925246522612497, 39.148745045215108 ], [ 74.926027563533893, 39.150037748942971 ], [ 74.926955240407253, 39.151026189431981 ], [ 74.928273833325122, 39.151406078652023 ], [ 74.929885549701979, 39.151519676159545 ], [ 74.931008896424387, 39.151481297375483 ], [ 74.93149737243202, 39.15117692503209 ], [ 74.931643975065853, 39.150796609965674 ], [ 74.931692997276528, 39.149960001109712 ], [ 74.931790938961925, 39.148743109550047 ], [ 74.93174228765902, 39.147868504148498 ], [ 74.931449483035678, 39.14684187301777 ], [ 74.931010089124811, 39.146195555762347 ], [ 74.930180335375496, 39.14418038763587 ], [ 74.930571243988084, 39.143229591209895 ], [ 74.93135277982482, 39.142430778030914 ], [ 74.931987750662358, 39.141860168257821 ], [ 74.932329777484426, 39.140947408941244 ], [ 74.932134708387537, 39.139692583534377 ], [ 74.932037297799255, 39.138475751351308 ], [ 74.932379230060917, 39.137943260446939 ], [ 74.932769920846354, 39.137752996081943 ], [ 74.934234900802593, 39.137524337260778 ], [ 74.936871820585608, 39.13725720857439 ], [ 74.938532115709833, 39.136914342675986 ], [ 74.939899413658082, 39.136533543445097 ], [ 74.941510864350604, 39.135962491093117 ], [ 74.942975803044376, 39.135277399130487 ], [ 74.9443918873813, 39.134554281220105 ], [ 74.945759116570756, 39.133793141379925 ], [ 74.946979830753691, 39.133108107851108 ], [ 74.948102867557083, 39.132537184430277 ], [ 74.94947002072125, 39.131966137777674 ], [ 74.951276603291859, 39.131470910371277 ], [ 74.953278460497259, 39.130937530744283 ], [ 74.954386936523051, 39.130302475620383 ], [ 74.954386936523051, 39.130302475620383 ], [ 74.954499030369746, 39.130062280960757 ], [ 74.954254849284126, 39.129568057717066 ], [ 74.95322947000264, 39.129112257153366 ], [ 74.951283348570257, 39.128885874332894 ], [ 74.951283348570257, 39.128885874332894 ], [ 74.94951873764829, 39.12888592290939 ], [ 74.947126304249267, 39.129077172443978 ], [ 74.945173278691783, 39.129496345870798 ], [ 74.942780785939362, 39.130181858992735 ], [ 74.940876502465429, 39.130943181871096 ], [ 74.939802270861691, 39.131399932872718 ], [ 74.938142043185024, 39.132313223811224 ], [ 74.937214224037632, 39.132998057275472 ], [ 74.936384021294472, 39.133834956529363 ], [ 74.935260869388586, 39.134405764572108 ], [ 74.933795894226193, 39.134976678842733 ], [ 74.932233282479046, 39.135319446409312 ], [ 74.930426550916948, 39.135472133585864 ], [ 74.929205833979154, 39.135358427948425 ], [ 74.92798520533357, 39.134940491876051 ], [ 74.927252829529138, 39.134712542047673 ], [ 74.926715761318519, 39.134522559604456 ], [ 74.925739179503438, 39.134522828757326 ], [ 74.924176562641222, 39.134789432214937 ], [ 74.92276046245793, 39.134941898235788 ], [ 74.921539793708831, 39.134752058478675 ], [ 74.920319262802224, 39.134219963615884 ], [ 74.919840923725786, 39.133891942401142 ], [ 74.918622673479092, 39.133056506440994 ], [ 74.918621673479095, 39.133056506440994 ] ] ] ] } },
{ "type": "Feature", "properties": { "ID": 739, "周长": 0.06237396603071993, "面积": 8.9303572225307715e-05, "FEATUREID": "YAAE002C1AJ430010020000107", "CHFCAC": "000107", "CODE": "", "GB": "73020", "HYDC": "", "TN": "", "NAME": "", "fill_color": -15872, "pattern": 855, "pattern_color": 2304, "_src_file": "LDLYAAE002.WP", "_src_id": 106 }, "geometry": { "type": "MultiPolygon", "coordinates": [ [ [ [ 74.918621673479095, 39.133056506440994 ], [ 74.918319204856232, 39.13318077281756 ], [ 74.915429315384813, 39.134432211002107 ], [ 74.915429315384813, 39.134432211002107 ], [ 74.915045777587409, 39.134144982034051 ], [ 74.913825503709688, 39.133194520737639 ], [ 74.912702895286401, 39.132282056580699 ], [ 74.911824490987328, 39.131293491875191 ], [ 74.911141224279817, 39.130685163248124 ], [ 74.910945975489668, 39.130571111269852 ], [ 74.910457515205394, 39.130951450254273 ], [ 74.910164376574755, 39.131293735262894 ], [ 74.909236584636233, 39.131445968788128 ], [ 74.908992615163143, 39.131141783626695 ], [ 74.90894423760011, 39.130305195590005 ], [ 74.908554227491308, 39.129202461904733 ], [ 74.908115465643263, 39.127985650156091 ], [ 74.907627725447725, 39.127073058591485 ], [ 74.906847168211712, 39.125970364259942 ], [ 74.906212905265789, 39.125209890121148 ], [ 74.905725364042127, 39.124031101349011 ], [ 74.905286660774379, 39.122852307210586 ], [ 74.904799131784884, 39.121711541124554 ], [ 74.904213907507639, 39.120684861436615 ], [ 74.903823884273123, 39.119810272307056 ], [ 74.903531296406427, 39.119277917873674 ], [ 74.903385238740256, 39.118631470229559 ], [ 74.903483109039456, 39.118251190870602 ], [ 74.903971425191727, 39.11802298604406 ], [ 74.904606078204026, 39.117984903588962 ], [ 74.905533438049389, 39.118289032860694 ], [ 74.906460650478678, 39.118859341613096 ], [ 74.907387773473388, 39.119619780268486 ], [ 74.908217130398867, 39.12064641376174 ], [ 74.908851293716978, 39.121558985574033 ], [ 74.909729476903635, 39.122661655132539 ], [ 74.910705329311398, 39.123764304910829 ], [ 74.911632524992029, 39.124600763260574 ], [ 74.91241323563591, 39.125513290994995 ], [ 74.913438119865319, 39.126349720285106 ], [ 74.914658358368953, 39.127110049527836 ], [ 74.91534179277825, 39.127338090498306 ], [ 74.917001845881529, 39.127261719335159 ], [ 74.918222463473313, 39.127223444888706 ], [ 74.919052411631171, 39.127375377725635 ], [ 74.919589287429716, 39.1278696113786 ], [ 74.919930854353296, 39.128401915650429 ], [ 74.920077083301422, 39.129048341662312 ], [ 74.919735130077299, 39.129504743330394 ], [ 74.919002611768946, 39.129847145874514 ], [ 74.918221367906924, 39.129923365917016 ], [ 74.917000816656554, 39.129695449364831 ], [ 74.915634014057943, 39.128973198799798 ], [ 74.914511292758135, 39.128402996348356 ], [ 74.913876641371786, 39.128250997762386 ], [ 74.913290726621227, 39.128289124065333 ], [ 74.913192969011334, 39.128517300964759 ], [ 74.913339207346027, 39.129011629780038 ], [ 74.914217710759672, 39.129772021751137 ], [ 74.915584346549196, 39.130874558284141 ], [ 74.917048678161109, 39.13197706259529 ], [ 74.918622673479092, 39.133056506440994 ], [ 74.918621673479095, 39.133056506440994 ] ] ] ] } },
{ "type": "Feature", "properties": { "ID": 744, "周长": 0.023646344586246537, "面积": 3.5298004510422865e-05, "FEATUREID": "YAAE002C1AJ430010020000108", "CHFCAC": "000108", "CODE": "", "GB": "73020", "HYDC": "", "TN": "", "NAME": "", "fill_color": -12800, "pattern": 855, "pattern_color": 2304, "_src_file": "LDLYAAE002.WP", "_src_id": 107 }, "geometry": { "type": "MultiPolygon", "coordinates": [ [ [ [ 74.944069549876559, 39.12406615440571 ], [ 74.94409931470959, 39.124553293552786 ], [ 74.944196928940087, 39.125351819507124 ], [ 74.944538640327536, 39.126720645840898 ], [ 74.945270971557974, 39.127823112497992 ], [ 74.945954504811922, 39.128355187622653 ], [ 74.946638053993354, 39.128354881026702 ], [ 74.94722394962443, 39.127974344275735 ], [ 74.94795631035359, 39.127441629241247 ], [ 74.948435397064173, 39.1270617119064 ], [ 74.948435397064173, 39.1270617119064 ], [ 74.950739167720911, 39.125234735083822 ], [ 74.951325021070161, 39.124892204489143 ], [ 74.952594329832053, 39.123978924270475 ], [ 74.952691929163251, 39.123446495712443 ], [ 74.952594242688775, 39.122914165668313 ], [ 74.952301287879564, 39.122534039474139 ], [ 74.951715417320358, 39.122230115823442 ], [ 74.950983101543841, 39.122078368669627 ], [ 74.950104333879025, 39.122078795261039 ], [ 74.948200335142204, 39.122193777498644 ], [ 74.945661658147614, 39.122651256396715 ], [ 74.944441118560007, 39.123184169431447 ], [ 74.944050525057847, 39.123754745814374 ], [ 74.944069549876559, 39.12406615440571 ] ] ] ] } },
{ "type": "Feature", "properties": { "ID": 745, "周长": 0.02106797271955712, "面积": 2.1812483329261326e-05, "FEATUREID": "YAAE002C1AJ430010020000109", "CHFCAC": "000109", "CODE": "", "GB": "73020", "HYDC": "", "TN": "", "NAME": "", "fill_color": -9728, "pattern": 855, "pattern_color": 2304, "_src_file": "LDLYAAE002.WP", "_src_id": 108 }, "geometry": { "type": "MultiPolygon", "coordinates": [ [ [ [ 74.827737810956094, 39.125652739254207 ], [ 74.827305122188037, 39.125633248926732 ], [ 74.820524708361035, 39.126386765608856 ], [ 74.820523708361037, 39.126386765608856 ], [ 74.820618433524047, 39.127384275504951 ], [ 74.820290712084812, 39.128356354868615 ], [ 74.819963057327087, 39.129286193102033 ], [ 74.820070660161605, 39.129877387935167 ], [ 74.82045053165956, 39.130130209761539 ], [ 74.82104804007939, 39.130213706043747 ], [ 74.821482700872807, 39.130212989886246 ], [ 74.82273316636504, 39.129746264167615 ], [ 74.823657990313365, 39.1290688656848 ], [ 74.824528395943048, 39.128433793662992 ], [ 74.825833067869965, 39.128009185106187 ], [ 74.826974302413234, 39.127838285048341 ], [ 74.827572795980657, 39.127330373647574 ], [ 74.827845444454042, 39.126738536130745 ], [ 74.827954957276035, 39.12623145777011 ], [ 74.827955524937963, 39.125893528243886 ], [ 74.827738810956092, 39.125652739254207 ], [ 74.827737810956094, 39.125652739254207 ] ] ] ] } },
{ "type": "Feature", "properties": { "ID": 746, "周长": 0.086761223773240886, "面积": 0.00017855210736831932, "FEATUREID": "YAAE002C1AJ430010020000110", "CHFCAC": "000110", "CODE": "", "GB": "73020", "HYDC": "", "TN": "", "NAME": "", "fill_color": -6656, "pattern": 855, "pattern_color": 2304, "_src_file": "LDLYAAE002.WP", "_src_id": 109 }, "geometry": { "type": "MultiPolygon", "coordinates": [ [ [ [ 74.827737810956094, 39.125652739254207 ], [ 74.826654633523717, 39.124713000031413 ], [ 74.826165975229827, 39.123953490844222 ], [ 74.826167842337313, 39.123446598647099 ], [ 74.826168778545878, 39.122897464065417 ], [ 74.826439918583844, 39.122601316743975 ], [ 74.826873675802659, 39.122516095694216 ], [ 74.827471839803991, 39.12276852388198 ], [ 74.828395335811607, 39.123400560994455 ], [ 74.829369822021548, 39.124243704074054 ], [ 74.830186116415291, 39.124622467402148 ], [ 74.830783517848801, 39.124748153863656 ], [ 74.831489268283562, 39.124451240030737 ], [ 74.832303806848941, 39.124069649033999 ], [ 74.833610486945958, 39.123560470406552 ], [ 74.834533659680616, 39.12317867421806 ], [ 74.834859022386027, 39.122924650983961 ], [ 74.83485955986383, 39.122586721164573 ], [ 74.834590194788746, 39.12241823809326 ], [ 74.834153850825288, 39.122250040560964 ], [ 74.831873757187836, 39.121873871165832 ], [ 74.830515297088468, 39.12145382026025 ], [ 74.828887792085837, 39.120696292287654 ], [ 74.828019792712439, 39.119979685400672 ], [ 74.82720742281937, 39.11909401193784 ], [ 74.826665262114588, 39.118461321899133 ], [ 74.825797096013716, 39.117871418655561 ], [ 74.824657331773921, 39.117281967667701 ], [ 74.823246200305107, 39.116566236113641 ], [ 74.821887340831537, 39.115892639443331 ], [ 74.820803964428677, 39.115303060321018 ], [ 74.819337436624011, 39.114671851546888 ], [ 74.817763139204899, 39.114125286117684 ], [ 74.816459231221302, 39.113704983029464 ], [ 74.815101941299801, 39.113326995025623 ], [ 74.814125981181391, 39.112906144208701 ], [ 74.8133127513983, 39.112611750994176 ], [ 74.812335086811345, 39.112571055358387 ], [ 74.811137664499967, 39.11278413858863 ], [ 74.809779537407366, 39.113377634025667 ], [ 74.809017827344647, 39.114012428940548 ], [ 74.808528293458394, 39.114858007754137 ], [ 74.808199464721497, 39.115830054952575 ], [ 74.807761565975767, 39.117013473673239 ], [ 74.807435966180364, 39.117858795813767 ], [ 74.807215340729144, 39.118534987276334 ], [ 74.807323904231126, 39.119083954591012 ], [ 74.807758998589051, 39.119336734376716 ], [ 74.808247833291517, 39.11937822140488 ], [ 74.809008618350674, 39.119250324452523 ], [ 74.809659329886628, 39.118826902414632 ], [ 74.810205466652917, 39.118361406535406 ], [ 74.810801918672169, 39.117895820591606 ], [ 74.811563977581471, 39.117092049613596 ], [ 74.81270843323027, 39.116203191072564 ], [ 74.813470210642592, 39.115526127646213 ], [ 74.814122544397435, 39.1152716451749 ], [ 74.814774476613394, 39.1152283663696 ], [ 74.815534813700609, 39.115311629441102 ], [ 74.816511893154043, 39.115690228268768 ], [ 74.817541918386397, 39.116279935628043 ], [ 74.817868078815621, 39.116701817333997 ], [ 74.817865386250233, 39.117081987342068 ], [ 74.817593003256661, 39.117504839723487 ], [ 74.816995599118201, 39.117970458424217 ], [ 74.81617973697368, 39.118520905328253 ], [ 74.8150930039249, 39.119198507654062 ], [ 74.814439771174591, 39.119917647489423 ], [ 74.814058626038261, 39.120382902937841 ], [ 74.813947784931443, 39.121016693260053 ], [ 74.813784296025148, 39.121819532547036 ], [ 74.813563639279877, 39.122537975634437 ], [ 74.813291489238694, 39.123340984710488 ], [ 74.81318107814738, 39.124270461057655 ], [ 74.813234568424775, 39.125241918250843 ], [ 74.813450211511636, 39.126128635971725 ], [ 74.81410105283453, 39.126718973017795 ], [ 74.814859961103068, 39.127097929843075 ], [ 74.81534793508844, 39.127097149399198 ], [ 74.816435772652596, 39.126968679868369 ], [ 74.817305363603069, 39.126798311077032 ], [ 74.818229433040429, 39.126543367038167 ], [ 74.819371349660088, 39.125992371942004 ], [ 74.820023450424443, 39.125906821776432 ], [ 74.820350201113172, 39.126033008908074 ], [ 74.820524708361035, 39.126386765608856 ], [ 74.820524708361035, 39.126386765608856 ], [ 74.827305122188037, 39.125633248926732 ], [ 74.827737810956094, 39.125652739254207 ] ] ] ] } },
{ "type": "Feature", "properties": { "ID": 749, "周长": 0.039678079745445217, "面积": 5.8086006299836249e-05, "FEATUREID": "YAAE002C1AJ430010020000111", "CHFCAC": "000111", "CODE": "", "GB": "73020", "HYDC": "", "TN": "", "NAME": "", "fill_color": -3584, "pattern": 855, "pattern_color": 2304, "_src_file": "LDLYAAE002.WP", "_src_id": 110 }, "geometry": { "type": "Polygon", "coordinates": [ [ [ 74.929551392081379, 39.124178370732402 ], [ 74.929939856798327, 39.124634576534362 ], [ 74.930381158376235, 39.125052738136716 ], [ 74.930281443219059, 39.1253569857844 ], [ 74.930037302555959, 39.125471143434581 ], [ 74.928330462402968, 39.12562376707799 ], [ 74.926669438685963, 39.125776353598503 ], [ 74.925595330105011, 39.125776650268712 ], [ 74.924375888158764, 39.125358675881891 ], [ 74.923106739818778, 39.12463648562656 ], [ 74.922179407826974, 39.123800118397043 ], [ 74.921252170687779, 39.122773608690466 ], [ 74.920422582775501, 39.121785095080412 ], [ 74.91949536588838, 39.120834625123393 ], [ 74.918568203646032, 39.119808093624023 ], [ 74.917787525126911, 39.118781522865014 ], [ 74.917103487169612, 39.117792955397306 ], [ 74.916469168129495, 39.117070565236887 ], [ 74.915494199431535, 39.116234151729152 ], [ 74.914811043464681, 39.115625843154824 ], [ 74.91476141848166, 39.115207552761873 ], [ 74.915053414937589, 39.114979338543343 ], [ 74.915494772520702, 39.114941229961616 ], [ 74.916029694366784, 39.11505521045865 ], [ 74.917005913095764, 39.115283184645008 ], [ 74.91832581626656, 39.115587133893548 ], [ 74.9195938422762, 39.116081214842715 ], [ 74.920569956818156, 39.116651402557359 ], [ 74.921497216071117, 39.117373702384199 ], [ 74.922376688608239, 39.118057978020836 ], [ 74.923155490700665, 39.11889438309727 ], [ 74.923889494541541, 39.119730793765427 ], [ 74.924816779104574, 39.120605174960708 ], [ 74.925693323861111, 39.121289427531998 ], [ 74.926427470532261, 39.121821603639759 ], [ 74.927208467192642, 39.122277708802798 ], [ 74.929551392081379, 39.124178370732402 ] ] ] } },
{ "type": "Feature", "properties": { "ID": 750, "周长": 0.034101429005133174, "面积": 4.4342739575618795e-05, "FEATUREID": "YAAE002C1AJ430010020000112", "CHFCAC": "000112", "CODE": "", "GB": "73020", "HYDC": "", "TN": "", "NAME": "", "fill_color": -1536, "pattern": 855, "pattern_color": 2304, "_src_file": "LDLYAAE002.WP", "_src_id": 111 }, "geometry": { "type": "MultiPolygon", "coordinates": [ [ [ [ 74.652108853262007, 39.120178300552183 ], [ 74.650838351856237, 39.120083581634866 ], [ 74.64748972144784, 39.11946477852527 ], [ 74.64460124213484, 39.118846654740672 ], [ 74.642106876914369, 39.118280237430895 ], [ 74.639546824028301, 39.117713655993626 ], [ 74.637969396162916, 39.117710922924395 ], [ 74.637114356352598, 39.117811646602185 ], [ 74.636781810497951, 39.11847547242359 ], [ 74.636776996095804, 39.119293194230153 ], [ 74.637232880602895, 39.120009506545685 ], [ 74.638018618812907, 39.120521957774599 ], [ 74.639856036453693, 39.121036220832288 ], [ 74.641562020792193, 39.121550231015512 ], [ 74.643069654929789, 39.122268312844575 ], [ 74.644839651399849, 39.123089032369514 ], [ 74.646057069317081, 39.123502057011166 ], [ 74.646057069317081, 39.123502057011166 ], [ 74.652109853262004, 39.120178300552183 ], [ 74.652108853262007, 39.120178300552183 ] ] ] ] } },
{ "type": "Feature", "properties": { "ID": 764, "周长": 0.13740873326589831, "面积": 0.00021799476765832146, "FEATUREID": "YAAE002C1AJ430010020000113", "CHFCAC": "000113", "CODE": "", "GB": "73020", "HYDC": "", "TN": "", "NAME": "", "fill_color": 1536, "pattern": 856, "pattern_color": 2304, "_src_file": "LDLYAAE002.WP", "_src_id": 112 }, "geometry": { "type": "MultiPolygon", "coordinates": [ [ [ [ 74.697793833778434, 39.068199979413407 ], [ 74.697793747610021, 39.06820008599194 ], [ 74.697794833778431, 39.068199979413407 ], [ 74.697793833778434, 39.068199979413407 ] ] ], [ [ [ 74.695875003701858, 39.068868309991373 ], [ 74.695556721174256, 39.069069940266175 ], [ 74.694625086035984, 39.070282656076969 ], [ 74.694051409870426, 39.071109721683307 ], [ 74.693763968132458, 39.071661432969059 ], [ 74.693263209481046, 39.072101840391973 ], [ 74.692549369253143, 39.072375672087816 ], [ 74.691836247566556, 39.072483683012969 ], [ 74.690837582479659, 39.072701215699681 ], [ 74.689553851100172, 39.072917720053894 ], [ 74.688555658895822, 39.073024690421086 ], [ 74.687343670149573, 39.073130883305225 ], [ 74.686060655241434, 39.073181532842582 ], [ 74.685061717225594, 39.073454289510416 ], [ 74.683562925610758, 39.073946315360303 ], [ 74.681850313000368, 39.074437542799053 ], [ 74.680209940964559, 39.074707916040701 ], [ 74.678641577844118, 39.074812714026493 ], [ 74.677143720878931, 39.075083569602121 ], [ 74.676287255563878, 39.075356773652182 ], [ 74.675784844915228, 39.076128739473006 ], [ 74.675639776630135, 39.076680931743596 ], [ 74.675776241832125, 39.07800798657982 ], [ 74.676483634690214, 39.079171328473592 ], [ 74.677547163332093, 39.080391251928781 ], [ 74.678185347707625, 39.081112146601178 ], [ 74.679320205503529, 39.082332315703027 ], [ 74.68031255530606, 39.083551952335519 ], [ 74.68088201079253, 39.083719852541421 ], [ 74.681381188238944, 39.083666402832101 ], [ 74.681669272364815, 39.083004179113885 ], [ 74.681958840102098, 39.082010322700405 ], [ 74.682604269300782, 39.081128307167226 ], [ 74.683248940929289, 39.080412103877777 ], [ 74.68446450693834, 39.079532147502562 ], [ 74.685466971659565, 39.078485589670493 ], [ 74.686114773783586, 39.077050831880946 ], [ 74.686476500159515, 39.075836132487474 ], [ 74.68712328098313, 39.074622458080874 ], [ 74.688194712510878, 39.074073580783185 ], [ 74.689693717116924, 39.073526223939481 ], [ 74.690620408551553, 39.073474263122229 ], [ 74.691617401297421, 39.073643634173287 ], [ 74.692255909105768, 39.074309181650953 ], [ 74.692251104683564, 39.075414624491287 ], [ 74.69146162733206, 39.076683091178317 ], [ 74.690602059140204, 39.077674938909574 ], [ 74.689458594939097, 39.078389398934874 ], [ 74.688243107431688, 39.079269407868559 ], [ 74.687168180178674, 39.080592093936971 ], [ 74.686236251947449, 39.081804739134903 ], [ 74.685089728250915, 39.083182419283702 ], [ 74.684513616948294, 39.084506883029434 ], [ 74.683941430432895, 39.084946990660761 ], [ 74.682512425433572, 39.085715620007726 ], [ 74.680798274956217, 39.08648318798501 ], [ 74.678727691207726, 39.087249424806252 ], [ 74.676801138079014, 39.087684516776399 ], [ 74.673236144432238, 39.087892407417634 ], [ 74.671168774939133, 39.087939973508909 ], [ 74.669456512565375, 39.088265200353163 ], [ 74.668029616328383, 39.088536204203294 ], [ 74.667030392999735, 39.088808804453429 ], [ 74.666672428447981, 39.089139090620257 ], [ 74.666810048249118, 39.090189792637467 ], [ 74.667658944333084, 39.091574812197948 ], [ 74.668293240805525, 39.093124834435841 ], [ 74.668497519343077, 39.095170694150291 ], [ 74.668843607981358, 39.097382903778616 ], [ 74.668981016729475, 39.098488872959052 ], [ 74.669265401659516, 39.098655758693539 ], [ 74.669764950740188, 39.098547088335117 ], [ 74.670481715354711, 39.09772068192369 ], [ 74.671342069073546, 39.096673717134514 ], [ 74.672701662143552, 39.095573331383108 ], [ 74.674486390075003, 39.09502723580848 ], [ 74.676554217227419, 39.094924338485633 ], [ 74.678264094410395, 39.095151725967781 ], [ 74.678669685840248, 39.095231904846244 ], [ 74.682536458758648, 39.090265831882803 ], [ 74.689914842247433, 39.079165829604342 ], [ 74.696278538133043, 39.070074192773447 ], [ 74.697793747610021, 39.06820008599194 ], [ 74.696771469572624, 39.068300395382231 ], [ 74.695875003701858, 39.068868309991373 ] ] ] ] } },
{ "type": "Feature", "properties": { "ID": 785, "周长": 0.050045152731079789, "面积": 9.9200049388301417e-05, "FEATUREID": "YAAE002C1AJ430010020000114", "CHFCAC": "000114", "CODE": "", "GB": "73020", "HYDC": "", "TN": "", "NAME": "", "fill_color": 5632, "pattern": 856, "pattern_color": 2304, "_src_file": "LDLYAAE002.WP", "_src_id": 113 }, "geometry": { "type": "Polygon", "coordinates": [ [ [ 74.668428771503216, 39.077867261284077 ], [ 74.668756842397372, 39.07756449414952 ], [ 74.670197398094956, 39.076860569531 ], [ 74.670787713918216, 39.076356113643996 ], [ 74.671574238648915, 39.075801722986618 ], [ 74.67294823157043, 39.075350845808877 ], [ 74.674322207097561, 39.074899952332345 ], [ 74.674846686068264, 39.07449656479735 ], [ 74.6749803628759, 39.073838398160106 ], [ 74.674854129048228, 39.07287526889165 ], [ 74.674728596286684, 39.071760142733091 ], [ 74.674928289266802, 39.0709502199309 ], [ 74.675321393739239, 39.070698342893252 ], [ 74.676105967487786, 39.070549244400482 ], [ 74.677087662747937, 39.070147534264414 ], [ 74.677219922735162, 39.06979335784365 ], [ 74.677221771825089, 39.069388031803868 ], [ 74.677027420592339, 39.069032651586703 ], [ 74.676440451862618, 39.068827820696725 ], [ 74.675329985465623, 39.068823716528961 ], [ 74.674806946422493, 39.068923113456279 ], [ 74.67363069094921, 39.069020082748295 ], [ 74.672323552612824, 39.06916721783697 ], [ 74.671211435932491, 39.069517733976959 ], [ 74.670034455293091, 39.069766663514372 ], [ 74.66833654968076, 39.069658959255506 ], [ 74.667227974631743, 39.069249452213164 ], [ 74.666186404018916, 39.068485525317492 ], [ 74.66527478075362, 39.067874080087613 ], [ 74.664296650859157, 39.067515705772266 ], [ 74.663382649953775, 39.067410901734291 ], [ 74.661944878442682, 39.067557424047102 ], [ 74.660833948836768, 39.067654514442218 ], [ 74.659918976071353, 39.067752343758521 ], [ 74.659395683225696, 39.067902335522412 ], [ 74.659067617569022, 39.068205074592179 ], [ 74.659065908474972, 39.068559733733807 ], [ 74.659195821752661, 39.068712231404007 ], [ 74.659847819763243, 39.068968064213188 ], [ 74.66082618648916, 39.069275809497377 ], [ 74.66128174363412, 39.069632216509213 ], [ 74.661214241983245, 39.070087955317042 ], [ 74.661080444737479, 39.070746108318438 ], [ 74.660750189915206, 39.071504841177116 ], [ 74.660747276183614, 39.072112826744366 ], [ 74.660811387499578, 39.072366404121361 ], [ 74.661462698734169, 39.072774224293923 ], [ 74.662506211438298, 39.073132869937872 ], [ 74.663941689171665, 39.073492996767406 ], [ 74.664920618365898, 39.073699375386177 ], [ 74.665376463784327, 39.074005100127096 ], [ 74.665636093081346, 39.074360747384361 ], [ 74.665959382165312, 39.075071301014376 ], [ 74.666087409021912, 39.075629113880197 ], [ 74.6660864538715, 39.075831776463893 ], [ 74.666083346685141, 39.076490428114823 ], [ 74.666406172700277, 39.077302308197901 ], [ 74.666729956544671, 39.077911527032455 ], [ 74.667120269088784, 39.078267663547891 ], [ 74.667577582667107, 39.078269386972529 ], [ 74.667839138976873, 39.078219706384452 ], [ 74.668100935183261, 39.078119359017691 ], [ 74.668428771503216, 39.077867261284077 ] ] ] } },
{ "type": "Feature", "properties": { "ID": 791, "周长": 0.33809367452774086, "面积": 0.0016205749978842054, "FEATUREID": "YAAE002C1AJ430010020000115", "CHFCAC": "000115", "CODE": "", "GB": "73020", "HYDC": "", "TN": "", "NAME": "", "fill_color": 7680, "pattern": 856, "pattern_color": 2304, "_src_file": "LDLYAAE002.WP", "_src_id": 114 }, "geometry": { "type": "MultiPolygon", "coordinates": [ [ [ [ 73.720779601714867, 39.068204724338827 ], [ 73.722662434875105, 39.068147810864275 ], [ 73.724493563232713, 39.068140832993045 ], [ 73.726553404206811, 39.06836601044418 ], [ 73.728239530338541, 39.067726888911018 ], [ 73.730070491427725, 39.06726495965637 ], [ 73.731237856808718, 39.066174288238955 ], [ 73.730498107408735, 39.064860193913105 ], [ 73.730848894912768, 39.063256229316217 ], [ 73.730994058626948, 39.061884213119718 ], [ 73.731421090182906, 39.060335117858514 ], [ 73.732298679938225, 39.059128690637444 ], [ 73.73309200246419, 39.057525024004711 ], [ 73.734259475167391, 39.05637577474026 ], [ 73.735205471510312, 39.05476924612325 ], [ 73.735930417122077, 39.053511592934527 ], [ 73.736586668705584, 39.052136098836442 ], [ 73.736723827419851, 39.050759479737138 ], [ 73.737006228814792, 39.049213299046976 ], [ 73.736708687008658, 39.047840979816414 ], [ 73.736113895526813, 39.046357349115262 ], [ 73.735518695208995, 39.045040348262958 ], [ 73.734549780129697, 39.043327473053814 ], [ 73.734099494874812, 39.041840898094719 ], [ 73.733947068703245, 39.040411597503756 ], [ 73.733573097040363, 39.038696163437919 ], [ 73.733779083389479, 39.037266252109958 ], [ 73.734137808212054, 39.035892038185033 ], [ 73.735015393531071, 39.034685583650202 ], [ 73.736922834427673, 39.034336959465612 ], [ 73.738677434606046, 39.03409924419536 ], [ 73.740440027401618, 39.033694950853494 ], [ 73.741530892103924, 39.032603340108572 ], [ 73.74247718378551, 39.031339023025502 ], [ 73.743202011911364, 39.029964221923827 ], [ 73.744293095941131, 39.028814040317044 ], [ 73.745315239360806, 39.027437922176773 ], [ 73.746482736271048, 39.026288538907089 ], [ 73.748092607442643, 39.025711351533594 ], [ 73.749778770617695, 39.025247548378779 ], [ 73.751830750619291, 39.025012818235496 ], [ 73.75366184829268, 39.025005377694555 ], [ 73.755424400951085, 39.025285409113351 ], [ 73.757110423055067, 39.025794284348706 ], [ 73.758735580202824, 39.026586216141546 ], [ 73.760063187451962, 39.027784792907418 ], [ 73.761459131651293, 39.028749890862571 ], [ 73.763000424099076, 39.029432785284186 ], [ 73.764915262649325, 39.029597194152011 ], [ 73.766525368185171, 39.028961206126375 ], [ 73.767837577013566, 39.028042823815817 ], [ 73.769073479133851, 39.02700652631632 ], [ 73.770538533252719, 39.026197813599289 ], [ 73.772293174561298, 39.025792954467825 ], [ 73.774353057505834, 39.026183917256198 ], [ 73.776558295450485, 39.026517819956965 ], [ 73.778320559073123, 39.026968640504194 ], [ 73.780304157115367, 39.027246108048516 ], [ 73.782356470113598, 39.027641354220378 ], [ 73.784485015581964, 39.028032855283101 ], [ 73.785957489772699, 39.028827319330745 ], [ 73.786697464197914, 39.03008252912818 ], [ 73.786934143118003, 39.031458600310394 ], [ 73.78694164791527, 39.033003427232366 ], [ 73.786361879436669, 39.034321465173619 ], [ 73.786300900629627, 39.03592412495447 ], [ 73.78659954852337, 39.036910818864364 ], [ 73.78659954852337, 39.036910818864364 ], [ 73.785321067076723, 39.03717927548918 ], [ 73.783093194562483, 39.037969653626263 ], [ 73.781332131201282, 39.038856298992172 ], [ 73.77887065136234, 39.039734561784833 ], [ 73.777112662676274, 39.040348895125732 ], [ 73.775691614032141, 39.041419451396102 ], [ 73.774385403785459, 39.04258226765436 ], [ 73.773315985274138, 39.043657314631758 ], [ 73.771131787438108, 39.045013145448429 ], [ 73.769898124480306, 39.045609860261095 ], [ 73.768573685113665, 39.046273472577298 ], [ 73.767339727734381, 39.046734129648783 ], [ 73.76664167555559, 39.046725301953927 ], [ 73.76612501703741, 39.046242578920733 ], [ 73.766054770691056, 39.045493320851769 ], [ 73.766954693071455, 39.044212093855862 ], [ 73.767855957581133, 39.042862845303603 ], [ 73.768570078742485, 39.042123510554411 ], [ 73.76884393691752, 39.041446675391335 ], [ 73.768765426399042, 39.041105503488275 ], [ 73.76788793229926, 39.041230506557653 ], [ 73.766399435050516, 39.041415790107045 ], [ 73.765178936229162, 39.04126430179646 ], [ 73.76380160716046, 39.040226405213886 ], [ 73.762425695664078, 39.039120479097392 ], [ 73.761125537431482, 39.038491741375886 ], [ 73.76042380711435, 39.038618905099028 ], [ 73.760237632675427, 39.039228812586551 ], [ 73.760736633890772, 39.040527729152089 ], [ 73.760979809868246, 39.041415234435433 ], [ 73.760707020080517, 39.041888006620617 ], [ 73.760091248649516, 39.042084289938607 ], [ 73.758791290787329, 39.041591555429065 ], [ 73.757411283885787, 39.040689612017324 ], [ 73.75569151801669, 39.0393071090704 ], [ 73.754843134843782, 39.03800372555007 ], [ 73.754343486022265, 39.036840814627645 ], [ 73.753917736480275, 39.03629113916039 ], [ 73.752879032296107, 39.035801678907326 ], [ 73.752347495705763, 39.036203076835228 ], [ 73.752242074840751, 39.03708614160773 ], [ 73.752221634695331, 39.03803833227996 ], [ 73.752117986018106, 39.038785369712549 ], [ 73.751236546307993, 39.03925031476777 ], [ 73.748869940124536, 39.039492234474018 ], [ 73.746249778372984, 39.039458692623192 ], [ 73.745926700708267, 39.039488876718025 ], [ 73.745926700708267, 39.039488876718025 ], [ 73.74432440759395, 39.039638100505577 ], [ 73.743269750170455, 39.039828689475229 ], [ 73.743263364768211, 39.040236770798849 ], [ 73.744213293089587, 39.040793208572559 ], [ 73.745418382974961, 39.041693065439837 ], [ 73.746364166679186, 39.042453525862868 ], [ 73.746439781999257, 39.042930740146943 ], [ 73.746251082585388, 39.043608635831717 ], [ 73.745895202135202, 39.04401224104862 ], [ 73.745889016447578, 39.044216280659477 ], [ 73.745537320505534, 39.044415842852651 ], [ 73.744745332840367, 39.044677816907544 ], [ 73.743425670669154, 39.045001074440066 ], [ 73.742893011294299, 39.045402424315533 ], [ 73.742791251822922, 39.046149450824494 ], [ 73.743291375517416, 39.0473804206121 ], [ 73.744669329111375, 39.048282529350679 ], [ 73.745890502355209, 39.048502246535477 ], [ 73.747123624058815, 39.048041819193628 ], [ 73.748267347761882, 39.047580260475087 ], [ 73.749757019022084, 39.04739520937239 ], [ 73.751149179298025, 39.047753134231151 ], [ 73.752366587905357, 39.048108812807271 ], [ 73.753404077231977, 39.048666292853518 ], [ 73.754261266138982, 39.049493592557184 ], [ 73.754489514802884, 39.051061245125645 ], [ 73.754172470676963, 39.053846462497816 ], [ 73.753983198966083, 39.054456359108968 ], [ 73.753533751779401, 39.055062912806811 ], [ 73.752826899776309, 39.055530093920702 ], [ 73.751507677647595, 39.0559214504568 ], [ 73.750367401940537, 39.056110985730655 ], [ 73.750095483029327, 39.056583732186944 ], [ 73.750781110480787, 39.057204781600333 ], [ 73.752079124113024, 39.057901649847963 ], [ 73.752415198115969, 39.058518229980933 ], [ 73.751791917756819, 39.059122545385222 ], [ 73.750553848334803, 39.059719047149649 ], [ 73.747297848093083, 39.060765917375313 ], [ 73.746853488230528, 39.061168401731187 ], [ 73.74666852907076, 39.061710271483712 ], [ 73.747273746693423, 39.061990156622187 ], [ 73.748931556120723, 39.06214742712956 ], [ 73.750590376458007, 39.06230467195995 ], [ 73.751286796818817, 39.062449626875015 ], [ 73.753244672609043, 39.063773449912247 ], [ 73.755525594185329, 39.064940505797566 ], [ 73.757802003023684, 39.066597137727996 ], [ 73.75902578093401, 39.068405791517428 ], [ 73.759216147498961, 39.069550468258512 ], [ 73.759344786690363, 39.070307762719288 ], [ 73.75950715774762, 39.070922102447696 ], [ 73.759397996605131, 39.071941195667527 ], [ 73.75893740912683, 39.073091875480749 ], [ 73.758654022537925, 39.074176761589598 ], [ 73.758443582081782, 39.075874876312305 ], [ 73.758241054019095, 39.077232924234742 ], [ 73.757953866143211, 39.078453833695626 ], [ 73.757403017479987, 39.079739419867607 ], [ 73.756599584221618, 39.080545574158393 ], [ 73.752607550217604, 39.083284006296509 ], [ 73.751287415960036, 39.083743365261817 ], [ 73.750856851262427, 39.083465730294058 ], [ 73.750783739223053, 39.082716469458219 ], [ 73.750898611354529, 39.081425334479626 ], [ 73.751453158293728, 39.079867729813522 ], [ 73.752101269844189, 39.078107194072281 ], [ 73.752133862007781, 39.076610903836922 ], [ 73.751803662718544, 39.075654256161499 ], [ 73.75139340429169, 39.074288411053146 ], [ 73.750983158051653, 39.07292256667268 ], [ 73.750736837136216, 39.072239084479257 ], [ 73.750137191115485, 39.07220614309032 ], [ 73.749527967280329, 39.072548452995065 ], [ 73.749096780087001, 39.073359988086899 ], [ 73.748853676803336, 39.075153005481795 ], [ 73.747573331250365, 39.076608361428143 ], [ 73.745035400145355, 39.077886977249555 ], [ 73.74439761347314, 39.078533033136587 ], [ 73.744361986744167, 39.079249720298435 ], [ 73.744649319706582, 39.080205593708982 ], [ 73.745095727569591, 39.080865942356532 ], [ 73.745923528036357, 39.081531191184368 ], [ 73.746525575833161, 39.082015003925541 ], [ 73.747955692820895, 39.08310454997541 ], [ 73.748091348663408, 39.083998961075281 ], [ 73.747847485884861, 39.084650492295694 ], [ 73.747536459583188, 39.084944061565487 ], [ 73.746615024537135, 39.085110802499813 ], [ 73.745161103427009, 39.08503268679366 ], [ 73.743483193853692, 39.084832615269498 ], [ 73.741585658564901, 39.084153597024759 ], [ 73.740376698398848, 39.083423905031367 ], [ 73.739629089565284, 39.082581113664553 ], [ 73.73903590597169, 39.081621290602335 ], [ 73.738445195665122, 39.080542472487082 ], [ 73.737698408831506, 39.079759165269905 ], [ 73.736719445614327, 39.078913398883856 ], [ 73.73574127616223, 39.07812712287928 ], [ 73.73460972070184, 39.077457855890174 ], [ 73.733471721199678, 39.076907572397765 ], [ 73.732555292544035, 39.076836215163489 ], [ 73.731863110546371, 39.077065303381673 ], [ 73.731551289273014, 39.07729933377172 ], [ 73.73154511855256, 39.077596817995641 ], [ 73.731921080591661, 39.077958743349711 ], [ 73.732671251121559, 39.078623092372162 ], [ 73.733343261150452, 39.079464940675216 ], [ 73.733636607930833, 39.080123356594932 ], [ 73.733389161221993, 39.080893848053108 ], [ 73.732540057557742, 39.081358948540185 ], [ 73.731307028605414, 39.081700104540396 ], [ 73.729773781457354, 39.081858794482642 ], [ 73.728475860076188, 39.081722788358036 ], [ 73.726801144190972, 39.081163467437307 ], [ 73.725361058921735, 39.080428894402012 ], [ 73.723995147797098, 39.079814381760869 ], [ 73.723001950564694, 39.079562267741728 ], [ 73.717944813284632, 39.079672310306947 ], [ 73.715717892957272, 39.078676204072615 ], [ 73.715262629587556, 39.076339335359862 ], [ 73.716055988462074, 39.073724777851474 ], [ 73.717465863615729, 39.07169991600626 ], [ 73.71797668021857, 39.071025413864064 ], [ 73.718624409606335, 39.069672293988262 ], [ 73.719218176188519, 39.068888212958313 ], [ 73.719242579271437, 39.068884029291354 ], [ 73.719770599426312, 39.06832464635508 ], [ 73.720779601714867, 39.068204724338827 ] ] ] ] } },
{ "type": "Feature", "properties": { "ID": 793, "周长": 0.11471647756319393, "面积": 0.00018486749260958335, "FEATUREID": "YAAE002C1AJ430010020000116", "CHFCAC": "000116", "CODE": "", "GB": "73020", "HYDC": "", "TN": "", "NAME": "", "fill_color": 11776, "pattern": 856, "pattern_color": 2304, "_src_file": "LDLYAAE002.WP", "_src_id": 115 }, "geometry": { "type": "MultiPolygon", "coordinates": [ [ [ [ 74.97760988769592, 39.073879349791618 ], [ 74.976921115659522, 39.073229060837768 ], [ 74.976731595313069, 39.072914272436201 ], [ 74.976543051979917, 39.072509575301218 ], [ 74.976448054083093, 39.072224789037051 ], [ 74.976372549022642, 39.071850066893695 ], [ 74.976335769718872, 39.07137042208771 ], [ 74.976185311947134, 39.070156319792872 ], [ 74.976073031500221, 39.069601730322852 ], [ 74.975920726480226, 39.069241998412288 ], [ 74.975613219402732, 39.068792335093029 ], [ 74.975269237071828, 39.068372650974602 ], [ 74.974041235260827, 39.06587905613511 ], [ 74.973524464437261, 39.064991381477746 ], [ 74.973215041482391, 39.064494872134304 ], [ 74.972928831530297, 39.064043489457873 ], [ 74.972679068193443, 39.06356222366604 ], [ 74.972177200383825, 39.062273123375263 ], [ 74.972083050251371, 39.06188366112324 ], [ 74.972023342433374, 39.061554229477657 ], [ 74.97194740220597, 39.061134934323697 ], [ 74.9718512465451, 39.060715548881326 ], [ 74.971773308248899, 39.060296253553432 ], [ 74.971640725408733, 39.059876680671834 ], [ 74.971544605182089, 39.059636832467802 ], [ 74.971333174566595, 39.059276734976478 ], [ 74.970891106542567, 39.058571409881147 ], [ 74.970622008327979, 39.05804645475704 ], [ 74.970449010889311, 39.057641656479262 ], [ 74.970331663048, 39.057282022728295 ], [ 74.970256763712868, 39.05702730234507 ], [ 74.97017784832785, 39.056667853845887 ], [ 74.970063506321381, 39.056308219770393 ], [ 74.969410928011015, 39.054345090661002 ], [ 74.969159082030117, 39.053895034306521 ], [ 74.968775742355973, 39.053429362958887 ], [ 74.968449053568094, 39.05300885383155 ], [ 74.968161814435263, 39.052723185499254 ], [ 74.967892786939217, 39.052422648071939 ], [ 74.967717839984047, 39.052212346909648 ], [ 74.967565106207545, 39.051987177167597 ], [ 74.967470017645383, 39.051807171229669 ], [ 74.967429572978702, 39.051642406272791 ], [ 74.967373902198489, 39.051372817701861 ], [ 74.967363805579339, 39.048693776099789 ], [ 74.967343850660242, 39.048241392528602 ], [ 74.967245995061674, 39.047758478870591 ], [ 74.967111891705628, 39.047380913058568 ], [ 74.966957623765197, 39.047033404247735 ], [ 74.966743602031841, 39.046610231320777 ], [ 74.966551014236103, 39.046322840727981 ], [ 74.966397923692455, 39.046080865581871 ], [ 74.966110132812076, 39.045702542530357 ], [ 74.965725409488954, 39.045399130953115 ], [ 74.964551338097863, 39.044669706630309 ], [ 74.964069498047493, 39.044320587625947 ], [ 74.963706096059326, 39.044077568492504 ], [ 74.963301084240257, 39.04371374735809 ], [ 74.963032650664331, 39.043410894460287 ], [ 74.962435989529766, 39.042699367956793 ], [ 74.961897376430983, 39.042244418799015 ], [ 74.961473008076496, 39.0417749625827 ], [ 74.961204401522011, 39.041351494451689 ], [ 74.96099242818903, 39.040928310677963 ], [ 74.960915235373079, 39.040701785915807 ], [ 74.960855691235011, 39.040113522544246 ], [ 74.96075905482256, 39.039736137436321 ], [ 74.960605814098159, 39.039373545674636 ], [ 74.96039189692776, 39.03898051341622 ], [ 74.96006670263175, 39.038571831276641 ], [ 74.95975783547955, 39.038238629013357 ], [ 74.959449832350799, 39.037814965424019 ], [ 74.95910343885123, 39.037406186005853 ], [ 74.958891812180966, 39.037194067406588 ], [ 74.957739016884133, 39.036374212218014 ], [ 74.957354334544846, 39.036040617580468 ], [ 74.957142671871068, 39.035798343002426 ], [ 74.95695008446603, 39.035465706915936 ], [ 74.956833471951498, 39.035223910786478 ], [ 74.956738044117031, 39.034967133099684 ], [ 74.956639323863101, 39.034514362347878 ], [ 74.956659182893944, 39.033609876519073 ], [ 74.956812018462543, 39.033158240884688 ], [ 74.956923429366569, 39.032780242540305 ], [ 74.956921025839591, 39.032401987788695 ], [ 74.95688173718284, 39.032084168658805 ], [ 74.956801273841606, 39.031781395985526 ], [ 74.956627656453719, 39.031402759745838 ], [ 74.95635778959921, 39.03093312677688 ], [ 74.956089013225451, 39.030541943300001 ], [ 74.955823979466089, 39.030092519279918 ], [ 74.954897521519939, 39.028945745341417 ], [ 74.954897521519939, 39.028945745341417 ], [ 74.957251435611241, 39.029528591135609 ], [ 74.957601224025964, 39.029565843414701 ], [ 74.958558431295387, 39.029640906925167 ], [ 74.959025016975701, 39.029641927472326 ], [ 74.959443946987975, 39.029642844370102 ], [ 74.95984162012283, 39.029625466424839 ], [ 74.960237440537355, 39.029571606601841 ], [ 74.96366888124237, 39.029323637431574 ], [ 74.965278529791149, 39.02934532017894 ], [ 74.965743679716908, 39.029455762216216 ], [ 74.966280528714009, 39.029639314325877 ], [ 74.966606414886655, 39.029822418977417 ], [ 74.966883643918777, 39.030005426157324 ], [ 74.967069556508122, 39.030188232962992 ], [ 74.96725718231977, 39.030444005038909 ], [ 74.967373037708356, 39.030644903593483 ], [ 74.967489563510583, 39.030864846422539 ], [ 74.967584322907413, 39.031086413446438 ], [ 74.967608973318065, 39.03128938512225 ], [ 74.967561514122693, 39.0314737592442 ], [ 74.966409553959551, 39.033408240035207 ], [ 74.966013557120988, 39.03381323345728 ], [ 74.965830462301994, 39.034052649437569 ], [ 74.965691667733168, 39.034236821967468 ], [ 74.96555299341631, 39.03443944180983 ], [ 74.965067359153153, 39.035416098377056 ], [ 74.964977225323082, 39.03560037180047 ], [ 74.964886281705247, 39.035969117685759 ], [ 74.964795219248373, 39.036319418250656 ], [ 74.964703038024183, 39.03665126899449 ], [ 74.964612735213763, 39.036964672171152 ], [ 74.964403963504509, 39.037462298286052 ], [ 74.964313658329985, 39.037775703436495 ], [ 74.964269019369226, 39.038089206122493 ], [ 74.964271518270493, 39.03847660303888 ], [ 74.964295997666753, 39.038808705197575 ], [ 74.964416879263382, 39.03923286360245 ], [ 74.964957885477475, 39.040669294518075 ], [ 74.965919852644276, 39.042309991054424 ], [ 74.967351482329505, 39.044044881430331 ], [ 74.967515928777601, 39.044339793274332 ], [ 74.967821161137721, 39.044782444723126 ], [ 74.968125368025213, 39.04520671547558 ], [ 74.968383516384392, 39.045502083966404 ], [ 74.968711878878239, 39.045761030782366 ], [ 74.969159608232786, 39.046167602808609 ], [ 74.969629290210662, 39.046886776456688 ], [ 74.969793877335761, 39.047255211145746 ], [ 74.969909492014764, 39.047549891134707 ], [ 74.970169336005867, 39.049166004067239 ], [ 74.970241675714021, 39.049567665097825 ], [ 74.970311032068992, 39.050097018902527 ], [ 74.970405811622442, 39.050590001701103 ], [ 74.970593300952558, 39.051119920853814 ], [ 74.970825679277667, 39.051868970487028 ], [ 74.971320038401032, 39.054279271462484 ], [ 74.971460715155871, 39.054954898633497 ], [ 74.971648269062555, 39.055740201146534 ], [ 74.971951995722392, 39.056708487503926 ], [ 74.972115067325248, 39.057147082156469 ], [ 74.972373864953553, 39.057659096456639 ], [ 74.973405987873562, 39.059178130009016 ], [ 74.974062134689333, 39.059929197385344 ], [ 74.974341339006287, 39.060222415543663 ], [ 74.974671393519472, 39.06047937673609 ], [ 74.975091173989796, 39.060773267542373 ], [ 74.975772721283249, 39.061269052994575 ], [ 74.976075357959544, 39.061525894977848 ], [ 74.976358557955137, 39.061746142937082 ], [ 74.976661190596701, 39.061966500739743 ], [ 74.976965777141004, 39.062222684666338 ], [ 74.977289140108851, 39.062405170229489 ], [ 74.977957058913503, 39.063153216204562 ], [ 74.978213190519824, 39.063518101423199 ], [ 74.978419137518159, 39.063882977528571 ], [ 74.978627083768203, 39.064247853240325 ], [ 74.978789017357045, 39.065251180520534 ], [ 74.978813225747373, 39.065670747107177 ], [ 74.978813340080833, 39.066090307213841 ], [ 74.97876825330016, 39.066473374035084 ], [ 74.978655106898074, 39.066865854661131 ], [ 74.978655106898074, 39.066865854661131 ], [ 74.978441402876328, 39.067624005679605 ], [ 74.978301753920306, 39.067952933370769 ], [ 74.978115971216809, 39.068263576029111 ], [ 74.977884993714426, 39.068574209623335 ], [ 74.977606462620074, 39.068994484233251 ], [ 74.977487483404644, 39.069451341834771 ], [ 74.977488405398844, 39.069780297365483 ], [ 74.97750958207493, 39.070365108105101 ], [ 74.97760988769592, 39.073879349791618 ] ] ] ] } },
{ "type": "Feature", "properties": { "ID": 802, "周长": 0.11482179282535143, "面积": 0.00037351454586532183, "FEATUREID": "YAAE002C1AJ430010020000117", "CHFCAC": "000117", "CODE": "", "GB": "73020", "HYDC": "", "TN": "", "NAME": "", "fill_color": 15872, "pattern": 856, "pattern_color": 2304, "_src_file": "LDLYAAE002.WP", "_src_id": 116 }, "geometry": { "type": "Polygon", "coordinates": [ [ [ 74.86347808604917, 39.064129839876045 ], [ 74.863735132631774, 39.063699872857086 ], [ 74.863672554004538, 39.063011685788396 ], [ 74.863421146799311, 39.062078053072547 ], [ 74.863295911580536, 39.060849173529064 ], [ 74.863611415063176, 39.059963556436266 ], [ 74.864052477473834, 39.059766001013514 ], [ 74.864619463274352, 39.059666515181746 ], [ 74.865627301292704, 39.059713623484036 ], [ 74.866446222856354, 39.059662780032042 ], [ 74.8668242837946, 39.059465342364589 ], [ 74.86688746828581, 39.059121053278574 ], [ 74.866636281321817, 39.057744940333542 ], [ 74.866321554944804, 39.057352262755167 ], [ 74.865754962688086, 39.05681260521991 ], [ 74.865251394963721, 39.056223649841051 ], [ 74.864873809366671, 39.055634435177843 ], [ 74.864433010046213, 39.055438672446506 ], [ 74.863677273259512, 39.055243546943082 ], [ 74.862165660674805, 39.055099109420865 ], [ 74.860402070147472, 39.055004320118286 ], [ 74.858512439898121, 39.055008087089462 ], [ 74.855677962120239, 39.055062845317792 ], [ 74.854670125492618, 39.055113983731609 ], [ 74.853977224116477, 39.055164499324917 ], [ 74.851709474306759, 39.055414717365707 ], [ 74.849882705349685, 39.055565719632284 ], [ 74.849000790126013, 39.055665733175303 ], [ 74.847425963035604, 39.055816216691042 ], [ 74.84559913130596, 39.05601631470963 ], [ 74.843268378579765, 39.05621732258836 ], [ 74.842260382300907, 39.056415849120334 ], [ 74.840937387645894, 39.056664109531845 ], [ 74.839614568721302, 39.056715694384067 ], [ 74.839047854523201, 39.056520065649167 ], [ 74.838859360550742, 39.056028754636387 ], [ 74.839111735956109, 39.055585807814758 ], [ 74.839679047655366, 39.055142287163939 ], [ 74.840246443846169, 39.054600431153318 ], [ 74.84043581846241, 39.054157597705 ], [ 74.840310077496426, 39.053912000353762 ], [ 74.83974333616824, 39.053765540101722 ], [ 74.839302384490921, 39.0538155082724 ], [ 74.838861242303224, 39.054062137634482 ], [ 74.838483275143787, 39.054111989290419 ], [ 74.837953297620416, 39.053957126716973 ], [ 74.83770158970384, 39.053564033703914 ], [ 74.837618135540268, 39.052973862807733 ], [ 74.837450397223293, 39.052646210764394 ], [ 74.837198632778083, 39.05231870692603 ], [ 74.836694592636505, 39.052188431518232 ], [ 74.835854113117122, 39.052386713928009 ], [ 74.834845440665134, 39.052716473508333 ], [ 74.833836892984465, 39.052915041441686 ], [ 74.833332851947986, 39.052784751519056 ], [ 74.832829226509148, 39.052260910754136 ], [ 74.832661651205342, 39.051802066683869 ], [ 74.829387072036738, 39.049512101498728 ], [ 74.828380723226843, 39.048857566934544 ], [ 74.827626662619863, 39.048333670167018 ], [ 74.826787567255309, 39.048269205581107 ], [ 74.82569572929485, 39.048598778504008 ], [ 74.82535953873348, 39.048796085080994 ], [ 74.825021892080187, 39.049583945724144 ], [ 74.824684397227514, 39.050306188047799 ], [ 74.824598032789794, 39.051290558684379 ], [ 74.824512155962253, 39.05207807751183 ], [ 74.82425873656706, 39.052734586372573 ], [ 74.824257116827056, 39.05332518581276 ], [ 74.824424719921481, 39.053718451444723 ], [ 74.825180614315357, 39.054045124880425 ], [ 74.826692789542307, 39.054370501139836 ], [ 74.827868856736529, 39.054696438613597 ], [ 74.828372754081656, 39.054957934923415 ], [ 74.828624271338313, 39.055482228421958 ], [ 74.828791757357905, 39.056006670485267 ], [ 74.828875069841203, 39.056662437496641 ], [ 74.829042563366897, 39.05718687685615 ], [ 74.829713693680745, 39.058235171858193 ], [ 74.830300951475792, 39.059152428109243 ], [ 74.830972052071715, 39.060266305829416 ], [ 74.831727419275438, 39.061183259930516 ], [ 74.832314935870883, 39.061903730556182 ], [ 74.833322528703533, 39.062754637757223 ], [ 74.834750886883768, 39.063080059622365 ], [ 74.836347669581286, 39.063077204007193 ], [ 74.838028489766515, 39.063074175301523 ], [ 74.839793106829291, 39.063333332996145 ], [ 74.841137465519338, 39.063658829188618 ], [ 74.842061507160039, 39.064116268612686 ], [ 74.842733369458799, 39.064639757348921 ], [ 74.843489348551245, 39.065097494586944 ], [ 74.844161578960325, 39.065227427087713 ], [ 74.845086173861475, 39.065094519414558 ], [ 74.846263229897829, 39.064567585088611 ], [ 74.847271854349813, 39.064434500580099 ], [ 74.847692013170487, 39.064499298239312 ], [ 74.848112011057921, 39.064760867296002 ], [ 74.848363708984465, 39.065285119959384 ], [ 74.848867325926463, 39.06607125821386 ], [ 74.849454896492475, 39.06698841515864 ], [ 74.850378877036448, 39.067642561434489 ], [ 74.851303288112646, 39.067771972091222 ], [ 74.852059707915572, 39.06777051335947 ], [ 74.852564188873274, 39.067507174361857 ], [ 74.853237103908384, 39.066784368441745 ], [ 74.853658019605291, 39.065865275672238 ], [ 74.854079069504905, 39.064749403769532 ], [ 74.854499962125502, 39.063830307595836 ], [ 74.854920460139638, 39.063435938501108 ], [ 74.855928816246305, 39.063630737035432 ], [ 74.856516783922146, 39.064088720475645 ], [ 74.857692877179446, 39.064807905431934 ], [ 74.859037124797979, 39.065461151091483 ], [ 74.860129350686861, 39.065983702560381 ], [ 74.861053671426035, 39.066244216415228 ], [ 74.86164198364105, 39.066243035557335 ], [ 74.862062333353748, 39.066045416037319 ], [ 74.862735013756961, 39.065519327904468 ], [ 74.862823441298758, 39.065358303719968 ], [ 74.863153708091772, 39.064745029414702 ], [ 74.86347808604917, 39.064129839876045 ] ] ] } },
{ "type": "Feature", "properties": { "ID": 807, "周长": 0.026318413177516799, "面积": 4.007345185319533e-05, "FEATUREID": "YAAE002C1AJ430010020000118", "CHFCAC": "000118", "CODE": "", "GB": "73020", "HYDC": "", "TN": "", "NAME": "", "fill_color": 17920, "pattern": 856, "pattern_color": 2304, "_src_file": "LDLYAAE002.WP", "_src_id": 117 }, "geometry": { "type": "MultiPolygon", "coordinates": [ [ [ [ 73.794841830073196, 39.054192564188313 ], [ 73.80176523186887, 39.053779953938417 ], [ 73.80176523186887, 39.053779953938417 ], [ 73.801177845955152, 39.05449883264388 ], [ 73.80048739180738, 39.055624667773913 ], [ 73.799565071645219, 39.056965886016592 ], [ 73.79887582867488, 39.057917290006245 ], [ 73.797444358710891, 39.059643544200704 ], [ 73.796697177525502, 39.060506040939224 ], [ 73.795960887829779, 39.061019932726751 ], [ 73.795283489630862, 39.061185913252572 ], [ 73.794165587633728, 39.061172034194605 ], [ 73.793445438671981, 39.060770831139699 ], [ 73.792949869221147, 39.060241677252975 ], [ 73.792679416831547, 39.059758876206239 ], [ 73.792636675724566, 39.059191702745608 ], [ 73.792651253878631, 39.058407351082117 ], [ 73.792952117954343, 39.057408594470282 ], [ 73.793473941899947, 39.056412615913679 ], [ 73.794051278950192, 39.055591629503766 ], [ 73.794841830073196, 39.054192564188313 ] ] ] ] } },
{ "type": "Feature", "properties": { "ID": 809, "周长": 0.15459452218129693, "面积": 0.0005827144696389161, "FEATUREID": "YAAE002C1AJ430010020000119", "CHFCAC": "000119", "CODE": "", "GB": "73020", "HYDC": "", "TN": "", "NAME": "", "fill_color": 20992, "pattern": 856, "pattern_color": 2304, "_src_file": "LDLYAAE002.WP", "_src_id": 118 }, "geometry": { "type": "MultiPolygon", "coordinates": [ [ [ [ 73.789645172100904, 39.041288042284378 ], [ 73.789646132193681, 39.041288178670364 ], [ 73.789646172100902, 39.041288042284378 ], [ 73.789645172100904, 39.041288042284378 ] ] ], [ [ [ 73.818932323056686, 39.033556948764485 ], [ 73.81820720942828, 39.034990771296584 ], [ 73.817261409858958, 39.036368308216893 ], [ 73.816467599360152, 39.037914011453665 ], [ 73.815155368313555, 39.039292314666213 ], [ 73.813911856741555, 39.040270475096868 ], [ 73.81275205555373, 39.041420614078632 ], [ 73.810844706545126, 39.041946121724564 ], [ 73.808937251931923, 39.04172399200251 ], [ 73.80702232369994, 39.041389165619812 ], [ 73.805046438822359, 39.041395958509867 ], [ 73.803207575696192, 39.041345577803021 ], [ 73.801300260496447, 39.041181873290199 ], [ 73.799324098736577, 39.041418252429651 ], [ 73.797416698736015, 39.041430124603451 ], [ 73.79536464765971, 39.041607105433599 ], [ 73.793380649537113, 39.041559574068749 ], [ 73.791618402102714, 39.041568349481651 ], [ 73.789646132193681, 39.041288178670364 ], [ 73.789439273375919, 39.04199513462865 ], [ 73.789145028613049, 39.042820313980471 ], [ 73.788626225925668, 39.043686441538867 ], [ 73.788278314882589, 39.044336531578288 ], [ 73.787813423317687, 39.045203319416792 ], [ 73.787184365992317, 39.045980898016666 ], [ 73.786616804528322, 39.046410296215079 ], [ 73.784286884339167, 39.048213087536247 ], [ 73.783323565395065, 39.04868053059144 ], [ 73.782363364306605, 39.049191541741564 ], [ 73.781623090145715, 39.049705343924629 ], [ 73.781613626420807, 39.050228242804835 ], [ 73.781997809874639, 39.050668893761667 ], [ 73.782772910826225, 39.051114441058935 ], [ 73.783771708767276, 39.051475628284265 ], [ 73.784774519931489, 39.051836809341275 ], [ 73.785659755486989, 39.052327308338214 ], [ 73.786547870482238, 39.052774226701075 ], [ 73.787378142056653, 39.053264017748901 ], [ 73.788550434971583, 39.053452955029208 ], [ 73.789501981085692, 39.053377647731324 ], [ 73.790797788756223, 39.053088630489853 ], [ 73.792375464503195, 39.05251938402423 ], [ 73.793331518195188, 39.052312624833284 ], [ 73.794113477408743, 39.052278290480849 ], [ 73.794787561037907, 39.052242628043487 ], [ 73.795229802397913, 39.052422343471612 ], [ 73.795393899171302, 39.052729565868752 ], [ 73.795326518246512, 39.053339380027708 ], [ 73.794841830073196, 39.054192564188313 ], [ 73.80176523186887, 39.053779953938417 ], [ 73.80209503475092, 39.053375624834288 ], [ 73.803124886492441, 39.052210122301098 ], [ 73.80457204797591, 39.049610224975829 ], [ 73.804971528878539, 39.049135162481249 ], [ 73.805369759695623, 39.048834519514024 ], [ 73.805817060855176, 39.048796167361537 ], [ 73.806036132686074, 39.049104031839974 ], [ 73.806023784565738, 39.049714510041682 ], [ 73.805899941926086, 39.050410886587343 ], [ 73.805554585238738, 39.050930214778852 ], [ 73.805212471697502, 39.051275118665885 ], [ 73.804807543672524, 39.051880998432125 ], [ 73.804509185369739, 39.052880640580611 ], [ 73.804552825945606, 39.053613741239957 ], [ 73.818136813353306, 39.052802527327131 ], [ 73.836128982200506, 39.049813600165734 ], [ 73.835321681747217, 39.049448150645446 ], [ 73.834906971201789, 39.049256643077776 ], [ 73.834491964708647, 39.048971789889208 ], [ 73.834377162152578, 39.048643702581082 ], [ 73.834506544306961, 39.04822502039179 ], [ 73.834934972075274, 39.047716428348565 ], [ 73.835841353110936, 39.047213335086433 ], [ 73.836989047294509, 39.046666307734007 ], [ 73.837835684605551, 39.0462091846058 ], [ 73.83862159602009, 39.045798042195536 ], [ 73.838989267970902, 39.045335423701076 ], [ 73.839119996025104, 39.044730042330741 ], [ 73.838833343909528, 39.04402651403494 ], [ 73.838363560856919, 39.043460948351708 ], [ 73.837593756486328, 39.042985296285046 ], [ 73.836341105321623, 39.042830858751671 ], [ 73.83514178199502, 39.042817115714413 ], [ 73.833521149136288, 39.043031907735539 ], [ 73.831420175480389, 39.043427855984518 ], [ 73.829501741400463, 39.043499124281524 ], [ 73.82728567641108, 39.043473559240482 ], [ 73.825669278710322, 39.043454875846237 ], [ 73.824773993259001, 39.043351141821162 ], [ 73.824001573984617, 39.042968747655145 ], [ 73.823469914511691, 39.042682468705451 ], [ 73.822995836833257, 39.042303535460661 ], [ 73.822707643706323, 39.041693318288246 ], [ 73.822187134390319, 39.040800283533805 ], [ 73.821845655931071, 39.039722638742553 ], [ 73.821685062639332, 39.038740421638316 ], [ 73.821706629971757, 39.037620269633329 ], [ 73.821783484048765, 39.036640829267498 ], [ 73.821919481876222, 39.035755429621013 ], [ 73.822065612814114, 39.034263278954683 ], [ 73.822085839230041, 39.033161024279693 ], [ 73.821853647758161, 39.03236802488113 ], [ 73.821571583953485, 39.03187670305617 ], [ 73.821042445219504, 39.031403723587161 ], [ 73.820326742112329, 39.031255365141732 ], [ 73.81972566093873, 39.031277658756132 ], [ 73.819724660938732, 39.031277658756132 ], [ 73.819359467959003, 39.032178654063031 ], [ 73.818932323056686, 39.033556948764485 ] ] ] ] } },
{ "type": "Feature", "properties": { "ID": 811, "周长": 0.0080383333607404565, "面积": 2.8953769341468101e-06, "FEATUREID": "YAAE002C1AJ430010020000120", "CHFCAC": "000120", "CODE": "", "GB": "73020", "HYDC": "", "TN": "", "NAME": "", "fill_color": 29184, "pattern": 856, "pattern_color": 2304, "_src_file": "LDLYAAE002.WP", "_src_id": 119 }, "geometry": { "type": "MultiPolygon", "coordinates": [ [ [ [ 74.80136889151089, 39.058356706727608 ], [ 74.801419141919212, 39.057425568938775 ], [ 74.801420758227479, 39.056849546768795 ], [ 74.801194410998889, 39.056716879299252 ], [ 74.800456703828317, 39.057027889123646 ], [ 74.800000515694592, 39.058003214047851 ], [ 74.799828970207741, 39.058535120828388 ], [ 74.799429318970496, 39.059554688247744 ], [ 74.799347497115662, 39.059795805682377 ], [ 74.799347497115662, 39.059795805682377 ], [ 74.801367891510893, 39.058356706727608 ], [ 74.80136889151089, 39.058356706727608 ] ] ] ] } },
{ "type": "Feature", "properties": { "ID": 815, "周长": 0.013793738995289715, "面积": 5.0812687057005812e-06, "FEATUREID": "YAAE002C1AJ430010020000121", "CHFCAC": "000121", "CODE": "", "GB": "73020", "HYDC": "", "TN": "", "NAME": "", "fill_color": 32256, "pattern": 856, "pattern_color": 2304, "_src_file": "LDLYAAE002.WP", "_src_id": 120 }, "geometry": { "type": "MultiPolygon", "coordinates": [ [ [ [ 73.85173187125622, 39.046105770789985 ], [ 73.851195456079594, 39.045711607465662 ], [ 73.850001768432449, 39.04551064988889 ], [ 73.849041621035482, 39.045639250856013 ], [ 73.847778329259683, 39.046090982714283 ], [ 73.84687214151046, 39.046546992861593 ], [ 73.846021428114753, 39.047190405623468 ], [ 73.845331229219497, 39.047782689975904 ], [ 73.845331229219497, 39.047782689975904 ], [ 73.85173187125622, 39.046105770789985 ] ] ] ] } },
{ "type": "Feature", "properties": { "ID": 818, "周长": 0.87163191561729492, "面积": 0.0056397478250495136, "FEATUREID": "YAAE002C1AJ430010020000122", "CHFCAC": "000122", "CODE": "", "GB": "73020", "HYDC": "", "TN": "", "NAME": "", "fill_color": -30208, "pattern": 856, "pattern_color": 2304, "_src_file": "LDLYAAE002.WP", "_src_id": 121 }, "geometry": { "type": "MultiPolygon", "coordinates": [ [ [ [ 74.056463826877931, 39.000000018087604 ], [ 74.061111111104353, 38.999999999996213 ], [ 74.06666666665997, 38.999999999996227 ], [ 74.072222222215572, 38.999999999996234 ], [ 74.077777777771175, 38.999999999996248 ], [ 74.083333333326777, 38.999999999996263 ], [ 74.088888888882366, 38.999999999996263 ], [ 74.094444444437968, 38.99999999999627 ], [ 74.099999999993571, 38.999999999996277 ], [ 74.105555555549159, 38.999999999996277 ], [ 74.111111111104748, 38.999999999996291 ], [ 74.116666666660336, 38.999999999996298 ], [ 74.121342454536247, 39.000000017627066 ], [ 74.121343454536245, 39.000000017627066 ], [ 74.120709826549472, 39.000542427798102 ], [ 74.120577687496862, 39.001304672967279 ], [ 74.120688980621637, 39.002306987349144 ], [ 74.12153124687832, 39.004220266828128 ], [ 74.122387114671184, 39.005036655280456 ], [ 74.1233054430962, 39.005805745256431 ], [ 74.124162529477161, 39.006526737276175 ], [ 74.124623300101419, 39.007342391951561 ], [ 74.124623300101419, 39.007342391951561 ], [ 74.124946024235712, 39.008201138676569 ], [ 74.125237423127686, 39.009490797396715 ], [ 74.125281061757804, 39.010969613009529 ], [ 74.125141896051403, 39.012304152751746 ], [ 74.124633106610574, 39.013350137379149 ], [ 74.124249253801068, 39.014539995226052 ], [ 74.124486687033937, 39.015352344617924 ], [ 74.125586048725367, 39.01650415024217 ], [ 74.126499277092989, 39.017702434864901 ], [ 74.127657396171728, 39.018950002728396 ], [ 74.128699511957308, 39.019815236001435 ], [ 74.129493370338807, 39.020583480158393 ], [ 74.130591557079242, 39.021926002071048 ], [ 74.131568386829684, 39.023076953896854 ], [ 74.132715364726835, 39.024428214352952 ], [ 74.132715364726835, 39.024428214352952 ], [ 74.133457435780088, 39.025283057814477 ], [ 74.134495480272236, 39.026577455228733 ], [ 74.135103868724897, 39.027344471388993 ], [ 74.136633035969126, 39.028880475962637 ], [ 74.137673568074163, 39.029650246952144 ], [ 74.138777993854788, 39.030420402564552 ], [ 74.140069217586088, 39.031096350422487 ], [ 74.141118437808558, 39.03148456542894 ], [ 74.141979779779362, 39.031728519438211 ], [ 74.142471155379823, 39.032113185502332 ], [ 74.143575520601516, 39.032978680117225 ], [ 74.144123760151302, 39.033697569134844 ], [ 74.14411455249622, 39.034460620893711 ], [ 74.14379784276791, 39.034983262411473 ], [ 74.143362250656992, 39.035266665511088 ], [ 74.14236776636335, 39.035546534182451 ], [ 74.139948055814955, 39.036151179168534 ], [ 74.139011792141659, 39.036812939608204 ], [ 74.137627286064216, 39.038711885805192 ], [ 74.137183425924775, 39.039424481678388 ], [ 74.136488485932972, 39.040755469876459 ], [ 74.135915865584423, 39.042039554766276 ], [ 74.135781638235258, 39.042897196238499 ], [ 74.135649735122769, 39.043564072957842 ], [ 74.135573315740942, 39.04475594213099 ], [ 74.135806324697995, 39.045949793461155 ], [ 74.136219515480818, 39.047430975636075 ], [ 74.136828192381515, 39.048436436041605 ], [ 74.137367354543343, 39.04982302280002 ], [ 74.137787658599834, 39.050970364316704 ], [ 74.137959572849681, 39.052020743549932 ], [ 74.137887402301146, 39.052783399478123 ], [ 74.137513409503512, 39.053162551540609 ], [ 74.13664482134746, 39.053299748300297 ], [ 74.136025762779397, 39.053200123893312 ], [ 74.135289607797489, 39.052575380620716 ], [ 74.134247675414088, 39.051805494773419 ], [ 74.133015520888563, 39.051224941386799 ], [ 74.129927528650413, 39.050559883715422 ], [ 74.129065513576791, 39.050172530741506 ], [ 74.12789573451623, 39.049640016853488 ], [ 74.126422073869463, 39.048819358230084 ], [ 74.125259412978977, 39.047667246076962 ], [ 74.124283935308043, 39.046564091732087 ], [ 74.123245187737069, 39.04541283566045 ], [ 74.122392987711279, 39.044358200095019 ], [ 74.121355927845201, 39.043159265521176 ], [ 74.120439490258747, 39.042056518989732 ], [ 74.1198350429041, 39.041003622215015 ], [ 74.119353822132652, 39.039999260824928 ], [ 74.118997322201977, 39.038852795125777 ], [ 74.118763288448122, 39.037659552374457 ], [ 74.118654341815059, 39.036657589139388 ], [ 74.11860550057375, 39.035607991387771 ], [ 74.118805128036584, 39.034321562713806 ], [ 74.11877346815136, 39.03188894111269 ], [ 74.118791646776359, 39.030505915014636 ], [ 74.1188193021963, 39.028359841244544 ], [ 74.118719033416639, 39.026308334431739 ], [ 74.118652818206556, 39.025527052119266 ], [ 74.118652818206556, 39.025527052119266 ], [ 74.118557531842427, 39.0244471866704 ], [ 74.118267940366607, 39.022775991129791 ], [ 74.117791990083774, 39.021246648388633 ], [ 74.117436446050718, 39.020147331580944 ], [ 74.116303803531736, 39.016705893646545 ], [ 74.115760134046994, 39.015653043989126 ], [ 74.115091169407606, 39.014647068891087 ], [ 74.114357605642866, 39.014022205404103 ], [ 74.114081595314161, 39.013914254678184 ], [ 74.114081595314161, 39.013914254678184 ], [ 74.113371651032594, 39.01363416301939 ], [ 74.111761167503943, 39.013718932871342 ], [ 74.109961924590948, 39.014136286083712 ], [ 74.108040342662505, 39.014600480771144 ], [ 74.106490291226436, 39.014876351391024 ], [ 74.10531137709107, 39.015154672349993 ], [ 74.104317633601653, 39.01538653015109 ], [ 74.103441766844256, 39.016239180063543 ], [ 74.102746844806987, 39.017379205768897 ], [ 74.102049090441767, 39.018662298954524 ], [ 74.101411360730467, 39.020088872944235 ], [ 74.100896480496914, 39.021802196472528 ], [ 74.100937641849967, 39.023280083744567 ], [ 74.100797644649219, 39.024565988600095 ], [ 74.100403198144349, 39.026136049143787 ], [ 74.099825106393894, 39.027847738954989 ], [ 74.099377732471666, 39.028893095624078 ], [ 74.098374450368311, 39.029839077823084 ], [ 74.097623171191074, 39.030310261505882 ], [ 74.096818448737949, 39.030447375821723 ], [ 74.096141580014162, 39.030061135506216 ], [ 74.095283843283553, 39.029387581824324 ], [ 74.094193607161756, 39.027663707500992 ], [ 74.093597657179487, 39.025943447235719 ], [ 74.093439828257331, 39.023797422983129 ], [ 74.093091171265655, 39.022031313782207 ], [ 74.092310950046723, 39.020357345129867 ], [ 74.091401400843708, 39.018873103712231 ], [ 74.090308195473781, 39.0173874884075 ], [ 74.08951958287291, 39.01604711787833 ], [ 74.088797536635738, 39.014659536758543 ], [ 74.086553275047208, 39.011115882828044 ], [ 74.085338155669646, 39.009581651339325 ], [ 74.084609372876628, 39.00848000165913 ], [ 74.083629872777635, 39.007757787443701 ], [ 74.081897009512005, 39.007744948735095 ], [ 74.079542661152615, 39.007918122218982 ], [ 74.078361529353415, 39.008147667166106 ], [ 74.07631207448101, 39.008799669536508 ], [ 74.072393416373771, 39.009817882478679 ], [ 74.071477659112205, 39.009810765083493 ], [ 74.067631419876349, 39.010162060791266 ], [ 74.067019944930237, 39.010347928064064 ], [ 74.065917616724974, 39.01067294775801 ], [ 74.064505069351824, 39.011376835407013 ], [ 74.063031167474549, 39.012032567746978 ], [ 74.061865159282888, 39.012547704411688 ], [ 74.061001088433315, 39.013351184989766 ], [ 74.060253326650837, 39.014489230680411 ], [ 74.06023408851884, 39.015871336611603 ], [ 74.06039316260204, 39.017445521063749 ], [ 74.060681544443483, 39.018782371487504 ], [ 74.061393219754393, 39.02017023974809 ], [ 74.064617108216424, 39.025152641467862 ], [ 74.065091232726616, 39.026300282264543 ], [ 74.065859766846884, 39.027926896614147 ], [ 74.067529299903683, 39.031982250846603 ], [ 74.067529299903683, 39.031982250846603 ], [ 74.0681616976741, 39.033521593222154 ], [ 74.068275145926904, 39.034142111355223 ], [ 74.068024563202599, 39.034759768209355 ], [ 74.067226223948609, 39.035134836265705 ], [ 74.066494160465425, 39.035129105554432 ], [ 74.065339000761554, 39.034691096355665 ], [ 74.064071122021531, 39.033727872321279 ], [ 74.062992259940671, 39.032480119412135 ], [ 74.062091129739031, 39.031472089767263 ], [ 74.061525894983518, 39.030781994806617 ], [ 74.061525894983518, 39.030781994806617 ], [ 74.061071336437095, 39.030224800907995 ], [ 74.060110588689824, 39.029120958418993 ], [ 74.058725533938315, 39.027823103721204 ], [ 74.057032212229345, 39.0267611122635 ], [ 74.055265269186748, 39.026461155255816 ], [ 74.054107645471618, 39.02649962211359 ], [ 74.052821679504518, 39.026775401789649 ], [ 74.048939006099971, 39.028700589250413 ], [ 74.048939006099971, 39.028700589250413 ], [ 74.04336149522365, 39.031466225739841 ], [ 74.0395417834916, 39.034009353930919 ], [ 74.038740235557569, 39.034670177327953 ], [ 74.038054251236218, 39.035713245734385 ], [ 74.037426535211154, 39.036947434188249 ], [ 74.036801518173533, 39.037990986535746 ], [ 74.03648288221008, 39.038941686496912 ], [ 74.036465881244681, 39.040133144722382 ], [ 74.036880033821305, 39.041042104373616 ], [ 74.037961955610044, 39.042051802616896 ], [ 74.039105883686474, 39.043204955986312 ], [ 74.043133203900851, 39.047574763823853 ], [ 74.044337347773634, 39.04858538272655 ], [ 74.045913652090064, 39.049455946047189 ], [ 74.047977829902621, 39.050139756317719 ], [ 74.049677937191731, 39.050820612985227 ], [ 74.05961189240162, 39.056142425317709 ], [ 74.068712059000902, 39.060074636914941 ], [ 74.070837142084258, 39.060806182570559 ], [ 74.073327816090938, 39.061731170665759 ], [ 74.075819632305198, 39.062608411353764 ], [ 74.078040873308325, 39.06338758660835 ], [ 74.080259510601977, 39.064214381355384 ], [ 74.081981697885368, 39.065037459812309 ], [ 74.083211365036519, 39.065713864374871 ], [ 74.084378168725436, 39.066532776240493 ], [ 74.08523559288777, 39.067254071312853 ], [ 74.086087503792641, 39.068308969098048 ], [ 74.087725929790579, 39.07075190435355 ], [ 74.088522205863967, 39.071568036276055 ], [ 74.089993371024605, 39.072722782996635 ], [ 74.091899140877715, 39.073737718417085 ], [ 74.093438497094894, 39.074511607358303 ], [ 74.094917793058585, 39.074999070066269 ], [ 74.096649745383061, 39.075202368982445 ], [ 74.098941151612266, 39.07526672448428 ], [ 74.100798653603846, 39.075423203832827 ], [ 74.102098274359264, 39.075527957051577 ], [ 74.103334679317726, 39.075727564945247 ], [ 74.104322664968805, 39.075973026249962 ], [ 74.105119000413481, 39.07650309412854 ], [ 74.106289407677366, 39.077083494233015 ], [ 74.107711433893115, 39.077379715634272 ], [ 74.109069520518744, 39.077675471264214 ], [ 74.110119503140936, 39.07792133246226 ], [ 74.110921059931215, 39.078213064706738 ], [ 74.111225501068148, 39.078691875081439 ], [ 74.111277247289678, 39.079311886669771 ], [ 74.110837013970809, 39.079880685698811 ], [ 74.110270343261874, 39.080639228671558 ], [ 74.109453482495795, 39.081348329532702 ], [ 74.108131580123001, 39.082911721279011 ], [ 74.107505069194687, 39.083431509050875 ], [ 74.106936164359254, 39.084428330611466 ], [ 74.106613603697909, 39.085236298840648 ], [ 74.106541227349709, 39.086093711927155 ], [ 74.106961341110363, 39.087192993060228 ], [ 74.107567877618607, 39.088102975498252 ], [ 74.108237658179561, 39.088918081115324 ], [ 74.108728368511294, 39.089445894844758 ], [ 74.109209392369905, 39.090402636959517 ], [ 74.109503119393239, 39.091691652781023 ], [ 74.109427873124062, 39.092692044579564 ], [ 74.109102606481272, 39.093928948547486 ], [ 74.108719327924916, 39.094641158531068 ], [ 74.107715323540262, 39.095730176274238 ], [ 74.107025997984991, 39.09615419577851 ], [ 74.10603273799174, 39.096433000350579 ], [ 74.104667490262983, 39.096423158373945 ], [ 74.102993139977642, 39.096506372518682 ], [ 74.100883468782683, 39.096777052398899 ], [ 74.099024848400376, 39.096811202120627 ], [ 74.096855039100788, 39.096795403079042 ], [ 74.094935093178776, 39.096781377806728 ], [ 74.093195469864895, 39.096959317024591 ], [ 74.09152338629076, 39.096947050558072 ], [ 74.090101040500116, 39.096650628997551 ], [ 74.088871484322297, 39.096069611228572 ], [ 74.0882572990932, 39.095588462087335 ], [ 74.087709973181163, 39.094821814540985 ], [ 74.087471827440652, 39.094105109049849 ], [ 74.087361791593111, 39.093008048225151 ], [ 74.087561920876013, 39.091960929154851 ], [ 74.087761749434989, 39.091009127260371 ], [ 74.087899610086055, 39.090056869361533 ], [ 74.088035175666377, 39.089199926688323 ], [ 74.08785770820478, 39.08857899464315 ], [ 74.087251013110347, 39.087478279134871 ], [ 74.086705405572317, 39.086663967769482 ], [ 74.085789964144766, 39.085560957398691 ], [ 74.084997213640975, 39.084697150656453 ], [ 74.084078627339267, 39.083975396063366 ], [ 74.083157059779666, 39.083253634352779 ], [ 74.081687442080366, 39.082051143287863 ], [ 74.080493706654138, 39.078801155355002 ], [ 74.080253684925495, 39.078084434692919 ], [ 74.079897682069415, 39.077080838818887 ], [ 74.07959641970568, 39.076458972719287 ], [ 74.079293511370025, 39.075884764747045 ], [ 74.078557629222132, 39.075259667089455 ], [ 74.077946040449277, 39.07482612391577 ], [ 74.077269205793257, 39.074487432171154 ], [ 74.076408503822989, 39.074004373679259 ], [ 74.075241739017343, 39.07332832488455 ], [ 74.074401649774657, 39.072416181708782 ], [ 74.073923805285858, 39.071506876359862 ], [ 74.073565452654023, 39.070932128507842 ], [ 74.073270143414206, 39.070357853421001 ], [ 74.072727040685422, 39.069829338040989 ], [ 74.072002182881462, 39.069347051250247 ], [ 74.07139543575569, 39.069008688483237 ], [ 74.070545238976976, 39.068763737362481 ], [ 74.069205432519894, 39.068467308086802 ], [ 74.067989026061099, 39.068076501398806 ], [ 74.066777614282501, 39.067542708044414 ], [ 74.065562237484272, 39.067151876334769 ], [ 74.064591988621999, 39.066619973831315 ], [ 74.063439997175237, 39.06613428329949 ], [ 74.06246546134274, 39.065840654924877 ], [ 74.061494273690514, 39.065594677292658 ], [ 74.060581456765718, 39.065396830740163 ], [ 74.057496183647203, 39.063418259309444 ], [ 74.056583741593158, 39.063125066747659 ], [ 74.055369498431389, 39.062734130127936 ], [ 74.053847786680052, 39.062436076925621 ], [ 74.05269125780265, 39.062140913859743 ], [ 74.05141368468135, 39.061844766935955 ], [ 74.049953036403735, 39.061547148459788 ], [ 74.048495421156034, 39.061106536070838 ], [ 74.047279255833757, 39.060715515972589 ], [ 74.046183139054961, 39.060468437175238 ], [ 74.045025651106357, 39.060316174526257 ], [ 74.043683064852758, 39.060305404119532 ], [ 74.042523526465189, 39.060439065588213 ], [ 74.041419980845305, 39.060716181334286 ], [ 74.040373388019404, 39.06127972836638 ], [ 74.039262643285667, 39.062271695842611 ], [ 74.038573712866793, 39.063362415370428 ], [ 74.037941672961239, 39.064882548360757 ], [ 74.03755133601166, 39.066642939328503 ], [ 74.037213464821519, 39.068878487423412 ], [ 74.037256715458398, 39.070069574850855 ], [ 74.037600336686623, 39.071596678949696 ], [ 74.037765164528636, 39.072693588262005 ], [ 74.037995071354274, 39.073791025859535 ], [ 74.038525509236607, 39.075081613596772 ], [ 74.039117889046025, 39.07618223882875 ], [ 74.039901074994106, 39.077046345314301 ], [ 74.041950707689921, 39.078874025815779 ], [ 74.042249002940849, 39.079352897175546 ], [ 74.042484092144122, 39.079974105344746 ], [ 74.042953285504169, 39.081216520243039 ], [ 74.043245215255482, 39.082123989771731 ], [ 74.043660316640867, 39.083032516899102 ], [ 74.044194466956469, 39.084084966511014 ], [ 74.044486423732863, 39.084992432838668 ], [ 74.044593718773896, 39.085993555406219 ], [ 74.044397421879182, 39.086801547090268 ], [ 74.043775523115201, 39.08760583622697 ], [ 74.042913648090348, 39.087979403364869 ], [ 74.041691506357765, 39.088064048996642 ], [ 74.039250197115351, 39.087899950285689 ], [ 74.037236503138047, 39.087739528248449 ], [ 74.035399070801731, 39.087914026588457 ], [ 74.033383090342184, 39.088039269319424 ], [ 74.031793572788075, 39.087977739568316 ], [ 74.030637529265604, 39.087729450555784 ], [ 74.029609850201794, 39.087006005263362 ], [ 74.02871370503118, 39.085664537188457 ], [ 74.028065082571672, 39.084182348777929 ], [ 74.027719612127484, 39.082655219414484 ], [ 74.026924074675023, 39.078837931931012 ], [ 74.026511654367781, 39.077834106325092 ], [ 74.026097963798151, 39.07678265287295 ], [ 74.025319672590555, 39.075870836470536 ], [ 74.024537237808758, 39.075101878221993 ], [ 74.024184501559574, 39.074193826058369 ], [ 74.02396158220985, 39.072715387237075 ], [ 74.023749779010842, 39.070570237242542 ], [ 74.023904677340568, 39.06847594699375 ], [ 74.023785708440045, 39.064235965544349 ], [ 74.023805359332428, 39.062807301233079 ], [ 74.023827564126591, 39.061473882673461 ], [ 74.024027790409562, 39.06028494849032 ], [ 74.024165341163709, 39.059333583211924 ], [ 74.024239827383582, 39.058381679655447 ], [ 74.024261464808674, 39.056953015954257 ], [ 74.024095319421946, 39.055760843538444 ], [ 74.023865517086975, 39.054806244880737 ], [ 74.023630387325241, 39.054327738543513 ], [ 74.022663014117711, 39.0537001759931 ], [ 74.019023702725235, 39.051953304840318 ], [ 74.018179363863723, 39.051326630278908 ], [ 74.016971803368079, 39.050363340165347 ], [ 74.016011935165494, 39.049306967290569 ], [ 74.014872580338292, 39.048010842346045 ], [ 74.013913689337073, 39.046763964939885 ], [ 74.012843746679692, 39.044849074684699 ], [ 74.01236917641782, 39.0439871845319 ], [ 74.011833390321115, 39.042934153925479 ], [ 74.011036305979076, 39.039162085620227 ], [ 74.010931807688337, 39.037826649531169 ], [ 74.010955510345653, 39.036206280292966 ], [ 74.011039515038121, 39.034634074848498 ], [ 74.01118024750626, 39.033491294862628 ], [ 74.011505552287716, 39.031968772122688 ], [ 74.012343032330705, 39.02906821311776 ], [ 74.0124835137497, 39.02773479894816 ], [ 74.012556643449329, 39.026972777197393 ], [ 74.012199399848427, 39.026302528926095 ], [ 74.011293501897256, 39.025675380597448 ], [ 74.010325229764987, 39.02514303580287 ], [ 74.009110497971932, 39.024846942883393 ], [ 74.007892682725611, 39.024693810100899 ], [ 74.006671773782998, 39.024683639532725 ], [ 74.00587913168593, 39.02472467986307 ], [ 74.005028699498268, 39.024479258438873 ], [ 74.004728629686028, 39.024143102798931 ], [ 74.004495163639561, 39.023426194085523 ], [ 74.004693567650875, 39.022379248814509 ], [ 74.005135936735002, 39.021334341213198 ], [ 74.005454204419209, 39.020431386760308 ], [ 74.005400217708001, 39.019954297176945 ], [ 74.005157755347213, 39.019713968003558 ], [ 74.00448755135406, 39.019660703015902 ], [ 74.003447195712482, 39.019890321188569 ], [ 74.002399806647887, 39.020596508068643 ], [ 74.001896305072563, 39.021783866854577 ], [ 74.001513176011628, 39.022876930518152 ], [ 74.001014268832265, 39.02368302114003 ], [ 74.000212189692434, 39.024295919226304 ], [ 73.999045236657537, 39.024762760107684 ], [ 73.998245653550768, 39.025137353356044 ], [ 73.997443534250948, 39.025750229484842 ], [ 73.99650980803213, 39.027076940221924 ], [ 73.995887108316651, 39.027929638141465 ], [ 73.995447098444373, 39.028736218995078 ], [ 73.994826285871369, 39.029588813084516 ], [ 73.994331081997458, 39.029965355283018 ], [ 73.993353292974746, 39.030099346051287 ], [ 73.991767344220889, 39.029894422995547 ], [ 73.990132546687747, 39.029165077699162 ], [ 73.988681862965066, 39.02824689635618 ], [ 73.987535634031232, 39.027379110114246 ], [ 73.986499565571208, 39.027274378610585 ], [ 73.986007572364286, 39.02750801810712 ], [ 73.985807547115073, 39.028458777944024 ], [ 73.985789397499516, 39.02974456645731 ], [ 73.98559110964554, 39.030647703834781 ], [ 73.985213945800041, 39.031406299565283 ], [ 73.984901534598393, 39.031736855536948 ], [ 73.984165114891113, 39.032111115936523 ], [ 73.983365649945256, 39.032484810257849 ], [ 73.982684509094057, 39.033097730072519 ], [ 73.982122437982341, 39.033902253549236 ], [ 73.981990625839515, 39.034520213974929 ], [ 73.982101217852517, 39.035188039330578 ], [ 73.982605652991765, 39.038050387007935 ], [ 73.982529635992606, 39.039002259793037 ], [ 73.982085106622279, 39.040093631864998 ], [ 73.981639315717146, 39.041327868515502 ], [ 73.981381141958707, 39.042087569172935 ], [ 73.980754686727295, 39.043224873573109 ], [ 73.980373400184206, 39.044173936114156 ], [ 73.97992955501077, 39.045217676731717 ], [ 73.979545497415231, 39.046214357377124 ], [ 73.97904858693758, 39.046876559422017 ], [ 73.978495382454952, 39.047109602827881 ], [ 73.977821835293753, 39.047103410354488 ], [ 73.977159059222615, 39.046668619585006 ], [ 73.976495306143889, 39.046043339740322 ], [ 73.975903899451239, 39.044894782280345 ], [ 73.975557714032206, 39.043557994211952 ], [ 73.975151740863396, 39.042268260661729 ], [ 73.974797778684149, 39.041550550072571 ], [ 73.97438983299817, 39.040260816042775 ], [ 73.974293392613873, 39.038640552836597 ], [ 73.974071345577286, 39.037304889609963 ], [ 73.973611206724996, 39.035395505911794 ], [ 73.973453749820806, 39.03377467683238 ], [ 73.973048867235946, 39.032484937325201 ], [ 73.972573920846216, 39.031575602922302 ], [ 73.972031149665014, 39.031094292057368 ], [ 73.97117589319862, 39.031133987497995 ], [ 73.970802599350279, 39.03170204656459 ], [ 73.970664638136896, 39.03270096407735 ], [ 73.970211913703665, 39.034173263205517 ], [ 73.969701129931167, 39.035644993762936 ], [ 73.969015055251489, 39.036495938025773 ], [ 73.968149870330137, 39.037154687198395 ], [ 73.967349506377914, 39.037575893047084 ], [ 73.966677291787676, 39.037617258881063 ], [ 73.965952116528285, 39.037277078118485 ], [ 73.965050947526677, 39.036363729761106 ], [ 73.964091332501425, 39.035164073545744 ], [ 73.963433847174343, 39.034348234143749 ], [ 73.96258745205779, 39.033768787656037 ], [ 73.961735207012396, 39.033617926161625 ], [ 73.96118557918588, 39.033755646194535 ], [ 73.960681243975841, 39.034751118295105 ], [ 73.960295690101873, 39.035890379890382 ], [ 73.959671561970111, 39.036740879711594 ], [ 73.959047421572166, 39.037591378143738 ], [ 73.958916401386091, 39.038209115627055 ], [ 73.959385609677852, 39.039404995010365 ], [ 73.959551447757292, 39.04035942523344 ], [ 73.959416076753953, 39.041310510849719 ], [ 73.958975017990042, 39.042163012944322 ], [ 73.958105644297504, 39.043010829603595 ], [ 73.957184098100555, 39.043429377875071 ], [ 73.95626590880353, 39.043514571327982 ], [ 73.955231996787163, 39.043265071167447 ], [ 73.954693349037896, 39.042592336941034 ], [ 73.954523806411274, 39.041685524218352 ], [ 73.95466377728988, 39.040639200962772 ], [ 73.955172288651411, 39.039454038759487 ], [ 73.955675180655632, 39.038554600378937 ], [ 73.955903558140761, 39.038266193602198 ], [ 73.955903558140761, 39.038266193602198 ], [ 73.956177295425562, 39.037702782889149 ], [ 73.956188790627905, 39.036988464096773 ], [ 73.955833828368441, 39.036222505187908 ], [ 73.955177521718483, 39.035215084675023 ], [ 73.953624824700668, 39.033197549710451 ], [ 73.953208337738417, 39.032526153753267 ], [ 73.953405804034688, 39.031575744201909 ], [ 73.954150722822902, 39.030869483232188 ], [ 73.954891323395273, 39.03030607838015 ], [ 73.956303266091169, 39.029750040234163 ], [ 73.957165607613774, 39.0293308261042 ], [ 73.958033289983121, 39.028578254747508 ], [ 73.95877589641249, 39.027824341637668 ], [ 73.959826107400417, 39.027169004575448 ], [ 73.961609739355367, 39.026329562163603 ], [ 73.963573168656396, 39.025633508891225 ], [ 73.965720891653604, 39.024986752476394 ], [ 73.967624973620687, 39.024242440204297 ], [ 73.973337732444747, 39.021961689296838 ], [ 73.974565076267737, 39.021544392808927 ], [ 73.976339901277058, 39.021179778294233 ], [ 73.978053678307489, 39.020814574780424 ], [ 73.979953020997698, 39.020355787047563 ], [ 73.982039414157043, 39.019708162599549 ], [ 73.984427554787359, 39.019157609567308 ], [ 73.986079286263646, 39.018838044990055 ], [ 73.9871823853872, 39.018561444783117 ], [ 73.988347022042362, 39.018047063614823 ], [ 73.989397643480814, 39.017198029695201 ], [ 73.990573894193361, 39.015968758452004 ], [ 73.99175523532017, 39.014596502363148 ], [ 73.992749156578881, 39.013317999450898 ], [ 73.993740085831774, 39.012373094699939 ], [ 73.994293315431435, 39.011948809445826 ], [ 73.994852660396418, 39.011381551270667 ], [ 73.995105495199752, 39.010716399380939 ], [ 73.994997379928492, 39.009714552789781 ], [ 73.995135482622871, 39.008762422791392 ], [ 73.995691383932936, 39.008290474163012 ], [ 73.996243745248833, 39.008056811844064 ], [ 73.997219442486738, 39.008065034051114 ], [ 73.998977031655357, 39.008747127668052 ], [ 74.000250203376666, 39.009329781871337 ], [ 74.002073455949514, 39.009631078639941 ], [ 74.004265322672836, 39.009887747087951 ], [ 74.006458504679145, 39.010192030680606 ], [ 74.00803926859399, 39.010395880568623 ], [ 74.009931145097681, 39.010316297121655 ], [ 74.011462596574432, 39.00999535352814 ], [ 74.012991034620484, 39.009674389684271 ], [ 74.014587993841985, 39.008972645725322 ], [ 74.015879014335113, 39.008268359447214 ], [ 74.017111797890522, 39.007372923880368 ], [ 74.018523725465172, 39.006669612405041 ], [ 74.019995435289474, 39.005954935059009 ], [ 74.019995435289474, 39.005954935059009 ], [ 74.022577338124123, 39.004701052164457 ], [ 74.023313207114882, 39.004421104576636 ], [ 74.023739745769248, 39.004376944361887 ], [ 74.024899332013845, 39.004386433588188 ], [ 74.026539262655973, 39.004781162784163 ], [ 74.028060937177003, 39.005127219092145 ], [ 74.029701900430894, 39.005521906448038 ], [ 74.031161310343151, 39.005819765737982 ], [ 74.032677666135328, 39.00626107774157 ], [ 74.034011057402708, 39.006843863537831 ], [ 74.034981264565786, 39.007376012437192 ], [ 74.035526015714893, 39.007666407396997 ], [ 74.036736814677198, 39.008295833272115 ], [ 74.037951028023784, 39.008686954683341 ], [ 74.039288570898321, 39.008983730002775 ], [ 74.040629511989891, 39.009042195607051 ], [ 74.041727226089179, 39.008908051659574 ], [ 74.043015255827058, 39.008537071940488 ], [ 74.044427629744348, 39.007785787177482 ], [ 74.047933798241743, 39.005668960998236 ], [ 74.048369710416011, 39.005100463141872 ], [ 74.049299154418691, 39.004059270496256 ], [ 74.050103271263424, 39.00311241316647 ], [ 74.051213245842106, 39.002310955325676 ], [ 74.052197900922707, 39.001746809516156 ], [ 74.053791301341747, 39.001187496375628 ], [ 74.055200413619346, 39.000722029707617 ], [ 74.05618135049005, 39.000205508677666 ], [ 74.056464826877928, 39.000000018087604 ], [ 74.056463826877931, 39.000000018087604 ] ] ] ] } },
{ "type": "Feature", "properties": { "ID": 822, "周长": 0.26867961566995363, "面积": 0.0013026899102802827, "FEATUREID": "YAAE002C1AJ430010020000123", "CHFCAC": "000123", "CODE": "", "GB": "73020", "HYDC": "", "TN": "", "NAME": "", "fill_color": -17920, "pattern": 856, "pattern_color": 2304, "_src_file": "LDLYAAE002.WP", "_src_id": 122 }, "geometry": { "type": "MultiPolygon", "coordinates": [ [ [ [ 74.789904280682336, 39.000000019752591 ], [ 74.794444444438867, 38.999999999996817 ], [ 74.799999999994427, 38.999999999996817 ], [ 74.805555555549986, 38.999999999996817 ], [ 74.811111111105546, 38.999999999996817 ], [ 74.816666666661106, 38.999999999996831 ], [ 74.822222222216638, 38.999999999996817 ], [ 74.827777777772198, 38.999999999996824 ], [ 74.833333333327758, 38.999999999996817 ], [ 74.838888888883318, 38.999999999996817 ], [ 74.842914430823825, 39.000000026390957 ], [ 74.842913430823828, 39.000000026390957 ], [ 74.843386214173648, 39.001151426194689 ], [ 74.843931149327432, 39.002741086998839 ], [ 74.844258232940064, 39.004374066282566 ], [ 74.84419926739487, 39.005749710103437 ], [ 74.843537012648696, 39.006610436261788 ], [ 74.842107613181398, 39.006956480132686 ], [ 74.839142334183407, 39.007003882542548 ], [ 74.83688918024491, 39.007136144917816 ], [ 74.835404790237192, 39.007482187320299 ], [ 74.834470167422438, 39.007698463315208 ], [ 74.832213644446682, 39.008819317026692 ], [ 74.831114434612758, 39.009336703230566 ], [ 74.829683608080259, 39.009811553180441 ], [ 74.827977807103039, 39.010372739122701 ], [ 74.82599995826034, 39.010633368413444 ], [ 74.824187481416246, 39.010678813146164 ], [ 74.822811535388794, 39.011153503765144 ], [ 74.82204128122298, 39.011928280200443 ], [ 74.821431892941035, 39.013089708976736 ], [ 74.820933848839701, 39.014465918723666 ], [ 74.820438984033615, 39.015369280292845 ], [ 74.819941776619757, 39.016401598079995 ], [ 74.818889048927161, 39.018982128267375 ], [ 74.818554710774947, 39.021561725404581 ], [ 74.818275509588673, 39.023281523896401 ], [ 74.817667188950381, 39.024743833145024 ], [ 74.817113580802769, 39.025905166958417 ], [ 74.81518115188922, 39.029647409204998 ], [ 74.814021597834227, 39.031282339128573 ], [ 74.81302957241877, 39.03265913230593 ], [ 74.812035850002999, 39.033906960800806 ], [ 74.8110974051922, 39.035025753865291 ], [ 74.809942626491534, 39.035929877073592 ], [ 74.808621370488339, 39.036662247072037 ], [ 74.807519787483628, 39.037093434824499 ], [ 74.806253512689523, 39.037438837007358 ], [ 74.804383535846796, 39.037784937841366 ], [ 74.802955080185001, 39.038216470006319 ], [ 74.801854558878034, 39.038604618068995 ], [ 74.799541717434039, 39.039316526939807 ], [ 74.797564452202352, 39.039404728699445 ], [ 74.79547385377893, 39.03927808744799 ], [ 74.794045308075084, 39.039021735067493 ], [ 74.792563300873667, 39.038937368830283 ], [ 74.79102143595, 39.039153942118595 ], [ 74.789648479165521, 39.03937032192848 ], [ 74.788329772181967, 39.039156770716808 ], [ 74.786846673372366, 39.038771430329561 ], [ 74.785393783381124, 39.038463293291947 ], [ 74.785393783381124, 39.038463293291947 ], [ 74.785033757570915, 39.038386404994149 ], [ 74.783383907066465, 39.037958199075319 ], [ 74.782014255420691, 39.037099843331134 ], [ 74.780917487232529, 39.036241202067004 ], [ 74.780205270700435, 39.035468151316479 ], [ 74.779437365178296, 39.034609178004708 ], [ 74.778671615176634, 39.033707211399125 ], [ 74.778179587163564, 39.032847964913095 ], [ 74.77823376365636, 39.03246104059702 ], [ 74.778896714214568, 39.032030550731584 ], [ 74.779995124703476, 39.031685604849436 ], [ 74.781811034216062, 39.03168383475208 ], [ 74.784373700214303, 39.031951259303234 ], [ 74.784373700214303, 39.031951259303234 ], [ 74.784668400324136, 39.031981891506241 ], [ 74.786866310237798, 39.032237571586833 ], [ 74.789061597269438, 39.032708137885379 ], [ 74.791810217906985, 39.033307038050232 ], [ 74.793733102436221, 39.033648851361065 ], [ 74.795381659840416, 39.033818995455427 ], [ 74.796863689471962, 39.033860339656776 ], [ 74.79807312139269, 39.033816003465205 ], [ 74.799393217348808, 39.033513612640498 ], [ 74.800989505305864, 39.033081934406432 ], [ 74.802089705734431, 39.032779765925987 ], [ 74.803135403809307, 39.03230570786473 ], [ 74.804511722619665, 39.031530350118544 ], [ 74.805834630749615, 39.030540109704091 ], [ 74.806882379357305, 39.029292269054352 ], [ 74.807931257289781, 39.02761455808546 ], [ 74.809368514708268, 39.024560815281653 ], [ 74.809756819308447, 39.023227777932824 ], [ 74.809869081214657, 39.021981047267936 ], [ 74.809873113670932, 39.020476533460545 ], [ 74.809876646388929, 39.019530838865045 ], [ 74.8097691509832, 39.018628266331334 ], [ 74.809167284775185, 39.017640322958158 ], [ 74.808177935045023, 39.016953746355249 ], [ 74.806255431845003, 39.0166121689305 ], [ 74.804114651548161, 39.016442763759123 ], [ 74.801971121428181, 39.016187347000432 ], [ 74.80032444354994, 39.015845352071679 ], [ 74.798347295956518, 39.015417735714657 ], [ 74.797467885368548, 39.015117820584635 ], [ 74.796259871448868, 39.014431387425184 ], [ 74.794999677150216, 39.013830975088482 ], [ 74.793737630889723, 39.012843676201477 ], [ 74.793135911549186, 39.011898636006869 ], [ 74.792861904911248, 39.01164101760358 ], [ 74.792313517593755, 39.011598621845508 ], [ 74.791871024945223, 39.01189999565662 ], [ 74.791431010584191, 39.012717201279081 ], [ 74.791207546015769, 39.013620144892911 ], [ 74.791203385993924, 39.014694795448385 ], [ 74.791365706600345, 39.015898230656425 ], [ 74.791692648950985, 39.017187461447456 ], [ 74.7920733176027, 39.018218714908471 ], [ 74.792071922676314, 39.019035450454489 ], [ 74.791739657335555, 39.019895522798627 ], [ 74.791188057386819, 39.020583887037048 ], [ 74.790361140838016, 39.021444480689141 ], [ 74.789204959217969, 39.022133472255682 ], [ 74.788047011880366, 39.022736480139862 ], [ 74.78722358133102, 39.023081218651434 ], [ 74.786563540183039, 39.023253840547653 ], [ 74.785683044683751, 39.023297725207705 ], [ 74.784860550473979, 39.022997658749318 ], [ 74.783929106814767, 39.022052905482788 ], [ 74.783217130315009, 39.021236885509957 ], [ 74.782614161442552, 39.02072165301265 ], [ 74.781680265760002, 39.020593616391281 ], [ 74.781239334508044, 39.020680019124072 ], [ 74.780797744601969, 39.02162614080909 ], [ 74.780461602249645, 39.023045000727748 ], [ 74.780185670383688, 39.023733043116913 ], [ 74.779577831401866, 39.024464389411058 ], [ 74.779084377467257, 39.0247227816539 ], [ 74.77858945340806, 39.024809227775727 ], [ 74.778039107482314, 39.02472377863041 ], [ 74.777327899622449, 39.023993695204702 ], [ 74.776561914242208, 39.022575883667713 ], [ 74.77585332486467, 39.021029054532889 ], [ 74.775198178841464, 39.019654117655428 ], [ 74.774707110897964, 39.018536938668944 ], [ 74.773783122892937, 39.01531384602098 ], [ 74.77356504926837, 39.014454326723303 ], [ 74.773627720357084, 39.012347960679612 ], [ 74.773740365612412, 39.011488139292872 ], [ 74.773851552760007, 39.010456373298851 ], [ 74.774186129369056, 39.00955336266108 ], [ 74.774325423527557, 39.009145476467523 ], [ 74.774325423527557, 39.009145476467523 ], [ 74.775278858093316, 39.008564894535297 ], [ 74.782077368691418, 39.004420175023533 ], [ 74.788164237800117, 39.000876674779654 ], [ 74.789903280682339, 39.000000019752591 ], [ 74.789904280682336, 39.000000019752591 ] ] ] ] } },
{ "type": "Feature", "properties": { "ID": 823, "周长": 0.044905578297195374, "面积": 5.8311164876319321e-05, "FEATUREID": "YAAE002C1AJ430010020000124", "CHFCAC": "000124", "CODE": "", "GB": "73020", "HYDC": "", "TN": "", "NAME": "", "fill_color": -11776, "pattern": 856, "pattern_color": 2304, "_src_file": "LDLYAAE002.WP", "_src_id": 123 }, "geometry": { "type": "MultiPolygon", "coordinates": [ [ [ [ 74.842151873173734, 39.023438914735721 ], [ 74.836255565925569, 39.026984092959893 ], [ 74.83097707407947, 39.030952575862472 ], [ 74.826937558196846, 39.03453869800596 ], [ 74.826369960446087, 39.034952582436318 ], [ 74.826369960446087, 39.034952582436318 ], [ 74.826028763705011, 39.034960457809859 ], [ 74.82475569454293, 39.03481697174351 ], [ 74.82427410757974, 39.034515872997773 ], [ 74.823985738049203, 39.034101359601422 ], [ 74.824035844068518, 39.033346923487912 ], [ 74.824568545009114, 39.032478683203195 ], [ 74.82553541032037, 39.031572132897338 ], [ 74.826453556784969, 39.030854232434883 ], [ 74.82697007952018, 39.030338631220829 ], [ 74.82716516715054, 39.030143889151923 ], [ 74.828194337172476, 39.029003638175354 ], [ 74.829016239278417, 39.028172695093879 ], [ 74.829885988267478, 39.027492552648702 ], [ 74.830659442858561, 39.026737102656611 ], [ 74.831481468934015, 39.025830703801795 ], [ 74.832061980585195, 39.025075514845824 ], [ 74.83253190737328, 39.024863038002131 ], [ 74.833317205756941, 39.024507954632966 ], [ 74.835102371018692, 39.024165930349348 ], [ 74.836887345813679, 39.0238993166965 ], [ 74.839829642783897, 39.023668686071851 ], [ 74.842150873173736, 39.023438914735721 ], [ 74.842151873173734, 39.023438914735721 ] ] ] ] } },
{ "type": "Feature", "properties": { "ID": 824, "周长": 0.075143005142346814, "面积": 0.00013747229693627031, "FEATUREID": "YAAE002C1AJ430010020000125", "CHFCAC": "000125", "CODE": "", "GB": "73020", "HYDC": "", "TN": "", "NAME": "", "fill_color": -8704, "pattern": 856, "pattern_color": 2304, "_src_file": "LDLYAAE002.WP", "_src_id": 124 }, "geometry": { "type": "MultiPolygon", "coordinates": [ [ [ [ 74.842151873173734, 39.023438914735721 ], [ 74.843977560597409, 39.023436156765271 ], [ 74.84583199552938, 39.023597070540397 ], [ 74.847594429664255, 39.023920958298021 ], [ 74.849185085614266, 39.02429567029148 ], [ 74.85072560888959, 39.024632719494598 ], [ 74.851646780785245, 39.025041125724307 ], [ 74.852799470040608, 39.025534684229868 ], [ 74.853327795852451, 39.026099617702023 ], [ 74.853469688532314, 39.026966913521768 ], [ 74.85315330318268, 39.027992950266032 ], [ 74.852407067369342, 39.029080610974979 ], [ 74.851537541788275, 39.02957243870371 ], [ 74.850571122497811, 39.029762679377896 ], [ 74.849945134172344, 39.029763662525319 ], [ 74.848547271296113, 39.029388659919874 ], [ 74.847795738336302, 39.029125905792249 ], [ 74.847246124631752, 39.028900337475285 ], [ 74.845413808074213, 39.028261935993164 ], [ 74.844249818765903, 39.027941951576622 ], [ 74.843775021281871, 39.0278118097632 ], [ 74.84271549309544, 39.027587098829272 ], [ 74.842136584171271, 39.02766340567522 ], [ 74.841798393862661, 39.027927942777474 ], [ 74.841749576949198, 39.028192045367618 ], [ 74.842182628533692, 39.028644018162971 ], [ 74.842903148727814, 39.029057833973575 ], [ 74.843193078022836, 39.02920184710802 ], [ 74.843965036032287, 39.029584290507742 ], [ 74.845120822168809, 39.030374619109864 ], [ 74.845599235952818, 39.031241409966327 ], [ 74.845639316020055, 39.032116900996328 ], [ 74.845645383900987, 39.032658450388205 ], [ 74.845644786857648, 39.033391294864664 ], [ 74.845593284615489, 39.034296703966241 ], [ 74.845255803005713, 39.034825189213137 ], [ 74.844771807852041, 39.034939204387861 ], [ 74.84380913179497, 39.034676517052191 ], [ 74.842412042611073, 39.033924256137638 ], [ 74.841013236615382, 39.033058821602481 ], [ 74.839793340181529, 39.032285539286313 ], [ 74.839526133445787, 39.032149146890447 ], [ 74.838653949446382, 39.031704452170374 ], [ 74.837689840678777, 39.031479556521063 ], [ 74.836774187647947, 39.031594049120379 ], [ 74.83619489146281, 39.031821199895703 ], [ 74.835567357709877, 39.03204841941163 ], [ 74.83474628055292, 39.032539939942303 ], [ 74.833683030923311, 39.033031802358124 ], [ 74.832435380985572, 39.033363868458629 ], [ 74.830546954921601, 39.033866044376353 ], [ 74.829725184098649, 39.034206655856792 ], [ 74.828422708096653, 39.034698804619907 ], [ 74.827503723681929, 39.034926378686386 ], [ 74.826369960446087, 39.034952582436318 ], [ 74.826369960446087, 39.034952582436318 ], [ 74.826937558196846, 39.03453869800596 ], [ 74.83097707407947, 39.030952575862472 ], [ 74.836255565925569, 39.026984092959893 ], [ 74.842151873173734, 39.023438914735721 ] ] ] ] } },
{ "type": "Feature", "properties": { "ID": 830, "周长": 0.032432752785037731, "面积": 6.403170997566765e-05, "FEATUREID": "YAAE002C1AJ430010020000126", "CHFCAC": "000126", "CODE": "", "GB": "73020", "HYDC": "", "TN": "", "NAME": "", "fill_color": -5632, "pattern": 856, "pattern_color": 2304, "_src_file": "LDLYAAE002.WP", "_src_id": 125 }, "geometry": { "type": "Polygon", "coordinates": [ [ [ 74.823953609462819, 39.027613835385274 ], [ 74.824629461894901, 39.02734889660718 ], [ 74.825691413738326, 39.026970272993182 ], [ 74.826656709739424, 39.026667209025398 ], [ 74.827863687708799, 39.026137492471626 ], [ 74.82916755768494, 39.025419037268946 ], [ 74.829989042496805, 39.024738960382706 ], [ 74.830618059426726, 39.023870556679 ], [ 74.830812941840108, 39.023040476039945 ], [ 74.830718201199133, 39.022323958879944 ], [ 74.830140947137338, 39.021721271053337 ], [ 74.829611295563325, 39.021382544202261 ], [ 74.82888865838251, 39.021081800624493 ], [ 74.827828278283761, 39.020856956676759 ], [ 74.826671087249366, 39.020783108328281 ], [ 74.825223348957195, 39.021199984306321 ], [ 74.823775409338609, 39.021692277984549 ], [ 74.822182109728203, 39.022448778148132 ], [ 74.820829903882824, 39.023204937886177 ], [ 74.81986357451018, 39.023922858035284 ], [ 74.819331552768347, 39.024527047636902 ], [ 74.818557420649412, 39.02550873631688 ], [ 74.818169573511753, 39.026301325753018 ], [ 74.818071086151861, 39.027093538977802 ], [ 74.818310585515803, 39.027734443255298 ], [ 74.818598896114182, 39.028148970995161 ], [ 74.819224428820419, 39.028713933612309 ], [ 74.819898777780878, 39.02905251859746 ], [ 74.820621931488517, 39.029164722869162 ], [ 74.821200783250958, 39.02912624183228 ], [ 74.821828333939933, 39.028899101777448 ], [ 74.822553001021319, 39.028407797759044 ], [ 74.823181201749861, 39.027916619990187 ], [ 74.823953609462819, 39.027613835385274 ] ] ] } },
{ "type": "Feature", "properties": { "ID": 834, "周长": 0.22681951528783184, "面积": 0.00052342944268568298, "FEATUREID": "YAAE002C1AJ430010020000127", "CHFCAC": "000127", "CODE": "", "GB": "73020", "HYDC": "", "TN": "", "NAME": "", "fill_color": -3584, "pattern": 856, "pattern_color": 2304, "_src_file": "LDLYAAE002.WP", "_src_id": 126 }, "geometry": { "type": "MultiPolygon", "coordinates": [ [ [ [ 74.789904280682336, 39.000000019752591 ], [ 74.788888888883321, 38.999999999996817 ], [ 74.783333333327761, 38.99999999999681 ], [ 74.777777777772201, 38.999999999996817 ], [ 74.772222222216655, 38.999999999996803 ], [ 74.766666666661109, 38.999999999996817 ], [ 74.761111111105549, 38.999999999996803 ], [ 74.755555555549989, 38.999999999996803 ], [ 74.749999999994429, 38.999999999996817 ], [ 74.744444444438884, 38.999999999996788 ], [ 74.738888888883324, 38.999999999996788 ], [ 74.733333333327764, 38.999999999996795 ], [ 74.727777777772204, 38.999999999996803 ], [ 74.722239222446063, 39.000000000400291 ], [ 74.722239222446063, 39.000000000400291 ], [ 74.722879632111614, 39.000503531560604 ], [ 74.722761324054133, 39.001040333814515 ], [ 74.722869908789576, 39.00155640816304 ], [ 74.723367086736502, 39.002202288955651 ], [ 74.723529641374768, 39.002804454412519 ], [ 74.723361734252748, 39.003319922192745 ], [ 74.723081874233998, 39.004436951050629 ], [ 74.723022381057632, 39.00551147785427 ], [ 74.723237566248329, 39.006543625192343 ], [ 74.723733785276792, 39.006931588310245 ], [ 74.72412307548845, 39.006889448584239 ], [ 74.724456061360513, 39.006589270245271 ], [ 74.72473524258794, 39.005902098081641 ], [ 74.725291920853962, 39.004699695336335 ], [ 74.72607128750893, 39.003626726590646 ], [ 74.726571972318752, 39.002854056200739 ], [ 74.727123302109618, 39.002769277545333 ], [ 74.727290210155957, 39.003027552116009 ], [ 74.727342208810413, 39.003887389888753 ], [ 74.727281285442501, 39.005090877132275 ], [ 74.727331644994806, 39.006638490105786 ], [ 74.727545906796905, 39.00792854520828 ], [ 74.727983889907961, 39.009090117260143 ], [ 74.728424547672503, 39.010079743718535 ], [ 74.729029775449433, 39.010639865200929 ], [ 74.729525709637784, 39.010855859860925 ], [ 74.72997048611839, 39.010770831814703 ], [ 74.73013589600815, 39.010642228613492 ], [ 74.73019150713381, 39.010298457683945 ], [ 74.730200858841371, 39.008364091908589 ], [ 74.73020461752327, 39.007375414671351 ], [ 74.73059337394092, 39.006946379704729 ], [ 74.731258313030168, 39.006603903070186 ], [ 74.731811640471918, 39.006261186424638 ], [ 74.732257654154623, 39.005574347933589 ], [ 74.732589408756226, 39.005059216189487 ], [ 74.732865918674776, 39.005059800076928 ], [ 74.733088802399223, 39.005146237807111 ], [ 74.733137608655454, 39.006607876774531 ], [ 74.73363133568256, 39.007941487332928 ], [ 74.734125494987794, 39.008630308227751 ], [ 74.734402533682285, 39.00875984644594 ], [ 74.734623752022912, 39.008760309310908 ], [ 74.734955384545287, 39.008546072938366 ], [ 74.735456044321921, 39.008031280759944 ], [ 74.735681262756302, 39.006957094150494 ], [ 74.73607317855695, 39.0056683207658 ], [ 74.736520542091711, 39.00433667335853 ], [ 74.737075372303892, 39.003306157322982 ], [ 74.737577141373336, 39.002748369393785 ], [ 74.73807526570242, 39.002362523380647 ], [ 74.738464155804394, 39.00214839175225 ], [ 74.738795636411353, 39.002235046313388 ], [ 74.73918115333133, 39.002665702860824 ], [ 74.739619137403267, 39.003870218863526 ], [ 74.739614091992337, 39.005245769384437 ], [ 74.739443454242746, 39.006535008688175 ], [ 74.739271389904317, 39.008211121414298 ], [ 74.739155568585119, 39.009629432125251 ], [ 74.739371845790885, 39.01070453553919 ], [ 74.739813031919311, 39.011049329862445 ], [ 74.740477865717111, 39.011007702761212 ], [ 74.741142168840256, 39.010837111679884 ], [ 74.741917862085756, 39.010451813588347 ], [ 74.742413928781659, 39.010366851569934 ], [ 74.74263537045735, 39.010582229205497 ], [ 74.742965717305694, 39.011270675774504 ], [ 74.742905919278982, 39.011958338650672 ], [ 74.742565411682861, 39.014622795581701 ], [ 74.742728911233812, 39.015568821132447 ], [ 74.743169677337477, 39.016042562741198 ], [ 74.743721780294806, 39.016043677747611 ], [ 74.744221122969435, 39.015614820573724 ], [ 74.744611314146084, 39.014497963926104 ], [ 74.744891876470419, 39.013380884148987 ], [ 74.744895740104397, 39.012306234630344 ], [ 74.744903144796424, 39.010801727213256 ], [ 74.745125920922646, 39.00981349218366 ], [ 74.745573676538868, 39.00861077081214 ], [ 74.74596526853955, 39.007364950012764 ], [ 74.746744046540954, 39.006377814951968 ], [ 74.747576795034902, 39.005476754949221 ], [ 74.748351394902969, 39.005091413411208 ], [ 74.748739508858762, 39.005092177924737 ], [ 74.749179557028867, 39.005479923250945 ], [ 74.749178884363971, 39.005952769771412 ], [ 74.748845549588324, 39.006381974939551 ], [ 74.748455213569898, 39.006725099075588 ], [ 74.748012956091927, 39.007240057837457 ], [ 74.747623694849722, 39.0078410952908 ], [ 74.74728942114254, 39.008528214192488 ], [ 74.747341586081475, 39.009130126979301 ], [ 74.747673649124209, 39.009345714399551 ], [ 74.748115089909206, 39.009346589394823 ], [ 74.748613750210893, 39.009089656767159 ], [ 74.749389142475465, 39.00848937854289 ], [ 74.750277280707124, 39.007846325545806 ], [ 74.750777070628374, 39.007546397504647 ], [ 74.751054795993895, 39.007203049989776 ], [ 74.751278869917215, 39.006386746375419 ], [ 74.751391788556205, 39.005441268674083 ], [ 74.75128510081143, 39.004323417882382 ], [ 74.751177961728104, 39.003334522748986 ], [ 74.751404529007658, 39.002088357511802 ], [ 74.751959775057657, 39.001444644085005 ], [ 74.752621811704174, 39.001316973055971 ], [ 74.753397992964224, 39.001318472309443 ], [ 74.754281477554173, 39.001406149078576 ], [ 74.755883963803925, 39.001753113707707 ], [ 74.757264798976905, 39.002529495649426 ], [ 74.757813302932533, 39.003261307135688 ], [ 74.758254338468788, 39.004250825906567 ], [ 74.758581054659047, 39.005455060259735 ], [ 74.758577106785921, 39.006615684302851 ], [ 74.758507057245524, 39.01065626590227 ], [ 74.758504379399952, 39.012031819068326 ], [ 74.758610168825399, 39.013450566586229 ], [ 74.758713962339073, 39.014869311424036 ], [ 74.758822343994353, 39.01611611407931 ], [ 74.758707655344423, 39.01701861157332 ], [ 74.758539650485446, 39.01792100334233 ], [ 74.758435994837768, 39.01827564764978 ], [ 74.758435994837768, 39.01827564764978 ], [ 74.757923890384205, 39.020069151687331 ], [ 74.757919489933371, 39.021358728390084 ], [ 74.758082502114135, 39.022218762509127 ], [ 74.758523561160445, 39.022649457828798 ], [ 74.759185177700331, 39.022994595987818 ], [ 74.759847676162764, 39.023081816922719 ], [ 74.760457454589286, 39.022696083992436 ], [ 74.761013780915349, 39.022052327745989 ], [ 74.761291236754431, 39.021494026890366 ], [ 74.761800159549949, 39.018786839833957 ], [ 74.762131534038573, 39.017215042815124 ], [ 74.762131534038573, 39.017215042815124 ], [ 74.762803978947318, 39.016037584018406 ], [ 74.763635779578038, 39.015394326726735 ], [ 74.764357949270078, 39.014750862530356 ], [ 74.765189150093917, 39.013978635827684 ], [ 74.765911855275149, 39.01316321534545 ], [ 74.766521507716135, 39.012476547350197 ], [ 74.76740968227314, 39.011790378139622 ], [ 74.768183384651948, 39.011361918986566 ], [ 74.769071324452355, 39.010933499494357 ], [ 74.769621926317384, 39.010288227437236 ], [ 74.770284834153713, 39.0095138955881 ], [ 74.771219474111376, 39.008739315262119 ], [ 74.772212073791195, 39.008265581878703 ], [ 74.773092355149529, 39.007920895411559 ], [ 74.773915582553315, 39.007920144552578 ], [ 74.774353487459067, 39.008134669558586 ], [ 74.774464291944582, 39.00847845790291 ], [ 74.774407977967158, 39.008908368095341 ], [ 74.774325423527557, 39.009145476467523 ], [ 74.774325423527557, 39.009145476467523 ], [ 74.775278858093316, 39.008564894535297 ], [ 74.782077368691418, 39.004420175023533 ], [ 74.788164237800117, 39.000876674779654 ], [ 74.789903280682339, 39.000000019752591 ], [ 74.789904280682336, 39.000000019752591 ] ] ] ] } },
{ "type": "Feature", "properties": { "ID": 837, "周长": 0.19508287532434382, "面积": 0.00058730457752754692, "FEATUREID": "YAAE002C1AJ430010020000128", "CHFCAC": "000128", "CODE": "", "GB": "73020", "HYDC": "", "TN": "", "NAME": "", "fill_color": 2560, "pattern": 857, "pattern_color": 2304, "_src_file": "LDLYAAE002.WP", "_src_id": 127 }, "geometry": { "type": "Polygon", "coordinates": [ [ [ 74.196451869003326, 39.014828453556611 ], [ 74.196047211706656, 39.015622245044398 ], [ 74.195639539757892, 39.01668105424902 ], [ 74.195232356147045, 39.017872372485165 ], [ 74.194935705123584, 39.019108223536101 ], [ 74.194751594863121, 39.020388606056692 ], [ 74.194733056520533, 39.021846216586276 ], [ 74.194716011343885, 39.023524674760665 ], [ 74.194533388080316, 39.024672547486368 ], [ 74.194184177282381, 39.025554850877676 ], [ 74.193723410919759, 39.026127600716691 ], [ 74.193155580294231, 39.026523301784046 ], [ 74.192418160892458, 39.026741770591869 ], [ 74.191221782336825, 39.02700208605431 ], [ 74.189616315148882, 39.02725758800085 ], [ 74.187896759261562, 39.027291537169184 ], [ 74.18635518843287, 39.026796450332377 ], [ 74.185161512979946, 39.025861699403478 ], [ 74.184714769044859, 39.024931390814622 ], [ 74.184323856042212, 39.023868916849203 ], [ 74.184167179230741, 39.022631131641404 ], [ 74.184121068641417, 39.021570711616143 ], [ 74.184131225105162, 39.020687314786237 ], [ 74.184164196546334, 39.017992952578432 ], [ 74.184224100039827, 39.012780901305987 ], [ 74.184239326483961, 39.011455802838931 ], [ 74.184421862802282, 39.01044092212549 ], [ 74.185287279839798, 39.009827679768193 ], [ 74.185977249758892, 39.009699274430474 ], [ 74.186949619406562, 39.009837592466297 ], [ 74.187749107435479, 39.010151561009124 ], [ 74.188429006172882, 39.010641519144599 ], [ 74.189283781778798, 39.011132496719767 ], [ 74.190195369994484, 39.011491298798809 ], [ 74.190594866090933, 39.011802866744794 ], [ 74.19127881266536, 39.012116131231927 ], [ 74.192753061855413, 39.012210398938684 ], [ 74.193996997849254, 39.012170249778883 ], [ 74.195185918858925, 39.011820714041235 ], [ 74.196096233783805, 39.011470259324327 ], [ 74.198941134953657, 39.009800832024972 ], [ 74.199565816275111, 39.00944944929234 ], [ 74.200703631929343, 39.008878826824443 ], [ 74.201781928268673, 39.008484693605446 ], [ 74.203139318984796, 39.00831229399077 ], [ 74.205003865435927, 39.008273981250582 ], [ 74.207210020595056, 39.008280867239272 ], [ 74.209019033748376, 39.008153973194119 ], [ 74.210267333594814, 39.007804457812988 ], [ 74.210949947616086, 39.00740901728016 ], [ 74.211634027886461, 39.006881063387588 ], [ 74.213281260247427, 39.005958515688661 ], [ 74.21504301399024, 39.005168801971081 ], [ 74.216459773515282, 39.004819736178909 ], [ 74.217536976452379, 39.004602136368916 ], [ 74.219743901836523, 39.00425542024697 ], [ 74.222572521967692, 39.004087199436313 ], [ 74.225287066385036, 39.00383023544358 ], [ 74.227775578769638, 39.003660883585077 ], [ 74.229695115878599, 39.003843194324432 ], [ 74.232011212657298, 39.003938280664052 ], [ 74.23387373051834, 39.004076188681779 ], [ 74.235565811603905, 39.004390261616706 ], [ 74.237143933601487, 39.004792328576102 ], [ 74.239005642715696, 39.005195177486335 ], [ 74.240640844051015, 39.005641528249434 ], [ 74.242556228587816, 39.006221163408306 ], [ 74.244073094114128, 39.006888000332459 ], [ 74.245139383208397, 39.007597731045372 ], [ 74.245642524560409, 39.008305877506281 ], [ 74.246075837130761, 39.009985618680282 ], [ 74.246288843715959, 39.011311367042211 ], [ 74.24644333864596, 39.012636954646084 ], [ 74.246652607081785, 39.014316065426428 ], [ 74.246642762067992, 39.015243648021105 ], [ 74.246461816467615, 39.016126587472641 ], [ 74.245948536300034, 39.016743562028061 ], [ 74.245036638351905, 39.01744776965409 ], [ 74.244067666181095, 39.018107641512401 ], [ 74.243609348251979, 39.018680592792805 ], [ 74.243377652786776, 39.0192983449286 ], [ 74.24313082456915, 39.021241214050924 ], [ 74.242667176751226, 39.022123352333047 ], [ 74.242149575061063, 39.023137840598864 ], [ 74.241741017845783, 39.024152646864813 ], [ 74.24150934337618, 39.024858737234027 ], [ 74.241555848066085, 39.025609793992793 ], [ 74.241887538038128, 39.02640581909467 ], [ 74.241933216658722, 39.027421897328921 ], [ 74.241753648471061, 39.028260657658521 ], [ 74.241464483510427, 39.029054927542646 ], [ 74.240891531835643, 39.02967171656622 ], [ 74.23998467385556, 39.029978347543839 ], [ 74.238849669591701, 39.030284329117016 ], [ 74.23800312600082, 39.030237742069872 ], [ 74.236929870384216, 39.030057993363265 ], [ 74.236086656589336, 39.029702199738431 ], [ 74.235469020099842, 39.029214539793763 ], [ 74.234853865429272, 39.028682707527111 ], [ 74.23445994272231, 39.028328204001433 ], [ 74.234067550078464, 39.028017870532103 ], [ 74.233620629796206, 39.027707371527946 ], [ 74.232773073144983, 39.027572408632935 ], [ 74.231813501908718, 39.027525449820779 ], [ 74.230572663525621, 39.027256807262809 ], [ 74.230009658216275, 39.026857624916346 ], [ 74.229906266115222, 39.026150570024285 ], [ 74.229974300404535, 39.025090647093307 ], [ 74.22998580429639, 39.024030557945835 ], [ 74.22982388573476, 39.023323338929778 ], [ 74.229549872335937, 39.022527446904171 ], [ 74.229219297941313, 39.021643047454681 ], [ 74.2291704869737, 39.021024495913984 ], [ 74.229178643768122, 39.020273601141618 ], [ 74.22952595314807, 39.019523697039162 ], [ 74.229982954941306, 39.019083314232077 ], [ 74.231345700357309, 39.01833637120103 ], [ 74.232204176268297, 39.017543766790972 ], [ 74.232891063088857, 39.016750664610967 ], [ 74.23346345457081, 39.016089743948321 ], [ 74.233923222551013, 39.015295980305048 ], [ 74.234330361950683, 39.014325371813641 ], [ 74.234340367481153, 39.013397791721808 ], [ 74.233954728342511, 39.012469071087779 ], [ 74.233565668840129, 39.011672861248648 ], [ 74.232842460487021, 39.010787327467561 ], [ 74.231778157273851, 39.009900804163749 ], [ 74.230767442753645, 39.00910277743526 ], [ 74.229534203566544, 39.008348251691366 ], [ 74.228466619166184, 39.007770894151626 ], [ 74.227341095893536, 39.007325869619109 ], [ 74.226325247442688, 39.00719036051666 ], [ 74.225194443458264, 39.007231191924546 ], [ 74.223947158070956, 39.007404186769456 ], [ 74.221231019365916, 39.007793629813008 ], [ 74.219815193237366, 39.008054412579732 ], [ 74.217831241846369, 39.008490151693358 ], [ 74.216189833475369, 39.008794378732077 ], [ 74.214207843026941, 39.009230055743814 ], [ 74.211885228068397, 39.009708829383577 ], [ 74.210183265199888, 39.010101136789579 ], [ 74.208035094142375, 39.01022699205388 ], [ 74.205773867324424, 39.010264116887946 ], [ 74.203908275554369, 39.01039077915393 ], [ 74.20226575160433, 39.010518128933327 ], [ 74.200565724019043, 39.01099863534759 ], [ 74.199373352313415, 39.01156907519195 ], [ 74.198576099798231, 39.012096595442479 ], [ 74.198002917516703, 39.012801513366092 ], [ 74.197541763836668, 39.013418449448203 ], [ 74.196855518591974, 39.014211340150972 ], [ 74.196451869003326, 39.014828453556611 ] ] ] } }
]
}
