{
"type": "FeatureCollection",
"name": "LDZOFBB002.WP",
"crs": { "type": "name", "properties": { "name": "urn:ogc:def:crs:OGC:1.3:CRS84" } },
"xy_coordinate_resolution": 1e-15,
"features": [
{ "type": "Feature", "properties": { "ID": 497, "周长": 0.42707350591598431, "面积": 0.0019016115531481116, "FEATUREID": "OFBB002C1AJ430010020000034", "CHFCAC": "000034", "YSKB": "222100-232007", "QDUECD": "乌鲁阿特组", "QDUECC": "→C↓1→w", "GZEKG": "132200", "YSHB": "灰绿色-紫红色", "YSC": "1035", "YSD": "1015", "YSJB": "51", "YSBBAV": "", "MDAEC": "", "YKBIA": "", "YSADA": "", "YSEBC": "", "HSBA": "", "YSKD": "22-21", "YSKC": "100", "DDCDS": "1220", "fill_color": -4608, "pattern": 172, "pattern_color": 3328, "_src_file": "LDZOFBB002.WP", "_src_id": 0 }, "geometry": { "type": "MultiPolygon", "coordinates": [ [ [ [ 74.392183391687212, 39.34302650655237 ], [ 74.389641147395082, 39.341421354325782 ], [ 74.371171641004281, 39.333415707740023 ], [ 74.370696340410447, 39.333227542656573 ], [ 74.370696340410447, 39.333227542656573 ], [ 74.372881297057219, 39.333175489310932 ], [ 74.375599655070488, 39.333187644579766 ], [ 74.377917253139515, 39.333197963057856 ], [ 74.380636614430287, 39.333210002953976 ], [ 74.382873264025847, 39.333219869293828 ], [ 74.384633204051312, 39.333227589769187 ], [ 74.385993385193771, 39.333233540353902 ], [ 74.387352073232279, 39.333301341400471 ], [ 74.393703711393272, 39.333444797781382 ], [ 74.395199958334416, 39.333451236783645 ], [ 74.396880720828946, 39.333365678236504 ], [ 74.398437898025307, 39.333372332042138 ], [ 74.400116932286195, 39.33337947468253 ], [ 74.401073810538549, 39.333383545658812 ], [ 74.402036129965168, 39.333202108327853 ], [ 74.403057810740648, 39.332835415891132 ], [ 74.404200774055298, 39.332283719364426 ], [ 74.404923144667009, 39.33186937347957 ], [ 74.405406868306599, 39.331314887228984 ], [ 74.405651305410245, 39.330573895170964 ], [ 74.405716882326814, 39.329971270071454 ], [ 74.405781888915229, 39.329183144206418 ], [ 74.405610262415038, 39.328254887306528 ], [ 74.405138376951243, 39.327278994264304 ], [ 74.405081464962137, 39.326629489557298 ], [ 74.40526575748018, 39.326292793723276 ], [ 74.405266757480177, 39.326292793723276 ], [ 74.410112185520816, 39.32563620275883 ], [ 74.410113185520814, 39.32563620275883 ], [ 74.410483021352306, 39.325817299307239 ], [ 74.411135808253363, 39.326654793199438 ], [ 74.411609542495029, 39.327398786502364 ], [ 74.41184464347306, 39.328002657414551 ], [ 74.411839755730227, 39.328512784869133 ], [ 74.411476954445419, 39.329067794357698 ], [ 74.410933783350941, 39.329436554238249 ], [ 74.410451534754074, 39.329805563279677 ], [ 74.410269917895093, 39.330175816276054 ], [ 74.410264599330034, 39.330871441904854 ], [ 74.410497699940919, 39.331475317426317 ], [ 74.411271813108073, 39.332127808276475 ], [ 74.41240580978662, 39.332874533642588 ], [ 74.413719737334318, 39.333343740503445 ], [ 74.415097772998749, 39.333395805115231 ], [ 74.415940549403373, 39.333167383303334 ], [ 74.416721139220812, 39.332706832969045 ], [ 74.417687609172276, 39.331968765555658 ], [ 74.418531546275887, 39.331183821779604 ], [ 74.419140200247654, 39.330073267243968 ], [ 74.41932835048803, 39.328960995605613 ], [ 74.419451081263247, 39.328312233675483 ], [ 74.419453521924481, 39.327987606691792 ], [ 74.418857058556867, 39.327614156816495 ], [ 74.418023602174884, 39.327146971337193 ], [ 74.417247382342481, 39.326772776444272 ], [ 74.41671121401545, 39.32635318630841 ], [ 74.416533894943825, 39.326027820528829 ], [ 74.415998792195893, 39.325469101311761 ], [ 74.415438634568375, 39.324789038573641 ], [ 74.415437634568377, 39.324789038573641 ], [ 74.415722030047803, 39.324721519088619 ], [ 74.415722030047803, 39.324721519088619 ], [ 74.416277962872769, 39.324589531957976 ], [ 74.419252224422337, 39.323866093525687 ], [ 74.42423186342171, 39.322650419441267 ], [ 74.424232863421707, 39.322650419441267 ], [ 74.424289179880915, 39.324724815403044 ], [ 74.424385982231655, 39.325723070431017 ], [ 74.424489841631697, 39.326344486073531 ], [ 74.424707187365243, 39.326944475972766 ], [ 74.425144161888625, 39.327900615158192 ], [ 74.425417098012829, 39.328390140216264 ], [ 74.425638319982596, 39.328701957222499 ], [ 74.426412247743258, 39.329480143264774 ], [ 74.426798797438295, 39.329833567968159 ], [ 74.427018354601259, 39.330120497214132 ], [ 74.42729150551169, 39.330561774653511 ], [ 74.427677755289523, 39.330871135370899 ], [ 74.427843719706644, 39.331003716853012 ], [ 74.428176998005398, 39.331246851964188 ], [ 74.429005807900666, 39.331975848526682 ], [ 74.429505134284739, 39.332219376235663 ], [ 74.429838424098307, 39.332462506637604 ], [ 74.429838424098307, 39.332462506637604 ], [ 74.430089776207851, 39.332635747160204 ], [ 74.430759793375216, 39.333129197170805 ], [ 74.43136083652783, 39.333673513372737 ], [ 74.431885523801583, 39.334262912453902 ], [ 74.432327273907845, 39.33489113310889 ], [ 74.432523111161075, 39.335692541057632 ], [ 74.432842184804116, 39.336688185856893 ], [ 74.432983101818209, 39.337063484629326 ], [ 74.433195808792632, 39.337525615652709 ], [ 74.433661243768995, 39.338478892072494 ], [ 74.433765979302279, 39.338969196939978 ], [ 74.43397728584182, 39.339604154591477 ], [ 74.434585735506829, 39.340558265028285 ], [ 74.435012901301761, 39.341640944790086 ], [ 74.435119001229324, 39.341843205218787 ], [ 74.435583897672842, 39.342623645587118 ], [ 74.435977009334337, 39.343317253423351 ], [ 74.436408550844348, 39.34386704657998 ], [ 74.436875347307364, 39.344417045051671 ], [ 74.437485858134025, 39.344881463632184 ], [ 74.438495796305403, 39.345636215793782 ], [ 74.439181596490528, 39.346129848256695 ], [ 74.439611528239865, 39.34663642032087 ], [ 74.439863189912501, 39.346897115927085 ], [ 74.440219812823713, 39.34750408935323 ], [ 74.440541328151355, 39.348341288052019 ], [ 74.441257770732179, 39.349411204647453 ], [ 74.442153271655329, 39.350510955585179 ], [ 74.443125653277676, 39.351236676415311 ], [ 74.443985823943294, 39.351688344957118 ], [ 74.444881224402494, 39.351981799465506 ], [ 74.44541953011101, 39.352100260712064 ], [ 74.446173917576814, 39.352421643092391 ], [ 74.447068034384586, 39.353003126211767 ], [ 74.447545267070836, 39.353542714882664 ], [ 74.44876616740126, 39.354472116107743 ], [ 74.448765167401262, 39.354472116107743 ], [ 74.450106973886491, 39.355413125424022 ], [ 74.451537999053457, 39.356597243630738 ], [ 74.452252310208706, 39.3573946682897 ], [ 74.453001581896984, 39.35836226144125 ], [ 74.454071097071449, 39.359898306618419 ], [ 74.455067833266313, 39.36158971540376 ], [ 74.455459982737267, 39.362158592872831 ], [ 74.45606436589226, 39.36332360687561 ], [ 74.45705750331966, 39.365424729726797 ], [ 74.457372667301527, 39.366572532185593 ], [ 74.457406914593449, 39.366799059001998 ], [ 74.457363199416918, 39.367788759218683 ], [ 74.457251203335062, 39.368297118127813 ], [ 74.457211890489987, 39.368721130374738 ], [ 74.457242833400656, 39.369371925124341 ], [ 74.457310451171111, 39.3699381197371 ], [ 74.457521455406663, 39.370590181698688 ], [ 74.457732132410499, 39.371284671138405 ], [ 74.458195568847103, 39.371910864462947 ], [ 74.458728555535188, 39.37302496107921 ], [ 74.458835118469665, 39.373253474115344 ], [ 74.458953360100665, 39.373636039679965 ], [ 74.458953360100665, 39.373636039679965 ], [ 74.458975109699551, 39.373880805311892 ], [ 74.458973266331782, 39.374165494778175 ], [ 74.458935224013743, 39.374478399030792 ], [ 74.458896996394756, 39.374819771065752 ], [ 74.458750170267436, 39.375245789559507 ], [ 74.458419673244748, 39.376225681221428 ], [ 74.458091659629119, 39.376821243997234 ], [ 74.457982137103002, 39.37704823325344 ], [ 74.457547182147394, 39.37747221629769 ], [ 74.45740127000343, 39.377755889332882 ], [ 74.457399605554514, 39.378012108496669 ], [ 74.457433211812472, 39.378382459056041 ], [ 74.457503208597373, 39.378696125254471 ], [ 74.457574313320634, 39.378838977888833 ], [ 74.457681249157659, 39.379010553948532 ], [ 74.457788559288275, 39.379125192094975 ], [ 74.45796752903631, 39.379297274653489 ], [ 74.458253808333311, 39.379583996894389 ], [ 74.458791097191124, 39.38004330603259 ], [ 74.45900571877813, 39.380272580159051 ], [ 74.459077015951806, 39.380386964095145 ], [ 74.459183957802225, 39.380558538770103 ], [ 74.459219235475445, 39.380672667380836 ], [ 74.459218129175284, 39.380843480866247 ], [ 74.459181190388264, 39.380985571347694 ], [ 74.458929233476468, 39.381246591658844 ], [ 74.458069267029344, 39.382319302268257 ], [ 74.457892100216355, 39.383329402848794 ], [ 74.458313365615936, 39.38400705056506 ], [ 74.458736808090194, 39.384414800917142 ], [ 74.459418741852232, 39.38468863134262 ], [ 74.459929669850411, 39.384827073749342 ], [ 74.46078267288101, 39.384833074412334 ], [ 74.461379774544739, 39.384837272054206 ], [ 74.461721411411276, 39.384772246818031 ], [ 74.461892011340026, 39.384773445721009 ], [ 74.462659712612364, 39.384778833192918 ], [ 74.463085781580347, 39.384849243617744 ], [ 74.463596286188078, 39.385055091550569 ], [ 74.464106362312847, 39.38532835883359 ], [ 74.464784884462944, 39.385939917424736 ], [ 74.465057422433603, 39.386413727672497 ], [ 74.465057422433603, 39.386413727672497 ], [ 74.464102752520859, 39.386155679589528 ], [ 74.462989496426871, 39.386147892385587 ], [ 74.46187797961376, 39.38633527544048 ], [ 74.461502778898762, 39.386821977939498 ], [ 74.461493404970412, 39.387507147230203 ], [ 74.461485227111311, 39.388094437058179 ], [ 74.461961027076526, 39.38976074464172 ], [ 74.462195549582432, 39.390927771566048 ], [ 74.462303848790114, 39.392287759550214 ], [ 74.460923400035909, 39.393834971046886 ], [ 74.45892586509936, 39.394600466289852 ], [ 74.458137269280741, 39.394661594097371 ], [ 74.458137269280741, 39.394661594097371 ], [ 74.457315997608859, 39.394691936269915 ], [ 74.454713480959981, 39.394388300507522 ], [ 74.451620237719666, 39.393790936718332 ], [ 74.448163072019952, 39.392414904088248 ], [ 74.445693752485568, 39.391431960494891 ], [ 74.442583383312709, 39.390391307082304 ], [ 74.440703974961878, 39.389618139202724 ], [ 74.438987758079634, 39.388718382065058 ], [ 74.437763981075918, 39.387693629524207 ], [ 74.43447172681833, 39.381523939507169 ], [ 74.430840937122085, 39.375186267417142 ], [ 74.42220325179963, 39.364459942766473 ], [ 74.412003464062096, 39.355530777479338 ], [ 74.397165174462359, 39.346169722656832 ], [ 74.397165174462359, 39.346169722656832 ], [ 74.39825608529371, 39.345346999100812 ], [ 74.399257015389452, 39.344356832734846 ], [ 74.400372994542479, 39.343593151772389 ], [ 74.401251402305491, 39.343325670319139 ], [ 74.40212734841333, 39.343374584322241 ], [ 74.402884353548188, 39.34369419620257 ], [ 74.404340309604564, 39.344287960672865 ], [ 74.405740661673747, 39.344519858645974 ], [ 74.407493285842122, 39.344527211101187 ], [ 74.408956231843732, 39.344216915153417 ], [ 74.410361437303365, 39.343815959354792 ], [ 74.411178631580654, 39.343909760865003 ], [ 74.411818495454398, 39.344274029336006 ], [ 74.412689984469736, 39.344910462735925 ], [ 74.413740535681598, 39.345050415656736 ], [ 74.414383856414233, 39.344962668220688 ], [ 74.415613785632459, 39.344560924587022 ], [ 74.416785961640656, 39.34406852958751 ], [ 74.417665678467202, 39.343620122482349 ], [ 74.418194868787381, 39.343170276734121 ], [ 74.418431613511601, 39.342764430320102 ], [ 74.418375918090717, 39.342402591830286 ], [ 74.417795476510804, 39.341902995716232 ], [ 74.416982396300185, 39.341266841001911 ], [ 74.416111936587313, 39.34049483775226 ], [ 74.41524355555093, 39.339451627042543 ], [ 74.414723290788359, 39.338726258395866 ], [ 74.414204412344546, 39.337820085982884 ], [ 74.413803059554837, 39.336823991954176 ], [ 74.413284892836216, 39.335827415716842 ], [ 74.412588407108927, 39.335236913293265 ], [ 74.411656554943434, 39.334871436604018 ], [ 74.41072505721894, 39.334460750451399 ], [ 74.409737238306064, 39.333778615988848 ], [ 74.408981693721842, 39.333278247289087 ], [ 74.407988351675883, 39.333319299251478 ], [ 74.407518280134113, 39.333678945424673 ], [ 74.407046118782517, 39.334309790528856 ], [ 74.406690075027129, 39.335031522818667 ], [ 74.40604370152613, 39.335526028544628 ], [ 74.405690082378371, 39.335931357022673 ], [ 74.404807941981531, 39.336696072497425 ], [ 74.403867713247379, 39.337415336170878 ], [ 74.402752923199373, 39.338043451127731 ], [ 74.401521280717461, 39.338671060336367 ], [ 74.399997886951766, 39.339252212484126 ], [ 74.398651132641078, 39.339653293760385 ], [ 74.397595737858822, 39.340146007241131 ], [ 74.396599102911296, 39.340593762446254 ], [ 74.395484552420186, 39.341176604666352 ], [ 74.394076820320137, 39.341893782527919 ], [ 74.392845033430902, 39.342521296130045 ], [ 74.392184391687209, 39.34302650655237 ], [ 74.392183391687212, 39.34302650655237 ] ], [ [ 74.438372263855371, 39.372504168498061 ], [ 74.438815730383283, 39.371997290110258 ], [ 74.439301970622893, 39.3715251869505 ], [ 74.440050844062938, 39.370953821601603 ], [ 74.440755901487734, 39.370382164225539 ], [ 74.44137455772416, 39.369640419546776 ], [ 74.442079588231024, 39.36906875158428 ], [ 74.442388908037074, 39.368697878251368 ], [ 74.442349007582834, 39.368155185473704 ], [ 74.442133652887094, 39.367645236292773 ], [ 74.441743573144677, 39.367066326848814 ], [ 74.441136687000892, 39.366180864021928 ], [ 74.440793366979932, 39.365195440196686 ], [ 74.440449073027509, 39.364345614623097 ], [ 74.439753645687418, 39.363595164988453 ], [ 74.439100311101228, 39.363082303412455 ], [ 74.438445265618768, 39.362806740474475 ], [ 74.437351481719389, 39.362629960549619 ], [ 74.436037958298627, 39.362553413580535 ], [ 74.434549236957025, 39.362475680905526 ], [ 74.432932601095288, 39.361922448405835 ], [ 74.432189991643241, 39.361646263699129 ], [ 74.43183959111056, 39.361643918524699 ], [ 74.431530250310288, 39.362014764100074 ], [ 74.431394359648749, 39.362624086711854 ], [ 74.431477225629337, 39.363268776449395 ], [ 74.431602394828104, 39.364117159835068 ], [ 74.431901531281085, 39.365136218277406 ], [ 74.432112574314317, 39.366222488065532 ], [ 74.432322376035643, 39.367478259583621 ], [ 74.432401270750063, 39.368665349126594 ], [ 74.432173781068315, 39.369816487729778 ], [ 74.43186041882683, 39.370729736347123 ], [ 74.431505234218292, 39.371371488570432 ], [ 74.431061321472413, 39.372013490375046 ], [ 74.431013513399051, 39.372387042045411 ], [ 74.431098214711852, 39.372659517291659 ], [ 74.431447941963768, 39.372729839098945 ], [ 74.431973618553116, 39.372733363300085 ], [ 74.432807759041026, 39.372569009197981 ], [ 74.433904008429664, 39.372474379437548 ], [ 74.434824304275892, 39.372446540465425 ], [ 74.435567206640286, 39.372621440123389 ], [ 74.436571866594093, 39.372900045330944 ], [ 74.437404556604463, 39.372871601881819 ], [ 74.437844065459885, 39.37273857466711 ], [ 74.438372263855371, 39.372504168498061 ] ], [ [ 74.425354895964261, 39.35406278890499 ], [ 74.425997559331279, 39.354021925346458 ], [ 74.426465042511765, 39.35397987756965 ], [ 74.426875138427732, 39.353801832968202 ], [ 74.427110722358776, 39.353532205403766 ], [ 74.427054004352939, 39.353305810977815 ], [ 74.426706665926517, 39.352896648160105 ], [ 74.426300267025752, 39.352577490198655 ], [ 74.425487144971285, 39.351984367575817 ], [ 74.42455792950345, 39.351300053002682 ], [ 74.423629405297959, 39.350525327007837 ], [ 74.422934459934837, 39.349752179767606 ], [ 74.422357662935994, 39.348799016112274 ], [ 74.422073836903621, 39.347712231655528 ], [ 74.421906793433493, 39.346626238108946 ], [ 74.421914575588801, 39.345586631582314 ], [ 74.421688140857043, 39.344635843221809 ], [ 74.421108350597706, 39.344089475734243 ], [ 74.420525517416849, 39.343949908100619 ], [ 74.419998354985665, 39.344172337228876 ], [ 74.419762010630208, 39.34453272830541 ], [ 74.419638033544246, 39.345481453829706 ], [ 74.419513710906386, 39.346475378805117 ], [ 74.419096250347508, 39.347603710817225 ], [ 74.418389716965237, 39.348324045003174 ], [ 74.416866593334234, 39.348860218987944 ], [ 74.415052004066524, 39.349304768964416 ], [ 74.412887874654402, 39.349612238730842 ], [ 74.410430217967217, 39.350099253038316 ], [ 74.409199470585762, 39.350591339880879 ], [ 74.408435770177832, 39.351130568859652 ], [ 74.408316486009795, 39.351446480462869 ], [ 74.408490029579482, 39.351673212055985 ], [ 74.409189766354217, 39.351856939248314 ], [ 74.410416731627024, 39.351862053568858 ], [ 74.411995293586145, 39.351733007883524 ], [ 74.413983179983987, 39.351560431839481 ], [ 74.415794067995492, 39.35161310045644 ], [ 74.417018979648518, 39.351889343389779 ], [ 74.417891633760732, 39.352390138939306 ], [ 74.418763620952518, 39.352981327436552 ], [ 74.41987032821001, 39.353437983067586 ], [ 74.421151922638074, 39.353853514470217 ], [ 74.42249260039155, 39.354179027972044 ], [ 74.424127621213088, 39.354190099882395 ], [ 74.425354895964261, 39.35406278890499 ] ] ] ] } },
{ "type": "Feature", "properties": { "ID": 500, "周长": 0.44638813949014317, "面积": 0.0031778673898454173, "FEATUREID": "OFBB002C1AJ430010020000035", "CHFCAC": "000035", "YSKB": "222100-232007", "QDUECD": "乌鲁阿特组", "QDUECC": "→C↓1→w", "GZEKG": "132200", "YSHB": "灰绿色-紫红色", "YSC": "1035", "YSD": "1015", "YSJB": "51", "YSBBAV": "", "MDAEC": "", "YKBIA": "", "YSADA": "", "YSEBC": "", "HSBA": "", "YSKD": "22-21", "YSKC": "100", "DDCDS": "1220", "fill_color": 13824, "pattern": 173, "pattern_color": 3328, "_src_file": "LDZOFBB002.WP", "_src_id": 1 }, "geometry": { "type": "MultiPolygon", "coordinates": [ [ [ [ 74.501562949610388, 39.335719065281715 ], [ 74.501561960265533, 39.335719028715566 ], [ 74.501561949610391, 39.335719065281715 ], [ 74.501562949610388, 39.335719065281715 ] ] ], [ [ [ 74.501888837523268, 39.33355484841816 ], [ 74.500673848650536, 39.331178607189187 ], [ 74.500522748101417, 39.330934699687575 ], [ 74.500233422074558, 39.330245069596053 ], [ 74.499957637363451, 39.329615494883889 ], [ 74.499702941977247, 39.328980590131998 ], [ 74.499372984119361, 39.328194058932745 ], [ 74.499110890795677, 39.327502736987775 ], [ 74.498859006907253, 39.326809130021068 ], [ 74.498617366305169, 39.326113330565292 ], [ 74.49838599705393, 39.325415428874024 ], [ 74.498164930112964, 39.324715515210897 ], [ 74.497954196421517, 39.324013682088705 ], [ 74.497753821116802, 39.323310021992782 ], [ 74.497563832247494, 39.322604625166633 ], [ 74.497384252028496, 39.321897586329598 ], [ 74.497215105586477, 39.32118899795919 ], [ 74.496535970387868, 39.319958517016723 ], [ 74.49613299607833, 39.319532292335893 ], [ 74.495729887470844, 39.319128276999848 ], [ 74.495327210075743, 39.318657630340645 ], [ 74.494808773164038, 39.318163559303919 ], [ 74.493638000144372, 39.317083582103479 ], [ 74.493297398467263, 39.316701710450083 ], [ 74.492793393185735, 39.315761799807255 ], [ 74.492511169574001, 39.315358284020142 ], [ 74.49211346618813, 39.314931304830083 ], [ 74.491601129382502, 39.314436360972635 ], [ 74.49055001130948, 39.313312672708847 ], [ 74.490267390900641, 39.312931401519315 ], [ 74.489815119526597, 39.312325815734816 ], [ 74.489377503956106, 39.311454062274905 ], [ 74.488884151130478, 39.31064874151182 ], [ 74.487925712071998, 39.309038332631346 ], [ 74.487572314952445, 39.308300962757336 ], [ 74.487297015808494, 39.307920306295642 ], [ 74.487107343170393, 39.307346395424489 ], [ 74.48266572246304, 39.307833303393643 ], [ 74.480703542573906, 39.308289900601594 ], [ 74.479871573487245, 39.308549075106846 ], [ 74.479079038009004, 39.308867745090112 ], [ 74.477979151561513, 39.309450113566733 ], [ 74.477027325571356, 39.310092952521494 ], [ 74.476343634040063, 39.310560524096047 ], [ 74.475510959560665, 39.310908432973164 ], [ 74.474944250948937, 39.311111799575166 ], [ 74.47369957786249, 39.311459232599532 ], [ 74.472414372632102, 39.31195367734653 ], [ 74.470025557072603, 39.313178941172133 ], [ 74.467003576112944, 39.315045974810609 ], [ 74.465593252580405, 39.315677804847532 ], [ 74.46504709487472, 39.316098517265004 ], [ 74.462856785970729, 39.317960537332397 ], [ 74.462369034037167, 39.318519538165866 ], [ 74.461940461576688, 39.31926629836947 ], [ 74.46151026385904, 39.320247272442892 ], [ 74.461442972216091, 39.321230584042645 ], [ 74.461558116212288, 39.322074533942072 ], [ 74.46185537470366, 39.322825967936971 ], [ 74.462154583376602, 39.323296343906897 ], [ 74.462392981693327, 39.323813173401611 ], [ 74.462571216218436, 39.324282768795292 ], [ 74.46256895307981, 39.324610669980892 ], [ 74.46232569841564, 39.324796484972097 ], [ 74.461659661943912, 39.324885883900556 ], [ 74.459605599126377, 39.324497873551636 ], [ 74.457431232191453, 39.324015359173579 ], [ 74.455197722768474, 39.32334503741393 ], [ 74.452781800276085, 39.32281401863753 ], [ 74.451151264626091, 39.32242861951076 ], [ 74.450186110246847, 39.322047551392551 ], [ 74.449765019502252, 39.321716882240814 ], [ 74.449803747315201, 39.32109493637801 ], [ 74.448334611814374, 39.32118202410981 ], [ 74.445184533641623, 39.321338026369979 ], [ 74.432029655113539, 39.322105740235713 ], [ 74.432030655113536, 39.322105740235713 ], [ 74.432395308581704, 39.322605525540773 ], [ 74.432781459135981, 39.323095765542512 ], [ 74.433055020265115, 39.323540936909872 ], [ 74.433191124014115, 39.323852190594479 ], [ 74.433188293310977, 39.324140362378898 ], [ 74.433181540147686, 39.324561098907701 ], [ 74.433117945798216, 39.325111731613916 ], [ 74.433138734739529, 39.325574437112593 ], [ 74.433217251447431, 39.325927121652391 ], [ 74.433379438546766, 39.326302032902269 ], [ 74.433680275546394, 39.3267653917869 ], [ 74.433953112863691, 39.327228683516076 ], [ 74.434305908656313, 39.327824354751421 ], [ 74.435789334499106, 39.329810603387422 ], [ 74.436559481200433, 39.330649571158474 ], [ 74.436836433207972, 39.330914584193039 ], [ 74.437221730274089, 39.331223911217194 ], [ 74.437777065846817, 39.331533623133168 ], [ 74.438335092276404, 39.33179927350286 ], [ 74.439031156673352, 39.332065238168134 ], [ 74.439561464442448, 39.332343006610209 ], [ 74.440105557092849, 39.332950426171372 ], [ 74.440539235355615, 39.33360786742827 ], [ 74.440859964814948, 39.334303946557945 ], [ 74.440853495330757, 39.3351052045603 ], [ 74.440945087819671, 39.335858226537319 ], [ 74.441039639935624, 39.336492441753123 ], [ 74.44172326861262, 39.338238951075041 ], [ 74.443009515450868, 39.339672049189716 ], [ 74.44497457817701, 39.34126802573806 ], [ 74.446399447581427, 39.342306304934475 ], [ 74.447429063495633, 39.343084783092642 ], [ 74.448315126703108, 39.343525739418538 ], [ 74.448711531582973, 39.343646912444903 ], [ 74.449452816822415, 39.343651344469443 ], [ 74.449700227327355, 39.343613219305936 ], [ 74.449897848423689, 39.343495590329901 ], [ 74.450395238789525, 39.343221321977168 ], [ 74.451141857987309, 39.342552496434216 ], [ 74.452195412836929, 39.340738080585119 ], [ 74.453213832115239, 39.338492482248888 ], [ 74.45396796912604, 39.337707545832927 ], [ 74.454718284052916, 39.337159772329152 ], [ 74.456463002430951, 39.336303250336812 ], [ 74.458003364873761, 39.336038136015439 ], [ 74.459541927099167, 39.336010169501556 ], [ 74.459987646639689, 39.335973992433146 ], [ 74.461720143663996, 39.336323006389414 ], [ 74.462159844653542, 39.336800691821196 ], [ 74.462548263608156, 39.337594230025829 ], [ 74.462585669919349, 39.338464224140445 ], [ 74.462583042517892, 39.338859508438141 ], [ 74.462329483497157, 39.339252933863854 ], [ 74.461725720523418, 39.340078567900832 ], [ 74.460225908394506, 39.340937029692014 ], [ 74.45893259610898, 39.341441209479918 ], [ 74.456840593852917, 39.342216093440641 ], [ 74.455839831187646, 39.342801536616157 ], [ 74.455337708874708, 39.343410480528959 ], [ 74.454385360617749, 39.344868852772358 ], [ 74.453680976818745, 39.346448856241736 ], [ 74.453274347317617, 39.347872204129168 ], [ 74.453341292603071, 39.348928377026695 ], [ 74.453341519949348, 39.348931953863413 ], [ 74.453361061899528, 39.349474952335761 ], [ 74.453845003530304, 39.34993783431198 ], [ 74.454783029577897, 39.350851504110878 ], [ 74.455663317463006, 39.352044855580765 ], [ 74.456148852749052, 39.353156658045279 ], [ 74.456287291965054, 39.354277974698888 ], [ 74.456383854478474, 39.354668019881274 ], [ 74.456579045604286, 39.355097593247748 ], [ 74.456874406453565, 39.355644588895629 ], [ 74.458054513568101, 39.356703119300825 ], [ 74.460417557033423, 39.358352790258124 ], [ 74.461745053278278, 39.359412153269282 ], [ 74.462627260580007, 39.360546795239884 ], [ 74.463856268510398, 39.362072912448546 ], [ 74.464639788612075, 39.363187489455093 ], [ 74.46483335990699, 39.364084402857692 ], [ 74.464777541209969, 39.36501882486229 ], [ 74.464725741160635, 39.36560273017507 ], [ 74.464723271317681, 39.366031138982116 ], [ 74.464819224906933, 39.366538016396362 ], [ 74.465063055653133, 39.366773131507145 ], [ 74.465656044753544, 39.367166045773565 ], [ 74.467087246764024, 39.367682906447151 ], [ 74.467826701590809, 39.368117342740845 ], [ 74.468167588351491, 39.368704350713905 ], [ 74.468216265639015, 39.369191580967332 ], [ 74.467817235574955, 39.369772564815577 ], [ 74.467468775576151, 39.370159217367977 ], [ 74.467169995491204, 39.370507323681842 ], [ 74.466920004965843, 39.37097266868912 ], [ 74.466965120226178, 39.37155726622963 ], [ 74.467153587102359, 39.371963070492839 ], [ 74.467603376883631, 39.372929378427422 ], [ 74.468237515821443, 39.374577652410764 ], [ 74.468431791643837, 39.375048729353203 ], [ 74.468923700381907, 39.375482734331861 ], [ 74.469811783674956, 39.376291337744327 ], [ 74.47084944544234, 39.376963972640759 ], [ 74.471389209184835, 39.377515734267227 ], [ 74.472127767407414, 39.378303717196864 ], [ 74.472321846865881, 39.378970495882662 ], [ 74.472369474956992, 39.379597098972745 ], [ 74.472167266794713, 39.380221985804795 ], [ 74.471319930053909, 39.380959826029063 ], [ 74.470969493438332, 39.381505395278772 ], [ 74.470917692455984, 39.381700758777008 ], [ 74.470865909821825, 39.38220925036682 ], [ 74.471003849718201, 39.383599799652224 ], [ 74.470899041297557, 39.384655925496403 ], [ 74.471188578578193, 39.386067075174211 ], [ 74.472165709299716, 39.38818758000226 ], [ 74.472757157707605, 39.388896244134152 ], [ 74.472933865671209, 39.389137367638348 ], [ 74.478507325084621, 39.390813703539543 ], [ 74.481178851664041, 39.391508317050274 ], [ 74.483946772220548, 39.392053243823263 ], [ 74.486811180950284, 39.392222153671575 ], [ 74.490773337989069, 39.392168578487812 ], [ 74.494913609124808, 39.391816895988363 ], [ 74.497819426282078, 39.391694752582573 ], [ 74.498876646268315, 39.391681790469477 ], [ 74.49992578720817, 39.391593089478455 ], [ 74.5009578384538, 39.391429412732606 ], [ 74.501967918481213, 39.391192165964824 ], [ 74.505452712704141, 39.390401973568139 ], [ 74.508171849077229, 39.389714304768944 ], [ 74.5096214685055, 39.389348052448788 ], [ 74.513082931218122, 39.38856200405445 ], [ 74.514113087571303, 39.387872508833453 ], [ 74.515424656597716, 39.386597003439057 ], [ 74.515987287390104, 39.385318236373571 ], [ 74.516091895522152, 39.383183316044047 ], [ 74.515317973027393, 39.381171856997881 ], [ 74.513867579988357, 39.378208879820306 ], [ 74.511828434868193, 39.375477470506951 ], [ 74.511364740328133, 39.375025467284154 ], [ 74.509125566496508, 39.372844592525155 ], [ 74.507191458136376, 39.37079875219635 ], [ 74.506121983775301, 39.369667295036585 ], [ 74.504447419337168, 39.367567971631203 ], [ 74.502977626338165, 39.365255646987258 ], [ 74.501905280094263, 39.363160074522099 ], [ 74.501503914751183, 39.362139906661149 ], [ 74.501103551791374, 39.360691257714393 ], [ 74.50117142197827, 39.359513360517468 ], [ 74.501169408407037, 39.358656403325917 ], [ 74.50130316387154, 39.357693167310451 ], [ 74.501572690595012, 39.356891454123272 ], [ 74.501971011348346, 39.355979200721798 ], [ 74.502506535837483, 39.355226022328118 ], [ 74.50432320560472, 39.353292069255495 ], [ 74.506503758786437, 39.351148592053363 ], [ 74.508571970595256, 39.349589047031586 ], [ 74.508570970595258, 39.349589047031586 ], [ 74.508193057595264, 39.349057540163379 ], [ 74.507387575027167, 39.348158469561213 ], [ 74.506163998529388, 39.346756964125319 ], [ 74.505812776542797, 39.346314799276435 ], [ 74.505811776542799, 39.346314799276435 ], [ 74.503213484915619, 39.347946841149259 ], [ 74.499411615502723, 39.349788339093188 ], [ 74.495415815976813, 39.350699974116786 ], [ 74.493622140989956, 39.350692174961402 ], [ 74.492026876213458, 39.350685218653012 ], [ 74.490233327465702, 39.350522553384465 ], [ 74.488641452584531, 39.350051118219284 ], [ 74.486847060788662, 39.349733589388094 ], [ 74.485257224099328, 39.34926210812435 ], [ 74.483467290463309, 39.348480095196059 ], [ 74.481485860645975, 39.346768297925699 ], [ 74.479972193039785, 39.344499655927336 ], [ 74.479521905607101, 39.342579487409772 ], [ 74.479733771798735, 39.341032265417198 ], [ 74.480142709300608, 39.339795556499666 ], [ 74.480948233818637, 39.338715436349275 ], [ 74.482149190323995, 39.337946710698468 ], [ 74.484351243825188, 39.336872773739884 ], [ 74.486747066395409, 39.336418919107416 ], [ 74.489343352355547, 39.335811080056828 ], [ 74.492734809849097, 39.335516284936659 ], [ 74.496521750480852, 39.33553274274869 ], [ 74.501561960265533, 39.335719028715566 ], [ 74.501991880946647, 39.334243634421476 ], [ 74.501888837523268, 39.33355484841816 ] ], [ [ 74.461991985893775, 39.334236783475625 ], [ 74.460588571842422, 39.33404020446892 ], [ 74.459331521011904, 39.33369452687068 ], [ 74.458413025563743, 39.33342604098678 ], [ 74.457107823596431, 39.333042520115335 ], [ 74.455752619947376, 39.332883700656851 ], [ 74.454685682141999, 39.3330643030177 ], [ 74.453424721653661, 39.333281136275694 ], [ 74.452600751677679, 39.333350781568271 ], [ 74.452165871787344, 39.333197917904897 ], [ 74.451683876597173, 39.332857210397123 ], [ 74.451494365613925, 39.332255865918995 ], [ 74.451644704663551, 39.331544219631361 ], [ 74.452084601309579, 39.330984488454234 ], [ 74.452961205880612, 39.330315083621258 ], [ 74.453742238558036, 39.329457513124638 ], [ 74.454522199612285, 39.328749959641868 ], [ 74.455590648820746, 39.32834433000756 ], [ 74.456560645223064, 39.32816309085225 ], [ 74.457770716260171, 39.328283453963451 ], [ 74.458785229666205, 39.328665087146724 ], [ 74.459603927979671, 39.329345501714755 ], [ 74.460760912631429, 39.330140612872036 ], [ 74.46196713734831, 39.33082350790383 ], [ 74.462785633691425, 39.331541404200671 ], [ 74.463506755523468, 39.332333682860089 ], [ 74.463986480017212, 39.333011886531445 ], [ 74.4641276656168, 39.33361290280569 ], [ 74.464126115955978, 39.333837933340355 ], [ 74.463687847780989, 39.334172677543563 ], [ 74.463153991328738, 39.33431927336084 ], [ 74.461991985893775, 39.334236783475625 ] ], [ [ 74.480170412907853, 39.332252045712835 ], [ 74.478620923968165, 39.332167285932456 ], [ 74.476488684833839, 39.332303867781576 ], [ 74.474984606805535, 39.332669427241086 ], [ 74.474064044652522, 39.33270110577574 ], [ 74.472709315321751, 39.332467473224902 ], [ 74.471502193840692, 39.331897203111112 ], [ 74.470487823222925, 39.331478176195773 ], [ 74.469231280183863, 39.331057595068451 ], [ 74.46778075226824, 39.330673267481323 ], [ 74.466523213244258, 39.330402677786935 ], [ 74.465315148604404, 39.329982364391952 ], [ 74.464735727492098, 39.32971610005935 ], [ 74.464544821633936, 39.329302300267628 ], [ 74.464598410898972, 39.328552508399476 ], [ 74.464800136753539, 39.32739109269216 ], [ 74.464949816540923, 39.326754437909607 ], [ 74.465438269040959, 39.326157461285284 ], [ 74.467089088623297, 39.325567921927423 ], [ 74.469319535685301, 39.325207097070439 ], [ 74.47101593742272, 39.325030368318188 ], [ 74.474117366211189, 39.324787511595346 ], [ 74.476832617833566, 39.324348197763804 ], [ 74.478188230789371, 39.324427752748193 ], [ 74.479348612781422, 39.324732645948934 ], [ 74.480121536391337, 39.325036324703483 ], [ 74.481279688370321, 39.325680131819837 ], [ 74.48233949649125, 39.3265495819847 ], [ 74.483495204824919, 39.327569957490489 ], [ 74.484798487521488, 39.328251833542922 ], [ 74.485812166498377, 39.328782172293458 ], [ 74.486728992054708, 39.329312208020291 ], [ 74.487161709691719, 39.329803103822677 ], [ 74.487254141668132, 39.330481263993398 ], [ 74.487296413135979, 39.331422887848483 ], [ 74.487193122734752, 39.332401731308025 ], [ 74.487188927380515, 39.333041937792316 ], [ 74.487137772785786, 39.333456039299065 ], [ 74.486700586823929, 39.333643007155871 ], [ 74.48587738202383, 39.333600502025597 ], [ 74.484572269736773, 39.333179784026449 ], [ 74.483895130802537, 39.333025524405762 ], [ 74.483315363248494, 39.332796858388456 ], [ 74.482009786033757, 39.332451122216433 ], [ 74.480170412907853, 39.332252045712835 ] ] ] ] } },
{ "type": "Feature", "properties": { "ID": 505, "周长": 0.39350111460754278, "面积": 0.0047634644757998026, "FEATUREID": "OFBB002C1AJ430010020000036", "CHFCAC": "000036", "YSKB": "222100-232007", "QDUECD": "乌鲁阿特组", "QDUECC": "→C↓1→w", "GZEKG": "132200", "YSHB": "灰绿色-紫红色", "YSC": "1035", "YSD": "1015", "YSJB": "51", "YSBBAV": "", "MDAEC": "", "YKBIA": "", "YSADA": "", "YSEBC": "", "HSBA": "", "YSKD": "22-21", "YSKC": "100", "DDCDS": "1220", "fill_color": 32256, "pattern": 173, "pattern_color": 3328, "_src_file": "LDZOFBB002.WP", "_src_id": 2 }, "geometry": { "type": "MultiPolygon", "coordinates": [ [ [ [ 74.517384642243783, 39.349306435269256 ], [ 74.51844746829579, 39.347926781831369 ], [ 74.520040265966202, 39.346536954827286 ], [ 74.521143181240433, 39.345896912015668 ], [ 74.522379729492997, 39.345364347204075 ], [ 74.524637416389623, 39.344780765090576 ], [ 74.527938239516573, 39.344147535185044 ], [ 74.530073180875632, 39.343457078039897 ], [ 74.531797608255218, 39.342658123603677 ], [ 74.533597260395823, 39.341269652502525 ], [ 74.535469670372692, 39.339506092070742 ], [ 74.536512658360479, 39.337901984753479 ], [ 74.538119417644424, 39.334841968872119 ], [ 74.538696557912715, 39.33369654928444 ], [ 74.538906188335773, 39.332981254091834 ], [ 74.539220369078635, 39.331948091140717 ], [ 74.539431453235125, 39.331149670180956 ], [ 74.539431453235125, 39.331149670180956 ], [ 74.539717568251632, 39.331018783690915 ], [ 74.540240950389901, 39.330260763224025 ], [ 74.540877685028008, 39.32945837185617 ], [ 74.541572925840924, 39.328834795296331 ], [ 74.542266379241838, 39.328345222513697 ], [ 74.543477269022205, 39.327946305223854 ], [ 74.544685377630927, 39.327681381104824 ], [ 74.546529280980181, 39.327462716965428 ], [ 74.548143731033051, 39.327109439494535 ], [ 74.549123606334319, 39.326843890453276 ], [ 74.549583767897232, 39.326711038640276 ], [ 74.550793588542547, 39.326312046955252 ], [ 74.551141642260106, 39.326178902313963 ], [ 74.552465292819051, 39.325824846422918 ], [ 74.554079427190544, 39.325516155622601 ], [ 74.555520400670204, 39.325296354103507 ], [ 74.556673112890934, 39.324807820972538 ], [ 74.55771369995135, 39.324140323224569 ], [ 74.558809817179366, 39.323472955324434 ], [ 74.560021778273594, 39.323029197341761 ], [ 74.561345569614289, 39.322630372276642 ], [ 74.56243920508517, 39.322588327136934 ], [ 74.563877874378051, 39.322591764720194 ], [ 74.565546791058566, 39.322953078113578 ], [ 74.566924778360914, 39.32353703030941 ], [ 74.568302063453714, 39.324254970361423 ], [ 74.569705149902163, 39.324869564257654 ], [ 74.569705149902163, 39.324869564257654 ], [ 74.56802880491486, 39.326373876439199 ], [ 74.567111266585115, 39.327431744741006 ], [ 74.566801774744249, 39.328373952163695 ], [ 74.567099358298464, 39.329200503768909 ], [ 74.567855193221092, 39.329910829157939 ], [ 74.568914452983449, 39.330504359583763 ], [ 74.570427091840884, 39.331453314628725 ], [ 74.571331390724609, 39.332400014853448 ], [ 74.572239151038147, 39.333110873219205 ], [ 74.573297213029761, 39.333586446485342 ], [ 74.574967540828922, 39.333592562190454 ], [ 74.576489445464674, 39.333362266620554 ], [ 74.578315578651569, 39.332543466512945 ], [ 74.579991940411546, 39.331370334665671 ], [ 74.582282818289499, 39.329491858072252 ], [ 74.585479891223812, 39.327734505147134 ], [ 74.58746060597035, 39.326916099951674 ], [ 74.590199188750987, 39.325628666829289 ], [ 74.592787157930999, 39.324458555229924 ], [ 74.594920201428806, 39.323522634928004 ], [ 74.596290033731066, 39.322937796633589 ], [ 74.597961813357884, 39.322471911389556 ], [ 74.598965815592081, 39.322050923954428 ], [ 74.599324335880681, 39.321866013061076 ], [ 74.599653111416075, 39.321660581085553 ], [ 74.600017849490271, 39.321455272682705 ], [ 74.600250445412541, 39.321301137868254 ], [ 74.600579633170625, 39.321018201186362 ], [ 74.601673209843327, 39.320143928008299 ], [ 74.603395089747707, 39.318522797977344 ], [ 74.603994388873971, 39.317820562571725 ], [ 74.605659963444339, 39.314725937435483 ], [ 74.605659963444339, 39.314725937435483 ], [ 74.60761411183492, 39.318108238825381 ], [ 74.6079941970129, 39.318792459486993 ], [ 74.608346282836251, 39.319110639059915 ], [ 74.608845392624502, 39.319474750032704 ], [ 74.609373863816842, 39.319861605630521 ], [ 74.609843876855905, 39.320135159012636 ], [ 74.610490192447656, 39.320499988104508 ], [ 74.615280262677757, 39.322851571128943 ], [ 74.619630163312138, 39.324884385301075 ], [ 74.621657340579077, 39.326092140735895 ], [ 74.623213769483613, 39.327229783013458 ], [ 74.623919100748978, 39.32759482290431 ], [ 74.625771558786113, 39.328281802672102 ], [ 74.626682926992416, 39.328670415443256 ], [ 74.627153066709738, 39.328943899132277 ], [ 74.628563888333943, 39.329651321862194 ], [ 74.628973675976368, 39.329879318140485 ], [ 74.629439919742609, 39.330084995357161 ], [ 74.629847947876314, 39.330245184650735 ], [ 74.630343378674624, 39.330451000591836 ], [ 74.630867919160451, 39.330679557208775 ], [ 74.631276218502563, 39.330792146862919 ], [ 74.632191921244214, 39.330968686272406 ], [ 74.632514287859863, 39.331003653589825 ], [ 74.632514287859863, 39.331003653589825 ], [ 74.631966363930516, 39.335425910308018 ], [ 74.632088556617958, 39.338062127395879 ], [ 74.63309399582603, 39.339907266691306 ], [ 74.633623901391019, 39.340573197546398 ], [ 74.633623901391019, 39.340573197546398 ], [ 74.63510256120324, 39.342431345693718 ], [ 74.637194209364509, 39.34397534588814 ], [ 74.638824466712833, 39.344536167799014 ], [ 74.642157545878021, 39.345350313200235 ], [ 74.646032525311185, 39.346044183424127 ], [ 74.648264196981614, 39.346404168599832 ], [ 74.650300592613448, 39.346920701540697 ], [ 74.652337204760101, 39.347805210771988 ], [ 74.652946771061295, 39.348162843346145 ], [ 74.652946771061295, 39.348162843346145 ], [ 74.653443595682347, 39.348454325313561 ], [ 74.653850995577884, 39.349008546400441 ], [ 74.653967216420696, 39.34942346048485 ], [ 74.653908635347548, 39.349883727521444 ], [ 74.653791731368983, 39.350435861510363 ], [ 74.653267185521429, 39.351570169615066 ], [ 74.653267185521429, 39.351570169615066 ], [ 74.650037384836722, 39.351580757290975 ], [ 74.650037384836722, 39.351580757290975 ], [ 74.649438631933108, 39.354924073395544 ], [ 74.64823567126453, 39.358525995606875 ], [ 74.646528778205806, 39.361456791401466 ], [ 74.6448228322148, 39.363897509138354 ], [ 74.644145119591755, 39.365251569965636 ], [ 74.644145119591755, 39.365251569965636 ], [ 74.644024714066106, 39.365496852356294 ], [ 74.643060698960753, 39.366159671840165 ], [ 74.642154049313419, 39.366510943364673 ], [ 74.640623534098452, 39.36681412820716 ], [ 74.637909071650952, 39.366976875187369 ], [ 74.635251067687491, 39.366961684172935 ], [ 74.633894787342228, 39.366953904883751 ], [ 74.632819510000715, 39.366903184029489 ], [ 74.631634285963372, 39.366629056579349 ], [ 74.629997048571866, 39.366085010277423 ], [ 74.628587686521442, 39.365230404771154 ], [ 74.626665873097309, 39.363751797457248 ], [ 74.625270373893386, 39.362896557840607 ], [ 74.622058315080409, 39.36120754121773 ], [ 74.618119586712368, 39.359515180841065 ], [ 74.614089790538983, 39.358285495950149 ], [ 74.612457684878464, 39.358099936979848 ], [ 74.611504467283169, 39.358202507809501 ], [ 74.610593897595123, 39.358483383186837 ], [ 74.609145672233964, 39.359116730585761 ], [ 74.607472770539673, 39.360069316373711 ], [ 74.604894656654508, 39.361730558811843 ], [ 74.602415797029309, 39.363753289918051 ], [ 74.600791148598375, 39.365101825351601 ], [ 74.599349853869668, 39.366237211788111 ], [ 74.598268486733886, 39.367052487724578 ], [ 74.594580512547978, 39.369845615667465 ], [ 74.589034157632753, 39.372884445263239 ], [ 74.584877465023567, 39.37464541895779 ], [ 74.580295132271644, 39.37621679163648 ], [ 74.577221156013593, 39.377045266503181 ], [ 74.571802937093111, 39.378330398471022 ], [ 74.568791950285089, 39.378830450728003 ], [ 74.567467958262739, 39.378823297831744 ], [ 74.566205922706629, 39.37876909391219 ], [ 74.564947372566863, 39.378480908800718 ], [ 74.564584732048047, 39.378384387305168 ], [ 74.564584732048047, 39.378384387305168 ], [ 74.564047202647899, 39.378241314291394 ], [ 74.561289696103913, 39.376724270243962 ], [ 74.559013725468631, 39.375069002615561 ], [ 74.557577255839533, 39.374686015590704 ], [ 74.55619893675744, 39.374303357297983 ], [ 74.555058732595953, 39.374297415677809 ], [ 74.554278595225625, 39.374293342508167 ], [ 74.553617506054536, 39.374477630843657 ], [ 74.552775132050797, 39.374707908001987 ], [ 74.552115769418151, 39.374751382492789 ], [ 74.551095579645107, 39.374746030520626 ], [ 74.549836579782195, 39.374504731875177 ], [ 74.548697361733772, 39.374310986130141 ], [ 74.547618655538201, 39.374023677260723 ], [ 74.54677799943434, 39.373737629091032 ], [ 74.545821577672356, 39.373404003333313 ], [ 74.542711282245619, 39.371503410098839 ], [ 74.538895322726987, 39.369016528987629 ], [ 74.535675592356583, 39.367521999389254 ], [ 74.533633024951172, 39.366837552545064 ], [ 74.533633024951172, 39.366837552545064 ], [ 74.533161990061856, 39.366210991580587 ], [ 74.532707203961806, 39.365743398328433 ], [ 74.532457078471126, 39.36544298974917 ], [ 74.532083657583286, 39.365108789393254 ], [ 74.531583885434586, 39.364840582293738 ], [ 74.531128003988456, 39.364572548584732 ], [ 74.530753534709504, 39.364338130198611 ], [ 74.53042271509068, 39.363937579748672 ], [ 74.530049435490199, 39.363403804941512 ], [ 74.52956165286372, 39.362104490286619 ], [ 74.52923999102164, 39.360938925765865 ], [ 74.529165851251733, 39.359940733309379 ], [ 74.528791571019454, 39.359241269461108 ], [ 74.528157257640729, 39.358542496368202 ], [ 74.527269232854181, 39.357809849994901 ], [ 74.526843813101536, 39.357410385493651 ], [ 74.526253075178232, 39.356877690314661 ], [ 74.525449168918655, 39.35647720038385 ], [ 74.523797004327619, 39.355609705371734 ], [ 74.522993971475941, 39.355109616721847 ], [ 74.522273149543196, 39.354377388906329 ], [ 74.521479714598385, 39.353216234743677 ], [ 74.520479429881519, 39.351724627133713 ], [ 74.519051248648452, 39.350562704191404 ], [ 74.518592063022268, 39.350164404326485 ], [ 74.518130242536202, 39.349832272102049 ], [ 74.517633392496492, 39.349434412233933 ], [ 74.517383642243786, 39.349306435269256 ], [ 74.517384642243783, 39.349306435269256 ] ], [ [ 74.562549954765231, 39.336183031060116 ], [ 74.56250264056132, 39.335839296076827 ], [ 74.562456998744267, 39.335190121121499 ], [ 74.562214785855573, 39.334502296346997 ], [ 74.561827085233546, 39.333432315935653 ], [ 74.561536107946083, 39.332668011951135 ], [ 74.560949763932825, 39.331941175041038 ], [ 74.560166867716447, 39.33117568198881 ], [ 74.559284123359376, 39.330677201843777 ], [ 74.558105815961184, 39.330254357993425 ], [ 74.556974803057145, 39.330175239680329 ], [ 74.555744983419814, 39.330172230034357 ], [ 74.554464901054942, 39.330359984334592 ], [ 74.552988042412224, 39.330547236988536 ], [ 74.551264133946219, 39.330924758235184 ], [ 74.549391327732607, 39.33153096271738 ], [ 74.548256401689969, 39.33213899643323 ], [ 74.547416188048473, 39.332824121497431 ], [ 74.546722890126446, 39.333624154505678 ], [ 74.545979946840944, 39.334500418693928 ], [ 74.54548471081506, 39.335071866154244 ], [ 74.545138150873953, 39.335452786085547 ], [ 74.544939179632721, 39.335834083899798 ], [ 74.545036260903601, 39.336063412833056 ], [ 74.545232172287157, 39.336216631242017 ], [ 74.546019325022712, 39.336218629945698 ], [ 74.546757062533374, 39.336258679223711 ], [ 74.547001741330646, 39.336488380753352 ], [ 74.547390972454224, 39.337252969555642 ], [ 74.547975264351464, 39.338323490404619 ], [ 74.548757023432159, 39.339279963707796 ], [ 74.549641095870484, 39.339549443744453 ], [ 74.550428286395586, 39.339551412846916 ], [ 74.550823389147993, 39.339285139424341 ], [ 74.551122031845864, 39.338675001100036 ], [ 74.551372975503043, 39.337797480404916 ], [ 74.551524874244933, 39.337034252566113 ], [ 74.55187355518035, 39.336271514241979 ], [ 74.552761461820808, 39.335853736215384 ], [ 74.553648930365142, 39.335512311220576 ], [ 74.554340245089804, 39.335055854205187 ], [ 74.554884389876889, 39.334522669189724 ], [ 74.555477297083257, 39.334065964055846 ], [ 74.555969464110746, 39.334028990788632 ], [ 74.556706972786074, 39.334107156888635 ], [ 74.557787368704297, 39.334453416336899 ], [ 74.558719554644625, 39.334913846702065 ], [ 74.5598476973651, 39.335527463642578 ], [ 74.560779911172403, 39.335987877578958 ], [ 74.561466988186382, 39.336294973153336 ], [ 74.562254352388521, 39.336258684338667 ], [ 74.562549954765231, 39.336183031060116 ] ] ] ] } },
{ "type": "Feature", "properties": { "ID": 545, "周长": 1.0139238814085414, "面积": 0.013376450018447663, "FEATUREID": "OFBB002C1AJ430010020000048", "CHFCAC": "000048", "YSKB": "222100-232007", "QDUECD": "乌鲁阿特组", "QDUECC": "→C↓1→w", "GZEKG": "132200", "YSHB": "灰绿色-紫红色", "YSC": "1035", "YSD": "1015", "YSJB": "51", "YSBBAV": "", "MDAEC": "", "YKBIA": "", "YSADA": "", "YSEBC": "", "HSBA": "", "YSKD": "22-21", "YSKC": "100", "DDCDS": "1220", "fill_color": -17920, "pattern": 173, "pattern_color": 3328, "_src_file": "LDZOFBB002.WP", "_src_id": 3 }, "geometry": { "type": "MultiPolygon", "coordinates": [ [ [ [ 74.653422170570209, 39.328176875205315 ], [ 74.653124578175166, 39.328112216962964 ], [ 74.649936900034533, 39.327062710636426 ], [ 74.649046068765699, 39.326793678325309 ], [ 74.647983941022659, 39.326470853576332 ], [ 74.64695611785065, 39.326148125430976 ], [ 74.645962689493658, 39.32579887471362 ], [ 74.645277488706114, 39.325583713267392 ], [ 74.644352397065717, 39.32531453611233 ], [ 74.643735705732084, 39.325126206497771 ], [ 74.642057853368399, 39.324348758088476 ], [ 74.64144163030069, 39.324027300171494 ], [ 74.64089400283089, 39.323706057369733 ], [ 74.640072297931809, 39.323304058734522 ], [ 74.638840632832625, 39.322448126494287 ], [ 74.637676197863314, 39.321991756790005 ], [ 74.637059550918607, 39.321803391908887 ], [ 74.636271533513735, 39.321587843285684 ], [ 74.635620506909731, 39.321425983725234 ], [ 74.63493500411677, 39.321317255406747 ], [ 74.63452347880488, 39.321315912325765 ], [ 74.634043553555969, 39.32126109852635 ], [ 74.6335981121766, 39.321153146045191 ], [ 74.632810017154256, 39.320964196372891 ], [ 74.627971690118201, 39.319745754248032 ], [ 74.626900052193193, 39.319528145585309 ], [ 74.626070565809258, 39.31931168793966 ], [ 74.624826342999555, 39.318986990410608 ], [ 74.621440027358602, 39.317953856473345 ], [ 74.620956679026747, 39.317708507461155 ], [ 74.620611592290572, 39.317490830969518 ], [ 74.620404665936547, 39.317327824325162 ], [ 74.619990710605379, 39.317028812772243 ], [ 74.617060738478656, 39.314368523936203 ], [ 74.614545096386934, 39.311953199168755 ], [ 74.612898929354884, 39.309652146934845 ], [ 74.612252934461367, 39.308685730585886 ], [ 74.612252934461367, 39.308685730585886 ], [ 74.616327533489979, 39.306358421282397 ], [ 74.616461845426045, 39.30630666779993 ], [ 74.618241071198398, 39.30568634782108 ], [ 74.61877829544774, 39.305479324007656 ], [ 74.619617208357766, 39.305247444721481 ], [ 74.620322236342872, 39.304988801869065 ], [ 74.620758794810584, 39.304807502537322 ], [ 74.621296007894756, 39.304600467015035 ], [ 74.621833358671282, 39.304367257109277 ], [ 74.62227033434678, 39.304107436410959 ], [ 74.622640579997949, 39.303794978791586 ], [ 74.623078394271602, 39.303378125929108 ], [ 74.623281111733817, 39.303064939084038 ], [ 74.623483827380824, 39.302751751860391 ], [ 74.623687671032641, 39.302229191365299 ], [ 74.623723991220146, 39.301705902262668 ], [ 74.623593220867178, 39.301103373553786 ], [ 74.623195078627603, 39.300343215680236 ], [ 74.62216232106563, 39.297899950497147 ], [ 74.621464704196768, 39.295432189673136 ], [ 74.621264949881962, 39.294912429377348 ], [ 74.621199445332792, 39.294289474346769 ], [ 74.620702648902693, 39.288449300379632 ], [ 74.620702648902693, 39.288449300379632 ], [ 74.621165807410861, 39.288182677733346 ], [ 74.622099082228047, 39.287758982833992 ], [ 74.622963314949956, 39.287388264121603 ], [ 74.62455374130154, 39.286592718200787 ], [ 74.625072679603377, 39.286193744892799 ], [ 74.625557076457952, 39.285794619880974 ], [ 74.626214383022102, 39.285289248388594 ], [ 74.626802552087838, 39.284810321627802 ], [ 74.627459592437347, 39.284411933186732 ], [ 74.627943532109171, 39.284200029839795 ], [ 74.628600437168686, 39.283855127746257 ], [ 74.629188057925376, 39.283563294168587 ], [ 74.630120647092099, 39.283218806192963 ], [ 74.63195038416562, 39.282930895406409 ], [ 74.632537545690099, 39.282718934307724 ], [ 74.633366874582052, 39.282346568559092 ], [ 74.633920878665563, 39.28199742790197 ], [ 74.634648414719194, 39.281459859738298 ], [ 74.634856885095559, 39.28119054087891 ], [ 74.635135357694367, 39.280732442249459 ], [ 74.635448899258577, 39.280166448264097 ], [ 74.63569488618235, 39.279683685532611 ], [ 74.63569488618235, 39.279683685532611 ], [ 74.637473855831018, 39.280497621278109 ], [ 74.638485166832879, 39.281026133078853 ], [ 74.640002837109222, 39.281687542302038 ], [ 74.64168786857222, 39.282677801524883 ], [ 74.642950756473468, 39.28360107164994 ], [ 74.644297850751613, 39.284590253915638 ], [ 74.645054425081767, 39.285380611390593 ], [ 74.645558156361517, 39.286038850419658 ], [ 74.645978711529352, 39.286434155258576 ], [ 74.646482128803811, 39.287158060133457 ], [ 74.64689436923922, 39.287978942878034 ], [ 74.647130860168474, 39.288759637745628 ], [ 74.647402914091074, 39.289379201138878 ], [ 74.647607524490283, 39.289756507079161 ], [ 74.647916010712279, 39.290080529967419 ], [ 74.648395655621499, 39.290620406550502 ], [ 74.648841841882131, 39.290998829067512 ], [ 74.649219707248179, 39.29126940231037 ], [ 74.649700757661932, 39.291594217134339 ], [ 74.650801952576543, 39.292083188379792 ], [ 74.651249891621973, 39.292192782904927 ], [ 74.651940092450786, 39.292195960588664 ], [ 74.652595360474763, 39.292199572634416 ], [ 74.653596010665808, 39.292071171784485 ], [ 74.655527323247085, 39.291975215900337 ], [ 74.656286124063044, 39.291925991739099 ], [ 74.657286595148165, 39.291824438094402 ], [ 74.658011258407143, 39.291721230658851 ], [ 74.658839006799084, 39.291672399507547 ], [ 74.659769330059277, 39.291758588390415 ], [ 74.661112682018995, 39.291954751624488 ], [ 74.661629136734149, 39.292065350059197 ], [ 74.662662220662313, 39.292259654331723 ], [ 74.675680456990065, 39.295505227256463 ], [ 74.677596811430547, 39.296211113512015 ], [ 74.679495711533093, 39.296856032093473 ], [ 74.681094596346057, 39.297199663971689 ], [ 74.683170008679454, 39.297512744995494 ], [ 74.683775439929974, 39.2975829057604 ], [ 74.684208106248462, 39.29758468356944 ], [ 74.684856803839892, 39.29765501685457 ], [ 74.685419273330325, 39.297657319325779 ], [ 74.686414563623998, 39.297627553903752 ], [ 74.686934069748489, 39.297562002128103 ], [ 74.688060217515186, 39.297295903628125 ], [ 74.688450370585102, 39.297128310425848 ], [ 74.689707282864632, 39.296363957189648 ], [ 74.690057217908119, 39.295987103995074 ], [ 74.69085145635708, 39.29534451126829 ], [ 74.69185271992113, 39.294568203342337 ], [ 74.693094685947969, 39.293819765667003 ], [ 74.693554717018472, 39.293558440207562 ], [ 74.694575772352536, 39.293210462563572 ], [ 74.694922066013717, 39.293144204373284 ], [ 74.695311606433165, 39.293078116876742 ], [ 74.695744249997716, 39.293046025492686 ], [ 74.696392992611365, 39.293048621911346 ], [ 74.696954651495858, 39.293186166904427 ], [ 74.699378451038001, 39.293636534888364 ], [ 74.699986623293128, 39.293639661800462 ], [ 74.700507623999627, 39.293709988618389 ], [ 74.70137644463837, 39.293714444959605 ], [ 74.70211494011545, 39.293718230449073 ], [ 74.702679385410335, 39.293788769031046 ], [ 74.705675105385509, 39.294209955658715 ], [ 74.706456477816644, 39.294349230488805 ], [ 74.706759477577833, 39.294485571381081 ], [ 74.707105528303856, 39.294621758583631 ], [ 74.707321049346845, 39.294825005702414 ], [ 74.707579501906764, 39.295095902358867 ], [ 74.707922947035655, 39.295637103535761 ], [ 74.709814371364146, 39.298242427550328 ], [ 74.710201650777705, 39.298716265487805 ], [ 74.71063273415875, 39.299122745476865 ], [ 74.711106975897778, 39.299563121116364 ], [ 74.711495999838107, 39.299766943875149 ], [ 74.711927960597393, 39.300038413633011 ], [ 74.712532969666924, 39.300377968325691 ], [ 74.713224748310267, 39.30071821775222 ], [ 74.71409054761024, 39.300993199443589 ], [ 74.715303115063762, 39.301303340240743 ], [ 74.715693046901421, 39.301372661538629 ], [ 74.716213088393516, 39.30144241358493 ], [ 74.716993939483586, 39.301411003747646 ], [ 74.717427832222967, 39.30137843410516 ], [ 74.717948662020476, 39.301312143714313 ], [ 74.718816838892735, 39.301178979459948 ], [ 74.71933805639236, 39.301044664353221 ], [ 74.72033731049153, 39.300741872032248 ], [ 74.721250991920854, 39.300271887956299 ], [ 74.723249630237277, 39.299163500851002 ], [ 74.723814540814345, 39.298793668187479 ], [ 74.72424856948895, 39.298592262100271 ], [ 74.724944344139132, 39.298053996755471 ], [ 74.72546575305654, 39.297717798365447 ], [ 74.725901020867312, 39.297313875265218 ], [ 74.726380602212757, 39.296741301829549 ], [ 74.726773830804916, 39.29613475605904 ], [ 74.727691552488409, 39.294685726415175 ], [ 74.728301339132202, 39.294045970123918 ], [ 74.729609700513123, 39.292395391579014 ], [ 74.730132491027234, 39.29182290922126 ], [ 74.730828773015816, 39.291183353278242 ], [ 74.732481340769723, 39.2898373674307 ], [ 74.73313431313494, 39.289197691164794 ], [ 74.733526418959144, 39.288759878947182 ], [ 74.733874836994858, 39.288389462709517 ], [ 74.734832717972481, 39.287413005271631 ], [ 74.735528300825678, 39.286874674985491 ], [ 74.737569691885369, 39.285597069730308 ], [ 74.738133809245056, 39.285328422947643 ], [ 74.739651930379907, 39.28463492708368 ], [ 74.743896564462844, 39.282819223767746 ], [ 74.744815099042611, 39.282454791627806 ], [ 74.747511931119575, 39.28136188480503 ], [ 74.748395591397482, 39.281010728775101 ], [ 74.749313100905823, 39.280605325805389 ], [ 74.750298233613591, 39.28006428238502 ], [ 74.750909720518365, 39.279739695505867 ], [ 74.75131720711309, 39.279468991998847 ], [ 74.754408400307184, 39.277791754117125 ], [ 74.756887840980824, 39.276384746110182 ], [ 74.758043164968015, 39.275898289212094 ], [ 74.759062541136785, 39.275465859480541 ], [ 74.761779810354284, 39.274004913989756 ], [ 74.762323233098883, 39.273707286296009 ], [ 74.762968544441108, 39.273355545821666 ], [ 74.763953922120109, 39.272950160386344 ], [ 74.771102632155376, 39.269683732823367 ], [ 74.773756858001079, 39.268498593512582 ], [ 74.776052025387116, 39.267199379745662 ], [ 74.776921396541127, 39.266712184243943 ], [ 74.77768636879722, 39.266251901285905 ], [ 74.778798909296654, 39.265520581644971 ], [ 74.780015444351733, 39.264654297372779 ], [ 74.781820800340824, 39.263118029777964 ], [ 74.787417089317046, 39.258129113254498 ], [ 74.78835752756801, 39.257184396123137 ], [ 74.789263007292405, 39.256185499543399 ], [ 74.793076638975762, 39.252409464032176 ], [ 74.793800288844196, 39.251519555395902 ], [ 74.794730589511929, 39.250305823981648 ], [ 74.795837830748667, 39.249067569061715 ], [ 74.799033947865851, 39.244988102417913 ], [ 74.799520842020698, 39.244292058449794 ], [ 74.800147252610216, 39.24327433645437 ], [ 74.800773645040834, 39.242256613116915 ], [ 74.801330077936782, 39.241453449297424 ], [ 74.802480377766145, 39.239682530693479 ], [ 74.802480377766145, 39.239682530693479 ], [ 74.802901752319244, 39.239651904879921 ], [ 74.80424126110178, 39.239760471507516 ], [ 74.804976455470268, 39.239886452477755 ], [ 74.80568517648743, 39.240073487334598 ], [ 74.806315083662454, 39.240260130139752 ], [ 74.806761024150902, 39.240466264578423 ], [ 74.807443281071471, 39.240714343000107 ], [ 74.807862820515979, 39.240961135408099 ], [ 74.809200005543104, 39.241783465017789 ], [ 74.810641307663687, 39.242912216178105 ], [ 74.811165695110276, 39.243241085349347 ], [ 74.811742836240683, 39.243509022586508 ], [ 74.812188813226228, 39.243715138469646 ], [ 74.81266126426776, 39.243860192570445 ], [ 74.813133785856337, 39.243984850293216 ], [ 74.8135538267031, 39.244088858642293 ], [ 74.814052756326646, 39.244172849076762 ], [ 74.815022326981264, 39.244319620676741 ], [ 74.815623483308627, 39.244403169962439 ], [ 74.816355578235047, 39.244425957381246 ], [ 74.817427541044111, 39.244470242223869 ], [ 74.822501415525338, 39.244678218504781 ], [ 74.825769350496529, 39.245327310118313 ], [ 74.826265959773053, 39.245472721210483 ], [ 74.826579631049739, 39.245555955906077 ], [ 74.827703159032765, 39.24603131240746 ], [ 74.830368485277759, 39.247148389377365 ], [ 74.836039202629181, 39.249840125764372 ], [ 74.843070792544992, 39.253285838508233 ], [ 74.848560369246385, 39.256600775483975 ], [ 74.854401644527528, 39.260757105128569 ], [ 74.861943258005397, 39.26653679523384 ], [ 74.865392349854332, 39.269414800098431 ], [ 74.871012117898843, 39.273588924936476 ], [ 74.873226020897832, 39.275481190372538 ], [ 74.873641102890176, 39.2759580890256 ], [ 74.874937644872034, 39.277554333098159 ], [ 74.876857119874273, 39.279834886420339 ], [ 74.87753188275164, 39.280581399758837 ], [ 74.879791977155818, 39.282718354045578 ], [ 74.881537526671423, 39.284277362708401 ], [ 74.882110051492901, 39.284850895450809 ], [ 74.885307405553462, 39.288457060826282 ], [ 74.885828067052572, 39.289091675568812 ], [ 74.88640133541729, 39.289665180746368 ], [ 74.887000958641764, 39.290197915277005 ], [ 74.887678925383426, 39.290771725041687 ], [ 74.888330817625032, 39.291325030318127 ], [ 74.889243124005944, 39.292185419411048 ], [ 74.890807903290451, 39.293476568892473 ], [ 74.891589754788953, 39.294254872207951 ], [ 74.892994374404338, 39.296155805832576 ], [ 74.893461327876508, 39.29705433536612 ], [ 74.893720153349591, 39.29768724642566 ], [ 74.894184937231373, 39.299075351172519 ], [ 74.894747641735947, 39.301790393429627 ], [ 74.894953276914819, 39.302464634130736 ], [ 74.895263476756782, 39.303159506999833 ], [ 74.895470130382947, 39.303649981975951 ], [ 74.89583126254044, 39.304146271772993 ], [ 74.89583126254044, 39.304146271772993 ], [ 74.890347115613466, 39.305073192117959 ], [ 74.884255347137753, 39.305681331188424 ], [ 74.883185430046737, 39.305786151277537 ], [ 74.88108520454783, 39.305941293844619 ], [ 74.878949704885301, 39.306069287486885 ], [ 74.877643627033919, 39.306118972426475 ], [ 74.876539999345368, 39.306195624307946 ], [ 74.872915324189393, 39.306315102419909 ], [ 74.86504740175225, 39.306602779400976 ], [ 74.865046401752252, 39.306602779400976 ], [ 74.864517962084577, 39.306345913012819 ], [ 74.864017127556579, 39.30601511694011 ], [ 74.863337462981391, 39.305461959610547 ], [ 74.861873316972023, 39.303892938941502 ], [ 74.860775036465625, 39.302823021395447 ], [ 74.858759961140123, 39.301680740636463 ], [ 74.85756876700728, 39.301251842898758 ], [ 74.856010950305333, 39.300751240512461 ], [ 74.853811436744948, 39.300178569183743 ], [ 74.851978285705172, 39.299820045963394 ], [ 74.850145305341897, 39.299390254474638 ], [ 74.849045743868047, 39.299032629198706 ], [ 74.847946655958566, 39.298461270766886 ], [ 74.846848051601285, 39.297676183652861 ], [ 74.845933007689752, 39.296820087229449 ], [ 74.845109676167937, 39.295964105545963 ], [ 74.844194994379023, 39.294965516392132 ], [ 74.843279541564428, 39.294323119487096 ], [ 74.842546841487831, 39.293965925823301 ], [ 74.842180094412555, 39.293965429289251 ], [ 74.842087286731086, 39.294463985671626 ], [ 74.84226938134556, 39.295034158839584 ], [ 74.842725910240219, 39.295889663566683 ], [ 74.843091392293232, 39.296460082889965 ], [ 74.843731482520312, 39.297244591075028 ], [ 74.844646502172139, 39.298100704691727 ], [ 74.845470479488469, 39.298671727225425 ], [ 74.846019702058442, 39.299099899350324 ], [ 74.847393556829459, 39.299814115595659 ], [ 74.849409312131414, 39.300529149835164 ], [ 74.856190255662511, 39.302746195420788 ], [ 74.857381032913793, 39.303388827619997 ], [ 74.858021630713736, 39.304030777944668 ], [ 74.858845070875361, 39.304957906974828 ], [ 74.860310165531203, 39.306028283035552 ], [ 74.861016230890257, 39.306496577156558 ], [ 74.861046721901062, 39.306514524203159 ], [ 74.861359265133416, 39.306761254949251 ], [ 74.86214112989903, 39.307129369686123 ], [ 74.862142129899027, 39.307129369686123 ], [ 74.857173084003563, 39.30724901891405 ], [ 74.855590015164097, 39.307392104110129 ], [ 74.854924737368421, 39.307439429024598 ], [ 74.854257396180742, 39.307511296695218 ], [ 74.853879119240531, 39.307583924017642 ], [ 74.85330779662776, 39.307656040579005 ], [ 74.852705606135714, 39.307801711156756 ], [ 74.85131371719811, 39.308018259483347 ], [ 74.843598994775306, 39.310074587195849 ], [ 74.840185018825679, 39.310870858270164 ], [ 74.836996252887232, 39.31166830612473 ], [ 74.836399568197749, 39.311862605841441 ], [ 74.835613310532466, 39.312006891539042 ], [ 74.834894657026155, 39.312028418761493 ], [ 74.834517189017461, 39.312100623370469 ], [ 74.834233886076632, 39.312148625931655 ], [ 74.833764870462488, 39.312294240956142 ], [ 74.833417342379931, 39.31241578657103 ], [ 74.833073426603136, 39.312586538665251 ], [ 74.832693996970704, 39.312781759526644 ], [ 74.832253528786623, 39.313025920762712 ], [ 74.831877322729483, 39.313319556199964 ], [ 74.830426930641522, 39.314518966242289 ], [ 74.830045551668746, 39.314960222572225 ], [ 74.829920320245634, 39.315205725688593 ], [ 74.829791087930616, 39.315451228653586 ], [ 74.829335728088324, 39.317589914424779 ], [ 74.829237113339104, 39.318180013819891 ], [ 74.829235218696297, 39.318549077553122 ], [ 74.829294914437867, 39.319114153908515 ], [ 74.829480432333241, 39.319555514443032 ], [ 74.829728338747458, 39.320046095108367 ], [ 74.829851750224691, 39.320389285899829 ], [ 74.830100203390487, 39.320781966176732 ], [ 74.8305655558773, 39.321249012003136 ], [ 74.830879487754572, 39.321495109226539 ], [ 74.831191424722377, 39.321741203360858 ], [ 74.831628675784444, 39.321987836000709 ], [ 74.832127322689786, 39.322283683904452 ], [ 74.832565446691746, 39.322554789588708 ], [ 74.833531830192655, 39.323072917350601 ], [ 74.833971506212293, 39.323246115971536 ], [ 74.834469707129557, 39.323444054267739 ], [ 74.835157949070862, 39.3238141174063 ], [ 74.835659157393195, 39.324012050596401 ], [ 74.838546112284661, 39.325173253425199 ], [ 74.839429734042881, 39.325444961171129 ], [ 74.840127668189453, 39.32564270809214 ], [ 74.840853890726365, 39.325913962166354 ], [ 74.841423974077827, 39.32613582444332 ], [ 74.842243589603683, 39.326529710466403 ], [ 74.842532406013319, 39.326708358002598 ], [ 74.843292866771719, 39.327088447331683 ], [ 74.843953271679496, 39.327566590975891 ], [ 74.844497918468733, 39.328127849456642 ], [ 74.844905816950202, 39.328754683005499 ], [ 74.845165215676687, 39.32942750143048 ], [ 74.84526700112518, 39.33012528140712 ], [ 74.845269868979699, 39.330259328558974 ], [ 74.845271233575048, 39.330504225662636 ], [ 74.845206613527878, 39.330944840287749 ], [ 74.845057022914631, 39.331425096752874 ], [ 74.844727428121914, 39.332160482027518 ], [ 74.844337252599743, 39.332876879928861 ], [ 74.84388529980194, 39.333570986644801 ], [ 74.843372663205187, 39.334239591005314 ], [ 74.842585120847531, 39.335146092367907 ], [ 74.839957245233251, 39.338394909346654 ], [ 74.839957245233251, 39.338394909346654 ], [ 74.837442478315481, 39.338601259582404 ], [ 74.831999480143622, 39.339066732535009 ], [ 74.830363581934904, 39.339425017621814 ], [ 74.829273216633737, 39.339724887533507 ], [ 74.828647812923379, 39.340088033182631 ], [ 74.828178749194265, 39.340757056519443 ], [ 74.827313608973284, 39.341912395921085 ], [ 74.825829548177808, 39.343064705550972 ], [ 74.82348932642806, 39.344212819986012 ], [ 74.819435325028152, 39.345840687993267 ], [ 74.81421356696012, 39.347523556475863 ], [ 74.81039857110828, 39.348477255073078 ], [ 74.805184331185515, 39.348996868994064 ], [ 74.800365320942618, 39.348484015657014 ], [ 74.795859468087855, 39.347728090313325 ], [ 74.790491761983191, 39.347028557580273 ], [ 74.786109144172755, 39.345966060877622 ], [ 74.779853784097924, 39.344220944303331 ], [ 74.777131519737466, 39.343472624186738 ], [ 74.777131519737466, 39.343472624186738 ], [ 74.772603162557047, 39.342226187367729 ], [ 74.767863605606806, 39.341101073322392 ], [ 74.764133807350305, 39.340606338102617 ], [ 74.759631862317534, 39.340354796044231 ], [ 74.755981204684716, 39.340165588140181 ], [ 74.750078141235136, 39.339300088275692 ], [ 74.744785050496318, 39.338552998757578 ], [ 74.738962001783193, 39.336640950071356 ], [ 74.736001532782879, 39.335391911808458 ], [ 74.735247950752438, 39.334489194843783 ], [ 74.734944218227113, 39.333851564883481 ], [ 74.734772106819761, 39.33318497686593 ], [ 74.734735813779977, 39.332505707680326 ], [ 74.734835217777871, 39.331830341449745 ], [ 74.734715478928848, 39.331092543225118 ], [ 74.734525018270716, 39.330364982143834 ], [ 74.734025745401325, 39.328435449732453 ], [ 74.733791164612967, 39.32792842351347 ], [ 74.732610096930131, 39.326121992064181 ], [ 74.731697080412033, 39.325351891821121 ], [ 74.731697080412033, 39.325351891821121 ], [ 74.730455447516405, 39.32430541904683 ], [ 74.729897452676468, 39.323804372636715 ], [ 74.729339047850843, 39.323428257382844 ], [ 74.728699837364502, 39.322989487133064 ], [ 74.728060634878915, 39.322550711116328 ], [ 74.726535485660818, 39.321953684684821 ], [ 74.725896168666182, 39.321702299776739 ], [ 74.725133790698905, 39.321388159316463 ], [ 74.724331869885759, 39.321011451642448 ], [ 74.723691569434564, 39.320760054612023 ], [ 74.723131506277454, 39.320446376436571 ], [ 74.72104911439331, 39.319379350930511 ], [ 74.718199527064172, 39.317696168561675 ], [ 74.714948806538956, 39.31561883838252 ], [ 74.7141832858931, 39.315234728136303 ], [ 74.713663452805818, 39.31491504755413 ], [ 74.711811688439411, 39.314113851365548 ], [ 74.709759721453764, 39.313343664609583 ], [ 74.705569959101737, 39.311739803201021 ], [ 74.704600525134438, 39.311577637607293 ], [ 74.704437272002139, 39.311608847430364 ], [ 74.704193796165896, 39.311671546624481 ], [ 74.704072870652695, 39.311734662432215 ], [ 74.70399126715354, 39.311829684675942 ], [ 74.703705565907057, 39.312178140209291 ], [ 74.703378206330783, 39.312717056346763 ], [ 74.702887059895446, 39.313541312445324 ], [ 74.702640531719879, 39.314112272682372 ], [ 74.702557783118323, 39.314397892135354 ], [ 74.702433181936627, 39.314905737669129 ], [ 74.702305627529242, 39.315572413746118 ], [ 74.702219405287792, 39.316334745746659 ], [ 74.70213054181842, 39.317128877688148 ], [ 74.702201255124251, 39.318018947172568 ], [ 74.70227882296065, 39.31843235403462 ], [ 74.70247749092249, 39.319260238653236 ], [ 74.702681291495864, 39.320094407409286 ], [ 74.702671388780018, 39.320969446237932 ], [ 74.702571980905219, 39.324469404235444 ], [ 74.702458071949152, 39.325135700937373 ], [ 74.702288882023055, 39.325760129193981 ], [ 74.702066926027044, 39.326301021160894 ], [ 74.70157392216862, 39.32692425003011 ], [ 74.700921582764153, 39.327380202592032 ], [ 74.700323516903737, 39.327878018351406 ], [ 74.698969037513621, 39.328706365928149 ], [ 74.698263779902248, 39.329120488645977 ], [ 74.697779531635419, 39.329410580868199 ], [ 74.696592530246832, 39.32999005162587 ], [ 74.695568467874551, 39.33040336890808 ], [ 74.694599632112471, 39.330608511669816 ], [ 74.693525592627296, 39.330729952427816 ], [ 74.692614991095112, 39.330726915963758 ], [ 74.691917931721164, 39.330641249343209 ], [ 74.690953806432418, 39.330471345111015 ], [ 74.688172657951867, 39.33004528359443 ], [ 74.686299070621658, 39.329705585838013 ], [ 74.685338032717041, 39.329452297996497 ], [ 74.6841636241667, 39.329031597417931 ], [ 74.677177492280052, 39.327248404714204 ], [ 74.673461708189151, 39.32614599795744 ], [ 74.672385776045104, 39.325890710654065 ], [ 74.671631183102633, 39.325720355061542 ], [ 74.670336535869055, 39.325631074658205 ], [ 74.668283318707964, 39.325747133308198 ], [ 74.667421705437746, 39.325785000483521 ], [ 74.666447496094648, 39.325947619926914 ], [ 74.66579905820403, 39.326111692651949 ], [ 74.665205132697977, 39.326359498942892 ], [ 74.664611038637247, 39.326690880449142 ], [ 74.663855612350872, 39.327021989652998 ], [ 74.663045680431424, 39.327227545041175 ], [ 74.66207509029995, 39.327432427453466 ], [ 74.659973758094367, 39.327674395743514 ], [ 74.653423170570207, 39.328176875205315 ], [ 74.653422170570209, 39.328176875205315 ] ], [ [ 74.765061292992783, 39.318580386854521 ], [ 74.76515554714004, 39.317882237211514 ], [ 74.765024172435886, 39.317148713966674 ], [ 74.764575079117066, 39.316693883050363 ], [ 74.76380865940267, 39.316447909672029 ], [ 74.762996686252819, 39.316271672740726 ], [ 74.762140145924548, 39.315990586620579 ], [ 74.76160094880143, 39.315500644038266 ], [ 74.761242608114728, 39.314976153990564 ], [ 74.761065126127065, 39.314417118139332 ], [ 74.760796528005642, 39.313997561041653 ], [ 74.760076704514461, 39.313507239979529 ], [ 74.759311129893376, 39.313121570124935 ], [ 74.758588935154179, 39.31305023824973 ], [ 74.756916932856342, 39.313221339068761 ], [ 74.755064474803746, 39.313357120326692 ], [ 74.753121484790341, 39.313527596145271 ], [ 74.752351294016762, 39.313944963531142 ], [ 74.751353450183487, 39.314676090465163 ], [ 74.750174932733529, 39.315406821148656 ], [ 74.748998229710523, 39.31582329084025 ], [ 74.747687656868465, 39.315960123915772 ], [ 74.746694047029678, 39.315957963909781 ], [ 74.7460607232223, 39.316131166296088 ], [ 74.745696323443696, 39.316654126290921 ], [ 74.745872455167344, 39.317422684883752 ], [ 74.74649880765044, 39.318436645169911 ], [ 74.747665127706242, 39.319800944483994 ], [ 74.748924478716788, 39.320711513877193 ], [ 74.749825170857648, 39.321167376176177 ], [ 74.750277658433191, 39.321028679412649 ], [ 74.751003990972933, 39.320401732302159 ], [ 74.751731731128132, 39.319530362835586 ], [ 74.752366084514932, 39.319182545324786 ], [ 74.752908282095461, 39.319148783722873 ], [ 74.753765024262464, 39.319395019829066 ], [ 74.755296454075676, 39.320131509056793 ], [ 74.756421811209009, 39.320797294949251 ], [ 74.757456457716344, 39.321532715106343 ], [ 74.758717762918764, 39.322128927706885 ], [ 74.760026837795053, 39.322271304229929 ], [ 74.761698848641444, 39.322135077445651 ], [ 74.762831010012079, 39.321613636746022 ], [ 74.76410081804957, 39.320708379403904 ], [ 74.764783233216704, 39.319836836369873 ], [ 74.76501220558761, 39.319278627517427 ], [ 74.765061292992783, 39.318580386854521 ] ], [ [ 74.770413880927919, 39.312407507515374 ], [ 74.771448127972334, 39.312338298659384 ], [ 74.772483144187333, 39.312129415792676 ], [ 74.773429975739091, 39.311606220521917 ], [ 74.774197952104274, 39.310908327031868 ], [ 74.774516228663501, 39.310245089020391 ], [ 74.774565000583507, 39.309546779505531 ], [ 74.774297983603788, 39.309057788920583 ], [ 74.773894022268848, 39.308952804134279 ], [ 74.773354065055827, 39.309057240896365 ], [ 74.772138150128484, 39.309475526147459 ], [ 74.770563595478293, 39.309718996385051 ], [ 74.76917211863001, 39.309368972452496 ], [ 74.767781983193828, 39.308564661302086 ], [ 74.766883872832878, 39.307655020120436 ], [ 74.766255562522872, 39.306955419179104 ], [ 74.765625500637142, 39.306570062446539 ], [ 74.76481265547821, 39.306568420981847 ], [ 74.763998435876985, 39.306811190137729 ], [ 74.762866326119934, 39.307367559915889 ], [ 74.762049322125094, 39.308099150023025 ], [ 74.761864336627667, 39.308866947070818 ], [ 74.762129763606495, 39.309845167799857 ], [ 74.762712503003456, 39.310614534319228 ], [ 74.763612367268294, 39.311209955338896 ], [ 74.764603160244349, 39.311700805200999 ], [ 74.766181265832174, 39.312157911657543 ], [ 74.767489586166178, 39.312404953111347 ], [ 74.769335064829619, 39.312406843146093 ], [ 74.770413880927919, 39.312407507515374 ] ], [ [ 74.789786561647801, 39.311096611008026 ], [ 74.790062833021182, 39.310586670263085 ], [ 74.790447866607693, 39.31020429183959 ], [ 74.790890062118066, 39.309354377175424 ], [ 74.79105977944414, 39.308291816356402 ], [ 74.791285984243828, 39.306889238936243 ], [ 74.791676546918268, 39.305444225206315 ], [ 74.791843796885843, 39.30484921956603 ], [ 74.792792093595835, 39.301364178111307 ], [ 74.793408284841007, 39.298601584723095 ], [ 74.793524112397577, 39.297368973988618 ], [ 74.793201394146152, 39.296306204508134 ], [ 74.792333842502785, 39.294818153443373 ], [ 74.791354915286249, 39.293712595471384 ], [ 74.790320870850067, 39.292692015704652 ], [ 74.788793406336424, 39.29188373142447 ], [ 74.787427835644465, 39.291500557633135 ], [ 74.785678459360923, 39.29128720527769 ], [ 74.784094562409251, 39.290818878214886 ], [ 74.78212890786547, 39.290137805961336 ], [ 74.780653777655203, 39.289797003151733 ], [ 74.779397467457855, 39.289456296947314 ], [ 74.777867664520357, 39.289115429537823 ], [ 74.776282247100539, 39.288944530425297 ], [ 74.774479892581923, 39.288433442859024 ], [ 74.772568398544337, 39.287879758189106 ], [ 74.770873152436181, 39.287793733326211 ], [ 74.770379674407224, 39.288005960116067 ], [ 74.77032333071854, 39.288303465015169 ], [ 74.770429208392059, 39.288941111001819 ], [ 74.770697550472335, 39.289876395597553 ], [ 74.770530389348011, 39.290428863274094 ], [ 74.770200999392102, 39.290641189533424 ], [ 74.768170858504334, 39.291745071433226 ], [ 74.766901429042647, 39.292762774459902 ], [ 74.765411276400485, 39.293864924600918 ], [ 74.764525668511993, 39.294968279632954 ], [ 74.764026215610215, 39.295817378789607 ], [ 74.764022867479198, 39.296412450065951 ], [ 74.764351932554405, 39.296540634868364 ], [ 74.764901576644633, 39.296541746019848 ], [ 74.766222145139238, 39.296289375141754 ], [ 74.76787225180307, 39.296080153597295 ], [ 74.769130769864461, 39.296208739865541 ], [ 74.769894313536895, 39.296634266193969 ], [ 74.770439271723902, 39.297017147095637 ], [ 74.771255430445592, 39.297825244317849 ], [ 74.772344919428093, 39.298676003547747 ], [ 74.773544552453501, 39.299399302123881 ], [ 74.777030710617566, 39.302206635955407 ], [ 74.777628617791308, 39.302929555571481 ], [ 74.77882515724697, 39.304247873055694 ], [ 74.77985805659759, 39.305481077996596 ], [ 74.78061856331766, 39.306501607149904 ], [ 74.781160914289103, 39.307394500427456 ], [ 74.781592475859895, 39.308542365824003 ], [ 74.782353495396961, 39.309477872824303 ], [ 74.78333272588057, 39.310540999603504 ], [ 74.78425817276603, 39.311434067834711 ], [ 74.785293988194866, 39.312157163305692 ], [ 74.786440839812741, 39.312582764090315 ], [ 74.787260513014445, 39.312795674974808 ], [ 74.787917375056011, 39.312753472755119 ], [ 74.788576030728862, 39.312371227290541 ], [ 74.789345234174561, 39.311776500229925 ], [ 74.789786561647801, 39.311096611008026 ] ], [ [ 74.651137794546344, 39.304777429322677 ], [ 74.650135308151306, 39.304849080817142 ], [ 74.648386833120369, 39.304846992802489 ], [ 74.647156134978289, 39.304895816774305 ], [ 74.646571856172656, 39.305146648354302 ], [ 74.646537210097932, 39.305176363394018 ], [ 74.645986114657333, 39.305649020260695 ], [ 74.646046210155561, 39.306454031328478 ], [ 74.646624972998708, 39.307159056084224 ], [ 74.647592605010502, 39.307814241782438 ], [ 74.648172552897307, 39.308318026020387 ], [ 74.648428121908694, 39.308922036307322 ], [ 74.648423195986666, 39.309777275519124 ], [ 74.646795978324093, 39.311183946588095 ], [ 74.64594996279628, 39.311887234549381 ], [ 74.645167528312456, 39.312791829096156 ], [ 74.644708320108222, 39.313797433205742 ], [ 74.644574106284821, 39.314602204239904 ], [ 74.64470071307079, 39.315105444402889 ], [ 74.645023677454475, 39.315256768968034 ], [ 74.645606585736545, 39.315257484360082 ], [ 74.646321071898612, 39.314906199385952 ], [ 74.647232180167862, 39.314152678042568 ], [ 74.648014313696635, 39.313298380184243 ], [ 74.648796717357968, 39.312393766442469 ], [ 74.649513470707703, 39.311639993872973 ], [ 74.650488975014468, 39.310936834567535 ], [ 74.651722937632641, 39.310334585711608 ], [ 74.653090534445198, 39.309835844067472 ], [ 74.654654139009253, 39.30948975701294 ], [ 74.654825197673517, 39.309439072552664 ], [ 74.65582733252684, 39.309142137356361 ], [ 74.658758995350141, 39.308499424452542 ], [ 74.659735546156227, 39.3084025562843 ], [ 74.660830011225627, 39.308125073367073 ], [ 74.660908413333061, 39.308105195680476 ], [ 74.662341813075884, 39.307758506498224 ], [ 74.663320305816413, 39.307309450186992 ], [ 74.664429746760902, 39.306709955150403 ], [ 74.665604234451891, 39.306110697100642 ], [ 74.666451447128722, 39.305862354247857 ], [ 74.667753817319905, 39.305666030725476 ], [ 74.668795656816286, 39.305519024418814 ], [ 74.669251372672278, 39.305470425179394 ], [ 74.669577512090427, 39.305320723390004 ], [ 74.669774899690964, 39.304918988343069 ], [ 74.669519321443588, 39.304062771520762 ], [ 74.668743534812791, 39.303154290793437 ], [ 74.667708358091204, 39.302093900864605 ], [ 74.666802779205028, 39.301134607950367 ], [ 74.665897498914219, 39.300125001816347 ], [ 74.664928301255543, 39.298913907091908 ], [ 74.664087297208198, 39.298055457623306 ], [ 74.663244638593568, 39.297498850044725 ], [ 74.662139534708984, 39.29734370983337 ], [ 74.66083758119575, 39.297489663064852 ], [ 74.659729099639108, 39.297938200267112 ], [ 74.658620603990968, 39.298386726819032 ], [ 74.657771190440613, 39.299037477691144 ], [ 74.657246195794983, 39.299840404746838 ], [ 74.657045633510535, 39.300795507859355 ], [ 74.656779437412268, 39.30185097447049 ], [ 74.656319186002591, 39.302704453180795 ], [ 74.655533906076897, 39.303506364608836 ], [ 74.654359091819671, 39.304155829416629 ], [ 74.652208893148952, 39.304700864905605 ], [ 74.651137794546344, 39.304777429322677 ] ] ] ] } },
{ "type": "Feature", "properties": { "ID": 554, "周长": 0.27484211442858364, "面积": 0.0017328775578221854, "FEATUREID": "OFBB002C1AJ430010020000050", "CHFCAC": "000050", "YSKB": "222100-232007", "QDUECD": "乌鲁阿特组", "QDUECC": "→C↓1→w", "GZEKG": "132200", "YSHB": "灰绿色-紫红色", "YSC": "1035", "YSD": "1015", "YSJB": "51", "YSBBAV": "", "MDAEC": "", "YKBIA": "", "YSADA": "", "YSEBC": "", "HSBA": "", "YSKD": "22-21", "YSKC": "100", "DDCDS": "1220", "fill_color": 2560, "pattern": 174, "pattern_color": 3328, "_src_file": "LDZOFBB002.WP", "_src_id": 4 }, "geometry": { "type": "MultiPolygon", "coordinates": [ [ [ [ 74.59514219108209, 39.302222092927124 ], [ 74.593950213450654, 39.301971725135445 ], [ 74.593688795055257, 39.301947468993127 ], [ 74.592701205130425, 39.301735760924402 ], [ 74.591975045354957, 39.30164027192388 ], [ 74.591655535370791, 39.301615728802169 ], [ 74.591219843947059, 39.301613614395791 ], [ 74.591045566706271, 39.301589775342343 ], [ 74.590929382577713, 39.301589209551118 ], [ 74.590667967816572, 39.301633922884633 ], [ 74.590464647887558, 39.301724902221849 ], [ 74.590261327434177, 39.301815881199794 ], [ 74.589999912702041, 39.301906574186376 ], [ 74.58970945289019, 39.302043111608462 ], [ 74.589477082128496, 39.302133946296834 ], [ 74.589360897966046, 39.302179364596341 ], [ 74.589244712877914, 39.302178799370608 ], [ 74.588983294894788, 39.302223506647884 ], [ 74.588692830570778, 39.302222091292172 ], [ 74.588373320521001, 39.302174546333937 ], [ 74.587937624593209, 39.302057459985058 ], [ 74.585672033478204, 39.301448577132035 ], [ 74.585323487413945, 39.301308915376083 ], [ 74.58456830584359, 39.300983319247599 ], [ 74.583696951699679, 39.300634154670021 ], [ 74.5831161382375, 39.300217914948121 ], [ 74.582710120784739, 39.29978296523317 ], [ 74.582536524509663, 39.299280760882901 ], [ 74.582421105018057, 39.298664836530605 ], [ 74.582364095772633, 39.297866955457316 ], [ 74.582364975031581, 39.2972517069745 ], [ 74.582365498082353, 39.296887115424376 ], [ 74.582366346177807, 39.296294654663079 ], [ 74.582367095250447, 39.29577055505095 ], [ 74.582367550309613, 39.295451536792534 ], [ 74.582368333263616, 39.29490464928422 ], [ 74.582310773029647, 39.294494147244116 ], [ 74.581788636864459, 39.293670776524714 ], [ 74.581382112942805, 39.293326604705811 ], [ 74.580801387738632, 39.292821910452325 ], [ 74.580046205938643, 39.292338982558377 ], [ 74.579358776812271, 39.29212030896884 ], [ 74.579357776812273, 39.29212030896884 ], [ 74.578349020818052, 39.292588498419811 ], [ 74.578005575463251, 39.292731769351015 ], [ 74.577527668300405, 39.292915772904692 ], [ 74.57720979297936, 39.292996932637969 ], [ 74.576920426147012, 39.293057491780068 ], [ 74.576389680379705, 39.29315816316732 ], [ 74.575621494444576, 39.29334045475499 ], [ 74.574827758898039, 39.293564092698453 ], [ 74.574189453749483, 39.293809624502352 ], [ 74.573712080031385, 39.294077824136892 ], [ 74.573017948382045, 39.294407460461798 ], [ 74.572591890627805, 39.294634303507571 ], [ 74.572219833330365, 39.29488217312133 ], [ 74.569661469387768, 39.296617467598175 ], [ 74.566437440270548, 39.298661625498191 ], [ 74.565611005258049, 39.299073793209381 ], [ 74.561569051401506, 39.30118350318125 ], [ 74.560771374199518, 39.301515162775836 ], [ 74.560001677946417, 39.301805621414388 ], [ 74.559231189646454, 39.302074864780586 ], [ 74.554963127663498, 39.303748545540621 ], [ 74.55344183497354, 39.3041800924005 ], [ 74.551973882456082, 39.30448616471466 ], [ 74.550826208308607, 39.304752118915474 ], [ 74.549571745820401, 39.30493361721912 ], [ 74.548690957107738, 39.305117233425641 ], [ 74.545648163902726, 39.305393275332833 ], [ 74.544979874863188, 39.305389451009688 ], [ 74.538689867509504, 39.305161615489226 ], [ 74.537944033255641, 39.305156746035529 ], [ 74.537331382672917, 39.305152741181502 ], [ 74.536931882546924, 39.305171069715811 ], [ 74.536479218623896, 39.305230926213163 ], [ 74.536025069237567, 39.305395787355536 ], [ 74.535389457342376, 39.305602397562581 ], [ 74.53173986159031, 39.306730564593614 ], [ 74.530527305550152, 39.307095899690474 ], [ 74.52972957107967, 39.307361833495385 ], [ 74.529104588182065, 39.307493788054302 ], [ 74.528620064698046, 39.307581463231308 ], [ 74.527137532340603, 39.307664708724623 ], [ 74.526167039279727, 39.307660399828976 ], [ 74.525683294266059, 39.307658243485555 ], [ 74.525227168951375, 39.307701120040718 ], [ 74.524571444901241, 39.307743105553378 ], [ 74.524229325366505, 39.307764034154857 ], [ 74.523971746109396, 39.307785343074002 ], [ 74.523457485945229, 39.307783049610443 ], [ 74.521831498409455, 39.30761780695223 ], [ 74.520059917367334, 39.307339158816959 ], [ 74.519803874793539, 39.307248059827252 ], [ 74.519261172385697, 39.306931129251296 ], [ 74.518947000127596, 39.306794862989904 ], [ 74.518661383472903, 39.306658749974986 ], [ 74.51737509608715, 39.305978939813322 ], [ 74.515186036200433, 39.304971061363972 ], [ 74.512693989175105, 39.304285082204082 ], [ 74.512397299807077, 39.30419535205052 ], [ 74.512021120105288, 39.304150906812389 ], [ 74.510840837658591, 39.303996275002483 ], [ 74.510113386124502, 39.303991225106749 ], [ 74.50955114647445, 39.30398729353599 ], [ 74.509121259913144, 39.30400521397754 ], [ 74.508637642281172, 39.304043674096157 ], [ 74.508046572052535, 39.304144130895104 ], [ 74.507641574562385, 39.304224981479436 ], [ 74.507051494538246, 39.304304518790865 ], [ 74.504175676906797, 39.304681798518239 ], [ 74.503397515313779, 39.304780912566642 ], [ 74.502751233063435, 39.304817737541519 ], [ 74.50118148205668, 39.304805969419156 ], [ 74.499779379778872, 39.304694147573159 ], [ 74.499779379778872, 39.304694147573159 ], [ 74.499959705778863, 39.305207257341507 ], [ 74.500181424672405, 39.305881417175364 ], [ 74.500388190218132, 39.306558241276015 ], [ 74.500580945299632, 39.30723755608529 ], [ 74.500721815789746, 39.307500733675873 ], [ 74.501454836412705, 39.308983231549028 ], [ 74.502049493995614, 39.310873897113353 ], [ 74.502139993841567, 39.311105913667475 ], [ 74.502277272681084, 39.311302701160464 ], [ 74.502413566516935, 39.311428314872302 ], [ 74.502619521398898, 39.311536669310144 ], [ 74.50310210317231, 39.311682732983186 ], [ 74.503559804427141, 39.311810827124589 ], [ 74.50413193240783, 39.311975390069449 ], [ 74.504612523261827, 39.312121449799356 ], [ 74.504931897856423, 39.312337441555947 ], [ 74.505069190550387, 39.312516430126067 ], [ 74.505159694606903, 39.312801824535498 ], [ 74.50520544120009, 39.312980108518566 ], [ 74.505205417710286, 39.313140244661298 ], [ 74.505161620233835, 39.313300026363386 ], [ 74.505023264918123, 39.313548068363446 ], [ 74.504885917478816, 39.313724936566643 ], [ 74.504725685855433, 39.313883835019098 ], [ 74.504541566283322, 39.314042554772819 ], [ 74.503375218997846, 39.314709659130365 ], [ 74.50312443462056, 39.31486784723522 ], [ 74.502826857288881, 39.315096850734896 ], [ 74.50266660809973, 39.315309124195437 ], [ 74.502575005584887, 39.315610896492728 ], [ 74.502529160898149, 39.315984193244972 ], [ 74.502483044730511, 39.317834302921014 ], [ 74.502461346490904, 39.318349135443228 ], [ 74.502510907320413, 39.318828661365785 ], [ 74.502603109991327, 39.319113323903721 ], [ 74.502741300982819, 39.319433834900941 ], [ 74.502974153012872, 39.319772800719498 ], [ 74.50315763983005, 39.320182401507466 ], [ 74.503252953272721, 39.320484810047873 ], [ 74.50334812503759, 39.321106667564656 ], [ 74.503327714018695, 39.321532421655078 ], [ 74.503283203018952, 39.321922503877978 ], [ 74.50319700707071, 39.322295161952141 ], [ 74.503089717752843, 39.322596687426064 ], [ 74.50295981536307, 39.32289808245271 ], [ 74.502825783049687, 39.323128371007677 ], [ 74.502693186954446, 39.323323110757812 ], [ 74.502366368623541, 39.323978824467979 ], [ 74.502059597073512, 39.324599121274275 ], [ 74.50190550541241, 39.324864829039576 ], [ 74.501817979987024, 39.325113158492265 ], [ 74.501730090353476, 39.326641218170394 ], [ 74.501735687230337, 39.327121167348409 ], [ 74.501832655280069, 39.32740611238804 ], [ 74.501923653859009, 39.32756662592152 ], [ 74.502107401846445, 39.327745449296636 ], [ 74.502292025396912, 39.327853166148302 ], [ 74.50258701556686, 39.327979324955152 ], [ 74.502723564174886, 39.328033448359285 ], [ 74.503042046449409, 39.328088634683191 ], [ 74.503335349297501, 39.328108136755205 ], [ 74.503607752491916, 39.328109729047434 ], [ 74.50394531520449, 39.328005060868847 ], [ 74.50432554932793, 39.327865107785037 ], [ 74.504598387776483, 39.327831144646915 ], [ 74.504891409468357, 39.32783286623031 ], [ 74.505095242459291, 39.327851832647312 ], [ 74.505277461840279, 39.327870666571435 ], [ 74.505572609541929, 39.327943490399718 ], [ 74.505775855641986, 39.328051336159405 ], [ 74.506006851158602, 39.328230415298641 ], [ 74.506189611327926, 39.328409232287925 ], [ 74.506281905015101, 39.328587518943017 ], [ 74.506287012432367, 39.32878305202351 ], [ 74.506266370544154, 39.328907351421513 ], [ 74.506223114479198, 39.329031518857526 ], [ 74.50615736764432, 39.329226655983213 ], [ 74.506115805095732, 39.3294574781712 ], [ 74.506098988729448, 39.329759536278708 ], [ 74.506069260119148, 39.330861373239628 ], [ 74.506119299097193, 39.331163827277358 ], [ 74.506167922464314, 39.33137740304231 ], [ 74.506215135846006, 39.331502098317721 ], [ 74.506309149813262, 39.331662608333481 ], [ 74.506447838087055, 39.331787831322615 ], [ 74.506539852939639, 39.331948343403582 ], [ 74.506634998038194, 39.332179957073414 ], [ 74.506681777709431, 39.332340202982969 ], [ 74.506753589574913, 39.332589461204073 ], [ 74.50661348925135, 39.333019381012505 ], [ 74.506614489251348, 39.333019381012505 ], [ 74.507889043772551, 39.334334859099968 ], [ 74.509294806417415, 39.335743210444072 ], [ 74.510107017319143, 39.336492311058215 ], [ 74.510107017319143, 39.336492311058215 ], [ 74.512705787867105, 39.336854853674431 ], [ 74.516826481774231, 39.337396348289232 ], [ 74.520456306856389, 39.337830401819872 ], [ 74.522747776565268, 39.337836278067634 ], [ 74.525266273456154, 39.337736525223917 ], [ 74.527567237050874, 39.337317682670694 ], [ 74.529992320260703, 39.336712470436488 ], [ 74.529991320260706, 39.336712470436488 ], [ 74.530767546655866, 39.336090415960726 ], [ 74.533001577162509, 39.333328197791367 ], [ 74.534415781135678, 39.330257991667402 ], [ 74.535139420237769, 39.329784189242758 ], [ 74.535139420237769, 39.329784189242758 ], [ 74.535181985870182, 39.329354194881915 ], [ 74.535587024879419, 39.328863901778604 ], [ 74.536224531076115, 39.328150869370084 ], [ 74.536745623736664, 39.327616206446017 ], [ 74.537037335991585, 39.326768262426427 ], [ 74.537097535642658, 39.326143057503408 ], [ 74.536871686596157, 39.325740442039013 ], [ 74.536181447322278, 39.325336620826008 ], [ 74.535035541744477, 39.325110261134768 ], [ 74.533887169196134, 39.324839224131082 ], [ 74.532853642854931, 39.324747152163489 ], [ 74.531821122213415, 39.324655071045896 ], [ 74.531131871227913, 39.324295892087711 ], [ 74.530565232440395, 39.323311657895054 ], [ 74.53034366871492, 39.321926330906585 ], [ 74.530177432590733, 39.320898499716549 ], [ 74.530179410395263, 39.320228475351449 ], [ 74.530355984157808, 39.319514245006822 ], [ 74.530821028363732, 39.318756111040521 ], [ 74.531916603374043, 39.318222997394322 ], [ 74.534044581743629, 39.317781941112443 ], [ 74.536518458243577, 39.317252416516105 ], [ 74.538015678207884, 39.316720301646825 ], [ 74.539171888442169, 39.316142606799403 ], [ 74.540324007964387, 39.315922244592734 ], [ 74.541875848766679, 39.316060256140318 ], [ 74.543830689542915, 39.316511953811386 ], [ 74.546071266547671, 39.316964349230076 ], [ 74.547391448612501, 39.317369712677326 ], [ 74.54894305602366, 39.317909644178187 ], [ 74.550549969222743, 39.318673039121336 ], [ 74.552158670473688, 39.319302410290156 ], [ 74.554055625653731, 39.319664457694877 ], [ 74.555781955893508, 39.319668702816486 ], [ 74.557049916770993, 39.319314452717364 ], [ 74.558435177524558, 39.318558453247689 ], [ 74.559589481480558, 39.31775721216448 ], [ 74.56028170018655, 39.317267527526241 ], [ 74.563113289662709, 39.315442890370655 ], [ 74.563747678325925, 39.314997717078903 ], [ 74.564441057554035, 39.314284663680212 ], [ 74.564907508788863, 39.313526393901505 ], [ 74.565486785003884, 39.312813061426603 ], [ 74.566180398825466, 39.31223400377781 ], [ 74.567101426427996, 39.311789489301113 ], [ 74.568312929580685, 39.311568986422586 ], [ 74.570669542261143, 39.311842503544028 ], [ 74.572740721651513, 39.312070641910807 ], [ 74.574521457919076, 39.312253414562541 ], [ 74.575843188590511, 39.312569118762639 ], [ 74.57653153361538, 39.312972709189395 ], [ 74.576704031144601, 39.313375118541323 ], [ 74.576701853489098, 39.31359846011707 ], [ 74.576181820029575, 39.313820624594833 ], [ 74.575201753525533, 39.314175742884288 ], [ 74.574855382088217, 39.314576971039877 ], [ 74.574969098164374, 39.315023918848034 ], [ 74.57594492977455, 39.315472838342416 ], [ 74.577265256454893, 39.315877863641838 ], [ 74.579219152464503, 39.316552310091076 ], [ 74.580137657765235, 39.316777721602442 ], [ 74.581273972100007, 39.317239550707058 ], [ 74.581273972100007, 39.317239550707058 ], [ 74.583281054192781, 39.314637509020976 ], [ 74.584357661909053, 39.312282952884999 ], [ 74.58528309740673, 39.309809928990646 ], [ 74.585901409671308, 39.307925405302122 ], [ 74.586364036492725, 39.306865763184739 ], [ 74.587043217775104, 39.30571597252839 ], [ 74.587201126286544, 39.305574804898164 ], [ 74.587563333218171, 39.305393139467547 ], [ 74.58789642791352, 39.305263722829835 ], [ 74.588393066261901, 39.305082703634525 ], [ 74.588953919644638, 39.304928210022887 ], [ 74.589518774537112, 39.304826125874051 ], [ 74.590048518541849, 39.304750085722631 ], [ 74.590643479417992, 39.304700572169708 ], [ 74.591041786575104, 39.304676298304372 ], [ 74.591569527861253, 39.304600251206296 ], [ 74.592165480400396, 39.304445900931903 ], [ 74.592795536632835, 39.304239296226775 ], [ 74.593359364853256, 39.303927542336396 ], [ 74.594584295164864, 39.302911399832645 ], [ 74.594947451073821, 39.30257247209358 ], [ 74.595143191082087, 39.302222092927124 ], [ 74.59514219108209, 39.302222092927124 ] ] ] ] } },
{ "type": "Feature", "properties": { "ID": 563, "周长": 0.032344159708658005, "面积": 3.5463247495731709e-05, "FEATUREID": "OFBB002C1AJ430010020000052", "CHFCAC": "000052", "YSKB": "222100-232007", "QDUECD": "乌鲁阿特组", "QDUECC": "→C↓1→w", "GZEKG": "132200", "YSHB": "灰绿色-紫红色", "YSC": "1035", "YSD": "1015", "YSJB": "51", "YSBBAV": "", "MDAEC": "", "YKBIA": "", "YSADA": "", "YSEBC": "", "HSBA": "", "YSKD": "22-21", "YSKC": "100", "DDCDS": "1220", "fill_color": 11776, "pattern": 174, "pattern_color": 3328, "_src_file": "LDZOFBB002.WP", "_src_id": 5 }, "geometry": { "type": "MultiPolygon", "coordinates": [ [ [ [ 74.355001431386015, 39.327073398273207 ], [ 74.355000431386017, 39.327073398273207 ], [ 74.355001481162887, 39.327073479479374 ], [ 74.355001431386015, 39.327073398273207 ] ] ], [ [ [ 74.362485516428848, 39.330195036609304 ], [ 74.368012284239171, 39.332179525356722 ], [ 74.368013458104997, 39.331916152128258 ], [ 74.368486372058427, 39.330966347537959 ], [ 74.368614251686935, 39.329993017926135 ], [ 74.368682203368863, 39.32901941928062 ], [ 74.36856731888939, 39.328416004103353 ], [ 74.36819952675701, 39.32792234184685 ], [ 74.367840485037902, 39.327979008890011 ], [ 74.367467832220811, 39.328037822097066 ], [ 74.355001481162887, 39.327073479479374 ], [ 74.356242720595958, 39.329098442108268 ], [ 74.362485516428848, 39.330195036609304 ] ] ] ] } },
{ "type": "Feature", "properties": { "ID": 581, "周长": 0.03247099247618488, "面积": 5.2402366031970363e-05, "FEATUREID": "OFBB002C1AJ430010020000058", "CHFCAC": "000058", "YSKB": "222100-232007", "QDUECD": "乌鲁阿特组", "QDUECC": "→C↓1→w", "GZEKG": "132200", "YSHB": "灰绿色-紫红色", "YSC": "1035", "YSD": "1015", "YSJB": "51", "YSBBAV": "", "MDAEC": "", "YKBIA": "", "YSADA": "", "YSEBC": "", "HSBA": "", "YSKD": "22-21", "YSKC": "100", "DDCDS": "1220", "fill_color": 17920, "pattern": 174, "pattern_color": 3328, "_src_file": "LDZOFBB002.WP", "_src_id": 6 }, "geometry": { "type": "MultiPolygon", "coordinates": [ [ [ [ 74.572465968912056, 39.323260233239395 ], [ 74.572161755595047, 39.323147235777867 ], [ 74.57084108139118, 39.322786822032263 ], [ 74.569579409696445, 39.322158516722801 ], [ 74.568317687603795, 39.321172848053756 ], [ 74.56722790970224, 39.320321579930486 ], [ 74.565968041480431, 39.31955922917205 ], [ 74.564186603560884, 39.319108312006414 ], [ 74.563265609009775, 39.318793437851362 ], [ 74.563213482283373, 39.318167942786268 ], [ 74.563905656000969, 39.317499562742988 ], [ 74.564945609003445, 39.317100009257658 ], [ 74.566097668680413, 39.316879391646438 ], [ 74.567364801261817, 39.316659034955109 ], [ 74.569149564372154, 39.316484542572454 ], [ 74.570587391955186, 39.316621903137957 ], [ 74.572479750133624, 39.31747500276623 ], [ 74.574088673256654, 39.318282743819992 ], [ 74.575925102776552, 39.319224995137631 ], [ 74.577505383136128, 39.320189053520672 ], [ 74.577505383136128, 39.320189053520672 ], [ 74.576257789300925, 39.321097750813045 ], [ 74.574429502324477, 39.322152357061448 ], [ 74.572465968912056, 39.323260233239395 ] ] ] ] } },
{ "type": "Feature", "properties": { "ID": 615, "周长": 0.54992917369003147, "面积": 0.0066157060934401131, "FEATUREID": "OFBB002C1AJ430010020000068", "CHFCAC": "000068", "YSKB": "222100-232007", "QDUECD": "乌鲁阿特组", "QDUECC": "→C↓1→w", "GZEKG": "132200", "YSHB": "灰绿色-紫红色", "YSC": "1035", "YSD": "1015", "YSJB": "51", "YSBBAV": "", "MDAEC": "", "YKBIA": "", "YSADA": "", "YSEBC": "", "HSBA": "", "YSKD": "22-21", "YSKC": "100", "DDCDS": "1220", "fill_color": 20992, "pattern": 174, "pattern_color": 3328, "_src_file": "LDZOFBB002.WP", "_src_id": 7 }, "geometry": { "type": "MultiPolygon", "coordinates": [ [ [ [ 74.868854715222511, 39.23329956967082 ], [ 74.868855426356461, 39.233299817330305 ], [ 74.868855715222509, 39.23329956967082 ], [ 74.868854715222511, 39.23329956967082 ] ] ], [ [ [ 74.867197847258197, 39.234678053710645 ], [ 74.866017392405936, 39.235597096396063 ], [ 74.864783963353659, 39.23634908727869 ], [ 74.863606458088967, 39.236975765597158 ], [ 74.862373412177433, 39.237602440699462 ], [ 74.86097791868562, 39.238479709424418 ], [ 74.859959166921058, 39.239315134820181 ], [ 74.859097799864827, 39.240192288826648 ], [ 74.858347478317853, 39.240777083170009 ], [ 74.857487366872803, 39.241570699189822 ], [ 74.856844320540958, 39.242364279318295 ], [ 74.856143291609044, 39.243283153753062 ], [ 74.855500065012677, 39.244118487902618 ], [ 74.854801597461488, 39.244870302426804 ], [ 74.854157385972002, 39.245413292140221 ], [ 74.853351644148105, 39.245663957904064 ], [ 74.852441603641878, 39.245705815710011 ], [ 74.851693883481033, 39.245538839356414 ], [ 74.851373955690633, 39.245204768446833 ], [ 74.851590706141948, 39.244745360547427 ], [ 74.852074365890886, 39.244202399603346 ], [ 74.852719183594502, 39.24349236978783 ], [ 74.853415659620353, 39.242740569841182 ], [ 74.855298174768848, 39.240693979999605 ], [ 74.856264930003093, 39.239733314156169 ], [ 74.857392801986819, 39.238605566634391 ], [ 74.858303392297316, 39.23781194166002 ], [ 74.859110493455319, 39.237143616297793 ], [ 74.859968798928733, 39.236558798944593 ], [ 74.86088119040835, 39.235806917491594 ], [ 74.861631437844096, 39.235222106178192 ], [ 74.864313932246802, 39.233258747419811 ], [ 74.865187070159081, 39.232292009741123 ], [ 74.865188070159078, 39.232292009741123 ], [ 74.862853568129466, 39.232023352737393 ], [ 74.858613912339834, 39.231337873012663 ], [ 74.852562435609116, 39.230781305482076 ], [ 74.848651937595093, 39.230384065728785 ], [ 74.846044670369778, 39.230171235254595 ], [ 74.844387728681909, 39.229830189408617 ], [ 74.843308097437045, 39.229514446943583 ], [ 74.840573512653904, 39.228778252290034 ], [ 74.83963947410426, 39.228357690134011 ], [ 74.839005691987083, 39.228042467883789 ], [ 74.836344172534552, 39.226411813298114 ], [ 74.834385974338844, 39.224625267752344 ], [ 74.833921349808591, 39.22417876808413 ], [ 74.83345667055795, 39.223810591181035 ], [ 74.831929942452874, 39.222548643177767 ], [ 74.829175165692163, 39.220470244954484 ], [ 74.828644119017369, 39.220101669838755 ], [ 74.826884916016141, 39.219047182137544 ], [ 74.824989233435446, 39.217750748690854 ], [ 74.822164399814639, 39.214723377661272 ], [ 74.818406570297896, 39.209481012536095 ], [ 74.816723905070944, 39.205892691218175 ], [ 74.816058214473514, 39.207289653063093 ], [ 74.814793862572657, 39.210220538867198 ], [ 74.813057794350442, 39.21327285483909 ], [ 74.812738087465036, 39.215349801651392 ], [ 74.812489175315648, 39.216186620893772 ], [ 74.812436857761625, 39.219968646740064 ], [ 74.812761002468505, 39.22571860761547 ], [ 74.813101273943104, 39.227361965808448 ], [ 74.813797402831455, 39.23062693905478 ], [ 74.814893156516675, 39.232217330926176 ], [ 74.816304517435213, 39.233319397132199 ], [ 74.817873375679198, 39.234299491416856 ], [ 74.819756880219018, 39.235157848504919 ], [ 74.821482664740429, 39.236260339892517 ], [ 74.822265925353449, 39.237239165701993 ], [ 74.822891441624137, 39.238462152721716 ], [ 74.823361359904936, 39.239073882196806 ], [ 74.823988438274995, 39.239685849565568 ], [ 74.825087296757246, 39.240176319782208 ], [ 74.825872463596767, 39.240421904775857 ], [ 74.8276177297559, 39.240562401286851 ], [ 74.829362127674372, 39.240554983153316 ], [ 74.829641680274548, 39.240600005104234 ], [ 74.830089147768476, 39.240602113379097 ], [ 74.83056435437436, 39.240691758636096 ], [ 74.831235440258013, 39.240738620182903 ], [ 74.831794549702224, 39.240828654427496 ], [ 74.832661183437992, 39.240963831020508 ], [ 74.833248042008819, 39.24114139424065 ], [ 74.835092309190756, 39.241761860888822 ], [ 74.83595830375414, 39.242159225550928 ], [ 74.83847510432264, 39.243262345853744 ], [ 74.839568075673952, 39.243877490789878 ], [ 74.840688967316296, 39.244558265377954 ], [ 74.841026255764717, 39.244821261648305 ], [ 74.841279267205763, 39.244996659588104 ], [ 74.841729075167663, 39.245303620405906 ], [ 74.842235106878576, 39.245698095377811 ], [ 74.842488122346737, 39.245917171133705 ], [ 74.84327529450897, 39.246552630963691 ], [ 74.843977618625445, 39.247145176291362 ], [ 74.84462320577606, 39.247694877692588 ], [ 74.845044343486492, 39.248002863695923 ], [ 74.845634139769984, 39.248333211531104 ], [ 74.845914961497002, 39.24850930495176 ], [ 74.846336280802049, 39.248729608106032 ], [ 74.846701369850564, 39.248949761422502 ], [ 74.847207128874842, 39.249126438044172 ], [ 74.849764279577414, 39.249900263366975 ], [ 74.851084952298521, 39.250342064898163 ], [ 74.851422191717177, 39.250430610812494 ], [ 74.852658248250776, 39.251025618348251 ], [ 74.853360615211031, 39.251334292121584 ], [ 74.85409078734898, 39.25181839370331 ], [ 74.854343353234043, 39.252038240086918 ], [ 74.854651100572468, 39.252345918698019 ], [ 74.855995931457045, 39.253160419197279 ], [ 74.857507698828627, 39.254413745425744 ], [ 74.857843550044862, 39.254721488152228 ], [ 74.858207171258101, 39.255116982536926 ], [ 74.858542558955023, 39.255556245714594 ], [ 74.859437986867178, 39.256435335421237 ], [ 74.859998027008487, 39.256875157972665 ], [ 74.860558077040054, 39.257314980065566 ], [ 74.861005641585521, 39.257710987116489 ], [ 74.861898305286743, 39.258636427837857 ], [ 74.863154581237936, 39.259673399843066 ], [ 74.864243665486939, 39.260490261877514 ], [ 74.864662570752103, 39.260799378473749 ], [ 74.865193318531297, 39.261152929417975 ], [ 74.867846687716323, 39.263052163310441 ], [ 74.868293771717049, 39.263317573326212 ], [ 74.868768709792263, 39.263626970313297 ], [ 74.86946704823022, 39.264112909051619 ], [ 74.871004111470938, 39.26499868568596 ], [ 74.872122630486231, 39.26558066177455 ], [ 74.873912954026437, 39.266254790511766 ], [ 74.874528513876982, 39.266435281445737 ], [ 74.87710224072049, 39.267379357259877 ], [ 74.877689764950262, 39.267581840180874 ], [ 74.878025555874018, 39.267672223619734 ], [ 74.87830534614055, 39.267762311143599 ], [ 74.879032171737634, 39.268253545242935 ], [ 74.879450683708512, 39.268654183847033 ], [ 74.879700198529846, 39.268964486886809 ], [ 74.879922180680794, 39.269208384862353 ], [ 74.88025469922276, 39.269651594298118 ], [ 74.881058087161477, 39.270759516413399 ], [ 74.881334636377304, 39.271224638471949 ], [ 74.881582612609066, 39.27180018122899 ], [ 74.881719270101726, 39.272309038388521 ], [ 74.881771494769012, 39.272928129469655 ], [ 74.881933363534671, 39.273901254860988 ], [ 74.88223669161566, 39.274565401538027 ], [ 74.882539639458329, 39.275295857726547 ], [ 74.883062281560314, 39.276668069166313 ], [ 74.883226500193089, 39.277243327853263 ], [ 74.883308094437325, 39.277619370882412 ], [ 74.883445292977456, 39.27803980950722 ], [ 74.883859473961905, 39.278859050874303 ], [ 74.884192703405446, 39.279214086989633 ], [ 74.884526593739139, 39.279480985476269 ], [ 74.884944089092272, 39.279792503784449 ], [ 74.885584187195306, 39.280281948511316 ], [ 74.88650219829853, 39.281060031808522 ], [ 74.887811742858361, 39.282210501475284 ], [ 74.888257212634812, 39.282674861377593 ], [ 74.889091710608284, 39.28379360693868 ], [ 74.88984391082991, 39.284560066325945 ], [ 74.890094708298093, 39.284800994689512 ], [ 74.890401100040194, 39.285129427531125 ], [ 74.890791707107297, 39.285392600691367 ], [ 74.891490272729214, 39.285613001239845 ], [ 74.892384882159249, 39.285790297332866 ], [ 74.894928297567091, 39.286452754258619 ], [ 74.896297410592751, 39.286915255801162 ], [ 74.89691152995303, 39.287266395390127 ], [ 74.897218590485636, 39.287441963963786 ], [ 74.898250990569082, 39.28814366507973 ], [ 74.898585504604881, 39.28845032151051 ], [ 74.898780474777681, 39.288669236474 ], [ 74.899393761427532, 39.289216672896217 ], [ 74.899644763162314, 39.289391670909332 ], [ 74.899924123076218, 39.289479478818386 ], [ 74.900175890609802, 39.289479983166473 ], [ 74.900595601627373, 39.289459011067905 ], [ 74.901155658462571, 39.289329258041349 ], [ 74.902275480853035, 39.28913517831468 ], [ 74.902918980786083, 39.289114642151908 ], [ 74.903422516212757, 39.289115637351529 ], [ 74.904037757523568, 39.289160474702342 ], [ 74.904456803095513, 39.289292168265341 ], [ 74.904903262628935, 39.289554788060407 ], [ 74.90515362128788, 39.289882458288275 ], [ 74.905292177863444, 39.290188095671304 ], [ 74.905458614886143, 39.290515600091027 ], [ 74.905568730539358, 39.290930240983641 ], [ 74.90559510977279, 39.291301095461044 ], [ 74.905593699672508, 39.291628269762029 ], [ 74.905337131728402, 39.292740173197195 ], [ 74.905335627259205, 39.293089160378031 ], [ 74.905389324901137, 39.293612750766378 ], [ 74.905442458978612, 39.294267212092414 ], [ 74.905633033957528, 39.295489049762509 ], [ 74.905770757973869, 39.295990991629317 ], [ 74.906018144052524, 39.297016631348228 ], [ 74.906343184128545, 39.297741966872508 ], [ 74.906344184128542, 39.297741966872508 ], [ 74.908953331110538, 39.294949003713604 ], [ 74.910045019542352, 39.294060820026047 ], [ 74.910873190102919, 39.293439260982751 ], [ 74.911216406033404, 39.293195122703473 ], [ 74.911586772508656, 39.293017907574281 ], [ 74.912042433321716, 39.292840931366008 ], [ 74.912924943016776, 39.292576019153302 ], [ 74.915858681332111, 39.291314120624136 ], [ 74.916683570120583, 39.290982177544002 ], [ 74.917966906833797, 39.290272694593206 ], [ 74.918850548295353, 39.289718079583643 ], [ 74.919703380720406, 39.289252502865054 ], [ 74.920247015088137, 39.288897475621468 ], [ 74.923126758219823, 39.286855384176761 ], [ 74.923668626456646, 39.286433494440722 ], [ 74.927233617997743, 39.284035103268018 ], [ 74.931747248960477, 39.280626686753678 ], [ 74.934541811939468, 39.278739380683568 ], [ 74.935053722735262, 39.27844747098456 ], [ 74.935623514466371, 39.27815568279366 ], [ 74.93616500421011, 39.27781874588733 ], [ 74.937305352408032, 39.276987197892716 ], [ 74.937815966313451, 39.27654314086039 ], [ 74.940294648487651, 39.274182512294331 ], [ 74.950385032556184, 39.275206150855595 ], [ 74.954979322619195, 39.270073764831771 ], [ 74.95712761367659, 39.267358095729676 ], [ 74.957789279124128, 39.266641960200339 ], [ 74.958403528610646, 39.265796607452643 ], [ 74.958639275980545, 39.265447368387889 ], [ 74.958853424954739, 39.265116465869745 ], [ 74.959114213745394, 39.264768044587321 ], [ 74.959326798712169, 39.264383147387875 ], [ 74.959609097115887, 39.263925057148874 ], [ 74.959822724964184, 39.263521791094441 ], [ 74.959988094184411, 39.263210179055747 ], [ 74.960200717705263, 39.262806910007505 ], [ 74.960459734915489, 39.262256875479956 ], [ 74.960885497740236, 39.261248274707008 ], [ 74.961005180396782, 39.260807885349479 ], [ 74.961193813843295, 39.26020245593547 ], [ 74.961384488859025, 39.259578658242503 ], [ 74.961573401818796, 39.25886301388369 ], [ 74.962297181592263, 39.256606476679096 ], [ 74.962627914106875, 39.255193361040298 ], [ 74.962677730164799, 39.254881272353039 ], [ 74.962843147600694, 39.254183911436847 ], [ 74.963005925260717, 39.253357417268361 ], [ 74.964053484453046, 39.248858199453899 ], [ 74.964401714741641, 39.24740746782048 ], [ 74.964589554527507, 39.246802487732282 ], [ 74.964731260829737, 39.246510448990428 ], [ 74.964987153652885, 39.246109124782464 ], [ 74.965291924067557, 39.245653115384897 ], [ 74.966958452907747, 39.242989593244452 ], [ 74.967755375109277, 39.242005090944211 ], [ 74.968013203868395, 39.241676893845117 ], [ 74.968341304684941, 39.24134894721454 ], [ 74.968667380941824, 39.241075849117898 ], [ 74.968995402191595, 39.240875884218184 ], [ 74.969511612012923, 39.240566831511615 ], [ 74.972181260634642, 39.238601308021309 ], [ 74.976514290289984, 39.235690598743794 ], [ 74.97987768605185, 39.233085357116323 ], [ 74.981853554958818, 39.231555023428278 ], [ 74.982389840962654, 39.231172604366989 ], [ 74.982670710322864, 39.230954004633169 ], [ 74.986166760193754, 39.228696577789847 ], [ 74.9914412511569, 39.225768885770805 ], [ 74.992705518853711, 39.22037341014051 ], [ 74.993019046783601, 39.218338120399537 ], [ 74.993289821336916, 39.216666244746648 ], [ 74.993788251328709, 39.215066454276581 ], [ 74.995149213251665, 39.210276652399529 ], [ 74.995516136532984, 39.209415684535649 ], [ 74.996019524123255, 39.208303525316559 ], [ 74.996378058229013, 39.206862940436253 ], [ 74.998520973956971, 39.199784633514597 ], [ 74.998519973956974, 39.199784633514597 ], [ 74.998270878489592, 39.199989637775907 ], [ 74.995169149426786, 39.201146018411706 ], [ 74.994745603574486, 39.201147074198872 ], [ 74.992767317210379, 39.200996798727509 ], [ 74.991975988221483, 39.200947024449071 ], [ 74.990986722618217, 39.200949460646861 ], [ 74.988712678887978, 39.201028695527398 ], [ 74.984960699113643, 39.200837346448637 ], [ 74.982985491843394, 39.200858503071615 ], [ 74.981964919117857, 39.200882002692268 ], [ 74.981174879952491, 39.200880037980667 ], [ 74.979068103282827, 39.200874774059166 ], [ 74.978508070620023, 39.20097747674793 ], [ 74.977849173869473, 39.201105957104438 ], [ 74.974856333203689, 39.201726136205984 ], [ 74.974154415389464, 39.201855617690939 ], [ 74.973519292058754, 39.201985157432816 ], [ 74.973184648306443, 39.202141005974873 ], [ 74.971110180573206, 39.20302395332844 ], [ 74.966327464774196, 39.205431292421217 ], [ 74.964689892350108, 39.206385419130676 ], [ 74.964154949775633, 39.206772676737515 ], [ 74.963920801022212, 39.206979395750025 ], [ 74.963350755068021, 39.207963217561577 ], [ 74.963082635517438, 39.208377357161851 ], [ 74.962208426282345, 39.210683197356509 ], [ 74.962139530992971, 39.21156748615401 ], [ 74.962137590321973, 39.212426981534598 ], [ 74.962136355846312, 39.21297393389321 ], [ 74.9622017965862, 39.213547168534681 ], [ 74.962267178131455, 39.214146449820916 ], [ 74.962399357666754, 39.214719922007596 ], [ 74.963262486926681, 39.216702452577209 ], [ 74.96339538005904, 39.216963380698004 ], [ 74.963660176792686, 39.217928003719109 ], [ 74.963659420379969, 39.218266593080742 ], [ 74.963625582447492, 39.218474837079185 ], [ 74.963491553397404, 39.219047370738807 ], [ 74.963257987749529, 39.219619557582149 ], [ 74.963057793167337, 39.220087677905738 ], [ 74.962790960132196, 39.22052951593043 ], [ 74.962557505509452, 39.220867287475095 ], [ 74.962290747099132, 39.221152848469792 ], [ 74.961657229318746, 39.221749658173252 ], [ 74.96135715128635, 39.222009051205035 ], [ 74.961023801634937, 39.222164141857967 ], [ 74.960257101883343, 39.222500010925259 ], [ 74.959790453529905, 39.222628577918243 ], [ 74.959257164028955, 39.222730856857645 ], [ 74.958623936993973, 39.222754637988388 ], [ 74.95815735840219, 39.222752969371925 ], [ 74.957557473746078, 39.222750818045824 ], [ 74.957024243616331, 39.222748904413841 ], [ 74.956690974077517, 39.222747706872624 ], [ 74.956191133105605, 39.222641723049598 ], [ 74.955458069499969, 39.222430713659037 ], [ 74.954758273294217, 39.222324005288996 ], [ 74.954158457277416, 39.222217654109841 ], [ 74.953625262670684, 39.222163631493061 ], [ 74.953029540352489, 39.222109380829046 ], [ 74.952533235498976, 39.222003396237618 ], [ 74.950911927571909, 39.221737037401368 ], [ 74.949257598937592, 39.22139239785799 ], [ 74.947348034027911, 39.220943257180032 ], [ 74.947290588555816, 39.221297301824478 ], [ 74.947165462286094, 39.221877746805177 ], [ 74.946958585486215, 39.222103764089489 ], [ 74.946793272581303, 39.222200768859452 ], [ 74.94654563530014, 39.222201220694231 ], [ 74.946298066002271, 39.222169437332276 ], [ 74.945968759602664, 39.221783225233779 ], [ 74.945805793822402, 39.220848730358355 ], [ 74.945795918969949, 39.220604372478086 ], [ 74.944129314191144, 39.220279587392888 ], [ 74.943632993988984, 39.220225656052961 ], [ 74.943070452347627, 39.220223569789368 ], [ 74.940953514345352, 39.220244043353567 ], [ 74.940325164313336, 39.220294877617604 ], [ 74.940060595507887, 39.22034649972349 ], [ 74.939729879430089, 39.220450175974477 ], [ 74.937414766854701, 39.221958834229547 ], [ 74.93251951946938, 39.225810575494187 ], [ 74.931295593658817, 39.22693007080035 ], [ 74.92672303979721, 39.23038437128907 ], [ 74.925363747498395, 39.231057067244144 ], [ 74.924070606648712, 39.23175597217346 ], [ 74.922777555119666, 39.23240280765156 ], [ 74.919826367162273, 39.23400766370024 ], [ 74.918864789061161, 39.234499288138892 ], [ 74.917803654737199, 39.235068686128272 ], [ 74.914521553032358, 39.236854234010686 ], [ 74.910511802798766, 39.23858498059618 ], [ 74.909318880343605, 39.239049560342295 ], [ 74.908589864275854, 39.239333465646332 ], [ 74.907529680577341, 39.239642317398911 ], [ 74.904235693719187, 39.240569063701031 ], [ 74.900175096153632, 39.241649373850507 ], [ 74.897215031559952, 39.242366606699427 ], [ 74.893357718675489, 39.242742374265667 ], [ 74.892393492606104, 39.242764784609612 ], [ 74.891462555735004, 39.242761308736121 ], [ 74.890897342567698, 39.24275919314438 ], [ 74.889700501295295, 39.242702698537506 ], [ 74.887406733948453, 39.242486032936824 ], [ 74.886841606720367, 39.24243189007457 ], [ 74.886343141462561, 39.242273981089696 ], [ 74.884714558037771, 39.241929754960466 ], [ 74.884282679226075, 39.241720082256435 ], [ 74.88345214322554, 39.241301069266108 ], [ 74.88285425776229, 39.240934929495985 ], [ 74.881160392326933, 39.239836845712432 ], [ 74.87793856067897, 39.237927229918448 ], [ 74.877174499248127, 39.237560476722436 ], [ 74.87611158231087, 39.236984627046645 ], [ 74.87109652218237, 39.234080301286703 ], [ 74.868855426356461, 39.233299817330305 ], [ 74.868271101775477, 39.233800788355758 ], [ 74.867197847258197, 39.234678053710645 ] ], [ [ 74.940293744753617, 39.274182420613279 ], [ 74.940294744753615, 39.274182420613279 ], [ 74.940294648487651, 39.274182512294331 ], [ 74.940293744753617, 39.274182420613279 ] ] ] ] } },
{ "type": "Feature", "properties": { "ID": 631, "周长": 0.075642899575464051, "面积": 0.00021392866120978349, "FEATUREID": "OFBB002C1AJ430010020000074", "CHFCAC": "000074", "YSKB": "222100-232007", "QDUECD": "乌鲁阿特组", "QDUECC": "→C↓1→w", "GZEKG": "132200", "YSHB": "灰绿色-紫红色", "YSC": "1035", "YSD": "1015", "YSJB": "51", "YSBBAV": "", "MDAEC": "", "YKBIA": "", "YSADA": "", "YSEBC": "", "HSBA": "", "YSKD": "22-21", "YSKC": "100", "DDCDS": "1220", "fill_color": -32256, "pattern": 174, "pattern_color": 3328, "_src_file": "LDZOFBB002.WP", "_src_id": 8 }, "geometry": { "type": "MultiPolygon", "coordinates": [ [ [ [ 74.592795977839188, 39.285940394466934 ], [ 74.595291473708329, 39.285385421356146 ], [ 74.59645519398606, 39.285170589833285 ], [ 74.598747277966339, 39.284768311491923 ], [ 74.599412490172242, 39.284606591463508 ], [ 74.600347889642336, 39.284287028120843 ], [ 74.601041991514975, 39.284023057915576 ], [ 74.602009826100826, 39.283489726287904 ], [ 74.603257473560191, 39.282850001233072 ], [ 74.604783129938085, 39.281889213502879 ], [ 74.606307345511453, 39.280821076391689 ], [ 74.608245832150814, 39.279754315768294 ], [ 74.610600380007654, 39.278903566858453 ], [ 74.61295228066372, 39.278160099192817 ], [ 74.616548211221982, 39.2772060292559 ], [ 74.61834543139004, 39.276675287767112 ], [ 74.620239437119992, 39.276140762876196 ], [ 74.621004234663928, 39.275797831403651 ], [ 74.621639961685119, 39.275503796127275 ], [ 74.622181027813852, 39.275379576775414 ], [ 74.622181027813852, 39.275379576775414 ], [ 74.62259146053745, 39.275310355051467 ], [ 74.624279772919635, 39.275153501340256 ], [ 74.624279772919635, 39.275153501340256 ], [ 74.623895963605122, 39.275544247275342 ], [ 74.623314195949376, 39.276247558790644 ], [ 74.622858468139469, 39.276755333236984 ], [ 74.622555359888423, 39.277008849797411 ], [ 74.621619440166782, 39.27771043289998 ], [ 74.620613913273473, 39.278215492071887 ], [ 74.620031416328075, 39.278761868763233 ], [ 74.619753211073899, 39.279152805546296 ], [ 74.619523667788357, 39.279602833015531 ], [ 74.619339964277259, 39.280327713365786 ], [ 74.61916157549031, 39.280777987286726 ], [ 74.618957770723654, 39.281149679434272 ], [ 74.618677549935398, 39.281540613406641 ], [ 74.618373575323545, 39.281892194510327 ], [ 74.618021268225803, 39.282263141628732 ], [ 74.617039923153257, 39.283095636929211 ], [ 74.615532432685342, 39.283924570534722 ], [ 74.615255932856897, 39.284117711042121 ], [ 74.615027655152474, 39.284291647138289 ], [ 74.614777880440172, 39.284601611704879 ], [ 74.614601649160747, 39.284814695303467 ], [ 74.613669017732207, 39.285646462632279 ], [ 74.613168218175701, 39.286013528728176 ], [ 74.612663471242001, 39.286361144190359 ], [ 74.612112371338966, 39.286766858973976 ], [ 74.61168462798058, 39.287192644989382 ], [ 74.61140774375427, 39.287502477797275 ], [ 74.610197907699202, 39.288721846769775 ], [ 74.60976983867495, 39.289244878719366 ], [ 74.609268205033615, 39.289864781351689 ], [ 74.608963793199351, 39.29031063562212 ], [ 74.608663495518883, 39.290717587768128 ], [ 74.608385403900229, 39.291085762728926 ], [ 74.608059075844054, 39.29147313542763 ], [ 74.60770665828079, 39.29186038436324 ], [ 74.60745306719879, 39.292092529868782 ], [ 74.606197318299962, 39.292864247757208 ], [ 74.605769526779582, 39.293056609225374 ], [ 74.605497973109053, 39.293152484222766 ], [ 74.6046776798987, 39.293323406111647 ], [ 74.603857696030602, 39.293397071364723 ], [ 74.603383728507907, 39.293394685484323 ], [ 74.602961565275464, 39.293353649193115 ], [ 74.602639765675917, 39.293313114904201 ], [ 74.60142471856669, 39.292956843889343 ], [ 74.599539207461376, 39.292227592601712 ], [ 74.598002006076612, 39.291344483642277 ], [ 74.59653971626247, 39.290053280417133 ], [ 74.596117739402757, 39.289662112856405 ], [ 74.595747444424234, 39.289271199573513 ], [ 74.594387175453406, 39.287805423011633 ], [ 74.594065097365785, 39.287259158000154 ], [ 74.59381795498183, 39.286888326972615 ], [ 74.593547169976262, 39.286459016306345 ], [ 74.593323281246739, 39.286263362517964 ], [ 74.593099261362113, 39.286106611790323 ], [ 74.592795977839188, 39.285940394466934 ] ] ] ] } },
{ "type": "Feature", "properties": { "ID": 756, "周长": 0.24514058411932813, "面积": 0.001401621270513187, "FEATUREID": "OFBB002C1AJ430010020000087", "CHFCAC": "000087", "YSKB": "222100-232007", "QDUECD": "乌鲁阿特组", "QDUECC": "→C↓1→w", "GZEKG": "132200", "YSHB": "灰绿色-紫红色", "YSC": "1035", "YSD": "1015", "YSJB": "51", "YSBBAV": "", "MDAEC": "", "YKBIA": "", "YSADA": "", "YSEBC": "", "HSBA": "", "YSKD": "22-21", "YSKC": "100", "DDCDS": "1220", "fill_color": -28160, "pattern": 174, "pattern_color": 3328, "_src_file": "LDZOFBB002.WP", "_src_id": 9 }, "geometry": { "type": "MultiPolygon", "coordinates": [ [ [ [ 75.000000999994413, 39.108132343518498 ], [ 74.996458944274977, 39.107982532192558 ], [ 74.994169183217423, 39.107489567094241 ], [ 74.992123349443062, 39.106812175844262 ], [ 74.988403749527308, 39.104973551770399 ], [ 74.985056483511201, 39.10308602971277 ], [ 74.981289352313354, 39.100360319409802 ], [ 74.979993364858586, 39.099678896198789 ], [ 74.978824426642575, 39.099094953077923 ], [ 74.97356581093166, 39.096951096121927 ], [ 74.972387237608459, 39.096463344678625 ], [ 74.970590344134024, 39.095780433248542 ], [ 74.969469368897293, 39.095682644501608 ], [ 74.968912341651375, 39.095584997913186 ], [ 74.968476828636867, 39.095584876472742 ], [ 74.968104449649488, 39.095487278576194 ], [ 74.964747400003333, 39.094998815843311 ], [ 74.963689275054037, 39.095047230437224 ], [ 74.95649929143886, 39.096264700160965 ], [ 74.955187408167873, 39.096703090408944 ], [ 74.953000363000839, 39.097919806216417 ], [ 74.952315248094067, 39.098308330251804 ], [ 74.951880294921509, 39.098697335747957 ], [ 74.951379833234952, 39.099427343891733 ], [ 74.951127955462638, 39.100060372065805 ], [ 74.951064366896915, 39.100888693540512 ], [ 74.951184703196517, 39.101766113586102 ], [ 74.951427300840137, 39.102838701638177 ], [ 74.952102728760522, 39.104724993486215 ], [ 74.952595385221926, 39.105595905124339 ], [ 74.952963161087169, 39.106418243859302 ], [ 74.953331916185064, 39.10748223222992 ], [ 74.953573170173797, 39.108642643792422 ], [ 74.953693180020139, 39.109609476677463 ], [ 74.953692084027011, 39.110334435854305 ], [ 74.953625124005896, 39.11101095544474 ], [ 74.953437873231323, 39.111735552005591 ], [ 74.953247856529387, 39.112170165968728 ], [ 74.953061043007466, 39.112556448104762 ], [ 74.952000493639716, 39.114100977629299 ], [ 74.951687349417142, 39.114535346312323 ], [ 74.951188996285495, 39.115211005412824 ], [ 74.950752313680894, 39.115741790978916 ], [ 74.950190883796864, 39.116417324841336 ], [ 74.949256468257147, 39.117237114540629 ], [ 74.948204571424185, 39.118058416284391 ], [ 74.946596932719245, 39.119024506005246 ], [ 74.941960830003978, 39.122180325844397 ], [ 74.941675092101818, 39.122423057582928 ], [ 74.941675092101818, 39.122423057582928 ], [ 74.944070549876557, 39.12406615440571 ], [ 74.944070549876557, 39.12406615440571 ], [ 74.944049525057849, 39.123754745814374 ], [ 74.944441118560007, 39.123184169431447 ], [ 74.945662658147612, 39.122651256396715 ], [ 74.948201335142201, 39.122193777498644 ], [ 74.950103333879028, 39.122078795261039 ], [ 74.950983101543841, 39.122078368669627 ], [ 74.951715417320358, 39.122230115823442 ], [ 74.952302287879562, 39.122534039474139 ], [ 74.952595242688773, 39.122914165668313 ], [ 74.952691929163251, 39.123446495712443 ], [ 74.95259532983205, 39.123978924270475 ], [ 74.951326021070159, 39.124892204489143 ], [ 74.950740167720909, 39.125234735083822 ], [ 74.948436397064171, 39.1270617119064 ], [ 74.948436397064171, 39.1270617119064 ], [ 74.949385669536525, 39.127714356805676 ], [ 74.950214179259021, 39.128287202669362 ], [ 74.951283348570257, 39.128885874332894 ], [ 74.951283348570257, 39.128885874332894 ], [ 74.953230470002637, 39.129112257153366 ], [ 74.954253849284129, 39.129568057717066 ], [ 74.954500030369744, 39.130062280960757 ], [ 74.954385936523053, 39.130302475620383 ], [ 74.954385936523053, 39.130302475620383 ], [ 74.955131258192125, 39.130620881270467 ], [ 74.957841108726441, 39.131399597546391 ], [ 74.958935979213237, 39.131645705200548 ], [ 74.967063156670022, 39.134103963128837 ], [ 74.968781255783426, 39.134513909845751 ], [ 74.971282827404465, 39.135128719212972 ], [ 74.972229487313911, 39.135462746596204 ], [ 74.972229487313911, 39.135462746596204 ], [ 74.973609087137802, 39.135370372563202 ], [ 74.975865920432781, 39.134960822677122 ], [ 74.977775702526699, 39.134551951592911 ], [ 74.979077072320877, 39.134481750182964 ], [ 74.980465174093254, 39.134478834001747 ], [ 74.981072452143366, 39.134545039420459 ], [ 74.981419388483644, 39.134881732853763 ], [ 74.981157974592932, 39.135422163556001 ], [ 74.980464763840473, 39.135963508036006 ], [ 74.97942142633228, 39.136775515777835 ], [ 74.978252935197062, 39.137363167942581 ], [ 74.978252935197062, 39.137363167942581 ], [ 74.979804095094806, 39.137800341163626 ], [ 74.984873098466835, 39.139566558475643 ], [ 74.986426111443151, 39.13989630933434 ], [ 74.990465229933406, 39.141452392154825 ], [ 74.99222569298594, 39.142270241901088 ], [ 74.995178582771544, 39.143416621454449 ], [ 74.998945244318023, 39.145299111030226 ], [ 74.999999999994415, 39.146420130385621 ], [ 74.999999999994415, 39.146420130385621 ], [ 74.999999999994415, 39.144444444441291 ], [ 74.999999999994415, 39.138888888885738 ], [ 74.999999999994415, 39.133333333330171 ], [ 74.999999999994415, 39.133304497869865 ], [ 74.999999999994415, 39.133304497869865 ], [ 74.996225462514545, 39.132036376231589 ], [ 74.994374152316666, 39.131387577906267 ], [ 74.993229134907907, 39.131169499821269 ], [ 74.992138627402156, 39.130951558288182 ], [ 74.990666358982935, 39.130603561622124 ], [ 74.985923688953022, 39.129729876995242 ], [ 74.984888180837984, 39.129597752974014 ], [ 74.983580155095183, 39.129421794478553 ], [ 74.982272232063295, 39.129288811367147 ], [ 74.981618224494639, 39.129200820400271 ], [ 74.980091729359017, 39.128766219507455 ], [ 74.978728615046961, 39.128289118108228 ], [ 74.977256375448292, 39.127725686361167 ], [ 74.97577610848893, 39.126990924817832 ], [ 74.974457034847859, 39.126213856294747 ], [ 74.973467618886161, 39.125566561588563 ], [ 74.973027502390309, 39.125092590155447 ], [ 74.972202357959191, 39.124230754863461 ], [ 74.97176191349827, 39.123584824856216 ], [ 74.971650914216426, 39.122982709156105 ], [ 74.971649614471033, 39.122337882124526 ], [ 74.971812465351491, 39.12143553925214 ], [ 74.972140887048084, 39.12066420118159 ], [ 74.972525760092168, 39.12006805827744 ], [ 74.973130276832805, 39.119387160094611 ], [ 74.974064427253751, 39.118408524911047 ], [ 74.975052948149241, 39.117899168743811 ], [ 74.976041454813171, 39.117389801893417 ], [ 74.981396016704167, 39.115938004791424 ], [ 74.985759853258912, 39.115386775576034 ], [ 74.987776698727956, 39.115178021129239 ], [ 74.989412087107823, 39.114968209198068 ], [ 74.991102080055555, 39.114715672073068 ], [ 74.992192769572796, 39.114418669769762 ], [ 74.994210167014018, 39.113995582807512 ], [ 74.99573688147251, 39.113656857035487 ], [ 74.999999999994415, 39.113465808772915 ], [ 74.999999999994415, 39.113465808772915 ], [ 74.999999999994415, 39.111111111107952 ], [ 74.999999999994415, 39.108132343518498 ], [ 75.000000999994413, 39.108132343518498 ] ] ] ] } }
]
}
