{
"type": "FeatureCollection",
"name": "LDZOFBA016.WT",
"crs": { "type": "name", "properties": { "name": "urn:ogc:def:crs:OGC:1.3:CRS84" } },
"xy_coordinate_resolution": 1e-15,
"features": [
{ "type": "Feature", "properties": { "ID": 356, "FEATUREID": "OFBA016C1AJ430010020000001", "CHFCAC": "000001", "GZBBGA": "202001", "GZBBAC": "215", "GZBBAD": "46", "GZBBAB": "125.000000", "point_type": 1, "symbol_no": 1245, "height": 5.0, "width": 5.0, "spacing": null, "angle": 145.80886840820312, "_src_file": "LDZOFBA016.WT", "_src_id": 0 }, "geometry": { "type": "Point", "coordinates": [ 74.356364230046736, 39.963984419995619 ] } },
{ "type": "Feature", "properties": { "ID": 372, "FEATUREID": "OFBA016C1AJ430010020000002", "CHFCAC": "000002", "GZBBGA": "202001", "GZBBAC": "340", "GZBBAD": "70", "GZBBAB": "70.000000", "point_type": 1, "symbol_no": 1245, "height": 5.0, "width": 5.0, "spacing": null, "angle": 20.0797119140625, "_src_file": "LDZOFBA016.WT", "_src_id": 1 }, "geometry": { "type": "Point", "coordinates": [ 74.325166179644114, 39.99182127813814 ] } },
{ "type": "Feature", "properties": { "ID": 380, "FEATUREID": "OFBA016C1AJ430010020000003", "CHFCAC": "000003", "GZBBGA": "202001", "GZBBAC": "271", "GZBBAD": "65", "GZBBAB": "1.000000", "point_type": 1, "symbol_no": 1245, "height": 5.0, "width": 5.0, "spacing": null, "angle": 89.489326477050781, "_src_file": "LDZOFBA016.WT", "_src_id": 2 }, "geometry": { "type": "Point", "coordinates": [ 74.275333284043782, 39.926802733085658 ] } },
{ "type": "Feature", "properties": { "ID": 387, "FEATUREID": "OFBA016C1AJ430010020000004", "CHFCAC": "000004", "GZBBGA": "202005", "GZBBAC": "313", "GZBBAD": "69", "GZBBAB": "43.000000", "point_type": 1, "symbol_no": 1249, "height": 5.0, "width": 5.0, "spacing": null, "angle": 47.120834350585938, "_src_file": "LDZOFBA016.WT", "_src_id": 3 }, "geometry": { "type": "Point", "coordinates": [ 74.445327123470321, 39.850532199163425 ] } },
{ "type": "Feature", "properties": { "ID": 387, "FEATUREID": "OFBA016C1AJ430010020000005", "CHFCAC": "000005", "GZBBGA": "202005", "GZBBAC": "323", "GZBBAD": "44", "GZBBAB": "53.000000", "point_type": 1, "symbol_no": 1249, "height": 5.0, "width": 5.0, "spacing": null, "angle": 36.944820404052734, "_src_file": "LDZOFBA016.WT", "_src_id": 4 }, "geometry": { "type": "Point", "coordinates": [ 74.482145528380613, 39.88057215274975 ] } },
{ "type": "Feature", "properties": { "ID": 398, "FEATUREID": "OFBA016C1AJ430010020000006", "CHFCAC": "000006", "GZBBGA": "202001", "GZBBAC": "354", "GZBBAD": "23", "GZBBAB": "84.000000", "point_type": 1, "symbol_no": 1245, "height": 5.0, "width": 5.0, "spacing": null, "angle": 6.2733478546142578, "_src_file": "LDZOFBA016.WT", "_src_id": 5 }, "geometry": { "type": "Point", "coordinates": [ 74.336837624819324, 39.685445862770919 ] } },
{ "type": "Feature", "properties": { "ID": 402, "FEATUREID": "OFBA016C1AJ430010020000007", "CHFCAC": "000007", "GZBBGA": "202001", "GZBBAC": "172", "GZBBAD": "58", "GZBBAB": "82.000000", "point_type": 1, "symbol_no": 1245, "height": 5.0, "width": 5.0, "spacing": null, "angle": 188.45286560058594, "_src_file": "LDZOFBA016.WT", "_src_id": 6 }, "geometry": { "type": "Point", "coordinates": [ 74.344312209270583, 39.674329717167318 ] } },
{ "type": "Feature", "properties": { "ID": 408, "FEATUREID": "OFBA016C1AJ430010020000008", "CHFCAC": "000008", "GZBBGA": "202001", "GZBBAC": "155", "GZBBAD": "43", "GZBBAB": "65.000000", "point_type": 1, "symbol_no": 1245, "height": 5.0, "width": 5.0, "spacing": null, "angle": 205.41838073730469, "_src_file": "LDZOFBA016.WT", "_src_id": 7 }, "geometry": { "type": "Point", "coordinates": [ 74.320419156820861, 39.784316469239172 ] } },
{ "type": "Feature", "properties": { "ID": 412, "FEATUREID": "OFBA016C1AJ430010020000009", "CHFCAC": "000009", "GZBBGA": "202001", "GZBBAC": "211", "GZBBAD": "30", "GZBBAB": "121.000000", "point_type": 1, "symbol_no": 1245, "height": 5.0, "width": 5.0, "spacing": null, "angle": 149.28802490234375, "_src_file": "LDZOFBA016.WT", "_src_id": 8 }, "geometry": { "type": "Point", "coordinates": [ 74.218731541332161, 39.918570068662916 ] } },
{ "type": "Feature", "properties": { "ID": 414, "FEATUREID": "OFBA016C1AJ430010020000010", "CHFCAC": "000010", "GZBBGA": "202001", "GZBBAC": "215", "GZBBAD": "64", "GZBBAB": "125.000000", "point_type": 1, "symbol_no": 1245, "height": 5.0, "width": 5.0, "spacing": null, "angle": 145.75015258789062, "_src_file": "LDZOFBA016.WT", "_src_id": 9 }, "geometry": { "type": "Point", "coordinates": [ 74.267020625617775, 39.844885468127956 ] } },
{ "type": "Feature", "properties": { "ID": 416, "FEATUREID": "OFBA016C1AJ430010020000011", "CHFCAC": "000011", "GZBBGA": "202001", "GZBBAC": "340", "GZBBAD": "70", "GZBBAB": "70.000000", "point_type": 1, "symbol_no": 1245, "height": 5.0, "width": 5.0, "spacing": null, "angle": 20.494619369506836, "_src_file": "LDZOFBA016.WT", "_src_id": 10 }, "geometry": { "type": "Point", "coordinates": [ 74.141042286675571, 39.682975881706255 ] } },
{ "type": "Feature", "properties": { "ID": 419, "FEATUREID": "OFBA016C1AJ430010020000012", "CHFCAC": "000012", "GZBBGA": "202001", "GZBBAC": "298", "GZBBAD": "25", "GZBBAB": "28.000000", "point_type": 1, "symbol_no": 1245, "height": 5.0, "width": 5.0, "spacing": null, "angle": 62.044876098632812, "_src_file": "LDZOFBA016.WT", "_src_id": 11 }, "geometry": { "type": "Point", "coordinates": [ 74.160205796355413, 39.790949778295946 ] } },
{ "type": "Feature", "properties": { "ID": 427, "FEATUREID": "OFBA016C1AJ430010020000013", "CHFCAC": "000013", "GZBBGA": "202001", "GZBBAC": "298", "GZBBAD": "67", "GZBBAB": "28.000000", "point_type": 1, "symbol_no": 1245, "height": 5.0, "width": 5.0, "spacing": null, "angle": 62.290435791015625, "_src_file": "LDZOFBA016.WT", "_src_id": 12 }, "geometry": { "type": "Point", "coordinates": [ 74.049795090834124, 39.993097317372552 ] } },
{ "type": "Feature", "properties": { "ID": 428, "FEATUREID": "OFBA016C1AJ430010020000014", "CHFCAC": "000014", "GZBBGA": "202001", "GZBBAC": "305", "GZBBAD": "59", "GZBBAB": "35.000000", "point_type": 1, "symbol_no": 1245, "height": 5.0, "width": 5.0, "spacing": null, "angle": 55.154499053955078, "_src_file": "LDZOFBA016.WT", "_src_id": 13 }, "geometry": { "type": "Point", "coordinates": [ 74.056314304779093, 39.961334936290655 ] } },
{ "type": "Feature", "properties": { "ID": 429, "FEATUREID": "OFBA016C1AJ430010020000015", "CHFCAC": "000015", "GZBBGA": "202001", "GZBBAC": "280", "GZBBAD": "40", "GZBBAB": "10.000000", "point_type": 1, "symbol_no": 1245, "height": 5.0, "width": 5.0, "spacing": null, "angle": 79.980171203613281, "_src_file": "LDZOFBA016.WT", "_src_id": 14 }, "geometry": { "type": "Point", "coordinates": [ 74.044041157386317, 39.915174859199062 ] } },
{ "type": "Feature", "properties": { "ID": 434, "FEATUREID": "OFBA016C1AJ430010020000016", "CHFCAC": "000016", "GZBBGA": "202001", "GZBBAC": "132", "GZBBAD": "30", "GZBBAB": "42.000000", "point_type": 1, "symbol_no": 1245, "height": 5.0, "width": 5.0, "spacing": null, "angle": 228.08866882324219, "_src_file": "LDZOFBA016.WT", "_src_id": 15 }, "geometry": { "type": "Point", "coordinates": [ 74.09471320637526, 39.743816506373285 ] } },
{ "type": "Feature", "properties": { "ID": 435, "FEATUREID": "OFBA016C1AJ430010020000017", "CHFCAC": "000017", "GZBBGA": "202001", "GZBBAC": "121", "GZBBAD": "58", "GZBBAB": "31.000000", "point_type": 1, "symbol_no": 1245, "height": 5.0, "width": 5.0, "spacing": null, "angle": 239.71823120117188, "_src_file": "LDZOFBA016.WT", "_src_id": 16 }, "geometry": { "type": "Point", "coordinates": [ 74.040927540141865, 39.724135869691082 ] } },
{ "type": "Feature", "properties": { "ID": 438, "FEATUREID": "OFBA016C1AJ430010020000018", "CHFCAC": "000018", "GZBBGA": "202001", "GZBBAC": "330", "GZBBAD": "46", "GZBBAB": "60.000000", "point_type": 1, "symbol_no": 1245, "height": 5.0, "width": 5.0, "spacing": null, "angle": 30.738222122192383, "_src_file": "LDZOFBA016.WT", "_src_id": 17 }, "geometry": { "type": "Point", "coordinates": [ 74.022606365065386, 39.763623685034958 ] } },
{ "type": "Feature", "properties": { "ID": 415, "FEATUREID": "OFBA016C1AJ430010020000019", "CHFCAC": "000019", "GZBBGA": "202001", "GZBBAC": "316", "GZBBAD": "56", "GZBBAB": "46.000000", "point_type": 1, "symbol_no": 1245, "height": 5.0, "width": 5.0, "spacing": null, "angle": 44.617347717285156, "_src_file": "LDZOFBA016.WT", "_src_id": 18 }, "geometry": { "type": "Point", "coordinates": [ 74.183785531722677, 39.750341636061677 ] } },
{ "type": "Feature", "properties": { "ID": 481, "FEATUREID": "OFBA016C1AJ430010020000020", "CHFCAC": "000020", "GZBBGA": "202001", "GZBBAC": "206", "GZBBAD": "50", "GZBBAB": "116.000000", "point_type": 1, "symbol_no": 1245, "height": 5.0, "width": 5.0, "spacing": null, "angle": 154.064208984375, "_src_file": "LDZOFBA016.WT", "_src_id": 19 }, "geometry": { "type": "Point", "coordinates": [ 74.487129117644159, 39.679652649868665 ] } },
{ "type": "Feature", "properties": { "ID": 505, "FEATUREID": "OFBA016C1AJ430010020000021", "CHFCAC": "000021", "GZBBGA": "202001", "GZBBAC": "316", "GZBBAD": "58", "GZBBAB": "46.000000", "point_type": 1, "symbol_no": 1245, "height": 5.0, "width": 5.0, "spacing": null, "angle": 44.380722045898438, "_src_file": "LDZOFBA016.WT", "_src_id": 20 }, "geometry": { "type": "Point", "coordinates": [ 74.007936872372753, 39.929552682345353 ] } },
{ "type": "Feature", "properties": { "ID": 515, "FEATUREID": "OFBA016C1AJ430010020000022", "CHFCAC": "000022", "GZBBGA": "202001", "GZBBAC": "322", "GZBBAD": "48", "GZBBAB": "52.000000", "point_type": 1, "symbol_no": 1245, "height": 5.0, "width": 5.0, "spacing": null, "angle": 38.542156219482422, "_src_file": "LDZOFBA016.WT", "_src_id": 21 }, "geometry": { "type": "Point", "coordinates": [ 74.048488667184671, 39.889268748361978 ] } },
{ "type": "Feature", "properties": { "ID": 519, "FEATUREID": "OFBA016C1AJ430010020000023", "CHFCAC": "000023", "GZBBGA": "202005", "GZBBAC": "297", "GZBBAD": "36", "GZBBAB": "27.000000", "point_type": 1, "symbol_no": 1249, "height": 5.0, "width": 5.0, "spacing": null, "angle": 63.6810302734375, "_src_file": "LDZOFBA016.WT", "_src_id": 22 }, "geometry": { "type": "Point", "coordinates": [ 74.058365078534095, 39.698466112778618 ] } },
{ "type": "Feature", "properties": { "ID": 556, "FEATUREID": "OFBA016C1AJ430010020000024", "CHFCAC": "000024", "GZBBGA": "202001", "GZBBAC": "318", "GZBBAD": "38", "GZBBAB": "48.000000", "point_type": 1, "symbol_no": 1245, "height": 5.0, "width": 5.0, "spacing": null, "angle": 42.486404418945312, "_src_file": "LDZOFBA016.WT", "_src_id": 23 }, "geometry": { "type": "Point", "coordinates": [ 74.112689466183454, 39.718828001143464 ] } },
{ "type": "Feature", "properties": { "ID": 560, "FEATUREID": "OFBA016C1AJ430010020000025", "CHFCAC": "000025", "GZBBGA": "202005", "GZBBAC": "303", "GZBBAD": "43", "GZBBAB": "33.000000", "point_type": 1, "symbol_no": 1249, "height": 5.0, "width": 5.0, "spacing": null, "angle": 57.946037292480469, "_src_file": "LDZOFBA016.WT", "_src_id": 24 }, "geometry": { "type": "Point", "coordinates": [ 74.070869146434546, 39.758232453892752 ] } },
{ "type": "Feature", "properties": { "ID": 561, "FEATUREID": "OFBA016C1AJ430010020000026", "CHFCAC": "000026", "GZBBGA": "202001", "GZBBAC": "113", "GZBBAD": "29", "GZBBAB": "23.000000", "point_type": 1, "symbol_no": 1245, "height": 5.0, "width": 5.0, "spacing": null, "angle": 247.23019409179688, "_src_file": "LDZOFBA016.WT", "_src_id": 25 }, "geometry": { "type": "Point", "coordinates": [ 74.130237592576051, 39.81511064460237 ] } },
{ "type": "Feature", "properties": { "ID": 566, "FEATUREID": "OFBA016C1AJ430010020000027", "CHFCAC": "000027", "GZBBGA": "202005", "GZBBAC": "312", "GZBBAD": "70", "GZBBAB": "42.000000", "point_type": 1, "symbol_no": 1249, "height": 5.0, "width": 5.0, "spacing": null, "angle": 48.035205841064453, "_src_file": "LDZOFBA016.WT", "_src_id": 26 }, "geometry": { "type": "Point", "coordinates": [ 74.122677493526723, 39.848348041775949 ] } },
{ "type": "Feature", "properties": { "ID": 572, "FEATUREID": "OFBA016C1AJ430010020000028", "CHFCAC": "000028", "GZBBGA": "202001", "GZBBAC": "326", "GZBBAD": "58", "GZBBAB": "56.000000", "point_type": 1, "symbol_no": 1245, "height": 5.0, "width": 5.0, "spacing": null, "angle": 34.1456298828125, "_src_file": "LDZOFBA016.WT", "_src_id": 27 }, "geometry": { "type": "Point", "coordinates": [ 74.076343878959321, 39.871930046770835 ] } },
{ "type": "Feature", "properties": { "ID": 581, "FEATUREID": "OFBA016C1AJ430010020000029", "CHFCAC": "000029", "GZBBGA": "202001", "GZBBAC": "304", "GZBBAD": "70", "GZBBAB": "34.000000", "point_type": 1, "symbol_no": 1245, "height": 5.0, "width": 5.0, "spacing": null, "angle": 56.334514617919922, "_src_file": "LDZOFBA016.WT", "_src_id": 28 }, "geometry": { "type": "Point", "coordinates": [ 74.090195044892241, 39.96932422360031 ] } },
{ "type": "Feature", "properties": { "ID": 582, "FEATUREID": "OFBA016C1AJ430010020000030", "CHFCAC": "000030", "GZBBGA": "202001", "GZBBAC": "301", "GZBBAD": "70", "GZBBAB": "31.000000", "point_type": 1, "symbol_no": 1245, "height": 5.0, "width": 5.0, "spacing": null, "angle": 59.666927337646484, "_src_file": "LDZOFBA016.WT", "_src_id": 29 }, "geometry": { "type": "Point", "coordinates": [ 74.129422294919962, 39.989619164412993 ] } },
{ "type": "Feature", "properties": { "ID": 584, "FEATUREID": "OFBA016C1AJ430010020000031", "CHFCAC": "000031", "GZBBGA": "202001", "GZBBAC": "306", "GZBBAD": "57", "GZBBAB": "36.000000", "point_type": 1, "symbol_no": 1245, "height": 5.0, "width": 5.0, "spacing": null, "angle": 54.589820861816406, "_src_file": "LDZOFBA016.WT", "_src_id": 30 }, "geometry": { "type": "Point", "coordinates": [ 74.175821636259528, 39.672455470572139 ] } },
{ "type": "Feature", "properties": { "ID": 590, "FEATUREID": "OFBA016C1AJ430010020000032", "CHFCAC": "000032", "GZBBGA": "202001", "GZBBAC": "322", "GZBBAD": "56", "GZBBAB": "52.000000", "point_type": 1, "symbol_no": 1245, "height": 5.0, "width": 5.0, "spacing": null, "angle": 38.854297637939453, "_src_file": "LDZOFBA016.WT", "_src_id": 31 }, "geometry": { "type": "Point", "coordinates": [ 74.215609252493451, 39.737868525601932 ] } },
{ "type": "Feature", "properties": { "ID": 591, "FEATUREID": "OFBA016C1AJ430010020000033", "CHFCAC": "000033", "GZBBGA": "202001", "GZBBAC": "140", "GZBBAD": "40", "GZBBAB": "50.000000", "point_type": 1, "symbol_no": 1245, "height": 5.0, "width": 5.0, "spacing": null, "angle": 220.25146484375, "_src_file": "LDZOFBA016.WT", "_src_id": 32 }, "geometry": { "type": "Point", "coordinates": [ 74.212771689592543, 39.744920373961946 ] } },
{ "type": "Feature", "properties": { "ID": 602, "FEATUREID": "OFBA016C1AJ430010020000034", "CHFCAC": "000034", "GZBBGA": "202001", "GZBBAC": "122", "GZBBAD": "59", "GZBBAB": "32.000000", "point_type": 1, "symbol_no": 1245, "height": 5.0, "width": 5.0, "spacing": null, "angle": 238.6754150390625, "_src_file": "LDZOFBA016.WT", "_src_id": 33 }, "geometry": { "type": "Point", "coordinates": [ 74.208019557220766, 39.889092270832677 ] } },
{ "type": "Feature", "properties": { "ID": 607, "FEATUREID": "OFBA016C1AJ430010020000035", "CHFCAC": "000035", "GZBBGA": "202001", "GZBBAC": "300", "GZBBAD": "60", "GZBBAB": "30.000000", "point_type": 1, "symbol_no": 1245, "height": 5.0, "width": 5.0, "spacing": null, "angle": 60.729362487792969, "_src_file": "LDZOFBA016.WT", "_src_id": 34 }, "geometry": { "type": "Point", "coordinates": [ 74.163793463661989, 39.929213828156072 ] } },
{ "type": "Feature", "properties": { "ID": 609, "FEATUREID": "OFBA016C1AJ430010020000036", "CHFCAC": "000036", "GZBBGA": "202001", "GZBBAC": "296", "GZBBAD": "54", "GZBBAB": "26.000000", "point_type": 1, "symbol_no": 1245, "height": 5.0, "width": 5.0, "spacing": null, "angle": 64.030967712402344, "_src_file": "LDZOFBA016.WT", "_src_id": 35 }, "geometry": { "type": "Point", "coordinates": [ 74.21128516595725, 39.990943995244812 ] } },
{ "type": "Feature", "properties": { "ID": 620, "FEATUREID": "OFBA016C1AJ430010020000037", "CHFCAC": "000037", "GZBBGA": "202001", "GZBBAC": "152", "GZBBAD": "68", "GZBBAB": "62.000000", "point_type": 1, "symbol_no": 1245, "height": 5.0, "width": 5.0, "spacing": null, "angle": 208.42984008789062, "_src_file": "LDZOFBA016.WT", "_src_id": 36 }, "geometry": { "type": "Point", "coordinates": [ 74.275493282406615, 39.952340334619294 ] } },
{ "type": "Feature", "properties": { "ID": 641, "FEATUREID": "OFBA016C1AJ430010020000038", "CHFCAC": "000038", "GZBBGA": "202001", "GZBBAC": "312", "GZBBAD": "53", "GZBBAB": "42.000000", "point_type": 1, "symbol_no": 1245, "height": 5.0, "width": 5.0, "spacing": null, "angle": 48.388156890869141, "_src_file": "LDZOFBA016.WT", "_src_id": 37 }, "geometry": { "type": "Point", "coordinates": [ 74.237856600609931, 39.703164968436717 ] } },
{ "type": "Feature", "properties": { "ID": 642, "FEATUREID": "OFBA016C1AJ430010020000039", "CHFCAC": "000039", "GZBBGA": "202001", "GZBBAC": "9", "GZBBAD": "72", "GZBBAB": "99.000000", "point_type": 1, "symbol_no": 1245, "height": 5.0, "width": 5.0, "spacing": null, "angle": 351.65899658203125, "_src_file": "LDZOFBA016.WT", "_src_id": 38 }, "geometry": { "type": "Point", "coordinates": [ 74.266511216030565, 39.692059155547454 ] } },
{ "type": "Feature", "properties": { "ID": 653, "FEATUREID": "OFBA016C1AJ430010020000040", "CHFCAC": "000040", "GZBBGA": "202001", "GZBBAC": "35", "GZBBAD": "72", "GZBBAB": "125.000000", "point_type": 1, "symbol_no": 1245, "height": 5.0, "width": 5.0, "spacing": null, "angle": 325.29177856445312, "_src_file": "LDZOFBA016.WT", "_src_id": 39 }, "geometry": { "type": "Point", "coordinates": [ 74.363172242284818, 39.972188936972586 ] } },
{ "type": "Feature", "properties": { "ID": 659, "FEATUREID": "OFBA016C1AJ430010020000041", "CHFCAC": "000041", "GZBBGA": "202001", "GZBBAC": "339", "GZBBAD": "70", "GZBBAB": "69.000000", "point_type": 1, "symbol_no": 1245, "height": 5.0, "width": 5.0, "spacing": null, "angle": 21.023159027099609, "_src_file": "LDZOFBA016.WT", "_src_id": 40 }, "geometry": { "type": "Point", "coordinates": [ 74.348517875735311, 39.939778549942545 ] } },
{ "type": "Feature", "properties": { "ID": 674, "FEATUREID": "OFBA016C1AJ430010020000042", "CHFCAC": "000042", "GZBBGA": "202001", "GZBBAC": "305", "GZBBAD": "32", "GZBBAB": "35.000000", "point_type": 1, "symbol_no": 1245, "height": 5.0, "width": 5.0, "spacing": null, "angle": 54.853561401367188, "_src_file": "LDZOFBA016.WT", "_src_id": 41 }, "geometry": { "type": "Point", "coordinates": [ 74.392655322208384, 39.85920306768422 ] } },
{ "type": "Feature", "properties": { "ID": 688, "FEATUREID": "OFBA016C1AJ430010020000043", "CHFCAC": "000043", "GZBBGA": "202001", "GZBBAC": "292", "GZBBAD": "21", "GZBBAB": "22.000000", "point_type": 1, "symbol_no": 1245, "height": 5.0, "width": 5.0, "spacing": null, "angle": 68.777656555175781, "_src_file": "LDZOFBA016.WT", "_src_id": 42 }, "geometry": { "type": "Point", "coordinates": [ 74.41136950712378, 39.879907971850287 ] } },
{ "type": "Feature", "properties": { "ID": 689, "FEATUREID": "OFBA016C1AJ430010020000044", "CHFCAC": "000044", "GZBBGA": "202001", "GZBBAC": "167", "GZBBAD": "60", "GZBBAB": "77.000000", "point_type": 1, "symbol_no": 1245, "height": 5.0, "width": 5.0, "spacing": null, "angle": 193.42471313476562, "_src_file": "LDZOFBA016.WT", "_src_id": 43 }, "geometry": { "type": "Point", "coordinates": [ 74.373365223189836, 39.812426992245548 ] } },
{ "type": "Feature", "properties": { "ID": 693, "FEATUREID": "OFBA016C1AJ430010020000045", "CHFCAC": "000045", "GZBBGA": "202001", "GZBBAC": "4", "GZBBAD": "30", "GZBBAB": "94.000000", "point_type": 1, "symbol_no": 1245, "height": 5.0, "width": 5.0, "spacing": null, "angle": 356.1044921875, "_src_file": "LDZOFBA016.WT", "_src_id": 44 }, "geometry": { "type": "Point", "coordinates": [ 74.386567074241029, 39.797548081972032 ] } },
{ "type": "Feature", "properties": { "ID": 706, "FEATUREID": "OFBA016C1AJ430010020000046", "CHFCAC": "000046", "GZBBGA": "202001", "GZBBAC": "328", "GZBBAD": "37", "GZBBAB": "58.000000", "point_type": 1, "symbol_no": 1245, "height": 5.0, "width": 5.0, "spacing": null, "angle": 32.608291625976562, "_src_file": "LDZOFBA016.WT", "_src_id": 45 }, "geometry": { "type": "Point", "coordinates": [ 74.324763881467192, 39.780839390485724 ] } },
{ "type": "Feature", "properties": { "ID": 707, "FEATUREID": "OFBA016C1AJ430010020000047", "CHFCAC": "000047", "GZBBGA": "202001", "GZBBAC": "355", "GZBBAD": "66", "GZBBAB": "85.000000", "point_type": 1, "symbol_no": 1245, "height": 5.0, "width": 5.0, "spacing": null, "angle": 5.80419921875, "_src_file": "LDZOFBA016.WT", "_src_id": 46 }, "geometry": { "type": "Point", "coordinates": [ 74.366789341273346, 39.770874317140887 ] } },
{ "type": "Feature", "properties": { "ID": 716, "FEATUREID": "OFBA016C1AJ430010020000048", "CHFCAC": "000048", "GZBBGA": "202001", "GZBBAC": "339", "GZBBAD": "78", "GZBBAB": "69.000000", "point_type": 1, "symbol_no": 1245, "height": 5.0, "width": 5.0, "spacing": null, "angle": 20.939756393432617, "_src_file": "LDZOFBA016.WT", "_src_id": 47 }, "geometry": { "type": "Point", "coordinates": [ 74.346911778379749, 39.712089512221652 ] } },
{ "type": "Feature", "properties": { "ID": 718, "FEATUREID": "OFBA016C1AJ430010020000049", "CHFCAC": "000049", "GZBBGA": "202001", "GZBBAC": "338", "GZBBAD": "61", "GZBBAB": "68.000000", "point_type": 1, "symbol_no": 1245, "height": 5.0, "width": 5.0, "spacing": null, "angle": 22.453880310058594, "_src_file": "LDZOFBA016.WT", "_src_id": 48 }, "geometry": { "type": "Point", "coordinates": [ 74.334841027342563, 39.721028876709234 ] } },
{ "type": "Feature", "properties": { "ID": 723, "FEATUREID": "OFBA016C1AJ430010020000050", "CHFCAC": "000050", "GZBBGA": "202001", "GZBBAC": "198", "GZBBAD": "40", "GZBBAB": "108.000000", "point_type": 1, "symbol_no": 1245, "height": 5.0, "width": 5.0, "spacing": null, "angle": 162.32344055175781, "_src_file": "LDZOFBA016.WT", "_src_id": 49 }, "geometry": { "type": "Point", "coordinates": [ 74.489189880061716, 39.714180699672958 ] } },
{ "type": "Feature", "properties": { "ID": 726, "FEATUREID": "OFBA016C1AJ430010020000051", "CHFCAC": "000051", "GZBBGA": "202001", "GZBBAC": "27", "GZBBAD": "60", "GZBBAB": "117.000000", "point_type": 1, "symbol_no": 1245, "height": 5.0, "width": 5.0, "spacing": null, "angle": 333.39993286132812, "_src_file": "LDZOFBA016.WT", "_src_id": 50 }, "geometry": { "type": "Point", "coordinates": [ 74.483163592331906, 39.734884157982975 ] } },
{ "type": "Feature", "properties": { "ID": 728, "FEATUREID": "OFBA016C1AJ430010020000052", "CHFCAC": "000052", "GZBBGA": "202001", "GZBBAC": "172", "GZBBAD": "40", "GZBBAB": "82.000000", "point_type": 1, "symbol_no": 1245, "height": 5.0, "width": 5.0, "spacing": null, "angle": 187.92243957519531, "_src_file": "LDZOFBA016.WT", "_src_id": 51 }, "geometry": { "type": "Point", "coordinates": [ 74.480695676753086, 39.768566174091212 ] } },
{ "type": "Feature", "properties": { "ID": 740, "FEATUREID": "OFBA016C1AJ430010020000053", "CHFCAC": "000053", "GZBBGA": "202001", "GZBBAC": "210", "GZBBAD": "55", "GZBBAB": "120.000000", "point_type": 1, "symbol_no": 1245, "height": 5.0, "width": 5.0, "spacing": null, "angle": 150.73092651367188, "_src_file": "LDZOFBA016.WT", "_src_id": 52 }, "geometry": { "type": "Point", "coordinates": [ 74.421929616810729, 39.92647546983892 ] } },
{ "type": "Feature", "properties": { "ID": 747, "FEATUREID": "OFBA016C1AJ430010020000054", "CHFCAC": "000054", "GZBBGA": "202001", "GZBBAC": "347", "GZBBAD": "84", "GZBBAB": "77.000000", "point_type": 1, "symbol_no": 1245, "height": 5.0, "width": 5.0, "spacing": null, "angle": 13.33005428314209, "_src_file": "LDZOFBA016.WT", "_src_id": 53 }, "geometry": { "type": "Point", "coordinates": [ 74.442511345506432, 39.95702758085762 ] } },
{ "type": "Feature", "properties": { "ID": 752, "FEATUREID": "OFBA016C1AJ430010020000055", "CHFCAC": "000055", "GZBBGA": "202001", "GZBBAC": "166", "GZBBAD": "60", "GZBBAB": "76.000000", "point_type": 1, "symbol_no": 1245, "height": 5.0, "width": 5.0, "spacing": null, "angle": 193.90963745117188, "_src_file": "LDZOFBA016.WT", "_src_id": 54 }, "geometry": { "type": "Point", "coordinates": [ 74.451121226757579, 39.972739076266009 ] } },
{ "type": "Feature", "properties": { "ID": 756, "FEATUREID": "OFBA016C1AJ430010020000056", "CHFCAC": "000056", "GZBBGA": "202001", "GZBBAC": "318", "GZBBAD": "66", "GZBBAB": "48.000000", "point_type": 1, "symbol_no": 1245, "height": 5.0, "width": 5.0, "spacing": null, "angle": 42.189651489257812, "_src_file": "LDZOFBA016.WT", "_src_id": 55 }, "geometry": { "type": "Point", "coordinates": [ 74.443320951626305, 39.990223321374167 ] } },
{ "type": "Feature", "properties": { "ID": 774, "FEATUREID": "OFBA016C1AJ430010020000057", "CHFCAC": "000057", "GZBBGA": "202001", "GZBBAC": "178", "GZBBAD": "48", "GZBBAB": "88.000000", "point_type": 1, "symbol_no": 1245, "height": 5.0, "width": 5.0, "spacing": null, "angle": 182.4874267578125, "_src_file": "LDZOFBA016.WT", "_src_id": 56 }, "geometry": { "type": "Point", "coordinates": [ 74.496321259289559, 39.789633931563252 ] } },
{ "type": "Feature", "properties": { "ID": 782, "FEATUREID": "OFBA016C1AJ430010020000058", "CHFCAC": "000058", "GZBBGA": "202001", "GZBBAC": "188", "GZBBAD": "57", "GZBBAB": "98.000000", "point_type": 1, "symbol_no": 1245, "height": 5.0, "width": 5.0, "spacing": null, "angle": 172.04629516601562, "_src_file": "LDZOFBA016.WT", "_src_id": 57 }, "geometry": { "type": "Point", "coordinates": [ 74.32598079198219, 39.806131273056224 ] } },
{ "type": "Feature", "properties": { "ID": 787, "FEATUREID": "OFBA016C1AJ430010020000059", "CHFCAC": "000059", "GZBBGA": "202001", "GZBBAC": "271", "GZBBAD": "25", "GZBBAB": "1.000000", "point_type": 1, "symbol_no": 1245, "height": 5.0, "width": 5.0, "spacing": null, "angle": 89.040763854980469, "_src_file": "LDZOFBA016.WT", "_src_id": 58 }, "geometry": { "type": "Point", "coordinates": [ 74.334213616564597, 39.838934994449922 ] } },
{ "type": "Feature", "properties": { "ID": 412, "FEATUREID": "OFBA016C1AJ430010020000060", "CHFCAC": "000060", "GZBBGA": "202001", "GZBBAC": "348", "GZBBAD": "68", "GZBBAB": "78.000000", "point_type": 1, "symbol_no": 1245, "height": 5.0, "width": 5.0, "spacing": null, "angle": 12.368207931518555, "_src_file": "LDZOFBA016.WT", "_src_id": 59 }, "geometry": { "type": "Point", "coordinates": [ 74.276565494728516, 39.911306554391153 ] } },
{ "type": "Feature", "properties": { "ID": 302, "FEATUREID": "OFBA016C1AJ430010020000061", "CHFCAC": "000061", "GZBBGA": "202001", "GZBBAC": "78", "GZBBAD": "57", "GZBBAB": "168.000000", "point_type": 1, "symbol_no": 1245, "height": 5.0, "width": 5.0, "spacing": null, "angle": 282.45327758789062, "_src_file": "LDZOFBA016.WT", "_src_id": 60 }, "geometry": { "type": "Point", "coordinates": [ 74.851845427828451, 39.959716100034193 ] } },
{ "type": "Feature", "properties": { "ID": 307, "FEATUREID": "OFBA016C1AJ430010020000062", "CHFCAC": "000062", "GZBBGA": "202001", "GZBBAC": "32", "GZBBAD": "65", "GZBBAB": "122.000000", "point_type": 1, "symbol_no": 1245, "height": 5.0, "width": 5.0, "spacing": null, "angle": 327.92755126953125, "_src_file": "LDZOFBA016.WT", "_src_id": 61 }, "geometry": { "type": "Point", "coordinates": [ 74.892154494206551, 39.912471290856004 ] } },
{ "type": "Feature", "properties": { "ID": 310, "FEATUREID": "OFBA016C1AJ430010020000063", "CHFCAC": "000063", "GZBBGA": "202001", "GZBBAC": "22", "GZBBAD": "65", "GZBBAB": "112.000000", "point_type": 1, "symbol_no": 1245, "height": 5.0, "width": 5.0, "spacing": null, "angle": 337.86788940429688, "_src_file": "LDZOFBA016.WT", "_src_id": 62 }, "geometry": { "type": "Point", "coordinates": [ 74.85404904927104, 39.902507645676835 ] } },
{ "type": "Feature", "properties": { "ID": 312, "FEATUREID": "OFBA016C1AJ430010020000064", "CHFCAC": "000064", "GZBBGA": "202001", "GZBBAC": "352", "GZBBAD": "30", "GZBBAB": "82.000000", "point_type": 1, "symbol_no": 1245, "height": 5.0, "width": 5.0, "spacing": null, "angle": 8.0583810806274414, "_src_file": "LDZOFBA016.WT", "_src_id": 63 }, "geometry": { "type": "Point", "coordinates": [ 74.818857688258007, 39.898551193324451 ] } },
{ "type": "Feature", "properties": { "ID": 319, "FEATUREID": "OFBA016C1AJ430010020000065", "CHFCAC": "000065", "GZBBGA": "202001", "GZBBAC": "184", "GZBBAD": "40", "GZBBAB": "94.000000", "point_type": 1, "symbol_no": 1245, "height": 5.0, "width": 5.0, "spacing": null, "angle": 175.97299194335938, "_src_file": "LDZOFBA016.WT", "_src_id": 64 }, "geometry": { "type": "Point", "coordinates": [ 74.879853459110791, 39.842799410039206 ] } },
{ "type": "Feature", "properties": { "ID": 322, "FEATUREID": "OFBA016C1AJ430010020000066", "CHFCAC": "000066", "GZBBGA": "202001", "GZBBAC": "172", "GZBBAD": "35", "GZBBAB": "82.000000", "point_type": 1, "symbol_no": 1245, "height": 5.0, "width": 5.0, "spacing": null, "angle": 187.72271728515625, "_src_file": "LDZOFBA016.WT", "_src_id": 65 }, "geometry": { "type": "Point", "coordinates": [ 74.852589583558355, 39.803378214462981 ] } },
{ "type": "Feature", "properties": { "ID": 324, "FEATUREID": "OFBA016C1AJ430010020000067", "CHFCAC": "000067", "GZBBGA": "202001", "GZBBAC": "196", "GZBBAD": "78", "GZBBAB": "106.000000", "point_type": 1, "symbol_no": 1245, "height": 5.0, "width": 5.0, "spacing": null, "angle": 163.75099182128906, "_src_file": "LDZOFBA016.WT", "_src_id": 66 }, "geometry": { "type": "Point", "coordinates": [ 74.822243073416644, 39.792925689612268 ] } },
{ "type": "Feature", "properties": { "ID": 325, "FEATUREID": "OFBA016C1AJ430010020000068", "CHFCAC": "000068", "GZBBGA": "202001", "GZBBAC": "27", "GZBBAD": "53", "GZBBAB": "117.000000", "point_type": 1, "symbol_no": 1245, "height": 5.0, "width": 5.0, "spacing": null, "angle": 333.55557250976562, "_src_file": "LDZOFBA016.WT", "_src_id": 67 }, "geometry": { "type": "Point", "coordinates": [ 74.754282008704834, 39.858524887278413 ] } },
{ "type": "Feature", "properties": { "ID": 330, "FEATUREID": "OFBA016C1AJ430010020000069", "CHFCAC": "000069", "GZBBGA": "202001", "GZBBAC": "0", "GZBBAD": "14", "GZBBAB": "90.000000", "point_type": 1, "symbol_no": 1245, "height": 5.0, "width": 5.0, "spacing": null, "angle": 0.22478851675987244, "_src_file": "LDZOFBA016.WT", "_src_id": 68 }, "geometry": { "type": "Point", "coordinates": [ 74.543823131462659, 39.998155446980263 ] } },
{ "type": "Feature", "properties": { "ID": 337, "FEATUREID": "OFBA016C1AJ430010020000070", "CHFCAC": "000070", "GZBBGA": "202005", "GZBBAC": "156", "GZBBAD": "64", "GZBBAB": "66.000000", "point_type": 1, "symbol_no": 1249, "height": 5.0, "width": 5.0, "spacing": null, "angle": 203.87734985351562, "_src_file": "LDZOFBA016.WT", "_src_id": 69 }, "geometry": { "type": "Point", "coordinates": [ 74.603353495304944, 39.924331175568362 ] } },
{ "type": "Feature", "properties": { "ID": 338, "FEATUREID": "OFBA016C1AJ430010020000071", "CHFCAC": "000071", "GZBBGA": "202005", "GZBBAC": "202", "GZBBAD": "64", "GZBBAB": "112.000000", "point_type": 1, "symbol_no": 1249, "height": 5.0, "width": 5.0, "spacing": null, "angle": 157.85151672363281, "_src_file": "LDZOFBA016.WT", "_src_id": 70 }, "geometry": { "type": "Point", "coordinates": [ 74.63395787429539, 39.954607530767603 ] } },
{ "type": "Feature", "properties": { "ID": 339, "FEATUREID": "OFBA016C1AJ430010020000072", "CHFCAC": "000072", "GZBBGA": "202005", "GZBBAC": "175", "GZBBAD": "59", "GZBBAB": "85.000000", "point_type": 1, "symbol_no": 1249, "height": 5.0, "width": 5.0, "spacing": null, "angle": 185.19425964355469, "_src_file": "LDZOFBA016.WT", "_src_id": 71 }, "geometry": { "type": "Point", "coordinates": [ 74.632091511038098, 39.992226820829913 ] } },
{ "type": "Feature", "properties": { "ID": 363, "FEATUREID": "OFBA016C1AJ430010020000073", "CHFCAC": "000073", "GZBBGA": "202001", "GZBBAC": "188", "GZBBAD": "70", "GZBBAB": "98.000000", "point_type": 1, "symbol_no": 1245, "height": 5.0, "width": 5.0, "spacing": null, "angle": 171.89680480957031, "_src_file": "LDZOFBA016.WT", "_src_id": 72 }, "geometry": { "type": "Point", "coordinates": [ 74.944092710857575, 39.921544453173929 ] } },
{ "type": "Feature", "properties": { "ID": 364, "FEATUREID": "OFBA016C1AJ430010020000074", "CHFCAC": "000074", "GZBBGA": "202001", "GZBBAC": "350", "GZBBAD": "41", "GZBBAB": "80.000000", "point_type": 1, "symbol_no": 1245, "height": 5.0, "width": 5.0, "spacing": null, "angle": 10.084020614624023, "_src_file": "LDZOFBA016.WT", "_src_id": 73 }, "geometry": { "type": "Point", "coordinates": [ 74.991609102878257, 39.908415722967881 ] } },
{ "type": "Feature", "properties": { "ID": 367, "FEATUREID": "OFBA016C1AJ430010020000075", "CHFCAC": "000075", "GZBBGA": "202001", "GZBBAC": "225", "GZBBAD": "33", "GZBBAB": "135.000000", "point_type": 1, "symbol_no": 1245, "height": 5.0, "width": 5.0, "spacing": null, "angle": 135.03605651855469, "_src_file": "LDZOFBA016.WT", "_src_id": 74 }, "geometry": { "type": "Point", "coordinates": [ 74.925541307540954, 39.878325017073379 ] } },
{ "type": "Feature", "properties": { "ID": 372, "FEATUREID": "OFBA016C1AJ430010020000076", "CHFCAC": "000076", "GZBBGA": "202001", "GZBBAC": "216", "GZBBAD": "30", "GZBBAB": "126.000000", "point_type": 1, "symbol_no": 1245, "height": 5.0, "width": 5.0, "spacing": null, "angle": 143.83428955078125, "_src_file": "LDZOFBA016.WT", "_src_id": 75 }, "geometry": { "type": "Point", "coordinates": [ 74.942837263408251, 39.786602115688076 ] } },
{ "type": "Feature", "properties": { "ID": 379, "FEATUREID": "OFBA016C1AJ430010020000077", "CHFCAC": "000077", "GZBBGA": "202001", "GZBBAC": "189", "GZBBAD": "42", "GZBBAB": "99.000000", "point_type": 1, "symbol_no": 1245, "height": 5.0, "width": 5.0, "spacing": null, "angle": 170.55497741699219, "_src_file": "LDZOFBA016.WT", "_src_id": 76 }, "geometry": { "type": "Point", "coordinates": [ 74.963465926975175, 39.676392793388658 ] } },
{ "type": "Feature", "properties": { "ID": 388, "FEATUREID": "OFBA016C1AJ430010020000078", "CHFCAC": "000078", "GZBBGA": "202001", "GZBBAC": "59", "GZBBAD": "20", "GZBBAB": "149.000000", "point_type": 1, "symbol_no": 1245, "height": 5.0, "width": 5.0, "spacing": null, "angle": 301.533935546875, "_src_file": "LDZOFBA016.WT", "_src_id": 77 }, "geometry": { "type": "Point", "coordinates": [ 74.672428004322995, 39.691237247240323 ] } },
{ "type": "Feature", "properties": { "ID": 392, "FEATUREID": "OFBA016C1AJ430010020000079", "CHFCAC": "000079", "GZBBGA": "202001", "GZBBAC": "46", "GZBBAD": "64", "GZBBAB": "136.000000", "point_type": 1, "symbol_no": 1245, "height": 5.0, "width": 5.0, "spacing": null, "angle": 314.35980224609375, "_src_file": "LDZOFBA016.WT", "_src_id": 78 }, "geometry": { "type": "Point", "coordinates": [ 74.705517466620876, 39.753823174997585 ] } },
{ "type": "Feature", "properties": { "ID": 395, "FEATUREID": "OFBA016C1AJ430010020000080", "CHFCAC": "000080", "GZBBGA": "202001", "GZBBAC": "208", "GZBBAD": "46", "GZBBAB": "118.000000", "point_type": 1, "symbol_no": 1245, "height": 5.0, "width": 5.0, "spacing": null, "angle": 151.69772338867188, "_src_file": "LDZOFBA016.WT", "_src_id": 79 }, "geometry": { "type": "Point", "coordinates": [ 74.606967526246393, 39.812812719058876 ] } },
{ "type": "Feature", "properties": { "ID": 436, "FEATUREID": "OFBA016C1AJ430010020000081", "CHFCAC": "000081", "GZBBGA": "202005", "GZBBAC": "109", "GZBBAD": "69", "GZBBAB": "19.000000", "point_type": 1, "symbol_no": 1249, "height": 5.0, "width": 5.0, "spacing": null, "angle": 250.84968566894531, "_src_file": "LDZOFBA016.WT", "_src_id": 80 }, "geometry": { "type": "Point", "coordinates": [ 74.715783365088669, 39.936717586363869 ] } },
{ "type": "Feature", "properties": { "ID": 438, "FEATUREID": "OFBA016C1AJ430010020000082", "CHFCAC": "000082", "GZBBGA": "202005", "GZBBAC": "111", "GZBBAD": "65", "GZBBAB": "21.000000", "point_type": 1, "symbol_no": 1249, "height": 5.0, "width": 5.0, "spacing": null, "angle": 249.39373779296875, "_src_file": "LDZOFBA016.WT", "_src_id": 81 }, "geometry": { "type": "Point", "coordinates": [ 74.818053965590479, 39.937957871550864 ] } },
{ "type": "Feature", "properties": { "ID": 403, "FEATUREID": "OFBA016C1AJ430010020000083", "CHFCAC": "000083", "GZBBGA": "202005", "GZBBAC": "279", "GZBBAD": "65", "GZBBAB": "9.000000", "point_type": 1, "symbol_no": 1249, "height": 5.0, "width": 5.0, "spacing": null, "angle": 81.553489685058594, "_src_file": "LDZOFBA016.WT", "_src_id": 82 }, "geometry": { "type": "Point", "coordinates": [ 74.512957918426167, 39.861891421703383 ] } },
{ "type": "Feature", "properties": { "ID": 396, "FEATUREID": "OFBA016C1AJ430010020000084", "CHFCAC": "000084", "GZBBGA": "202001", "GZBBAC": "5", "GZBBAD": "66", "GZBBAB": "95.000000", "point_type": 1, "symbol_no": 1245, "height": 5.0, "width": 5.0, "spacing": null, "angle": 355.33157348632812, "_src_file": "LDZOFBA016.WT", "_src_id": 83 }, "geometry": { "type": "Point", "coordinates": [ 74.64284617739402, 39.758305538200283 ] } },
{ "type": "Feature", "properties": { "ID": 475, "FEATUREID": "OFBA016C1AJ430010020000085", "CHFCAC": "000085", "GZBBGA": "202005", "GZBBAC": "211", "GZBBAD": "60", "GZBBAB": "121.000000", "point_type": 1, "symbol_no": 1249, "height": 5.0, "width": 5.0, "spacing": null, "angle": 149.26014709472656, "_src_file": "LDZOFBA016.WT", "_src_id": 84 }, "geometry": { "type": "Point", "coordinates": [ 74.545575227592977, 39.988347488332444 ] } },
{ "type": "Feature", "properties": { "ID": 477, "FEATUREID": "OFBA016C1AJ430010020000086", "CHFCAC": "000086", "GZBBGA": "202005", "GZBBAC": "312", "GZBBAD": "32", "GZBBAB": "42.000000", "point_type": 1, "symbol_no": 1249, "height": 5.0, "width": 5.0, "spacing": null, "angle": 48.341140747070312, "_src_file": "LDZOFBA016.WT", "_src_id": 85 }, "geometry": { "type": "Point", "coordinates": [ 74.555460062024565, 39.977887690252579 ] } },
{ "type": "Feature", "properties": { "ID": 479, "FEATUREID": "OFBA016C1AJ430010020000087", "CHFCAC": "000087", "GZBBGA": "202005", "GZBBAC": "148", "GZBBAD": "35", "GZBBAB": "58.000000", "point_type": 1, "symbol_no": 1249, "height": 5.0, "width": 5.0, "spacing": null, "angle": 212.2188720703125, "_src_file": "LDZOFBA016.WT", "_src_id": 86 }, "geometry": { "type": "Point", "coordinates": [ 74.566597472525501, 39.967490542309349 ] } },
{ "type": "Feature", "properties": { "ID": 482, "FEATUREID": "OFBA016C1AJ430010020000088", "CHFCAC": "000088", "GZBBGA": "202005", "GZBBAC": "63", "GZBBAD": "34", "GZBBAB": "153.000000", "point_type": 1, "symbol_no": 1249, "height": 5.0, "width": 5.0, "spacing": null, "angle": 297.15737915039062, "_src_file": "LDZOFBA016.WT", "_src_id": 87 }, "geometry": { "type": "Point", "coordinates": [ 74.557643863421234, 39.936688004883891 ] } },
{ "type": "Feature", "properties": { "ID": 484, "FEATUREID": "OFBA016C1AJ430010020000089", "CHFCAC": "000089", "GZBBGA": "202005", "GZBBAC": "167", "GZBBAD": "60", "GZBBAB": "77.000000", "point_type": 1, "symbol_no": 1249, "height": 5.0, "width": 5.0, "spacing": null, "angle": 193.61483764648438, "_src_file": "LDZOFBA016.WT", "_src_id": 88 }, "geometry": { "type": "Point", "coordinates": [ 74.54856977928371, 39.920477802218208 ] } },
{ "type": "Feature", "properties": { "ID": 486, "FEATUREID": "OFBA016C1AJ430010020000090", "CHFCAC": "000090", "GZBBGA": "202005", "GZBBAC": "147", "GZBBAD": "66", "GZBBAB": "57.000000", "point_type": 1, "symbol_no": 1249, "height": 5.0, "width": 5.0, "spacing": null, "angle": 213.04660034179688, "_src_file": "LDZOFBA016.WT", "_src_id": 89 }, "geometry": { "type": "Point", "coordinates": [ 74.557154297707115, 39.900655319157394 ] } },
{ "type": "Feature", "properties": { "ID": 488, "FEATUREID": "OFBA016C1AJ430010020000091", "CHFCAC": "000091", "GZBBGA": "202005", "GZBBAC": "227", "GZBBAD": "40", "GZBBAB": "137.000000", "point_type": 1, "symbol_no": 1249, "height": 5.0, "width": 5.0, "spacing": null, "angle": 133.35441589355469, "_src_file": "LDZOFBA016.WT", "_src_id": 90 }, "geometry": { "type": "Point", "coordinates": [ 74.589572494732167, 39.877909914459558 ] } },
{ "type": "Feature", "properties": { "ID": 498, "FEATUREID": "OFBA016C1AJ430010020000092", "CHFCAC": "000092", "GZBBGA": "202001", "GZBBAC": "163", "GZBBAD": "71", "GZBBAB": "73.000000", "point_type": 1, "symbol_no": 1245, "height": 5.0, "width": 5.0, "spacing": null, "angle": 197.67512512207031, "_src_file": "LDZOFBA016.WT", "_src_id": 91 }, "geometry": { "type": "Point", "coordinates": [ 74.537017675148306, 39.84156054850444 ] } },
{ "type": "Feature", "properties": { "ID": 521, "FEATUREID": "OFBA016C1AJ430010020000093", "CHFCAC": "000093", "GZBBGA": "202001", "GZBBAC": "192", "GZBBAD": "66", "GZBBAB": "102.000000", "point_type": 1, "symbol_no": 1245, "height": 5.0, "width": 5.0, "spacing": null, "angle": 168.08067321777344, "_src_file": "LDZOFBA016.WT", "_src_id": 92 }, "geometry": { "type": "Point", "coordinates": [ 74.643101913937301, 39.740480534700573 ] } },
{ "type": "Feature", "properties": { "ID": 522, "FEATUREID": "OFBA016C1AJ430010020000094", "CHFCAC": "000094", "GZBBGA": "202001", "GZBBAC": "197", "GZBBAD": "52", "GZBBAB": "107.000000", "point_type": 1, "symbol_no": 1245, "height": 5.0, "width": 5.0, "spacing": null, "angle": 163.25679016113281, "_src_file": "LDZOFBA016.WT", "_src_id": 93 }, "geometry": { "type": "Point", "coordinates": [ 74.625202536565965, 39.768315413496865 ] } },
{ "type": "Feature", "properties": { "ID": 528, "FEATUREID": "OFBA016C1AJ430010020000095", "CHFCAC": "000095", "GZBBGA": "202001", "GZBBAC": "189", "GZBBAD": "56", "GZBBAB": "99.000000", "point_type": 1, "symbol_no": 1245, "height": 5.0, "width": 5.0, "spacing": null, "angle": 170.98106384277344, "_src_file": "LDZOFBA016.WT", "_src_id": 94 }, "geometry": { "type": "Point", "coordinates": [ 74.609577147497689, 39.836510493820398 ] } },
{ "type": "Feature", "properties": { "ID": 530, "FEATUREID": "OFBA016C1AJ430010020000096", "CHFCAC": "000096", "GZBBGA": "202001", "GZBBAC": "51", "GZBBAD": "37", "GZBBAB": "141.000000", "point_type": 1, "symbol_no": 1245, "height": 5.0, "width": 5.0, "spacing": null, "angle": 308.6417236328125, "_src_file": "LDZOFBA016.WT", "_src_id": 95 }, "geometry": { "type": "Point", "coordinates": [ 74.712743559793992, 39.767107701430689 ] } },
{ "type": "Feature", "properties": { "ID": 531, "FEATUREID": "OFBA016C1AJ430010020000097", "CHFCAC": "000097", "GZBBGA": "202001", "GZBBAC": "210", "GZBBAD": "50", "GZBBAB": "120.000000", "point_type": 1, "symbol_no": 1245, "height": 5.0, "width": 5.0, "spacing": null, "angle": 149.97483825683594, "_src_file": "LDZOFBA016.WT", "_src_id": 96 }, "geometry": { "type": "Point", "coordinates": [ 74.697920544197942, 39.731588534598949 ] } },
{ "type": "Feature", "properties": { "ID": 532, "FEATUREID": "OFBA016C1AJ430010020000098", "CHFCAC": "000098", "GZBBGA": "202001", "GZBBAC": "226", "GZBBAD": "58", "GZBBAB": "136.000000", "point_type": 1, "symbol_no": 1245, "height": 5.0, "width": 5.0, "spacing": null, "angle": 133.86201477050781, "_src_file": "LDZOFBA016.WT", "_src_id": 97 }, "geometry": { "type": "Point", "coordinates": [ 74.666269534383645, 39.713301153024595 ] } },
{ "type": "Feature", "properties": { "ID": 545, "FEATUREID": "OFBA016C1AJ430010020000099", "CHFCAC": "000099", "GZBBGA": "202001", "GZBBAC": "145", "GZBBAD": "48", "GZBBAB": "55.000000", "point_type": 1, "symbol_no": 1245, "height": 5.0, "width": 5.0, "spacing": null, "angle": 214.70217895507812, "_src_file": "LDZOFBA016.WT", "_src_id": 98 }, "geometry": { "type": "Point", "coordinates": [ 74.874545955165345, 39.819537390200949 ] } },
{ "type": "Feature", "properties": { "ID": 552, "FEATUREID": "OFBA016C1AJ430010020000100", "CHFCAC": "000100", "GZBBGA": "202001", "GZBBAC": "22", "GZBBAD": "42", "GZBBAB": "112.000000", "point_type": 1, "symbol_no": 1245, "height": 5.0, "width": 5.0, "spacing": null, "angle": 337.92431640625, "_src_file": "LDZOFBA016.WT", "_src_id": 99 }, "geometry": { "type": "Point", "coordinates": [ 74.877469219017399, 39.861543066419536 ] } },
{ "type": "Feature", "properties": { "ID": 564, "FEATUREID": "OFBA016C1AJ430010020000101", "CHFCAC": "000101", "GZBBGA": "202001", "GZBBAC": "13", "GZBBAD": "40", "GZBBAB": "103.000000", "point_type": 1, "symbol_no": 1245, "height": 5.0, "width": 5.0, "spacing": null, "angle": 346.66030883789062, "_src_file": "LDZOFBA016.WT", "_src_id": 100 }, "geometry": { "type": "Point", "coordinates": [ 74.891715268889072, 39.939306809439309 ] } },
{ "type": "Feature", "properties": { "ID": 566, "FEATUREID": "OFBA016C1AJ430010020000102", "CHFCAC": "000102", "GZBBGA": "202001", "GZBBAC": "231", "GZBBAD": "25", "GZBBAB": "141.000000", "point_type": 1, "symbol_no": 1245, "height": 5.0, "width": 5.0, "spacing": null, "angle": 129.33226013183594, "_src_file": "LDZOFBA016.WT", "_src_id": 101 }, "geometry": { "type": "Point", "coordinates": [ 74.911827583512448, 39.949049027370648 ] } },
{ "type": "Feature", "properties": { "ID": 568, "FEATUREID": "OFBA016C1AJ430010020000103", "CHFCAC": "000103", "GZBBGA": "202001", "GZBBAC": "72", "GZBBAD": "43", "GZBBAB": "162.000000", "point_type": 1, "symbol_no": 1245, "height": 5.0, "width": 5.0, "spacing": null, "angle": 288.46636962890625, "_src_file": "LDZOFBA016.WT", "_src_id": 102 }, "geometry": { "type": "Point", "coordinates": [ 74.93495591373366, 39.956645479108865 ] } },
{ "type": "Feature", "properties": { "ID": 570, "FEATUREID": "OFBA016C1AJ430010020000104", "CHFCAC": "000104", "GZBBGA": "202001", "GZBBAC": "66", "GZBBAD": "20", "GZBBAB": "156.000000", "point_type": 1, "symbol_no": 1245, "height": 5.0, "width": 5.0, "spacing": null, "angle": 293.98287963867188, "_src_file": "LDZOFBA016.WT", "_src_id": 103 }, "geometry": { "type": "Point", "coordinates": [ 74.957317705131075, 39.965622354656787 ] } },
{ "type": "Feature", "properties": { "ID": 572, "FEATUREID": "OFBA016C1AJ430010020000105", "CHFCAC": "000105", "GZBBGA": "202001", "GZBBAC": "44", "GZBBAD": "64", "GZBBAB": "134.000000", "point_type": 1, "symbol_no": 1245, "height": 5.0, "width": 5.0, "spacing": null, "angle": 315.76812744140625, "_src_file": "LDZOFBA016.WT", "_src_id": 104 }, "geometry": { "type": "Point", "coordinates": [ 74.87552198053406, 39.98179581060505 ] } },
{ "type": "Feature", "properties": { "ID": 574, "FEATUREID": "OFBA016C1AJ430010020000106", "CHFCAC": "000106", "GZBBGA": "202005", "GZBBAC": "128", "GZBBAD": "65", "GZBBAB": "38.000000", "point_type": 1, "symbol_no": 1249, "height": 5.0, "width": 5.0, "spacing": null, "angle": 231.74038696289062, "_src_file": "LDZOFBA016.WT", "_src_id": 105 }, "geometry": { "type": "Point", "coordinates": [ 74.849329938737341, 39.93821344993934 ] } },
{ "type": "Feature", "properties": { "ID": 575, "FEATUREID": "OFBA016C1AJ430010020000107", "CHFCAC": "000107", "GZBBGA": "202005", "GZBBAC": "292", "GZBBAD": "73", "GZBBAB": "22.000000", "point_type": 1, "symbol_no": 1249, "height": 5.0, "width": 5.0, "spacing": null, "angle": 68.538856506347656, "_src_file": "LDZOFBA016.WT", "_src_id": 106 }, "geometry": { "type": "Point", "coordinates": [ 74.836979153670811, 39.939643919319231 ] } },
{ "type": "Feature", "properties": { "ID": 578, "FEATUREID": "OFBA016C1AJ430010020000108", "CHFCAC": "000108", "GZBBGA": "202005", "GZBBAC": "124", "GZBBAD": "71", "GZBBAB": "34.000000", "point_type": 1, "symbol_no": 1249, "height": 5.0, "width": 5.0, "spacing": null, "angle": 235.65017700195312, "_src_file": "LDZOFBA016.WT", "_src_id": 107 }, "geometry": { "type": "Point", "coordinates": [ 74.773923757572788, 39.923789755173694 ] } },
{ "type": "Feature", "properties": { "ID": 599, "FEATUREID": "OFBA016C1AJ430010020000109", "CHFCAC": "000109", "GZBBGA": "202001", "GZBBAC": "19", "GZBBAD": "65", "GZBBAB": "109.000000", "point_type": 1, "symbol_no": 1245, "height": 5.0, "width": 5.0, "spacing": null, "angle": 340.58541870117188, "_src_file": "LDZOFBA016.WT", "_src_id": 108 }, "geometry": { "type": "Point", "coordinates": [ 74.946999118554643, 39.902061775656023 ] } },
{ "type": "Feature", "properties": { "ID": 600, "FEATUREID": "OFBA016C1AJ430010020000110", "CHFCAC": "000110", "GZBBGA": "202001", "GZBBAC": "13", "GZBBAD": "25", "GZBBAB": "103.000000", "point_type": 1, "symbol_no": 1245, "height": 5.0, "width": 5.0, "spacing": null, "angle": 346.61962890625, "_src_file": "LDZOFBA016.WT", "_src_id": 109 }, "geometry": { "type": "Point", "coordinates": [ 74.974003533456653, 39.896835183137597 ] } },
{ "type": "Feature", "properties": { "ID": 603, "FEATUREID": "OFBA016C1AJ430010020000111", "CHFCAC": "000111", "GZBBGA": "202001", "GZBBAC": "30", "GZBBAD": "45", "GZBBAB": "120.000000", "point_type": 1, "symbol_no": 1245, "height": 5.0, "width": 5.0, "spacing": null, "angle": 329.90414428710938, "_src_file": "LDZOFBA016.WT", "_src_id": 110 }, "geometry": { "type": "Point", "coordinates": [ 74.962335747675212, 39.884711773371194 ] } },
{ "type": "Feature", "properties": { "ID": 604, "FEATUREID": "OFBA016C1AJ430010020000112", "CHFCAC": "000112", "GZBBGA": "202001", "GZBBAC": "38", "GZBBAD": "35", "GZBBAB": "128.000000", "point_type": 1, "symbol_no": 1245, "height": 5.0, "width": 5.0, "spacing": null, "angle": 322.28219604492188, "_src_file": "LDZOFBA016.WT", "_src_id": 111 }, "geometry": { "type": "Point", "coordinates": [ 74.939869818269997, 39.884811469138526 ] } },
{ "type": "Feature", "properties": { "ID": 606, "FEATUREID": "OFBA016C1AJ430010020000113", "CHFCAC": "000113", "GZBBGA": "202001", "GZBBAC": "215", "GZBBAD": "46", "GZBBAB": "125.000000", "point_type": 1, "symbol_no": 1245, "height": 5.0, "width": 5.0, "spacing": null, "angle": 144.79351806640625, "_src_file": "LDZOFBA016.WT", "_src_id": 112 }, "geometry": { "type": "Point", "coordinates": [ 74.976043165194469, 39.828652074168957 ] } },
{ "type": "Feature", "properties": { "ID": 608, "FEATUREID": "OFBA016C1AJ430010020000114", "CHFCAC": "000114", "GZBBGA": "202001", "GZBBAC": "16", "GZBBAD": "50", "GZBBAB": "106.000000", "point_type": 1, "symbol_no": 1245, "height": 5.0, "width": 5.0, "spacing": null, "angle": 343.60873413085938, "_src_file": "LDZOFBA016.WT", "_src_id": 113 }, "geometry": { "type": "Point", "coordinates": [ 74.935921567815711, 39.804100049484674 ] } },
{ "type": "Feature", "properties": { "ID": 610, "FEATUREID": "OFBA016C1AJ430010020000115", "CHFCAC": "000115", "GZBBGA": "202001", "GZBBAC": "218", "GZBBAD": "30", "GZBBAB": "128.000000", "point_type": 1, "symbol_no": 1245, "height": 5.0, "width": 5.0, "spacing": null, "angle": 141.84950256347656, "_src_file": "LDZOFBA016.WT", "_src_id": 114 }, "geometry": { "type": "Point", "coordinates": [ 74.984921803999441, 39.765214544708307 ] } },
{ "type": "Feature", "properties": { "ID": 615, "FEATUREID": "OFBA016C1AJ430010020000116", "CHFCAC": "000116", "GZBBGA": "202001", "GZBBAC": "229", "GZBBAD": "40", "GZBBAB": "139.000000", "point_type": 1, "symbol_no": 1245, "height": 5.0, "width": 5.0, "spacing": null, "angle": 130.96002197265625, "_src_file": "LDZOFBA016.WT", "_src_id": 115 }, "geometry": { "type": "Point", "coordinates": [ 74.906093172556055, 39.753203695573191 ] } },
{ "type": "Feature", "properties": { "ID": 617, "FEATUREID": "OFBA016C1AJ430010020000117", "CHFCAC": "000117", "GZBBGA": "202001", "GZBBAC": "185", "GZBBAD": "18", "GZBBAB": "95.000000", "point_type": 1, "symbol_no": 1245, "height": 5.0, "width": 5.0, "spacing": null, "angle": 174.74943542480469, "_src_file": "LDZOFBA016.WT", "_src_id": 116 }, "geometry": { "type": "Point", "coordinates": [ 74.91846854851066, 39.726169506629368 ] } },
{ "type": "Feature", "properties": { "ID": 619, "FEATUREID": "OFBA016C1AJ430010020000118", "CHFCAC": "000118", "GZBBGA": "202001", "GZBBAC": "321", "GZBBAD": "20", "GZBBAB": "51.000000", "point_type": 1, "symbol_no": 1245, "height": 5.0, "width": 5.0, "spacing": null, "angle": 38.695507049560547, "_src_file": "LDZOFBA016.WT", "_src_id": 117 }, "geometry": { "type": "Point", "coordinates": [ 74.926201159252642, 39.706188076903274 ] } },
{ "type": "Feature", "properties": { "ID": 622, "FEATUREID": "OFBA016C1AJ430010020000119", "CHFCAC": "000119", "GZBBGA": "202001", "GZBBAC": "356", "GZBBAD": "40", "GZBBAB": "86.000000", "point_type": 1, "symbol_no": 1245, "height": 5.0, "width": 5.0, "spacing": null, "angle": 3.9732849597930908, "_src_file": "LDZOFBA016.WT", "_src_id": 118 }, "geometry": { "type": "Point", "coordinates": [ 74.941593584629928, 39.692184576840731 ] } },
{ "type": "Feature", "properties": { "ID": 624, "FEATUREID": "OFBA016C1AJ430010020000120", "CHFCAC": "000120", "GZBBGA": "202001", "GZBBAC": "359", "GZBBAD": "30", "GZBBAB": "89.000000", "point_type": 1, "symbol_no": 1245, "height": 5.0, "width": 5.0, "spacing": null, "angle": 1.559201717376709, "_src_file": "LDZOFBA016.WT", "_src_id": 119 }, "geometry": { "type": "Point", "coordinates": [ 74.815345154959459, 39.709671711042745 ] } },
{ "type": "Feature", "properties": { "ID": 625, "FEATUREID": "OFBA016C1AJ430010020000121", "CHFCAC": "000121", "GZBBGA": "202001", "GZBBAC": "40", "GZBBAD": "50", "GZBBAB": "130.000000", "point_type": 1, "symbol_no": 1245, "height": 5.0, "width": 5.0, "spacing": null, "angle": 320.4755859375, "_src_file": "LDZOFBA016.WT", "_src_id": 120 }, "geometry": { "type": "Point", "coordinates": [ 74.823721864491262, 39.731549711176996 ] } },
{ "type": "Feature", "properties": { "ID": 631, "FEATUREID": "OFBA016C1AJ430010020000122", "CHFCAC": "000122", "GZBBGA": "202001", "GZBBAC": "208", "GZBBAD": "49", "GZBBAB": "118.000000", "point_type": 1, "symbol_no": 1245, "height": 5.0, "width": 5.0, "spacing": null, "angle": 152.10215759277344, "_src_file": "LDZOFBA016.WT", "_src_id": 121 }, "geometry": { "type": "Point", "coordinates": [ 74.773183833160914, 39.885303114772249 ] } },
{ "type": "Feature", "properties": { "ID": 632, "FEATUREID": "OFBA016C1AJ430010020000123", "CHFCAC": "000123", "GZBBGA": "202005", "GZBBAC": "178", "GZBBAD": "54", "GZBBAB": "88.000000", "point_type": 1, "symbol_no": 1249, "height": 5.0, "width": 5.0, "spacing": null, "angle": 181.82638549804688, "_src_file": "LDZOFBA016.WT", "_src_id": 122 }, "geometry": { "type": "Point", "coordinates": [ 74.662265264318975, 39.868443943901028 ] } },
{ "type": "Feature", "properties": { "ID": 639, "FEATUREID": "OFBA016C1AJ430010020000124", "CHFCAC": "000124", "GZBBGA": "202005", "GZBBAC": "77", "GZBBAD": "68", "GZBBAB": "167.000000", "point_type": 1, "symbol_no": 1249, "height": 5.0, "width": 5.0, "spacing": null, "angle": 283.73660278320312, "_src_file": "LDZOFBA016.WT", "_src_id": 123 }, "geometry": { "type": "Point", "coordinates": [ 74.511169071462135, 39.954166580100456 ] } },
{ "type": "Feature", "properties": { "ID": 653, "FEATUREID": "OFBA016C1AJ430010020000125", "CHFCAC": "000125", "GZBBGA": "202005", "GZBBAC": "245", "GZBBAD": "67", "GZBBAB": "155.000000", "point_type": 1, "symbol_no": 1249, "height": 5.0, "width": 5.0, "spacing": null, "angle": 115.1405029296875, "_src_file": "LDZOFBA016.WT", "_src_id": 124 }, "geometry": { "type": "Point", "coordinates": [ 74.748401213658155, 39.940566118107924 ] } },
{ "type": "Feature", "properties": { "ID": 663, "FEATUREID": "OFBA016C1AJ430010020000126", "CHFCAC": "000126", "GZBBGA": "202005", "GZBBAC": "223", "GZBBAD": "53", "GZBBAB": "133.000000", "point_type": 1, "symbol_no": 1249, "height": 5.0, "width": 5.0, "spacing": null, "angle": 137.50955200195312, "_src_file": "LDZOFBA016.WT", "_src_id": 125 }, "geometry": { "type": "Point", "coordinates": [ 74.682329799278818, 39.91920468114894 ] } },
{ "type": "Feature", "properties": { "ID": 670, "FEATUREID": "OFBA016C1AJ430010020000127", "CHFCAC": "000127", "GZBBGA": "202005", "GZBBAC": "223", "GZBBAD": "57", "GZBBAB": "133.000000", "point_type": 1, "symbol_no": 1249, "height": 5.0, "width": 5.0, "spacing": null, "angle": 137.35850524902344, "_src_file": "LDZOFBA016.WT", "_src_id": 126 }, "geometry": { "type": "Point", "coordinates": [ 74.682951263155843, 39.896354769951664 ] } },
{ "type": "Feature", "properties": { "ID": 681, "FEATUREID": "OFBA016C1AJ430010020000128", "CHFCAC": "000128", "GZBBGA": "202005", "GZBBAC": "22", "GZBBAD": "80", "GZBBAB": "112.000000", "point_type": 1, "symbol_no": 1249, "height": 5.0, "width": 5.0, "spacing": null, "angle": 338.25924682617188, "_src_file": "LDZOFBA016.WT", "_src_id": 127 }, "geometry": { "type": "Point", "coordinates": [ 74.875742621896251, 39.871607788333804 ] } },
{ "type": "Feature", "properties": { "ID": 687, "FEATUREID": "OFBA016C1AJ430010020000129", "CHFCAC": "000129", "GZBBGA": "202001", "GZBBAC": "21", "GZBBAD": "35", "GZBBAB": "111.000000", "point_type": 1, "symbol_no": 1245, "height": 5.0, "width": 5.0, "spacing": null, "angle": 338.66107177734375, "_src_file": "LDZOFBA016.WT", "_src_id": 128 }, "geometry": { "type": "Point", "coordinates": [ 74.934325636449046, 39.837406234475388 ] } },
{ "type": "Feature", "properties": { "ID": 720, "FEATUREID": "OFBA016C1AJ430010020000130", "CHFCAC": "000130", "GZBBGA": "202001", "GZBBAC": "4", "GZBBAD": "31", "GZBBAB": "94.000000", "point_type": 1, "symbol_no": 1245, "height": 5.0, "width": 5.0, "spacing": null, "angle": 356.0108642578125, "_src_file": "LDZOFBA016.WT", "_src_id": 129 }, "geometry": { "type": "Point", "coordinates": [ 74.803045814931451, 39.692975378654658 ] } },
{ "type": "Feature", "properties": { "ID": 723, "FEATUREID": "OFBA016C1AJ430010020000131", "CHFCAC": "000131", "GZBBGA": "202001", "GZBBAC": "195", "GZBBAD": "22", "GZBBAB": "105.000000", "point_type": 1, "symbol_no": 1245, "height": 5.0, "width": 5.0, "spacing": null, "angle": 165.44282531738281, "_src_file": "LDZOFBA016.WT", "_src_id": 130 }, "geometry": { "type": "Point", "coordinates": [ 74.62085955489043, 39.716324903110099 ] } },
{ "type": "Feature", "properties": { "ID": 84, "FEATUREID": "OFBA016C1AJ430010020000132", "CHFCAC": "000132", "GZBBGA": "202005", "GZBBAC": "164", "GZBBAD": "80", "GZBBAB": "74.000000", "point_type": 1, "symbol_no": 1249, "height": 5.0, "width": 5.0, "spacing": null, "angle": 196.41354370117188, "_src_file": "LDZOFBA016.WT", "_src_id": 131 }, "geometry": { "type": "Point", "coordinates": [ 73.912725838679549, 39.035010825682825 ] } },
{ "type": "Feature", "properties": { "ID": 88, "FEATUREID": "OFBA016C1AJ430010020000133", "CHFCAC": "000133", "GZBBGA": "202005", "GZBBAC": "184", "GZBBAD": "62", "GZBBAB": "94.000000", "point_type": 1, "symbol_no": 1249, "height": 5.0, "width": 5.0, "spacing": null, "angle": 176.53074645996094, "_src_file": "LDZOFBA016.WT", "_src_id": 132 }, "geometry": { "type": "Point", "coordinates": [ 73.873229189013017, 39.016199212455369 ] } },
{ "type": "Feature", "properties": { "ID": 92, "FEATUREID": "OFBA016C1AJ430010020000134", "CHFCAC": "000134", "GZBBGA": "202001", "GZBBAC": "184", "GZBBAD": "63", "GZBBAB": "94.000000", "point_type": 1, "symbol_no": 1245, "height": 5.0, "width": 5.0, "spacing": null, "angle": 176.56719970703125, "_src_file": "LDZOFBA016.WT", "_src_id": 133 }, "geometry": { "type": "Point", "coordinates": [ 73.864523687343706, 39.317641333381438 ] } },
{ "type": "Feature", "properties": { "ID": 94, "FEATUREID": "OFBA016C1AJ430010020000135", "CHFCAC": "000135", "GZBBGA": "202005", "GZBBAC": "39", "GZBBAD": "60", "GZBBAB": "129.000000", "point_type": 1, "symbol_no": 1249, "height": 5.0, "width": 5.0, "spacing": null, "angle": 321.10226440429688, "_src_file": "LDZOFBA016.WT", "_src_id": 134 }, "geometry": { "type": "Point", "coordinates": [ 73.951441243420362, 39.211335381970095 ] } },
{ "type": "Feature", "properties": { "ID": 99, "FEATUREID": "OFBA016C1AJ430010020000136", "CHFCAC": "000136", "GZBBGA": "202005", "GZBBAC": "344", "GZBBAD": "50", "GZBBAB": "74.000000", "point_type": 1, "symbol_no": 1249, "height": 5.0, "width": 5.0, "spacing": null, "angle": 16.846918106079102, "_src_file": "LDZOFBA016.WT", "_src_id": 135 }, "geometry": { "type": "Point", "coordinates": [ 73.845399191916059, 39.22530165103305 ] } },
{ "type": "Feature", "properties": { "ID": 103, "FEATUREID": "OFBA016C1AJ430010020000137", "CHFCAC": "000137", "GZBBGA": "202005", "GZBBAC": "11", "GZBBAD": "48", "GZBBAB": "101.000000", "point_type": 1, "symbol_no": 1249, "height": 5.0, "width": 5.0, "spacing": null, "angle": 349.447998046875, "_src_file": "LDZOFBA016.WT", "_src_id": 136 }, "geometry": { "type": "Point", "coordinates": [ 73.704101254997752, 39.23680043364277 ] } },
{ "type": "Feature", "properties": { "ID": 131, "FEATUREID": "OFBA016C1AJ430010020000138", "CHFCAC": "000138", "GZBBGA": "202005", "GZBBAC": "338", "GZBBAD": "56", "GZBBAB": "68.000000", "point_type": 1, "symbol_no": 1249, "height": 5.0, "width": 5.0, "spacing": null, "angle": 22.688711166381836, "_src_file": "LDZOFBA016.WT", "_src_id": 137 }, "geometry": { "type": "Point", "coordinates": [ 73.820935740168821, 39.220552628461697 ] } },
{ "type": "Feature", "properties": { "ID": 134, "FEATUREID": "OFBA016C1AJ430010020000139", "CHFCAC": "000139", "GZBBGA": "202005", "GZBBAC": "203", "GZBBAD": "63", "GZBBAB": "113.000000", "point_type": 1, "symbol_no": 1249, "height": 5.0, "width": 5.0, "spacing": null, "angle": 157.39710998535156, "_src_file": "LDZOFBA016.WT", "_src_id": 138 }, "geometry": { "type": "Point", "coordinates": [ 73.787885028065062, 39.261770691401757 ] } },
{ "type": "Feature", "properties": { "ID": 152, "FEATUREID": "OFBA016C1AJ430010020000140", "CHFCAC": "000140", "GZBBGA": "202005", "GZBBAC": "357", "GZBBAD": "58", "GZBBAB": "87.000000", "point_type": 1, "symbol_no": 1249, "height": 5.0, "width": 5.0, "spacing": null, "angle": 3.9654417037963867, "_src_file": "LDZOFBA016.WT", "_src_id": 139 }, "geometry": { "type": "Point", "coordinates": [ 73.945041049774929, 39.179557539848261 ] } },
{ "type": "Feature", "properties": { "ID": 198, "FEATUREID": "OFBA016C1AJ430010020000141", "CHFCAC": "000141", "GZBBGA": "202001", "GZBBAC": "172", "GZBBAD": "46", "GZBBAB": "82.000000", "point_type": 1, "symbol_no": 1245, "height": 5.0, "width": 5.0, "spacing": null, "angle": 188.51536560058594, "_src_file": "LDZOFBA016.WT", "_src_id": 140 }, "geometry": { "type": "Point", "coordinates": [ 73.794925199009882, 39.292968819722347 ] } },
{ "type": "Feature", "properties": { "ID": 250, "FEATUREID": "OFBA016C1AJ430010020000142", "CHFCAC": "000142", "GZBBGA": "202001", "GZBBAC": "351", "GZBBAD": "23", "GZBBAB": "81.000000", "point_type": 1, "symbol_no": 1245, "height": 5.0, "width": 5.0, "spacing": null, "angle": 9.362360954284668, "_src_file": "LDZOFBA016.WT", "_src_id": 141 }, "geometry": { "type": "Point", "coordinates": [ 74.762609544949072, 39.48084256433566 ] } },
{ "type": "Feature", "properties": { "ID": 256, "FEATUREID": "OFBA016C1AJ430010020000143", "CHFCAC": "000143", "GZBBGA": "202001", "GZBBAC": "232", "GZBBAD": "41", "GZBBAB": "142.000000", "point_type": 1, "symbol_no": 1245, "height": 5.0, "width": 5.0, "spacing": null, "angle": 128.32414245605469, "_src_file": "LDZOFBA016.WT", "_src_id": 142 }, "geometry": { "type": "Point", "coordinates": [ 74.85619511598783, 39.506264042732255 ] } },
{ "type": "Feature", "properties": { "ID": 259, "FEATUREID": "OFBA016C1AJ430010020000144", "CHFCAC": "000144", "GZBBGA": "202001", "GZBBAC": "202", "GZBBAD": "76", "GZBBAB": "112.000000", "point_type": 1, "symbol_no": 1245, "height": 5.0, "width": 5.0, "spacing": null, "angle": 158.00593566894531, "_src_file": "LDZOFBA016.WT", "_src_id": 143 }, "geometry": { "type": "Point", "coordinates": [ 74.872877259955274, 39.532849765658639 ] } },
{ "type": "Feature", "properties": { "ID": 258, "FEATUREID": "OFBA016C1AJ430010020000145", "CHFCAC": "000145", "GZBBGA": "202001", "GZBBAC": "202", "GZBBAD": "43", "GZBBAB": "112.000000", "point_type": 1, "symbol_no": 1245, "height": 5.0, "width": 5.0, "spacing": null, "angle": 158.26315307617188, "_src_file": "LDZOFBA016.WT", "_src_id": 144 }, "geometry": { "type": "Point", "coordinates": [ 74.868419547219943, 39.575768582556321 ] } },
{ "type": "Feature", "properties": { "ID": 260, "FEATUREID": "OFBA016C1AJ430010020000146", "CHFCAC": "000146", "GZBBGA": "202001", "GZBBAC": "221", "GZBBAD": "41", "GZBBAB": "131.000000", "point_type": 1, "symbol_no": 1245, "height": 5.0, "width": 5.0, "spacing": null, "angle": 139.13166809082031, "_src_file": "LDZOFBA016.WT", "_src_id": 145 }, "geometry": { "type": "Point", "coordinates": [ 74.905939532246478, 39.604107033883132 ] } },
{ "type": "Feature", "properties": { "ID": 264, "FEATUREID": "OFBA016C1AJ430010020000147", "CHFCAC": "000147", "GZBBGA": "202001", "GZBBAC": "186", "GZBBAD": "54", "GZBBAB": "96.000000", "point_type": 1, "symbol_no": 1245, "height": 5.0, "width": 5.0, "spacing": null, "angle": 173.79727172851562, "_src_file": "LDZOFBA016.WT", "_src_id": 146 }, "geometry": { "type": "Point", "coordinates": [ 74.951350713079989, 39.583850084414763 ] } },
{ "type": "Feature", "properties": { "ID": 266, "FEATUREID": "OFBA016C1AJ430010020000148", "CHFCAC": "000148", "GZBBGA": "202001", "GZBBAC": "141", "GZBBAD": "27", "GZBBAB": "51.000000", "point_type": 1, "symbol_no": 1245, "height": 5.0, "width": 5.0, "spacing": null, "angle": 218.74623107910156, "_src_file": "LDZOFBA016.WT", "_src_id": 147 }, "geometry": { "type": "Point", "coordinates": [ 74.82334715178655, 39.66138032745603 ] } },
{ "type": "Feature", "properties": { "ID": 268, "FEATUREID": "OFBA016C1AJ430010020000149", "CHFCAC": "000149", "GZBBGA": "202001", "GZBBAC": "196", "GZBBAD": "48", "GZBBAB": "106.000000", "point_type": 1, "symbol_no": 1245, "height": 5.0, "width": 5.0, "spacing": null, "angle": 164.43869018554688, "_src_file": "LDZOFBA016.WT", "_src_id": 148 }, "geometry": { "type": "Point", "coordinates": [ 74.699069908645669, 39.610624105829736 ] } },
{ "type": "Feature", "properties": { "ID": 275, "FEATUREID": "OFBA016C1AJ430010020000150", "CHFCAC": "000150", "GZBBGA": "202001", "GZBBAC": "207", "GZBBAD": "60", "GZBBAB": "117.000000", "point_type": 1, "symbol_no": 1245, "height": 5.0, "width": 5.0, "spacing": null, "angle": 153.592529296875, "_src_file": "LDZOFBA016.WT", "_src_id": 149 }, "geometry": { "type": "Point", "coordinates": [ 74.679023053347166, 39.568621320099751 ] } },
{ "type": "Feature", "properties": { "ID": 276, "FEATUREID": "OFBA016C1AJ430010020000151", "CHFCAC": "000151", "GZBBGA": "202001", "GZBBAC": "23", "GZBBAD": "60", "GZBBAB": "113.000000", "point_type": 1, "symbol_no": 1245, "height": 5.0, "width": 5.0, "spacing": null, "angle": 337.2684326171875, "_src_file": "LDZOFBA016.WT", "_src_id": 150 }, "geometry": { "type": "Point", "coordinates": [ 74.675183902972535, 39.558119084387329 ] } },
{ "type": "Feature", "properties": { "ID": 282, "FEATUREID": "OFBA016C1AJ430010020000152", "CHFCAC": "000152", "GZBBGA": "202001", "GZBBAC": "23", "GZBBAD": "40", "GZBBAB": "113.000000", "point_type": 1, "symbol_no": 1245, "height": 5.0, "width": 5.0, "spacing": null, "angle": 337.2645263671875, "_src_file": "LDZOFBA016.WT", "_src_id": 151 }, "geometry": { "type": "Point", "coordinates": [ 74.683029254505058, 39.540246874548707 ] } },
{ "type": "Feature", "properties": { "ID": 283, "FEATUREID": "OFBA016C1AJ430010020000153", "CHFCAC": "000153", "GZBBGA": "202001", "GZBBAC": "202", "GZBBAD": "40", "GZBBAB": "112.000000", "point_type": 1, "symbol_no": 1245, "height": 5.0, "width": 5.0, "spacing": null, "angle": 157.90447998046875, "_src_file": "LDZOFBA016.WT", "_src_id": 152 }, "geometry": { "type": "Point", "coordinates": [ 74.687196305595364, 39.54246912649959 ] } },
{ "type": "Feature", "properties": { "ID": 288, "FEATUREID": "OFBA016C1AJ430010020000154", "CHFCAC": "000154", "GZBBGA": "202001", "GZBBAC": "76", "GZBBAD": "15", "GZBBAB": "166.000000", "point_type": 1, "symbol_no": 1245, "height": 5.0, "width": 5.0, "spacing": null, "angle": 283.6490478515625, "_src_file": "LDZOFBA016.WT", "_src_id": 153 }, "geometry": { "type": "Point", "coordinates": [ 74.838029220258946, 39.375793748908521 ] } },
{ "type": "Feature", "properties": { "ID": 290, "FEATUREID": "OFBA016C1AJ430010020000155", "CHFCAC": "000155", "GZBBGA": "202001", "GZBBAC": "215", "GZBBAD": "25", "GZBBAB": "125.000000", "point_type": 1, "symbol_no": 1245, "height": 5.0, "width": 5.0, "spacing": null, "angle": 144.71931457519531, "_src_file": "LDZOFBA016.WT", "_src_id": 154 }, "geometry": { "type": "Point", "coordinates": [ 74.833379299917794, 39.356400043866287 ] } },
{ "type": "Feature", "properties": { "ID": 298, "FEATUREID": "OFBA016C1AJ430010020000156", "CHFCAC": "000156", "GZBBGA": "202001", "GZBBAC": "323", "GZBBAD": "40", "GZBBAB": "53.000000", "point_type": 1, "symbol_no": 1245, "height": 5.0, "width": 5.0, "spacing": null, "angle": 37.219844818115234, "_src_file": "LDZOFBA016.WT", "_src_id": 155 }, "geometry": { "type": "Point", "coordinates": [ 74.818001490527166, 39.454132422377896 ] } },
{ "type": "Feature", "properties": { "ID": 300, "FEATUREID": "OFBA016C1AJ430010020000157", "CHFCAC": "000157", "GZBBGA": "202001", "GZBBAC": "194", "GZBBAD": "48", "GZBBAB": "104.000000", "point_type": 1, "symbol_no": 1245, "height": 5.0, "width": 5.0, "spacing": null, "angle": 165.82704162597656, "_src_file": "LDZOFBA016.WT", "_src_id": 156 }, "geometry": { "type": "Point", "coordinates": [ 74.823869939670146, 39.438938440008251 ] } },
{ "type": "Feature", "properties": { "ID": 304, "FEATUREID": "OFBA016C1AJ430010020000158", "CHFCAC": "000158", "GZBBGA": "202001", "GZBBAC": "102", "GZBBAD": "18", "GZBBAB": "12.000000", "point_type": 1, "symbol_no": 1245, "height": 5.0, "width": 5.0, "spacing": null, "angle": 258.01251220703125, "_src_file": "LDZOFBA016.WT", "_src_id": 157 }, "geometry": { "type": "Point", "coordinates": [ 74.910173932770462, 39.407054311852626 ] } },
{ "type": "Feature", "properties": { "ID": 307, "FEATUREID": "OFBA016C1AJ430010020000159", "CHFCAC": "000159", "GZBBGA": "202001", "GZBBAC": "121", "GZBBAD": "27", "GZBBAB": "31.000000", "point_type": 1, "symbol_no": 1245, "height": 5.0, "width": 5.0, "spacing": null, "angle": 239.10667419433594, "_src_file": "LDZOFBA016.WT", "_src_id": 158 }, "geometry": { "type": "Point", "coordinates": [ 74.855026938062522, 39.404889315515149 ] } },
{ "type": "Feature", "properties": { "ID": 313, "FEATUREID": "OFBA016C1AJ430010020000160", "CHFCAC": "000160", "GZBBGA": "202001", "GZBBAC": "246", "GZBBAD": "9", "GZBBAB": "156.000000", "point_type": 1, "symbol_no": 1245, "height": 5.0, "width": 5.0, "spacing": null, "angle": 113.72904968261719, "_src_file": "LDZOFBA016.WT", "_src_id": 159 }, "geometry": { "type": "Point", "coordinates": [ 74.945681992450758, 39.480198031901907 ] } },
{ "type": "Feature", "properties": { "ID": 316, "FEATUREID": "OFBA016C1AJ430010020000161", "CHFCAC": "000161", "GZBBGA": "202001", "GZBBAC": "246", "GZBBAD": "15", "GZBBAB": "156.000000", "point_type": 1, "symbol_no": 1245, "height": 5.0, "width": 5.0, "spacing": null, "angle": 113.54290008544922, "_src_file": "LDZOFBA016.WT", "_src_id": 160 }, "geometry": { "type": "Point", "coordinates": [ 74.976428587200601, 39.498461374846805 ] } },
{ "type": "Feature", "properties": { "ID": 325, "FEATUREID": "OFBA016C1AJ430010020000162", "CHFCAC": "000162", "GZBBGA": "202001", "GZBBAC": "167", "GZBBAD": "40", "GZBBAB": "77.000000", "point_type": 1, "symbol_no": 1245, "height": 5.0, "width": 5.0, "spacing": null, "angle": 193.3984375, "_src_file": "LDZOFBA016.WT", "_src_id": 161 }, "geometry": { "type": "Point", "coordinates": [ 74.987523157363185, 39.544117745715099 ] } },
{ "type": "Feature", "properties": { "ID": 326, "FEATUREID": "OFBA016C1AJ430010020000163", "CHFCAC": "000163", "GZBBGA": "202001", "GZBBAC": "40", "GZBBAD": "47", "GZBBAB": "130.000000", "point_type": 1, "symbol_no": 1245, "height": 5.0, "width": 5.0, "spacing": null, "angle": 320.21429443359375, "_src_file": "LDZOFBA016.WT", "_src_id": 162 }, "geometry": { "type": "Point", "coordinates": [ 74.503337520311561, 39.652427537481316 ] } },
{ "type": "Feature", "properties": { "ID": 330, "FEATUREID": "OFBA016C1AJ430010020000164", "CHFCAC": "000164", "GZBBGA": "202001", "GZBBAC": "210", "GZBBAD": "32", "GZBBAB": "120.000000", "point_type": 1, "symbol_no": 1245, "height": 5.0, "width": 5.0, "spacing": null, "angle": 150.60610961914062, "_src_file": "LDZOFBA016.WT", "_src_id": 163 }, "geometry": { "type": "Point", "coordinates": [ 74.625261628252787, 39.63203435112657 ] } },
{ "type": "Feature", "properties": { "ID": 337, "FEATUREID": "OFBA016C1AJ430010020000165", "CHFCAC": "000165", "GZBBGA": "202001", "GZBBAC": "204", "GZBBAD": "40", "GZBBAB": "114.000000", "point_type": 1, "symbol_no": 1245, "height": 5.0, "width": 5.0, "spacing": null, "angle": 155.71810913085938, "_src_file": "LDZOFBA016.WT", "_src_id": 164 }, "geometry": { "type": "Point", "coordinates": [ 74.669935009076582, 39.663040155079564 ] } },
{ "type": "Feature", "properties": { "ID": 338, "FEATUREID": "OFBA016C1AJ430010020000166", "CHFCAC": "000166", "GZBBGA": "202001", "GZBBAC": "206", "GZBBAD": "76", "GZBBAB": "116.000000", "point_type": 1, "symbol_no": 1245, "height": 5.0, "width": 5.0, "spacing": null, "angle": 154.41989135742188, "_src_file": "LDZOFBA016.WT", "_src_id": 165 }, "geometry": { "type": "Point", "coordinates": [ 74.509914326124132, 39.564597872554707 ] } },
{ "type": "Feature", "properties": { "ID": 339, "FEATUREID": "OFBA016C1AJ430010020000167", "CHFCAC": "000167", "GZBBGA": "202001", "GZBBAC": "21", "GZBBAD": "48", "GZBBAB": "111.000000", "point_type": 1, "symbol_no": 1245, "height": 5.0, "width": 5.0, "spacing": null, "angle": 339.31576538085938, "_src_file": "LDZOFBA016.WT", "_src_id": 166 }, "geometry": { "type": "Point", "coordinates": [ 74.51223148805984, 39.573393195148299 ] } },
{ "type": "Feature", "properties": { "ID": 342, "FEATUREID": "OFBA016C1AJ430010020000168", "CHFCAC": "000168", "GZBBGA": "202001", "GZBBAC": "354", "GZBBAD": "67", "GZBBAB": "84.000000", "point_type": 1, "symbol_no": 1245, "height": 5.0, "width": 5.0, "spacing": null, "angle": 6.2388210296630859, "_src_file": "LDZOFBA016.WT", "_src_id": 167 }, "geometry": { "type": "Point", "coordinates": [ 74.532335045905171, 39.543203758474398 ] } },
{ "type": "Feature", "properties": { "ID": 343, "FEATUREID": "OFBA016C1AJ430010020000169", "CHFCAC": "000169", "GZBBGA": "202001", "GZBBAC": "165", "GZBBAD": "60", "GZBBAB": "75.000000", "point_type": 1, "symbol_no": 1245, "height": 5.0, "width": 5.0, "spacing": null, "angle": 195.15666198730469, "_src_file": "LDZOFBA016.WT", "_src_id": 168 }, "geometry": { "type": "Point", "coordinates": [ 74.540685793054138, 39.526414728274283 ] } },
{ "type": "Feature", "properties": { "ID": 346, "FEATUREID": "OFBA016C1AJ430010020000170", "CHFCAC": "000170", "GZBBGA": "202001", "GZBBAC": "182", "GZBBAD": "68", "GZBBAB": "92.000000", "point_type": 1, "symbol_no": 1245, "height": 5.0, "width": 5.0, "spacing": null, "angle": 178.61170959472656, "_src_file": "LDZOFBA016.WT", "_src_id": 169 }, "geometry": { "type": "Point", "coordinates": [ 74.674421594925548, 39.491170646958231 ] } },
{ "type": "Feature", "properties": { "ID": 363, "FEATUREID": "OFBA016C1AJ430010020000171", "CHFCAC": "000171", "GZBBGA": "202001", "GZBBAC": "221", "GZBBAD": "57", "GZBBAB": "131.000000", "point_type": 1, "symbol_no": 1245, "height": 5.0, "width": 5.0, "spacing": null, "angle": 138.82279968261719, "_src_file": "LDZOFBA016.WT", "_src_id": 170 }, "geometry": { "type": "Point", "coordinates": [ 74.731325655818438, 39.634617115413299 ] } },
{ "type": "Feature", "properties": { "ID": 369, "FEATUREID": "OFBA016C1AJ430010020000172", "CHFCAC": "000172", "GZBBGA": "202001", "GZBBAC": "201", "GZBBAD": "70", "GZBBAB": "111.000000", "point_type": 1, "symbol_no": 1245, "height": 5.0, "width": 5.0, "spacing": null, "angle": 159.09660339355469, "_src_file": "LDZOFBA016.WT", "_src_id": 171 }, "geometry": { "type": "Point", "coordinates": [ 74.816750341778359, 39.522585575211764 ] } },
{ "type": "Feature", "properties": { "ID": 373, "FEATUREID": "OFBA016C1AJ430010020000173", "CHFCAC": "000173", "GZBBGA": "202001", "GZBBAC": "19", "GZBBAD": "40", "GZBBAB": "109.000000", "point_type": 1, "symbol_no": 1245, "height": 5.0, "width": 5.0, "spacing": null, "angle": 341.13519287109375, "_src_file": "LDZOFBA016.WT", "_src_id": 172 }, "geometry": { "type": "Point", "coordinates": [ 74.955515811001305, 39.341689199559788 ] } },
{ "type": "Feature", "properties": { "ID": 375, "FEATUREID": "OFBA016C1AJ430010020000174", "CHFCAC": "000174", "GZBBGA": "202001", "GZBBAC": "193", "GZBBAD": "40", "GZBBAB": "103.000000", "point_type": 1, "symbol_no": 1245, "height": 5.0, "width": 5.0, "spacing": null, "angle": 167.14114379882812, "_src_file": "LDZOFBA016.WT", "_src_id": 173 }, "geometry": { "type": "Point", "coordinates": [ 74.965763050258971, 39.353493238739482 ] } },
{ "type": "Feature", "properties": { "ID": 376, "FEATUREID": "OFBA016C1AJ430010020000175", "CHFCAC": "000175", "GZBBGA": "202001", "GZBBAC": "8", "GZBBAD": "55", "GZBBAB": "98.000000", "point_type": 1, "symbol_no": 1245, "height": 5.0, "width": 5.0, "spacing": null, "angle": 352.41766357421875, "_src_file": "LDZOFBA016.WT", "_src_id": 174 }, "geometry": { "type": "Point", "coordinates": [ 74.972849495896156, 39.362665384977653 ] } },
{ "type": "Feature", "properties": { "ID": 377, "FEATUREID": "OFBA016C1AJ430010020000176", "CHFCAC": "000176", "GZBBGA": "202001", "GZBBAC": "108", "GZBBAD": "30", "GZBBAB": "18.000000", "point_type": 1, "symbol_no": 1245, "height": 5.0, "width": 5.0, "spacing": null, "angle": 251.5716552734375, "_src_file": "LDZOFBA016.WT", "_src_id": 175 }, "geometry": { "type": "Point", "coordinates": [ 74.985040019666329, 39.369176791006801 ] } },
{ "type": "Feature", "properties": { "ID": 378, "FEATUREID": "OFBA016C1AJ430010020000177", "CHFCAC": "000177", "GZBBGA": "202001", "GZBBAC": "20", "GZBBAD": "80", "GZBBAB": "110.000000", "point_type": 1, "symbol_no": 1245, "height": 5.0, "width": 5.0, "spacing": null, "angle": 339.58676147460938, "_src_file": "LDZOFBA016.WT", "_src_id": 176 }, "geometry": { "type": "Point", "coordinates": [ 74.923825337801887, 39.337886949211104 ] } },
{ "type": "Feature", "properties": { "ID": 389, "FEATUREID": "OFBA016C1AJ430010020000178", "CHFCAC": "000178", "GZBBGA": "202001", "GZBBAC": "34", "GZBBAD": "43", "GZBBAB": "124.000000", "point_type": 1, "symbol_no": 1245, "height": 5.0, "width": 5.0, "spacing": null, "angle": 325.52960205078125, "_src_file": "LDZOFBA016.WT", "_src_id": 177 }, "geometry": { "type": "Point", "coordinates": [ 74.995328132512668, 39.636563496018354 ] } },
{ "type": "Feature", "properties": { "ID": 391, "FEATUREID": "OFBA016C1AJ430010020000179", "CHFCAC": "000179", "GZBBGA": "202001", "GZBBAC": "173", "GZBBAD": "10", "GZBBAB": "83.000000", "point_type": 1, "symbol_no": 1245, "height": 5.0, "width": 5.0, "spacing": null, "angle": 186.77198791503906, "_src_file": "LDZOFBA016.WT", "_src_id": 178 }, "geometry": { "type": "Point", "coordinates": [ 74.996519637338309, 39.623605933114312 ] } },
{ "type": "Feature", "properties": { "ID": 396, "FEATUREID": "OFBA016C1AJ430010020000180", "CHFCAC": "000180", "GZBBGA": "202001", "GZBBAC": "342", "GZBBAD": "28", "GZBBAB": "72.000000", "point_type": 1, "symbol_no": 1245, "height": 5.0, "width": 5.0, "spacing": null, "angle": 18.442432403564453, "_src_file": "LDZOFBA016.WT", "_src_id": 179 }, "geometry": { "type": "Point", "coordinates": [ 74.983276519657537, 39.658842899744378 ] } },
{ "type": "Feature", "properties": { "ID": 402, "FEATUREID": "OFBA016C1AJ430010020000181", "CHFCAC": "000181", "GZBBGA": "202001", "GZBBAC": "179", "GZBBAD": "59", "GZBBAB": "89.000000", "point_type": 1, "symbol_no": 1245, "height": 5.0, "width": 5.0, "spacing": null, "angle": 181.7266845703125, "_src_file": "LDZOFBA016.WT", "_src_id": 180 }, "geometry": { "type": "Point", "coordinates": [ 74.514483201941729, 39.589051933638551 ] } },
{ "type": "Feature", "properties": { "ID": 406, "FEATUREID": "OFBA016C1AJ430010020000182", "CHFCAC": "000182", "GZBBGA": "202004", "GZBBAC": "19", "GZBBAD": "31", "GZBBAB": "109.000000", "point_type": 1, "symbol_no": 1248, "height": 5.0, "width": 5.0, "spacing": null, "angle": 340.6829833984375, "_src_file": "LDZOFBA016.WT", "_src_id": 181 }, "geometry": { "type": "Point", "coordinates": [ 74.641047700769548, 39.339802866992599 ] } },
{ "type": "Feature", "properties": { "ID": 412, "FEATUREID": "OFBA016C1AJ430010020000183", "CHFCAC": "000183", "GZBBGA": "202001", "GZBBAC": "221", "GZBBAD": "56", "GZBBAB": "131.000000", "point_type": 1, "symbol_no": 1245, "height": 5.0, "width": 5.0, "spacing": null, "angle": 138.82005310058594, "_src_file": "LDZOFBA016.WT", "_src_id": 182 }, "geometry": { "type": "Point", "coordinates": [ 74.986254007860595, 39.521053525999633 ] } },
{ "type": "Feature", "properties": { "ID": 333, "FEATUREID": "OFBA016C1AJ430010020000184", "CHFCAC": "000184", "GZBBGA": "202001", "GZBBAC": "235", "GZBBAD": "42", "GZBBAB": "145.000000", "point_type": 1, "symbol_no": 1245, "height": 5.0, "width": 5.0, "spacing": null, "angle": 125.18907928466797, "_src_file": "LDZOFBA016.WT", "_src_id": 183 }, "geometry": { "type": "Point", "coordinates": [ 74.599026311829817, 39.658127236257137 ] } },
{ "type": "Feature", "properties": { "ID": 296, "FEATUREID": "OFBA016C1AJ430010020000185", "CHFCAC": "000185", "GZBBGA": "202001", "GZBBAC": "301", "GZBBAD": "9", "GZBBAB": "31.000000", "point_type": 1, "symbol_no": 1245, "height": 5.0, "width": 5.0, "spacing": null, "angle": 58.782115936279297, "_src_file": "LDZOFBA016.WT", "_src_id": 184 }, "geometry": { "type": "Point", "coordinates": [ 74.568651146497345, 39.406718814106611 ] } },
{ "type": "Feature", "properties": { "ID": 307, "FEATUREID": "OFBA016C1AJ430010020000186", "CHFCAC": "000186", "GZBBGA": "202001", "GZBBAC": "18", "GZBBAD": "49", "GZBBAB": "108.000000", "point_type": 1, "symbol_no": 1245, "height": 5.0, "width": 5.0, "spacing": null, "angle": 341.71688842773438, "_src_file": "LDZOFBA016.WT", "_src_id": 185 }, "geometry": { "type": "Point", "coordinates": [ 74.690160097436205, 39.357901259352083 ] } },
{ "type": "Feature", "properties": { "ID": 124, "FEATUREID": "OFBA016C1AJ430010020000187", "CHFCAC": "000187", "GZBBGA": "202001", "GZBBAC": "179", "GZBBAD": "45", "GZBBAB": "89.000000", "point_type": 1, "symbol_no": 1245, "height": 5.0, "width": 5.0, "spacing": null, "angle": 181.65171813964844, "_src_file": "LDZOFBA016.WT", "_src_id": 186 }, "geometry": { "type": "Point", "coordinates": [ 73.994353262757642, 39.349325180474544 ] } },
{ "type": "Feature", "properties": { "ID": 127, "FEATUREID": "OFBA016C1AJ430010020000188", "CHFCAC": "000188", "GZBBGA": "202001", "GZBBAC": "173", "GZBBAD": "76", "GZBBAB": "83.000000", "point_type": 1, "symbol_no": 1245, "height": 5.0, "width": 5.0, "spacing": null, "angle": 187.84930419921875, "_src_file": "LDZOFBA016.WT", "_src_id": 187 }, "geometry": { "type": "Point", "coordinates": [ 73.98945789781655, 39.384360750355945 ] } },
{ "type": "Feature", "properties": { "ID": 134, "FEATUREID": "OFBA016C1AJ430010020000189", "CHFCAC": "000189", "GZBBGA": "202001", "GZBBAC": "1", "GZBBAD": "82", "GZBBAB": "91.000000", "point_type": 1, "symbol_no": 1245, "height": 5.0, "width": 5.0, "spacing": null, "angle": 359.8702392578125, "_src_file": "LDZOFBA016.WT", "_src_id": 188 }, "geometry": { "type": "Point", "coordinates": [ 73.983603885016066, 39.396359935330622 ] } },
{ "type": "Feature", "properties": { "ID": 136, "FEATUREID": "OFBA016C1AJ430010020000190", "CHFCAC": "000190", "GZBBGA": "202001", "GZBBAC": "336", "GZBBAD": "73", "GZBBAB": "66.000000", "point_type": 1, "symbol_no": 1245, "height": 5.0, "width": 5.0, "spacing": null, "angle": 24.610986709594727, "_src_file": "LDZOFBA016.WT", "_src_id": 189 }, "geometry": { "type": "Point", "coordinates": [ 73.99007311682432, 39.436782628135084 ] } },
{ "type": "Feature", "properties": { "ID": 141, "FEATUREID": "OFBA016C1AJ430010020000191", "CHFCAC": "000191", "GZBBGA": "202001", "GZBBAC": "359", "GZBBAD": "36", "GZBBAB": "89.000000", "point_type": 1, "symbol_no": 1245, "height": 5.0, "width": 5.0, "spacing": null, "angle": 1.8086121082305908, "_src_file": "LDZOFBA016.WT", "_src_id": 190 }, "geometry": { "type": "Point", "coordinates": [ 73.911354306324, 39.43929894404544 ] } },
{ "type": "Feature", "properties": { "ID": 209, "FEATUREID": "OFBA016C1AJ430010020000192", "CHFCAC": "000192", "GZBBGA": "202001", "GZBBAC": "283", "GZBBAD": "48", "GZBBAB": "13.000000", "point_type": 1, "symbol_no": 1245, "height": 5.0, "width": 5.0, "spacing": null, "angle": 77.475112915039062, "_src_file": "LDZOFBA016.WT", "_src_id": 191 }, "geometry": { "type": "Point", "coordinates": [ 74.046306716083407, 39.644717332033231 ] } },
{ "type": "Feature", "properties": { "ID": 212, "FEATUREID": "OFBA016C1AJ430010020000193", "CHFCAC": "000193", "GZBBGA": "202001", "GZBBAC": "169", "GZBBAD": "72", "GZBBAB": "79.000000", "point_type": 1, "symbol_no": 1245, "height": 5.0, "width": 5.0, "spacing": null, "angle": 191.78327941894531, "_src_file": "LDZOFBA016.WT", "_src_id": 192 }, "geometry": { "type": "Point", "coordinates": [ 74.037801944052489, 39.459593491093791 ] } },
{ "type": "Feature", "properties": { "ID": 210, "FEATUREID": "OFBA016C1AJ430010020000194", "CHFCAC": "000194", "GZBBGA": "202001", "GZBBAC": "342", "GZBBAD": "50", "GZBBAB": "72.000000", "point_type": 1, "symbol_no": 1245, "height": 5.0, "width": 5.0, "spacing": null, "angle": 18.903341293334961, "_src_file": "LDZOFBA016.WT", "_src_id": 193 }, "geometry": { "type": "Point", "coordinates": [ 74.047392518638517, 39.387965677210467 ] } },
{ "type": "Feature", "properties": { "ID": 249, "FEATUREID": "OFBA016C1AJ430010020000195", "CHFCAC": "000195", "GZBBGA": "202001", "GZBBAC": "181", "GZBBAD": "45", "GZBBAB": "91.000000", "point_type": 1, "symbol_no": 1245, "height": 5.0, "width": 5.0, "spacing": null, "angle": 178.7911376953125, "_src_file": "LDZOFBA016.WT", "_src_id": 194 }, "geometry": { "type": "Point", "coordinates": [ 74.470568733715112, 39.35839432082286 ] } },
{ "type": "Feature", "properties": { "ID": 248, "FEATUREID": "OFBA016C1AJ430010020000196", "CHFCAC": "000196", "GZBBGA": "202001", "GZBBAC": "180", "GZBBAD": "41", "GZBBAB": "90.000000", "point_type": 1, "symbol_no": 1245, "height": 5.0, "width": 5.0, "spacing": null, "angle": 180.27081298828125, "_src_file": "LDZOFBA016.WT", "_src_id": 195 }, "geometry": { "type": "Point", "coordinates": [ 74.448393032614462, 39.33678477171911 ] } },
{ "type": "Feature", "properties": { "ID": 248, "FEATUREID": "OFBA016C1AJ430010020000197", "CHFCAC": "000197", "GZBBGA": "202001", "GZBBAC": "290", "GZBBAD": "44", "GZBBAB": "20.000000", "point_type": 1, "symbol_no": 1245, "height": 5.0, "width": 5.0, "spacing": null, "angle": 70.277519226074219, "_src_file": "LDZOFBA016.WT", "_src_id": 196 }, "geometry": { "type": "Point", "coordinates": [ 74.469327831500195, 39.404714886445269 ] } },
{ "type": "Feature", "properties": { "ID": 250, "FEATUREID": "OFBA016C1AJ430010020000198", "CHFCAC": "000198", "GZBBGA": "202001", "GZBBAC": "189", "GZBBAD": "20", "GZBBAB": "99.000000", "point_type": 1, "symbol_no": 1245, "height": 5.0, "width": 5.0, "spacing": null, "angle": 171.01007080078125, "_src_file": "LDZOFBA016.WT", "_src_id": 197 }, "geometry": { "type": "Point", "coordinates": [ 74.478387662749839, 39.411737235557119 ] } },
{ "type": "Feature", "properties": { "ID": 256, "FEATUREID": "OFBA016C1AJ430010020000199", "CHFCAC": "000199", "GZBBGA": "202001", "GZBBAC": "13", "GZBBAD": "14", "GZBBAB": "103.000000", "point_type": 1, "symbol_no": 1245, "height": 5.0, "width": 5.0, "spacing": null, "angle": 347.72811889648438, "_src_file": "LDZOFBA016.WT", "_src_id": 198 }, "geometry": { "type": "Point", "coordinates": [ 74.477071497627662, 39.469053908665529 ] } },
{ "type": "Feature", "properties": { "ID": 260, "FEATUREID": "OFBA016C1AJ430010020000200", "CHFCAC": "000200", "GZBBGA": "202001", "GZBBAC": "320", "GZBBAD": "71", "GZBBAB": "50.000000", "point_type": 1, "symbol_no": 1245, "height": 5.0, "width": 5.0, "spacing": null, "angle": 40.090679168701172, "_src_file": "LDZOFBA016.WT", "_src_id": 199 }, "geometry": { "type": "Point", "coordinates": [ 74.420417059958083, 39.6095467848819 ] } },
{ "type": "Feature", "properties": { "ID": 260, "FEATUREID": "OFBA016C1AJ430010020000201", "CHFCAC": "000201", "GZBBGA": "202001", "GZBBAC": "18", "GZBBAD": "32", "GZBBAB": "108.000000", "point_type": 1, "symbol_no": 1245, "height": 5.0, "width": 5.0, "spacing": null, "angle": 341.88235473632812, "_src_file": "LDZOFBA016.WT", "_src_id": 200 }, "geometry": { "type": "Point", "coordinates": [ 74.355111380871733, 39.599700902899841 ] } },
{ "type": "Feature", "properties": { "ID": 264, "FEATUREID": "OFBA016C1AJ430010020000202", "CHFCAC": "000202", "GZBBGA": "202001", "GZBBAC": "159", "GZBBAD": "82", "GZBBAB": "69.000000", "point_type": 1, "symbol_no": 1245, "height": 5.0, "width": 5.0, "spacing": null, "angle": 201.20780944824219, "_src_file": "LDZOFBA016.WT", "_src_id": 201 }, "geometry": { "type": "Point", "coordinates": [ 74.345583235000532, 39.609091283523405 ] } },
{ "type": "Feature", "properties": { "ID": 277, "FEATUREID": "OFBA016C1AJ430010020000203", "CHFCAC": "000203", "GZBBGA": "202001", "GZBBAC": "225", "GZBBAD": "23", "GZBBAB": "135.000000", "point_type": 1, "symbol_no": 1245, "height": 5.0, "width": 5.0, "spacing": null, "angle": 135.32574462890625, "_src_file": "LDZOFBA016.WT", "_src_id": 202 }, "geometry": { "type": "Point", "coordinates": [ 74.336965290297357, 39.371277120764937 ] } },
{ "type": "Feature", "properties": { "ID": 285, "FEATUREID": "OFBA016C1AJ430010020000204", "CHFCAC": "000204", "GZBBGA": "202001", "GZBBAC": "225", "GZBBAD": "20", "GZBBAB": "135.000000", "point_type": 1, "symbol_no": 1245, "height": 5.0, "width": 5.0, "spacing": null, "angle": 135.32839965820312, "_src_file": "LDZOFBA016.WT", "_src_id": 203 }, "geometry": { "type": "Point", "coordinates": [ 74.331669105509278, 39.3924454657922 ] } },
{ "type": "Feature", "properties": { "ID": 278, "FEATUREID": "OFBA016C1AJ430010020000205", "CHFCAC": "000205", "GZBBGA": "202001", "GZBBAC": "191", "GZBBAD": "45", "GZBBAB": "101.000000", "point_type": 1, "symbol_no": 1245, "height": 5.0, "width": 5.0, "spacing": null, "angle": 169.01602172851562, "_src_file": "LDZOFBA016.WT", "_src_id": 204 }, "geometry": { "type": "Point", "coordinates": [ 74.336770279470898, 39.421910487748796 ] } },
{ "type": "Feature", "properties": { "ID": 280, "FEATUREID": "OFBA016C1AJ430010020000206", "CHFCAC": "000206", "GZBBGA": "202001", "GZBBAC": "176", "GZBBAD": "58", "GZBBAB": "86.000000", "point_type": 1, "symbol_no": 1245, "height": 5.0, "width": 5.0, "spacing": null, "angle": 184.13340759277344, "_src_file": "LDZOFBA016.WT", "_src_id": 205 }, "geometry": { "type": "Point", "coordinates": [ 74.35050958174692, 39.49145715366717 ] } },
{ "type": "Feature", "properties": { "ID": 291, "FEATUREID": "OFBA016C1AJ430010020000207", "CHFCAC": "000207", "GZBBGA": "202001", "GZBBAC": "347", "GZBBAD": "50", "GZBBAB": "77.000000", "point_type": 1, "symbol_no": 1245, "height": 5.0, "width": 5.0, "spacing": null, "angle": 12.953654289245605, "_src_file": "LDZOFBA016.WT", "_src_id": 206 }, "geometry": { "type": "Point", "coordinates": [ 74.136099993031976, 39.437667730196999 ] } },
{ "type": "Feature", "properties": { "ID": 297, "FEATUREID": "OFBA016C1AJ430010020000208", "CHFCAC": "000208", "GZBBGA": "202001", "GZBBAC": "336", "GZBBAD": "13", "GZBBAB": "66.000000", "point_type": 1, "symbol_no": 1245, "height": 5.0, "width": 5.0, "spacing": null, "angle": 24.40184211730957, "_src_file": "LDZOFBA016.WT", "_src_id": 207 }, "geometry": { "type": "Point", "coordinates": [ 74.107339875698912, 39.553700390631207 ] } },
{ "type": "Feature", "properties": { "ID": 292, "FEATUREID": "OFBA016C1AJ430010020000209", "CHFCAC": "000209", "GZBBGA": "202001", "GZBBAC": "139", "GZBBAD": "63", "GZBBAB": "49.000000", "point_type": 1, "symbol_no": 1245, "height": 5.0, "width": 5.0, "spacing": null, "angle": 221.05914306640625, "_src_file": "LDZOFBA016.WT", "_src_id": 208 }, "geometry": { "type": "Point", "coordinates": [ 74.069885714909219, 39.566789111609879 ] } },
{ "type": "Feature", "properties": { "ID": 295, "FEATUREID": "OFBA016C1AJ430010020000210", "CHFCAC": "000210", "GZBBGA": "202001", "GZBBAC": "288", "GZBBAD": "40", "GZBBAB": "18.000000", "point_type": 1, "symbol_no": 1245, "height": 5.0, "width": 5.0, "spacing": null, "angle": 72.046783447265625, "_src_file": "LDZOFBA016.WT", "_src_id": 209 }, "geometry": { "type": "Point", "coordinates": [ 74.021801792662018, 39.617677977763393 ] } },
{ "type": "Feature", "properties": { "ID": 308, "FEATUREID": "OFBA016C1AJ430010020000211", "CHFCAC": "000211", "GZBBGA": "202001", "GZBBAC": "325", "GZBBAD": "62", "GZBBAB": "55.000000", "point_type": 1, "symbol_no": 1245, "height": 5.0, "width": 5.0, "spacing": null, "angle": 35.398818969726562, "_src_file": "LDZOFBA016.WT", "_src_id": 210 }, "geometry": { "type": "Point", "coordinates": [ 74.173435943120921, 39.566571456648852 ] } },
{ "type": "Feature", "properties": { "ID": 311, "FEATUREID": "OFBA016C1AJ430010020000212", "CHFCAC": "000212", "GZBBGA": "202001", "GZBBAC": "158", "GZBBAD": "61", "GZBBAB": "68.000000", "point_type": 1, "symbol_no": 1245, "height": 5.0, "width": 5.0, "spacing": null, "angle": 202.65470886230469, "_src_file": "LDZOFBA016.WT", "_src_id": 211 }, "geometry": { "type": "Point", "coordinates": [ 74.175625530827546, 39.551967823015993 ] } },
{ "type": "Feature", "properties": { "ID": 321, "FEATUREID": "OFBA016C1AJ430010020000213", "CHFCAC": "000213", "GZBBGA": "202001", "GZBBAC": "350", "GZBBAD": "81", "GZBBAB": "80.000000", "point_type": 1, "symbol_no": 1245, "height": 5.0, "width": 5.0, "spacing": null, "angle": 10.524452209472656, "_src_file": "LDZOFBA016.WT", "_src_id": 212 }, "geometry": { "type": "Point", "coordinates": [ 74.188177475200987, 39.661988557060525 ] } },
{ "type": "Feature", "properties": { "ID": 319, "FEATUREID": "OFBA016C1AJ430010020000214", "CHFCAC": "000214", "GZBBGA": "202004", "GZBBAC": "336", "GZBBAD": "75", "GZBBAB": "66.000000", "point_type": 1, "symbol_no": 1248, "height": 5.0, "width": 5.0, "spacing": null, "angle": 24.01854133605957, "_src_file": "LDZOFBA016.WT", "_src_id": 213 }, "geometry": { "type": "Point", "coordinates": [ 74.209677781720757, 39.649591029121538 ] } },
{ "type": "Feature", "properties": { "ID": 323, "FEATUREID": "OFBA016C1AJ430010020000215", "CHFCAC": "000215", "GZBBGA": "202001", "GZBBAC": "158", "GZBBAD": "48", "GZBBAB": "68.000000", "point_type": 1, "symbol_no": 1245, "height": 5.0, "width": 5.0, "spacing": null, "angle": 202.19172668457031, "_src_file": "LDZOFBA016.WT", "_src_id": 214 }, "geometry": { "type": "Point", "coordinates": [ 74.207165458367712, 39.624003828040756 ] } },
{ "type": "Feature", "properties": { "ID": 327, "FEATUREID": "OFBA016C1AJ430010020000216", "CHFCAC": "000216", "GZBBGA": "202001", "GZBBAC": "110", "GZBBAD": "27", "GZBBAB": "20.000000", "point_type": 1, "symbol_no": 1245, "height": 5.0, "width": 5.0, "spacing": null, "angle": 250.80342102050781, "_src_file": "LDZOFBA016.WT", "_src_id": 215 }, "geometry": { "type": "Point", "coordinates": [ 74.071655091307164, 39.654916130538702 ] } },
{ "type": "Feature", "properties": { "ID": 336, "FEATUREID": "OFBA016C1AJ430010020000217", "CHFCAC": "000217", "GZBBGA": "202001", "GZBBAC": "201", "GZBBAD": "30", "GZBBAB": "111.000000", "point_type": 1, "symbol_no": 1245, "height": 5.0, "width": 5.0, "spacing": null, "angle": 159.90495300292969, "_src_file": "LDZOFBA016.WT", "_src_id": 216 }, "geometry": { "type": "Point", "coordinates": [ 74.062217778801127, 39.342049089222037 ] } },
{ "type": "Feature", "properties": { "ID": 345, "FEATUREID": "OFBA016C1AJ430010020000218", "CHFCAC": "000218", "GZBBGA": "202001", "GZBBAC": "336", "GZBBAD": "67", "GZBBAB": "66.000000", "point_type": 1, "symbol_no": 1245, "height": 5.0, "width": 5.0, "spacing": null, "angle": 24.689365386962891, "_src_file": "LDZOFBA016.WT", "_src_id": 217 }, "geometry": { "type": "Point", "coordinates": [ 74.062457208679845, 39.598401291913142 ] } },
{ "type": "Feature", "properties": { "ID": 346, "FEATUREID": "OFBA016C1AJ430010020000219", "CHFCAC": "000219", "GZBBGA": "202001", "GZBBAC": "0", "GZBBAD": "30", "GZBBAB": "90.000000", "point_type": 1, "symbol_no": 1245, "height": 5.0, "width": 5.0, "spacing": null, "angle": 0.41394364833831787, "_src_file": "LDZOFBA016.WT", "_src_id": 218 }, "geometry": { "type": "Point", "coordinates": [ 74.157999484775274, 39.397099267364723 ] } },
{ "type": "Feature", "properties": { "ID": 349, "FEATUREID": "OFBA016C1AJ430010020000220", "CHFCAC": "000220", "GZBBGA": "202001", "GZBBAC": "0", "GZBBAD": "49", "GZBBAB": "90.000000", "point_type": 1, "symbol_no": 1245, "height": 5.0, "width": 5.0, "spacing": null, "angle": 0.42146763205528259, "_src_file": "LDZOFBA016.WT", "_src_id": 219 }, "geometry": { "type": "Point", "coordinates": [ 74.143153126121845, 39.471802628268662 ] } },
{ "type": "Feature", "properties": { "ID": 351, "FEATUREID": "OFBA016C1AJ430010020000221", "CHFCAC": "000221", "GZBBGA": "202001", "GZBBAC": "130", "GZBBAD": "65", "GZBBAB": "40.000000", "point_type": 1, "symbol_no": 1245, "height": 5.0, "width": 5.0, "spacing": null, "angle": 230.26167297363281, "_src_file": "LDZOFBA016.WT", "_src_id": 220 }, "geometry": { "type": "Point", "coordinates": [ 74.263335724696418, 39.613710495980833 ] } },
{ "type": "Feature", "properties": { "ID": 355, "FEATUREID": "OFBA016C1AJ430010020000222", "CHFCAC": "000222", "GZBBGA": "202001", "GZBBAC": "333", "GZBBAD": "82", "GZBBAB": "63.000000", "point_type": 1, "symbol_no": 1245, "height": 5.0, "width": 5.0, "spacing": null, "angle": 26.913547515869141, "_src_file": "LDZOFBA016.WT", "_src_id": 221 }, "geometry": { "type": "Point", "coordinates": [ 74.292046692474955, 39.644672565153854 ] } },
{ "type": "Feature", "properties": { "ID": 357, "FEATUREID": "OFBA016C1AJ430010020000223", "CHFCAC": "000223", "GZBBGA": "202001", "GZBBAC": "170", "GZBBAD": "58", "GZBBAB": "80.000000", "point_type": 1, "symbol_no": 1245, "height": 5.0, "width": 5.0, "spacing": null, "angle": 190.65386962890625, "_src_file": "LDZOFBA016.WT", "_src_id": 222 }, "geometry": { "type": "Point", "coordinates": [ 74.290873629659359, 39.628233389259428 ] } },
{ "type": "Feature", "properties": { "ID": 360, "FEATUREID": "OFBA016C1AJ430010020000224", "CHFCAC": "000224", "GZBBGA": "202001", "GZBBAC": "357", "GZBBAD": "51", "GZBBAB": "87.000000", "point_type": 1, "symbol_no": 1245, "height": 5.0, "width": 5.0, "spacing": null, "angle": 3.2005963325500488, "_src_file": "LDZOFBA016.WT", "_src_id": 223 }, "geometry": { "type": "Point", "coordinates": [ 74.312043111368141, 39.447400566282596 ] } },
{ "type": "Feature", "properties": { "ID": 363, "FEATUREID": "OFBA016C1AJ430010020000225", "CHFCAC": "000225", "GZBBGA": "202001", "GZBBAC": "180", "GZBBAD": "48", "GZBBAB": "90.000000", "point_type": 1, "symbol_no": 1245, "height": 5.0, "width": 5.0, "spacing": null, "angle": 180.33297729492188, "_src_file": "LDZOFBA016.WT", "_src_id": 224 }, "geometry": { "type": "Point", "coordinates": [ 74.322549313645865, 39.430821382504902 ] } },
{ "type": "Feature", "properties": { "ID": 365, "FEATUREID": "OFBA016C1AJ430010020000226", "CHFCAC": "000226", "GZBBGA": "202001", "GZBBAC": "37", "GZBBAD": "38", "GZBBAB": "127.000000", "point_type": 1, "symbol_no": 1245, "height": 5.0, "width": 5.0, "spacing": null, "angle": 322.85052490234375, "_src_file": "LDZOFBA016.WT", "_src_id": 225 }, "geometry": { "type": "Point", "coordinates": [ 74.335036141167379, 39.382200183085281 ] } },
{ "type": "Feature", "properties": { "ID": 370, "FEATUREID": "OFBA016C1AJ430010020000227", "CHFCAC": "000227", "GZBBGA": "202001", "GZBBAC": "342", "GZBBAD": "87", "GZBBAB": "72.000000", "point_type": 1, "symbol_no": 1245, "height": 5.0, "width": 5.0, "spacing": null, "angle": 18.761734008789062, "_src_file": "LDZOFBA016.WT", "_src_id": 226 }, "geometry": { "type": "Point", "coordinates": [ 74.335947480989205, 39.619980640083732 ] } },
{ "type": "Feature", "properties": { "ID": 373, "FEATUREID": "OFBA016C1AJ430010020000228", "CHFCAC": "000228", "GZBBGA": "202001", "GZBBAC": "177", "GZBBAD": "60", "GZBBAB": "87.000000", "point_type": 1, "symbol_no": 1245, "height": 5.0, "width": 5.0, "spacing": null, "angle": 183.18862915039062, "_src_file": "LDZOFBA016.WT", "_src_id": 227 }, "geometry": { "type": "Point", "coordinates": [ 74.485185825486312, 39.487999515281579 ] } },
{ "type": "Feature", "properties": { "ID": 376, "FEATUREID": "OFBA016C1AJ430010020000229", "CHFCAC": "000229", "GZBBGA": "202001", "GZBBAC": "110", "GZBBAD": "37", "GZBBAB": "20.000000", "point_type": 1, "symbol_no": 1245, "height": 5.0, "width": 5.0, "spacing": null, "angle": 250.25108337402344, "_src_file": "LDZOFBA016.WT", "_src_id": 228 }, "geometry": { "type": "Point", "coordinates": [ 74.033538634252736, 39.615347276022071 ] } },
{ "type": "Feature", "properties": { "ID": 379, "FEATUREID": "OFBA016C1AJ430010020000230", "CHFCAC": "000230", "GZBBGA": "202001", "GZBBAC": "203", "GZBBAD": "55", "GZBBAB": "113.000000", "point_type": 1, "symbol_no": 1245, "height": 5.0, "width": 5.0, "spacing": null, "angle": 157.62661743164062, "_src_file": "LDZOFBA016.WT", "_src_id": 229 }, "geometry": { "type": "Point", "coordinates": [ 74.063809486415096, 39.375970532513136 ] } },
{ "type": "Feature", "properties": { "ID": 387, "FEATUREID": "OFBA016C1AJ430010020000231", "CHFCAC": "000231", "GZBBGA": "202001", "GZBBAC": "8", "GZBBAD": "73", "GZBBAB": "98.000000", "point_type": 1, "symbol_no": 1245, "height": 5.0, "width": 5.0, "spacing": null, "angle": 352.11004638671875, "_src_file": "LDZOFBA016.WT", "_src_id": 230 }, "geometry": { "type": "Point", "coordinates": [ 74.113929890130251, 39.415960405043215 ] } },
{ "type": "Feature", "properties": { "ID": 386, "FEATUREID": "OFBA016C1AJ430010020000232", "CHFCAC": "000232", "GZBBGA": "202001", "GZBBAC": "348", "GZBBAD": "70", "GZBBAB": "78.000000", "point_type": 1, "symbol_no": 1245, "height": 5.0, "width": 5.0, "spacing": null, "angle": 12.525006294250488, "_src_file": "LDZOFBA016.WT", "_src_id": 231 }, "geometry": { "type": "Point", "coordinates": [ 74.125504670358069, 39.501055680692303 ] } },
{ "type": "Feature", "properties": { "ID": 390, "FEATUREID": "OFBA016C1AJ430010020000233", "CHFCAC": "000233", "GZBBGA": "202001", "GZBBAC": "160", "GZBBAD": "45", "GZBBAB": "70.000000", "point_type": 1, "symbol_no": 1245, "height": 5.0, "width": 5.0, "spacing": null, "angle": 200.40982055664062, "_src_file": "LDZOFBA016.WT", "_src_id": 232 }, "geometry": { "type": "Point", "coordinates": [ 74.132663222053964, 39.496007731767079 ] } },
{ "type": "Feature", "properties": { "ID": 378, "FEATUREID": "OFBA016C1AJ430010020000234", "CHFCAC": "000234", "GZBBGA": "202001", "GZBBAC": "344", "GZBBAD": "46", "GZBBAB": "74.000000", "point_type": 1, "symbol_no": 1245, "height": 5.0, "width": 5.0, "spacing": null, "angle": 16.338001251220703, "_src_file": "LDZOFBA016.WT", "_src_id": 233 }, "geometry": { "type": "Point", "coordinates": [ 74.202434264167792, 39.606984932277108 ] } },
{ "type": "Feature", "properties": { "ID": 377, "FEATUREID": "OFBA016C1AJ430010020000235", "CHFCAC": "000235", "GZBBGA": "202001", "GZBBAC": "170", "GZBBAD": "70", "GZBBAB": "80.000000", "point_type": 1, "symbol_no": 1245, "height": 5.0, "width": 5.0, "spacing": null, "angle": 190.30209350585938, "_src_file": "LDZOFBA016.WT", "_src_id": 234 }, "geometry": { "type": "Point", "coordinates": [ 74.401814469874481, 39.523627549995176 ] } },
{ "type": "Feature", "properties": { "ID": 375, "FEATUREID": "OFBA016C1AJ430010020000236", "CHFCAC": "000236", "GZBBGA": "202001", "GZBBAC": "14", "GZBBAD": "18", "GZBBAB": "104.000000", "point_type": 1, "symbol_no": 1245, "height": 5.0, "width": 5.0, "spacing": null, "angle": 346.21463012695312, "_src_file": "LDZOFBA016.WT", "_src_id": 235 }, "geometry": { "type": "Point", "coordinates": [ 74.489303006801265, 39.452870770918715 ] } },
{ "type": "Feature", "properties": { "ID": 85, "FEATUREID": "OFBA016C1AJ430010020000237", "CHFCAC": "000237", "GZBBGA": "202005", "GZBBAC": "47", "GZBBAD": "62", "GZBBAB": "137.000000", "point_type": 1, "symbol_no": 1249, "height": 5.0, "width": 5.0, "spacing": null, "angle": 313.8367919921875, "_src_file": "LDZOFBA016.WT", "_src_id": 236 }, "geometry": { "type": "Point", "coordinates": [ 74.034805862327943, 39.145922043091083 ] } },
{ "type": "Feature", "properties": { "ID": 86, "FEATUREID": "OFBA016C1AJ430010020000238", "CHFCAC": "000238", "GZBBGA": "202005", "GZBBAC": "183", "GZBBAD": "44", "GZBBAB": "93.000000", "point_type": 1, "symbol_no": 1249, "height": 5.0, "width": 5.0, "spacing": null, "angle": 177.18836975097656, "_src_file": "LDZOFBA016.WT", "_src_id": 237 }, "geometry": { "type": "Point", "coordinates": [ 74.064881454624867, 39.102119584624219 ] } },
{ "type": "Feature", "properties": { "ID": 93, "FEATUREID": "OFBA016C1AJ430010020000239", "CHFCAC": "000239", "GZBBGA": "202005", "GZBBAC": "26", "GZBBAD": "53", "GZBBAB": "116.000000", "point_type": 1, "symbol_no": 1249, "height": 5.0, "width": 5.0, "spacing": null, "angle": 334.34622192382812, "_src_file": "LDZOFBA016.WT", "_src_id": 238 }, "geometry": { "type": "Point", "coordinates": [ 74.287575308609476, 39.028799541379215 ] } },
{ "type": "Feature", "properties": { "ID": 95, "FEATUREID": "OFBA016C1AJ430010020000240", "CHFCAC": "000240", "GZBBGA": "202005", "GZBBAC": "21", "GZBBAD": "42", "GZBBAB": "111.000000", "point_type": 1, "symbol_no": 1249, "height": 5.0, "width": 5.0, "spacing": null, "angle": 338.86154174804688, "_src_file": "LDZOFBA016.WT", "_src_id": 239 }, "geometry": { "type": "Point", "coordinates": [ 74.368989966312824, 39.040463105657473 ] } },
{ "type": "Feature", "properties": { "ID": 97, "FEATUREID": "OFBA016C1AJ430010020000241", "CHFCAC": "000241", "GZBBGA": "202005", "GZBBAC": "201", "GZBBAD": "55", "GZBBAB": "111.000000", "point_type": 1, "symbol_no": 1249, "height": 5.0, "width": 5.0, "spacing": null, "angle": 159.17562866210938, "_src_file": "LDZOFBA016.WT", "_src_id": 240 }, "geometry": { "type": "Point", "coordinates": [ 74.386607671513616, 39.050435331662072 ] } },
{ "type": "Feature", "properties": { "ID": 98, "FEATUREID": "OFBA016C1AJ430010020000242", "CHFCAC": "000242", "GZBBGA": "202005", "GZBBAC": "26", "GZBBAD": "54", "GZBBAB": "116.000000", "point_type": 1, "symbol_no": 1249, "height": 5.0, "width": 5.0, "spacing": null, "angle": 334.8333740234375, "_src_file": "LDZOFBA016.WT", "_src_id": 241 }, "geometry": { "type": "Point", "coordinates": [ 74.291535539039486, 39.075676138803225 ] } },
{ "type": "Feature", "properties": { "ID": 99, "FEATUREID": "OFBA016C1AJ430010020000243", "CHFCAC": "000243", "GZBBGA": "202005", "GZBBAC": "26", "GZBBAD": "50", "GZBBAB": "116.000000", "point_type": 1, "symbol_no": 1249, "height": 5.0, "width": 5.0, "spacing": null, "angle": 334.83734130859375, "_src_file": "LDZOFBA016.WT", "_src_id": 242 }, "geometry": { "type": "Point", "coordinates": [ 74.283414921914925, 39.061243946464934 ] } },
{ "type": "Feature", "properties": { "ID": 100, "FEATUREID": "OFBA016C1AJ430010020000244", "CHFCAC": "000244", "GZBBGA": "202005", "GZBBAC": "26", "GZBBAD": "52", "GZBBAB": "116.000000", "point_type": 1, "symbol_no": 1249, "height": 5.0, "width": 5.0, "spacing": null, "angle": 334.83407592773438, "_src_file": "LDZOFBA016.WT", "_src_id": 243 }, "geometry": { "type": "Point", "coordinates": [ 74.289997993231324, 39.042454443413142 ] } },
{ "type": "Feature", "properties": { "ID": 102, "FEATUREID": "OFBA016C1AJ430010020000245", "CHFCAC": "000245", "GZBBGA": "202005", "GZBBAC": "174", "GZBBAD": "71", "GZBBAB": "84.000000", "point_type": 1, "symbol_no": 1249, "height": 5.0, "width": 5.0, "spacing": null, "angle": 186.92025756835938, "_src_file": "LDZOFBA016.WT", "_src_id": 244 }, "geometry": { "type": "Point", "coordinates": [ 74.026099205747542, 39.201299548834378 ] } },
{ "type": "Feature", "properties": { "ID": 137, "FEATUREID": "OFBA016C1AJ430010020000246", "CHFCAC": "000246", "GZBBGA": "202001", "GZBBAC": "230", "GZBBAD": "32", "GZBBAB": "140.000000", "point_type": 1, "symbol_no": 1245, "height": 5.0, "width": 5.0, "spacing": null, "angle": 129.93487548828125, "_src_file": "LDZOFBA016.WT", "_src_id": 245 }, "geometry": { "type": "Point", "coordinates": [ 74.455897001789779, 39.20476461325638 ] } },
{ "type": "Feature", "properties": { "ID": 145, "FEATUREID": "OFBA016C1AJ430010020000247", "CHFCAC": "000247", "GZBBGA": "202005", "GZBBAC": "193", "GZBBAD": "72", "GZBBAB": "103.000000", "point_type": 1, "symbol_no": 1249, "height": 5.0, "width": 5.0, "spacing": null, "angle": 167.02406311035156, "_src_file": "LDZOFBA016.WT", "_src_id": 246 }, "geometry": { "type": "Point", "coordinates": [ 74.036731195736564, 39.211610727395033 ] } },
{ "type": "Feature", "properties": { "ID": 151, "FEATUREID": "OFBA016C1AJ430010020000248", "CHFCAC": "000248", "GZBBGA": "202005", "GZBBAC": "22", "GZBBAD": "80", "GZBBAB": "112.000000", "point_type": 1, "symbol_no": 1249, "height": 5.0, "width": 5.0, "spacing": null, "angle": 338.67416381835938, "_src_file": "LDZOFBA016.WT", "_src_id": 247 }, "geometry": { "type": "Point", "coordinates": [ 74.031375200877534, 39.174704957655507 ] } },
{ "type": "Feature", "properties": { "ID": 153, "FEATUREID": "OFBA016C1AJ430010020000249", "CHFCAC": "000249", "GZBBGA": "202005", "GZBBAC": "187", "GZBBAD": "40", "GZBBAB": "97.000000", "point_type": 1, "symbol_no": 1249, "height": 5.0, "width": 5.0, "spacing": null, "angle": 173.45780944824219, "_src_file": "LDZOFBA016.WT", "_src_id": 248 }, "geometry": { "type": "Point", "coordinates": [ 74.064321140123624, 39.084756284090787 ] } },
{ "type": "Feature", "properties": { "ID": 172, "FEATUREID": "OFBA016C1AJ430010020000250", "CHFCAC": "000250", "GZBBGA": "202005", "GZBBAC": "26", "GZBBAD": "55", "GZBBAB": "116.000000", "point_type": 1, "symbol_no": 1249, "height": 5.0, "width": 5.0, "spacing": null, "angle": 334.35317993164062, "_src_file": "LDZOFBA016.WT", "_src_id": 249 }, "geometry": { "type": "Point", "coordinates": [ 74.273375103959992, 39.014394286643338 ] } },
{ "type": "Feature", "properties": { "ID": 152, "FEATUREID": "OFBA016C1AJ430010020000251", "CHFCAC": "000251", "GZBBGA": "202005", "GZBBAC": "193", "GZBBAD": "40", "GZBBAB": "103.000000", "point_type": 1, "symbol_no": 1249, "height": 5.0, "width": 5.0, "spacing": null, "angle": 167.02670288085938, "_src_file": "LDZOFBA016.WT", "_src_id": 250 }, "geometry": { "type": "Point", "coordinates": [ 74.031449743710496, 39.225858927191119 ] } },
{ "type": "Feature", "properties": { "ID": 169, "FEATUREID": "OFBA016C1AJ430010020000252", "CHFCAC": "000252", "GZBBGA": "202005", "GZBBAC": "205", "GZBBAD": "48", "GZBBAB": "115.000000", "point_type": 1, "symbol_no": 1249, "height": 5.0, "width": 5.0, "spacing": null, "angle": 155.60389709472656, "_src_file": "LDZOFBA016.WT", "_src_id": 251 }, "geometry": { "type": "Point", "coordinates": [ 74.0462533953107, 39.063983819394529 ] } },
{ "type": "Feature", "properties": { "ID": 172, "FEATUREID": "OFBA016C1AJ430010020000253", "CHFCAC": "000253", "GZBBGA": "202005", "GZBBAC": "36", "GZBBAD": "28", "GZBBAB": "126.000000", "point_type": 1, "symbol_no": 1249, "height": 5.0, "width": 5.0, "spacing": null, "angle": 324.92108154296875, "_src_file": "LDZOFBA016.WT", "_src_id": 252 }, "geometry": { "type": "Point", "coordinates": [ 74.065226972252432, 39.122063836207417 ] } },
{ "type": "Feature", "properties": { "ID": 192, "FEATUREID": "OFBA016C1AJ430010020000254", "CHFCAC": "000254", "GZBBGA": "202001", "GZBBAC": "340", "GZBBAD": "32", "GZBBAB": "70.000000", "point_type": 1, "symbol_no": 1245, "height": 5.0, "width": 5.0, "spacing": null, "angle": 19.894462585449219, "_src_file": "LDZOFBA016.WT", "_src_id": 253 }, "geometry": { "type": "Point", "coordinates": [ 74.27125348857831, 39.23394613118306 ] } },
{ "type": "Feature", "properties": { "ID": 110, "FEATUREID": "OFBA016C1AJ430010020000255", "CHFCAC": "000255", "GZBBGA": "202005", "GZBBAC": "181", "GZBBAD": "50", "GZBBAB": "91.000000", "point_type": 1, "symbol_no": 1249, "height": 5.0, "width": 5.0, "spacing": null, "angle": 179.04196166992188, "_src_file": "LDZOFBA016.WT", "_src_id": 254 }, "geometry": { "type": "Point", "coordinates": [ 74.034927730358461, 39.241533964662175 ] } },
{ "type": "Feature", "properties": { "ID": 117, "FEATUREID": "OFBA016C1AJ430010020000256", "CHFCAC": "000256", "GZBBGA": "202005", "GZBBAC": "358", "GZBBAD": "52", "GZBBAB": "88.000000", "point_type": 1, "symbol_no": 1249, "height": 5.0, "width": 5.0, "spacing": null, "angle": 2.7961819171905518, "_src_file": "LDZOFBA016.WT", "_src_id": 255 }, "geometry": { "type": "Point", "coordinates": [ 74.163669195168367, 39.078059289432268 ] } },
{ "type": "Feature", "properties": { "ID": 124, "FEATUREID": "OFBA016C1AJ430010020000257", "CHFCAC": "000257", "GZBBGA": "202005", "GZBBAC": "44", "GZBBAD": "60", "GZBBAB": "134.000000", "point_type": 1, "symbol_no": 1249, "height": 5.0, "width": 5.0, "spacing": null, "angle": 316.3564453125, "_src_file": "LDZOFBA016.WT", "_src_id": 256 }, "geometry": { "type": "Point", "coordinates": [ 74.357527239004455, 39.006499723485447 ] } },
{ "type": "Feature", "properties": { "ID": 125, "FEATUREID": "OFBA016C1AJ430010020000258", "CHFCAC": "000258", "GZBBGA": "202005", "GZBBAC": "206", "GZBBAD": "54", "GZBBAB": "116.000000", "point_type": 1, "symbol_no": 1249, "height": 5.0, "width": 5.0, "spacing": null, "angle": 154.58448791503906, "_src_file": "LDZOFBA016.WT", "_src_id": 257 }, "geometry": { "type": "Point", "coordinates": [ 74.39909196856209, 39.032942257749689 ] } },
{ "type": "Feature", "properties": { "ID": 117, "FEATUREID": "OFBA016C1AJ430010020000259", "CHFCAC": "000259", "GZBBGA": "202001", "GZBBAC": "27", "GZBBAD": "31", "GZBBAB": "117.000000", "point_type": 1, "symbol_no": 1245, "height": 5.0, "width": 5.0, "spacing": null, "angle": 332.734130859375, "_src_file": "LDZOFBA016.WT", "_src_id": 258 }, "geometry": { "type": "Point", "coordinates": [ 74.929119809139706, 39.072531853745424 ] } },
{ "type": "Feature", "properties": { "ID": 123, "FEATUREID": "OFBA016C1AJ430010020000260", "CHFCAC": "000260", "GZBBGA": "202001", "GZBBAC": "28", "GZBBAD": "32", "GZBBAB": "118.000000", "point_type": 1, "symbol_no": 1245, "height": 5.0, "width": 5.0, "spacing": null, "angle": 332.34219360351562, "_src_file": "LDZOFBA016.WT", "_src_id": 259 }, "geometry": { "type": "Point", "coordinates": [ 74.914713868191271, 39.057928823244517 ] } },
{ "type": "Feature", "properties": { "ID": 124, "FEATUREID": "OFBA016C1AJ430010020000261", "CHFCAC": "000261", "GZBBGA": "202001", "GZBBAC": "18", "GZBBAD": "43", "GZBBAB": "108.000000", "point_type": 1, "symbol_no": 1245, "height": 5.0, "width": 5.0, "spacing": null, "angle": 341.58697509765625, "_src_file": "LDZOFBA016.WT", "_src_id": 260 }, "geometry": { "type": "Point", "coordinates": [ 74.953814900777729, 39.044499876564252 ] } },
{ "type": "Feature", "properties": { "ID": 129, "FEATUREID": "OFBA016C1AJ430010020000262", "CHFCAC": "000262", "GZBBGA": "202001", "GZBBAC": "208", "GZBBAD": "12", "GZBBAB": "118.000000", "point_type": 1, "symbol_no": 1245, "height": 5.0, "width": 5.0, "spacing": null, "angle": 152.28802490234375, "_src_file": "LDZOFBA016.WT", "_src_id": 261 }, "geometry": { "type": "Point", "coordinates": [ 74.902819905131736, 39.045284302583262 ] } },
{ "type": "Feature", "properties": { "ID": 141, "FEATUREID": "OFBA016C1AJ430010020000263", "CHFCAC": "000263", "GZBBGA": "202001", "GZBBAC": "227", "GZBBAD": "41", "GZBBAB": "137.000000", "point_type": 1, "symbol_no": 1245, "height": 5.0, "width": 5.0, "spacing": null, "angle": 132.94265747070312, "_src_file": "LDZOFBA016.WT", "_src_id": 262 }, "geometry": { "type": "Point", "coordinates": [ 74.868949740270935, 39.039767352325711 ] } },
{ "type": "Feature", "properties": { "ID": 142, "FEATUREID": "OFBA016C1AJ430010020000264", "CHFCAC": "000264", "GZBBGA": "202001", "GZBBAC": "227", "GZBBAD": "43", "GZBBAB": "137.000000", "point_type": 1, "symbol_no": 1245, "height": 5.0, "width": 5.0, "spacing": null, "angle": 132.95823669433594, "_src_file": "LDZOFBA016.WT", "_src_id": 263 }, "geometry": { "type": "Point", "coordinates": [ 74.837251718116576, 39.042460622826283 ] } },
{ "type": "Feature", "properties": { "ID": 151, "FEATUREID": "OFBA016C1AJ430010020000265", "CHFCAC": "000265", "GZBBGA": "202001", "GZBBAC": "18", "GZBBAD": "65", "GZBBAB": "108.000000", "point_type": 1, "symbol_no": 1245, "height": 5.0, "width": 5.0, "spacing": null, "angle": 341.92355346679688, "_src_file": "LDZOFBA016.WT", "_src_id": 264 }, "geometry": { "type": "Point", "coordinates": [ 74.985235918307453, 39.292766105034275 ] } },
{ "type": "Feature", "properties": { "ID": 154, "FEATUREID": "OFBA016C1AJ430010020000266", "CHFCAC": "000266", "GZBBGA": "202001", "GZBBAC": "28", "GZBBAD": "65", "GZBBAB": "118.000000", "point_type": 1, "symbol_no": 1245, "height": 5.0, "width": 5.0, "spacing": null, "angle": 332.44119262695312, "_src_file": "LDZOFBA016.WT", "_src_id": 265 }, "geometry": { "type": "Point", "coordinates": [ 74.920978456278206, 39.334324883674704 ] } },
{ "type": "Feature", "properties": { "ID": 140, "FEATUREID": "OFBA016C1AJ430010020000267", "CHFCAC": "000267", "GZBBGA": "202001", "GZBBAC": "47", "GZBBAD": "47", "GZBBAB": "137.000000", "point_type": 1, "symbol_no": 1245, "height": 5.0, "width": 5.0, "spacing": null, "angle": 313.10140991210938, "_src_file": "LDZOFBA016.WT", "_src_id": 266 }, "geometry": { "type": "Point", "coordinates": [ 74.700441034304575, 39.028945044146759 ] } },
{ "type": "Feature", "properties": { "ID": 143, "FEATUREID": "OFBA016C1AJ430010020000268", "CHFCAC": "000268", "GZBBGA": "202001", "GZBBAC": "45", "GZBBAD": "48", "GZBBAB": "135.000000", "point_type": 1, "symbol_no": 1245, "height": 5.0, "width": 5.0, "spacing": null, "angle": 315.18670654296875, "_src_file": "LDZOFBA016.WT", "_src_id": 267 }, "geometry": { "type": "Point", "coordinates": [ 74.618601204547844, 39.085586335543212 ] } },
{ "type": "Feature", "properties": { "ID": 144, "FEATUREID": "OFBA016C1AJ430010020000269", "CHFCAC": "000269", "GZBBGA": "202001", "GZBBAC": "45", "GZBBAD": "53", "GZBBAB": "135.000000", "point_type": 1, "symbol_no": 1245, "height": 5.0, "width": 5.0, "spacing": null, "angle": 315.17434692382812, "_src_file": "LDZOFBA016.WT", "_src_id": 268 }, "geometry": { "type": "Point", "coordinates": [ 74.643788077223718, 39.096861389352497 ] } },
{ "type": "Feature", "properties": { "ID": 145, "FEATUREID": "OFBA016C1AJ430010020000270", "CHFCAC": "000270", "GZBBGA": "202001", "GZBBAC": "45", "GZBBAD": "43", "GZBBAB": "135.000000", "point_type": 1, "symbol_no": 1245, "height": 5.0, "width": 5.0, "spacing": null, "angle": 315.16644287109375, "_src_file": "LDZOFBA016.WT", "_src_id": 269 }, "geometry": { "type": "Point", "coordinates": [ 74.659833253236158, 39.097879142698098 ] } },
{ "type": "Feature", "properties": { "ID": 146, "FEATUREID": "OFBA016C1AJ430010020000271", "CHFCAC": "000271", "GZBBGA": "202001", "GZBBAC": "46", "GZBBAD": "39", "GZBBAB": "136.000000", "point_type": 1, "symbol_no": 1245, "height": 5.0, "width": 5.0, "spacing": null, "angle": 313.77310180664062, "_src_file": "LDZOFBA016.WT", "_src_id": 270 }, "geometry": { "type": "Point", "coordinates": [ 74.719393325971154, 39.034589061624146 ] } },
{ "type": "Feature", "properties": { "ID": 145, "FEATUREID": "OFBA016C1AJ430010020000272", "CHFCAC": "000272", "GZBBGA": "202005", "GZBBAC": "42", "GZBBAD": "53", "GZBBAB": "132.000000", "point_type": 1, "symbol_no": 1249, "height": 5.0, "width": 5.0, "spacing": null, "angle": 317.73831176757812, "_src_file": "LDZOFBA016.WT", "_src_id": 271 }, "geometry": { "type": "Point", "coordinates": [ 74.973530500004387, 39.092340326124756 ] } },
{ "type": "Feature", "properties": { "ID": 146, "FEATUREID": "OFBA016C1AJ430010020000273", "CHFCAC": "000273", "GZBBGA": "202005", "GZBBAC": "58", "GZBBAD": "63", "GZBBAB": "148.000000", "point_type": 1, "symbol_no": 1249, "height": 5.0, "width": 5.0, "spacing": null, "angle": 302.44943237304688, "_src_file": "LDZOFBA016.WT", "_src_id": 272 }, "geometry": { "type": "Point", "coordinates": [ 74.922363847077804, 39.109168105245601 ] } },
{ "type": "Feature", "properties": { "ID": 225, "FEATUREID": "OFBA016C1AJ430010020000274", "CHFCAC": "000274", "GZBBGA": "202001", "GZBBAC": "358", "GZBBAD": "31", "GZBBAB": "88.000000", "point_type": 1, "symbol_no": 1245, "height": 5.0, "width": 5.0, "spacing": null, "angle": 2.6685342788696289, "_src_file": "LDZOFBA016.WT", "_src_id": 273 }, "geometry": { "type": "Point", "coordinates": [ 74.634476623639699, 39.152451934334245 ] } },
{ "type": "Feature", "properties": { "ID": 229, "FEATUREID": "OFBA016C1AJ430010020000275", "CHFCAC": "000275", "GZBBGA": "202001", "GZBBAC": "325", "GZBBAD": "51", "GZBBAB": "55.000000", "point_type": 1, "symbol_no": 1245, "height": 5.0, "width": 5.0, "spacing": null, "angle": 35.528186798095703, "_src_file": "LDZOFBA016.WT", "_src_id": 274 }, "geometry": { "type": "Point", "coordinates": [ 74.557259825623589, 39.180368004263556 ] } },
{ "type": "Feature", "properties": { "ID": 271, "FEATUREID": "OFBA016C1AJ430010020000276", "CHFCAC": "000276", "GZBBGA": "202001", "GZBBAC": "192", "GZBBAD": "41", "GZBBAB": "102.000000", "point_type": 1, "symbol_no": 1245, "height": 5.0, "width": 5.0, "spacing": null, "angle": 168.13560485839844, "_src_file": "LDZOFBA016.WT", "_src_id": 275 }, "geometry": { "type": "Point", "coordinates": [ 74.948439882303603, 39.032762315150038 ] } },
{ "type": "Feature", "properties": { "ID": 277, "FEATUREID": "OFBA016C1AJ430010020000277", "CHFCAC": "000277", "GZBBGA": "202005", "GZBBAC": "32", "GZBBAD": "50", "GZBBAB": "122.000000", "point_type": 1, "symbol_no": 1249, "height": 5.0, "width": 5.0, "spacing": null, "angle": 328.4613037109375, "_src_file": "LDZOFBA016.WT", "_src_id": 276 }, "geometry": { "type": "Point", "coordinates": [ 74.857568706486148, 39.135519080116467 ] } },
{ "type": "Feature", "properties": { "ID": 266, "FEATUREID": "OFBA016C1AJ430010020000278", "CHFCAC": "000278", "GZBBGA": "202001", "GZBBAC": "17", "GZBBAD": "55", "GZBBAB": "107.000000", "point_type": 1, "symbol_no": 1245, "height": 5.0, "width": 5.0, "spacing": null, "angle": 343.3697509765625, "_src_file": "LDZOFBA016.WT", "_src_id": 277 }, "geometry": { "type": "Point", "coordinates": [ 74.858831945285914, 39.315346847604083 ] } },
{ "type": "Feature", "properties": { "ID": 272, "FEATUREID": "OFBA016C1AJ430010020000279", "CHFCAC": "000279", "GZBBGA": "202005", "GZBBAC": "55", "GZBBAD": "62", "GZBBAB": "145.000000", "point_type": 1, "symbol_no": 1249, "height": 5.0, "width": 5.0, "spacing": null, "angle": 305.46890258789062, "_src_file": "LDZOFBA016.WT", "_src_id": 278 }, "geometry": { "type": "Point", "coordinates": [ 74.925541821795676, 39.090749652543302 ] } },
{ "type": "Feature", "properties": { "ID": 275, "FEATUREID": "OFBA016C1AJ430010020000280", "CHFCAC": "000280", "GZBBGA": "202001", "GZBBAC": "20", "GZBBAD": "62", "GZBBAB": "110.000000", "point_type": 1, "symbol_no": 1245, "height": 5.0, "width": 5.0, "spacing": null, "angle": 339.56668090820312, "_src_file": "LDZOFBA016.WT", "_src_id": 279 }, "geometry": { "type": "Point", "coordinates": [ 74.964610180475248, 39.06791923161893 ] } },
{ "type": "Feature", "properties": { "ID": 276, "FEATUREID": "OFBA016C1AJ430010020000281", "CHFCAC": "000281", "GZBBGA": "202001", "GZBBAC": "210", "GZBBAD": "58", "GZBBAB": "120.000000", "point_type": 1, "symbol_no": 1245, "height": 5.0, "width": 5.0, "spacing": null, "angle": 150.48452758789062, "_src_file": "LDZOFBA016.WT", "_src_id": 280 }, "geometry": { "type": "Point", "coordinates": [ 74.950649310758763, 39.011167750362411 ] } },
{ "type": "Feature", "properties": { "ID": 277, "FEATUREID": "OFBA016C1AJ430010020000282", "CHFCAC": "000282", "GZBBGA": "202005", "GZBBAC": "12", "GZBBAD": "43", "GZBBAB": "102.000000", "point_type": 1, "symbol_no": 1249, "height": 5.0, "width": 5.0, "spacing": null, "angle": 347.71292114257812, "_src_file": "LDZOFBA016.WT", "_src_id": 281 }, "geometry": { "type": "Point", "coordinates": [ 74.955917110891065, 39.004176392205423 ] } },
{ "type": "Feature", "properties": { "ID": 279, "FEATUREID": "OFBA016C1AJ430010020000283", "CHFCAC": "000283", "GZBBGA": "202005", "GZBBAC": "44", "GZBBAD": "65", "GZBBAB": "134.000000", "point_type": 1, "symbol_no": 1249, "height": 5.0, "width": 5.0, "spacing": null, "angle": 315.97396850585938, "_src_file": "LDZOFBA016.WT", "_src_id": 282 }, "geometry": { "type": "Point", "coordinates": [ 74.896921573051316, 39.111217983798177 ] } },
{ "type": "Feature", "properties": { "ID": 281, "FEATUREID": "OFBA016C1AJ430010020000284", "CHFCAC": "000284", "GZBBGA": "202001", "GZBBAC": "25", "GZBBAD": "40", "GZBBAB": "115.000000", "point_type": 1, "symbol_no": 1245, "height": 5.0, "width": 5.0, "spacing": null, "angle": 334.83053588867188, "_src_file": "LDZOFBA016.WT", "_src_id": 283 }, "geometry": { "type": "Point", "coordinates": [ 74.891707426322029, 39.106298855344569 ] } },
{ "type": "Feature", "properties": { "ID": 275, "FEATUREID": "OFBA016C1AJ430010020000285", "CHFCAC": "000285", "GZBBGA": "202001", "GZBBAC": "45", "GZBBAD": "53", "GZBBAB": "135.000000", "point_type": 1, "symbol_no": 1245, "height": 5.0, "width": 5.0, "spacing": null, "angle": 315.28045654296875, "_src_file": "LDZOFBA016.WT", "_src_id": 284 }, "geometry": { "type": "Point", "coordinates": [ 74.985725801202165, 39.309768672059974 ] } },
{ "type": "Feature", "properties": { "ID": 280, "FEATUREID": "OFBA016C1AJ430010020000286", "CHFCAC": "000286", "GZBBGA": "202001", "GZBBAC": "55", "GZBBAD": "65", "GZBBAB": "145.000000", "point_type": 1, "symbol_no": 1245, "height": 5.0, "width": 5.0, "spacing": null, "angle": 304.64935302734375, "_src_file": "LDZOFBA016.WT", "_src_id": 285 }, "geometry": { "type": "Point", "coordinates": [ 74.981473132398094, 39.248573412279363 ] } },
{ "type": "Feature", "properties": { "ID": 330, "FEATUREID": "OFBA016C1AJ430010020000287", "CHFCAC": "000287", "GZBBGA": "202005", "GZBBAC": "328", "GZBBAD": "47", "GZBBAB": "58.000000", "point_type": 1, "symbol_no": 1249, "height": 5.0, "width": 5.0, "spacing": null, "angle": 32.2088623046875, "_src_file": "LDZOFBA016.WT", "_src_id": 286 }, "geometry": { "type": "Point", "coordinates": [ 74.584297693377763, 39.032632497196026 ] } },
{ "type": "Feature", "properties": { "ID": 342, "FEATUREID": "OFBA016C1AJ430010020000288", "CHFCAC": "000288", "GZBBGA": "202001", "GZBBAC": "157", "GZBBAD": "43", "GZBBAB": "67.000000", "point_type": 1, "symbol_no": 1245, "height": 5.0, "width": 5.0, "spacing": null, "angle": 203.56680297851562, "_src_file": "LDZOFBA016.WT", "_src_id": 287 }, "geometry": { "type": "Point", "coordinates": [ 74.525165487256942, 39.177153356364904 ] } },
{ "type": "Feature", "properties": { "ID": 358, "FEATUREID": "OFBA016C1AJ430010020000289", "CHFCAC": "000289", "GZBBGA": "202005", "GZBBAC": "39", "GZBBAD": "10", "GZBBAB": "129.000000", "point_type": 1, "symbol_no": 1249, "height": 5.0, "width": 5.0, "spacing": null, "angle": 321.111572265625, "_src_file": "LDZOFBA016.WT", "_src_id": 288 }, "geometry": { "type": "Point", "coordinates": [ 74.790043519002793, 39.247018976873107 ] } },
{ "type": "Feature", "properties": { "ID": 87, "FEATUREID": "OFBA016C1AJ430010020000290", "CHFCAC": "000290", "GZBBGA": "202001", "GZBBAC": "105", "GZBBAD": "30", "GZBBAB": "15.000000", "point_type": 1, "symbol_no": 1245, "height": 5.0, "width": 5.0, "spacing": null, "angle": 255.76176452636719, "_src_file": "LDZOFBA016.WT", "_src_id": 289 }, "geometry": { "type": "Point", "coordinates": [ 73.97603961742341, 39.93928856100942 ] } },
{ "type": "Feature", "properties": { "ID": 91, "FEATUREID": "OFBA016C1AJ430010020000291", "CHFCAC": "000291", "GZBBGA": "202001", "GZBBAC": "298", "GZBBAD": "70", "GZBBAB": "28.000000", "point_type": 1, "symbol_no": 1245, "height": 5.0, "width": 5.0, "spacing": null, "angle": 62.438125610351562, "_src_file": "LDZOFBA016.WT", "_src_id": 290 }, "geometry": { "type": "Point", "coordinates": [ 73.965387054800303, 39.945318160351519 ] } },
{ "type": "Feature", "properties": { "ID": 102, "FEATUREID": "OFBA016C1AJ430010020000292", "CHFCAC": "000292", "GZBBGA": "202001", "GZBBAC": "93", "GZBBAD": "42", "GZBBAB": "3.000000", "point_type": 1, "symbol_no": 1245, "height": 5.0, "width": 5.0, "spacing": null, "angle": 267.66171264648438, "_src_file": "LDZOFBA016.WT", "_src_id": 291 }, "geometry": { "type": "Point", "coordinates": [ 73.937503803464963, 39.860453470070048 ] } },
{ "type": "Feature", "properties": { "ID": 106, "FEATUREID": "OFBA016C1AJ430010020000293", "CHFCAC": "000293", "GZBBGA": "202001", "GZBBAC": "333", "GZBBAD": "38", "GZBBAB": "63.000000", "point_type": 1, "symbol_no": 1245, "height": 5.0, "width": 5.0, "spacing": null, "angle": 27.080835342407227, "_src_file": "LDZOFBA016.WT", "_src_id": 292 }, "geometry": { "type": "Point", "coordinates": [ 73.954391660929289, 39.862211782657909 ] } },
{ "type": "Feature", "properties": { "ID": 111, "FEATUREID": "OFBA016C1AJ430010020000294", "CHFCAC": "000294", "GZBBGA": "202001", "GZBBAC": "333", "GZBBAD": "30", "GZBBAB": "63.000000", "point_type": 1, "symbol_no": 1245, "height": 5.0, "width": 5.0, "spacing": null, "angle": 27.724676132202148, "_src_file": "LDZOFBA016.WT", "_src_id": 293 }, "geometry": { "type": "Point", "coordinates": [ 73.968295995799451, 39.752241927860943 ] } },
{ "type": "Feature", "properties": { "ID": 118, "FEATUREID": "OFBA016C1AJ430010020000295", "CHFCAC": "000295", "GZBBGA": "202001", "GZBBAC": "117", "GZBBAD": "50", "GZBBAB": "27.000000", "point_type": 1, "symbol_no": 1245, "height": 5.0, "width": 5.0, "spacing": null, "angle": 243.93028259277344, "_src_file": "LDZOFBA016.WT", "_src_id": 294 }, "geometry": { "type": "Point", "coordinates": [ 73.99464964912103, 39.681356819165451 ] } },
{ "type": "Feature", "properties": { "ID": 118, "FEATUREID": "OFBA016C1AJ430010020000296", "CHFCAC": "000296", "GZBBGA": "202001", "GZBBAC": "312", "GZBBAD": "48", "GZBBAB": "42.000000", "point_type": 1, "symbol_no": 1245, "height": 5.0, "width": 5.0, "spacing": null, "angle": 48.366184234619141, "_src_file": "LDZOFBA016.WT", "_src_id": 295 }, "geometry": { "type": "Point", "coordinates": [ 73.977651371913879, 39.701442613841678 ] } },
{ "type": "Feature", "properties": { "ID": 127, "FEATUREID": "OFBA016C1AJ430010020000297", "CHFCAC": "000297", "GZBBGA": "202001", "GZBBAC": "330", "GZBBAD": "18", "GZBBAB": "60.000000", "point_type": 1, "symbol_no": 1245, "height": 5.0, "width": 5.0, "spacing": null, "angle": 30.481889724731445, "_src_file": "LDZOFBA016.WT", "_src_id": 296 }, "geometry": { "type": "Point", "coordinates": [ 73.985001777676601, 39.731559287505227 ] } },
{ "type": "Feature", "properties": { "ID": 132, "FEATUREID": "OFBA016C1AJ430010020000298", "CHFCAC": "000298", "GZBBGA": "202001", "GZBBAC": "288", "GZBBAD": "75", "GZBBAB": "18.000000", "point_type": 1, "symbol_no": 1245, "height": 5.0, "width": 5.0, "spacing": null, "angle": 72.114448547363281, "_src_file": "LDZOFBA016.WT", "_src_id": 297 }, "geometry": { "type": "Point", "coordinates": [ 73.885705598352885, 39.770382397969193 ] } },
{ "type": "Feature", "properties": { "ID": 136, "FEATUREID": "OFBA016C1AJ430010020000299", "CHFCAC": "000299", "GZBBGA": "202001", "GZBBAC": "148", "GZBBAD": "72", "GZBBAB": "58.000000", "point_type": 1, "symbol_no": 1245, "height": 5.0, "width": 5.0, "spacing": null, "angle": 212.88197326660156, "_src_file": "LDZOFBA016.WT", "_src_id": 298 }, "geometry": { "type": "Point", "coordinates": [ 73.916491771784806, 39.86869607574662 ] } },
{ "type": "Feature", "properties": { "ID": 139, "FEATUREID": "OFBA016C1AJ430010020000300", "CHFCAC": "000300", "GZBBGA": "202001", "GZBBAC": "265", "GZBBAD": "12", "GZBBAB": "175.000000", "point_type": 1, "symbol_no": 1245, "height": 5.0, "width": 5.0, "spacing": null, "angle": 95.139457702636719, "_src_file": "LDZOFBA016.WT", "_src_id": 299 }, "geometry": { "type": "Point", "coordinates": [ 73.927147231860175, 39.732097839908761 ] } },
{ "type": "Feature", "properties": { "ID": 140, "FEATUREID": "OFBA016C1AJ430010020000301", "CHFCAC": "000301", "GZBBGA": "202001", "GZBBAC": "103", "GZBBAD": "78", "GZBBAB": "13.000000", "point_type": 1, "symbol_no": 1245, "height": 5.0, "width": 5.0, "spacing": null, "angle": 257.73260498046875, "_src_file": "LDZOFBA016.WT", "_src_id": 300 }, "geometry": { "type": "Point", "coordinates": [ 73.911033409334706, 39.76490410310447 ] } },
{ "type": "Feature", "properties": { "ID": 138, "FEATUREID": "OFBA016C1AJ430010020000302", "CHFCAC": "000302", "GZBBGA": "202001", "GZBBAC": "169", "GZBBAD": "65", "GZBBAB": "79.000000", "point_type": 1, "symbol_no": 1245, "height": 5.0, "width": 5.0, "spacing": null, "angle": 191.83564758300781, "_src_file": "LDZOFBA016.WT", "_src_id": 301 }, "geometry": { "type": "Point", "coordinates": [ 73.934877901460524, 39.950768143380529 ] } },
{ "type": "Feature", "properties": { "ID": 126, "FEATUREID": "OFBA016C1AJ430010020000303", "CHFCAC": "000303", "GZBBGA": "202001", "GZBBAC": "116", "GZBBAD": "80", "GZBBAB": "26.000000", "point_type": 1, "symbol_no": 1245, "height": 5.0, "width": 5.0, "spacing": null, "angle": 244.99664306640625, "_src_file": "LDZOFBA016.WT", "_src_id": 302 }, "geometry": { "type": "Point", "coordinates": [ 73.871211847492361, 39.792265067255116 ] } },
{ "type": "Feature", "properties": { "ID": 85, "FEATUREID": "OFBA016C1AJ430010020000304", "CHFCAC": "000304", "GZBBGA": "202011", "GZBBAC": "0", "GZBBAD": "63", "GZBBAB": "90.000000", "point_type": 1, "symbol_no": 1255, "height": 5.0, "width": 5.0, "spacing": null, "angle": 0.52909457683563232, "_src_file": "LDZOFBA016.WT", "_src_id": 303 }, "geometry": { "type": "Point", "coordinates": [ 73.921989566206719, 39.100134473394604 ] } },
{ "type": "Feature", "properties": { "ID": 141, "FEATUREID": "OFBA016C1AJ430010020000305", "CHFCAC": "000305", "GZBBGA": "202001", "GZBBAC": "332", "GZBBAD": "38", "GZBBAB": "62.000000", "point_type": 1, "symbol_no": 1245, "height": 5.0, "width": 5.0, "spacing": null, "angle": 28.695869445800781, "_src_file": "LDZOFBA016.WT", "_src_id": 304 }, "geometry": { "type": "Point", "coordinates": [ 73.732775399350203, 39.393510755492002 ] } }
]
}
