{
"type": "FeatureCollection",
"name": "LDZOFBB004.WP",
"crs": { "type": "name", "properties": { "name": "urn:ogc:def:crs:OGC:1.3:CRS84" } },
"xy_coordinate_resolution": 1e-15,
"features": [
{ "type": "Feature", "properties": { "ID": 29, "周长": 0.70401666884944514, "面积": 0.0080031809179508563, "FEATUREID": "OFBB004C1AJ430010020000001", "CHFCAC": "000001", "YSX": "1300", "QDIAA": "410301>410206", "GCJFLP": "灰色含钙铝榴石黑云母白云母石英片岩、薄层大理岩", "QDUECD": "阿克苏岩群", "QDUECC": "→ChA.", "GZEKG": "222100       ", "MDLHL": 0.0, "KWBED": "", "YSC": "3607", "YSD": "3207", "YSADAB": "", "QDIAB": "111000-251100", "YSWA": "05", "YSVA": "003", "QDIBE": "南天山变质地带", "YSVAD": "", "DDCDS": "1220", "QDIMD": "", "fill_color": -16896, "pattern": 751, "pattern_color": 18688, "_src_file": "LDZOFBB004.WP", "_src_id": 0 }, "geometry": { "type": "MultiPolygon", "coordinates": [ [ [ [ 74.743050474421494, 39.989165841886525 ], [ 74.7405973916308, 39.989078969922957 ], [ 74.737935385304766, 39.988873711775746 ], [ 74.735377734119467, 39.988708482581103 ], [ 74.732977627857707, 39.988543559993929 ], [ 74.73016218319178, 39.988218205406874 ], [ 74.727553437665378, 39.987972976574675 ], [ 74.725465437928747, 39.987808633978212 ], [ 74.721759374670498, 39.987439519135329 ], [ 74.720403742668154, 39.987314175258987 ], [ 74.718731252877276, 39.987187309039953 ], [ 74.71393547218905, 39.986582809962677 ], [ 74.7091456156421, 39.985923339249091 ], [ 74.705706100143232, 39.985298443400239 ], [ 74.704643282500939, 39.985105508020645 ], [ 74.698628672593443, 39.983655472778651 ], [ 74.692252829071336, 39.982379809834292 ], [ 74.687815794237252, 39.981639713715609 ], [ 74.686145066411413, 39.981554280361678 ], [ 74.683953450141303, 39.981386486287022 ], [ 74.682385018504561, 39.981341738252603 ], [ 74.680768676832685, 39.9812159157661 ], [ 74.678941310752819, 39.981129944829057 ], [ 74.676489178621352, 39.981123090871115 ], [ 74.673885678213452, 39.981115707484754 ], [ 74.671177012356694, 39.981146648302584 ], [ 74.668465689951361, 39.981214657511281 ], [ 74.660961632042344, 39.981340420283431 ], [ 74.659241010845022, 39.981332086006098 ], [ 74.65699929116353, 39.981321190227348 ], [ 74.654707145127105, 39.981350453303399 ], [ 74.653038993656722, 39.981382616717696 ], [ 74.651522591460335, 39.981293735157145 ], [ 74.650475011327345, 39.981166830484717 ], [ 74.649274408749378, 39.981079563295104 ], [ 74.648128744273123, 39.981074809995995 ], [ 74.646521179119588, 39.981069894055487 ], [ 74.645067507586219, 39.981267800484979 ], [ 74.644237977785366, 39.981508084268611 ], [ 74.640551761829002, 39.982184714158159 ], [ 74.638530197027364, 39.98250217944512 ], [ 74.636091307494453, 39.982656405515947 ], [ 74.634223706483198, 39.982852865717199 ], [ 74.632512955216029, 39.982968843759281 ], [ 74.630438189975919, 39.983083635170289 ], [ 74.628363710312428, 39.983117441843277 ], [ 74.62581754606822, 39.98302825197333 ], [ 74.623611904074821, 39.982858133074735 ], [ 74.622137196522587, 39.982771437634653 ], [ 74.620767010653452, 39.982604185494282 ], [ 74.6178555587543, 39.98212730022486 ], [ 74.61240195706894, 39.98101288523425 ], [ 74.603804415605666, 39.978670739363658 ], [ 74.597666772472351, 39.976798994681722 ], [ 74.589063022046702, 39.973769273911735 ], [ 74.588201843785356, 39.973281233317195 ], [ 74.587457918399011, 39.972884571456213 ], [ 74.586125186269811, 39.972243436916266 ], [ 74.584361756621703, 39.971510017554309 ], [ 74.580914403322055, 39.970073671682584 ], [ 74.574635664220878, 39.967839511721472 ], [ 74.5729908245915, 39.967233262433076 ], [ 74.570715260217838, 39.966474993826417 ], [ 74.567769683807015, 39.965685243305593 ], [ 74.56278199089887, 39.964348570780508 ], [ 74.558892291947544, 39.962919114831131 ], [ 74.557826714883049, 39.962610589869278 ], [ 74.556325984202985, 39.962208935580811 ], [ 74.55384566827415, 39.961621707170202 ], [ 74.549053851923588, 39.960601639555826 ], [ 74.546579328775181, 39.95983338933938 ], [ 74.543321130678621, 39.958634031699397 ], [ 74.541907065542219, 39.958111049542566 ], [ 74.540887583558813, 39.957620735009741 ], [ 74.537863553442406, 39.955998741341617 ], [ 74.534804498069448, 39.954225178735243 ], [ 74.532253871719021, 39.952515242077574 ], [ 74.530769736990322, 39.951326957701539 ], [ 74.529327705792483, 39.949685464191042 ], [ 74.527423221173947, 39.9472871313071 ], [ 74.523784105886563, 39.943340563465554 ], [ 74.521115528815699, 39.939641179432464 ], [ 74.520223572151039, 39.938337706326529 ], [ 74.520623044858127, 39.936136132971264 ], [ 74.520820818187516, 39.935624054228072 ], [ 74.520977789970374, 39.935081552090686 ], [ 74.521215112192081, 39.934418752448209 ], [ 74.522751229926513, 39.930199896550754 ], [ 74.523195508109964, 39.928989938619829 ], [ 74.5235613070721, 39.927749208500217 ], [ 74.523929978802514, 39.926356916428496 ], [ 74.525238057642568, 39.921332434519869 ], [ 74.525719906688579, 39.920062069825697 ], [ 74.526357782134781, 39.91876230709272 ], [ 74.527688273390368, 39.915253475730616 ], [ 74.528365155554667, 39.913923420716564 ], [ 74.529045177803241, 39.912502435666553 ], [ 74.530525225461346, 39.908008505087231 ], [ 74.530885439816359, 39.90686229551315 ], [ 74.531324942175289, 39.905656113927442 ], [ 74.531643629413864, 39.904690981714737 ], [ 74.533567565586026, 39.899899236453287 ], [ 74.534537147489957, 39.897246830533867 ], [ 74.537072157858958, 39.891278682602653 ], [ 74.5377698399368, 39.889124165457581 ], [ 74.536749284740552, 39.888551141616944 ], [ 74.536344592731453, 39.888232685543329 ], [ 74.528225093399485, 39.896976034932621 ], [ 74.523897645109741, 39.901096177758447 ], [ 74.521739104612564, 39.902742413501471 ], [ 74.513912123324957, 39.907882134737903 ], [ 74.506100321892276, 39.910745583998462 ], [ 74.501433301648007, 39.911476937917023 ], [ 74.501432301648009, 39.911476937917023 ], [ 74.494533002073268, 39.912557731911107 ], [ 74.493864552585947, 39.912616540967811 ], [ 74.493066519223447, 39.912686745411449 ], [ 74.49306551922345, 39.912686745411449 ], [ 74.493832965445407, 39.913402252695043 ], [ 74.496923807144157, 39.916292175075029 ], [ 74.497975890556404, 39.919400100434387 ], [ 74.494921882037815, 39.932627836604041 ], [ 74.494243251480725, 39.93721540465971 ], [ 74.493965851203171, 39.938913438390628 ], [ 74.493853697387067, 39.939889713822801 ], [ 74.493797782841654, 39.940865901449222 ], [ 74.493853863611321, 39.942563381262346 ], [ 74.493908294078793, 39.943751589207864 ], [ 74.493852405548651, 39.944685337483065 ], [ 74.493796692490918, 39.945364451096758 ], [ 74.49351986862915, 39.946213669059034 ], [ 74.492081209872197, 39.949317699622448 ], [ 74.491581403951855, 39.950085441048209 ], [ 74.487490146284131, 39.956099642629397 ], [ 74.483798208744957, 39.963433580822347 ], [ 74.483469393454641, 39.964456575051855 ], [ 74.483196887928415, 39.965628706961027 ], [ 74.483141205604497, 39.965863047831469 ], [ 74.483285867343326, 39.968808382869391 ], [ 74.483749996735781, 39.973626018830636 ], [ 74.48386330262619, 39.976034971122353 ], [ 74.483463114842479, 39.981715335686729 ], [ 74.484018149467374, 39.982052437194902 ], [ 74.486885634759801, 39.983800310775045 ], [ 74.489695100646458, 39.986219746331358 ], [ 74.492195858225926, 39.98823886495147 ], [ 74.493873499143945, 39.989497525422252 ], [ 74.49459323176012, 39.990152520286586 ], [ 74.495444831043358, 39.991276358111477 ], [ 74.495853417788382, 39.991903728486889 ], [ 74.496225113525014, 39.992871363257898 ], [ 74.496273023564115, 39.993108676931207 ], [ 74.498137243558929, 39.992878693035905 ], [ 74.499339722992559, 39.992797167920443 ], [ 74.499907016153912, 39.99275635468215 ], [ 74.50681938572697, 39.992929391736531 ], [ 74.516371918785978, 39.993609777938779 ], [ 74.527203621965342, 39.993817049680139 ], [ 74.529735154080271, 39.993891242278139 ], [ 74.535497160583006, 39.994194879204976 ], [ 74.543449156364687, 39.995297764158849 ], [ 74.552194350084591, 39.997168355887226 ], [ 74.561268162558704, 40.000000003631207 ], [ 74.566666666661121, 39.999999999996767 ], [ 74.572222222216666, 39.99999999999676 ], [ 74.577777777772212, 39.99999999999676 ], [ 74.583333333327772, 39.99999999999676 ], [ 74.588888888883332, 39.999999999996767 ], [ 74.594444444438892, 39.999999999996781 ], [ 74.599999999994438, 39.999999999996774 ], [ 74.605555555549998, 39.999999999996774 ], [ 74.611111111105558, 39.999999999996774 ], [ 74.616666666661118, 39.999999999996781 ], [ 74.622222222216664, 39.999999999996781 ], [ 74.627777777772209, 39.999999999996788 ], [ 74.633333333327769, 39.999999999996795 ], [ 74.638888888883329, 39.999999999996795 ], [ 74.644444444438889, 39.999999999996803 ], [ 74.649999999994435, 39.99999999999681 ], [ 74.655555555549995, 39.99999999999681 ], [ 74.661111111105555, 39.99999999999681 ], [ 74.666666666661115, 39.99999999999681 ], [ 74.672222222216661, 39.999999999996817 ], [ 74.677777777772206, 39.999999999996817 ], [ 74.683333333327766, 39.999999999996817 ], [ 74.688888888883326, 39.999999999996824 ], [ 74.694444444438886, 39.999999999996824 ], [ 74.699999999994432, 39.999999999996817 ], [ 74.705555555549992, 39.999999999996824 ], [ 74.711111111105552, 39.999999999996824 ], [ 74.716666666661112, 39.999999999996831 ], [ 74.722222222216658, 39.999999999996831 ], [ 74.727777777772204, 39.999999999996831 ], [ 74.733333333327764, 39.999999999996831 ], [ 74.738888888883324, 39.999999999996838 ], [ 74.744444444438884, 39.999999999996845 ], [ 74.749999999994429, 39.999999999996845 ], [ 74.75163693966303, 40.000000027669635 ], [ 74.750064664259369, 39.997673357548074 ], [ 74.749519900412139, 39.996949562257385 ], [ 74.747981049109242, 39.994635917380798 ], [ 74.746991934873421, 39.992618330553739 ], [ 74.746662272074829, 39.99179901098185 ], [ 74.746552424578496, 39.991316209154448 ], [ 74.746415106088676, 39.990770372336733 ], [ 74.746305263417881, 39.990266599632399 ], [ 74.746195406040272, 39.989867675107838 ], [ 74.746005674057173, 39.989340823106907 ], [ 74.74600667405717, 39.989340823106907 ], [ 74.744460712105422, 39.98929186282971 ], [ 74.743050474421494, 39.989165841886525 ] ] ], [ [ [ 74.561268162560864, 40.000000003631882 ], [ 74.561268162558704, 40.000000003631207 ], [ 74.561267162560867, 40.000000003631882 ], [ 74.561268162560864, 40.000000003631882 ] ] ] ] } },
{ "type": "Feature", "properties": { "ID": 33, "周长": 0.045516436723880505, "面积": 3.8232896461005359e-05, "FEATUREID": "OFBB004C1AJ430010020000002", "CHFCAC": "000002", "YSX": "1300", "QDIAA": "410301>410206", "GCJFLP": "灰色含钙铝榴石黑云母白云母石英片岩、薄层大理岩", "QDUECD": "阿克苏岩群", "QDUECC": "→ChA.", "GZEKG": "222100       ", "MDLHL": 0.0, "KWBED": "", "YSC": "3607", "YSD": "3207", "YSADAB": "", "QDIAB": "111000-251100", "YSWA": "05", "YSVA": "003", "QDIBE": "南天山变质地带", "YSVAD": "", "DDCDS": "1220", "QDIMD": "", "fill_color": -1536, "pattern": 751, "pattern_color": 18688, "_src_file": "LDZOFBB004.WP", "_src_id": 1 }, "geometry": { "type": "MultiPolygon", "coordinates": [ [ [ [ 74.786211539276422, 39.996729689800127 ], [ 74.784643232443372, 39.996389701835014 ], [ 74.784642232443375, 39.996389701835014 ], [ 74.783493121832848, 39.997543589159356 ], [ 74.782078780809258, 39.998988717096609 ], [ 74.780984369879221, 39.999994976325546 ], [ 74.780979548909301, 40.000000032508844 ], [ 74.783333333327761, 39.999999999996859 ], [ 74.788888888883321, 39.999999999996845 ], [ 74.794444444438867, 39.999999999996852 ], [ 74.799999999994427, 39.999999999996859 ], [ 74.802817673080071, 40.000000033265309 ], [ 74.791513444962604, 39.997871816823995 ], [ 74.786211539276422, 39.996729689800127 ] ] ], [ [ [ 74.802818673142781, 40.000000033277118 ], [ 74.802817673080071, 40.000000033265309 ], [ 74.802817673142783, 40.000000033277118 ], [ 74.802818673142781, 40.000000033277118 ] ] ] ] } },
{ "type": "Feature", "properties": { "ID": 41, "周长": 0.87673630908183797, "面积": 0.018539577958286702, "FEATUREID": "OFBB004C1AJ430010020000003", "CHFCAC": "000003", "YSX": "1300", "QDIAA": "410301>410206", "GCJFLP": "灰色含钙铝榴石黑云母白云母石英片岩、薄层大理岩", "QDUECD": "阿克苏岩群", "QDUECC": "→ChA.", "GZEKG": "222100       ", "MDLHL": 0.0, "KWBED": "", "YSC": "3607", "YSD": "3207", "YSADAB": "", "QDIAB": "111000-251100", "YSWA": "05", "YSVA": "003", "QDIBE": "南天山变质地带", "YSVAD": "", "DDCDS": "1220", "QDIMD": "", "fill_color": 2560, "pattern": 752, "pattern_color": 18688, "_src_file": "LDZOFBB004.WP", "_src_id": 2 }, "geometry": { "type": "MultiPolygon", "coordinates": [ [ [ [ 74.701533445571229, 39.850813538687092 ], [ 74.701533731218859, 39.850814005419053 ], [ 74.701534445571227, 39.850813538687092 ], [ 74.701533445571229, 39.850813538687092 ] ] ], [ [ [ 74.699397824196097, 39.85249377399591 ], [ 74.699103056499666, 39.852941588939537 ], [ 74.698893518690866, 39.853421593601688 ], [ 74.698641567991658, 39.853837462591557 ], [ 74.698307102235503, 39.854285194084888 ], [ 74.697845563335491, 39.854732679913177 ], [ 74.697136166674269, 39.85511561924104 ], [ 74.696465873481799, 39.855402554210784 ], [ 74.695509466948295, 39.855785275611275 ], [ 74.694594109466564, 39.856136206788307 ], [ 74.693387845032959, 39.856518721589921 ], [ 74.691765915492837, 39.856740451042619 ], [ 74.689772432719721, 39.856897530312956 ], [ 74.687985481995852, 39.85708692345289 ], [ 74.686447034099331, 39.857212627640884 ], [ 74.684577428545225, 39.857305758555597 ], [ 74.682043376660985, 39.857365763578542 ], [ 74.679219857275228, 39.857361182210319 ], [ 74.675357113956863, 39.856874306622281 ], [ 74.670707924518894, 39.856183769707165 ], [ 74.6668874048313, 39.855620269151657 ], [ 74.665351237749604, 39.855516677766929 ], [ 74.663939658556131, 39.855413665706536 ], [ 74.663443450596546, 39.855379190940624 ], [ 74.662823838922478, 39.855281920923225 ], [ 74.66282283892248, 39.855281920923225 ], [ 74.662598617354305, 39.855634293359074 ], [ 74.662286849412155, 39.856170934794314 ], [ 74.662103713151865, 39.856807854040078 ], [ 74.661918779859008, 39.857903185126105 ], [ 74.661470419178471, 39.860424226509636 ], [ 74.661468155629834, 39.861026966466767 ], [ 74.661696574742464, 39.862052749041624 ], [ 74.662055093998077, 39.862797879748776 ], [ 74.662747178952756, 39.864067007200802 ], [ 74.662797594029684, 39.864388718836047 ], [ 74.662822348987291, 39.864670122783565 ], [ 74.66274432335149, 39.8648304769562 ], [ 74.662563435913881, 39.864889876060587 ], [ 74.662357191119881, 39.864828603212061 ], [ 74.662048236757528, 39.864626189190432 ], [ 74.661687822754146, 39.864383341668344 ], [ 74.661198818270137, 39.864019319239532 ], [ 74.660658431349205, 39.86359477118426 ], [ 74.660220979175676, 39.86325108736186 ], [ 74.659706638828311, 39.862766384224713 ], [ 74.658499236994331, 39.861293809549004 ], [ 74.657832226180275, 39.860245788212538 ], [ 74.657524838617363, 39.859641535574639 ], [ 74.657165922104554, 39.859016937809479 ], [ 74.656602544701343, 39.857917240299557 ], [ 74.656424210312238, 39.857338361051042 ], [ 74.656349582724744, 39.856640399817934 ], [ 74.656379369650608, 39.855643977092228 ], [ 74.656400297031738, 39.855005458754071 ], [ 74.65639929703174, 39.855005458754071 ], [ 74.650735985815658, 39.856378066114225 ], [ 74.645893151338541, 39.857394099514245 ], [ 74.637959259905102, 39.858893841678928 ], [ 74.631011307849121, 39.860127375471038 ], [ 74.620645694728012, 39.862610506802142 ], [ 74.613115920461397, 39.864355645097035 ], [ 74.610264135950985, 39.864924125252521 ], [ 74.608905681083897, 39.865280756234554 ], [ 74.607597789054267, 39.865709711395766 ], [ 74.603292749032036, 39.86753671431088 ], [ 74.594073133465614, 39.870812839471967 ], [ 74.586539000621258, 39.87339162391315 ], [ 74.579273137736195, 39.876287139290241 ], [ 74.57517332467549, 39.878081718425776 ], [ 74.57435183821535, 39.878440916639221 ], [ 74.573647259563089, 39.878800518551913 ], [ 74.572885951899451, 39.879205164999725 ], [ 74.572181056880268, 39.879791038004186 ], [ 74.571302029813495, 39.880331034900834 ], [ 74.570595109778637, 39.880916898025951 ], [ 74.569773469737697, 39.881638113137896 ], [ 74.568657717312135, 39.882494057029987 ], [ 74.567483733194507, 39.883304528084039 ], [ 74.566251994124968, 39.884160032424447 ], [ 74.565311401673938, 39.884699773273255 ], [ 74.563259241387826, 39.885869117502352 ], [ 74.562321401306903, 39.886273066432722 ], [ 74.560975291080112, 39.886675531257588 ], [ 74.559628700484666, 39.886987470331782 ], [ 74.558691436541423, 39.887119850698134 ], [ 74.557637509004422, 39.887206545089327 ], [ 74.556119478858562, 39.88724623147602 ], [ 74.555880128850433, 39.887600527521826 ], [ 74.555521535130879, 39.887783872578368 ], [ 74.554808070379622, 39.887965015030886 ], [ 74.554006111572747, 39.888053265424091 ], [ 74.553382241559561, 39.888142439370021 ], [ 74.552846997267025, 39.888301391493052 ], [ 74.552488447875319, 39.888692326213025 ], [ 74.552216006109532, 39.889568941332151 ], [ 74.552024362984966, 39.89180924331631 ], [ 74.551902136057905, 39.892386259733392 ], [ 74.551690716571969, 39.892985917186515 ], [ 74.55135873774968, 39.893885321430481 ], [ 74.551027453152585, 39.894898733952793 ], [ 74.550907367051792, 39.895748848701352 ], [ 74.550547967954287, 39.897747363033893 ], [ 74.55036893707711, 39.898321252561793 ], [ 74.550130310307154, 39.899032787997626 ], [ 74.549921694044087, 39.899537543296134 ], [ 74.549713299460819, 39.899904340586914 ], [ 74.549452463402957, 39.900338263716471 ], [ 74.54921462077786, 39.900704529106356 ], [ 74.548937132572618, 39.901131834304216 ], [ 74.548580359418821, 39.901681228234125 ], [ 74.548144592427278, 39.902168954372733 ], [ 74.5477483133715, 39.902687510004661 ], [ 74.547272891226086, 39.903236277104575 ], [ 74.546797511244108, 39.903754414715898 ], [ 74.546243238298985, 39.904149632037139 ], [ 74.545689313719791, 39.904330465847558 ], [ 74.545333414145929, 39.904328589196268 ], [ 74.545017267062292, 39.90420441767391 ], [ 74.54458258988133, 39.904018366983763 ], [ 74.544345940671519, 39.903649608534991 ], [ 74.544267472069507, 39.90328168296228 ], [ 74.544307838465187, 39.902791882631981 ], [ 74.54450643083328, 39.90227229458106 ], [ 74.544744509505037, 39.901783538338812 ], [ 74.544943092690147, 39.901263947151811 ], [ 74.545102029501436, 39.900805399083112 ], [ 74.545340611444018, 39.900010387141798 ], [ 74.545381477598468, 39.89921432950139 ], [ 74.545382549889425, 39.898571193285967 ], [ 74.54538336446555, 39.898081183075448 ], [ 74.545344691758928, 39.897560340818714 ], [ 74.545503972159409, 39.896887410773296 ], [ 74.545861101373887, 39.896123649260609 ], [ 74.546495249516823, 39.895208214474572 ], [ 74.546614318107856, 39.894933208729306 ], [ 74.546575335837289, 39.894596117997651 ], [ 74.546418574748117, 39.894349204617335 ], [ 74.546182290414322, 39.894194074574081 ], [ 74.545470413303406, 39.894221094859589 ], [ 74.544559519112084, 39.894462493220729 ], [ 74.54345162621695, 39.894671506452184 ], [ 74.542818747506843, 39.894821284865124 ], [ 74.542186021370014, 39.894879184124783 ], [ 74.541711556993803, 39.89487666622172 ], [ 74.541237301422655, 39.894751645479928 ], [ 74.540881719237774, 39.894596627095495 ], [ 74.540645801264986, 39.894349397054427 ], [ 74.540333511474628, 39.893701425365151 ], [ 74.539905681148269, 39.892560411648752 ], [ 74.53916924285673, 39.890186688116863 ], [ 74.539130858451628, 39.890001823709547 ], [ 74.539078320657978, 39.889605451803192 ], [ 74.539077320657981, 39.889605451803192 ], [ 74.5377698399368, 39.889124165457581 ], [ 74.537072157858958, 39.891278682602653 ], [ 74.534537147489957, 39.897246830533867 ], [ 74.533567565586026, 39.899899236453287 ], [ 74.531643629413864, 39.904690981714737 ], [ 74.531324942175289, 39.905656113927442 ], [ 74.530885439816359, 39.90686229551315 ], [ 74.530525225461346, 39.908008505087231 ], [ 74.529045177803241, 39.912502435666553 ], [ 74.528365155554667, 39.913923420716564 ], [ 74.527688273390368, 39.915253475730616 ], [ 74.526357782134781, 39.91876230709272 ], [ 74.525719906688579, 39.920062069825697 ], [ 74.525238057642568, 39.921332434519869 ], [ 74.523929978802514, 39.926356916428496 ], [ 74.5235613070721, 39.927749208500217 ], [ 74.523195508109964, 39.928989938619829 ], [ 74.522751229926513, 39.930199896550754 ], [ 74.521215112192081, 39.934418752448209 ], [ 74.520977789970374, 39.935081552090686 ], [ 74.520820818187516, 39.935624054228072 ], [ 74.520623044858127, 39.936136132971264 ], [ 74.520223572151039, 39.938337706326529 ], [ 74.521115528815699, 39.939641179432464 ], [ 74.523784105886563, 39.943340563465554 ], [ 74.527423221173947, 39.9472871313071 ], [ 74.529327705792483, 39.949685464191042 ], [ 74.530769736990322, 39.951326957701539 ], [ 74.532253871719021, 39.952515242077574 ], [ 74.534804498069448, 39.954225178735243 ], [ 74.537863553442406, 39.955998741341617 ], [ 74.540887583558813, 39.957620735009741 ], [ 74.541907065542219, 39.958111049542566 ], [ 74.543321130678621, 39.958634031699397 ], [ 74.546579328775181, 39.95983338933938 ], [ 74.549053851923588, 39.960601639555826 ], [ 74.55384566827415, 39.961621707170202 ], [ 74.556325984202985, 39.962208935580811 ], [ 74.557826714883049, 39.962610589869278 ], [ 74.558892291947544, 39.962919114831131 ], [ 74.56278199089887, 39.964348570780508 ], [ 74.567769683807015, 39.965685243305593 ], [ 74.570715260217838, 39.966474993826417 ], [ 74.5729908245915, 39.967233262433076 ], [ 74.574635664220878, 39.967839511721472 ], [ 74.580914403322055, 39.970073671682584 ], [ 74.584361756621703, 39.971510017554309 ], [ 74.586125186269811, 39.972243436916266 ], [ 74.587457918399011, 39.972884571456213 ], [ 74.588201843785356, 39.973281233317195 ], [ 74.589063022046702, 39.973769273911735 ], [ 74.597666772472351, 39.976798994681722 ], [ 74.603804415605666, 39.978670739363658 ], [ 74.61240195706894, 39.98101288523425 ], [ 74.6178555587543, 39.98212730022486 ], [ 74.620767010653452, 39.982604185494282 ], [ 74.622137196522587, 39.982771437634653 ], [ 74.623611904074821, 39.982858133074735 ], [ 74.62581754606822, 39.98302825197333 ], [ 74.628363710312428, 39.983117441843277 ], [ 74.630438189975919, 39.983083635170289 ], [ 74.632512955216029, 39.982968843759281 ], [ 74.634223706483198, 39.982852865717199 ], [ 74.636091307494453, 39.982656405515947 ], [ 74.638530197027364, 39.98250217944512 ], [ 74.640551761829002, 39.982184714158159 ], [ 74.644237977785366, 39.981508084268611 ], [ 74.645067507586219, 39.981267800484979 ], [ 74.646521179119588, 39.981069894055487 ], [ 74.648128744273123, 39.981074809995995 ], [ 74.649274408749378, 39.981079563295104 ], [ 74.650475011327345, 39.981166830484717 ], [ 74.651522591460335, 39.981293735157145 ], [ 74.653038993656722, 39.981382616717696 ], [ 74.654707145127105, 39.981350453303399 ], [ 74.65699929116353, 39.981321190227348 ], [ 74.659241010845022, 39.981332086006098 ], [ 74.660961632042344, 39.981340420283431 ], [ 74.668465689951361, 39.981214657511281 ], [ 74.671177012356694, 39.981146648302584 ], [ 74.673885678213452, 39.981115707484754 ], [ 74.676489178621352, 39.981123090871115 ], [ 74.678941310752819, 39.981129944829057 ], [ 74.680768676832685, 39.9812159157661 ], [ 74.682385018504561, 39.981341738252603 ], [ 74.683953450141303, 39.981386486287022 ], [ 74.686145066411413, 39.981554280361678 ], [ 74.687815794237252, 39.981639713715609 ], [ 74.692252829071336, 39.982379809834292 ], [ 74.698628672593443, 39.983655472778651 ], [ 74.704643282500939, 39.985105508020645 ], [ 74.705704934247223, 39.985298231752843 ], [ 74.686589238455625, 39.960910741650757 ], [ 74.678173527233, 39.949482989264105 ], [ 74.675450767932944, 39.943284274300268 ], [ 74.673152579686047, 39.936923764131208 ], [ 74.67233937655547, 39.929915713386308 ], [ 74.67259371088636, 39.920955572529209 ], [ 74.673693513638426, 39.912160727427974 ], [ 74.676491576869822, 39.902067210626342 ], [ 74.679692122470655, 39.896210784935143 ], [ 74.683794489606598, 39.890627459414162 ], [ 74.683813370272517, 39.890599738054426 ], [ 74.68417909192253, 39.890062756564156 ], [ 74.68502559343699, 39.888983507389895 ], [ 74.685513219432295, 39.888387537739391 ], [ 74.686006812333204, 39.887794502380153 ], [ 74.686506351447235, 39.887204432702603 ], [ 74.687011807306675, 39.886617362324429 ], [ 74.687523147524715, 39.886033324855056 ], [ 74.688040345543115, 39.885452358422434 ], [ 74.688563363147281, 39.884874494368127 ], [ 74.689092173786349, 39.884299770819432 ], [ 74.68962674509838, 39.883728219133054 ], [ 74.690167044704836, 39.883159875168573 ], [ 74.690713037308456, 39.882594774777488 ], [ 74.691264693491149, 39.882032947072162 ], [ 74.691821980865512, 39.881474432414535 ], [ 74.696760850868898, 39.877596036536104 ], [ 74.705836378732812, 39.871866588659366 ], [ 74.734846033708749, 39.859210597898389 ], [ 74.771991278139183, 39.845343297942122 ], [ 74.789876141028145, 39.839624234154606 ], [ 74.800518813641602, 39.834936140486512 ], [ 74.809804767149828, 39.829721855946914 ], [ 74.814558370841155, 39.827687655860124 ], [ 74.814557370841158, 39.827687655860124 ], [ 74.814400297617595, 39.827256465801277 ], [ 74.813593722697846, 39.825768578563029 ], [ 74.813313327470638, 39.82519003544833 ], [ 74.813032676561335, 39.824721559526132 ], [ 74.8127475317294, 39.824307160769337 ], [ 74.812462442852947, 39.82389277038132 ], [ 74.812034781382522, 39.823284940527238 ], [ 74.811571945298184, 39.822684157898877 ], [ 74.811144719346885, 39.822138288777907 ], [ 74.810752408637214, 39.821837167481085 ], [ 74.810073128511036, 39.821507249988237 ], [ 74.809287771385016, 39.821122376172255 ], [ 74.808681210936712, 39.820738512481029 ], [ 74.808145269747399, 39.820327882447771 ], [ 74.807827261749594, 39.819809782509154 ], [ 74.807864829729652, 39.819293719828728 ], [ 74.807899793199823, 39.819049101951336 ], [ 74.80804676844231, 39.81869612542193 ], [ 74.808083072219688, 39.818397044574105 ], [ 74.808121649610683, 39.818043554736228 ], [ 74.808121024057186, 39.817616510149335 ], [ 74.80701250051932, 39.8174396473961 ], [ 74.804930710260606, 39.817137176676951 ], [ 74.799776683795145, 39.816937262972822 ], [ 74.793117293954197, 39.816898678504934 ], [ 74.789753402937833, 39.81692771515236 ], [ 74.788133448736943, 39.817043145306329 ], [ 74.785149182288691, 39.817348137491223 ], [ 74.783212492117968, 39.817657054755351 ], [ 74.780674277526728, 39.818327708725569 ], [ 74.778897373671597, 39.818733742722152 ], [ 74.774839574244524, 39.819421992515252 ], [ 74.769035973580955, 39.820710675291906 ], [ 74.765645887514864, 39.821548027023773 ], [ 74.761733577320626, 39.822990130499633 ], [ 74.759995130350362, 39.823595364651496 ], [ 74.75951961000024, 39.823839979379983 ], [ 74.760269147567186, 39.824785817020974 ], [ 74.760699359840018, 39.825444446568824 ], [ 74.760881356650387, 39.825980379195997 ], [ 74.760846309492976, 39.826393752405004 ], [ 74.760559390029172, 39.827073611280582 ], [ 74.76030158054121, 39.827972517616715 ], [ 74.760077448414449, 39.828603996894692 ], [ 74.759727484079718, 39.829356554703743 ], [ 74.759440997007886, 39.829987761593777 ], [ 74.759153820531594, 39.830691942008436 ], [ 74.758867322607671, 39.831323147304005 ], [ 74.758614054316453, 39.831735572600643 ], [ 74.758268408552468, 39.832025972286786 ], [ 74.757799445347146, 39.832169885182246 ], [ 74.757143444349126, 39.832312986021186 ], [ 74.756363438907059, 39.832382565648572 ], [ 74.755647157902601, 39.832306469188211 ], [ 74.755057408725577, 39.832036322558245 ], [ 74.754657233197818, 39.831499429372549 ], [ 74.754444555422268, 39.830914700806488 ], [ 74.754325397876656, 39.830330383760902 ], [ 74.754657381525803, 39.828191244809673 ], [ 74.755265733233813, 39.826491156790404 ], [ 74.755449531927894, 39.825371975725567 ], [ 74.752663760454496, 39.825727907724755 ], [ 74.749159008063259, 39.826255256502542 ], [ 74.748683482750948, 39.827349050690856 ], [ 74.747983119625928, 39.828683390438485 ], [ 74.74693231426393, 39.830442526884632 ], [ 74.74596490046244, 39.831471434814908 ], [ 74.744383855225124, 39.832769192967419 ], [ 74.74111188316968, 39.835912140387506 ], [ 74.740170965678217, 39.836515945826278 ], [ 74.738442249122514, 39.837633014451292 ], [ 74.735415925438573, 39.839686383052019 ], [ 74.733569304862272, 39.841075979173567 ], [ 74.73199377251899, 39.841974857518807 ], [ 74.729239682724241, 39.843291429458731 ], [ 74.727037160120901, 39.844097739484738 ], [ 74.72373175383143, 39.844930755990575 ], [ 74.720307692998375, 39.846004192638269 ], [ 74.716895780314175, 39.847198333265425 ], [ 74.714073341501575, 39.848002834637647 ], [ 74.712857407068867, 39.84824004875059 ], [ 74.711996494692926, 39.848297661919425 ], [ 74.711134663293564, 39.848325158709358 ], [ 74.710115236846349, 39.84832205991092 ], [ 74.709371628391708, 39.848350687808427 ], [ 74.708824841063617, 39.848349669919912 ], [ 74.708073842945637, 39.848284205203065 ], [ 74.707831823848437, 39.848530615210812 ], [ 74.707201699206635, 39.84906008724068 ], [ 74.706634249038018, 39.849613792526441 ], [ 74.706413153498772, 39.849926943600821 ], [ 74.706411714990665, 39.850264627251327 ], [ 74.7065361630018, 39.850530185348305 ], [ 74.706880351424687, 39.850820370206286 ], [ 74.70735109746505, 39.851063396901246 ], [ 74.707915929198663, 39.851379181467394 ], [ 74.707915109497193, 39.851669077188014 ], [ 74.707693946996898, 39.852079085913843 ], [ 74.707441827667623, 39.852319892218055 ], [ 74.707001475657023, 39.852439329519918 ], [ 74.706246961376621, 39.852509484879576 ], [ 74.705429381642048, 39.852651912483111 ], [ 74.704957454635448, 39.852819562353517 ], [ 74.70470532305535, 39.853060362634594 ], [ 74.704483788421427, 39.85359115373744 ], [ 74.704230193515883, 39.854339266712103 ], [ 74.70387731214457, 39.855704046766448 ], [ 74.703694452017416, 39.856161934700118 ], [ 74.703511878070927, 39.856520157681317 ], [ 74.703304003178758, 39.856659042858809 ], [ 74.703174333195065, 39.856658639081616 ], [ 74.702915225977421, 39.856578103907552 ], [ 74.70270821614568, 39.856417998666437 ], [ 74.70237200189834, 39.856098027246169 ], [ 74.702217211378368, 39.855818488168261 ], [ 74.70211440493091, 39.855499243244097 ], [ 74.70170372276813, 39.854262850526595 ], [ 74.701705359646724, 39.85388471838894 ], [ 74.70170691033708, 39.853526489815927 ], [ 74.701734366943512, 39.853168309819374 ], [ 74.701866473827735, 39.852571510248019 ], [ 74.701868195812182, 39.852173476651465 ], [ 74.701869401170228, 39.851894855594225 ], [ 74.701845306813141, 39.851476869795995 ], [ 74.701768802485731, 39.8511980984876 ], [ 74.701533731218859, 39.850814005419053 ], [ 74.699941549674051, 39.851854279164954 ], [ 74.699650343685292, 39.85217398758185 ], [ 74.699397824196097, 39.85249377399591 ] ] ], [ [ [ 74.705704934247223, 39.985298231752843 ], [ 74.705705100143234, 39.985298443400239 ], [ 74.705706100143232, 39.985298443400239 ], [ 74.705704934247223, 39.985298231752843 ] ] ] ] } },
{ "type": "Feature", "properties": { "ID": 85, "周长": 0.2341347045054929, "面积": 0.0023694818817532499, "FEATUREID": "OFBB004C1AJ430010020000004", "CHFCAC": "000004", "YSX": "1300", "QDIAA": "410301>410206", "GCJFLP": "灰色含钙铝榴石黑云母白云母石英片岩、薄层大理岩", "QDUECD": "阿克苏岩群", "QDUECC": "→ChA.", "GZEKG": "222100       ", "MDLHL": 0.0, "KWBED": "", "YSC": "3607", "YSD": "3207", "YSADAB": "", "QDIAB": "111000-251100", "YSWA": "05", "YSVA": "003", "QDIBE": "南天山变质地带", "YSVAD": "", "DDCDS": "1220", "QDIMD": "", "fill_color": 18944, "pattern": 752, "pattern_color": 18688, "_src_file": "LDZOFBB004.WP", "_src_id": 3 }, "geometry": { "type": "MultiPolygon", "coordinates": [ [ [ [ 74.532342906549488, 39.867990413597404 ], [ 74.532363503298811, 39.866998020650783 ], [ 74.53241870893865, 39.86639250442532 ], [ 74.532550633711551, 39.865111237998562 ], [ 74.532552574900905, 39.864696890845174 ], [ 74.532524951344257, 39.864236378064298 ], [ 74.532437012267195, 39.863936752076143 ], [ 74.532290991026585, 39.863613698606201 ], [ 74.531998424898092, 39.863128696404864 ], [ 74.531136183823577, 39.861793411066188 ], [ 74.531135183823579, 39.861793411066188 ], [ 74.529968999159422, 39.860810881724291 ], [ 74.529535824366917, 39.860422828786618 ], [ 74.528939062380772, 39.85979314715771 ], [ 74.528421591769046, 39.85928918721816 ], [ 74.527584148156009, 39.858846196114811 ], [ 74.525943956171986, 39.857902072397152 ], [ 74.522305081406785, 39.856173033407948 ], [ 74.516623353046654, 39.854339723729517 ], [ 74.512662811249044, 39.85366656599566 ], [ 74.508469886898595, 39.85293114271218 ], [ 74.504473120312099, 39.851856863402467 ], [ 74.501618913184018, 39.85084388865149 ], [ 74.500665366215699, 39.850555414608287 ], [ 74.499725138797871, 39.850240279798783 ], [ 74.498801484845004, 39.849898906523244 ], [ 74.494534101061731, 39.847823803705495 ], [ 74.492953707400758, 39.846903507245102 ], [ 74.491991323473272, 39.84632786807002 ], [ 74.491991323473272, 39.84632786807002 ], [ 74.491482084551862, 39.846022069083077 ], [ 74.489761476480567, 39.845064040350337 ], [ 74.488923122253055, 39.844686686373109 ], [ 74.488923122253055, 39.844686686373109 ], [ 74.488484245286614, 39.844489373523849 ], [ 74.487203853747985, 39.844106531228626 ], [ 74.481095104046503, 39.842881592250244 ], [ 74.479117524070901, 39.842461451737456 ], [ 74.476395738414141, 39.842233538343059 ], [ 74.47377573021798, 39.84223551927299 ], [ 74.472044184410962, 39.842275132791315 ], [ 74.470211424453794, 39.842621498807773 ], [ 74.468777356958896, 39.843044233467054 ], [ 74.467243153721569, 39.843658710251781 ], [ 74.464323828212414, 39.84515587006068 ], [ 74.461395872408318, 39.846460664852714 ], [ 74.460151654891447, 39.846805772228571 ], [ 74.458807020064143, 39.846959178105848 ], [ 74.457997103135966, 39.846977541292901 ], [ 74.457997103135966, 39.846977541292901 ], [ 74.459228034477107, 39.847826527746619 ], [ 74.46026376843767, 39.848803875616952 ], [ 74.461417745840905, 39.849988531672935 ], [ 74.462990835940829, 39.851468984955154 ], [ 74.465165711150505, 39.853481555119053 ], [ 74.465929688999907, 39.854043776849942 ], [ 74.4671522210582, 39.854872509092964 ], [ 74.473293042427414, 39.85899608426589 ], [ 74.47704651184749, 39.861708188037447 ], [ 74.48143773452388, 39.865193612201232 ], [ 74.482079855302572, 39.865670035351378 ], [ 74.48272502507416, 39.865997456754975 ], [ 74.483711453505137, 39.866324676056863 ], [ 74.484545156123531, 39.866741376049461 ], [ 74.485641895780461, 39.867455895899113 ], [ 74.487329175468062, 39.868767789856648 ], [ 74.491731694078837, 39.872759322887539 ], [ 74.494622712084023, 39.875467035960547 ], [ 74.495869868502226, 39.876836664177446 ], [ 74.497744277415791, 39.879072119378186 ], [ 74.498252849645908, 39.879668009494793 ], [ 74.498643919781998, 39.880591999573475 ], [ 74.498919776818852, 39.881456459951714 ], [ 74.499187889466839, 39.882616060353797 ], [ 74.499284959104429, 39.883332537389144 ], [ 74.499384925976202, 39.884048616614145 ], [ 74.499489787425603, 39.884764282244348 ], [ 74.499599543783788, 39.885479509501394 ], [ 74.499714189454579, 39.886194284838425 ], [ 74.499831721845766, 39.88690858346331 ], [ 74.499957141254569, 39.88762238509878 ], [ 74.50008743917715, 39.88833567393219 ], [ 74.500219613003452, 39.88904842742101 ], [ 74.500360663013041, 39.889760627537704 ], [ 74.500504580733093, 39.890472253964894 ], [ 74.500651366474841, 39.891183284170872 ], [ 74.50080701173151, 39.891893702340006 ], [ 74.500965516796995, 39.89260348819095 ], [ 74.501127881883036, 39.893312632699001 ], [ 74.502107705323439, 39.899366324309092 ], [ 74.502282372199488, 39.901218188844219 ], [ 74.50234472831535, 39.904655940007736 ], [ 74.502226013479998, 39.906883945355126 ], [ 74.502017663112213, 39.908204922345142 ], [ 74.501433301648007, 39.911476937917023 ], [ 74.501433301648007, 39.911476937917023 ], [ 74.506100321892276, 39.910745583998462 ], [ 74.513912123324957, 39.907882134737903 ], [ 74.521739104612564, 39.902742413501471 ], [ 74.523897645109741, 39.901096177758447 ], [ 74.528225093399485, 39.896976034932621 ], [ 74.536344592731453, 39.888232685543329 ], [ 74.536344592731453, 39.888232685543329 ], [ 74.535931493385334, 39.887819172211039 ], [ 74.535466568869538, 39.887339039553225 ], [ 74.534970423303008, 39.886836020237553 ], [ 74.534473566991224, 39.886287412964521 ], [ 74.533221369528874, 39.884573964008013 ], [ 74.53287350021192, 39.884003034010469 ], [ 74.532437805014567, 39.88322669141494 ], [ 74.53200640803729, 39.882130782660347 ], [ 74.531443900449105, 39.878526839749682 ], [ 74.53152608134431, 39.87426670841834 ], [ 74.531783968730295, 39.87012185238256 ], [ 74.531947693383486, 39.869204509298882 ], [ 74.532343906549485, 39.867990413597404 ], [ 74.532342906549488, 39.867990413597404 ] ] ] ] } },
{ "type": "Feature", "properties": { "ID": 161, "周长": 0.056979048073185559, "面积": 9.4617377393383002e-05, "FEATUREID": "OFBB004C1AJ430010020000005", "CHFCAC": "000005", "YSX": "1300", "QDIAA": "410301>410206", "GCJFLP": "灰色含钙铝榴石黑云母白云母石英片岩、薄层大理岩", "QDUECD": "阿克苏岩群", "QDUECC": "→ChA.", "GZEKG": "222100       ", "MDLHL": 0.0, "KWBED": "", "YSC": "3607", "YSD": "3207", "YSADAB": "", "QDIAB": "111000-251100", "YSWA": "05", "YSVA": "003", "QDIBE": "南天山变质地带", "YSVAD": "", "DDCDS": "1220", "QDIMD": "", "fill_color": 27136, "pattern": 752, "pattern_color": 18688, "_src_file": "LDZOFBB004.WP", "_src_id": 4 }, "geometry": { "type": "MultiPolygon", "coordinates": [ [ [ [ 74.818401335508312, 39.826886188150269 ], [ 74.81827608871717, 39.826603175227056 ], [ 74.817911019508941, 39.825851876385698 ], [ 74.81754776358305, 39.825255847010382 ], [ 74.81731771106071, 39.824789510610373 ], [ 74.81728607505724, 39.824427130943683 ], [ 74.817352615204257, 39.824142611592215 ], [ 74.817551512040197, 39.823858388204101 ], [ 74.817750343491284, 39.823625923618948 ], [ 74.817981170372477, 39.823110666593777 ], [ 74.817951196320578, 39.822880372350035 ], [ 74.817589819877526, 39.82234238017471 ], [ 74.817291755828407, 39.821983595973592 ], [ 74.81689855131998, 39.82159900911131 ], [ 74.816668051419413, 39.821368270404257 ], [ 74.816372119904429, 39.82098390157298 ], [ 74.816173957483983, 39.820497436882448 ], [ 74.81611165012157, 39.820113587172628 ], [ 74.816014131711853, 39.81975524466786 ], [ 74.815783389416609, 39.819371024206262 ], [ 74.815519936761618, 39.819114630362293 ], [ 74.814773248228676, 39.818157473546563 ], [ 74.814773248228676, 39.818157473546563 ], [ 74.815483050709119, 39.818203282608351 ], [ 74.818329057437538, 39.818438065084464 ], [ 74.827269724300251, 39.819433579658494 ], [ 74.836209132169643, 39.820617055050469 ], [ 74.839446696652971, 39.821053716035003 ], [ 74.839446696652971, 39.821053716035003 ], [ 74.836731181663282, 39.821569416096317 ], [ 74.830623296401754, 39.82295528822312 ], [ 74.825645669845542, 39.824342544533835 ], [ 74.818401335508312, 39.826886188150269 ] ] ] ] } },
{ "type": "Feature", "properties": { "ID": 336, "周长": 0.073701879617800115, "面积": 0.00019359358878438116, "FEATUREID": "OFBB004C1AJ430010020000006", "CHFCAC": "000006", "YSX": "1300", "QDIAA": "410301>410206", "GCJFLP": "灰色含钙铝榴石黑云母白云母石英片岩、薄层大理岩", "QDUECD": "阿克苏岩群", "QDUECC": "→ChA.", "GZEKG": "222100       ", "MDLHL": 0.0, "KWBED": "", "YSC": "3607", "YSD": "3207", "YSADAB": "", "QDIAB": "111000-251100", "YSWA": "05", "YSVA": "003", "QDIBE": "南天山变质地带", "YSVAD": "", "DDCDS": "1220", "QDIMD": "", "fill_color": 31232, "pattern": 752, "pattern_color": 18688, "_src_file": "LDZOFBB004.WP", "_src_id": 5 }, "geometry": { "type": "MultiPolygon", "coordinates": [ [ [ [ 74.999999999994415, 39.626016681633878 ], [ 74.999999999994415, 39.60943065104027 ], [ 74.999999999994415, 39.60943065104027 ], [ 74.998637956979977, 39.609454612000292 ], [ 74.998637956979977, 39.609454612000292 ], [ 74.998279570557969, 39.610511289967974 ], [ 74.997995566546763, 39.610646045152578 ], [ 74.997585670199655, 39.611008194730985 ], [ 74.997419882203147, 39.611446535714663 ], [ 74.997419547698087, 39.611751449057493 ], [ 74.997421903834592, 39.611999190433124 ], [ 74.99744774076008, 39.612304102028666 ], [ 74.997522397407721, 39.612513717559679 ], [ 74.997521542760452, 39.612723347274454 ], [ 74.997539526117478, 39.613106956460264 ], [ 74.997433079595837, 39.613303963221348 ], [ 74.997297629493573, 39.61338844928089 ], [ 74.997085835379764, 39.613472946707731 ], [ 74.996817130807443, 39.613494103046037 ], [ 74.996603761611553, 39.613473019174926 ], [ 74.99625513371663, 39.613388604936453 ], [ 74.996119880954609, 39.613325274809078 ], [ 74.995957384467459, 39.613177483765362 ], [ 74.995769760180167, 39.612966347770318 ], [ 74.995633472583464, 39.61271297005618 ], [ 74.995553978812239, 39.612501819654952 ], [ 74.995445048010083, 39.612354020908029 ], [ 74.995311680050534, 39.612269573746566 ], [ 74.995121752892501, 39.612185133199119 ], [ 74.994853593150609, 39.612121820666445 ], [ 74.994531756773469, 39.61203739792326 ], [ 74.994158244249945, 39.611931864522624 ], [ 74.993915983514157, 39.611889662751821 ], [ 74.993652236954418, 39.611868284819138 ], [ 74.993439832791864, 39.611910392604578 ], [ 74.993040382473936, 39.612142626020805 ], [ 74.992373694874772, 39.612649484988438 ], [ 74.99194523103057, 39.612945117374167 ], [ 74.990989066127199, 39.613303727727413 ], [ 74.990111905691876, 39.613472119009778 ], [ 74.98971524845858, 39.613471778262905 ], [ 74.989051980634585, 39.613407779577905 ], [ 74.988629980775286, 39.613386271515708 ], [ 74.988046254789523, 39.613449189632028 ], [ 74.987727467893833, 39.613533478853157 ], [ 74.987247952285685, 39.613702196075728 ], [ 74.986956174814139, 39.613849933334329 ], [ 74.986557023016104, 39.614039860473 ], [ 74.986264409860141, 39.614166452902445 ], [ 74.986051659655033, 39.614250833314792 ], [ 74.985731866664707, 39.614335117050317 ], [ 74.985413736947834, 39.614334834366431 ], [ 74.985069261663199, 39.614186530124755 ], [ 74.98483399730199, 39.614017178992533 ], [ 74.98470160793859, 39.613869063265732 ], [ 74.984571554578835, 39.613678665738782 ], [ 74.98438681179438, 39.613572788215414 ], [ 74.98419973972733, 39.613509194297237 ], [ 74.983987654804622, 39.61350900089176 ], [ 74.983724550836357, 39.61350875915371 ], [ 74.983351402955037, 39.613508420604532 ], [ 74.98292723603214, 39.613508032561342 ], [ 74.981999033717798, 39.613549462633237 ], [ 74.98078155131725, 39.613548326106866 ], [ 74.980145476792899, 39.613399735768709 ], [ 74.979802679033426, 39.613293699820368 ], [ 74.979379689815161, 39.61314530408152 ], [ 74.979033897396079, 39.613039265860671 ], [ 74.97874495513696, 39.61295441993218 ], [ 74.978479189542412, 39.612911882340299 ], [ 74.978029517002142, 39.612911451231554 ], [ 74.97784160659576, 39.612953558019896 ], [ 74.977498130400065, 39.61305893467037 ], [ 74.977257200547641, 39.613100989711384 ], [ 74.976780662525385, 39.613269663825434 ], [ 74.976235659085759, 39.613498040976168 ], [ 74.976235659085759, 39.613498040976168 ], [ 74.976727110703123, 39.61355714296144 ], [ 74.977522221013729, 39.613705598423316 ], [ 74.977891883200698, 39.613794564936121 ], [ 74.978185472989196, 39.613883457844651 ], [ 74.978408871966039, 39.613987050840002 ], [ 74.97868312128368, 39.614179303630507 ], [ 74.979034271877396, 39.614519311661056 ], [ 74.979291065872317, 39.61482969511038 ], [ 74.979585135261473, 39.615110574268698 ], [ 74.979787435273678, 39.615287986450724 ], [ 74.980117367628239, 39.615465521855647 ], [ 74.980599452127763, 39.6156431937249 ], [ 74.981264730529986, 39.615821037724778 ], [ 74.981891622367044, 39.616043148735031 ], [ 74.982333211198807, 39.616279852847725 ], [ 74.982777454349488, 39.616560861127653 ], [ 74.983329764974997, 39.616974884601937 ], [ 74.983359891176363, 39.616989380603691 ], [ 74.983425520162555, 39.617021924503732 ], [ 74.984749019845935, 39.6185077890066 ], [ 74.986431651344233, 39.620097308518794 ], [ 74.988334248955695, 39.622348283835549 ], [ 74.989601411663784, 39.62410271568617 ], [ 74.990321203132311, 39.624830950055042 ], [ 74.991077332152415, 39.625062607079997 ], [ 74.991624964516149, 39.625194968634375 ], [ 74.992631173294683, 39.625261066781619 ], [ 74.994311394712412, 39.625526489599721 ], [ 74.995949250692334, 39.62595793506501 ], [ 74.997669601911554, 39.626156907177297 ], [ 74.999433375398525, 39.626023421711132 ], [ 75.000000999994413, 39.626016681633878 ], [ 74.999999999994415, 39.626016681633878 ] ] ] ] } },
{ "type": "Feature", "properties": { "ID": 341, "周长": 0.03802755377975206, "面积": 9.1516389250936858e-05, "FEATUREID": "OFBB004C1AJ430010020000007", "CHFCAC": "000007", "YSX": "1300", "QDIAA": "410301>410206", "GCJFLP": "灰色含钙铝榴石黑云母白云母石英片岩、薄层大理岩", "QDUECD": "阿克苏岩群", "QDUECC": "→ChA.", "GZEKG": "222100       ", "MDLHL": 0.0, "KWBED": "", "YSC": "3607", "YSD": "3207", "YSADAB": "", "QDIAB": "111000-251100", "YSWA": "05", "YSVA": "003", "QDIBE": "南天山变质地带", "YSVAD": "", "DDCDS": "1220", "QDIMD": "", "fill_color": -29184, "pattern": 752, "pattern_color": 18688, "_src_file": "LDZOFBB004.WP", "_src_id": 6 }, "geometry": { "type": "MultiPolygon", "coordinates": [ [ [ [ 74.888232710558526, 39.618721936660506 ], [ 74.889372993368497, 39.618460540999543 ], [ 74.890373310873898, 39.618163835352391 ], [ 74.891301019247422, 39.617777025818022 ], [ 74.892071193969613, 39.617509601489822 ], [ 74.892727468422805, 39.617331719376217 ], [ 74.893575368610584, 39.617124421121055 ], [ 74.894268609382678, 39.617066470424035 ], [ 74.895113715159098, 39.617038910141602 ], [ 74.8957704570619, 39.616980841414126 ], [ 74.896345640009429, 39.616832511867678 ], [ 74.896807773954379, 39.616713739790555 ], [ 74.897308365663434, 39.616565086585318 ], [ 74.897638356720293, 39.616475259444222 ], [ 74.897638356720293, 39.616475259444222 ], [ 74.897593336568249, 39.617051207421099 ], [ 74.89770927485614, 39.617971468498162 ], [ 74.897741920443778, 39.618820304498243 ], [ 74.897853572377045, 39.619552178655169 ], [ 74.898261951973808, 39.620314157576594 ], [ 74.898859728009569, 39.621691170120457 ], [ 74.899229132097531, 39.623009024387336 ], [ 74.899416157782653, 39.623477744112137 ], [ 74.899449499582431, 39.624004572277549 ], [ 74.899447981271848, 39.624589816114785 ], [ 74.899331885616974, 39.625116223446007 ], [ 74.899144434974403, 39.625525939320276 ], [ 74.898917864904803, 39.6258184779225 ], [ 74.898577645042778, 39.626052066251759 ], [ 74.898199904436865, 39.626256232099323 ], [ 74.897636837183327, 39.626547820326174 ], [ 74.897260091124465, 39.626751983095005 ], [ 74.896693292271152, 39.626955615044771 ], [ 74.896129396776402, 39.627188560704369 ], [ 74.895639904732207, 39.627363082374309 ], [ 74.895299853689878, 39.627538028120199 ], [ 74.894997946470212, 39.62785966348995 ], [ 74.894698218516368, 39.628122662876031 ], [ 74.89428366085879, 39.628385344936802 ], [ 74.893831579279322, 39.628618598118656 ], [ 74.893491703548889, 39.628734905618025 ], [ 74.893078980599455, 39.62873372848513 ], [ 74.892590222867625, 39.628673701084509 ], [ 74.892026624847304, 39.628496187310844 ], [ 74.891573669385465, 39.628377629735013 ], [ 74.891311150998561, 39.628142340944329 ], [ 74.891200792358845, 39.627995432381162 ], [ 74.891014350822147, 39.627496504801279 ], [ 74.890680984896136, 39.62591241551489 ], [ 74.890385070255931, 39.62415451169619 ], [ 74.889817739716023, 39.622594294336423 ], [ 74.888985090310754, 39.620438611589613 ], [ 74.88839077398832, 39.619032576557295 ], [ 74.888232710558526, 39.618721936660506 ] ] ] ] } },
{ "type": "Feature", "properties": { "ID": 534, "周长": 3.8009706131628382, "面积": 0.032186852336905679, "FEATUREID": "OFBB004C1AJ430010020000008", "CHFCAC": "000008", "YSX": "1300", "QDIAA": "410301>410206", "GCJFLP": "灰色二云石英片岩、黑云绢云石英片岩、黑云变粒岩、石榴绢云石英片岩、大理岩", "QDUECD": "赛图拉岩群", "QDUECC": "→ChSt.", "GZEKG": "222100       ", "MDLHL": 0.0, "KWBED": "2517-1594-3124", "YSC": "3607", "YSD": "3207", "YSADAB": "", "QDIAB": "111000-251100", "YSWA": "07", "YSVA": "003", "QDIBE": "西昆仑变质带", "YSVAD": "", "DDCDS": "1220", "QDIMD": "", "fill_color": -26112, "pattern": 752, "pattern_color": 18432, "_src_file": "LDZOFBB004.WP", "_src_id": 7 }, "geometry": { "type": "MultiPolygon", "coordinates": [ [ [ [ 74.630320565694362, 39.14594511963076 ], [ 74.630320617240798, 39.145944923182149 ], [ 74.630319617240801, 39.145944923182149 ], [ 74.630320565694362, 39.14594511963076 ] ] ], [ [ [ 74.599052700563277, 39.190538063947422 ], [ 74.599051684385969, 39.190538393323415 ], [ 74.599052684385967, 39.190538393323415 ], [ 74.599052700563277, 39.190538063947422 ] ] ], [ [ [ 73.591693111016738, 39.267684042726373 ], [ 73.590443712642937, 39.267928548650879 ], [ 73.590444712642935, 39.267928548650879 ], [ 73.59188564406108, 39.26801819691152 ], [ 73.592129426705029, 39.268213898215052 ], [ 73.592122740753467, 39.268535827055331 ], [ 73.591823613347628, 39.269015748725593 ], [ 73.591028879792376, 39.269490575934498 ], [ 73.590030983338522, 39.269802308708044 ], [ 73.588827246722403, 39.270079713224177 ], [ 73.587089951631839, 39.270190606208637 ], [ 73.584366818986211, 39.270033686812646 ], [ 73.582776018933444, 39.269700211868468 ], [ 73.582104733165934, 39.269559483726809 ], [ 73.580254326838059, 39.269153907413155 ], [ 73.579385685044087, 39.269209294390052 ], [ 73.578925316195253, 39.269494310958095 ], [ 73.578584796240349, 39.269973767026848 ], [ 73.578507578266709, 39.270597856743926 ], [ 73.578545652197846, 39.271840937850627 ], [ 73.578815864673487, 39.272745332937532 ], [ 73.579209317493095, 39.273683207070597 ], [ 73.579650153652466, 39.274331775445802 ], [ 73.580250484867321, 39.275140655041582 ], [ 73.580811054309677, 39.275884894971533 ], [ 73.581743370230427, 39.276632988124994 ], [ 73.582675708870411, 39.277381074115461 ], [ 73.583935440083181, 39.278260961637947 ], [ 73.584956567581173, 39.27875310565193 ], [ 73.586187307515843, 39.279118982885059 ], [ 73.587170988470973, 39.279450193228385 ], [ 73.58856238380163, 39.280010335733465 ], [ 73.589784751995083, 39.280729249969831 ], [ 73.590470150252202, 39.281442624101274 ], [ 73.590787615932513, 39.28199168269456 ], [ 73.590895489613985, 39.28266700504701 ], [ 73.590709617912239, 39.283531938727172 ], [ 73.590403640653506, 39.284235106869509 ], [ 73.589897993183882, 39.284647272749375 ], [ 73.588979245235535, 39.28505517767875 ], [ 73.587646626459005, 39.285490911033918 ], [ 73.586357598655312, 39.285830762899522 ], [ 73.585232264869248, 39.286236505196669 ], [ 73.584186470079672, 39.286771480386527 ], [ 73.583178129093241, 39.287467361196306 ], [ 73.582252394070309, 39.288164086004919 ], [ 73.581450571834836, 39.288862092600063 ], [ 73.580900449722037, 39.289402175935031 ], [ 73.579523060012718, 39.291699458750244 ], [ 73.578876415565745, 39.292816424083036 ], [ 73.578274912501939, 39.293773329127355 ], [ 73.577425507124801, 39.294727651898853 ], [ 73.576745194348064, 39.295523202919846 ], [ 73.575904231203694, 39.29612444447644 ], [ 73.575068655440262, 39.296500997816544 ], [ 73.574032670965437, 39.296618614422179 ], [ 73.572670791354653, 39.296540183482421 ], [ 73.571806254197355, 39.296402726531383 ], [ 73.568656708945269, 39.295053443449234 ], [ 73.567757082672372, 39.29465874757679 ], [ 73.566899556132029, 39.294232382583331 ], [ 73.565586034440415, 39.293865429801336 ], [ 73.564189120889168, 39.293529690759229 ], [ 73.562581764482303, 39.293352245861641 ], [ 73.560684443973244, 39.293203824771801 ], [ 73.559193254884335, 39.293348608291844 ], [ 73.557695826008015, 39.293750151476857 ], [ 73.556405729894493, 39.294121762169539 ], [ 73.555204496219162, 39.294237461254568 ], [ 73.554586345759503, 39.294166698686368 ], [ 73.55417867161816, 39.29393763813615 ], [ 73.553694626226601, 39.29345092664321 ], [ 73.55296739692902, 39.292768999318234 ], [ 73.55121065752212, 39.290246132779835 ], [ 73.550278495057384, 39.289497799418818 ], [ 73.549297204838851, 39.289069986945087 ], [ 73.547572334677909, 39.288634242244456 ], [ 73.545517788474015, 39.288162846265493 ], [ 73.543539601418374, 39.287949072447311 ], [ 73.541725094434298, 39.287801230659447 ], [ 73.540072687660171, 39.287783516514423 ], [ 73.538537117556615, 39.288055982667359 ], [ 73.537203354015872, 39.288523229803403 ], [ 73.536030079878856, 39.28918481723597 ], [ 73.534854411740696, 39.28994268312691 ], [ 73.5341394726955, 39.290448664089098 ], [ 73.532866903463059, 39.291783356869914 ], [ 73.532600041912232, 39.292550999163176 ], [ 73.532500801439326, 39.293224136182161 ], [ 73.532342114677931, 39.295302835343108 ], [ 73.532279939984321, 39.296483631558715 ], [ 73.532059467112447, 39.297380195531424 ], [ 73.531740461312125, 39.298250009587541 ], [ 73.53132165474652, 39.299144427970923 ], [ 73.530839261378333, 39.2999354215995 ], [ 73.530295188105953, 39.300545958358967 ], [ 73.52975871465118, 39.300848364472493 ], [ 73.529158032077021, 39.301073022905555 ], [ 73.528726421398559, 39.301145402781721 ], [ 73.528066606567876, 39.30108689016398 ], [ 73.527275844461258, 39.300975587021611 ], [ 73.526322992653903, 39.300734099561303 ], [ 73.525207417820724, 39.300388102441573 ], [ 73.523931041157184, 39.2998605599686 ], [ 73.523117432665629, 39.299338036099684 ], [ 73.520664653419388, 39.296922725379851 ], [ 73.519923580893462, 39.296144128858046 ], [ 73.519217490908488, 39.29528885641416 ], [ 73.518712277168987, 39.294333035936262 ], [ 73.518336721712899, 39.293481362522023 ], [ 73.517957349885066, 39.292783752403608 ], [ 73.514774632096078, 39.288524411156011 ], [ 73.51477363209608, 39.288524411156011 ], [ 73.514255948214242, 39.288629154000247 ], [ 73.512257680057317, 39.289028983486091 ], [ 73.508229687148258, 39.289856455432265 ], [ 73.506284714512574, 39.290149290659393 ], [ 73.504691816125884, 39.29030679459958 ], [ 73.502806141652414, 39.290436849868399 ], [ 73.501583058890844, 39.290545131035998 ], [ 73.501584058890842, 39.290545131035998 ], [ 73.502551937148468, 39.291458774404809 ], [ 73.502908399595256, 39.291745236651906 ], [ 73.503491706995121, 39.292213990574439 ], [ 73.50417224309561, 39.292760866236286 ], [ 73.504852789731459, 39.293307740324032 ], [ 73.505306494366025, 39.293672319435736 ], [ 73.505559971972332, 39.294111742024477 ], [ 73.505657222033335, 39.294353587017 ], [ 73.506308696509237, 39.294765025883223 ], [ 73.509472628278147, 39.297352134759969 ], [ 73.511161714260552, 39.297737544833502 ], [ 73.512262819090722, 39.298251838903091 ], [ 73.513065619273618, 39.299035158410149 ], [ 73.513627655477706, 39.30013371138751 ], [ 73.515408577470865, 39.302557454764276 ], [ 73.517184390166435, 39.30600208032736 ], [ 73.517185390166432, 39.30600208032736 ], [ 73.519180185642071, 39.306243080363529 ], [ 73.521409666515908, 39.306518819152977 ], [ 73.523751544656022, 39.306626912522042 ], [ 73.530237647384851, 39.307030385073453 ], [ 73.53203782716264, 39.307048162752046 ], [ 73.534957439955733, 39.307161715543096 ], [ 73.537046838274392, 39.307380139368497 ], [ 73.539676452907656, 39.307886136476405 ], [ 73.548415558509163, 39.310337509116181 ], [ 73.550575761756306, 39.310995326181754 ], [ 73.560831984883478, 39.313558509258101 ], [ 73.562917358204004, 39.314103247561611 ], [ 73.565141225657655, 39.314619289334416 ], [ 73.567259181223932, 39.31499594171445 ], [ 73.572977661815813, 39.315511160198675 ], [ 73.575749771814031, 39.315615621621234 ], [ 73.578125873667062, 39.315633878773859 ], [ 73.581295012051669, 39.315575050375692 ], [ 73.584105774177004, 39.31520868961622 ], [ 73.586486927773606, 39.315143957181213 ], [ 73.589264370349795, 39.315110229085299 ], [ 73.592765280353362, 39.315087089681697 ], [ 73.596303783062183, 39.315093165725614 ], [ 73.599698517921951, 39.315125411993705 ], [ 73.602691694896606, 39.315264402698013 ], [ 73.613229011857328, 39.316019561305183 ], [ 73.615719129291477, 39.316373568817681 ], [ 73.617453860291789, 39.316555886574079 ], [ 73.618365913156197, 39.316618354296054 ], [ 73.618291836254187, 39.31632785413052 ], [ 73.61804189833434, 39.315586507974736 ], [ 73.617618432138585, 39.313685753790729 ], [ 73.617224579306438, 39.311834564912779 ], [ 73.616832674430313, 39.310064717937664 ], [ 73.616701350973699, 39.308399353571573 ], [ 73.616643237605928, 39.306255626699247 ], [ 73.616236036576566, 39.303832440438484 ], [ 73.615715390448315, 39.302367182734933 ], [ 73.615063278486048, 39.300925974484478 ], [ 73.614728161680645, 39.299991193561034 ], [ 73.614671250641507, 39.299537378831772 ], [ 73.614781408078841, 39.298883528284811 ], [ 73.615083548091235, 39.29820618389099 ], [ 73.615515638211676, 39.297479604961708 ], [ 73.615522407614307, 39.297227798597888 ], [ 73.615465920470484, 39.296698442256513 ], [ 73.615345981346309, 39.296218883955362 ], [ 73.615096660049446, 39.295864102779731 ], [ 73.614619071633186, 39.295482169405204 ], [ 73.614113625392463, 39.294974049496105 ], [ 73.613809276300714, 39.294014367036148 ], [ 73.612905899215363, 39.291789065083265 ], [ 73.612781638201014, 39.29128367997891 ], [ 73.612885287108142, 39.290654205772334 ], [ 73.613215782811281, 39.289799787819774 ], [ 73.613316299112356, 39.289397227442905 ], [ 73.613258647093957, 39.288740298082985 ], [ 73.613069570985203, 39.288233549420347 ], [ 73.61294667695644, 39.287752666613876 ], [ 73.612949349530069, 39.287399254492463 ], [ 73.613017769254128, 39.286920247001177 ], [ 73.613124294730127, 39.286163868593178 ], [ 73.613164377031808, 39.285406866418278 ], [ 73.613009152787967, 39.284647991317662 ], [ 73.612855668300199, 39.28391435841742 ], [ 73.612671708406836, 39.283205658134413 ], [ 73.612673333685237, 39.282953220112518 ], [ 73.612867948166098, 39.282828874383497 ], [ 73.61335246532029, 39.282808312612701 ], [ 73.613833199063421, 39.282863483007638 ], [ 73.614543240401844, 39.282845099195285 ], [ 73.61522184536291, 39.282750670177926 ], [ 73.615673498882416, 39.282502594024464 ], [ 73.61613252146924, 39.282077870760531 ], [ 73.616419748428555, 39.282131153369413 ], [ 73.616671817104645, 39.282385956223294 ], [ 73.616703312806479, 39.282815483980954 ], [ 73.616820182270871, 39.283977944417394 ], [ 73.617069102399853, 39.284737749609128 ], [ 73.617418505164906, 39.28532177960907 ], [ 73.617637821857628, 39.285828834659206 ], [ 73.617727223162703, 39.286586412402173 ], [ 73.617689177485616, 39.287317307133748 ], [ 73.617930486452039, 39.289109666970852 ], [ 73.617925796887832, 39.289613923658543 ], [ 73.617852158988583, 39.290596667108666 ], [ 73.617713196886498, 39.29145278192275 ], [ 73.617796350913977, 39.292966195537133 ], [ 73.617907686788342, 39.293848642178077 ], [ 73.618151926800095, 39.294631489282281 ], [ 73.618513700948427, 39.295969433212164 ], [ 73.619030557406958, 39.297636126446115 ], [ 73.619193151256297, 39.29927455419179 ], [ 73.619395561837635, 39.30046000974248 ], [ 73.619503730741116, 39.303257400879588 ], [ 73.619625103879287, 39.303687196596329 ], [ 73.619838941281643, 39.304470848956214 ], [ 73.620182153649765, 39.305129691124137 ], [ 73.620717023629879, 39.305790381314139 ], [ 73.621123895022606, 39.306500254301397 ], [ 73.621367123940971, 39.307334631426222 ], [ 73.62232560110121, 39.309739079612129 ], [ 73.622535577483461, 39.310573146564067 ], [ 73.622651696609012, 39.311492663681598 ], [ 73.622540830746203, 39.312575393766309 ], [ 73.622365771335026, 39.31355898984512 ], [ 73.622355516665593, 39.314297850236237 ], [ 73.62240745534578, 39.315135841965343 ], [ 73.622621766144576, 39.316049268042448 ], [ 73.623279204579859, 39.317107896771006 ], [ 73.627101074119849, 39.3177750263172 ], [ 73.633243685435858, 39.319121741748617 ], [ 73.638369702179531, 39.320794333811847 ], [ 73.644139766853357, 39.322397699935621 ], [ 73.64742902997645, 39.323253693667567 ], [ 73.651179627252574, 39.323803429386977 ], [ 73.657007700883653, 39.324742707220985 ], [ 73.659977571381887, 39.325027322641347 ], [ 73.666475031378624, 39.325743839635415 ], [ 73.669746324735485, 39.3259741987928 ], [ 73.673425040844066, 39.326183572775633 ], [ 73.676212188221129, 39.326326928700183 ], [ 73.678183088767028, 39.326375995810864 ], [ 73.682605539469151, 39.326163221586505 ], [ 73.686981738305306, 39.325889915343268 ], [ 73.687717511993696, 39.324997305840533 ], [ 73.68816532196135, 39.324383504503643 ], [ 73.68854565749858, 39.323959257817599 ], [ 73.688735680494375, 39.32396106556488 ], [ 73.688984982201276, 39.324058558402349 ], [ 73.689415427086132, 39.324490635463007 ], [ 73.689845085330802, 39.325112874678595 ], [ 73.689909736639962, 39.325382954499204 ], [ 73.695238444325568, 39.325207353894434 ], [ 73.700295056560265, 39.324890022978273 ], [ 73.702393821571377, 39.324737631487949 ], [ 73.704757948524886, 39.324358312914235 ], [ 73.709337990359842, 39.323626776826387 ], [ 73.711133682139348, 39.323583599630858 ], [ 73.713669633148314, 39.323601558239325 ], [ 73.71668574312298, 39.323679211043043 ], [ 73.720773443157711, 39.324132887076971 ], [ 73.725466730497814, 39.325073102803835 ], [ 73.728475844185212, 39.325945469369074 ], [ 73.735485261069456, 39.327846754460289 ], [ 73.736881106815062, 39.328114457390207 ], [ 73.738355755653473, 39.328325979798571 ], [ 73.739722168733849, 39.328337670690111 ], [ 73.741543334606504, 39.328125988144073 ], [ 73.744171271234251, 39.327466571650397 ], [ 73.746457552250973, 39.326775787815819 ], [ 73.75330520974623, 39.324696180228784 ], [ 73.757553164264138, 39.323014416491255 ], [ 73.759281688117227, 39.322408978553675 ], [ 73.760822689086368, 39.321940732977282 ], [ 73.762471240180517, 39.321672860082046 ], [ 73.765764821722684, 39.321336288501485 ], [ 73.768006521428433, 39.321330588442528 ], [ 73.770133673456755, 39.321409100870724 ], [ 73.772180675167235, 39.321774566017552 ], [ 73.776821467706569, 39.323026763071354 ], [ 73.778491268408814, 39.323531020719649 ], [ 73.780087457996714, 39.323863568261231 ], [ 73.781766670633459, 39.323940815851728 ], [ 73.783293716505995, 39.32401623461476 ], [ 73.784563550202478, 39.323862223007801 ], [ 73.785761978325965, 39.323508373179116 ], [ 73.791269534603671, 39.321732571032683 ], [ 73.793211202636101, 39.321445285512326 ], [ 73.795429865780648, 39.321328302369949 ], [ 73.79825598775551, 39.321244534879249 ], [ 73.801083645475273, 39.321189125794682 ], [ 73.80386929834458, 39.321191823003552 ], [ 73.809032650219677, 39.321320500742566 ], [ 73.815164476579966, 39.322000547934572 ], [ 73.817483134324178, 39.322089192281723 ], [ 73.820019960984823, 39.322180094748681 ], [ 73.829849525048616, 39.32205906965342 ], [ 73.831873629399141, 39.321776315807803 ], [ 73.83401147127195, 39.321353625243937 ], [ 73.837987701068343, 39.320503918485265 ], [ 73.846019421908466, 39.319148489777078 ], [ 73.855881566587186, 39.317186731866549 ], [ 73.863701009279097, 39.315167543832715 ], [ 73.873040922367252, 39.312724037409104 ], [ 73.875943036182093, 39.311818451343534 ], [ 73.878548984406336, 39.310938700009721 ], [ 73.889008026930981, 39.306528287966373 ], [ 73.893699157236597, 39.305236154238159 ], [ 73.896027692663978, 39.304648324015567 ], [ 73.897973667323441, 39.304290342492806 ], [ 73.900631713999658, 39.303679383008237 ], [ 73.907119871967964, 39.301301839795784 ], [ 73.921271455102925, 39.297090886356401 ], [ 73.930679103779397, 39.294927719616261 ], [ 73.945139754792848, 39.292850562872523 ], [ 73.960251228833073, 39.290403558141975 ], [ 73.962157461260546, 39.290192855412059 ], [ 73.966943974369443, 39.289695296103609 ], [ 73.969859814344503, 39.28952532799363 ], [ 73.972481864973645, 39.289467815775708 ], [ 73.975851090846803, 39.289476592846491 ], [ 73.979336400375587, 39.289515666848729 ], [ 73.981838122660193, 39.289573513912721 ], [ 73.984223567097871, 39.289659323589582 ], [ 73.986387859853309, 39.289771642003522 ], [ 73.989963546864871, 39.290366346894672 ], [ 73.995023007488754, 39.291531305342943 ], [ 73.996619374375129, 39.291928011204639 ], [ 73.999924711084333, 39.292594175751724 ], [ 74.00499449912212, 39.293299388362009 ], [ 74.009860104468146, 39.293688524970698 ], [ 74.0139838757989, 39.293994404443502 ], [ 74.016803935856004, 39.294015760080818 ], [ 74.018717166630893, 39.293991001661929 ], [ 74.020379998459404, 39.293925101402273 ], [ 74.022696247061475, 39.293864096323688 ], [ 74.02863765666072, 39.293243238312876 ], [ 74.032820140275817, 39.292570691579655 ], [ 74.03488349087938, 39.292194948432851 ], [ 74.040374016715162, 39.291493288060082 ], [ 74.042439785592734, 39.291196059891845 ], [ 74.044761134441387, 39.290862362992591 ], [ 74.048496001229836, 39.290265807900482 ], [ 74.049455539496336, 39.289920883159581 ], [ 74.050261386906584, 39.289535482464821 ], [ 74.051668922634946, 39.288959003397153 ], [ 74.054131960330722, 39.287959922008149 ], [ 74.055989894975696, 39.287191078932977 ], [ 74.064133620793257, 39.283964272618107 ], [ 74.068811127517478, 39.28168915519921 ], [ 74.071930726637035, 39.279989428359521 ], [ 74.074555559702333, 39.278321073768737 ], [ 74.075315759959878, 39.277815624468261 ], [ 74.075921930343199, 39.277505680627378 ], [ 74.076428234191553, 39.277234278093829 ], [ 74.076931038118857, 39.277002216161335 ], [ 74.077537211812199, 39.276770944982978 ], [ 74.07834510008945, 39.276462578400412 ], [ 74.078847421960162, 39.276348529981384 ], [ 74.079299554655464, 39.276234080277305 ], [ 74.079854566586306, 39.276159764938548 ], [ 74.080407068585572, 39.276046104038357 ], [ 74.08095958712147, 39.276011124085109 ], [ 74.081764515478909, 39.275938779869797 ], [ 74.082415914531978, 39.275943925174971 ], [ 74.083767937714825, 39.276111962525214 ], [ 74.087321341127762, 39.277005460081398 ], [ 74.095523337788862, 39.279469515353334 ], [ 74.099303298545777, 39.280243660465857 ], [ 74.100545261758398, 39.280488458179647 ], [ 74.102687341499461, 39.28074016209964 ], [ 74.109205363639447, 39.281574192560484 ], [ 74.111495038671492, 39.28190526794841 ], [ 74.1178749699002, 39.282189720052799 ], [ 74.119572234513043, 39.282360692517685 ], [ 74.1242288056729, 39.28243999220593 ], [ 74.132141571623336, 39.28222418475324 ], [ 74.13855381905492, 39.282036025113989 ], [ 74.142310712771945, 39.281906577622536 ], [ 74.151799311606766, 39.281268755669004 ], [ 74.159185046114729, 39.280536357961267 ], [ 74.167726173089321, 39.279344411673804 ], [ 74.172449703537538, 39.27844388910772 ], [ 74.173478487685173, 39.278225024271158 ], [ 74.179183395852263, 39.277010951605838 ], [ 74.184375832679066, 39.275636146025974 ], [ 74.184323655527379, 39.269519187239347 ], [ 74.184211258780635, 39.268162506385089 ], [ 74.183832071824853, 39.267005480868605 ], [ 74.183323608301279, 39.265697157466448 ], [ 74.182880116291116, 39.264439368730415 ], [ 74.182500970295905, 39.263282338587075 ], [ 74.18212619169276, 39.261773735712339 ], [ 74.182332862402831, 39.260971077495874 ], [ 74.182731136531913, 39.260420476496783 ], [ 74.183523723714458, 39.260122859785277 ], [ 74.184703008239524, 39.260128444993306 ], [ 74.185557534834501, 39.259881348011973 ], [ 74.186220202153635, 39.259482646233593 ], [ 74.186481724601848, 39.259383433279758 ], [ 74.18694110026, 39.259435819539007 ], [ 74.187327340321019, 39.259939915876515 ], [ 74.188169644587688, 39.260847966692261 ], [ 74.189070938724612, 39.262007112003673 ], [ 74.190026027278705, 39.263115271159712 ], [ 74.191241304236371, 39.264073601268869 ], [ 74.192713086666402, 39.265183443156062 ], [ 74.196231743953234, 39.267756543264859 ], [ 74.19770568223511, 39.268866325218141 ], [ 74.199116742393429, 39.269674529731105 ], [ 74.200015427730378, 39.270129476602925 ], [ 74.200719979803097, 39.270533566028348 ], [ 74.201750330340758, 39.270788015556079 ], [ 74.202457247383521, 39.270840517974307 ], [ 74.203111847268701, 39.270290118531278 ], [ 74.20389958523414, 39.269288104916647 ], [ 74.204623160841933, 39.268185431104435 ], [ 74.205473348010173, 39.26733428817726 ], [ 74.20619522566119, 39.266382275185791 ], [ 74.206663604561314, 39.265027639905227 ], [ 74.206810675164178, 39.263621755234126 ], [ 74.207277416716153, 39.262317340036432 ], [ 74.207677152430335, 39.261213620481492 ], [ 74.207687804713146, 39.260410021366603 ], [ 74.207312825875803, 39.259454522209317 ], [ 74.20687349089134, 39.25839836685067 ], [ 74.205919221670371, 39.257039220692548 ], [ 74.205287604216167, 39.256032668854054 ], [ 74.204352957358211, 39.253216986199106 ], [ 74.204360223810369, 39.252614287672991 ], [ 74.20514350849804, 39.251913609019361 ], [ 74.206373716683871, 39.251465484362619 ], [ 74.207476367044762, 39.251217837402415 ], [ 74.208637960191055, 39.251271735314269 ], [ 74.210245914028562, 39.251628390070216 ], [ 74.211665982260826, 39.2518337432181 ], [ 74.21243658799844, 39.252187740932335 ], [ 74.213134241324298, 39.2532446809739 ], [ 74.21356984352316, 39.254451489774368 ], [ 74.214453469254366, 39.256161950669593 ], [ 74.216921870257508, 39.260237960968574 ], [ 74.218128221242338, 39.261748478795532 ], [ 74.219461625963575, 39.263259378402935 ], [ 74.220803112605225, 39.264318240932489 ], [ 74.222083489401058, 39.264975092671548 ], [ 74.222661688842095, 39.265077305854476 ], [ 74.223957110170502, 39.264679416437303 ], [ 74.224995502613396, 39.264280734547228 ], [ 74.225267178110599, 39.263327239626072 ], [ 74.225288503471859, 39.261720044275684 ], [ 74.225313156244667, 39.259861723152639 ], [ 74.225145648454017, 39.257751695824112 ], [ 74.224919320712786, 39.255440570376209 ], [ 74.224683670830899, 39.253681920354616 ], [ 74.224703215013179, 39.252325845140113 ], [ 74.224456770701039, 39.251320563282981 ], [ 74.223757370558857, 39.250313913018744 ], [ 74.223318250849672, 39.249308042232428 ], [ 74.22306906066855, 39.248453430991923 ], [ 74.223015153188882, 39.247549182846036 ], [ 74.223153346202878, 39.246695745730463 ], [ 74.22374764933538, 39.245743225330905 ], [ 74.225113253269626, 39.244742813357256 ], [ 74.225956902306933, 39.244544438656973 ], [ 74.226668246994663, 39.244446118976974 ], [ 74.227827389949169, 39.244700724743019 ], [ 74.228915516403433, 39.245507604852918 ], [ 74.229934404170578, 39.24671608495683 ], [ 74.230884752785926, 39.248225715683567 ], [ 74.231771057356767, 39.24948401567309 ], [ 74.232333600398889, 39.250691131399186 ], [ 74.234040563170439, 39.253458634345854 ], [ 74.234347517794291, 39.254564533046853 ], [ 74.234909506245799, 39.255972534238133 ], [ 74.235604148028983, 39.257180012858804 ], [ 74.236161546728908, 39.258788908200373 ], [ 74.23659463069734, 39.260347202309191 ], [ 74.23696583718035, 39.26155373114505 ], [ 74.237405822023575, 39.26235864403526 ], [ 74.238172957228585, 39.262963594332454 ], [ 74.239008860405193, 39.263166924011429 ], [ 74.239911551559274, 39.263119310749147 ], [ 74.240497319141781, 39.262719185368603 ], [ 74.240639430744778, 39.261715055827452 ], [ 74.240403404107539, 39.260107110161336 ], [ 74.239845864367709, 39.258347557356636 ], [ 74.23922845145573, 39.256236238973969 ], [ 74.238805523206182, 39.253974804202173 ], [ 74.238512952131444, 39.251763963648713 ], [ 74.238401701469513, 39.250407511207321 ], [ 74.23841549118201, 39.249352783634272 ], [ 74.238431254579865, 39.248147380805612 ], [ 74.23856939463748, 39.247293926419893 ], [ 74.238705621704142, 39.246892499368414 ], [ 74.239159970440426, 39.246592452907016 ], [ 74.240452683212993, 39.246445501305928 ], [ 74.241547313149823, 39.246498879256279 ], [ 74.242576838762673, 39.246752962831401 ], [ 74.243147733542955, 39.247407550809903 ], [ 74.243589355959315, 39.24816221845748 ], [ 74.244026764227982, 39.249318686652941 ], [ 74.244461841388443, 39.250424927303513 ], [ 74.245031522529644, 39.251330632999618 ], [ 74.245925285950634, 39.252036347778308 ], [ 74.246887814697644, 39.252491113948729 ], [ 74.247531442896403, 39.252593383615526 ], [ 74.247791364349894, 39.252443435819458 ], [ 74.247927449166937, 39.251740645122979 ], [ 74.248009191571072, 39.250485196288921 ], [ 74.248411077210676, 39.249331104816704 ], [ 74.249447810380786, 39.249032650069104 ], [ 74.250473754861304, 39.249336890328536 ], [ 74.251047391513964, 39.249941216468862 ], [ 74.251746137302604, 39.250847249029206 ], [ 74.252245835081794, 39.251953639334644 ], [ 74.252620563953101, 39.253059672603094 ], [ 74.253314483351161, 39.254267046745312 ], [ 74.25407321250691, 39.255374146091896 ], [ 74.255411853890848, 39.25668374029916 ], [ 74.258153357269848, 39.259102158418287 ], [ 74.259179278860657, 39.259657450541624 ], [ 74.260081628906335, 39.259710129792836 ], [ 74.260407975420378, 39.259409651770014 ], [ 74.260487503469392, 39.258154193862687 ], [ 74.260765649311281, 39.256497455836111 ], [ 74.261301480003013, 39.254941863981408 ], [ 74.261965353183143, 39.253537293982113 ], [ 74.262688574889609, 39.252534697618188 ], [ 74.26353392762617, 39.251833793393828 ], [ 74.264247814578667, 39.251484118883766 ], [ 74.265087571974263, 39.251536585188482 ], [ 74.265407482999777, 39.251738346269988 ], [ 74.265529366893276, 39.252140495591291 ], [ 74.265390268471421, 39.253094434643266 ], [ 74.264860922961461, 39.254147790737775 ], [ 74.264135436174598, 39.255250852502201 ], [ 74.263477061786233, 39.256303857063024 ], [ 74.262943826690105, 39.257658554919423 ], [ 74.262863982114581, 39.258863791311235 ], [ 74.262981832526762, 39.259818419705887 ], [ 74.263345621850377, 39.260564849954491 ], [ 74.265617748141452, 39.260201669670018 ], [ 74.267303785102087, 39.259999541536409 ], [ 74.267627718189843, 39.259680138206953 ], [ 74.269119733572836, 39.258930676625447 ], [ 74.270935310428243, 39.258332717780327 ], [ 74.272935393123717, 39.258287714300607 ], [ 74.274738822508581, 39.258493302558797 ], [ 74.276531435231277, 39.258797629541988 ], [ 74.291785219584114, 39.256478341621488 ], [ 74.291809166292381, 39.25647606885105 ], [ 74.292300110985551, 39.256429566945549 ], [ 74.29205996499455, 39.255573428872438 ], [ 74.291557374206548, 39.254567655245282 ], [ 74.290797060282628, 39.253460797171435 ], [ 74.289905166627179, 39.252403840257116 ], [ 74.288887555096835, 39.251246109206967 ], [ 74.287741373207155, 39.250138275325433 ], [ 74.286077682480595, 39.249079373129099 ], [ 74.284281569240235, 39.248221026393104 ], [ 74.282616852901441, 39.247413202512398 ], [ 74.281269986779378, 39.246656398444379 ], [ 74.279733317088272, 39.245848861243253 ], [ 74.278452113073428, 39.245242866243913 ], [ 74.275048834291184, 39.244078894450269 ], [ 74.273118695648293, 39.243722300957899 ], [ 74.271894747787854, 39.243618658389352 ], [ 74.270415029711614, 39.243263197586622 ], [ 74.269262288747967, 39.242707665761188 ], [ 74.268243249853427, 39.24170043327311 ], [ 74.26754855827312, 39.240543368199958 ], [ 74.267109814430285, 39.239386983255883 ], [ 74.267313798035318, 39.238634113516021 ], [ 74.267773785923609, 39.238032600218084 ], [ 74.268357548893476, 39.23768255572152 ], [ 74.269327914807391, 39.237433976523853 ], [ 74.270423061073458, 39.237436855486841 ], [ 74.271322073388347, 39.23789125093117 ], [ 74.272603447446613, 39.238547549629878 ], [ 74.273882322614398, 39.239404737326993 ], [ 74.275159228968263, 39.240261911147421 ], [ 74.276311200547113, 39.241118740443788 ], [ 74.277784247009308, 39.241926156524116 ], [ 74.279129239557662, 39.242582549873511 ], [ 74.280539116260314, 39.24328931609908 ], [ 74.281885538647984, 39.243995902047331 ], [ 74.28303877486718, 39.244601536164843 ], [ 74.284509476042729, 39.245609771286034 ], [ 74.286043463100938, 39.246718601972816 ], [ 74.287704608110275, 39.247978407857708 ], [ 74.288853238579364, 39.248885338880847 ], [ 74.29012792020167, 39.250194383239943 ], [ 74.292930310624556, 39.253064183412029 ], [ 74.294083174287636, 39.253719933611016 ], [ 74.295756948310469, 39.25397511112844 ], [ 74.298335735721267, 39.253981290725442 ], [ 74.300467507472604, 39.253785444575662 ], [ 74.301627020052251, 39.253737958861215 ], [ 74.304273733372156, 39.253543255535206 ], [ 74.306857488140196, 39.253302808035812 ], [ 74.310342284695196, 39.253218283534494 ], [ 74.312339733640812, 39.253378058673221 ], [ 74.314333296075276, 39.253929401122505 ], [ 74.315083306152786, 39.253812917013271 ], [ 74.320873166000908, 39.252759508988113 ], [ 74.320231158261592, 39.251454715490816 ], [ 74.319219873675635, 39.24964196467981 ], [ 74.318534279341421, 39.247730201792166 ], [ 74.318117257816482, 39.244764847474521 ], [ 74.31692728681179, 39.241896462355434 ], [ 74.316298694214012, 39.24053746097902 ], [ 74.315601435677223, 39.239529743566663 ], [ 74.315092819289404, 39.238924703715824 ], [ 74.314969277914429, 39.238472088879568 ], [ 74.315103654572809, 39.238020637281508 ], [ 74.31594508233664, 39.237672838489928 ], [ 74.317495955086954, 39.237478903928114 ], [ 74.318331971001712, 39.237583120168317 ], [ 74.318649763500218, 39.237885923944567 ], [ 74.318903086439121, 39.238439565071026 ], [ 74.319015669282749, 39.239645567123922 ], [ 74.319255825000226, 39.241304179341689 ], [ 74.319497783261525, 39.242560983044697 ], [ 74.319805829531617, 39.243767848029961 ], [ 74.320367239266872, 39.245277222491104 ], [ 74.32092907248591, 39.246836818576718 ], [ 74.321431626117672, 39.248044543177684 ], [ 74.322191941101394, 39.249102739967867 ], [ 74.32327474617037, 39.250413493918003 ], [ 74.32454706374439, 39.25172509444463 ], [ 74.325039328142438, 39.252112665584882 ], [ 74.327177647505451, 39.251748628319561 ], [ 74.328048970393894, 39.251614170334044 ], [ 74.327910310437915, 39.251086987405728 ], [ 74.327473114493642, 39.249879574778369 ], [ 74.32761354803489, 39.24882539828922 ], [ 74.328135567898798, 39.248224959898749 ], [ 74.328143272170522, 39.247572024272912 ], [ 74.327643979206385, 39.246163422308655 ], [ 74.327085780606694, 39.244453178811845 ], [ 74.326854552595719, 39.242191870393327 ], [ 74.326877291932391, 39.240182828169132 ], [ 74.326901624866892, 39.238123560577002 ], [ 74.327052938026284, 39.236315991915816 ], [ 74.327131432774209, 39.234960173705517 ], [ 74.32695343040794, 39.233653441130244 ], [ 74.326581421979043, 39.23239608038547 ], [ 74.326527634287402, 39.231491727884645 ], [ 74.326729764585139, 39.230839643039957 ], [ 74.32711937566134, 39.230690670466764 ], [ 74.327764687623301, 39.230643287938705 ], [ 74.32859785826507, 39.23089811093363 ], [ 74.32923589011186, 39.231553884895526 ], [ 74.32993663010275, 39.232360617260277 ], [ 74.330571504250898, 39.23311683798255 ], [ 74.331461158421916, 39.234225766843174 ], [ 74.332281651541578, 39.23573621424832 ], [ 74.332977167814022, 39.236994964715208 ], [ 74.333477269986545, 39.238252867637208 ], [ 74.333978801908074, 39.239560993032235 ], [ 74.334989088862471, 39.241222944498304 ], [ 74.335240204201568, 39.241977456973281 ], [ 74.335677833535371, 39.242983937107773 ], [ 74.336117478129694, 39.243990417785497 ], [ 74.33630412943242, 39.244744648040012 ], [ 74.33655344019634, 39.245398705765254 ], [ 74.33699797615246, 39.245902922266424 ], [ 74.337707561230374, 39.246056668555617 ], [ 74.339127592735863, 39.245861889636011 ], [ 74.339649740962884, 39.245412076982781 ], [ 74.339661428140502, 39.244407554768273 ], [ 74.33941961368933, 39.242849432752173 ], [ 74.338919542230059, 39.241491103384426 ], [ 74.338033774622559, 39.240030648586419 ], [ 74.335877661918374, 39.237007588520243 ], [ 74.333011506793554, 39.233981397649544 ], [ 74.332316252024114, 39.232873325854698 ], [ 74.331425187731398, 39.231714178491856 ], [ 74.330855199702128, 39.231008469650192 ], [ 74.330348285566018, 39.230252818337611 ], [ 74.330225250723302, 39.229749991252781 ], [ 74.330290903114715, 39.229649820055862 ], [ 74.330484908210039, 39.229600443700335 ], [ 74.330999082540202, 39.229652929370268 ], [ 74.331897549964054, 39.230008463082626 ], [ 74.332921608673118, 39.230565456520679 ], [ 74.333687857692979, 39.231372448185979 ], [ 74.334385059805967, 39.232229381324458 ], [ 74.335086865813395, 39.233036083220654 ], [ 74.335721215129382, 39.233842501080609 ], [ 74.336549830089297, 39.234750205819395 ], [ 74.337183211427032, 39.235556617990298 ], [ 74.337757884742928, 39.236212066737856 ], [ 74.338201784504591, 39.236766503804361 ], [ 74.3387748954881, 39.237472176914821 ], [ 74.339343676019126, 39.238378748711312 ], [ 74.339976030779667, 39.239536728358253 ], [ 74.340671057108111, 39.240594527646067 ], [ 74.341499397012953, 39.241451972564271 ], [ 74.342393989081486, 39.242159006733502 ], [ 74.343225699420969, 39.242815535756058 ], [ 74.343990030980564, 39.243722912118763 ], [ 74.344947998978739, 39.24453065637384 ], [ 74.345773280751345, 39.245488523060672 ], [ 74.346281047919746, 39.246193882770818 ], [ 74.346668227141421, 39.246346205931303 ], [ 74.347183539752351, 39.246398621023815 ], [ 74.347251079540129, 39.246047311817385 ], [ 74.347128897759944, 39.245544502690919 ], [ 74.346493313296151, 39.244738144418307 ], [ 74.343767146156964, 39.240607787610351 ], [ 74.343077476866171, 39.238997517402268 ], [ 74.342895258919015, 39.237941938523704 ], [ 74.342909391589544, 39.23663605611069 ], [ 74.342989834691707, 39.235430903547673 ], [ 74.343195223907259, 39.234226299979227 ], [ 74.343599353958624, 39.232821618331094 ], [ 74.343805982270183, 39.231767692255382 ], [ 74.34387975539228, 39.230964346352742 ], [ 74.34376143568764, 39.229959269963452 ], [ 74.343257295072178, 39.228952539871841 ], [ 74.34236677433239, 39.227994378418813 ], [ 74.341539159081748, 39.227086713985251 ], [ 74.340968853906119, 39.226230376633438 ], [ 74.340587631542562, 39.225575772286263 ], [ 74.340465365171809, 39.225173409450576 ], [ 74.340405733541488, 39.224670869320114 ], [ 74.340475867378714, 39.224269335702317 ], [ 74.3409282976735, 39.22417082070492 ], [ 74.341569210036141, 39.224324267618506 ], [ 74.342661313197567, 39.224831225199843 ], [ 74.343684644384311, 39.225538803941355 ], [ 74.344448380885623, 39.226395951236519 ], [ 74.344953677550834, 39.227302224392815 ], [ 74.345389039405276, 39.228509577418158 ], [ 74.345766264140195, 39.229515750058809 ], [ 74.345945344001052, 39.230671778319923 ], [ 74.345869119290469, 39.231776482204154 ], [ 74.345525453204644, 39.233533032581121 ], [ 74.345513112070037, 39.234688237211515 ], [ 74.345435872390269, 39.235792939938641 ], [ 74.345484106307623, 39.237199549836035 ], [ 74.345919328792661, 39.238249128628418 ], [ 74.353861523601552, 39.233177032354746 ], [ 74.362905504198494, 39.228172765661782 ], [ 74.368434105257094, 39.224963066610087 ], [ 74.374117604775691, 39.222790687671818 ], [ 74.379128339579864, 39.221521583093441 ], [ 74.384631050486888, 39.220902838169913 ], [ 74.390299030015626, 39.220543882559106 ], [ 74.398627210102688, 39.220716797304306 ], [ 74.402233025771864, 39.221023125548186 ], [ 74.409416100228299, 39.222458681196876 ], [ 74.414418250072444, 39.22425098077985 ], [ 74.41724729903558, 39.225443200950764 ], [ 74.421559347494082, 39.228090209154885 ], [ 74.425477185626789, 39.231285611506422 ], [ 74.425702785535421, 39.230604616849909 ], [ 74.426027554202008, 39.230152981048441 ], [ 74.426869554641101, 39.230056750551931 ], [ 74.42776952317422, 39.230363858672938 ], [ 74.428601825509489, 39.23102323749923 ], [ 74.428915849381141, 39.232233965977777 ], [ 74.429027772977989, 39.233947406485115 ], [ 74.429213052662135, 39.235006315703181 ], [ 74.429532796423103, 39.235461420618833 ], [ 74.430241080723164, 39.235666721717891 ], [ 74.43114502742624, 39.235419679363133 ], [ 74.43199463493093, 39.234467038849317 ], [ 74.43271001518869, 39.233866325980394 ], [ 74.434519187052018, 39.233674446326489 ], [ 74.435489202737784, 39.233478087281803 ], [ 74.436849151986095, 39.232981524340723 ], [ 74.438077988535952, 39.23248425958402 ], [ 74.439760450272331, 39.232241241815494 ], [ 74.440983559467114, 39.232398824056347 ], [ 74.441885183960508, 39.232756198422351 ], [ 74.442461196067967, 39.233212622618453 ], [ 74.442588365238464, 39.233666675330362 ], [ 74.442583872530761, 39.234069674447717 ], [ 74.442132146475274, 39.234168053789539 ], [ 74.440905251211049, 39.234211985150615 ], [ 74.439419274930955, 39.234355291564718 ], [ 74.438251406094565, 39.234802533663355 ], [ 74.437475273203134, 39.235201438174165 ], [ 74.437212223272994, 39.23575419689633 ], [ 74.437335482818099, 39.236309004487978 ], [ 74.437718513740862, 39.236915552859195 ], [ 74.438745845203343, 39.237324008068221 ], [ 74.440295247040027, 39.237432926695 ], [ 74.441847588080449, 39.237088448837532 ], [ 74.443399914163763, 39.236743950160864 ], [ 74.444887802636003, 39.236499843534247 ], [ 74.445534634422017, 39.236352088577263 ], [ 74.445795014872743, 39.236101562311752 ], [ 74.445932804234943, 39.235094734743292 ], [ 74.445947569104476, 39.233381983098745 ], [ 74.445701268483134, 39.231768633072377 ], [ 74.445009762967274, 39.229850673415804 ], [ 74.444505751972159, 39.2281855954474 ], [ 74.444197089498047, 39.226672656305098 ], [ 74.444209714765464, 39.225211777595348 ], [ 74.443707189709485, 39.223496320242049 ], [ 74.443331536558134, 39.222386040337149 ], [ 74.443207995390466, 39.221629737645372 ], [ 74.44321148308309, 39.221226735368525 ], [ 74.443278767656338, 39.221025573090081 ], [ 74.444053837805342, 39.220727377500388 ], [ 74.445019431885797, 39.221135439664572 ], [ 74.445597370220028, 39.221591848705927 ], [ 74.446617588802269, 39.222806238985036 ], [ 74.447117012994994, 39.224773559526412 ], [ 74.447810365798532, 39.226943383340682 ], [ 74.448307552170007, 39.229061822768145 ], [ 74.449307766795187, 39.232744569064984 ], [ 74.449300698400833, 39.233802445351472 ], [ 74.449291198099971, 39.234910696385434 ], [ 74.449332045310314, 39.235844010610727 ], [ 74.457579078243484, 39.233845960289905 ], [ 74.457243356622399, 39.233490737978528 ], [ 74.456091704358442, 39.232275779469745 ], [ 74.455456901990686, 39.231013088491821 ], [ 74.455402183504901, 39.229854127194045 ], [ 74.455730895942978, 39.229150531417666 ], [ 74.457350935199344, 39.228403175017341 ], [ 74.458581820413045, 39.227754568627475 ], [ 74.459557479430117, 39.226752004137595 ], [ 74.46047156673508, 39.225749105137353 ], [ 74.461185616855801, 39.225148214143459 ], [ 74.461637681540637, 39.224999384861931 ], [ 74.46228341349736, 39.225204163810062 ], [ 74.462601481820172, 39.22575993044407 ], [ 74.462655891703008, 39.226969262837429 ], [ 74.462513824074719, 39.228278364050595 ], [ 74.462118833880439, 39.22943503043043 ], [ 74.46185119424409, 39.230441222671985 ], [ 74.462168168497158, 39.2312488655446 ], [ 74.463436292144181, 39.232304883309602 ], [ 74.472950677247567, 39.229790633546926 ], [ 74.47323094679696, 39.229705623990824 ], [ 74.473481547754446, 39.228938029358879 ], [ 74.473625482938445, 39.227377037645155 ], [ 74.473511386897144, 39.225311004815545 ], [ 74.473397392619091, 39.223597597907236 ], [ 74.47321579222087, 39.22213574785011 ], [ 74.472587410450856, 39.22006714002142 ], [ 74.47215333205807, 39.217797992435472 ], [ 74.471843870264351, 39.216436243949268 ], [ 74.471402108672635, 39.215224976188033 ], [ 74.47083320878221, 39.21366043469272 ], [ 74.470453554303432, 39.21268996395596 ], [ 74.472389373261137, 39.212762547503004 ], [ 74.473188100548199, 39.213647412084377 ], [ 74.474067964812789, 39.21446975375855 ], [ 74.475107051024622, 39.215292887314781 ], [ 74.476228700762178, 39.216368084070297 ], [ 74.477345846120798, 39.217632022237296 ], [ 74.478139042528539, 39.219208943931754 ], [ 74.478449122809948, 39.220846390093847 ], [ 74.478675097763826, 39.222546355665152 ], [ 74.478423468043005, 39.223992263513153 ], [ 74.477765282714543, 39.225373262118637 ], [ 74.47750748640378, 39.227448339828499 ], [ 74.477500625447277, 39.228410461473651 ], [ 74.487573331089621, 39.225354199016031 ], [ 74.491885230761639, 39.223955796885576 ], [ 74.492381598515237, 39.222487345480971 ], [ 74.492796650592481, 39.220979263809646 ], [ 74.492812156515171, 39.219028816574749 ], [ 74.492213383673899, 39.213237284775019 ], [ 74.492145303910164, 39.211663953343418 ], [ 74.492473195461272, 39.210847575893119 ], [ 74.492715979618197, 39.210722904111307 ], [ 74.493198055404235, 39.211039819792887 ], [ 74.493590545678543, 39.212363031046948 ], [ 74.49381586188882, 39.214188806841463 ], [ 74.494203391664541, 39.216141191151763 ], [ 74.494511835024142, 39.217904435259861 ], [ 74.495061612813828, 39.219731754421133 ], [ 74.49569551778049, 39.221370703058618 ], [ 74.496253800215754, 39.222002580919316 ], [ 74.496895183691549, 39.222320252681421 ], [ 74.497541059134875, 39.222323310787324 ], [ 74.498431967379261, 39.221949301362102 ], [ 74.499889577535612, 39.22113754716095 ], [ 74.501185178554735, 39.22013699240884 ], [ 74.502806911286854, 39.219200130280946 ], [ 74.504826775060494, 39.218703801986273 ], [ 74.508051336789549, 39.218650329055819 ], [ 74.509679894859346, 39.218095548914249 ], [ 74.516630515301344, 39.215411641652054 ], [ 74.516391885177029, 39.213965947991845 ], [ 74.516002579320784, 39.212081702626953 ], [ 74.515448851429412, 39.210510861536179 ], [ 74.514569827915423, 39.209064307812739 ], [ 74.512893341517355, 39.207231842470883 ], [ 74.512576762544001, 39.2064753313756 ], [ 74.512503409181235, 39.205531188063361 ], [ 74.512511610532016, 39.20446158208869 ], [ 74.512201287489134, 39.202761296963416 ], [ 74.511733260467011, 39.20087150726566 ], [ 74.511100675176536, 39.199295556565069 ], [ 74.510305020384507, 39.197970522303144 ], [ 74.509107468617501, 39.196517765148954 ], [ 74.508149698654165, 39.195066126701498 ], [ 74.507516810959359, 39.193804745527757 ], [ 74.507277977095882, 39.193300267409633 ], [ 74.507604687772513, 39.192861352959717 ], [ 74.50865164969305, 39.192803338948096 ], [ 74.510179669037356, 39.193187997660189 ], [ 74.511142257811656, 39.193884602155585 ], [ 74.512423280138719, 39.194960206720488 ], [ 74.513461158800894, 39.196223429337373 ], [ 74.514418015639578, 39.197549188801077 ], [ 74.514967596833316, 39.199187666555083 ], [ 74.515517764916808, 39.201014897471502 ], [ 74.516229612966811, 39.202779951141864 ], [ 74.516782795706149, 39.204481339518182 ], [ 74.517577691386279, 39.205932165105061 ], [ 74.518535029798841, 39.207192536548717 ], [ 74.519575647689635, 39.208325305344893 ], [ 74.520616445380469, 39.209583608289542 ], [ 74.521495122987048, 39.210527603858935 ], [ 74.522540812960088, 39.211220953088187 ], [ 74.524069516652219, 39.211601754617391 ], [ 74.525843858841455, 39.211732109828475 ], [ 74.527789035648226, 39.212140893516775 ], [ 74.535691345606082, 39.209824468797919 ], [ 74.535623426475553, 39.208494011210355 ], [ 74.535387706001316, 39.207551812986367 ], [ 74.535553536513348, 39.206861758146118 ], [ 74.536202783846605, 39.206235737753012 ], [ 74.536368603186148, 39.205545679278508 ], [ 74.536213107389571, 39.204666464708623 ], [ 74.535334371968048, 39.203408723563449 ], [ 74.533491796885286, 39.201583486420027 ], [ 74.531646399362174, 39.200197616905953 ], [ 74.530041383640608, 39.198749593548065 ], [ 74.528682192644652, 39.197425565171152 ], [ 74.527321704461855, 39.196161020807516 ], [ 74.524843488589696, 39.193381308467927 ], [ 74.523885545985266, 39.192181471304444 ], [ 74.523331522152063, 39.190736787603541 ], [ 74.523256972093478, 39.189733846352908 ], [ 74.52366108584387, 39.189359712208542 ], [ 74.524709513909343, 39.189364469236324 ], [ 74.525993045034127, 39.190310227181122 ], [ 74.527839140312722, 39.191509159870293 ], [ 74.529681844466694, 39.193025640141393 ], [ 74.531684603433746, 39.194607638362783 ], [ 74.533527339842138, 39.196059641753962 ], [ 74.534971179184168, 39.197193339600645 ], [ 74.536497933138207, 39.19813891859841 ], [ 74.538106631757344, 39.198959146559829 ], [ 74.538747560553944, 39.199400219609615 ], [ 74.53954907938153, 39.200281106131193 ], [ 74.540585394247685, 39.202606342333802 ], [ 74.541613653587305, 39.205873134729543 ], [ 74.541783150013401, 39.208037770848783 ], [ 74.543761893241168, 39.207457715148635 ], [ 74.547038786912239, 39.206496826741095 ], [ 74.546459466424224, 39.205446082304441 ], [ 74.545097544018844, 39.203810557581406 ], [ 74.544060407767887, 39.202050300122615 ], [ 74.543181967189426, 39.200415987496903 ], [ 74.542221578131631, 39.199283630741711 ], [ 74.541097592923265, 39.198025306841117 ], [ 74.539819064864332, 39.196327157672776 ], [ 74.539341752639942, 39.194944940964042 ], [ 74.539350723327743, 39.193877833967989 ], [ 74.538959910652295, 39.191930988136178 ], [ 74.53848101238637, 39.191051966546389 ], [ 74.537921895872046, 39.189984635165033 ], [ 74.53760192793176, 39.189419514631652 ], [ 74.537687011327307, 39.188855445383425 ], [ 74.53841900248301, 39.188042266313566 ], [ 74.539555181881155, 39.186853942203413 ], [ 74.540371550317744, 39.185413981146311 ], [ 74.54054382391466, 39.183909651309023 ], [ 74.540309445434573, 39.182341581257653 ], [ 74.540313499780851, 39.181463812606353 ], [ 74.54047762662448, 39.18102534495447 ], [ 74.541207541581997, 39.180901821220019 ], [ 74.542013734959298, 39.181217386924089 ], [ 74.542898942337743, 39.181846644266052 ], [ 74.543455737338533, 39.18303934876544 ], [ 74.543773421542483, 39.184356828736369 ], [ 74.544005600927818, 39.185799495671404 ], [ 74.544643920270403, 39.187117791882237 ], [ 74.545281845366134, 39.18805989619014 ], [ 74.546729373761139, 39.188941340836848 ], [ 74.548260347051468, 39.189446786301744 ], [ 74.550033382408756, 39.189827420711715 ], [ 74.552045691328388, 39.190334023861141 ], [ 74.553575844600061, 39.190964795239701 ], [ 74.554781155944511, 39.191594752454982 ], [ 74.555586788185224, 39.192098312515952 ], [ 74.556469165249823, 39.192979300061921 ], [ 74.55718911292638, 39.19385986783643 ], [ 74.557585803861983, 39.194802419103944 ], [ 74.557497994233188, 39.195932104608254 ], [ 74.557330277720126, 39.197249905534491 ], [ 74.557399938617124, 39.198693839432728 ], [ 74.558039870781982, 39.199950831346236 ], [ 74.559083035621398, 39.200957714338649 ], [ 74.560125010289369, 39.201839043658659 ], [ 74.560883930799221, 39.202433854916769 ], [ 74.563958332765594, 39.201532074805215 ], [ 74.569589839516297, 39.199878316936932 ], [ 74.568543917131848, 39.198406558663443 ], [ 74.567417931165636, 39.197399572301073 ], [ 74.566293819499677, 39.196580887403861 ], [ 74.565331951935264, 39.195637031127319 ], [ 74.564453317441789, 39.194128416851839 ], [ 74.563819205979399, 39.19224374456315 ], [ 74.563427710005968, 39.190487094639273 ], [ 74.562393853310667, 39.18797668176019 ], [ 74.562322556814806, 39.186910627787668 ], [ 74.562491393462764, 39.185845154237612 ], [ 74.56298219141982, 39.184905843654938 ], [ 74.563629605560507, 39.184656591525844 ], [ 74.564513667230557, 39.184909493091922 ], [ 74.565154403389087, 39.185914188069937 ], [ 74.565546255861932, 39.187607982316699 ], [ 74.565855111424824, 39.189489678045732 ], [ 74.566329581590765, 39.191058263533982 ], [ 74.566885321203031, 39.192439310956786 ], [ 74.567523367298207, 39.193696255178111 ], [ 74.568803666079546, 39.195205789451315 ], [ 74.570329335178585, 39.196527559445116 ], [ 74.571773576074222, 39.197974663242924 ], [ 74.572367312892268, 39.199028638863169 ], [ 74.578531709547761, 39.196923303813868 ], [ 74.579469675397817, 39.196629262208077 ], [ 74.578735116192732, 39.195103010796785 ], [ 74.577696642593608, 39.193280274101362 ], [ 74.576903862225009, 39.191020019234699 ], [ 74.575976829961306, 39.184873433230628 ], [ 74.576062202140477, 39.184183938594686 ], [ 74.57630602449332, 39.183933698497647 ], [ 74.577191813962173, 39.183935711843866 ], [ 74.578153983431164, 39.184878370565663 ], [ 74.579518361426295, 39.186323508447536 ], [ 74.580959410871159, 39.188082300324048 ], [ 74.582477991272071, 39.190029349388126 ], [ 74.58351701840877, 39.191724513841756 ], [ 74.584315967391234, 39.193232267734139 ], [ 74.585116512111085, 39.194363929724815 ], [ 74.586002960246219, 39.194616959689974 ], [ 74.587295957987195, 39.194368693178333 ], [ 74.58867112977822, 39.193869499260401 ], [ 74.589963928778204, 39.193307345023435 ], [ 74.590854932474684, 39.193120939670536 ], [ 74.591981906727298, 39.19331167304798 ], [ 74.592787285932147, 39.193627253891179 ], [ 74.593354321741273, 39.193628454949639 ], [ 74.593759366212041, 39.193378225592319 ], [ 74.593603353315473, 39.19243631113693 ], [ 74.593049206691788, 39.190742013105066 ], [ 74.592417401462882, 39.188608906262019 ], [ 74.591784815931774, 39.186601191636392 ], [ 74.591715405465891, 39.184720080184725 ], [ 74.592369041914793, 39.183655594285312 ], [ 74.593421107750061, 39.183218943078387 ], [ 74.594468270439521, 39.18353465801524 ], [ 74.595915323431257, 39.184415495511068 ], [ 74.597119689594749, 39.185233111006696 ], [ 74.598002027778847, 39.186238134275776 ], [ 74.598717925548058, 39.187869794963731 ], [ 74.599109805543563, 39.189375385661741 ], [ 74.599052700563277, 39.190538063947422 ], [ 74.603344942719957, 39.189146809177196 ], [ 74.608104891349839, 39.187672295405569 ], [ 74.608103891349842, 39.187672295405569 ], [ 74.607761327427909, 39.18701047346611 ], [ 74.606481064533767, 39.18556582522293 ], [ 74.605199650967208, 39.183995766295716 ], [ 74.604241717775594, 39.182175555685205 ], [ 74.603768063203134, 39.180669816051278 ], [ 74.60321732312822, 39.178286133774755 ], [ 74.603140020512456, 39.177909779542823 ], [ 74.603383121154607, 39.177596783591916 ], [ 74.603865930770922, 39.177660469195587 ], [ 74.604829973386586, 39.178665606115949 ], [ 74.60611128292615, 39.180235670008791 ], [ 74.607150132726147, 39.181867932932924 ], [ 74.608105161877063, 39.184001609220076 ], [ 74.608901771484696, 39.185507975868823 ], [ 74.610587853965441, 39.18707879420181 ], [ 74.61147137098348, 39.187770225123742 ], [ 74.612035185034429, 39.187959432367741 ], [ 74.612439926895817, 39.187772131196638 ], [ 74.612361739979804, 39.187207688679116 ], [ 74.611963884466462, 39.186454517892237 ], [ 74.611565391561598, 39.18532515827053 ], [ 74.61149688603642, 39.183694846292902 ], [ 74.611668502839635, 39.182065012226936 ], [ 74.611919208954546, 39.180372637553859 ], [ 74.611929227999028, 39.178930577909469 ], [ 74.611696748655248, 39.177550740762932 ], [ 74.611218037687223, 39.176672011130812 ], [ 74.61017287159774, 39.176042956913719 ], [ 74.608641343779084, 39.175601020807242 ], [ 74.607677101009926, 39.174784007609681 ], [ 74.607040255061193, 39.173716845090738 ], [ 74.606483297623924, 39.172148251882724 ], [ 74.606011852049377, 39.170454423705586 ], [ 74.606101679348086, 39.169012527358632 ], [ 74.606427619008088, 39.168511591459897 ], [ 74.606991059348772, 39.168575423786599 ], [ 74.60779559556903, 39.168953231725347 ], [ 74.608435804450494, 39.169957694637347 ], [ 74.608913829427976, 39.170773737886883 ], [ 74.609473954890717, 39.171527240817838 ], [ 74.610193335521728, 39.172782647575353 ], [ 74.612195235220469, 39.175106461141368 ], [ 74.612673947943776, 39.175985186998872 ], [ 74.612991270483619, 39.176863595558132 ], [ 74.61363162422424, 39.177868027085275 ], [ 74.613870606582381, 39.178370085575573 ], [ 74.614269829330425, 39.179060552392379 ], [ 74.614666719751995, 39.180127207962101 ], [ 74.615055448664819, 39.1825105227772 ], [ 74.615365049354438, 39.184642886130035 ], [ 74.615497044706075, 39.1850368289318 ], [ 74.618569540409126, 39.183897326131827 ], [ 74.620739647621406, 39.183045584371961 ], [ 74.62111115911658, 39.182083216379503 ], [ 74.62184595004706, 39.180705224849184 ], [ 74.622493415875596, 39.180079453724851 ], [ 74.623223281205199, 39.17983002008063 ], [ 74.623947090156719, 39.180082169328927 ], [ 74.624023601939257, 39.180771999884563 ], [ 74.624213313628019, 39.181492278458791 ], [ 74.624214313628016, 39.181492278458791 ], [ 74.629405083039202, 39.179171484914448 ], [ 74.635515513955198, 39.176439017258133 ], [ 74.635516513955196, 39.176439017258133 ], [ 74.634729576803252, 39.171700082944554 ], [ 74.634417957907871, 39.169818556023593 ], [ 74.633783219905823, 39.167999153880572 ], [ 74.633071558810656, 39.165552619894548 ], [ 74.632761757451135, 39.163545689544087 ], [ 74.632368671185773, 39.161977504445709 ], [ 74.631013669419872, 39.159028208781059 ], [ 74.630131950691677, 39.157898032444109 ], [ 74.629009470113232, 39.156892805358233 ], [ 74.62756118528263, 39.1560750741343 ], [ 74.626761230158451, 39.154945019627974 ], [ 74.626445349208808, 39.153815852231844 ], [ 74.626371357971308, 39.152875225136434 ], [ 74.626535113252174, 39.152311232863113 ], [ 74.627101577646698, 39.152186873409335 ], [ 74.628711501308686, 39.152942207425411 ], [ 74.630076938684667, 39.153947872931745 ], [ 74.631521713428526, 39.155016368214866 ], [ 74.632806804905371, 39.156147256747765 ], [ 74.634088334387158, 39.157717020123023 ], [ 74.635449970161957, 39.159224214819425 ], [ 74.636652670151747, 39.160668410171667 ], [ 74.637853680739568, 39.162237990461144 ], [ 74.638969646640362, 39.164559800948041 ], [ 74.640233124613857, 39.169264425473237 ], [ 74.640707848683206, 39.170707324184029 ], [ 74.641585605697657, 39.172401705245221 ], [ 74.642531686433742, 39.173284093192422 ], [ 74.642532686433739, 39.173284093192422 ], [ 74.645950933975953, 39.17104456519445 ], [ 74.650673783101638, 39.167950698866832 ], [ 74.650491452128932, 39.167275273253352 ], [ 74.65057635840499, 39.166711115964894 ], [ 74.651143326663743, 39.166335847654594 ], [ 74.651826673317203, 39.166133484018779 ], [ 74.652487159550418, 39.165470154081376 ], [ 74.65249482868164, 39.16429468658631 ], [ 74.65184439684883, 39.163015936648243 ], [ 74.650797676328565, 39.161685434998802 ], [ 74.650215648054129, 39.160304567111616 ], [ 74.650219022707816, 39.159537958694472 ], [ 74.650679543963847, 39.159334280173034 ], [ 74.651073096722087, 39.1596926750099 ], [ 74.654215728390994, 39.16368608797665 ], [ 74.655318006340678, 39.164932688508735 ], [ 74.657927098160144, 39.163118677828102 ], [ 74.659029590229721, 39.162176766308065 ], [ 74.660678075427668, 39.160712054756587 ], [ 74.659328458880125, 39.159816940285964 ], [ 74.657285244288914, 39.158328810498134 ], [ 74.655507406984043, 39.157045860417554 ], [ 74.653400216070793, 39.155915218437848 ], [ 74.651297861294708, 39.155042224341869 ], [ 74.648933565179178, 39.15432284384665 ], [ 74.647164034047648, 39.153451080410107 ], [ 74.646507676763747, 39.15288780388461 ], [ 74.646710778540054, 39.152223736112184 ], [ 74.647370709383864, 39.151815971160268 ], [ 74.648554936423423, 39.151715716219066 ], [ 74.650591137471849, 39.151770171089964 ], [ 74.652757670592678, 39.15238698266441 ], [ 74.653750437309867, 39.152440900558425 ], [ 74.654971769865185, 39.151587376280027 ], [ 74.647129229224831, 39.149426616942861 ], [ 74.630320565694362, 39.14594511963076 ], [ 74.63016740976866, 39.146528812188848 ], [ 74.630053720691791, 39.146846097161074 ], [ 74.629964869785994, 39.147075205196508 ], [ 74.629851597890749, 39.147286547048033 ], [ 74.629715592275957, 39.147497839075697 ], [ 74.629533717106256, 39.147673831790186 ], [ 74.629281899298462, 39.147849610378238 ], [ 74.629011433917341, 39.1480253163367 ], [ 74.628784332476499, 39.148183507277857 ], [ 74.628101370994884, 39.148569795435733 ], [ 74.627695011880959, 39.148745064585228 ], [ 74.627263007039474, 39.148920257622606 ], [ 74.626719831066993, 39.149077432292032 ], [ 74.626175582432168, 39.149252258538475 ], [ 74.625811006519854, 39.149304067119502 ], [ 74.625449430084601, 39.149355874569515 ], [ 74.624995474888024, 39.149354418045007 ], [ 74.624589816106763, 39.149353105670698 ], [ 74.623637179638962, 39.149208784620107 ], [ 74.623229950715185, 39.149101524721544 ], [ 74.622913309529523, 39.148994558775165 ], [ 74.622485291078291, 39.148922538004967 ], [ 74.621738278355437, 39.148831830664356 ], [ 74.619767661879393, 39.148648848776794 ], [ 74.61863643177422, 39.148609836275192 ], [ 74.617683166312574, 39.148624378609554 ], [ 74.616779193527208, 39.14863905986018 ], [ 74.616007497808141, 39.148653777802828 ], [ 74.615262420973977, 39.148738919290921 ], [ 74.614423650527002, 39.148859019658083 ], [ 74.613541437221087, 39.149014278788329 ], [ 74.613020106113225, 39.14918880653272 ], [ 74.612383558231542, 39.149380512982745 ], [ 74.609981480407626, 39.150253995435754 ], [ 74.609234298317972, 39.150533591845168 ], [ 74.60825736964631, 39.150900585153678 ], [ 74.60742008269608, 39.151285854978155 ], [ 74.602698324277, 39.153276925525013 ], [ 74.602065170184076, 39.15355641852787 ], [ 74.601072386320794, 39.154063812352511 ], [ 74.600235731482442, 39.154483646377543 ], [ 74.599263239013339, 39.155026508866662 ], [ 74.598451183723611, 39.155428771379299 ], [ 74.597435927199328, 39.155918330123001 ], [ 74.596330132008802, 39.156442324538133 ], [ 74.594999874078823, 39.157017516490868 ], [ 74.594119672017968, 39.157348059208587 ], [ 74.593555038036186, 39.157574425600572 ], [ 74.593038628177297, 39.157730435740731 ], [ 74.592565447167956, 39.157816092509876 ], [ 74.592135402696201, 39.157866693519679 ], [ 74.591709260604219, 39.157952594494361 ], [ 74.591053765319657, 39.158090202423587 ], [ 74.589859561573491, 39.158295432429412 ], [ 74.589050405334305, 39.158432161133945 ], [ 74.588485225297958, 39.158482004157371 ], [ 74.587879048379079, 39.158513945461081 ], [ 74.587157263487711, 39.158545261805031 ], [ 74.586550085484419, 39.158577196166902 ], [ 74.585873110374436, 39.158573673709704 ], [ 74.585245176607899, 39.158570397721107 ], [ 74.583489337835999, 39.158578911244604 ], [ 74.582503154544739, 39.158661509425052 ], [ 74.581721809409984, 39.15872757488237 ], [ 74.581317897338266, 39.158795855863978 ], [ 74.580557772417365, 39.158967991234348 ], [ 74.579817943492642, 39.159193223484955 ], [ 74.578900925507313, 39.15952335124139 ], [ 74.57840827701078, 39.159732358918284 ], [ 74.577779325395255, 39.159958235068231 ], [ 74.577265347842939, 39.160131792085849 ], [ 74.576908043923638, 39.160288610448191 ], [ 74.576435845613574, 39.160444768871812 ], [ 74.575810856401887, 39.16068829078727 ], [ 74.573549081277818, 39.16162848874832 ], [ 74.572831414516699, 39.161959757698746 ], [ 74.572384519969034, 39.162151346325558 ], [ 74.571869426519058, 39.162377853094092 ], [ 74.569807934374637, 39.163336826443711 ], [ 74.569338622199211, 39.163528529950071 ], [ 74.568957879384442, 39.163685533523335 ], [ 74.568554633467997, 39.163913101218789 ], [ 74.5670760299802, 39.164753390928958 ], [ 74.563669109527311, 39.166979302997674 ], [ 74.563222033436389, 39.167224279909405 ], [ 74.562795365773837, 39.167451707397007 ], [ 74.562413458895392, 39.167679373459698 ], [ 74.560847112155088, 39.168554442229158 ], [ 74.560465256848232, 39.16874675972926 ], [ 74.559875762051718, 39.168973309996609 ], [ 74.557023870312932, 39.17012424553149 ], [ 74.556383833097541, 39.170368190650194 ], [ 74.555860892754168, 39.170577407257433 ], [ 74.555471612389852, 39.17071667151 ], [ 74.555018287056726, 39.170890897608345 ], [ 74.5536512481995, 39.171272204750842 ], [ 74.552921679802097, 39.171444932096044 ], [ 74.552468316318709, 39.171530795683353 ], [ 74.552035720891666, 39.171616783295661 ], [ 74.551373436047058, 39.171719193670071 ], [ 74.550895286905288, 39.171751915042783 ], [ 74.550417140540844, 39.171802304482512 ], [ 74.54996376272878, 39.171852818173278 ], [ 74.549369763022909, 39.1718849088887 ], [ 74.548823309785789, 39.171952587295216 ], [ 74.54688993536584, 39.172118634560952 ], [ 74.546455327527738, 39.172186931369716 ], [ 74.545225765211782, 39.172162469695238 ], [ 74.544635748219179, 39.172123851705273 ], [ 74.543153715831451, 39.172044969259808 ], [ 74.540353047963322, 39.171941048083227 ], [ 74.528239412713916, 39.171359066274043 ], [ 74.527167049655333, 39.171632372041792 ], [ 74.51907479879479, 39.174086206914978 ], [ 74.512211276188452, 39.176129212509686 ], [ 74.50572745411192, 39.177514013768537 ], [ 74.502357915196086, 39.178547327903075 ], [ 74.50150386446272, 39.178777320927018 ], [ 74.50056518875796, 39.179074961196946 ], [ 74.499647260345156, 39.179411206740085 ], [ 74.498751691622189, 39.179785098767951 ], [ 74.497885029375752, 39.180195572439949 ], [ 74.497209732877465, 39.180555729308153 ], [ 74.492977522632813, 39.182291298409226 ], [ 74.485987230256725, 39.185158478617048 ], [ 74.467752980468248, 39.194925855707737 ], [ 74.455292396953027, 39.200624537587665 ], [ 74.45024990400924, 39.20292955266509 ], [ 74.445290642701977, 39.204443674905484 ], [ 74.437640778093041, 39.20711952176373 ], [ 74.431441334530533, 39.209777336967491 ], [ 74.421803252846388, 39.213274447662634 ], [ 74.412706771946148, 39.215958202728984 ], [ 74.411979527987896, 39.215975410012589 ], [ 74.395830564439848, 39.216356887287546 ], [ 74.393305611651343, 39.216245093652084 ], [ 74.391845742549606, 39.216234051660557 ], [ 74.389779624966963, 39.215993412797772 ], [ 74.380179227827114, 39.214798534043993 ], [ 74.365999742453653, 39.215622103925767 ], [ 74.346631685406663, 39.217992021164335 ], [ 74.342451124298336, 39.217843450900837 ], [ 74.33981760757213, 39.217960232576289 ], [ 74.33746557856017, 39.218064560447971 ], [ 74.32760011552962, 39.219134376666965 ], [ 74.308569147257415, 39.222263098700594 ], [ 74.307027059214718, 39.222516143118838 ], [ 74.293137548701338, 39.224033995905017 ], [ 74.276719143786309, 39.226343164661806 ], [ 74.260664154925749, 39.229797589508188 ], [ 74.258029509562846, 39.230040299933691 ], [ 74.256124884561004, 39.230216038394765 ], [ 74.255035470298395, 39.230316345887019 ], [ 74.249348010805548, 39.231072712753345 ], [ 74.244009943646518, 39.231782088670329 ], [ 74.220327008898806, 39.234253848402076 ], [ 74.20966703896859, 39.235514414473727 ], [ 74.203589033340734, 39.239317489878097 ], [ 74.202973293477797, 39.239750387631943 ], [ 74.202439082442282, 39.240183854083881 ], [ 74.202045338331985, 39.24048714464184 ], [ 74.201683475338086, 39.240681353816122 ], [ 74.201261916013053, 39.240875177637548 ], [ 74.199643013248419, 39.241476011426315 ], [ 74.198720957790613, 39.241797505375118 ], [ 74.198077233710833, 39.241924222185297 ], [ 74.197241418488929, 39.241962173213885 ], [ 74.19654704197518, 39.241979224656959 ], [ 74.195822821952888, 39.241996079685116 ], [ 74.193037996947965, 39.241889393434782 ], [ 74.192119849077784, 39.241904872430865 ], [ 74.191535215158083, 39.241945173045444 ], [ 74.190922456294885, 39.242029155394526 ], [ 74.190253833038582, 39.242134644489916 ], [ 74.187345006590519, 39.242639756271721 ], [ 74.186505957778749, 39.242764748230996 ], [ 74.185779723071107, 39.242803285206143 ], [ 74.183457264171324, 39.242830651741691 ], [ 74.182395864413479, 39.242845004480941 ], [ 74.181726035147577, 39.242840291016449 ], [ 74.181137807171396, 39.242857972043424 ], [ 74.180633430812748, 39.242876240052361 ], [ 74.180187958375754, 39.242894899408746 ], [ 74.17976843633474, 39.242913756145001 ], [ 74.179208901005083, 39.242953430742077 ], [ 74.178675318614225, 39.242993302028239 ], [ 74.178031169379224, 39.243097805829372 ], [ 74.176268664683363, 39.243390673212872 ], [ 74.174051085979016, 39.244007466832294 ], [ 74.173296341282892, 39.244264530994897 ], [ 74.17290391606916, 39.244414900291709 ], [ 74.172427949940214, 39.24452091401723 ], [ 74.171924816520161, 39.244517337775839 ], [ 74.171225337076606, 39.244468606528329 ], [ 74.170415366769689, 39.244375320854125 ], [ 74.167931682636052, 39.243963873930909 ], [ 74.167149554298504, 39.243914660215331 ], [ 74.166533622181504, 39.24391025891363 ], [ 74.166003026409584, 39.243950072186415 ], [ 74.165609802746559, 39.24401278936331 ], [ 74.165163524858329, 39.244184619852497 ], [ 74.164213568941094, 39.24461538540492 ], [ 74.163847108096604, 39.244897199895973 ], [ 74.163624019156856, 39.245180016444998 ], [ 74.163425289027913, 39.245397397570535 ], [ 74.163256665988087, 39.245855638053428 ], [ 74.163225381139199, 39.246183611559672 ], [ 74.163223655335571, 39.246555543661948 ], [ 74.163332589567432, 39.246906397656751 ], [ 74.163495440220871, 39.247235772869118 ], [ 74.163881938204739, 39.248026195524155 ], [ 74.163989399726916, 39.248442684088424 ], [ 74.164097900610898, 39.248990440660556 ], [ 74.164093856471155, 39.249406128678125 ], [ 74.164008659401091, 39.249755581165374 ], [ 74.16383819041728, 39.250191945204655 ], [ 74.163611764138793, 39.25051851732627 ], [ 74.163415695753471, 39.250779654081036 ], [ 74.163161871899078, 39.25104038985846 ], [ 74.162714737524709, 39.251321599076604 ], [ 74.162377596822267, 39.251537975751248 ], [ 74.161845501721501, 39.251862335984576 ], [ 74.15994120005837, 39.252876950459793 ], [ 74.158880257260407, 39.253350621717679 ], [ 74.158126399349911, 39.2534983274006 ], [ 74.157595891838739, 39.253603885737938 ], [ 74.156981910811965, 39.253686959405186 ], [ 74.156395968698149, 39.253748352672673 ], [ 74.155753594482405, 39.253765580609176 ], [ 74.155027592008949, 39.253716424602516 ], [ 74.154498978862009, 39.253668459385793 ], [ 74.152291202411575, 39.253519608531676 ], [ 74.150615237591126, 39.253309421196832 ], [ 74.149973776787888, 39.253173108053176 ], [ 74.148581011028256, 39.252812144297721 ], [ 74.14587981629812, 39.251959704791055 ], [ 74.144902962378836, 39.251820653502605 ], [ 74.144428275637509, 39.251773093613728 ], [ 74.14392315363942, 39.251769017996992 ], [ 74.143363930828031, 39.25187377065015 ], [ 74.14288759865336, 39.252066629220671 ], [ 74.142437927521655, 39.252259759314043 ], [ 74.14201580443482, 39.252453182936577 ], [ 74.141535443604369, 39.252668021191859 ], [ 74.140973883908373, 39.252991481705401 ], [ 74.139055742305487, 39.254091231891003 ], [ 74.138720558884373, 39.254197876450185 ], [ 74.138297141491833, 39.254325713978602 ], [ 74.137821209448433, 39.254409398757097 ], [ 74.134683959691657, 39.254428404971968 ], [ 74.133874019042963, 39.254421995303332 ], [ 74.13291984771017, 39.25443632838558 ], [ 74.131969432663254, 39.254472511837385 ], [ 74.130819298255474, 39.254572702517571 ], [ 74.130201368044226, 39.254655245767388 ], [ 74.129586677761893, 39.254715927564398 ], [ 74.129079246401972, 39.254843067647478 ], [ 74.128715802010149, 39.254971316001374 ], [ 74.128406845074409, 39.255056295323804 ], [ 74.127902143415156, 39.255117858075749 ], [ 74.126163035311365, 39.255498042584797 ], [ 74.124846912449897, 39.25575029356088 ], [ 74.124314411262176, 39.255855516105257 ], [ 74.123781610565658, 39.255982578149805 ], [ 74.122941972620694, 39.25606363660772 ], [ 74.121570714982866, 39.256184370777255 ], [ 74.117741055094342, 39.257135099348112 ], [ 74.115039539809032, 39.257982908746285 ], [ 74.114287681843578, 39.258303330106287 ], [ 74.113898839942578, 39.258430641347303 ], [ 74.113201804322117, 39.258576848029982 ], [ 74.112843474033056, 39.258573362689958 ], [ 74.112455028666332, 39.258525922685649 ], [ 74.111957314691736, 39.25843372478419 ], [ 74.110385330396255, 39.25791603111481 ], [ 74.10632869792606, 39.25658773174046 ], [ 74.104089393834855, 39.256150856792821 ], [ 74.10331193449187, 39.256099605813048 ], [ 74.1024232756657, 39.256136371596234 ], [ 74.101730517262624, 39.256196576413089 ], [ 74.101201311826458, 39.256258010875712 ], [ 74.100755384107501, 39.256320056756799 ], [ 74.100339434223415, 39.25644763694774 ], [ 74.099448529246672, 39.256658829987749 ], [ 74.09877791058193, 39.256936991191445 ], [ 74.098413948101239, 39.257108529677033 ], [ 74.098219063510001, 39.257237749182543 ], [ 74.097995634161776, 39.25743209284645 ], [ 74.097320511104058, 39.258167556699526 ], [ 74.096759554236698, 39.258642522039651 ], [ 74.096340010172327, 39.258900748496174 ], [ 74.094760833132412, 39.259868572164663 ], [ 74.093461464148831, 39.260664282429538 ], [ 74.092898759331817, 39.260943015436837 ], [ 74.092277543862494, 39.261177753062249 ], [ 74.091294535129848, 39.261562918501738 ], [ 74.090282491897455, 39.261905878391168 ], [ 74.08941123087736, 39.262171006881111 ], [ 74.086611580483321, 39.262796770197312 ], [ 74.083678566244885, 39.263322519948886 ], [ 74.081900030241258, 39.263797298649898 ], [ 74.081575760730232, 39.263920768016078 ], [ 74.081237127215402, 39.264159314203198 ], [ 74.08100977654631, 39.264376818139908 ], [ 74.080840786355637, 39.264660545406237 ], [ 74.080807986777018, 39.265033087675924 ], [ 74.080859905169518, 39.265340511865887 ], [ 74.081083364593425, 39.265605406808753 ], [ 74.081417558098806, 39.265805406160894 ], [ 74.081751978841169, 39.265983476670677 ], [ 74.082729668722976, 39.266276263583158 ], [ 74.083092997414283, 39.266366841509509 ], [ 74.08404357088051, 39.26657168743607 ], [ 74.084321851016185, 39.266661600375194 ], [ 74.084489065498047, 39.266750631619296 ], [ 74.084655837334225, 39.266883518496307 ], [ 74.084710438343848, 39.267125159505724 ], [ 74.084679098037668, 39.267453847017286 ], [ 74.08456104532074, 39.267847655321766 ], [ 74.084447096374802, 39.26813182830638 ], [ 74.084248873760657, 39.268437268103547 ], [ 74.083993394348155, 39.268764192420278 ], [ 74.083652970362834, 39.269178164123218 ], [ 74.083255617529744, 39.269679400756026 ], [ 74.08296944404681, 39.270071885802139 ], [ 74.082827469077586, 39.270355834069868 ], [ 74.082739083379238, 39.270684081628389 ], [ 74.082423886042221, 39.271471033294858 ], [ 74.082196513986503, 39.271885883400422 ], [ 74.081511235810268, 39.272889225899242 ], [ 74.081253233453737, 39.273391556629889 ], [ 74.081111017407082, 39.273741281723325 ], [ 74.080993498905372, 39.274113152614333 ], [ 74.080817941788411, 39.274813485056953 ], [ 74.080619146951037, 39.27505313486899 ], [ 74.0803087430196, 39.275269970936861 ], [ 74.07999760946106, 39.275464880910903 ], [ 74.079745509796709, 39.275572524522723 ], [ 74.079547624970147, 39.275658684591903 ], [ 74.079297164873054, 39.275634766862318 ], [ 74.079043980465585, 39.275588921133597 ], [ 74.078821858614148, 39.275455588494097 ], [ 74.078739043610739, 39.275367216990091 ], [ 74.078686200208153, 39.275279069007098 ], [ 74.078631902443064, 39.275147063787102 ], [ 74.078577247085349, 39.274883500458586 ], [ 74.078415185516107, 39.274487479803192 ], [ 74.078250643824418, 39.274135312128259 ], [ 74.078030731653271, 39.273716921369051 ], [ 74.077167391973816, 39.273096075893186 ], [ 74.07686141739056, 39.272874358577937 ], [ 74.074966091795432, 39.271982143516098 ], [ 74.073569199598182, 39.271576313249909 ], [ 74.073093783452904, 39.271484811170666 ], [ 74.072645695666864, 39.271349683695099 ], [ 74.072147299955432, 39.271170264739233 ], [ 74.071341268226305, 39.270769122512803 ], [ 74.069539197117578, 39.269745989558501 ], [ 74.069205083563062, 39.269677530316798 ], [ 74.069010242084659, 39.269632115621732 ], [ 74.068509094683137, 39.269430753404833 ], [ 74.068371639726038, 39.269232291422576 ], [ 74.067851087278996, 39.268307107238684 ], [ 74.067657518888836, 39.268042416488143 ], [ 74.066996994171319, 39.267357308718573 ], [ 74.066745271748061, 39.267223734147436 ], [ 74.066411400223046, 39.267133339211014 ], [ 74.064827263410066, 39.266682035617215 ], [ 74.064465690865248, 39.266503706567121 ], [ 74.063248498947104, 39.265792174164311 ], [ 74.061807950304072, 39.264925340437372 ], [ 74.0615290467302, 39.264747676388367 ], [ 74.061223807588348, 39.264701348612064 ], [ 74.060918082076597, 39.264698875418333 ], [ 74.060750293826842, 39.264741379220411 ], [ 74.060526736255966, 39.264783432851708 ], [ 74.06021752614781, 39.264824810961301 ], [ 74.059773137954508, 39.264843134912994 ], [ 74.059325990558563, 39.264839529445311 ], [ 74.058879387771967, 39.264967486161012 ], [ 74.058457666637253, 39.265095664339903 ], [ 74.058095199062265, 39.265180438987471 ], [ 74.057815624814111, 39.265243963926871 ], [ 74.057535538981099, 39.265263632849013 ], [ 74.057257697515766, 39.26526137568375 ], [ 74.05712025075313, 39.265172538397579 ], [ 74.056984489530549, 39.26484213616358 ], [ 74.054118874041436, 39.265133644065585 ], [ 74.048201725455016, 39.265360820524009 ], [ 74.046841222381502, 39.265389032142409 ], [ 74.045731136324036, 39.265458635283998 ], [ 74.044521418216334, 39.26560608078055 ], [ 74.036932730666052, 39.266487813207412 ], [ 74.035423455808129, 39.266672055341509 ], [ 74.034221724915028, 39.266701417883453 ], [ 74.033319449632103, 39.266693928709067 ], [ 74.03026314192212, 39.266589815794141 ], [ 74.027259183012006, 39.266250009761912 ], [ 74.026113419055932, 39.266004932278214 ], [ 74.02531441713964, 39.265920587103253 ], [ 74.023465294556345, 39.265750102771165 ], [ 74.021415261182966, 39.26573552094397 ], [ 74.020563130013301, 39.265768803835286 ], [ 74.019508228582609, 39.265878545524522 ], [ 74.017997501171351, 39.265944683477237 ], [ 74.013417701970056, 39.266260771741905 ], [ 74.011906649811337, 39.26644504416295 ], [ 74.010446324052168, 39.266590320526149 ], [ 74.009489830141518, 39.266661032417979 ], [ 74.008531892167198, 39.266771142404345 ], [ 74.007475802742974, 39.266840983403632 ], [ 74.006567595804384, 39.266912099891449 ], [ 74.005665006749567, 39.267045911225793 ], [ 74.004769782156473, 39.267087289168458 ], [ 74.003879155520778, 39.267135875398544 ], [ 74.002987228070253, 39.267191661788274 ], [ 74.002096092248692, 39.267254646892845 ], [ 74.001203846389274, 39.267324822565527 ], [ 74.00031658596204, 39.267402178386391 ], [ 73.999427406374394, 39.267486708441162 ], [ 73.998539400202716, 39.267578402290681 ], [ 73.997653668682162, 39.267677251824807 ], [ 73.996769301495931, 39.267783246585196 ], [ 73.995888399978924, 39.26789637171315 ], [ 73.984970524853892, 39.270193267758152 ], [ 73.970579995513077, 39.272590695775747 ], [ 73.959755201995719, 39.273928844530772 ], [ 73.948393018823793, 39.275055159018429 ], [ 73.934270042229244, 39.277056664280323 ], [ 73.932587073330708, 39.277774511108341 ], [ 73.930796735608368, 39.278520237070914 ], [ 73.929426789659118, 39.27882490816738 ], [ 73.928377604472232, 39.278886514176335 ], [ 73.927174540659692, 39.278798131355956 ], [ 73.926221429324016, 39.278811486559881 ], [ 73.924633883330088, 39.27881727374151 ], [ 73.923205117973168, 39.278923659229818 ], [ 73.922155641785039, 39.279108617772351 ], [ 73.920879900743046, 39.279463685525151 ], [ 73.919631579174094, 39.279942529777664 ], [ 73.917749120402391, 39.280611216806903 ], [ 73.916309582697238, 39.281186469140721 ], [ 73.915157095683398, 39.281765632413354 ], [ 73.913434784582975, 39.282739519358742 ], [ 73.905927751446384, 39.287038443270134 ], [ 73.903585623299264, 39.288024966810482 ], [ 73.898507914817941, 39.290142191042385 ], [ 73.893901988358706, 39.291791796521615 ], [ 73.891191003732047, 39.292880205778118 ], [ 73.888398508902114, 39.293835595914373 ], [ 73.886276932428842, 39.294666972756744 ], [ 73.885085866415039, 39.295112959903854 ], [ 73.883981396138736, 39.295394945633596 ], [ 73.880599700544352, 39.295547705821839 ], [ 73.878279253242383, 39.29551673914623 ], [ 73.875622502589124, 39.295415305910936 ], [ 73.873341953349993, 39.295351852379959 ], [ 73.871147143787738, 39.295322439612036 ], [ 73.868325349166312, 39.29498790522026 ], [ 73.866639047293361, 39.294965212472839 ], [ 73.865243150308544, 39.295045328605056 ], [ 73.862369204760427, 39.295402490835549 ], [ 73.860137641405814, 39.2954387651518 ], [ 73.854821300538447, 39.295997316309538 ], [ 73.852838697916724, 39.296169591376326 ], [ 73.851534183833209, 39.296152135875367 ], [ 73.849685421542716, 39.295928624552715 ], [ 73.847459340696957, 39.295766235677739 ], [ 73.842931048738791, 39.295011050569116 ], [ 73.84175955151396, 39.29463288850922 ], [ 73.838938112176905, 39.293903496036066 ], [ 73.834789309315113, 39.293490263105589 ], [ 73.83233348804491, 39.293460386065107 ], [ 73.82991804764373, 39.293430970911047 ], [ 73.826272031659386, 39.293485461940094 ], [ 73.822921201258154, 39.2935104826105 ], [ 73.8202095759777, 39.293510222084237 ], [ 73.81859704077975, 39.2936224000956 ], [ 73.816777302853581, 39.293731230711451 ], [ 73.815599618244136, 39.29368220132055 ], [ 73.81345712164763, 39.293354426889046 ], [ 73.812069991297705, 39.293070635406863 ], [ 73.810726363029659, 39.29282037827862 ], [ 73.80955380752053, 39.292407901890535 ], [ 73.80846831789917, 39.291864909847867 ], [ 73.807799794533622, 39.291459820925766 ], [ 73.806557225825813, 39.290354459894068 ], [ 73.804069872473946, 39.287803355081934 ], [ 73.803189743580191, 39.28753678804685 ], [ 73.801743609171169, 39.286958345207594 ], [ 73.800747150822986, 39.286538471191861 ], [ 73.798593776615476, 39.285620356167989 ], [ 73.794049065363481, 39.284237104135464 ], [ 73.791461403769702, 39.283417896869032 ], [ 73.789355510170495, 39.282908911189544 ], [ 73.784909879831815, 39.280773345188521 ], [ 73.780491200853888, 39.278916549999948 ], [ 73.778847346115427, 39.278160241445967 ], [ 73.776111229822746, 39.276730880199437 ], [ 73.774668796148873, 39.275747239196619 ], [ 73.7728492518537, 39.274098024843681 ], [ 73.769803443600964, 39.271142459430187 ], [ 73.765796020651138, 39.270200090119438 ], [ 73.762943541314797, 39.26946275621836 ], [ 73.758112162986862, 39.267978961137437 ], [ 73.737343959900528, 39.261997828871067 ], [ 73.725931481121776, 39.260165797669707 ], [ 73.709529642270311, 39.259144502298859 ], [ 73.709528642270314, 39.259144502298859 ], [ 73.709009711367585, 39.259783136843978 ], [ 73.707631540870821, 39.261559298908942 ], [ 73.706446717788452, 39.262516635449209 ], [ 73.704970660546849, 39.263358859550586 ], [ 73.704530988045803, 39.263412343484312 ], [ 73.703947759537655, 39.263293964810742 ], [ 73.703621834568068, 39.263092217852126 ], [ 73.703260701253427, 39.262804824727226 ], [ 73.702792583272114, 39.262345849415645 ], [ 73.702142815129918, 39.261828530837647 ], [ 73.70134999374514, 39.26133845278936 ], [ 73.6999035931847, 39.260757795274579 ], [ 73.697625784554958, 39.259828997337159 ], [ 73.69382260170724, 39.258717190782065 ], [ 73.69237313102181, 39.258335618622276 ], [ 73.691539020607706, 39.25815817417579 ], [ 73.690668527941085, 39.257980431761744 ], [ 73.689322762669974, 39.257941142204743 ], [ 73.688085237114834, 39.257959625617943 ], [ 73.687065102166983, 39.258036767207876 ], [ 73.685935811240768, 39.258113014805147 ], [ 73.685098053072281, 39.258163154978277 ], [ 73.684407210241162, 39.258129106073739 ], [ 73.683900122445309, 39.257982713298681 ], [ 73.683706978753719, 39.257776285237384 ], [ 73.683705978753721, 39.257776285237384 ], [ 73.682254534219496, 39.25843487187668 ], [ 73.680797347764056, 39.259003831037084 ], [ 73.675311335277001, 39.260663631384801 ], [ 73.671168945540629, 39.261635235384766 ], [ 73.669053631566101, 39.262257955119168 ], [ 73.66549488036425, 39.263264883134191 ], [ 73.662875313454634, 39.263942697846481 ], [ 73.660762880752543, 39.264653796079848 ], [ 73.656149552773314, 39.266011154671588 ], [ 73.654349251229633, 39.266511903794779 ], [ 73.652903468238605, 39.266863666964674 ], [ 73.651577706318449, 39.267064172315365 ], [ 73.650018803711546, 39.267231924543147 ], [ 73.648183932465273, 39.267427485626662 ], [ 73.640721015550184, 39.26717323106709 ], [ 73.636913137725287, 39.267197952488843 ], [ 73.627569339403692, 39.266835286513988 ], [ 73.620623021443933, 39.266739066847158 ], [ 73.617189051176183, 39.266461933898455 ], [ 73.61493452666933, 39.266435886962284 ], [ 73.611061411400215, 39.266188888755146 ], [ 73.609069239538059, 39.266139073059911 ], [ 73.608528369455001, 39.266106779895871 ], [ 73.608527369455004, 39.266106779895871 ], [ 73.608126682086123, 39.26689997920483 ], [ 73.607517994445104, 39.267510984955742 ], [ 73.605321794253058, 39.267948403221389 ], [ 73.603333595283374, 39.267924561380134 ], [ 73.600956980228787, 39.267432305258829 ], [ 73.599026654675541, 39.26627031334472 ], [ 73.596981516921588, 39.266607790808457 ], [ 73.594663368262644, 39.266913453862031 ], [ 73.591693111016738, 39.267684042726373 ] ], [ [ 73.702284919347264, 39.29419911671917 ], [ 73.701698428759187, 39.295020968703604 ], [ 73.701249019333218, 39.295356678286737 ], [ 73.700678815203744, 39.295446855688148 ], [ 73.699859411877341, 39.295387418310952 ], [ 73.699361022443583, 39.295088188363557 ], [ 73.698745117812138, 39.294397090811501 ], [ 73.698512256970545, 39.293515807617815 ], [ 73.698032401724888, 39.292387349786779 ], [ 73.697482912178927, 39.291550735514498 ], [ 73.696987828770403, 39.291105162621456 ], [ 73.696548232296735, 39.291001854757511 ], [ 73.695847475698073, 39.291285476177087 ], [ 73.695271841527713, 39.291619516813732 ], [ 73.694827880036684, 39.291711312457558 ], [ 73.694515599213091, 39.291560864744703 ], [ 73.694152213670421, 39.290873038253977 ], [ 73.69366698348702, 39.289988452524689 ], [ 73.69311101386856, 39.289444484542436 ], [ 73.692243876405925, 39.288701281189311 ], [ 73.69081644614819, 39.287609205098477 ], [ 73.689886251907794, 39.28686516025828 ], [ 73.689208500549839, 39.28612441444622 ], [ 73.68871898366703, 39.285434918694918 ], [ 73.688303534977123, 39.284258471494994 ], [ 73.688012114661944, 39.283181230786468 ], [ 73.68752810870339, 39.282247843662184 ], [ 73.687351953711186, 39.281660031306195 ], [ 73.686857003622521, 39.281214416845742 ], [ 73.685791957445801, 39.28085890672638 ], [ 73.684658329672018, 39.280746447836314 ], [ 73.683459410689537, 39.280730705447986 ], [ 73.682446494029946, 39.28086377021517 ], [ 73.680605556488715, 39.281327474550864 ], [ 73.679087815601534, 39.281453864620239 ], [ 73.677510273863305, 39.281433070942747 ], [ 73.676061146645964, 39.281316365336608 ], [ 73.674166999549072, 39.281340138273812 ], [ 73.67207690940667, 39.281654040542101 ], [ 73.670110788926635, 39.28206712929083 ], [ 73.669032514738177, 39.282296793860411 ], [ 73.667634279184952, 39.282717371678025 ], [ 73.667183684008037, 39.28310172545325 ], [ 73.666156266732244, 39.283868749553903 ], [ 73.665650330345414, 39.283910820030123 ], [ 73.664771326976634, 39.283703966584994 ], [ 73.664092761840763, 39.283011853314655 ], [ 73.663659942183585, 39.282615760194055 ], [ 73.662966930634425, 39.282557744317984 ], [ 73.662204137823181, 39.282791546817059 ], [ 73.661684838617276, 39.283418922552961 ], [ 73.661474364843002, 39.284343164718976 ], [ 73.661133216618012, 39.285460830261279 ], [ 73.660731183693272, 39.286480101151398 ], [ 73.660263802543284, 39.287596081694019 ], [ 73.659608196659633, 39.288660757225308 ], [ 73.65882747016451, 39.289674966400362 ], [ 73.658054534235049, 39.290347732118093 ], [ 73.656976096052801, 39.290577281812872 ], [ 73.656098155225408, 39.290321585975114 ], [ 73.655229169349099, 39.289675668022319 ], [ 73.654370274314758, 39.288590752211427 ], [ 73.653570030212194, 39.287701783858417 ], [ 73.652643595330659, 39.286811117664001 ], [ 73.651337435082297, 39.285964143501296 ], [ 73.649714659260596, 39.285161695501863 ], [ 73.647767420015086, 39.284745199347554 ], [ 73.64555991437912, 39.284666709131628 ], [ 73.643982323576225, 39.284645460004548 ], [ 73.643103379562305, 39.284438443911966 ], [ 73.642548975041677, 39.283845465562571 ], [ 73.642199668434614, 39.282572163650947 ], [ 73.642172638534618, 39.281010459601085 ], [ 73.642138848214188, 39.27974141513868 ], [ 73.64184477299095, 39.278810400648929 ], [ 73.641047056315202, 39.277823795429647 ], [ 73.640367652465443, 39.277180326357417 ], [ 73.637273261665669, 39.274454935811939 ], [ 73.636779315460046, 39.273911539042473 ], [ 73.636790123180603, 39.273374974447627 ], [ 73.637050357781916, 39.272988161063857 ], [ 73.637682272131599, 39.272947920556149 ], [ 73.638558707552406, 39.273301319491765 ], [ 73.642257744624985, 39.274522285242448 ], [ 73.643516709717403, 39.274685639973107 ], [ 73.644589324862991, 39.274700093249599 ], [ 73.645975462199061, 39.274816340177388 ], [ 73.647232490631424, 39.275077212732882 ], [ 73.648550945094414, 39.275387686486404 ], [ 73.649995411191085, 39.275699838498475 ], [ 73.651310333987198, 39.27615660975458 ], [ 73.653189788187021, 39.276767307986638 ], [ 73.65475490613197, 39.277324976574619 ], [ 73.656069891473621, 39.277781695006489 ], [ 73.657508859799123, 39.278337638537764 ], [ 73.659075160831051, 39.278846473790622 ], [ 73.6597670199194, 39.278953288514117 ], [ 73.66033713935802, 39.27886330991074 ], [ 73.660911711367532, 39.278578218664428 ], [ 73.661553834668908, 39.278098857158163 ], [ 73.66226683923496, 39.277278892739801 ], [ 73.662980939699793, 39.276410147169464 ], [ 73.66350573547372, 39.275538877304868 ], [ 73.664214885927919, 39.274816432198222 ], [ 73.66517480154755, 39.274146108637247 ], [ 73.666443439462043, 39.273821423291061 ], [ 73.667898463334396, 39.273645573320728 ], [ 73.670558034786467, 39.273192916580925 ], [ 73.672260624821433, 39.273264250719322 ], [ 73.673959392850577, 39.273530677864279 ], [ 73.675530070390764, 39.273892972003637 ], [ 73.677164817458049, 39.274207298577643 ], [ 73.678862671945538, 39.274522435455594 ], [ 73.681003168799066, 39.274794579976941 ], [ 73.682513671730661, 39.275009611329345 ], [ 73.683579655392478, 39.27536516404848 ], [ 73.684261124801893, 39.275959617290297 ], [ 73.684877825998257, 39.276602009375495 ], [ 73.685371634489357, 39.277096408691676 ], [ 73.686369140878213, 39.277646204915094 ], [ 73.687490665891687, 39.278295201221397 ], [ 73.688420726295718, 39.279039263963192 ], [ 73.68922788705656, 39.279635333779837 ], [ 73.690041625852601, 39.279938732080517 ], [ 73.690735732060787, 39.279947809787842 ], [ 73.69212503799325, 39.279917173567426 ], [ 73.693642726941761, 39.279790612527428 ], [ 73.694590324804295, 39.279754181393152 ], [ 73.695346440425524, 39.279812833210819 ], [ 73.696348421015401, 39.280167432883822 ], [ 73.697034906882294, 39.280517917074889 ], [ 73.70139877522945, 39.282965463284661 ], [ 73.702327957768716, 39.283758194948 ], [ 73.70331592886312, 39.284746850368442 ], [ 73.704049332186955, 39.28582978080189 ], [ 73.704403031837458, 39.286956579505883 ], [ 73.704440115156416, 39.288128068995825 ], [ 73.704353149956432, 39.2892003651164 ], [ 73.704080105814057, 39.290123875318827 ], [ 73.703672153107377, 39.291435968743826 ], [ 73.703213011238049, 39.292210687445227 ], [ 73.702748427736395, 39.293229291727435 ], [ 73.702284919347264, 39.29419911671917 ] ], [ [ 73.715495244109732, 39.292016074316308 ], [ 73.715479946979983, 39.29270902889381 ], [ 73.715188284852843, 39.293225142771696 ], [ 73.714677249723565, 39.29352182006253 ], [ 73.714339110220081, 39.29360411129754 ], [ 73.713946846570963, 39.293599062477298 ], [ 73.713560324290171, 39.293334151790269 ], [ 73.712903196950535, 39.292632535722966 ], [ 73.712422811679474, 39.29154329555309 ], [ 73.71194531708278, 39.290324125478861 ], [ 73.711355768842765, 39.28910350810019 ], [ 73.710880226944738, 39.287797712835207 ], [ 73.710616363220637, 39.287057833733058 ], [ 73.710132213371566, 39.286141823899335 ], [ 73.70959012702933, 39.285311706166638 ], [ 73.708606528760797, 39.284172629897796 ], [ 73.707787207587074, 39.283208954873814 ], [ 73.706739950600308, 39.282415614615779 ], [ 73.704746012053064, 39.281350073963822 ], [ 73.703527845744247, 39.280684457038284 ], [ 73.702142587891245, 39.279973336404986 ], [ 73.701145679575134, 39.279440532924539 ], [ 73.700430849769575, 39.278824738859363 ], [ 73.700108204981689, 39.278214038106576 ], [ 73.700230872262992, 39.277739090509421 ], [ 73.700914745837039, 39.277228108308961 ], [ 73.701985960418455, 39.276938761508944 ], [ 73.703670539584579, 39.276787321612723 ], [ 73.705239218624925, 39.276807645810464 ], [ 73.707083217319919, 39.277048122292967 ], [ 73.708591080168858, 39.277284224706243 ], [ 73.709929920222706, 39.277561448670205 ], [ 73.711990393523891, 39.278151215988011 ], [ 73.714553222790414, 39.27883405775578 ], [ 73.71655774684065, 39.279423025429679 ], [ 73.717785561157314, 39.279655408161226 ], [ 73.718626918874293, 39.27962288905821 ], [ 73.719977278840787, 39.279380279663314 ], [ 73.721273508067441, 39.279050316358607 ], [ 73.722396891031352, 39.278934738188099 ], [ 73.723291411718421, 39.279032830150193 ], [ 73.723677891496564, 39.279297708438378 ], [ 73.724229607211925, 39.279694662571885 ], [ 73.725115130060573, 39.280182524667396 ], [ 73.726387669922175, 39.280588679109549 ], [ 73.728051069022442, 39.280956482015256 ], [ 73.729656892157237, 39.281410171783769 ], [ 73.730819973898917, 39.281728238534853 ], [ 73.731867882628109, 39.282218116822115 ], [ 73.732802517688867, 39.282793188056168 ], [ 73.733291557807874, 39.283362591608267 ], [ 73.733726789200418, 39.283844666425651 ], [ 73.734052510873724, 39.284238701619934 ], [ 73.734486811043737, 39.284764083504434 ], [ 73.734479265116974, 39.285110564094921 ], [ 73.734356538357929, 39.285628870069182 ], [ 73.733839167554564, 39.286358773102386 ], [ 73.733160337151929, 39.286826690458497 ], [ 73.732374812071996, 39.287076634810752 ], [ 73.731310757441932, 39.287323032220158 ], [ 73.730690443590134, 39.28766171166474 ], [ 73.730062555298417, 39.28834686969212 ], [ 73.729538493309974, 39.289379922179066 ], [ 73.729567701892364, 39.290593311071021 ], [ 73.729589339198796, 39.292153179181874 ], [ 73.729297545957081, 39.292755969817669 ], [ 73.72901521326861, 39.292925660982149 ], [ 73.728625251326932, 39.292920689038681 ], [ 73.727963377591934, 39.29260899407506 ], [ 73.727143861324635, 39.291862063657582 ], [ 73.726329106076605, 39.290898579685631 ], [ 73.725689080175513, 39.28959074458708 ], [ 73.725161439490421, 39.288241019209217 ], [ 73.724630256865979, 39.286977892446153 ], [ 73.724090841766014, 39.286017910654486 ], [ 73.723433674097635, 39.285316352569808 ], [ 73.72260747290909, 39.284655947749144 ], [ 73.721162099195226, 39.284117571570917 ], [ 73.719707216246391, 39.284012277484038 ], [ 73.718238978596091, 39.284513302647241 ], [ 73.717558973397786, 39.284851146758918 ], [ 73.716704182460063, 39.285489993970508 ], [ 73.716128582846153, 39.286175747356097 ], [ 73.715714374270775, 39.287166828770467 ], [ 73.715471125703843, 39.288030141295593 ], [ 73.715458699823515, 39.288593168141347 ], [ 73.715498479698823, 39.289330152092134 ], [ 73.715483183869679, 39.290023109243961 ], [ 73.715517233788063, 39.291019951686209 ], [ 73.715495244109732, 39.292016074316308 ] ], [ [ 73.760101077743116, 39.293317727675216 ], [ 73.759157722822764, 39.293132664672626 ], [ 73.758331363248956, 39.292689121945401 ], [ 73.757953473601432, 39.292121213876655 ], [ 73.757801211955737, 39.291426157372086 ], [ 73.757813288302231, 39.290863120702497 ], [ 73.758157752150694, 39.29039088270806 ], [ 73.759173481985641, 39.289797060318676 ], [ 73.760685920926662, 39.289426036805281 ], [ 73.762194636262265, 39.289228236618072 ], [ 73.763365404044592, 39.289199497766973 ], [ 73.764143447666811, 39.289295825335344 ], [ 73.764863012036088, 39.289521388560118 ], [ 73.76535790703791, 39.289830797567753 ], [ 73.76551301208977, 39.290395912318594 ], [ 73.765387731303008, 39.291044187229723 ], [ 73.764982982618662, 39.29173230646245 ], [ 73.764415721285943, 39.292201795010676 ], [ 73.763794591739313, 39.292583962704732 ], [ 73.76328765177665, 39.292837584796402 ], [ 73.762724074615477, 39.29313382147194 ], [ 73.762107561557343, 39.293299428691419 ], [ 73.761103855378337, 39.293330238730718 ], [ 73.760101077743116, 39.293317727675216 ] ], [ [ 73.738643676702111, 39.296037206530919 ], [ 73.737651225980471, 39.295548091706706 ], [ 73.736773977533176, 39.294887141321787 ], [ 73.736178123474957, 39.294099788506003 ], [ 73.735973191865654, 39.293274071691009 ], [ 73.735988272839492, 39.292581108782507 ], [ 73.736003350394228, 39.291888148006286 ], [ 73.736244089055759, 39.291068082312343 ], [ 73.736536756440344, 39.290421965454911 ], [ 73.736993717217103, 39.28990789432622 ], [ 73.737287315770686, 39.289218463220934 ], [ 73.737473262046407, 39.288354378828586 ], [ 73.737542147030055, 39.287748742198559 ], [ 73.737719618377596, 39.287274447885736 ], [ 73.738336132207692, 39.287108969740792 ], [ 73.739171701413142, 39.287119550883574 ], [ 73.741001500045471, 39.287532597766486 ], [ 73.742609437275362, 39.287899492342291 ], [ 73.744216453044416, 39.28830967488355 ], [ 73.745880133865967, 39.288677227014333 ], [ 73.747320068474465, 39.289085260603002 ], [ 73.748759087081368, 39.289536586652162 ], [ 73.750202794529059, 39.289771344995792 ], [ 73.751534162401555, 39.290047995954481 ], [ 73.752472794211755, 39.290449674749453 ], [ 73.753406779585092, 39.291067894326559 ], [ 73.753950819346571, 39.291681224063531 ], [ 73.754108631512707, 39.292116422175162 ], [ 73.753984175321875, 39.292721370569353 ], [ 73.753747363041853, 39.29336823340973 ], [ 73.753394469444629, 39.294230252510488 ], [ 73.752935736537424, 39.294831009262879 ], [ 73.752259743335514, 39.29516910567655 ], [ 73.751529902088635, 39.295419879249387 ], [ 73.751084209289729, 39.295414283466094 ], [ 73.750753674611971, 39.295236844359543 ], [ 73.750600543446126, 39.294585089832353 ], [ 73.750728769322407, 39.293806903473538 ], [ 73.750682392424963, 39.293373101826319 ], [ 73.750463288638372, 39.293197060321191 ], [ 73.749741864438292, 39.293058030593492 ], [ 73.748680581038485, 39.293174653837738 ], [ 73.747666586216454, 39.293681759934294 ], [ 73.746593120299494, 39.294361397780101 ], [ 73.745686769793181, 39.295043130243911 ], [ 73.744952220529214, 39.295510414002635 ], [ 73.744163823080271, 39.295890368567868 ], [ 73.743043022001885, 39.296179476635416 ], [ 73.741978866372349, 39.296425969592519 ], [ 73.741031760535009, 39.296413999183642 ], [ 73.739918463810881, 39.296356596071604 ], [ 73.738643676702111, 39.296037206530919 ] ], [ [ 73.754272113446078, 39.305245043182346 ], [ 73.75282248211839, 39.305270192710758 ], [ 73.751652379603726, 39.305255511140778 ], [ 73.750819390414279, 39.30511508629931 ], [ 73.750213019323851, 39.304804216544717 ], [ 73.749784089370294, 39.304019031697308 ], [ 73.749632819168482, 39.303280656837757 ], [ 73.749415556988836, 39.303017993343261 ], [ 73.749304121124666, 39.303016591208483 ], [ 73.748912230127999, 39.303098308406064 ], [ 73.748341962509642, 39.303697644227007 ], [ 73.747772622215834, 39.304253664913688 ], [ 73.747038923224594, 39.304677647645327 ], [ 73.745921739236806, 39.304793541501226 ], [ 73.743974400029771, 39.304639021600003 ], [ 73.742094057376406, 39.303965450764878 ], [ 73.741317762352338, 39.303782352081662 ], [ 73.740376201586898, 39.303510513929858 ], [ 73.74010325441732, 39.303247129338637 ], [ 73.740001222474035, 39.302812618467648 ], [ 73.74006634482862, 39.302380223025935 ], [ 73.740465761871761, 39.301952055278342 ], [ 73.741139993947186, 39.3017006492638 ], [ 73.74247718394578, 39.30171754757643 ], [ 73.744484843217222, 39.301656244282483 ], [ 73.746328158988689, 39.301462870396229 ], [ 73.748231858183189, 39.301053618027701 ], [ 73.750244167605331, 39.300775663056825 ], [ 73.752419875036068, 39.30067301292808 ], [ 73.754653154461664, 39.30048439707361 ], [ 73.756830711362028, 39.300295044149443 ], [ 73.758170666171196, 39.30018182922538 ], [ 73.759172613952089, 39.300237666341914 ], [ 73.760113281485687, 39.30055266320219 ], [ 73.7609991685202, 39.300823645845206 ], [ 73.761778262172143, 39.300876683113792 ], [ 73.762731918874522, 39.300585312181319 ], [ 73.76346640681453, 39.300117915577566 ], [ 73.764199034246346, 39.29973713682844 ], [ 73.764874089964707, 39.29944228133396 ], [ 73.765488802038277, 39.299363280867304 ], [ 73.766542763963486, 39.299592989856905 ], [ 73.767427743103354, 39.299907236347707 ], [ 73.768198527763133, 39.300350025320988 ], [ 73.768912683110472, 39.300835426806742 ], [ 73.769235912467494, 39.301359299923391 ], [ 73.769227612973012, 39.301749094803611 ], [ 73.768826524613928, 39.302263984628418 ], [ 73.768087434721465, 39.302947968666814 ], [ 73.767347405432105, 39.303675255679856 ], [ 73.766494073682935, 39.304487774632499 ], [ 73.765701991326424, 39.305041117881089 ], [ 73.764800306251345, 39.305506445504946 ], [ 73.763850296287714, 39.305624591592718 ], [ 73.762959704678821, 39.305570180464656 ], [ 73.76208116509018, 39.304952726289557 ], [ 73.761149703863907, 39.304204640980835 ], [ 73.760652875836058, 39.303981833782139 ], [ 73.760039974572948, 39.30397418769887 ], [ 73.759309137540598, 39.304268318746189 ], [ 73.758685087202821, 39.304780388773111 ], [ 73.75834333976411, 39.305122693638474 ], [ 73.75806102775735, 39.305292455264642 ], [ 73.757497325079157, 39.305588661782238 ], [ 73.756717251616635, 39.305578907390696 ], [ 73.755438496197186, 39.305432938519616 ], [ 73.754272113446078, 39.305245043182346 ] ], [ [ 73.749031556623351, 39.317580164097215 ], [ 73.748566179156967, 39.317834243015582 ], [ 73.74793641951436, 39.317956283849753 ], [ 73.747267668348897, 39.317947865494048 ], [ 73.746728525449313, 39.317746128121144 ], [ 73.746323203645929, 39.317156178432334 ], [ 73.746007807907361, 39.31627493628082 ], [ 73.745782335562168, 39.315102402245721 ], [ 73.745590230752796, 39.314320187128388 ], [ 73.745272747118634, 39.313536392732253 ], [ 73.745114006451075, 39.313144494072326 ], [ 73.744783171033774, 39.312977863195009 ], [ 73.744405620806319, 39.313038085356261 ], [ 73.744226485461894, 39.313588179021565 ], [ 73.744045233663783, 39.314235719779077 ], [ 73.743703840123914, 39.314556327752619 ], [ 73.743409867461992, 39.314617599514449 ], [ 73.742579607536555, 39.314347185267678 ], [ 73.741796076924487, 39.313849914706395 ], [ 73.74093108706785, 39.31325413440603 ], [ 73.740276491760895, 39.312596026729665 ], [ 73.739954135466135, 39.312039595116651 ], [ 73.739843572713369, 39.31135587433252 ], [ 73.739897358355293, 39.310804200780595 ], [ 73.740535527408326, 39.310292412828026 ], [ 73.74171557585008, 39.309852451898564 ], [ 73.74294162238121, 39.309218109273779 ], [ 73.744249824811064, 39.308649776229203 ], [ 73.745424199961178, 39.30846963558632 ], [ 73.74638680217069, 39.308416784004571 ], [ 73.747389088764507, 39.308461898445884 ], [ 73.748431064075049, 39.308604975700348 ], [ 73.749638107363481, 39.308847593499586 ], [ 73.750877146158686, 39.30954548132874 ], [ 73.751243471555867, 39.310004963438423 ], [ 73.751732377854552, 39.310595946171752 ], [ 73.752010227883787, 39.31128175402791 ], [ 73.75207631766456, 39.312094870282962 ], [ 73.751888846020933, 39.313034768187094 ], [ 73.751876247694995, 39.313619457398353 ], [ 73.751655374192197, 39.314169038635413 ], [ 73.751264513942303, 39.314846451551247 ], [ 73.750831150956387, 39.315555821951818 ], [ 73.750741255454074, 39.315847114932176 ], [ 73.750563563870671, 39.316332252883932 ], [ 73.75022078669835, 39.316717843804099 ], [ 73.749624420781373, 39.31723021229049 ], [ 73.749031556623351, 39.317580164097215 ] ] ], [ [ [ 73.599026654675541, 39.26627031334472 ], [ 73.599027439527489, 39.266270183832738 ], [ 73.599026439527492, 39.266270183832738 ], [ 73.599026654675541, 39.26627031334472 ] ] ] ] } },
{ "type": "Feature", "properties": { "ID": 579, "周长": 0.029185443399070365, "面积": 3.4463534248059636e-05, "FEATUREID": "OFBB004C1AJ430010020000009", "CHFCAC": "000009", "YSX": "1300", "QDIAA": "410301>410206", "GCJFLP": "灰色二云石英片岩、黑云绢云石英片岩、黑云变粒岩、石榴绢云石英片岩、大理岩", "QDUECD": "赛图拉岩群", "QDUECC": "→ChSt.", "GZEKG": "222100       ", "MDLHL": 0.0, "KWBED": "2517-1594-3124", "YSC": "3607", "YSD": "3207", "YSADAB": "", "QDIAB": "111000-251100", "YSWA": "07", "YSVA": "003", "QDIBE": "西昆仑变质带", "YSVAD": "", "DDCDS": "1220", "QDIMD": "", "fill_color": -1536, "pattern": 753, "pattern_color": 18432, "_src_file": "LDZOFBB004.WP", "_src_id": 8 }, "geometry": { "type": "MultiPolygon", "coordinates": [ [ [ [ 73.512937854789783, 39.287258145826343 ], [ 73.51212190852948, 39.286838255479559 ], [ 73.511237319329354, 39.286520343092569 ], [ 73.51044739035467, 39.286383250508436 ], [ 73.509589446700815, 39.286322458878722 ], [ 73.508333018748672, 39.28633433157345 ], [ 73.506842689710751, 39.286446349470729 ], [ 73.505944637231437, 39.286667614692028 ], [ 73.504841863938481, 39.287143452442336 ], [ 73.504004744884114, 39.287570845442822 ], [ 73.50336847453535, 39.287897714643172 ], [ 73.502664173981032, 39.288300880025162 ], [ 73.502090122823049, 39.288782533838123 ], [ 73.501716288519546, 39.289189346202924 ], [ 73.501505758735149, 39.289675013235282 ], [ 73.501490297826336, 39.290291259424663 ], [ 73.501584027229256, 39.290545045307688 ], [ 73.502806141652414, 39.290436849868399 ], [ 73.504691816125884, 39.29030679459958 ], [ 73.506284714512574, 39.290149290659393 ], [ 73.508229687148258, 39.289856455432265 ], [ 73.512257680057317, 39.289028983486091 ], [ 73.514255948214242, 39.288629154000247 ], [ 73.51477363209608, 39.288524411156011 ], [ 73.514774632096078, 39.288524411156011 ], [ 73.513817983461152, 39.28775578379026 ], [ 73.512937854789783, 39.287258145826343 ] ] ], [ [ [ 73.501584058890842, 39.290545131035998 ], [ 73.501584027229256, 39.290545045307688 ], [ 73.501583058890844, 39.290545131035998 ], [ 73.501584058890842, 39.290545131035998 ] ] ] ] } },
{ "type": "Feature", "properties": { "ID": 593, "周长": 0.31622921734595194, "面积": 0.002411694826853529, "FEATUREID": "OFBB004C1AJ430010020000010", "CHFCAC": "000010", "YSX": "1300", "QDIAA": "410301>410206", "GCJFLP": "灰色二云石英片岩、黑云绢云石英片岩、黑云变粒岩、石榴绢云石英片岩、大理岩", "QDUECD": "赛图拉岩群", "QDUECC": "→ChSt.", "GZEKG": "222100       ", "MDLHL": 0.0, "KWBED": "2517-1594-3124", "YSC": "3607", "YSD": "3207", "YSADAB": "", "QDIAB": "111000-251100", "YSWA": "07", "YSVA": "003", "QDIBE": "西昆仑变质带", "YSVAD": "", "DDCDS": "1220", "QDIMD": "", "fill_color": 2560, "pattern": 754, "pattern_color": 18432, "_src_file": "LDZOFBB004.WP", "_src_id": 9 }, "geometry": { "type": "MultiPolygon", "coordinates": [ [ [ [ 73.875067536880522, 39.285494225399425 ], [ 73.874145295928301, 39.285354009542807 ], [ 73.872603951594542, 39.285318814675442 ], [ 73.871680104925133, 39.285282369431556 ], [ 73.867095682674304, 39.284859852855661 ], [ 73.865283309487339, 39.284618867325499 ], [ 73.863809649360164, 39.284358505977977 ], [ 73.862091752134432, 39.283975382826753 ], [ 73.860651845175596, 39.283740168713088 ], [ 73.85957724063563, 39.283605948222544 ], [ 73.856281387036972, 39.283611429896084 ], [ 73.854065635342351, 39.28358268893048 ], [ 73.844261638300281, 39.283260887564737 ], [ 73.842755900950721, 39.283216616698326 ], [ 73.841649601229747, 39.283225794792102 ], [ 73.840353777758011, 39.283376823464344 ], [ 73.838057046312073, 39.283562863791033 ], [ 73.831120687226814, 39.283278207236805 ], [ 73.828487680305102, 39.283219039105667 ], [ 73.827003281089404, 39.283054891266424 ], [ 73.824375683196578, 39.282707757071577 ], [ 73.821939449723132, 39.282292483790741 ], [ 73.817499150195033, 39.281394636176401 ], [ 73.816429153989631, 39.281115359546639 ], [ 73.815239601882382, 39.280762178562739 ], [ 73.814382055592503, 39.280630263339582 ], [ 73.81352369132405, 39.280546508460212 ], [ 73.812725553345729, 39.280415400496572 ], [ 73.812208128389017, 39.280263904509312 ], [ 73.811657240178675, 39.280039745070326 ], [ 73.810833063098073, 39.279811876505143 ], [ 73.810008475266088, 39.279608086525613 ], [ 73.806619120792149, 39.278751728703426 ], [ 73.805482995305439, 39.27835179250318 ], [ 73.804457483427839, 39.277739673996379 ], [ 73.800890967522733, 39.276151646716421 ], [ 73.799537425115147, 39.275576662774938 ], [ 73.798401669705001, 39.275175866627791 ], [ 73.797099004676184, 39.274858481038201 ], [ 73.795798581071196, 39.274583895784971 ], [ 73.795037453769851, 39.274445120440653 ], [ 73.793623367604965, 39.274084659192091 ], [ 73.792106539948918, 39.273466372923451 ], [ 73.791129711766033, 39.272983262933707 ], [ 73.789779466112492, 39.272110082469794 ], [ 73.788650545624535, 39.271196773531223 ], [ 73.786717656902724, 39.269202929474403 ], [ 73.784311038575993, 39.266389468063458 ], [ 73.781691359336534, 39.263230723796894 ], [ 73.780942472465043, 39.262407728056417 ], [ 73.78024332266412, 39.261799480728065 ], [ 73.779481535769747, 39.26157588645453 ], [ 73.778503052599277, 39.261306748687979 ], [ 73.777097627881432, 39.261088171336219 ], [ 73.775759375516543, 39.260653771605796 ], [ 73.772665915454013, 39.259471673182411 ], [ 73.7719439410712, 39.259132592896627 ], [ 73.77149796648159, 39.258863903023446 ], [ 73.768723104573411, 39.257089622099649 ], [ 73.76786079288479, 39.256666700865992 ], [ 73.767249743577779, 39.256289730692693 ], [ 73.76667005232504, 39.255760050757324 ], [ 73.763550377178674, 39.252934802214533 ], [ 73.762637270632624, 39.252161728281301 ], [ 73.761839157669954, 39.251367806835425 ], [ 73.761343930069586, 39.250838856561721 ], [ 73.760439570202848, 39.249606903631168 ], [ 73.759111592708734, 39.247193821652601 ], [ 73.757965012964519, 39.24554615315499 ], [ 73.75733716762133, 39.244514625490893 ], [ 73.756624717864298, 39.243700155528025 ], [ 73.755988493111289, 39.243191770476272 ], [ 73.755237031063174, 39.242725753262718 ], [ 73.754429781857297, 39.242389908123329 ], [ 73.753676121401909, 39.242185456810617 ], [ 73.752861233335565, 39.242132972923237 ], [ 73.751961754842597, 39.2421449576754 ], [ 73.75111587259849, 39.242223466440528 ], [ 73.750467759028894, 39.242370571905859 ], [ 73.749699496410813, 39.242735161638912 ], [ 73.749129169449304, 39.243145229934861 ], [ 73.748839194858604, 39.243492388290143 ], [ 73.748718709081714, 39.243863200608551 ], [ 73.748735448469574, 39.244409635207013 ], [ 73.748877253612704, 39.245634416296888 ], [ 73.748857781277664, 39.246595843696994 ], [ 73.748673856458979, 39.247250245643386 ], [ 73.748465252815407, 39.247664267495011 ], [ 73.74802917526597, 39.248186236179158 ], [ 73.747397007219178, 39.248488545610506 ], [ 73.746368932969091, 39.248854110970605 ], [ 73.745825325842915, 39.248994982166131 ], [ 73.745825325842915, 39.248994982166131 ], [ 73.748298500136187, 39.243937001040656 ], [ 73.74931581341589, 39.242502150463267 ], [ 73.750711225386766, 39.241219159776684 ], [ 73.755644557170697, 39.238034608414011 ], [ 73.764045482735739, 39.232548692552172 ], [ 73.770873224655418, 39.228199916502632 ], [ 73.774847708217919, 39.225797611204406 ], [ 73.778125841198403, 39.224192335798541 ], [ 73.77916707145738, 39.223802157263172 ], [ 73.77916707145738, 39.223802157263172 ], [ 73.78006551394536, 39.225704549748706 ], [ 73.780470594138592, 39.226977329339817 ], [ 73.780905385126175, 39.228083086278296 ], [ 73.781439818876834, 39.228974750073014 ], [ 73.783318243227839, 39.231318499093526 ], [ 73.784155006236318, 39.232214267279126 ], [ 73.784694927135376, 39.232771299044472 ], [ 73.786707272494041, 39.234446847026582 ], [ 73.787669321072158, 39.235224217686351 ], [ 73.788238481393165, 39.235853425372923 ], [ 73.788565249972791, 39.236336188284469 ], [ 73.788705247377024, 39.236912685606292 ], [ 73.78873117613692, 39.237272268417726 ], [ 73.788723722446278, 39.237679407324222 ], [ 73.788775717530172, 39.23806328345151 ], [ 73.788951292101757, 39.238472481093382 ], [ 73.790625966427498, 39.240383681052656 ], [ 73.791015374746081, 39.240723200337563 ], [ 73.791469283635308, 39.240965841091516 ], [ 73.791834014943035, 39.24108870099699 ], [ 73.792319304134708, 39.241236677209642 ], [ 73.792832766977199, 39.241503747891286 ], [ 73.793315728068791, 39.241770473254562 ], [ 73.793793892849095, 39.242179700559952 ], [ 73.794393892132049, 39.242804046478199 ], [ 73.79636333788612, 39.2449670369638 ], [ 73.798521680726211, 39.246992013672198 ], [ 73.798847489182151, 39.247495342904877 ], [ 73.799053992337193, 39.247807006656629 ], [ 73.799231598193117, 39.248189506218353 ], [ 73.799339683539159, 39.248903678748889 ], [ 73.799451954673344, 39.249404099582655 ], [ 73.799807288573831, 39.249907842044536 ], [ 73.80037711048989, 39.250366989258616 ], [ 73.800980913652012, 39.250802796288966 ], [ 73.80327914052171, 39.251879330960143 ], [ 73.804609405877727, 39.252467566840203 ], [ 73.805515344374356, 39.252907493430335 ], [ 73.80684633712545, 39.253614455581207 ], [ 73.809075879006457, 39.255093808125743 ], [ 73.81022465589713, 39.255655752395676 ], [ 73.810741026285683, 39.255781518015532 ], [ 73.811257319579411, 39.255859779852806 ], [ 73.811987807373228, 39.256012175604511 ], [ 73.813205925394811, 39.256147406825214 ], [ 73.813993520531454, 39.256348116187716 ], [ 73.814751229801644, 39.256619658477241 ], [ 73.815145652701915, 39.256791260997971 ], [ 73.815627396651408, 39.257130348258443 ], [ 73.816139736126701, 39.257517344420037 ], [ 73.816615982267948, 39.258141434989533 ], [ 73.816697795143511, 39.258593927514326 ], [ 73.816591609233598, 39.259259601086455 ], [ 73.816365409737102, 39.25983052227793 ], [ 73.815990749862038, 39.260303749739094 ], [ 73.815553166860056, 39.260680517146675 ], [ 73.81520958829978, 39.261082428168173 ], [ 73.815081170954954, 39.261415497898938 ], [ 73.814981792869162, 39.261725069360267 ], [ 73.8149759513242, 39.262035878548907 ], [ 73.815089636938964, 39.262372242810443 ], [ 73.815235837327762, 39.262709021009016 ], [ 73.815533656793889, 39.263000040028317 ], [ 73.815895132411072, 39.263172340733732 ], [ 73.816289704052281, 39.263273328749193 ], [ 73.81671789153954, 39.263279091465932 ], [ 73.817085051083538, 39.263284029999731 ], [ 73.817451789748631, 39.263217241984435 ], [ 73.81784746308908, 39.263222589325686 ], [ 73.81821611005256, 39.263251442311244 ], [ 73.818797129660723, 39.26335491520701 ], [ 73.81931372091735, 39.263505377941961 ], [ 73.820077313207221, 39.263683042708379 ], [ 73.820905344636657, 39.263813713540117 ], [ 73.82188330674073, 39.263970343383647 ], [ 73.822617793643204, 39.264075854272676 ], [ 73.823971751357789, 39.264444748417404 ], [ 73.82482312352262, 39.264775038937081 ], [ 73.825714638406012, 39.265233381624952 ], [ 73.828260449094486, 39.266702526333013 ], [ 73.830401015462101, 39.267879320958073 ], [ 73.832107043690144, 39.268444510542118 ], [ 73.832879183767091, 39.268710044474304 ], [ 73.833569096490194, 39.268847002379893 ], [ 73.834224624639816, 39.268855938696333 ], [ 73.834957844069052, 39.268865990484464 ], [ 73.835857443168294, 39.268878267922361 ], [ 73.837083810281712, 39.268895000390096 ], [ 73.838551636182842, 39.268946925434491 ], [ 73.840185238207567, 39.269032920728691 ], [ 73.842545597634896, 39.269159932324783 ], [ 73.845347054743172, 39.269324065809641 ], [ 73.847051344705761, 39.269505677344618 ], [ 73.848389570162524, 39.269746224707099 ], [ 73.849871410026253, 39.270222369195729 ], [ 73.853589745888286, 39.271460621123161 ], [ 73.860047505622973, 39.274009236848521 ], [ 73.865851834718782, 39.276804131475011 ], [ 73.86890663500175, 39.278753141438273 ], [ 73.870890920546699, 39.279924057589042 ], [ 73.87185367792523, 39.280572784539679 ], [ 73.872543465718365, 39.281302882774874 ], [ 73.873019807764564, 39.281902955082252 ], [ 73.873389352006228, 39.282416810134329 ], [ 73.873807473727609, 39.283313113579432 ], [ 73.874223311751351, 39.284124581167994 ], [ 73.874755650231435, 39.28464050344467 ], [ 73.875390384581351, 39.285237712566122 ], [ 73.875390384581351, 39.285237712566122 ], [ 73.875067536880522, 39.285494225399425 ] ] ] ] } },
{ "type": "Feature", "properties": { "ID": 608, "周长": 0.81799616462501368, "面积": 0.0063109891276236785, "FEATUREID": "OFBB004C1AJ430010020000011", "CHFCAC": "000011", "YSX": "1300", "QDIAA": "410301-410409", "GCJFLP": "灰、深灰、灰绿色白云母石灰色含石榴黑云石英片岩、混合质白云黑云斜长片麻岩夹石英岩、大理岩", "QDUECD": "喀拉喀什岩群", "QDUECC": "→Pt↓1→K.", "GZEKG": "230000       ", "MDLHL": 0.0, "KWBED": "3117-2517-1594", "YSC": "3607", "YSD": "3207", "YSADAB": "", "QDIAB": "111000-251100", "YSWA": "05", "YSVA": "003", "QDIBE": "西昆仑变质带", "YSVAD": "", "DDCDS": "1220", "QDIMD": "", "fill_color": 7680, "pattern": 754, "pattern_color": 17408, "_src_file": "LDZOFBB004.WP", "_src_id": 10 }, "geometry": { "type": "MultiPolygon", "coordinates": [ [ [ [ 74.142735293202762, 39.17832443069122 ], [ 74.14151205627509, 39.17899847303562 ], [ 74.140362446151713, 39.179338054521814 ], [ 74.138795231088778, 39.17943333506981 ], [ 74.13837567877286, 39.179429569041751 ], [ 74.137872216695754, 39.1794250455672 ], [ 74.135297178316009, 39.179620558441549 ], [ 74.13015057261579, 39.179508925948397 ], [ 74.129814395810328, 39.179484501473986 ], [ 74.129533548138483, 39.179526227756952 ], [ 74.129140065446279, 39.179610931142051 ], [ 74.128829701006339, 39.179783902823345 ], [ 74.128462277901164, 39.180044090521925 ], [ 74.12823577136183, 39.180239599850594 ], [ 74.128065334426751, 39.180435528330335 ], [ 74.128008025850434, 39.180544657366148 ], [ 74.127946520106619, 39.181026248228562 ], [ 74.1280271730745, 39.181333613505416 ], [ 74.12816389564847, 39.181641398272106 ], [ 74.128820481700444, 39.183092471607779 ], [ 74.129032934473358, 39.184145814475784 ], [ 74.129113592606046, 39.184453178909578 ], [ 74.129219577993453, 39.18500175800515 ], [ 74.129270720183484, 39.185440371539656 ], [ 74.129094845267829, 39.186118311473969 ], [ 74.129036550176735, 39.186315079323883 ], [ 74.128922423476212, 39.186489517723416 ], [ 74.128751725633876, 39.186707357011052 ], [ 74.128468132338782, 39.186990083129317 ], [ 74.127988022116739, 39.187293249899255 ], [ 74.127311636995813, 39.187594944683951 ], [ 74.126720846474555, 39.187765807320496 ], [ 74.126327314424387, 39.187850502780528 ], [ 74.125709471442704, 39.187933511644978 ], [ 74.125429084645432, 39.187931407289753 ], [ 74.125065325422185, 39.187862940198066 ], [ 74.124618192131919, 39.18772811183085 ], [ 74.124254683568239, 39.187637732094025 ], [ 74.123584987648869, 39.18734784491388 ], [ 74.12160770030124, 39.186149726769784 ], [ 74.119195144679736, 39.185035931146032 ], [ 74.118560386732852, 39.184877749024075 ], [ 74.116656629672647, 39.184359359602794 ], [ 74.116380642163548, 39.184291530862005 ], [ 74.116242271757116, 39.184290481396737 ], [ 74.116103901357917, 39.184289431767176 ], [ 74.115936350687306, 39.184419628085827 ], [ 74.115712948812615, 39.184593224288051 ], [ 74.115517721297152, 39.184723209932187 ], [ 74.115322998983913, 39.184809377328577 ], [ 74.11510110103309, 39.184851514001807 ], [ 74.114822850949281, 39.184980870143505 ], [ 74.11468347239564, 39.185067454658373 ], [ 74.114431889082979, 39.185284658222599 ], [ 74.114486230280065, 39.185372716980687 ], [ 74.114428366716325, 39.185591392667547 ], [ 74.114425851556774, 39.185810486765952 ], [ 74.114478433459254, 39.186051913870593 ], [ 74.114558943495297, 39.186271641194416 ], [ 74.114749145734692, 39.186579847674409 ], [ 74.115869755513145, 39.187815403529264 ], [ 74.11600562232411, 39.188035549871998 ], [ 74.116113813180959, 39.18825548609459 ], [ 74.116221505056814, 39.188519240152289 ], [ 74.116301269459868, 39.188804694269074 ], [ 74.116353608585854, 39.189068030584956 ], [ 74.116378022547664, 39.189353064815812 ], [ 74.116235856254292, 39.189788953966094 ], [ 74.115679108309308, 39.190351049854122 ], [ 74.11517844610988, 39.190782880694826 ], [ 74.115010772288869, 39.191064767307012 ], [ 74.11495442576863, 39.191238592537132 ], [ 74.115008285590605, 39.191500382664273 ], [ 74.115117502113847, 39.191762593210122 ], [ 74.115282324203307, 39.191981660914877 ], [ 74.115475067953966, 39.192157377625136 ], [ 74.115723172304214, 39.192333516463783 ], [ 74.117990112362207, 39.192808122706978 ], [ 74.119621973800477, 39.19301650667272 ], [ 74.121012222777935, 39.193290307822558 ], [ 74.121179384284474, 39.193379083921656 ], [ 74.121430246650775, 39.193490468278583 ], [ 74.121596923349884, 39.193666367870499 ], [ 74.121707720704222, 39.193841717629567 ], [ 74.12176275610112, 39.193994734974218 ], [ 74.121789488030615, 39.194212822261015 ], [ 74.121644950723109, 39.195082690225647 ], [ 74.121475972930796, 39.195320630634392 ], [ 74.121250384471153, 39.195688705899904 ], [ 74.121081645667573, 39.19588308477455 ], [ 74.120744649334483, 39.196184715436281 ], [ 74.120323825315452, 39.196485518519381 ], [ 74.118685461539343, 39.197104372324297 ], [ 74.1182974592204, 39.197188561958221 ], [ 74.117937139234172, 39.197272959886732 ], [ 74.117549135137864, 39.197357147005015 ], [ 74.11707834193254, 39.197397140470379 ], [ 74.115804976980101, 39.197409262311687 ], [ 74.115583665262307, 39.197385798848458 ], [ 74.11530687604774, 39.197383697298442 ], [ 74.114808152567861, 39.197467034437381 ], [ 74.114641827292147, 39.197509333269565 ], [ 74.114419646197732, 39.197638332696286 ], [ 74.114280379886964, 39.197789745694166 ], [ 74.114168790686875, 39.197941366716265 ], [ 74.112995135454568, 39.19987099896808 ], [ 74.11282742778026, 39.200152881631631 ], [ 74.112604111422471, 39.200477905396419 ], [ 74.112492137706795, 39.20069486804779 ], [ 74.112435273720095, 39.200955815378705 ], [ 74.112378162068168, 39.201260321199953 ], [ 74.112459077381189, 39.201631227115385 ], [ 74.112621482564762, 39.202132522971866 ], [ 74.112671228587104, 39.202849994719578 ], [ 74.112669327264967, 39.203088973635104 ], [ 74.11261161934975, 39.203370873947293 ], [ 74.112442127933178, 39.203760336115764 ], [ 74.112273501327678, 39.204041172688299 ], [ 74.112049416043959, 39.204321473710117 ], [ 74.111769520873167, 39.20464469524336 ], [ 74.11112878747187, 39.205007908665131 ], [ 74.110795337997004, 39.205091615537711 ], [ 74.110518039620771, 39.205088951428465 ], [ 74.110268818763174, 39.205043102845174 ], [ 74.110048021574187, 39.204910620312198 ], [ 74.109717699535821, 39.204603266021167 ], [ 74.109498124803636, 39.204318703096007 ], [ 74.109387905392708, 39.204230735242277 ], [ 74.109167112433681, 39.204098248818148 ], [ 74.108918245354047, 39.204008945503176 ], [ 74.108696584597112, 39.203985087942222 ], [ 74.108474750659738, 39.203982953660741 ], [ 74.108196060584888, 39.204154087104094 ], [ 74.108028113111942, 39.204348015789513 ], [ 74.10802654290984, 39.204543544744418 ], [ 74.108023925882989, 39.204869424820188 ], [ 74.108021832217702, 39.205130129317858 ], [ 74.10801939148044, 39.205434285690814 ], [ 74.108017471235272, 39.205673266472033 ], [ 74.108015727408414, 39.205890519072277 ], [ 74.107899745430714, 39.206519487579016 ], [ 74.10784253904383, 39.206736209572391 ], [ 74.107617727125202, 39.207103405336881 ], [ 74.107449773820221, 39.207297330762295 ], [ 74.107281816691753, 39.207491255906284 ], [ 74.107113793518593, 39.207642324735318 ], [ 74.106889952921847, 39.207814850283718 ], [ 74.106443011716465, 39.208094397451625 ], [ 74.106162704800738, 39.208353717227801 ], [ 74.105994069414677, 39.208548608014034 ], [ 74.105880643017386, 39.208765865732779 ], [ 74.105767469635552, 39.208961292183346 ], [ 74.105597580033617, 39.209265347185905 ], [ 74.105427939916353, 39.209547568496788 ], [ 74.105146619222239, 39.209894217038531 ], [ 74.104866049193816, 39.210175364631759 ], [ 74.104362372169433, 39.210563533967672 ], [ 74.103802721336621, 39.210994828543853 ], [ 74.10346818258671, 39.211144439656245 ], [ 74.102854563657928, 39.211444196431458 ], [ 74.101741630528991, 39.21182771229865 ], [ 74.101157924462314, 39.212042112536544 ], [ 74.100851582075279, 39.212214870060869 ], [ 74.100489851433352, 39.212387199084191 ], [ 74.099903999376608, 39.212820481296845 ], [ 74.099512432314782, 39.21321147931215 ], [ 74.099229931344667, 39.213778445516915 ], [ 74.099060342709905, 39.214127379487529 ], [ 74.098946140745326, 39.214476741622967 ], [ 74.098831084624251, 39.214913658929987 ], [ 74.098827880087725, 39.215241990188211 ], [ 74.098880064728093, 39.215570749921035 ], [ 74.099042389229027, 39.21596603408728 ], [ 74.099233054210458, 39.216295864614743 ], [ 74.100522179382196, 39.217597362853894 ], [ 74.101840538671809, 39.218745842240637 ], [ 74.103621728730189, 39.220729702365524 ], [ 74.10367563663317, 39.22088334931059 ], [ 74.10367457473059, 39.220992794578649 ], [ 74.103618119194294, 39.221101811328765 ], [ 74.103505840244253, 39.221254179346225 ], [ 74.10322694946214, 39.221449045579035 ], [ 74.103031364609265, 39.221622661072445 ], [ 74.10189191364114, 39.222007904899542 ], [ 74.10097403469355, 39.222394847850872 ], [ 74.100584127240012, 39.222610740097025 ], [ 74.100305435948599, 39.222783709199192 ], [ 74.099998618399638, 39.223000241208545 ], [ 74.099774680258207, 39.22323930453576 ], [ 74.099490641987543, 39.223959490389525 ], [ 74.099432895788993, 39.224199837718423 ], [ 74.099429903069478, 39.224506278558074 ], [ 74.099371300605938, 39.224834180984722 ], [ 74.099424133483538, 39.225097274793853 ], [ 74.099504882697261, 39.225338692825339 ], [ 74.099666535900155, 39.225776913612677 ], [ 74.099937936853152, 39.22630290901585 ], [ 74.100427443273006, 39.227158027373598 ], [ 74.100562914895733, 39.227442853228247 ], [ 74.100643218185027, 39.2277054221939 ], [ 74.100696291414735, 39.227924123837958 ], [ 74.100692795783004, 39.228251533498593 ], [ 74.100634130021419, 39.228556686401326 ], [ 74.100464196705403, 39.228904639263838 ], [ 74.100238626361801, 39.229273990580083 ], [ 74.099902014655825, 39.22966431413024 ], [ 74.099399659834148, 39.230009693733003 ], [ 74.096841772944416, 39.230863043354923 ], [ 74.096646924360797, 39.230948846286672 ], [ 74.096309969732147, 39.231164638969823 ], [ 74.096112806813551, 39.231294183606629 ], [ 74.095715199254755, 39.231858847498053 ], [ 74.095544829936159, 39.232097728098594 ], [ 74.095318290059595, 39.232358029915986 ], [ 74.094922548593544, 39.23274807531326 ], [ 74.094585077954704, 39.232920253697436 ], [ 74.094219639135133, 39.233092227103782 ], [ 74.093742803942078, 39.233219729720624 ], [ 74.092594303858561, 39.233385994266037 ], [ 74.09183520825809, 39.23375154930919 ], [ 74.091440850896547, 39.234010620358582 ], [ 74.091131332814825, 39.234182990923529 ], [ 74.090905478926103, 39.234377801652293 ], [ 74.090734848842104, 39.234638503716198 ], [ 74.090563746581196, 39.234942856519396 ], [ 74.090561153469324, 39.235182956215041 ], [ 74.090613079552369, 39.235554427644146 ], [ 74.090637509407955, 39.235882040923528 ], [ 74.090661706939187, 39.236231478582582 ], [ 74.090686372636654, 39.236537265191288 ], [ 74.090683073442847, 39.236842844710374 ], [ 74.090538282104248, 39.237300195248231 ], [ 74.089803327194318, 39.238015175965749 ], [ 74.089351583034485, 39.238404791161344 ], [ 74.087803382119148, 39.239310265643553 ], [ 74.087297578390775, 39.239524844199117 ], [ 74.086904591817955, 39.239652934979183 ], [ 74.086568018536198, 39.239737780707188 ], [ 74.08609207248999, 39.239777942546844 ], [ 74.085475808870584, 39.239860729669303 ], [ 74.084551882724554, 39.239941248768872 ], [ 74.081781765896153, 39.240029976027387 ], [ 74.079849753242954, 39.240212156798258 ], [ 74.079121123826241, 39.240337735600505 ], [ 74.078224675756303, 39.240462067311107 ], [ 74.07696414597055, 39.240627346453813 ], [ 74.076346298644836, 39.240841007193858 ], [ 74.07567124812887, 39.241141452322942 ], [ 74.074293906162211, 39.241654746457037 ], [ 74.073955778199803, 39.241870489034284 ], [ 74.073391766881286, 39.242281020096456 ], [ 74.072574731827743, 39.24308257594943 ], [ 74.070797571565876, 39.244830972803406 ], [ 74.069443327310509, 39.246168765582091 ], [ 74.068879274088474, 39.246686245242707 ], [ 74.06817563634857, 39.247224354919588 ], [ 74.065608814183577, 39.249596238343052 ], [ 74.064928066201347, 39.250504254307486 ], [ 74.064533126633464, 39.250870825266546 ], [ 74.064363655801543, 39.251043460395685 ], [ 74.064223781830918, 39.251085835680335 ], [ 74.063999751274963, 39.251171031321284 ], [ 74.063832016449311, 39.251213182203145 ], [ 74.063525560870545, 39.251210718283524 ], [ 74.063219397633347, 39.251186504089475 ], [ 74.062912945120203, 39.251184038582593 ], [ 74.062549745033039, 39.251224529046887 ], [ 74.062184524474176, 39.251439054926287 ], [ 74.061762525280614, 39.251740138488337 ], [ 74.060746990476389, 39.252710770420492 ], [ 74.060521092335819, 39.25294822492797 ], [ 74.060463048251563, 39.253121753116922 ], [ 74.060461306749275, 39.253252236409125 ], [ 74.060597704710432, 39.253470832326862 ], [ 74.060788662652584, 39.253776868593761 ], [ 74.061089902191256, 39.25417079194829 ], [ 74.061419006799682, 39.254564936845448 ], [ 74.061666854433398, 39.254784431930247 ], [ 74.062026724919392, 39.254961327466049 ], [ 74.062414459129116, 39.255138448481247 ], [ 74.063052944675434, 39.25531758593791 ], [ 74.064329922804816, 39.25567585042667 ], [ 74.065219169698679, 39.25585699280677 ], [ 74.068112996889511, 39.256162939084156 ], [ 74.069560639094931, 39.256261519462662 ], [ 74.070953134857461, 39.256316140548947 ], [ 74.07466415897278, 39.256431884090709 ], [ 74.075392377675144, 39.256372057015859 ], [ 74.07634525643526, 39.256248646216932 ], [ 74.078953232476593, 39.255789512514198 ], [ 74.079599792945515, 39.255555057158567 ], [ 74.080386793720294, 39.255278140597525 ], [ 74.08131621570945, 39.254806524051304 ], [ 74.08272715535152, 39.253881718344054 ], [ 74.084579060521122, 39.253103282751589 ], [ 74.084975181904767, 39.252902363145445 ], [ 74.085896973371078, 39.252637557854243 ], [ 74.086817106653399, 39.252508757808528 ], [ 74.089800291125911, 39.251783994720704 ], [ 74.091026562477722, 39.251657553610755 ], [ 74.092164124022887, 39.251632425613415 ], [ 74.093039267831429, 39.251605240854495 ], [ 74.093826933893752, 39.25157736887008 ], [ 74.094396329410543, 39.251513788577469 ], [ 74.094879477287165, 39.251347517637974 ], [ 74.095407180067056, 39.251113579057396 ], [ 74.095802441556486, 39.250980627420702 ], [ 74.0962855825411, 39.250814350550733 ], [ 74.097155287698953, 39.250582773703002 ], [ 74.098024537169749, 39.250385190412914 ], [ 74.104751954155049, 39.249618768087103 ], [ 74.105706232679438, 39.249557777414907 ], [ 74.106833465220575, 39.249532052828194 ], [ 74.108307413084759, 39.249508862194055 ], [ 74.109825102259464, 39.249451965592783 ], [ 74.111124483502635, 39.249529476561037 ], [ 74.112336270102915, 39.249607760046842 ], [ 74.117786745230248, 39.249537179000889 ], [ 74.120119848212937, 39.24955973382837 ], [ 74.121361417048846, 39.249569112059866 ], [ 74.121836162317678, 39.249795474141976 ], [ 74.121878551629791, 39.250142851337458 ], [ 74.121828752897642, 39.250389499441134 ], [ 74.12106006641956, 39.25075500038492 ], [ 74.118572242408675, 39.251107488403242 ], [ 74.113976683243678, 39.251963722252484 ], [ 74.109675998448992, 39.252153687996802 ], [ 74.104320919434855, 39.252632426951529 ], [ 74.100874061225127, 39.25327419286198 ], [ 74.096949591973072, 39.253912153780753 ], [ 74.094550367659252, 39.254784636279396 ], [ 74.09197330817662, 39.255660620552874 ], [ 74.090195083754224, 39.256207830907819 ], [ 74.0892406601197, 39.256455409584134 ], [ 74.086310191533784, 39.257325096380058 ], [ 74.085287023525311, 39.257827146597883 ], [ 74.084824641533913, 39.25807855497775 ], [ 74.083137557736478, 39.25921297182429 ], [ 74.079893021806598, 39.260976907466755 ], [ 74.079894021806595, 39.260976907466755 ], [ 74.076803146106116, 39.261325810984978 ], [ 74.07632029011782, 39.261403992532756 ], [ 74.075629822445819, 39.261449879254563 ], [ 74.075006964958249, 39.261496283071956 ], [ 74.07441543992114, 39.261491590831625 ], [ 74.073925125091506, 39.261410641382952 ], [ 74.073042363443449, 39.261147912575112 ], [ 74.072099915621664, 39.260783602945807 ], [ 74.068593047797009, 39.259277304096692 ], [ 74.067749510893108, 39.258862746269145 ], [ 74.067035237653485, 39.258551170008431 ], [ 74.062381090227333, 39.257315857008862 ], [ 74.061405633319794, 39.257078597306467 ], [ 74.059842501022288, 39.256760129947665 ], [ 74.058181477905777, 39.256287937084821 ], [ 74.057825692940511, 39.25618309096658 ], [ 74.05736995818836, 39.256077450935919 ], [ 74.056913224867145, 39.255971806884872 ], [ 74.056457772864007, 39.255891575106574 ], [ 74.055967965046264, 39.255810936041897 ], [ 74.055837122744762, 39.255809830254286 ], [ 74.055803412894477, 39.255809553790307 ], [ 74.055703158453682, 39.255910709964809 ], [ 74.055638891991521, 39.25598664839405 ], [ 74.055637766993215, 39.256088634010695 ], [ 74.055699496626957, 39.256242169929962 ], [ 74.055862797451766, 39.256447528052554 ], [ 74.056053412380749, 39.256703993034264 ], [ 74.056181938128148, 39.25693441573361 ], [ 74.056211195786076, 39.257113075172697 ], [ 74.056079859542109, 39.257315896097417 ], [ 74.055586680179744, 39.257566773956519 ], [ 74.055030934375338, 39.257613240412844 ], [ 74.05457416786868, 39.257584043325238 ], [ 74.053954593574119, 39.257425843896755 ], [ 74.052483715702152, 39.257132898244485 ], [ 74.051929048589727, 39.257000694581073 ], [ 74.051375383609539, 39.256868488298132 ], [ 74.050787444500457, 39.256786994253339 ], [ 74.050263360799704, 39.256757048312373 ], [ 74.049805837442108, 39.256753215564707 ], [ 74.049211096895405, 39.256799786424615 ], [ 74.048583346584479, 39.256846109326041 ], [ 74.048055625544563, 39.256893166346764 ], [ 74.04745916705798, 39.256914231888246 ], [ 74.047195373241649, 39.256886764319461 ], [ 74.046867843156193, 39.256833306754324 ], [ 74.046539170146019, 39.256703359270226 ], [ 74.045914264184148, 39.256494699876797 ], [ 74.045091729179234, 39.256157073466248 ], [ 74.044171744588581, 39.255767703468138 ], [ 74.042331953316236, 39.25488696122369 ], [ 74.039483442034538, 39.25379377852105 ], [ 74.038795447523171, 39.253584305444505 ], [ 74.03742147100931, 39.253165345010807 ], [ 74.036932771745583, 39.25303390951008 ], [ 74.03637566204938, 39.252927404616642 ], [ 74.03601682354342, 39.252848000321094 ], [ 74.035589570528415, 39.252793527111514 ], [ 74.03503548426545, 39.252788918369774 ], [ 74.034708377125241, 39.252786207449311 ], [ 74.034673665865355, 39.252785934050465 ], [ 74.034610267838744, 39.252887294279134 ], [ 74.034610278681939, 39.252938244416221 ], [ 74.03470843855402, 39.253066436596662 ], [ 74.035949647072613, 39.253891951396426 ], [ 74.038437056831668, 39.25518628636425 ], [ 74.039057654673215, 39.255446174238472 ], [ 74.039812122506447, 39.255758087976396 ], [ 74.042821024893342, 39.256903794588801 ], [ 74.043377196323362, 39.257061217089309 ], [ 74.046157852612367, 39.258153958326943 ], [ 74.047837699036279, 39.258676460180851 ], [ 74.049120291479781, 39.259119496595638 ], [ 74.049513723171117, 39.259275427185734 ], [ 74.049807553313912, 39.259481610899016 ], [ 74.050227921767899, 39.259944146701748 ], [ 74.050680822830785, 39.260559910578813 ], [ 74.051323582544825, 39.261279995214743 ], [ 74.051648232856905, 39.261539435170945 ], [ 74.052037477382655, 39.26177372717796 ], [ 74.052457664330205, 39.261982607149505 ], [ 74.052881001546609, 39.262088773018839 ], [ 74.053372794212663, 39.26209275791976 ], [ 74.053763771385164, 39.261993232158851 ], [ 74.054159034638644, 39.261868028592254 ], [ 74.054583522524297, 39.261691731336903 ], [ 74.055075741122479, 39.261567319884641 ], [ 74.055534732900981, 39.261493994466797 ], [ 74.056122190805709, 39.26152444091953 ], [ 74.056445572501104, 39.261629799821755 ], [ 74.057649298026163, 39.262127467761665 ], [ 74.057943032680214, 39.262232558294784 ], [ 74.058135240036663, 39.262388211071169 ], [ 74.058329448251882, 39.262543863529935 ], [ 74.058523949481796, 39.262853583665894 ], [ 74.058553891307795, 39.2630079133734 ], [ 74.058553037409013, 39.263084947367823 ], [ 74.058487024285796, 39.263238487356794 ], [ 74.058092048999413, 39.263517773448122 ], [ 74.057793318070566, 39.263772174346094 ], [ 74.05746535997541, 39.264077665363452 ], [ 74.057265156024172, 39.264281502491343 ], [ 74.057133546403961, 39.264460189365451 ], [ 74.056984489530549, 39.26484213616358 ], [ 74.056984489530549, 39.26484213616358 ], [ 74.054118874041436, 39.265133644065585 ], [ 74.048201725455016, 39.265360820524009 ], [ 74.046841222381502, 39.265389032142409 ], [ 74.045731136324036, 39.265458635283998 ], [ 74.044521418216334, 39.26560608078055 ], [ 74.036932730666052, 39.266487813207412 ], [ 74.035423455808129, 39.266672055341509 ], [ 74.034221724915028, 39.266701417883453 ], [ 74.033319449632103, 39.266693928709067 ], [ 74.03026314192212, 39.266589815794141 ], [ 74.027259183012006, 39.266250009761912 ], [ 74.026113419055932, 39.266004932278214 ], [ 74.02531441713964, 39.265920587103253 ], [ 74.023465294556345, 39.265750102771165 ], [ 74.021415261182966, 39.26573552094397 ], [ 74.020563130013301, 39.265768803835286 ], [ 74.019508228582609, 39.265878545524522 ], [ 74.017997501171351, 39.265944683477237 ], [ 74.013417701970056, 39.266260771741905 ], [ 74.011906649811337, 39.26644504416295 ], [ 74.010446324052168, 39.266590320526149 ], [ 74.009489830141518, 39.266661032417979 ], [ 74.008531892167198, 39.266771142404345 ], [ 74.007475802742974, 39.266840983403632 ], [ 74.006567595804384, 39.266912099891449 ], [ 74.005665006749567, 39.267045911225793 ], [ 74.004769782156473, 39.267087289168458 ], [ 74.003879155520778, 39.267135875398544 ], [ 74.002987228070253, 39.267191661788274 ], [ 74.002096092248692, 39.267254646892845 ], [ 74.001203846389274, 39.267324822565527 ], [ 74.00031658596204, 39.267402178386391 ], [ 73.999427406374394, 39.267486708441162 ], [ 73.998539400202716, 39.267578402290681 ], [ 73.997653668682162, 39.267677251824807 ], [ 73.996769301495931, 39.267783246585196 ], [ 73.995888399978924, 39.26789637171315 ], [ 73.984970524853892, 39.270193267758152 ], [ 73.970579995513077, 39.272590695775747 ], [ 73.959755201995719, 39.273928844530772 ], [ 73.948393018823793, 39.275055159018429 ], [ 73.934270042229244, 39.277056664280323 ], [ 73.934270042229244, 39.277056664280323 ], [ 73.942904328861943, 39.273373210906477 ], [ 73.945748028714874, 39.272238557647938 ], [ 73.9524709888031, 39.269710335104719 ], [ 73.955427575404528, 39.268504075002426 ], [ 73.956860062719301, 39.267900357623972 ], [ 73.962199274748329, 39.266099268332262 ], [ 73.965201180536027, 39.265121135310054 ], [ 73.965201180536027, 39.265121135310054 ], [ 73.96926164457588, 39.263797264945303 ], [ 73.979545970141459, 39.260344259557243 ], [ 73.984665472417262, 39.25926175728749 ], [ 73.987820316706831, 39.258800320211513 ], [ 73.994624521526305, 39.258376168843029 ], [ 73.995077552992257, 39.258367617794477 ], [ 73.995991622682112, 39.25834620243976 ], [ 73.99690703688519, 39.258311808784725 ], [ 73.997821487925023, 39.258264447704875 ], [ 73.998731676783123, 39.258204132411478 ], [ 73.999644298523648, 39.258130885081179 ], [ 74.000553045318398, 39.258044727875195 ], [ 74.001457617871765, 39.257945694296026 ], [ 74.002363711165273, 39.257833813302867 ], [ 74.003263028746701, 39.257709122944405 ], [ 74.004161265450506, 39.257571663455522 ], [ 74.005058127575268, 39.25742148418513 ], [ 74.012813931953445, 39.256394224598488 ], [ 74.015290775274849, 39.256054150437436 ], [ 74.016629324050228, 39.255824795051929 ], [ 74.017610197270159, 39.255592384916689 ], [ 74.018534138955644, 39.25507875515251 ], [ 74.01874080277743, 39.255080489979918 ], [ 74.019151200632479, 39.255003739439523 ], [ 74.019725311703965, 39.255008612455022 ], [ 74.020143390722708, 39.254972059732829 ], [ 74.020715867228503, 39.254896735435935 ], [ 74.021079793197543, 39.254779533993947 ], [ 74.021809620720219, 39.25446492742622 ], [ 74.022853221434573, 39.25399256579238 ], [ 74.026294833634964, 39.252938975401051 ], [ 74.027072805719826, 39.252745016834623 ], [ 74.027689659568438, 39.252509572343669 ], [ 74.028360010545313, 39.252354756560216 ], [ 74.028821400632864, 39.252198219488527 ], [ 74.029821171468257, 39.251816690041899 ], [ 74.030013433800235, 39.251667766833087 ], [ 74.030169047124929, 39.251578732877071 ], [ 74.030363305687288, 39.251399703327515 ], [ 74.030477241131194, 39.251189921769985 ], [ 74.030633823396272, 39.250920248086054 ], [ 74.030672446733149, 39.250709822753336 ], [ 74.030711075260683, 39.25052950316794 ], [ 74.030709029362328, 39.25025854224576 ], [ 74.03063368453023, 39.250047151623257 ], [ 74.030477035518317, 39.249895328859338 ], [ 74.03024508296663, 39.249772970179912 ], [ 74.029859491650555, 39.249559001247498 ], [ 74.029241944123498, 39.249162456614563 ], [ 74.02846874218551, 39.248463552308863 ], [ 74.02582734938143, 39.245912416302652 ], [ 74.02543388376381, 39.245547822680074 ], [ 74.025121758591041, 39.24542474748435 ], [ 74.024807634557177, 39.245301669206412 ], [ 74.024299813533233, 39.245116718974401 ], [ 74.023633442136756, 39.244900332669829 ], [ 74.022891809242083, 39.244713384971547 ], [ 74.022187315618623, 39.244526765658826 ], [ 74.021600241456184, 39.244371247849884 ], [ 74.020700065655973, 39.244122743713824 ], [ 74.019721617171484, 39.243843459081631 ], [ 74.016789543145165, 39.242552584532682 ], [ 74.016130966451257, 39.24230481795616 ], [ 74.01488514689926, 39.241961247904207 ], [ 74.014183449067815, 39.241713134898902 ], [ 74.013679245693538, 39.241527216508295 ], [ 74.013136500763011, 39.241310699236728 ], [ 74.012591759215709, 39.241094179461022 ], [ 74.012007298391595, 39.240907581321942 ], [ 74.0114246552438, 39.240781503708234 ], [ 74.010719836346453, 39.240745194240716 ], [ 74.009739304156071, 39.240797310857495 ], [ 74.007257652081094, 39.241653647983071 ], [ 74.006548292686873, 39.241950181355946 ], [ 74.003421509140196, 39.243389777810066 ], [ 74.002547015856635, 39.243637472976665 ], [ 74.001642873024224, 39.243796127708663 ], [ 74.000718045860452, 39.243863127035397 ], [ 73.999789800004962, 39.243837360931323 ], [ 73.998873472005911, 39.243719256143677 ], [ 73.997983188323815, 39.243510762512258 ], [ 73.997136630903569, 39.243215323895569 ], [ 73.996343800335296, 39.242837817524361 ], [ 73.996071621726657, 39.242729149558158 ], [ 73.992043966022877, 39.240546432066182 ], [ 73.990569129515961, 39.239674632695404 ], [ 73.988761426931902, 39.238531732295371 ], [ 73.987353518519598, 39.237767597745247 ], [ 73.986142165302752, 39.237326563132079 ], [ 73.985002225548044, 39.236833409433096 ], [ 73.984267885065947, 39.236290997132983 ], [ 73.983605244932519, 39.235588884865507 ], [ 73.983145443468985, 39.234835421169102 ], [ 73.983095306872144, 39.233979256234782 ], [ 73.983315593396654, 39.233072448124929 ], [ 73.984009083148905, 39.232117106545921 ], [ 73.98497388329443, 39.231271509329979 ], [ 73.986001229425426, 39.230480076923534 ], [ 73.987980935347991, 39.229591540661843 ], [ 73.989269337268851, 39.229391017527533 ], [ 73.990288374846784, 39.229134207107343 ], [ 73.991097465683879, 39.229249551789266 ], [ 73.991633111427063, 39.22952248966579 ], [ 73.992229202966072, 39.230170387623765 ], [ 73.99329104052245, 39.231144144924102 ], [ 73.993950600516044, 39.232274649120313 ], [ 73.994408765390304, 39.233189024294255 ], [ 73.995007789536118, 39.233676939663454 ], [ 73.99575180716144, 39.233845372862213 ], [ 73.996293410796653, 39.233797676959291 ], [ 73.997249752760709, 39.233379903955104 ], [ 73.997799685922445, 39.232850805850227 ], [ 73.998354387387963, 39.232161242879997 ], [ 73.998705881209403, 39.231416018802832 ], [ 73.998853175725102, 39.230615140028561 ], [ 73.999009478227435, 39.230265419923647 ], [ 73.999275425500386, 39.229507956695102 ], [ 73.999663335606229, 39.22878335696462 ], [ 74.000167761064517, 39.228103635737725 ], [ 74.000781311700095, 39.227480068302782 ], [ 74.00149381102058, 39.226922995791789 ], [ 74.001657556243714, 39.226863404222804 ], [ 74.002029150923846, 39.226783044969437 ], [ 74.002359990540597, 39.226730048579952 ], [ 74.002803138617367, 39.22673302240166 ], [ 74.003315809037488, 39.226736490854073 ], [ 74.003796639054315, 39.226739299226324 ], [ 74.004119432740481, 39.226714294702447 ], [ 74.004508638434572, 39.226718381560346 ], [ 74.004967190670783, 39.22669560539584 ], [ 74.005285829321295, 39.226616135715311 ], [ 74.005499922339169, 39.22656315469294 ], [ 74.006391212581178, 39.226213584914213 ], [ 74.006784137638377, 39.226079645584377 ], [ 74.007207428411476, 39.226028885480886 ], [ 74.007631773979298, 39.226005728902287 ], [ 74.008405175692715, 39.226013875620467 ], [ 74.010543841463516, 39.226257266142746 ], [ 74.011076390759555, 39.2262977007248 ], [ 74.011339373191205, 39.226279749827469 ], [ 74.011525778955729, 39.226240244339536 ], [ 74.011714894993304, 39.226180012774385 ], [ 74.011849862267837, 39.22609850086679 ], [ 74.011986951600363, 39.225954820391856 ], [ 74.012097734828544, 39.22574868864217 ], [ 74.012133654681477, 39.225500277437881 ], [ 74.012197828631074, 39.225169247873573 ], [ 74.012341281588675, 39.224839050392418 ], [ 74.012505080607909, 39.224674932011041 ], [ 74.01266547096003, 39.224531542271784 ], [ 74.01282545746092, 39.224408873936483 ], [ 74.013091749557489, 39.224308034388116 ], [ 74.013411492464172, 39.224228469395136 ], [ 74.013809325195595, 39.224108289157869 ], [ 74.014289032570332, 39.224009659994074 ], [ 74.015931765131796, 39.223757415939339 ], [ 74.01831504273899, 39.223533590589938 ], [ 74.018819768790479, 39.22345594117899 ], [ 74.01921818409167, 39.223356463901702 ], [ 74.019751142978919, 39.223134032898535 ], [ 74.020125339414477, 39.222868504734038 ], [ 74.020985443916416, 39.222131327808356 ], [ 74.021175843596353, 39.221905313019001 ], [ 74.021231905017061, 39.221740089333956 ], [ 74.021315200090811, 39.221430087494177 ], [ 74.021348837790029, 39.221160979089291 ], [ 74.021303808576349, 39.220704551578201 ], [ 74.021309619357325, 39.220455888781487 ], [ 74.021314430054744, 39.220207228225142 ], [ 74.021319243594306, 39.219958567682006 ], [ 74.021269401562051, 39.219750798386094 ], [ 74.021167907188371, 39.219583924806464 ], [ 74.02101296000474, 39.219395779383248 ], [ 74.020753517049641, 39.219144366148889 ], [ 74.020469459619093, 39.218747626367126 ], [ 74.020316320846817, 39.21851803663192 ], [ 74.020160977279218, 39.218350611814266 ], [ 74.020006439388311, 39.218141741139945 ], [ 74.019904351327057, 39.217954144756654 ], [ 74.019801862736841, 39.217787269998205 ], [ 74.019593279646003, 39.217536404790927 ], [ 74.019334642007578, 39.21734715583262 ], [ 74.018444232064397, 39.216923352967626 ], [ 74.018077306167569, 39.216712274933435 ], [ 74.017606681793737, 39.216500094957212 ], [ 74.017291204665014, 39.216310287708517 ], [ 74.017137277841044, 39.216122137273572 ], [ 74.017087852399641, 39.215893646830466 ], [ 74.017120702528416, 39.215665982922687 ], [ 74.017309692000893, 39.215460695787854 ], [ 74.017709681595207, 39.21517472990346 ], [ 74.018087648569093, 39.214867761859765 ], [ 74.018276231562425, 39.214683197030283 ], [ 74.018383141054869, 39.214518525735855 ], [ 74.018493257179571, 39.214291686952222 ], [ 74.01863259590192, 39.214023683493764 ], [ 74.018819980717979, 39.213797672040535 ], [ 74.019116255291735, 39.213614205412419 ], [ 74.019543447019444, 39.213390672353739 ], [ 74.020664861869932, 39.212801300193341 ], [ 74.02098395118189, 39.21259738314037 ], [ 74.021173119889156, 39.212433535116588 ], [ 74.021414732996931, 39.212290956054787 ], [ 74.021654143745408, 39.212210543971906 ], [ 74.021972422125387, 39.212151676322542 ], [ 74.022183608390961, 39.212112430743865 ], [ 74.022395191767288, 39.212052462998592 ], [ 74.022717072300352, 39.211910706304032 ], [ 74.02303694866518, 39.211768948687045 ], [ 74.023647075400618, 39.211547320548554 ], [ 74.024180731554907, 39.211387032823438 ], [ 74.024895745370301, 39.211207940815186 ], [ 74.025215815470162, 39.211107620649393 ], [ 74.025853755378705, 39.210969142999907 ], [ 74.027390519501949, 39.210757045423037 ], [ 74.027865406299071, 39.210637355435921 ], [ 74.028369444389412, 39.210476475736215 ], [ 74.02866420025542, 39.210334253416846 ], [ 74.028955954918516, 39.210192032594911 ], [ 74.029251699385057, 39.209946201974986 ], [ 74.029413242317119, 39.20971980515408 ], [ 74.029551617154823, 39.209430984759805 ], [ 74.02960910723796, 39.209079225184446 ], [ 74.029641439474972, 39.208768653572463 ], [ 74.029649808503194, 39.208437102255374 ], [ 74.029604254793327, 39.208063593828307 ], [ 74.029449875958278, 39.207813387011775 ], [ 74.029139340253437, 39.207561634564129 ], [ 74.028931650033499, 39.207393800638677 ], [ 74.028623285616945, 39.207215712249592 ], [ 74.028623285616945, 39.207215712249592 ], [ 74.037277002661327, 39.203549283625932 ], [ 74.043429431072084, 39.200867967544134 ], [ 74.048627608504248, 39.19849038074382 ], [ 74.053411510549708, 39.196496282359682 ], [ 74.059041518962886, 39.194427644220511 ], [ 74.068083355162315, 39.191446417345027 ], [ 74.072907570368017, 39.189879628836231 ], [ 74.074214884976087, 39.189537327966846 ], [ 74.07536941838751, 39.18927274923319 ], [ 74.076226811402293, 39.188964449503999 ], [ 74.076980676336433, 39.18881283445586 ], [ 74.077633174795068, 39.188660419980749 ], [ 74.078487107916615, 39.188548986475794 ], [ 74.079239675437407, 39.18843675130806 ], [ 74.080396686488825, 39.18832768504096 ], [ 74.087225204922703, 39.187829832060373 ], [ 74.088831098489322, 39.187684822184423 ], [ 74.090789085993748, 39.187424345197265 ], [ 74.093653132196266, 39.187052680624213 ], [ 74.098327370396234, 39.186191611193394 ], [ 74.100225697016867, 39.185845666696252 ], [ 74.101677333779918, 39.18545878333309 ], [ 74.103629019741433, 39.184682732434105 ], [ 74.107580783788606, 39.1834117104599 ], [ 74.109729522452696, 39.182639471475511 ], [ 74.111931567420143, 39.181907003627927 ], [ 74.117079471083684, 39.180368740905713 ], [ 74.118278806476056, 39.180022911643398 ], [ 74.119125712453737, 39.179832160336616 ], [ 74.1199766110566, 39.179641402764133 ], [ 74.120829814889461, 39.17952954970162 ], [ 74.121689472315879, 39.179457157029624 ], [ 74.122395307983197, 39.179423049950479 ], [ 74.123253513390566, 39.179390079928247 ], [ 74.124163621790146, 39.179318048614661 ], [ 74.126134537783628, 39.179056808432655 ], [ 74.132189757769567, 39.178397318987017 ], [ 74.136422349010701, 39.177923851941756 ], [ 74.140703626477375, 39.177647442664068 ], [ 74.143521090351157, 39.177607817672126 ], [ 74.143521090351157, 39.177607817672126 ], [ 74.14325067167087, 39.177962510206314 ], [ 74.142736293202759, 39.17832443069122 ], [ 74.142735293202762, 39.17832443069122 ] ] ] ] } },
{ "type": "Feature", "properties": { "ID": 614, "周长": 0.12837301402288312, "面积": 0.00027637213219830481, "FEATUREID": "OFBB004C1AJ430010020000012", "CHFCAC": "000012", "YSX": "1300", "QDIAA": "410301>410206", "GCJFLP": "灰色二云石英片岩、黑云绢云石英片岩、黑云变粒岩、石榴绢云石英片岩、大理岩", "QDUECD": "赛图拉岩群", "QDUECC": "→ChSt.", "GZEKG": "222100       ", "MDLHL": 0.0, "KWBED": "2517-1594-3124", "YSC": "3607", "YSD": "3207", "YSADAB": "", "QDIAB": "111000-251100", "YSWA": "07", "YSVA": "003", "QDIBE": "西昆仑变质带", "YSVAD": "", "DDCDS": "1220", "QDIMD": "", "fill_color": 15872, "pattern": 754, "pattern_color": 18432, "_src_file": "LDZOFBB004.WP", "_src_id": 11 }, "geometry": { "type": "MultiPolygon", "coordinates": [ [ [ [ 73.712903015803207, 39.254439950102643 ], [ 73.712903910505702, 39.254440092634283 ], [ 73.712904015803204, 39.254439950102643 ], [ 73.712903015803207, 39.254439950102643 ] ] ], [ [ [ 73.710575479951956, 39.257668542114487 ], [ 73.709902842149944, 39.258683975556082 ], [ 73.709528642270314, 39.259144502298859 ], [ 73.709529642270311, 39.259144502298859 ], [ 73.725931481121776, 39.260165797669707 ], [ 73.737343959900528, 39.261997828871067 ], [ 73.758112162986862, 39.267978961137437 ], [ 73.762943541314797, 39.26946275621836 ], [ 73.765796020651138, 39.270200090119438 ], [ 73.769803443600964, 39.271142459430187 ], [ 73.768903877341415, 39.270269770469532 ], [ 73.766605140556578, 39.268442931545501 ], [ 73.764919884567064, 39.266724108464629 ], [ 73.763580402914599, 39.265618221717759 ], [ 73.760277402993708, 39.26348400760314 ], [ 73.758480119256603, 39.262378538847258 ], [ 73.756612208531692, 39.261525743147551 ], [ 73.753513036660905, 39.260408492643897 ], [ 73.747945817541037, 39.259017475753062 ], [ 73.745069322707494, 39.258266390777941 ], [ 73.743371370022331, 39.257902711421572 ], [ 73.740747223026929, 39.257685334647164 ], [ 73.73822187000232, 39.257594788365786 ], [ 73.736158332629344, 39.257405834574406 ], [ 73.73419610846075, 39.257040581925295 ], [ 73.724916094283117, 39.255847258163762 ], [ 73.717009594342727, 39.25509415347139 ], [ 73.712903910505702, 39.254440092634283 ], [ 73.711805250456834, 39.255927248704722 ], [ 73.710575479951956, 39.257668542114487 ] ] ] ] } },
{ "type": "Feature", "properties": { "ID": 616, "周长": 0.063142275355122179, "面积": 0.00015660773419825922, "FEATUREID": "OFBB004C1AJ430010020000013", "CHFCAC": "000013", "YSX": "1300", "QDIAA": "410301>410206", "GCJFLP": "灰色二云石英片岩、黑云绢云石英片岩、黑云变粒岩、石榴绢云石英片岩、大理岩", "QDUECD": "赛图拉岩群", "QDUECC": "→ChSt.", "GZEKG": "222100       ", "MDLHL": 0.0, "KWBED": "2517-1594-3124", "YSC": "3607", "YSD": "3207", "YSADAB": "", "QDIAB": "111000-251100", "YSWA": "07", "YSVA": "003", "QDIBE": "西昆仑变质带", "YSVAD": "", "DDCDS": "1220", "QDIMD": "", "fill_color": 19968, "pattern": 754, "pattern_color": 18432, "_src_file": "LDZOFBB004.WP", "_src_id": 12 }, "geometry": { "type": "MultiPolygon", "coordinates": [ [ [ [ 73.599026439527492, 39.266270183832738 ], [ 73.59781286105823, 39.265539614602744 ], [ 73.595320819202769, 39.262217240819652 ], [ 73.593134467108172, 39.259594698617981 ], [ 73.588522746290906, 39.254942725792617 ], [ 73.587063082196039, 39.25363969044119 ], [ 73.586172132838328, 39.252793306417296 ], [ 73.585397020961423, 39.252334507887575 ], [ 73.584904228285282, 39.25220061894764 ], [ 73.584654474518416, 39.252294636923899 ], [ 73.584481927914965, 39.252647050320171 ], [ 73.584383893518265, 39.253386630770045 ], [ 73.584237177327907, 39.25447990466909 ], [ 73.584126371928335, 39.255831146374035 ], [ 73.584104197234382, 39.256893507777306 ], [ 73.583806027318531, 39.259305402414014 ], [ 73.583785187239556, 39.260303377381454 ], [ 73.583886886898767, 39.261367017147393 ], [ 73.584406251654286, 39.262209578666614 ], [ 73.585131437576578, 39.263086464032554 ], [ 73.58557494975679, 39.263606239620209 ], [ 73.585648812794076, 39.26402559868469 ], [ 73.585312394193906, 39.264311921554999 ], [ 73.584859473158772, 39.26424284199998 ], [ 73.584208133405468, 39.263785314787391 ], [ 73.583517526272487, 39.263230777634732 ], [ 73.58266443340753, 39.262545756434037 ], [ 73.582010433109389, 39.262216988483701 ], [ 73.581596804615955, 39.262244903433071 ], [ 73.581095195967848, 39.262529501153963 ], [ 73.580460933329888, 39.263231317160397 ], [ 73.579949202246013, 39.263998800795562 ], [ 73.579559326284055, 39.264864146366982 ], [ 73.579377276649112, 39.265667246225554 ], [ 73.579442338475886, 39.266505113764339 ], [ 73.579675293659065, 39.26721592392046 ], [ 73.580451203749561, 39.26764256902176 ], [ 73.581354388384653, 39.267909529961415 ], [ 73.58234085142459, 39.268145146152598 ], [ 73.584526343564363, 39.268328755676379 ], [ 73.587339388254435, 39.268132400561015 ], [ 73.590444712642935, 39.267928548650879 ], [ 73.590443712642937, 39.267928548650879 ], [ 73.591693111016738, 39.267684042726373 ], [ 73.591693111016738, 39.267684042726373 ], [ 73.594663368262644, 39.266913453862031 ], [ 73.596981516921588, 39.266607790808457 ], [ 73.599027439527489, 39.266270183832738 ], [ 73.599026439527492, 39.266270183832738 ] ] ] ] } },
{ "type": "Feature", "properties": { "ID": 620, "周长": 0.45248163413038406, "面积": 0.0015188829885444399, "FEATUREID": "OFBB004C1AJ430010020000014", "CHFCAC": "000014", "YSX": "1300", "QDIAA": "410301>410206", "GCJFLP": "灰色二云石英片岩、黑云绢云石英片岩、黑云变粒岩、石榴绢云石英片岩、大理岩", "QDUECD": "赛图拉岩群", "QDUECC": "→ChSt.", "GZEKG": "222100       ", "MDLHL": 0.0, "KWBED": "2517-1594-3124", "YSC": "3607", "YSD": "3207", "YSADAB": "", "QDIAB": "111000-251100", "YSWA": "07", "YSVA": "003", "QDIBE": "西昆仑变质带", "YSVAD": "", "DDCDS": "1220", "QDIMD": "", "fill_color": 24064, "pattern": 754, "pattern_color": 18432, "_src_file": "LDZOFBB004.WP", "_src_id": 13 }, "geometry": { "type": "MultiPolygon", "coordinates": [ [ [ [ 73.683706978753719, 39.257776285237384 ], [ 73.683508950722668, 39.257411235113317 ], [ 73.683552691492949, 39.256930860897484 ], [ 73.683816461188428, 39.256339160456164 ], [ 73.684710408141214, 39.254989061844284 ], [ 73.684975458483777, 39.254312534117084 ], [ 73.68516644017356, 39.253720237885879 ], [ 73.685101885439408, 39.253182428881701 ], [ 73.68500138050598, 39.252616047540329 ], [ 73.684124272271575, 39.250488060798368 ], [ 73.683591978328394, 39.249607112830802 ], [ 73.68313115516959, 39.248811575361934 ], [ 73.68266904458666, 39.248100862624412 ], [ 73.68209910711353, 39.247304435603056 ], [ 73.680775644411952, 39.245823192217408 ], [ 73.679172363404462, 39.24366087738661 ], [ 73.678818656710789, 39.243092246276461 ], [ 73.67860948005729, 39.242553143491911 ], [ 73.678618609819466, 39.241959372083599 ], [ 73.678629914265741, 39.241224228496414 ], [ 73.67860541230894, 39.240460494195048 ], [ 73.678509740327399, 39.239611309110401 ], [ 73.678301331391367, 39.2389540232775 ], [ 73.678019848935534, 39.238323315060768 ], [ 73.677772355325772, 39.237892952995978 ], [ 73.677597012621789, 39.237491789952522 ], [ 73.677638114512462, 39.237178229778863 ], [ 73.677786348259332, 39.23697981000965 ], [ 73.678043022325724, 39.236810922476558 ], [ 73.678371839672295, 39.236671235612 ], [ 73.678701532427283, 39.23647447523517 ], [ 73.678889549613913, 39.236048101032445 ], [ 73.678933268338241, 39.235563324685131 ], [ 73.678907458075429, 39.234878134007637 ], [ 73.678808195441377, 39.234249352386946 ], [ 73.678562018432359, 39.233733381785633 ], [ 73.677325511967609, 39.231524492213133 ], [ 73.676619408559233, 39.230233729076808 ], [ 73.676027009926202, 39.228630067034203 ], [ 73.675781750651907, 39.228057020425119 ], [ 73.675787005673925, 39.227714591500927 ], [ 73.675936099620259, 39.227459100901889 ], [ 73.676266192839734, 39.2272338113074 ], [ 73.676561745592693, 39.226894046414067 ], [ 73.676784721487309, 39.22655361380771 ], [ 73.677127927974155, 39.225472249749721 ], [ 73.677174711315743, 39.224787722324656 ], [ 73.677039626031558, 39.224130067838281 ], [ 73.676793498202272, 39.223614095733545 ], [ 73.676473925446032, 39.22315452873972 ], [ 73.676080473677573, 39.222779901518599 ], [ 73.674647903818041, 39.221539535308416 ], [ 73.673929526295169, 39.220992864273605 ], [ 73.673139765752197, 39.220332615436241 ], [ 73.672461462613413, 39.219474658710496 ], [ 73.672072328949625, 39.218704535002971 ], [ 73.671829813407513, 39.217822200373632 ], [ 73.671525098477176, 39.216144366819272 ], [ 73.671532869410271, 39.215548245482843 ], [ 73.671538417069229, 39.215122441562698 ], [ 73.671728265853545, 39.214612999514692 ], [ 73.671955591134548, 39.214103788506947 ], [ 73.672184396287818, 39.213509383018149 ], [ 73.672505759669619, 39.211779721176796 ], [ 73.672708024177638, 39.210617039879068 ], [ 73.672690382294078, 39.209537610389184 ], [ 73.67286857183953, 39.207664665007862 ], [ 73.67304378988139, 39.205962104542664 ], [ 73.673591386113472, 39.203780015941966 ], [ 73.674245224094946, 39.201769156493356 ], [ 73.675338235866363, 39.199620158159682 ], [ 73.676044081842548, 39.198605798335691 ], [ 73.67689182669865, 39.197585369685839 ], [ 73.67689182669865, 39.197585369685839 ], [ 73.676083800010773, 39.196691561432267 ], [ 73.673457339739116, 39.193882405837918 ], [ 73.672525707291072, 39.192988270847493 ], [ 73.670741531345058, 39.192010417221752 ], [ 73.669147182216804, 39.191034792952877 ], [ 73.667453651946403, 39.190278740048889 ], [ 73.665094508644131, 39.189588323571321 ], [ 73.663110603888896, 39.189123109888392 ], [ 73.662110931551155, 39.188942456578935 ], [ 73.661785612365847, 39.188959791475106 ], [ 73.661647030430913, 39.189126793330907 ], [ 73.661777142409377, 39.189497695285048 ], [ 73.662321779727293, 39.19068064628361 ], [ 73.664181006689745, 39.192319941803028 ], [ 73.666426656078599, 39.193522375344862 ], [ 73.672063265139457, 39.195351830108685 ], [ 73.673544835628377, 39.196986668942031 ], [ 73.673333695864216, 39.198160957838958 ], [ 73.672185806585219, 39.198883308984385 ], [ 73.670865516471565, 39.198721159816948 ], [ 73.666309846648417, 39.199698679757965 ], [ 73.664016639687546, 39.200996172432035 ], [ 73.660592040564467, 39.202133523407575 ], [ 73.6581348209819, 39.202105232079511 ], [ 73.65718413534097, 39.20238844720982 ], [ 73.65641965941748, 39.202820887672424 ], [ 73.656783686627023, 39.203560520909804 ], [ 73.660355520833875, 39.20463127288459 ], [ 73.662798880813938, 39.205394789398483 ], [ 73.663732861654125, 39.205993857407336 ], [ 73.663907954090107, 39.2067312987013 ], [ 73.66351316500176, 39.207609287549559 ], [ 73.662734719837545, 39.208777041215583 ], [ 73.661403095638647, 39.209202998913824 ], [ 73.660793143066755, 39.209080408309987 ], [ 73.660337191299078, 39.209074955815339 ], [ 73.658665361561575, 39.20905494348213 ], [ 73.657067191816651, 39.209153632521044 ], [ 73.65546551178241, 39.209429023665422 ], [ 73.653787826995227, 39.209703476012642 ], [ 73.652419958221046, 39.209687028401234 ], [ 73.651283582908775, 39.209496588968655 ], [ 73.649995229372919, 39.209304305090221 ], [ 73.64938611872563, 39.209355884687859 ], [ 73.649306604514194, 39.209531688892227 ], [ 73.649298391592623, 39.209944038124121 ], [ 73.649438643802569, 39.210534940877764 ], [ 73.649810399064236, 39.210951868545273 ], [ 73.651096435070329, 39.211261967732753 ], [ 73.653527089155091, 39.211350134666496 ], [ 73.655647925851085, 39.211729138189597 ], [ 73.657153822379058, 39.212454256161486 ], [ 73.65820610470459, 39.213056080666028 ], [ 73.658801254014136, 39.21371134343422 ], [ 73.659236983805044, 39.213737751000849 ], [ 73.659598297497425, 39.214624428353133 ], [ 73.659937247203956, 39.216687535649847 ], [ 73.657240025821807, 39.219304010857201 ], [ 73.656452929410108, 39.220912878033189 ], [ 73.656622371194587, 39.221944434838456 ], [ 73.66039538292425, 39.22242916670902 ], [ 73.666239899486143, 39.223378780534574 ], [ 73.666969723540234, 39.223530870246812 ], [ 73.667118263977073, 39.223709402153702 ], [ 73.66740838771149, 39.224419907713397 ], [ 73.667465854364949, 39.225363329262748 ], [ 73.667215798305335, 39.226479852086825 ], [ 73.666206772285207, 39.227528415764596 ], [ 73.665508731817226, 39.228227149862754 ], [ 73.664511308761988, 39.228684612592808 ], [ 73.663139620302658, 39.228842822778375 ], [ 73.661090793067387, 39.228639079938894 ], [ 73.657908806003576, 39.228067263535067 ], [ 73.655712665418577, 39.227626184252699 ], [ 73.652686297590208, 39.226879849778193 ], [ 73.651318131951712, 39.226861510477633 ], [ 73.650551011931512, 39.227204132899672 ], [ 73.650236431812147, 39.227729282139123 ], [ 73.650303070885002, 39.228200726268696 ], [ 73.651120457446581, 39.229152791584426 ], [ 73.652620807759305, 39.230172824883923 ], [ 73.654580788777338, 39.23102253183319 ], [ 73.656546650870268, 39.231578192569899 ], [ 73.658365173642309, 39.231896578783136 ], [ 73.66011118696666, 39.232037511845085 ], [ 73.662084093968147, 39.232240260616685 ], [ 73.664134187657581, 39.232385182481245 ], [ 73.666261463545041, 39.232472275538399 ], [ 73.668159542445096, 39.232615108635073 ], [ 73.670054166048629, 39.232934320256525 ], [ 73.671412073368586, 39.233481674221643 ], [ 73.672083538302033, 39.23413756808052 ], [ 73.672449789625702, 39.234848237147268 ], [ 73.672363390073926, 39.235376463705407 ], [ 73.671817413544161, 39.236075065406979 ], [ 73.671045672920584, 39.236653036992003 ], [ 73.670581467365096, 39.237058619529364 ], [ 73.670336080072474, 39.237937649817404 ], [ 73.670400551606406, 39.238526692489273 ], [ 73.670520257511257, 39.240175201972733 ], [ 73.670430371974362, 39.240879835387901 ], [ 73.670119339337461, 39.241228627299272 ], [ 73.669587164125318, 39.241221576054642 ], [ 73.668752042622003, 39.241151685018501 ], [ 73.667156673758271, 39.241071700029437 ], [ 73.664728517863153, 39.240804165436593 ], [ 73.662295731320867, 39.240771794085376 ], [ 73.660540189638013, 39.241101314759966 ], [ 73.659460708473901, 39.24185156046952 ], [ 73.658908728104365, 39.242844113739629 ], [ 73.658808236525786, 39.244077964782448 ], [ 73.658938162005114, 39.245197251267768 ], [ 73.659225974239831, 39.24602455402237 ], [ 73.660054155107247, 39.246447332739436 ], [ 73.661792396024325, 39.246999868045066 ], [ 73.663682728961291, 39.247554402145049 ], [ 73.664813926845412, 39.248039996339088 ], [ 73.668194883231394, 39.250143550620614 ], [ 73.669700550431145, 39.250928158386635 ], [ 73.670753498009958, 39.251530296061716 ], [ 73.671047250538066, 39.252063552407471 ], [ 73.670887088361226, 39.252473162525128 ], [ 73.669815628319967, 39.252811879093905 ], [ 73.668363969742089, 39.253145542710641 ], [ 73.66698717649264, 39.253539000866994 ], [ 73.666224474840604, 39.253646510117896 ], [ 73.663256652421097, 39.253724686126716 ], [ 73.660215115201282, 39.253684166590176 ], [ 73.65809420238476, 39.25324413448692 ], [ 73.655904286015954, 39.252450229293785 ], [ 73.654474781847227, 39.25166646364071 ], [ 73.652888558453284, 39.251115854813605 ], [ 73.651673162640691, 39.251040745156722 ], [ 73.649612003969125, 39.251424819388561 ], [ 73.647553170216412, 39.251691251952487 ], [ 73.646721475816989, 39.251444794162779 ], [ 73.646357756277325, 39.250616442222771 ], [ 73.646684228285892, 39.249503279676404 ], [ 73.647084369132784, 39.24850874580271 ], [ 73.646953454381588, 39.247448252301766 ], [ 73.646438867246204, 39.246559051868161 ], [ 73.645458706902659, 39.246134129819623 ], [ 73.644476204549946, 39.245826806645027 ], [ 73.642803557844701, 39.24580426433662 ], [ 73.6415063420732, 39.246022040495824 ], [ 73.64051205647327, 39.24630270902621 ], [ 73.639969221344003, 39.246824744142124 ], [ 73.639650926545102, 39.247526266764453 ], [ 73.639709243405633, 39.248409334435621 ], [ 73.640068150169, 39.24947291694221 ], [ 73.640582676243469, 39.250362144060993 ], [ 73.641475032225628, 39.251374105193115 ], [ 73.642514771213683, 39.252623320827055 ], [ 73.64332996542808, 39.253693046744253 ], [ 73.644148718475947, 39.254586358210993 ], [ 73.644737020697249, 39.255594197289867 ], [ 73.645322983059387, 39.256719640256456 ], [ 73.646132387157962, 39.258083358701263 ], [ 73.646491436676683, 39.259146922245272 ], [ 73.64661883227302, 39.260383823445139 ], [ 73.64652632450715, 39.261206038142625 ], [ 73.646133156079387, 39.261847750986263 ], [ 73.644822702703365, 39.262712385011 ], [ 73.643208019538648, 39.263572903097419 ], [ 73.641984164988258, 39.263909308209222 ], [ 73.640460826142643, 39.26400638202449 ], [ 73.639399689841667, 39.263815589470916 ], [ 73.638649846502005, 39.263276088344639 ], [ 73.637834614698306, 39.262206330638392 ], [ 73.637248730018442, 39.261080854567936 ], [ 73.636817317871461, 39.259839826968516 ], [ 73.636312248779191, 39.258480165868065 ], [ 73.63580719850458, 39.257120502610697 ], [ 73.635300980585427, 39.255819636947983 ], [ 73.634940932806231, 39.254814845862526 ], [ 73.634416959093855, 39.254396013484801 ], [ 73.634039141729332, 39.254273254416262 ], [ 73.633963103403417, 39.254272222801511 ], [ 73.633885877456635, 39.25432999311937 ], [ 73.633649459015885, 39.25473851627963 ], [ 73.633403544764988, 39.255617456945401 ], [ 73.633079206543144, 39.256612970751675 ], [ 73.632605152652744, 39.257488814409967 ], [ 73.632142964723442, 39.257776632125122 ], [ 73.631681959757387, 39.258005646001422 ], [ 73.631301751256387, 39.258000481669235 ], [ 73.630316771412339, 39.257810643807069 ], [ 73.630088645359891, 39.257807541322599 ], [ 73.629024057422413, 39.257793063909396 ], [ 73.62833372643253, 39.258077763412736 ], [ 73.627864369268707, 39.258718376851427 ], [ 73.627619557933116, 39.259538501381314 ], [ 73.627304657007144, 39.260063580244584 ], [ 73.626693917349172, 39.260172897908845 ], [ 73.625935859040794, 39.260044931473828 ], [ 73.624804749892661, 39.259558961849237 ], [ 73.623519180205932, 39.259188507858994 ], [ 73.622225250111853, 39.259229655993195 ], [ 73.620851682335228, 39.259446156550652 ], [ 73.619931975435904, 39.259786485765638 ], [ 73.619230799929213, 39.260600348883578 ], [ 73.618452364616047, 39.261471967059471 ], [ 73.617608662918158, 39.261813318976699 ], [ 73.616696114957819, 39.26180081266363 ], [ 73.615864416713066, 39.261554132403752 ], [ 73.615799183960846, 39.261023873244547 ], [ 73.616046540665323, 39.260086173338145 ], [ 73.616528022428597, 39.258857590122048 ], [ 73.616617275268197, 39.258211811967456 ], [ 73.616392750711839, 39.258032278044283 ], [ 73.615708377562896, 39.258022891930821 ], [ 73.615249723248908, 39.258134234502201 ], [ 73.614783853633583, 39.258598388610402 ], [ 73.614089849358038, 39.259059406815396 ], [ 73.613467068355249, 39.259756673843718 ], [ 73.612776654749979, 39.260041279503561 ], [ 73.61140907275913, 39.259963658637687 ], [ 73.609818189640251, 39.259647671836362 ], [ 73.608239276771116, 39.25927780700718 ], [ 73.607710092570798, 39.259331257760806 ], [ 73.607402348202214, 39.259622207871089 ], [ 73.607470526308589, 39.259975784805398 ], [ 73.607687139275527, 39.260448493461332 ], [ 73.60820426160484, 39.260983060466607 ], [ 73.609010571065298, 39.262427976277706 ], [ 73.609172714310844, 39.264284770671722 ], [ 73.608747585425874, 39.2656708320756 ], [ 73.608527369455004, 39.266106779895871 ], [ 73.608528369455001, 39.266106779895871 ], [ 73.609069239538059, 39.266139073059911 ], [ 73.611061411400215, 39.266188888755146 ], [ 73.61493452666933, 39.266435886962284 ], [ 73.61493452666933, 39.266435886962284 ], [ 73.617189051176183, 39.266461933898455 ], [ 73.620623021443933, 39.266739066847158 ], [ 73.627569339403692, 39.266835286513988 ], [ 73.636913137725287, 39.267197952488843 ], [ 73.640721015550184, 39.26717323106709 ], [ 73.648183932465273, 39.267427485626662 ], [ 73.650018803711546, 39.267231924543147 ], [ 73.651577706318449, 39.267064172315365 ], [ 73.652903468238605, 39.266863666964674 ], [ 73.654349251229633, 39.266511903794779 ], [ 73.656149552773314, 39.266011154671588 ], [ 73.660762880752543, 39.264653796079848 ], [ 73.662875313454634, 39.263942697846481 ], [ 73.66549488036425, 39.263264883134191 ], [ 73.669053631566101, 39.262257955119168 ], [ 73.671168945540629, 39.261635235384766 ], [ 73.675311335277001, 39.260663631384801 ], [ 73.680797347764056, 39.259003831037084 ], [ 73.682254534219496, 39.25843487187668 ], [ 73.683705978753721, 39.257776285237384 ], [ 73.683706978753719, 39.257776285237384 ] ] ] ] } },
{ "type": "Feature", "properties": { "ID": 639, "周长": 0.98592088518140941, "面积": 0.0053341135406437959, "FEATUREID": "OFBB004C1AJ430010020000015", "CHFCAC": "000015", "YSX": "1300", "QDIAA": "410301>410206", "GCJFLP": "灰色二云石英片岩、黑云绢云石英片岩、黑云变粒岩、石榴绢云石英片岩、大理岩", "QDUECD": "赛图拉岩群", "QDUECC": "→ChSt.", "GZEKG": "222100       ", "MDLHL": 0.0, "KWBED": "2517-1594-3124", "YSC": "3607", "YSD": "3207", "YSADAB": "", "QDIAB": "111000-251100", "YSWA": "07", "YSVA": "003", "QDIBE": "西昆仑变质带", "YSVAD": "", "DDCDS": "1220", "QDIMD": "", "fill_color": 29184, "pattern": 754, "pattern_color": 18432, "_src_file": "LDZOFBB004.WP", "_src_id": 14 }, "geometry": { "type": "MultiPolygon", "coordinates": [ [ [ [ 73.737164200665305, 39.154488589214033 ], [ 73.737164918760698, 39.154489014797548 ], [ 73.737165200665302, 39.154488589214033 ], [ 73.737164200665305, 39.154488589214033 ] ] ], [ [ [ 73.831323850599048, 39.170374886779271 ], [ 73.829832866293344, 39.17082267933506 ], [ 73.827227484884475, 39.171373321009469 ], [ 73.822395523031162, 39.172189499819403 ], [ 73.819652618840934, 39.172567658941027 ], [ 73.817577832162854, 39.172540508584639 ], [ 73.815577001455324, 39.172514100112245 ], [ 73.811873364870095, 39.1723484398387 ], [ 73.808910791628961, 39.172192493811323 ], [ 73.80646615649313, 39.172101697784839 ], [ 73.798913275629943, 39.171359172886795 ], [ 73.796443183118996, 39.171057020621127 ], [ 73.797796851487021, 39.172089149662582 ], [ 73.798894742495506, 39.173265450685605 ], [ 73.799844335388968, 39.1743817521766 ], [ 73.800944619906005, 39.175441817373056 ], [ 73.802340453877477, 39.176679955594935 ], [ 73.804035338067877, 39.177921831713171 ], [ 73.805809671013648, 39.178932184347033 ], [ 73.80736442380848, 39.179707267032768 ], [ 73.811821927885958, 39.181157960207628 ], [ 73.813676972956685, 39.181878581638919 ], [ 73.815527452038424, 39.182831613857253 ], [ 73.816635004354211, 39.183542879724037 ], [ 73.817367637065956, 39.184307598186621 ], [ 73.817644834572945, 39.185415389497798 ], [ 73.817405613674623, 39.18616801816281 ], [ 73.816493537926235, 39.186912274997617 ], [ 73.815588934742308, 39.187308818752875 ], [ 73.814690727627365, 39.187355886943877 ], [ 73.812828094433584, 39.186983096201949 ], [ 73.810895703909267, 39.186377498439164 ], [ 73.809554643322699, 39.186128245318947 ], [ 73.808127260545533, 39.186459129545952 ], [ 73.80684290866229, 39.187141284951586 ], [ 73.806003353915273, 39.188062919328715 ], [ 73.806056641216742, 39.189228785674317 ], [ 73.80663113827795, 39.190517707676172 ], [ 73.807732232810594, 39.191638440618632 ], [ 73.809132435643107, 39.19276290782414 ], [ 73.810385283520873, 39.193768993559004 ], [ 73.811717214800765, 39.194543017118939 ], [ 73.813277759778174, 39.195086836906782 ], [ 73.815067971161511, 39.195342200059699 ], [ 73.816639212143372, 39.195303508285193 ], [ 73.818886573660492, 39.195098422386032 ], [ 73.821959575148099, 39.194728755163091 ], [ 73.824056304771119, 39.194579960415602 ], [ 73.824877712359822, 39.194648390330144 ], [ 73.825019844657973, 39.195057969786049 ], [ 73.824931316966371, 39.195814251617264 ], [ 73.824169837778442, 39.196562204968444 ], [ 73.822811224009939, 39.197244490411443 ], [ 73.8222077413932, 39.197528309343156 ], [ 73.820999698418163, 39.198154181190368 ], [ 73.819646340631749, 39.198545194761259 ], [ 73.818067578907161, 39.198991651271641 ], [ 73.81648560200955, 39.199612825651165 ], [ 73.814824553464376, 39.200466033638008 ], [ 73.813840725813762, 39.201094624638714 ], [ 73.812936997141364, 39.201432909436981 ], [ 73.811817488046572, 39.201302411502851 ], [ 73.810706544667568, 39.200705933219112 ], [ 73.809753741388761, 39.19964534316523 ], [ 73.809173759669648, 39.198647671439453 ], [ 73.808523310092809, 39.197416074035765 ], [ 73.80763784590377, 39.196764127018376 ], [ 73.806148859892545, 39.196395908360628 ], [ 73.804353278161472, 39.196431642736364 ], [ 73.802627083008701, 39.196759518874039 ], [ 73.801045026047831, 39.197380482451429 ], [ 73.799459701072323, 39.198176162542374 ], [ 73.798033615240186, 39.198449490571029 ], [ 73.797363900927962, 39.198266264317866 ], [ 73.796779779354722, 39.197501517297951 ], [ 73.796648627227285, 39.196509445553126 ], [ 73.796808985184597, 39.195928871846675 ], [ 73.797127532719742, 39.194884214311962 ], [ 73.797437420652614, 39.194305523410868 ], [ 73.79782423352043, 39.193611283408231 ], [ 73.797687666168613, 39.192910443737588 ], [ 73.797326804091909, 39.192206772904051 ], [ 73.796663641284155, 39.191674068566066 ], [ 73.795546483231163, 39.19142692606259 ], [ 73.79345847017062, 39.19110923632644 ], [ 73.792494120369881, 39.190689217348677 ], [ 73.791910112853316, 39.189924446740505 ], [ 73.791554751435044, 39.188929529849325 ], [ 73.790823419647538, 39.188046367721761 ], [ 73.789938234971785, 39.187394291748681 ], [ 73.789208295723469, 39.186453307375423 ], [ 73.788631331914473, 39.185399771400071 ], [ 73.788132663541404, 39.184172855720853 ], [ 73.787777657666552, 39.183238378065653 ], [ 73.785961632991885, 39.180599768156029 ], [ 73.784694869265266, 39.176689401299001 ], [ 73.78405506651066, 39.175053810449903 ], [ 73.783410586716272, 39.173650646650813 ], [ 73.782764953502294, 39.172305588667371 ], [ 73.781822727459542, 39.170840503145072 ], [ 73.781120598116701, 39.169703976657495 ], [ 73.779273039872635, 39.169575574475033 ], [ 73.773194801032119, 39.168683860280538 ], [ 73.76490424279487, 39.166376850308204 ], [ 73.757770689238299, 39.164036538068274 ], [ 73.750469461090546, 39.160891236205401 ], [ 73.74459922171323, 39.158170579093188 ], [ 73.741196288663815, 39.156878230188731 ], [ 73.737164918760698, 39.154489014797548 ], [ 73.736611702320758, 39.155324190228129 ], [ 73.73025375770716, 39.164813177319843 ], [ 73.726915140628449, 39.170108464303944 ], [ 73.726901105409638, 39.171187266296563 ], [ 73.727360912713294, 39.177147091898348 ], [ 73.72732537961619, 39.179117212625933 ], [ 73.727201889396198, 39.181723908376405 ], [ 73.726768665016195, 39.182748623474637 ], [ 73.726301920516406, 39.183973732126489 ], [ 73.725611088511229, 39.18528493459393 ], [ 73.725237617359156, 39.185764923703793 ], [ 73.724610476873821, 39.18665845982386 ], [ 73.722701327826968, 39.188637016601298 ], [ 73.721393264069121, 39.189875470453295 ], [ 73.716985825139787, 39.194090770900324 ], [ 73.714387676289931, 39.196414916553813 ], [ 73.713189973353565, 39.197216583625654 ], [ 73.711710784669975, 39.197840966777633 ], [ 73.7109131447056, 39.198185588537719 ], [ 73.710229938829443, 39.198443430125444 ], [ 73.709621340579986, 39.19866675217412 ], [ 73.708091456835689, 39.200156431233523 ], [ 73.704794213608324, 39.203020640364691 ], [ 73.700884354765989, 39.20692568626901 ], [ 73.696493012072352, 39.212031052010374 ], [ 73.693949183715475, 39.215135297550219 ], [ 73.693641481314799, 39.217927687170068 ], [ 73.693573191919256, 39.218584344341927 ], [ 73.693453716608502, 39.219130992694758 ], [ 73.693331242192201, 39.219677640871403 ], [ 73.693127552898446, 39.220114033093978 ], [ 73.692895461026879, 39.220572089469279 ], [ 73.692001309261116, 39.222055485562798 ], [ 73.691601786454243, 39.222689353451237 ], [ 73.691339772699521, 39.223368387006779 ], [ 73.69116147119604, 39.224004200395598 ], [ 73.691119850860247, 39.224882955805299 ], [ 73.691250668216284, 39.225675272251152 ], [ 73.69153256492487, 39.227523847941399 ], [ 73.692417275384713, 39.230278751707324 ], [ 73.692634983790498, 39.230808096076473 ], [ 73.693149251492954, 39.231955414342018 ], [ 73.693716579604072, 39.233544202004559 ], [ 73.693851190286736, 39.233919427068983 ], [ 73.693897985135564, 39.234404089940803 ], [ 73.693895332195524, 39.234646213730393 ], [ 73.69400388926438, 39.234955196672502 ], [ 73.694139826275133, 39.235110308676894 ], [ 73.694722616248484, 39.235664928167317 ], [ 73.69505260383967, 39.236107631378495 ], [ 73.695323495421107, 39.236615954488528 ], [ 73.695515231838272, 39.237057623215975 ], [ 73.695729041394983, 39.237763634830394 ], [ 73.695965923889005, 39.238667953783356 ], [ 73.69623750852513, 39.239264319038959 ], [ 73.696652065686095, 39.239816527393188 ], [ 73.697317207379996, 39.240301703512522 ], [ 73.698318735465605, 39.24094214804083 ], [ 73.701451903620907, 39.243322845704931 ], [ 73.702285535143716, 39.244005677034721 ], [ 73.702925059711717, 39.244447841443389 ], [ 73.70367991861805, 39.244782448677945 ], [ 73.70547958799142, 39.245170540686615 ], [ 73.70705509988133, 39.245338202246849 ], [ 73.708065448467138, 39.245478716182284 ], [ 73.708991674378751, 39.245727568064261 ], [ 73.710087634117144, 39.245999825909358 ], [ 73.710735453905102, 39.246071197950414 ], [ 73.711613620686308, 39.246195242142008 ], [ 73.711790455655674, 39.244130082252674 ], [ 73.71222492999226, 39.242396902596901 ], [ 73.713919556891881, 39.23802493011631 ], [ 73.715251824929496, 39.233824771608461 ], [ 73.715641783541699, 39.231935287355455 ], [ 73.715851272226374, 39.230327236555709 ], [ 73.716065198632137, 39.22852981011566 ], [ 73.716987070979201, 39.226424666552468 ], [ 73.717613337273292, 39.225369289518511 ], [ 73.718188149305789, 39.224470693980408 ], [ 73.72105761949193, 39.221091940917674 ], [ 73.72143099462599, 39.220670210254575 ], [ 73.721674869271268, 39.220624970930231 ], [ 73.721853498712477, 39.220767975263477 ], [ 73.721903632767919, 39.221287474425672 ], [ 73.721767579651228, 39.222136437395697 ], [ 73.721136185416341, 39.223551765431203 ], [ 73.719109858022023, 39.228222804285366 ], [ 73.718514832439396, 39.23096410272229 ], [ 73.718249176871325, 39.232192973601265 ], [ 73.717923918250989, 39.233468696462872 ], [ 73.717283784568608, 39.235782101697573 ], [ 73.716023439770026, 39.239320400809376 ], [ 73.715333637117268, 39.240964670394739 ], [ 73.714579667924085, 39.242981604856347 ], [ 73.713827531630486, 39.244857384082863 ], [ 73.713628928125544, 39.246387928350231 ], [ 73.716161109977094, 39.246598174411794 ], [ 73.718044254526063, 39.246810831740078 ], [ 73.719477234325012, 39.246932242413358 ], [ 73.720884363049592, 39.247031546678286 ], [ 73.722231902367213, 39.247305176733391 ], [ 73.723634884505088, 39.247644819546366 ], [ 73.726711198243052, 39.248301792032429 ], [ 73.728708543653141, 39.248575900430374 ], [ 73.730592707575866, 39.24876188867082 ], [ 73.735845234471611, 39.249229917864064 ], [ 73.737556834303263, 39.249283653356045 ], [ 73.739003874948594, 39.249292116985849 ], [ 73.743293958089879, 39.249142269408942 ], [ 73.744602033243154, 39.249149840536319 ], [ 73.745825325842915, 39.248994982166131 ], [ 73.748298500136187, 39.243937001040656 ], [ 73.74931581341589, 39.242502150463267 ], [ 73.750711225386766, 39.241219159776684 ], [ 73.755644557170697, 39.238034608414011 ], [ 73.764045482735739, 39.232548692552172 ], [ 73.770873224655418, 39.228199916502632 ], [ 73.774847708217919, 39.225797611204406 ], [ 73.778125841198403, 39.224192335798541 ], [ 73.77916707145738, 39.223802157263172 ], [ 73.778742247644502, 39.223176439329535 ], [ 73.778206411022026, 39.222428498703884 ], [ 73.777514788080694, 39.221632204366628 ], [ 73.776337705807833, 39.220543436063231 ], [ 73.77485532593947, 39.219546305786693 ], [ 73.772559496186645, 39.217822905042084 ], [ 73.770891187519297, 39.216901621633092 ], [ 73.768765564020825, 39.215929026261414 ], [ 73.76731027230278, 39.215296173713469 ], [ 73.766731342592706, 39.215052623837309 ], [ 73.766431480344224, 39.214787533215663 ], [ 73.766345178665972, 39.214381061443397 ], [ 73.766381164665503, 39.21380857010346 ], [ 73.76654450054491, 39.213141655731469 ], [ 73.766950361320752, 39.212452939273241 ], [ 73.767571001749033, 39.211527383353705 ], [ 73.768441695831982, 39.210460696609317 ], [ 73.768842871399102, 39.210129941281266 ], [ 73.769272401588481, 39.209966493629892 ], [ 73.7698520860516, 39.209995248933787 ], [ 73.770491581988097, 39.210119972454464 ], [ 73.77112784468062, 39.210340152073769 ], [ 73.771858764438392, 39.210632692651075 ], [ 73.772952541801075, 39.211025193841799 ], [ 73.773499185452195, 39.211222981568014 ], [ 73.774167552112019, 39.211446154624589 ], [ 73.774805647418063, 39.211573484815055 ], [ 73.775355456054243, 39.211604207293497 ], [ 73.776148625961056, 39.211614108607613 ], [ 73.776821916933358, 39.211455427689472 ], [ 73.777802728929757, 39.211109623612572 ], [ 73.779646888492806, 39.210058498674087 ], [ 73.780230689706102, 39.209685688255611 ], [ 73.78078623658233, 39.209122054799103 ], [ 73.781065135526788, 39.208578323257406 ], [ 73.781291894539834, 39.207628949334357 ], [ 73.781581022595788, 39.206394717038293 ], [ 73.78167929195638, 39.205824570115198 ], [ 73.781625417131437, 39.205061772105324 ], [ 73.781273355146453, 39.204152805506169 ], [ 73.780720864859347, 39.202600732546401 ], [ 73.780251915236178, 39.201406226693479 ], [ 73.779655555086691, 39.200661258397822 ], [ 73.778963398218693, 39.200057493114954 ], [ 73.778034561304466, 39.199141480751756 ], [ 73.777167682187596, 39.198107573390729 ], [ 73.775955884095595, 39.195762124413385 ], [ 73.775303796581056, 39.194588740214648 ], [ 73.774951759675957, 39.193823478854704 ], [ 73.774524960083582, 39.192059355188704 ], [ 73.774477476378991, 39.191132183597048 ], [ 73.774142333206754, 39.18941686734135 ], [ 73.773823570990899, 39.188367022487135 ], [ 73.773449423456412, 39.186983784602894 ], [ 73.773027345276304, 39.184707324193823 ], [ 73.772624461691805, 39.183123106044832 ], [ 73.77236468263439, 39.18211493865671 ], [ 73.77187150395153, 39.18031434881869 ], [ 73.771794948183924, 39.179355922618342 ], [ 73.771775580270074, 39.178589618811728 ], [ 73.771814051264116, 39.178039371895046 ], [ 73.772155298044041, 39.177564050853341 ], [ 73.772523899446227, 39.177304477749274 ], [ 73.773077043205774, 39.17707070541433 ], [ 73.773751296887156, 39.176864320664123 ], [ 73.774727620358959, 39.176758470695503 ], [ 73.775702900946683, 39.176724422610704 ], [ 73.777073112602395, 39.176695979688091 ], [ 73.77795357182022, 39.176899994447588 ], [ 73.778587662747185, 39.177220242892147 ], [ 73.779249043887688, 39.177899981975969 ], [ 73.779905338287605, 39.178795157121712 ], [ 73.780501352700455, 39.179785217355153 ], [ 73.781273281175913, 39.181184797801585 ], [ 73.782544439271447, 39.183956133979962 ], [ 73.783369188817829, 39.185787437463745 ], [ 73.783635428813, 39.186341873997563 ], [ 73.783929001803429, 39.18706062199081 ], [ 73.783977259868152, 39.187916661989831 ], [ 73.784024380204798, 39.188843970513751 ], [ 73.784097443845553, 39.189866727493666 ], [ 73.78468768598141, 39.193035162476519 ], [ 73.785097240882834, 39.194038880124296 ], [ 73.785601575279259, 39.195020128353313 ], [ 73.785983720652496, 39.195833374393551 ], [ 73.786214036269158, 39.196739496346559 ], [ 73.78688182391015, 39.198768341354118 ], [ 73.787108780635037, 39.199793106758257 ], [ 73.787391953115787, 39.200984994445569 ], [ 73.787717860286051, 39.201678535477321 ], [ 73.789129054706947, 39.204834897012056 ], [ 73.789547081399775, 39.205579063640528 ], [ 73.789751331933957, 39.206439257670056 ], [ 73.790108410452035, 39.20718255925383 ], [ 73.790555257965494, 39.208070016723532 ], [ 73.790943117922879, 39.208789935916435 ], [ 73.791541846509631, 39.209727166078274 ], [ 73.792199002312799, 39.210712877649847 ], [ 73.792949791385979, 39.211771309347334 ], [ 73.793309852552682, 39.212181255294361 ], [ 73.793761414689627, 39.212759163746199 ], [ 73.794149449133087, 39.213383832107617 ], [ 73.794419667200415, 39.213911535091661 ], [ 73.795201246470654, 39.214779899962608 ], [ 73.795591263822772, 39.215237889486254 ], [ 73.796137911157274, 39.215578061690074 ], [ 73.796399480718321, 39.215736794143261 ], [ 73.805087619788864, 39.210362861931742 ], [ 73.813767184793875, 39.205017677703125 ], [ 73.819517281490477, 39.201561266472673 ], [ 73.824495320991801, 39.199200097057044 ], [ 73.82946938108617, 39.197048846107769 ], [ 73.834912870559734, 39.194428338500792 ], [ 73.840491147280858, 39.191230381926353 ], [ 73.843761174467318, 39.1892192221976 ], [ 73.845613013795329, 39.187873634113309 ], [ 73.848117853481057, 39.185629007926551 ], [ 73.847867017261265, 39.185325594168859 ], [ 73.847389581757497, 39.184481902009786 ], [ 73.846945515933385, 39.183590684707973 ], [ 73.846681968016597, 39.182941030127225 ], [ 73.846415067934146, 39.182435028092556 ], [ 73.84608327180031, 39.18209590371184 ], [ 73.845453866756273, 39.181441950266233 ], [ 73.844227576213186, 39.179775265982578 ], [ 73.842901742825035, 39.178586333006095 ], [ 73.841819439371164, 39.177591521077488 ], [ 73.840885222499764, 39.176789986219589 ], [ 73.840047480318034, 39.175869841085117 ], [ 73.839061446206614, 39.174636595471057 ], [ 73.838145133745016, 39.172877357548487 ], [ 73.83715820754702, 39.169919902753044 ], [ 73.836901726288275, 39.168770820199704 ], [ 73.836774945558901, 39.168466842330631 ], [ 73.836773945558903, 39.168466842330631 ], [ 73.832667461942407, 39.169867030946754 ], [ 73.831323850599048, 39.170374886779271 ] ], [ [ 73.703645918615265, 39.21873678278407 ], [ 73.704384368161683, 39.217584363942741 ], [ 73.705181148799014, 39.216785956597761 ], [ 73.706165482653489, 39.21634306489198 ], [ 73.707335488892213, 39.216407085728704 ], [ 73.708697013326443, 39.216725678900147 ], [ 73.710514400925277, 39.217150446099701 ], [ 73.71212963599227, 39.217774800792881 ], [ 73.713423216851211, 39.218243989652116 ], [ 73.71537277152116, 39.218518781743143 ], [ 73.717903482738208, 39.218951663411879 ], [ 73.719193260807515, 39.219572186624291 ], [ 73.719831972133903, 39.220235707380787 ], [ 73.71995173737028, 39.220842794239189 ], [ 73.719745841444038, 39.221345220163364 ], [ 73.719221145891609, 39.221591585874883 ], [ 73.717849954319831, 39.221828239777203 ], [ 73.716801415150357, 39.222169549435208 ], [ 73.71640401888564, 39.22251832918289 ], [ 73.716453768954082, 39.223276069326388 ], [ 73.716961295119276, 39.22398857746407 ], [ 73.717475574457126, 39.224398284339507 ], [ 73.717529120655357, 39.224903692872552 ], [ 73.717395143300422, 39.225204997070037 ], [ 73.716803293228011, 39.225450602450366 ], [ 73.715624498964601, 39.225840870294839 ], [ 73.714248373217586, 39.226279347314886 ], [ 73.712736229907492, 39.227019103780727 ], [ 73.711675012684651, 39.227915494057946 ], [ 73.710877294800241, 39.2288653403564 ], [ 73.710536291175359, 39.229669043468597 ], [ 73.709801583349133, 39.230518702880303 ], [ 73.709006697496534, 39.231317138325714 ], [ 73.708217469883067, 39.23166137371237 ], [ 73.706709972055876, 39.232148718510807 ], [ 73.705661226683134, 39.232489923813176 ], [ 73.703433418403833, 39.233120329253182 ], [ 73.702255391528723, 39.233459994612907 ], [ 73.70127948140582, 39.233398187113053 ], [ 73.700829389714372, 39.233039631091991 ], [ 73.700511552866232, 39.232682587595171 ], [ 73.700457061677881, 39.232076242802492 ], [ 73.700535756493323, 39.23137047681309 ], [ 73.701010093847003, 39.230517853411612 ], [ 73.701875088942728, 39.229568832879572 ], [ 73.702415421953972, 39.228565559591232 ], [ 73.702633041967474, 39.227407111869738 ], [ 73.702656267779304, 39.226195929712681 ], [ 73.702679428753044, 39.224883814111394 ], [ 73.702775509348669, 39.223269659828233 ], [ 73.702867779330489, 39.221958300211455 ], [ 73.703082466487672, 39.220951246433764 ], [ 73.703161122406826, 39.220245478988936 ], [ 73.703233905871073, 39.219741573468234 ], [ 73.703645918615265, 39.21873678278407 ] ], [ [ 73.762077826902569, 39.167622959980953 ], [ 73.763395880650009, 39.168918696719047 ], [ 73.76338256154331, 39.169615992222852 ], [ 73.763211985068352, 39.170543792021469 ], [ 73.762751592118661, 39.171119086027673 ], [ 73.761995606765353, 39.171574301766412 ], [ 73.761014185474451, 39.17208472585984 ], [ 73.759725792687306, 39.172881811837442 ], [ 73.759113276558921, 39.173629480895656 ], [ 73.759016983966745, 39.17467445533417 ], [ 73.759293623617765, 39.175666156862711 ], [ 73.759873461750971, 39.176603616331612 ], [ 73.760533043795803, 39.177251497899775 ], [ 73.76111927732434, 39.177782196881402 ], [ 73.761409521745747, 39.178309030249551 ], [ 73.761324013005662, 39.178831034216884 ], [ 73.760865939479743, 39.179290103604963 ], [ 73.760411648296568, 39.179516738462155 ], [ 73.759439678279392, 39.17956228146096 ], [ 73.756897320184322, 39.179471275715301 ], [ 73.755251388496234, 39.179566174316165 ], [ 73.754421713484192, 39.17996226182062 ], [ 73.753657771657444, 39.180649852300377 ], [ 73.7530437188543, 39.181513701121595 ], [ 73.752731475954775, 39.182149000585639 ], [ 73.752501836663313, 39.182525496777032 ], [ 73.751653661435171, 39.184212570394557 ], [ 73.751759852803161, 39.185909860201207 ], [ 73.753092023114661, 39.187726269253119 ], [ 73.755245993309032, 39.189127444104109 ], [ 73.758373184567674, 39.189478856572798 ], [ 73.760019732985938, 39.188754343544566 ], [ 73.762077867856675, 39.18803415148912 ], [ 73.763714199658509, 39.187945525483904 ], [ 73.76506327373059, 39.188701905997149 ], [ 73.76599347595247, 39.189983888910056 ], [ 73.766659700078819, 39.190839022387145 ], [ 73.766745365502089, 39.190884783513681 ], [ 73.76772512284407, 39.191523125574371 ], [ 73.768795959645885, 39.192068004314137 ], [ 73.768829411366951, 39.192085986550019 ], [ 73.770490639394396, 39.19294695345711 ], [ 73.771847944680886, 39.193943962731574 ], [ 73.77267191937662, 39.194700874605836 ], [ 73.773073334307668, 39.195638946916574 ], [ 73.773356906993683, 39.196528847401353 ], [ 73.773221953889475, 39.197226835447246 ], [ 73.772492326917998, 39.197917145157987 ], [ 73.771221763506716, 39.19855390113193 ], [ 73.769895730128368, 39.198956698460876 ], [ 73.768460026287343, 39.198984860399484 ], [ 73.763848459553188, 39.199018748698158 ], [ 73.761989900658222, 39.199134693402016 ], [ 73.761079211525285, 39.199682706015864 ], [ 73.760643444782275, 39.200656617508102 ], [ 73.760328966573638, 39.201445534664948 ], [ 73.759783907571901, 39.20176500875445 ], [ 73.75840690539863, 39.201747185584892 ], [ 73.757153996311118, 39.201451092348968 ], [ 73.755074766638955, 39.200631131294649 ], [ 73.75335289647046, 39.199862434942837 ], [ 73.751449461247219, 39.199091378995703 ], [ 73.748649376228741, 39.198448495524339 ], [ 73.746325273623626, 39.197811797143274 ], [ 73.744531097311523, 39.197695074580672 ], [ 73.743928032540794, 39.197967056901831 ], [ 73.743669444329385, 39.19884997843517 ], [ 73.743651024878133, 39.199922818234739 ], [ 73.744045597921087, 39.201234644117221 ], [ 73.744195381295711, 39.202730099321109 ], [ 73.743935509273953, 39.203940297077772 ], [ 73.743019482088542, 39.20481555104481 ], [ 73.741695247489247, 39.205218885308255 ], [ 73.74050136463562, 39.205157094449746 ], [ 73.739667854588376, 39.204866525058392 ], [ 73.737732095715742, 39.20281172031666 ], [ 73.737327181349215, 39.202059820659379 ], [ 73.736813674300109, 39.200606468398696 ], [ 73.736604218978016, 39.199110246451504 ], [ 73.736635327183535, 39.197337085874068 ], [ 73.736661459985982, 39.195937223485622 ], [ 73.736750292550752, 39.19449145583792 ], [ 73.736713414794195, 39.193184606929748 ], [ 73.736437845715301, 39.192061452707883 ], [ 73.735976173004559, 39.19116911166789 ], [ 73.735397516023582, 39.190135289200299 ], [ 73.734871476377648, 39.189475326585871 ], [ 73.734527745549983, 39.188677821335737 ], [ 73.73447767671405, 39.188070788685081 ], [ 73.734501258725842, 39.186858296135732 ], [ 73.735065132283694, 39.185653855426381 ], [ 73.736115756893909, 39.184038881475814 ], [ 73.73808554370099, 39.181458669991841 ], [ 73.738701615916924, 39.180722133424922 ], [ 73.739563788157923, 39.179523488929568 ], [ 73.740427902768062, 39.178278311549967 ], [ 73.741051595440823, 39.177029995581947 ], [ 73.741434996431607, 39.175964639334801 ], [ 73.741623237178658, 39.175501745960204 ], [ 73.741869443265585, 39.175225732403881 ], [ 73.74228616863769, 39.174888940594506 ], [ 73.742845878339097, 39.173940919372086 ], [ 73.744120633884407, 39.171304411590022 ], [ 73.744279432960667, 39.170034008001245 ], [ 73.744852386939058, 39.168450039381241 ], [ 73.746105136280207, 39.166873397934729 ], [ 73.747065814543149, 39.16645969645856 ], [ 73.749517643831879, 39.166380046224745 ], [ 73.752099264304604, 39.166831751697558 ], [ 73.754824431223525, 39.166754906189418 ], [ 73.75700867057293, 39.166460207353659 ], [ 73.759185302228232, 39.166483437105313 ], [ 73.760138589987349, 39.166599577088817 ], [ 73.760749646510831, 39.166675857447061 ], [ 73.761191905374631, 39.167030299160579 ], [ 73.762077826902569, 39.167622959980953 ] ], [ [ 73.73143290282168, 39.211289120019181 ], [ 73.730514482955698, 39.211933653216562 ], [ 73.729533221313602, 39.212476419087821 ], [ 73.728680439302835, 39.213071294056626 ], [ 73.728409212862701, 39.213724058893987 ], [ 73.728456863688379, 39.214633281126517 ], [ 73.728439787561214, 39.215541677277521 ], [ 73.728036249697425, 39.216344187004999 ], [ 73.727312862994836, 39.216940702904907 ], [ 73.726400034564904, 39.2172824005875 ], [ 73.725355782087803, 39.217472097343354 ], [ 73.723925244497977, 39.217354818766665 ], [ 73.722631603752589, 39.216885747822268 ], [ 73.721148375628218, 39.216111628202754 ], [ 73.720052970171608, 39.215493363708759 ], [ 73.71902842618087, 39.214573036902827 ], [ 73.718071884596526, 39.213502047330628 ], [ 73.716913353458281, 39.212782074317914 ], [ 73.715746224155254, 39.212516287186602 ], [ 73.713913659554095, 39.212999996248044 ], [ 73.711688504345517, 39.213580107321114 ], [ 73.709858769763073, 39.213912349855271 ], [ 73.708626544075827, 39.213645741132993 ], [ 73.707664392311273, 39.212877467375492 ], [ 73.70728532185349, 39.212267357632882 ], [ 73.707225998470918, 39.21196380946806 ], [ 73.707164749272252, 39.211761192639194 ], [ 73.707308455525023, 39.211056170050639 ], [ 73.707711608953602, 39.210404626124465 ], [ 73.708181788064678, 39.209652898272971 ], [ 73.708912364741039, 39.208904176501015 ], [ 73.709971323996868, 39.208007806571274 ], [ 73.71122652036189, 39.207063209440804 ], [ 73.712676984398115, 39.206120848916967 ], [ 73.71471330352982, 39.205185205895944 ], [ 73.716547573656271, 39.204600548308377 ], [ 73.718446914614304, 39.204016606780208 ], [ 73.719956589606994, 39.203377696126324 ], [ 73.721533242199243, 39.202638579292064 ], [ 73.722848521391768, 39.201946928167636 ], [ 73.725228131427656, 39.200055949992965 ], [ 73.72588668301313, 39.199659639615568 ], [ 73.726873270499908, 39.199015178960586 ], [ 73.728116048073687, 39.198324329875661 ], [ 73.729291252291176, 39.197784045140352 ], [ 73.729748008115237, 39.197587948891908 ], [ 73.730586390232219, 39.197750062181683 ], [ 73.73122118619969, 39.198414364588267 ], [ 73.732044451421416, 39.199383934838444 ], [ 73.732481361496184, 39.200247629041883 ], [ 73.732852622840824, 39.20116096692572 ], [ 73.733090685156256, 39.202274522524014 ], [ 73.733528569099462, 39.203087746598015 ], [ 73.73429192504949, 39.20380414499266 ], [ 73.735184729450054, 39.204522180441202 ], [ 73.735950005213368, 39.205137635730601 ], [ 73.736262275083092, 39.20574734139953 ], [ 73.736312851073208, 39.206505162011311 ], [ 73.735909456584636, 39.207307704801856 ], [ 73.735048297387564, 39.208356827556351 ], [ 73.733278197619413, 39.209545834883173 ], [ 73.732685313784074, 39.210093562267218 ], [ 73.732353196091651, 39.210543646831255 ], [ 73.73143290282168, 39.211289120019181 ] ], [ [ 73.759585753718326, 39.210385102560906 ], [ 73.759131436921024, 39.209072386805452 ], [ 73.759156408260409, 39.207765872234695 ], [ 73.759649942927538, 39.207025494484178 ], [ 73.760213839004876, 39.20678386553795 ], [ 73.760855235540404, 39.206667699559702 ], [ 73.761733888784022, 39.206679053917576 ], [ 73.763081136748298, 39.207256527670459 ], [ 73.764583428994655, 39.208084903930846 ], [ 73.765682803652226, 39.209094762833075 ], [ 73.766066826430489, 39.209908704730317 ], [ 73.76621121115133, 39.210719560120388 ], [ 73.766121866043079, 39.211216250971425 ], [ 73.765308831767214, 39.211952540073817 ], [ 73.764257313449377, 39.212623515800907 ], [ 73.763136561067512, 39.212733514453845 ], [ 73.762179136503676, 39.212658920319569 ], [ 73.761861971067361, 39.212530363350048 ], [ 73.761231210151735, 39.212086600011347 ], [ 73.760445445033881, 39.211391908286437 ], [ 73.759585753718326, 39.210385102560906 ] ] ] ] } },
{ "type": "Feature", "properties": { "ID": 651, "周长": 0.23792631269839154, "面积": 0.0010795522083694956, "FEATUREID": "OFBB004C1AJ430010020000016", "CHFCAC": "000016", "YSX": "1300", "QDIAA": "410301>410206", "GCJFLP": "灰色二云石英片岩、黑云绢云石英片岩、黑云变粒岩、石榴绢云石英片岩、大理岩", "QDUECD": "赛图拉岩群", "QDUECC": "→ChSt.", "GZEKG": "222100       ", "MDLHL": 0.0, "KWBED": "2517-1594-3124", "YSC": "3607", "YSD": "3207", "YSADAB": "", "QDIAB": "111000-251100", "YSWA": "07", "YSVA": "003", "QDIBE": "西昆仑变质带", "YSVAD": "", "DDCDS": "1220", "QDIMD": "", "fill_color": -13824, "pattern": 754, "pattern_color": 18432, "_src_file": "LDZOFBB004.WP", "_src_id": 15 }, "geometry": { "type": "MultiPolygon", "coordinates": [ [ [ [ 74.732332946932644, 39.201823522522879 ], [ 74.731476707956503, 39.201734749857643 ], [ 74.731475707956506, 39.201734749857643 ], [ 74.730719049553301, 39.202129304402519 ], [ 74.727730386224763, 39.203210640562602 ], [ 74.726293170414635, 39.203568732098596 ], [ 74.724855940111993, 39.203926803579186 ], [ 74.720537351739665, 39.204635785671961 ], [ 74.712569007977436, 39.20629101919986 ], [ 74.711318836190358, 39.206587390038067 ], [ 74.710068162171439, 39.206974501007942 ], [ 74.703252140387974, 39.209546274767362 ], [ 74.696865636229504, 39.212306888391836 ], [ 74.696865636229504, 39.212306888391836 ], [ 74.696953052162783, 39.21330964529416 ], [ 74.697151081759685, 39.21425221847641 ], [ 74.697194938720898, 39.214312169821604 ], [ 74.697553889623052, 39.214802801077049 ], [ 74.698262876286023, 39.214961651510961 ], [ 74.701508758689755, 39.214734507951086 ], [ 74.704856403286101, 39.2144290269203 ], [ 74.706681150547851, 39.214512144980738 ], [ 74.707136279137558, 39.214748804592411 ], [ 74.708047407249097, 39.215045488678356 ], [ 74.708807311440907, 39.215165149009096 ], [ 74.709340509143559, 39.214989846341275 ], [ 74.709570089636671, 39.214696026280144 ], [ 74.709421444316604, 39.213989109604718 ], [ 74.709576121063449, 39.213459588005364 ], [ 74.710034120040874, 39.213107458063661 ], [ 74.710643345190121, 39.212932338556648 ], [ 74.711554467705753, 39.213228993028849 ], [ 74.713376444366205, 39.213881160262297 ], [ 74.714590078171753, 39.214531810151286 ], [ 74.717625521910762, 39.215893425691597 ], [ 74.718992167019877, 39.216367763906774 ], [ 74.720436828068756, 39.216430122319665 ], [ 74.721274481814504, 39.216196617198044 ], [ 74.722112408457946, 39.215904226356301 ], [ 74.722645026005111, 39.215846619812758 ], [ 74.723937030294508, 39.216026327429269 ], [ 74.728264493617687, 39.217626239343133 ], [ 74.729555731451853, 39.217982519310908 ], [ 74.730770664975708, 39.218397488952689 ], [ 74.731378001786865, 39.218634405496687 ], [ 74.731528759413735, 39.218929147837557 ], [ 74.731527682916237, 39.219164659839706 ], [ 74.731373425934891, 39.219635333169357 ], [ 74.730533875995619, 39.220281057205163 ], [ 74.729542470414614, 39.220867544599756 ], [ 74.728476352911372, 39.221159454696 ], [ 74.726346276469044, 39.221272221886153 ], [ 74.723684086637746, 39.221324811134473 ], [ 74.720945837968273, 39.221377155110766 ], [ 74.718132369903486, 39.22125261641866 ], [ 74.715319761686885, 39.220951375569733 ], [ 74.713571362550482, 39.220770448907203 ], [ 74.710987241147791, 39.220410787027767 ], [ 74.706653048576271, 39.22022330580883 ], [ 74.70399234282975, 39.219981054210869 ], [ 74.702166772755263, 39.220035274621793 ], [ 74.699883992567095, 39.22026492570614 ], [ 74.698666542996321, 39.220379536614999 ], [ 74.696991279224207, 39.22078733714185 ], [ 74.695316294150274, 39.221136236252264 ], [ 74.69432608793997, 39.221428032127349 ], [ 74.693461926048158, 39.221857536286123 ], [ 74.692446248112361, 39.222168873585275 ], [ 74.690822080997378, 39.22255680958223 ], [ 74.690178117526472, 39.222649417802344 ], [ 74.688693881115114, 39.222862847908658 ], [ 74.688187634738242, 39.222861032297679 ], [ 74.688187634738242, 39.222861032297679 ], [ 74.688330298494762, 39.223464283340292 ], [ 74.691037403301905, 39.226150116481826 ], [ 74.693565281166002, 39.228412476050366 ], [ 74.696546599818774, 39.230138346865786 ], [ 74.696546599818774, 39.230138346865786 ], [ 74.697724196056313, 39.230820007246592 ], [ 74.701525011792839, 39.232239615180177 ], [ 74.70988342919695, 39.234813086304385 ], [ 74.709884429196947, 39.234813086304385 ], [ 74.710988653599884, 39.23451708693608 ], [ 74.712688213817486, 39.233786167992967 ], [ 74.7140482897927, 39.233106898749533 ], [ 74.715068141381067, 39.232636816483314 ], [ 74.715949296870178, 39.232376428949813 ], [ 74.717035454711677, 39.232221547639334 ], [ 74.718257036532094, 39.232119493638479 ], [ 74.720227326506048, 39.231914207574462 ], [ 74.7222646748843, 39.231446503810069 ], [ 74.724027425488046, 39.231240665697804 ], [ 74.725181161906306, 39.231348412962127 ], [ 74.725923197944354, 39.232032786827446 ], [ 74.726327565244674, 39.232821375710735 ], [ 74.726595776421945, 39.233714660951861 ], [ 74.727269279165341, 39.234556392264338 ], [ 74.728147048874007, 39.235241067112625 ], [ 74.728621998149691, 39.235662246042189 ], [ 74.728753017382701, 39.236240156773697 ], [ 74.728407972331283, 39.237211521294839 ], [ 74.728406972331285, 39.237211521294839 ], [ 74.729241838797392, 39.237241697737161 ], [ 74.734501983486609, 39.236548922403905 ], [ 74.738314856713941, 39.235006785962 ], [ 74.740497054625109, 39.233178938462522 ], [ 74.749403971031057, 39.226431436044642 ], [ 74.751274018939725, 39.225274447675922 ], [ 74.751274018939725, 39.225274447675922 ], [ 74.750951958654497, 39.225240665246922 ], [ 74.75019000598455, 39.225217522203259 ], [ 74.748588029623846, 39.225111287468863 ], [ 74.747875505731358, 39.225069120363024 ], [ 74.74749401042321, 39.225006837705415 ], [ 74.746731130572769, 39.224861682857934 ], [ 74.744789950858745, 39.224385253367835 ], [ 74.744059954185843, 39.224177832030733 ], [ 74.74317340424615, 39.22394947954038 ], [ 74.742261314442175, 39.223618156173323 ], [ 74.739734213564589, 39.222583438624369 ], [ 74.737989586222724, 39.221715085457788 ], [ 74.737261124069931, 39.221240060521168 ], [ 74.736948946191731, 39.221033536185907 ], [ 74.73658500730977, 39.220744565594195 ], [ 74.736325283699557, 39.22049699510746 ], [ 74.736066250139189, 39.22012593188591 ], [ 74.736067858868751, 39.219837787281818 ], [ 74.736094888018286, 39.219673193977314 ], [ 74.736173904881511, 39.219549881486095 ], [ 74.736331596806835, 39.21936500017334 ], [ 74.736462832792995, 39.219241803407385 ], [ 74.736593956662432, 39.2191391900272 ], [ 74.736777065097058, 39.219077859300391 ], [ 74.737195277743623, 39.21899647511934 ], [ 74.737743805773846, 39.218956545960417 ], [ 74.73829233608339, 39.21891661647453 ], [ 74.739362712079128, 39.218939595500274 ], [ 74.739806802108021, 39.218899425164153 ], [ 74.740146792948522, 39.218797274099934 ], [ 74.740513234202766, 39.218633434085383 ], [ 74.740748900233456, 39.218510467286364 ], [ 74.74090623800582, 39.218387323571335 ], [ 74.740985245016077, 39.218264007756154 ], [ 74.741065047298804, 39.217996620594626 ], [ 74.741066295796301, 39.217770219626615 ], [ 74.741068903075416, 39.217296840866503 ], [ 74.740788740074294, 39.216020132528705 ], [ 74.739239359018796, 39.212353659777044 ], [ 74.736130332319675, 39.207018288548738 ], [ 74.734937996730267, 39.205184937829706 ], [ 74.734574975324207, 39.204655261361033 ], [ 74.734004333240577, 39.203860688227032 ], [ 74.733744768391617, 39.203534653962883 ], [ 74.733118808035741, 39.202747709683187 ], [ 74.732331946932646, 39.201823522522879 ], [ 74.732332946932644, 39.201823522522879 ] ] ] ] } },
{ "type": "Feature", "properties": { "ID": 671, "周长": 0.048519250896918706, "面积": 7.0247944893440245e-05, "FEATUREID": "OFBB004C1AJ430010020000017", "CHFCAC": "000017", "YSX": "1300", "QDIAA": "410301>410206", "GCJFLP": "灰色二云石英片岩、黑云绢云石英片岩、黑云变粒岩、石榴绢云石英片岩、大理岩", "QDUECD": "赛图拉岩群", "QDUECC": "→ChSt.", "GZEKG": "222100       ", "MDLHL": 0.0, "KWBED": "2517-1594-3124", "YSC": "3607", "YSD": "3207", "YSADAB": "", "QDIAB": "111000-251100", "YSWA": "07", "YSVA": "003", "QDIBE": "西昆仑变质带", "YSVAD": "", "DDCDS": "1220", "QDIMD": "", "fill_color": -4608, "pattern": 754, "pattern_color": 18432, "_src_file": "LDZOFBB004.WP", "_src_id": 16 }, "geometry": { "type": "MultiPolygon", "coordinates": [ [ [ [ 73.709621340579986, 39.19866675217412 ], [ 73.709294080039484, 39.19878700619649 ], [ 73.708273078539506, 39.198976649157046 ], [ 73.706407687483789, 39.199050545840336 ], [ 73.705501010387493, 39.19921909491967 ], [ 73.704651439952642, 39.199409953745409 ], [ 73.703769880101291, 39.199644398747495 ], [ 73.701879196771884, 39.200111010177771 ], [ 73.701088907779763, 39.200411105364999 ], [ 73.700379228243222, 39.20086519896423 ], [ 73.699779704791524, 39.20138549945964 ], [ 73.699241711835739, 39.201818275952213 ], [ 73.698729738976937, 39.20225130435054 ], [ 73.698276487869734, 39.202706718092159 ], [ 73.697961340985501, 39.203097759419883 ], [ 73.697561161672596, 39.203619317089242 ], [ 73.697216452278553, 39.204163562700742 ], [ 73.696839573673671, 39.204882721946056 ], [ 73.696516083904328, 39.205755635743401 ], [ 73.696222135212139, 39.206541231673484 ], [ 73.695955969081965, 39.207283297086633 ], [ 73.695522101317806, 39.208111406070117 ], [ 73.695026223439882, 39.209223606710907 ], [ 73.694695609392795, 39.210446801349235 ], [ 73.694517925241655, 39.210992592091678 ], [ 73.694365462749715, 39.211757564133443 ], [ 73.694235368208652, 39.212676039294806 ], [ 73.694106986939104, 39.213725872830906 ], [ 73.693949183715475, 39.215135297550219 ], [ 73.693949183715475, 39.215135297550219 ], [ 73.696493012072352, 39.212031052010374 ], [ 73.700884354765989, 39.20692568626901 ], [ 73.704794213608324, 39.203020640364691 ], [ 73.708091456835689, 39.200156431233523 ], [ 73.709621340579986, 39.19866675217412 ] ] ] ] } },
{ "type": "Feature", "properties": { "ID": 672, "周长": 0.25142833253560837, "面积": 0.0017713418401610892, "FEATUREID": "OFBB004C1AJ430010020000018", "CHFCAC": "000018", "YSX": "1300", "QDIAA": "410301>410206", "GCJFLP": "灰色二云石英片岩、黑云绢云石英片岩、黑云变粒岩、石榴绢云石英片岩、大理岩", "QDUECD": "赛图拉岩群", "QDUECC": "→ChSt.", "GZEKG": "222100       ", "MDLHL": 0.0, "KWBED": "2517-1594-3124", "YSC": "3607", "YSD": "3207", "YSADAB": "", "QDIAB": "111000-251100", "YSWA": "07", "YSVA": "003", "QDIBE": "西昆仑变质带", "YSVAD": "", "DDCDS": "1220", "QDIMD": "", "fill_color": -1536, "pattern": 754, "pattern_color": 18432, "_src_file": "LDZOFBB004.WP", "_src_id": 17 }, "geometry": { "type": "MultiPolygon", "coordinates": [ [ [ [ 73.848117853481057, 39.185629007926551 ], [ 73.848585668265997, 39.186196082187308 ], [ 73.848973150516926, 39.186871102593301 ], [ 73.849179311409614, 39.18735154939835 ], [ 73.849294473026845, 39.18778036548612 ], [ 73.849344523479985, 39.18844590713433 ], [ 73.849119414115748, 39.190818149203665 ], [ 73.849169068390978, 39.191507433451903 ], [ 73.849373004418339, 39.192174757304095 ], [ 73.849761994045025, 39.192749245175996 ], [ 73.850242513748952, 39.193277313565638 ], [ 73.8507857838311, 39.193711115510062 ], [ 73.851359821454068, 39.19407404189505 ], [ 73.851997421946734, 39.194413931188734 ], [ 73.854479928272184, 39.195820237274283 ], [ 73.855481138627752, 39.196306834808965 ], [ 73.856087197518121, 39.196646347709539 ], [ 73.856451416282781, 39.19693553152991 ], [ 73.856957656247857, 39.197701367423804 ], [ 73.857522338499862, 39.198752835037538 ], [ 73.857995220810992, 39.199636909344903 ], [ 73.858445392810836, 39.20025907410222 ], [ 73.859678150121965, 39.201673673381002 ], [ 73.86127617759567, 39.203093042904513 ], [ 73.862089323921623, 39.203885865261491 ], [ 73.86304315023574, 39.205463319968864 ], [ 73.864201122708209, 39.207558101521691 ], [ 73.864668439048913, 39.209094029253635 ], [ 73.864660530741673, 39.209619814043485 ], [ 73.864471805581786, 39.209856415942944 ], [ 73.864165512879708, 39.209924129496031 ], [ 73.863557083831125, 39.209916158160063 ], [ 73.862731284384765, 39.209953192533114 ], [ 73.861415254648861, 39.210175027300672 ], [ 73.86034194641384, 39.210495641071653 ], [ 73.859358303043265, 39.211008636020829 ], [ 73.856581800536873, 39.212788969309379 ], [ 73.855597462960603, 39.213278032920712 ], [ 73.854923419528163, 39.213436509739672 ], [ 73.853823142447467, 39.213517669058923 ], [ 73.853243572299007, 39.213486144182859 ], [ 73.852635661424301, 39.213310821332932 ], [ 73.852061364723525, 39.213064199778287 ], [ 73.851423755573364, 39.212721107599613 ], [ 73.850791104322425, 39.212234677460138 ], [ 73.848529277674061, 39.210412079787666 ], [ 73.847745561959982, 39.209828011293595 ], [ 73.84720114628314, 39.209510017714862 ], [ 73.846684965622671, 39.209359651641385 ], [ 73.846135057564211, 39.209376084414295 ], [ 73.845707130829979, 39.20953750101674 ], [ 73.845427625357217, 39.209772652308239 ], [ 73.845302892400227, 39.21012931453793 ], [ 73.845295462410448, 39.210607073560332 ], [ 73.84535034293927, 39.211133437154864 ], [ 73.845555292203471, 39.211685761626072 ], [ 73.845883193154378, 39.212311406876893 ], [ 73.847105800152093, 39.214263312139863 ], [ 73.848603508223206, 39.216314480562517 ], [ 73.848746934442374, 39.216985409796678 ], [ 73.848739205276473, 39.217487058655166 ], [ 73.848609552457575, 39.217987051979222 ], [ 73.848177730220669, 39.218435130254335 ], [ 73.847775382932198, 39.218883623165951 ], [ 73.847553954276535, 39.219406260267135 ], [ 73.847609820183436, 39.219860959618657 ], [ 73.847787293144762, 39.2203412007973 ], [ 73.848085940729774, 39.220655882536938 ], [ 73.848480997839587, 39.220900140336234 ], [ 73.849789479090632, 39.221085136567936 ], [ 73.850671497007411, 39.221168783623227 ], [ 73.851979948568598, 39.221282092530906 ], [ 73.853139951245311, 39.221321660374883 ], [ 73.85606901217227, 39.221002898727789 ], [ 73.856891710497479, 39.221037899486561 ], [ 73.857347353542153, 39.221163510733007 ], [ 73.857769657244802, 39.221503699930473 ], [ 73.858132686443142, 39.22186695476698 ], [ 73.858341573132265, 39.222132601092355 ], [ 73.858459744923323, 39.222492565994898 ], [ 73.858453398033475, 39.222970326022399 ], [ 73.858356538209819, 39.223375195553722 ], [ 73.858135881546133, 39.223802477248597 ], [ 73.858006578868114, 39.224374377766416 ], [ 73.857939335747545, 39.224803716200277 ], [ 73.857933055667175, 39.225233875265168 ], [ 73.858107986313783, 39.225714298128608 ], [ 73.858497606937789, 39.226245395279179 ], [ 73.859155415724487, 39.227066961894991 ], [ 73.860839984934799, 39.228571624438835 ], [ 73.861290571773196, 39.229175227648469 ], [ 73.861436743557675, 39.229607437773446 ], [ 73.861402083886503, 39.229893801471171 ], [ 73.861215693348214, 39.230130316990234 ], [ 73.860907745292081, 39.230269599312656 ], [ 73.860295983455117, 39.230333078630373 ], [ 73.859289597099888, 39.230343419752202 ], [ 73.858221542967343, 39.230400726475452 ], [ 73.857092768707048, 39.230576686006309 ], [ 73.855775321939305, 39.230869654852391 ], [ 73.854677371318374, 39.231022106504987 ], [ 73.853213682010917, 39.231026210586187 ], [ 73.851140555484477, 39.230998364500515 ], [ 73.849190975727993, 39.230853205676901 ], [ 73.84660646330633, 39.23034092873683 ], [ 73.844961521135389, 39.23015188534233 ], [ 73.843623125938976, 39.229990749154226 ], [ 73.842860887399226, 39.229980704028442 ], [ 73.842279438945639, 39.230116531756835 ], [ 73.841877494578327, 39.230350413407884 ], [ 73.841661024979445, 39.23061064106691 ], [ 73.841503030600009, 39.230967328994531 ], [ 73.841463623240031, 39.231492977187877 ], [ 73.841487697349407, 39.23192377182913 ], [ 73.841667187981983, 39.232236986522373 ], [ 73.842119879878254, 39.232625582476345 ], [ 73.842662623780868, 39.233039307718833 ], [ 73.843629748283007, 39.233626033436174 ], [ 73.844990417829933, 39.234409259691077 ], [ 73.846018204894563, 39.235020680840584 ], [ 73.846617480040209, 39.235602569573011 ], [ 73.846947760279917, 39.236085201413637 ], [ 73.847063093934395, 39.236397646920921 ], [ 73.847030322723953, 39.236684180241362 ], [ 73.846904787414715, 39.236921686761171 ], [ 73.846626430985665, 39.237181099880232 ], [ 73.846133982195781, 39.237413792284265 ], [ 73.845519914668273, 39.237620967549674 ], [ 73.844237282900437, 39.237867125960165 ], [ 73.843260078801521, 39.237949913331619 ], [ 73.842285094351922, 39.237817494402456 ], [ 73.84167774558685, 39.2376420724257 ], [ 73.841041030716227, 39.2373468295756 ], [ 73.840253509371891, 39.236858328840697 ], [ 73.838653768396796, 39.235761362456046 ], [ 73.837268636361202, 39.234475859375557 ], [ 73.836031657828457, 39.23335970137159 ], [ 73.834401620839813, 39.232190547349973 ], [ 73.83291739541022, 39.231477666929671 ], [ 73.831612811117495, 39.230934530853268 ], [ 73.830580065058712, 39.230586248810376 ], [ 73.829605291149463, 39.230310489096276 ], [ 73.828723280336945, 39.230155471547576 ], [ 73.827961190425498, 39.23014550720675 ], [ 73.827380328827545, 39.230161684472677 ], [ 73.826857798279832, 39.230202469823176 ], [ 73.826398357309444, 39.230363562924992 ], [ 73.82602821251588, 39.230549791651477 ], [ 73.825686992646851, 39.23083201993758 ], [ 73.825279919871988, 39.231328498911559 ], [ 73.824841448055707, 39.23187235763303 ], [ 73.824587752043499, 39.232514280774197 ], [ 73.824483912326869, 39.233158270825712 ], [ 73.824625064499756, 39.233781664641135 ], [ 73.824917963077738, 39.234646098550876 ], [ 73.826369373148907, 39.237318926079638 ], [ 73.826929952417444, 39.238449937626761 ], [ 73.827046028904277, 39.238929534746205 ], [ 73.827007285857064, 39.239287580804962 ], [ 73.82675916199301, 39.239547152516643 ], [ 73.825925402778964, 39.240013957915892 ], [ 73.825525691114805, 39.240080285629077 ], [ 73.825130625560973, 39.240051020950261 ], [ 73.824704631389309, 39.239925751773661 ], [ 73.824035336745837, 39.23960599861568 ], [ 73.823401273354875, 39.239191065483105 ], [ 73.822645567266264, 39.238678885131705 ], [ 73.822134231106531, 39.238241702643883 ], [ 73.821381916945555, 39.237418850565973 ], [ 73.819403749915352, 39.235097381092132 ], [ 73.818447545268967, 39.233937192378875 ], [ 73.817668289779107, 39.233163035621921 ], [ 73.816676930892001, 39.232314634753941 ], [ 73.815714001263871, 39.231586078196671 ], [ 73.815015937284485, 39.231290941201607 ], [ 73.814229271006241, 39.230946913941104 ], [ 73.813655310342824, 39.230701019504039 ], [ 73.813083093097148, 39.230240047569815 ], [ 73.812725657614877, 39.229757726427593 ], [ 73.812493220819377, 39.22915737955207 ], [ 73.812501540211571, 39.2286794325478 ], [ 73.812603540266011, 39.228130891243786 ], [ 73.812800135740403, 39.227344467025439 ], [ 73.813119883360329, 39.226487812230836 ], [ 73.813373514691733, 39.225869397596952 ], [ 73.813477243805181, 39.225105777958071 ], [ 73.813464975053606, 39.224173420611521 ], [ 73.81313787217168, 39.223643671973178 ], [ 73.812720928601763, 39.223136723831104 ], [ 73.811968054466902, 39.222460087243846 ], [ 73.808215890589693, 39.219914749860791 ], [ 73.804521688269176, 39.217822420681422 ], [ 73.80336936750777, 39.217403717601606 ], [ 73.802671401840186, 39.217228608550109 ], [ 73.801483130342191, 39.217023810106106 ], [ 73.800023766716961, 39.216887121934946 ], [ 73.798838069028704, 39.216634676470591 ], [ 73.797804465746054, 39.216407868695022 ], [ 73.796983305784906, 39.21608839302948 ], [ 73.796399480718321, 39.215736794143261 ], [ 73.796399480718321, 39.215736794143261 ], [ 73.805087619788864, 39.210362861931742 ], [ 73.813767184793875, 39.205017677703125 ], [ 73.819517281490477, 39.201561266472673 ], [ 73.824495320991801, 39.199200097057044 ], [ 73.82946938108617, 39.197048846107769 ], [ 73.834912870559734, 39.194428338500792 ], [ 73.840491147280858, 39.191230381926353 ], [ 73.843761174467318, 39.1892192221976 ], [ 73.845613013795329, 39.187873634113309 ], [ 73.848117853481057, 39.185629007926551 ] ] ] ] } },
{ "type": "Feature", "properties": { "ID": 675, "周长": 0.23637243435478492, "面积": 0.0018594757065881378, "FEATUREID": "OFBB004C1AJ430010020000019", "CHFCAC": "000019", "YSX": "1300", "QDIAA": "410301>410206", "GCJFLP": "灰色二云石英片岩、黑云绢云石英片岩、黑云变粒岩、石榴绢云石英片岩、大理岩", "QDUECD": "赛图拉岩群", "QDUECC": "→ChSt.", "GZEKG": "222100       ", "MDLHL": 0.0, "KWBED": "2517-1594-3124", "YSC": "3607", "YSD": "3207", "YSADAB": "", "QDIAB": "111000-251100", "YSWA": "07", "YSVA": "003", "QDIBE": "西昆仑变质带", "YSVAD": "", "DDCDS": "1220", "QDIMD": "", "fill_color": 1536, "pattern": 755, "pattern_color": 18432, "_src_file": "LDZOFBB004.WP", "_src_id": 18 }, "geometry": { "type": "MultiPolygon", "coordinates": [ [ [ [ 74.805179627003753, 39.201601004573192 ], [ 74.805637042680786, 39.200144464522111 ], [ 74.805781768634773, 39.199451189524282 ], [ 74.805840039985696, 39.198822562907374 ], [ 74.80589782348649, 39.198042132865893 ], [ 74.805845832592951, 39.196805747483616 ], [ 74.805735868342325, 39.19611124463021 ], [ 74.805513970363648, 39.195307762582068 ], [ 74.805292488621689, 39.194677770589344 ], [ 74.803977002415365, 39.192063151150471 ], [ 74.803810308864314, 39.191646829567517 ], [ 74.803695671091035, 39.191077705675617 ], [ 74.803697383318507, 39.190596605553466 ], [ 74.803725117646792, 39.190028170613019 ], [ 74.803807154698987, 39.189722429021749 ], [ 74.803949364410244, 39.189460699188409 ], [ 74.804159798480327, 39.189125811757187 ], [ 74.804159798480327, 39.189125811757187 ], [ 74.803452572529295, 39.188746218919476 ], [ 74.79632128626055, 39.183668714804988 ], [ 74.784347190385986, 39.177129913979854 ], [ 74.779435321982049, 39.17520033026944 ], [ 74.776407478364263, 39.174471649154668 ], [ 74.773645922726686, 39.17421348211176 ], [ 74.770145665107691, 39.1743224267938 ], [ 74.767377876319912, 39.174635180776328 ], [ 74.764668420295436, 39.175150525165911 ], [ 74.761145893475174, 39.175506424535563 ], [ 74.757762000853603, 39.175391696297581 ], [ 74.754910071132187, 39.174716329892973 ], [ 74.75490907113219, 39.174716329892973 ], [ 74.753967969207139, 39.178225869886681 ], [ 74.753807928386124, 39.178613008041502 ], [ 74.746943527892327, 39.188823401318892 ], [ 74.746943527892327, 39.188823401318892 ], [ 74.74655701562817, 39.18939821472172 ], [ 74.746558015628167, 39.18939821472172 ], [ 74.747335245903514, 39.190917918074341 ], [ 74.748277716351794, 39.192701204356837 ], [ 74.749221931187662, 39.193858453332531 ], [ 74.750033190767269, 39.194175259861893 ], [ 74.750915058412275, 39.194072130354947 ], [ 74.751665119969203, 39.193548634318979 ], [ 74.755473481429121, 39.190830524864978 ], [ 74.756426848645361, 39.189837178460834 ], [ 74.757853102852692, 39.189001969004778 ], [ 74.75907562731426, 39.188480639368365 ], [ 74.760839710847975, 39.187908025331694 ], [ 74.762808539971061, 39.187389260353903 ], [ 74.764229364437014, 39.18707949371337 ], [ 74.765180579067987, 39.18661134698872 ], [ 74.765655189718103, 39.185984831731517 ], [ 74.765523048202368, 39.185094906715506 ], [ 74.764913652738812, 39.184308242224631 ], [ 74.763629704760078, 39.183310286724854 ], [ 74.762212374446491, 39.182311914645922 ], [ 74.760589539600446, 39.181469901771997 ], [ 74.758831887057994, 39.180418158514826 ], [ 74.758223609214795, 39.179631461128501 ], [ 74.75836127893065, 39.179160937430133 ], [ 74.758969617098799, 39.178796477962514 ], [ 74.759647682259683, 39.178798495728202 ], [ 74.7605960234403, 39.179010613319001 ], [ 74.762219032484282, 39.179381699995908 ], [ 74.764384771779746, 39.180120633752672 ], [ 74.766143438794245, 39.180806015776085 ], [ 74.767629503650383, 39.181804536150409 ], [ 74.768975429925916, 39.183585358735954 ], [ 74.76937732233884, 39.184474398158684 ], [ 74.76951048016879, 39.185887012774344 ], [ 74.769169399027888, 39.187195545056476 ], [ 74.76815550167484, 39.188399090627478 ], [ 74.766661217766355, 39.189388935660524 ], [ 74.765169197174671, 39.190221859474939 ], [ 74.763270276799318, 39.190846647061093 ], [ 74.761234377565955, 39.1913139679137 ], [ 74.759195574314248, 39.191990798945461 ], [ 74.757160292628114, 39.192772586632202 ], [ 74.755869213417341, 39.193452509881595 ], [ 74.754779732193057, 39.194080339463703 ], [ 74.753965441299059, 39.194708731783813 ], [ 74.750225627905621, 39.19695868007485 ], [ 74.748457633135828, 39.197900045570528 ], [ 74.747301528537278, 39.198685184715323 ], [ 74.746484831192035, 39.19983861556787 ], [ 74.745867843114326, 39.201150010838745 ], [ 74.745249226542029, 39.202828965172444 ], [ 74.745055476951066, 39.203444663040486 ], [ 74.745055476951066, 39.203444663040486 ], [ 74.745047764506381, 39.205170996073107 ], [ 74.745135215393361, 39.205697080679194 ], [ 74.745547495643677, 39.207754120635435 ], [ 74.745753889234479, 39.208304601597831 ], [ 74.746335869381824, 39.209155033650383 ], [ 74.748592588845128, 39.211698610817919 ], [ 74.749671495026277, 39.212712855830269 ], [ 74.750533570348679, 39.213399990078308 ], [ 74.754767604232555, 39.215853060526904 ], [ 74.758843665608936, 39.218061246643416 ], [ 74.761823521375675, 39.219289421038241 ], [ 74.762713712448615, 39.219661048318791 ], [ 74.762714712448613, 39.219661048318791 ], [ 74.769736086601384, 39.217168775969853 ], [ 74.777900394864773, 39.214506024909142 ], [ 74.785883714894211, 39.211560406467733 ], [ 74.79078396476541, 39.209172658321265 ], [ 74.795684697360741, 39.206502740203724 ], [ 74.80518062700375, 39.201601004573192 ], [ 74.805179627003753, 39.201601004573192 ] ] ] ] } },
{ "type": "Feature", "properties": { "ID": 677, "周长": 0.85510910019566133, "面积": 0.011985849593782705, "FEATUREID": "OFBB004C1AJ430010020000020", "CHFCAC": "000020", "YSX": "1300", "QDIAA": "410301>410206", "GCJFLP": "灰色二云石英片岩、黑云绢云石英片岩、黑云变粒岩、石榴绢云石英片岩、大理岩", "QDUECD": "赛图拉岩群", "QDUECC": "→ChSt.", "GZEKG": "222100       ", "MDLHL": 0.0, "KWBED": "2517-1594-3124", "YSC": "3607", "YSD": "3207", "YSADAB": "", "QDIAB": "111000-251100", "YSWA": "07", "YSVA": "003", "QDIBE": "西昆仑变质带", "YSVAD": "", "DDCDS": "1220", "QDIMD": "", "fill_color": 9728, "pattern": 755, "pattern_color": 18432, "_src_file": "LDZOFBB004.WP", "_src_id": 19 }, "geometry": { "type": "MultiPolygon", "coordinates": [ [ [ [ 74.118247290082934, 39.122763407401912 ], [ 74.117160315576015, 39.124507559850983 ], [ 74.116082371264611, 39.125984746903114 ], [ 74.114790431981348, 39.127625334728592 ], [ 74.113286540294538, 39.129264297570252 ], [ 74.110068725245867, 39.132375514306872 ], [ 74.105454427360996, 39.13696128253158 ], [ 74.102553794649239, 39.140074721260476 ], [ 74.101157414854129, 39.141549309539329 ], [ 74.09965711261006, 39.142858037513598 ], [ 74.098372901180326, 39.143838341775343 ], [ 74.097794106444297, 39.144282616585635 ], [ 74.09724687408341, 39.14430624265264 ], [ 74.097423424227202, 39.143057139177763 ], [ 74.098788973790747, 39.138002177615867 ], [ 74.099793650106761, 39.135730453513759 ], [ 74.102108685105463, 39.132708992970166 ], [ 74.104633023491758, 39.130195648543804 ], [ 74.107659336272988, 39.127884663838444 ], [ 74.110350857646708, 39.125700718162264 ], [ 74.113375165656578, 39.123519245146937 ], [ 74.114974561170882, 39.122713027781614 ], [ 74.11497556117088, 39.122713027781614 ], [ 74.114165785236551, 39.122479589681255 ], [ 74.111493920807533, 39.121678595556922 ], [ 74.109307906249171, 39.120860133799681 ], [ 74.10898583070022, 39.120731091631718 ], [ 74.108720834174093, 39.120644655363776 ], [ 74.10845176598454, 39.120642603108905 ], [ 74.108131085315321, 39.120640142300239 ], [ 74.107699907839773, 39.120657954852838 ], [ 74.10737795805602, 39.120676586988282 ], [ 74.106627099449881, 39.12069193181425 ], [ 74.106441991669911, 39.120648298991078 ], [ 74.10630849365991, 39.120605076899352 ], [ 74.106068846233583, 39.120476645590323 ], [ 74.10590761801862, 39.120348830654322 ], [ 74.105432743044844, 39.119902095014695 ], [ 74.105379549982487, 39.119711812663262 ], [ 74.105383508222275, 39.119479747231438 ], [ 74.105493885911798, 39.119311796474804 ], [ 74.105603796603589, 39.119101651032807 ], [ 74.105768129420085, 39.118828627234322 ], [ 74.105929652327575, 39.118618892727916 ], [ 74.105933800001935, 39.118450119022185 ], [ 74.105856070813331, 39.118238533961645 ], [ 74.105697999063949, 39.117941942810475 ], [ 74.105487239742288, 39.117729329143017 ], [ 74.10535336314868, 39.117559526881728 ], [ 74.105275546095797, 39.117432332670454 ], [ 74.105169917726641, 39.117262954590345 ], [ 74.10517110927114, 39.117136538839347 ], [ 74.105279525929049, 39.117010948391879 ], [ 74.105388742269, 39.116906424117275 ], [ 74.105523962971603, 39.116781036889613 ], [ 74.105739200484493, 39.116698405767877 ], [ 74.106087257124443, 39.11653252565992 ], [ 74.108614887304341, 39.115919750444014 ], [ 74.11154134883337, 39.115331055908932 ], [ 74.11181118352934, 39.115248821995372 ], [ 74.11216102397519, 39.11510399421087 ], [ 74.112375232413029, 39.114916003236509 ], [ 74.11259403019379, 39.114664806087056 ], [ 74.112864044610404, 39.114456153692451 ], [ 74.113239862781043, 39.114185108265751 ], [ 74.113349865502997, 39.114101647198837 ], [ 74.113672695982615, 39.11397767720608 ], [ 74.114019937163121, 39.113896051724083 ], [ 74.115443715883828, 39.113675081118501 ], [ 74.115631347243237, 39.113676504732709 ], [ 74.116033582693319, 39.11355314037754 ], [ 74.116385602962609, 39.113387228823129 ], [ 74.116574014246766, 39.113304374207459 ], [ 74.11773142049249, 39.112575679011123 ], [ 74.118813491336866, 39.111689855864583 ], [ 74.118813491336866, 39.111689855864583 ], [ 74.103230971566276, 39.111279036745607 ], [ 74.095495345727116, 39.111172829421101 ], [ 74.084744033964355, 39.111224931619887 ], [ 74.079405820076587, 39.111074662294726 ], [ 74.070034281443327, 39.110311353549882 ], [ 74.070034281443327, 39.110311353549882 ], [ 74.06967014216599, 39.110390442900773 ], [ 74.069277452292127, 39.110505487230618 ], [ 74.068648724594397, 39.11061899553048 ], [ 74.064967737887571, 39.112141102674642 ], [ 74.064303965252165, 39.112558003393723 ], [ 74.06381977978937, 39.112859067301251 ], [ 74.063243685859803, 39.113229773958246 ], [ 74.062909153090729, 39.113508589884766 ], [ 74.06121124450847, 39.115136968863325 ], [ 74.060207739683293, 39.116067216118459 ], [ 74.059813149621675, 39.116439360578163 ], [ 74.059479950299647, 39.116788534025893 ], [ 74.059235450300861, 39.117091522440496 ], [ 74.059114505951271, 39.1173491596182 ], [ 74.057710679265199, 39.11931252096177 ], [ 74.057433708509109, 39.119827474126865 ], [ 74.057219153248084, 39.120319406552184 ], [ 74.057030415627125, 39.121140672517143 ], [ 74.05690251505581, 39.121844076251591 ], [ 74.056469195855286, 39.122943860482714 ], [ 74.056373102183741, 39.123483090758079 ], [ 74.056215528124298, 39.124139184063658 ], [ 74.0560572037421, 39.124771795198043 ], [ 74.055902381388421, 39.125263526105606 ], [ 74.055775662830698, 39.125849446101533 ], [ 74.055365646741592, 39.127395617364662 ], [ 74.054933764702042, 39.128542353316163 ], [ 74.054685072636829, 39.129268071118197 ], [ 74.054438384288773, 39.129805947058323 ], [ 74.054007993771052, 39.130623960150764 ], [ 74.053762554306346, 39.131044434301245 ], [ 74.053607459062562, 39.131371799717407 ], [ 74.053392877768232, 39.131816024085509 ], [ 74.053145430388923, 39.132236496759511 ], [ 74.053053576828844, 39.132376563634978 ], [ 74.052351845588589, 39.13340344930414 ], [ 74.051954295935317, 39.133963443785049 ], [ 74.051710346205923, 39.134243033540848 ], [ 74.051495977477913, 39.134382030708423 ], [ 74.051285660575672, 39.134474229085903 ], [ 74.051043155324308, 39.134566183538652 ], [ 74.050799155664066, 39.13461117615244 ], [ 74.050166722981615, 39.134652968576418 ], [ 74.04965129286758, 39.134672264893155 ], [ 74.049199994699137, 39.134621610619256 ], [ 74.048869442443888, 39.134571940005223 ], [ 74.047938462184817, 39.134118177427986 ], [ 74.047577756130778, 39.133880415901544 ], [ 74.047308597503758, 39.133737316139658 ], [ 74.047007746866186, 39.133640927998329 ], [ 74.046646016440405, 39.133591004321474 ], [ 74.046283777385909, 39.133588038553206 ], [ 74.045527608222542, 39.133628817750534 ], [ 74.045133421191451, 39.133696042003635 ], [ 74.044681605025033, 39.133786249592781 ], [ 74.044015717045866, 39.133945160932242 ], [ 74.04344115380735, 39.134034373225582 ], [ 74.042563719880249, 39.134121103320268 ], [ 74.041897848427823, 39.134186082276329 ], [ 74.041505164544688, 39.134206335215644 ], [ 74.039451163679885, 39.134400747159042 ], [ 74.038663999615778, 39.134605593703739 ], [ 74.038057184221699, 39.134882368256932 ], [ 74.037663601177627, 39.135136928696049 ], [ 74.037389863662483, 39.135392416107528 ], [ 74.036717199627333, 39.136206980545595 ], [ 74.036257710659982, 39.137163868971669 ], [ 74.03598377073908, 39.137442781042083 ], [ 74.03558964136522, 39.13765040415602 ], [ 74.035136318438944, 39.137834095594357 ], [ 74.034711369239687, 39.137994604788517 ], [ 74.034377546794673, 39.138085573642002 ], [ 74.033987099752082, 39.138082321525367 ], [ 74.033713403489728, 39.138080067016141 ], [ 74.033381709586436, 39.138030452500907 ], [ 74.033049638252365, 39.13802769795285 ], [ 74.032779942274999, 39.138025441265739 ], [ 74.032508061495832, 39.138046616682573 ], [ 74.032205792339298, 39.138067545183112 ], [ 74.031903656072089, 39.138135338044776 ], [ 74.031723957857537, 39.138180698752819 ], [ 74.031391732690096, 39.138248240307497 ], [ 74.031091861588266, 39.138245739465212 ], [ 74.030881251581022, 39.138243986159672 ], [ 74.030100520027048, 39.138096891264119 ], [ 74.029167889853156, 39.137807952765144 ], [ 74.028085037868721, 39.137470760927904 ], [ 74.026601430994376, 39.136661062177929 ], [ 74.026360238184836, 39.136565207547534 ], [ 74.026148190037446, 39.13651647958865 ], [ 74.025758663797689, 39.136513235460434 ], [ 74.025367866017149, 39.136509976500591 ], [ 74.024825455937517, 39.136599121816872 ], [ 74.02431560622297, 39.136711930577171 ], [ 74.023621735368948, 39.136940304875743 ], [ 74.023075514094373, 39.137240176590225 ], [ 74.022589258119837, 39.137540550867463 ], [ 74.022225363517038, 39.137818512161289 ], [ 74.021951420186298, 39.138097227169233 ], [ 74.021675474646557, 39.138375943739291 ], [ 74.021461497816077, 39.138655160897635 ], [ 74.021123190669911, 39.139120689776973 ], [ 74.020811595290937, 39.139656716556715 ], [ 74.019273653969734, 39.142313783471735 ], [ 74.018998952977668, 39.142779987354281 ], [ 74.018816031407908, 39.143036115970702 ], [ 74.018691656742874, 39.143316213104917 ], [ 74.018571463394025, 39.143549449915767 ], [ 74.018388173310015, 39.143899302615871 ], [ 74.018173742455943, 39.144202023621197 ], [ 74.017687957588052, 39.144619481031981 ], [ 74.017444748991025, 39.144781346561054 ], [ 74.017017507980839, 39.145222770509008 ], [ 74.01665336498904, 39.145547575566617 ], [ 74.016347322687835, 39.145755762361368 ], [ 74.015771101925807, 39.146031820411778 ], [ 74.014465225385976, 39.14653571360116 ], [ 74.014039786551066, 39.146766247806845 ], [ 74.013736731376454, 39.146974427576367 ], [ 74.013402534565586, 39.147135476200638 ], [ 74.013068525184281, 39.147249661531234 ], [ 74.012581804554316, 39.14738592499431 ], [ 74.011643264683613, 39.147518183196645 ], [ 74.010558960536372, 39.147766585259077 ], [ 74.009806664866673, 39.147900706401941 ], [ 74.008995956810011, 39.147893823860386 ], [ 74.00833704757963, 39.147841382089112 ], [ 74.007617163939614, 39.14778842590934 ], [ 74.005976616123263, 39.14739973032178 ], [ 74.004619524618462, 39.146918936422082 ], [ 74.003545387020253, 39.146539288434717 ], [ 74.00272560418351, 39.146220223815469 ], [ 74.001912932305473, 39.145888817878919 ], [ 74.001107679288111, 39.145545199532449 ], [ 74.000311144370357, 39.145189495363965 ], [ 73.999526623783325, 39.144821838696998 ], [ 73.998747419455626, 39.144442367413376 ], [ 73.99798182163272, 39.144051226055559 ], [ 73.997224117582547, 39.143648563649108 ], [ 73.997066229797937, 39.143569268926178 ], [ 73.99621933861178, 39.143318630602401 ], [ 73.99510195305578, 39.143037935208881 ], [ 73.993949278589653, 39.142836842165657 ], [ 73.992422826136334, 39.14268445112144 ], [ 73.991369828000515, 39.142564638510727 ], [ 73.989977481161404, 39.142467262802818 ], [ 73.988488692970918, 39.142451351835632 ], [ 73.987301011510183, 39.142492156770608 ], [ 73.986219564647442, 39.142480580080623 ], [ 73.985133117294296, 39.142549176940406 ], [ 73.983948762793275, 39.142643403415569 ], [ 73.981776215953545, 39.142994575144698 ], [ 73.980005535975678, 39.143164439310247 ], [ 73.977585379191268, 39.1434348771839 ], [ 73.976427461253692, 39.143637395383557 ], [ 73.975745633144413, 39.143844562291662 ], [ 73.975199168220442, 39.144026330942502 ], [ 73.974616667181863, 39.144368128446864 ], [ 73.973963473542298, 39.144762712193128 ], [ 73.97324760822525, 39.145049714332863 ], [ 73.972665610106063, 39.1452310427103 ], [ 73.972055986405735, 39.145331399177977 ], [ 73.971480654207795, 39.145378703926966 ], [ 73.970937575674824, 39.145506473664483 ], [ 73.970459419687117, 39.145741770797429 ], [ 73.969985467582632, 39.145950364046726 ], [ 73.969271576581548, 39.146129735212483 ], [ 73.968060762943537, 39.146285596999512 ], [ 73.966977417787461, 39.146466379223597 ], [ 73.966977417787461, 39.146466379223597 ], [ 73.966604469920824, 39.146920578023476 ], [ 73.965296626551364, 39.14854528967647 ], [ 73.964503934348997, 39.149665082207733 ], [ 73.964225649558742, 39.150253107571118 ], [ 73.964153473758941, 39.150762731856801 ], [ 73.964219464307789, 39.151166364226611 ], [ 73.964489419891748, 39.151384153505035 ], [ 73.964830170660449, 39.151522086441737 ], [ 73.965101239237427, 39.151471268746974 ], [ 73.965343489010806, 39.151258925889557 ], [ 73.965789540758465, 39.150753292584433 ], [ 73.966376009977935, 39.149980501791759 ], [ 73.967308145954476, 39.148459237538582 ], [ 73.967582670062129, 39.148220390811595 ], [ 73.968231479066134, 39.14793180367267 ], [ 73.968949234537831, 39.147670796952248 ], [ 73.969634113632722, 39.147382564137658 ], [ 73.970487380984792, 39.147096134332919 ], [ 73.971069177353129, 39.146914249802229 ], [ 73.971409796486853, 39.146810419059754 ], [ 73.971786703629306, 39.146680087036451 ], [ 73.972195726418661, 39.14641581082639 ], [ 73.972746932316795, 39.145911233325208 ], [ 73.973329070888738, 39.145514320921464 ], [ 73.97374161281742, 39.145357031816339 ], [ 73.97425607780373, 39.145335174994365 ], [ 73.974561258714758, 39.145472622046235 ], [ 73.974868102891065, 39.14563695145285 ], [ 73.975069303524819, 39.145880934639578 ], [ 73.9751692010163, 39.146177682255512 ], [ 73.975365660586206, 39.146798064872179 ], [ 73.975427979223767, 39.147282677652818 ], [ 73.975629915702257, 39.147714648838964 ], [ 73.97589906557333, 39.148039854591886 ], [ 73.976273487669559, 39.148231833625971 ], [ 73.976818373126761, 39.148344944634943 ], [ 73.97756931539368, 39.148406072856147 ], [ 73.978700935421386, 39.148282670645422 ], [ 73.979623592477424, 39.148372343314684 ], [ 73.98027189764467, 39.148513110429832 ], [ 73.980541556564049, 39.148677092068603 ], [ 73.980947028710858, 39.14908438041158 ], [ 73.981217997873372, 39.149463446131477 ], [ 73.981420905322977, 39.14965364548874 ], [ 73.981483624933603, 39.149950055194083 ], [ 73.981411152332029, 39.150352675417338 ], [ 73.98113307748433, 39.15078018164872 ], [ 73.980890229718469, 39.151046707612075 ], [ 73.980681603679031, 39.151232907587165 ], [ 73.980371901170159, 39.151310523085542 ], [ 73.980067174798435, 39.151307296342523 ], [ 73.979828607932049, 39.151304787079347 ], [ 73.979485184527263, 39.151381782766656 ], [ 73.97921168753237, 39.151620657782942 ], [ 73.978832860881894, 39.152261364753336 ], [ 73.978029749691515, 39.154164779488525 ], [ 73.977505865183048, 39.155193764298446 ], [ 73.977369349361524, 39.155404505283691 ], [ 73.977164033913311, 39.155481920481861 ], [ 73.976821933687262, 39.155504855161588 ], [ 73.976007142487106, 39.155284066848132 ], [ 73.974307330600638, 39.154656097066528 ], [ 73.973697047392889, 39.154437450485013 ], [ 73.973357874302835, 39.154274720458695 ], [ 73.973018605909616, 39.154218078472518 ], [ 73.972641705443721, 39.154214118726358 ], [ 73.972267428176693, 39.154342770095646 ], [ 73.971787350876298, 39.154523382445092 ], [ 73.971511389322089, 39.154838763585481 ], [ 73.971133075214652, 39.155259152355022 ], [ 73.97061780379137, 39.155545486933917 ], [ 73.969967200921559, 39.155830377825424 ], [ 73.969384374419221, 39.156248594872459 ], [ 73.968831410867935, 39.15687934663697 ], [ 73.968658125295875, 39.15724884989497 ], [ 73.968585466954778, 39.15748682363391 ], [ 73.968547957792509, 39.157910814074839 ], [ 73.968477023796751, 39.158175313298194 ], [ 73.968236393599028, 39.158464525277886 ], [ 73.967857978098664, 39.158699248411658 ], [ 73.967173303592418, 39.159036936302492 ], [ 73.966685462044097, 39.159404800503552 ], [ 73.96647610652505, 39.159748513119361 ], [ 73.966401563270836, 39.159987123934954 ], [ 73.966569807312766, 39.160227859219304 ], [ 73.96704680445859, 39.160444751759229 ], [ 73.967625020682746, 39.160635972558659 ], [ 73.967968130528959, 39.160665587238775 ], [ 73.96831192600682, 39.160535723368817 ], [ 73.968621464727718, 39.160405555275226 ], [ 73.969001250569562, 39.160302849366467 ], [ 73.969410266870725, 39.160307181248378 ], [ 73.969713375237703, 39.160469560723762 ], [ 73.969849504688213, 39.160683180062705 ], [ 73.969845467067273, 39.160974923063151 ], [ 73.969771971275506, 39.161319574292783 ], [ 73.969560281968668, 39.16174303129857 ], [ 73.969244823821896, 39.162165581122338 ], [ 73.96896306147373, 39.162561850490206 ], [ 73.968853136579597, 39.162986217549744 ], [ 73.968917733438474, 39.163279200783251 ], [ 73.969049631282871, 39.163466471046625 ], [ 73.96935905272619, 39.163522359082165 ], [ 73.970007493640296, 39.163554696753557 ], [ 73.970485756335719, 39.16363867606767 ], [ 73.970757797302952, 39.163880315715737 ], [ 73.970887024227338, 39.164227063792403 ], [ 73.970877203824386, 39.164811817968079 ], [ 73.971043242799169, 39.165185446478041 ], [ 73.971212407750528, 39.165373019076846 ], [ 73.971654195885321, 39.165589588542474 ], [ 73.972439244823221, 39.16564970250608 ], [ 73.973057679660386, 39.165548821784085 ], [ 73.973747517066528, 39.165395382694072 ], [ 73.974368170350147, 39.165161595320392 ], [ 73.975019190785929, 39.164928746838008 ], [ 73.975604510703377, 39.164563544870802 ], [ 73.976017660942418, 39.16417002394342 ], [ 73.976461800128092, 39.1638829483501 ], [ 73.976806035526579, 39.163753926371761 ], [ 73.977182081133662, 39.163651784461074 ], [ 73.977898445690386, 39.163606270631782 ], [ 73.97885141475254, 39.163563260148784 ], [ 73.97984383161743, 39.163387990895551 ], [ 73.981416156783126, 39.162980091576117 ], [ 73.981929052783983, 39.162720133419867 ], [ 73.982403075139359, 39.162698394070958 ], [ 73.983116200196022, 39.162705567636472 ], [ 73.983961152672819, 39.162793665489602 ], [ 73.984945024044293, 39.16285660010908 ], [ 73.985791793808886, 39.162865118957271 ], [ 73.986575637336855, 39.162687299032243 ], [ 73.987323376309519, 39.162429566018126 ], [ 73.987937735930842, 39.16214394427044 ], [ 73.988381001250829, 39.161909664636219 ], [ 73.988890465049394, 39.161835195756687 ], [ 73.989499850965146, 39.161841310073676 ], [ 73.98994114878252, 39.161898768908522 ], [ 73.990209891859692, 39.161954527233213 ], [ 73.990377831932491, 39.162115357823417 ], [ 73.990475721545351, 39.162593771779008 ], [ 73.990435430809427, 39.163123875049649 ], [ 73.990331660797438, 39.163520687774806 ], [ 73.990123231991518, 39.163810394333744 ], [ 73.989817877563752, 39.164019515420712 ], [ 73.989375951706236, 39.164121189881826 ], [ 73.988899842038208, 39.164249044541904 ], [ 73.988255252619268, 39.164269108507433 ], [ 73.987712668584649, 39.164263668923127 ], [ 73.987339372286854, 39.164286449062466 ], [ 73.986929542524024, 39.164468019684328 ], [ 73.986419433260963, 39.164701611176234 ], [ 73.985463570368296, 39.165116425559042 ], [ 73.983761373751491, 39.165841990748476 ], [ 73.983249700296881, 39.166128614792171 ], [ 73.982501363033322, 39.166439363009701 ], [ 73.981717198383322, 39.166643680448118 ], [ 73.981104574622435, 39.166769882709382 ], [ 73.980453721653632, 39.166975265164766 ], [ 73.979427077500247, 39.167256270700783 ], [ 73.978845393340535, 39.167462358258256 ], [ 73.978333883976987, 39.167669160001921 ], [ 73.977953268356188, 39.167904654964573 ], [ 73.977639159765573, 39.1682474861693 ], [ 73.977565313642259, 39.168565840650665 ], [ 73.977591138090716, 39.169071157383208 ], [ 73.97761995900099, 39.169337257358762 ], [ 73.977821080475749, 39.169604857908062 ], [ 73.978229655424357, 39.169821104605148 ], [ 73.979013096059248, 39.170040652661818 ], [ 73.980143808095306, 39.170103716765041 ], [ 73.981001766695471, 39.170084634368791 ], [ 73.981480734669432, 39.169983340559057 ], [ 73.982091938039588, 39.169883463211107 ], [ 73.982635108706688, 39.169835887297289 ], [ 73.983347305824665, 39.169843058135044 ], [ 73.984159159806595, 39.169957338022691 ], [ 73.985041302016612, 39.170125337688596 ], [ 73.985853246392864, 39.170133516793392 ], [ 73.986906588523055, 39.170144074250665 ], [ 73.987617519357116, 39.170177742430496 ], [ 73.988160071013056, 39.170289272180788 ], [ 73.98866589876242, 39.170480025752752 ], [ 73.989339220491331, 39.170809124272381 ], [ 73.989907886471002, 39.171110956101749 ], [ 73.990445711728299, 39.171358615961061 ], [ 73.990985608030897, 39.171552447508596 ], [ 73.99142123193117, 39.171772171563383 ], [ 73.991821207448197, 39.172179946087027 ], [ 73.991983382751712, 39.172504602652317 ], [ 73.992079795030776, 39.172774754058288 ], [ 73.992007166325124, 39.173016293669292 ], [ 73.991833855299262, 39.17320298742117 ], [ 73.99121750894858, 39.173492917325298 ], [ 73.990499946563801, 39.173754912155736 ], [ 73.989613330166094, 39.17398828723649 ], [ 73.98862963546533, 39.174086066025446 ], [ 73.987711376519968, 39.174103779432187 ], [ 73.98635574431944, 39.174090138961098 ], [ 73.985442625330023, 39.174000182982233 ], [ 73.98408767903716, 39.173851949578477 ], [ 73.98344535499065, 39.173791625483659 ], [ 73.982869863719074, 39.173731982317427 ], [ 73.982395583868623, 39.173700275164606 ], [ 73.981885238749257, 39.173775878293625 ], [ 73.981231788094107, 39.174011985139209 ], [ 73.980677738070526, 39.174249408269525 ], [ 73.979815158949052, 39.174591782636064 ], [ 73.979402308353329, 39.17472274599551 ], [ 73.978920470712197, 39.174826194583211 ], [ 73.978335380775576, 39.174901827114198 ], [ 73.977887803128709, 39.175005571816918 ], [ 73.97740325994323, 39.175243580206264 ], [ 73.976674461486368, 39.175748612456374 ], [ 73.976253190887462, 39.176148698806038 ], [ 73.976007314340251, 39.176496461530327 ], [ 73.975929048625758, 39.176980297791417 ], [ 73.975883341015788, 39.177599001106337 ], [ 73.975973233159692, 39.178191996255023 ], [ 73.975983072135421, 39.179457218812502 ], [ 73.975999647624761, 39.180238002857173 ], [ 73.975941033921359, 39.181448797173445 ], [ 73.975890371681572, 39.182363544481341 ], [ 73.976037521174632, 39.183468494522174 ], [ 73.976031570601137, 39.183764538959352 ], [ 73.975953523092713, 39.184248270701524 ], [ 73.975775365320743, 39.184756983944013 ], [ 73.975559967588154, 39.185453408888606 ], [ 73.975441555372072, 39.18636580710622 ], [ 73.975393233327082, 39.187171437611077 ], [ 73.975483578056014, 39.187978459007148 ], [ 73.975735778838441, 39.189158723746317 ], [ 73.975933188801704, 39.189614667085607 ], [ 73.976370298344037, 39.189992950059846 ], [ 73.976947628573811, 39.190185738473303 ], [ 73.97762948863938, 39.190272775855433 ], [ 73.978143535543737, 39.190197891121386 ], [ 73.978623936073362, 39.189989168475613 ], [ 73.979245021072273, 39.189728434532739 ], [ 73.980001781826388, 39.18941569150121 ], [ 73.980417331863293, 39.189232965276595 ], [ 73.980931385459215, 39.189051276063523 ], [ 73.98144597466117, 39.189029611146871 ], [ 73.981817863627072, 39.1890595828188 ], [ 73.982225272287039, 39.189223339614578 ], [ 73.982461018539553, 39.189252119827579 ], [ 73.982871459169345, 39.189148896380175 ], [ 73.98331743427488, 39.189019271551949 ], [ 73.983625263677524, 39.188941851257894 ], [ 73.984101261985074, 39.188919312466773 ], [ 73.984511692619932, 39.188869479259118 ], [ 73.984751447012002, 39.188791462605003 ], [ 73.984921122706922, 39.188819644604479 ], [ 73.985057260738216, 39.188874226786709 ], [ 73.985121818271992, 39.189061702755424 ], [ 73.985077751823155, 39.189488570574618 ], [ 73.984865998284562, 39.189994046409652 ], [ 73.984443508400773, 39.190684624708922 ], [ 73.983775709680145, 39.191853681073482 ], [ 73.982753945607598, 39.193633807956253 ], [ 73.981911876429237, 39.194961551843519 ], [ 73.981557899800862, 39.195679410103104 ], [ 73.981375120747757, 39.196345363904541 ], [ 73.981435137706043, 39.196826516071674 ], [ 73.981631835038826, 39.197121975964762 ], [ 73.982104853701429, 39.197419817453884 ], [ 73.982679011043388, 39.197558360914989 ], [ 73.983361313574179, 39.197484213303973 ], [ 73.983911464886859, 39.197302084429076 ], [ 73.984322953886988, 39.197145460581531 ], [ 73.984627811963946, 39.197121434199431 ], [ 73.984900622155223, 39.197203902466534 ], [ 73.984997728491436, 39.197364978044789 ], [ 73.984925124343007, 39.197658059614504 ], [ 73.984320822609263, 39.199067988769663 ], [ 73.984101013295259, 39.199787043632924 ], [ 73.983951780524606, 39.200533388629715 ], [ 73.983869626623004, 39.201280329411695 ], [ 73.983861075068276, 39.201787585431546 ], [ 73.983959225036628, 39.202258039899966 ], [ 73.983959225036628, 39.202258039899966 ], [ 73.984400447119341, 39.202759741533875 ], [ 73.984947356712837, 39.203339140949822 ], [ 73.985734233218139, 39.204140357439449 ], [ 73.986421177578364, 39.204639588307387 ], [ 73.986861571305369, 39.20527326441961 ], [ 73.987029171330647, 39.205740082297822 ], [ 73.987386669220115, 39.207305930335579 ], [ 73.987441300241073, 39.208212566218165 ], [ 73.987427036812122, 39.209338158675827 ], [ 73.987375897283812, 39.21032614689225 ], [ 73.987152864391973, 39.211422263451361 ], [ 73.986717048137734, 39.21248890745548 ], [ 73.986285013787935, 39.213500643097007 ], [ 73.98624398972332, 39.213857200845617 ], [ 73.986205757749104, 39.214158852154135 ], [ 73.986445825764619, 39.214435744178807 ], [ 73.986897451672363, 39.214549936392331 ], [ 73.987521220875266, 39.21488543436238 ], [ 73.987868386366813, 39.215098852720409 ], [ 73.987868386366813, 39.215098852720409 ], [ 73.988473554314865, 39.214849767220528 ], [ 73.989230999655959, 39.214715594987453 ], [ 73.989985847554976, 39.214553128138981 ], [ 73.990637326764315, 39.214361331528565 ], [ 73.991324358510496, 39.214056719760315 ], [ 73.991904831498672, 39.213666200881882 ], [ 73.992486519667395, 39.213190812256698 ], [ 73.993070638826026, 39.212545687024502 ], [ 73.993509466148737, 39.211870887943391 ], [ 73.993839859653235, 39.211449657585923 ], [ 73.994023343432062, 39.211111912661352 ], [ 73.994101686548305, 39.210659976787419 ], [ 73.994113834728452, 39.20995275233382 ], [ 73.994165215966134, 39.208736668350788 ], [ 73.994398976763236, 39.207607174859575 ], [ 73.994850442982582, 39.20628281878485 ], [ 73.995869966203827, 39.203613706924237 ], [ 73.996699373269877, 39.201506740848998 ], [ 73.997025964260246, 39.200865545139287 ], [ 73.997407638090195, 39.200239603374648 ], [ 73.997789598697409, 39.199613768563587 ], [ 73.998172851831413, 39.198988043004505 ], [ 73.998553391731335, 39.198362424393267 ], [ 73.998937221285033, 39.197736912751893 ], [ 73.999319337529457, 39.197111512555573 ], [ 73.999703746309848, 39.196486219348216 ], [ 74.000088441833512, 39.195861033077215 ], [ 74.000471424062937, 39.195235955991187 ], [ 74.000856698779373, 39.194610988136915 ], [ 74.00124126019027, 39.193986129461862 ], [ 74.00133174971289, 39.193891525368905 ], [ 74.001591161383132, 39.193563940177349 ], [ 74.002477448148454, 39.192745881175455 ], [ 74.002635708669743, 39.192500041147014 ], [ 74.00284555928242, 39.192151716532976 ], [ 74.003160379139928, 39.19174217998188 ], [ 74.004681094278538, 39.190457965361936 ], [ 74.005103388407917, 39.190215191891028 ], [ 74.005577117518442, 39.19001405356061 ], [ 74.006235934061849, 39.189917667654655 ], [ 74.0065825401891, 39.189921216765811 ], [ 74.006847622291843, 39.189923947374112 ], [ 74.007165143219098, 39.189968313395802 ], [ 74.007350412350732, 39.1899907703569 ], [ 74.0076117608277, 39.190116774887734 ], [ 74.007769075716922, 39.190241688933426 ], [ 74.007873932060249, 39.190468789855359 ], [ 74.007867309158769, 39.19079753396376 ], [ 74.007837331590451, 39.191043816733739 ], [ 74.007807931690778, 39.191249007600483 ], [ 74.007729460775323, 39.191433290523314 ], [ 74.007649610570198, 39.191617643971021 ], [ 74.007569254566292, 39.191699159362734 ], [ 74.007411646205142, 39.191841621070068 ], [ 74.007041987230409, 39.192084907748786 ], [ 74.006723064675271, 39.192308127112838 ], [ 74.006433657705941, 39.192490463679668 ], [ 74.004663364144022, 39.19389272910643 ], [ 74.004294880090015, 39.194177127682508 ], [ 74.002909378822409, 39.195459463901024 ], [ 74.002646935425417, 39.195888825529494 ], [ 74.002462654828435, 39.196257742327546 ], [ 74.002379933794856, 39.196627104309862 ], [ 74.002301040009741, 39.197017005224573 ], [ 74.00227157005979, 39.197530638964857 ], [ 74.002543070325657, 39.200988782530537 ], [ 74.002514298919934, 39.201502712449184 ], [ 74.002486035232039, 39.201913804666262 ], [ 74.002431942535551, 39.202242371906522 ], [ 74.002325181002021, 39.202611562248258 ], [ 74.002139018195408, 39.202918283872101 ], [ 74.00198108821634, 39.203225259193097 ], [ 74.00184729127902, 39.203553057209092 ], [ 74.001715183930614, 39.203942559366311 ], [ 74.001607719323701, 39.204250046743404 ], [ 74.001391953863688, 39.205235233673214 ], [ 74.001392323798001, 39.205564312975405 ], [ 74.001363458268074, 39.20589313583362 ], [ 74.001309563266531, 39.206180566776816 ], [ 74.001177857679338, 39.206487797130698 ], [ 74.001043674261268, 39.206692408736927 ], [ 74.000849009515662, 39.207001226240592 ], [ 74.000259589228875, 39.208051917202859 ], [ 74.000119123473979, 39.208340536894454 ], [ 74.000083063662231, 39.208588768223557 ], [ 74.000073036341149, 39.208899378853609 ], [ 74.000151039298785, 39.209687282588817 ], [ 74.000279515087499, 39.210475701817202 ], [ 74.000373901292775, 39.210745924026043 ], [ 74.000526699843746, 39.210933827083018 ], [ 74.000783182031526, 39.211102051048094 ], [ 74.001042601831173, 39.211187444326917 ], [ 74.001276523944782, 39.211251873071873 ], [ 74.001667859566197, 39.211317837422719 ], [ 74.001982694393689, 39.211320911252301 ], [ 74.002349470135073, 39.211283081603064 ], [ 74.002745951561295, 39.21120409183812 ], [ 74.0031196631314, 39.211083431810444 ], [ 74.003421660675755, 39.211002826805391 ], [ 74.003784451898909, 39.210881066484845 ], [ 74.004437235298326, 39.210762010762096 ], [ 74.005231017661188, 39.210604020362531 ], [ 74.005943815380363, 39.21048666160425 ], [ 74.006660622358879, 39.210286514278948 ], [ 74.007428070724387, 39.210128259516509 ], [ 74.007816024830348, 39.210064465459013 ], [ 74.007816024830348, 39.210064465459013 ], [ 74.008141860269518, 39.210010884924678 ], [ 74.008723025407463, 39.209892248594834 ], [ 74.009225207202633, 39.20981424644436 ], [ 74.012721639629021, 39.208957485555302 ], [ 74.013331113008661, 39.208756293912444 ], [ 74.013965904965673, 39.208679523259633 ], [ 74.014493399746357, 39.208684530258331 ], [ 74.014916593890987, 39.208605754167664 ], [ 74.015337787151864, 39.208526974274882 ], [ 74.017139845708002, 39.208088665697893 ], [ 74.025883767476742, 39.206805484145647 ], [ 74.026569207579016, 39.206811919258293 ], [ 74.02704195787237, 39.206836937678105 ], [ 74.027333535321432, 39.206839659884984 ], [ 74.028121683436325, 39.207012820400621 ], [ 74.028623285616945, 39.207215712249592 ], [ 74.028623285616945, 39.207215712249592 ], [ 74.037277002661327, 39.203549283625932 ], [ 74.043429431072084, 39.200867967544134 ], [ 74.048627608504248, 39.19849038074382 ], [ 74.053411510549708, 39.196496282359682 ], [ 74.059041518962886, 39.194427644220511 ], [ 74.068083355162315, 39.191446417345027 ], [ 74.072907570368017, 39.189879628836231 ], [ 74.074214884976087, 39.189537327966846 ], [ 74.07536941838751, 39.18927274923319 ], [ 74.076226811402293, 39.188964449503999 ], [ 74.076980676336433, 39.18881283445586 ], [ 74.077633174795068, 39.188660419980749 ], [ 74.078487107916615, 39.188548986475794 ], [ 74.079239675437407, 39.18843675130806 ], [ 74.080396686488825, 39.18832768504096 ], [ 74.087225204922703, 39.187829832060373 ], [ 74.088831098489322, 39.187684822184423 ], [ 74.090789085993748, 39.187424345197265 ], [ 74.093653132196266, 39.187052680624213 ], [ 74.098327370396234, 39.186191611193394 ], [ 74.100225697016867, 39.185845666696252 ], [ 74.101677333779918, 39.18545878333309 ], [ 74.103629019741433, 39.184682732434105 ], [ 74.107580783788606, 39.1834117104599 ], [ 74.109729522452696, 39.182639471475511 ], [ 74.111931567420143, 39.181907003627927 ], [ 74.117079471083684, 39.180368740905713 ], [ 74.118278806476056, 39.180022911643398 ], [ 74.119125712453737, 39.179832160336616 ], [ 74.1199766110566, 39.179641402764133 ], [ 74.120829814889461, 39.17952954970162 ], [ 74.121689472315879, 39.179457157029624 ], [ 74.122395307983197, 39.179423049950479 ], [ 74.123253513390566, 39.179390079928247 ], [ 74.124163621790146, 39.179318048614661 ], [ 74.126134537783628, 39.179056808432655 ], [ 74.132189757769567, 39.178397318987017 ], [ 74.136422349010701, 39.177923851941756 ], [ 74.140703626477375, 39.177647442664068 ], [ 74.143521090351157, 39.177607817672126 ], [ 74.143521090351157, 39.177607817672126 ], [ 74.143231677280241, 39.176969619719998 ], [ 74.142750865494506, 39.176289425895604 ], [ 74.142485327082426, 39.175716765247202 ], [ 74.142326487330735, 39.175314031814402 ], [ 74.142220820625482, 39.175017383636295 ], [ 74.142091928643396, 39.174129125928587 ], [ 74.142067162303491, 39.173727600393214 ], [ 74.142125095512625, 39.173369040742216 ], [ 74.142289086434417, 39.173011447624226 ], [ 74.142509415493251, 39.172738816900349 ], [ 74.142725745719218, 39.172466188008826 ], [ 74.142946416349389, 39.172151317781726 ], [ 74.14316440110413, 39.171920926652646 ], [ 74.143489579973433, 39.171649503596967 ], [ 74.145633145851363, 39.170293889897906 ], [ 74.14642281059497, 39.169730002047295 ], [ 74.14718349321754, 39.169165911300198 ], [ 74.147618899157763, 39.168768223458386 ], [ 74.14800056992803, 39.168349044109945 ], [ 74.148271746779088, 39.167992365879364 ], [ 74.148601471538129, 39.167572787908654 ], [ 74.148927605449842, 39.167111015787029 ], [ 74.149149245522736, 39.16671174594368 ], [ 74.149313156860131, 39.166290986465967 ], [ 74.149673990282224, 39.165238688443509 ], [ 74.15008710731324, 39.164355559705946 ], [ 74.150416190201881, 39.163999269264728 ], [ 74.150577012921602, 39.163894964612965 ], [ 74.151336735369711, 39.163626204443943 ], [ 74.151685298011287, 39.163628756975932 ], [ 74.152010280754709, 39.16369440544306 ], [ 74.152251956287117, 39.1638016577472 ], [ 74.152573920449953, 39.163972791132529 ], [ 74.152733493827753, 39.164100549597677 ], [ 74.153133520660376, 39.16446214479172 ], [ 74.153241551970339, 39.164652803844383 ], [ 74.15334558387228, 39.164843460549072 ], [ 74.153507546568278, 39.165034511181027 ], [ 74.153719242656351, 39.165247051058863 ], [ 74.153881820967356, 39.165374810221465 ], [ 74.154093315683312, 39.165608444918725 ], [ 74.154545203680172, 39.166497854693802 ], [ 74.154650425340236, 39.166772901179371 ], [ 74.154915641573538, 39.167133509861358 ], [ 74.155183079886555, 39.167367535976716 ], [ 74.15545133258378, 39.167517172756924 ], [ 74.155745964502543, 39.167624808851784 ], [ 74.156043406351927, 39.167648055442093 ], [ 74.156260149973861, 39.167649617776355 ], [ 74.156611763982411, 39.167441184974599 ], [ 74.156830537284662, 39.167231775490748 ], [ 74.15704973087675, 39.166874685810519 ], [ 74.157106100209788, 39.166621909646437 ], [ 74.157162674655083, 39.166348035702043 ], [ 74.157138140669304, 39.166094674305505 ], [ 74.157139169913549, 39.165883703482123 ], [ 74.15711585488495, 39.165503757768057 ], [ 74.157092729469653, 39.165208203078137 ], [ 74.157015700671323, 39.164701285114923 ], [ 74.156965824145345, 39.164278950938197 ], [ 74.15694157287497, 39.163941196784386 ], [ 74.15694533889247, 39.163561441853687 ], [ 74.157217272340375, 39.162909365046254 ], [ 74.157327475563591, 39.162699169160909 ], [ 74.157463439820873, 39.162510263637898 ], [ 74.157924481224143, 39.162176012302041 ], [ 74.158221790295883, 39.162009370895795 ], [ 74.158518794804039, 39.161884925005403 ], [ 74.159165404594148, 39.161805199924999 ], [ 74.159865540110118, 39.161768055640401 ], [ 74.160753635616615, 39.161795556435052 ], [ 74.161639731936177, 39.161823050468534 ], [ 74.16519160923643, 39.162143936111299 ], [ 74.165810939127269, 39.162253858024407 ], [ 74.166322659954986, 39.162215323782839 ], [ 74.166672878929177, 39.162175632495646 ], [ 74.166889333423043, 39.162050564404353 ], [ 74.167107257983986, 39.161862091566014 ], [ 74.167269634868063, 39.161588879199591 ], [ 74.167271286426939, 39.161356805975359 ], [ 74.16727363717041, 39.161166926848686 ], [ 74.167247214911924, 39.160934678154717 ], [ 74.167221194041502, 39.160786819938664 ], [ 74.166791054554054, 39.160425303360725 ], [ 74.166497787542369, 39.160170012430179 ], [ 74.166284062293599, 39.160084081648058 ], [ 74.165933456692798, 39.160039381434331 ], [ 74.165665203198486, 39.159910867873869 ], [ 74.165532227726189, 39.159825513814702 ], [ 74.165399161193136, 39.159613572819836 ], [ 74.165372999098167, 39.159507893663616 ], [ 74.165373209647242, 39.159339112772791 ], [ 74.16548353398106, 39.1591078083638 ], [ 74.165538571653627, 39.15893941515926 ], [ 74.165702331245342, 39.158624107761156 ], [ 74.165920522349978, 39.158224794907419 ], [ 74.166139615264129, 39.157698894724973 ], [ 74.166141029550673, 39.157361335009043 ], [ 74.166115925056758, 39.157107970930184 ], [ 74.166089614933057, 39.157023387846351 ], [ 74.166064302005239, 39.156938802483765 ], [ 74.165903117116613, 39.156895452648882 ], [ 74.165685799146402, 39.156893909084005 ], [ 74.165499243197857, 39.156913658282178 ], [ 74.165283774222459, 39.156933212155998 ], [ 74.164985107291542, 39.157015481654255 ], [ 74.164445449169804, 39.157201500248568 ], [ 74.164041967861763, 39.157304091275606 ], [ 74.16369246888128, 39.157385969039495 ], [ 74.163259375444966, 39.15744617008648 ], [ 74.16266894256664, 39.157484111132753 ], [ 74.162238151497633, 39.157502112037314 ], [ 74.16186134143453, 39.157499400336917 ], [ 74.161458530937225, 39.157369909271864 ], [ 74.161107550912575, 39.157240804330343 ], [ 74.160841621506961, 39.1570700857351 ], [ 74.160573305804377, 39.15681497389668 ], [ 74.160279378339794, 39.156517475667968 ], [ 74.159771432632382, 39.15590195658006 ], [ 74.159665913622987, 39.155605815046158 ], [ 74.159561784855512, 39.155394061568657 ], [ 74.159484098676302, 39.154971527217164 ], [ 74.159486086432224, 39.154697257826705 ], [ 74.159541664243889, 39.154317890287139 ], [ 74.15965246024335, 39.154023301288312 ], [ 74.159762170588195, 39.153749939174538 ], [ 74.159925460773152, 39.153392830004357 ], [ 74.1601447416691, 39.153015035172054 ], [ 74.160417009325784, 39.152616554337882 ], [ 74.161071486501271, 39.151398865319436 ], [ 74.161235260452315, 39.150978531804455 ], [ 74.161453853399124, 39.15055858527198 ], [ 74.161620293534796, 39.150180400024325 ], [ 74.161621104366446, 39.149948575344602 ], [ 74.161707123767229, 39.149401208899107 ], [ 74.161655604141998, 39.149105774754787 ], [ 74.161368142076924, 39.14800775032186 ], [ 74.161021416512042, 39.147478358360274 ], [ 74.160701451594662, 39.147096686064835 ], [ 74.160379169385223, 39.146883608617571 ], [ 74.160085800991382, 39.146670726500886 ], [ 74.159763194902808, 39.146499798579768 ], [ 74.159335274115378, 39.14628594443019 ], [ 74.158987090961929, 39.146072669097045 ], [ 74.158531260292634, 39.145732168839295 ], [ 74.156523118357114, 39.144684902907926 ], [ 74.156093219537482, 39.14434458804088 ], [ 74.155694980264585, 39.144047918074101 ], [ 74.155373328365869, 39.143751655140022 ], [ 74.154897284947708, 39.143054881097271 ], [ 74.154714224501873, 39.142633188251274 ], [ 74.154633631671842, 39.142422417785831 ], [ 74.154609392683071, 39.1421488584513 ], [ 74.154611622016247, 39.141917514067728 ], [ 74.154981012060034, 39.140047696599517 ], [ 74.155285520521872, 39.139123988458309 ], [ 74.155503132038035, 39.138851796675063 ], [ 74.156887348015601, 39.137429401399309 ], [ 74.158103628462143, 39.1367001198754 ], [ 74.158909982463967, 39.136473311701693 ], [ 74.160445251270346, 39.136313666506162 ], [ 74.160740833887985, 39.136315324638481 ], [ 74.16098267475752, 39.136316680738503 ], [ 74.161116828761635, 39.13633846648974 ], [ 74.161304326819206, 39.136402616198858 ], [ 74.161409209514801, 39.136466311716568 ], [ 74.161623376006673, 39.136551641780713 ], [ 74.162241010398461, 39.136807481554165 ], [ 74.162987403363815, 39.137232318626218 ], [ 74.164136284355308, 39.138143125543202 ], [ 74.166007720271082, 39.139442033506853 ], [ 74.166411873059815, 39.139634595002605 ], [ 74.166814354267217, 39.139785008340922 ], [ 74.167163639806802, 39.139892852783376 ], [ 74.167377980854425, 39.139915331188547 ], [ 74.167758863361527, 39.13991778730292 ], [ 74.168029817195659, 39.139877392495542 ], [ 74.168273358687202, 39.1397525215908 ], [ 74.168625958791424, 39.139522976522031 ], [ 74.16890053275084, 39.139271829839934 ], [ 74.1691171407643, 39.138999257010234 ], [ 74.169283105104967, 39.138663109247908 ], [ 74.169447392496664, 39.138284812141926 ], [ 74.169506590682843, 39.137884737616098 ], [ 74.169507242397316, 39.137589840514735 ], [ 74.169562860040799, 39.137442820272938 ], [ 74.169643013573832, 39.137401283097631 ], [ 74.16975215638756, 39.137359938122749 ], [ 74.169887111942657, 39.137360899382109 ], [ 74.170127845751367, 39.137404745547954 ], [ 74.1703174219126, 39.137490321066338 ], [ 74.17063940608989, 39.137703203372141 ], [ 74.170856700650745, 39.137852142312539 ], [ 74.171071908182199, 39.138022141295671 ], [ 74.171286753839681, 39.138276368033651 ], [ 74.171957840248638, 39.139144526237843 ], [ 74.173266074593244, 39.141744811513107 ], [ 74.173371045171223, 39.141914108182597 ], [ 74.173505721653882, 39.141999278221512 ], [ 74.173667784348694, 39.142042472891475 ], [ 74.173939102060771, 39.142086362604651 ], [ 74.17418135639636, 39.142130077949432 ], [ 74.174399547300425, 39.142173619094727 ], [ 74.174830806097702, 39.142408225407713 ], [ 74.175099648291024, 39.142515337248064 ], [ 74.175367527743788, 39.142748898012307 ], [ 74.175530792049742, 39.142897463997123 ], [ 74.175581482507354, 39.143087487475093 ], [ 74.175579399904862, 39.143361459999426 ], [ 74.17552039213848, 39.14426733337492 ], [ 74.1755691627516, 39.144710253625789 ], [ 74.175731792759393, 39.144943119774673 ], [ 74.175999322235654, 39.145092378665815 ], [ 74.176243949709445, 39.14522039025595 ], [ 74.17654134618536, 39.145264447338128 ], [ 74.17670173868575, 39.145265488775436 ], [ 74.176837063388348, 39.145266354573664 ], [ 74.176920578506909, 39.145224724884777 ], [ 74.17710967335266, 39.14514163841546 ], [ 74.177273337267124, 39.144974080355638 ], [ 74.177437844763389, 39.14482759550782 ], [ 74.177601351580464, 39.144681110419718 ], [ 74.177711045331222, 39.144492127849823 ], [ 74.17803921789141, 39.143651935646567 ], [ 74.177932038096685, 39.143461655045435 ], [ 74.177795425932018, 39.143376472550678 ], [ 74.17760782783941, 39.143290906723202 ], [ 74.177204460472552, 39.143161702181267 ], [ 74.176934885943581, 39.143075565818691 ], [ 74.176799364857231, 39.142969324020164 ], [ 74.176693189421044, 39.142779042304355 ], [ 74.176665994568665, 39.142589334836302 ], [ 74.176695582026923, 39.142210487415248 ], [ 74.176803616487248, 39.141958560995675 ], [ 74.177237886615728, 39.141393055585546 ], [ 74.177619517883826, 39.140742939295123 ], [ 74.177944835455008, 39.140408304645852 ], [ 74.178053421846045, 39.1402616633303 ], [ 74.178107935227985, 39.140135697165121 ], [ 74.178079382542705, 39.140030220379764 ], [ 74.178027928292053, 39.139903492806489 ], [ 74.177945747255691, 39.139713402525146 ], [ 74.1778653919568, 39.139565428574898 ], [ 74.177706501820168, 39.139311594603761 ], [ 74.177572250327316, 39.139142181371604 ], [ 74.177464814625182, 39.139015072602689 ], [ 74.177357379280963, 39.138887965987735 ], [ 74.177275845349342, 39.138782105729277 ], [ 74.177277112201025, 39.13871893342818 ], [ 74.177386139018481, 39.138467003983379 ], [ 74.177440652117397, 39.138341040341359 ], [ 74.177549322277898, 39.138173341213417 ], [ 74.177549116306054, 39.137983821986282 ], [ 74.177441507450681, 39.13789882958762 ], [ 74.17674151293113, 39.137472720043412 ], [ 74.176445143740963, 39.13734427565231 ], [ 74.176229749487092, 39.137216405100276 ], [ 74.176069516152793, 39.137046799400267 ], [ 74.176016246306688, 39.13687795678247 ], [ 74.176015776431129, 39.136751609875915 ], [ 74.176015223011262, 39.136646321194384 ], [ 74.176123893822719, 39.136478625605157 ], [ 74.176125248053594, 39.136394395084309 ], [ 74.176097702557684, 39.13628891559582 ], [ 74.176045254586839, 39.136162187101284 ], [ 74.175883666660638, 39.136076811648493 ], [ 74.175669436643204, 39.135948909685524 ], [ 74.175479972741996, 39.135821059634097 ], [ 74.175186551522401, 39.135692445354998 ], [ 74.174915649344499, 39.135690532788196 ], [ 74.174728208668256, 39.135647024735604 ], [ 74.174619229720136, 39.135561917090172 ], [ 74.174593730507326, 39.135519553245125 ], [ 74.174593955669621, 39.13541412595346 ], [ 74.174813329148137, 39.135204798008949 ], [ 74.175087170418905, 39.134953681208337 ], [ 74.175063101288984, 39.134616121890161 ], [ 74.174957612744194, 39.134488841817671 ], [ 74.174824136288549, 39.134361372835428 ], [ 74.174313502419409, 39.133999284338778 ], [ 74.174208769843247, 39.133893089947875 ], [ 74.174130746918323, 39.133639488942649 ], [ 74.174159435589246, 39.133407736948357 ], [ 74.17432355845709, 39.133134772718002 ], [ 74.174705577706391, 39.13277899178258 ], [ 74.175659765072311, 39.132047682585529 ], [ 74.176013312910143, 39.131818222293695 ], [ 74.176177956545629, 39.131671766771603 ], [ 74.176231402163054, 39.131545634489399 ], [ 74.176231893489444, 39.131503463993432 ], [ 74.176129609981146, 39.131186416528124 ], [ 74.175888672345394, 39.131016012866745 ], [ 74.175701220990234, 39.130888160944991 ], [ 74.175485786283318, 39.130760120100938 ], [ 74.175298358354141, 39.13071661081927 ], [ 74.174649620319698, 39.13062768287714 ], [ 74.174353747783812, 39.130625578098346 ], [ 74.17403015235935, 39.130686540445893 ], [ 74.173867743476265, 39.130706599159602 ], [ 74.173649948541438, 39.130747445763859 ], [ 74.173353345425298, 39.130745720562508 ], [ 74.173218430095957, 39.130702832874654 ], [ 74.173245735612426, 39.130555633052978 ], [ 74.173383081767, 39.130430111949444 ], [ 74.173679757757029, 39.130305532180358 ], [ 74.174469195468092, 39.129973262981778 ], [ 74.17463295024433, 39.129805794310151 ], [ 74.174796883419191, 39.12961727457742 ], [ 74.174962242967766, 39.129260345748222 ], [ 74.175072064800389, 39.129071512383561 ], [ 74.175128311328251, 39.128819213314834 ], [ 74.175237311052129, 39.128609328943739 ], [ 74.175456703537634, 39.128379019572307 ], [ 74.1757275579631, 39.128106920932218 ], [ 74.175893017843165, 39.127855247020271 ], [ 74.175949726836421, 39.127666099973005 ], [ 74.175950618062956, 39.127560843547627 ], [ 74.175843005876075, 39.127370758287341 ], [ 74.175629357680776, 39.12715899641546 ], [ 74.175332840652899, 39.127030969176495 ], [ 74.175063377036793, 39.126903096622591 ], [ 74.174793556063733, 39.126817327361309 ], [ 74.173739909704082, 39.126642804306435 ], [ 74.173171149552687, 39.126597405942327 ], [ 74.17273729724792, 39.126594893159719 ], [ 74.172331320199007, 39.126613585670604 ], [ 74.171927162925954, 39.126653329831761 ], [ 74.171627039759031, 39.126714752875031 ], [ 74.171383203662046, 39.12675543693193 ], [ 74.171031332762496, 39.126774441972913 ], [ 74.170681639208297, 39.126772392868681 ], [ 74.170357000806021, 39.126770501498008 ], [ 74.170086289236068, 39.126789975477934 ], [ 74.169759647907767, 39.126788082427765 ], [ 74.169437371004406, 39.126744086888557 ], [ 74.169140505519138, 39.126658145631644 ], [ 74.168923800121291, 39.126572676478013 ], [ 74.16870745428875, 39.12644510530815 ], [ 74.168197430701071, 39.126210541585614 ], [ 74.167953397724062, 39.126040708171317 ], [ 74.167794161947569, 39.12591345174107 ], [ 74.167713266409251, 39.125765620230851 ], [ 74.16771498853808, 39.125681417016843 ], [ 74.16771371068991, 39.125597211549994 ], [ 74.167877652176543, 39.125408701505172 ], [ 74.168585167944798, 39.124928640011959 ], [ 74.168695456869898, 39.124802967297136 ], [ 74.168695539734117, 39.124676660185401 ], [ 74.168617824624022, 39.124507778450969 ], [ 74.168404109169373, 39.124190747188898 ], [ 74.168107420492305, 39.123852191400786 ], [ 74.167839701270154, 39.123640099083808 ], [ 74.16749083085692, 39.123427530170261 ], [ 74.166979919646948, 39.123214122842469 ], [ 74.166364447386087, 39.123042280624887 ], [ 74.165961544000382, 39.122913734799987 ], [ 74.165399083637325, 39.122826389614552 ], [ 74.164673065902235, 39.122780247226487 ], [ 74.163976276735937, 39.122692148640091 ], [ 74.163358724293573, 39.122646597649933 ], [ 74.162765490283505, 39.122664345936116 ], [ 74.159192531617435, 39.122576945964454 ], [ 74.158520111861492, 39.122571778464419 ], [ 74.158117271927907, 39.122484246968661 ], [ 74.157849525854061, 39.122313319673665 ], [ 74.157635186718437, 39.122058376163132 ], [ 74.157396562394254, 39.12171879743525 ], [ 74.15689012063946, 39.121081647312714 ], [ 74.156595404188664, 39.120783867671392 ], [ 74.156299465226397, 39.120654943329754 ], [ 74.155925227849664, 39.120609827120305 ], [ 74.15557342877311, 39.120628237659581 ], [ 74.155225780451133, 39.120625539848973 ], [ 74.154901336019606, 39.120580832694486 ], [ 74.154659884995667, 39.12049453578927 ], [ 74.154582121087032, 39.120367268684255 ], [ 74.154529404445867, 39.120219102821139 ], [ 74.154503737836365, 39.120050038254654 ], [ 74.154503275128477, 39.119838965470748 ], [ 74.1545602956583, 39.119670524405876 ], [ 74.154670181974055, 39.119354747202713 ], [ 74.154669564754357, 39.119164781665916 ], [ 74.15464666509267, 39.118890180677084 ], [ 74.154594103342873, 39.118720907535462 ], [ 74.154485597360036, 39.118572326729492 ], [ 74.154381553950429, 39.118360423983333 ], [ 74.154219721011827, 39.118148106100925 ], [ 74.153981512372184, 39.117892949600737 ], [ 74.153711740396929, 39.117721872975125 ], [ 74.153417735525096, 39.117592711177053 ], [ 74.153123728876494, 39.117463546368782 ], [ 74.152720587889277, 39.117418134330698 ], [ 74.152289130690107, 39.117435948785904 ], [ 74.151857673302956, 39.117453761648996 ], [ 74.151535656900762, 39.117493553465849 ], [ 74.150998340558175, 39.117552821846864 ], [ 74.150593076944531, 39.117676567704933 ], [ 74.150377214693918, 39.117780626629362 ], [ 74.15021560314571, 39.11794822065427 ], [ 74.150106783649505, 39.118116242680514 ], [ 74.150049753801682, 39.118284683835427 ], [ 74.15002161886143, 39.118453332329494 ], [ 74.149968743928, 39.118600663918627 ], [ 74.149779081540345, 39.11878916843073 ], [ 74.149509973217832, 39.118808185340669 ], [ 74.149079648570236, 39.118804844445911 ], [ 74.148783800437442, 39.118802544830039 ], [ 74.148514847608183, 39.118800454437491 ], [ 74.148299529508691, 39.118819888478129 ], [ 74.14813569296139, 39.118881954519118 ], [ 74.147921441562858, 39.119028031376253 ], [ 74.147596517991801, 39.119321020132546 ], [ 74.147406066745958, 39.119615054642438 ], [ 74.146831620758761, 39.12064490911704 ], [ 74.146724476326852, 39.120855142247649 ], [ 74.146643162698496, 39.120938942239363 ], [ 74.146561318065636, 39.120959420463855 ], [ 74.146507525883933, 39.120959001842188 ], [ 74.146347462292539, 39.120915529106881 ], [ 74.14575515563736, 39.12072095219937 ], [ 74.145435811425983, 39.120528470521016 ], [ 74.145381646566179, 39.120443622454971 ], [ 74.145329325073106, 39.120379881597103 ], [ 74.145277565633307, 39.120105068347335 ], [ 74.145279287204119, 39.119872891010793 ], [ 74.145253642880348, 39.119703822392893 ], [ 74.145228466102992, 39.119471434291619 ], [ 74.145017155464544, 39.118815432889541 ], [ 74.144991512075833, 39.11864636644659 ], [ 74.144940287401894, 39.118434874728656 ], [ 74.144833270061568, 39.118222963590746 ], [ 74.144483576593714, 39.118093590277702 ], [ 74.144107565619279, 39.118048716282715 ], [ 74.143675263513927, 39.11804580931036 ], [ 74.143325592554518, 39.118063978563193 ], [ 74.143107692682221, 39.118083308673526 ], [ 74.142785720109458, 39.118122893533432 ], [ 74.142407576555485, 39.118183200864642 ], [ 74.14194831192134, 39.118263993481719 ], [ 74.141192024239643, 39.118384601461763 ], [ 74.140327657306301, 39.118525457337753 ], [ 74.139355237931184, 39.118601817503567 ], [ 74.138492120061699, 39.118721474383115 ], [ 74.137897844097211, 39.11873753003929 ], [ 74.137494257290726, 39.118755215412619 ], [ 74.135903931447814, 39.11865669199458 ], [ 74.13458593749634, 39.118496930414437 ], [ 74.134127699789047, 39.11849294878575 ], [ 74.133696417634425, 39.118489201714617 ], [ 74.133291828579416, 39.118506872484595 ], [ 74.132994544892895, 39.118567851746434 ], [ 74.132019215760707, 39.118961938425109 ], [ 74.130448252532503, 39.119562703873029 ], [ 74.130042353904813, 39.119686291713556 ], [ 74.129851144102986, 39.119727017373599 ], [ 74.129473723861551, 39.119808467764017 ], [ 74.129095821597545, 39.119847544183834 ], [ 74.128465370845646, 39.119822126703752 ], [ 74.128465370845646, 39.119822126703752 ], [ 74.12730555099813, 39.120658241804662 ], [ 74.12665516221, 39.121012739008833 ], [ 74.126193503826329, 39.121284140462656 ], [ 74.125732582908398, 39.121576727512114 ], [ 74.12518905005841, 39.121847419245768 ], [ 74.124673204838984, 39.122139527525285 ], [ 74.12364313252597, 39.122511882957227 ], [ 74.123239733573229, 39.12259307636652 ], [ 74.122160151520418, 39.12268953129287 ], [ 74.120223097340514, 39.122734363484845 ], [ 74.119445650459397, 39.122725941755704 ], [ 74.118747363670465, 39.122739573765728 ], [ 74.118248290082931, 39.122763407401912 ], [ 74.118247290082934, 39.122763407401912 ] ] ] ] } },
{ "type": "Feature", "properties": { "ID": 688, "周长": 0.35566929976667611, "面积": 0.00098094845035159688, "FEATUREID": "OFBB004C1AJ430010020000021", "CHFCAC": "000021", "YSX": "1300", "QDIAA": "410301>410206", "GCJFLP": "灰色二云石英片岩、黑云绢云石英片岩、黑云变粒岩、石榴绢云石英片岩、大理岩", "QDUECD": "赛图拉岩群", "QDUECC": "→ChSt.", "GZEKG": "222100       ", "MDLHL": 0.0, "KWBED": "2517-1594-3124", "YSC": "3607", "YSD": "3207", "YSADAB": "", "QDIAB": "111000-251100", "YSWA": "07", "YSVA": "003", "QDIBE": "西昆仑变质带", "YSVAD": "", "DDCDS": "1220", "QDIMD": "", "fill_color": 22016, "pattern": 755, "pattern_color": 18432, "_src_file": "LDZOFBB004.WP", "_src_id": 20 }, "geometry": { "type": "MultiPolygon", "coordinates": [ [ [ [ 73.745716426295971, 39.14438426358835 ], [ 73.745263155021576, 39.143578404602167 ], [ 73.745297585012878, 39.141639535511189 ], [ 73.746179180538675, 39.138740166121835 ], [ 73.747478525329996, 39.135683676091141 ], [ 73.747527203813263, 39.132936936593381 ], [ 73.744642689055524, 39.131774665703453 ], [ 73.741527791169815, 39.131902664067383 ], [ 73.739213936283917, 39.133655286506908 ], [ 73.738957454685476, 39.136399769827399 ], [ 73.739136109262304, 39.138017738484393 ], [ 73.740309016165199, 39.142070511076568 ], [ 73.739994906389214, 39.144381040081747 ], [ 73.739794796441032, 39.144679984571027 ], [ 73.739188174748747, 39.145878297298971 ], [ 73.738572090816504, 39.147528829390332 ], [ 73.73843898887273, 39.149261085308417 ], [ 73.737924497829908, 39.15068677188497 ], [ 73.737017579148187, 39.152333479547778 ], [ 73.73600896172097, 39.154205019188076 ], [ 73.734915983759748, 39.155472310327667 ], [ 73.733834017346794, 39.156211995898346 ], [ 73.73208776080331, 39.156264408102558 ], [ 73.730638610174736, 39.156019144157767 ], [ 73.729097294405321, 39.155546473098575 ], [ 73.727175538460799, 39.15469203948728 ], [ 73.725538077587089, 39.153768723337464 ], [ 73.724579562098384, 39.153003908158134 ], [ 73.723721686876246, 39.152089454640674 ], [ 73.72931882053939, 39.145148311174282 ], [ 73.729920989059224, 39.144022473990816 ], [ 73.729742992205487, 39.143266215686161 ], [ 73.729669820746409, 39.142134378497225 ], [ 73.729488666906192, 39.141528858832821 ], [ 73.728466685630124, 39.1408621392846 ], [ 73.727788426005048, 39.140611536536738 ], [ 73.72679446222962, 39.140406490095863 ], [ 73.725670301716434, 39.140393685186936 ], [ 73.724795955101058, 39.140383720321104 ], [ 73.723795682450628, 39.140420638048944 ], [ 73.722355177301196, 39.140597503361668 ], [ 73.720784651077039, 39.141014507214827 ], [ 73.718899791165299, 39.141524546071409 ], [ 73.716699558808301, 39.142175921970264 ], [ 73.715068561465202, 39.142495497658828 ], [ 73.709905794432515, 39.144200504687817 ], [ 73.709891789781082, 39.144858148618013 ], [ 73.710217955120527, 39.145984050621664 ], [ 73.710839241875604, 39.147345518228576 ], [ 73.711564682054544, 39.148514708561947 ], [ 73.71219917488466, 39.149257209726123 ], [ 73.712682826714556, 39.150036665006482 ], [ 73.713164025183431, 39.150932174288336 ], [ 73.713448475832607, 39.15167064040515 ], [ 73.713685383315322, 39.152292477589242 ], [ 73.714561780379398, 39.153424691318534 ], [ 73.715898999083109, 39.154059160845172 ], [ 73.717540422909579, 39.154503632725778 ], [ 73.719385197401564, 39.154795632105554 ], [ 73.720932358077803, 39.154968113195537 ], [ 73.722472989668034, 39.155450057990997 ], [ 73.723313434400978, 39.155923988951088 ], [ 73.72410306099782, 39.156436028564336 ], [ 73.724593420763284, 39.15690595668304 ], [ 73.724883724115386, 39.157373601403378 ], [ 73.725073182283126, 39.157878788393198 ], [ 73.725110148870243, 39.158498322297675 ], [ 73.725000324190944, 39.158961403523612 ], [ 73.724687983684291, 39.159538259071368 ], [ 73.724126364288551, 39.160073573777112 ], [ 73.722913684426487, 39.160640148244291 ], [ 73.721807563420768, 39.160898370669294 ], [ 73.720459523370877, 39.160766871017131 ], [ 73.718619505715168, 39.160242776572083 ], [ 73.717183754322946, 39.159529818943355 ], [ 73.715944813773447, 39.158973881580586 ], [ 73.714853480149529, 39.158535707465632 ], [ 73.71395811236674, 39.158293250902858 ], [ 73.712910238158784, 39.158165116242152 ], [ 73.712560125875214, 39.158161086359392 ], [ 73.711913208069333, 39.157998860912052 ], [ 73.711212160998997, 39.158029480843126 ], [ 73.710805441938135, 39.15833435018606 ], [ 73.710174761998644, 39.15975877387234 ], [ 73.710167347761512, 39.160106938372749 ], [ 73.710350115356562, 39.160921627442136 ], [ 73.710584555259302, 39.161659523365088 ], [ 73.711113350086208, 39.162671671824789 ], [ 73.711495392041897, 39.163527348830542 ], [ 73.711627340866684, 39.164380144618448 ], [ 73.711506713945809, 39.165346115386669 ], [ 73.711195881022817, 39.165845560731391 ], [ 73.710685778520187, 39.166304014502614 ], [ 73.7098763623178, 39.166720321353367 ], [ 73.70876844906077, 39.167055788314535 ], [ 73.708013988800374, 39.167240548022647 ], [ 73.707660528413882, 39.167391244576166 ], [ 73.707553051627499, 39.167738251226844 ], [ 73.707746541081846, 39.168050039949506 ], [ 73.708287718255079, 39.168481928277657 ], [ 73.708927297177766, 39.168992338793522 ], [ 73.709317591149372, 39.169461174048735 ], [ 73.709700471262352, 39.170278171866684 ], [ 73.709782383535824, 39.171130392106825 ], [ 73.709668314177634, 39.171786879924795 ], [ 73.709260684683855, 39.172130426101205 ], [ 73.708807153066303, 39.172279969959085 ], [ 73.70835691656427, 39.172274772398154 ], [ 73.707558976298074, 39.172149474072114 ], [ 73.706464188612088, 39.171865959273696 ], [ 73.705019232187809, 39.171578382926917 ], [ 73.703519294395178, 39.1715223174754 ], [ 73.702269485792996, 39.171469133786992 ], [ 73.701024656086773, 39.171183829177075 ], [ 73.699629762394068, 39.170896766778043 ], [ 73.698380800779319, 39.170804857427839 ], [ 73.697180450056038, 39.1718132671013 ], [ 73.697376616183703, 39.172727440432936 ], [ 73.699612469894163, 39.173931059959166 ], [ 73.69961346989416, 39.173931059959166 ], [ 73.701019948797764, 39.174717841828461 ], [ 73.702283161004331, 39.17550295696806 ], [ 73.703471533526482, 39.176507308210873 ], [ 73.704234020906213, 39.177506704544875 ], [ 73.70442194180535, 39.178609541608097 ], [ 73.704263974665139, 39.179433166057208 ], [ 73.703538289905296, 39.180085141827455 ], [ 73.70260265609798, 39.180569580577838 ], [ 73.701032495059692, 39.180771489223694 ], [ 73.699537208199402, 39.180754132379903 ], [ 73.698194507128875, 39.180353283978924 ], [ 73.696994317981336, 39.17989906101284 ], [ 73.696004057556337, 39.179612365547463 ], [ 73.694661584612419, 39.179156460739016 ], [ 73.693249162311687, 39.178644690402173 ], [ 73.691912660823235, 39.177913664256678 ], [ 73.691911660823237, 39.177913664256678 ], [ 73.690581119223211, 39.177294045915879 ], [ 73.688665573501325, 39.177189586796821 ], [ 73.686439778533085, 39.176584153236234 ], [ 73.68497558903789, 39.176126404625229 ], [ 73.684066125445341, 39.175400303951427 ], [ 73.683359393516369, 39.175171868083176 ], [ 73.68200753235395, 39.175155959473045 ], [ 73.680576157832988, 39.175524323393859 ], [ 73.679565691425509, 39.176172790903188 ], [ 73.679048483963712, 39.177047199722331 ], [ 73.678521685940581, 39.178361744438824 ], [ 73.678283078525979, 39.179514593837766 ], [ 73.67803248739304, 39.181217619142885 ], [ 73.677783078815054, 39.182865625091999 ], [ 73.6773961328946, 39.184291878890669 ], [ 73.677027152478075, 39.184892866701553 ], [ 73.676227072229608, 39.185709773466748 ], [ 73.675354813770156, 39.18663774328099 ], [ 73.674622701885895, 39.187677753607851 ], [ 73.67452996454125, 39.188780524087775 ], [ 73.674719726713917, 39.189997026448033 ], [ 73.675201709236617, 39.190830630785612 ], [ 73.676318818397036, 39.191947712831812 ], [ 73.677512514150777, 39.192789721022486 ], [ 73.678851802592987, 39.193467856894507 ], [ 73.68019004408967, 39.194201157050259 ], [ 73.681740750551114, 39.194992139196138 ], [ 73.68199138860939, 39.195139919535279 ], [ 73.68199138860939, 39.195139919535279 ], [ 73.683110282110121, 39.195098852304092 ], [ 73.683982639908763, 39.195078497240573 ], [ 73.684856704833152, 39.194944675840866 ], [ 73.685330705857695, 39.194835547263814 ], [ 73.685806408466874, 39.194612956857895 ], [ 73.686356048701157, 39.194305935267252 ], [ 73.686906105173421, 39.193970544265248 ], [ 73.690179132593485, 39.191587522437914 ], [ 73.692275789506695, 39.190298846274921 ], [ 73.692753238090731, 39.190047271667694 ], [ 73.6933374288149, 39.189938567476851 ], [ 73.693957039395571, 39.189886946398644 ], [ 73.694794021480959, 39.189893928665157 ], [ 73.695449050648762, 39.189899389925479 ], [ 73.696432078927756, 39.189879180676989 ], [ 73.697524279407872, 39.189859870767137 ], [ 73.699129328774362, 39.1896460363796 ], [ 73.70022442107549, 39.18945634668853 ], [ 73.701356863517361, 39.189210164610216 ], [ 73.702308789305576, 39.18887729206913 ], [ 73.703005498072528, 39.188570694193743 ], [ 73.70374163035612, 39.188150670855265 ], [ 73.704557063873466, 39.18756037670925 ], [ 73.705261600375621, 39.187026055739977 ], [ 73.70673669668183, 39.185617519669414 ], [ 73.707513637075735, 39.184713091134803 ], [ 73.708255163040505, 39.183723053002382 ], [ 73.708774042660565, 39.183044244181573 ], [ 73.709219291314682, 39.182421770114949 ], [ 73.709520829680926, 39.181627536100422 ], [ 73.709824832247762, 39.180634191487073 ], [ 73.710268645000625, 39.180125489691605 ], [ 73.710746791223073, 39.179787724332954 ], [ 73.711077703069463, 39.179562638671662 ], [ 73.711625931228241, 39.179452968918476 ], [ 73.711990476053558, 39.179455704890586 ], [ 73.712499782121611, 39.179544866106404 ], [ 73.713081298126113, 39.179691460100756 ], [ 73.713590256726206, 39.179809060874128 ], [ 73.714063817508929, 39.179841054877663 ], [ 73.714720004088164, 39.179845967407111 ], [ 73.71526787638463, 39.179764724723519 ], [ 73.71574389221766, 39.179597601877028 ], [ 73.71600257973995, 39.179315068597077 ], [ 73.7163359285166, 39.178890857601239 ], [ 73.716524506051726, 39.178380226507478 ], [ 73.716532601169703, 39.177726023638492 ], [ 73.716468434063202, 39.177042918725483 ], [ 73.716330968368382, 39.176387697503721 ], [ 73.716080807633148, 39.17598760556654 ], [ 73.71579125930964, 39.175814752161465 ], [ 73.715318271780859, 39.175725834752278 ], [ 73.714698683502178, 39.175692685482417 ], [ 73.71408056371709, 39.175545774455152 ], [ 73.713608681031914, 39.175371531311832 ], [ 73.713211937615469, 39.175027201957988 ], [ 73.712996067861553, 39.174798018072387 ], [ 73.712935238375991, 39.173858954905839 ], [ 73.713092111309507, 39.173006873070925 ], [ 73.713393377082241, 39.172269662551805 ], [ 73.713995886366831, 39.170795234053344 ], [ 73.714374824581228, 39.16968885765975 ], [ 73.714565204638873, 39.169064568576196 ], [ 73.714936435586353, 39.168555424948025 ], [ 73.715565259544476, 39.167929143417602 ], [ 73.715566259544474, 39.167929143417602 ], [ 73.715609250897373, 39.167655428082554 ], [ 73.715791461383432, 39.166850073745813 ], [ 73.716099685892019, 39.16617173753086 ], [ 73.71674466995637, 39.16514298701685 ], [ 73.717843959958159, 39.163991660434881 ], [ 73.718375657717658, 39.163567105063294 ], [ 73.718869551337349, 39.163318745012909 ], [ 73.719326421250429, 39.163296990176192 ], [ 73.719972508123433, 39.163478359224086 ], [ 73.720583470305485, 39.16368468609376 ], [ 73.721100878682293, 39.163890270060264 ], [ 73.721748197802839, 39.164021217782384 ], [ 73.722268495906462, 39.164025150082971 ], [ 73.72265916091682, 39.163927272209001 ], [ 73.722991839900246, 39.163702871731054 ], [ 73.723422512532466, 39.163378382497832 ], [ 73.723925536741248, 39.162751906247237 ], [ 73.724734012659908, 39.161598305886287 ], [ 73.725542458949604, 39.160444696971638 ], [ 73.725983890742782, 39.159590867254003 ], [ 73.726095448194897, 39.15901185831035 ], [ 73.726144582975891, 39.158407155306037 ], [ 73.725968367216808, 39.157624297127377 ], [ 73.725306859912436, 39.156736942471078 ], [ 73.724121369421269, 39.155479604201439 ], [ 73.724121369421269, 39.155479604201439 ], [ 73.723663217881636, 39.154736375050028 ], [ 73.723581990529865, 39.154466761938799 ], [ 73.723588683197434, 39.154231424474915 ], [ 73.723721851302273, 39.154064305138803 ], [ 73.72393768739849, 39.154065941281175 ], [ 73.724241255728614, 39.15406822712518 ], [ 73.724797713221818, 39.154375053847147 ], [ 73.725311994266363, 39.154715168310112 ], [ 73.725993503165853, 39.155191065373437 ], [ 73.726506795878279, 39.155531176980936 ], [ 73.72710545331185, 39.155804695390607 ], [ 73.72789052558295, 39.156112692410552 ], [ 73.728807738243489, 39.156421428965608 ], [ 73.730696582696808, 39.156736592532575 ], [ 73.73139588398422, 39.156942987541264 ], [ 73.732141263836965, 39.157149668816878 ], [ 73.732621015609254, 39.157320976917731 ], [ 73.732792627753781, 39.15755748474141 ], [ 73.732964049530665, 39.157760369347343 ], [ 73.732953113107314, 39.158130190096941 ], [ 73.732901101349896, 39.158499718444766 ], [ 73.7323626388375, 39.158933279626879 ], [ 73.731019677802237, 39.159697782787099 ], [ 73.73012351560071, 39.160297095397027 ], [ 73.728769842904697, 39.161666729088005 ], [ 73.728045874682195, 39.162435296809242 ], [ 73.726633677375659, 39.164644742802629 ], [ 73.726088360753693, 39.165416285570224 ], [ 73.726088360753693, 39.165416285570224 ], [ 73.726695776136779, 39.166492429582149 ], [ 73.726945274689939, 39.167868889790043 ], [ 73.726915140628449, 39.170108464303944 ], [ 73.726915140628449, 39.170108464303944 ], [ 73.73025375770716, 39.164813177319843 ], [ 73.736611702320758, 39.155324190228129 ], [ 73.737165200665302, 39.154488589214033 ], [ 73.737165200665302, 39.154488589214033 ], [ 73.740637918548359, 39.149234395065072 ], [ 73.743860635164438, 39.146010996166822 ], [ 73.745717426295968, 39.14438426358835 ], [ 73.745716426295971, 39.14438426358835 ] ] ] ] } },
{ "type": "Feature", "properties": { "ID": 693, "周长": 0.87681936431849361, "面积": 0.0061462398238858098, "FEATUREID": "OFBB004C1AJ430010020000022", "CHFCAC": "000022", "YSX": "1300", "QDIAA": "410301>410206", "GCJFLP": "灰色二云石英片岩、黑云绢云石英片岩、黑云变粒岩、石榴绢云石英片岩、大理岩", "QDUECD": "赛图拉岩群", "QDUECC": "→ChSt.", "GZEKG": "222100       ", "MDLHL": 0.0, "KWBED": "2517-1594-3124", "YSC": "3607", "YSD": "3207", "YSADAB": "", "QDIAB": "111000-251100", "YSWA": "07", "YSVA": "003", "QDIBE": "西昆仑变质带", "YSVAD": "", "DDCDS": "1220", "QDIMD": "", "fill_color": 32256, "pattern": 755, "pattern_color": 18432, "_src_file": "LDZOFBB004.WP", "_src_id": 21 }, "geometry": { "type": "MultiPolygon", "coordinates": [ [ [ [ 74.865749456813035, 39.11601217232338 ], [ 74.865749848473556, 39.116012309628339 ], [ 74.865750456813032, 39.11601217232338 ], [ 74.865749456813035, 39.11601217232338 ] ] ], [ [ [ 74.895279902874634, 39.139611788087244 ], [ 74.894889178884398, 39.139174047144905 ], [ 74.893859129600457, 39.137969804468746 ], [ 74.892830150966802, 39.136715376902821 ], [ 74.891733779163758, 39.135460938738689 ], [ 74.891285472012754, 39.13455774327651 ], [ 74.891155047631017, 39.134005794974144 ], [ 74.891027860839174, 39.133152783804 ], [ 74.891155956835561, 39.132851724411054 ], [ 74.891802404097206, 39.132651031789102 ], [ 74.892961003356049, 39.132801577740651 ], [ 74.894183890741559, 39.133152821345512 ], [ 74.895602784925927, 39.133905463640623 ], [ 74.897017712185232, 39.134658090910207 ], [ 74.898243372001801, 39.135410705704579 ], [ 74.899401492296761, 39.136364019690085 ], [ 74.900690216327845, 39.137768906345642 ], [ 74.90165604292055, 39.138822561821598 ], [ 74.901841131209906, 39.139040080241095 ], [ 74.902427686332516, 39.139725691913732 ], [ 74.902969021680263, 39.140289120689502 ], [ 74.902970021680261, 39.140289120689502 ], [ 74.905183549030113, 39.139231698034493 ], [ 74.90810732435753, 39.137767480688417 ], [ 74.909530817569419, 39.136986136508163 ], [ 74.915429315384813, 39.134432211002107 ], [ 74.915045777587409, 39.134144982034051 ], [ 74.913826503709686, 39.133194520737639 ], [ 74.912703895286398, 39.132282056580699 ], [ 74.911823490987331, 39.131293491875191 ], [ 74.911142224279814, 39.130685163248124 ], [ 74.910946975489665, 39.130571111269852 ], [ 74.910457515205394, 39.130951450254273 ], [ 74.910165376574753, 39.131293735262894 ], [ 74.90923758463623, 39.131445968788128 ], [ 74.908991615163146, 39.131141783626695 ], [ 74.908945237600108, 39.130305195590005 ], [ 74.908555227491306, 39.129202461904733 ], [ 74.908116465643261, 39.127985650156091 ], [ 74.907627725447725, 39.127073058591485 ], [ 74.90684816821171, 39.125970364259942 ], [ 74.906213905265787, 39.125209890121148 ], [ 74.905725364042127, 39.124031101349011 ], [ 74.905285660774382, 39.122852307210586 ], [ 74.904800131784882, 39.121711541124554 ], [ 74.904213907507639, 39.120684861436615 ], [ 74.903824884273121, 39.119810272307056 ], [ 74.903532296406425, 39.119277917873674 ], [ 74.903386238740254, 39.118631470229559 ], [ 74.903484109039454, 39.118251190870602 ], [ 74.903971425191727, 39.11802298604406 ], [ 74.904605078204028, 39.117984903588962 ], [ 74.905533438049389, 39.118289032860694 ], [ 74.906461650478676, 39.118859341613096 ], [ 74.907387773473388, 39.119619780268486 ], [ 74.908217130398867, 39.12064641376174 ], [ 74.908852293716976, 39.121558985574033 ], [ 74.909730476903633, 39.122661655132539 ], [ 74.910705329311398, 39.123764304910829 ], [ 74.911633524992027, 39.124600763260574 ], [ 74.912414235635907, 39.125513290994995 ], [ 74.913439119865316, 39.126349720285106 ], [ 74.914659358368951, 39.127110049527836 ], [ 74.91534179277825, 39.127338090498306 ], [ 74.917001845881529, 39.127261719335159 ], [ 74.918221463473316, 39.127223444888706 ], [ 74.919053411631168, 39.127375377725635 ], [ 74.919590287429713, 39.1278696113786 ], [ 74.919931854353294, 39.128401915650429 ], [ 74.920077083301422, 39.129048341662312 ], [ 74.919735130077299, 39.129504743330394 ], [ 74.919003611768943, 39.129847145874514 ], [ 74.918222367906921, 39.129923365917016 ], [ 74.917001816656551, 39.129695449364831 ], [ 74.915635014057941, 39.128973198799798 ], [ 74.914512292758133, 39.128402996348356 ], [ 74.913875641371789, 39.128250997762386 ], [ 74.91328972662123, 39.128289124065333 ], [ 74.913191969011336, 39.128517300964759 ], [ 74.913339207346027, 39.129011629780038 ], [ 74.914217710759672, 39.129772021751137 ], [ 74.915585346549193, 39.130874558284141 ], [ 74.917049678161106, 39.13197706259529 ], [ 74.918621673479095, 39.133056506440994 ], [ 74.918622673479092, 39.133056506440994 ], [ 74.926739799316664, 39.129732194504392 ], [ 74.929217079895835, 39.128812595109935 ], [ 74.93002218141433, 39.128522275175328 ], [ 74.930517637498298, 39.128377518693696 ], [ 74.931446133671415, 39.128134843959138 ], [ 74.932374618730364, 39.127794336971583 ], [ 74.934664846384052, 39.127016345541698 ], [ 74.935407595078132, 39.126626531923954 ], [ 74.936150338478797, 39.126236713542227 ], [ 74.936954849803911, 39.125749083184019 ], [ 74.937943614019346, 39.125113677704242 ], [ 74.938870575557459, 39.124527157330739 ], [ 74.94016822012459, 39.123647260068388 ], [ 74.94115673897619, 39.122864934198581 ], [ 74.941675092101818, 39.122423057582928 ], [ 74.941959830003981, 39.122180325844397 ], [ 74.946595932719248, 39.119024506005246 ], [ 74.948203571424187, 39.118058416284391 ], [ 74.949255468257149, 39.117237114540629 ], [ 74.950189883796867, 39.116417324841336 ], [ 74.950751313680897, 39.115741790978916 ], [ 74.951187996285498, 39.115211005412824 ], [ 74.951687349417142, 39.114535346312323 ], [ 74.951999493639718, 39.114100977629299 ], [ 74.953061043007466, 39.112556448104762 ], [ 74.953248856529385, 39.112170165968728 ], [ 74.953436873231325, 39.111735552005591 ], [ 74.953626124005893, 39.11101095544474 ], [ 74.953691084027014, 39.110334435854305 ], [ 74.953694180020136, 39.109609476677463 ], [ 74.953574170173795, 39.108642643792422 ], [ 74.953330916185067, 39.10748223222992 ], [ 74.952963161087169, 39.106418243859302 ], [ 74.952594385221929, 39.105595905124339 ], [ 74.952101728760525, 39.104724993486215 ], [ 74.951427300840137, 39.102838701638177 ], [ 74.95118370319652, 39.101766113586102 ], [ 74.951063366896918, 39.100888693540512 ], [ 74.951128955462636, 39.100060372065805 ], [ 74.951379833234952, 39.099427343891733 ], [ 74.951879294921511, 39.098697335747957 ], [ 74.952315248094067, 39.098308330251804 ], [ 74.952999363000842, 39.097919806216417 ], [ 74.955186408167876, 39.096703090408944 ], [ 74.956500291438857, 39.096264700160965 ], [ 74.963690275054034, 39.095047230437224 ], [ 74.96474840000333, 39.094998815843311 ], [ 74.96810344964949, 39.095487278576194 ], [ 74.968475828636869, 39.095584876472742 ], [ 74.968911341651378, 39.095584997913186 ], [ 74.969470368897291, 39.095682644501608 ], [ 74.970589344134027, 39.095780433248542 ], [ 74.972387237608459, 39.096463344678625 ], [ 74.973564810931663, 39.096951096121927 ], [ 74.978823426642577, 39.099094953077923 ], [ 74.979994364858584, 39.099678896198789 ], [ 74.981290352313351, 39.100360319409802 ], [ 74.985055483511204, 39.10308602971277 ], [ 74.98840274952731, 39.104973551770399 ], [ 74.992122349443065, 39.106812175844262 ], [ 74.994168183217425, 39.107489567094241 ], [ 74.996457944274979, 39.107982532192558 ], [ 74.999999999994415, 39.108132343518498 ], [ 74.999999999994415, 39.094322533041698 ], [ 75.000000999994413, 39.094322533041698 ], [ 74.999557508260054, 39.094163516919487 ], [ 74.999252801608179, 39.093970699611454 ], [ 74.998886182332328, 39.09370552407141 ], [ 74.998468878357698, 39.093356542453947 ], [ 74.999591252683416, 39.094983715192342 ], [ 74.999689659058348, 39.09550957712554 ], [ 74.999303022115768, 39.095734944072653 ], [ 74.998629158489024, 39.095659813713638 ], [ 74.99814512409705, 39.095359314052537 ], [ 74.99712346999317, 39.094518247471008 ], [ 74.996559733171637, 39.094344978395846 ], [ 74.996215528564065, 39.094248743421375 ], [ 74.995799639367362, 39.094152574611684 ], [ 74.994696417067587, 39.093999105692035 ], [ 74.994375779388989, 39.09390284164121 ], [ 74.993837949586677, 39.093826091138808 ], [ 74.993297991979105, 39.093768647852741 ], [ 74.992733337686815, 39.093730535023461 ], [ 74.992217208663774, 39.093634444061884 ], [ 74.991799728228131, 39.093480329545315 ], [ 74.991385652545077, 39.093268277634905 ], [ 74.99089642793578, 39.092979049445248 ], [ 74.989798527228658, 39.092111090422392 ], [ 74.98936047544116, 39.091744643794257 ], [ 74.988605336077796, 39.090973007538238 ], [ 74.988265202517894, 39.090625772407371 ], [ 74.987974886400039, 39.090413650803775 ], [ 74.987681572033111, 39.090201530711759 ], [ 74.987339869726824, 39.09002807354112 ], [ 74.98682752884001, 39.089854773996045 ], [ 74.986192292120251, 39.089604351723601 ], [ 74.985481445396601, 39.089469847203375 ], [ 74.984943888303292, 39.089373799931657 ], [ 74.984623483052943, 39.089335474430975 ], [ 74.984085397899733, 39.08929734783959 ], [ 74.983619228084876, 39.089220537625039 ], [ 74.982984948998606, 39.089085949388291 ], [ 74.982324858767342, 39.088874146635739 ], [ 74.981689117461926, 39.088681626683751 ], [ 74.979687981135285, 39.087544171137537 ], [ 74.978929727848012, 39.087235889267518 ], [ 74.978295363270448, 39.087004731341253 ], [ 74.977145107320951, 39.086774010607144 ], [ 74.976433416614228, 39.086639049749465 ], [ 74.975793116651388, 39.086600296834625 ], [ 74.975077533856833, 39.086600139542085 ], [ 74.973374610910099, 39.086542117180279 ], [ 74.972830475279565, 39.08648420428208 ], [ 74.972309926020046, 39.086464896166113 ], [ 74.971913179307236, 39.086426283354157 ], [ 74.971295733518957, 39.086387666382734 ], [ 74.970875397342255, 39.086310444759512 ], [ 74.970207011194177, 39.086136697840807 ], [ 74.969260881442111, 39.085755985189948 ], [ 74.968897249870494, 39.085897585477483 ], [ 74.968525417764937, 39.085970029557032 ], [ 74.968129509034341, 39.086006242631811 ], [ 74.967828632258801, 39.086006227287328 ], [ 74.967433725862151, 39.086042435750734 ], [ 74.967015447072001, 39.086114873290697 ], [ 74.966479617609139, 39.086295993706003 ], [ 74.965269178528402, 39.086766910180181 ], [ 74.963698819534955, 39.087403557137129 ], [ 74.963697819534957, 39.087403557137129 ], [ 74.96222649218943, 39.08897058256516 ], [ 74.96203367559481, 39.089188322535044 ], [ 74.961788519441811, 39.089406054044666 ], [ 74.961613483566154, 39.089542135267102 ], [ 74.961421062178971, 39.089664604708261 ], [ 74.961176408860922, 39.089759847173347 ], [ 74.961001656913041, 39.089827878477173 ], [ 74.960757172462422, 39.089882289313778 ], [ 74.960478022962207, 39.089882258082035 ], [ 74.960198987007317, 39.089855005685656 ], [ 74.959937395568659, 39.089827756364599 ], [ 74.959571010328332, 39.089827713222469 ], [ 74.95925690971103, 39.089841283966699 ], [ 74.959099830866407, 39.089854873019327 ], [ 74.958541132456588, 39.089950071430003 ], [ 74.957720151391342, 39.090181329065679 ], [ 74.956165182845581, 39.090698278245235 ], [ 74.955675626607999, 39.090943181531465 ], [ 74.955325932851309, 39.091120055826117 ], [ 74.955063472221852, 39.091296942451073 ], [ 74.954923259029471, 39.091446628254303 ], [ 74.954712907770087, 39.091677961754876 ], [ 74.954484760199733, 39.091990949495731 ], [ 74.954291969488978, 39.092195066292639 ], [ 74.954116683434634, 39.092385574887913 ], [ 74.953871604966622, 39.092576071386063 ], [ 74.953592528915266, 39.092725549660969 ], [ 74.953314743884746, 39.09286110901521 ], [ 74.953019631207638, 39.09299663370146 ], [ 74.952724633825511, 39.093104937164803 ], [ 74.952551204550872, 39.093145429525116 ], [ 74.95239521537016, 39.093158733000379 ], [ 74.952221960700712, 39.093158396415184 ], [ 74.951944752081033, 39.093157852388821 ], [ 74.95158091613385, 39.093157141154229 ], [ 74.950975045988756, 39.093033463375313 ], [ 74.950196038423599, 39.092882220128466 ], [ 74.94983243609596, 39.092827064749166 ], [ 74.949347675044606, 39.092744445987883 ], [ 74.948793376152295, 39.092716127644607 ], [ 74.948290939092701, 39.092715131265365 ], [ 74.947857627765217, 39.092755098021094 ], [ 74.947562857433283, 39.09280894974092 ], [ 74.947371983806732, 39.092876617798552 ], [ 74.947146397396295, 39.092957828279772 ], [ 74.947042150126023, 39.093025667890757 ], [ 74.94685109739514, 39.093134165789799 ], [ 74.946607773001745, 39.093310607425451 ], [ 74.946347120696728, 39.093487013553101 ], [ 74.946034370759492, 39.093690534440412 ], [ 74.945704470913356, 39.093853188701281 ], [ 74.94539177713483, 39.0940430976203 ], [ 74.945044490495405, 39.094219327345094 ], [ 74.944679994727224, 39.094368300330991 ], [ 74.944384919079226, 39.094490192883612 ], [ 74.944037747510052, 39.094639199138584 ], [ 74.943812091739673, 39.094734011112223 ], [ 74.94284064381857, 39.095004235279504 ], [ 74.942493824674756, 39.095071580072045 ], [ 74.94200827619234, 39.095165856992708 ], [ 74.940933460139391, 39.095299755871139 ], [ 74.939684506716517, 39.095596634726007 ], [ 74.93921577176495, 39.095759023020491 ], [ 74.937791745852564, 39.096382222285634 ], [ 74.937340246926809, 39.096571850727123 ], [ 74.936975493432442, 39.096748040189048 ], [ 74.935898511355219, 39.097290241709679 ], [ 74.934299010544962, 39.098484558090007 ], [ 74.933847249002298, 39.098742210499282 ], [ 74.933465183525712, 39.098904748572359 ], [ 74.933152670662196, 39.099012992396304 ], [ 74.932770795430415, 39.099121098575552 ], [ 74.932406401706672, 39.099188416682431 ], [ 74.931938109709463, 39.099214704948011 ], [ 74.931504643110998, 39.099200239612102 ], [ 74.93094974544087, 39.099199139915328 ], [ 74.930585595481759, 39.099198417016169 ], [ 74.930343500480816, 39.099211434755937 ], [ 74.929997695075798, 39.099237799600047 ], [ 74.929738264966318, 39.099277981124679 ], [ 74.929530598170857, 39.099345506183411 ], [ 74.929374785327994, 39.099413159123038 ], [ 74.929184254827135, 39.099521544939336 ], [ 74.928993575865334, 39.099670754325587 ], [ 74.928264940161867, 39.100403743625854 ], [ 74.928160736457684, 39.100539556692233 ], [ 74.928073868838865, 39.100661806147222 ], [ 74.927726534427165, 39.101518432961115 ], [ 74.927570754942309, 39.101722237659835 ], [ 74.927484276326041, 39.101803705718488 ], [ 74.927346027568362, 39.101871443402125 ], [ 74.927225072162486, 39.101925608501212 ], [ 74.927104224658137, 39.101925332591065 ], [ 74.92693158165207, 39.101924938535788 ], [ 74.926793523146529, 39.101897401766379 ], [ 74.926620937332444, 39.10186978455959 ], [ 74.926465668200592, 39.101814984566751 ], [ 74.926241341690442, 39.101760028106469 ], [ 74.925223523798195, 39.101376588428948 ], [ 74.924654249417586, 39.1011575055688 ], [ 74.924050230736526, 39.101047225167214 ], [ 74.923549631476931, 39.10101884432563 ], [ 74.923031714966129, 39.101017643360827 ], [ 74.922548299018075, 39.101030131807093 ], [ 74.922064853470317, 39.10105622621672 ], [ 74.921650381740946, 39.101123315058906 ], [ 74.921235850039409, 39.101217622864183 ], [ 74.920855793707602, 39.101339229375249 ], [ 74.920510260388355, 39.101460916735078 ], [ 74.920164698969288, 39.101596215538585 ], [ 74.919853579768869, 39.101772424004949 ], [ 74.919594335584165, 39.101907922280873 ], [ 74.91935232563975, 39.102057071410414 ], [ 74.918902863269111, 39.102341838252627 ], [ 74.91838389321768, 39.102925187229516 ], [ 74.918211202023031, 39.103154519364395 ], [ 74.918055776420744, 39.103370376988821 ], [ 74.917468637393185, 39.104044691715956 ], [ 74.916916043132048, 39.104597459212613 ], [ 74.916726081568015, 39.104813234095388 ], [ 74.916570647788447, 39.10502908966955 ], [ 74.916380661844386, 39.105339460001773 ], [ 74.916294238148694, 39.105758187238379 ], [ 74.91624238455428, 39.106014830245542 ], [ 74.916207817864418, 39.106163400985686 ], [ 74.916173249471399, 39.106325487359193 ], [ 74.916086866892769, 39.106568533495569 ], [ 74.915983229517821, 39.106757482015396 ], [ 74.915862323586367, 39.106959906600622 ], [ 74.915706899344912, 39.107108189469542 ], [ 74.915482409815368, 39.107269825133301 ], [ 74.915188867159316, 39.107390752868042 ], [ 74.914947126641664, 39.107484776446043 ], [ 74.914705392046443, 39.107551770485827 ], [ 74.91441186691921, 39.107591613656425 ], [ 74.914135603179105, 39.107645009217656 ], [ 74.913928395532338, 39.10772559900942 ], [ 74.913323100953519, 39.107912300141656 ], [ 74.913011604123639, 39.108032423130965 ], [ 74.912786557944685, 39.108152891469977 ], [ 74.912561395213743, 39.10832730251127 ], [ 74.911972267904417, 39.108891338818069 ], [ 74.911833556523717, 39.109066095155278 ], [ 74.911712222531733, 39.109200466180532 ], [ 74.911607945099689, 39.109442790487009 ], [ 74.911521048138198, 39.109644727330583 ], [ 74.911169928750951, 39.110321451564808 ], [ 74.910972880618317, 39.110646043638461 ], [ 74.910726748576096, 39.1109704379029 ], [ 74.910579244431219, 39.11108468309358 ], [ 74.910456407069532, 39.111141610297622 ], [ 74.910235485358996, 39.111159858331938 ], [ 74.909965522991627, 39.111158767430922 ], [ 74.909180178501629, 39.111155591165542 ], [ 74.908762963730425, 39.111153903029781 ], [ 74.908394918333357, 39.111114130383804 ], [ 74.908100585329379, 39.11103637636063 ], [ 74.907879880432034, 39.110958918492045 ], [ 74.907683630957223, 39.110919842184721 ], [ 74.907585461073268, 39.110919442392145 ], [ 74.907511794190285, 39.110938283797751 ], [ 74.907438166758226, 39.1109379844155 ], [ 74.907388831242656, 39.110956968910891 ], [ 74.907364130710064, 39.110976033762775 ], [ 74.907314774912223, 39.110995020462411 ], [ 74.90724063363713, 39.111071351191562 ], [ 74.906993765990265, 39.111204567941478 ], [ 74.90684569773866, 39.111261529755737 ], [ 74.906623486969266, 39.111394821712274 ], [ 74.906154490001271, 39.111623046727964 ], [ 74.905537201987926, 39.11200393140475 ], [ 74.905141995409835, 39.112308944047875 ], [ 74.903560998947285, 39.11358640319839 ], [ 74.903165908517067, 39.113833989112742 ], [ 74.902820127969903, 39.114081727383606 ], [ 74.902326354110315, 39.114348141449746 ], [ 74.902005671821527, 39.114404551503533 ], [ 74.901537044518804, 39.114460498036578 ], [ 74.900920557275441, 39.114477693312949 ], [ 74.899342602671211, 39.114415280280255 ], [ 74.898135297711377, 39.114317899551402 ], [ 74.897888848050272, 39.114356075811138 ], [ 74.897642314806646, 39.11445184264506 ], [ 74.897420447945194, 39.114528433606608 ], [ 74.897247834086315, 39.114624264621696 ], [ 74.897001162199018, 39.114816015247868 ], [ 74.896680430680519, 39.115103682751489 ], [ 74.896335057044368, 39.11539132744759 ], [ 74.895964956307239, 39.115736537944919 ], [ 74.895619687069612, 39.115947394628975 ], [ 74.895101823501875, 39.116234878805095 ], [ 74.893424720751298, 39.117289175051056 ], [ 74.89307955242657, 39.117423236057981 ], [ 74.889553221711694, 39.119186038137073 ], [ 74.88918339594548, 39.119320061940741 ], [ 74.888936893925816, 39.11937741622144 ], [ 74.888591737166493, 39.119492264604091 ], [ 74.888295891540267, 39.11958796443664 ], [ 74.887975376607599, 39.1197028368505 ], [ 74.887679559755085, 39.119779335853089 ], [ 74.88726056468299, 39.119836520258744 ], [ 74.886767676462057, 39.119874432118188 ], [ 74.886422695812001, 39.119874094268781 ], [ 74.885905196777173, 39.119892781463854 ], [ 74.885584797909843, 39.119930857012321 ], [ 74.884229107249965, 39.120178884117919 ], [ 74.883736147939743, 39.120215402699905 ], [ 74.883317245961223, 39.120175855989878 ], [ 74.882824347523723, 39.120175357091291 ], [ 74.882060671275539, 39.119981918550764 ], [ 74.880977162019491, 39.119460621548498 ], [ 74.876952487890193, 39.11779216654692 ], [ 74.876953487890191, 39.11779216654692 ], [ 74.87317776987976, 39.117452105377438 ], [ 74.868065201087333, 39.116824005895516 ], [ 74.865749848473556, 39.116012309628339 ], [ 74.863349540554452, 39.116554069922309 ], [ 74.86194897166871, 39.117032800750216 ], [ 74.86157304175974, 39.117245857603592 ], [ 74.859181912866958, 39.118706506243115 ], [ 74.85535589893928, 39.120826069739422 ], [ 74.852965202067836, 39.121915755627526 ], [ 74.851667488382049, 39.122446775522299 ], [ 74.847467025385214, 39.124092141048429 ], [ 74.846101278298221, 39.124488801720581 ], [ 74.843745379700437, 39.125149548783334 ], [ 74.84268744189248, 39.1252303228869 ], [ 74.838148108403004, 39.125770591820704 ], [ 74.837047334446623, 39.125821868610082 ], [ 74.836083302569747, 39.125819244718549 ], [ 74.83498149156695, 39.125843187869229 ], [ 74.833776392538127, 39.125866836004356 ], [ 74.832433634367973, 39.125863139107217 ], [ 74.827738810956092, 39.125652739254207 ], [ 74.827737810956094, 39.125652739254207 ], [ 74.82795652493796, 39.125893528243886 ], [ 74.827953957276037, 39.12623145777011 ], [ 74.827846444454039, 39.126738536130745 ], [ 74.82757179598066, 39.127330373647574 ], [ 74.826973302413236, 39.127838285048341 ], [ 74.825834067869962, 39.128009185106187 ], [ 74.824529395943046, 39.128433793662992 ], [ 74.823657990313365, 39.1290688656848 ], [ 74.822734166365038, 39.129746264167615 ], [ 74.821483700872804, 39.130212989886246 ], [ 74.821049040079387, 39.130213706043747 ], [ 74.820451531659558, 39.130130209761539 ], [ 74.820069660161607, 39.129877387935167 ], [ 74.819964057327084, 39.129286193102033 ], [ 74.82029171208481, 39.128356354868615 ], [ 74.820617433524049, 39.127384275504951 ], [ 74.820524708361035, 39.126386765608856 ], [ 74.820523708361037, 39.126386765608856 ], [ 74.820007665433451, 39.126444097347999 ], [ 74.819835881719726, 39.126470185350819 ], [ 74.819148752006043, 39.126601426403148 ], [ 74.818633404607652, 39.126706577422404 ], [ 74.817877571043169, 39.126918162576231 ], [ 74.814717688419549, 39.12808646968876 ], [ 74.813521317080571, 39.128725996059792 ], [ 74.812222368766911, 39.129338117791356 ], [ 74.811265241766037, 39.129871234692843 ], [ 74.810376471002698, 39.130404677825148 ], [ 74.805326998816554, 39.134180456380513 ], [ 74.804772550135397, 39.134637653311451 ], [ 74.803975847199467, 39.135256093546666 ], [ 74.800403252504751, 39.138565066134454 ], [ 74.797394065620708, 39.141334463556774 ], [ 74.796667242379783, 39.142106525251862 ], [ 74.793551953290148, 39.145055758812724 ], [ 74.79273104072827, 39.145799462689283 ], [ 74.792252125059989, 39.14619773960181 ], [ 74.791773109984732, 39.146516031254592 ], [ 74.791258001504161, 39.146833745113334 ], [ 74.789711766479115, 39.147733347302186 ], [ 74.788955735792058, 39.148103234684669 ], [ 74.787718517042279, 39.148657597289855 ], [ 74.786687505183622, 39.149132886179196 ], [ 74.785587586780437, 39.149501216460848 ], [ 74.783525264511752, 39.150238461569195 ], [ 74.782206461976671, 39.150874452350187 ], [ 74.776893874209776, 39.153311875575689 ], [ 74.766938886245555, 39.158691417820798 ], [ 74.764922002205523, 39.160253468337849 ], [ 74.764921002205526, 39.160253468337849 ], [ 74.767614556166777, 39.161397446651321 ], [ 74.769368833036154, 39.161869995078348 ], [ 74.770983075229509, 39.162181987770417 ], [ 74.773273190824696, 39.162283826205559 ], [ 74.774887841704668, 39.162438788069686 ], [ 74.775964677026522, 39.163065337191163 ], [ 74.776568802736449, 39.163849452357297 ], [ 74.776634625179895, 39.164477269973624 ], [ 74.776161115226927, 39.165367395514195 ], [ 74.775215609410751, 39.166101138257403 ], [ 74.77494597956354, 39.166624727387934 ], [ 74.775415082068477, 39.167147388046644 ], [ 74.776693015217518, 39.16777367753614 ], [ 74.778037185346363, 39.168452190660027 ], [ 74.778846275172569, 39.168869757539397 ], [ 74.782139459871487, 39.170801502060186 ], [ 74.79054968443377, 39.175133131677299 ], [ 74.791827089090987, 39.176127350979726 ], [ 74.793575192883822, 39.177017052200249 ], [ 74.795594629832294, 39.177958973846835 ], [ 74.797813945975903, 39.179005524517684 ], [ 74.800033896462651, 39.180261578099426 ], [ 74.801715207546891, 39.18146551461065 ], [ 74.803059380293107, 39.18287916884865 ], [ 74.803729687886459, 39.183978890583738 ], [ 74.804536780218399, 39.185550004565762 ], [ 74.805207609830006, 39.186911648719708 ], [ 74.805473047255077, 39.187906829719488 ], [ 74.805473158337776, 39.188350000641378 ], [ 74.805772463521905, 39.18839808998414 ], [ 74.806081379005875, 39.188574543989667 ], [ 74.808075992738026, 39.190749214245244 ], [ 74.808665925004064, 39.191320654463446 ], [ 74.80900301968903, 39.191628448435061 ], [ 74.809227701276853, 39.191760748545732 ], [ 74.809508476943819, 39.191805848050315 ], [ 74.809873592938558, 39.192026301077249 ], [ 74.810182697655833, 39.192443295331628 ], [ 74.810575937827196, 39.192729486608023 ], [ 74.811613027193474, 39.19329872624531 ], [ 74.811837195257596, 39.193429923826898 ], [ 74.812089583960727, 39.193517881974287 ], [ 74.812482021845071, 39.193488422200822 ], [ 74.815409840771224, 39.184320727224843 ], [ 74.815847020270738, 39.183246181248762 ], [ 74.816346216179525, 39.182465382830344 ], [ 74.816782956102472, 39.18183110039152 ], [ 74.817282085986804, 39.181099214084881 ], [ 74.81796821044081, 39.180270197014956 ], [ 74.818778789302712, 39.179588402458009 ], [ 74.819339921967256, 39.179150253006789 ], [ 74.820089223680043, 39.178565826779725 ], [ 74.820965786804933, 39.17803024876082 ], [ 74.823032321902261, 39.176666392604645 ], [ 74.824283172567121, 39.176229901765922 ], [ 74.825095855879866, 39.176036733027416 ], [ 74.826345903095373, 39.175796015306844 ], [ 74.828284090051682, 39.175263796625153 ], [ 74.83259613871536, 39.174053182320428 ], [ 74.833220901968645, 39.173859202554176 ], [ 74.834033193963066, 39.173518840739483 ], [ 74.834845478139897, 39.173178473225853 ], [ 74.835783161585766, 39.172789461627254 ], [ 74.83890860462347, 39.171232949625377 ], [ 74.839469745562425, 39.170892747209088 ], [ 74.84028025741074, 39.170406780798174 ], [ 74.841652696399493, 39.169237627009096 ], [ 74.842526125351412, 39.168457978789519 ], [ 74.843336937463974, 39.167825005177775 ], [ 74.846222368384488, 39.166338097088897 ], [ 74.847575280656812, 39.165640873687835 ], [ 74.848946228197818, 39.165009686358339 ], [ 74.85860181229792, 39.161206525112497 ], [ 74.859349294218418, 39.160913954675728 ], [ 74.859972287985556, 39.160621024999891 ], [ 74.861155955206101, 39.160133202867563 ], [ 74.862341749712897, 39.159645200035449 ], [ 74.863215541723008, 39.159254589536268 ], [ 74.864525931689343, 39.158816145121918 ], [ 74.865711957512886, 39.158181065450918 ], [ 74.866256047634835, 39.157868710939788 ], [ 74.869169709634747, 39.155798195411926 ], [ 74.867550627244199, 39.155128225840734 ], [ 74.865960801676152, 39.154507045228158 ], [ 74.865058543316209, 39.153965182927642 ], [ 74.865012164420705, 39.153940614564327 ], [ 74.864341614242605, 39.153378923318009 ], [ 74.863516612544302, 39.152455827693593 ], [ 74.862743259103723, 39.151532669836293 ], [ 74.862072848798419, 39.150890615361 ], [ 74.860576637856795, 39.150048579208324 ], [ 74.85866743931372, 39.14920696495038 ], [ 74.856551622128094, 39.148486058835523 ], [ 74.855003743610609, 39.147764529617696 ], [ 74.848503583898719, 39.144316065833877 ], [ 74.848400727348775, 39.144034945036623 ], [ 74.848453135264137, 39.143472453548831 ], [ 74.848815336286052, 39.142869482030186 ], [ 74.84953872692634, 39.142386679573825 ], [ 74.850468429755551, 39.142024187675801 ], [ 74.851604396713455, 39.141822180990879 ], [ 74.85377253931965, 39.141819985172603 ], [ 74.855630686935925, 39.142018941425832 ], [ 74.857333825948189, 39.142338557340452 ], [ 74.858882108164181, 39.14265831226195 ], [ 74.860275537256086, 39.142978212364397 ], [ 74.861307757796482, 39.143177967617746 ], [ 74.862804455673839, 39.143497726115669 ], [ 74.864042950538575, 39.143898100198854 ], [ 74.865177980886273, 39.144499451222913 ], [ 74.866674176403393, 39.145301253948141 ], [ 74.872245637800717, 39.149111375834316 ], [ 74.872817019388492, 39.149565368337122 ], [ 74.873495412458112, 39.150036993962857 ], [ 74.875682223718442, 39.152052303203746 ], [ 74.87941163773155, 39.150101266394159 ], [ 74.879705102105902, 39.149981556745431 ], [ 74.885057124390727, 39.147570611247112 ], [ 74.886734977647933, 39.146942837204989 ], [ 74.888226333439775, 39.146411813266596 ], [ 74.896945913622176, 39.142972152308154 ], [ 74.897496586857315, 39.142728636697356 ], [ 74.897497586857313, 39.142728636697356 ], [ 74.895919299530448, 39.140328102708096 ], [ 74.895279902874634, 39.139611788087244 ] ], [ [ 74.86668329218881, 39.13581381883899 ], [ 74.866575957441938, 39.136103726903791 ], [ 74.866291305739324, 39.137059034206089 ], [ 74.86602924361992, 39.137570347911982 ], [ 74.865832869214358, 39.137859891649455 ], [ 74.865614799489165, 39.138115184246494 ], [ 74.86539582286369, 39.138319235813597 ], [ 74.865113571584729, 39.138523015534773 ], [ 74.864852110151816, 39.138709804892024 ], [ 74.864525466299966, 39.138844934921018 ], [ 74.864329473306071, 39.138929182635458 ], [ 74.86404541148211, 39.139030079962311 ], [ 74.863761384535565, 39.139113961707174 ], [ 74.863479449704244, 39.139146804827838 ], [ 74.86326286020244, 39.139145894485864 ], [ 74.862871199117194, 39.139144254396349 ], [ 74.862610157868843, 39.139109135738614 ], [ 74.862477601356304, 39.139108587703376 ], [ 74.862175042584738, 39.139073286112406 ], [ 74.861585948476446, 39.138866663793678 ], [ 74.861281720377107, 39.138660663729297 ], [ 74.861066502758149, 39.138488969871126 ], [ 74.860847437180581, 39.138283171604193 ], [ 74.860261854430249, 39.137478148266801 ], [ 74.85939794508262, 39.135476421572747 ], [ 74.859223026392314, 39.13494626806802 ], [ 74.859182245717548, 39.134587416326141 ], [ 74.859226108899591, 39.134399703659952 ], [ 74.859269900960001, 39.13424615138576 ], [ 74.85950754112632, 39.134025034479812 ], [ 74.859771089144289, 39.133718598467183 ], [ 74.861949505383038, 39.131950934551647 ], [ 74.862625119792924, 39.131355968376411 ], [ 74.86329975585447, 39.130743915729973 ], [ 74.863713913960638, 39.130335726431767 ], [ 74.864061828881518, 39.129910183389704 ], [ 74.864369165014452, 39.129518616242542 ], [ 74.864499218823951, 39.129245880736775 ], [ 74.864891092040452, 39.128581395332425 ], [ 74.865264587087196, 39.127711855271805 ], [ 74.865439437273622, 39.127285579651925 ], [ 74.865570937334013, 39.126773721781085 ], [ 74.865833219111622, 39.125066798096533 ], [ 74.86587930559736, 39.124759538924714 ], [ 74.865965839110231, 39.124486413680266 ], [ 74.866130059810047, 39.12395393067218 ], [ 74.866419420790933, 39.123634525835413 ], [ 74.866768730620578, 39.123315188753004 ], [ 74.867347184833861, 39.122813406625831 ], [ 74.867987493322417, 39.122357365880212 ], [ 74.870335584170675, 39.121218093394468 ], [ 74.871117363781835, 39.120967742683376 ], [ 74.87152509369534, 39.120922516243965 ], [ 74.872233897384007, 39.120919292560259 ], [ 74.872507503532503, 39.120952779894971 ], [ 74.87290723721712, 39.121085963006514 ], [ 74.87411162674492, 39.121505419493495 ], [ 74.87439773655322, 39.121611925406746 ], [ 74.87473320912369, 39.1218114051211 ], [ 74.875069610363937, 39.122050707763563 ], [ 74.875373335088142, 39.122289971176414 ], [ 74.876011777394154, 39.123166763712199 ], [ 74.876279479559599, 39.123605103890824 ], [ 74.876380929057518, 39.123950344773775 ], [ 74.876481243331156, 39.124375228835547 ], [ 74.876547760063261, 39.12486645026398 ], [ 74.876629899256287, 39.126061226703449 ], [ 74.876611817004573, 39.126778020684654 ], [ 74.876541528208676, 39.127308920838175 ], [ 74.87642305548421, 39.127640652502549 ], [ 74.876306720954545, 39.127892738542535 ], [ 74.876120967230065, 39.128171299864029 ], [ 74.875850835908608, 39.128542691309164 ], [ 74.875647331091784, 39.128768137673966 ], [ 74.875344720653942, 39.129020022637619 ], [ 74.874903989395094, 39.129484149415156 ], [ 74.874669837810131, 39.1296830086414 ], [ 74.874499152626541, 39.129828843719146 ], [ 74.874247178227421, 39.130014409322719 ], [ 74.873083755945004, 39.130714290420819 ], [ 74.871717725654648, 39.131673942030517 ], [ 74.87144887153373, 39.1318711745039 ], [ 74.871077053885941, 39.132015097091426 ], [ 74.870705234731034, 39.132159018493219 ], [ 74.870487149024356, 39.13222422745703 ], [ 74.870218483543482, 39.1323156722666 ], [ 74.870047903495234, 39.132394312595473 ], [ 74.869811901691875, 39.132499120418899 ], [ 74.869577871907822, 39.13261715057422 ], [ 74.869409220054521, 39.132735458420377 ], [ 74.868985543972201, 39.133051061167386 ], [ 74.867769148869002, 39.13427425733822 ], [ 74.866838077377622, 39.135558251405399 ], [ 74.86668329218881, 39.13581381883899 ] ], [ [ 74.833967787559516, 39.13733037758697 ], [ 74.833206988097771, 39.13737395672797 ], [ 74.832175319398814, 39.136911111324643 ], [ 74.830872321316434, 39.136237525362539 ], [ 74.829732152078122, 39.135690365119046 ], [ 74.828265411406107, 39.135481683176543 ], [ 74.826145923784793, 39.135696494985773 ], [ 74.824733019280814, 39.135783362940423 ], [ 74.823972377746585, 39.135742397365746 ], [ 74.823374966567968, 39.135574433812884 ], [ 74.822778005613884, 39.13515302052285 ], [ 74.822616037052413, 39.13456191937243 ], [ 74.822834713600685, 39.13380121841417 ], [ 74.823433585070276, 39.133124366708529 ], [ 74.824358666013083, 39.132320240860516 ], [ 74.82544644043567, 39.131684796125619 ], [ 74.826860262083471, 39.131006545414841 ], [ 74.828219656753447, 39.130370613044008 ], [ 74.829523852213541, 39.130241650370436 ], [ 74.831371159995399, 39.130238453302496 ], [ 74.834142256104101, 39.130149119337212 ], [ 74.836750613010281, 39.129891046782284 ], [ 74.838163901568137, 39.129466105564006 ], [ 74.839685965963838, 39.128956469724685 ], [ 74.841533868821898, 39.12853069957422 ], [ 74.843816089964719, 39.128315303233293 ], [ 74.846206900695449, 39.128141903390613 ], [ 74.850010125089568, 39.12809250172198 ], [ 74.853161205600728, 39.128172324371974 ], [ 74.853813121226381, 39.128213949490565 ], [ 74.854301711928102, 39.128509481224476 ], [ 74.854627311714665, 39.128805181551769 ], [ 74.855115471149517, 39.129439033654094 ], [ 74.855494809215614, 39.130199870079736 ], [ 74.85576510947682, 39.131256852563389 ], [ 74.855655459911489, 39.132018194565262 ], [ 74.855274081524655, 39.132822110485222 ], [ 74.854838745191358, 39.133330045028082 ], [ 74.854077725154426, 39.133584571250822 ], [ 74.853317144217101, 39.133500768962051 ], [ 74.852177128308867, 39.132740695374622 ], [ 74.850982689131783, 39.132065246449152 ], [ 74.84967920070855, 39.131685926861103 ], [ 74.848157563876697, 39.131898873136862 ], [ 74.846418281831774, 39.132323461254934 ], [ 74.844407121309203, 39.13287623218438 ], [ 74.842612893292241, 39.133682116697472 ], [ 74.841742650487305, 39.134275083363278 ], [ 74.841198661038007, 39.134698485341723 ], [ 74.840220422537868, 39.134826987660617 ], [ 74.839133763789761, 39.134786714024223 ], [ 74.838155390591268, 39.134999681292001 ], [ 74.837068206102472, 39.135297315287396 ], [ 74.836361106536486, 39.135763226757334 ], [ 74.835599392564276, 39.136398195167388 ], [ 74.834892068881373, 39.136990819839561 ], [ 74.834511370976287, 39.137202696420054 ], [ 74.833967787559516, 39.13733037758697 ] ], [ [ 74.930381158376235, 39.125052738136716 ], [ 74.930281443219059, 39.1253569857844 ], [ 74.930037302555959, 39.125471143434581 ], [ 74.928330462402968, 39.12562376707799 ], [ 74.926669438685963, 39.125776353598503 ], [ 74.925595330105011, 39.125776650268712 ], [ 74.924375888158764, 39.125358675881891 ], [ 74.923106739818778, 39.12463648562656 ], [ 74.922179407826974, 39.123800118397043 ], [ 74.921252170687779, 39.122773608690466 ], [ 74.920422582775501, 39.121785095080412 ], [ 74.91949536588838, 39.120834625123393 ], [ 74.918568203646032, 39.119808093624023 ], [ 74.917787525126911, 39.118781522865014 ], [ 74.917103487169612, 39.117792955397306 ], [ 74.916469168129495, 39.117070565236887 ], [ 74.915494199431535, 39.116234151729152 ], [ 74.914811043464681, 39.115625843154824 ], [ 74.91476141848166, 39.115207552761873 ], [ 74.915053414937589, 39.114979338543343 ], [ 74.915494772520702, 39.114941229961616 ], [ 74.916029694366784, 39.11505521045865 ], [ 74.917005913095764, 39.115283184645008 ], [ 74.91832581626656, 39.115587133893548 ], [ 74.9195938422762, 39.116081214842715 ], [ 74.920569956818156, 39.116651402557359 ], [ 74.921497216071117, 39.117373702384199 ], [ 74.922376688608239, 39.118057978020836 ], [ 74.923155490700665, 39.11889438309727 ], [ 74.923889494541541, 39.119730793765427 ], [ 74.924816779104574, 39.120605174960708 ], [ 74.925693323861111, 39.121289427531998 ], [ 74.926427470532261, 39.121821603639759 ], [ 74.927208467192642, 39.122277708802798 ], [ 74.929551392081379, 39.124178370732402 ], [ 74.929939856798327, 39.124634576534362 ], [ 74.930381158376235, 39.125052738136716 ] ] ] ] } },
{ "type": "Feature", "properties": { "ID": 700, "周长": 0.45266732038219587, "面积": 0.0043216352799661517, "FEATUREID": "OFBB004C1AJ430010020000023", "CHFCAC": "000023", "YSX": "1300", "QDIAA": "410301>410206", "GCJFLP": "灰色二云石英片岩、黑云绢云石英片岩、黑云变粒岩、石榴绢云石英片岩、大理岩", "QDUECD": "赛图拉岩群", "QDUECC": "→ChSt.", "GZEKG": "222100       ", "MDLHL": 0.0, "KWBED": "2517-1594-3124", "YSC": "3607", "YSD": "3207", "YSADAB": "", "QDIAB": "111000-251100", "YSWA": "07", "YSVA": "003", "QDIBE": "西昆仑变质带", "YSVAD": "", "DDCDS": "1220", "QDIMD": "", "fill_color": -3584, "pattern": 755, "pattern_color": 18432, "_src_file": "LDZOFBB004.WP", "_src_id": 22 }, "geometry": { "type": "MultiPolygon", "coordinates": [ [ [ [ 73.865277641531677, 39.176131561892532 ], [ 73.867752296674993, 39.175496504501481 ], [ 73.875373544324404, 39.17283927372187 ], [ 73.881747404447708, 39.170121523303948 ], [ 73.888422770622114, 39.168151558005327 ], [ 73.89452705351458, 39.165715146285109 ], [ 73.899849980456509, 39.16313904271594 ], [ 73.905152480040528, 39.16059807658435 ], [ 73.905152480040528, 39.16059807658435 ], [ 73.905509423613822, 39.160751716609035 ], [ 73.906121635304373, 39.160865371486004 ], [ 73.906699739956139, 39.160845677097953 ], [ 73.907248143752597, 39.160798985019916 ], [ 73.908137933388275, 39.160596809344376 ], [ 73.909131210311216, 39.160316077255878 ], [ 73.910124878212059, 39.160008749343717 ], [ 73.911945439903718, 39.159072982718811 ], [ 73.914255380282995, 39.158064516943234 ], [ 73.915845373835523, 39.15726001675754 ], [ 73.917229852441849, 39.156373155024227 ], [ 73.918715638539737, 39.155566571305691 ], [ 73.919586202077966, 39.154911739352471 ], [ 73.920483769633876, 39.154523361223021 ], [ 73.921069940721821, 39.154290907640323 ], [ 73.921621653401203, 39.154191061976007 ], [ 73.921929460684254, 39.154194759119648 ], [ 73.922204243413859, 39.154304466028812 ], [ 73.922543939908607, 39.154521411728474 ], [ 73.923017028885653, 39.154979442035589 ], [ 73.923489409718684, 39.155357655294019 ], [ 73.92446308657793, 39.156699794394925 ], [ 73.924903889685822, 39.157157408229629 ], [ 73.925581322971126, 39.157591283271316 ], [ 73.926059153285436, 39.157756648007677 ], [ 73.926537837922154, 39.157868800634105 ], [ 73.927223266322386, 39.157930197420683 ], [ 73.927979322402777, 39.157992408436357 ], [ 73.928802009293207, 39.158055432378148 ], [ 73.929585400235297, 39.158304276477814 ], [ 73.930369095589953, 39.158659533549404 ], [ 73.932685059139601, 39.159778079499944 ], [ 73.933437319341536, 39.16007969940901 ], [ 73.933911790545736, 39.160457873418224 ], [ 73.934213115281196, 39.160807402907182 ], [ 73.934279076906307, 39.161100871682748 ], [ 73.934171889016824, 39.161365699980294 ], [ 73.93392913042679, 39.161522478119423 ], [ 73.933307471454, 39.161701379261537 ], [ 73.932685961866611, 39.16193348729805 ], [ 73.932442499726207, 39.162196682715106 ], [ 73.932265091978294, 39.162434088257321 ], [ 73.93229530875071, 39.162753756318267 ], [ 73.932429748922118, 39.162994831475409 ], [ 73.932701157009404, 39.163131117196777 ], [ 73.933043200698464, 39.16326821765302 ], [ 73.933761729285266, 39.163409800850509 ], [ 73.934517124132583, 39.163392155034956 ], [ 73.937225322766565, 39.163343206900855 ], [ 73.93804621309755, 39.163405588761634 ], [ 73.938662515621019, 39.163412464757577 ], [ 73.93907464872089, 39.16333723067536 ], [ 73.940341758493503, 39.163271534160707 ], [ 73.941232127700417, 39.163334655898097 ], [ 73.942289430901383, 39.163479491791847 ], [ 73.943277734410017, 39.163783186468414 ], [ 73.944265207704802, 39.164140083296296 ], [ 73.945016272441819, 39.164414495612327 ], [ 73.945386186212474, 39.164844356221167 ], [ 73.945515006620269, 39.165298161310538 ], [ 73.945437704275363, 39.16585610914062 ], [ 73.945226118002694, 39.166306114844843 ], [ 73.94466534278726, 39.166991763754297 ], [ 73.944075836481446, 39.167517400754207 ], [ 73.943557329650247, 39.167884166277553 ], [ 73.94293593267254, 39.168196575497532 ], [ 73.942479950975226, 39.168750330858146 ], [ 73.942202116958327, 39.16911975602649 ], [ 73.942053035618713, 39.169756752732305 ], [ 73.942045763848611, 39.170209996482683 ], [ 73.942177062777489, 39.170668238308025 ], [ 73.942373301826791, 39.171100379664189 ], [ 73.942609040335753, 39.17139857302579 ], [ 73.94287982894383, 39.171589682044342 ], [ 73.943393571611367, 39.171649133709813 ], [ 73.944111673896572, 39.171657138525347 ], [ 73.944831227194086, 39.171638270546858 ], [ 73.945619615977165, 39.17153956362371 ], [ 73.94641169750949, 39.171279656786716 ], [ 73.947134596127967, 39.171180178398487 ], [ 73.947785657077944, 39.171160533626896 ], [ 73.948639483441283, 39.171304357204527 ], [ 73.949664081575563, 39.171476937762122 ], [ 73.950445188313964, 39.171754319739328 ], [ 73.951227514001815, 39.17213915672226 ], [ 73.951802596280103, 39.172629181766396 ], [ 73.952205913205873, 39.173090444771169 ], [ 73.953345966175746, 39.174500332541861 ], [ 73.953783208595965, 39.175042563916364 ], [ 73.954113385893365, 39.175664258461275 ], [ 73.954760556372293, 39.178062872199362 ], [ 73.954976180171911, 39.179516268600601 ], [ 73.955197948177201, 39.180539810211997 ], [ 73.955652538305074, 39.182103312309572 ], [ 73.956482440826321, 39.183697832630813 ], [ 73.95683945813029, 39.184830343910313 ], [ 73.956934293024389, 39.185368791913277 ], [ 73.95689102165197, 39.185851997292339 ], [ 73.956643585771204, 39.186252342941515 ], [ 73.956055668143748, 39.18664886094431 ], [ 73.954984711670804, 39.187281042574092 ], [ 73.954399424425858, 39.187408592764797 ], [ 73.953747840157845, 39.187401101684515 ], [ 73.953269772273302, 39.187315033014947 ], [ 73.952694925126977, 39.186986130697875 ], [ 73.952050913889892, 39.186575889431893 ], [ 73.950265297502341, 39.184648639405289 ], [ 73.94851581691124, 39.182856004895434 ], [ 73.947367280748395, 39.181768562894675 ], [ 73.947027094499958, 39.181630354607385 ], [ 73.946615911911707, 39.181706147113673 ], [ 73.94633992202256, 39.181890920639077 ], [ 73.94623180444492, 39.182158225486646 ], [ 73.946155524630512, 39.182694422712949 ], [ 73.946147160143084, 39.183204562215337 ], [ 73.946375590271614, 39.183771175864038 ], [ 73.946645785160655, 39.184123390048491 ], [ 73.947689826241813, 39.18507540268503 ], [ 73.947958275116804, 39.185535013280052 ], [ 73.947882758821493, 39.185963812102969 ], [ 73.947633159791224, 39.186444328502716 ], [ 73.947525843529121, 39.186845881778908 ], [ 73.947481485585499, 39.187463023282021 ], [ 73.947543811196766, 39.187839707215609 ], [ 73.947745742952293, 39.188056879451999 ], [ 73.948049701292135, 39.188194580701769 ], [ 73.94856248547741, 39.188360441523471 ], [ 73.949139755328758, 39.188527091244353 ], [ 73.949719555975278, 39.188720392318395 ], [ 73.950437270632435, 39.188861958387207 ], [ 73.951186815730964, 39.189083881050287 ], [ 73.952237466290711, 39.189709174435571 ], [ 73.952644129010139, 39.189953799634388 ], [ 73.953085867388481, 39.19003888691519 ], [ 73.953396993190964, 39.189989122007646 ], [ 73.95394911106456, 39.189755523520809 ], [ 73.954397561201802, 39.189574052265876 ], [ 73.95473998313993, 39.189577987336477 ], [ 73.95521702132622, 39.189716770007308 ], [ 73.955656524740007, 39.19004174694112 ], [ 73.955753018464634, 39.190282823893128 ], [ 73.955681829716511, 39.190548590329925 ], [ 73.955195253876894, 39.190836293028966 ], [ 73.95471161443264, 39.19107068292174 ], [ 73.95439883262523, 39.191440315478367 ], [ 73.95428709610556, 39.191892276558299 ], [ 73.95438375998522, 39.192293284380376 ], [ 73.954619170135132, 39.192482627545559 ], [ 73.955233732338982, 39.192649638090671 ], [ 73.956885243536021, 39.192872993706743 ], [ 73.958161055780607, 39.193029814258097 ], [ 73.959205117939121, 39.193184066572002 ], [ 73.959748028320121, 39.193368075897922 ], [ 73.960199310274206, 39.193586570101886 ], [ 73.960693597299425, 39.193947749975052 ], [ 73.961139140773142, 39.194379483802933 ], [ 73.96122140604129, 39.194878099188941 ], [ 73.961031274257209, 39.195338025620465 ], [ 73.960751752826326, 39.195761360623329 ], [ 73.96006356195474, 39.196073348701383 ], [ 73.959195593908845, 39.196312148204967 ], [ 73.958284247316669, 39.196372714748762 ], [ 73.956699042912533, 39.19632394921981 ], [ 73.955197319852346, 39.196212323823907 ], [ 73.954109157298859, 39.195973302638983 ], [ 73.953653780914564, 39.195779269748506 ], [ 73.95302734392456, 39.195432290342858 ], [ 73.952261427805809, 39.19497039191004 ], [ 73.950483827071835, 39.194006039116488 ], [ 73.948871992911492, 39.193156859250657 ], [ 73.948077868121189, 39.192864519091238 ], [ 73.947501306852885, 39.192555819037466 ], [ 73.946591672724324, 39.19188459102444 ], [ 73.946039373312487, 39.191576166169583 ], [ 73.945315003002861, 39.191397888053288 ], [ 73.944295988535785, 39.191367228796125 ], [ 73.94311058542732, 39.191315717633877 ], [ 73.942117842845661, 39.191172077848329 ], [ 73.941441302015363, 39.191032086621583 ], [ 73.940743217925984, 39.190740821403786 ], [ 73.940093304646794, 39.190412368167188 ], [ 73.939185444087457, 39.189703336772084 ], [ 73.938177268990373, 39.189068666940976 ], [ 73.937698414184268, 39.188836541753702 ], [ 73.937287592997038, 39.188756249239241 ], [ 73.936993631465299, 39.18880948533802 ], [ 73.936893930805738, 39.189015965899223 ], [ 73.936986840617323, 39.189300200398428 ], [ 73.937383608744383, 39.190078752045551 ], [ 73.937357456376432, 39.190342582358959 ], [ 73.937234238789912, 39.190492059721777 ], [ 73.936939965210513, 39.190620638475949 ], [ 73.936649687683854, 39.190749216452929 ], [ 73.936451610736256, 39.190916685912612 ], [ 73.936354013339297, 39.191104182505761 ], [ 73.936399130607128, 39.191255688942562 ], [ 73.936587984407566, 39.19150326541434 ], [ 73.936900228989614, 39.191790023993725 ], [ 73.937380100595547, 39.192059945786148 ], [ 73.937764339683127, 39.192253242711168 ], [ 73.938193705703, 39.192598046426376 ], [ 73.938501267083183, 39.192997994163285 ], [ 73.938833457110235, 39.193435963107426 ], [ 73.939071730654263, 39.193816176314428 ], [ 73.939307442291053, 39.194234118662806 ], [ 73.939493618248235, 39.194594883829382 ], [ 73.939585180689832, 39.195011089872096 ], [ 73.939599643413615, 39.195728278348852 ], [ 73.93966599056867, 39.196012131654243 ], [ 73.939881904058851, 39.19620339620279 ], [ 73.940121707585504, 39.196281754733988 ], [ 73.940366203443517, 39.196246917191282 ], [ 73.940609262835707, 39.196174349527226 ], [ 73.940953608333729, 39.195801085414054 ], [ 73.941472651727665, 39.19507139370377 ], [ 73.94193822768878, 39.194680707400543 ], [ 73.942329253606175, 39.194421211382533 ], [ 73.942693238171657, 39.194218023602069 ], [ 73.943253765558708, 39.194054651712399 ], [ 73.94364305886937, 39.194040271776082 ], [ 73.944103758936095, 39.194045607850079 ], [ 73.94436980782082, 39.194086444904826 ], [ 73.944729156963263, 39.194279392111994 ], [ 73.945089164992794, 39.194547831613953 ], [ 73.945517229810974, 39.194968104379448 ], [ 73.946020371610587, 39.19542696282813 ], [ 73.94822570382405, 39.196830517312861 ], [ 73.948897285315709, 39.197253574834214 ], [ 73.949811358322634, 39.197736047326359 ], [ 73.950339477357687, 39.19798755547815 ], [ 73.950579620638095, 39.198179088501483 ], [ 73.950767592915028, 39.198464429498223 ], [ 73.950881480139486, 39.198824428417424 ], [ 73.951156075174353, 39.199865833683752 ], [ 73.951555949491137, 39.20045566818802 ], [ 73.951915347424418, 39.200705216017184 ], [ 73.95235083530244, 39.200880103690587 ], [ 73.952979324329505, 39.201000599769074 ], [ 73.953655981850204, 39.201140525339106 ], [ 73.954499389875153, 39.201452261111505 ], [ 73.956013811262608, 39.202168134836896 ], [ 73.956735323948479, 39.202516210775983 ], [ 73.957382429319338, 39.203014438258869 ], [ 73.95778503740793, 39.203509882674005 ], [ 73.958043202794173, 39.203984788221291 ], [ 73.958231561997124, 39.204326749746848 ], [ 73.958469920232886, 39.204518282059141 ], [ 73.95870994247494, 39.204615442391656 ], [ 73.959047632284566, 39.204657100337492 ], [ 73.959189980930248, 39.204753143591425 ], [ 73.959427679164151, 39.204982418542379 ], [ 73.959640882726958, 39.20528691226486 ], [ 73.959923265309811, 39.205667733502565 ], [ 73.960328826380717, 39.206031078983727 ], [ 73.960877510658435, 39.206472558520296 ], [ 73.961955530745172, 39.206997740044656 ], [ 73.962486444553207, 39.207193737614411 ], [ 73.962965867005693, 39.207332217049739 ], [ 73.96349915566347, 39.207300377094306 ], [ 73.963961337905715, 39.207172766133731 ], [ 73.964663333399713, 39.206971995298744 ], [ 73.96531954759115, 39.206732691777184 ], [ 73.965953867207531, 39.206474118164806 ], [ 73.967415887203074, 39.205735111865209 ], [ 73.968169726116642, 39.20542285634469 ], [ 73.968804724471894, 39.205165829065031 ], [ 73.969313239380483, 39.205058406173286 ], [ 73.96996577834301, 39.205009264299655 ], [ 73.970497498223708, 39.205071976475992 ], [ 73.970977920504311, 39.205303996741215 ], [ 73.97126133833828, 39.205571550333552 ], [ 73.971447450760408, 39.205988987589244 ], [ 73.971627607860725, 39.206881091859138 ], [ 73.971718603259461, 39.207337866961112 ], [ 73.972028350933684, 39.207645246098622 ], [ 73.972483675677807, 39.207916311193578 ], [ 73.972959228593567, 39.208320556297721 ], [ 73.973100682264402, 39.208701938803742 ], [ 73.973045224669889, 39.209119080822454 ], [ 73.972773509503398, 39.209514746254982 ], [ 73.972453007824953, 39.209871885481647 ], [ 73.972230513489649, 39.210344045772587 ], [ 73.972125872738488, 39.2108175917867 ], [ 73.971923760192524, 39.211479892650843 ], [ 73.971697420349585, 39.212009011145412 ], [ 73.971253537292824, 39.212535636178835 ], [ 73.970711059668801, 39.213326956937621 ], [ 73.970123015407381, 39.213927858857161 ], [ 73.969413378596826, 39.214508384386789 ], [ 73.967871774750563, 39.215251635340636 ], [ 73.967016572683377, 39.215527875428116 ], [ 73.966427770189483, 39.215749884501761 ], [ 73.965864053578528, 39.216029172674396 ], [ 73.965077899829069, 39.216439230996727 ], [ 73.964461785461509, 39.216756024236076 ], [ 73.963705923319509, 39.216976230510397 ], [ 73.963121116622645, 39.217008123590112 ], [ 73.962807331130151, 39.21690975486576 ], [ 73.962519847509739, 39.216716591620106 ], [ 73.96211312199857, 39.216370070952273 ], [ 73.96116598732587, 39.215200247767442 ], [ 73.960458159157469, 39.214299113933514 ], [ 73.960077152655529, 39.213933833560944 ], [ 73.959619652179612, 39.213738870481194 ], [ 73.959161157123418, 39.213543907909383 ], [ 73.958707078867974, 39.213234882940604 ], [ 73.958374666759227, 39.212870110197457 ], [ 73.958116334615525, 39.212449075094568 ], [ 73.957829538926489, 39.21217984703847 ], [ 73.95749317833284, 39.212061777753689 ], [ 73.957057010626414, 39.212037612192638 ], [ 73.956595632273562, 39.212108204440156 ], [ 73.956158437188236, 39.212274129703708 ], [ 73.955813628908857, 39.212460210267317 ], [ 73.955151383272536, 39.212965723460186 ], [ 73.954533124219566, 39.213490814523944 ], [ 73.951517442533941, 39.215394436572211 ], [ 73.950682529397525, 39.215954937602412 ], [ 73.95014447343155, 39.216214736233475 ], [ 73.94943458739877, 39.216586571676125 ], [ 73.948965096709514, 39.216942276761237 ], [ 73.948425505791491, 39.217430904355197 ], [ 73.947961464081274, 39.217654412168137 ], [ 73.947574683562522, 39.217726396427629 ], [ 73.947163928742555, 39.217626776279666 ], [ 73.946757936212109, 39.217431964911448 ], [ 73.946229559259677, 39.217216808504212 ], [ 73.945845309951565, 39.21709840751943 ], [ 73.94550817760279, 39.217151867780487 ], [ 73.945360467495121, 39.217302606096858 ], [ 73.945352346650452, 39.2177404820089 ], [ 73.945668890423093, 39.218905455730614 ], [ 73.945895198767573, 39.219726701615897 ], [ 73.945885023731861, 39.220221692168479 ], [ 73.945661268315547, 39.220619140786027 ], [ 73.945144953976751, 39.221108650149517 ], [ 73.944581161831564, 39.22144532732991 ], [ 73.944069428124038, 39.22168733549632 ], [ 73.94355969093354, 39.221929341356351 ], [ 73.943141075034362, 39.222305659346006 ], [ 73.942799793866584, 39.22247333834914 ], [ 73.942364682494684, 39.222544783059291 ], [ 73.941906190022166, 39.222520772172885 ], [ 73.941545359801225, 39.222440693863938 ], [ 73.94106590857966, 39.222245075880217 ], [ 73.940585748714881, 39.222087530827331 ], [ 73.939958923898715, 39.222023602541697 ], [ 73.939353408882113, 39.222112237588121 ], [ 73.938337705608561, 39.222177370220386 ], [ 73.937712302335328, 39.222037277878314 ], [ 73.93740084228557, 39.221900598311137 ], [ 73.937137751995735, 39.221707327478249 ], [ 73.936761666676475, 39.22115102214461 ], [ 73.936315984798668, 39.220441621811787 ], [ 73.93586717888347, 39.219846448871202 ], [ 73.93549140214391, 39.219328214387772 ], [ 73.935089415498084, 39.218866831937305 ], [ 73.933351495929273, 39.217135366795631 ], [ 73.932996632140032, 39.216750994320243 ], [ 73.932615645099929, 39.216252151420555 ], [ 73.932237234785987, 39.215829461454447 ], [ 73.931925058201074, 39.21559787045318 ], [ 73.931587902888936, 39.215404115115007 ], [ 73.931182740462432, 39.215114445332112 ], [ 73.930845303095182, 39.214882610825356 ], [ 73.930531635745538, 39.21478428478148 ], [ 73.930289262676553, 39.21481994677616 ], [ 73.930117254946737, 39.214932485034389 ], [ 73.930039882703866, 39.215122140817265 ], [ 73.930011538796919, 39.215445546901861 ], [ 73.929980480546959, 39.215807027755559 ], [ 73.930045918448769, 39.21609332270279 ], [ 73.930781232990427, 39.217109820135661 ], [ 73.931300813341778, 39.2178766476936 ], [ 73.931653388325557, 39.218489480769676 ], [ 73.931671229474972, 39.218832408023502 ], [ 73.931541678584367, 39.21926907635212 ], [ 73.931195575672916, 39.219551270337099 ], [ 73.930755904604936, 39.219699231725194 ], [ 73.930295107419937, 39.219732721727858 ], [ 73.929905898191521, 39.219671743615898 ], [ 73.929547104672551, 39.219496778747406 ], [ 73.928637114139207, 39.218840304621025 ], [ 73.92801476094796, 39.218377105016131 ], [ 73.927269004825817, 39.217969806819106 ], [ 73.926519286283423, 39.217828838350854 ], [ 73.926081274318449, 39.217842821685082 ], [ 73.925814671857083, 39.217934760173961 ], [ 73.92566455854778, 39.218180098273223 ], [ 73.925754231493244, 39.218580236622628 ], [ 73.926035873982187, 39.219096609681102 ], [ 73.926409754826111, 39.219766103904604 ], [ 73.926906842252649, 39.220550997663885 ], [ 73.927090059453832, 39.221142259116654 ], [ 73.927032781037681, 39.221616725645887 ], [ 73.926853599233979, 39.222013796489762 ], [ 73.926581476692419, 39.222295745949118 ], [ 73.926165544740329, 39.222481017143103 ], [ 73.925413714977566, 39.222567376755826 ], [ 73.924539684138409, 39.222538330731375 ], [ 73.923644452258216, 39.22245199586024 ], [ 73.922843964989781, 39.222328769488129 ], [ 73.921706425994117, 39.222277624732456 ], [ 73.920591207864504, 39.222169748174402 ], [ 73.91947940481775, 39.221985855623288 ], [ 73.918391979849076, 39.221688228247473 ], [ 73.917311155213923, 39.221143577997289 ], [ 73.916496207522513, 39.220602008538357 ], [ 73.915971090583881, 39.220025800234424 ], [ 73.915569989332894, 39.219412995573599 ], [ 73.914908637926104, 39.218550083190756 ], [ 73.914549828482862, 39.218165846620003 ], [ 73.914095569786966, 39.217856489015965 ], [ 73.913613577670091, 39.21767985412972 ], [ 73.913156139363352, 39.217541500319932 ], [ 73.912669963753558, 39.217535868947451 ], [ 73.912377443616052, 39.217608494436199 ], [ 73.912205441764726, 39.217777530981827 ], [ 73.912101091849109, 39.218061417007057 ], [ 73.912071099436901, 39.218422152285378 ], [ 73.912089271267419, 39.218802452345884 ], [ 73.912103672821516, 39.2192777566828 ], [ 73.912212858703427, 39.219982199077535 ], [ 73.912273004966877, 39.22055307099356 ], [ 73.912215211217131, 39.221103534111144 ], [ 73.912040010167956, 39.221443579638397 ], [ 73.911742508417703, 39.221782214649174 ], [ 73.911347837558779, 39.222024722457334 ], [ 73.910909662653125, 39.222190778271774 ], [ 73.91032784660284, 39.222336179774594 ], [ 73.909455556140713, 39.222402210873163 ], [ 73.9087093025001, 39.222373766648779 ], [ 73.906627292639939, 39.222348100498387 ], [ 73.905439667015429, 39.222282474546425 ], [ 73.90463566998713, 39.222272268777601 ], [ 73.903991868038162, 39.222289369784335 ], [ 73.903413087831908, 39.222383087978422 ], [ 73.901806874074254, 39.222438451683956 ], [ 73.900811378699331, 39.222349963141546 ], [ 73.899371686904544, 39.221977786817718 ], [ 73.898571771721905, 39.221714864041708 ], [ 73.897937719236296, 39.221251843989428 ], [ 73.896893695105874, 39.220252864423884 ], [ 73.896581670486398, 39.219743406779308 ], [ 73.896301584445524, 39.219183821644918 ], [ 73.896019092475626, 39.218649505373172 ], [ 73.895706445427507, 39.218241114583179 ], [ 73.895259698801596, 39.217932150427728 ], [ 73.894717784065662, 39.21767248742465 ], [ 73.894016877617076, 39.217436035408063 ], [ 73.893149932828678, 39.217349127837977 ], [ 73.892027050232286, 39.217258921205143 ], [ 73.891130812979839, 39.217121050567712 ], [ 73.890587280029806, 39.21696243988896 ], [ 73.890173682510579, 39.216653870665368 ], [ 73.889857437285585, 39.216346535815362 ], [ 73.889607710713761, 39.21583788387214 ], [ 73.889461446090024, 39.215077790553636 ], [ 73.889535532756824, 39.214472191506339 ], [ 73.88976978783478, 39.213893919388084 ], [ 73.89006586014257, 39.213341742174734 ], [ 73.89042528423974, 39.212967258451286 ], [ 73.890813541948958, 39.212795330153163 ], [ 73.891201335061567, 39.212775006412507 ], [ 73.891808658964024, 39.212959703931546 ], [ 73.894331471072149, 39.213876574892446 ], [ 73.894969748397244, 39.214011132229501 ], [ 73.895325022606542, 39.214015651708635 ], [ 73.89574175633048, 39.213945186554447 ], [ 73.896261101102155, 39.213673811824073 ], [ 73.896685542234536, 39.213249596241134 ], [ 73.89695203444461, 39.212722255582641 ], [ 73.897089390105464, 39.212167464368029 ], [ 73.897195953825729, 39.211637098222113 ], [ 73.897333747990857, 39.211157720817667 ], [ 73.89753213492753, 39.210932166377383 ], [ 73.897825115821689, 39.210758337736713 ], [ 73.898148371718477, 39.210686113703723 ], [ 73.898791973298884, 39.210642894055816 ], [ 73.899467283785825, 39.210625349702696 ], [ 73.900017290348345, 39.210530398447624 ], [ 73.900473601661801, 39.21028248490984 ], [ 73.900929860956182, 39.209983952782245 ], [ 73.901353887647346, 39.209634435486642 ], [ 73.901556060305623, 39.209206404593822 ], [ 73.901500727717178, 39.208724806561307 ], [ 73.901315671544765, 39.208241731001117 ], [ 73.900908297960029, 39.207705453759857 ], [ 73.899996459461704, 39.206555863617801 ], [ 73.8989524850019, 39.205557295495225 ], [ 73.898381521819729, 39.204894990660208 ], [ 73.898197352710014, 39.204388425149418 ], [ 73.898048530035908, 39.203680489962302 ], [ 73.897994854222475, 39.202998879435029 ], [ 73.898121456336028, 39.201083466684658 ], [ 73.897935904449952, 39.200602116324632 ], [ 73.897683413642355, 39.200220897940589 ], [ 73.897397187877047, 39.200066264072241 ], [ 73.896977873653583, 39.200061455143363 ], [ 73.896621542603455, 39.200208690367305 ], [ 73.896165690679268, 39.200480899106537 ], [ 73.895485402272044, 39.200826165092302 ], [ 73.892469768309624, 39.202254285268403 ], [ 73.889166197473685, 39.203628540501782 ], [ 73.887732081517967, 39.204646143657541 ], [ 73.886757716950797, 39.205035996508883 ], [ 73.885915148093076, 39.205250392410306 ], [ 73.884784215029057, 39.205335033158143 ], [ 73.883427457675339, 39.205290817243764 ], [ 73.882201765392864, 39.205248405056352 ], [ 73.881009748133877, 39.20518130187385 ], [ 73.880012964629017, 39.205016390775832 ], [ 73.879275356650581, 39.204729453726848 ], [ 73.878314354024468, 39.20428852461383 ], [ 73.877839388198183, 39.20372876759064 ], [ 73.877461270686453, 39.203044715307129 ], [ 73.877249355432483, 39.202187014603702 ], [ 73.877199761638423, 39.201331595708787 ], [ 73.877244503720576, 39.200628339359781 ], [ 73.877381344315211, 39.200152646381255 ], [ 73.878271702667377, 39.19898372829811 ], [ 73.879025615564117, 39.198265368312875 ], [ 73.87948387818598, 39.197791970759276 ], [ 73.879815279165882, 39.19724090678109 ], [ 73.880049311923216, 39.196663509053764 ], [ 73.880030715402071, 39.19593183699974 ], [ 73.880005304814574, 39.195376685157918 ], [ 73.879723044904267, 39.194995081652984 ], [ 73.879023716512762, 39.19428082377096 ], [ 73.878547749007851, 39.193846554776236 ], [ 73.878069578403654, 39.193487935083262 ], [ 73.877459790547775, 39.193228696290475 ], [ 73.876881451227717, 39.19302025945133 ], [ 73.876017451639683, 39.192707598934781 ], [ 73.875376827828546, 39.192422757384406 ], [ 73.87451164995872, 39.19205965249693 ], [ 73.873968200061327, 39.191750704904308 ], [ 73.873233665414574, 39.191288211849134 ], [ 73.872435254970455, 39.190724099504422 ], [ 73.871861595006592, 39.190288682674044 ], [ 73.870880610292488, 39.189167539016275 ], [ 73.869772488419684, 39.187868370527852 ], [ 73.869231625611945, 39.187255906714569 ], [ 73.868659030750493, 39.186691703077805 ], [ 73.867953481639361, 39.186404726725172 ], [ 73.867439638866259, 39.186246693416294 ], [ 73.86657232438148, 39.186135206749618 ], [ 73.865737428361541, 39.185872054188124 ], [ 73.864901508734491, 39.185507515467854 ], [ 73.864099874675432, 39.184991310546337 ], [ 73.863239605732232, 39.184195617349928 ], [ 73.862348128084335, 39.183323522322659 ], [ 73.861686575068717, 39.182124657420992 ], [ 73.861022142921826, 39.181128502499213 ], [ 73.860676133614433, 39.180465531264964 ], [ 73.860649798340148, 39.179907695286616 ], [ 73.860817520994132, 39.179478823139284 ], [ 73.861049864041604, 39.179050706266871 ], [ 73.861475708078515, 39.178650194755434 ], [ 73.862750149165507, 39.177803396264025 ], [ 73.864219033302192, 39.176705453382645 ], [ 73.865277641531677, 39.176131561892532 ] ] ] ] } },
{ "type": "Feature", "properties": { "ID": 701, "周长": 0.1649741518587193, "面积": 0.00039561796438769559, "FEATUREID": "OFBB004C1AJ430010020000024", "CHFCAC": "000024", "YSX": "1300", "QDIAA": "410301>410206", "GCJFLP": "灰色二云石英片岩、黑云绢云石英片岩、黑云变粒岩、石榴绢云石英片岩、大理岩", "QDUECD": "赛图拉岩群", "QDUECC": "→ChSt.", "GZEKG": "222100       ", "MDLHL": 0.0, "KWBED": "2517-1594-3124", "YSC": "3607", "YSD": "3207", "YSADAB": "", "QDIAB": "111000-251100", "YSWA": "07", "YSVA": "003", "QDIBE": "西昆仑变质带", "YSVAD": "", "DDCDS": "1220", "QDIMD": "", "fill_color": -512, "pattern": 755, "pattern_color": 18432, "_src_file": "LDZOFBB004.WP", "_src_id": 23 }, "geometry": { "type": "MultiPolygon", "coordinates": [ [ [ [ 73.913236835122078, 39.153234968058484 ], [ 73.91293829422132, 39.153278317327946 ], [ 73.912411502718854, 39.153493317627209 ], [ 73.911696817630698, 39.153780305959181 ], [ 73.911171535273908, 39.154069532574105 ], [ 73.909977801197471, 39.154720148071789 ], [ 73.909072024549815, 39.15511564829449 ], [ 73.907786306583361, 39.155580490535307 ], [ 73.906169644241672, 39.156004452831333 ], [ 73.905172444247171, 39.156177246204308 ], [ 73.903842098046226, 39.15645685538329 ], [ 73.899331210756415, 39.157215523370354 ], [ 73.890163208873403, 39.158909502639681 ], [ 73.88850203963375, 39.158962699229583 ], [ 73.887409042551369, 39.158949595807066 ], [ 73.884843442857829, 39.158881894406207 ], [ 73.881897677740469, 39.158809561696572 ], [ 73.877858925024341, 39.158723959359605 ], [ 73.870622845709093, 39.158211579888281 ], [ 73.86657114815965, 39.158166055472726 ], [ 73.864227634110705, 39.158187439235917 ], [ 73.862327264490773, 39.158213742625335 ], [ 73.860677804501933, 39.158390664925953 ], [ 73.859280828563058, 39.158619819579997 ], [ 73.857754042471825, 39.159044212937232 ], [ 73.857132093290403, 39.159233849958341 ], [ 73.856503510349299, 39.159985075271365 ], [ 73.856504510349296, 39.159985075271365 ], [ 73.856851311755008, 39.160134399275989 ], [ 73.857425180838604, 39.160592934683123 ], [ 73.857809781117439, 39.160773205971907 ], [ 73.858257743440774, 39.161029505542189 ], [ 73.858995277451783, 39.161289317762339 ], [ 73.860092160977175, 39.161478166888436 ], [ 73.86254264262746, 39.161708447100374 ], [ 73.86350739941085, 39.161895706414818 ], [ 73.864153310241292, 39.161953651859989 ], [ 73.86486359468465, 39.161962203558218 ], [ 73.86531779574031, 39.161766976958901 ], [ 73.865807081370917, 39.161521971489954 ], [ 73.866170594674756, 39.160999386344024 ], [ 73.866403347807704, 39.160450095963206 ], [ 73.86666997483384, 39.160051667664938 ], [ 73.866965480294851, 39.159678684946911 ], [ 73.867457850934372, 39.159232628086045 ], [ 73.867945019292875, 39.158987238494127 ], [ 73.868660133751348, 39.158744385216878 ], [ 73.869273012944078, 39.158650938624646 ], [ 73.869791862313974, 39.158631654088062 ], [ 73.870755820012221, 39.158793020923959 ], [ 73.871431681821576, 39.159051456757155 ], [ 73.872135428948539, 39.159335333589681 ], [ 73.872874668009544, 39.159669736016319 ], [ 73.873509898883967, 39.160203716725903 ], [ 73.873953064700359, 39.160760610523468 ], [ 73.874202576339769, 39.161440751126513 ], [ 73.87425760483427, 39.162043476613192 ], [ 73.874207441113668, 39.163046455163617 ], [ 73.874035313857931, 39.163721901343543 ], [ 73.873739036373991, 39.164145070118472 ], [ 73.873087457198451, 39.164514093797251 ], [ 73.872407172393565, 39.164657001621443 ], [ 73.87163183644283, 39.164748653350827 ], [ 73.87072577492475, 39.164813767579112 ], [ 73.869851593812143, 39.164904322464423 ], [ 73.868915644459037, 39.164943977091667 ], [ 73.867689566063646, 39.164955274922086 ], [ 73.86678569793132, 39.1649451077622 ], [ 73.86601175192672, 39.164886220569635 ], [ 73.865235071057725, 39.164927095170746 ], [ 73.864491869091509, 39.165018487526368 ], [ 73.863969268546114, 39.165263100093398 ], [ 73.863642382922336, 39.165635459388753 ], [ 73.863537705006152, 39.166060710198387 ], [ 73.863660235740014, 39.16653885088914 ], [ 73.863845748117967, 39.166992684737615 ], [ 73.864195703597545, 39.16732304521004 ], [ 73.864611244478283, 39.167528768687681 ], [ 73.865093565820928, 39.16766001547456 ], [ 73.865707243586144, 39.167717564264514 ], [ 73.866355130138857, 39.167649752561893 ], [ 73.867067337404492, 39.167532326971745 ], [ 73.867616933243013, 39.167488333684936 ], [ 73.868325544812166, 39.1675966501044 ], [ 73.868933714770577, 39.167804209320273 ], [ 73.869320310896498, 39.167984143213488 ], [ 73.869895415141784, 39.168366918903317 ], [ 73.870147295870183, 39.168771151571931 ], [ 73.870235970213287, 39.169223738978815 ], [ 73.870225380830661, 39.169829885288934 ], [ 73.870021877096008, 39.170512175626115 ], [ 73.869849455574411, 39.171144126667414 ], [ 73.869324504940934, 39.171797435341155 ], [ 73.868930940317512, 39.17222385155889 ], [ 73.868505733038518, 39.172573729325855 ], [ 73.868143931436435, 39.17300037087881 ], [ 73.867749000727756, 39.173629349206287 ], [ 73.867384865830502, 39.174360057409494 ], [ 73.867185993169528, 39.174737893785725 ], [ 73.866887661216211, 39.175165281835227 ], [ 73.866463425967481, 39.175515151587291 ], [ 73.86591128701717, 39.175787499399554 ], [ 73.865277641531677, 39.176131561892532 ], [ 73.865277641531677, 39.176131561892532 ], [ 73.867752296674993, 39.175496504501481 ], [ 73.875373544324404, 39.17283927372187 ], [ 73.881747404447708, 39.170121523303948 ], [ 73.888422770622114, 39.168151558005327 ], [ 73.89452705351458, 39.165715146285109 ], [ 73.899849980456509, 39.16313904271594 ], [ 73.905152480040528, 39.16059807658435 ], [ 73.905152480040528, 39.16059807658435 ], [ 73.90476759357901, 39.160184431661293 ], [ 73.904705375912997, 39.159784793463444 ], [ 73.904745858729001, 39.159359786285748 ], [ 73.904885838110587, 39.158989173810298 ], [ 73.905165014483828, 39.158567006076019 ], [ 73.905752679209257, 39.158175077108488 ], [ 73.90657542723946, 39.157759396754109 ], [ 73.907435264428358, 39.157344113418169 ], [ 73.908190411026169, 39.157087140969558 ], [ 73.909009366277388, 39.156990503456704 ], [ 73.909829510006446, 39.156814093854464 ], [ 73.910551733895801, 39.156476935019235 ], [ 73.911172051670107, 39.156111971857058 ], [ 73.911967796712389, 39.155350197820489 ], [ 73.9123868667929, 39.154690330447131 ], [ 73.912948193455449, 39.153819767665333 ], [ 73.913237835122075, 39.153234968058484 ], [ 73.913236835122078, 39.153234968058484 ] ] ] ] } },
{ "type": "Feature", "properties": { "ID": 741, "周长": 0.08289421459918371, "面积": 0.00039224938552139427, "FEATUREID": "OFBB004C1AJ430010020000025", "CHFCAC": "000025", "YSX": "1300", "QDIAA": "410301>410206", "GCJFLP": "灰色二云石英片岩、黑云绢云石英片岩、黑云变粒岩、石榴绢云石英片岩、大理岩", "QDUECD": "赛图拉岩群", "QDUECC": "→ChSt.", "GZEKG": "222100       ", "MDLHL": 0.0, "KWBED": "2517-1594-3124", "YSC": "3607", "YSD": "3207", "YSADAB": "", "QDIAB": "111000-251100", "YSWA": "07", "YSVA": "003", "QDIBE": "西昆仑变质带", "YSVAD": "", "DDCDS": "1220", "QDIMD": "", "fill_color": 4608, "pattern": 756, "pattern_color": 18432, "_src_file": "LDZOFBB004.WP", "_src_id": 24 }, "geometry": { "type": "MultiPolygon", "coordinates": [ [ [ [ 74.995737881472508, 39.113656857035487 ], [ 74.994211167014015, 39.113995582807512 ], [ 74.992191769572798, 39.114418669769762 ], [ 74.991101080055557, 39.114715672073068 ], [ 74.98941308710782, 39.114968209198068 ], [ 74.987775698727958, 39.115178021129239 ], [ 74.985759853258912, 39.115386775576034 ], [ 74.981397016704165, 39.115938004791424 ], [ 74.976042454813168, 39.117389801893417 ], [ 74.975053948149238, 39.117899168743811 ], [ 74.974063427253753, 39.118408524911047 ], [ 74.973129276832807, 39.119387160094611 ], [ 74.972526760092165, 39.12006805827744 ], [ 74.972141887048082, 39.12066420118159 ], [ 74.971811465351493, 39.12143553925214 ], [ 74.971650614471031, 39.122337882124526 ], [ 74.971649914216428, 39.122982709156105 ], [ 74.971762913498267, 39.123584824856216 ], [ 74.972203357959188, 39.124230754863461 ], [ 74.973027502390309, 39.125092590155447 ], [ 74.973468618886159, 39.125566561588563 ], [ 74.974457034847859, 39.126213856294747 ], [ 74.975777108488927, 39.126990924817832 ], [ 74.977255375448294, 39.127725686361167 ], [ 74.978727615046964, 39.128289118108228 ], [ 74.980092729359015, 39.128766219507455 ], [ 74.981617224494642, 39.129200820400271 ], [ 74.982273232063292, 39.129288811367147 ], [ 74.98358115509518, 39.129421794478553 ], [ 74.984889180837982, 39.129597752974014 ], [ 74.985923688953022, 39.129729876995242 ], [ 74.990667358982932, 39.130603561622124 ], [ 74.992139627402153, 39.130951558288182 ], [ 74.993230134907904, 39.131169499821269 ], [ 74.994375152316664, 39.131387577906267 ], [ 74.996225462514545, 39.132036376231589 ], [ 74.999999999994415, 39.133304161991425 ], [ 74.999999999994415, 39.113465808772915 ], [ 74.995737881472508, 39.113656857035487 ] ] ], [ [ [ 75.000000999994413, 39.133304497869865 ], [ 74.999999999994415, 39.133304161991425 ], [ 74.999999999994415, 39.133304497869865 ], [ 75.000000999994413, 39.133304497869865 ] ] ] ] } },
{ "type": "Feature", "properties": { "ID": 753, "周长": 0.088612915345722437, "面积": 0.00020418339956350992, "FEATUREID": "OFBB004C1AJ430010020000026", "CHFCAC": "000026", "YSX": "1300", "QDIAA": "410301>410206", "GCJFLP": "灰色二云石英片岩、黑云绢云石英片岩、黑云变粒岩、石榴绢云石英片岩、大理岩", "QDUECD": "赛图拉岩群", "QDUECC": "→ChSt.", "GZEKG": "222100       ", "MDLHL": 0.0, "KWBED": "2517-1594-3124", "YSC": "3607", "YSD": "3207", "YSADAB": "", "QDIAB": "111000-251100", "YSWA": "07", "YSVA": "003", "QDIBE": "西昆仑变质带", "YSVAD": "", "DDCDS": "1220", "QDIMD": "", "fill_color": 7680, "pattern": 756, "pattern_color": 18432, "_src_file": "LDZOFBB004.WP", "_src_id": 25 }, "geometry": { "type": "MultiPolygon", "coordinates": [ [ [ [ 74.907857712084194, 39.09631003493638 ], [ 74.907074760244939, 39.096522815692595 ], [ 74.905914450250918, 39.096816230431131 ], [ 74.904651504986035, 39.09724334853464 ], [ 74.903661216901966, 39.097750959613371 ], [ 74.902841704633659, 39.098151666980868 ], [ 74.900345490876063, 39.099427605660686 ], [ 74.899387001818909, 39.100011522920241 ], [ 74.898668074491283, 39.100462794488124 ], [ 74.898188504931298, 39.100834786964555 ], [ 74.897605846019729, 39.101366528421167 ], [ 74.8972283980453, 39.101818883049035 ], [ 74.896816901675905, 39.10224444745122 ], [ 74.89602817207556, 39.103226482623441 ], [ 74.895651034385409, 39.103835099968379 ], [ 74.895376473429266, 39.10439101556365 ], [ 74.894758585295065, 39.10568822305958 ], [ 74.894243909881112, 39.106667589968225 ], [ 74.893523193601965, 39.108097029668698 ], [ 74.893043092543707, 39.108890903256857 ], [ 74.892529236572969, 39.109712664403908 ], [ 74.891982120597277, 39.110403559544544 ], [ 74.891229888765295, 39.111306995859614 ], [ 74.89058072313648, 39.111758455061732 ], [ 74.889931670436255, 39.112130132002285 ], [ 74.889077703646635, 39.112581386972607 ], [ 74.888292156116705, 39.11292633262574 ], [ 74.887745727530373, 39.113138542705826 ], [ 74.887165161522702, 39.113350717179891 ], [ 74.886721245199936, 39.113483245170421 ], [ 74.885935930529826, 39.113668619979727 ], [ 74.885321395660242, 39.113774381172334 ], [ 74.884911691274709, 39.11385375161764 ], [ 74.884263019031863, 39.11395935642436 ], [ 74.883750888537762, 39.114010592229022 ], [ 74.883341212809569, 39.114035624444767 ], [ 74.882590129171362, 39.114085944737674 ], [ 74.881565913518727, 39.114161809548605 ], [ 74.879118116198782, 39.114231865374016 ], [ 74.87911911619878, 39.114231865374016 ], [ 74.880354968205395, 39.115193195596028 ], [ 74.881161992774452, 39.116073778408442 ], [ 74.881337557050259, 39.116396879378165 ], [ 74.883398211447982, 39.115875590048745 ], [ 74.883743469584346, 39.115723329012745 ], [ 74.884236648873994, 39.11553323416878 ], [ 74.884631265661312, 39.115303449895976 ], [ 74.884951831372902, 39.115150194779723 ], [ 74.88529715955417, 39.11492017268008 ], [ 74.885765743753737, 39.114651880784351 ], [ 74.886110940362514, 39.114498644341708 ], [ 74.886357458484824, 39.114422098941873 ], [ 74.886751813782396, 39.114345698976919 ], [ 74.887146104100125, 39.114307691724441 ], [ 74.887712870666121, 39.114269849390311 ], [ 74.889758152372039, 39.11413743778364 ], [ 74.890448114365142, 39.11409970083335 ], [ 74.893651575457028, 39.113872329483655 ], [ 74.894169172055484, 39.113757622658738 ], [ 74.894489595647158, 39.113681129366626 ], [ 74.894785379665777, 39.113604610705927 ], [ 74.895031996357233, 39.113451258797852 ], [ 74.895204610344706, 39.113355431044482 ], [ 74.895624064622638, 39.112952673578228 ], [ 74.895920431585964, 39.11247301875229 ], [ 74.89648916983316, 39.111554284110923 ], [ 74.896835325010258, 39.111153443186609 ], [ 74.897230654042289, 39.110810177219356 ], [ 74.897699902279498, 39.11048628668992 ], [ 74.898070293187061, 39.110257782042325 ], [ 74.898563962005881, 39.110029667267348 ], [ 74.899378427968927, 39.109687723914384 ], [ 74.899896654473196, 39.109497962512222 ], [ 74.90058764638782, 39.109232183966618 ], [ 74.90120449036084, 39.109042728220658 ], [ 74.901796673649329, 39.108853189885174 ], [ 74.902413511093258, 39.108663727721606 ], [ 74.903030345240055, 39.108474262284069 ], [ 74.903622695422229, 39.108208153917325 ], [ 74.904215041150664, 39.107942044775058 ], [ 74.904684195314687, 39.107637264405817 ], [ 74.905795262828249, 39.106945298101905 ], [ 74.908777461092171, 39.104889607248701 ], [ 74.908809070824972, 39.104443665489541 ], [ 74.908996201169899, 39.103725773606371 ], [ 74.909088205095301, 39.103474170927434 ], [ 74.909201164630971, 39.103294573459991 ], [ 74.90934109985534, 39.103115034275007 ], [ 74.909502024928372, 39.102917560950608 ], [ 74.909778079297325, 39.102701517644356 ], [ 74.910123130777109, 39.102539308031197 ], [ 74.910583195993425, 39.102323028449057 ], [ 74.912837239359476, 39.10091540324207 ], [ 74.913321461740225, 39.100608587323691 ], [ 74.91493133596461, 39.099978371837267 ], [ 74.915293659541931, 39.099846947133479 ], [ 74.915387404858635, 39.099065649467512 ], [ 74.915429478565159, 39.098778645888089 ], [ 74.915430023303259, 39.0985234451895 ], [ 74.915390005999811, 39.098315997281226 ], [ 74.915268999034964, 39.098140257520868 ], [ 74.91506514008357, 39.097932423789864 ], [ 74.914257164296174, 39.097356288310621 ], [ 74.913813723415757, 39.097068121000312 ], [ 74.913370215331653, 39.096811851798094 ], [ 74.912986297634944, 39.096603577258435 ], [ 74.91266100024815, 39.09642734582161 ], [ 74.912115493842805, 39.096107029745369 ], [ 74.911568697239147, 39.09580693501637 ], [ 74.91156769723915, 39.09580693501637 ], [ 74.909453414453992, 39.096073096679319 ], [ 74.907857712084194, 39.09631003493638 ] ] ], [ [ [ 74.881337677897292, 39.116397101779874 ], [ 74.881337557050259, 39.116396879378165 ], [ 74.881336677897295, 39.116397101779874 ], [ 74.881337677897292, 39.116397101779874 ] ] ] ] } },
{ "type": "Feature", "properties": { "ID": 754, "周长": 1.0841549968385724, "面积": 0.0099048767589287046, "FEATUREID": "OFBB004C1AJ430010020000027", "CHFCAC": "000027", "YSX": "1300", "QDIAA": "410301>410206", "GCJFLP": "灰色二云石英片岩、黑云绢云石英片岩、黑云变粒岩、石榴绢云石英片岩、大理岩", "QDUECD": "赛图拉岩群", "QDUECC": "→ChSt.", "GZEKG": "222100       ", "MDLHL": 0.0, "KWBED": "2517-1594-3124", "YSC": "3607", "YSD": "3207", "YSADAB": "", "QDIAB": "111000-251100", "YSWA": "07", "YSVA": "003", "QDIBE": "西昆仑变质带", "YSVAD": "", "DDCDS": "1220", "QDIMD": "", "fill_color": 13824, "pattern": 756, "pattern_color": 18432, "_src_file": "LDZOFBB004.WP", "_src_id": 26 }, "geometry": { "type": "MultiPolygon", "coordinates": [ [ [ [ 73.955902558140764, 39.038266193602198 ], [ 73.955902332491362, 39.038266478563813 ], [ 73.955903558140761, 39.038266193602198 ], [ 73.955902558140764, 39.038266193602198 ] ] ], [ [ [ 73.929943054790982, 39.044601223539281 ], [ 73.924893850796153, 39.045605989690891 ], [ 73.918778108257413, 39.04596568209206 ], [ 73.907307973391823, 39.0456280930823 ], [ 73.896845232876501, 39.044946418280112 ], [ 73.875175787950297, 39.043800183930628 ], [ 73.87572325516436, 39.044114369516755 ], [ 73.878407051783256, 39.045541761443623 ], [ 73.879584093854433, 39.046042945305885 ], [ 73.883480779112261, 39.047461968584614 ], [ 73.885045625623988, 39.048233576609121 ], [ 73.885776440578269, 39.04872957723947 ], [ 73.886755787746949, 39.049450116168344 ], [ 73.88737141002882, 39.049944816841666 ], [ 73.887988040932242, 39.050439512097078 ], [ 73.888631267837738, 39.050845873671356 ], [ 73.889557308468284, 39.051410597018268 ], [ 73.8901492269394, 39.051727651206505 ], [ 73.894087496043397, 39.053701716888497 ], [ 73.896933211456002, 39.055020385522482 ], [ 73.898519092538606, 39.055793364915168 ], [ 73.899549666059926, 39.056315730126236 ], [ 73.904440834602767, 39.057948434214779 ], [ 73.906395463043225, 39.058636937133713 ], [ 73.907009210102871, 39.058888161287079 ], [ 73.907768814382223, 39.058985824874135 ], [ 73.908611649096017, 39.059017955086802 ], [ 73.909543720658178, 39.058984554604024 ], [ 73.911177605217347, 39.058848356936743 ], [ 73.912831610753045, 39.058734480279945 ], [ 73.91398383608869, 39.058636853646604 ], [ 73.915489337435716, 39.058497909387299 ], [ 73.916401039839968, 39.058374670036443 ], [ 73.917367657482231, 39.058185499598103 ], [ 73.91827775492591, 39.058040066806562 ], [ 73.91896082199645, 39.057958711427041 ], [ 73.920285675184417, 39.057842613421066 ], [ 73.919271852755571, 39.055638461565138 ], [ 73.917595106908394, 39.051512678592587 ], [ 73.917373633051895, 39.050597444803238 ], [ 73.917181036777706, 39.049870477107341 ], [ 73.917155563172969, 39.049386946601189 ], [ 73.917368276369388, 39.049013387174234 ], [ 73.917715252765277, 39.048748682532903 ], [ 73.91840531157176, 39.048541375451734 ], [ 73.919159572962045, 39.048576385184617 ], [ 73.920357757392424, 39.04866985019261 ], [ 73.921456514981969, 39.048681131084159 ], [ 73.922346265498248, 39.048770873627966 ], [ 73.922857641619785, 39.048937315259025 ], [ 73.924017495670782, 39.049271603205263 ], [ 73.92540574230955, 39.050172406777506 ], [ 73.925981690502283, 39.05063500265792 ], [ 73.926385724205176, 39.051068980540592 ], [ 73.926753313481157, 39.051690630698403 ], [ 73.926982352926856, 39.052337736213076 ], [ 73.927545966630049, 39.055378670780016 ], [ 73.927901987208017, 39.056617465996396 ], [ 73.928101209940081, 39.057583860673802 ], [ 73.931077500476547, 39.057789734279773 ], [ 73.932743871343064, 39.058104641002473 ], [ 73.935164108340928, 39.058843487484026 ], [ 73.937201681563749, 39.059518895066716 ], [ 73.942020748640743, 39.060817281512087 ], [ 73.943973703264248, 39.061551120085646 ], [ 73.94547598064635, 39.062161407074115 ], [ 73.946747263103873, 39.062948207800503 ], [ 73.948017551045993, 39.063973131040825 ], [ 73.950261821739531, 39.065424579163647 ], [ 73.952505188842736, 39.066816454300607 ], [ 73.955283969295579, 39.068034938354202 ], [ 73.957386270314728, 39.069008479829762 ], [ 73.960466247842987, 39.070230330595265 ], [ 73.963393025927573, 39.071333755150988 ], [ 73.967534806261042, 39.072331041672605 ], [ 73.97243126721925, 39.073217204840482 ], [ 73.976883549432046, 39.073858011169868 ], [ 73.988303536923041, 39.07590049955158 ], [ 73.993225966530972, 39.077162820935527 ], [ 73.995875215487914, 39.077915810965308 ], [ 73.996187573286377, 39.078015932063479 ], [ 73.996934117004201, 39.078484806107589 ], [ 73.99765772120071, 39.078975041387764 ], [ 73.998355387398831, 39.079485956461902 ], [ 73.999032140579061, 39.080016838573329 ], [ 73.999681040606305, 39.080566952753323 ], [ 74.000301185246187, 39.081135532836726 ], [ 74.000897712927369, 39.081721790489816 ], [ 74.00146379414025, 39.082324910629936 ], [ 74.001999642930443, 39.082944056024722 ], [ 74.005092021090988, 39.086377925079212 ], [ 74.006051566242462, 39.087492363429355 ], [ 74.006941719622304, 39.088487611686531 ], [ 74.008598166299521, 39.090594477127119 ], [ 74.009069947225711, 39.091280359974483 ], [ 74.009572975621865, 39.092060510731848 ], [ 74.009985012647661, 39.092604845125393 ], [ 74.011585440808858, 39.0944761303764 ], [ 74.012235408038563, 39.095116654881181 ], [ 74.012592992524006, 39.095472439678083 ], [ 74.014281667807154, 39.09706252923926 ], [ 74.014873906440343, 39.097561496824518 ], [ 74.017181370411848, 39.099343385323472 ], [ 74.018096709857915, 39.099867284001398 ], [ 74.018713623121798, 39.100247873409785 ], [ 74.019451337352592, 39.100652981041591 ], [ 74.02021954338791, 39.101128640178949 ], [ 74.020809552535084, 39.101462088750694 ], [ 74.022671705248001, 39.102322672630471 ], [ 74.023471742191461, 39.102587734009788 ], [ 74.02559126922101, 39.103565582973602 ], [ 74.027617740411486, 39.104836748944884 ], [ 74.02882283787271, 39.105090662325949 ], [ 74.038564735764936, 39.106606852041352 ], [ 74.047221896833307, 39.108009468236752 ], [ 74.051431344492073, 39.10841914711726 ], [ 74.057417743467667, 39.108608473468749 ], [ 74.058471828963803, 39.108616988110661 ], [ 74.059224455812725, 39.108576150484296 ], [ 74.059946997628018, 39.108535065392893 ], [ 74.060338142167112, 39.108538221165432 ], [ 74.067762569163719, 39.108004153223597 ], [ 74.06857266961353, 39.108009322644641 ], [ 74.06920262304007, 39.108036845165209 ], [ 74.069741438518065, 39.108087295639187 ], [ 74.070341764373424, 39.108232147379702 ], [ 74.070850954144134, 39.108399930524037 ], [ 74.071149117752896, 39.108566375950652 ], [ 74.071329269023025, 39.108732058269787 ], [ 74.071387404695002, 39.109085019764009 ], [ 74.071325649455233, 39.109413715585212 ], [ 74.071143122460441, 39.10969463549214 ], [ 74.070931842401649, 39.109928354529387 ], [ 74.07072106163173, 39.110068051182118 ], [ 74.070449394291671, 39.110183860266645 ], [ 74.070034281443327, 39.110311353549882 ], [ 74.079405820076587, 39.111074662294726 ], [ 74.084744033964355, 39.111224931619887 ], [ 74.095495345727116, 39.111172829421101 ], [ 74.103230971566276, 39.111279036745607 ], [ 74.118813491336866, 39.111689855864583 ], [ 74.119110544498895, 39.111490414509014 ], [ 74.119485738763345, 39.111282558643246 ], [ 74.119919315719997, 39.110990827196261 ], [ 74.123196039393591, 39.109434224774795 ], [ 74.124472070046124, 39.109000694316144 ], [ 74.125881016668956, 39.108610234195403 ], [ 74.13249530440028, 39.107455307656267 ], [ 74.138171981168099, 39.106909998943514 ], [ 74.139007454395994, 39.106917221724828 ], [ 74.143319770801256, 39.106869937321584 ], [ 74.150599987781021, 39.107026523712456 ], [ 74.154127906705952, 39.107071259732599 ], [ 74.154635604843904, 39.1070957671188 ], [ 74.157020688904026, 39.106858227168885 ], [ 74.157741752449098, 39.106778562533052 ], [ 74.160274233121683, 39.106373391899425 ], [ 74.164647413746962, 39.106023552512553 ], [ 74.165539000857379, 39.105902890767084 ], [ 74.165944618081625, 39.105905757000222 ], [ 74.166329203790099, 39.106009886871291 ], [ 74.173165494271018, 39.102299602690039 ], [ 74.172083106976089, 39.100892660864965 ], [ 74.171735644651349, 39.100594603610546 ], [ 74.17047872755326, 39.09887608939195 ], [ 74.170157798928912, 39.098367258467476 ], [ 74.169809082086715, 39.097942561389679 ], [ 74.169434826453667, 39.097686352225431 ], [ 74.169030400515425, 39.097556454640426 ], [ 74.168544487178849, 39.097468058661704 ], [ 74.16811140695809, 39.09729575308193 ], [ 74.167653669084004, 39.097081043121968 ], [ 74.166346951950274, 39.096377742432516 ], [ 74.164851416069837, 39.095378250956642 ], [ 74.164695484791039, 39.095039935359893 ], [ 74.164644301222978, 39.094765480230485 ], [ 74.164753904113283, 39.09451300633183 ], [ 74.164917167000254, 39.094260828855525 ], [ 74.165239971523363, 39.093946275200459 ], [ 74.16572770188148, 39.093527165773878 ], [ 74.166213233016478, 39.093129143326465 ], [ 74.166753418333656, 39.092731414448394 ], [ 74.166943359039308, 39.092605917682711 ], [ 74.167161266145413, 39.092354032400124 ], [ 74.167216629148911, 39.092164527869137 ], [ 74.167217335673598, 39.091974725629299 ], [ 74.167139558083718, 39.091784481333804 ], [ 74.167034143274222, 39.091572998968914 ], [ 74.166845861891531, 39.091403250258097 ], [ 74.166687653378688, 39.091318004542785 ], [ 74.165751847970469, 39.090848859821854 ], [ 74.165349947924511, 39.090677921893331 ], [ 74.164895015792624, 39.090548864400276 ], [ 74.164495358227313, 39.090462280085276 ], [ 74.164094466356275, 39.090291337899068 ], [ 74.163801265541323, 39.090078812366315 ], [ 74.163669415612901, 39.089825001393343 ], [ 74.163509122142273, 39.089528862339286 ], [ 74.163377845514603, 39.089211781390595 ], [ 74.162875426299451, 39.088513014698094 ], [ 74.162611021115424, 39.088195190426731 ], [ 74.162317836275832, 39.087982661251722 ], [ 74.161917344438478, 39.087769533450363 ], [ 74.161515238859451, 39.087514226048462 ], [ 74.161141194330014, 39.087343424001041 ], [ 74.159377354571362, 39.086595439704688 ], [ 74.158656962636329, 39.086380504127597 ], [ 74.158013672573844, 39.086208190709023 ], [ 74.157397208553064, 39.086036027092739 ], [ 74.156838558794803, 39.085737625798338 ], [ 74.156329564899494, 39.085439522246872 ], [ 74.15470114458904, 39.084671128683141 ], [ 74.1539259102816, 39.084371506549054 ], [ 74.151733766409663, 39.083431188851442 ], [ 74.149118993826136, 39.082108795969461 ], [ 74.148451888426393, 39.081725382087306 ], [ 74.147515242869886, 39.081255333615161 ], [ 74.146607897348346, 39.0809544188403 ], [ 74.145351193999034, 39.080503644405731 ], [ 74.144439654084366, 39.08020200143838 ], [ 74.141669545097869, 39.079418525442442 ], [ 74.138791704282127, 39.078554110069497 ], [ 74.138065256959067, 39.078337954346672 ], [ 74.137715247844085, 39.078166361606591 ], [ 74.13629567647321, 39.077352637775093 ], [ 74.135811189565416, 39.077137868885494 ], [ 74.13546367172998, 39.076923873603249 ], [ 74.1350336555208, 39.076667015828491 ], [ 74.134364623677655, 39.076239177264867 ], [ 74.133611142426119, 39.075853262001026 ], [ 74.13304765723538, 39.075553221199236 ], [ 74.129614377790901, 39.073795014239167 ], [ 74.128942477268509, 39.073536721657653 ], [ 74.127627064545536, 39.072723522277499 ], [ 74.127121032358957, 39.072211796830977 ], [ 74.126183117016154, 39.071612758206804 ], [ 74.124977249654677, 39.070842554140597 ], [ 74.124225122036677, 39.070435380242891 ], [ 74.123422991241938, 39.069943096473573 ], [ 74.12143371406286, 39.069168084757457 ], [ 74.11755395758766, 39.06776474290843 ], [ 74.116911434164663, 39.067463745415004 ], [ 74.116299017829775, 39.06716349866214 ], [ 74.115741704899889, 39.066821431469911 ], [ 74.115132815938267, 39.066479049658341 ], [ 74.114629092379246, 39.066137286947772 ], [ 74.113331932403895, 39.065134410987397 ], [ 74.112962173125737, 39.064793420904941 ], [ 74.110358030992955, 39.063422881689348 ], [ 74.109851367058155, 39.063250486941342 ], [ 74.107772041497782, 39.062497035781718 ], [ 74.10675932518879, 39.062109865144294 ], [ 74.106252682521244, 39.061937454955036 ], [ 74.105905766979888, 39.061765986753059 ], [ 74.105561436698864, 39.061552163063503 ], [ 74.105296470326877, 39.061338810837505 ], [ 74.104949725020177, 39.061082630876676 ], [ 74.104687343433042, 39.060826922797268 ], [ 74.103765271463516, 39.059550741696825 ], [ 74.102925552857798, 39.058423273854366 ], [ 74.102503972593396, 39.057912479091115 ], [ 74.101947635060171, 39.057316183525451 ], [ 74.101474205715874, 39.056826247751275 ], [ 74.100813327460799, 39.056186955996772 ], [ 74.100257263414889, 39.05571771595605 ], [ 74.099011869479426, 39.05458783822349 ], [ 74.094268418103411, 39.050708906742301 ], [ 74.090973919803503, 39.048122668938959 ], [ 74.090287686966121, 39.04760871624071 ], [ 74.08808951312686, 39.04606592430558 ], [ 74.087637255364015, 39.045850650686276 ], [ 74.087263656038587, 39.045720796788459 ], [ 74.086863152983327, 39.045590760331343 ], [ 74.086491591141666, 39.045418465244033 ], [ 74.086145904133758, 39.045288789284896 ], [ 74.085689221627874, 39.045200911884955 ], [ 74.084829181302922, 39.045110506730026 ], [ 74.084317726500799, 39.045128188580357 ], [ 74.083752978784119, 39.045187796178411 ], [ 74.083050098863893, 39.045331502600838 ], [ 74.082559640909494, 39.045497968736974 ], [ 74.081992976822946, 39.045642665924312 ], [ 74.078064531899116, 39.046719485810073 ], [ 74.076381831710407, 39.047217341872347 ], [ 74.075787233161435, 39.04736182461216 ], [ 74.075269625047753, 39.047463109055471 ], [ 74.074645623505006, 39.047520934718932 ], [ 74.073911760563888, 39.047514089714838 ], [ 74.073346621981543, 39.047423889653437 ], [ 74.072832861182462, 39.047376830462511 ], [ 74.071025457973903, 39.04725957791814 ], [ 74.070105943564243, 39.047211422446587 ], [ 74.066875379973581, 39.047104482028153 ], [ 74.065613379328283, 39.04701116626876 ], [ 74.065047708790573, 39.04700721607896 ], [ 74.064026651410316, 39.046894458463655 ], [ 74.061616578908001, 39.046286101718856 ], [ 74.060546241151542, 39.045982850195664 ], [ 74.058031030635561, 39.045268061364652 ], [ 74.05763106443159, 39.04509625015357 ], [ 74.05593954335697, 39.044534977557205 ], [ 74.055265043711799, 39.044403448196299 ], [ 74.054756449306083, 39.044230805277678 ], [ 74.053980391048569, 39.043759985398772 ], [ 74.052729450943716, 39.04315633053384 ], [ 74.05238045857881, 39.042941739880831 ], [ 74.052109328597098, 39.042770157600422 ], [ 74.051923298701269, 39.042556901175402 ], [ 74.051737578927742, 39.042322475372863 ], [ 74.051659118787043, 39.042046599036958 ], [ 74.051637600077868, 39.041728830707548 ], [ 74.051695867168576, 39.041390558024162 ], [ 74.051810455877302, 39.04105273368225 ], [ 74.051922804856176, 39.040799585536462 ], [ 74.052199963092221, 39.040420756086391 ], [ 74.052893145951217, 39.039283187057322 ], [ 74.053058800968941, 39.039009371904136 ], [ 74.053113741853807, 39.038776966747918 ], [ 74.053171373783741, 39.03856573290841 ], [ 74.053281628851437, 39.038418472550696 ], [ 74.053444429538501, 39.038271675928264 ], [ 74.053740173703801, 39.038189546882279 ], [ 74.053981135123465, 39.03819163443584 ], [ 74.054355657814781, 39.038216048132014 ], [ 74.054567231535984, 39.038260242130463 ], [ 74.054833811432374, 39.038410746790426 ], [ 74.055543698336677, 39.039242621726416 ], [ 74.055859140786865, 39.039647625427421 ], [ 74.05633531212969, 39.040117525633818 ], [ 74.056600057477908, 39.040395045589364 ], [ 74.056917278064773, 39.04060951763902 ], [ 74.057155099170529, 39.040759787123704 ], [ 74.058464782067787, 39.041615828270288 ], [ 74.059159722414236, 39.042106706039981 ], [ 74.0597250333945, 39.042300837564305 ], [ 74.060235206292035, 39.04238894814231 ], [ 74.06064078843572, 39.042455171494588 ], [ 74.060910134561951, 39.042457063571327 ], [ 74.061233345918765, 39.042459332309313 ], [ 74.061769747909892, 39.042505368416066 ], [ 74.062227487692994, 39.042529707991115 ], [ 74.062657995841462, 39.042554071083565 ], [ 74.065225293615001, 39.042612933041859 ], [ 74.066117404386105, 39.042576387715805 ], [ 74.067170898072689, 39.042604310269098 ], [ 74.068007236587135, 39.042630836235183 ], [ 74.072653488411532, 39.042660586211873 ], [ 74.078750457180774, 39.042616165713788 ], [ 74.079343334678455, 39.042535620320621 ], [ 74.079774778962218, 39.042453973937214 ], [ 74.080260511945482, 39.042330401809956 ], [ 74.080585296532988, 39.042163440900339 ], [ 74.08080197740712, 39.042038033450794 ], [ 74.081071430681263, 39.041828413398981 ], [ 74.081344879463842, 39.041618792665851 ], [ 74.081615568684512, 39.041388024061227 ], [ 74.081887737077949, 39.041114967094565 ], [ 74.081998994146304, 39.040883102320954 ], [ 74.08227351847782, 39.040314012383 ], [ 74.082386692756003, 39.039912985051615 ], [ 74.082363626506407, 39.039574480615563 ], [ 74.082339318667735, 39.039257121131406 ], [ 74.082261205915714, 39.038939394567819 ], [ 74.082106342323911, 39.038536540647726 ], [ 74.081921097322763, 39.03817579400063 ], [ 74.081683767120083, 39.0377512470046 ], [ 74.081420056621951, 39.037368804655756 ], [ 74.080861061455536, 39.036751754901026 ], [ 74.080649922806671, 39.036390823520392 ], [ 74.080597761532104, 39.036157860816758 ], [ 74.080493037206068, 39.035903385239259 ], [ 74.080415733138466, 39.035691384615269 ], [ 74.080315476376626, 39.035431363191243 ], [ 74.076035743115781, 39.034256201341762 ], [ 74.075463216470382, 39.034088348647764 ], [ 74.074885885607458, 39.033961569039661 ], [ 74.074103243582556, 39.033710338917778 ], [ 74.06918977251776, 39.032324506444759 ], [ 74.067529299903683, 39.031982250846603 ], [ 74.068162697674097, 39.033521593222154 ], [ 74.068276145926902, 39.034142111355223 ], [ 74.068023563202601, 39.034759768209355 ], [ 74.067225223948611, 39.035134836265705 ], [ 74.066493160465427, 39.035129105554432 ], [ 74.065340000761552, 39.034691096355665 ], [ 74.064072122021528, 39.033727872321279 ], [ 74.062991259940674, 39.032480119412135 ], [ 74.062090129739033, 39.031472089767263 ], [ 74.061525894983518, 39.030781994806617 ], [ 74.061141402434984, 39.030738365501705 ], [ 74.059475978228463, 39.030601568614166 ], [ 74.058226924222069, 39.030550354841317 ], [ 74.057445729966815, 39.030461800442232 ], [ 74.056613420343425, 39.030372821584777 ], [ 74.055833815269125, 39.030202021423321 ], [ 74.054642648102032, 39.029904481680461 ], [ 74.053760613110143, 39.029691704309982 ], [ 74.052350087417651, 39.029433772922239 ], [ 74.050611430496573, 39.02906254825681 ], [ 74.049495130443063, 39.028814235348506 ], [ 74.048939006099971, 39.028700589250413 ], [ 74.043360495223652, 39.031466225739841 ], [ 74.0395417834916, 39.034009353930919 ], [ 74.038739235557571, 39.034670177327953 ], [ 74.038053251236221, 39.035713245734385 ], [ 74.037425535211156, 39.036947434188249 ], [ 74.036800518173536, 39.037990986535746 ], [ 74.036481882210083, 39.038941686496912 ], [ 74.036464881244683, 39.040133144722382 ], [ 74.036879033821307, 39.041042104373616 ], [ 74.037962955610041, 39.042051802616896 ], [ 74.039105883686474, 39.043204955986312 ], [ 74.043132203900853, 39.047574763823853 ], [ 74.044338347773632, 39.04858538272655 ], [ 74.045912652090067, 39.049455946047189 ], [ 74.047977829902621, 39.050139756317719 ], [ 74.049676937191734, 39.050820612985227 ], [ 74.059610892401622, 39.056142425317709 ], [ 74.068711059000904, 39.060074636914941 ], [ 74.070837142084258, 39.060806182570559 ], [ 74.07332681609094, 39.061731170665759 ], [ 74.075820632305195, 39.062608411353764 ], [ 74.078039873308327, 39.06338758660835 ], [ 74.080258510601979, 39.064214381355384 ], [ 74.081981697885368, 39.065037459812309 ], [ 74.083211365036519, 39.065713864374871 ], [ 74.084377168725439, 39.066532776240493 ], [ 74.085234592887772, 39.067254071312853 ], [ 74.086087503792641, 39.068308969098048 ], [ 74.087726929790577, 39.07075190435355 ], [ 74.088521205863969, 39.071568036276055 ], [ 74.089992371024607, 39.072722782996635 ], [ 74.091899140877715, 39.073737718417085 ], [ 74.093437497094897, 39.074511607358303 ], [ 74.094917793058585, 39.074999070066269 ], [ 74.096649745383061, 39.075202368982445 ], [ 74.098941151612266, 39.07526672448428 ], [ 74.100797653603848, 39.075423203832827 ], [ 74.102097274359267, 39.075527957051577 ], [ 74.103333679317728, 39.075727564945247 ], [ 74.104321664968808, 39.075973026249962 ], [ 74.105120000413478, 39.07650309412854 ], [ 74.106289407677366, 39.077083494233015 ], [ 74.107710433893118, 39.077379715634272 ], [ 74.109069520518744, 39.077675471264214 ], [ 74.110119503140936, 39.07792133246226 ], [ 74.110921059931215, 39.078213064706738 ], [ 74.111224501068151, 39.078691875081439 ], [ 74.111278247289675, 39.079311886669771 ], [ 74.110837013970809, 39.079880685698811 ], [ 74.110269343261876, 39.080639228671558 ], [ 74.109454482495792, 39.081348329532702 ], [ 74.108132580122998, 39.082911721279011 ], [ 74.107506069194685, 39.083431509050875 ], [ 74.106935164359257, 39.084428330611466 ], [ 74.106614603697906, 39.085236298840648 ], [ 74.106541227349709, 39.086093711927155 ], [ 74.106960341110366, 39.087192993060228 ], [ 74.107567877618607, 39.088102975498252 ], [ 74.108238658179559, 39.088918081115324 ], [ 74.108727368511296, 39.089445894844758 ], [ 74.109210392369903, 39.090402636959517 ], [ 74.109503119393239, 39.091691652781023 ], [ 74.109427873124062, 39.092692044579564 ], [ 74.109101606481275, 39.093928948547486 ], [ 74.108720327924914, 39.094641158531068 ], [ 74.107714323540264, 39.095730176274238 ], [ 74.107026997984988, 39.09615419577851 ], [ 74.106031737991742, 39.096433000350579 ], [ 74.104668490262981, 39.096423158373945 ], [ 74.102994139977639, 39.096506372518682 ], [ 74.100883468782683, 39.096777052398899 ], [ 74.099023848400378, 39.096811202120627 ], [ 74.096855039100788, 39.096795403079042 ], [ 74.094934093178779, 39.096781377806728 ], [ 74.093196469864893, 39.096959317024591 ], [ 74.09152338629076, 39.096947050558072 ], [ 74.090102040500113, 39.096650628997551 ], [ 74.0888704843223, 39.096069611228572 ], [ 74.0882572990932, 39.095588462087335 ], [ 74.087709973181163, 39.094821814540985 ], [ 74.087471827440652, 39.094105109049849 ], [ 74.087362791593108, 39.093008048225151 ], [ 74.08756292087601, 39.091960929154851 ], [ 74.087761749434989, 39.091009127260371 ], [ 74.087898610086057, 39.090056869361533 ], [ 74.08803417566638, 39.089199926688323 ], [ 74.087856708204782, 39.08857899464315 ], [ 74.087252013110344, 39.087478279134871 ], [ 74.086705405572317, 39.086663967769482 ], [ 74.085790964144763, 39.085560957398691 ], [ 74.084997213640975, 39.084697150656453 ], [ 74.084077627339269, 39.083975396063366 ], [ 74.083158059779663, 39.083253634352779 ], [ 74.081687442080366, 39.082051143287863 ], [ 74.080492706654141, 39.078801155355002 ], [ 74.080254684925492, 39.078084434692919 ], [ 74.079896682069418, 39.077080838818887 ], [ 74.079595419705683, 39.076458972719287 ], [ 74.079293511370025, 39.075884764747045 ], [ 74.07855862922213, 39.075259667089455 ], [ 74.077945040449279, 39.07482612391577 ], [ 74.07726820579326, 39.074487432171154 ], [ 74.076407503822992, 39.074004373679259 ], [ 74.075242739017341, 39.07332832488455 ], [ 74.07440064977466, 39.072416181708782 ], [ 74.073924805285856, 39.071506876359862 ], [ 74.073566452654021, 39.070932128507842 ], [ 74.073269143414208, 39.070357853421001 ], [ 74.072727040685422, 39.069829338040989 ], [ 74.072001182881465, 39.069347051250247 ], [ 74.07139543575569, 39.069008688483237 ], [ 74.070544238976979, 39.068763737362481 ], [ 74.069205432519894, 39.068467308086802 ], [ 74.067990026061096, 39.068076501398806 ], [ 74.066776614282503, 39.067542708044414 ], [ 74.065561237484275, 39.067151876334769 ], [ 74.064591988621999, 39.066619973831315 ], [ 74.06343899717524, 39.06613428329949 ], [ 74.062466461342737, 39.065840654924877 ], [ 74.061493273690516, 39.065594677292658 ], [ 74.06058045676572, 39.065396830740163 ], [ 74.057495183647205, 39.063418259309444 ], [ 74.056583741593158, 39.063125066747659 ], [ 74.055368498431392, 39.062734130127936 ], [ 74.053846786680054, 39.062436076925621 ], [ 74.05269125780265, 39.062140913859743 ], [ 74.05141368468135, 39.061844766935955 ], [ 74.049953036403735, 39.061547148459788 ], [ 74.048494421156036, 39.061106536070838 ], [ 74.047279255833757, 39.060715515972589 ], [ 74.046184139054958, 39.060468437175238 ], [ 74.045026651106355, 39.060316174526257 ], [ 74.043684064852755, 39.060305404119532 ], [ 74.042522526465191, 39.060439065588213 ], [ 74.041419980845305, 39.060716181334286 ], [ 74.040374388019401, 39.06127972836638 ], [ 74.03926164328567, 39.062271695842611 ], [ 74.03857471286679, 39.063362415370428 ], [ 74.037942672961236, 39.064882548360757 ], [ 74.03755133601166, 39.066642939328503 ], [ 74.037212464821522, 39.068878487423412 ], [ 74.0372557154584, 39.070069574850855 ], [ 74.037599336686625, 39.071596678949696 ], [ 74.037766164528634, 39.072693588262005 ], [ 74.037994071354277, 39.073791025859535 ], [ 74.038524509236609, 39.075081613596772 ], [ 74.039118889046023, 39.07618223882875 ], [ 74.039900074994108, 39.077046345314301 ], [ 74.041949707689923, 39.078874025815779 ], [ 74.042248002940852, 39.079352897175546 ], [ 74.042483092144124, 39.079974105344746 ], [ 74.042953285504169, 39.081216520243039 ], [ 74.043245215255482, 39.082123989771731 ], [ 74.04365931664087, 39.083032516899102 ], [ 74.044193466956472, 39.084084966511014 ], [ 74.044485423732866, 39.084992432838668 ], [ 74.044592718773899, 39.085993555406219 ], [ 74.044397421879182, 39.086801547090268 ], [ 74.043774523115204, 39.08760583622697 ], [ 74.042913648090348, 39.087979403364869 ], [ 74.041690506357767, 39.088064048996642 ], [ 74.039249197115353, 39.087899950285689 ], [ 74.037235503138049, 39.087739528248449 ], [ 74.035400070801728, 39.087914026588457 ], [ 74.033382090342187, 39.088039269319424 ], [ 74.031794572788073, 39.087977739568316 ], [ 74.030637529265604, 39.087729450555784 ], [ 74.029609850201794, 39.087006005263362 ], [ 74.02871370503118, 39.085664537188457 ], [ 74.028064082571674, 39.084182348777929 ], [ 74.027720612127482, 39.082655219414484 ], [ 74.026923074675025, 39.078837931931012 ], [ 74.026510654367783, 39.077834106325092 ], [ 74.026098963798148, 39.07678265287295 ], [ 74.025318672590558, 39.075870836470536 ], [ 74.024536237808761, 39.075101878221993 ], [ 74.024183501559577, 39.074193826058369 ], [ 74.02396158220985, 39.072715387237075 ], [ 74.023749779010842, 39.070570237242542 ], [ 74.02390367734057, 39.06847594699375 ], [ 74.023784708440047, 39.064235965544349 ], [ 74.023806359332426, 39.062807301233079 ], [ 74.023826564126594, 39.061473882673461 ], [ 74.024027790409562, 39.06028494849032 ], [ 74.024164341163711, 39.059333583211924 ], [ 74.024239827383582, 39.058381679655447 ], [ 74.024261464808674, 39.056953015954257 ], [ 74.024096319421943, 39.055760843538444 ], [ 74.023866517086972, 39.054806244880737 ], [ 74.023629387325244, 39.054327738543513 ], [ 74.022662014117714, 39.0537001759931 ], [ 74.019024702725233, 39.051953304840318 ], [ 74.018179363863723, 39.051326630278908 ], [ 74.016972803368077, 39.050363340165347 ], [ 74.016011935165494, 39.049306967290569 ], [ 74.014871580338294, 39.048010842346045 ], [ 74.013913689337073, 39.046763964939885 ], [ 74.012843746679692, 39.044849074684699 ], [ 74.012368176417823, 39.0439871845319 ], [ 74.011834390321113, 39.042934153925479 ], [ 74.011035305979078, 39.039162085620227 ], [ 74.010932807688334, 39.037826649531169 ], [ 74.01095651034565, 39.036206280292966 ], [ 74.011040515038118, 39.034634074848498 ], [ 74.011179247506263, 39.033491294862628 ], [ 74.011506552287713, 39.031968772122688 ], [ 74.012342032330707, 39.02906821311776 ], [ 74.0124835137497, 39.02773479894816 ], [ 74.012555643449332, 39.026972777197393 ], [ 74.012199399848427, 39.026302528926095 ], [ 74.011293501897256, 39.025675380597448 ], [ 74.010325229764987, 39.02514303580287 ], [ 74.009109497971934, 39.024846942883393 ], [ 74.007891682725614, 39.024693810100899 ], [ 74.006671773782998, 39.024683639532725 ], [ 74.005878131685932, 39.02472467986307 ], [ 74.005027699498271, 39.024479258438873 ], [ 74.00472762968603, 39.024143102798931 ], [ 74.004494163639563, 39.023426194085523 ], [ 74.004692567650878, 39.022379248814509 ], [ 74.005134936735004, 39.021334341213198 ], [ 74.005453204419211, 39.020431386760308 ], [ 74.005399217708003, 39.019954297176945 ], [ 74.00515875534721, 39.019713968003558 ], [ 74.004488551354058, 39.019660703015902 ], [ 74.00344819571248, 39.019890321188569 ], [ 74.002400806647884, 39.020596508068643 ], [ 74.001895305072566, 39.021783866854577 ], [ 74.001513176011628, 39.022876930518152 ], [ 74.001013268832267, 39.02368302114003 ], [ 74.000211189692436, 39.024295919226304 ], [ 73.999045236657537, 39.024762760107684 ], [ 73.998246653550765, 39.025137353356044 ], [ 73.997444534250945, 39.025750229484842 ], [ 73.99650980803213, 39.027076940221924 ], [ 73.995887108316651, 39.027929638141465 ], [ 73.995448098444371, 39.028736218995078 ], [ 73.994825285871372, 39.029588813084516 ], [ 73.994331081997458, 39.029965355283018 ], [ 73.993352292974748, 39.030099346051287 ], [ 73.991768344220887, 39.029894422995547 ], [ 73.990131546687749, 39.029165077699162 ], [ 73.988680862965069, 39.02824689635618 ], [ 73.987534634031235, 39.027379110114246 ], [ 73.98649856557121, 39.027274378610585 ], [ 73.986006572364289, 39.02750801810712 ], [ 73.98580854711507, 39.028458777944024 ], [ 73.985788397499519, 39.02974456645731 ], [ 73.98559110964554, 39.030647703834781 ], [ 73.985212945800043, 39.031406299565283 ], [ 73.98490253459839, 39.031736855536948 ], [ 73.984164114891115, 39.032111115936523 ], [ 73.983364649945258, 39.032484810257849 ], [ 73.982683509094059, 39.033097730072519 ], [ 73.982121437982343, 39.033902253549236 ], [ 73.981989625839518, 39.034520213974929 ], [ 73.982101217852517, 39.035188039330578 ], [ 73.982605652991765, 39.038050387007935 ], [ 73.982529635992606, 39.039002259793037 ], [ 73.982085106622279, 39.040093631864998 ], [ 73.981638315717149, 39.041327868515502 ], [ 73.981382141958704, 39.042087569172935 ], [ 73.980753686727297, 39.043224873573109 ], [ 73.980372400184208, 39.044173936114156 ], [ 73.979928555010773, 39.045217676731717 ], [ 73.979546497415228, 39.046214357377124 ], [ 73.979047586937583, 39.046876559422017 ], [ 73.978494382454954, 39.047109602827881 ], [ 73.97782283529375, 39.047103410354488 ], [ 73.977158059222617, 39.046668619585006 ], [ 73.976496306143886, 39.046043339740322 ], [ 73.975903899451239, 39.044894782280345 ], [ 73.975558714032204, 39.043557994211952 ], [ 73.975151740863396, 39.042268260661729 ], [ 73.974796778684151, 39.041550550072571 ], [ 73.97438983299817, 39.040260816042775 ], [ 73.974293392613873, 39.038640552836597 ], [ 73.974070345577289, 39.037304889609963 ], [ 73.973612206724994, 39.035395505911794 ], [ 73.973454749820803, 39.03377467683238 ], [ 73.973047867235948, 39.032484937325201 ], [ 73.972573920846216, 39.031575602922302 ], [ 73.972032149665012, 39.031094292057368 ], [ 73.971176893198617, 39.031133987497995 ], [ 73.970801599350281, 39.03170204656459 ], [ 73.970663638136898, 39.03270096407735 ], [ 73.970212913703662, 39.034173263205517 ], [ 73.969701129931167, 39.035644993762936 ], [ 73.969016055251487, 39.036495938025773 ], [ 73.968150870330135, 39.037154687198395 ], [ 73.967350506377912, 39.037575893047084 ], [ 73.966678291787673, 39.037617258881063 ], [ 73.965951116528288, 39.037277078118485 ], [ 73.96504994752668, 39.036363729761106 ], [ 73.964092332501423, 39.035164073545744 ], [ 73.963433847174343, 39.034348234143749 ], [ 73.962588452057787, 39.033768787656037 ], [ 73.961736207012393, 39.033617926161625 ], [ 73.961184579185883, 39.033755646194535 ], [ 73.960680243975844, 39.034751118295105 ], [ 73.960295690101873, 39.035890379890382 ], [ 73.959671561970111, 39.036740879711594 ], [ 73.959047421572166, 39.037591378143738 ], [ 73.958915401386093, 39.038209115627055 ], [ 73.959384609677855, 39.039404995010365 ], [ 73.959552447757289, 39.04035942523344 ], [ 73.959415076753956, 39.041310510849719 ], [ 73.958974017990045, 39.042163012944322 ], [ 73.958105644297504, 39.043010829603595 ], [ 73.957183098100558, 39.043429377875071 ], [ 73.95626590880353, 39.043514571327982 ], [ 73.955231996787163, 39.043265071167447 ], [ 73.954693349037896, 39.042592336941034 ], [ 73.954524806411271, 39.041685524218352 ], [ 73.95466377728988, 39.040639200962772 ], [ 73.955171288651414, 39.039454038759487 ], [ 73.955674180655635, 39.038554600378937 ], [ 73.955902332491362, 39.038266478563813 ], [ 73.945186113379961, 39.040757983140601 ], [ 73.929943054790982, 39.044601223539281 ] ] ] ] } },
{ "type": "Feature", "properties": { "ID": 756, "周长": 0.026191971375739156, "面积": 2.566622631167137e-05, "FEATUREID": "OFBB004C1AJ430010020000028", "CHFCAC": "000028", "YSX": "1300", "QDIAA": "410301>410206", "GCJFLP": "灰色二云石英片岩、黑云绢云石英片岩、黑云变粒岩、石榴绢云石英片岩、大理岩", "QDUECD": "赛图拉岩群", "QDUECC": "→ChSt.", "GZEKG": "222100       ", "MDLHL": 0.0, "KWBED": "2517-1594-3124", "YSC": "3607", "YSD": "3207", "YSADAB": "", "QDIAB": "111000-251100", "YSWA": "07", "YSVA": "003", "QDIBE": "西昆仑变质带", "YSVAD": "", "DDCDS": "1220", "QDIMD": "", "fill_color": 28160, "pattern": 756, "pattern_color": 18432, "_src_file": "LDZOFBB004.WP", "_src_id": 27 }, "geometry": { "type": "MultiPolygon", "coordinates": [ [ [ [ 74.173165494271018, 39.102299602690039 ], [ 74.173583492712595, 39.102907974401994 ], [ 74.173799214022381, 39.10314166250707 ], [ 74.174175737213062, 39.103439936741211 ], [ 74.174497186883698, 39.10373776382697 ], [ 74.174819057758185, 39.104119918476876 ], [ 74.175035497597705, 39.104395769698137 ], [ 74.17530242974459, 39.104903968865067 ], [ 74.17548925270745, 39.105263924881925 ], [ 74.17559510331472, 39.105602129732979 ], [ 74.17564745419763, 39.105855560591692 ], [ 74.175699946963022, 39.10608790872444 ], [ 74.175833129296592, 39.106384172960148 ], [ 74.17596563303411, 39.106596338714667 ], [ 74.176073051055141, 39.106787368802344 ], [ 74.176179469617139, 39.106978401044458 ], [ 74.176284955434213, 39.107254083375196 ], [ 74.176362611771111, 39.107593112795499 ], [ 74.176383071723578, 39.108016508049815 ], [ 74.176383205248285, 39.108185810651293 ], [ 74.176327544104396, 39.108312502746806 ], [ 74.176217853298922, 39.10841774735448 ], [ 74.176107628937189, 39.108480667897688 ], [ 74.176079496787679, 39.108480525681664 ], [ 74.175972507093576, 39.108522283001378 ], [ 74.175781123622983, 39.108563613398786 ], [ 74.175403692051233, 39.108434649008395 ], [ 74.175295574028937, 39.108307103164009 ], [ 74.175190855467221, 39.108052583103195 ], [ 74.17511647873161, 39.107417276331503 ], [ 74.175009765009563, 39.107162753858915 ], [ 74.174849086199885, 39.106971437851904 ], [ 74.174634448189636, 39.106843321375592 ], [ 74.174417343159419, 39.106757532960309 ], [ 74.173904510777149, 39.106606687693684 ], [ 74.173307585340837, 39.106518900941801 ], [ 74.172655696982488, 39.106494312193945 ], [ 74.171653416182792, 39.106531349861633 ], [ 74.16942580655089, 39.106604249369731 ], [ 74.168966596035091, 39.106601809206182 ], [ 74.168695293752918, 39.1066003703001 ], [ 74.168233374708961, 39.10666141418492 ], [ 74.167933943705862, 39.106659831737879 ], [ 74.167528936682444, 39.106573021798589 ], [ 74.167177307434997, 39.106464770671209 ], [ 74.166801788477983, 39.106271633928429 ], [ 74.166329203790099, 39.106009886871291 ], [ 74.166329203790099, 39.106009886871291 ], [ 74.173165494271018, 39.102299602690039 ] ] ] ] } },
{ "type": "Feature", "properties": { "ID": 760, "周长": 0.032144127284872391, "面积": 2.1745335449185887e-05, "FEATUREID": "OFBB004C1AJ430010020000029", "CHFCAC": "000029", "YSX": "1300", "QDIAA": "410301>410206", "GCJFLP": "灰色二云石英片岩、黑云绢云石英片岩、黑云变粒岩、石榴绢云石英片岩、大理岩", "QDUECD": "赛图拉岩群", "QDUECC": "→ChSt.", "GZEKG": "222100       ", "MDLHL": 0.0, "KWBED": "2517-1594-3124", "YSC": "3607", "YSD": "3207", "YSADAB": "", "QDIAB": "111000-251100", "YSWA": "07", "YSVA": "003", "QDIBE": "西昆仑变质带", "YSVAD": "", "DDCDS": "1220", "QDIMD": "", "fill_color": 31232, "pattern": 756, "pattern_color": 18432, "_src_file": "LDZOFBB004.WP", "_src_id": 28 }, "geometry": { "type": "MultiPolygon", "coordinates": [ [ [ [ 74.198821782076323, 39.097919973155847 ], [ 74.210288016611898, 39.095054627498065 ], [ 74.210288016611898, 39.095054627498065 ], [ 74.210053017656804, 39.095333511771116 ], [ 74.209964662594558, 39.095612043886852 ], [ 74.209901648488696, 39.095913959473947 ], [ 74.209901411060187, 39.096099924205113 ], [ 74.209899862808982, 39.096332380100868 ], [ 74.210103881338412, 39.096705280887825 ], [ 74.210337023487611, 39.096985340245453 ], [ 74.210953893460555, 39.097383427162136 ], [ 74.211308348189704, 39.097617546507493 ], [ 74.211601961435363, 39.097828140732517 ], [ 74.211717883698441, 39.09799141571159 ], [ 74.211776801797825, 39.09815441101329 ], [ 74.211773569151077, 39.098340375743568 ], [ 74.21177379800443, 39.098456604817883 ], [ 74.211713033514613, 39.098572540862222 ], [ 74.211623659780841, 39.09871151990702 ], [ 74.211475444055395, 39.098826968004659 ], [ 74.211211249287189, 39.098941824920388 ], [ 74.210856271840271, 39.099102713174773 ], [ 74.210501591491251, 39.099217127109263 ], [ 74.21002818328995, 39.099447131918161 ], [ 74.209583013055394, 39.099561101038958 ], [ 74.209142440640107, 39.099582119802044 ], [ 74.208877582517502, 39.099487840737815 ], [ 74.208731004218293, 39.099347681500618 ], [ 74.208584873556234, 39.099137811135378 ], [ 74.20849773445542, 39.098928235257254 ], [ 74.207943259632643, 39.097693874436843 ], [ 74.20777054133417, 39.097344432587128 ], [ 74.207565176985028, 39.097018081758172 ], [ 74.207448800176991, 39.096924540562291 ], [ 74.207299929196509, 39.096830852759012 ], [ 74.207153459777857, 39.096830111205406 ], [ 74.207006692298108, 39.096875842689293 ], [ 74.206947555729229, 39.096898782779192 ], [ 74.206354524537431, 39.097383783409008 ], [ 74.206057631785043, 39.097684374614992 ], [ 74.205789379440063, 39.097961876423312 ], [ 74.205521275954979, 39.098216142120236 ], [ 74.205283967809834, 39.098424081014308 ], [ 74.205047259891401, 39.0985390752911 ], [ 74.204842494276434, 39.098584505285395 ], [ 74.204429570510285, 39.098582417852249 ], [ 74.204164119732155, 39.098581076768468 ], [ 74.203898972023381, 39.098533259667136 ], [ 74.203692812014211, 39.098485743545822 ], [ 74.203457760942655, 39.098345128751433 ], [ 74.203193126270591, 39.098064941974997 ], [ 74.20301806736019, 39.097924625874278 ], [ 74.202842009147588, 39.097784309511574 ], [ 74.202665343993147, 39.097736939200594 ], [ 74.20248838092202, 39.097736041818514 ], [ 74.202279768119581, 39.0977582318339 ], [ 74.202133995649859, 39.09780395708151 ], [ 74.201865939257686, 39.097895554845884 ], [ 74.200980530209705, 39.098286084226295 ], [ 74.200626445975232, 39.098307521723051 ], [ 74.200331501421445, 39.098306021478741 ], [ 74.19991857968698, 39.098303918085954 ], [ 74.199564951017393, 39.098255641523117 ], [ 74.199299110957867, 39.09816134086303 ], [ 74.198821782076323, 39.097919973155847 ] ] ] ] } },
{ "type": "Feature", "properties": { "ID": 761, "周长": 0.043306993605487856, "面积": 8.6649235815066533e-05, "FEATUREID": "OFBB004C1AJ430010020000030", "CHFCAC": "000030", "YSX": "1300", "QDIAA": "410301>410206", "GCJFLP": "灰色二云石英片岩、黑云绢云石英片岩、黑云变粒岩、石榴绢云石英片岩、大理岩", "QDUECD": "赛图拉岩群", "QDUECC": "→ChSt.", "GZEKG": "222100       ", "MDLHL": 0.0, "KWBED": "2517-1594-3124", "YSC": "3607", "YSD": "3207", "YSADAB": "", "QDIAB": "111000-251100", "YSWA": "07", "YSVA": "003", "QDIBE": "西昆仑变质带", "YSVAD": "", "DDCDS": "1220", "QDIMD": "", "fill_color": -31232, "pattern": 756, "pattern_color": 18432, "_src_file": "LDZOFBB004.WP", "_src_id": 29 }, "geometry": { "type": "MultiPolygon", "coordinates": [ [ [ [ 74.210288016611898, 39.095054627498065 ], [ 74.210500597430794, 39.094870680573742 ], [ 74.210587251232695, 39.094847850704021 ], [ 74.210705401611648, 39.094825159659194 ], [ 74.210914202642755, 39.094779638355163 ], [ 74.211209346902393, 39.094757779782448 ], [ 74.211413992521543, 39.094735504306733 ], [ 74.21162279574493, 39.094689981757242 ], [ 74.211739252230245, 39.094620798437532 ], [ 74.212007821497053, 39.094459323300754 ], [ 74.212185894478722, 39.094297434244844 ], [ 74.212363118345678, 39.094112298153149 ], [ 74.212483036770919, 39.093973376110405 ], [ 74.212599339597659, 39.093927438640115 ], [ 74.212866826299035, 39.093928681879412 ], [ 74.213867809956056, 39.094072850506258 ], [ 74.214073781752361, 39.094073781999342 ], [ 74.214311627176627, 39.094028355836826 ], [ 74.214637482880562, 39.093936837342092 ], [ 74.214873632117474, 39.093844918770763 ], [ 74.215172071411814, 39.093730020454579 ], [ 74.215289104816932, 39.093614323805447 ], [ 74.215440314701894, 39.093405778171878 ], [ 74.215529697110853, 39.093150473827102 ], [ 74.215620925341568, 39.092918416146041 ], [ 74.215593497627708, 39.09259284369687 ], [ 74.21553519518821, 39.092313631097262 ], [ 74.215417609845389, 39.092057395681039 ], [ 74.215185522695094, 39.091684402786782 ], [ 74.213599526124355, 39.089887248219853 ], [ 74.213075194931989, 39.089187395859547 ], [ 74.212841916777606, 39.088628396461026 ], [ 74.212731223200265, 39.088138367519726 ], [ 74.212731223200265, 39.088138367519726 ], [ 74.201801220645052, 39.091989527796677 ], [ 74.201801220645052, 39.091989527796677 ], [ 74.201519766316324, 39.092340032398489 ], [ 74.201103449808997, 39.09270972135517 ], [ 74.200334702700474, 39.093309978352735 ], [ 74.199030176870423, 39.094349017108016 ], [ 74.198671362982623, 39.094788709500953 ], [ 74.198075018744333, 39.095924296272173 ], [ 74.197956056539851, 39.096225770657838 ], [ 74.197835789210558, 39.09657371803398 ], [ 74.197833178152152, 39.09666666429316 ], [ 74.197863601006731, 39.096829472491763 ], [ 74.197949859474463, 39.09701581835332 ], [ 74.198123684561409, 39.097342036760715 ], [ 74.198821782076323, 39.097919973155847 ], [ 74.198821782076323, 39.097919973155847 ], [ 74.210288016611898, 39.095054627498065 ] ] ] ] } },
{ "type": "Feature", "properties": { "ID": 765, "周长": 0.17393833222569499, "面积": 0.0012022375927870175, "FEATUREID": "OFBB004C1AJ430010020000031", "CHFCAC": "000031", "YSX": "1300", "QDIAA": "410301>410206", "GCJFLP": "灰色二云石英片岩、黑云绢云石英片岩、黑云变粒岩、石榴绢云石英片岩、大理岩", "QDUECD": "赛图拉岩群", "QDUECC": "→ChSt.", "GZEKG": "222100       ", "MDLHL": 0.0, "KWBED": "2517-1594-3124", "YSC": "3607", "YSD": "3207", "YSADAB": "", "QDIAB": "111000-251100", "YSWA": "07", "YSVA": "003", "QDIBE": "西昆仑变质带", "YSVAD": "", "DDCDS": "1220", "QDIMD": "", "fill_color": -26112, "pattern": 756, "pattern_color": 18432, "_src_file": "LDZOFBB004.WP", "_src_id": 30 }, "geometry": { "type": "MultiPolygon", "coordinates": [ [ [ [ 74.235030777919789, 39.037441195672194 ], [ 74.231937168206855, 39.040735727339666 ], [ 74.231211883700936, 39.041430001441441 ], [ 74.22922395341476, 39.043040485040429 ], [ 74.228676421185611, 39.043510416009021 ], [ 74.228215798636583, 39.043800520112541 ], [ 74.226574819214974, 39.044826950528602 ], [ 74.225913405881997, 39.045070611643887 ], [ 74.225194666576044, 39.045291338255197 ], [ 74.224763321089924, 39.045446321317932 ], [ 74.222924275827651, 39.045794879117942 ], [ 74.220424774870963, 39.046161542765169 ], [ 74.219246004575439, 39.046423517941541 ], [ 74.218469235366669, 39.046665555935824 ], [ 74.217864144664475, 39.046998649258924 ], [ 74.216856084190695, 39.047486367825172 ], [ 74.215001446124603, 39.0489397369169 ], [ 74.214162346420864, 39.049543254989779 ], [ 74.213528977581916, 39.050034520061175 ], [ 74.210041494058373, 39.053119303758187 ], [ 74.209645100922472, 39.053409126832193 ], [ 74.209645100922472, 39.053409126832193 ], [ 74.207019559442955, 39.05532869802925 ], [ 74.206357293256943, 39.055842251893999 ], [ 74.205695017501711, 39.056355799601519 ], [ 74.20511934085296, 39.056779840207732 ], [ 74.204573763865326, 39.057092660328991 ], [ 74.203770485422524, 39.057494818785123 ], [ 74.202593272716825, 39.058188477557117 ], [ 74.198464712058424, 39.059870102885718 ], [ 74.198465712058422, 39.059870102885718 ], [ 74.198445612474771, 39.060320958550577 ], [ 74.198363763282515, 39.060701398560845 ], [ 74.198280898884747, 39.060976045290225 ], [ 74.198143884985726, 39.061208095692308 ], [ 74.197927169304393, 39.061482044637749 ], [ 74.197573633770944, 39.061966881501398 ], [ 74.197196518773879, 39.06243042111938 ], [ 74.196763451809232, 39.062830203503871 ], [ 74.194705467970948, 39.064870145835052 ], [ 74.194406459861256, 39.065248621315796 ], [ 74.192661651655428, 39.067329727157336 ], [ 74.192249915778731, 39.068024313791533 ], [ 74.191840406338258, 39.068634452627279 ], [ 74.190194133430211, 39.070905486373988 ], [ 74.189857798909216, 39.071621365558826 ], [ 74.189662861351678, 39.07216915410757 ], [ 74.189183306224578, 39.073517588519529 ], [ 74.188609580525707, 39.075226769263693 ], [ 74.188049312233773, 39.076963384388037 ], [ 74.187860461029757, 39.077843821563761 ], [ 74.187753485446791, 39.079003158942925 ], [ 74.187803925287227, 39.079676237245657 ], [ 74.187882003260526, 39.080419084933496 ], [ 74.188121844068519, 39.082416336910278 ], [ 74.189023568619632, 39.085210243372622 ], [ 74.189228530678562, 39.085606507290692 ], [ 74.189551354503067, 39.086119662404904 ], [ 74.189845915382705, 39.086423509552517 ], [ 74.190082555911246, 39.086517872234985 ], [ 74.190408481006131, 39.0865662890618 ], [ 74.190616082709582, 39.086567525461739 ], [ 74.190881163469527, 39.086522620155009 ], [ 74.191119697765174, 39.086430891918624 ], [ 74.191295565453444, 39.08629238684334 ], [ 74.191534872938618, 39.086084473745743 ], [ 74.191771955974076, 39.085760378399499 ], [ 74.192099975730855, 39.085064950340211 ], [ 74.192880499008979, 39.083302800606837 ], [ 74.194037946447907, 39.082006748505108 ], [ 74.194456842097239, 39.08166095967281 ], [ 74.194811153073573, 39.081454001350487 ], [ 74.195373652098596, 39.081271226364493 ], [ 74.195907595939389, 39.081181049023577 ], [ 74.196615969024293, 39.081138094215454 ], [ 74.197057635007454, 39.081117042125548 ], [ 74.197499038075833, 39.081119173554548 ], [ 74.197911947440062, 39.081121163474236 ], [ 74.198205823413758, 39.081215326961264 ], [ 74.198590184543718, 39.081309913264306 ], [ 74.198939995290161, 39.081497101779597 ], [ 74.199322771900484, 39.081730803615407 ], [ 74.200637340723716, 39.083061235200731 ], [ 74.200959147256398, 39.083597435544441 ], [ 74.201485842947591, 39.084367079491763 ], [ 74.201776537276132, 39.084996121033008 ], [ 74.201833796175492, 39.085252105942615 ], [ 74.201889581637573, 39.085577826461865 ], [ 74.201886960298083, 39.086112473960739 ], [ 74.201695657033568, 39.088226981226875 ], [ 74.201691191771204, 39.088738384011123 ], [ 74.201718852763562, 39.089156947845943 ], [ 74.201804663746287, 39.0895525449695 ], [ 74.201889478540338, 39.089948142033023 ], [ 74.201976291341822, 39.090343741248574 ], [ 74.202061634163996, 39.090809075988638 ], [ 74.202117480505223, 39.091134715462459 ], [ 74.202056770830637, 39.091552678778605 ], [ 74.201801220645052, 39.091989527796677 ], [ 74.201801220645052, 39.091989527796677 ], [ 74.212731223200265, 39.088138367519726 ], [ 74.212731223200265, 39.088138367519726 ], [ 74.212729316103307, 39.087814244711943 ], [ 74.212732777954287, 39.087442314522569 ], [ 74.212793769220696, 39.087140396800713 ], [ 74.212911292240676, 39.086908491478994 ], [ 74.213091189624052, 39.086769845128082 ], [ 74.213268777838849, 39.086677692026129 ], [ 74.213473707583915, 39.08660891908783 ], [ 74.213681328733031, 39.086586639312749 ], [ 74.213945787973941, 39.08658787980989 ], [ 74.214183632764076, 39.086681931610656 ], [ 74.214389970437267, 39.086775844922244 ], [ 74.214714872903414, 39.086823799650524 ], [ 74.215039080222525, 39.086825262163849 ], [ 74.215363290459507, 39.086826723789656 ], [ 74.21566108565078, 39.086804806383732 ], [ 74.215777649110152, 39.086758847069994 ], [ 74.215957644502865, 39.086666658820697 ], [ 74.216076817858124, 39.086527716568355 ], [ 74.216327662957923, 39.0843436826828 ], [ 74.216451575819022, 39.08364896108445 ], [ 74.216541881043881, 39.083441409337546 ], [ 74.216634670956651, 39.083280138023149 ], [ 74.216753127405738, 39.083119101947872 ], [ 74.216845151674207, 39.083027253533011 ], [ 74.216905505989942, 39.082935165250213 ], [ 74.217025196668956, 39.082843551960593 ], [ 74.217144628380993, 39.082775078797013 ], [ 74.21735356865797, 39.082661037211267 ], [ 74.217501410812574, 39.082615941356032 ], [ 74.217709330588661, 39.082594462493937 ], [ 74.21797732530689, 39.082596595788047 ], [ 74.218183475750607, 39.082644534643663 ], [ 74.218447427932503, 39.082831791347367 ], [ 74.218596224475561, 39.08297182081867 ], [ 74.218959649091502, 39.083402344992017 ], [ 74.218959649091502, 39.083402344992017 ], [ 74.222005662917297, 39.080951708408001 ], [ 74.222496091540847, 39.080688881515037 ], [ 74.226930745088907, 39.078213310599843 ], [ 74.226930745088907, 39.078213310599843 ], [ 74.226304538503271, 39.075382538110382 ], [ 74.225683840104963, 39.072383052307586 ], [ 74.225464601062654, 39.070822529308749 ], [ 74.225358174170708, 39.069704797997773 ], [ 74.22538990424195, 39.069332564966402 ], [ 74.225427163179177, 39.06882069033378 ], [ 74.225464710938567, 39.068099352113059 ], [ 74.225592504876744, 39.067262087674692 ], [ 74.225749702339755, 39.066448243576531 ], [ 74.225996885984017, 39.065541748121397 ], [ 74.226721893084616, 39.064335054691306 ], [ 74.226992486264564, 39.063964965446075 ], [ 74.227957501921978, 39.062206554451976 ], [ 74.22841071880012, 39.061443192433181 ], [ 74.228772173407194, 39.060864982044023 ], [ 74.229223266247388, 39.060008822116842 ], [ 74.230400139948017, 39.057720170002739 ], [ 74.230669388988801, 39.057073712968581 ], [ 74.230880610663775, 39.056565766050078 ], [ 74.231060962663705, 39.056103923993895 ], [ 74.231299477274177, 39.055480418092053 ], [ 74.231391240361987, 39.054994842596685 ], [ 74.231453715740102, 39.054462767231342 ], [ 74.231457614791381, 39.053837701277189 ], [ 74.231139067443408, 39.052909531909336 ], [ 74.230617276699903, 39.051216026567062 ], [ 74.2305031629339, 39.050705930833814 ], [ 74.230387759045229, 39.050242137565462 ], [ 74.229984880179828, 39.04845680654126 ], [ 74.229869775106636, 39.047946712285686 ], [ 74.229931254817743, 39.04741463715014 ], [ 74.229991716119585, 39.047044620025694 ], [ 74.230115194947729, 39.046536087615451 ], [ 74.230471284930132, 39.045912187437004 ], [ 74.230799284443876, 39.04551948227887 ], [ 74.232373993350308, 39.044043316613013 ], [ 74.232938339818034, 39.043466352051375 ], [ 74.234013281569077, 39.042242378262394 ], [ 74.23416389871835, 39.041964641232674 ], [ 74.234314514649043, 39.041686906235157 ], [ 74.234466085313528, 39.041293038584627 ], [ 74.234648466926231, 39.04076001092966 ], [ 74.234861612895273, 39.039971690600474 ], [ 74.235027760875766, 39.037928781263368 ], [ 74.235031777919787, 39.037441195672194 ], [ 74.235030777919789, 39.037441195672194 ] ] ] ] } },
{ "type": "Feature", "properties": { "ID": 767, "周长": 0.098209037507385022, "面积": 0.00024949140297282851, "FEATUREID": "OFBB004C1AJ430010020000032", "CHFCAC": "000032", "YSX": "1300", "QDIAA": "410301>410206", "GCJFLP": "灰色二云石英片岩、黑云绢云石英片岩、黑云变粒岩、石榴绢云石英片岩、大理岩", "QDUECD": "赛图拉岩群", "QDUECC": "→ChSt.", "GZEKG": "222100       ", "MDLHL": 0.0, "KWBED": "2517-1594-3124", "YSC": "3607", "YSD": "3207", "YSADAB": "", "QDIAB": "111000-251100", "YSWA": "07", "YSVA": "003", "QDIBE": "西昆仑变质带", "YSVAD": "", "DDCDS": "1220", "QDIMD": "", "fill_color": -17920, "pattern": 756, "pattern_color": 18432, "_src_file": "LDZOFBB004.WP", "_src_id": 31 }, "geometry": { "type": "MultiPolygon", "coordinates": [ [ [ [ 74.953441511374024, 39.080148426575001 ], [ 74.953441718933774, 39.080148491142218 ], [ 74.953442511374021, 39.080148426575001 ], [ 74.953441511374024, 39.080148426575001 ] ] ], [ [ [ 74.944088902674281, 39.08040481312716 ], [ 74.943373084982227, 39.080430312399209 ], [ 74.942589158832604, 39.080428832418264 ], [ 74.941839134653563, 39.080507942665648 ], [ 74.941293434435863, 39.080667970665026 ], [ 74.940406710354338, 39.08090787621537 ], [ 74.939724547331878, 39.081121324656344 ], [ 74.93921273986156, 39.081361938985211 ], [ 74.93866666232816, 39.081683017025021 ], [ 74.938291062647622, 39.081977579271971 ], [ 74.9379492389657, 39.082406423590072 ], [ 74.937675397141959, 39.082915931319206 ], [ 74.93716184833994, 39.083908165901022 ], [ 74.936922510840205, 39.08422983062804 ], [ 74.936649023999408, 39.084578271252383 ], [ 74.936204893993718, 39.084952789165278 ], [ 74.93586347180495, 39.085112644236254 ], [ 74.935419980622555, 39.085218791113633 ], [ 74.934772063414357, 39.085297786225212 ], [ 74.934294765929579, 39.085323606116383 ], [ 74.933476605458196, 39.085348754944313 ], [ 74.932624453222232, 39.085347078940643 ], [ 74.931704316489785, 39.085291755748898 ], [ 74.930375814857911, 39.08523551562579 ], [ 74.926231309153181, 39.085011228326891 ], [ 74.925313721899158, 39.085062441633497 ], [ 74.924633974253652, 39.085114243051493 ], [ 74.923954029480356, 39.085219546959991 ], [ 74.923273787711025, 39.085405105450654 ], [ 74.920926056765282, 39.086282009989773 ], [ 74.920381314581007, 39.086574906471199 ], [ 74.918881781281954, 39.087774959135281 ], [ 74.918575073040458, 39.088014949511823 ], [ 74.917961650318574, 39.088494930060094 ], [ 74.917450256337048, 39.088948414373633 ], [ 74.917006213528666, 39.08956258784076 ], [ 74.916664406644486, 39.090096765394918 ], [ 74.916321284959082, 39.090978723256086 ], [ 74.915678830948423, 39.092517549731255 ], [ 74.915677830948425, 39.092517549731255 ], [ 74.917685341614103, 39.09294627620497 ], [ 74.919103473353232, 39.093332565538574 ], [ 74.919649874707872, 39.093461529215588 ], [ 74.920742214066678, 39.093847012067982 ], [ 74.921185232652775, 39.094007603540803 ], [ 74.921489584765141, 39.094135941413434 ], [ 74.921751545799708, 39.094232281707058 ], [ 74.922015507548181, 39.094328623658612 ], [ 74.922561040600087, 39.094425680630557 ], [ 74.923129829396103, 39.094522788929282 ], [ 74.923595697264588, 39.094523962107786 ], [ 74.924079816510059, 39.09452518264262 ], [ 74.92442632847272, 39.094478211926976 ], [ 74.92476901218167, 39.094383399491115 ], [ 74.925863477237712, 39.094194786458232 ], [ 74.926230528801852, 39.094068130057757 ], [ 74.926534987820943, 39.093893483190293 ], [ 74.926737286269955, 39.093686689717849 ], [ 74.927001575851335, 39.093416267172607 ], [ 74.927634092578842, 39.092413237522159 ], [ 74.92783549986315, 39.092174553512322 ], [ 74.928061043086799, 39.091967808479048 ], [ 74.928343291681671, 39.091777160620381 ], [ 74.928669989048117, 39.091602558821705 ], [ 74.929420592101451, 39.091269546152049 ], [ 74.931043666435386, 39.090635485638259 ], [ 74.931367992286056, 39.090572346163462 ], [ 74.93163424424435, 39.090540977562227 ], [ 74.933037234521123, 39.090256719292633 ], [ 74.933341237375714, 39.090193535614219 ], [ 74.93360665615792, 39.090114324037835 ], [ 74.933849757797105, 39.090035073313551 ], [ 74.93403179002118, 39.089987592870152 ], [ 74.934195618907196, 39.089908182817993 ], [ 74.934440774393224, 39.089812985436154 ], [ 74.934765482340822, 39.08963821628744 ], [ 74.93519461943707, 39.089224454294403 ], [ 74.935744602480227, 39.088826876754439 ], [ 74.936110992719051, 39.088636234821955 ], [ 74.936495699969797, 39.088445634324231 ], [ 74.937270665833381, 39.08819199285432 ], [ 74.93855201131332, 39.08781175871453 ], [ 74.939121459280841, 39.087653391017703 ], [ 74.939749909094274, 39.087479189933454 ], [ 74.941683257929725, 39.086845024794897 ], [ 74.942089988552539, 39.086734172261572 ], [ 74.942415283776526, 39.086671004153345 ], [ 74.942821793174275, 39.086623933041743 ], [ 74.943389841012163, 39.086577164722087 ], [ 74.944101108532465, 39.086530662305428 ], [ 74.945665972192373, 39.086406013602492 ], [ 74.946153748613284, 39.086359081300699 ], [ 74.946744897862516, 39.086376119260336 ], [ 74.948103929037927, 39.086522745876316 ], [ 74.948480517891966, 39.086466277842533 ], [ 74.948791646207397, 39.086385264858997 ], [ 74.949345509312337, 39.086250300703917 ], [ 74.949831979205172, 39.086142405272504 ], [ 74.950214495451121, 39.086034317107426 ], [ 74.951477956021293, 39.085819049759372 ], [ 74.951739056807696, 39.085751531920522 ], [ 74.951947182713425, 39.085683917781665 ], [ 74.952208326407472, 39.085602799896293 ], [ 74.95251958091842, 39.085480982169059 ], [ 74.952813550481338, 39.085345535072406 ], [ 74.953127756252997, 39.085237314712444 ], [ 74.953457181702262, 39.085129143174463 ], [ 74.953717199843823, 39.085075217650754 ], [ 74.954029295448464, 39.085007267989575 ], [ 74.954432498945096, 39.08495293481166 ], [ 74.954465367810045, 39.08495293942552 ], [ 74.955060167359122, 39.084939435272474 ], [ 74.955443765134632, 39.084925895642023 ], [ 74.955914471512827, 39.084925968721237 ], [ 74.957149738946327, 39.085048555404505 ], [ 74.958947119139864, 39.085116800107052 ], [ 74.95919135818545, 39.085076030235697 ], [ 74.95941745283713, 39.08496725428521 ], [ 74.959576067584763, 39.084790418189911 ], [ 74.959645627588486, 39.084558968793758 ], [ 74.959613171586966, 39.08416412396658 ], [ 74.959578935758145, 39.083987124404658 ], [ 74.959439345096101, 39.08374203266218 ], [ 74.959335720074336, 39.08346971661571 ], [ 74.959161411034287, 39.083183777057002 ], [ 74.958990055061236, 39.082911449746071 ], [ 74.95877963920141, 39.082693580188533 ], [ 74.958503734349762, 39.082407627362059 ], [ 74.958156202453097, 39.082094430575175 ], [ 74.957843192396595, 39.081876546500467 ], [ 74.957424903272923, 39.081644713400436 ], [ 74.957075746169465, 39.081467176518927 ], [ 74.955759144563245, 39.080580604404169 ], [ 74.953975967870448, 39.080314684095939 ], [ 74.953441718933774, 39.080148491142218 ], [ 74.947258178096988, 39.080652319717707 ], [ 74.944088902674281, 39.08040481312716 ] ] ] ] } },
{ "type": "Feature", "properties": { "ID": 770, "周长": 0.17235660100837896, "面积": 0.00070739989903721018, "FEATUREID": "OFBB004C1AJ430010020000033", "CHFCAC": "000033", "YSX": "1300", "QDIAA": "410301>410206", "GCJFLP": "灰色二云石英片岩、黑云绢云石英片岩、黑云变粒岩、石榴绢云石英片岩、大理岩", "QDUECD": "赛图拉岩群", "QDUECC": "→ChSt.", "GZEKG": "222100       ", "MDLHL": 0.0, "KWBED": "2517-1594-3124", "YSC": "3607", "YSD": "3207", "YSADAB": "", "QDIAB": "111000-251100", "YSWA": "07", "YSVA": "003", "QDIBE": "西昆仑变质带", "YSVAD": "", "DDCDS": "1220", "QDIMD": "", "fill_color": -12800, "pattern": 756, "pattern_color": 18432, "_src_file": "LDZOFBB004.WP", "_src_id": 32 }, "geometry": { "type": "MultiPolygon", "coordinates": [ [ [ [ 74.279817134245803, 39.088678709328875 ], [ 74.279464616575623, 39.089558661587056 ], [ 74.279223245937175, 39.089927840778039 ], [ 74.279041442550962, 39.090181580241826 ], [ 74.278743012554074, 39.090411580972848 ], [ 74.278324724903186, 39.090640996164566 ], [ 74.277935376679125, 39.090847408194556 ], [ 74.27736813284713, 39.091214966216775 ], [ 74.276681253695997, 39.091558785342222 ], [ 74.275786595684082, 39.091878420134655 ], [ 74.275130802064481, 39.092083494458144 ], [ 74.274594322904491, 39.092242861312201 ], [ 74.274087708588752, 39.092286640224039 ], [ 74.273671776319716, 39.092377154381424 ], [ 74.273283326573505, 39.09249096355061 ], [ 74.271911566584848, 39.092873398824636 ], [ 74.271077001284951, 39.093051295866985 ], [ 74.270393607897006, 39.093092002048287 ], [ 74.270035544894739, 39.093112235786116 ], [ 74.269589774998863, 39.093177881992752 ], [ 74.2689915773921, 39.093311529320566 ], [ 74.26851556272527, 39.093515300601744 ], [ 74.268097265693783, 39.093696480691378 ], [ 74.267857625293416, 39.093856015345935 ], [ 74.267555256745652, 39.094130380366771 ], [ 74.267256632736832, 39.094427806174004 ], [ 74.267016737649314, 39.09461040065051 ], [ 74.266807584254678, 39.094700989257028 ], [ 74.266479245000909, 39.094721448524716 ], [ 74.266153159062924, 39.094718845283161 ], [ 74.265766604842881, 39.094715767553737 ], [ 74.265467759103302, 39.094667278255905 ], [ 74.264963767738223, 39.094617131619444 ], [ 74.263511043766357, 39.094305722326894 ], [ 74.26196535180479, 39.094155008277177 ], [ 74.261401134015145, 39.094173550921496 ], [ 74.260953842452992, 39.094285287026345 ], [ 74.260207421744667, 39.094556063840223 ], [ 74.259579282278921, 39.094758639922865 ], [ 74.258837183688883, 39.094891093144248 ], [ 74.258152999503253, 39.094977893327652 ], [ 74.257765331883746, 39.095113176782547 ], [ 74.257139016648992, 39.095338808496983 ], [ 74.256361905006045, 39.09567855413183 ], [ 74.255615490308699, 39.09601852920121 ], [ 74.254900541517586, 39.096289556450238 ], [ 74.254601585514081, 39.096380093693348 ], [ 74.253559198431546, 39.096582843749161 ], [ 74.25317348113748, 39.096650214229932 ], [ 74.252905282854144, 39.096741354320748 ], [ 74.252665774882942, 39.096832654836369 ], [ 74.252280077765093, 39.096992583954993 ], [ 74.251922559121979, 39.09710638994467 ], [ 74.251535834574199, 39.097173757173898 ], [ 74.251087974668138, 39.097217662099233 ], [ 74.250495900348938, 39.097237635001832 ], [ 74.250077727759702, 39.097281695379891 ], [ 74.249721449473256, 39.097372354176187 ], [ 74.249156837620745, 39.097508181727193 ], [ 74.248827757271215, 39.097645278218842 ], [ 74.248499430029298, 39.097805511902969 ], [ 74.247633927397729, 39.098124867297074 ], [ 74.246623694675719, 39.098373995699852 ], [ 74.246147144174799, 39.09851028497301 ], [ 74.245789594466572, 39.098531510491313 ], [ 74.245373661174625, 39.098552413614492 ], [ 74.244929279902081, 39.098550014102926 ], [ 74.244572482741816, 39.098594376249849 ], [ 74.244363143814184, 39.098639537473673 ], [ 74.244123618697117, 39.098730818060986 ], [ 74.243886598599971, 39.098868381113085 ], [ 74.243497870867628, 39.099028282920706 ], [ 74.242753584647261, 39.099209397334626 ], [ 74.242039228531283, 39.099274964523474 ], [ 74.24129792034681, 39.099270944602388 ], [ 74.240733762757216, 39.099175325342408 ], [ 74.240291868142208, 39.099034063815786 ], [ 74.239936059728748, 39.098985850383649 ], [ 74.239609197941235, 39.099007216743246 ], [ 74.239103933175002, 39.099050753587072 ], [ 74.23877682200434, 39.099095260185514 ], [ 74.238327943972948, 39.099231679627607 ], [ 74.236513255033159, 39.099753009605259 ], [ 74.235653105110799, 39.099817844017359 ], [ 74.234469868511979, 39.099882467557443 ], [ 74.233613338873354, 39.099878749938334 ], [ 74.230683617276981, 39.099912509039797 ], [ 74.228527498909983, 39.099670616270345 ], [ 74.227494447323309, 39.099526604125529 ], [ 74.226933814472687, 39.099338169070698 ], [ 74.226639013583807, 39.099197396063992 ], [ 74.226403946822742, 39.098963899244673 ], [ 74.226227067558369, 39.098567943154713 ], [ 74.226287400388429, 39.098382237515011 ], [ 74.226407170875035, 39.098150300083816 ], [ 74.226587375280516, 39.097872132896697 ], [ 74.226827015462817, 39.097547733429906 ], [ 74.227184673579657, 39.097107624573724 ], [ 74.227305181596776, 39.096759458887256 ], [ 74.227306523054665, 39.096550246738829 ], [ 74.227277145128014, 39.096364150699628 ], [ 74.227189930484585, 39.096131304201485 ], [ 74.227191269323271, 39.095922094267742 ], [ 74.227252450439437, 39.095759634810925 ], [ 74.227522583012075, 39.095133167200963 ], [ 74.228597714901412, 39.093581120759495 ], [ 74.228985962511373, 39.093260198935297 ], [ 74.229314852102192, 39.093123931612176 ], [ 74.229790587019039, 39.093035115465206 ], [ 74.231393555272945, 39.092885760277824 ], [ 74.231929632423231, 39.092704841849098 ], [ 74.232317856636683, 39.092476469919809 ], [ 74.232615566999385, 39.09229367890245 ], [ 74.23279509104924, 39.092156235964246 ], [ 74.233095302664339, 39.091834601742519 ], [ 74.233727389868562, 39.091098998306293 ], [ 74.234235533055866, 39.090663287585009 ], [ 74.234685076446326, 39.090342812420502 ], [ 74.235193458718754, 39.090069081999296 ], [ 74.23653331991207, 39.089639872432123 ], [ 74.23721630921365, 39.089598556385084 ], [ 74.23757306807839, 39.089554216297586 ], [ 74.237959511478337, 39.089510037608264 ], [ 74.238287574398157, 39.089372973599986 ], [ 74.238645321944063, 39.089143505047517 ], [ 74.238945186436567, 39.08886743235982 ], [ 74.239365292794176, 39.088453160806175 ], [ 74.240953866756769, 39.086957556169082 ], [ 74.243901710060925, 39.083974119213742 ], [ 74.243901710060925, 39.083974119213742 ], [ 74.262687616458464, 39.081237340810411 ], [ 74.273833496403753, 39.07996590179058 ], [ 74.276399750025902, 39.079536178675923 ], [ 74.277713591874374, 39.07949351195068 ], [ 74.27852765234482, 39.079497525444971 ], [ 74.279527622186322, 39.079503288963501 ], [ 74.286092053020425, 39.079962477386083 ], [ 74.293129062723125, 39.080662170102784 ], [ 74.301973068291986, 39.081522484875649 ], [ 74.301973068291986, 39.081522484875649 ], [ 74.293689019330557, 39.083486276201974 ], [ 74.283498360128974, 39.086853357712521 ], [ 74.283498360128974, 39.086853357712521 ], [ 74.283473195396041, 39.086374195043476 ], [ 74.28334511832621, 39.085289431274859 ], [ 74.283147547933197, 39.084367246638202 ], [ 74.282839965089579, 39.083715503481152 ], [ 74.281979460097787, 39.082708831672662 ], [ 74.28177334210497, 39.082544512284564 ], [ 74.281425574638973, 39.082433475009118 ], [ 74.28094000577353, 39.082513082163359 ], [ 74.280521738757798, 39.082620362065448 ], [ 74.280172658459051, 39.082754116774765 ], [ 74.279788000541444, 39.082968964268929 ], [ 74.279611522072898, 39.083130658288546 ], [ 74.279331186073449, 39.083346022634466 ], [ 74.279119591086882, 39.083643003281288 ], [ 74.278796901417863, 39.084725133697177 ], [ 74.278757107441876, 39.085131342164779 ], [ 74.278891995095947, 39.085457132849889 ], [ 74.279405529684368, 39.086380833431299 ], [ 74.279817134245803, 39.088678709328875 ] ] ] ] } },
{ "type": "Feature", "properties": { "ID": 771, "周长": 0.32381886741020599, "面积": 0.0010322601309116482, "FEATUREID": "OFBB004C1AJ430010020000034", "CHFCAC": "000034", "YSX": "1300", "QDIAA": "410301>410206", "GCJFLP": "灰色二云石英片岩、黑云绢云石英片岩、黑云变粒岩、石榴绢云石英片岩、大理岩", "QDUECD": "赛图拉岩群", "QDUECC": "→ChSt.", "GZEKG": "222100       ", "MDLHL": 0.0, "KWBED": "2517-1594-3124", "YSC": "3607", "YSD": "3207", "YSADAB": "", "QDIAB": "111000-251100", "YSWA": "07", "YSVA": "003", "QDIBE": "西昆仑变质带", "YSVAD": "", "DDCDS": "1220", "QDIMD": "", "fill_color": -7680, "pattern": 756, "pattern_color": 18432, "_src_file": "LDZOFBB004.WP", "_src_id": 33 }, "geometry": { "type": "MultiPolygon", "coordinates": [ [ [ [ 74.399008009822012, 39.040705270629964 ], [ 74.40030544073079, 39.040376729272197 ], [ 74.40118996105349, 39.040001270402037 ], [ 74.403941378566188, 39.038875691138621 ], [ 74.415707621645424, 39.033297854819878 ], [ 74.415707621645424, 39.033297854819878 ], [ 74.415670794534918, 39.033695410230692 ], [ 74.415613695515262, 39.03382521872642 ], [ 74.415481700984259, 39.034026857841695 ], [ 74.415294198118616, 39.03422812848774 ], [ 74.414284958650015, 39.035045951408321 ], [ 74.413576888578902, 39.035446271727672 ], [ 74.412795685111291, 39.035773774945788 ], [ 74.410715347323801, 39.036410837437813 ], [ 74.410047278341167, 39.036565493665861 ], [ 74.409656929033559, 39.036707536398715 ], [ 74.409266224681446, 39.036878507914921 ], [ 74.408987038919676, 39.037093017714739 ], [ 74.408801136883724, 39.037264617606979 ], [ 74.408242832167701, 39.037851571007394 ], [ 74.407252164329535, 39.039227860416744 ], [ 74.406855030942978, 39.039705041579573 ], [ 74.406556977097679, 39.040086953947608 ], [ 74.405633393188751, 39.04180911552794 ], [ 74.405531888294604, 39.042192702079561 ], [ 74.405480814666674, 39.042422937384508 ], [ 74.405453342919287, 39.042768711914704 ], [ 74.405421195354634, 39.043671905287084 ], [ 74.405318883612907, 39.044151598906623 ], [ 74.405267482554436, 39.044420278314739 ], [ 74.405167583787204, 39.04461165182974 ], [ 74.405068493517135, 39.044706917888846 ], [ 74.404870467664097, 39.044878230942487 ], [ 74.404499798492566, 39.045124957457936 ], [ 74.40427752317278, 39.04525761641252 ], [ 74.403882435856588, 39.045484908803445 ], [ 74.403708980697601, 39.045656428746092 ], [ 74.403510302268643, 39.045904625730877 ], [ 74.403235321485198, 39.046459729221198 ], [ 74.403110517593049, 39.046689333812793 ], [ 74.402961466137043, 39.046880284892474 ], [ 74.402515066897408, 39.047509637602388 ], [ 74.401230570338967, 39.049124691996077 ], [ 74.400881162864266, 39.049524383022671 ], [ 74.400681501729252, 39.049752778374526 ], [ 74.400507061354901, 39.049923894244209 ], [ 74.400308459282115, 39.050037366504995 ], [ 74.400110741808604, 39.050055071622452 ], [ 74.399789738698175, 39.050052717514774 ], [ 74.398884265637648, 39.049970671475371 ], [ 74.398417846443266, 39.050022308842202 ], [ 74.397837954727194, 39.050122244030838 ], [ 74.397193735079668, 39.050221938443656 ], [ 74.396838989840887, 39.050322692085373 ], [ 74.396354638115554, 39.05052501931555 ], [ 74.395739969666351, 39.050905453063713 ], [ 74.395415006643645, 39.051261437570766 ], [ 74.395090043234404, 39.051617421139852 ], [ 74.394732200080853, 39.052049820907257 ], [ 74.394406753404297, 39.052456824726093 ], [ 74.393952407248776, 39.052888867250694 ], [ 74.393433962000231, 39.053295157947019 ], [ 74.39298103054621, 39.053574123050694 ], [ 74.392108040139547, 39.054055636029922 ], [ 74.39178543212158, 39.054156492124839 ], [ 74.391301518401747, 39.054307773451093 ], [ 74.390207172329355, 39.054380247721625 ], [ 74.389692523275158, 39.054378332575943 ], [ 74.389370630247527, 39.054402645283169 ], [ 74.389241487270866, 39.054453189659306 ], [ 74.389080180470671, 39.054503614953596 ], [ 74.388400867943403, 39.054909281220596 ], [ 74.387784678845719, 39.055442745384653 ], [ 74.387621206536309, 39.055722771748435 ], [ 74.387521588942505, 39.056054065587517 ], [ 74.387486953429601, 39.056333962107402 ], [ 74.387546851059014, 39.056843145333879 ], [ 74.387672358941174, 39.057200071858517 ], [ 74.388051094783478, 39.058016443616587 ], [ 74.388431153167915, 39.058680174855915 ], [ 74.388493034401591, 39.058960397503171 ], [ 74.388490839892185, 39.059214797708499 ], [ 74.388359614571712, 39.059519316220225 ], [ 74.388163869427032, 39.059848894698199 ], [ 74.387871900245145, 39.060152458851242 ], [ 74.387549538564528, 39.060252311257862 ], [ 74.387099022583953, 39.060300516472743 ], [ 74.386585089907953, 39.060246580306575 ], [ 74.385846561084435, 39.060140421164022 ], [ 74.38331149936603, 39.059591035839667 ], [ 74.380324853165376, 39.059216975789909 ], [ 74.379842636536594, 39.059214081495327 ], [ 74.379520936147486, 39.059237591060203 ], [ 74.379070644394119, 39.059260327327479 ], [ 74.378684424986716, 39.059308889647632 ], [ 74.377846572607538, 39.059532818875176 ], [ 74.377362119558299, 39.059784316215065 ], [ 74.376974551774367, 39.059985511693903 ], [ 74.376650833664982, 39.060237972715299 ], [ 74.376423558227032, 39.060491016098958 ], [ 74.376227534129853, 39.060846014209147 ], [ 74.376159428099655, 39.06127810600411 ], [ 74.376155174045053, 39.061761467094115 ], [ 74.376432649727533, 39.063111532850414 ], [ 74.37655632489988, 39.063671989704034 ], [ 74.376553412963617, 39.064002709616567 ], [ 74.376519472732411, 39.064206036548853 ], [ 74.376421232091829, 39.064408974616519 ], [ 74.376098387376004, 39.064559675333719 ], [ 74.375707887782454, 39.064710911475963 ], [ 74.375316369820183, 39.064811672469702 ], [ 74.374925072239918, 39.064886991967519 ], [ 74.37446934753693, 39.064885825161234 ], [ 74.373949865614037, 39.064731846320242 ], [ 74.371874218170731, 39.063861511035896 ], [ 74.37135565205682, 39.06360576239431 ], [ 74.370543000122254, 39.063476448683659 ], [ 74.370152386174851, 39.063475431802388 ], [ 74.369663892521373, 39.063499600685418 ], [ 74.369305151518958, 39.063574984986772 ], [ 74.369043834112261, 39.063676064211208 ], [ 74.368879943311853, 39.06380283902908 ], [ 74.368682596092967, 39.06403128799414 ], [ 74.36848456757258, 39.064336056984757 ], [ 74.368352319925151, 39.064564675477151 ], [ 74.368151789402901, 39.06514944054662 ], [ 74.368116733156938, 39.065430463304573 ], [ 74.368114451836306, 39.065686015116192 ], [ 74.36839922260431, 39.066606763213166 ], [ 74.368395806319796, 39.066990092019033 ], [ 74.368360063840896, 39.067347779599977 ], [ 74.368227572970284, 39.067602990783165 ], [ 74.367866524138705, 39.067934273400269 ], [ 74.367177540254872, 39.068272100816337 ], [ 74.366273464164948, 39.068514812997513 ], [ 74.365682548245786, 39.068649417578584 ], [ 74.365230871928063, 39.06872992450549 ], [ 74.364675129826651, 39.068810153250418 ], [ 74.363876811867655, 39.068862507114595 ], [ 74.363077761443634, 39.068996548391745 ], [ 74.362487325608541, 39.069076674025567 ], [ 74.36193059709251, 39.069265812692656 ], [ 74.360609245011361, 39.06961629624255 ], [ 74.360122375599147, 39.069751152518535 ], [ 74.359530945853948, 39.069940186084381 ], [ 74.359079583934133, 39.069993202870577 ], [ 74.358490651112092, 39.069989498387748 ], [ 74.357936765367612, 39.069931795561146 ], [ 74.357279352727573, 39.06981922537571 ], [ 74.355067049783884, 39.06915469282994 ], [ 74.354409044061882, 39.069123423995165 ], [ 74.35378506939611, 39.0691736855998 ], [ 74.35340359663293, 39.069225482397243 ], [ 74.352952632203198, 39.069303943762662 ], [ 74.352538068522392, 39.069327248449 ], [ 74.351985951742975, 39.069375728588213 ], [ 74.351434243741565, 39.069369995280844 ], [ 74.350951903792932, 39.069310765644751 ], [ 74.350470382273329, 39.069143110116222 ], [ 74.349954381333276, 39.068975093768749 ], [ 74.349542646772477, 39.068699728221041 ], [ 74.349061949617905, 39.068423645266179 ], [ 74.348203194883922, 39.067980971014464 ], [ 74.346453908782806, 39.066742872441139 ], [ 74.344566349248751, 39.065557517046429 ], [ 74.343982668453179, 39.065226118980839 ], [ 74.343536083778858, 39.065004584869776 ], [ 74.342916415743332, 39.06488973455383 ], [ 74.342261307886844, 39.064882877628214 ], [ 74.341537243799181, 39.064875294416296 ], [ 74.340502863184824, 39.064864454725523 ], [ 74.339709837494269, 39.064856136878291 ], [ 74.33902126412552, 39.064740564961035 ], [ 74.337130225764895, 39.064151882320118 ], [ 74.336476647048883, 39.063982490607202 ], [ 74.335857550582588, 39.063813458255062 ], [ 74.335340370204861, 39.063808014444405 ], [ 74.334720006966862, 39.063774394672166 ], [ 74.334443665938082, 39.063825655112694 ], [ 74.334132339404078, 39.063930721084986 ], [ 74.333854982044301, 39.064090314978337 ], [ 74.333716301432261, 39.064170113915388 ], [ 74.333472402712815, 39.064438405329376 ], [ 74.333297712979288, 39.064680342271068 ], [ 74.333157507414995, 39.064922642768245 ], [ 74.33312071046322, 39.065220441148107 ], [ 74.333150135105299, 39.065871342222458 ], [ 74.333214881589967, 39.066414183395317 ], [ 74.333485669036833, 39.06706762828609 ], [ 74.334298451528227, 39.068893816827419 ], [ 74.334704847095267, 39.069740254351778 ], [ 74.33535115811587, 39.070778982585161 ], [ 74.33651514670899, 39.071848957087475 ], [ 74.336993697578649, 39.072369532308187 ], [ 74.337334396128639, 39.072861825025555 ], [ 74.33746716585874, 39.073434096326565 ], [ 74.337463605067569, 39.073814891406577 ], [ 74.337426021684252, 39.074141018908357 ], [ 74.337181521559785, 39.074438324591803 ], [ 74.33683419441995, 39.074653224430087 ], [ 74.336487629395933, 39.074786520917378 ], [ 74.336003203237183, 39.074891536480855 ], [ 74.335519540962551, 39.074914952248463 ], [ 74.335173482682038, 39.074993847782771 ], [ 74.334689050342547, 39.075098857837233 ], [ 74.334273165928735, 39.075258808027151 ], [ 74.33357951037587, 39.075579786075309 ], [ 74.33049404781211, 39.076861210293202 ], [ 74.329801128716284, 39.077100567825319 ], [ 74.328938276014611, 39.07720145971296 ], [ 74.328075996149323, 39.077274900864616 ], [ 74.325354932701657, 39.077113083472419 ], [ 74.323872107986503, 39.077207802411316 ], [ 74.322906443684076, 39.077280222991654 ], [ 74.322076699004583, 39.077354234265592 ], [ 74.321452381297604, 39.077457571917648 ], [ 74.32096644572168, 39.077562139995827 ], [ 74.320513908388662, 39.077748673845555 ], [ 74.32006016888495, 39.078016866253414 ], [ 74.319745211294361, 39.078259071991454 ], [ 74.31946285290509, 39.078637685173156 ], [ 74.319213487047691, 39.079125488114428 ], [ 74.31892752746127, 39.079749083084003 ], [ 74.318643957140281, 39.080209356630874 ], [ 74.318431578134721, 39.080534145103556 ], [ 74.318045410747189, 39.080911828064487 ], [ 74.317345857104556, 39.081422828251014 ], [ 74.316997079396842, 39.081610275405012 ], [ 74.316579100946441, 39.081797102004849 ], [ 74.316058530544638, 39.081901340596318 ], [ 74.315572556775479, 39.08200588352117 ], [ 74.314983588124633, 39.082055054778571 ], [ 74.314465420614113, 39.081995963581377 ], [ 74.314085646215517, 39.081938112116205 ], [ 74.313740467621628, 39.081880566618189 ], [ 74.31239315960778, 39.081732353524202 ], [ 74.31180459439301, 39.08175429093685 ], [ 74.311181430940408, 39.081775910655374 ], [ 74.310524069922934, 39.08176999883252 ], [ 74.310108089924924, 39.081820701908967 ], [ 74.309899293376787, 39.081900494074077 ], [ 74.309655497247391, 39.08200719297885 ], [ 74.309411293425413, 39.082141111369197 ], [ 74.309235883759953, 39.082302875398334 ], [ 74.309061281738536, 39.082410196865908 ], [ 74.308779251182855, 39.082761563213232 ], [ 74.308532074903596, 39.083083505929281 ], [ 74.30831822733083, 39.083486464089077 ], [ 74.308000163606323, 39.083915474070032 ], [ 74.307755329353967, 39.084292035889078 ], [ 74.307477486333369, 39.0845603109153 ], [ 74.307061449332409, 39.084881609879041 ], [ 74.306680807317917, 39.085095020856315 ], [ 74.306230268016947, 39.085253473083675 ], [ 74.305917283474145, 39.085358752548913 ], [ 74.305466604650704, 39.085354605212316 ], [ 74.304012031912706, 39.085178967507154 ], [ 74.302420019233637, 39.084866845903292 ], [ 74.301657827437481, 39.084805728682198 ], [ 74.300583140597865, 39.084795796819037 ], [ 74.299681788549009, 39.084787459220507 ], [ 74.298572436861477, 39.084777185771529 ], [ 74.297913509080772, 39.084798120737361 ], [ 74.294719656896987, 39.08525518667112 ], [ 74.294059732549655, 39.08538424698353 ], [ 74.291593106728598, 39.085929109858803 ], [ 74.290758333196877, 39.086218761368769 ], [ 74.289958723974109, 39.086454655908398 ], [ 74.289402035102555, 39.086665773827519 ], [ 74.286386806360071, 39.088491283918437 ], [ 74.286385806360073, 39.088491283918437 ], [ 74.284845063781418, 39.087956373526389 ], [ 74.284224370813433, 39.087788943652782 ], [ 74.283844990883708, 39.087569227007407 ], [ 74.28357046080707, 39.087269044801801 ], [ 74.283498360128974, 39.086853357712521 ], [ 74.283498360128974, 39.086853357712521 ], [ 74.293689019330557, 39.083486276201974 ], [ 74.301973068291986, 39.081522484875649 ], [ 74.301973068291986, 39.081522484875649 ], [ 74.307945640947239, 39.080107026429111 ], [ 74.31082533940895, 39.079062768428059 ], [ 74.311854157414231, 39.078613336116526 ], [ 74.312537825406878, 39.078237275331318 ], [ 74.316062939876971, 39.076510649560106 ], [ 74.317383486572538, 39.075834472394561 ], [ 74.318461593068335, 39.075194330328713 ], [ 74.320025557297939, 39.07402446988327 ], [ 74.324942663867176, 39.071054130198718 ], [ 74.328363863592216, 39.067420186721954 ], [ 74.330805630249387, 39.064999897134697 ], [ 74.339665860550468, 39.058400355189519 ], [ 74.339665860550468, 39.058400355189519 ], [ 74.34607750766115, 39.058041541544512 ], [ 74.350355783968922, 39.057307224916229 ], [ 74.351864215090728, 39.057050243345138 ], [ 74.353031619027249, 39.056828980303273 ], [ 74.355319640882158, 39.05626869036476 ], [ 74.362097421909468, 39.054166852269589 ], [ 74.364487735633617, 39.053415929521691 ], [ 74.373563483464238, 39.050442557661675 ], [ 74.383587427858345, 39.046743046908837 ], [ 74.38605111289651, 39.045790800880489 ], [ 74.390303119198549, 39.044114403635454 ], [ 74.397591228126871, 39.041160815935413 ], [ 74.399007009822014, 39.040705270629964 ], [ 74.399008009822012, 39.040705270629964 ] ] ] ] } },
{ "type": "Feature", "properties": { "ID": 776, "周长": 0.5371876287116043, "面积": 0.0044449344699305365, "FEATUREID": "OFBB004C1AJ430010020000035", "CHFCAC": "000035", "YSX": "1300", "QDIAA": "410301>410206", "GCJFLP": "灰色二云石英片岩、黑云绢云石英片岩、黑云变粒岩、石榴绢云石英片岩、大理岩", "QDUECD": "赛图拉岩群", "QDUECC": "→ChSt.", "GZEKG": "222100       ", "MDLHL": 0.0, "KWBED": "2517-1594-3124", "YSC": "3607", "YSD": "3207", "YSADAB": "", "QDIAB": "111000-251100", "YSWA": "07", "YSVA": "003", "QDIBE": "西昆仑变质带", "YSVAD": "", "DDCDS": "1220", "QDIMD": "", "fill_color": -512, "pattern": 756, "pattern_color": 18432, "_src_file": "LDZOFBB004.WP", "_src_id": 34 }, "geometry": { "type": "MultiPolygon", "coordinates": [ [ [ [ 74.393238129184851, 39.005023818430075 ], [ 74.393237905920174, 39.005023731441263 ], [ 74.393237129184854, 39.005023818430075 ], [ 74.393238129184851, 39.005023818430075 ] ] ], [ [ [ 74.394329542934443, 39.004876682809389 ], [ 74.394502541092095, 39.004810516442646 ], [ 74.394701848984511, 39.004677393886617 ], [ 74.394929819202815, 39.004522058555224 ], [ 74.39504544125532, 39.004366090049203 ], [ 74.395219681469101, 39.004076209272071 ], [ 74.395367257597499, 39.003808543003601 ], [ 74.395511807817229, 39.003473762304715 ], [ 74.395715352335131, 39.003116924533607 ], [ 74.395950205711017, 39.002693130097057 ], [ 74.39612178929147, 39.002447991415963 ], [ 74.39632473610682, 39.002270122353671 ], [ 74.396581062528298, 39.002182053539968 ], [ 74.396922393118032, 39.002094457361508 ], [ 74.397376424139182, 39.002052232090257 ], [ 74.397829129363657, 39.002032375719153 ], [ 74.398226837464037, 39.002034573444234 ], [ 74.398677573097046, 39.002081828072832 ], [ 74.399301037174695, 39.00221950450598 ], [ 74.400388265956209, 39.00240420666016 ], [ 74.400819620678959, 39.002406430142898 ], [ 74.401395097589969, 39.00240938931185 ], [ 74.401741955928131, 39.002344051373427 ], [ 74.40206198986148, 39.002278562427243 ], [ 74.402321375653869, 39.002212779558718 ], [ 74.402465466001544, 39.002146403421769 ], [ 74.402729148816363, 39.001991132361717 ], [ 74.402907278539345, 39.001634077425159 ], [ 74.403023189617471, 39.00130060870714 ], [ 74.403114774027529, 39.000900199873918 ], [ 74.403327512325532, 39.000503383487448 ], [ 74.395889024749835, 39.001242031899721 ], [ 74.394442644888159, 39.0014999161926 ], [ 74.391640773377517, 39.002244103665227 ], [ 74.386809535370531, 39.00354667260352 ], [ 74.383429997331007, 39.004402205828747 ], [ 74.381841721759628, 39.004659947551993 ], [ 74.380301471361292, 39.004917924961028 ], [ 74.377363771185557, 39.005548640253068 ], [ 74.374737964317106, 39.006367687267904 ], [ 74.367171633773609, 39.00852039274266 ], [ 74.361843729225043, 39.010312675564478 ], [ 74.35969111988571, 39.011021774670787 ], [ 74.35593570481403, 39.01164371058816 ], [ 74.350149320779963, 39.012663140871403 ], [ 74.348061558836648, 39.012987174342584 ], [ 74.346313294484162, 39.013276124645614 ], [ 74.340093845236382, 39.01500927042332 ], [ 74.334943947381362, 39.016984940508301 ], [ 74.328685351324992, 39.019607992724694 ], [ 74.322996198043271, 39.02196858749776 ], [ 74.320809638079169, 39.022793229306927 ], [ 74.317268977974848, 39.02403123668477 ], [ 74.315523707169802, 39.024440349575073 ], [ 74.311984186701523, 39.025334559270988 ], [ 74.308829251971815, 39.026460194271614 ], [ 74.305181896959439, 39.028308790325433 ], [ 74.302095760171724, 39.030052890331085 ], [ 74.298863506407201, 39.031836276165713 ], [ 74.298373636238878, 39.032255245691452 ], [ 74.297733456318738, 39.032711685836965 ], [ 74.296215778350188, 39.033508032363493 ], [ 74.292549766089309, 39.035020123909426 ], [ 74.289714924135339, 39.036307010365029 ], [ 74.2860896942626, 39.038202726253751 ], [ 74.280477179896536, 39.040914609501378 ], [ 74.272714973521801, 39.044551282039642 ], [ 74.270734547363787, 39.045642141359622 ], [ 74.264081427637436, 39.050523870632574 ], [ 74.25374957065327, 39.059953989590035 ], [ 74.244440746832126, 39.066733518915939 ], [ 74.232839272728157, 39.074330627258256 ], [ 74.233188785299333, 39.07518994283042 ], [ 74.233417779460069, 39.075866050957302 ], [ 74.23350122591755, 39.076378512041622 ], [ 74.233554752024702, 39.077007196028084 ], [ 74.233575857885924, 39.077705554182359 ], [ 74.233799311549078, 39.07907987398815 ], [ 74.233822930534956, 39.079638590280389 ], [ 74.233816873606415, 39.080195361852454 ], [ 74.233802730501822, 39.081493782168835 ], [ 74.233705407783432, 39.082165481278643 ], [ 74.23358146951557, 39.082558247321138 ], [ 74.233399714580926, 39.082903957442205 ], [ 74.233219707303178, 39.083272809852403 ], [ 74.233156617762887, 39.083619452971234 ], [ 74.233242109389693, 39.083944120354772 ], [ 74.233385932033045, 39.084361818015346 ], [ 74.2335890918649, 39.084779979830095 ], [ 74.233733924049162, 39.085012551972902 ], [ 74.233882259138667, 39.085106279552619 ], [ 74.234177428054295, 39.085247453429474 ], [ 74.234384600552431, 39.085295363687358 ], [ 74.234709689806564, 39.085228503837229 ], [ 74.235007613353631, 39.085115127180551 ], [ 74.235277617665147, 39.084932098054786 ], [ 74.235695205149256, 39.08463452579916 ], [ 74.237311557969988, 39.083420168899863 ], [ 74.238599343786817, 39.082343409983743 ], [ 74.239352029863653, 39.081581425352134 ], [ 74.241310772486941, 39.078943921423537 ], [ 74.241789145564013, 39.078552127492614 ], [ 74.24214723948603, 39.078392105405122 ], [ 74.242506082914375, 39.078255357726704 ], [ 74.243071293525745, 39.078073745214724 ], [ 74.243727085125656, 39.077846307552981 ], [ 74.244205451027582, 39.077640694224058 ], [ 74.244684551211918, 39.077272161353299 ], [ 74.245251971908701, 39.07678798072854 ], [ 74.247590720392495, 39.074874978137039 ], [ 74.248643111482977, 39.073649850758287 ], [ 74.249184077939731, 39.072953355913882 ], [ 74.24951412072771, 39.072558138217531 ], [ 74.250051342486316, 39.072000581674509 ], [ 74.250501345689273, 39.0714658907116 ], [ 74.250772731542199, 39.071210460443481 ], [ 74.251159864862174, 39.070838912754681 ], [ 74.251579226950483, 39.07051422955184 ], [ 74.252025374360173, 39.07028311518566 ], [ 74.252263347497134, 39.07021434142483 ], [ 74.252383006185013, 39.07021498513754 ], [ 74.252709882148153, 39.070263454933063 ], [ 74.252973561354295, 39.070405014007918 ], [ 74.253091785878084, 39.070452359467829 ], [ 74.253152245011691, 39.070546090347456 ], [ 74.253210487072437, 39.070663173556696 ], [ 74.25326586046539, 39.070873668422117 ], [ 74.253295354135801, 39.0711073526939 ], [ 74.252533448976266, 39.073064953034823 ], [ 74.252167663946906, 39.074113888482351 ], [ 74.252163744226465, 39.074534232815587 ], [ 74.252129198450447, 39.075164589394369 ], [ 74.251909130739051, 39.0764227095585 ], [ 74.251727272792124, 39.076770384878358 ], [ 74.250947335606881, 39.077602033546782 ], [ 74.249027817091033, 39.079378812091711 ], [ 74.245852746203767, 39.081913511415564 ], [ 74.243901710060925, 39.083974119213742 ], [ 74.262687616458464, 39.081237340810411 ], [ 74.273833496403753, 39.07996590179058 ], [ 74.276399750025902, 39.079536178675923 ], [ 74.277713591874374, 39.07949351195068 ], [ 74.27852765234482, 39.079497525444971 ], [ 74.279527622186322, 39.079503288963501 ], [ 74.286092053020425, 39.079962477386083 ], [ 74.293129062723125, 39.080662170102784 ], [ 74.301973068291986, 39.081522484875649 ], [ 74.307945640947239, 39.080107026429111 ], [ 74.31082533940895, 39.079062768428059 ], [ 74.311854157414231, 39.078613336116526 ], [ 74.312537825406878, 39.078237275331318 ], [ 74.316062939876971, 39.076510649560106 ], [ 74.317383486572538, 39.075834472394561 ], [ 74.318461593068335, 39.075194330328713 ], [ 74.320025557297939, 39.07402446988327 ], [ 74.324942663867176, 39.071054130198718 ], [ 74.328363863592216, 39.067420186721954 ], [ 74.330805630249387, 39.064999897134697 ], [ 74.339665860550468, 39.058400355189519 ], [ 74.348482961516069, 39.051831773923801 ], [ 74.354512742582017, 39.046904455926892 ], [ 74.355197013791553, 39.04636867014657 ], [ 74.355739023824711, 39.045793537498575 ], [ 74.356284623232554, 39.044910087228935 ], [ 74.359383175820952, 39.041419870220246 ], [ 74.360271886888881, 39.040345572023377 ], [ 74.361064130429526, 39.039039497393198 ], [ 74.361755981017737, 39.037925582453028 ], [ 74.362402591671895, 39.036695778864363 ], [ 74.363439636599111, 39.035202312632265 ], [ 74.366142543381088, 39.032413839176833 ], [ 74.367710431910098, 39.031194183027388 ], [ 74.368393486343933, 39.030737492948944 ], [ 74.369275626656716, 39.030205254578313 ], [ 74.373803641266093, 39.027615473586309 ], [ 74.373555423643069, 39.027142556163781 ], [ 74.370212868970214, 39.028271401061197 ], [ 74.368107286078626, 39.028907986479197 ], [ 74.366595302824251, 39.029579451190145 ], [ 74.361102624210531, 39.032364975918895 ], [ 74.359756226453172, 39.033149774307539 ], [ 74.358575609824754, 39.034047732770205 ], [ 74.358293137773899, 39.034377873042288 ], [ 74.358066900417242, 39.034664097898101 ], [ 74.357896898878678, 39.034906405428778 ], [ 74.357836535205863, 39.035304108930283 ], [ 74.357857955277254, 39.035857052952636 ], [ 74.35867660307467, 39.039731347320028 ], [ 74.358782907860757, 39.040174193695869 ], [ 74.358780846886944, 39.040351085772272 ], [ 74.358722801923903, 39.040549783260765 ], [ 74.358470487036769, 39.040681074984683 ], [ 74.357213533339348, 39.040939506394167 ], [ 74.356879428881967, 39.040915551463932 ], [ 74.356712507323707, 39.040892517759254 ], [ 74.356351570670384, 39.04077995826345 ], [ 74.355102473624527, 39.039858085367044 ], [ 74.354460207667856, 39.039323270584319 ], [ 74.354253354234601, 39.039122901779557 ], [ 74.354088141679853, 39.038939366128083 ], [ 74.353673659176351, 39.03860503195159 ], [ 74.351580945419471, 39.037030747075718 ], [ 74.348777970438974, 39.035500540557109 ], [ 74.345909872688466, 39.034301734855255 ], [ 74.345495611453032, 39.034165853557859 ], [ 74.345226018429685, 39.034097458156438 ], [ 74.344728476840601, 39.033960969249968 ], [ 74.344291507133605, 39.033941178857859 ], [ 74.343958641927543, 39.033922145789973 ], [ 74.343396475046717, 39.033918048085042 ], [ 74.343062799597121, 39.033948832445489 ], [ 74.342645296553258, 39.034012220957543 ], [ 74.341476611174571, 39.034169773283722 ], [ 74.340785719489617, 39.03439724201867 ], [ 74.340513417366296, 39.034494903713615 ], [ 74.338563193952496, 39.035327660058698 ], [ 74.337849284571874, 39.03568781312309 ], [ 74.336927971464192, 39.035996611623787 ], [ 74.336677024433541, 39.036061202381667 ], [ 74.336426618591588, 39.03609257858389 ], [ 74.336072108119424, 39.03612319058216 ], [ 74.335843887268808, 39.036071686234415 ], [ 74.335346624477793, 39.035918549278321 ], [ 74.335099492281174, 39.035750645488896 ], [ 74.334976199242476, 39.03565008415584 ], [ 74.334895366644432, 39.035500012359627 ], [ 74.334898637992069, 39.03530073295105 ], [ 74.334964100450648, 39.035118521395887 ], [ 74.335094208141527, 39.034803913514395 ], [ 74.335456615626825, 39.034291713890447 ], [ 74.335986130398666, 39.033747526618491 ], [ 74.33619815302329, 39.033516564955924 ], [ 74.336411804829822, 39.033185963089146 ], [ 74.336883742107048, 39.032342390916547 ], [ 74.336972194361095, 39.032027476379156 ], [ 74.337018186594591, 39.031762077425192 ], [ 74.337001178028842, 39.031529431647918 ], [ 74.336922251919972, 39.031263113194562 ], [ 74.336758682091713, 39.031079215489086 ], [ 74.336368818570762, 39.030727570895863 ], [ 74.334789944618024, 39.029237786422684 ], [ 74.33431817120757, 39.028704990101396 ], [ 74.334029063219802, 39.028407234274042 ], [ 74.333473909302171, 39.027532687317951 ], [ 74.332340712191112, 39.02604619413701 ], [ 74.332011963156404, 39.025501783352261 ], [ 74.331911433426683, 39.025057598497668 ], [ 74.331831457672692, 39.024646410632798 ], [ 74.331812354466862, 39.02443275980665 ], [ 74.331855443947333, 39.024252414391356 ], [ 74.331982070077601, 39.024039836882039 ], [ 74.332275765464473, 39.02376279469199 ], [ 74.332799778585724, 39.023323208337295 ], [ 74.3329461655578, 39.023242167957044 ], [ 74.333155397590616, 39.023112315087694 ], [ 74.333385318745187, 39.022999041153291 ], [ 74.333677559659606, 39.022902646888561 ], [ 74.333844366913738, 39.0228710264496 ], [ 74.334427664696946, 39.022826042361352 ], [ 74.337302504072284, 39.022600776220251 ], [ 74.338657362544851, 39.022397180079011 ], [ 74.338887010140482, 39.022316739318448 ], [ 74.339075153955946, 39.022219572595766 ], [ 74.339326007751225, 39.022090014210491 ], [ 74.339598851586501, 39.021812801504474 ], [ 74.339851134784681, 39.021502590136102 ], [ 74.34006191289177, 39.021175650781856 ], [ 74.340721803334432, 39.019340988294879 ], [ 74.340852353397636, 39.018800842639635 ], [ 74.340959058283019, 39.018588718990237 ], [ 74.341318901265424, 39.018132993077998 ], [ 74.341550446439712, 39.01795475935608 ], [ 74.341760576799899, 39.017825503913002 ], [ 74.341969983303002, 39.017761804688625 ], [ 74.342242352875516, 39.017665884691233 ], [ 74.342472623881363, 39.017602369756609 ], [ 74.342890886532302, 39.017524132400936 ], [ 74.343308784448212, 39.017478674086369 ], [ 74.343705633270943, 39.017449415095101 ], [ 74.344143854833206, 39.017453302820549 ], [ 74.344580992584525, 39.017555521601359 ], [ 74.344976394993054, 39.017657369298881 ], [ 74.346368399788261, 39.018226969211511 ], [ 74.348113386307602, 39.018963573484534 ], [ 74.348881910377713, 39.019298168576803 ], [ 74.349152838036318, 39.019333341281857 ], [ 74.349382389328852, 39.01933536714288 ], [ 74.349674726121464, 39.019321556204545 ], [ 74.350092809549082, 39.019259683352665 ], [ 74.350511434461509, 39.019148642620557 ], [ 74.350888317702172, 39.019037233010764 ], [ 74.351348496014324, 39.018942946884707 ], [ 74.351996664082009, 39.018833922295286 ], [ 74.355790189692016, 39.017830639718795 ], [ 74.363448382019556, 39.014900036533405 ], [ 74.374185375305629, 39.010346572874191 ], [ 74.381889970816033, 39.00688670672011 ], [ 74.384347191599204, 39.005523969355508 ], [ 74.38468048001593, 39.005329195703681 ], [ 74.385115767569332, 39.005265981504813 ], [ 74.385447225884391, 39.005234972247976 ], [ 74.385799191275325, 39.005220450112226 ], [ 74.386295462594163, 39.005255817391152 ], [ 74.386833121926017, 39.005291402340859 ], [ 74.387287280030321, 39.005392057716733 ], [ 74.387680123262527, 39.005426884889665 ], [ 74.388198316459949, 39.005429801594516 ], [ 74.388799662138354, 39.005416818833687 ], [ 74.389277834525473, 39.005321314763684 ], [ 74.389819379749412, 39.005144343252653 ], [ 74.390194386352206, 39.00501552658546 ], [ 74.390653014218117, 39.004838083979486 ], [ 74.390819313885416, 39.004806286794356 ], [ 74.391027066890032, 39.004774721515879 ], [ 74.39144209571198, 39.004744316045588 ], [ 74.391877612711482, 39.004730386991831 ], [ 74.392229981595563, 39.004732358260945 ], [ 74.392664311042054, 39.004800246309649 ], [ 74.393237905920174, 39.005023731441263 ], [ 74.394159868035089, 39.004920478266186 ], [ 74.394329542934443, 39.004876682809389 ] ] ] ] } },
{ "type": "Feature", "properties": { "ID": 777, "周长": 0.032464369293585593, "面积": 6.5340319503823241e-05, "FEATUREID": "OFBB004C1AJ430010020000036", "CHFCAC": "000036", "YSX": "1300", "QDIAA": "410301>410206", "GCJFLP": "灰色二云石英片岩、黑云绢云石英片岩、黑云变粒岩、石榴绢云石英片岩、大理岩", "QDUECD": "赛图拉岩群", "QDUECC": "→ChSt.", "GZEKG": "222100       ", "MDLHL": 0.0, "KWBED": "2517-1594-3124", "YSC": "3607", "YSD": "3207", "YSADAB": "", "QDIAB": "111000-251100", "YSWA": "07", "YSVA": "003", "QDIBE": "西昆仑变质带", "YSVAD": "", "DDCDS": "1220", "QDIMD": "", "fill_color": 8704, "pattern": 757, "pattern_color": 18432, "_src_file": "LDZOFBB004.WP", "_src_id": 35 }, "geometry": { "type": "MultiPolygon", "coordinates": [ [ [ [ 74.226930745088907, 39.078213310599843 ], [ 74.22731999252494, 39.079981835355376 ], [ 74.227983027940382, 39.084643233209604 ], [ 74.227915890414749, 39.085174997959015 ], [ 74.227883447414499, 39.085429309011843 ], [ 74.227760467269718, 39.08600688471634 ], [ 74.227577684495927, 39.086260023916992 ], [ 74.227249059013118, 39.086558271272665 ], [ 74.227010946228262, 39.086718376198412 ], [ 74.226622989775663, 39.086923590514324 ], [ 74.226354966967193, 39.087014038079943 ], [ 74.22602760900709, 39.08710401685898 ], [ 74.225789250590637, 39.087194698308181 ], [ 74.225670072612715, 39.087240037730979 ], [ 74.22546113182193, 39.087354096381965 ], [ 74.224921306453183, 39.087696969797157 ], [ 74.224683677871454, 39.08790335266761 ], [ 74.224413395490572, 39.088016935989437 ], [ 74.224085776950659, 39.088130049525226 ], [ 74.223727978024343, 39.088289206873412 ], [ 74.223489854380048, 39.088449304412144 ], [ 74.223132290896828, 39.088677882988989 ], [ 74.222326242013068, 39.089368396721042 ], [ 74.221851386234661, 39.089645246997605 ], [ 74.221525410700536, 39.089760032825801 ], [ 74.221259017092834, 39.089805341692482 ], [ 74.220992926578774, 39.089804158620694 ], [ 74.220845401394357, 39.08975701051753 ], [ 74.220550953268003, 39.08956973107032 ], [ 74.220343504939024, 39.089336352280718 ], [ 74.220109099327644, 39.08900986027507 ], [ 74.219644108698802, 39.088077926826642 ], [ 74.219557836237286, 39.087705600622186 ], [ 74.219559408614288, 39.087310423085192 ], [ 74.219561133072617, 39.086892000979084 ], [ 74.219611867007686, 39.084947051893266 ], [ 74.219583749216298, 39.084715410009366 ], [ 74.219529731969914, 39.08441411043043 ], [ 74.219151975106143, 39.083693675214008 ], [ 74.218959649091502, 39.083402344992017 ], [ 74.218959649091502, 39.083402344992017 ], [ 74.222005662917297, 39.080951708408001 ], [ 74.222496091540847, 39.080688881515037 ], [ 74.226930745088907, 39.078213310599843 ] ] ] ] } },
{ "type": "Feature", "properties": { "ID": 787, "周长": 0.41608058880160292, "面积": 0.0038449665487698464, "FEATUREID": "OFBB004C1AJ430010020000037", "CHFCAC": "000037", "YSX": "1300", "QDIAA": "410301>410206", "GCJFLP": "灰色二云石英片岩、黑云绢云石英片岩、黑云变粒岩、石榴绢云石英片岩、大理岩", "QDUECD": "赛图拉岩群", "QDUECC": "→ChSt.", "GZEKG": "222100       ", "MDLHL": 0.0, "KWBED": "2517-1594-3124", "YSC": "3607", "YSD": "3207", "YSADAB": "", "QDIAB": "111000-251100", "YSWA": "07", "YSVA": "003", "QDIBE": "西昆仑变质带", "YSVAD": "", "DDCDS": "1220", "QDIMD": "", "fill_color": 11776, "pattern": 757, "pattern_color": 18432, "_src_file": "LDZOFBB004.WP", "_src_id": 36 }, "geometry": { "type": "MultiPolygon", "coordinates": [ [ [ [ 74.23810309189534, 39.030845312719187 ], [ 74.238325806282432, 39.03123583392388 ], [ 74.238444476720716, 39.03160788200703 ], [ 74.238528003343973, 39.032467562537789 ], [ 74.238509602937029, 39.034604336850535 ], [ 74.238535752574066, 39.034976059363707 ], [ 74.238563145061988, 39.035440683479997 ], [ 74.238680880353868, 39.035928861571186 ], [ 74.238887523193213, 39.036370911502452 ], [ 74.239153575390603, 39.036929309514889 ], [ 74.239481743474968, 39.037395018694795 ], [ 74.239661973658755, 39.037744056667279 ], [ 74.239747862807931, 39.038069541244099 ], [ 74.23977351097939, 39.038627071056894 ], [ 74.239771169342802, 39.039161263159045 ], [ 74.239607705014762, 39.040461365651844 ], [ 74.239486348947381, 39.040786094414273 ], [ 74.239119861180896, 39.041318984978091 ], [ 74.238507855544754, 39.042106487930162 ], [ 74.237107468789532, 39.044631848758172 ], [ 74.2368636216612, 39.045303848445492 ], [ 74.236624829979888, 39.045836496883439 ], [ 74.236384591319563, 39.046577324183666 ], [ 74.235898992701124, 39.048588328168904 ], [ 74.234923696642113, 39.053096494746654 ], [ 74.234249642691694, 39.056865771903077 ], [ 74.233973537481006, 39.058461412570232 ], [ 74.233802664101972, 39.062049848583698 ], [ 74.233825015439123, 39.062815566887082 ], [ 74.233818148231364, 39.063534739147528 ], [ 74.233511720251329, 39.067091828810241 ], [ 74.233445099870252, 39.067766478614999 ], [ 74.232405656253093, 39.070810382947442 ], [ 74.232157288624776, 39.071647069799447 ], [ 74.23209694124192, 39.071926063971802 ], [ 74.232122313838701, 39.072321863934945 ], [ 74.232176842997376, 39.072764358376666 ], [ 74.232437237442923, 39.073370792330977 ], [ 74.232726289376799, 39.074070466537719 ], [ 74.232839272728157, 39.074330627258256 ], [ 74.232839272728157, 39.074330627258256 ], [ 74.244440746832126, 39.066733518915939 ], [ 74.25374957065327, 39.059953989590035 ], [ 74.264081427637436, 39.050523870632574 ], [ 74.270734547363787, 39.045642141359622 ], [ 74.272714973521801, 39.044551282039642 ], [ 74.280477179896536, 39.040914609501378 ], [ 74.2860896942626, 39.038202726253751 ], [ 74.289714924135339, 39.036307010365029 ], [ 74.292549766089309, 39.035020123909426 ], [ 74.296215778350188, 39.033508032363493 ], [ 74.297733456318738, 39.032711685836965 ], [ 74.298373636238878, 39.032255245691452 ], [ 74.298863506407201, 39.031836276165713 ], [ 74.302095760171724, 39.030052890331085 ], [ 74.305181896959439, 39.028308790325433 ], [ 74.308829251971815, 39.026460194271614 ], [ 74.311984186701523, 39.025334559270988 ], [ 74.315523707169802, 39.024440349575073 ], [ 74.317268977974848, 39.02403123668477 ], [ 74.320809638079169, 39.022793229306927 ], [ 74.322996198043271, 39.02196858749776 ], [ 74.328685351324992, 39.019607992724694 ], [ 74.334943947381362, 39.016984940508301 ], [ 74.340093845236382, 39.01500927042332 ], [ 74.346313294484162, 39.013276124645614 ], [ 74.348061558836648, 39.012987174342584 ], [ 74.350149320779963, 39.012663140871403 ], [ 74.35593570481403, 39.01164371058816 ], [ 74.35969111988571, 39.011021774670787 ], [ 74.361843729225043, 39.010312675564478 ], [ 74.367171633773609, 39.00852039274266 ], [ 74.374737964317106, 39.006367687267904 ], [ 74.377363771185557, 39.005548640253068 ], [ 74.380301471361292, 39.004917924961028 ], [ 74.381841721759628, 39.004659947551993 ], [ 74.383429997331007, 39.004402205828747 ], [ 74.386809535370531, 39.00354667260352 ], [ 74.391640773377517, 39.002244103665227 ], [ 74.394442644888159, 39.0014999161926 ], [ 74.395889024749835, 39.001242031899721 ], [ 74.403327512325532, 39.000503383487448 ], [ 74.403327512325532, 39.000503383487448 ], [ 74.403460781875708, 39.000260807155641 ], [ 74.404205656020395, 39.000000024327036 ], [ 74.404205656020395, 39.000000024327036 ], [ 74.399999999994407, 38.999999999996611 ], [ 74.394444444438847, 38.999999999996597 ], [ 74.388888888883287, 38.999999999996589 ], [ 74.383333333327727, 38.999999999996582 ], [ 74.377777777772167, 38.999999999996582 ], [ 74.372222222216607, 38.999999999996582 ], [ 74.366666666661047, 38.999999999996575 ], [ 74.361111111105487, 38.999999999996568 ], [ 74.355555555549927, 38.999999999996568 ], [ 74.349999999994367, 38.999999999996575 ], [ 74.344444444438807, 38.999999999996554 ], [ 74.338888888883233, 38.999999999996547 ], [ 74.333333333327673, 38.999999999996554 ], [ 74.33325015360613, 39.000000001947363 ], [ 74.33325015360613, 39.000000001947363 ], [ 74.327815722338727, 39.000556445450094 ], [ 74.321535112068219, 39.001637845457459 ], [ 74.318343717625837, 39.002572385362363 ], [ 74.316994385649707, 39.002873717660549 ], [ 74.310815130534408, 39.00424198361803 ], [ 74.309685197482835, 39.004473392827236 ], [ 74.308280709189688, 39.004678766861289 ], [ 74.307121123102277, 39.004838086888419 ], [ 74.306027682316412, 39.004998698593205 ], [ 74.305389757907591, 39.005114365817498 ], [ 74.29922521196211, 39.005672782334166 ], [ 74.297433928320629, 39.005732724130716 ], [ 74.296462119305332, 39.005750226376442 ], [ 74.295699016309911, 39.005769635941014 ], [ 74.294936269692244, 39.005765026567332 ], [ 74.294386733259387, 39.005785718027241 ], [ 74.294080913701194, 39.005831895673786 ], [ 74.293713716564795, 39.005901719306301 ], [ 74.293315648534744, 39.00599536863232 ], [ 74.292346211003391, 39.006123025918512 ], [ 74.292346211003391, 39.006123025918512 ], [ 74.289923633866977, 39.00633498931694 ], [ 74.288642935434524, 39.00627915296436 ], [ 74.287941201923914, 39.006274869842059 ], [ 74.286784718200522, 39.006075679140046 ], [ 74.285537071116778, 39.005851904899991 ], [ 74.282240834780836, 39.005537811162633 ], [ 74.281598255383116, 39.005531937491227 ], [ 74.281108673543955, 39.005527458022392 ], [ 74.280496331182334, 39.005545868503454 ], [ 74.279853387326071, 39.005563996803858 ], [ 74.279485472019999, 39.005608658439272 ], [ 74.278780965685144, 39.00565023203567 ], [ 74.276606245338371, 39.005774365409515 ], [ 74.275504680396779, 39.005764237654454 ], [ 74.274188924493785, 39.005752127621143 ], [ 74.272934628735726, 39.005742527304569 ], [ 74.272078889851954, 39.005688839248627 ], [ 74.271223152359866, 39.005635144927439 ], [ 74.270214483789402, 39.00558048554192 ], [ 74.268747708139159, 39.005474599553494 ], [ 74.268199231918274, 39.005326109243185 ], [ 74.267773104965158, 39.005178386570854 ], [ 74.267285805013074, 39.00503027816675 ], [ 74.266797814685717, 39.004930513045295 ], [ 74.266432169201053, 39.004831515223039 ], [ 74.265944178627919, 39.004731744282303 ], [ 74.265363038124264, 39.004728084089187 ], [ 74.264264371523794, 39.00455193580968 ], [ 74.263929318760589, 39.004453123077347 ], [ 74.263472619087651, 39.004305191827626 ], [ 74.262984636472922, 39.004205408573313 ], [ 74.262495258769377, 39.00420231601413 ], [ 74.262005881164484, 39.00419921915077 ], [ 74.261700019824318, 39.004197283973944 ], [ 74.261302403323938, 39.00419476481386 ], [ 74.260869230955521, 39.004191417796946 ], [ 74.260555007461292, 39.004212627534251 ], [ 74.260051757258339, 39.004280404104179 ], [ 74.259579894408589, 39.004348476783754 ], [ 74.259233225130686, 39.004441903541149 ], [ 74.25888584850847, 39.004583672157352 ], [ 74.258601597847814, 39.004701863124495 ], [ 74.258348381317987, 39.004844523456413 ], [ 74.257143286270647, 39.005679260456766 ], [ 74.256130388564273, 39.006249878644731 ], [ 74.254989438043197, 39.0069885032011 ], [ 74.254417462760514, 39.007491050731915 ], [ 74.253978513477705, 39.007926426557347 ], [ 74.253539561705992, 39.008361798412942 ], [ 74.253194679452449, 39.008700400546104 ], [ 74.252880849150841, 39.009087883356173 ], [ 74.251617203050813, 39.011043500553313 ], [ 74.25119968571596, 39.011858510264595 ], [ 74.250881253972182, 39.012289360102478 ], [ 74.250626974230954, 39.012600372136923 ], [ 74.250308870357586, 39.013007172644095 ], [ 74.249093843727337, 39.014995479584748 ], [ 74.248676611786877, 39.015786431596027 ], [ 74.248388038072235, 39.016313665652618 ], [ 74.246727086225775, 39.01890031448017 ], [ 74.244707463424689, 39.022542798774779 ], [ 74.243259634203199, 39.025438167353052 ], [ 74.242882236577103, 39.026083903867026 ], [ 74.242658719579126, 39.026691843418959 ], [ 74.24256721556678, 39.027131366131385 ], [ 74.242473180930673, 39.027807856703589 ], [ 74.242381674219786, 39.028247379161201 ], [ 74.242027212307491, 39.028922177453694 ], [ 74.24163114567007, 39.029427428281082 ], [ 74.24093051463278, 39.02999840689391 ], [ 74.240232771994613, 39.03029855699522 ], [ 74.238102091895342, 39.030845312719187 ], [ 74.23810309189534, 39.030845312719187 ] ] ] ] } },
{ "type": "Feature", "properties": { "ID": 789, "周长": 0.019196368705824286, "面积": 2.051771090982767e-05, "FEATUREID": "OFBB004C1AJ430010020000038", "CHFCAC": "000038", "YSX": "1300", "QDIAA": "410301>410206", "GCJFLP": "灰色二云石英片岩、黑云绢云石英片岩、黑云变粒岩、石榴绢云石英片岩、大理岩", "QDUECD": "赛图拉岩群", "QDUECC": "→ChSt.", "GZEKG": "222100       ", "MDLHL": 0.0, "KWBED": "2517-1594-3124", "YSC": "3607", "YSD": "3207", "YSADAB": "", "QDIAB": "111000-251100", "YSWA": "07", "YSVA": "003", "QDIBE": "西昆仑变质带", "YSVAD": "", "DDCDS": "1220", "QDIMD": "", "fill_color": 18944, "pattern": 757, "pattern_color": 18432, "_src_file": "LDZOFBB004.WP", "_src_id": 37 }, "geometry": { "type": "MultiPolygon", "coordinates": [ [ [ [ 74.959990840854587, 39.076195016673672 ], [ 74.960506202088013, 39.074963267273723 ], [ 74.960747147277189, 39.074561254700399 ], [ 74.961228790496122, 39.073998574360694 ], [ 74.961503981505459, 39.07370385740461 ], [ 74.961813588519405, 39.073355540774187 ], [ 74.962088725678726, 39.07311445744493 ], [ 74.962432635886572, 39.072819803357099 ], [ 74.962776409241741, 39.072659231348361 ], [ 74.96315454398993, 39.072498689450136 ], [ 74.963532651668316, 39.072364963844969 ], [ 74.96397948067316, 39.072231301043168 ], [ 74.964769921114851, 39.072097954766349 ], [ 74.967383437768419, 39.071998373935131 ], [ 74.967383437768419, 39.071998373935131 ], [ 74.967159555848525, 39.072311436007887 ], [ 74.966865392868115, 39.072705858363136 ], [ 74.966679815623309, 39.072975739216425 ], [ 74.966520895018178, 39.073204096162769 ], [ 74.966361013328196, 39.073390908130115 ], [ 74.966173490990542, 39.073598467638718 ], [ 74.965987946032158, 39.07382680034015 ], [ 74.965854639782549, 39.074055182113348 ], [ 74.965773548277753, 39.074304384385677 ], [ 74.965693440372675, 39.074574360090082 ], [ 74.96563994777452, 39.074844361587019 ], [ 74.965585513927365, 39.075052042561701 ], [ 74.965479801373959, 39.075301220967035 ], [ 74.965373147417125, 39.075488078783557 ], [ 74.964919230090203, 39.075903122896115 ], [ 74.964415145139426, 39.07623502124234 ], [ 74.964093573046696, 39.076380132837009 ], [ 74.963749399501864, 39.076504448278584 ], [ 74.963401247029879, 39.076607989201044 ], [ 74.96305713254587, 39.076669982116094 ], [ 74.962631201048509, 39.076690351921137 ], [ 74.962152030292302, 39.076710671376304 ], [ 74.961619643044287, 39.076710164086158 ], [ 74.961220433487938, 39.07662669032247 ], [ 74.96098094153497, 39.076543367826559 ], [ 74.960581820350257, 39.076376800172767 ], [ 74.95998984085459, 39.076195016673672 ], [ 74.959990840854587, 39.076195016673672 ] ] ] ] } },
{ "type": "Feature", "properties": { "ID": 794, "周长": 0.032833749343829613, "面积": 4.6746674472500707e-05, "FEATUREID": "OFBB004C1AJ430010020000039", "CHFCAC": "000039", "YSX": "1300", "QDIAA": "410301>410206", "GCJFLP": "灰色二云石英片岩、黑云绢云石英片岩、黑云变粒岩、石榴绢云石英片岩、大理岩", "QDUECD": "赛图拉岩群", "QDUECC": "→ChSt.", "GZEKG": "222100       ", "MDLHL": 0.0, "KWBED": "2517-1594-3124", "YSC": "3607", "YSD": "3207", "YSADAB": "", "QDIAB": "111000-251100", "YSWA": "07", "YSVA": "003", "QDIBE": "西昆仑变质带", "YSVAD": "", "DDCDS": "1220", "QDIMD": "", "fill_color": 22016, "pattern": 757, "pattern_color": 18432, "_src_file": "LDZOFBB004.WP", "_src_id": 38 }, "geometry": { "type": "MultiPolygon", "coordinates": [ [ [ [ 74.17275175678698, 39.06833637372106 ], [ 74.173240827714551, 39.069459040155209 ], [ 74.174549575189005, 39.072039842724507 ], [ 74.174811861968905, 39.072547564319976 ], [ 74.174969677340201, 39.072822664762867 ], [ 74.175235433657235, 39.073098350609946 ], [ 74.176250597008874, 39.073926574059044 ], [ 74.176863343204872, 39.074394002167317 ], [ 74.177345630769992, 39.074628719628478 ], [ 74.177827270932326, 39.074842788375307 ], [ 74.178205528766455, 39.074950639092158 ], [ 74.178419801406093, 39.074994170559776 ], [ 74.178769385890021, 39.075080745456646 ], [ 74.179877175527935, 39.075066329919572 ], [ 74.18039055838841, 39.075027204502625 ], [ 74.180877575563571, 39.074945692462755 ], [ 74.181229655104829, 39.074863361571573 ], [ 74.181553371242416, 39.074738645419671 ], [ 74.18185309730984, 39.074613763752097 ], [ 74.182153691918757, 39.074362209125923 ], [ 74.182481516259941, 39.074026367736636 ], [ 74.18264823580013, 39.073837335745253 ], [ 74.182813890093328, 39.073584966279924 ], [ 74.183035072430926, 39.07322736159621 ], [ 74.183201968949476, 39.072890545611003 ], [ 74.185123011457833, 39.068890449230075 ], [ 74.185307044652063, 39.068528486912278 ], [ 74.185307044652063, 39.068528486912278 ], [ 74.183108371819173, 39.069034708785622 ], [ 74.179730535702816, 39.069797410672926 ], [ 74.178987687078816, 39.069995849095299 ], [ 74.178209133181426, 39.070107329165751 ], [ 74.177469291345432, 39.070103333356364 ], [ 74.176988393671451, 39.070100732883873 ], [ 74.176471368530684, 39.070040095747366 ], [ 74.175697553651034, 39.069833466116926 ], [ 74.174668690501719, 39.069365163773206 ], [ 74.17275175678698, 39.06833637372106 ] ] ] ] } },
{ "type": "Feature", "properties": { "ID": 798, "周长": 0.097265688190368654, "面积": 0.00045113970198597773, "FEATUREID": "OFBB004C1AJ430010020000040", "CHFCAC": "000040", "YSX": "1300", "QDIAA": "410301>410206", "GCJFLP": "灰色二云石英片岩、黑云绢云石英片岩、黑云变粒岩、石榴绢云石英片岩、大理岩", "QDUECD": "赛图拉岩群", "QDUECC": "→ChSt.", "GZEKG": "222100       ", "MDLHL": 0.0, "KWBED": "2517-1594-3124", "YSC": "3607", "YSD": "3207", "YSADAB": "", "QDIAB": "111000-251100", "YSWA": "07", "YSVA": "003", "QDIBE": "西昆仑变质带", "YSVAD": "", "DDCDS": "1220", "QDIMD": "", "fill_color": 25088, "pattern": 757, "pattern_color": 18432, "_src_file": "LDZOFBB004.WP", "_src_id": 39 }, "geometry": { "type": "MultiPolygon", "coordinates": [ [ [ [ 74.126592279850556, 39.06508668077371 ], [ 74.130351409470777, 39.064048401444836 ], [ 74.132487007142615, 39.063258322967165 ], [ 74.13436496800297, 39.062466873891481 ], [ 74.135335672285038, 39.062121872490373 ], [ 74.136759220977495, 39.061629312386167 ], [ 74.138828032195974, 39.061091729589819 ], [ 74.139862177886442, 39.060848152993181 ], [ 74.140572932597493, 39.060702766520926 ], [ 74.141541236204318, 39.06066074129847 ], [ 74.142122338006686, 39.060665976838628 ], [ 74.144063442395534, 39.060330455479111 ], [ 74.14464571254895, 39.060234836838653 ], [ 74.145420525183027, 39.060190310647144 ], [ 74.146258892679086, 39.060195985134243 ], [ 74.14992204515606, 39.061330066102144 ], [ 74.153132719547003, 39.062561849549034 ], [ 74.156982560093013, 39.06369561229922 ], [ 74.161034257398256, 39.065235292629986 ], [ 74.161035257398254, 39.065235292629986 ], [ 74.161271344154272, 39.065546558436402 ], [ 74.161668936049765, 39.066055494045898 ], [ 74.163067934305204, 39.067942312109999 ], [ 74.165227300456337, 39.071247568171948 ], [ 74.165675313542422, 39.07192559599639 ], [ 74.165963212232924, 39.072497084938654 ], [ 74.166331335039658, 39.073111296306166 ], [ 74.166591385227036, 39.073809170248374 ], [ 74.167472308415427, 39.076241002376101 ], [ 74.167703745837414, 39.076917604262491 ], [ 74.167859507790382, 39.07738272110003 ], [ 74.167959209531247, 39.077931755204254 ], [ 74.168007745302461, 39.078227367256844 ], [ 74.16805311074728, 39.078733918358608 ], [ 74.168051208301932, 39.078860481803154 ], [ 74.16799733301184, 39.078986750210483 ], [ 74.167885481728121, 39.07911272122756 ], [ 74.167751366965518, 39.079196274066128 ], [ 74.167425642651239, 39.079278520691211 ], [ 74.167127508184066, 39.079318755386318 ], [ 74.166671596442413, 39.079294643085845 ], [ 74.166214635021788, 39.07920724841086 ], [ 74.165567949404348, 39.079055324906697 ], [ 74.164441266168069, 39.078689251194803 ], [ 74.163852494499565, 39.078537675267441 ], [ 74.163287817881908, 39.078323033105406 ], [ 74.162781482575582, 39.078172338265702 ], [ 74.162299785981531, 39.078042916377171 ], [ 74.161815904807213, 39.077934615488907 ], [ 74.161148263337978, 39.077825268240218 ], [ 74.160449611665342, 39.077736892027168 ], [ 74.158601139589848, 39.077578703741636 ], [ 74.158092879574042, 39.077533610134445 ], [ 74.15758362027313, 39.077488512058103 ], [ 74.15704753911433, 39.077443262896054 ], [ 74.15640373263679, 39.077334037394586 ], [ 74.155708850771788, 39.077161138953684 ], [ 74.151962589298307, 39.076147201779946 ], [ 74.151157632194682, 39.075952544277214 ], [ 74.15043576270044, 39.075800587306631 ], [ 74.149472497283057, 39.075647257148447 ], [ 74.147221835716195, 39.075148631285892 ], [ 74.146605505881354, 39.075081753570998 ], [ 74.146044626415573, 39.075036300544028 ], [ 74.142573991540175, 39.075052814492757 ], [ 74.139988744339959, 39.074840864795007 ], [ 74.139665565482318, 39.074817007423562 ], [ 74.139234982511482, 39.074749990664806 ], [ 74.138831347964981, 39.074683200619148 ], [ 74.138374399157485, 39.074552579288195 ], [ 74.138023051391258, 39.074443995281804 ], [ 74.137488815081653, 39.07414369762693 ], [ 74.136925220288546, 39.07377979798882 ], [ 74.134706736993508, 39.071901926750243 ], [ 74.133959642989993, 39.071092810202281 ], [ 74.133691325889558, 39.070858157678551 ], [ 74.133586686571945, 39.070624879331056 ], [ 74.133427327707224, 39.070264400207968 ], [ 74.133215689256872, 39.069945711966298 ], [ 74.132469217845255, 39.06907321518942 ], [ 74.131078434551981, 39.067941717666898 ], [ 74.129257151333007, 39.066637529786803 ], [ 74.128721210451999, 39.066316067426996 ], [ 74.128291459495486, 39.066058898481764 ], [ 74.127811412705981, 39.065737893346494 ], [ 74.127275681806509, 39.065395301592893 ], [ 74.126591279850558, 39.06508668077371 ], [ 74.126592279850556, 39.06508668077371 ] ] ] ] } },
{ "type": "Feature", "properties": { "ID": 801, "周长": 0.033470845299009053, "面积": 5.4646097244970192e-05, "FEATUREID": "OFBB004C1AJ430010020000041", "CHFCAC": "000041", "YSX": "1300", "QDIAA": "410301>410206", "GCJFLP": "灰色二云石英片岩、黑云绢云石英片岩、黑云变粒岩、石榴绢云石英片岩、大理岩", "QDUECD": "赛图拉岩群", "QDUECC": "→ChSt.", "GZEKG": "222100       ", "MDLHL": 0.0, "KWBED": "2517-1594-3124", "YSC": "3607", "YSD": "3207", "YSADAB": "", "QDIAB": "111000-251100", "YSWA": "07", "YSVA": "003", "QDIBE": "西昆仑变质带", "YSVAD": "", "DDCDS": "1220", "QDIMD": "", "fill_color": 28160, "pattern": 757, "pattern_color": 18432, "_src_file": "LDZOFBB004.WP", "_src_id": 40 }, "geometry": { "type": "MultiPolygon", "coordinates": [ [ [ [ 74.160674390282423, 39.06150832063657 ], [ 74.159377811092853, 39.061599043558218 ], [ 74.157706045655587, 39.061386167503493 ], [ 74.155395172049438, 39.060767027542418 ], [ 74.154267017021425, 39.060228143908027 ], [ 74.154267017021425, 39.060228143908027 ], [ 74.152577627650459, 39.059441335125953 ], [ 74.150787983577189, 39.058323875377653 ], [ 74.149636235619823, 39.057713060970961 ], [ 74.148612076775905, 39.057203568872616 ], [ 74.147844268337039, 39.056796345640578 ], [ 74.147462780622547, 39.056391942145474 ], [ 74.147212485249938, 39.05578769251769 ], [ 74.147348502219799, 39.055186267387427 ], [ 74.147873234989376, 39.0543868785821 ], [ 74.148521895750221, 39.053990005399172 ], [ 74.149682005368405, 39.05389806983397 ], [ 74.151096035244123, 39.054109182394917 ], [ 74.152121371539479, 39.054518259203647 ], [ 74.15353062699333, 39.055130920867754 ], [ 74.154809940468027, 39.055843026057488 ], [ 74.156733138759463, 39.056559777103061 ], [ 74.158016087717712, 39.056970664651281 ], [ 74.159366251929541, 39.057289481163316 ], [ 74.159365251929543, 39.057289481163316 ], [ 74.159855228355468, 39.05792862830171 ], [ 74.160040779889513, 39.058288052114214 ], [ 74.160536730337554, 39.059703063212524 ], [ 74.160585796849688, 39.060040524153365 ], [ 74.160634708001183, 39.060567602516571 ], [ 74.160681336445805, 39.061031474993122 ], [ 74.160675390282421, 39.06150832063657 ], [ 74.160674390282423, 39.06150832063657 ] ] ] ] } },
{ "type": "Feature", "properties": { "ID": 808, "周长": 0.14832270552995441, "面积": 0.00025158683030735286, "FEATUREID": "OFBB004C1AJ430010020000042", "CHFCAC": "000042", "YSX": "1300", "QDIAA": "410301>410206", "GCJFLP": "灰色二云石英片岩、黑云绢云石英片岩、黑云变粒岩、石榴绢云石英片岩、大理岩", "QDUECD": "赛图拉岩群", "QDUECC": "→ChSt.", "GZEKG": "222100       ", "MDLHL": 0.0, "KWBED": "2517-1594-3124", "YSC": "3607", "YSD": "3207", "YSADAB": "", "QDIAB": "111000-251100", "YSWA": "07", "YSVA": "003", "QDIBE": "西昆仑变质带", "YSVAD": "", "DDCDS": "1220", "QDIMD": "", "fill_color": 32256, "pattern": 757, "pattern_color": 18432, "_src_file": "LDZOFBB004.WP", "_src_id": 41 }, "geometry": { "type": "MultiPolygon", "coordinates": [ [ [ [ 73.745926700708267, 39.039488876718025 ], [ 73.751309879428391, 39.040755952407046 ], [ 73.754147706119255, 39.041779567610355 ], [ 73.762535712733296, 39.044389937472992 ], [ 73.764809974730582, 39.046078034603944 ], [ 73.76582368412538, 39.046687796970495 ], [ 73.767777061368903, 39.047374026629036 ], [ 73.770410095754102, 39.048133975364138 ], [ 73.773802012570101, 39.049402197372359 ], [ 73.776545275884786, 39.050598283040941 ], [ 73.778546790708674, 39.051380263013336 ], [ 73.780919193261113, 39.05210866850522 ], [ 73.783891204255312, 39.052786264856472 ], [ 73.786400855396593, 39.053466594267569 ], [ 73.789703323192882, 39.053833791474609 ], [ 73.794841830073196, 39.054192564188313 ], [ 73.794842830073193, 39.054192564188313 ], [ 73.795325518246514, 39.053339380027708 ], [ 73.795392899171304, 39.052729565868752 ], [ 73.79523080239791, 39.052422343471612 ], [ 73.79478656103791, 39.052242628043487 ], [ 73.794114477408741, 39.052278290480849 ], [ 73.793330518195191, 39.052312624833284 ], [ 73.792375464503195, 39.05251938402423 ], [ 73.790796788756225, 39.053088630489853 ], [ 73.78950298108569, 39.053377647731324 ], [ 73.788549434971586, 39.053452955029208 ], [ 73.787377142056656, 39.053264017748901 ], [ 73.78654687048224, 39.052774226701075 ], [ 73.785659755486989, 39.052327308338214 ], [ 73.784773519931491, 39.051836809341275 ], [ 73.783772708767273, 39.051475628284265 ], [ 73.782771910826227, 39.051114441058935 ], [ 73.781996809874641, 39.050668893761667 ], [ 73.781613626420807, 39.050228242804835 ], [ 73.781624090145712, 39.049705343924629 ], [ 73.782362364306607, 39.049191541741564 ], [ 73.783324565395063, 39.04868053059144 ], [ 73.78428588433917, 39.048213087536247 ], [ 73.786615804528324, 39.046410296215079 ], [ 73.78718336599232, 39.045980898016666 ], [ 73.787813423317687, 39.045203319416792 ], [ 73.788277314882592, 39.044336531578288 ], [ 73.788625225925671, 39.043686441538867 ], [ 73.789145028613049, 39.042820313980471 ], [ 73.789440273375916, 39.04199513462865 ], [ 73.789645172100904, 39.041288042284378 ], [ 73.789645172100904, 39.041288042284378 ], [ 73.788528377962038, 39.040090627605032 ], [ 73.787643638751987, 39.038892474469421 ], [ 73.786750793271082, 39.037410501547555 ], [ 73.78659954852337, 39.036910818864364 ], [ 73.78659954852337, 39.036910818864364 ], [ 73.785321067076723, 39.03717927548918 ], [ 73.78309419456248, 39.037969653626263 ], [ 73.781331131201284, 39.038856298992172 ], [ 73.778869651362342, 39.039734561784833 ], [ 73.777111662676276, 39.040348895125732 ], [ 73.775691614032141, 39.041419451396102 ], [ 73.774386403785456, 39.04258226765436 ], [ 73.773315985274138, 39.043657314631758 ], [ 73.771132787438106, 39.045013145448429 ], [ 73.769897124480309, 39.045609860261095 ], [ 73.768572685113668, 39.046273472577298 ], [ 73.767339727734381, 39.046734129648783 ], [ 73.766640675555593, 39.046725301953927 ], [ 73.766126017037408, 39.046242578920733 ], [ 73.766053770691059, 39.045493320851769 ], [ 73.766953693071457, 39.044212093855862 ], [ 73.767854957581136, 39.042862845303603 ], [ 73.768569078742487, 39.042123510554411 ], [ 73.768844936917517, 39.041446675391335 ], [ 73.768764426399045, 39.041105503488275 ], [ 73.76788793229926, 39.041230506557653 ], [ 73.766398435050519, 39.041415790107045 ], [ 73.765177936229165, 39.04126430179646 ], [ 73.763800607160462, 39.040226405213886 ], [ 73.76242469566408, 39.039120479097392 ], [ 73.76112653743148, 39.038491741375886 ], [ 73.760424807114347, 39.038618905099028 ], [ 73.760237632675427, 39.039228812586551 ], [ 73.760735633890775, 39.040527729152089 ], [ 73.760979809868246, 39.041415234435433 ], [ 73.760708020080514, 39.041888006620617 ], [ 73.760092248649514, 39.042084289938607 ], [ 73.758791290787329, 39.041591555429065 ], [ 73.757411283885787, 39.040689612017324 ], [ 73.75569151801669, 39.0393071090704 ], [ 73.754844134843779, 39.03800372555007 ], [ 73.754343486022265, 39.036840814627645 ], [ 73.753917736480275, 39.03629113916039 ], [ 73.752879032296107, 39.035801678907326 ], [ 73.752346495705766, 39.036203076835228 ], [ 73.752241074840754, 39.03708614160773 ], [ 73.752221634695331, 39.03803833227996 ], [ 73.752118986018104, 39.038785369712549 ], [ 73.751235546307996, 39.03925031476777 ], [ 73.748870940124533, 39.039492234474018 ], [ 73.746249778372984, 39.039458692623192 ], [ 73.74592570070827, 39.039488876718025 ], [ 73.745926700708267, 39.039488876718025 ] ] ] ] } },
{ "type": "Feature", "properties": { "ID": 810, "周长": 0.19674393980761642, "面积": 0.00088114650564963259, "FEATUREID": "OFBB004C1AJ430010020000043", "CHFCAC": "000043", "YSX": "1300", "QDIAA": "410301>410206", "GCJFLP": "灰色二云石英片岩、黑云绢云石英片岩、黑云变粒岩、石榴绢云石英片岩、大理岩", "QDUECD": "赛图拉岩群", "QDUECC": "→ChSt.", "GZEKG": "222100       ", "MDLHL": 0.0, "KWBED": "2517-1594-3124", "YSC": "3607", "YSD": "3207", "YSADAB": "", "QDIAB": "111000-251100", "YSWA": "07", "YSVA": "003", "QDIBE": "西昆仑变质带", "YSVAD": "", "DDCDS": "1220", "QDIMD": "", "fill_color": -28160, "pattern": 757, "pattern_color": 18432, "_src_file": "LDZOFBB004.WP", "_src_id": 42 }, "geometry": { "type": "MultiPolygon", "coordinates": [ [ [ [ 74.408390990648414, 39.033422624977788 ], [ 74.408108855912445, 39.033196541478716 ], [ 74.407962801780727, 39.03303644280075 ], [ 74.407780991351686, 39.032774846660786 ], [ 74.407599363650064, 39.032498785199785 ], [ 74.407527856606848, 39.032295790518887 ], [ 74.407420772451445, 39.031976833341702 ], [ 74.407352840273319, 39.031484553270118 ], [ 74.407395632474433, 39.029517541659345 ], [ 74.407399300815371, 39.029214124065184 ], [ 74.407296126074328, 39.02852205281188 ], [ 74.40708325443596, 39.027714020379264 ], [ 74.406976168688274, 39.027367612347504 ], [ 74.406723854259184, 39.026775368338477 ], [ 74.406234141369112, 39.025907859264294 ], [ 74.406125588025205, 39.025691075942603 ], [ 74.406016713444046, 39.025503096721508 ], [ 74.40594630768534, 39.025185743301556 ], [ 74.405912085300145, 39.024940649521852 ], [ 74.405933854697267, 39.024652722186218 ], [ 74.40605073798713, 39.024134971974732 ], [ 74.406167214188144, 39.023747449360009 ], [ 74.40622515009305, 39.023575260449689 ], [ 74.406320842580655, 39.023345769053563 ], [ 74.40647144143793, 39.023145304251337 ], [ 74.406603162686068, 39.02297349052759 ], [ 74.406697124165248, 39.02285897922436 ], [ 74.40677242409069, 39.022758746597198 ], [ 74.406829490440941, 39.022644047549704 ], [ 74.406831652814276, 39.022500319742008 ], [ 74.406760465743091, 39.022327473877041 ], [ 74.406652384700536, 39.022154440312761 ], [ 74.406470084877199, 39.02200977410704 ], [ 74.406396735972677, 39.021980653575149 ], [ 74.406249598718631, 39.021951157449067 ], [ 74.405973557593128, 39.021906628894733 ], [ 74.405567313487055, 39.021933306818276 ], [ 74.403432792383569, 39.02279919879588 ], [ 74.40293148842639, 39.023012238819376 ], [ 74.402689950196446, 39.023125991509467 ], [ 74.402467725109091, 39.02318234576812 ], [ 74.402282827089849, 39.02321014581792 ], [ 74.402006131732961, 39.023208727730065 ], [ 74.401692763774108, 39.023192744996692 ], [ 74.400918671444657, 39.023145648936989 ], [ 74.400660422358456, 39.023144322388703 ], [ 74.400234634152199, 39.023242747291761 ], [ 74.400067747642126, 39.023299383730652 ], [ 74.399620461565291, 39.023598929157714 ], [ 74.399360225498654, 39.023827444019368 ], [ 74.399211215538983, 39.024113908676149 ], [ 74.399097946608649, 39.024429363083051 ], [ 74.399093841959868, 39.024702438961334 ], [ 74.399143999003527, 39.024975884409173 ], [ 74.399295768078659, 39.025709985377873 ], [ 74.399416987773634, 39.02607015554171 ], [ 74.399612441680873, 39.027781629414697 ], [ 74.399625227402765, 39.028155412061366 ], [ 74.3996221798037, 39.028356627297789 ], [ 74.399610122783585, 39.029176065162474 ], [ 74.399494156421881, 39.029694871421974 ], [ 74.39941879471489, 39.029881838327753 ], [ 74.39934430764778, 39.030054449560105 ], [ 74.399160616789899, 39.030385128421059 ], [ 74.399050251919405, 39.030600851176736 ], [ 74.398740794768486, 39.030829648911876 ], [ 74.398033392768411, 39.031055733050479 ], [ 74.397598535427875, 39.031139356070078 ], [ 74.397217698412447, 39.031252208810429 ], [ 74.396909213744834, 39.031365553754497 ], [ 74.39665524015598, 39.031450410072559 ], [ 74.396383421631924, 39.031506277614405 ], [ 74.396111848302411, 39.031533283690941 ], [ 74.395767921046399, 39.031559795009983 ], [ 74.393958703039999, 39.031590697142725 ], [ 74.393669288146626, 39.031588713458781 ], [ 74.39343413713911, 39.031587099068375 ], [ 74.393199232948163, 39.031556623391715 ], [ 74.392982789147155, 39.031482980566416 ], [ 74.392802769552361, 39.031380721151045 ], [ 74.392605031229962, 39.031235047900481 ], [ 74.392497489584599, 39.031118854821059 ], [ 74.392354636738204, 39.030901398429414 ], [ 74.392175979202008, 39.030640400215063 ], [ 74.390767984353715, 39.027434004480007 ], [ 74.390538075700221, 39.027087448938516 ], [ 74.389949258631233, 39.026551562462899 ], [ 74.38908849581037, 39.026056921883843 ], [ 74.388154740043632, 39.02560489142256 ], [ 74.387956440496922, 39.025560401466343 ], [ 74.387685358120606, 39.025544157075075 ], [ 74.387540666085428, 39.025543156527924 ], [ 74.38725040459201, 39.025598649337759 ], [ 74.387104834936281, 39.025655138186636 ], [ 74.38699500582355, 39.025740622750035 ], [ 74.38672108160479, 39.025911216199809 ], [ 74.38657420261066, 39.026053939309818 ], [ 74.386390054217614, 39.026268273562856 ], [ 74.386278692201174, 39.026454364815038 ], [ 74.38623989483807, 39.026626583494846 ], [ 74.386236399175345, 39.026856540986898 ], [ 74.386267546862854, 39.027187354722265 ], [ 74.386726929536209, 39.03112236431528 ], [ 74.386814506228419, 39.03354749209165 ], [ 74.386752626981945, 39.034427398206383 ], [ 74.386712457186093, 39.034888932898681 ], [ 74.386544661647207, 39.035465039748864 ], [ 74.385920498789545, 39.036514228899733 ], [ 74.385735930210828, 39.036860387708685 ], [ 74.385514687498912, 39.037192835097933 ], [ 74.384744145174352, 39.038015893944618 ], [ 74.384305869287445, 39.03830405510751 ], [ 74.384123954789416, 39.038361332241074 ], [ 74.383906113286812, 39.038389494223303 ], [ 74.383688761869465, 39.038374186286987 ], [ 74.383525948358766, 39.038344592188153 ], [ 74.383308921253033, 39.038300306109988 ], [ 74.383055965295028, 39.038226899987237 ], [ 74.382749117817283, 39.038109821607719 ], [ 74.382352129371398, 39.037948930391117 ], [ 74.381868095881785, 39.037468923006529 ], [ 74.381419829998961, 39.037032521346184 ], [ 74.38109877838788, 39.036567615700193 ], [ 74.380993118785867, 39.036291900541968 ], [ 74.380997033487034, 39.035944148917906 ], [ 74.3810953225492, 39.035263476713439 ], [ 74.381373378113437, 39.033091203489384 ], [ 74.381438215993356, 39.03187939184086 ], [ 74.38145894752202, 39.031576471307055 ], [ 74.381461589103594, 39.031273425554886 ], [ 74.381446898617426, 39.030883667843142 ], [ 74.381377565102184, 39.030536824506449 ], [ 74.381270420492768, 39.030377328962366 ], [ 74.381047213851915, 39.030043844570493 ], [ 74.380867593016134, 39.029898276872864 ], [ 74.380687972936641, 39.029752706649248 ], [ 74.380372534846913, 39.029624231480291 ], [ 74.380191971167704, 39.029586893388171 ], [ 74.380011250103564, 39.029567591579863 ], [ 74.379671784805439, 39.029601303136587 ], [ 74.379422129066683, 39.029707796511431 ], [ 74.378513940050638, 39.030134404118776 ], [ 74.378037544370315, 39.030311468762029 ], [ 74.377562916868271, 39.030385752500941 ], [ 74.377035914984234, 39.03042728729389 ], [ 74.376345672626442, 39.030453681515581 ], [ 74.375998756384291, 39.030393394947836 ], [ 74.375779844428678, 39.030304768204132 ], [ 74.37550645026451, 39.030172212846509 ], [ 74.375215392297136, 39.029981468766245 ], [ 74.37499746903498, 39.029805752929541 ], [ 74.374779549718824, 39.029630038956491 ], [ 74.374526959302557, 39.02927988976564 ], [ 74.373803641266093, 39.027615473586309 ], [ 74.373803641266093, 39.027615473586309 ], [ 74.369275626656716, 39.030205254578313 ], [ 74.368393486343933, 39.030737492948944 ], [ 74.367710431910098, 39.031194183027388 ], [ 74.366142543381088, 39.032413839176833 ], [ 74.363439636599111, 39.035202312632265 ], [ 74.362402591671895, 39.036695778864363 ], [ 74.361755981017737, 39.037925582453028 ], [ 74.361064130429526, 39.039039497393198 ], [ 74.360271886888881, 39.040345572023377 ], [ 74.359383175820952, 39.041419870220246 ], [ 74.356284623232554, 39.044910087228935 ], [ 74.355739023824711, 39.045793537498575 ], [ 74.355197013791553, 39.04636867014657 ], [ 74.354512742582017, 39.046904455926892 ], [ 74.348482961516069, 39.051831773923801 ], [ 74.339665860550468, 39.058400355189519 ], [ 74.339665860550468, 39.058400355189519 ], [ 74.34607750766115, 39.058041541544512 ], [ 74.350355783968922, 39.057307224916229 ], [ 74.351864215090728, 39.057050243345138 ], [ 74.353031619027249, 39.056828980303273 ], [ 74.355319640882158, 39.05626869036476 ], [ 74.362097421909468, 39.054166852269589 ], [ 74.364487735633617, 39.053415929521691 ], [ 74.373563483464238, 39.050442557661675 ], [ 74.383587427858345, 39.046743046908837 ], [ 74.38605111289651, 39.045790800880489 ], [ 74.390303119198549, 39.044114403635454 ], [ 74.397591228126871, 39.041160815935413 ], [ 74.399007009822014, 39.040705270629964 ], [ 74.399007009822014, 39.040705270629964 ], [ 74.399631371490685, 39.039507821474956 ], [ 74.400525963493692, 39.038251475350833 ], [ 74.401711522817095, 39.037111256022875 ], [ 74.403486900429769, 39.035744784839714 ], [ 74.405259324306925, 39.034722161679618 ], [ 74.408391990648411, 39.033422624977788 ], [ 74.408390990648414, 39.033422624977788 ] ] ] ] } },
{ "type": "Feature", "properties": { "ID": 813, "周长": 0.019734832312094226, "面积": 1.0041944451016255e-05, "FEATUREID": "OFBB004C1AJ430010020000044", "CHFCAC": "000044", "YSX": "1300", "QDIAA": "410301>410206", "GCJFLP": "灰色二云石英片岩、黑云绢云石英片岩、黑云变粒岩、石榴绢云石英片岩、大理岩", "QDUECD": "赛图拉岩群", "QDUECC": "→ChSt.", "GZEKG": "222100       ", "MDLHL": 0.0, "KWBED": "2517-1594-3124", "YSC": "3607", "YSD": "3207", "YSADAB": "", "QDIAB": "111000-251100", "YSWA": "07", "YSVA": "003", "QDIBE": "西昆仑变质带", "YSVAD": "", "DDCDS": "1220", "QDIMD": "", "fill_color": -23040, "pattern": 757, "pattern_color": 18432, "_src_file": "LDZOFBB004.WP", "_src_id": 43 }, "geometry": { "type": "MultiPolygon", "coordinates": [ [ [ [ 73.836127982200509, 39.049813600165734 ], [ 73.836927206743184, 39.050073452552873 ], [ 73.839492417417631, 39.050616357536043 ], [ 73.84074890154676, 39.050677416479388 ], [ 73.841949735620517, 39.050504410577005 ], [ 73.842615085038943, 39.050138548226656 ], [ 73.843282957294647, 39.04963266182974 ], [ 73.844254386421895, 39.048896817407424 ], [ 73.845109319535325, 39.04797311558756 ], [ 73.845331229219497, 39.047782689975904 ], [ 73.845331229219497, 39.047782689975904 ], [ 73.840096465914698, 39.049154097404909 ], [ 73.836128982200506, 39.049813600165734 ], [ 73.836127982200509, 39.049813600165734 ] ] ] ] } },
{ "type": "Feature", "properties": { "ID": 814, "周长": 0.46795905729080656, "面积": 0.0067385248749248158, "FEATUREID": "OFBB004C1AJ430010020000045", "CHFCAC": "000045", "YSX": "1300", "QDIAA": "410301>410206", "GCJFLP": "灰色二云石英片岩、黑云绢云石英片岩、黑云变粒岩、石榴绢云石英片岩、大理岩", "QDUECD": "赛图拉岩群", "QDUECC": "→ChSt.", "GZEKG": "222100       ", "MDLHL": 0.0, "KWBED": "2517-1594-3124", "YSC": "3607", "YSD": "3207", "YSADAB": "", "QDIAB": "111000-251100", "YSWA": "07", "YSVA": "003", "QDIBE": "西昆仑变质带", "YSVAD": "", "DDCDS": "1220", "QDIMD": "", "fill_color": -19968, "pattern": 757, "pattern_color": 18432, "_src_file": "LDZOFBB004.WP", "_src_id": 44 }, "geometry": { "type": "MultiPolygon", "coordinates": [ [ [ [ 73.955902558140764, 39.038266193602198 ], [ 73.956176295425564, 39.037702782889149 ], [ 73.956187790627908, 39.036988464096773 ], [ 73.955833828368441, 39.036222505187908 ], [ 73.95517852171848, 39.035215084675023 ], [ 73.953623824700671, 39.033197549710451 ], [ 73.953207337738419, 39.032526153753267 ], [ 73.953405804034688, 39.031575744201909 ], [ 73.954149722822905, 39.030869483232188 ], [ 73.954891323395273, 39.03030607838015 ], [ 73.956304266091166, 39.029750040234163 ], [ 73.957165607613774, 39.0293308261042 ], [ 73.958032289983123, 39.028578254747508 ], [ 73.958776896412488, 39.027824341637668 ], [ 73.95982510740042, 39.027169004575448 ], [ 73.96160873935537, 39.026329562163603 ], [ 73.963573168656396, 39.025633508891225 ], [ 73.965719891653606, 39.024986752476394 ], [ 73.96762397362069, 39.024242440204297 ], [ 73.97333673244475, 39.021961689296838 ], [ 73.97456407626774, 39.021544392808927 ], [ 73.976339901277058, 39.021179778294233 ], [ 73.978054678307487, 39.020814574780424 ], [ 73.979954020997695, 39.020355787047563 ], [ 73.982039414157043, 39.019708162599549 ], [ 73.984427554787359, 39.019157609567308 ], [ 73.986079286263646, 39.018838044990055 ], [ 73.987181385387203, 39.018561444783117 ], [ 73.988348022042359, 39.018047063614823 ], [ 73.989397643480814, 39.017198029695201 ], [ 73.990574894193358, 39.015968758452004 ], [ 73.991754235320172, 39.014596502363148 ], [ 73.992749156578881, 39.013317999450898 ], [ 73.993739085831777, 39.012373094699939 ], [ 73.994294315431432, 39.011948809445826 ], [ 73.994851660396421, 39.011381551270667 ], [ 73.995105495199752, 39.010716399380939 ], [ 73.994998379928489, 39.009714552789781 ], [ 73.995134482622873, 39.008762422791392 ], [ 73.995690383932939, 39.008290474163012 ], [ 73.996242745248836, 39.008056811844064 ], [ 73.997218442486741, 39.008065034051114 ], [ 73.998977031655357, 39.008747127668052 ], [ 74.000249203376669, 39.009329781871337 ], [ 74.002074455949511, 39.009631078639941 ], [ 74.004266322672834, 39.009887747087951 ], [ 74.006457504679148, 39.010192030680606 ], [ 74.008040268593987, 39.010395880568623 ], [ 74.009932145097679, 39.010316297121655 ], [ 74.011461596574435, 39.00999535352814 ], [ 74.012991034620484, 39.009674389684271 ], [ 74.014586993841988, 39.008972645725322 ], [ 74.015878014335115, 39.008268359447214 ], [ 74.017110797890524, 39.007372923880368 ], [ 74.018523725465172, 39.006669612405041 ], [ 74.019995435289474, 39.005954935059009 ], [ 74.019995435289474, 39.005954935059009 ], [ 74.019142683455399, 39.00453163953464 ], [ 74.017733377088902, 39.002269680811651 ], [ 74.017533798732742, 39.001705320033366 ], [ 74.017333801910922, 39.001060553207836 ], [ 74.016891781110402, 39.000000005117414 ], [ 74.016890781110405, 39.000000005117414 ], [ 74.016666666659461, 38.999999999996142 ], [ 74.011111111103844, 38.999999999996135 ], [ 74.005555555548213, 38.99999999999612 ], [ 73.999999999992596, 38.999999999996113 ], [ 73.994444444436965, 38.999999999996113 ], [ 73.98888888888132, 38.999999999996092 ], [ 73.983333333325703, 38.999999999996085 ], [ 73.977777777770058, 38.999999999996078 ], [ 73.972222222214413, 38.999999999996064 ], [ 73.966666666658767, 38.999999999996064 ], [ 73.961111111103136, 38.999999999996035 ], [ 73.955555555547477, 38.999999999996035 ], [ 73.949999999991832, 38.999999999996021 ], [ 73.944444444436172, 38.999999999996021 ], [ 73.938888888880513, 38.999999999995993 ], [ 73.933333333324867, 38.999999999995985 ], [ 73.927777777769194, 38.999999999995978 ], [ 73.92222222221352, 38.999999999995971 ], [ 73.916666666657846, 38.999999999995957 ], [ 73.911111111102187, 38.999999999995957 ], [ 73.905555555546499, 38.999999999995929 ], [ 73.899999999990811, 38.999999999995921 ], [ 73.894444444435138, 38.999999999995907 ], [ 73.888888888879464, 38.999999999995893 ], [ 73.883333333323762, 38.999999999995879 ], [ 73.87777777776806, 38.999999999995872 ], [ 73.872222222212358, 38.99999999999585 ], [ 73.866666666656641, 38.999999999995836 ], [ 73.861111111100939, 38.999999999995822 ], [ 73.855555555545223, 38.999999999995822 ], [ 73.849999999989507, 38.999999999995794 ], [ 73.844444444433776, 38.999999999995794 ], [ 73.842074007976521, 39.000000032358734 ], [ 73.842074007976521, 39.000000032358734 ], [ 73.841134623707632, 39.001123573866977 ], [ 73.84019621858387, 39.002501380463237 ], [ 73.839174017787727, 39.003707206110718 ], [ 73.838090344222778, 39.005029505965588 ], [ 73.837220483074248, 39.006466518869537 ], [ 73.836053287939748, 39.007729419462549 ], [ 73.835038628235296, 39.008993829042964 ], [ 73.83357379878295, 39.010141139002641 ], [ 73.832192585915692, 39.01118117873051 ], [ 73.830880426559744, 39.012100294572058 ], [ 73.829201997374142, 39.013195865575234 ], [ 73.827660924730822, 39.013946011587123 ], [ 73.826134778176666, 39.014925972442043 ], [ 73.824891292911786, 39.01613394695331 ], [ 73.82380013597637, 39.017510076522932 ], [ 73.822930390183487, 39.01871729137612 ], [ 73.822282000901453, 39.020151918208953 ], [ 73.822068120645113, 39.021581922582762 ], [ 73.821717045915833, 39.023015041677127 ], [ 73.821503648653092, 39.024674736185894 ], [ 73.821297310641185, 39.026104811878497 ], [ 73.821091535506255, 39.027651990029774 ], [ 73.820808940925147, 39.029369528892673 ], [ 73.819939395915583, 39.030747858152253 ], [ 73.819724660938732, 39.031277658756132 ], [ 73.819724660938732, 39.031277658756132 ], [ 73.820325742112331, 39.031255365141732 ], [ 73.821041445219507, 39.031403723587161 ], [ 73.821571583953485, 39.03187670305617 ], [ 73.821854647758158, 39.03236802488113 ], [ 73.821854647758158, 39.03236802488113 ], [ 73.822086839230039, 39.033161024279693 ], [ 73.822066612814112, 39.034263278954683 ], [ 73.821919481876222, 39.035755429621013 ], [ 73.821783484048765, 39.036640829267498 ], [ 73.82170562997176, 39.037620269633329 ], [ 73.821685062639332, 39.038740421638316 ], [ 73.821846655931068, 39.039722638742553 ], [ 73.822186134390321, 39.040800283533805 ], [ 73.822708643706321, 39.041693318288246 ], [ 73.822996836833255, 39.042303535460661 ], [ 73.823468914511693, 39.042682468705451 ], [ 73.824002573984615, 39.042968747655145 ], [ 73.824773993259001, 39.043351141821162 ], [ 73.825670278710319, 39.043454875846237 ], [ 73.827286676411077, 39.043473559240482 ], [ 73.829501741400463, 39.043499124281524 ], [ 73.831419175480391, 39.043427855984518 ], [ 73.833522149136286, 39.043031907735539 ], [ 73.835142781995017, 39.042817115714413 ], [ 73.836340105321625, 39.042830858751671 ], [ 73.837594756486325, 39.042985296285046 ], [ 73.838364560856917, 39.043460948351708 ], [ 73.838833343909528, 39.04402651403494 ], [ 73.839119996025104, 39.044730042330741 ], [ 73.838989267970902, 39.045335423701076 ], [ 73.83862159602009, 39.045798042195536 ], [ 73.837835684605551, 39.0462091846058 ], [ 73.836989047294509, 39.046666307734007 ], [ 73.835841353110936, 39.047213335086433 ], [ 73.834933972075277, 39.047716428348565 ], [ 73.834505544306964, 39.04822502039179 ], [ 73.834378162152575, 39.048643702581082 ], [ 73.834491964708647, 39.048971789889208 ], [ 73.834905971201792, 39.049256643077776 ], [ 73.835321681747217, 39.049448150645446 ], [ 73.836127982200509, 39.049813600165734 ], [ 73.836128982200506, 39.049813600165734 ], [ 73.840096465914698, 39.049154097404909 ], [ 73.845331229219497, 39.047782689975904 ], [ 73.845331229219497, 39.047782689975904 ], [ 73.846021428114753, 39.047190405623468 ], [ 73.846871141510462, 39.046546992861593 ], [ 73.847777329259685, 39.046090982714283 ], [ 73.84904262103548, 39.045639250856013 ], [ 73.850002768432446, 39.04551064988889 ], [ 73.851196456079592, 39.045711607465662 ], [ 73.85173187125622, 39.046105770789985 ], [ 73.85173187125622, 39.046105770789985 ], [ 73.854913343636838, 39.04416596346195 ], [ 73.856535793385021, 39.043386754831097 ], [ 73.857330894897203, 39.043063640706542 ], [ 73.858181047603196, 39.042741423419749 ], [ 73.859005018572191, 39.042418881366928 ], [ 73.859997815202306, 39.04205400263718 ], [ 73.86138306216651, 39.041693536758579 ], [ 73.863502911526709, 39.041451831171422 ], [ 73.864547355578495, 39.041352920888386 ], [ 73.865618417326885, 39.041342775787761 ], [ 73.866604172883044, 39.041375906695237 ], [ 73.867697916838935, 39.041565090223287 ], [ 73.868821820822049, 39.041975868987514 ], [ 73.869243508007699, 39.042113338610022 ], [ 73.87014564166823, 39.042234312701098 ], [ 73.870933651542572, 39.042243431713246 ], [ 73.871469968570338, 39.042338105227238 ], [ 73.872339663839043, 39.042547292523615 ], [ 73.873294250354178, 39.042845938467742 ], [ 73.874299198901269, 39.043300082537996 ], [ 73.875175787950297, 39.043800183930628 ], [ 73.875175787950297, 39.043800183930628 ], [ 73.896845232876501, 39.044946418280112 ], [ 73.907307973391823, 39.0456280930823 ], [ 73.918778108257413, 39.04596568209206 ], [ 73.924893850796153, 39.045605989690891 ], [ 73.929943054790982, 39.044601223539281 ], [ 73.945186113379961, 39.040757983140601 ], [ 73.955903558140761, 39.038266193602198 ], [ 73.955902558140764, 39.038266193602198 ] ] ] ] } },
{ "type": "Feature", "properties": { "ID": 817, "周长": 0.15625105442172368, "面积": 0.00069277241681597879, "FEATUREID": "OFBB004C1AJ430010020000046", "CHFCAC": "000046", "YSX": "1300", "QDIAA": "410301-410409", "GCJFLP": "灰、深灰、灰绿色白云母石灰色含石榴黑云石英片岩、混合质白云黑云斜长片麻岩夹石英岩、大理岩", "QDUECD": "喀拉喀什岩群", "QDUECC": "→Pt↓1→K.", "GZEKG": "230000       ", "MDLHL": 0.0, "KWBED": "3117-2517-1594", "YSC": "3607", "YSD": "3207", "YSADAB": "", "QDIAB": "111000-251100", "YSWA": "05", "YSVA": "003", "QDIBE": "西昆仑变质带", "YSVAD": "", "DDCDS": "1220", "QDIMD": "", "fill_color": -8704, "pattern": 757, "pattern_color": 17408, "_src_file": "LDZOFBB004.WP", "_src_id": 45 }, "geometry": { "type": "MultiPolygon", "coordinates": [ [ [ [ 74.620471709071012, 39.019287785122259 ], [ 74.620041139229144, 39.019285500921193 ], [ 74.61958557700062, 39.01930186692168 ], [ 74.619010149078804, 39.019355162420034 ], [ 74.618626537813327, 39.019409476391147 ], [ 74.618290901389088, 39.019501611047794 ], [ 74.617907337536977, 39.019649844260982 ], [ 74.617571747347924, 39.01983589844447 ], [ 74.617259773013942, 39.020097712600396 ], [ 74.61701925259014, 39.020322919738526 ], [ 74.616393745633701, 39.020998854006557 ], [ 74.616177026271714, 39.021355971708353 ], [ 74.615912210153041, 39.021750595582056 ], [ 74.615719563308929, 39.022070124438905 ], [ 74.615550992166419, 39.022352065108372 ], [ 74.615430574850649, 39.022558832138714 ], [ 74.615334144842066, 39.02278451285742 ], [ 74.615285687516248, 39.023048016642441 ], [ 74.61523716998822, 39.023349187384426 ], [ 74.615164753566916, 39.023574947131159 ], [ 74.615140406021325, 39.023782032952361 ], [ 74.614875301998865, 39.024346150021231 ], [ 74.614682643359757, 39.024665676964375 ], [ 74.614466114943468, 39.024890957866177 ], [ 74.614201611015773, 39.02507841477567 ], [ 74.61403333189854, 39.025172022680451 ], [ 74.613841094173239, 39.02522788385776 ], [ 74.61364891970976, 39.025246080004379 ], [ 74.613408738065985, 39.025245282034597 ], [ 74.613264750281786, 39.025169470419804 ], [ 74.613120887613903, 39.025018326943467 ], [ 74.613048892624235, 39.024980420976235 ], [ 74.612857149241336, 39.024734951521239 ], [ 74.612425626752241, 39.024243852056969 ], [ 74.612186130303542, 39.02382872161904 ], [ 74.61096617095572, 39.020849003268921 ], [ 74.610726849867135, 39.020339705584242 ], [ 74.609936353523935, 39.019112900040973 ], [ 74.609552855348781, 39.01865961509943 ], [ 74.609313268400413, 39.018319814808883 ], [ 74.60907342569196, 39.018130675263563 ], [ 74.608809634093575, 39.017903789951696 ], [ 74.608545780825082, 39.017714571048799 ], [ 74.608257849353294, 39.017562935660898 ], [ 74.607969852568957, 39.017448966560487 ], [ 74.607609878187276, 39.017297087451986 ], [ 74.606431795706825, 39.016897499456014 ], [ 74.604964136431889, 39.016591014225938 ], [ 74.603111230928548, 39.0163773156753 ], [ 74.60226904010608, 39.016261335436788 ], [ 74.601811741087829, 39.016259716927827 ], [ 74.60130627332039, 39.016276755494403 ], [ 74.600800836151862, 39.016274961742845 ], [ 74.600439708992653, 39.01633017786633 ], [ 74.60003044599199, 39.01638522109188 ], [ 74.599669283670167, 39.016459267189667 ], [ 74.599308086485436, 39.016552144529747 ], [ 74.598898821360763, 39.016607183771917 ], [ 74.598489518378301, 39.016681056179856 ], [ 74.598104285225418, 39.016755010072266 ], [ 74.597863529900977, 39.016791816109276 ], [ 74.597502224898406, 39.016941187166772 ], [ 74.597164951549672, 39.017109479319181 ], [ 74.596899952843827, 39.017240362041974 ], [ 74.59661088520204, 39.017371156430784 ], [ 74.596273677576505, 39.017501779005997 ], [ 74.595960574686728, 39.017613651610681 ], [ 74.595671538895203, 39.017725611290949 ], [ 74.595406535156059, 39.017856490580741 ], [ 74.595310045744085, 39.017969141750036 ], [ 74.595237629996859, 39.018081880869218 ], [ 74.595213171558257, 39.01828895773663 ], [ 74.595261026493731, 39.018439797083538 ], [ 74.595308916827818, 39.018571801804228 ], [ 74.595428804532617, 39.018817064562676 ], [ 74.595620901555563, 39.019062588773423 ], [ 74.597446417466273, 39.021103131159279 ], [ 74.597686424292803, 39.021480655733413 ], [ 74.598454736985616, 39.022538065014579 ], [ 74.598791036296447, 39.022915929914831 ], [ 74.599127270795577, 39.02333146077801 ], [ 74.599630060238582, 39.024406790771302 ], [ 74.599725273829506, 39.024689662918625 ], [ 74.599819040771308, 39.025292742550057 ], [ 74.599816234757441, 39.025914325492522 ], [ 74.599788540185401, 39.026705351065949 ], [ 74.599738169451257, 39.027176081799716 ], [ 74.599663333292398, 39.027722074062311 ], [ 74.599319478107887, 39.029077092935111 ], [ 74.599245147780934, 39.02951006931805 ], [ 74.599218981690541, 39.029962048054344 ], [ 74.599121412074695, 39.030206804715561 ], [ 74.599000320785038, 39.03031966011784 ], [ 74.598782890174235, 39.030394424615871 ], [ 74.598517446986904, 39.030412388790438 ], [ 74.598276206063247, 39.030411555985907 ], [ 74.598035124161242, 39.030372966028992 ], [ 74.597770233601139, 39.030258776823857 ], [ 74.59748137606411, 39.03010674035842 ], [ 74.597096766714571, 39.029804030498255 ], [ 74.596832089480458, 39.029652422723338 ], [ 74.596423016601577, 39.029424971595731 ], [ 74.59601394635105, 39.02919751903854 ], [ 74.595604878741725, 39.028970062799978 ], [ 74.593440178783283, 39.027568644831923 ], [ 74.591226097179586, 39.026430717281578 ], [ 74.589203305921416, 39.025670149196415 ], [ 74.588624896826403, 39.025555086914778 ], [ 74.588166746581834, 39.025515794199421 ], [ 74.587708424212224, 39.025514172980444 ], [ 74.58729852011264, 39.025475047364452 ], [ 74.586912563190111, 39.025473676762999 ], [ 74.58582688112719, 39.025507492028169 ], [ 74.585344166781994, 39.025562281261976 ], [ 74.582982249347211, 39.026042971520404 ], [ 74.582085916839503, 39.0262088301875 ], [ 74.581425515765474, 39.026319139531822 ], [ 74.580930081447775, 39.026430123457985 ], [ 74.579915545351625, 39.026670825438757 ], [ 74.579349399617158, 39.026876086230324 ], [ 74.577556348246347, 39.027604677449979 ], [ 74.576966509807036, 39.027847564231067 ], [ 74.576541614285432, 39.028072198696883 ], [ 74.576163825789934, 39.028297005020434 ], [ 74.575715063739921, 39.028596942510191 ], [ 74.574628547378992, 39.029328062820689 ], [ 74.574297853815111, 39.029553034753818 ], [ 74.574038132382725, 39.0297028699093 ], [ 74.573754935922281, 39.029833772765166 ], [ 74.573495448218026, 39.029927062986204 ], [ 74.573211952558211, 39.030057954413621 ], [ 74.572904053739663, 39.030207585973912 ], [ 74.570769506420717, 39.031500034890314 ], [ 74.568298495672039, 39.033375393964057 ], [ 74.567940256680572, 39.033807499051349 ], [ 74.567701072327722, 39.034126975515349 ], [ 74.567484374610245, 39.034540759945102 ], [ 74.567338339703127, 39.034954806063574 ], [ 74.56726275573196, 39.035387959269542 ], [ 74.567162976974672, 39.035877558108872 ], [ 74.567275626189428, 39.036330255501703 ], [ 74.56752875901006, 39.03685885509892 ], [ 74.568227121588293, 39.037596401311397 ], [ 74.568833404514862, 39.03814515511516 ], [ 74.569440124792351, 39.038656215533543 ], [ 74.569814691531121, 39.038864893545849 ], [ 74.570095669671247, 39.039016692234448 ], [ 74.570693180985742, 39.039301572538513 ], [ 74.571257062957443, 39.039435565678204 ], [ 74.5716566814923, 39.039512417514239 ], [ 74.57210542730293, 39.039551704609273 ], [ 74.57241381739054, 39.039552763463185 ], [ 74.572840779379305, 39.039573067920898 ], [ 74.574810303938477, 39.039334897921009 ], [ 74.575332366664625, 39.039261323856081 ], [ 74.575878151427631, 39.039187826954375 ], [ 74.580032014841805, 39.038090385096815 ], [ 74.585063826507962, 39.036729954878545 ], [ 74.58560353437224, 39.036612186502673 ], [ 74.58610458311675, 39.036554502537548 ], [ 74.587087133003394, 39.036574668979831 ], [ 74.587954084954234, 39.036594229694238 ], [ 74.588955902971946, 39.036614479985751 ], [ 74.589745761830983, 39.036648701368883 ], [ 74.590477730058524, 39.036727832697288 ], [ 74.591094042768674, 39.036836506210598 ], [ 74.591536960037345, 39.036944285663715 ], [ 74.592018383832809, 39.037067332963097 ], [ 74.592519013003979, 39.037220618213773 ], [ 74.592904076041464, 39.037358239345302 ], [ 74.594162696621211, 39.037695792102426 ], [ 74.594959202335275, 39.038000626889421 ], [ 74.596577293438926, 39.038771463587473 ], [ 74.598040669950322, 39.039622294208975 ], [ 74.601018416471604, 39.041465035046052 ], [ 74.602044460338163, 39.042294177716073 ], [ 74.604560986019891, 39.044912894770974 ], [ 74.604560986019891, 39.044912894770974 ], [ 74.606178359503346, 39.043577669723334 ], [ 74.606904246478891, 39.043045150320431 ], [ 74.607407474112208, 39.042580669526338 ], [ 74.609897068501752, 39.039534801407719 ], [ 74.610579609653982, 39.038507073100426 ], [ 74.61126134005147, 39.037645812154572 ], [ 74.611979233175305, 39.036530014180116 ], [ 74.613339902157705, 39.0342745443307 ], [ 74.615105006395282, 39.031277023647526 ], [ 74.61801364358341, 39.025283006680304 ], [ 74.620471709071012, 39.019287785122259 ] ] ] ] } },
{ "type": "Feature", "properties": { "ID": 829, "周长": 0.036412675368821402, "面积": 7.5027113893109243e-05, "FEATUREID": "OFBB004C1AJ430010020000047", "CHFCAC": "000047", "YSX": "1300", "QDIAA": "410301>410206", "GCJFLP": "灰色二云石英片岩、黑云绢云石英片岩、黑云变粒岩、石榴绢云石英片岩、大理岩", "QDUECD": "赛图拉岩群", "QDUECC": "→ChSt.", "GZEKG": "222100       ", "MDLHL": 0.0, "KWBED": "2517-1594-3124", "YSC": "3607", "YSD": "3207", "YSADAB": "", "QDIAB": "111000-251100", "YSWA": "07", "YSVA": "003", "QDIBE": "西昆仑变质带", "YSVAD": "", "DDCDS": "1220", "QDIMD": "", "fill_color": -5632, "pattern": 757, "pattern_color": 18432, "_src_file": "LDZOFBB004.WP", "_src_id": 46 }, "geometry": { "type": "MultiPolygon", "coordinates": [ [ [ [ 74.11264340324368, 39.014648755242099 ], [ 74.112136676343013, 39.014976587565847 ], [ 74.111512690774902, 39.0156127228705 ], [ 74.111003024896746, 39.016072992892234 ], [ 74.110719443758555, 39.016358129665448 ], [ 74.110465410398277, 39.016533079032293 ], [ 74.109339046958738, 39.016989319217352 ], [ 74.108836232962062, 39.017206256264792 ], [ 74.108359169572495, 39.017511249567441 ], [ 74.10785375317144, 39.017860114977452 ], [ 74.107429918935338, 39.01820961997327 ], [ 74.107038430299284, 39.01851524721998 ], [ 74.10669964127635, 39.018733123230511 ], [ 74.106473811342482, 39.01899594139978 ], [ 74.106419110734308, 39.019083691155707 ], [ 74.106361675633082, 39.019237571628771 ], [ 74.10641345071744, 39.019414349487775 ], [ 74.106552083521365, 39.019657898339766 ], [ 74.106769572361046, 39.019968220129307 ], [ 74.107403603777044, 39.020590355144328 ], [ 74.108289390392002, 39.021126229661917 ], [ 74.108679534898201, 39.02130556426345 ], [ 74.113005228636951, 39.023256529709741 ], [ 74.116608110241586, 39.025069586012819 ], [ 74.117135142702921, 39.025294035177531 ], [ 74.11865180461875, 39.025526896497638 ], [ 74.118557531842427, 39.0244471866704 ], [ 74.118268940366605, 39.022775991129791 ], [ 74.117792990083771, 39.021246648388633 ], [ 74.11743544605072, 39.020147331580944 ], [ 74.116302803531738, 39.016705893646545 ], [ 74.115759134046996, 39.015653043989126 ], [ 74.115091169407606, 39.014647068891087 ], [ 74.114356605642868, 39.014022205404103 ], [ 74.114082595314159, 39.013914254678184 ], [ 74.114081595314161, 39.013914254678184 ], [ 74.113149800642773, 39.014342997428059 ], [ 74.11264340324368, 39.014648755242099 ] ] ], [ [ [ 74.118652818206556, 39.025527052119266 ], [ 74.11865180461875, 39.025526896497638 ], [ 74.118651818206558, 39.025527052119266 ], [ 74.118652818206556, 39.025527052119266 ] ] ] ] } },
{ "type": "Feature", "properties": { "ID": 831, "周长": 0.20962217221464377, "面积": 0.00068097315135075233, "FEATUREID": "OFBB004C1AJ430010020000048", "CHFCAC": "000048", "YSX": "1300", "QDIAA": "410301>410206", "GCJFLP": "灰色二云石英片岩、黑云绢云石英片岩、黑云变粒岩、石榴绢云石英片岩、大理岩", "QDUECD": "赛图拉岩群", "QDUECC": "→ChSt.", "GZEKG": "222100       ", "MDLHL": 0.0, "KWBED": "2517-1594-3124", "YSC": "3607", "YSD": "3207", "YSADAB": "", "QDIAB": "111000-251100", "YSWA": "07", "YSVA": "003", "QDIBE": "西昆仑变质带", "YSVAD": "", "DDCDS": "1220", "QDIMD": "", "fill_color": -2560, "pattern": 757, "pattern_color": 18432, "_src_file": "LDZOFBB004.WP", "_src_id": 47 }, "geometry": { "type": "MultiPolygon", "coordinates": [ [ [ [ 74.132714364726837, 39.024428214352952 ], [ 74.131567386829687, 39.023076953896854 ], [ 74.130591557079242, 39.021926002071048 ], [ 74.129494370338804, 39.020583480158393 ], [ 74.128699511957308, 39.019815236001435 ], [ 74.127658396171725, 39.018950002728396 ], [ 74.126498277092992, 39.017702434864901 ], [ 74.12558504872537, 39.01650415024217 ], [ 74.124485687033939, 39.015352344617924 ], [ 74.124248253801071, 39.014539995226052 ], [ 74.124634106610571, 39.013350137379149 ], [ 74.125141896051403, 39.012304152751746 ], [ 74.125282061757801, 39.010969613009529 ], [ 74.125238423127684, 39.009490797396715 ], [ 74.124945024235714, 39.008201138676569 ], [ 74.124622300101422, 39.007342391951561 ], [ 74.124623300101419, 39.007342391951561 ], [ 74.126345086737558, 39.006289303268154 ], [ 74.129610539686666, 39.004800924812727 ], [ 74.131139985495366, 39.004351866396632 ], [ 74.131451574863547, 39.00417114167427 ], [ 74.131793919148194, 39.003945052789796 ], [ 74.131909297081108, 39.003787667579395 ], [ 74.131909801004156, 39.003697674841838 ], [ 74.131884022122222, 39.003607458139257 ], [ 74.131828208548896, 39.003562012696811 ], [ 74.131744867218032, 39.003471348009874 ], [ 74.131351556434296, 39.003310716852269 ], [ 74.130632490381487, 39.002732093140537 ], [ 74.130313508515812, 39.002601815499816 ], [ 74.129635414720354, 39.002340935711395 ], [ 74.12795866863685, 39.001784673173489 ], [ 74.127159174731517, 39.001522818212173 ], [ 74.125634541811365, 39.000440547966633 ], [ 74.125239642096005, 39.000000032820822 ], [ 74.125239642096005, 39.000000032820822 ], [ 74.127777777771527, 38.999999999996305 ], [ 74.133333333327101, 38.999999999996326 ], [ 74.13888888888269, 38.999999999996334 ], [ 74.144444444438278, 38.999999999996334 ], [ 74.149999999993852, 38.999999999996348 ], [ 74.155555555549441, 38.999999999996348 ], [ 74.161111111105015, 38.999999999996355 ], [ 74.166666666660603, 38.999999999996362 ], [ 74.172222222216178, 38.999999999996383 ], [ 74.177777777771766, 38.999999999996376 ], [ 74.183333333327326, 38.999999999996383 ], [ 74.188888888882914, 38.999999999996398 ], [ 74.194444444438489, 38.999999999996398 ], [ 74.199999999994063, 38.999999999996398 ], [ 74.202600204558465, 39.000000032931112 ], [ 74.202601204558462, 39.000000032931112 ], [ 74.202510644309143, 39.000445766222334 ], [ 74.202247759441988, 39.001251089359606 ], [ 74.201947378417103, 39.001619115923596 ], [ 74.201693810463595, 39.001852920330926 ], [ 74.201525914972279, 39.001952760111237 ], [ 74.200893634158717, 39.002184269890371 ], [ 74.200601145420222, 39.002216106876212 ], [ 74.200307659342187, 39.0022479408889 ], [ 74.200055536666767, 39.002313648661691 ], [ 74.199719700905604, 39.002378844736619 ], [ 74.199301131978856, 39.002376292562808 ], [ 74.198967261955033, 39.002307012603097 ], [ 74.196209452510018, 39.002054561705087 ], [ 74.195334800701289, 39.001914279274509 ], [ 74.194709246878162, 39.001775719101857 ], [ 74.19416737707121, 39.001771975366204 ], [ 74.193584485730682, 39.001835064107581 ], [ 74.193123127686519, 39.001999698299151 ], [ 74.193083273125509, 39.002032972669156 ], [ 74.192665252298113, 39.00226501636827 ], [ 74.1923297681831, 39.002464075304928 ], [ 74.191953081617186, 39.002763527992428 ], [ 74.191615927757397, 39.002962857020663 ], [ 74.191321583435609, 39.003162618821186 ], [ 74.190983362871819, 39.003328588697215 ], [ 74.190731911402565, 39.003360770948568 ], [ 74.190269397790971, 39.003358246313638 ], [ 74.189850271771391, 39.003288825735062 ], [ 74.188923760537222, 39.003183081980566 ], [ 74.187705894505953, 39.003277081182112 ], [ 74.187327303507331, 39.003308566890794 ], [ 74.186317496243291, 39.00343726541491 ], [ 74.1860219962239, 39.003469209492401 ], [ 74.185770545079151, 39.003501380995253 ], [ 74.185350077283161, 39.003499067233335 ], [ 74.184341303680227, 39.003426384169039 ], [ 74.18181942181026, 39.003043275217387 ], [ 74.181609189477072, 39.003042109170714 ], [ 74.180601423841921, 39.002969396103573 ], [ 74.179885809932387, 39.00293186715836 ], [ 74.179633358130829, 39.002964027627755 ], [ 74.179463820782573, 39.00303021547856 ], [ 74.177950214903262, 39.003390963842229 ], [ 74.177275234424897, 39.00362214136436 ], [ 74.17702198517641, 39.003720947221822 ], [ 74.17672414785703, 39.003852628183544 ], [ 74.176299124475065, 39.00394997306762 ], [ 74.17579215710262, 39.004013276684766 ], [ 74.175369208237584, 39.004043732351718 ], [ 74.174987423931, 39.004141371003129 ], [ 74.173585376836755, 39.004633134820835 ], [ 74.173327150942413, 39.004865434821085 ], [ 74.172813852348682, 39.005196263810618 ], [ 74.172429896618596, 39.005427660919167 ], [ 74.171107420745699, 39.00622097706875 ], [ 74.170811562165824, 39.006352642646227 ], [ 74.170555402262025, 39.006518052867158 ], [ 74.170297700416995, 39.006716903093192 ], [ 74.1700838662249, 39.006815727023479 ], [ 74.169829869860692, 39.006847364297499 ], [ 74.16957787036759, 39.006879003246965 ], [ 74.169111661462978, 39.006909135317315 ], [ 74.167929890748255, 39.007233996756867 ], [ 74.166918040907731, 39.007559650222859 ], [ 74.165443353053888, 39.007914711268242 ], [ 74.162832346489949, 39.008635124393223 ], [ 74.160599519758776, 39.009125516395017 ], [ 74.158791317961061, 39.00941673417595 ], [ 74.157572215950864, 39.009711678515636 ], [ 74.155633027107086, 39.010197040209029 ], [ 74.15217380800533, 39.011289467318555 ], [ 74.15217380800533, 39.011289467318555 ], [ 74.1520333533323, 39.010979677470907 ], [ 74.151901365695537, 39.010787976148137 ], [ 74.151743833333413, 39.01070211993094 ], [ 74.15152931548279, 39.010637123763871 ], [ 74.151021094484932, 39.010612627781008 ], [ 74.15043037561199, 39.010651220469924 ], [ 74.149891911453878, 39.010774975102159 ], [ 74.149435984017813, 39.010772023362264 ], [ 74.149007220367437, 39.010748037621227 ], [ 74.14866030066095, 39.010639759886061 ], [ 74.147992940595174, 39.010444575552363 ], [ 74.144861529714944, 39.008046656133814 ], [ 74.141205180108571, 39.004984739157244 ], [ 74.140858872249908, 39.004788389954015 ], [ 74.140723388254258, 39.004744305962035 ], [ 74.140587190507446, 39.004743242542531 ], [ 74.140318797920415, 39.004741115254831 ], [ 74.140045976888572, 39.004825026525879 ], [ 74.139855562586789, 39.004952594278194 ], [ 74.139633897039829, 39.005273536386063 ], [ 74.139457748344427, 39.006111132248719 ], [ 74.139345918888083, 39.008274124133749 ], [ 74.139421854471365, 39.00879604153095 ], [ 74.139577255335411, 39.009274781647186 ], [ 74.140311988672011, 39.010743439164884 ], [ 74.140841570214121, 39.011462993887697 ], [ 74.142847368034168, 39.014374464454683 ], [ 74.144239755397138, 39.016530216309107 ], [ 74.144239755397138, 39.016530216309107 ], [ 74.138235669752447, 39.02142393507566 ], [ 74.137778934048484, 39.02177545180372 ], [ 74.137408936127514, 39.021994524567383 ], [ 74.137011120135483, 39.022191207493861 ], [ 74.136302591641538, 39.022429950051581 ], [ 74.135649417356049, 39.022669105867507 ], [ 74.135165687238882, 39.022887336057281 ], [ 74.134655773140878, 39.023105352900501 ], [ 74.132715364726835, 39.024428214352952 ], [ 74.132714364726837, 39.024428214352952 ] ] ] ] } },
{ "type": "Feature", "properties": { "ID": 833, "周长": 0.023593486804778484, "面积": 3.58374430606892e-05, "FEATUREID": "OFBB004C1AJ430010020000049", "CHFCAC": "000049", "YSX": "1300", "QDIAA": "410301>410206", "GCJFLP": "灰色二云石英片岩、黑云绢云石英片岩、黑云变粒岩、石榴绢云石英片岩、大理岩", "QDUECD": "赛图拉岩群", "QDUECC": "→ChSt.", "GZEKG": "222100       ", "MDLHL": 0.0, "KWBED": "2517-1594-3124", "YSC": "3607", "YSD": "3207", "YSADAB": "", "QDIAB": "111000-251100", "YSWA": "07", "YSVA": "003", "QDIBE": "西昆仑变质带", "YSVAD": "", "DDCDS": "1220", "QDIMD": "", "fill_color": 4608, "pattern": 758, "pattern_color": 18432, "_src_file": "LDZOFBB004.WP", "_src_id": 48 }, "geometry": { "type": "Polygon", "coordinates": [ [ [ 74.142401184820912, 39.021192027500646 ], [ 74.143428220849955, 39.020631668442235 ], [ 74.144010608670627, 39.020635945756531 ], [ 74.144299802613816, 39.020638084449374 ], [ 74.144586150687473, 39.021208070108969 ], [ 74.144705742230457, 39.023366964409846 ], [ 74.14393989619515, 39.026607945781116 ], [ 74.143265529653277, 39.028075458864258 ], [ 74.142431392973435, 39.029093658204303 ], [ 74.141357976223972, 39.029533906457644 ], [ 74.139829280653075, 39.029237237759652 ], [ 74.138965245816706, 39.028435803022397 ], [ 74.13854357532864, 39.027183310675525 ], [ 74.13877469320245, 39.026121763618129 ], [ 74.139364732737491, 39.02484571554028 ], [ 74.140201514805156, 39.023443448766422 ], [ 74.142401184820912, 39.021192027500646 ] ] ] } }
]
}
