{
"type": "FeatureCollection",
"name": "LDZOFBB003.WP",
"crs": { "type": "name", "properties": { "name": "urn:ogc:def:crs:OGC:1.3:CRS84" } },
"xy_coordinate_resolution": 1e-15,
"features": [
{ "type": "Feature", "properties": { "ID": 55, "周长": 0.043474253568873314, "面积": 3.4360871218688978e-05, "FEATUREID": "OFBB003C1AJ430010020000001", "CHFCAC": "000001", "QDUEAQ": "231200", "CHAHBA": "744823.787", "CHAHBB": "395612.15", "QDUECD": "闪长岩岩脉", "QDUECC": "→δ", "GZEKG": "", "YSEBE": "", "KWB": "＊中长石", "YSHB": "浅绿色", "YSC": "2601", "YSD": "1015", "YSJA": "39", "YSJAA": "", "YKBIC": "", "YSJBA": "20", "YSJBB": "20", "GZIDB": "30", "YSADAA": "", "YSKD": "", "YSKC": "", "YSQA": "", "DDCDS": "", "fill_color": -27136, "pattern": 384, "pattern_color": 512, "_src_file": "LDZOFBB003.WP", "_src_id": 0 }, "geometry": { "type": "Polygon", "coordinates": [ [ [ 74.805489727891569, 39.939151193082211 ], [ 74.805540474836619, 39.938593477412525 ], [ 74.805539947452402, 39.937754804836118 ], [ 74.80562322850885, 39.936938094527392 ], [ 74.805486675385225, 39.934915917584725 ], [ 74.805180723730615, 39.932505739849127 ], [ 74.804818624750197, 39.930956049980267 ], [ 74.804649653404624, 39.930375500815735 ], [ 74.804511787064442, 39.92964482805624 ], [ 74.804539301252746, 39.92912975171523 ], [ 74.804542528739191, 39.928034890229881 ], [ 74.804627995202068, 39.926554067935356 ], [ 74.804656196498613, 39.926318073303889 ], [ 74.804740095054612, 39.926232660707157 ], [ 74.804768054516131, 39.926211345201708 ], [ 74.80487769999624, 39.926297827794983 ], [ 74.806078895750886, 39.928129161469343 ], [ 74.806802840964892, 39.930322848262591 ], [ 74.807331602139442, 39.933098114712102 ], [ 74.807663957458374, 39.934777287694097 ], [ 74.807721145664289, 39.936067857024923 ], [ 74.807581025307982, 39.936862758053891 ], [ 74.80741114696977, 39.937313436626546 ], [ 74.807301169990808, 39.937721410705883 ], [ 74.807103370569436, 39.938128927756679 ], [ 74.806991107537954, 39.939053008509987 ], [ 74.807020217680389, 39.940579972821979 ], [ 74.807325265779667, 39.942990142573912 ], [ 74.807519587662881, 39.945356690835339 ], [ 74.807602876551911, 39.9460889956055 ], [ 74.807657073357646, 39.946433679274314 ], [ 74.807573370579021, 39.946777709747437 ], [ 74.807459972799535, 39.94699245187023 ], [ 74.807348863468391, 39.947078037637901 ], [ 74.807095761283477, 39.947206020903778 ], [ 74.807068829851673, 39.947184364250091 ], [ 74.807012918253733, 39.947162577711062 ], [ 74.806873209741738, 39.947075818806063 ], [ 74.806789559514897, 39.946946268290418 ], [ 74.806285295051225, 39.945373683051493 ], [ 74.805879801158397, 39.943136283503357 ], [ 74.805709022630069, 39.942295918621227 ], [ 74.805545781560909, 39.941473157275986 ], [ 74.80542543237874, 39.940850826821041 ], [ 74.80545582626003, 39.940055316010195 ], [ 74.805455117789492, 39.939539211341483 ], [ 74.805489727891569, 39.939151193082211 ] ] ] } },
{ "type": "Feature", "properties": { "ID": 65, "周长": 0.17368272860555078, "面积": 0.0002131608813583652, "FEATUREID": "OFBB003C1AJ430010020000002", "CHFCAC": "000002", "QDUEAQ": "221200", "CHAHBA": "740235.068", "CHAHBB": "395631.82", "QDUECD": "辉长岩岩脉", "QDUECC": "→υ", "GZEKG": "", "YSEBE": "", "KWB": "＊斜长石", "YSHB": "深灰色", "YSC": "1034", "YSD": "1021", "YSJA": "39", "YSJAA": "", "YKBIC": "", "YSJBA": "20", "YSJBB": "20", "GZIDB": "30", "YSADAA": "", "YSKD": "", "YSKC": "", "YSQA": "", "DDCDS": "", "fill_color": -25088, "pattern": 384, "pattern_color": 24832, "_src_file": "LDZOFBB003.WP", "_src_id": 1 }, "geometry": { "type": "Polygon", "coordinates": [ [ [ 74.038207215559311, 39.92033550790714 ], [ 74.039180816532408, 39.921512815173742 ], [ 74.040315815737941, 39.923100880447549 ], [ 74.042445873147372, 39.925968419350106 ], [ 74.042751720943158, 39.926513652240011 ], [ 74.043393399510379, 39.928296158758741 ], [ 74.043544703326873, 39.929130758818332 ], [ 74.043631220923714, 39.930036855833919 ], [ 74.04365765374817, 39.930680643484806 ], [ 74.043497044389468, 39.932063479918504 ], [ 74.043493548761717, 39.93294568572643 ], [ 74.043489200372221, 39.933994793381586 ], [ 74.043607653471028, 39.934662471487037 ], [ 74.04418187361567, 39.936498713981166 ], [ 74.044361887766982, 39.937142580358341 ], [ 74.044697452167583, 39.937595776881679 ], [ 74.04509656900926, 39.938025161188328 ], [ 74.045553882875012, 39.938502261471619 ], [ 74.046043555564921, 39.939050905072975 ], [ 74.046562348590854, 39.93971878045933 ], [ 74.047640989406389, 39.941341720020063 ], [ 74.048173967628301, 39.943012742500628 ], [ 74.048393350109606, 39.943681156491643 ], [ 74.048425336709542, 39.944397092315825 ], [ 74.048335282249155, 39.945041299970264 ], [ 74.048153401388717, 39.945446771807731 ], [ 74.047781777199191, 39.945708843251602 ], [ 74.047352033839474, 39.945875386230128 ], [ 74.046950078581261, 39.945898796207906 ], [ 74.046392122017934, 39.945755005848802 ], [ 74.045707654364634, 39.945467896871527 ], [ 74.04480943697925, 39.94496574732954 ], [ 74.043507182452132, 39.944009723940532 ], [ 74.042979804170812, 39.943651166944619 ], [ 74.042457205628963, 39.943412402338559 ], [ 74.042057996213529, 39.94338834569853 ], [ 74.041749330653943, 39.943483553134755 ], [ 74.041780948327727, 39.943698161047472 ], [ 74.041929973056384, 39.944198953379001 ], [ 74.042333273732154, 39.944867446104134 ], [ 74.043776361577628, 39.947469995820647 ], [ 74.044463186491072, 39.948258184123837 ], [ 74.045993455996467, 39.950454574869383 ], [ 74.046837640288999, 39.951385825194194 ], [ 74.048401489028493, 39.953963204821761 ], [ 74.049777336748406, 39.956015789208877 ], [ 74.051621840689862, 39.958522133834322 ], [ 74.054303951143766, 39.961482893923375 ], [ 74.055520572427184, 39.962629300485808 ], [ 74.056703322759972, 39.963465750410776 ], [ 74.059375936096671, 39.965267107857372 ], [ 74.061053897634849, 39.966660310926713 ], [ 74.063295682638909, 39.96903723809028 ], [ 74.064471048816984, 39.970115955960658 ], [ 74.065557279721858, 39.971266212431402 ], [ 74.065991434031147, 39.971841366384417 ], [ 74.066145190222102, 39.972224839716915 ], [ 74.066148225219081, 39.972488506295093 ], [ 74.065994445088762, 39.972608396241675 ], [ 74.065623525182914, 39.972680406735172 ], [ 74.06522119192887, 39.972608604577907 ], [ 74.064605346096059, 39.972393042600352 ], [ 74.063709198181201, 39.972009757939723 ], [ 74.062468288698881, 39.971408876936209 ], [ 74.061381447421226, 39.970879654058308 ], [ 74.060107723609292, 39.970110389668491 ], [ 74.05849133510776, 39.968885073959953 ], [ 74.056997227330243, 39.967468192992847 ], [ 74.055692513998139, 39.966411181392779 ], [ 74.054572599200114, 39.965306548026803 ], [ 74.053295405246416, 39.96410574294989 ], [ 74.050022167161714, 39.960426147699728 ], [ 74.049397903801761, 39.959686025915978 ], [ 74.048647113752651, 39.958683454450266 ], [ 74.047866631861481, 39.957561631937033 ], [ 74.045487322282412, 39.953528625369444 ], [ 74.044767342830184, 39.952311548348007 ], [ 74.043860194490222, 39.950879575640421 ], [ 74.043109289423512, 39.949662431032174 ], [ 74.041297022085402, 39.947275204025409 ], [ 74.040515215798678, 39.946224845394305 ], [ 74.039842010579179, 39.945198967301351 ], [ 74.038511085660957, 39.942860933796219 ], [ 74.037757779056378, 39.940904982719189 ], [ 74.037577270985949, 39.940427922791251 ], [ 74.037398391812701, 39.940022395670198 ], [ 74.037401270947171, 39.939473995628006 ], [ 74.037617028606633, 39.939045036377792 ], [ 74.03786166099755, 39.938735326500669 ], [ 74.038167915658263, 39.938497207218077 ], [ 74.038533048292692, 39.938473744330409 ], [ 74.03884005470961, 39.938474057972257 ], [ 74.039233689476262, 39.938641368815922 ], [ 74.039539451349384, 39.938880117622787 ], [ 74.041491870576024, 39.940169180989308 ], [ 74.042011461989333, 39.940479426078639 ], [ 74.042317892545185, 39.940622648176678 ], [ 74.042595221107064, 39.940646639272451 ], [ 74.042933344274715, 39.94059913084552 ], [ 74.043055306109082, 39.94038460662955 ], [ 74.04317975326866, 39.940074706902827 ], [ 74.043183065029154, 39.939621683507625 ], [ 74.04309359611203, 39.939097080048725 ], [ 74.042911832276886, 39.938405527669147 ], [ 74.04251940807184, 39.937451581575154 ], [ 74.042029996802484, 39.936664488356598 ], [ 74.041179937145913, 39.935114208475788 ], [ 74.040903837966937, 39.934661035132102 ], [ 74.040601131778772, 39.933993252685461 ], [ 74.040483385232335, 39.933325525578432 ], [ 74.04048547983578, 39.932538691742181 ], [ 74.040581438317687, 39.931680419788812 ], [ 74.040773335703349, 39.930559891037149 ], [ 74.040808700526952, 39.929653858645523 ], [ 74.040785090323453, 39.92827092677777 ], [ 74.040663796889802, 39.92757940105043 ], [ 74.040602778922491, 39.926702309778413 ], [ 74.040293479163466, 39.925896586658631 ], [ 74.039769970755472, 39.925138119333511 ], [ 74.039402878892716, 39.924498205055656 ], [ 74.037130866157199, 39.92208020927724 ], [ 74.036455451686351, 39.92136902135816 ], [ 74.035749254630318, 39.920586732756689 ], [ 74.035071691235771, 39.919804458344721 ], [ 74.033507304400516, 39.918642536412491 ], [ 74.031586858151854, 39.917109176989442 ], [ 74.029913109583035, 39.91539947106682 ], [ 74.029383557940747, 39.914608000894859 ], [ 74.028977217770219, 39.914006473992337 ], [ 74.02856988757344, 39.913404945707143 ], [ 74.028245050334021, 39.912740289565299 ], [ 74.028121903996947, 39.912170826164044 ], [ 74.028122942064982, 39.911886188980155 ], [ 74.028245181662342, 39.911728247239992 ], [ 74.02852935560071, 39.911728689298542 ], [ 74.028935742966951, 39.91179256995013 ], [ 74.029141426157437, 39.911919388451999 ], [ 74.029791209348303, 39.912363158997714 ], [ 74.030526472859805, 39.912933555351806 ], [ 74.03280576458566, 39.91537224603875 ], [ 74.03391232565248, 39.916573645727766 ], [ 74.036487448500225, 39.918691783795246 ], [ 74.038207215559311, 39.92033550790714 ] ] ] } },
{ "type": "Feature", "properties": { "ID": 106, "周长": 0.032692208489064109, "面积": 3.7575312678242434e-05, "FEATUREID": "OFBB003C1AJ430010020000003", "CHFCAC": "000003", "QDUEAQ": "232002", "CHAHBA": "740438.171", "CHAHBB": "395307.44", "QDUECD": "粗面安山岩", "QDUECC": "→τα", "GZEKG": "", "YSEBE": "", "KWB": "＊辉石", "YSHB": "深灰色", "YSC": "1020", "YSD": "1015", "YSJA": "39", "YSJAA": "", "YKBIC": "", "YSJBA": "20", "YSJBB": "20", "GZIDB": "30", "YSADAA": "", "YSKD": "", "YSKC": "", "YSQA": "", "DDCDS": "", "fill_color": -23040, "pattern": 384, "pattern_color": 24576, "_src_file": "LDZOFBB003.WP", "_src_id": 2 }, "geometry": { "type": "Polygon", "coordinates": [ [ [ 74.073363512612943, 39.878384447757718 ], [ 74.074001269368395, 39.878808582696898 ], [ 74.074611706538207, 39.879259319348265 ], [ 74.075878886618241, 39.880217529861682 ], [ 74.076283515157684, 39.880624810613703 ], [ 74.077204837026301, 39.881762805596054 ], [ 74.078173950747981, 39.883221794080058 ], [ 74.079261078058195, 39.885818283303763 ], [ 74.079977875830238, 39.887411519024354 ], [ 74.080264105106124, 39.88825108816286 ], [ 74.08051042795681, 39.889044676317283 ], [ 74.080620526097434, 39.889661812263142 ], [ 74.080659840645964, 39.891024964598124 ], [ 74.080593008868874, 39.891663823867162 ], [ 74.080403263484996, 39.892412744588093 ], [ 74.078547778479958, 39.889989931174568 ], [ 74.077258109643225, 39.888209039606558 ], [ 74.07481384439761, 39.88439867851239 ], [ 74.074268632143912, 39.883062170598947 ], [ 74.07416335215116, 39.882657512992331 ], [ 74.073406951930991, 39.881054416138426 ], [ 74.073297267480399, 39.880391212499035 ], [ 74.073293193744618, 39.879645648487269 ], [ 74.073257162073546, 39.878844831065742 ], [ 74.073363512612943, 39.878384447757718 ] ] ] } },
{ "type": "Feature", "properties": { "ID": 118, "周长": 0.040166827443237831, "面积": 2.9884292582878919e-05, "FEATUREID": "OFBB003C1AJ430010020000004", "CHFCAC": "000004", "QDUEAQ": "221200", "CHAHBA": "740322.498", "CHAHBB": "395103.82", "QDUECD": "辉长岩岩脉", "QDUECC": "→υ", "GZEKG": "", "YSEBE": "", "KWB": "＊斜长石", "YSHB": "深灰色", "YSC": "1034", "YSD": "1021", "YSJA": "39", "YSJAA": "", "YKBIC": "", "YSJBA": "20", "YSJBB": "20", "GZIDB": "30", "YSADAA": "", "YSKD": "", "YSKC": "", "YSQA": "", "DDCDS": "", "fill_color": -20992, "pattern": 384, "pattern_color": 24832, "_src_file": "LDZOFBB003.WP", "_src_id": 3 }, "geometry": { "type": "MultiPolygon", "coordinates": [ [ [ [ 74.060237437960012, 39.859910909847649 ], [ 74.05949323389963, 39.858804718542793 ], [ 74.057766243503579, 39.856428097188726 ], [ 74.056584126937722, 39.853960040113655 ], [ 74.054867535665224, 39.850876310489404 ], [ 74.054261414840227, 39.84915396292287 ], [ 74.053369700232039, 39.846570263355872 ], [ 74.052200627762403, 39.844200694634296 ], [ 74.051297059823938, 39.842208008425352 ], [ 74.051297059823938, 39.842208008425352 ], [ 74.054655374215116, 39.845660117954559 ], [ 74.056508493149991, 39.848792850953387 ], [ 74.058839424369779, 39.853975378826455 ], [ 74.059801448271656, 39.857587946049073 ], [ 74.060237437960012, 39.859910909847649 ] ] ] ] } },
{ "type": "Feature", "properties": { "ID": 120, "周长": 0.033175674328098738, "面积": 3.1022254699364371e-05, "FEATUREID": "OFBB003C1AJ430010020000005", "CHFCAC": "000005", "QDUEAQ": "221200", "CHAHBA": "740733.359", "CHAHBB": "395136.46", "QDUECD": "辉长岩岩脉", "QDUECC": "→υ", "GZEKG": "", "YSEBE": "", "KWB": "＊斜长石", "YSHB": "深灰色", "YSC": "1034", "YSD": "1021", "YSJA": "39", "YSJAA": "", "YKBIC": "", "YSJBA": "20", "YSJBB": "20", "GZIDB": "30", "YSADAA": "", "YSKD": "", "YSKC": "", "YSQA": "", "DDCDS": "", "fill_color": -17920, "pattern": 384, "pattern_color": 24832, "_src_file": "LDZOFBB003.WP", "_src_id": 4 }, "geometry": { "type": "Polygon", "coordinates": [ [ [ 74.122796888407066, 39.857498861800906 ], [ 74.121864447102055, 39.856507361401619 ], [ 74.121658259773568, 39.856254006157045 ], [ 74.120927274568103, 39.855528831353318 ], [ 74.120451910894488, 39.854775185360509 ], [ 74.12010214167077, 39.854116688153908 ], [ 74.120101713559279, 39.853845500625376 ], [ 74.120703600462477, 39.85392640560115 ], [ 74.121345997453233, 39.854100000101333 ], [ 74.122181395964191, 39.854496959316286 ], [ 74.123081578590799, 39.855241440266234 ], [ 74.124681796380074, 39.856816765727991 ], [ 74.126980433319716, 39.859473160996586 ], [ 74.127953473700899, 39.860896563884673 ], [ 74.129067734329439, 39.862694404503962 ], [ 74.129798905375409, 39.864144746407192 ], [ 74.13013364522682, 39.865146782845137 ], [ 74.130111561021607, 39.866159013762271 ], [ 74.129903265674002, 39.866400693918422 ], [ 74.129181692210324, 39.866153302240349 ], [ 74.12854918032906, 39.865675385077857 ], [ 74.127713084209574, 39.86478900431878 ], [ 74.125625031234648, 39.862010897263225 ], [ 74.12321322432615, 39.85819297523112 ], [ 74.122796888407066, 39.857498861800906 ] ] ] } },
{ "type": "Feature", "properties": { "ID": 270, "周长": 0.029012753064855644, "面积": 3.1123509204672439e-05, "FEATUREID": "OFBB003C1AJ430010020000006", "CHFCAC": "000006", "QDUEAQ": "232002", "CHAHBA": "740155.096", "CHAHBB": "394223.13", "QDUECD": "粗面安山岩", "QDUECC": "→τα", "GZEKG": "", "YSEBE": "", "KWB": "＊辉石", "YSHB": "深灰色", "YSC": "1020", "YSD": "1015", "YSJA": "39", "YSJAA": "", "YKBIC": "", "YSJBA": "20", "YSJBB": "20", "GZIDB": "30", "YSADAA": "", "YSKD": "", "YSKC": "", "YSQA": "", "DDCDS": "", "fill_color": -15872, "pattern": 384, "pattern_color": 24576, "_src_file": "LDZOFBB003.WP", "_src_id": 5 }, "geometry": { "type": "Polygon", "coordinates": [ [ [ 74.033355188835657, 39.705867294610037 ], [ 74.031792663270565, 39.703495957635276 ], [ 74.030255273603089, 39.701621819932342 ], [ 74.029008795237232, 39.700568942569703 ], [ 74.028268692943755, 39.700519387834099 ], [ 74.028162905330092, 39.701481733981247 ], [ 74.028709742589342, 39.703289587176862 ], [ 74.0298147144144, 39.705630340130924 ], [ 74.031286818034104, 39.7080992471939 ], [ 74.03287153204387, 39.71026940344089 ], [ 74.034294813403264, 39.711765569637151 ], [ 74.03531049883064, 39.712329053380323 ], [ 74.035742916697686, 39.711862435873819 ], [ 74.035517294318169, 39.710446406206827 ], [ 74.03467268255217, 39.708325806956509 ], [ 74.033355188835657, 39.705867294610037 ] ] ] } },
{ "type": "Feature", "properties": { "ID": 511, "周长": 0.069119486973812233, "面积": 0.00030669739774960569, "FEATUREID": "OFBB003C1AJ430010020000007", "CHFCAC": "000007", "QDUEAQ": "241014", "CHAHBA": "742931.715", "CHAHBB": "392035.15", "QDUECD": "石炭纪斜长花岗岩石    ", "QDUECC": "→γοC↓2", "GZEKG": "132100", "YSEBE": "", "KWB": "", "YSHB": "浅灰白色", "YSC": "1027", "YSD": "1015", "YSJA": "19", "YSJAA": "", "YKBIC": "异源包体", "YSJBA": "10", "YSJBB": "10", "GZIDB": "30", "YSADAA": "", "YSKD": "21", "YSKC": "200", "YSQA": "1012", "DDCDS": "1224", "fill_color": -13824, "pattern": 384, "pattern_color": -10496, "_src_file": "LDZOFBB003.WP", "_src_id": 6 }, "geometry": { "type": "MultiPolygon", "coordinates": [ [ [ [ 74.501561949610391, 39.335719065281715 ], [ 74.496521750480852, 39.33553274274869 ], [ 74.492733809849099, 39.335516284936659 ], [ 74.48934235235555, 39.335811080056828 ], [ 74.486746066395412, 39.336418919107416 ], [ 74.48435024382519, 39.336872773739884 ], [ 74.482149190323995, 39.337946710698468 ], [ 74.48094723381864, 39.338715436349275 ], [ 74.480141709300611, 39.339795556499666 ], [ 74.479733771798735, 39.341032265417198 ], [ 74.479522905607098, 39.342579487409772 ], [ 74.479971193039788, 39.344499655927336 ], [ 74.481485860645975, 39.346768297925699 ], [ 74.483467290463309, 39.348480095196059 ], [ 74.485256224099331, 39.34926210812435 ], [ 74.48684806078866, 39.349733589388094 ], [ 74.488640452584534, 39.350051118219284 ], [ 74.490232327465705, 39.350522553384465 ], [ 74.492025876213461, 39.350685218653012 ], [ 74.493621140989958, 39.350692174961402 ], [ 74.495415815976813, 39.350699974116786 ], [ 74.499410615502725, 39.349788339093188 ], [ 74.503212484915622, 39.347946841149259 ], [ 74.505812776542797, 39.346314799276435 ], [ 74.505812776542797, 39.346314799276435 ], [ 74.505617874098135, 39.346069427358628 ], [ 74.505262388687299, 39.34559122391606 ], [ 74.505039589407119, 39.345086810408496 ], [ 74.504948718685426, 39.344609348156105 ], [ 74.504793054932819, 39.344052141407204 ], [ 74.504702655550858, 39.343548171045178 ], [ 74.504644885263872, 39.343070820019676 ], [ 74.504616935790324, 39.342779128768285 ], [ 74.504490632585899, 39.342434091440452 ], [ 74.504396023831703, 39.342168686948412 ], [ 74.50416902716492, 39.34190283555877 ], [ 74.503451201376507, 39.341317231900732 ], [ 74.502567436868617, 39.340757570938223 ], [ 74.502141875664293, 39.340491046910465 ], [ 74.501619841384226, 39.340065143701402 ], [ 74.500938438603583, 39.339294084352566 ], [ 74.500812159617183, 39.338949042982428 ], [ 74.500784697365177, 39.338630842867872 ], [ 74.500826242119004, 39.338153825459933 ], [ 74.500898067188771, 39.337835963275488 ], [ 74.501212348765975, 39.336909217350176 ], [ 74.501561949610391, 39.335719065281715 ] ] ] ] } },
{ "type": "Feature", "properties": { "ID": 521, "周长": 0.14896587021075222, "面积": 0.00040780800978421707, "FEATUREID": "OFBB003C1AJ430010020000008", "CHFCAC": "000008", "QDUEAQ": "241017", "CHAHBA": "745252.325", "CHAHBB": "391937.74", "QDUECD": "三叠纪花岗斑岩", "QDUECC": "→γπT↓3", "GZEKG": "123100", "YSEBE": "", "KWB": "", "YSHB": "深紫红色", "YSC": "1020-1005-1003", "YSD": "1015", "YSJA": "19", "YSJAA": "", "YKBIC": "异源包体", "YSJBA": "10", "YSJBB": "10", "GZIDB": "30", "YSADAA": "", "YSKD": "21", "YSKC": "100", "YSQA": "1007", "DDCDS": "1226", "fill_color": -10752, "pattern": 384, "pattern_color": -28672, "_src_file": "LDZOFBB003.WP", "_src_id": 7 }, "geometry": { "type": "MultiPolygon", "coordinates": [ [ [ [ 74.844642523896411, 39.338234423210125 ], [ 74.844994705758637, 39.337622679749273 ], [ 74.845476299863535, 39.33721304367473 ], [ 74.84591379376829, 39.337077605667048 ], [ 74.847008980344739, 39.33673073122516 ], [ 74.847272505835761, 39.336589125899337 ], [ 74.847930745718088, 39.336306445194211 ], [ 74.848237428504746, 39.336236356133675 ], [ 74.848631855661282, 39.336130953346554 ], [ 74.849026278742244, 39.336025546963157 ], [ 74.849377259362839, 39.335884293441232 ], [ 74.852001196825299, 39.334722889651736 ], [ 74.852137621778581, 39.334689444136039 ], [ 74.852990051075295, 39.334359820188254 ], [ 74.853839038701253, 39.334024891745386 ], [ 74.854684532278711, 39.333684679082296 ], [ 74.855526479428818, 39.333339204726826 ], [ 74.856364819073193, 39.332988493449044 ], [ 74.857199501744745, 39.332632565531163 ], [ 74.858030475075907, 39.332271443504681 ], [ 74.858857692510952, 39.331905145405706 ], [ 74.860989780718342, 39.331253036202874 ], [ 74.864470513083646, 39.329600592634421 ], [ 74.869613336682178, 39.327438689425918 ], [ 74.874247587667398, 39.325730665011811 ], [ 74.877985451625463, 39.324174610637861 ], [ 74.878755949590683, 39.323694551897219 ], [ 74.87914109522788, 39.323364034124126 ], [ 74.879603204052472, 39.32291311806879 ], [ 74.880142136019785, 39.322221152626781 ], [ 74.880603956930372, 39.321528934403901 ], [ 74.880988770841114, 39.320926949706191 ], [ 74.88148017610618, 39.317740627234315 ], [ 74.881490801254827, 39.316510035997311 ], [ 74.881490801254827, 39.316510035997311 ], [ 74.881855064352592, 39.316258229976782 ], [ 74.882376806081297, 39.316055747212282 ], [ 74.882637328523671, 39.316015759655386 ], [ 74.883027999364614, 39.315976195089775 ], [ 74.883236118690832, 39.315997291491144 ], [ 74.883652012755235, 39.316100740141266 ], [ 74.884042262160364, 39.316204024404904 ], [ 74.884512561603032, 39.316347963796787 ], [ 74.884825940845772, 39.316471144648567 ], [ 74.885138862958428, 39.316676000607252 ], [ 74.885451898469029, 39.316860434478166 ], [ 74.885921056105957, 39.317208551281873 ], [ 74.886493259955969, 39.317802534446159 ], [ 74.886701007728448, 39.318068759278944 ], [ 74.886961208393714, 39.318314689887259 ], [ 74.887221895794212, 39.318478883199788 ], [ 74.887691916985105, 39.318643645104586 ], [ 74.88813589688435, 39.318787902447326 ], [ 74.888658495845149, 39.318911933565616 ], [ 74.88912902608466, 39.319015295508414 ], [ 74.889861447203515, 39.319139570407302 ], [ 74.890436952513852, 39.319222654526108 ], [ 74.890960164438098, 39.319285211442669 ], [ 74.891980625173858, 39.319308340532459 ], [ 74.892477792699893, 39.319309674482739 ], [ 74.893184294875212, 39.319311567866826 ], [ 74.894074041610793, 39.319273181972179 ], [ 74.89488524995221, 39.319254964092956 ], [ 74.896193660933889, 39.319217675607753 ], [ 74.897868637026065, 39.319059049210935 ], [ 74.898732320163703, 39.3189797734059 ], [ 74.900616245532703, 39.319005114939173 ], [ 74.901558241892758, 39.319007572635314 ], [ 74.902055370437509, 39.31902924871472 ], [ 74.902500093271911, 39.319091550349157 ], [ 74.903049333814778, 39.319235647529318 ], [ 74.903677004648387, 39.319420710526117 ], [ 74.904147788057173, 39.319544219402069 ], [ 74.904723238138246, 39.319667996728583 ], [ 74.90522019135372, 39.319791567714866 ], [ 74.906266510522613, 39.31999807623091 ], [ 74.91030823632741, 39.320812430645972 ], [ 74.91294035790726, 39.321184381343954 ], [ 74.91294035790726, 39.321184381343954 ], [ 74.909643977661929, 39.322570559172178 ], [ 74.908382907287915, 39.32324911596109 ], [ 74.906901673205383, 39.323927185897169 ], [ 74.906076201625368, 39.324182105786193 ], [ 74.905085867621807, 39.324350917319379 ], [ 74.895677044568885, 39.326296865784187 ], [ 74.885030943060997, 39.328789254003077 ], [ 74.881417232372598, 39.329847795714016 ], [ 74.879612219164471, 39.330526830949005 ], [ 74.878624380246976, 39.331124480933831 ], [ 74.877255445844568, 39.331845004504927 ], [ 74.877255445844568, 39.331845004504927 ], [ 74.871239289330831, 39.333330199674222 ], [ 74.868978159598782, 39.334084539635654 ], [ 74.868978159598782, 39.334084539635654 ], [ 74.865513792442897, 39.335239666175084 ], [ 74.864137598797626, 39.335610172257873 ], [ 74.864137598797626, 39.335610172257873 ], [ 74.857376599565598, 39.337453810501927 ], [ 74.857376599565598, 39.337453810501927 ], [ 74.856783189043369, 39.33740426537571 ], [ 74.856303079016499, 39.337502591312813 ], [ 74.851004204514183, 39.338029687803974 ], [ 74.847683177669012, 39.338290481106377 ], [ 74.844641523896414, 39.338234423210125 ], [ 74.844642523896411, 39.338234423210125 ] ] ] ] } },
{ "type": "Feature", "properties": { "ID": 522, "周长": 0.042925009377388447, "面积": 4.9918651277583437e-05, "FEATUREID": "OFBB003C1AJ430010020000009", "CHFCAC": "000009", "QDUEAQ": "241014", "CHAHBA": "743111.548", "CHAHBB": "392020.29", "QDUECD": "石炭纪斜长花岗岩石    ", "QDUECC": "→γοC↓2", "GZEKG": "132100", "YSEBE": "", "KWB": "", "YSHB": "浅灰白色", "YSC": "1027", "YSD": "1015", "YSJA": "19", "YSJAA": "", "YKBIC": "异源包体", "YSJBA": "10", "YSJBB": "10", "GZIDB": "30", "YSADAA": "", "YSKD": "21", "YSKC": "200", "YSQA": "1012", "DDCDS": "1224", "fill_color": -2560, "pattern": 384, "pattern_color": -10496, "_src_file": "LDZOFBB003.WP", "_src_id": 8 }, "geometry": { "type": "MultiPolygon", "coordinates": [ [ [ [ 74.510107017319143, 39.336492311058215 ], [ 74.511318761507596, 39.337609860293121 ], [ 74.513845760437633, 39.339904482054322 ], [ 74.515708058240094, 39.341034414895987 ], [ 74.516468810108421, 39.341237303605936 ], [ 74.517077413648963, 39.341399610102805 ], [ 74.517995749850016, 39.341401998150111 ], [ 74.519578229480089, 39.341365915130773 ], [ 74.520906519780112, 39.341288978380462 ], [ 74.523162149791844, 39.340812592393064 ], [ 74.525475964108139, 39.340014869896201 ], [ 74.528118286719533, 39.338213419941368 ], [ 74.529991320260706, 39.336712470436488 ], [ 74.529991320260706, 39.336712470436488 ], [ 74.527566237050877, 39.337317682670694 ], [ 74.525265273456156, 39.337736525223917 ], [ 74.52274677656527, 39.337836278067634 ], [ 74.520455306856391, 39.337830401819872 ], [ 74.516825481774234, 39.337396348289232 ], [ 74.512704787867108, 39.336854853674431 ], [ 74.510107017319143, 39.336492311058215 ] ] ] ] } },
{ "type": "Feature", "properties": { "ID": 548, "周长": 0.13330428981908571, "面积": 0.00052207761838334791, "FEATUREID": "OFBB003C1AJ430010020000010", "CHFCAC": "000010", "QDUEAQ": "241014", "CHAHBA": "743534.630", "CHAHBB": "391903.76", "QDUECD": "石炭纪斜长花岗岩石    ", "QDUECC": "→γοC↓2", "GZEKG": "132100", "YSEBE": "", "KWB": "", "YSHB": "浅灰白色", "YSC": "1027", "YSD": "1015", "YSJA": "19", "YSJAA": "", "YKBIC": "异源包体", "YSJBA": "10", "YSJBB": "10", "GZIDB": "30", "YSADAA": "", "YSKD": "21", "YSKC": "200", "YSQA": "1012", "DDCDS": "1224", "fill_color": 512, "pattern": 385, "pattern_color": -10496, "_src_file": "LDZOFBB003.WP", "_src_id": 9 }, "geometry": { "type": "MultiPolygon", "coordinates": [ [ [ [ 74.569704149902165, 39.324869564257654 ], [ 74.568027804914863, 39.326373876439199 ], [ 74.567110266585118, 39.327431744741006 ], [ 74.566800774744252, 39.328373952163695 ], [ 74.567099358298464, 39.329200503768909 ], [ 74.567854193221095, 39.329910829157939 ], [ 74.568913452983452, 39.330504359583763 ], [ 74.570426091840886, 39.331453314628725 ], [ 74.571331390724609, 39.332400014853448 ], [ 74.57223815103815, 39.333110873219205 ], [ 74.573298213029759, 39.333586446485342 ], [ 74.57496854082892, 39.333592562190454 ], [ 74.576488445464676, 39.333362266620554 ], [ 74.578315578651569, 39.332543466512945 ], [ 74.579992940411543, 39.331370334665671 ], [ 74.582281818289502, 39.329491858072252 ], [ 74.58548089122381, 39.327734505147134 ], [ 74.587459605970352, 39.326916099951674 ], [ 74.590200188750984, 39.325628666829289 ], [ 74.592788157930997, 39.324458555229924 ], [ 74.594919201428809, 39.323522634928004 ], [ 74.596289033731068, 39.322937796633589 ], [ 74.597961813357884, 39.322471911389556 ], [ 74.598965815592081, 39.322050923954428 ], [ 74.599323335880683, 39.321866013061076 ], [ 74.599654111416072, 39.321660581085553 ], [ 74.600017849490271, 39.321455272682705 ], [ 74.600249445412544, 39.321301137868254 ], [ 74.600580633170622, 39.321018201186362 ], [ 74.601673209843327, 39.320143928008299 ], [ 74.603396089747704, 39.318522797977344 ], [ 74.603993388873974, 39.317820562571725 ], [ 74.605659963444339, 39.314725937435483 ], [ 74.605659963444339, 39.314725937435483 ], [ 74.605432457809016, 39.314332140294631 ], [ 74.604922297286052, 39.312493328451673 ], [ 74.604127408233254, 39.309872765618117 ], [ 74.603673585969034, 39.308309694295474 ], [ 74.603502560843651, 39.30787278891858 ], [ 74.602727558999405, 39.306859591109394 ], [ 74.601178406913661, 39.30469541246179 ], [ 74.601007536306881, 39.304235542417061 ], [ 74.600950727548863, 39.303913684559745 ], [ 74.60095068818471, 39.303706757971852 ], [ 74.600892537017316, 39.30338459371967 ], [ 74.600805268113106, 39.302671428915211 ], [ 74.600776169688089, 39.302372397528984 ], [ 74.600718042327216, 39.302188183458085 ], [ 74.60051468213679, 39.301980284620441 ], [ 74.600282290821937, 39.301864214315884 ], [ 74.600078958925593, 39.301817260159034 ], [ 74.599875632639339, 39.301793293999168 ], [ 74.599672308827181, 39.301792322580795 ], [ 74.599381853265342, 39.301836915094988 ], [ 74.598771902566895, 39.301971945262395 ], [ 74.597261556676216, 39.302470516894921 ], [ 74.596971102659552, 39.302561086798804 ], [ 74.596825871073975, 39.302560390302865 ], [ 74.596535400828714, 39.302535999408029 ], [ 74.596303019717922, 39.302465904626345 ], [ 74.59514219108209, 39.302222092927124 ], [ 74.59514219108209, 39.302222092927124 ], [ 74.594947451073821, 39.30257247209358 ], [ 74.594583295164867, 39.302911399832645 ], [ 74.593358364853259, 39.303927542336396 ], [ 74.592795536632835, 39.304239296226775 ], [ 74.592166480400394, 39.304445900931903 ], [ 74.591570527861251, 39.304600251206296 ], [ 74.591040786575107, 39.304676298304372 ], [ 74.590643479417992, 39.304700572169708 ], [ 74.590047518541851, 39.304750085722631 ], [ 74.589517774537114, 39.304826125874051 ], [ 74.588954919644635, 39.304928210022887 ], [ 74.588392066261903, 39.305082703634525 ], [ 74.587895427913523, 39.305263722829835 ], [ 74.587564333218168, 39.305393139467547 ], [ 74.587200126286547, 39.305574804898164 ], [ 74.587043217775104, 39.30571597252839 ], [ 74.586363036492727, 39.306865763184739 ], [ 74.585901409671308, 39.307925405302122 ], [ 74.58528309740673, 39.309809928990646 ], [ 74.584357661909053, 39.312282952884999 ], [ 74.583281054192781, 39.314637509020976 ], [ 74.581273972100007, 39.317239550707058 ], [ 74.581273972100007, 39.317239550707058 ], [ 74.581744888104026, 39.317540690041852 ], [ 74.582489000964188, 39.318301721537715 ], [ 74.583232439112422, 39.319196752747914 ], [ 74.583687708411603, 39.320180479409231 ], [ 74.584544657101333, 39.321388436831548 ], [ 74.58511459018591, 39.322461750078801 ], [ 74.585282168015652, 39.323444838382258 ], [ 74.585220938718962, 39.324159408278852 ], [ 74.58441434062415, 39.324336307570952 ], [ 74.58309165545613, 39.324154706526805 ], [ 74.581600284947598, 39.323213338809303 ], [ 74.580396688162693, 39.322272597759373 ], [ 74.578963641122172, 39.321197320604014 ], [ 74.577505383136128, 39.320189053520672 ], [ 74.577505383136128, 39.320189053520672 ], [ 74.576258789300923, 39.321097750813045 ], [ 74.574430502324475, 39.322152357061448 ], [ 74.572465968912056, 39.323260233239395 ], [ 74.572465968912056, 39.323260233239395 ], [ 74.57336987024766, 39.323596709557769 ], [ 74.574288026563451, 39.324090178084255 ], [ 74.574976710471091, 39.324449105659788 ], [ 74.57795572004558, 39.326644668724008 ], [ 74.578127024646307, 39.327091744842967 ], [ 74.578182994015492, 39.327583228581602 ], [ 74.577721175345658, 39.327850195873147 ], [ 74.577145662438056, 39.327848892512172 ], [ 74.575879427176275, 39.32748866589997 ], [ 74.572609127893756, 39.325962413321982 ], [ 74.571460764255434, 39.325468397413644 ], [ 74.569705149902163, 39.324869564257654 ], [ 74.569704149902165, 39.324869564257654 ] ] ] ] } },
{ "type": "Feature", "properties": { "ID": 564, "周长": 0.14289772955833077, "面积": 0.00048630263789474254, "FEATUREID": "OFBB003C1AJ430010020000011", "CHFCAC": "000011", "QDUEAQ": "241017", "CHAHBA": "745624.262", "CHAHBB": "391742.43", "QDUECD": "三叠纪花岗斑岩", "QDUECC": "→γπT↓3", "GZEKG": "123100", "YSEBE": "", "KWB": "", "YSHB": "深紫红色", "YSC": "1020-1005-1003", "YSD": "1015", "YSJA": "19", "YSJAA": "", "YKBIC": "异源包体", "YSJBA": "10", "YSJBB": "10", "GZIDB": "30", "YSADAA": "", "YSKD": "21", "YSKC": "100", "YSQA": "1007", "DDCDS": "1226", "fill_color": 7680, "pattern": 385, "pattern_color": -28672, "_src_file": "LDZOFBB003.WP", "_src_id": 10 }, "geometry": { "type": "MultiPolygon", "coordinates": [ [ [ [ 74.923415119470576, 39.316062790805098 ], [ 74.922033295422395, 39.315020401500782 ], [ 74.920482517203553, 39.313346897003889 ], [ 74.91995640536831, 39.312774400348758 ], [ 74.919541620760953, 39.312224412717455 ], [ 74.919293135881077, 39.311828688925452 ], [ 74.918934592289318, 39.311191362274364 ], [ 74.918770453775437, 39.310664631243768 ], [ 74.918577952041304, 39.310225388718571 ], [ 74.918440676979912, 39.309853265031819 ], [ 74.918192506551506, 39.309371755188543 ], [ 74.9178054798993, 39.308802392745328 ], [ 74.91711384969679, 39.307882433381977 ], [ 74.91669861226292, 39.307378526530208 ], [ 74.916255639596486, 39.306852677132554 ], [ 74.915331630734755, 39.306010098469017 ], [ 74.915331630734755, 39.306010098469017 ], [ 74.91712528036588, 39.304649187139063 ], [ 74.918495293090928, 39.303488054516279 ], [ 74.919604293743376, 39.302802912773032 ], [ 74.920149035958104, 39.302462875973575 ], [ 74.920588096906641, 39.302250660770042 ], [ 74.922741811632037, 39.301616721435593 ], [ 74.923261360442069, 39.301447484928758 ], [ 74.925172232958488, 39.300855588419296 ], [ 74.926071282342789, 39.300474348951894 ], [ 74.929097286049185, 39.299331621298236 ], [ 74.929944865789153, 39.298928841091545 ], [ 74.932231788369108, 39.297592223341823 ], [ 74.932639161739502, 39.297273537958773 ], [ 74.932858123290345, 39.29703955491037 ], [ 74.93318481802217, 39.29678460448423 ], [ 74.933619733012392, 39.296316635884374 ], [ 74.934165484582365, 39.295785017473214 ], [ 74.937705188494661, 39.292318777760542 ], [ 74.938526012736588, 39.291530410680551 ], [ 74.939099480516887, 39.291061323264174 ], [ 74.939645712973629, 39.290592171572079 ], [ 74.940195060629406, 39.290101641118035 ], [ 74.94063164072476, 39.289760521227869 ], [ 74.941862576744697, 39.288929388090551 ], [ 74.944811621238387, 39.287054328703753 ], [ 74.949485268708543, 39.284177972385386 ], [ 74.952161016491431, 39.282597864556607 ], [ 74.952733891758953, 39.282232396623058 ], [ 74.955865919910124, 39.280801834236343 ], [ 74.956993118735184, 39.280289972201288 ], [ 74.959418347143625, 39.279288547413685 ], [ 74.961785922349407, 39.278179060433374 ], [ 74.962668919541315, 39.277579775550862 ], [ 74.96498179244216, 39.276362207474875 ], [ 74.965616685668678, 39.275934148302504 ], [ 74.967022069727662, 39.275121495635091 ], [ 74.96801120879438, 39.274465556490696 ], [ 74.96801120879438, 39.274465556490696 ], [ 74.969146095445311, 39.274179470771884 ], [ 74.969146095445311, 39.274179470771884 ], [ 74.970279734842748, 39.27637776962667 ], [ 74.971410094815695, 39.278733140981842 ], [ 74.971410094815695, 39.278733140981842 ], [ 74.970470276116487, 39.279186916465939 ], [ 74.96990446276439, 39.279532009420329 ], [ 74.968933239776945, 39.280191328869577 ], [ 74.967031112803127, 39.282047499177658 ], [ 74.964562455906943, 39.284051071235531 ], [ 74.962779369387391, 39.285517307567702 ], [ 74.960105835422993, 39.287167589345657 ], [ 74.958733221173247, 39.288007803923236 ], [ 74.957683379771595, 39.288598379420627 ], [ 74.956633058846904, 39.289063507535317 ], [ 74.955463882281364, 39.289528014790484 ], [ 74.95248581356033, 39.2908019185003 ], [ 74.951364794817096, 39.291207227519301 ], [ 74.950723990603748, 39.291488107092441 ], [ 74.950001097386021, 39.291800172024793 ], [ 74.949361146728492, 39.292112404630139 ], [ 74.948921198012258, 39.292393701002332 ], [ 74.948480242868442, 39.29267499793918 ], [ 74.94695651878051, 39.293737964822675 ], [ 74.945953538044975, 39.294551159053171 ], [ 74.945551117237216, 39.294926610254095 ], [ 74.945150970019924, 39.295239341219421 ], [ 74.944869468934826, 39.295615051364287 ], [ 74.943707808314954, 39.296958952511154 ], [ 74.942069011648172, 39.29886280895154 ], [ 74.941630751718534, 39.299236934985849 ], [ 74.940989843375846, 39.299766885273797 ], [ 74.940392889464164, 39.300234363248983 ], [ 74.93983382428992, 39.30070197806819 ], [ 74.939433949745862, 39.301107929216535 ], [ 74.937871276317651, 39.302359337531811 ], [ 74.936949985555657, 39.302858866666064 ], [ 74.936189254250849, 39.30335894666289 ], [ 74.935507300404112, 39.30385930004703 ], [ 74.933826466701021, 39.305173075984833 ], [ 74.933343817754348, 39.305517015725158 ], [ 74.932744610565308, 39.306017632556184 ], [ 74.93110069236603, 39.307488608060261 ], [ 74.93041948332187, 39.308020350224908 ], [ 74.928209894444493, 39.310176760162598 ], [ 74.92780697995309, 39.310771611029416 ], [ 74.926438009105027, 39.312618146518801 ], [ 74.923416119470573, 39.316062790805098 ], [ 74.923415119470576, 39.316062790805098 ] ] ] ] } },
{ "type": "Feature", "properties": { "ID": 570, "周长": 0.068483286832322479, "面积": 0.00010911926615770236, "FEATUREID": "OFBB003C1AJ430010020000012", "CHFCAC": "000012", "QDUEAQ": "241014", "CHAHBA": "743706.037", "CHAHBB": "391754.86", "QDUECD": "石炭纪斜长花岗岩石    ", "QDUECC": "→γοC↓2", "GZEKG": "132100", "YSEBE": "", "KWB": "", "YSHB": "浅灰白色", "YSC": "1027", "YSD": "1015", "YSJA": "19", "YSJAA": "", "YKBIC": "异源包体", "YSJBA": "10", "YSJBB": "10", "GZIDB": "30", "YSADAA": "", "YSKD": "21", "YSKC": "200", "YSQA": "1012", "DDCDS": "1224", "fill_color": 13824, "pattern": 385, "pattern_color": -10496, "_src_file": "LDZOFBB003.WP", "_src_id": 11 }, "geometry": { "type": "MultiPolygon", "coordinates": [ [ [ [ 74.612252934461367, 39.308685730585886 ], [ 74.612008267449369, 39.308299084279057 ], [ 74.611665532520874, 39.307811881338054 ], [ 74.611460673720998, 39.307379256616244 ], [ 74.611018069671758, 39.306217052037454 ], [ 74.610814118969287, 39.305622535828149 ], [ 74.610610626015998, 39.304947074088211 ], [ 74.610614533572473, 39.304245550232039 ], [ 74.610617538164334, 39.303705918859841 ], [ 74.610692030960848, 39.302734888954106 ], [ 74.61072582808238, 39.302410204180731 ], [ 74.61072582808238, 39.302410204180731 ], [ 74.613612783289852, 39.302412979214942 ], [ 74.616169137186446, 39.302137675707037 ], [ 74.617999117110259, 39.301647092062787 ], [ 74.619464976402909, 39.300942461506004 ], [ 74.620290237180001, 39.300306670268327 ], [ 74.620933012331719, 39.29945745148823 ], [ 74.621120077915208, 39.298819569040745 ], [ 74.620390364439316, 39.298675303345838 ], [ 74.618651943185483, 39.298953395039817 ], [ 74.617007818489185, 39.299231763411996 ], [ 74.615087192631762, 39.299792970930923 ], [ 74.613899590359708, 39.300072805922532 ], [ 74.613082578805802, 39.300226729201114 ], [ 74.613081578805804, 39.300226729201114 ], [ 74.613296727945794, 39.299970818459521 ], [ 74.614856881707212, 39.297623916021912 ], [ 74.616973812956658, 39.293540843794382 ], [ 74.618881008959065, 39.290392978774321 ], [ 74.619193118396495, 39.289886057675226 ], [ 74.619643624504036, 39.2892994065895 ], [ 74.620093808259028, 39.288819820147623 ], [ 74.620702648902693, 39.288449300379632 ], [ 74.62070364890269, 39.288449300379632 ], [ 74.621200445332789, 39.294289474346769 ], [ 74.621263949881964, 39.294912429377348 ], [ 74.621463704196771, 39.295432189673136 ], [ 74.622161321065633, 39.297899950497147 ], [ 74.623196078627601, 39.300343215680236 ], [ 74.623594220867176, 39.301103373553786 ], [ 74.623723991220146, 39.301705902262668 ], [ 74.623687671032641, 39.302229191365299 ], [ 74.623484827380821, 39.302751751860391 ], [ 74.623281111733817, 39.303064939084038 ], [ 74.623077394271604, 39.303378125929108 ], [ 74.622639579997951, 39.303794978791586 ], [ 74.622269334346782, 39.304107436410959 ], [ 74.621833358671282, 39.304367257109277 ], [ 74.621297007894754, 39.304600467015035 ], [ 74.620757794810586, 39.304807502537322 ], [ 74.62032323634287, 39.304988801869065 ], [ 74.619618208357764, 39.305247444721481 ], [ 74.618777295447742, 39.305479324007656 ], [ 74.618242071198395, 39.30568634782108 ], [ 74.616462845426042, 39.30630666779993 ], [ 74.616327533489979, 39.306358421282397 ], [ 74.612253934461364, 39.308685730585886 ], [ 74.612252934461367, 39.308685730585886 ] ] ] ] } },
{ "type": "Feature", "properties": { "ID": 578, "周长": 0.023243153550590513, "面积": 2.0844718190759365e-05, "FEATUREID": "OFBB003C1AJ430010020000013", "CHFCAC": "000013", "QDUEAQ": "221400", "CHAHBA": "743658.982", "CHAHBB": "391801.96", "QDUECD": "辉绿岩脉", "QDUECC": "→βμ", "GZEKG": "", "YSEBE": "", "KWB": "＊斜长石", "YSHB": "暗绿色", "YSC": "1040", "YSD": "1021", "YSJA": "39", "YSJAA": "", "YKBIC": "", "YSJBA": "20", "YSJBB": "20", "GZIDB": "30", "YSADAA": "", "YSKD": "", "YSKC": "", "YSQA": "", "DDCDS": "", "fill_color": 18944, "pattern": 385, "pattern_color": 1792, "_src_file": "LDZOFBB003.WP", "_src_id": 12 }, "geometry": { "type": "MultiPolygon", "coordinates": [ [ [ [ 74.613081578805804, 39.300226729201114 ], [ 74.612915491607822, 39.300424281288464 ], [ 74.612533462716456, 39.300800340018576 ], [ 74.612151876421677, 39.301095454484376 ], [ 74.611215845860428, 39.301711889575394 ], [ 74.610972862296748, 39.301926669304166 ], [ 74.610833499132781, 39.302141907517054 ], [ 74.61072582808238, 39.302410204180731 ], [ 74.61072582808238, 39.302410204180731 ], [ 74.613612783289852, 39.302412979214942 ], [ 74.616169137186446, 39.302137675707037 ], [ 74.617999117110259, 39.301647092062787 ], [ 74.619464976402909, 39.300942461506004 ], [ 74.620290237180001, 39.300306670268327 ], [ 74.620933012331719, 39.29945745148823 ], [ 74.621120077915208, 39.298819569040745 ], [ 74.620390364439316, 39.298675303345838 ], [ 74.618651943185483, 39.298953395039817 ], [ 74.617007818489185, 39.299231763411996 ], [ 74.615087192631762, 39.299792970930923 ], [ 74.613899590359708, 39.300072805922532 ], [ 74.613082578805802, 39.300226729201114 ], [ 74.613081578805804, 39.300226729201114 ] ] ] ] } },
{ "type": "Feature", "properties": { "ID": 617, "周长": 0.13901607274022004, "面积": 0.00035706959575557726, "FEATUREID": "OFBB003C1AJ430010020000014", "CHFCAC": "000014", "QDUEAQ": "241017", "CHAHBA": "745759.657", "CHAHBB": "391503.46", "QDUECD": "三叠纪花岗斑岩", "QDUECC": "→γπT↓3", "GZEKG": "123100", "YSEBE": "", "KWB": "", "YSHB": "深紫红色", "YSC": "1020-1005-1003", "YSD": "1015", "YSJA": "19", "YSJAA": "", "YKBIC": "异源包体", "YSJBA": "10", "YSJBB": "10", "GZIDB": "30", "YSADAA": "", "YSKD": "21", "YSKC": "100", "YSQA": "1007", "DDCDS": "1226", "fill_color": 22016, "pattern": 385, "pattern_color": -28672, "_src_file": "LDZOFBB003.WP", "_src_id": 13 }, "geometry": { "type": "MultiPolygon", "coordinates": [ [ [ [ 74.9914412511569, 39.225768885770805 ], [ 74.991441102264531, 39.225769523240487 ], [ 74.991442251156897, 39.225768885770805 ], [ 74.9914412511569, 39.225768885770805 ] ] ], [ [ [ 74.982389840962654, 39.231172604366989 ], [ 74.981853554958818, 39.231555023428278 ], [ 74.97987768605185, 39.233085357116323 ], [ 74.976513290289986, 39.235690598743794 ], [ 74.972181260634642, 39.238601308021309 ], [ 74.969511612012923, 39.240566831511615 ], [ 74.968996402191593, 39.240875884218184 ], [ 74.968668380941821, 39.241075849117898 ], [ 74.968340304684943, 39.24134894721454 ], [ 74.968012203868398, 39.241676893845117 ], [ 74.96775437510928, 39.242005090944211 ], [ 74.966957452907749, 39.242989593244452 ], [ 74.965292924067555, 39.245653115384897 ], [ 74.964988153652882, 39.246109124782464 ], [ 74.964730260829739, 39.246510448990428 ], [ 74.964589554527507, 39.246802487732282 ], [ 74.964402714741638, 39.24740746782048 ], [ 74.964053484453046, 39.248858199453899 ], [ 74.963005925260717, 39.253357417268361 ], [ 74.962843147600694, 39.254183911436847 ], [ 74.962676730164802, 39.254881272353039 ], [ 74.962628914106872, 39.255193361040298 ], [ 74.962296181592265, 39.256606476679096 ], [ 74.961573401818796, 39.25886301388369 ], [ 74.961383488859028, 39.259578658242503 ], [ 74.961193813843295, 39.26020245593547 ], [ 74.961004180396785, 39.260807885349479 ], [ 74.960885497740236, 39.261248274707008 ], [ 74.960459734915489, 39.262256875479956 ], [ 74.960199717705265, 39.262806910007505 ], [ 74.959987094184413, 39.263210179055747 ], [ 74.959821724964186, 39.263521791094441 ], [ 74.959609097115887, 39.263925057148874 ], [ 74.959325798712172, 39.264383147387875 ], [ 74.959113213745397, 39.264768044587321 ], [ 74.958853424954739, 39.265116465869745 ], [ 74.958640275980542, 39.265447368387889 ], [ 74.958403528610646, 39.265796607452643 ], [ 74.957788279124131, 39.266641960200339 ], [ 74.957126613676593, 39.267358095729676 ], [ 74.954978322619198, 39.270073764831771 ], [ 74.950385032556184, 39.275206150855595 ], [ 74.952550893473628, 39.275425752932563 ], [ 74.959665632142801, 39.276133977426959 ], [ 74.960229483038077, 39.276156734704578 ], [ 74.96103805765118, 39.273748859331036 ], [ 74.961345727808904, 39.27286634934692 ], [ 74.962531677237507, 39.270255419451303 ], [ 74.963850240526497, 39.26753283267243 ], [ 74.964489354067695, 39.266171463646025 ], [ 74.964731342735675, 39.265628596761644 ], [ 74.96482325841896, 39.265361805284698 ], [ 74.965014440394953, 39.264846944298554 ], [ 74.965747954066799, 39.262186309009813 ], [ 74.965892442631329, 39.261617425152863 ], [ 74.967078050120463, 39.25730523882428 ], [ 74.967218008204327, 39.256901388793459 ], [ 74.968685771604228, 39.252844744799319 ], [ 74.970391379720382, 39.249248403294779 ], [ 74.970649443195541, 39.248844963345114 ], [ 74.971046720212357, 39.248221462021426 ], [ 74.971864915502834, 39.247121580142526 ], [ 74.972215173108495, 39.246738069748481 ], [ 74.972707332128138, 39.246246130994876 ], [ 74.973269790909043, 39.245681299618319 ], [ 74.976245509133747, 39.243314554794459 ], [ 74.978847668719823, 39.241109645090958 ], [ 74.982029669372821, 39.238408223820578 ], [ 74.983763491774866, 39.236982014789589 ], [ 74.985292336437197, 39.235991618470628 ], [ 74.985685613277809, 39.235880635577296 ], [ 74.986223449161642, 39.235626178351126 ], [ 74.988155374939893, 39.234626027560971 ], [ 74.989858644423734, 39.233664333906553 ], [ 74.990869012885852, 39.228218873923176 ], [ 74.991441102264531, 39.225769523240487 ], [ 74.986165760193757, 39.228696577789847 ], [ 74.982669710322867, 39.230954004633169 ], [ 74.982389840962654, 39.231172604366989 ] ] ], [ [ [ 74.960230469666101, 39.276156774525333 ], [ 74.960229483038077, 39.276156734704578 ], [ 74.960229469666103, 39.276156774525333 ], [ 74.960230469666101, 39.276156774525333 ] ] ] ] } },
{ "type": "Feature", "properties": { "ID": 643, "周长": 0.057467675966315468, "面积": 6.3487719366205314e-05, "FEATUREID": "OFBB003C1AJ430010020000015", "CHFCAC": "000015", "QDUEAQ": "231200", "CHAHBA": "734259.820", "CHAHBB": "391400.58", "QDUECD": "闪长岩岩脉", "QDUECC": "→δ", "GZEKG": "", "YSEBE": "", "KWB": "＊中长石", "YSHB": "浅绿色", "YSC": "2601", "YSD": "1015", "YSJA": "39", "YSJAA": "", "YKBIC": "", "YSJBA": "20", "YSJBB": "20", "GZIDB": "30", "YSADAA": "", "YSKD": "", "YSKC": "", "YSQA": "", "DDCDS": "", "fill_color": 28160, "pattern": 385, "pattern_color": 512, "_src_file": "LDZOFBB003.WP", "_src_id": 14 }, "geometry": { "type": "MultiPolygon", "coordinates": [ [ [ [ 73.71362793884002, 39.246387846192441 ], [ 73.713827531630486, 39.244857384082863 ], [ 73.714579667924085, 39.242981604856347 ], [ 73.715333637117268, 39.240964670394739 ], [ 73.716022439770029, 39.239320400809376 ], [ 73.717283784568608, 39.235782101697573 ], [ 73.717922918250991, 39.233468696462872 ], [ 73.718249176871325, 39.232192973601265 ], [ 73.718513832439399, 39.23096410272229 ], [ 73.719108858022025, 39.228222804285366 ], [ 73.721135185416344, 39.223551765431203 ], [ 73.721767579651228, 39.222136437395697 ], [ 73.721904632767917, 39.221287474425672 ], [ 73.721853498712477, 39.220767975263477 ], [ 73.721673869271271, 39.220624970930231 ], [ 73.721429994625993, 39.220670210254575 ], [ 73.72105761949193, 39.221091940917674 ], [ 73.718187149305791, 39.224470693980408 ], [ 73.717614337273289, 39.225369289518511 ], [ 73.716988070979198, 39.226424666552468 ], [ 73.716065198632137, 39.22852981011566 ], [ 73.715851272226374, 39.230327236555709 ], [ 73.715640783541701, 39.231935287355455 ], [ 73.715250824929498, 39.233824771608461 ], [ 73.713919556891881, 39.23802493011631 ], [ 73.712223929992263, 39.242396902596901 ], [ 73.711789455655676, 39.244130082252674 ], [ 73.711614620686305, 39.246195242142008 ], [ 73.711613620686308, 39.246195242142008 ], [ 73.712055950868944, 39.246257296366949 ], [ 73.71362793884002, 39.246387846192441 ] ] ], [ [ [ 73.713628928125544, 39.246387928350231 ], [ 73.71362793884002, 39.246387846192441 ], [ 73.713627928125547, 39.246387928350231 ], [ 73.713628928125544, 39.246387928350231 ] ] ] ] } },
{ "type": "Feature", "properties": { "ID": 645, "周长": 0.31011836383409169, "面积": 0.001162656841188792, "FEATUREID": "OFBB003C1AJ430010020000016", "CHFCAC": "000016", "QDUEAQ": "241014", "CHAHBA": "742233.865", "CHAHBB": "391402.26", "QDUECD": "石炭纪斜长花岗岩石    ", "QDUECC": "→γοC↓2", "GZEKG": "132100", "YSEBE": "", "KWB": "", "YSHB": "浅灰白色", "YSC": "1027", "YSD": "1015", "YSJA": "19", "YSJAA": "", "YKBIC": "异源包体", "YSJBA": "10", "YSJBB": "10", "GZIDB": "30", "YSADAA": "", "YSKD": "21", "YSKC": "200", "YSQA": "1012", "DDCDS": "1224", "fill_color": 31232, "pattern": 385, "pattern_color": -10496, "_src_file": "LDZOFBB003.WP", "_src_id": 15 }, "geometry": { "type": "MultiPolygon", "coordinates": [ [ [ [ 74.364313015717499, 39.247392648133598 ], [ 74.364349912556918, 39.246906833953496 ], [ 74.364291745809822, 39.246150810252857 ], [ 74.364165566523909, 39.24574699373602 ], [ 74.363715621390355, 39.245542615209843 ], [ 74.363327781780384, 39.245691266920382 ], [ 74.362740335879423, 39.246443168149696 ], [ 74.362215918230973, 39.247044356270038 ], [ 74.361827564276268, 39.247142628849446 ], [ 74.361377119801674, 39.246988613058747 ], [ 74.360995715799078, 39.246583140582224 ], [ 74.360613784395909, 39.245825048832216 ], [ 74.359849494837263, 39.244963721341691 ], [ 74.359147785987005, 39.244102804898056 ], [ 74.358445583845125, 39.243090762219005 ], [ 74.357485680919993, 39.242228176659808 ], [ 74.356397695191447, 39.24146549854057 ], [ 74.355243643316143, 39.240756692884148 ], [ 74.354089295036189, 39.240199354662657 ], [ 74.352675168199085, 39.239892054686649 ], [ 74.351125483879045, 39.23998600556682 ], [ 74.350475064387666, 39.240385102563202 ], [ 74.35033918339461, 39.240987273685661 ], [ 74.350523248653033, 39.241892162209183 ], [ 74.350961945048795, 39.242999040809856 ], [ 74.351079386735563, 39.244004108750403 ], [ 74.350881745625074, 39.244455331703534 ], [ 74.350427200935712, 39.244553881807832 ], [ 74.349785661233042, 39.244350257723973 ], [ 74.349337888691181, 39.243946543574701 ], [ 74.348645014694171, 39.242687889143752 ], [ 74.347883679754972, 39.24142895728918 ], [ 74.346741806721752, 39.23996747629711 ], [ 74.346048755398229, 39.238558127067094 ], [ 74.345919328792661, 39.238249128628418 ], [ 74.345919328792661, 39.238249128628418 ], [ 74.353861523601552, 39.233177032354746 ], [ 74.362905504198494, 39.228172765661782 ], [ 74.368433105257097, 39.224963066610087 ], [ 74.374117604775691, 39.222790687671818 ], [ 74.379127339579867, 39.221521583093441 ], [ 74.384631050486888, 39.220902838169913 ], [ 74.390299030015626, 39.220543882559106 ], [ 74.398628210102686, 39.220716797304306 ], [ 74.402233025771864, 39.221023125548186 ], [ 74.409415100228301, 39.222458681196876 ], [ 74.414417250072447, 39.22425098077985 ], [ 74.41724729903558, 39.225443200950764 ], [ 74.421560347494079, 39.228090209154885 ], [ 74.425477185626789, 39.231285611506422 ], [ 74.425477185626789, 39.231285611506422 ], [ 74.425433374108124, 39.231862597670421 ], [ 74.426616780557225, 39.236705192553124 ], [ 74.426921418494658, 39.2385204238822 ], [ 74.426923447008079, 39.23955209494887 ], [ 74.426823018902752, 39.240209964131097 ], [ 74.426414999385699, 39.240500546871544 ], [ 74.425941658098324, 39.240742054130102 ], [ 74.424968002683897, 39.24105423198376 ], [ 74.424151324299828, 39.241220879980972 ], [ 74.423024926689621, 39.241320511029052 ], [ 74.421669495536705, 39.241061288156864 ], [ 74.421160919336018, 39.240403613661911 ], [ 74.421297166563605, 39.239497567955851 ], [ 74.422145407049058, 39.238494626472757 ], [ 74.42318783563698, 39.237543097938989 ], [ 74.4233859983716, 39.237040397785776 ], [ 74.423259947496987, 39.236586325573484 ], [ 74.422423571467633, 39.236380283471853 ], [ 74.421131881189297, 39.236222155804171 ], [ 74.419455535341086, 39.236212417734372 ], [ 74.418486349523491, 39.236307449654952 ], [ 74.41770518439877, 39.236806616806632 ], [ 74.417117570134337, 39.237760299677646 ], [ 74.416717960468233, 39.239118124048453 ], [ 74.416380158357967, 39.240778576211476 ], [ 74.415783112174026, 39.242437495380692 ], [ 74.415135243233934, 39.24293155707317 ], [ 74.414759125378907, 39.243149109560939 ], [ 74.414191668220624, 39.243268182798857 ], [ 74.41324930026785, 39.243458504204746 ], [ 74.412369645542185, 39.243649136644713 ], [ 74.411712919132981, 39.2436701913091 ], [ 74.410711723370099, 39.243274995984955 ], [ 74.410227415586391, 39.242706672595709 ], [ 74.409915828896317, 39.241697250040993 ], [ 74.409731743870609, 39.240537474438874 ], [ 74.409615139898534, 39.239277335067783 ], [ 74.409819388699859, 39.238119875363751 ], [ 74.410154109694631, 39.236812064518659 ], [ 74.410036044030775, 39.235602299337849 ], [ 74.40952469823722, 39.235045089330967 ], [ 74.408819170830469, 39.234436339654174 ], [ 74.407857381993878, 39.233725287841757 ], [ 74.4070911817238, 39.232914642773395 ], [ 74.406645737161625, 39.2321059321633 ], [ 74.406270550855965, 39.230894610767756 ], [ 74.406215720618448, 39.229836352394621 ], [ 74.406091642341238, 39.229180705201927 ], [ 74.405769305098715, 39.229027640495708 ], [ 74.405447190149204, 39.229176820197416 ], [ 74.405115515503837, 39.229930498479739 ], [ 74.404777021054684, 39.231641292401093 ], [ 74.404767431366167, 39.232900658553554 ], [ 74.404949489981504, 39.234161194035934 ], [ 74.405327984717275, 39.235120644042283 ], [ 74.405965086582796, 39.235930524997933 ], [ 74.406475486172639, 39.236588501702592 ], [ 74.406597267129968, 39.237496020424217 ], [ 74.406397132783226, 39.238200101309531 ], [ 74.406001869757887, 39.238953393119409 ], [ 74.405863037024631, 39.240010482084806 ], [ 74.405853388670693, 39.241169097698133 ], [ 74.405841277072852, 39.242378089810082 ], [ 74.405643974756842, 39.242880668515596 ], [ 74.405384351287722, 39.243030237411567 ], [ 74.404351425490745, 39.243024013664581 ], [ 74.403645471638953, 39.242566356631741 ], [ 74.403005872799767, 39.241806840334924 ], [ 74.402498331554781, 39.240947348894856 ], [ 74.402181604051904, 39.240290527375841 ], [ 74.401745093080194, 39.238625430929076 ], [ 74.40155842221462, 39.237868641052827 ], [ 74.40156907123945, 39.236609274488963 ], [ 74.401906339355804, 39.235150364653634 ], [ 74.402689179579284, 39.234046809572753 ], [ 74.403283745296775, 39.232790953174579 ], [ 74.40387335900509, 39.231635842424502 ], [ 74.40427377776993, 39.230429187895247 ], [ 74.404089742946709, 39.229168650733385 ], [ 74.403901212483845, 39.228613361705385 ], [ 74.403643497187048, 39.228561429164273 ], [ 74.403254048710068, 39.229012461181547 ], [ 74.402987895176324, 39.229766522480155 ], [ 74.402593179449539, 39.230570176224298 ], [ 74.40200720896587, 39.231221532963438 ], [ 74.399857873407583, 39.23307248711027 ], [ 74.399335068177436, 39.233976095575088 ], [ 74.399129258274826, 39.235284657657964 ], [ 74.398859358030649, 39.236542455133815 ], [ 74.398008471559365, 39.237796714407196 ], [ 74.39748348091301, 39.238498815606668 ], [ 74.396834313332306, 39.239099375341361 ], [ 74.396445519440306, 39.239147389789501 ], [ 74.39573924380629, 39.238840808471856 ], [ 74.394582454517661, 39.238279590852187 ], [ 74.393618870846112, 39.237769920251772 ], [ 74.392782514457181, 39.237462531797505 ], [ 74.391813226367404, 39.237456592570069 ], [ 74.390389751877962, 39.237800487437767 ], [ 74.3890915696973, 39.238548156172733 ], [ 74.388047244682113, 39.239650026088135 ], [ 74.387135954706395, 39.240651934124472 ], [ 74.386419552088825, 39.24110091338747 ], [ 74.385903103787555, 39.241097718679853 ], [ 74.384620203343758, 39.240434851666663 ], [ 74.383787688328141, 39.239724404512913 ], [ 74.38327739451185, 39.238864833063474 ], [ 74.382899181604827, 39.237905311991184 ], [ 74.38258748721718, 39.236845441741821 ], [ 74.3822752430561, 39.235634449870354 ], [ 74.381961687263725, 39.23487682582342 ], [ 74.381255481545509, 39.234469408558752 ], [ 74.38022124083821, 39.234614094715759 ], [ 74.379507303391549, 39.234911909312743 ], [ 74.379437006979487, 39.235616746855854 ], [ 74.379617580795468, 39.236776566990152 ], [ 74.380185146133925, 39.23839217483355 ], [ 74.380559921112905, 39.239603575676931 ], [ 74.380552743738392, 39.240459940256684 ], [ 74.37983541148354, 39.241211124260523 ], [ 74.378729724916369, 39.24195988461959 ], [ 74.378017703621936, 39.242257689054952 ], [ 74.377305577497609, 39.242253243854655 ], [ 74.376661492718142, 39.242198824198049 ], [ 74.376147008017952, 39.242094837782027 ], [ 74.37575721324491, 39.242243529192756 ], [ 74.375169866839229, 39.242793998261142 ], [ 74.374451998192555, 39.24369627291474 ], [ 74.373930217917291, 39.244347891254051 ], [ 74.373409314901565, 39.244596511690176 ], [ 74.373088521720206, 39.244594477406835 ], [ 74.372767646493173, 39.244290199635046 ], [ 74.372451672171991, 39.243582923371342 ], [ 74.372267277568298, 39.242725341315079 ], [ 74.372021227498223, 39.241464354518854 ], [ 74.371707195103241, 39.240454833319028 ], [ 74.371070939692686, 39.239594393995681 ], [ 74.370367654524998, 39.238783917838354 ], [ 74.367807569856353, 39.236500720563768 ], [ 74.366977213926333, 39.235487907315537 ], [ 74.366211977901216, 39.234727371040833 ], [ 74.365632504505498, 39.234572552312621 ], [ 74.365372336674113, 39.234772405941655 ], [ 74.365368402102803, 39.23517540136875 ], [ 74.365747805481419, 39.235782356525384 ], [ 74.366320445988052, 39.236843911558097 ], [ 74.366823590958347, 39.238106550852692 ], [ 74.367579592483466, 39.240025690256985 ], [ 74.367891563738553, 39.241035222126513 ], [ 74.367881780148267, 39.24214345715329 ], [ 74.367746311179687, 39.242898250823025 ], [ 74.367550679457139, 39.243098517830433 ], [ 74.367292939180601, 39.243046504769794 ], [ 74.367036182985174, 39.242893742964114 ], [ 74.366782861948622, 39.242388359665085 ], [ 74.366723669180899, 39.241632336374586 ], [ 74.366605396155961, 39.240724778799525 ], [ 74.366225910542781, 39.239815582024676 ], [ 74.365653279815973, 39.238955523344316 ], [ 74.365015122792499, 39.238195801848974 ], [ 74.364569178484601, 39.237689179781377 ], [ 74.364314416666119, 39.237334915572347 ], [ 74.363803915477163, 39.236727131466232 ], [ 74.363100756470502, 39.236017360249193 ], [ 74.36239781454529, 39.235462067028642 ], [ 74.361691551783707, 39.235107563797847 ], [ 74.361303692672678, 39.23510597226538 ], [ 74.36110941944122, 39.235356307041492 ], [ 74.361099455181289, 39.236059476092592 ], [ 74.361413877410982, 39.236763976182601 ], [ 74.36205509056154, 39.237320491173072 ], [ 74.362884889740769, 39.238282962415681 ], [ 74.364289766911767, 39.239752877108096 ], [ 74.365313798954915, 39.240766942250517 ], [ 74.365502055629719, 39.241322290380729 ], [ 74.365239895577233, 39.241723641891298 ], [ 74.364783047159634, 39.242023008361471 ], [ 74.363944332929435, 39.242168780342247 ], [ 74.363168172854415, 39.24231496002492 ], [ 74.362906489168807, 39.242665929765366 ], [ 74.363158796891568, 39.243272069361311 ], [ 74.363861505980253, 39.243830717778714 ], [ 74.36527788037634, 39.244444259080325 ], [ 74.366369975638904, 39.245005356349665 ], [ 74.367137797865979, 39.245614768970427 ], [ 74.367841089523893, 39.246324515743424 ], [ 74.368287718313084, 39.247155194876321 ], [ 74.368287718313084, 39.247155194876321 ], [ 74.364839337148453, 39.24735321292286 ], [ 74.364313015717499, 39.247392648133598 ] ] ] ] } },
{ "type": "Feature", "properties": { "ID": 659, "周长": 1.6900328672934557, "面积": 0.009686699742539169, "FEATUREID": "OFBB003C1AJ430010020000017", "CHFCAC": "000017", "QDUEAQ": "241014", "CHAHBA": "745821.393", "CHAHBB": "391111.61", "QDUECD": "石炭纪斜长花岗岩石    ", "QDUECC": "→γοC↓2", "GZEKG": "132100", "YSEBE": "", "KWB": "", "YSHB": "浅灰白色", "YSC": "1027", "YSD": "1015", "YSJA": "19", "YSJAA": "", "YKBIC": "异源包体", "YSJBA": "10", "YSJBB": "10", "GZIDB": "30", "YSADAA": "", "YSKD": "21", "YSKC": "200", "YSQA": "1012", "DDCDS": "1224", "fill_color": -29184, "pattern": 385, "pattern_color": -10496, "_src_file": "LDZOFBB003.WP", "_src_id": 16 }, "geometry": { "type": "MultiPolygon", "coordinates": [ [ [ [ 74.978252608915497, 39.137363357820917 ], [ 74.978252935197062, 39.137363167942581 ], [ 74.978251935197065, 39.137363167942581 ], [ 74.978252608915497, 39.137363357820917 ] ] ], [ [ [ 74.869170341640299, 39.155798456917282 ], [ 74.869170709634744, 39.155798195411926 ], [ 74.869169709634747, 39.155798195411926 ], [ 74.869170341640299, 39.155798456917282 ] ] ], [ [ [ 74.84838927967472, 39.181513279267271 ], [ 74.848390389446891, 39.181513566008498 ], [ 74.848390279674717, 39.181513279267271 ], [ 74.84838927967472, 39.181513279267271 ] ] ], [ [ [ 74.863215541723008, 39.159254589536268 ], [ 74.862342749712894, 39.159645200035449 ], [ 74.861155955206101, 39.160133202867563 ], [ 74.859973287985554, 39.160621024999891 ], [ 74.859350294218416, 39.160913954675728 ], [ 74.85860181229792, 39.161206525112497 ], [ 74.84894522819782, 39.165009686358339 ], [ 74.84757628065681, 39.165640873687835 ], [ 74.846221368384491, 39.166338097088897 ], [ 74.845093945778459, 39.168595484555198 ], [ 74.844732497196915, 39.170275173682427 ], [ 74.84508918231964, 39.171675796527957 ], [ 74.846883760482172, 39.173638375646078 ], [ 74.847597868271407, 39.176159575442661 ], [ 74.84741549341588, 39.178625586058907 ], [ 74.848763657346822, 39.177918429699233 ], [ 74.84964648772808, 39.177460093243816 ], [ 74.851707035453444, 39.175902648432043 ], [ 74.852296132961044, 39.17517010630845 ], [ 74.85294451807998, 39.174071524384956 ], [ 74.853711103124596, 39.172515346178749 ], [ 74.853829744551362, 39.171737527977228 ], [ 74.853772326597053, 39.170685404836227 ], [ 74.854244165509826, 39.169632742172716 ], [ 74.854832825332565, 39.169174668422102 ], [ 74.855421241719796, 39.168899577501122 ], [ 74.856303799335123, 39.16853268366453 ], [ 74.857421798381992, 39.167982549301108 ], [ 74.858657503951576, 39.167340782526672 ], [ 74.86018698180078, 39.16688167731013 ], [ 74.861598721394202, 39.1665141721599 ], [ 74.86271621070766, 39.166329963149117 ], [ 74.864597821521826, 39.166419373555478 ], [ 74.866420110300766, 39.166966294163267 ], [ 74.86806626705733, 39.167284651092274 ], [ 74.869653985887737, 39.167282823584067 ], [ 74.874064080855632, 39.16750637088461 ], [ 74.876121921603627, 39.167824121420487 ], [ 74.878473893193487, 39.168049979686785 ], [ 74.880237698906768, 39.168413767567472 ], [ 74.881236964529847, 39.168869984722171 ], [ 74.881648179009332, 39.169326937381648 ], [ 74.881823964147415, 39.17001292261434 ], [ 74.8817061399876, 39.170241805407272 ], [ 74.881235345364772, 39.170608375194576 ], [ 74.880529444541068, 39.170837995791622 ], [ 74.879882521164205, 39.170884549431072 ], [ 74.877001454546885, 39.170384884568705 ], [ 74.874943677016518, 39.169929907310149 ], [ 74.873062392618777, 39.169428939275015 ], [ 74.870416459693217, 39.169111819910313 ], [ 74.867476319228587, 39.168977965724082 ], [ 74.864594833052493, 39.168981210599952 ], [ 74.862242381973005, 39.169166796730586 ], [ 74.859771850392917, 39.169718438062851 ], [ 74.858418786111656, 39.170131602990161 ], [ 74.857300876197669, 39.17059025488787 ], [ 74.856476638400494, 39.171323069517634 ], [ 74.855356918293481, 39.173154112543806 ], [ 74.854943582285685, 39.17443545545737 ], [ 74.854236235258398, 39.175671349834396 ], [ 74.853587858339367, 39.176769938656754 ], [ 74.853351518236607, 39.177593623992145 ], [ 74.853409540932319, 39.178188274368409 ], [ 74.854232328770834, 39.178644903239125 ], [ 74.855055544675636, 39.178781296540294 ], [ 74.856526070422703, 39.178642530253597 ], [ 74.858467447109746, 39.1782287642217 ], [ 74.860408909722864, 39.177723471842995 ], [ 74.861879789535124, 39.177264405754869 ], [ 74.86305642503477, 39.176942888917559 ], [ 74.864232940428039, 39.176712854117383 ], [ 74.865350479370804, 39.176620112151753 ], [ 74.866350286245051, 39.176618988799717 ], [ 74.867408648408642, 39.176846522484681 ], [ 74.868643404998053, 39.177119592866568 ], [ 74.870054607065086, 39.177392446227607 ], [ 74.871524538092373, 39.177756706218815 ], [ 74.87322973462517, 39.178120667901482 ], [ 74.874993906347854, 39.178347292821535 ], [ 74.877169783015987, 39.178573388972119 ], [ 74.879698734222728, 39.178616019763957 ], [ 74.880992722098512, 39.178522909024252 ], [ 74.881992684190848, 39.17838440940708 ], [ 74.885991274007353, 39.178015764241451 ], [ 74.887930900866621, 39.178107376697611 ], [ 74.888459721187758, 39.178336138507987 ], [ 74.888518158440192, 39.178747864826583 ], [ 74.888400144864733, 39.179296824324219 ], [ 74.88781199850699, 39.179708517612923 ], [ 74.886636081423291, 39.180074425347172 ], [ 74.885224988086009, 39.180486049595743 ], [ 74.88357822639783, 39.181081465661244 ], [ 74.882577898074018, 39.181585956769361 ], [ 74.881695570647182, 39.181678564699212 ], [ 74.880931084419885, 39.181542284538097 ], [ 74.879402210634481, 39.181178217496303 ], [ 74.877990940842679, 39.180859731498387 ], [ 74.876403146393983, 39.180632936148726 ], [ 74.873932989616748, 39.180544418687248 ], [ 74.871992079133236, 39.18054671851332 ], [ 74.869757291515356, 39.180366340898992 ], [ 74.867699270252032, 39.179911236083882 ], [ 74.865876637647787, 39.179364338350624 ], [ 74.86493586957063, 39.179136656971977 ], [ 74.864053549998275, 39.179229133620296 ], [ 74.863229930970434, 39.179413031427622 ], [ 74.862523883774031, 39.179642542350066 ], [ 74.860523117913203, 39.180513910005097 ], [ 74.85981705094207, 39.180743404447163 ], [ 74.858816898896734, 39.180973207445284 ], [ 74.857287340609176, 39.181249305266363 ], [ 74.854934340346915, 39.181526236535881 ], [ 74.852816647849409, 39.181757135918637 ], [ 74.850699192708944, 39.181805006870498 ], [ 74.848993702890724, 39.181669449206176 ], [ 74.848390389446891, 39.181513566008498 ], [ 74.849557791083797, 39.184562992474881 ], [ 74.851171828967509, 39.187505367127798 ], [ 74.851885347028556, 39.190446575805645 ], [ 74.851517409813425, 39.193806446007798 ], [ 74.850793020851214, 39.196465785849341 ], [ 74.850427783686285, 39.19898556688856 ], [ 74.850599503345279, 39.201926083429164 ], [ 74.851316912695665, 39.204027207146694 ], [ 74.854728756922768, 39.20767187909302 ], [ 74.856346247436107, 39.2087939971385 ], [ 74.858143615589057, 39.209496274833384 ], [ 74.858681869106064, 39.210337011903825 ], [ 74.858317807054377, 39.21187672075159 ], [ 74.856875931600456, 39.21285504971474 ], [ 74.855075746168865, 39.213972926311371 ], [ 74.852552650910198, 39.215509902230743 ], [ 74.850387955460903, 39.217747354637233 ], [ 74.848581433838575, 39.219845219138001 ], [ 74.846955296239329, 39.222643359510755 ], [ 74.845691990253727, 39.225021912866339 ], [ 74.844785341507645, 39.227540946489526 ], [ 74.844388728681906, 39.229830189408617 ], [ 74.846045670369776, 39.230171235254595 ], [ 74.848652937595091, 39.230384065728785 ], [ 74.852561435609118, 39.230781305482076 ], [ 74.858614912339831, 39.231337873012663 ], [ 74.862853568129466, 39.232023352737393 ], [ 74.865187070159081, 39.232292009741123 ], [ 74.866732125544843, 39.230585417256179 ], [ 74.867109540588572, 39.229750078355956 ], [ 74.867489210817638, 39.228246534247852 ], [ 74.867547952794453, 39.226701298811861 ], [ 74.867553753484586, 39.22498902648028 ], [ 74.867570845047979, 39.224863275522431 ], [ 74.86771737236748, 39.223777867553409 ], [ 74.867513388240909, 39.220812760659207 ], [ 74.867625063195561, 39.219434562079527 ], [ 74.868215697646278, 39.218515641925251 ], [ 74.869449620821442, 39.217513035427849 ], [ 74.870523444994888, 39.216677508235854 ], [ 74.871809663702919, 39.215716625701504 ], [ 74.87267029527311, 39.214922899716427 ], [ 74.873205638967121, 39.214212781473435 ], [ 74.873584889126903, 39.213377418968349 ], [ 74.873800809292433, 39.212792678686981 ], [ 74.874236490317884, 39.210453834925048 ], [ 74.874725868805825, 39.207739104216422 ], [ 74.875108447450842, 39.205567322403319 ], [ 74.875753726135343, 39.204230716826729 ], [ 74.87666561521452, 39.203144600801721 ], [ 74.877419603708489, 39.202183817909678 ], [ 74.877520844492281, 39.202078746384103 ], [ 74.878223653554159, 39.201348302430844 ], [ 74.879029819614274, 39.20047101686508 ], [ 74.88010227074362, 39.199635400685018 ], [ 74.880959213357414, 39.198966897365963 ], [ 74.88197700125761, 39.19817304316863 ], [ 74.882997101542429, 39.197587995183589 ], [ 74.883961042916908, 39.197211774564238 ], [ 74.88529845671269, 39.196917894043089 ], [ 74.886473114543605, 39.196707546355327 ], [ 74.88706172872547, 39.196832064469582 ], [ 74.888235444000301, 39.197248142719829 ], [ 74.889732007635942, 39.19795612316436 ], [ 74.891225348055485, 39.198747610967132 ], [ 74.892613679561208, 39.199580988652485 ], [ 74.893520557316521, 39.200206194649162 ], [ 74.894531239061166, 39.201207111031351 ], [ 74.895440154740356, 39.20183230196325 ], [ 74.896133116140717, 39.201831336056166 ], [ 74.896938481002806, 39.201329062622186 ], [ 74.897953544686658, 39.200868242335588 ], [ 74.898701953755747, 39.200867186303356 ], [ 74.899024332186201, 39.200992021618447 ], [ 74.899343487725801, 39.201534486627011 ], [ 74.899551694053685, 39.203455284156192 ], [ 74.899548635391724, 39.204499360126881 ], [ 74.899437775510123, 39.205501824736253 ], [ 74.899115780122429, 39.205919909516325 ], [ 74.898742058555882, 39.20608749129061 ], [ 74.897991345917276, 39.206172073983531 ], [ 74.896761724031677, 39.20617379889147 ], [ 74.895106529674663, 39.206134339452163 ], [ 74.89301939410376, 39.206178966013212 ], [ 74.891095511500055, 39.206265102594017 ], [ 74.888369952353116, 39.206268746010394 ], [ 74.885373560510402, 39.206439726047002 ], [ 74.883769683969746, 39.206692028496938 ], [ 74.882269011515376, 39.207277254144728 ], [ 74.881895625452202, 39.207569729867949 ], [ 74.881412581164867, 39.208071054498383 ], [ 74.879961127443494, 39.210284986782227 ], [ 74.87909948134849, 39.211746973580865 ], [ 74.878453252789555, 39.213375936947998 ], [ 74.877699669827109, 39.214796115712275 ], [ 74.876679234448204, 39.216007558849334 ], [ 74.875713632683272, 39.216801346543662 ], [ 74.87490705938103, 39.217428029903218 ], [ 74.874371395896191, 39.217929341151041 ], [ 74.873566559122253, 39.21893187741324 ], [ 74.873188726439139, 39.219934291400776 ], [ 74.872593790290836, 39.221563203501915 ], [ 74.872267246587171, 39.223526143244349 ], [ 74.872265446130015, 39.223577115525572 ], [ 74.872208195549632, 39.225196670127666 ], [ 74.87220250792204, 39.226908942817907 ], [ 74.872089052607507, 39.228245379984912 ], [ 74.871066422572156, 39.230626128496155 ], [ 74.870311486575559, 39.231753914802262 ], [ 74.869291819219555, 39.232923524958778 ], [ 74.868855715222509, 39.23329956967082 ], [ 74.871097522182367, 39.234080301286703 ], [ 74.876112582310867, 39.236984627046645 ], [ 74.87717349924813, 39.237560476722436 ], [ 74.877937560678973, 39.237927229918448 ], [ 74.881161392326931, 39.239836845712432 ], [ 74.882853257762292, 39.240934929495985 ], [ 74.883453143225537, 39.241301069266108 ], [ 74.884281679226078, 39.241720082256435 ], [ 74.884713558037774, 39.241929754960466 ], [ 74.886344141462558, 39.242273981089696 ], [ 74.886842606720364, 39.24243189007457 ], [ 74.887405733948455, 39.242486032936824 ], [ 74.889699501295297, 39.242702698537506 ], [ 74.890898342567695, 39.24275919314438 ], [ 74.891461555735006, 39.242761308736121 ], [ 74.892393492606104, 39.242764784609612 ], [ 74.893357718675489, 39.242742374265667 ], [ 74.897215031559952, 39.242366606699427 ], [ 74.900176096153629, 39.241649373850507 ], [ 74.904235693719187, 39.240569063701031 ], [ 74.907529680577341, 39.239642317398911 ], [ 74.908589864275854, 39.239333465646332 ], [ 74.909317880343607, 39.239049560342295 ], [ 74.910512802798763, 39.23858498059618 ], [ 74.914522553032356, 39.236854234010686 ], [ 74.917803654737199, 39.235068686128272 ], [ 74.918865789061158, 39.234499288138892 ], [ 74.91982736716227, 39.23400766370024 ], [ 74.922778555119663, 39.23240280765156 ], [ 74.92407160664871, 39.23175597217346 ], [ 74.925364747498392, 39.231057067244144 ], [ 74.92672303979721, 39.23038437128907 ], [ 74.931296593658814, 39.22693007080035 ], [ 74.93251951946938, 39.225810575494187 ], [ 74.937415766854699, 39.221958834229547 ], [ 74.939730879430087, 39.220450175974477 ], [ 74.94005959550789, 39.22034649972349 ], [ 74.940326164313333, 39.220294877617604 ], [ 74.94095451434535, 39.220244043353567 ], [ 74.943069452347629, 39.220223569789368 ], [ 74.943631993988987, 39.220225656052961 ], [ 74.944129314191144, 39.220279587392888 ], [ 74.945795911037806, 39.220604176171783 ], [ 74.945766720990576, 39.219881774407021 ], [ 74.945810119065086, 39.218946902241676 ], [ 74.946018672546643, 39.21797949577843 ], [ 74.946350666889231, 39.21717303336181 ], [ 74.946682945090544, 39.216237635581521 ], [ 74.947055829292282, 39.215592268734277 ], [ 74.947388234301087, 39.214592399254116 ], [ 74.947720629867973, 39.213592526395196 ], [ 74.947804760610111, 39.212883217189912 ], [ 74.947971784781288, 39.212012586448232 ], [ 74.947974532457565, 39.21078767799095 ], [ 74.947893011845807, 39.210336548485827 ], [ 74.947436973005992, 39.209539598744158 ], [ 74.947111714907422, 39.209113076578653 ], [ 74.946658884951688, 39.208630388834194 ], [ 74.945999809882878, 39.208115841979073 ], [ 74.945217171275758, 39.207504810443993 ], [ 74.944599528351816, 39.206925710899306 ], [ 74.944312009202818, 39.206346011929647 ], [ 74.944272077237557, 39.205765867930957 ], [ 74.944355641932219, 39.205314436110406 ], [ 74.944645297634452, 39.204959336057691 ], [ 74.945099707420809, 39.204732871652418 ], [ 74.945471151239161, 39.204699964611251 ], [ 74.945966160864856, 39.20476353442578 ], [ 74.946378207554091, 39.205020657416128 ], [ 74.946872494074029, 39.205406566497565 ], [ 74.947613932548222, 39.205985428397732 ], [ 74.948314118505223, 39.206564359555067 ], [ 74.949468225482789, 39.207142448378825 ], [ 74.950375831735244, 39.207237471187746 ], [ 74.951077755963524, 39.20704275829825 ], [ 74.952234004361372, 39.206653786016837 ], [ 74.952812265325932, 39.206394828289866 ], [ 74.953018656050517, 39.206362206281412 ], [ 74.95338996376546, 39.206393741277182 ], [ 74.953802255135628, 39.206554135929601 ], [ 74.953925700749195, 39.206715075028811 ], [ 74.953966128358303, 39.207101809375956 ], [ 74.953841568696603, 39.20745662195398 ], [ 74.953593284841986, 39.207779434106378 ], [ 74.95297367913021, 39.208070708322076 ], [ 74.952395407901392, 39.208329669020415 ], [ 74.951816987071226, 39.208653094077278 ], [ 74.951320813090121, 39.209105300585946 ], [ 74.950989552387909, 39.20962166792863 ], [ 74.950864334055467, 39.210266587558174 ], [ 74.950931226846777, 39.211209249020776 ], [ 74.950944383767862, 39.211394637660355 ], [ 74.951230419372749, 39.212683477049204 ], [ 74.951228649076867, 39.213489336116858 ], [ 74.951186602222364, 39.213843993074647 ], [ 74.951020320744462, 39.214392285529875 ], [ 74.950771288126305, 39.215037433883161 ], [ 74.950398512756337, 39.21565057800089 ], [ 74.95002637366099, 39.215973610763179 ], [ 74.949530206026111, 39.216393574330922 ], [ 74.948992404902413, 39.216974785764712 ], [ 74.94866130528203, 39.217394441661781 ], [ 74.948371761380983, 39.217685081528558 ], [ 74.947999313184098, 39.21813704645956 ], [ 74.94783357840555, 39.218427458673581 ], [ 74.947708751333835, 39.218878968033387 ], [ 74.94754221417962, 39.219523956824219 ], [ 74.94741614943716, 39.220523448584338 ], [ 74.947348034027911, 39.220943257180032 ], [ 74.947349034027908, 39.220943257180032 ], [ 74.94925859893759, 39.22139239785799 ], [ 74.950911927571909, 39.221737037401368 ], [ 74.952534235498973, 39.222003396237618 ], [ 74.953029540352489, 39.222109380829046 ], [ 74.953625262670684, 39.222163631493061 ], [ 74.954157457277418, 39.222217654109841 ], [ 74.95475727329422, 39.222324005288996 ], [ 74.955459069499966, 39.222430713659037 ], [ 74.956192133105603, 39.222641723049598 ], [ 74.95668997407752, 39.222747706872624 ], [ 74.957025243616329, 39.222748904413841 ], [ 74.957557473746078, 39.222750818045824 ], [ 74.95815735840219, 39.222752969371925 ], [ 74.958624936993971, 39.222754637988388 ], [ 74.959258164028952, 39.222730856857645 ], [ 74.959791453529903, 39.222628577918243 ], [ 74.960257101883343, 39.222500010925259 ], [ 74.961024801634935, 39.222164141857967 ], [ 74.961358151286348, 39.222009051205035 ], [ 74.961657229318746, 39.221749658173252 ], [ 74.96229174709913, 39.221152848469792 ], [ 74.962557505509452, 39.220867287475095 ], [ 74.962791960132193, 39.22052951593043 ], [ 74.963058793167335, 39.220087677905738 ], [ 74.963258987749526, 39.219619557582149 ], [ 74.963491553397404, 39.219047370738807 ], [ 74.963625582447492, 39.218474837079185 ], [ 74.963660420379966, 39.218266593080742 ], [ 74.963661176792684, 39.217928003719109 ], [ 74.96339538005904, 39.216963380698004 ], [ 74.963261486926683, 39.216702452577209 ], [ 74.962400357666752, 39.214719922007596 ], [ 74.962267178131455, 39.214146449820916 ], [ 74.9622017965862, 39.213547168534681 ], [ 74.962135355846314, 39.21297393389321 ], [ 74.96213859032197, 39.212426981534598 ], [ 74.962140530992968, 39.21156748615401 ], [ 74.962209426282342, 39.210683197356509 ], [ 74.963083635517435, 39.208377357161851 ], [ 74.963349755068023, 39.207963217561577 ], [ 74.963919801022215, 39.206979395750025 ], [ 74.964153949775636, 39.206772676737515 ], [ 74.964690892350106, 39.206385419130676 ], [ 74.966328464774193, 39.205431292421217 ], [ 74.971109180573208, 39.20302395332844 ], [ 74.97318564830644, 39.202141005974873 ], [ 74.973520292058751, 39.201985157432816 ], [ 74.974155415389461, 39.201855617690939 ], [ 74.974855333203692, 39.201726136205984 ], [ 74.97785017386947, 39.201105957104438 ], [ 74.978507070620026, 39.20097747674793 ], [ 74.979069103282825, 39.200874774059166 ], [ 74.981175879952488, 39.200880037980667 ], [ 74.98196391911786, 39.200882002692268 ], [ 74.982985491843394, 39.200858503071615 ], [ 74.98496169911364, 39.200837346448637 ], [ 74.988713678887976, 39.201028695527398 ], [ 74.990987722618215, 39.200949460646861 ], [ 74.991975988221483, 39.200947024449071 ], [ 74.992767317210379, 39.200996798727509 ], [ 74.994745603574486, 39.201147074198872 ], [ 74.995169149426786, 39.201146018411706 ], [ 74.998269878489594, 39.199989637775907 ], [ 74.998520973956971, 39.199784633514597 ], [ 74.999999999994415, 39.19856654415279 ], [ 74.999999999994415, 39.146420130385621 ], [ 74.998944244318025, 39.145299111030226 ], [ 74.995177582771547, 39.143416621454449 ], [ 74.99222569298594, 39.142270241901088 ], [ 74.990464229933409, 39.141452392154825 ], [ 74.986425111443154, 39.13989630933434 ], [ 74.984873098466835, 39.139566558475643 ], [ 74.979803095094809, 39.137800341163626 ], [ 74.978252608915497, 39.137363357820917 ], [ 74.977167291237635, 39.137994954364288 ], [ 74.975865581287565, 39.138874956522486 ], [ 74.974561763183715, 39.139957400607926 ], [ 74.973522172661177, 39.141106780395106 ], [ 74.972567290695949, 39.142323460686384 ], [ 74.971611565588717, 39.143067736677942 ], [ 74.970571246530866, 39.143339784847761 ], [ 74.969009495437334, 39.143207960206581 ], [ 74.966493597998038, 39.142470647715463 ], [ 74.963715284527865, 39.142071217622473 ], [ 74.961113309810102, 39.142076296109664 ], [ 74.95955144700774, 39.142214284496745 ], [ 74.957383054162719, 39.142623353810642 ], [ 74.956081471201628, 39.142760798313681 ], [ 74.953823183590572, 39.143304933243442 ], [ 74.951742445711034, 39.143781219110757 ], [ 74.949831404986327, 39.143987206583596 ], [ 74.947401945088814, 39.143924173863397 ], [ 74.945319439507401, 39.14338458987627 ], [ 74.94410499897829, 39.143047101518704 ], [ 74.943061185954647, 39.143047545274953 ], [ 74.941673072750604, 39.143453741756161 ], [ 74.940283930571823, 39.143995129054368 ], [ 74.93846171684774, 39.144131045461798 ], [ 74.936725353138542, 39.143996489137116 ], [ 74.935855218215266, 39.143658785332875 ], [ 74.935595850687434, 39.143118050730877 ], [ 74.935943196188148, 39.142644701963341 ], [ 74.937157693777124, 39.142238637872666 ], [ 74.938896065674825, 39.141899965025431 ], [ 74.940109520183469, 39.141629075292187 ], [ 74.940891916164617, 39.141020332301267 ], [ 74.941673319404615, 39.140141168997488 ], [ 74.942453676613709, 39.139667622868487 ], [ 74.944277762220324, 39.139666851311596 ], [ 74.946273474945514, 39.139463161357888 ], [ 74.947838112388311, 39.139192035172442 ], [ 74.949225094800042, 39.138447747103108 ], [ 74.951136912689819, 39.137635584087349 ], [ 74.954087448220832, 39.137228477115379 ], [ 74.956518840494553, 39.137023745749602 ], [ 74.95851415274187, 39.137289877817466 ], [ 74.960422531136601, 39.137893567714229 ], [ 74.962243469352202, 39.137957516536886 ], [ 74.963545091139537, 39.137550060832488 ], [ 74.965108376062204, 39.136332256484359 ], [ 74.966410143821506, 39.135519859692515 ], [ 74.967364697076903, 39.135045565432875 ], [ 74.967798545937384, 39.134909730846339 ], [ 74.968403782736189, 39.135043485584582 ], [ 74.969357906714052, 39.135513966427943 ], [ 74.97152785202907, 39.135509587111912 ], [ 74.972229487313911, 39.135462746596204 ], [ 74.972228487313913, 39.135462746596204 ], [ 74.971281827404468, 39.135128719212972 ], [ 74.968781255783426, 39.134513909845751 ], [ 74.967062156670025, 39.134103963128837 ], [ 74.95893497921324, 39.131645705200548 ], [ 74.957841108726441, 39.131399597546391 ], [ 74.955132258192123, 39.130620881270467 ], [ 74.954386936523051, 39.130302475620383 ], [ 74.954385936523053, 39.130302475620383 ], [ 74.953279460497257, 39.130937530744283 ], [ 74.951277603291857, 39.131470910371277 ], [ 74.949469020721253, 39.131966137777674 ], [ 74.94810386755708, 39.132537184430277 ], [ 74.946979830753691, 39.133108107851108 ], [ 74.945759116570756, 39.133793141379925 ], [ 74.944392887381298, 39.134554281220105 ], [ 74.942976803044374, 39.135277399130487 ], [ 74.941509864350607, 39.135962491093117 ], [ 74.939899413658082, 39.136533543445097 ], [ 74.938531115709836, 39.136914342675986 ], [ 74.936871820585608, 39.13725720857439 ], [ 74.934233900802596, 39.137524337260778 ], [ 74.932769920846354, 39.137752996081943 ], [ 74.932380230060915, 39.137943260446939 ], [ 74.932037297799255, 39.138475751351308 ], [ 74.932135708387534, 39.139692583534377 ], [ 74.932329777484426, 39.140947408941244 ], [ 74.931988750662356, 39.141860168257821 ], [ 74.931353779824818, 39.142430778030914 ], [ 74.930571243988084, 39.143229591209895 ], [ 74.930181335375494, 39.14418038763587 ], [ 74.931009089124814, 39.146195555762347 ], [ 74.931450483035675, 39.14684187301777 ], [ 74.931741287659023, 39.147868504148498 ], [ 74.931789938961927, 39.148743109550047 ], [ 74.931691997276531, 39.149960001109712 ], [ 74.931643975065853, 39.150796609965674 ], [ 74.93149737243202, 39.15117692503209 ], [ 74.93100789642439, 39.151481297375483 ], [ 74.929886549701976, 39.151519676159545 ], [ 74.928273833325122, 39.151406078652023 ], [ 74.926955240407253, 39.151026189431981 ], [ 74.92602856353389, 39.150037748942971 ], [ 74.925245522612499, 39.148745045215108 ], [ 74.924513615042954, 39.14661573200744 ], [ 74.923977945761976, 39.144942685463867 ], [ 74.9235399246555, 39.143421719759914 ], [ 74.923051034666173, 39.142052872338205 ], [ 74.922611931128671, 39.140874144390239 ], [ 74.922123943929279, 39.139885563691607 ], [ 74.921245340381589, 39.138821017245874 ], [ 74.920123549743323, 39.137908625239213 ], [ 74.917194606430016, 39.135665652511953 ], [ 74.916315917370014, 39.13509542046878 ], [ 74.916215665154908, 39.135021094535517 ], [ 74.915429315384813, 39.134432211002107 ], [ 74.909531817569416, 39.136986136508163 ], [ 74.908108324357528, 39.137767480688417 ], [ 74.90518454903011, 39.139231698034493 ], [ 74.902969021680263, 39.140289120689502 ], [ 74.903394593635852, 39.140729157131645 ], [ 74.904229867369992, 39.141381385330781 ], [ 74.905197004024302, 39.142083773065359 ], [ 74.905777676499923, 39.142535307612008 ], [ 74.906292945856478, 39.142936668209565 ], [ 74.907129963638909, 39.144140822106735 ], [ 74.907645031458273, 39.144943592161226 ], [ 74.908221971134495, 39.146800067248108 ], [ 74.908545581432918, 39.147903918299271 ], [ 74.908543116601578, 39.148756924362679 ], [ 74.906479001368623, 39.152119008872951 ], [ 74.906027557926038, 39.152670999472612 ], [ 74.905448976318581, 39.153624418014253 ], [ 74.904868346165472, 39.154628008930082 ], [ 74.904545530755684, 39.155581396315107 ], [ 74.904415086551737, 39.156484590304814 ], [ 74.904415635077811, 39.157237239688271 ], [ 74.904415089799656, 39.158140421969456 ], [ 74.904413395893172, 39.159294487890662 ], [ 74.90441169903599, 39.1604485513285 ], [ 74.904219821224629, 39.161301572358404 ], [ 74.904089484355509, 39.162004056808648 ], [ 74.903831447915692, 39.162355317436699 ], [ 74.903443558897493, 39.162606232579577 ], [ 74.902929817578325, 39.162756803219182 ], [ 74.90234964821029, 39.162857198502856 ], [ 74.901509717031615, 39.162857254489722 ], [ 74.900673016587987, 39.162506067855865 ], [ 74.900157800437952, 39.161853799991363 ], [ 74.899899515687096, 39.161050986679896 ], [ 74.899771275757232, 39.160047458214983 ], [ 74.89970759445346, 39.158893395670951 ], [ 74.899837402295447, 39.157538619655362 ], [ 74.899839576229994, 39.155782432639882 ], [ 74.899839780652769, 39.153976069647506 ], [ 74.899969877675218, 39.152169699692841 ], [ 74.90016508115707, 39.150865091689042 ], [ 74.900165143728742, 39.149259435853544 ], [ 74.900101398663139, 39.148205724628063 ], [ 74.899909771853387, 39.147152021918778 ], [ 74.899331773849596, 39.145696921318105 ], [ 74.898623786701719, 39.144442531440497 ], [ 74.897497586857313, 39.142728636697356 ], [ 74.896945913622176, 39.142972152308154 ], [ 74.888225333439777, 39.146411813266596 ], [ 74.886733977647935, 39.146942837204989 ], [ 74.885058124390724, 39.147570611247112 ], [ 74.879705102105902, 39.149981556745431 ], [ 74.87941163773155, 39.150101266394159 ], [ 74.875681223718445, 39.152052303203746 ], [ 74.875682223718442, 39.152052303203746 ], [ 74.876761289385939, 39.153576848100116 ], [ 74.877042089476646, 39.154087235898444 ], [ 74.877402402416763, 39.155211679066973 ], [ 74.877763039935346, 39.156014723221205 ], [ 74.878382011096747, 39.156656750414527 ], [ 74.878680288721114, 39.156765635888021 ], [ 74.879259466123315, 39.156977061126859 ], [ 74.880395327063397, 39.157055995045127 ], [ 74.88132488132932, 39.156894130700955 ], [ 74.882203052821097, 39.156451105628108 ], [ 74.882823196817441, 39.155847702335251 ], [ 74.883288398664888, 39.15528466919703 ], [ 74.883804973659096, 39.155002789096187 ], [ 74.884940499521775, 39.154962117046466 ], [ 74.886488551709093, 39.15496222766884 ], [ 74.887623889938496, 39.154841773681589 ], [ 74.889017133456861, 39.154841840958106 ], [ 74.890307143332649, 39.154882064087133 ], [ 74.891235813110441, 39.155082962991244 ], [ 74.891906447664724, 39.15532402244024 ], [ 74.892525424660249, 39.155645427772392 ], [ 74.893505473032548, 39.156167704475479 ], [ 74.894330635099891, 39.156810497288902 ], [ 74.895001059005025, 39.157372936692234 ], [ 74.895568200318607, 39.158055894842995 ], [ 74.896340446671175, 39.160586871848857 ], [ 74.896237005979586, 39.160908269940251 ], [ 74.89587526772462, 39.161591242154252 ], [ 74.89556524992021, 39.162113512238335 ], [ 74.895152216413763, 39.162354565171334 ], [ 74.894429508486922, 39.162635790738008 ], [ 74.893706883633669, 39.162796486901676 ], [ 74.892880979399024, 39.163037528255622 ], [ 74.892209708517257, 39.163519612689726 ], [ 74.891589844618622, 39.164242741410717 ], [ 74.890918330276108, 39.165006038419222 ], [ 74.890195221062754, 39.165729155164328 ], [ 74.889214178872507, 39.166291558977164 ], [ 74.888233354969003, 39.166572736676109 ], [ 74.887665542963845, 39.166693229038266 ], [ 74.887149473182987, 39.166653026102715 ], [ 74.886633507799914, 39.166492296085103 ], [ 74.886324157486811, 39.166130706013902 ], [ 74.886272859480158, 39.165769133024952 ], [ 74.886273134054917, 39.165447738016518 ], [ 74.886479883443997, 39.165086182422897 ], [ 74.886996312942827, 39.164684470679646 ], [ 74.887667531294156, 39.164322941290251 ], [ 74.888183853103271, 39.164041746822882 ], [ 74.888751909065121, 39.163599854466341 ], [ 74.889319923883903, 39.163198136506729 ], [ 74.889629896838684, 39.162796403591678 ], [ 74.889630223796573, 39.162394660714121 ], [ 74.889269332983645, 39.161952726676326 ], [ 74.888650450383182, 39.161470606716911 ], [ 74.887825082285815, 39.16106882178056 ], [ 74.886122426238614, 39.160666974193965 ], [ 74.88441957452892, 39.160506149316198 ], [ 74.882973984786446, 39.160387212635243 ], [ 74.881425317039188, 39.159947255279477 ], [ 74.880031572078337, 39.159507083362477 ], [ 74.878740960397266, 39.159227465722601 ], [ 74.877813894959587, 39.158976086479591 ], [ 74.877708534153768, 39.1589475172592 ], [ 74.876985884071956, 39.158707354969117 ], [ 74.875592110591143, 39.158347479903576 ], [ 74.874353379059528, 39.157866879057202 ], [ 74.873063027623687, 39.157386325898024 ], [ 74.871297659914276, 39.156678678804525 ], [ 74.869170341640299, 39.155798456917282 ], [ 74.866257047634832, 39.157868710939788 ], [ 74.865712957512883, 39.158181065450918 ], [ 74.864525931689343, 39.158816145121918 ], [ 74.863215541723008, 39.159254589536268 ] ], [ [ 74.8666792793464, 39.161251194397423 ], [ 74.866680045233579, 39.160575707645911 ], [ 74.86680462224038, 39.160093079009265 ], [ 74.867176924231131, 39.159899661373551 ], [ 74.867466358129221, 39.159867165868164 ], [ 74.868003667609827, 39.159995216072801 ], [ 74.868706097938059, 39.160348234951989 ], [ 74.869532285649044, 39.160958435234633 ], [ 74.870317142212059, 39.161568675945034 ], [ 74.871143390770939, 39.162146697296166 ], [ 74.872176474131038, 39.162627973516429 ], [ 74.873003123297195, 39.162852155718966 ], [ 74.875318335025923, 39.162913716804404 ], [ 74.875359678346555, 39.162913668703567 ], [ 74.876806537377533, 39.163104908483888 ], [ 74.877137230808927, 39.163168835896364 ], [ 74.877674580148721, 39.163296841506501 ], [ 74.878211840252007, 39.16352134242117 ], [ 74.878542317472636, 39.163810428824341 ], [ 74.878666039400827, 39.164131935036693 ], [ 74.878707199512746, 39.164324879036158 ], [ 74.87870673245061, 39.164807370099012 ], [ 74.878665233199968, 39.164968249731686 ], [ 74.878540945088176, 39.165225730092828 ], [ 74.87812730121496, 39.16541923520694 ], [ 74.877548397304253, 39.165484278332876 ], [ 74.876266678664066, 39.165485842899109 ], [ 74.874447596028006, 39.165359373130869 ], [ 74.87349684458033, 39.16516751328124 ], [ 74.872091469594025, 39.164815355174341 ], [ 74.871058283690132, 39.164398410905612 ], [ 74.87023179956266, 39.164013384625612 ], [ 74.869487942233732, 39.163692588534971 ], [ 74.868950745216694, 39.163435880036133 ], [ 74.868413588890434, 39.16314700614204 ], [ 74.867587385319723, 39.162536798131043 ], [ 74.866967915528846, 39.161926349745251 ], [ 74.8666792793464, 39.161251194397423 ] ], [ [ 74.870492183060662, 39.189056399802901 ], [ 74.8723650784451, 39.189054205986864 ], [ 74.874826340870783, 39.18930097163372 ], [ 74.877876289808455, 39.189505350229076 ], [ 74.880605143784862, 39.189751665973304 ], [ 74.883387907710343, 39.189581685947061 ], [ 74.884618564883169, 39.189414244917209 ], [ 74.885153513414352, 39.189247820869184 ], [ 74.885742010487192, 39.188998167636029 ], [ 74.886223544003485, 39.188748503848913 ], [ 74.886972364286677, 39.188623702394018 ], [ 74.888095467283435, 39.188582150376554 ], [ 74.889111579223879, 39.188582196320155 ], [ 74.889967096754219, 39.18858187243822 ], [ 74.890501452219169, 39.188664247687981 ], [ 74.891142320375636, 39.188995740384733 ], [ 74.891729746135596, 39.189327299240091 ], [ 74.892210150250349, 39.189742084941344 ], [ 74.892423311842705, 39.190157232449529 ], [ 74.892369165728923, 39.190614280324219 ], [ 74.891994381122529, 39.19103021704484 ], [ 74.891566458388127, 39.19123850966411 ], [ 74.890283262242818, 39.191489481204435 ], [ 74.888785860195398, 39.191989981882344 ], [ 74.887021179938515, 39.192490812396315 ], [ 74.885363717481724, 39.192783761258795 ], [ 74.883545563295073, 39.192785934958081 ], [ 74.881618774387164, 39.192955039501598 ], [ 74.880173066827439, 39.193290569553248 ], [ 74.878138890311419, 39.193543384195806 ], [ 74.87610501167616, 39.193671018556074 ], [ 74.874499561886822, 39.193672961812815 ], [ 74.872893475948359, 39.193925167873751 ], [ 74.871661767697447, 39.194260336840451 ], [ 74.870750927728167, 39.194678547328138 ], [ 74.869947001162274, 39.195138337355502 ], [ 74.869143061226367, 39.195598124030319 ], [ 74.868952381753147, 39.195776263043072 ], [ 74.868606587224818, 39.196099309556516 ], [ 74.868177140791119, 39.196600370509451 ], [ 74.86822868863247, 39.197351161390706 ], [ 74.867420540714463, 39.199396064597799 ], [ 74.867366251990489, 39.199688124745819 ], [ 74.867579888276623, 39.199854734507483 ], [ 74.868543243678786, 39.199853629913491 ], [ 74.86966769804269, 39.199643757998537 ], [ 74.870471247011523, 39.199350825283624 ], [ 74.871061035718341, 39.198932996589477 ], [ 74.871276726748647, 39.198307035174068 ], [ 74.871386126526971, 39.19738920100513 ], [ 74.871707986691419, 39.19709682579888 ], [ 74.872189857505276, 39.197012828763867 ], [ 74.872724498257327, 39.19722076401635 ], [ 74.87331212954453, 39.197637203308417 ], [ 74.873471621047884, 39.198054150484765 ], [ 74.873415763849138, 39.19897192310772 ], [ 74.873092625350196, 39.199764870040624 ], [ 74.872502412734022, 39.200349566142542 ], [ 74.871698648242344, 39.200725940266615 ], [ 74.870359776433887, 39.201061222395545 ], [ 74.869181561954562, 39.201354589853466 ], [ 74.868431286934054, 39.201730879804131 ], [ 74.867733868209186, 39.202357388559925 ], [ 74.866929502752683, 39.202942299207614 ], [ 74.865696390561482, 39.203736258306499 ], [ 74.86446324772389, 39.204530204193546 ], [ 74.863498373671035, 39.205073558425987 ], [ 74.862640304571272, 39.205700212744539 ], [ 74.861515619128511, 39.205951728950502 ], [ 74.85915974696924, 39.206246273114836 ], [ 74.857339219947391, 39.206498493224537 ], [ 74.856054626157444, 39.206499840499717 ], [ 74.855305397923274, 39.206458908845462 ], [ 74.85487802111389, 39.20616735459258 ], [ 74.854825905890152, 39.205666843394248 ], [ 74.855095867630709, 39.204832288604578 ], [ 74.855579684150456, 39.204080937341125 ], [ 74.856491432699087, 39.203412564465602 ], [ 74.857456921400086, 39.202660700880251 ], [ 74.858207724559421, 39.202117624776633 ], [ 74.859012152740618, 39.20153277437494 ], [ 74.859924294538644, 39.200697517164784 ], [ 74.860676879672511, 39.199487003275912 ], [ 74.861322404092107, 39.198276600073982 ], [ 74.861913707432905, 39.1973165358309 ], [ 74.862826325001777, 39.196272685315478 ], [ 74.863846392211087, 39.195061854335393 ], [ 74.864517287032569, 39.194059471973588 ], [ 74.867708335627199, 39.190183244640671 ], [ 74.868244013457229, 39.189683239521983 ], [ 74.8690471952564, 39.189224538571196 ], [ 74.870492183060662, 39.189056399802901 ] ], [ [ 74.930183671228519, 39.165121783998408 ], [ 74.929960252838484, 39.165987383549883 ], [ 74.930031467065533, 39.166967851433846 ], [ 74.930401440314967, 39.167947823417258 ], [ 74.930327509773818, 39.168697810382582 ], [ 74.929957446586499, 39.16881379381126 ], [ 74.928918897528263, 39.168700161203866 ], [ 74.927657194251054, 39.168183116528901 ], [ 74.926694328060293, 39.167607886751604 ], [ 74.925655923483234, 39.167378861435516 ], [ 74.923875890182671, 39.166920301714903 ], [ 74.922985509812477, 39.166114195704608 ], [ 74.922245716126511, 39.165134797514767 ], [ 74.921949417152746, 39.164731498486262 ], [ 74.921208336093969, 39.163867024707848 ], [ 74.920167554292505, 39.162769381141857 ], [ 74.918907148452433, 39.161613993975386 ], [ 74.917869459305905, 39.160458547445408 ], [ 74.916457513664952, 39.159707645379122 ], [ 74.914603121392858, 39.159245721145787 ], [ 74.912154970246974, 39.158783863998217 ], [ 74.909481121235984, 39.158437547305063 ], [ 74.908517572788455, 39.157802057511063 ], [ 74.907999496336984, 39.156935371470617 ], [ 74.907923848623781, 39.155895281665856 ], [ 74.908445735578383, 39.155259603204769 ], [ 74.910299552397163, 39.154623744456842 ], [ 74.911933566262235, 39.154219021597932 ], [ 74.913641668698958, 39.154045398702131 ], [ 74.917129945575752, 39.153986976217823 ], [ 74.919801683423302, 39.154275331052055 ], [ 74.922027094451352, 39.154679301752424 ], [ 74.923807059631741, 39.155545609059544 ], [ 74.924921086207149, 39.156412066406737 ], [ 74.925664029101853, 39.157278616929872 ], [ 74.92685114556798, 39.158780652432469 ], [ 74.927887257125235, 39.159876559177611 ], [ 74.928926975427103, 39.160682383665758 ], [ 74.929742228826228, 39.161430888529907 ], [ 74.930038501379343, 39.161891846499238 ], [ 74.930481633580172, 39.16287169468751 ], [ 74.930556248907692, 39.163448388647033 ], [ 74.930481327724621, 39.164198378550566 ], [ 74.930183671228519, 39.165121783998408 ] ], [ [ 74.949623019730225, 39.16018467858261 ], [ 74.949178057761785, 39.160012449550564 ], [ 74.948955891654478, 39.159493720591811 ], [ 74.948956641907571, 39.158455445977516 ], [ 74.949402629302199, 39.157185626419242 ], [ 74.949997157963352, 39.155627119930209 ], [ 74.95014640891641, 39.154357842511267 ], [ 74.950147100837839, 39.153377247814433 ], [ 74.949628378251091, 39.152686020737946 ], [ 74.948961067956773, 39.1523411561272 ], [ 74.947700125244964, 39.152343463707034 ], [ 74.945400316783562, 39.152924455559358 ], [ 74.94317459678291, 39.153562950090318 ], [ 74.941467819848697, 39.154488894905569 ], [ 74.939538570124071, 39.155299842078499 ], [ 74.937164266559449, 39.156053846070762 ], [ 74.935680465959862, 39.156344818590092 ], [ 74.934196972638148, 39.156289680595258 ], [ 74.933381296095718, 39.156002661758052 ], [ 74.933159367741311, 39.155368538551791 ], [ 74.933530792072332, 39.154791086770203 ], [ 74.934866590834972, 39.15409662392512 ], [ 74.935386292848619, 39.153576594211771 ], [ 74.935535231465479, 39.152710641709994 ], [ 74.935535399548101, 39.151670541708214 ], [ 74.935906622737605, 39.150745877345095 ], [ 74.937465205674471, 39.150167474052189 ], [ 74.939617492960195, 39.149415467283326 ], [ 74.942066195487826, 39.148431232386052 ], [ 74.944291903092463, 39.147619711132116 ], [ 74.946517513073559, 39.146865828140278 ], [ 74.94859457516786, 39.146342905418358 ], [ 74.950300447723379, 39.146282084436123 ], [ 74.952451008274124, 39.146681868451715 ], [ 74.954379092692392, 39.147082030308148 ], [ 74.956010740579146, 39.147136629693357 ], [ 74.957865135470726, 39.146787009255846 ], [ 74.959348644249502, 39.146495753653248 ], [ 74.96083191703265, 39.146608252421814 ], [ 74.962834212794618, 39.147008132701814 ], [ 74.965059004204008, 39.147465219741612 ], [ 74.966245635202284, 39.147578235846062 ], [ 74.968173634720998, 39.148381944921624 ], [ 74.968321842752204, 39.148670056635034 ], [ 74.968321584168322, 39.149246879252175 ], [ 74.967950525588719, 39.149709076303971 ], [ 74.966837837962913, 39.149999702886888 ], [ 74.964093559426104, 39.149947446441409 ], [ 74.961646028651572, 39.149779183789761 ], [ 74.959198406766731, 39.149783914685067 ], [ 74.957492422511123, 39.149902546713001 ], [ 74.95660227005493, 39.150077288037714 ], [ 74.956008759856161, 39.150309142503545 ], [ 74.955785924361322, 39.1508287019536 ], [ 74.956081925262424, 39.151924100033469 ], [ 74.956303798901558, 39.152961952897037 ], [ 74.956080631590538, 39.154000651623569 ], [ 74.955338153652477, 39.155155695812788 ], [ 74.954595762639983, 39.156137688036914 ], [ 74.954001822254199, 39.156946351513348 ], [ 74.952962560897646, 39.158101935755496 ], [ 74.952220261934812, 39.158853186858167 ], [ 74.951552326903141, 39.159315882119749 ], [ 74.951032704433644, 39.159835983460468 ], [ 74.950364873926617, 39.160125627216651 ], [ 74.949623019730225, 39.16018467858261 ] ], [ [ 74.901911878005876, 39.170653245900795 ], [ 74.90064413736971, 39.170136304127709 ], [ 74.899376353682612, 39.169713351246038 ], [ 74.898772836690739, 39.169243359705874 ], [ 74.898350800922827, 39.168303338429567 ], [ 74.89841173244622, 39.167504303705094 ], [ 74.898834823424622, 39.166893262882603 ], [ 74.899499397151928, 39.166329210811888 ], [ 74.901130110192938, 39.165671095275158 ], [ 74.90324368610456, 39.165247932337081 ], [ 74.904632710749084, 39.164777795341728 ], [ 74.905901037116152, 39.164166647037653 ], [ 74.906867451792593, 39.163555520950311 ], [ 74.907954445928368, 39.163226382595603 ], [ 74.909524284464638, 39.163226184252053 ], [ 74.910912935656867, 39.163319995900295 ], [ 74.91205996480042, 39.163648837891479 ], [ 74.913025818146977, 39.164071700746788 ], [ 74.914051976501312, 39.164682556217585 ], [ 74.914896992937415, 39.165340435131597 ], [ 74.915681664741797, 39.165951315709151 ], [ 74.916768234974825, 39.16660913701655 ], [ 74.918156363000207, 39.167077835109453 ], [ 74.919966224720767, 39.167544172389185 ], [ 74.921655308505692, 39.168104515784989 ], [ 74.922740890711154, 39.16871272668191 ], [ 74.924007538744632, 39.169320633537403 ], [ 74.925032610147866, 39.170116597621359 ], [ 74.926238657828392, 39.171006095812388 ], [ 74.927324230455653, 39.171708102087116 ], [ 74.928470266596989, 39.172316159593649 ], [ 74.929676675567578, 39.172924104859128 ], [ 74.930400244737513, 39.173579768252949 ], [ 74.931002938424427, 39.174423304677696 ], [ 74.931364323189896, 39.175173407133279 ], [ 74.93148416222769, 39.17606467348034 ], [ 74.931242105184381, 39.176721952825297 ], [ 74.930819254630407, 39.177098019428577 ], [ 74.929974284694154, 39.177099433280496 ], [ 74.928345371032535, 39.17644527261384 ], [ 74.926475556993893, 39.175322290844349 ], [ 74.924907367918408, 39.174386467952885 ], [ 74.923459718252829, 39.173638104980569 ], [ 74.921529550046358, 39.172655898568706 ], [ 74.920021569235928, 39.171954508580917 ], [ 74.918453320936251, 39.171206275029334 ], [ 74.917065715069754, 39.17083309487699 ], [ 74.916039995053367, 39.170647012043055 ], [ 74.913927762909083, 39.17065027198695 ], [ 74.91338455951319, 39.170698022694992 ], [ 74.912479194190396, 39.170652055142334 ], [ 74.907285901415747, 39.171028776644036 ], [ 74.90571586432209, 39.171075944846883 ], [ 74.903421291618855, 39.170982148231161 ], [ 74.901911878005876, 39.170653245900795 ] ], [ [ 74.914584738068413, 39.190576164493194 ], [ 74.912923651032571, 39.191692119921591 ], [ 74.912169655013074, 39.19251368075394 ], [ 74.911714602027629, 39.1936905543065 ], [ 74.911031441332611, 39.195341091742065 ], [ 74.910047782930107, 39.196579703651672 ], [ 74.908687225848922, 39.197406499261142 ], [ 74.907629248383714, 39.197879363871394 ], [ 74.905743309774792, 39.198176710729989 ], [ 74.903332535662045, 39.198121331891542 ], [ 74.900767301452348, 39.197948299749335 ], [ 74.898809659632974, 39.197656534564857 ], [ 74.896775153673374, 39.197188111501077 ], [ 74.895117040761505, 39.196601310931953 ], [ 74.894213801272542, 39.196072360940143 ], [ 74.894065237811404, 39.195660193320933 ], [ 74.89429150449962, 39.195306417714775 ], [ 74.894745618903798, 39.195070150095134 ], [ 74.895423283374967, 39.194715746460538 ], [ 74.896103240947994, 39.194596982484597 ], [ 74.897385878901162, 39.194654103113287 ], [ 74.89859142185469, 39.194946958845293 ], [ 74.899795943202591, 39.195593267583796 ], [ 74.901225889746812, 39.195826862645184 ], [ 74.903339821028311, 39.19558816849306 ], [ 74.90499933650257, 39.194996636041523 ], [ 74.905831421187983, 39.19440630847258 ], [ 74.906057294579128, 39.193816865985994 ], [ 74.905911065189954, 39.192933214097245 ], [ 74.905157867814438, 39.192348306914042 ], [ 74.904177172504603, 39.191998128064633 ], [ 74.90048501579821, 39.191065807975889 ], [ 74.899353735292848, 39.190598599109322 ], [ 74.898223976921045, 39.189779775265038 ], [ 74.897093333130201, 39.188902336712005 ], [ 74.895890667964636, 39.187790589681406 ], [ 74.895437267309987, 39.187146602409058 ], [ 74.895440048767057, 39.186619193931392 ], [ 74.895591093561592, 39.186443184778085 ], [ 74.896117006845984, 39.186325255604359 ], [ 74.896873092638941, 39.186207011015362 ], [ 74.898529702945183, 39.186204699877464 ], [ 74.899811274842349, 39.186261496522356 ], [ 74.901622013902468, 39.18672773581492 ], [ 74.903430619422423, 39.187311147679786 ], [ 74.905843258861054, 39.18724904206092 ], [ 74.907879163242796, 39.187011640368233 ], [ 74.910291459155303, 39.18642203389075 ], [ 74.912253077256864, 39.186067468061481 ], [ 74.914287282051092, 39.185536951332715 ], [ 74.915569696109699, 39.184890365764367 ], [ 74.916401959009477, 39.184068664650603 ], [ 74.916327474021472, 39.183306971058151 ], [ 74.915873912438173, 39.182663062279531 ], [ 74.914745737906102, 39.182137400550431 ], [ 74.913313744362341, 39.181846592291699 ], [ 74.911278817395669, 39.181439477111908 ], [ 74.908111052162511, 39.181092611038395 ], [ 74.906001558421082, 39.180861319966333 ], [ 74.905625631793313, 39.180861870992253 ], [ 74.905098011561648, 39.180804041109958 ], [ 74.902535466771567, 39.180397540263975 ], [ 74.899821590387333, 39.180048607947434 ], [ 74.897181790598168, 39.179755187634299 ], [ 74.896352203780538, 39.179579096010841 ], [ 74.89589988861843, 39.179226880563199 ], [ 74.895973573545447, 39.178874656252347 ], [ 74.896353005392015, 39.178463722997527 ], [ 74.897105605779743, 39.177994074666117 ], [ 74.898088478111973, 39.177524412349278 ], [ 74.90118189860506, 39.176056667757948 ], [ 74.902161676103077, 39.175645676106399 ], [ 74.903367571924363, 39.175469475366896 ], [ 74.903971925004058, 39.17552812990791 ], [ 74.905177465612894, 39.175938948826449 ], [ 74.906233637473321, 39.176407314158283 ], [ 74.908191778222786, 39.176990431789278 ], [ 74.91037761877044, 39.177162968495793 ], [ 74.917011382522716, 39.1778560221776 ], [ 74.919122282830131, 39.178555924194001 ], [ 74.920704406403004, 39.179373828910734 ], [ 74.922359631291414, 39.180484596692338 ], [ 74.924169553472538, 39.181712299765088 ], [ 74.926204192504557, 39.182470794609955 ], [ 74.928465158788626, 39.183111676456022 ], [ 74.930725335853865, 39.183576714310696 ], [ 74.933364768744667, 39.18374806110608 ], [ 74.935174311785644, 39.183510568289741 ], [ 74.936755943328095, 39.18298043277882 ], [ 74.93849152822537, 39.182215609127809 ], [ 74.940377750150034, 39.181567695366091 ], [ 74.942187213822322, 39.181330093492043 ], [ 74.943541881023762, 39.18167928098007 ], [ 74.944372484619933, 39.182498210124471 ], [ 74.945049967747053, 39.183786212417594 ], [ 74.945425003550895, 39.184957553393978 ], [ 74.94534761319504, 39.186246909266693 ], [ 74.944896438025751, 39.187302541303005 ], [ 74.943991218502518, 39.187948775648934 ], [ 74.942483018025015, 39.188361672082458 ], [ 74.940747571179315, 39.188833551310857 ], [ 74.938635333386927, 39.189071656504289 ], [ 74.936073550922174, 39.189486307375439 ], [ 74.934112792733174, 39.190017078247187 ], [ 74.932981919130313, 39.189960401106049 ], [ 74.931323449040661, 39.189728798925692 ], [ 74.92981501383332, 39.189262518157754 ], [ 74.927630294278813, 39.188562937244328 ], [ 74.925743940327223, 39.188097224720153 ], [ 74.924388924224289, 39.18804083325341 ], [ 74.922730206797709, 39.188102113887453 ], [ 74.92137292898849, 39.188280093186854 ], [ 74.920239560874251, 39.188692099653053 ], [ 74.919034920498135, 39.188987010945148 ], [ 74.916319891445156, 39.189694469472755 ], [ 74.914584738068413, 39.190576164493194 ] ], [ [ 74.925143469748264, 39.205630483192039 ], [ 74.924117498510739, 39.205231024549676 ], [ 74.922506683967114, 39.204832505564639 ], [ 74.920379939365162, 39.204606707002419 ], [ 74.918399464745548, 39.204552551792887 ], [ 74.916051899070283, 39.204613549768375 ], [ 74.913629663035053, 39.204789223330813 ], [ 74.9112072531574, 39.205022152979396 ], [ 74.909373167302462, 39.205082233414046 ], [ 74.908642079142282, 39.20491141882664 ], [ 74.908203707227798, 39.204281715514924 ], [ 74.908132442869075, 39.203536851996837 ], [ 74.908575464476655, 39.202504691504743 ], [ 74.909310768844307, 39.201873227528949 ], [ 74.910777272807991, 39.201355260440451 ], [ 74.912025909923599, 39.201124138811004 ], [ 74.913785536260818, 39.201064131101568 ], [ 74.915765756885065, 39.201175668855136 ], [ 74.917453414310799, 39.201344940707344 ], [ 74.918261605007132, 39.201229056900182 ], [ 74.919583023428402, 39.200825819675664 ], [ 74.920757419786028, 39.200537416236642 ], [ 74.921492142869639, 39.200077792271465 ], [ 74.921566993003907, 39.199504616789838 ], [ 74.921421544454944, 39.198645267109903 ], [ 74.92193704482267, 39.19824330022162 ], [ 74.922963240941655, 39.198127028800016 ], [ 74.92450488354504, 39.198009906699269 ], [ 74.925898527727412, 39.198007619585439 ], [ 74.927803751714009, 39.198348296562017 ], [ 74.92934366634212, 39.198918782041524 ], [ 74.930808826924235, 39.199661287570066 ], [ 74.932420581149358, 39.200460830787726 ], [ 74.934103586163474, 39.201317530765621 ], [ 74.935203354372717, 39.201945997448426 ], [ 74.936301832173612, 39.202287925701896 ], [ 74.936670878339456, 39.202172677207862 ], [ 74.937037297321794, 39.201484371444941 ], [ 74.93799171005189, 39.201138870755194 ], [ 74.939754182333473, 39.201135774900415 ], [ 74.941000241587531, 39.201534705658091 ], [ 74.941363802862426, 39.202049805055054 ], [ 74.94151117309184, 39.202622599409764 ], [ 74.94121641477571, 39.203196178851108 ], [ 74.94055373923679, 39.203827715094121 ], [ 74.939671981000245, 39.204459635909807 ], [ 74.938277437461664, 39.205207060712418 ], [ 74.937173020683204, 39.206068569180438 ], [ 74.936292929843503, 39.206815074797021 ], [ 74.935407984395695, 39.207905407816845 ], [ 74.934967737507563, 39.208765752651047 ], [ 74.934769133903799, 39.209888152518886 ], [ 74.934744590612027, 39.210026855238191 ], [ 74.934813586186308, 39.211000925324299 ], [ 74.934811801399562, 39.212147037777768 ], [ 74.934809457187214, 39.213522371070916 ], [ 74.935245180206209, 39.214954251626544 ], [ 74.93568147453999, 39.216156906994023 ], [ 74.935825582221668, 39.217245459764726 ], [ 74.935969416534647, 39.218448622595893 ], [ 74.935893829373754, 39.219365636815446 ], [ 74.935747117616401, 39.219767031324864 ], [ 74.935379560152185, 39.220054193219404 ], [ 74.934791161873648, 39.220227122689344 ], [ 74.934646136153077, 39.220341986371565 ], [ 74.934425018606134, 39.220342364827374 ], [ 74.933691429368849, 39.2202863185192 ], [ 74.932959124010836, 39.220115657199415 ], [ 74.932079631082729, 39.219314878480418 ], [ 74.93134961358669, 39.218227319165294 ], [ 74.930766354059344, 39.216738366913631 ], [ 74.930255488275833, 39.215249288695908 ], [ 74.929526688208142, 39.213703270720977 ], [ 74.92886942778884, 39.212099821832297 ], [ 74.928433419775658, 39.210839833774834 ], [ 74.927996572702483, 39.209522537402215 ], [ 74.927747818006367, 39.208916866332956 ], [ 74.92741130991719, 39.208090872696097 ], [ 74.926682770494551, 39.206888669287196 ], [ 74.926095508417475, 39.206259276444001 ], [ 74.925143469748264, 39.205630483192039 ] ], [ [ 74.965459522137309, 39.162577095428205 ], [ 74.96495927631878, 39.161583071114158 ], [ 74.964681479412491, 39.160804914643329 ], [ 74.964681914924483, 39.159939684701733 ], [ 74.964960438085043, 39.159246952757535 ], [ 74.965517042758634, 39.158726716875904 ], [ 74.967408743916664, 39.158463393154967 ], [ 74.969411587765336, 39.158459385073527 ], [ 74.971247439013965, 39.158671986827557 ], [ 74.973305789869386, 39.159013891077791 ], [ 74.97536408812276, 39.159572063686859 ], [ 74.976977287855789, 39.16026091077233 ], [ 74.978034100743983, 39.161123942088992 ], [ 74.978312016563621, 39.161988591291831 ], [ 74.978311681568698, 39.163070127883323 ], [ 74.977921820520365, 39.164325520653172 ], [ 74.977420806030523, 39.165148529019632 ], [ 74.976585906988063, 39.166058751880257 ], [ 74.974638271239186, 39.166668429364712 ], [ 74.971911826986698, 39.166760521155062 ], [ 74.970743436591505, 39.166589844122534 ], [ 74.968629313340728, 39.166074961644718 ], [ 74.967906143236519, 39.165730317318065 ], [ 74.966905045388245, 39.164823822323207 ], [ 74.96623786983244, 39.163786874645702 ], [ 74.965459522137309, 39.162577095428205 ] ], [ [ 74.983874442784639, 39.167644097627772 ], [ 74.983373637071168, 39.167774948893161 ], [ 74.982705966432221, 39.167646584995559 ], [ 74.982316616091339, 39.167085013662017 ], [ 74.982205583676986, 39.166090235304402 ], [ 74.982484262584521, 39.164186143703937 ], [ 74.982929711432632, 39.162800833114979 ], [ 74.983430777004315, 39.161415400057749 ], [ 74.984098811730718, 39.159683517486421 ], [ 74.984711082796309, 39.158384363456967 ], [ 74.985768392093405, 39.157127512355714 ], [ 74.986992447535997, 39.156475950841433 ], [ 74.988550182482413, 39.156386052005345 ], [ 74.989829713711217, 39.156556308349394 ], [ 74.990552908489434, 39.156814294794195 ], [ 74.990886656145975, 39.157202916610622 ], [ 74.990942195616952, 39.157938238416833 ], [ 74.990719567289318, 39.158630910996898 ], [ 74.99021871546104, 39.159627022161331 ], [ 74.988549251043892, 39.162096565404546 ], [ 74.9879370996467, 39.162919862792343 ], [ 74.986657029831989, 39.16499918089751 ], [ 74.985655332562587, 39.165909827857703 ], [ 74.984597918035121, 39.167036891533918 ], [ 74.983874442784639, 39.167644097627772 ] ] ], [ [ [ 74.945795918969949, 39.220604372478086 ], [ 74.945796918969947, 39.220604372478086 ], [ 74.945795911037806, 39.220604176171783 ], [ 74.945795918969949, 39.220604372478086 ] ] ] ] } },
{ "type": "Feature", "properties": { "ID": 663, "周长": 0.19245987750219634, "面积": 0.0015861488153936371, "FEATUREID": "OFBB003C1AJ430010020000018", "CHFCAC": "000018", "QDUEAQ": "231208", "CHAHBA": "745007.597", "CHAHBB": "391153.05", "QDUECD": "石炭纪石英闪长岩", "QDUECC": "→δοC↓2", "GZEKG": "132100", "YSEBE": "", "KWB": "", "YSHB": "浅灰色-浅灰绿色", "YSC": "1027", "YSD": "1015", "YSJA": "19", "YSJAA": "", "YKBIC": "异源包体", "YSJBA": "10", "YSJBB": "10", "GZIDB": "30", "YSADAA": "", "YSKD": "21", "YSKC": "200", "YSQA": "1012", "DDCDS": "1224", "fill_color": 11776, "pattern": 386, "pattern_color": -16640, "_src_file": "LDZOFBB003.WP", "_src_id": 17 }, "geometry": { "type": "MultiPolygon", "coordinates": [ [ [ [ 74.812482021845071, 39.193488422200822 ], [ 74.812960606893256, 39.193305200524634 ], [ 74.816551420588496, 39.190428698287555 ], [ 74.818062830293314, 39.189402367671313 ], [ 74.81848261667821, 39.189162410542941 ], [ 74.818818408225852, 39.189009966792483 ], [ 74.819238130919615, 39.188835881675111 ], [ 74.820133511491861, 39.188487919345228 ], [ 74.820385364645688, 39.188357114338167 ], [ 74.820628312004558, 39.188291703805305 ], [ 74.821290525875511, 39.188111778283385 ], [ 74.822075716694187, 39.188112982167944 ], [ 74.822389790716542, 39.188113463587811 ], [ 74.823016718594687, 39.188603234481739 ], [ 74.82332895904149, 39.189336935938499 ], [ 74.823169466429619, 39.190314325402539 ], [ 74.822694035716665, 39.192024461396656 ], [ 74.821902937431972, 39.194345131178324 ], [ 74.820797361429499, 39.196787513166349 ], [ 74.820164768914154, 39.19849739502326 ], [ 74.819374452906615, 39.20045143421482 ], [ 74.81842576280404, 39.20289403411158 ], [ 74.817163803627764, 39.204969524619585 ], [ 74.816723905070944, 39.205892691218175 ], [ 74.816723905070944, 39.205892691218175 ], [ 74.818405570297898, 39.209481012536095 ], [ 74.822165399814637, 39.214723377661272 ], [ 74.824989233435446, 39.217750748690854 ], [ 74.826885916016138, 39.219047182137544 ], [ 74.828643119017372, 39.220101669838755 ], [ 74.829176165692161, 39.220470244954484 ], [ 74.831930942452871, 39.222548643177767 ], [ 74.833457670557948, 39.223810591181035 ], [ 74.833922349808589, 39.22417876808413 ], [ 74.834385974338844, 39.224625267752344 ], [ 74.83634517253455, 39.226411813298114 ], [ 74.83900669198708, 39.228042467883789 ], [ 74.83963947410426, 39.228357690134011 ], [ 74.840573512653904, 39.228778252290034 ], [ 74.843307097437048, 39.229514446943583 ], [ 74.844388728681906, 39.229830189408617 ], [ 74.844388728681906, 39.229830189408617 ], [ 74.844785341507645, 39.227540946489526 ], [ 74.845691990253727, 39.225021912866339 ], [ 74.846955296239329, 39.222643359510755 ], [ 74.848581433838575, 39.219845219138001 ], [ 74.850387955460903, 39.217747354637233 ], [ 74.852552650910198, 39.215509902230743 ], [ 74.855075746168865, 39.213972926311371 ], [ 74.856875931600456, 39.21285504971474 ], [ 74.858317807054377, 39.21187672075159 ], [ 74.858681869106064, 39.210337011903825 ], [ 74.858143615589057, 39.209496274833384 ], [ 74.856346247436107, 39.2087939971385 ], [ 74.854728756922768, 39.20767187909302 ], [ 74.851316912695665, 39.204027207146694 ], [ 74.850599503345279, 39.201926083429164 ], [ 74.850427783686285, 39.19898556688856 ], [ 74.850793020851214, 39.196465785849341 ], [ 74.851517409813425, 39.193806446007798 ], [ 74.851885347028556, 39.190446575805645 ], [ 74.851171828967509, 39.187505367127798 ], [ 74.849557791083797, 39.184562992474881 ], [ 74.848390279674717, 39.181513279267271 ], [ 74.84838927967472, 39.181513279267271 ], [ 74.847053473381976, 39.181168118661077 ], [ 74.84593682171986, 39.180574480060464 ], [ 74.845819779381969, 39.180162869055998 ], [ 74.846055825715808, 39.179613681105636 ], [ 74.846585873256913, 39.17910995941228 ], [ 74.84741549341588, 39.178625586058907 ], [ 74.84741549341588, 39.178625586058907 ], [ 74.847597868271407, 39.176159575442661 ], [ 74.846883760482172, 39.173638375646078 ], [ 74.84508918231964, 39.171675796527957 ], [ 74.844732497196915, 39.170275173682427 ], [ 74.845093945778459, 39.168595484555198 ], [ 74.846221368384491, 39.166338097088897 ], [ 74.846221368384491, 39.166338097088897 ], [ 74.843337937463971, 39.167825005177775 ], [ 74.84252712535141, 39.168457978789519 ], [ 74.841651696399495, 39.169237627009096 ], [ 74.840279257410742, 39.170406780798174 ], [ 74.839470745562423, 39.170892747209088 ], [ 74.838907604623472, 39.171232949625377 ], [ 74.835784161585764, 39.172789461627254 ], [ 74.834846478139895, 39.173178473225853 ], [ 74.834034193963063, 39.173518840739483 ], [ 74.833219901968647, 39.173859202554176 ], [ 74.832597138715357, 39.174053182320428 ], [ 74.828285090051679, 39.175263796625153 ], [ 74.82634690309537, 39.175796015306844 ], [ 74.825096855879863, 39.176036733027416 ], [ 74.824284172567118, 39.176229901765922 ], [ 74.823031321902263, 39.176666392604645 ], [ 74.820965786804933, 39.17803024876082 ], [ 74.820089223680043, 39.178565826779725 ], [ 74.819339921967256, 39.179150253006789 ], [ 74.818777789302715, 39.179588402458009 ], [ 74.817969210440808, 39.180270197014956 ], [ 74.817281085986806, 39.181099214084881 ], [ 74.816781956102474, 39.18183110039152 ], [ 74.816345216179528, 39.182465382830344 ], [ 74.815847020270738, 39.183246181248762 ], [ 74.815409840771224, 39.184320727224843 ], [ 74.812481021845073, 39.193488422200822 ], [ 74.812482021845071, 39.193488422200822 ] ] ] ] } },
{ "type": "Feature", "properties": { "ID": 704, "周长": 1.5390619649949102, "面积": 0.0084668393401001046, "FEATUREID": "OFBB003C1AJ430010020000019", "CHFCAC": "000019", "QDUEAQ": "231208", "CHAHBA": "734552.561", "CHAHBB": "390557.72", "QDUECD": "二叠纪石英闪长岩", "QDUECC": "→δοP", "GZEKG": "131000", "YSEBE": "", "KWB": "", "YSHB": "灰色", "YSC": "1027", "YSD": "1015", "YSJA": "19", "YSJAA": "", "YKBIC": "异源包体", "YSJBA": "10", "YSJBB": "10", "GZIDB": "30", "YSADAA": "", "YSKD": "21", "YSKC": "200", "YSQA": "1007", "DDCDS": "1224", "fill_color": 18944, "pattern": 386, "pattern_color": -13824, "_src_file": "LDZOFBB003.WP", "_src_id": 18 }, "geometry": { "type": "MultiPolygon", "coordinates": [ [ [ [ 73.804552825945606, 39.053613741239957 ], [ 73.804551825945609, 39.053613741239957 ], [ 73.804551866691398, 39.053613798436317 ], [ 73.804552825945606, 39.053613741239957 ] ] ], [ [ [ 73.80117884595515, 39.05449883264388 ], [ 73.800486391807382, 39.055624667773913 ], [ 73.799566071645216, 39.056965886016592 ], [ 73.798876828674878, 39.057917290006245 ], [ 73.797443358710893, 39.059643544200704 ], [ 73.796698177525499, 39.060506040939224 ], [ 73.795959887829781, 39.061019932726751 ], [ 73.795284489630859, 39.061185913252572 ], [ 73.79416458763373, 39.061172034194605 ], [ 73.793444438671983, 39.060770831139699 ], [ 73.792950869221144, 39.060241677252975 ], [ 73.792680416831544, 39.059758876206239 ], [ 73.792635675724569, 39.059191702745608 ], [ 73.792651253878631, 39.058407351082117 ], [ 73.792951117954345, 39.057408594470282 ], [ 73.793474941899944, 39.056412615913679 ], [ 73.794051278950192, 39.055591629503766 ], [ 73.794842830073193, 39.054192564188313 ], [ 73.789702323192884, 39.053833791474609 ], [ 73.786399855396596, 39.053466594267569 ], [ 73.783892204255309, 39.052786264856472 ], [ 73.78092019326111, 39.05210866850522 ], [ 73.778545790708677, 39.051380263013336 ], [ 73.776545275884786, 39.050598283040941 ], [ 73.773801012570104, 39.049402197372359 ], [ 73.770409095754104, 39.048133975364138 ], [ 73.767776061368906, 39.047374026629036 ], [ 73.765824684125377, 39.046687796970495 ], [ 73.76481097473058, 39.046078034603944 ], [ 73.762535712733296, 39.044389937472992 ], [ 73.754147706119255, 39.041779567610355 ], [ 73.751308879428393, 39.040755952407046 ], [ 73.74592570070827, 39.039488876718025 ], [ 73.744323407593953, 39.039638100505577 ], [ 73.743270750170453, 39.039828689475229 ], [ 73.743262364768214, 39.040236770798849 ], [ 73.744212293089589, 39.040793208572559 ], [ 73.745417382974964, 39.041693065439837 ], [ 73.746363166679188, 39.042453525862868 ], [ 73.746440781999254, 39.042930740146943 ], [ 73.746252082585386, 39.043608635831717 ], [ 73.745894202135204, 39.04401224104862 ], [ 73.745890016447575, 39.044216280659477 ], [ 73.745536320505536, 39.044415842852651 ], [ 73.744744332840369, 39.044677816907544 ], [ 73.743426670669152, 39.045001074440066 ], [ 73.742894011294297, 39.045402424315533 ], [ 73.742791251822922, 39.046149450824494 ], [ 73.743290375517418, 39.0473804206121 ], [ 73.744670329111372, 39.048282529350679 ], [ 73.745889502355212, 39.048502246535477 ], [ 73.747122624058818, 39.048041819193628 ], [ 73.748268347761879, 39.047580260475087 ], [ 73.749758019022082, 39.04739520937239 ], [ 73.751149179298025, 39.047753134231151 ], [ 73.752365587905359, 39.048108812807271 ], [ 73.75340307723198, 39.048666292853518 ], [ 73.754260266138985, 39.049493592557184 ], [ 73.754490514802882, 39.051061245125645 ], [ 73.754171470676965, 39.053846462497816 ], [ 73.75398419896608, 39.054456359108968 ], [ 73.753534751779398, 39.055062912806811 ], [ 73.752825899776312, 39.055530093920702 ], [ 73.751506677647598, 39.0559214504568 ], [ 73.750366401940539, 39.056110985730655 ], [ 73.750094483029329, 39.056583732186944 ], [ 73.750781110480787, 39.057204781600333 ], [ 73.752078124113027, 39.057901649847963 ], [ 73.752415198115969, 39.058518229980933 ], [ 73.751790917756821, 39.059122545385222 ], [ 73.750554848334801, 39.059719047149649 ], [ 73.747298848093081, 39.060765917375313 ], [ 73.746853488230528, 39.061168401731187 ], [ 73.746667529070763, 39.061710271483712 ], [ 73.747273746693423, 39.061990156622187 ], [ 73.748931556120723, 39.06214742712956 ], [ 73.750589376458009, 39.06230467195995 ], [ 73.75128579681882, 39.062449626875015 ], [ 73.753243672609045, 39.063773449912247 ], [ 73.755526594185326, 39.064940505797566 ], [ 73.757801003023687, 39.066597137727996 ], [ 73.75902578093401, 39.068405791517428 ], [ 73.759215147498963, 39.069550468258512 ], [ 73.759343786690366, 39.070307762719288 ], [ 73.759506157747623, 39.070922102447696 ], [ 73.759397996605131, 39.071941195667527 ], [ 73.75893740912683, 39.073091875480749 ], [ 73.758653022537928, 39.074176761589598 ], [ 73.758443582081782, 39.075874876312305 ], [ 73.758241054019095, 39.077232924234742 ], [ 73.757953866143211, 39.078453833695626 ], [ 73.757403017479987, 39.079739419867607 ], [ 73.756599584221618, 39.080545574158393 ], [ 73.752608550217602, 39.083284006296509 ], [ 73.751287415960036, 39.083743365261817 ], [ 73.750855851262429, 39.083465730294058 ], [ 73.750783739223053, 39.082716469458219 ], [ 73.750897611354532, 39.081425334479626 ], [ 73.751454158293726, 39.079867729813522 ], [ 73.752102269844187, 39.078107194072281 ], [ 73.752132862007784, 39.076610903836922 ], [ 73.751802662718546, 39.075654256161499 ], [ 73.75139340429169, 39.074288411053146 ], [ 73.750984158051651, 39.07292256667268 ], [ 73.750735837136219, 39.072239084479257 ], [ 73.750137191115485, 39.07220614309032 ], [ 73.749528967280327, 39.072548452995065 ], [ 73.749095780087004, 39.073359988086899 ], [ 73.748854676803333, 39.075153005481795 ], [ 73.747572331250367, 39.076608361428143 ], [ 73.745036400145352, 39.077886977249555 ], [ 73.744396613473143, 39.078533033136587 ], [ 73.744362986744164, 39.079249720298435 ], [ 73.744649319706582, 39.080205593708982 ], [ 73.745094727569594, 39.080865942356532 ], [ 73.74592252803636, 39.081531191184368 ], [ 73.746524575833163, 39.082015003925541 ], [ 73.747955692820895, 39.08310454997541 ], [ 73.748090348663411, 39.083998961075281 ], [ 73.747847485884861, 39.084650492295694 ], [ 73.74753545958319, 39.084944061565487 ], [ 73.746614024537138, 39.085110802499813 ], [ 73.745162103427006, 39.08503268679366 ], [ 73.743483193853692, 39.084832615269498 ], [ 73.741584658564904, 39.084153597024759 ], [ 73.74037569839885, 39.083423905031367 ], [ 73.739628089565286, 39.082581113664553 ], [ 73.73903590597169, 39.081621290602335 ], [ 73.738446195665119, 39.080542472487082 ], [ 73.737697408831508, 39.079759165269905 ], [ 73.736720445614324, 39.078913398883856 ], [ 73.735742276162227, 39.07812712287928 ], [ 73.734608720701843, 39.077457855890174 ], [ 73.733472721199675, 39.076907572397765 ], [ 73.732556292544032, 39.076836215163489 ], [ 73.731863110546371, 39.077065303381673 ], [ 73.731552289273012, 39.07729933377172 ], [ 73.731546118552558, 39.077596817995641 ], [ 73.731921080591661, 39.077958743349711 ], [ 73.732672251121556, 39.078623092372162 ], [ 73.733343261150452, 39.079464940675216 ], [ 73.733635607930836, 39.080123356594932 ], [ 73.73339016122199, 39.080893848053108 ], [ 73.732539057557744, 39.081358948540185 ], [ 73.731308028605412, 39.081700104540396 ], [ 73.729774781457351, 39.081858794482642 ], [ 73.728476860076185, 39.081722788358036 ], [ 73.72680214419097, 39.081163467437307 ], [ 73.725361058921735, 39.080428894402012 ], [ 73.7239941477971, 39.079814381760869 ], [ 73.723002950564691, 39.079562267741728 ], [ 73.717943813284634, 39.079672310306947 ], [ 73.715717892957272, 39.078676204072615 ], [ 73.715261629587559, 39.076339335359862 ], [ 73.716056988462071, 39.073724777851474 ], [ 73.717464863615731, 39.07169991600626 ], [ 73.717975680218572, 39.071025413864064 ], [ 73.718623409606337, 39.069672293988262 ], [ 73.719217176188522, 39.068888212958313 ], [ 73.71924157927144, 39.068884029291354 ], [ 73.719769599426314, 39.06832464635508 ], [ 73.720779601714867, 39.068204724338827 ], [ 73.71906135185192, 39.067874118599455 ], [ 73.716940179999426, 39.068625413920095 ], [ 73.71510927132492, 39.069316817909197 ], [ 73.714010563915281, 39.070408082771962 ], [ 73.712774657869886, 39.071556370133862 ], [ 73.711752088334833, 39.072765546837822 ], [ 73.711240746306871, 39.074196538743479 ], [ 73.711179789427732, 39.075740591461901 ], [ 73.711111119708491, 39.07711342540604 ], [ 73.711195163399466, 39.078487944946261 ], [ 73.711645087700532, 39.08031686683411 ], [ 73.711950196072834, 39.081689324360973 ], [ 73.712171593601411, 39.083177949401041 ], [ 73.712426041960939, 39.084322394090059 ], [ 73.715278048716371, 39.084183050470173 ], [ 73.720612941166237, 39.08482042292237 ], [ 73.729484584117756, 39.087000738624738 ], [ 73.732596626589697, 39.087381836222349 ], [ 73.733933029337308, 39.087396361349533 ], [ 73.735422059992175, 39.087181053483299 ], [ 73.736473873773576, 39.086498042128454 ], [ 73.73722456785481, 39.086043228842584 ], [ 73.738711497105641, 39.085943593760973 ], [ 73.740493337540812, 39.085962866181816 ], [ 73.741530687377335, 39.086089808505605 ], [ 73.742215655750925, 39.085958812077976 ], [ 73.742862304845403, 39.086284779085688 ], [ 73.744081804657696, 39.086554559452523 ], [ 73.745870247147408, 39.086958681616636 ], [ 73.74683960814059, 39.087479357160113 ], [ 73.747155780682633, 39.087991662841517 ], [ 73.74698465548525, 39.088370667310762 ], [ 73.746324927943249, 39.088679878586099 ], [ 73.744681459088469, 39.089167075209566 ], [ 73.743282923102655, 39.089657391183692 ], [ 73.74246117013044, 39.089900969475423 ], [ 73.741885678758436, 39.090084175491114 ], [ 73.74089013533191, 39.090833767559857 ], [ 73.740135603872247, 39.091777048326122 ], [ 73.739786708783939, 39.092852608971405 ], [ 73.74005961627725, 39.095460941573656 ], [ 73.740193601189489, 39.096925463655296 ], [ 73.740162295042154, 39.098516188438829 ], [ 73.740133491628342, 39.099979655290809 ], [ 73.740026778744763, 39.101251182929204 ], [ 73.739597152000528, 39.102327620302596 ], [ 73.738762931554831, 39.103207909039597 ], [ 73.737932107763953, 39.10389721047229 ], [ 73.736856210375407, 39.104519360464494 ], [ 73.733408463627825, 39.105173953754715 ], [ 73.730129469146021, 39.105576162510097 ], [ 73.728400877908769, 39.106126003395275 ], [ 73.727151980238744, 39.106938510432656 ], [ 73.725900537443906, 39.107815002038279 ], [ 73.724981809302662, 39.108504401635535 ], [ 73.724477996081717, 39.109007652791647 ], [ 73.724025026059593, 39.109741205679065 ], [ 73.724018765510905, 39.110088346648602 ], [ 73.724899554311222, 39.110676668937778 ], [ 73.72637243079366, 39.111387197275185 ], [ 73.728144502153114, 39.111985234826115 ], [ 73.730366382049539, 39.112356675832267 ], [ 73.733184528467632, 39.112618821366937 ], [ 73.736305987397103, 39.112536980123487 ], [ 73.739586292967502, 39.111878090699264 ], [ 73.741086120889207, 39.111084148469914 ], [ 73.741706615181428, 39.111113489555883 ], [ 73.743037900117159, 39.110061093554336 ], [ 73.743963747107557, 39.109614703467194 ], [ 73.744624605161107, 39.109317674865082 ], [ 73.746928776623406, 39.108582951183188 ], [ 73.748179229445441, 39.108191297517024 ], [ 73.749429665834995, 39.107799630152641 ], [ 73.750610714092048, 39.107610894098556 ], [ 73.751918564594348, 39.107627595372925 ], [ 73.753287833472115, 39.107848899889966 ], [ 73.754981099696849, 39.108227189232352 ], [ 73.756546572996726, 39.108450954055996 ], [ 73.757202487870387, 39.108357383746693 ], [ 73.758323083742937, 39.10791301128755 ], [ 73.759582363861483, 39.10706272418458 ], [ 73.760509713300365, 39.106463001834854 ], [ 73.761230996363594, 39.106370238842487 ], [ 73.761749192864883, 39.106631601799506 ], [ 73.761935494453283, 39.107143543282234 ], [ 73.7619266106597, 39.107602051383481 ], [ 73.761584833986461, 39.108362087907636 ], [ 73.760787267927611, 39.109014423352754 ], [ 73.759664689440612, 39.109560710176787 ], [ 73.758146756702686, 39.110254835220346 ], [ 73.756633748036776, 39.110694212125082 ], [ 73.754993900273305, 39.110928123029595 ], [ 73.753225237477352, 39.111058451064807 ], [ 73.751322794159506, 39.111339919992176 ], [ 73.749749307349504, 39.111523645852095 ], [ 73.748302615013685, 39.111912803444142 ], [ 73.747179323792651, 39.112407592228173 ], [ 73.746515277260769, 39.112857422160694 ], [ 73.746376123818067, 39.114381806424717 ], [ 73.746654762746815, 39.115426432389697 ], [ 73.747527611335826, 39.116477446294077 ], [ 73.749446499027314, 39.117192475925407 ], [ 73.751963730305334, 39.11768241208749 ], [ 73.75492869880749, 39.118061342450012 ], [ 73.758491986953516, 39.118215101662727 ], [ 73.76101742733961, 39.118241982665573 ], [ 73.763095184316725, 39.118379794244532 ], [ 73.765474099789927, 39.118289288475161 ], [ 73.768007614407793, 39.117853158023387 ], [ 73.770101473338414, 39.117065121415003 ], [ 73.771601080671559, 39.116270783441927 ], [ 73.773241173714027, 39.115940852621101 ], [ 73.774875239703533, 39.115958045819532 ], [ 73.776063650377267, 39.115970535152869 ], [ 73.776802405812603, 39.11620976750666 ], [ 73.777092168586989, 39.116482400752986 ], [ 73.780149305815243, 39.117391626094602 ], [ 73.780913602723004, 39.117618917821922 ], [ 73.782415262466728, 39.118346033546736 ], [ 73.783336898343137, 39.118792278161969 ], [ 73.784996972744636, 39.119683907939176 ], [ 73.78609714960885, 39.12062296299824 ], [ 73.786357949101046, 39.121605975135637 ], [ 73.786198530011177, 39.122638175782598 ], [ 73.786034958765498, 39.123888047436566 ], [ 73.785591910920786, 39.125134432762628 ], [ 73.784318388136711, 39.126598596965017 ], [ 73.783875635702771, 39.127181381927905 ], [ 73.783714088307462, 39.128322414121605 ], [ 73.78390293275514, 39.129413391540822 ], [ 73.784649725671727, 39.130565767798437 ], [ 73.785329784198737, 39.131554014359928 ], [ 73.785591645332005, 39.132482608520291 ], [ 73.785299697124273, 39.133132134913261 ], [ 73.784594716358995, 39.133449921162672 ], [ 73.783687368011869, 39.133384157287537 ], [ 73.783132520329417, 39.133159498256035 ], [ 73.780237325675401, 39.131054903103582 ], [ 73.779203814896931, 39.130279921471171 ], [ 73.778719920941839, 39.130001701919625 ], [ 73.777669750451466, 39.130097391686085 ], [ 73.776965809770388, 39.130360713681817 ], [ 73.775845760849307, 39.130455511793137 ], [ 73.774383665221833, 39.130164982773351 ], [ 73.772855897310578, 39.129655883412205 ], [ 73.771534623657075, 39.129312660476408 ], [ 73.770277988675616, 39.129242389823553 ], [ 73.769643310353729, 39.129506387020228 ], [ 73.769071621840496, 39.130097609373166 ], [ 73.768701947179778, 39.13107232939241 ], [ 73.767987034489039, 39.131824950911415 ], [ 73.766717071799718, 39.132352765753986 ], [ 73.765663584897638, 39.132556863783961 ], [ 73.764255953270734, 39.132974047107247 ], [ 73.763617603180876, 39.13340113763914 ], [ 73.763537625255665, 39.133889842113739 ], [ 73.763881732276616, 39.134166353606119 ], [ 73.764369062184059, 39.134281467042172 ], [ 73.766047557223743, 39.134303087546492 ], [ 73.768147904605584, 39.134221280635039 ], [ 73.769964053973197, 39.134353445955405 ], [ 73.77044584355464, 39.13474053533475 ], [ 73.770570175957403, 39.135503943955911 ], [ 73.770345922053892, 39.136208460045033 ], [ 73.769565476820745, 39.136742588219391 ], [ 73.76815444430926, 39.137323019695785 ], [ 73.766466968393487, 39.137736633465103 ], [ 73.764358707349047, 39.13819921379141 ], [ 73.762738897522084, 39.138722474774674 ], [ 73.76160642125808, 39.139360835910047 ], [ 73.760408457019693, 39.13978068106897 ], [ 73.758867481858545, 39.139869584934566 ], [ 73.757193339489149, 39.139630256133756 ], [ 73.755173990514962, 39.139168766614652 ], [ 73.753705211705778, 39.139149709112075 ], [ 73.752226312978863, 39.139620238927883 ], [ 73.7508827763494, 39.140310166446966 ], [ 73.750025438496877, 39.141169652714275 ], [ 73.749800961310513, 39.141874127234587 ], [ 73.750071728254738, 39.142312969610728 ], [ 73.750739437337856, 39.143639068791273 ], [ 73.751924014710454, 39.145033769478772 ], [ 73.752566730374028, 39.145550283598396 ], [ 73.752693338347058, 39.145920643807969 ], [ 73.755163533157045, 39.147078291502091 ], [ 73.758273404027804, 39.147273085940029 ], [ 73.761386126613829, 39.147306223045675 ], [ 73.7634612778254, 39.147328269779763 ], [ 73.764709195002183, 39.147179904389304 ], [ 73.765635151646791, 39.147209364663986 ], [ 73.767958533187979, 39.146890523396067 ], [ 73.770509604516533, 39.14640018605224 ], [ 73.772529330916825, 39.146309847515028 ], [ 73.773721252411391, 39.146499492756604 ], [ 73.774607207276759, 39.147033948602513 ], [ 73.775482536110431, 39.148091377953875 ], [ 73.776359073738632, 39.149090689315543 ], [ 73.777475147795172, 39.149337450602687 ], [ 73.778747751249782, 39.149237455342281 ], [ 73.780473387006666, 39.148910732004325 ], [ 73.782871482746884, 39.148592544061536 ], [ 73.7848153686638, 39.148559151379196 ], [ 73.78757765228417, 39.148710485020835 ], [ 73.78988343274014, 39.149262835487875 ], [ 73.79115017055085, 39.149453250842306 ], [ 73.792203275978025, 39.14911783493411 ], [ 73.793265710884569, 39.148317539919503 ], [ 73.794400337651794, 39.147575921369061 ], [ 73.795527841260594, 39.147182915647079 ], [ 73.79627877007573, 39.146959657277463 ], [ 73.798599597328916, 39.146639538193497 ], [ 73.801660351541017, 39.146677347922065 ], [ 73.803596949021596, 39.146933793512439 ], [ 73.80500552196483, 39.147474410399312 ], [ 73.805295399633238, 39.147943103477232 ], [ 73.805138444669808, 39.148348154268746 ], [ 73.804688332208201, 39.148458894986042 ], [ 73.803197427291025, 39.148324244042051 ], [ 73.801110392314015, 39.148124075556666 ], [ 73.7990837575516, 39.148680444168157 ], [ 73.798250476899753, 39.149309686364205 ], [ 73.797554404880287, 39.15058016777558 ], [ 73.797531916651423, 39.151742564825049 ], [ 73.797656911752767, 39.152964738161309 ], [ 73.798237247990215, 39.153843905802006 ], [ 73.799340685321567, 39.154729657107474 ], [ 73.800595929767098, 39.155501061395093 ], [ 73.801705227858406, 39.156096245907996 ], [ 73.802369656980886, 39.156511460702333 ], [ 73.802805262884178, 39.15715629279709 ], [ 73.802638398470663, 39.158026050237872 ], [ 73.801582884385837, 39.158477776196221 ], [ 73.799787027373284, 39.158571433843349 ], [ 73.798367146810307, 39.158553555774532 ], [ 73.793502656234239, 39.158840911750936 ], [ 73.790745814287362, 39.158399168733922 ], [ 73.787992526243315, 39.157783032247728 ], [ 73.785162209653663, 39.157282102515673 ], [ 73.782400776087655, 39.157072597160514 ], [ 73.779933555196195, 39.157099274297074 ], [ 73.779104462537163, 39.15743743631635 ], [ 73.779240941906465, 39.158078536345108 ], [ 73.779976446867195, 39.158669156814483 ], [ 73.781602843392733, 39.159561744539587 ], [ 73.783079815929312, 39.160452409221854 ], [ 73.784638612448646, 39.160995351698638 ], [ 73.786052663701568, 39.161303943066784 ], [ 73.787916302919598, 39.161560097619393 ], [ 73.790083572960526, 39.161587575322628 ], [ 73.792475048297732, 39.161617849741305 ], [ 73.793291275149613, 39.161918787641767 ], [ 73.793582035378449, 39.16232932848456 ], [ 73.793496786328575, 39.162851363765675 ], [ 73.79303785845687, 39.163368673227637 ], [ 73.791908641409577, 39.163761254046626 ], [ 73.790263279953066, 39.163798547011773 ], [ 73.78810532261727, 39.163306202110441 ], [ 73.786243987103333, 39.162933830957748 ], [ 73.785420727791418, 39.16298149408572 ], [ 73.785185948596151, 39.163501621898511 ], [ 73.785244231709328, 39.164316093324885 ], [ 73.785676204515212, 39.165135310797424 ], [ 73.787142782191907, 39.166548901957704 ], [ 73.788249790250475, 39.16726043114565 ], [ 73.790177794966638, 39.168040479124983 ], [ 73.792478375960897, 39.16888332992437 ], [ 73.794550118536336, 39.169955739315178 ], [ 73.796443183118996, 39.171057020621127 ], [ 73.79891427562994, 39.171359172886795 ], [ 73.806465156493132, 39.172101697784839 ], [ 73.808911791628958, 39.172192493811323 ], [ 73.811874364870093, 39.1723484398387 ], [ 73.815578001455322, 39.172514100112245 ], [ 73.817577832162854, 39.172540508584639 ], [ 73.819653618840931, 39.172567658941027 ], [ 73.822396523031159, 39.172189499819403 ], [ 73.827228484884472, 39.171373321009469 ], [ 73.829831866293347, 39.17082267933506 ], [ 73.831324850599046, 39.170374886779271 ], [ 73.832668461942404, 39.169867030946754 ], [ 73.836774945558901, 39.168466842330631 ], [ 73.836641276352637, 39.168151322709633 ], [ 73.836165338524651, 39.167481841674686 ], [ 73.835480761082763, 39.166667572238651 ], [ 73.833831970930319, 39.165154183268335 ], [ 73.832309341669529, 39.163428966654379 ], [ 73.831589210988824, 39.16282759252239 ], [ 73.830547674758364, 39.161558566639094 ], [ 73.829630419330101, 39.160172525002388 ], [ 73.829041360229439, 39.159003852871571 ], [ 73.828604119584355, 39.158074026532695 ], [ 73.828143005099903, 39.156598370161319 ], [ 73.828072906470723, 39.155364413005266 ], [ 73.827965047420463, 39.154556857613564 ], [ 73.827766320150843, 39.153724508247379 ], [ 73.827153446198281, 39.152199527189381 ], [ 73.826209967418649, 39.150287769185958 ], [ 73.82570590192617, 39.14947150576203 ], [ 73.825167630189242, 39.148774007933156 ], [ 73.824507520622589, 39.148218019121998 ], [ 73.823755225436344, 39.147589454545461 ], [ 73.822821399018068, 39.14695870819903 ], [ 73.82161836681604, 39.146086415933567 ], [ 73.818537002582516, 39.144426951750191 ], [ 73.817542080777599, 39.143698687251842 ], [ 73.816456472877462, 39.142921535661571 ], [ 73.81567239499428, 39.142362901383038 ], [ 73.814865805139348, 39.141279671214065 ], [ 73.81427120171135, 39.140223124082418 ], [ 73.813801045266757, 39.139001425251983 ], [ 73.813660437011407, 39.138356064310202 ], [ 73.813515109414951, 39.137758354032009 ], [ 73.81318749333272, 39.137253495739074 ], [ 73.81270779354567, 39.136794239915496 ], [ 73.81207645475456, 39.136285282968565 ], [ 73.81101931710937, 39.135651451367451 ], [ 73.809990856792865, 39.135137155544442 ], [ 73.809351471898779, 39.134961753419489 ], [ 73.808591381654509, 39.134903840420051 ], [ 73.807707401202052, 39.134844279249869 ], [ 73.805849302817222, 39.134771553819895 ], [ 73.802779060990105, 39.13437258127999 ], [ 73.800592008466836, 39.133890193246629 ], [ 73.79913577584756, 39.13332236974756 ], [ 73.798593318198257, 39.13305284496208 ], [ 73.798444626171147, 39.132812514459324 ], [ 73.798447946262996, 39.132597779415008 ], [ 73.798601537276681, 39.132456427732443 ], [ 73.798909854650049, 39.132293238460953 ], [ 73.799671867948263, 39.13216015020484 ], [ 73.800345724750841, 39.132073626977927 ], [ 73.801137348644545, 39.1320604566233 ], [ 73.801961073591244, 39.132071598420836 ], [ 73.802873583897977, 39.132060069903396 ], [ 73.80360874647009, 39.131950446620074 ], [ 73.804038675803852, 39.131741087260245 ], [ 73.804591966249262, 39.13143775848522 ], [ 73.805210634253555, 39.130848413762003 ], [ 73.805621169015254, 39.129921537296525 ], [ 73.806099130339874, 39.128445707271936 ], [ 73.806201405514528, 39.127873263494003 ], [ 73.806269840515213, 39.127324309199302 ], [ 73.806307698413676, 39.126846655056745 ], [ 73.806169650969608, 39.125984080811953 ], [ 73.805635733879171, 39.124972735139004 ], [ 73.804836649120915, 39.123503519417632 ], [ 73.804358784483284, 39.122875446469457 ], [ 73.804031526278948, 39.12229723630837 ], [ 73.803735737611476, 39.121719437007023 ], [ 73.80368120772232, 39.121240545893016 ], [ 73.803691460119708, 39.120642965303595 ], [ 73.803761387281725, 39.119998399848043 ], [ 73.803869054745476, 39.119042300897405 ], [ 73.803723555688109, 39.118633443254325 ], [ 73.803487532219222, 39.118223456782758 ], [ 73.801434900037094, 39.115228954796493 ], [ 73.801195078589004, 39.114923105490227 ], [ 73.799865115216306, 39.113210082363437 ], [ 73.799333735803316, 39.112514650343492 ], [ 73.798723095637598, 39.111343148422492 ], [ 73.798439460128193, 39.110508242483107 ], [ 73.798185728388319, 39.109697460894822 ], [ 73.797771017659201, 39.108029527341067 ], [ 73.797327573322207, 39.106908366603193 ], [ 73.797089307015568, 39.106478301657965 ], [ 73.7965110156523, 39.105720062111068 ], [ 73.796109708949146, 39.10538605666806 ], [ 73.795223079597278, 39.104649938143197 ], [ 73.794901306724228, 39.104420090933246 ], [ 73.793576540671836, 39.103575692934577 ], [ 73.793061158035002, 39.103067233775477 ], [ 73.792383496681012, 39.102506656525563 ], [ 73.789623457257804, 39.100087785913431 ], [ 73.78750746104761, 39.098379852596175 ], [ 73.786509454782319, 39.09786578260929 ], [ 73.785705209107206, 39.097429325249841 ], [ 73.784808285308088, 39.096665134035028 ], [ 73.784298282874204, 39.096053709033612 ], [ 73.784015555737881, 39.095393617975489 ], [ 73.783933536948553, 39.0944579385975 ], [ 73.784017190136936, 39.093397844528042 ], [ 73.784677308396624, 39.090853893096259 ], [ 73.784891671568772, 39.089694262536149 ], [ 73.78485811101217, 39.088076277771627 ], [ 73.784874138528011, 39.086128527908301 ], [ 73.785064215819972, 39.083677009985728 ], [ 73.78518119478467, 39.082868945695147 ], [ 73.785351362285013, 39.082441046976804 ], [ 73.785553060388139, 39.082165297256097 ], [ 73.78584940263741, 39.081941345247508 ], [ 73.786369703768699, 39.081846692695997 ], [ 73.786822525343098, 39.081827093134677 ], [ 73.787563534551481, 39.081912309289713 ], [ 73.788176598968775, 39.081945316885651 ], [ 73.788695897328381, 39.081850651671772 ], [ 73.789122053098296, 39.081603025049482 ], [ 73.78935503593938, 39.081327673754011 ], [ 73.789493872879135, 39.08089936313155 ], [ 73.78946908402861, 39.080595475701614 ], [ 73.789279923232712, 39.080365427278402 ], [ 73.788707056966032, 39.08005464091233 ], [ 73.787914369933489, 39.079488105904488 ], [ 73.787244250076327, 39.079150801437876 ], [ 73.786444940354428, 39.078811869310925 ], [ 73.785517452222052, 39.07836977778468 ], [ 73.784117350064733, 39.077363058184226 ], [ 73.783676962944156, 39.076850274055509 ], [ 73.783084342708932, 39.075853726114588 ], [ 73.782539138180425, 39.074147668518115 ], [ 73.781286224628772, 39.071090800680523 ], [ 73.780731307635619, 39.069944005361002 ], [ 73.780052701911472, 39.068745006261246 ], [ 73.779008386287614, 39.066578823901615 ], [ 73.778225188007056, 39.064238400827143 ], [ 73.778050394975679, 39.063501505153113 ], [ 73.777999084989233, 39.06286747145905 ], [ 73.77820395063118, 39.062388505395809 ], [ 73.77843879979055, 39.062087237668088 ], [ 73.778635183433906, 39.06196289627821 ], [ 73.779087160267068, 39.061892298062581 ], [ 73.779793310403136, 39.061976760073158 ], [ 73.780435198586616, 39.062136440937095 ], [ 73.781489189098721, 39.062503760779201 ], [ 73.783185283411981, 39.063106726747634 ], [ 73.785281875714247, 39.064322589914532 ], [ 73.785946772178406, 39.064913242273043 ], [ 73.786227775811568, 39.065296651307385 ], [ 73.786409685943994, 39.065780229586998 ], [ 73.786528953463758, 39.066187052642448 ], [ 73.786613183827853, 39.066669482518193 ], [ 73.786599319765145, 39.067252084600227 ], [ 73.786393289930857, 39.067781726935848 ], [ 73.786025908338658, 39.068360116001863 ], [ 73.785726200688416, 39.068761953121133 ], [ 73.785485516877898, 39.069392533016902 ], [ 73.785471851636089, 39.069924475627026 ], [ 73.785585370746105, 39.070559518267729 ], [ 73.785861875868321, 39.071323800608852 ], [ 73.7863048605915, 39.071760515278292 ], [ 73.786620819467615, 39.072094182891973 ], [ 73.786969152176127, 39.072377550131066 ], [ 73.787350709482723, 39.072712029661503 ], [ 73.787695358897651, 39.073122166021001 ], [ 73.788039178497286, 39.0737604856375 ], [ 73.78840900169142, 39.074602044610444 ], [ 73.788777905585775, 39.075392892550845 ], [ 73.789091058346159, 39.075954742429545 ], [ 73.789591240825558, 39.076696503359443 ], [ 73.790350207737603, 39.077517569825339 ], [ 73.79211717650611, 39.079338504330927 ], [ 73.792619831336836, 39.079876078729058 ], [ 73.793155297159046, 39.080515214611452 ], [ 73.79355644976377, 39.081279183600643 ], [ 73.793736511013492, 39.081837997998775 ], [ 73.794167907035842, 39.083257748065641 ], [ 73.794410105484545, 39.084346834412983 ], [ 73.795191776875953, 39.086124224357164 ], [ 73.795761361055654, 39.08714125493168 ], [ 73.796686933051092, 39.08826340610581 ], [ 73.798753924851724, 39.09073829164867 ], [ 73.80072870176906, 39.092859175707062 ], [ 73.804019337214569, 39.096596014421827 ], [ 73.805142203657098, 39.09746499887337 ], [ 73.805977090064516, 39.098028027693324 ], [ 73.807101447073421, 39.098770510424878 ], [ 73.808323368938346, 39.099564440426875 ], [ 73.810448537571119, 39.100821910963333 ], [ 73.811209799785928, 39.101409460848664 ], [ 73.811969361896786, 39.102072363714676 ], [ 73.812629746829273, 39.102784121325911 ], [ 73.813349832627324, 39.103747648634673 ], [ 73.815227119981358, 39.106533886008108 ], [ 73.817205345694944, 39.109070518797147 ], [ 73.818610294025987, 39.111298147038646 ], [ 73.81985841535041, 39.11332284976082 ], [ 73.820516396742548, 39.114235276404251 ], [ 73.821239514275888, 39.115251442255165 ], [ 73.821744795874253, 39.115966740176184 ], [ 73.822407832933024, 39.116709654331487 ], [ 73.822913416274616, 39.117399971457552 ], [ 73.823545214627885, 39.118142497219758 ], [ 73.825065668371394, 39.119884000968341 ], [ 73.825634109968036, 39.120676430914955 ], [ 73.826449522122871, 39.121953378978517 ], [ 73.827076212950189, 39.123177350463266 ], [ 73.827575873871922, 39.124045028924122 ], [ 73.82836165700455, 39.125346922230221 ], [ 73.829179030143763, 39.126573173391705 ], [ 73.829687328360095, 39.127111418143656 ], [ 73.830327726975455, 39.127473805006773 ], [ 73.830905452156316, 39.127607366864311 ], [ 73.831487328377023, 39.127614223249047 ], [ 73.832103048343257, 39.127469414517215 ], [ 73.832527003914791, 39.127094259208668 ], [ 73.833055194880913, 39.126517522356899 ], [ 73.833623312390401, 39.125307762568738 ], [ 73.83558509319333, 39.121765502657098 ], [ 73.837546901010896, 39.118147310150121 ], [ 73.83875207470426, 39.1154301759166 ], [ 73.839734524503612, 39.11272980664355 ], [ 73.840099034121835, 39.112081502032886 ], [ 73.840534092913586, 39.111381666823945 ], [ 73.840928172321384, 39.111033678533687 ], [ 73.841349756534413, 39.110937612339661 ], [ 73.84173566911376, 39.110966978983008 ], [ 73.842087433835189, 39.111146937518384 ], [ 73.842533664902746, 39.111453733520541 ], [ 73.842943847187485, 39.112011749333846 ], [ 73.84319018925234, 39.112643484925186 ], [ 73.843303062096496, 39.113449918880434 ], [ 73.843407354553776, 39.114709182027767 ], [ 73.843511379649158, 39.116327083940945 ], [ 73.84311958868291, 39.118498169709127 ], [ 73.842439476349696, 39.120791973870801 ], [ 73.840774649551463, 39.124009248354064 ], [ 73.839215655054446, 39.126595285831307 ], [ 73.838093650153283, 39.128149521388387 ], [ 73.836041912828463, 39.131114862067996 ], [ 73.835181570749782, 39.132422680864288 ], [ 73.834883978142116, 39.132900726800258 ], [ 73.834746447781868, 39.133379164133451 ], [ 73.834706487214575, 39.133807549899913 ], [ 73.834795981581294, 39.13416179050359 ], [ 73.835107324116962, 39.134745682244564 ], [ 73.8365935096149, 39.136478577359142 ], [ 73.837255136663174, 39.137444954134217 ], [ 73.839515900248102, 39.141003235270297 ], [ 73.840653669115241, 39.142429258226741 ], [ 73.842405483980158, 39.145577888975204 ], [ 73.843127136589771, 39.14669631853932 ], [ 73.843773442096591, 39.148419675598262 ], [ 73.844025593925494, 39.148876821100394 ], [ 73.844339305837678, 39.149334754912083 ], [ 73.844877840127126, 39.14997200116791 ], [ 73.846387100142223, 39.152229907317157 ], [ 73.848528029512778, 39.155718244578281 ], [ 73.850353194028784, 39.158601228592872 ], [ 73.850761805380415, 39.159158275917875 ], [ 73.85130701609549, 39.159516077346936 ], [ 73.851820468948631, 39.15972292105365 ], [ 73.852527583631669, 39.15988184844803 ], [ 73.853303421882686, 39.159916051018691 ], [ 73.854111343843144, 39.15990047695626 ], [ 73.854853102618591, 39.159834232977126 ], [ 73.855693713123841, 39.159769156045535 ], [ 73.856504510349296, 39.159985075271365 ], [ 73.8571330932904, 39.159233849958341 ], [ 73.857753042471828, 39.159044212937232 ], [ 73.859279828563061, 39.158619819579997 ], [ 73.86067880450193, 39.158390664925953 ], [ 73.86232826449077, 39.158213742625335 ], [ 73.864228634110702, 39.158187439235917 ], [ 73.86657114815965, 39.158166055472726 ], [ 73.870621845709096, 39.158211579888281 ], [ 73.877859925024339, 39.158723959359605 ], [ 73.881898677740466, 39.158809561696572 ], [ 73.884843442857829, 39.158881894406207 ], [ 73.887410042551366, 39.158949595807066 ], [ 73.888501039633752, 39.158962699229583 ], [ 73.890164208873401, 39.158909502639681 ], [ 73.899331210756415, 39.157215523370354 ], [ 73.903841098046229, 39.15645685538329 ], [ 73.905173444247168, 39.156177246204308 ], [ 73.906169644241672, 39.156004452831333 ], [ 73.907785306583364, 39.155580490535307 ], [ 73.909071024549817, 39.15511564829449 ], [ 73.909978801197468, 39.154720148071789 ], [ 73.911171535273908, 39.154069532574105 ], [ 73.911697817630696, 39.153780305959181 ], [ 73.912411502718854, 39.153493317627209 ], [ 73.912939294221317, 39.153278317327946 ], [ 73.913237835122075, 39.153234968058484 ], [ 73.913518329701517, 39.152390695260863 ], [ 73.913494444588494, 39.151751142396542 ], [ 73.91340325180559, 39.151052949862148 ], [ 73.913135206602988, 39.150274402510995 ], [ 73.912459040035955, 39.150417152062623 ], [ 73.910796170353592, 39.150770981540383 ], [ 73.909706532262121, 39.150795230494325 ], [ 73.90781251784108, 39.15077271445908 ], [ 73.905401145970657, 39.150520870008322 ], [ 73.901383570404249, 39.149952287653349 ], [ 73.899733183890959, 39.149560648909507 ], [ 73.894409344962071, 39.147748946835186 ], [ 73.892619716822566, 39.147058045488954 ], [ 73.890788138242016, 39.146217818609124 ], [ 73.887587192048557, 39.144469755031409 ], [ 73.886195868655378, 39.143667092804769 ], [ 73.884902893035772, 39.143621422710481 ], [ 73.883738645377719, 39.143428274387631 ], [ 73.881956051811983, 39.142986519015317 ], [ 73.880793970086586, 39.1426720285139 ], [ 73.879401638525977, 39.142173314591815 ], [ 73.878477374272208, 39.141618427074725 ], [ 73.877242892931989, 39.14099987502243 ], [ 73.875931683174571, 39.140319903105457 ], [ 73.874307033949052, 39.139758220763831 ], [ 73.8728369777007, 39.139258677897757 ], [ 73.871044814943872, 39.139362657988087 ], [ 73.869635274431872, 39.139834318373651 ], [ 73.86830896853229, 39.140003440488698 ], [ 73.867300477454577, 39.139811640660227 ], [ 73.866450907665708, 39.139439379895506 ], [ 73.865603522338986, 39.13894580292569 ], [ 73.864516144309121, 39.138813877965845 ], [ 73.863501147054876, 39.138985980304142 ], [ 73.862480694567353, 39.139461347552704 ], [ 73.862009376484394, 39.139699408836101 ], [ 73.861543509915151, 39.139634192205136 ], [ 73.861390039707757, 39.139511359433818 ], [ 73.861243118800033, 39.139024594443754 ], [ 73.86141186307816, 39.138298251030449 ], [ 73.861970814031395, 39.137515053642694 ], [ 73.862922137266466, 39.136553686379386 ], [ 73.864025810386281, 39.135775794251167 ], [ 73.864895997824718, 39.13499561541952 ], [ 73.865298156005579, 39.134271540971966 ], [ 73.865393377121293, 39.133301810060622 ], [ 73.86525405341628, 39.132390460165993 ], [ 73.864722381996586, 39.131657287209805 ], [ 73.863880544057196, 39.130860421911564 ], [ 73.862415108736641, 39.130118128013315 ], [ 73.861490047011245, 39.129623762897097 ], [ 73.859653554767334, 39.128661097830381 ], [ 73.858835544705457, 39.127955740305808 ], [ 73.858016657031058, 39.127300177321771 ], [ 73.857071802390067, 39.126543751157747 ], [ 73.856132362321532, 39.125488508138716 ], [ 73.855639257273353, 39.124487451666788 ], [ 73.855395407028468, 39.12383751681935 ], [ 73.855276633093581, 39.123338243342054 ], [ 73.854718770923924, 39.122386355665661 ], [ 73.854041259588485, 39.120984995194306 ], [ 73.853359269406965, 39.119832637929051 ], [ 73.852931020035385, 39.118782396260123 ], [ 73.852753800486909, 39.11798367986475 ], [ 73.852762814434939, 39.117485661152678 ], [ 73.853020135234857, 39.11738857335331 ], [ 73.853971130261158, 39.117796416928698 ], [ 73.855299120830821, 39.118556631823189 ], [ 73.856951042143848, 39.119070957224224 ], [ 73.859059130626122, 39.119091620055194 ], [ 73.860471691637443, 39.118706955233527 ], [ 73.861571995921565, 39.117920738598322 ], [ 73.861967807544644, 39.117227255530693 ], [ 73.862428384245248, 39.116484589588644 ], [ 73.862635225144842, 39.115639825908303 ], [ 73.862272531492295, 39.114490636651915 ], [ 73.861157656929379, 39.112537124052757 ], [ 73.861110791008116, 39.111590258794038 ], [ 73.861516076623403, 39.110351074995123 ], [ 73.862242047724621, 39.109018259304946 ], [ 73.863091323320674, 39.10793530156004 ], [ 73.863748151558369, 39.106899748281307 ], [ 73.864215159361294, 39.105762586202125 ], [ 73.864168753988523, 39.104768411285185 ], [ 73.86379177120844, 39.10441619325313 ], [ 73.863343092655555, 39.104510259741446 ], [ 73.862499975329257, 39.105245524170982 ], [ 73.8614565543445, 39.106475225750259 ], [ 73.86087316546957, 39.106965142301789 ], [ 73.860359743361101, 39.107108112324212 ], [ 73.860043992864561, 39.106905651420121 ], [ 73.859926795139245, 39.106308086832072 ], [ 73.860389487505472, 39.105419297159479 ], [ 73.860595899169411, 39.104577156877717 ], [ 73.860349255533706, 39.104077425192948 ], [ 73.859527997718345, 39.103570890600281 ], [ 73.858317538330141, 39.103407509434973 ], [ 73.856657530758369, 39.103387828675842 ], [ 73.855562483314628, 39.103921326313383 ], [ 73.854401812031526, 39.104553399451383 ], [ 73.853560205000093, 39.105190238442965 ], [ 73.85311222178504, 39.1052356408997 ], [ 73.852666040761463, 39.105181439028549 ], [ 73.852101137219577, 39.104627955724041 ], [ 73.851602815316554, 39.103925693955574 ], [ 73.851099091599664, 39.103522240117307 ], [ 73.850666459546318, 39.102721001331119 ], [ 73.850301112394106, 39.101722442466382 ], [ 73.850123687286882, 39.100925425002885 ], [ 73.850074835167518, 39.100080258247118 ], [ 73.849951559236004, 39.099830381835616 ], [ 73.849574674049819, 39.099478118981835 ], [ 73.84855583970149, 39.099316921712365 ], [ 73.847855338127886, 39.09920919809668 ], [ 73.847223100360722, 39.098853879059405 ], [ 73.847102486232416, 39.098454986033609 ], [ 73.847366690941541, 39.097961327191079 ], [ 73.84794568100051, 39.09771983559952 ], [ 73.849482279792568, 39.097489761496739 ], [ 73.850634941610508, 39.09730477505655 ], [ 73.850961270026772, 39.09691078006437 ], [ 73.850722014745273, 39.096012285516487 ], [ 73.850237253310056, 39.094563527574586 ], [ 73.84988197514582, 39.093016795855391 ], [ 73.849391876166393, 39.09186651857955 ], [ 73.848835272573666, 39.090864719420765 ], [ 73.848463912560362, 39.090213433953906 ], [ 73.848351478390171, 39.089366207217566 ], [ 73.848688563107771, 39.088375071320044 ], [ 73.849344799636611, 39.087387742057359 ], [ 73.84981042031427, 39.086348377035385 ], [ 73.849692603569011, 39.085799633314856 ], [ 73.848994947603487, 39.085542521990163 ], [ 73.847528646791304, 39.085425502493869 ], [ 73.846960455963853, 39.085070407375277 ], [ 73.84671680098711, 39.084420642320559 ], [ 73.846859709390287, 39.083576463662922 ], [ 73.847318163342138, 39.082935087465351 ], [ 73.847587819460117, 39.082142179309074 ], [ 73.847664196078611, 39.081446481082118 ], [ 73.847870014875767, 39.080652810476764 ], [ 73.848204374929821, 39.079810915288419 ], [ 73.848853371759802, 39.079221563886207 ], [ 73.849822371507528, 39.078586268260672 ], [ 73.850278977252202, 39.078044374037326 ], [ 73.850281070668601, 39.077640579384038 ], [ 73.850293662400176, 39.075209373799602 ], [ 73.8488973315458, 39.07180110273034 ], [ 73.845078117495873, 39.068620274333405 ], [ 73.837568969320017, 39.064271085294507 ], [ 73.836434017534458, 39.064636927078396 ], [ 73.836412315578002, 39.065001861003708 ], [ 73.836474534021008, 39.065249990465446 ], [ 73.836641827835109, 39.065508916204102 ], [ 73.837647583955956, 39.066383027433453 ], [ 73.838816381153578, 39.067657108817251 ], [ 73.840067939458166, 39.069064829541972 ], [ 73.841149301590121, 39.070470588670979 ], [ 73.842147979535085, 39.071742691130254 ], [ 73.842802589203544, 39.073209912012985 ], [ 73.843626282754926, 39.074745411293542 ], [ 73.84419581824379, 39.076211651800101 ], [ 73.844592622713122, 39.077808816224469 ], [ 73.844726898547009, 39.079800998376079 ], [ 73.844433220220893, 39.081920762252302 ], [ 73.844152703586559, 39.083310813039525 ], [ 73.843531546693754, 39.084697115112469 ], [ 73.842493054889374, 39.085614181084914 ], [ 73.841297466281176, 39.085799573575933 ], [ 73.840025150147184, 39.085519614164099 ], [ 73.839019101199298, 39.084645521726728 ], [ 73.838519094927292, 39.084042626762731 ], [ 73.838362063323714, 39.08331095713946 ], [ 73.838378920144478, 39.082382224483247 ], [ 73.838739935329457, 39.081258379061559 ], [ 73.839097327181605, 39.080333546081306 ], [ 73.839459522219741, 39.07914336120475 ], [ 73.839908039831982, 39.077887809179636 ], [ 73.839845757224623, 39.076626410279424 ], [ 73.839529288377193, 39.075295747920045 ], [ 73.838957451490373, 39.0739621613357 ], [ 73.838041518040853, 39.072823684443406 ], [ 73.836783909733512, 39.071747634100035 ], [ 73.83552271920999, 39.070870584583666 ], [ 73.834591187957344, 39.070594476204079 ], [ 73.828551076540691, 39.070325863197908 ], [ 73.828034273499171, 39.070651655909053 ], [ 73.827854318517495, 39.07118039419295 ], [ 73.828269019439261, 39.071782349669377 ], [ 73.828939105707647, 39.072387251686749 ], [ 73.830458039636028, 39.073134638814125 ], [ 73.83231872412405, 39.073819589614864 ], [ 73.834096733867341, 39.074370854288503 ], [ 73.836384334490972, 39.074994295025206 ], [ 73.837649223054484, 39.075672321896569 ], [ 73.838058012136244, 39.076605935260076 ], [ 73.838038744014057, 39.077667343942437 ], [ 73.83725809531893, 39.078454617438503 ], [ 73.836405561901444, 39.078511188610186 ], [ 73.834876792753761, 39.078294581715085 ], [ 73.833098678947678, 39.077743325458172 ], [ 73.83225461854191, 39.077335502853984 ], [ 73.83029780745197, 39.077246610182243 ], [ 73.828510053153735, 39.077225988554225 ], [ 73.826548393411358, 39.077402384762401 ], [ 73.825518306126796, 39.077854936609377 ], [ 73.825165614703849, 39.078514374410361 ], [ 73.825244666372967, 39.078847048118789 ], [ 73.825582767748713, 39.078983662199995 ], [ 73.827370564417777, 39.07900432937744 ], [ 73.829242284877381, 39.079092290910545 ], [ 73.830430516943423, 39.079305047289324 ], [ 73.831443649731256, 39.079781182830558 ], [ 73.832453832144068, 39.081066665597639 ], [ 73.831080516986532, 39.086081757480329 ], [ 73.830190136294505, 39.090786231587572 ], [ 73.830573018081878, 39.091326286038331 ], [ 73.831302951798165, 39.091717554333194 ], [ 73.832477506708202, 39.091999449299031 ], [ 73.833506820368811, 39.092164847801982 ], [ 73.834238252298746, 39.092479627015166 ], [ 73.834328451506295, 39.092901406648807 ], [ 73.833974024480895, 39.093432560015074 ], [ 73.833174968278129, 39.094073082938444 ], [ 73.83252336991886, 39.094715381014971 ], [ 73.832166704052938, 39.095361238139503 ], [ 73.832206995394003, 39.095820659607718 ], [ 73.832498251209259, 39.096015400171467 ], [ 73.833821834279576, 39.096222592432547 ], [ 73.834703000251167, 39.096424438523954 ], [ 73.835038998650006, 39.096849178468034 ], [ 73.834881515728426, 39.097383331116013 ], [ 73.834082312450718, 39.098063322612909 ], [ 73.832940379656904, 39.098662547803798 ], [ 73.831705739524253, 39.09895414009771 ], [ 73.830912829563118, 39.099289373439198 ], [ 73.830559539006103, 39.099783167950406 ], [ 73.830453463041593, 39.100203325412735 ], [ 73.83049909843929, 39.10039543982213 ], [ 73.831873506300752, 39.100526987171783 ], [ 73.83319594320713, 39.100811142862646 ], [ 73.833924231188419, 39.101317992785596 ], [ 73.834114550269064, 39.101665102949497 ], [ 73.833961439661167, 39.101969757328469 ], [ 73.833610970443374, 39.102310343148751 ], [ 73.833068068963698, 39.102418729715566 ], [ 73.832037056293416, 39.102329658093431 ], [ 73.830665433651816, 39.102044894507124 ], [ 73.830075483786189, 39.102037761638321 ], [ 73.829873895058455, 39.102303511186371 ], [ 73.829913888681787, 39.102802058749425 ], [ 73.830199699559586, 39.103303579917501 ], [ 73.830977151613439, 39.103811045001308 ], [ 73.832400086301604, 39.103981485858768 ], [ 73.834115905406492, 39.104270379163694 ], [ 73.834698844890141, 39.104660534206275 ], [ 73.834641247006857, 39.105119592641117 ], [ 73.834290767919157, 39.105460180166347 ], [ 73.833648809525883, 39.10560568747313 ], [ 73.832315716971294, 39.105896097516414 ], [ 73.831373123308694, 39.106344464154354 ], [ 73.830623654726338, 39.106986720931395 ], [ 73.829869232780638, 39.107897098686649 ], [ 73.829074094762461, 39.108347230428585 ], [ 73.828234019127152, 39.108566934969403 ], [ 73.82719797711944, 39.108745945201193 ], [ 73.826455518109796, 39.109005133029612 ], [ 73.824714829814667, 39.110056764668876 ], [ 73.82373075917404, 39.110083125759935 ], [ 73.82319345859112, 39.109885033213246 ], [ 73.823151381544946, 39.109501397384918 ], [ 73.823353725705005, 39.109197353970202 ], [ 73.824501578431466, 39.108291795564895 ], [ 73.825349448251401, 39.107650775187778 ], [ 73.826050512924624, 39.106969652459831 ], [ 73.826311198452416, 39.106168250436809 ], [ 73.826135053680403, 39.105055048293806 ], [ 73.825656147987516, 39.104359609721186 ], [ 73.825219333997453, 39.104047809306238 ], [ 73.824822482127274, 39.104234555950001 ], [ 73.823924776178501, 39.104913280387997 ], [ 73.822877427396563, 39.105705119363186 ], [ 73.821929098906878, 39.10645983841858 ], [ 73.821031336956167, 39.107138541709681 ], [ 73.820288873366124, 39.107397690238919 ], [ 73.819457316273599, 39.107157682820841 ], [ 73.819316218266422, 39.106811151460036 ], [ 73.819473670143239, 39.106276692329587 ], [ 73.819884765195255, 39.105323886316611 ], [ 73.820538825866777, 39.104527287373756 ], [ 73.821293329347597, 39.103616968532108 ], [ 73.821752126533397, 39.102741361874557 ], [ 73.82225723570717, 39.102019566067121 ], [ 73.823236695031767, 39.099579463877561 ], [ 73.823361240708465, 39.098163409825787 ], [ 73.823128912431642, 39.097432644096287 ], [ 73.822742020014786, 39.097083128105879 ], [ 73.82225114066722, 39.097038845165564 ], [ 73.821609235981484, 39.097184289413988 ], [ 73.820812748271706, 39.097710973019772 ], [ 73.819862374818655, 39.098580590457345 ], [ 73.818911977936054, 39.099450199659465 ], [ 73.818112597262839, 39.100130078680515 ], [ 73.81702464511244, 39.100461617446342 ], [ 73.816486723708863, 39.10030179930515 ], [ 73.816054966391874, 39.099721838023953 ], [ 73.815918887419201, 39.099107173001968 ], [ 73.815733653825944, 39.098491907106528 ], [ 73.815346792895454, 39.098142367106661 ], [ 73.814565948196019, 39.097826318792691 ], [ 73.813290662709122, 39.097657467957809 ], [ 73.812412944776, 39.097263598011018 ], [ 73.812128072161869, 39.09672387120883 ], [ 73.812340449035787, 39.095923331506171 ], [ 73.813238777198166, 39.095245922077019 ], [ 73.813991115084178, 39.094490230827958 ], [ 73.814595217525607, 39.093770967320658 ], [ 73.814954277668534, 39.093010459346161 ], [ 73.815366224505439, 39.092059375846304 ], [ 73.816052341100999, 39.089658335891379 ], [ 73.816584228467221, 39.087599612704324 ], [ 73.816919480342946, 39.085538485706394 ], [ 73.81615474243911, 39.084420052618583 ], [ 73.815368342835299, 39.084410448067217 ], [ 73.814772557196193, 39.084709126709519 ], [ 73.814359900627949, 39.085698446222516 ], [ 73.81413635156801, 39.087072526137952 ], [ 73.81356647556953, 39.088557101737855 ], [ 73.812996577837922, 39.090041673840368 ], [ 73.812385746140649, 39.091105052130239 ], [ 73.811738487720135, 39.091517818478195 ], [ 73.811147129088539, 39.091587063782313 ], [ 73.810366658019149, 39.091271538461058 ], [ 73.809541544186871, 39.090725993822396 ], [ 73.809213989974154, 39.089880590430589 ], [ 73.809579096127678, 39.088814217814871 ], [ 73.810093146307295, 39.087673180120383 ], [ 73.81050737848453, 39.08660740453567 ], [ 73.810322029361117, 39.086031461851185 ], [ 73.809833523420295, 39.085872491307967 ], [ 73.809137897842177, 39.08624640692824 ], [ 73.808187491412099, 39.087076126076347 ], [ 73.807397301764567, 39.087257644168467 ], [ 73.807056249307138, 39.08710047425685 ], [ 73.806721970957966, 39.08659918600457 ], [ 73.806445127631946, 39.085677909194416 ], [ 73.806611720639609, 39.082942181863281 ], [ 73.80668798171574, 39.078416997178365 ], [ 73.806274054637584, 39.074263953783664 ], [ 73.805333983691028, 39.072619944240948 ], [ 73.804935440395823, 39.071678509263442 ], [ 73.804723444637517, 39.071065699094547 ], [ 73.803191447009311, 39.069216228496238 ], [ 73.802751171486818, 39.068818529270899 ], [ 73.801813771148773, 39.068066014350805 ], [ 73.8004843884802, 39.067308651772919 ], [ 73.799542726063436, 39.066773994391994 ], [ 73.798775970852802, 39.065892802769596 ], [ 73.798680349030434, 39.06506349024221 ], [ 73.799140398197196, 39.064458971775814 ], [ 73.799932118158154, 39.064076478565042 ], [ 73.801394937027496, 39.063745843536687 ], [ 73.803350545752693, 39.063987881792279 ], [ 73.805131314717755, 39.064576420238232 ], [ 73.806799783584623, 39.06516334338518 ], [ 73.808422310361564, 39.065182360371885 ], [ 73.809491816587595, 39.064845964507448 ], [ 73.810624532797888, 39.064117762212931 ], [ 73.811085854770127, 39.063381700820116 ], [ 73.81103879126745, 39.06290138596659 ], [ 73.810818233385177, 39.06272434742791 ], [ 73.810094153077685, 39.0625414170594 ], [ 73.808526013832093, 39.062610289664718 ], [ 73.8064024540448, 39.062454551002531 ], [ 73.803438076333933, 39.062376121361226 ], [ 73.802325644872965, 39.062014117835048 ], [ 73.801664861587028, 39.061439346387324 ], [ 73.801732197562956, 39.060829528661039 ], [ 73.802247092325416, 39.060224977594125 ], [ 73.80298575787161, 39.059623056923066 ], [ 73.803499007816029, 39.05910571243998 ], [ 73.804292781570226, 39.05854804437319 ], [ 73.805144109619519, 39.057903819099465 ], [ 73.805825160937971, 39.057388433280231 ], [ 73.808253375909217, 39.056195685368145 ], [ 73.809162199822609, 39.055464871735687 ], [ 73.809565916620215, 39.054815370578055 ], [ 73.809580468206192, 39.054030470921944 ], [ 73.809193737503861, 39.053764253493178 ], [ 73.808748643259705, 39.053628197036012 ], [ 73.80807574325722, 39.053707543999849 ], [ 73.807230974109359, 39.054002948114622 ], [ 73.806329442171389, 39.054341296378084 ], [ 73.805545463957728, 39.054375710330085 ], [ 73.804934174315846, 39.054150457660121 ], [ 73.804551866691398, 39.053613798436317 ], [ 73.80176523186887, 39.053779953938417 ], [ 73.80117884595515, 39.05449883264388 ] ] ] ] } },
{ "type": "Feature", "properties": { "ID": 705, "周长": 0.11155969665407109, "面积": 0.00017339781273149522, "FEATUREID": "OFBB003C1AJ430010020000020", "CHFCAC": "000020", "QDUEAQ": "231208", "CHAHBA": "734446.724", "CHAHBB": "390924.70", "QDUECD": "二叠纪石英闪长岩", "QDUECC": "→δοP", "GZEKG": "131000", "YSEBE": "", "KWB": "", "YSHB": "灰色", "YSC": "1027", "YSD": "1015", "YSJA": "19", "YSJAA": "", "YKBIC": "异源包体", "YSJBA": "10", "YSJBB": "10", "GZIDB": "30", "YSADAA": "", "YSKD": "21", "YSKC": "200", "YSQA": "1007", "DDCDS": "1224", "fill_color": -29184, "pattern": 386, "pattern_color": -13824, "_src_file": "LDZOFBB003.WP", "_src_id": 19 }, "geometry": { "type": "MultiPolygon", "coordinates": [ [ [ [ 73.737165200665302, 39.154488589214033 ], [ 73.741197288663813, 39.156878230188731 ], [ 73.744600221713227, 39.158170579093188 ], [ 73.750470461090543, 39.160891236205401 ], [ 73.757771689238297, 39.164036538068274 ], [ 73.764905242794867, 39.166376850308204 ], [ 73.773193801032122, 39.168683860280538 ], [ 73.779274039872632, 39.169575574475033 ], [ 73.781119598116703, 39.169703976657495 ], [ 73.781120598116701, 39.169703976657495 ], [ 73.780881719781377, 39.16931730096654 ], [ 73.780608692507272, 39.168035103545257 ], [ 73.780476901278107, 39.167161570692961 ], [ 73.78019209459832, 39.166460458537372 ], [ 73.779753103210638, 39.165989870945864 ], [ 73.778633214307646, 39.16591745344698 ], [ 73.777809919314379, 39.165965062169498 ], [ 73.776978345816445, 39.166419422973092 ], [ 73.776215588802259, 39.167165277618594 ], [ 73.77567703670627, 39.167913992050956 ], [ 73.774844244708632, 39.168426446091871 ], [ 73.773873805010979, 39.168355896270356 ], [ 73.771940049115159, 39.167866124567972 ], [ 73.769636189841265, 39.167197195150393 ], [ 73.767483040356211, 39.166472037513074 ], [ 73.765405863249498, 39.165689694750583 ], [ 73.763919468578976, 39.165263673454994 ], [ 73.763772739158014, 39.165107929737076 ], [ 73.762532999923167, 39.164771559268814 ], [ 73.759439381769596, 39.163607431455951 ], [ 73.7569656966255, 39.162611441037704 ], [ 73.75470249133781, 39.161456045933875 ], [ 73.752860170322023, 39.159981908465504 ], [ 73.751853827600897, 39.158193495334281 ], [ 73.751274046193089, 39.155763236784807 ], [ 73.750734312572774, 39.151070957492578 ], [ 73.748716301949727, 39.147817234224298 ], [ 73.746269131086535, 39.145366872942795 ], [ 73.745716426295971, 39.14438426358835 ], [ 73.745716426295971, 39.14438426358835 ], [ 73.743859635164441, 39.146010996166822 ], [ 73.740637918548359, 39.149234395065072 ], [ 73.737164200665305, 39.154488589214033 ], [ 73.737165200665302, 39.154488589214033 ] ] ] ] } },
{ "type": "Feature", "properties": { "ID": 718, "周长": 0.029433701707632858, "面积": 3.1885713849377773e-05, "FEATUREID": "OFBB003C1AJ430010020000021", "CHFCAC": "000021", "QDUEAQ": "231208", "CHAHBA": "735618.642", "CHAHBB": "390910.46", "QDUECD": "二叠纪石英闪长岩", "QDUECC": "→δοP", "GZEKG": "131000", "YSEBE": "", "KWB": "", "YSHB": "灰色", "YSC": "1027", "YSD": "1015", "YSJA": "19", "YSJAA": "", "YKBIC": "异源包体", "YSJBA": "10", "YSJBB": "10", "GZIDB": "30", "YSADAA": "", "YSKD": "21", "YSKC": "200", "YSQA": "1007", "DDCDS": "1224", "fill_color": -25088, "pattern": 386, "pattern_color": -13824, "_src_file": "LDZOFBB003.WP", "_src_id": 20 }, "geometry": { "type": "MultiPolygon", "coordinates": [ [ [ [ 73.931591867877785, 39.150716502218863 ], [ 73.935235735602149, 39.150581659115225 ], [ 73.936347670107594, 39.150449848967042 ], [ 73.938577644370071, 39.150041427544117 ], [ 73.93902049264635, 39.149875181821699 ], [ 73.93902049264635, 39.149875181821699 ], [ 73.939586118328378, 39.150722333499594 ], [ 73.940425351706381, 39.151831900408069 ], [ 73.94103410999216, 39.152399581457985 ], [ 73.941709358189641, 39.152939301975948 ], [ 73.942653749682634, 39.153774642422725 ], [ 73.943431095725657, 39.154475050572593 ], [ 73.943903493347761, 39.154852845814411 ], [ 73.944206173007217, 39.155308347661702 ], [ 73.944270150972585, 39.155574952538714 ], [ 73.944197413121699, 39.155760196695724 ], [ 73.944023775331942, 39.155891065175553 ], [ 73.943541150733282, 39.155991699451299 ], [ 73.942925265186631, 39.155984387171394 ], [ 73.942309208888048, 39.155870755610927 ], [ 73.94142372893414, 39.155594393255718 ], [ 73.940265375320834, 39.155181869614914 ], [ 73.939108038336357, 39.154769334642786 ], [ 73.936929725068893, 39.153813643187895 ], [ 73.934961528967008, 39.152673606224894 ], [ 73.931591867877785, 39.150716502218863 ] ] ] ] } },
{ "type": "Feature", "properties": { "ID": 719, "周长": 0.46146169997887881, "面积": 0.003103256769207495, "FEATUREID": "OFBB003C1AJ430010020000022", "CHFCAC": "000022", "QDUEAQ": "241015", "CHAHBA": "735414.527", "CHAHBB": "390634.91", "QDUECD": "三叠纪黑云母二长花岗岩", "QDUECC": "→ηγT↓2", "GZEKG": "123200", "YSEBE": "", "KWB": "", "YSHB": "灰白色", "YSC": "1025-1029", "YSD": "1015", "YSJA": "19", "YSJAA": "", "YKBIC": "异源包体", "YSJBA": "10", "YSJBB": "10", "GZIDB": "20", "YSADAA": "", "YSKD": "21", "YSKC": "200", "YSQA": "1007", "DDCDS": "1224", "fill_color": -22016, "pattern": 386, "pattern_color": -8192, "_src_file": "LDZOFBB003.WP", "_src_id": 21 }, "geometry": { "type": "MultiPolygon", "coordinates": [ [ [ [ 73.894697859602445, 39.072447651285422 ], [ 73.894698204518861, 39.072447799729879 ], [ 73.894698859602443, 39.072447651285422 ], [ 73.894697859602445, 39.072447651285422 ] ] ], [ [ [ 73.89829488243177, 39.072481756350228 ], [ 73.897489615356449, 39.072846166797078 ], [ 73.896529974151079, 39.072897391792516 ], [ 73.89557249261378, 39.072824074155349 ], [ 73.894698204518861, 39.072447799729879 ], [ 73.888267272218314, 39.073905073720461 ], [ 73.887308985627371, 39.074783731346578 ], [ 73.885844932756825, 39.074984766707068 ], [ 73.884603639350203, 39.074735207632116 ], [ 73.881793899373733, 39.075756539454154 ], [ 73.880097462629195, 39.076382838276089 ], [ 73.877965856981206, 39.077411963573731 ], [ 73.875522556009756, 39.078515553411393 ], [ 73.875521556009758, 39.078515553411393 ], [ 73.876280442350762, 39.079361727232182 ], [ 73.876485898108768, 39.080102110385134 ], [ 73.87640308419715, 39.080668818997324 ], [ 73.875960178668052, 39.081004244141845 ], [ 73.874935720056399, 39.081276092050693 ], [ 73.873113256312649, 39.081368275073608 ], [ 73.871560558946925, 39.081204563830873 ], [ 73.871559558946927, 39.081204563830873 ], [ 73.870331736720559, 39.082042102670542 ], [ 73.867078773593136, 39.084787317015063 ], [ 73.866221450996122, 39.085662576454098 ], [ 73.866222450996119, 39.085662576454098 ], [ 73.86706534007871, 39.086969001437595 ], [ 73.86808575153492, 39.088749908275631 ], [ 73.868716528633698, 39.089632270098917 ], [ 73.869073711347568, 39.090196762560268 ], [ 73.869602622171541, 39.090905116318083 ], [ 73.870154373088695, 39.09160281518556 ], [ 73.870709742080692, 39.092251890154451 ], [ 73.871048355219514, 39.09289218716205 ], [ 73.871330269438118, 39.093440915348005 ], [ 73.872564152333069, 39.096227933926919 ], [ 73.873536245662621, 39.097330167441378 ], [ 73.874686749861539, 39.098251399634179 ], [ 73.875612712845566, 39.098670672149545 ], [ 73.876603317267111, 39.098727640030546 ], [ 73.877422907773195, 39.098555695075397 ], [ 73.878071483380651, 39.098154836326017 ], [ 73.879190516114988, 39.097532559578831 ], [ 73.880249769487946, 39.096999602032341 ], [ 73.880897626661323, 39.096643546441783 ], [ 73.882909032700624, 39.095030725003092 ], [ 73.884088047739695, 39.094317222141861 ], [ 73.885087332032953, 39.093874324849729 ], [ 73.886086603960493, 39.093431418776575 ], [ 73.887317523979689, 39.093082096682451 ], [ 73.888369531241779, 39.092957944596037 ], [ 73.889823386857486, 39.093202048940753 ], [ 73.890983311891659, 39.093579087787155 ], [ 73.8920282065462, 39.093863883598523 ], [ 73.893135371868766, 39.093922131436067 ], [ 73.894244114841484, 39.093889484035834 ], [ 73.895472640807583, 39.09367640252556 ], [ 73.896638120273295, 39.093735291148221 ], [ 73.897160578237163, 39.093877662779022 ], [ 73.897506525699171, 39.094108904672183 ], [ 73.897732696471195, 39.094520573859427 ], [ 73.89801639894543, 39.094978355615432 ], [ 73.89800459470608, 39.095659991746643 ], [ 73.897756379263427, 39.09652071255293 ], [ 73.897395465383951, 39.097152876745632 ], [ 73.897093673424578, 39.09774011095675 ], [ 73.897080493333135, 39.098511446576474 ], [ 73.897243816564313, 39.099194052098674 ], [ 73.897582098521482, 39.099878669989351 ], [ 73.898094568537914, 39.100610675971424 ], [ 73.89871981766639, 39.101570881551183 ], [ 73.899399532419977, 39.10275861948778 ], [ 73.899849080530643, 39.103762181846562 ], [ 73.900066893881828, 39.104672316479501 ], [ 73.900056064041806, 39.105307533959099 ], [ 73.899393612998452, 39.10652522100419 ], [ 73.899088830485724, 39.107293203357713 ], [ 73.89866893876416, 39.107969096483743 ], [ 73.89842091625006, 39.108828492307744 ], [ 73.898407745697753, 39.109599826811902 ], [ 73.898166691577757, 39.110050868296085 ], [ 73.897519666382024, 39.110361090676278 ], [ 73.896641656549747, 39.110532506167168 ], [ 73.895062935419972, 39.110741213976894 ], [ 73.894356011882451, 39.111141491354942 ], [ 73.89376184544075, 39.11176997497514 ], [ 73.893171558609225, 39.112171592788314 ], [ 73.892295073116259, 39.112252227744492 ], [ 73.89200420981409, 39.112203484528798 ], [ 73.891366491251901, 39.111969202134738 ], [ 73.890036642014849, 39.111273092237141 ], [ 73.888648494869642, 39.110576289826312 ], [ 73.887492116110877, 39.109972922529323 ], [ 73.88638938828386, 39.109642457332853 ], [ 73.885575168343905, 39.10949685657981 ], [ 73.884932795408218, 39.109534776223732 ], [ 73.884521378756517, 39.109711519673944 ], [ 73.883991736954968, 39.109977650942795 ], [ 73.883690692858352, 39.110518728067852 ], [ 73.883438558165778, 39.111604950692161 ], [ 73.883420516096109, 39.112648514877996 ], [ 73.883580600760155, 39.113512623630285 ], [ 73.883974792209656, 39.114334075711106 ], [ 73.884425753733552, 39.115246948763073 ], [ 73.886475582722497, 39.118175172944035 ], [ 73.887047962474426, 39.118817155112616 ], [ 73.887791450456291, 39.119688028937837 ], [ 73.888186503615913, 39.120464092492007 ], [ 73.888233114593575, 39.121145353724486 ], [ 73.887933618718364, 39.121595695878135 ], [ 73.887518225936773, 39.121999310358582 ], [ 73.8868087960644, 39.122535658178172 ], [ 73.886099358362316, 39.123071999251025 ], [ 73.885563351894561, 39.123701111860548 ], [ 73.885023420723257, 39.124557085512173 ], [ 73.884656924285224, 39.125505836055531 ], [ 73.88435111073629, 39.1263191461573 ], [ 73.883871053283769, 39.127085046841763 ], [ 73.883042509597928, 39.127756126255491 ], [ 73.882219277898173, 39.128110664193457 ], [ 73.881047234977373, 39.128372412629105 ], [ 73.87941152546442, 39.128447689214283 ], [ 73.878307514840913, 39.128164068417604 ], [ 73.877316194861123, 39.128109020340482 ], [ 73.877080330507084, 39.12824324539752 ], [ 73.876897975973165, 39.128650986769692 ], [ 73.876943405681686, 39.129379418576399 ], [ 73.877107179169002, 39.13001799237982 ], [ 73.877390102387437, 39.130521214177705 ], [ 73.878889770811071, 39.131536648627247 ], [ 73.879582065002992, 39.131998303074191 ], [ 73.879924185330665, 39.132456590940642 ], [ 73.880094439777622, 39.132731225798317 ], [ 73.880085573055922, 39.1332316346071 ], [ 73.87989596311472, 39.13404880649221 ], [ 73.879879838072554, 39.134958643452947 ], [ 73.880098789887938, 39.135779741308134 ], [ 73.880377725972494, 39.136510416887972 ], [ 73.880715840110938, 39.13719616107187 ], [ 73.881114750038478, 39.137745988618605 ], [ 73.881431544681263, 39.138255370991303 ], [ 73.882018319607113, 39.139468481277795 ], [ 73.882237846548378, 39.140259246793676 ], [ 73.882629145796443, 39.14095336965466 ], [ 73.883118044984258, 39.141590831119323 ], [ 73.883725199301935, 39.14196299093534 ], [ 73.883964894332308, 39.142131806189695 ], [ 73.884417535913101, 39.142358167591226 ], [ 73.885308110473403, 39.1427153105153 ], [ 73.886082131526351, 39.142965378536999 ], [ 73.886543765415624, 39.143273121822538 ], [ 73.88661838850733, 39.143455832965394 ], [ 73.886538417363198, 39.143576400313258 ], [ 73.886195868655378, 39.143667092804769 ], [ 73.887587192048557, 39.144469755031409 ], [ 73.890788138242016, 39.146217818609124 ], [ 73.892619716822566, 39.147058045488954 ], [ 73.894409344962071, 39.147748946835186 ], [ 73.899733183890959, 39.149560648909507 ], [ 73.901383570404249, 39.149952287653349 ], [ 73.905401145970657, 39.150520870008322 ], [ 73.90781251784108, 39.15077271445908 ], [ 73.909706532262121, 39.150795230494325 ], [ 73.910796170353592, 39.150770981540383 ], [ 73.912459040035955, 39.150417152062623 ], [ 73.913135206602988, 39.150274402510995 ], [ 73.912841108118528, 39.149732424071502 ], [ 73.912337605624359, 39.149056260941926 ], [ 73.91099142415321, 39.147915504139256 ], [ 73.909753647248309, 39.146480988155915 ], [ 73.908850401906705, 39.145452282629947 ], [ 73.907383614885831, 39.143318173657278 ], [ 73.90476755133821, 39.140527971001376 ], [ 73.904301800246301, 39.139932993922542 ], [ 73.904137996902065, 39.139529032693936 ], [ 73.904111599328346, 39.139072958333244 ], [ 73.904217973820892, 39.138779219214612 ], [ 73.904425356801369, 39.138567020061423 ], [ 73.904665133775978, 39.138516030919185 ], [ 73.905007376179327, 39.138519777942946 ], [ 73.905447265405357, 39.138685483284156 ], [ 73.906294657414364, 39.13915054306046 ], [ 73.90710094788956, 39.13991008687811 ], [ 73.90899192475068, 39.141056864470933 ], [ 73.909771024017118, 39.141467539856464 ], [ 73.91044584826443, 39.14193070364302 ], [ 73.911019658780788, 39.142312326935091 ], [ 73.911664440410533, 39.142533857012687 ], [ 73.912512178912465, 39.142864841902856 ], [ 73.913294918096639, 39.14322274009254 ], [ 73.915059837171498, 39.144316487202509 ], [ 73.915876103060199, 39.144808914102995 ], [ 73.916657422011767, 39.145220503848854 ], [ 73.917509266520952, 39.145579299898394 ], [ 73.919934007294714, 39.146332339896951 ], [ 73.92338079141669, 39.147472945923866 ], [ 73.926653802574791, 39.148691819149008 ], [ 73.928532912269802, 39.149250476964511 ], [ 73.929385313824028, 39.149582384375925 ], [ 73.930303452326982, 39.149968715419291 ], [ 73.931591867877785, 39.150716502218863 ], [ 73.935235735602149, 39.150581659115225 ], [ 73.936347670107594, 39.150449848967042 ], [ 73.938577644370071, 39.150041427544117 ], [ 73.93902049264635, 39.149875181821699 ], [ 73.938647535538067, 39.149316582224543 ], [ 73.937911372677348, 39.148127788058922 ], [ 73.937141770603787, 39.146884950342908 ], [ 73.936297628281991, 39.145909429911868 ], [ 73.935626409061825, 39.145096850381819 ], [ 73.934785041124101, 39.144067929917405 ], [ 73.934280314647609, 39.143445210953757 ], [ 73.933651282008512, 39.141909217086507 ], [ 73.933421337689651, 39.141182441306952 ], [ 73.933296795074696, 39.140483677528785 ], [ 73.933239595160515, 39.139732089121168 ], [ 73.933349893655887, 39.139170198084813 ], [ 73.933772202721713, 39.138504652945088 ], [ 73.93425963147142, 39.137866721011243 ], [ 73.934851229405297, 39.137337240139892 ], [ 73.935546018798121, 39.136782143618831 ], [ 73.93628088541675, 39.135771725498003 ], [ 73.936914889104997, 39.134437654720813 ], [ 73.937158191183343, 39.133449300939432 ], [ 73.934604055459673, 39.133783663362252 ], [ 73.932441111723435, 39.133818875580999 ], [ 73.930277163895425, 39.133854045347931 ], [ 73.92850328916785, 39.133772771463804 ], [ 73.92711750903905, 39.133454143433582 ], [ 73.924965671907572, 39.132824102442591 ], [ 73.922584255523248, 39.132130827161575 ], [ 73.920819561381066, 39.131444789546791 ], [ 73.919060986220501, 39.130395936950535 ], [ 73.915783746419137, 39.127817173192852 ], [ 73.913509392857847, 39.125189757486403 ], [ 73.912835183617275, 39.123972274468379 ], [ 73.912093211939819, 39.122391827481749 ], [ 73.911279505586549, 39.120568680582693 ], [ 73.910461759215067, 39.118987386179988 ], [ 73.909498563680359, 39.116860227312081 ], [ 73.909145943899873, 39.114927325650555 ], [ 73.908973306122618, 39.111383347868347 ], [ 73.909456306729624, 39.11012776167486 ], [ 73.910007282347763, 39.109233172258122 ], [ 73.910781844343532, 39.108761269072161 ], [ 73.911790708690262, 39.108231827850318 ], [ 73.912643027506689, 39.107760743451031 ], [ 73.913493670502532, 39.107409542130895 ], [ 73.914966431214225, 39.10694439028773 ], [ 73.916205009824552, 39.106476845448 ], [ 73.917834762469724, 39.105893184509469 ], [ 73.919457617573514, 39.10548958431346 ], [ 73.92053733656482, 39.105440608894028 ], [ 73.922541754396903, 39.105461106664549 ], [ 73.924937393025317, 39.105547161169284 ], [ 73.92718331203578, 39.105511847614999 ], [ 73.929428226909749, 39.105476490767039 ], [ 73.932831393545356, 39.105513740673551 ], [ 73.937899751855539, 39.105441929229805 ], [ 73.937783621542152, 39.104956108479108 ], [ 73.937524871247987, 39.104367738402871 ], [ 73.937193659804322, 39.103885061094516 ], [ 73.936725409332951, 39.103427510330015 ], [ 73.936459337656629, 39.102998794665879 ], [ 73.936133322561119, 39.102303221970026 ], [ 73.935908058902285, 39.101582150347234 ], [ 73.935989540180799, 39.100970882873 ], [ 73.936103237052038, 39.100413209028957 ], [ 73.936247916511974, 39.100015565765091 ], [ 73.936497311282594, 39.099645641919068 ], [ 73.936571225836971, 39.099327070136894 ], [ 73.936618583010116, 39.098742034548806 ], [ 73.936633517463818, 39.097943340376354 ], [ 73.936709670580981, 39.097461349815433 ], [ 73.936817884195534, 39.096979739592918 ], [ 73.936927099140732, 39.096498129234647 ], [ 73.936933558635829, 39.096122651645558 ], [ 73.936769820080755, 39.095530703219261 ], [ 73.936474612935115, 39.094883586359529 ], [ 73.934589746995144, 39.092476413715616 ], [ 73.933317716548729, 39.090478027396863 ], [ 73.932879706824053, 39.089829655833697 ], [ 73.932107362284228, 39.088748548584164 ], [ 73.931843459162465, 39.088048341530239 ], [ 73.93154961435603, 39.08705275185153 ], [ 73.931045183366393, 39.084123604424256 ], [ 73.930545246691992, 39.083233119935031 ], [ 73.930211864212012, 39.082532183739637 ], [ 73.930153941682789, 39.08180732479692 ], [ 73.930055661553936, 39.081430759901195 ], [ 73.929717797327683, 39.081105299999514 ], [ 73.929207473209814, 39.080858486537622 ], [ 73.928493183698734, 39.080502217498321 ], [ 73.927920288588894, 39.07998647537152 ], [ 73.926979056382962, 39.078901906737585 ], [ 73.926477716414524, 39.078036837290945 ], [ 73.925945038128219, 39.077117676860397 ], [ 73.925122413447752, 39.075228169034403 ], [ 73.924341614103923, 39.072774891723597 ], [ 73.923077874926889, 39.068938103959141 ], [ 73.921109578331908, 39.068814162456647 ], [ 73.919537208164016, 39.068874470640978 ], [ 73.914579571605117, 39.069543593826893 ], [ 73.908003745536845, 39.070520135283999 ], [ 73.904893821727526, 39.070789148394212 ], [ 73.903381098241127, 39.070975072402433 ], [ 73.901569079414145, 39.07115799695557 ], [ 73.898629693441521, 39.071658964231986 ], [ 73.898628693441523, 39.071658964231986 ], [ 73.898624092496974, 39.071925023203541 ], [ 73.89829488243177, 39.072481756350228 ] ], [ [ 73.914697357515308, 39.079950381288107 ], [ 73.917351025136611, 39.081045219606381 ], [ 73.918813248216097, 39.081786003583346 ], [ 73.91999910140126, 39.082523866128589 ], [ 73.921077646363045, 39.083217905719039 ], [ 73.92279565564175, 39.085027839049133 ], [ 73.923873754583127, 39.085892459089862 ], [ 73.925061984037058, 39.086544967252237 ], [ 73.926685979723132, 39.087415345056385 ], [ 73.930097164833839, 39.088773895552556 ], [ 73.931289618554871, 39.089213081032 ], [ 73.931887849600059, 39.089432669249511 ], [ 73.932155788824005, 39.089606153673742 ], [ 73.932207406287631, 39.089734683257831 ], [ 73.932099433290475, 39.089733534283141 ], [ 73.93182700087425, 39.089730658023697 ], [ 73.931227273237326, 39.089681677748743 ], [ 73.929759013471909, 39.089538174876409 ], [ 73.927907734371175, 39.089433265336716 ], [ 73.926061215691917, 39.089072416683976 ], [ 73.924427582703174, 39.088798974536971 ], [ 73.9207298504504, 39.087990709634305 ], [ 73.918229885396386, 39.087323512745293 ], [ 73.913879700086852, 39.086252009398898 ], [ 73.912369609113171, 39.085766031900199 ], [ 73.910161062815135, 39.084760506543425 ], [ 73.908709849935221, 39.083934030347713 ], [ 73.907745521395171, 39.083240940484252 ], [ 73.906195781900777, 39.08190165931412 ], [ 73.905241389019466, 39.080696998313087 ], [ 73.904391202526966, 39.079621251222669 ], [ 73.904135944045805, 39.078720485119796 ], [ 73.904189877338467, 39.078678350389936 ], [ 73.904461716081173, 39.078638677218493 ], [ 73.905279943294801, 39.078476901449427 ], [ 73.907883803955315, 39.078506350159522 ], [ 73.912099437965153, 39.079223791682075 ], [ 73.913017546354169, 39.079462160360393 ], [ 73.914697357515308, 39.079950381288107 ] ] ] ] } },
{ "type": "Feature", "properties": { "ID": 720, "周长": 0.015477364975284484, "面积": 1.0707672809666911e-05, "FEATUREID": "OFBB003C1AJ430010020000023", "CHFCAC": "000023", "QDUEAQ": "231208", "CHAHBA": "735716.606", "CHAHBB": "390855.62", "QDUECD": "二叠纪石英闪长岩", "QDUECC": "→δοP", "GZEKG": "131000", "YSEBE": "", "KWB": "", "YSHB": "灰色", "YSC": "1027", "YSD": "1015", "YSJA": "19", "YSJAA": "", "YKBIC": "异源包体", "YSJBA": "10", "YSJBB": "10", "GZIDB": "30", "YSADAA": "", "YSKD": "21", "YSKC": "200", "YSQA": "1007", "DDCDS": "1224", "fill_color": -4608, "pattern": 386, "pattern_color": -13824, "_src_file": "LDZOFBB003.WP", "_src_id": 22 }, "geometry": { "type": "MultiPolygon", "coordinates": [ [ [ [ 73.951945090413105, 39.147234426417697 ], [ 73.952841009182279, 39.148921659503536 ], [ 73.953210026419711, 39.149596455381101 ], [ 73.953647163021415, 39.150030729192224 ], [ 73.954191494399851, 39.150305331588598 ], [ 73.954536184239373, 39.150309367890365 ], [ 73.954984458181357, 39.150126915432054 ], [ 73.95570959590242, 39.149571825552016 ], [ 73.956157598787058, 39.149092982115064 ], [ 73.956466746129465, 39.148800731286379 ], [ 73.956943688302516, 39.148590846818465 ], [ 73.957561192103782, 39.1483555278379 ], [ 73.957937864905034, 39.148144569033718 ], [ 73.958144313155998, 39.147904964804013 ], [ 73.958307128874722, 39.147499224339612 ], [ 73.958307128874722, 39.147499224339612 ], [ 73.956179984751941, 39.147475537028662 ], [ 73.955053582721504, 39.147463708889312 ], [ 73.953518671423311, 39.147483169876892 ], [ 73.951945090413105, 39.147234426417697 ] ] ] ] } },
{ "type": "Feature", "properties": { "ID": 721, "周长": 0.60777417321667593, "面积": 0.0021761624759165932, "FEATUREID": "OFBB003C1AJ430010020000024", "CHFCAC": "000024", "QDUEAQ": "241015", "CHAHBA": "740348.256", "CHAHBB": "390643.95", "QDUECD": "三叠纪黑云母二长花岗岩", "QDUECC": "→ηγT↓2", "GZEKG": "123200", "YSEBE": "", "KWB": "", "YSHB": "灰白色", "YSC": "1025-1029", "YSD": "1015", "YSJA": "19", "YSJAA": "", "YKBIC": "异源包体", "YSJBA": "10", "YSJBB": "10", "GZIDB": "20", "YSADAA": "", "YSKD": "21", "YSKC": "200", "YSQA": "1007", "DDCDS": "1224", "fill_color": -1536, "pattern": 386, "pattern_color": -8192, "_src_file": "LDZOFBB003.WP", "_src_id": 23 }, "geometry": { "type": "MultiPolygon", "coordinates": [ [ [ [ 73.966978417787459, 39.146466379223597 ], [ 73.96805976294354, 39.146285596999512 ], [ 73.969271576581548, 39.146129735212483 ], [ 73.969984467582634, 39.145950364046726 ], [ 73.970460419687114, 39.145741770797429 ], [ 73.970936575674827, 39.145506473664483 ], [ 73.971479654207798, 39.145378703926966 ], [ 73.972055986405735, 39.145331399177977 ], [ 73.97266661010606, 39.1452310427103 ], [ 73.973246608225253, 39.145049714332863 ], [ 73.973964473542296, 39.144762712193128 ], [ 73.974615667181865, 39.144368128446864 ], [ 73.975198168220444, 39.144026330942502 ], [ 73.975744633144416, 39.143844562291662 ], [ 73.976427461253692, 39.143637395383557 ], [ 73.977586379191266, 39.1434348771839 ], [ 73.980004535975681, 39.143164439310247 ], [ 73.981775215953547, 39.142994575144698 ], [ 73.983947762793278, 39.142643403415569 ], [ 73.985134117294294, 39.142549176940406 ], [ 73.986218564647444, 39.142480580080623 ], [ 73.987302011510181, 39.142492156770608 ], [ 73.988487692970921, 39.142451351835632 ], [ 73.989977481161404, 39.142467262802818 ], [ 73.991369828000515, 39.142564638510727 ], [ 73.992421826136336, 39.14268445112144 ], [ 73.993949278589653, 39.142836842165657 ], [ 73.99510195305578, 39.143037935208881 ], [ 73.99621933861178, 39.143318630602401 ], [ 73.99706522979794, 39.143569268926178 ], [ 73.99722311758255, 39.143648563649108 ], [ 73.997980821632723, 39.144051226055559 ], [ 73.998748419455623, 39.144442367413376 ], [ 73.999525623783327, 39.144821838696998 ], [ 74.000312144370355, 39.145189495363965 ], [ 74.001107679288111, 39.145545199532449 ], [ 74.001911932305475, 39.145888817878919 ], [ 74.002724604183513, 39.146220223815469 ], [ 74.003545387020253, 39.146539288434717 ], [ 74.004618524618465, 39.146918936422082 ], [ 74.005975616123266, 39.14739973032178 ], [ 74.007618163939611, 39.14778842590934 ], [ 74.00833704757963, 39.147841382089112 ], [ 74.008995956810011, 39.147893823860386 ], [ 74.009805664866676, 39.147900706401941 ], [ 74.010557960536374, 39.147766585259077 ], [ 74.011642264683616, 39.147518183196645 ], [ 74.012581804554316, 39.14738592499431 ], [ 74.013067525184283, 39.147249661531234 ], [ 74.013401534565588, 39.147135476200638 ], [ 74.013735731376457, 39.146974427576367 ], [ 74.014039786551066, 39.146766247806845 ], [ 74.014465225385976, 39.14653571360116 ], [ 74.015771101925807, 39.146031820411778 ], [ 74.016348322687833, 39.145755762361368 ], [ 74.016652364989042, 39.145547575566617 ], [ 74.017017507980839, 39.145222770509008 ], [ 74.017443748991028, 39.144781346561054 ], [ 74.017686957588054, 39.144619481031981 ], [ 74.018173742455943, 39.144202023621197 ], [ 74.018387173310018, 39.143899302615871 ], [ 74.018570463394028, 39.143549449915767 ], [ 74.018692656742871, 39.143316213104917 ], [ 74.018815031407911, 39.143036115970702 ], [ 74.018997952977671, 39.142779987354281 ], [ 74.019272653969736, 39.142313783471735 ], [ 74.020812595290934, 39.139656716556715 ], [ 74.021122190669914, 39.139120689776973 ], [ 74.021460497816079, 39.138655160897635 ], [ 74.021675474646557, 39.138375943739291 ], [ 74.0219504201863, 39.138097227169233 ], [ 74.022225363517038, 39.137818512161289 ], [ 74.022590258119834, 39.137540550867463 ], [ 74.023075514094373, 39.137240176590225 ], [ 74.023620735368951, 39.136940304875743 ], [ 74.024314606222973, 39.136711930577171 ], [ 74.024826455937514, 39.136599121816872 ], [ 74.025367866017149, 39.136509976500591 ], [ 74.025757663797691, 39.136513235460434 ], [ 74.026147190037449, 39.13651647958865 ], [ 74.026359238184838, 39.136565207547534 ], [ 74.026601430994376, 39.136661062177929 ], [ 74.028084037868723, 39.137470760927904 ], [ 74.029167889853156, 39.137807952765144 ], [ 74.030099520027051, 39.138096891264119 ], [ 74.030881251581022, 39.138243986159672 ], [ 74.031091861588266, 39.138245739465212 ], [ 74.031392732690094, 39.138248240307497 ], [ 74.031723957857537, 39.138180698752819 ], [ 74.031904656072086, 39.138135338044776 ], [ 74.032205792339298, 39.138067545183112 ], [ 74.032507061495835, 39.138046616682573 ], [ 74.032778942275002, 39.138025441265739 ], [ 74.033050638252362, 39.13802769795285 ], [ 74.033382709586434, 39.138030452500907 ], [ 74.033714403489725, 39.138080067016141 ], [ 74.033986099752084, 39.138082321525367 ], [ 74.03437854679467, 39.138085573642002 ], [ 74.034711369239687, 39.137994604788517 ], [ 74.035135318438947, 39.137834095594357 ], [ 74.03558964136522, 39.13765040415602 ], [ 74.03598377073908, 39.137442781042083 ], [ 74.036257710659982, 39.137163868971669 ], [ 74.03671819962733, 39.136206980545595 ], [ 74.037388863662486, 39.135392416107528 ], [ 74.03766260117763, 39.135136928696049 ], [ 74.038057184221699, 39.134882368256932 ], [ 74.038663999615778, 39.134605593703739 ], [ 74.039451163679885, 39.134400747159042 ], [ 74.041506164544685, 39.134206335215644 ], [ 74.04189884842782, 39.134186082276329 ], [ 74.042563719880249, 39.134121103320268 ], [ 74.043440153807353, 39.134034373225582 ], [ 74.044014717045869, 39.133945160932242 ], [ 74.044680605025036, 39.133786249592781 ], [ 74.045134421191449, 39.133696042003635 ], [ 74.045527608222542, 39.133628817750534 ], [ 74.046282777385912, 39.133588038553206 ], [ 74.046645016440408, 39.133591004321474 ], [ 74.047006746866188, 39.133640927998329 ], [ 74.04730759750376, 39.133737316139658 ], [ 74.047577756130778, 39.133880415901544 ], [ 74.047937462184819, 39.134118177427986 ], [ 74.04886844244389, 39.134571940005223 ], [ 74.049199994699137, 39.134621610619256 ], [ 74.049652292867577, 39.134672264893155 ], [ 74.050165722981617, 39.134652968576418 ], [ 74.050800155664064, 39.13461117615244 ], [ 74.051042155324311, 39.134566183538652 ], [ 74.051284660575675, 39.134474229085903 ], [ 74.05149697747791, 39.134382030708423 ], [ 74.051709346205925, 39.134243033540848 ], [ 74.05195329593532, 39.133963443785049 ], [ 74.052350845588592, 39.13340344930414 ], [ 74.053054576828842, 39.132376563634978 ], [ 74.053146430388921, 39.132236496759511 ], [ 74.053391877768235, 39.131816024085509 ], [ 74.053607459062562, 39.131371799717407 ], [ 74.053761554306348, 39.131044434301245 ], [ 74.054006993771054, 39.130623960150764 ], [ 74.054437384288775, 39.129805947058323 ], [ 74.054684072636832, 39.129268071118197 ], [ 74.054932764702045, 39.128542353316163 ], [ 74.055366646741589, 39.127395617364662 ], [ 74.0557746628307, 39.125849446101533 ], [ 74.055901381388423, 39.125263526105606 ], [ 74.0560572037421, 39.124771795198043 ], [ 74.056214528124301, 39.124139184063658 ], [ 74.056372102183744, 39.123483090758079 ], [ 74.056468195855288, 39.122943860482714 ], [ 74.056901515055813, 39.121844076251591 ], [ 74.057029415627127, 39.121140672517143 ], [ 74.057218153248087, 39.120319406552184 ], [ 74.057433708509109, 39.119827474126865 ], [ 74.057709679265201, 39.11931252096177 ], [ 74.059113505951274, 39.1173491596182 ], [ 74.059236450300858, 39.117091522440496 ], [ 74.059479950299647, 39.116788534025893 ], [ 74.059814149621673, 39.116439360578163 ], [ 74.06020873968329, 39.116067216118459 ], [ 74.061210244508473, 39.115136968863325 ], [ 74.062910153090726, 39.113508589884766 ], [ 74.063243685859803, 39.113229773958246 ], [ 74.063818779789372, 39.112859067301251 ], [ 74.064302965252168, 39.112558003393723 ], [ 74.064968737887568, 39.112141102674642 ], [ 74.068647724594399, 39.11061899553048 ], [ 74.069278452292124, 39.110505487230618 ], [ 74.069669142165992, 39.110390442900773 ], [ 74.07003328144333, 39.110311353549882 ], [ 74.07003328144333, 39.110311353549882 ], [ 74.070450394291669, 39.110183860266645 ], [ 74.07072106163173, 39.110068051182118 ], [ 74.070931842401649, 39.109928354529387 ], [ 74.071143122460441, 39.10969463549214 ], [ 74.071324649455235, 39.109413715585212 ], [ 74.071386404695005, 39.109085019764009 ], [ 74.071328269023027, 39.108732058269787 ], [ 74.071149117752896, 39.108566375950652 ], [ 74.070849954144137, 39.108399930524037 ], [ 74.070340764373427, 39.108232147379702 ], [ 74.069741438518065, 39.108087295639187 ], [ 74.069201623040072, 39.108036845165209 ], [ 74.068571669613533, 39.108009322644641 ], [ 74.067761569163721, 39.108004153223597 ], [ 74.060337142167114, 39.108538221165432 ], [ 74.05994599762802, 39.108535065392893 ], [ 74.059223455812727, 39.108576150484296 ], [ 74.058470828963806, 39.108616988110661 ], [ 74.057417743467667, 39.108608473468749 ], [ 74.051431344492073, 39.10841914711726 ], [ 74.047220896833309, 39.108009468236752 ], [ 74.038563735764939, 39.106606852041352 ], [ 74.028821837872712, 39.105090662325949 ], [ 74.027617740411486, 39.104836748944884 ], [ 74.027617740411486, 39.104836748944884 ], [ 74.022465354480204, 39.103750081909638 ], [ 74.013837389149813, 39.101210574398308 ], [ 74.004451836240221, 39.097324195269309 ], [ 74.003249468751193, 39.096753399434277 ], [ 74.0025058438153, 39.096363399387755 ], [ 74.001769603275037, 39.09596612194477 ], [ 74.0010378620251, 39.095561624504853 ], [ 74.000314734792099, 39.095149975726841 ], [ 73.999597336388632, 39.094731237516591 ], [ 73.998885781522432, 39.0943054785361 ], [ 73.998183182034182, 39.093872765172449 ], [ 73.997485652580579, 39.093433168341953 ], [ 73.996795302061869, 39.092986756661055 ], [ 73.996113239304918, 39.092533603250338 ], [ 73.995092633864502, 39.091878002325181 ], [ 73.993672251652058, 39.09097904027638 ], [ 73.991969446772799, 39.090049000695785 ], [ 73.989701944858453, 39.088860590097283 ], [ 73.986790920584937, 39.087881609656627 ], [ 73.985491801541073, 39.087421921964577 ], [ 73.984508864023084, 39.087159732276689 ], [ 73.982889493329054, 39.086778209053513 ], [ 73.981073026536535, 39.086455247441123 ], [ 73.976953037307823, 39.085391070334332 ], [ 73.975033114141979, 39.08484664005443 ], [ 73.97184973163354, 39.084454091661321 ], [ 73.969963875374134, 39.084020239002669 ], [ 73.968493705930115, 39.083811439190825 ], [ 73.964679183626203, 39.083467058325589 ], [ 73.960372265197478, 39.083036826044406 ], [ 73.958727884929203, 39.082633637117816 ], [ 73.957259955371384, 39.082232079958033 ], [ 73.954847286936271, 39.0815447405638 ], [ 73.953800226768564, 39.081147490499006 ], [ 73.950101432209792, 39.079590844033802 ], [ 73.94874199244299, 39.079079643360892 ], [ 73.947555798308628, 39.078597861183624 ], [ 73.946681819496504, 39.078285018214103 ], [ 73.945667196103855, 39.078025930741767 ], [ 73.944865006950678, 39.077741415776792 ], [ 73.944202422575543, 39.077458359963074 ], [ 73.941869592043943, 39.076218951822113 ], [ 73.94024146151618, 39.07561026468629 ], [ 73.938265288723827, 39.074929794817436 ], [ 73.938265288723827, 39.074929794817436 ], [ 73.938973723675275, 39.076879514934348 ], [ 73.939333424185236, 39.077635450549003 ], [ 73.939732868008576, 39.078311168037231 ], [ 73.941212635447584, 39.079616024684825 ], [ 73.942321296640117, 39.080540700550628 ], [ 73.944887352389671, 39.082285802406062 ], [ 73.945591831305464, 39.082937535682298 ], [ 73.946295231523479, 39.083696642659831 ], [ 73.946830196633513, 39.084427125962961 ], [ 73.947515356238085, 39.086072091770845 ], [ 73.948105760092076, 39.08736701155771 ], [ 73.94982955399098, 39.090230957400181 ], [ 73.950757685737031, 39.091797335706048 ], [ 73.951225707050327, 39.092419488518296 ], [ 73.951561028021104, 39.092932846869616 ], [ 73.9520311386147, 39.093340435831323 ], [ 73.952435666692281, 39.09363998971989 ], [ 73.953080407746498, 39.093888543941858 ], [ 73.953691775160422, 39.093948978156789 ], [ 73.954441676460519, 39.093983936508032 ], [ 73.95563710943614, 39.094023127360245 ], [ 73.956560917205607, 39.094113175121187 ], [ 73.957550604084716, 39.094230767434695 ], [ 73.95816566236266, 39.094263946624807 ], [ 73.958747639089225, 39.094135702689158 ], [ 73.959229537150392, 39.093979556932091 ], [ 73.95967755629303, 39.093796191263358 ], [ 73.960191969169543, 39.093774490972841 ], [ 73.960736954078271, 39.093833663458 ], [ 73.961655259871307, 39.094003978959584 ], [ 73.962875086160153, 39.094365277592324 ], [ 73.964811523519558, 39.094841113750753 ], [ 73.967765039923847, 39.095783502089141 ], [ 73.968578429855938, 39.096086964112793 ], [ 73.968983840826269, 39.096305805148333 ], [ 73.969149844212012, 39.096549108208912 ], [ 73.969213465200767, 39.096791390996337 ], [ 73.969073864550282, 39.096951096267389 ], [ 73.968868581791043, 39.096975899151047 ], [ 73.96845756218012, 39.096944971121999 ], [ 73.967775520877254, 39.096911316138488 ], [ 73.967027222669003, 39.09687697583702 ], [ 73.966343147510571, 39.096897001646916 ], [ 73.965759876181025, 39.097052270688074 ], [ 73.963597960656116, 39.097594493257503 ], [ 73.958727937583177, 39.098881077670576 ], [ 73.957526307043238, 39.099479705323262 ], [ 73.95594447670355, 39.100260372772041 ], [ 73.955425558392406, 39.100573912383545 ], [ 73.95511303491827, 39.100889707408747 ], [ 73.954765460314263, 39.101311521017607 ], [ 73.954441543321195, 39.102185883637709 ], [ 73.953968839422316, 39.103728344984368 ], [ 73.953968839422316, 39.103728344984368 ], [ 73.956433928806973, 39.10342088722085 ], [ 73.958049456248105, 39.103346491546311 ], [ 73.960571128717874, 39.10331293786556 ], [ 73.962975750861418, 39.10330895546435 ], [ 73.965659630104099, 39.103123617721828 ], [ 73.969535443011424, 39.102577422889723 ], [ 73.974829242648951, 39.10207595524146 ], [ 73.977711121035924, 39.102042898871041 ], [ 73.984265750113394, 39.102048935620687 ], [ 73.986637227468776, 39.102169248662065 ], [ 73.989005012954152, 39.102383528275276 ], [ 73.991529798858195, 39.102599741525736 ], [ 73.994385436930855, 39.102886308591465 ], [ 73.995258728522444, 39.103006540422562 ], [ 73.996127395430094, 39.103137821915041 ], [ 73.996997210175223, 39.103280121898386 ], [ 73.997861942542897, 39.103433397926025 ], [ 73.998721359357603, 39.103597612036104 ], [ 73.999579239059003, 39.103772721869341 ], [ 74.000433351473632, 39.103958680495211 ], [ 74.001285469372888, 39.104155436511107 ], [ 74.002131371267097, 39.104362940821495 ], [ 74.002971829973362, 39.104581137532662 ], [ 74.003809624110303, 39.104809968554662 ], [ 74.004639535207986, 39.105049373576364 ], [ 74.006575781657801, 39.105457815717919 ], [ 74.012855921409511, 39.106827497212983 ], [ 74.013779241705038, 39.10698175441928 ], [ 74.014889601123514, 39.107210562666538 ], [ 74.015995276418195, 39.107475786314325 ], [ 74.017289018405918, 39.107779011084816 ], [ 74.021391229662683, 39.108687063558897 ], [ 74.023631210732674, 39.109033419092917 ], [ 74.028107576709601, 39.109798789980523 ], [ 74.029417028192483, 39.110026931318998 ], [ 74.030211908039533, 39.110141439039182 ], [ 74.03296943560683, 39.110560219814374 ], [ 74.034513061198112, 39.11071608230052 ], [ 74.035635674994424, 39.110832735589199 ], [ 74.037320424526527, 39.110991181478489 ], [ 74.039189458553039, 39.111116045942708 ], [ 74.040171607186736, 39.11119708813785 ], [ 74.041107639206061, 39.111204793709753 ], [ 74.044247040436986, 39.111048202124373 ], [ 74.045837967691654, 39.110988303138342 ], [ 74.047289162374355, 39.110854291436198 ], [ 74.048181062726329, 39.110788616364296 ], [ 74.050383412487506, 39.110514797341999 ], [ 74.052491896094764, 39.110240173708064 ], [ 74.05427099551062, 39.110108731530104 ], [ 74.0557687253784, 39.110047930284757 ], [ 74.057123437692766, 39.110058916132388 ], [ 74.05829302035167, 39.110068374661999 ], [ 74.060165360012718, 39.110192896869023 ], [ 74.061005807742987, 39.110382040232821 ], [ 74.061658470106451, 39.110642613005773 ], [ 74.062030433823736, 39.110900921653077 ], [ 74.062214273262057, 39.111267137284948 ], [ 74.062207992099587, 39.111741258540874 ], [ 74.062067002113466, 39.112031897795134 ], [ 74.061875895724754, 39.112358627734146 ], [ 74.061639663471439, 39.112612041459911 ], [ 74.061261415372059, 39.11293726376865 ], [ 74.060651243342704, 39.113370013365362 ], [ 74.059426550959287, 39.114271972193336 ], [ 74.058439397278349, 39.114665217278933 ], [ 74.057873977258225, 39.114988916415534 ], [ 74.057170196088805, 39.115420888566369 ], [ 74.056555977653915, 39.115853615912052 ], [ 74.056037662504806, 39.11636003911358 ], [ 74.055471887477836, 39.116939022138453 ], [ 74.055185878106116, 39.117375109017196 ], [ 74.054711168307634, 39.117956096727127 ], [ 74.05418937638548, 39.118865642310865 ], [ 74.053806320403524, 39.119665544287948 ], [ 74.053565770528479, 39.120174548568087 ], [ 74.052899783619068, 39.121154364506857 ], [ 74.05265943770722, 39.121736381280918 ], [ 74.052279246406471, 39.122353641318419 ], [ 74.051851795719642, 39.122824447126355 ], [ 74.051569301200416, 39.123041048335544 ], [ 74.0510499557993, 39.123328907577729 ], [ 74.04840307599811, 39.125059842931115 ], [ 74.046040809761422, 39.126500958692354 ], [ 74.044625775964391, 39.127146559372207 ], [ 74.043869318950982, 39.127468969286745 ], [ 74.04283447344676, 39.127862074291073 ], [ 74.041375231909257, 39.128251696777085 ], [ 74.038315703695176, 39.12895670815233 ], [ 74.036477361236734, 39.129671736554236 ], [ 74.035347979002751, 39.13002749080885 ], [ 74.033843632689923, 39.130270609574531 ], [ 74.031829023902134, 39.130436431844451 ], [ 74.030658147553694, 39.130463205954079 ], [ 74.029580898123072, 39.130490747852271 ], [ 74.028131007664854, 39.130405650367877 ], [ 74.026967624964499, 39.130322914867754 ], [ 74.02589342995411, 39.130313959008923 ], [ 74.025055320520394, 39.130306943192572 ], [ 74.024030743363866, 39.130298360109784 ], [ 74.023189110002619, 39.130327836859166 ], [ 74.022909355619589, 39.130398504384736 ], [ 74.02084508961768, 39.131220939534465 ], [ 74.020001754931386, 39.131505937000078 ], [ 74.017851942168548, 39.13199897639435 ], [ 74.017103464650177, 39.132102206414807 ], [ 74.016449693227727, 39.13224272658298 ], [ 74.013537205153582, 39.133605538673564 ], [ 74.011945781474751, 39.134030187078189 ], [ 74.010871343208692, 39.134240129501656 ], [ 74.009469093731482, 39.134410783147295 ], [ 74.007651395092779, 39.134431822854829 ], [ 74.006579143993179, 39.134422688533945 ], [ 74.005748885854757, 39.134415600401276 ], [ 74.004841867055063, 39.134354510386459 ], [ 74.003934407233672, 39.134297543811385 ], [ 74.00302553803364, 39.134244700935866 ], [ 74.002117285284129, 39.13419598422265 ], [ 74.001207686409487, 39.134151393982876 ], [ 74.000299770160908, 39.134110930454455 ], [ 73.999391568084789, 39.134074600655488 ], [ 73.998481108995463, 39.134042400322734 ], [ 73.997572421611537, 39.134014331948286 ], [ 73.996662543324092, 39.133990398099805 ], [ 73.995752499992207, 39.133970598994978 ], [ 73.991941988515379, 39.133988485444604 ], [ 73.986445430010335, 39.134192461529331 ], [ 73.981353841750831, 39.134130508448109 ], [ 73.97597326478008, 39.13407797264005 ], [ 73.965852798563517, 39.133660139365205 ], [ 73.960759608144741, 39.133609758915988 ], [ 73.951856602866826, 39.133415943983422 ], [ 73.951856602866826, 39.133415943983422 ], [ 73.951613083522972, 39.133679341019402 ], [ 73.951095110848854, 39.134265358130932 ], [ 73.950507816682787, 39.135118794734744 ], [ 73.950159131606256, 39.136216483434147 ], [ 73.949978980923674, 39.137423407180869 ], [ 73.949867289171664, 39.138469887302222 ], [ 73.949855593337048, 39.139920348039517 ], [ 73.949803016715848, 39.142337425149648 ], [ 73.950031864056015, 39.143548654006345 ], [ 73.95032927358821, 39.144465137915532 ], [ 73.950802417115398, 39.145222251507732 ], [ 73.951508719797403, 39.146411638257618 ], [ 73.951945090413105, 39.147234426417697 ], [ 73.951945090413105, 39.147234426417697 ], [ 73.953518671423311, 39.147483169876892 ], [ 73.955053582721504, 39.147463708889312 ], [ 73.956179984751941, 39.147475537028662 ], [ 73.958307128874722, 39.147499224339612 ], [ 73.958307128874722, 39.147499224339612 ], [ 73.95842405444985, 39.147021422563533 ], [ 73.958697738115433, 39.146648228545509 ], [ 73.959211496187407, 39.146331346748369 ], [ 73.959897190373823, 39.146070030816567 ], [ 73.960341394961873, 39.145671860245422 ], [ 73.960688210362918, 39.145165153823982 ], [ 73.960864122985015, 39.144468600379469 ], [ 73.961177191961156, 39.143666062567597 ], [ 73.961453202471816, 39.14323920723966 ], [ 73.961865939055699, 39.142760082961168 ], [ 73.962343128496798, 39.14249657018329 ], [ 73.962925273778481, 39.142395308771079 ], [ 73.963843334546652, 39.142405120389363 ], [ 73.965447129796232, 39.142395319539958 ], [ 73.966402741296591, 39.142217448882043 ], [ 73.968247051330223, 39.141699795135729 ], [ 73.969038478844467, 39.14130434233099 ], [ 73.970207998185856, 39.140724301625838 ], [ 73.971347034051675, 39.139848169400352 ], [ 73.973493242094492, 39.137933212944453 ], [ 73.973735068376882, 39.137666701547964 ], [ 73.973908433128088, 39.137641493100524 ], [ 73.974148204871696, 39.137616954088458 ], [ 73.974249801205005, 39.137698617087842 ], [ 73.97427995324756, 39.137940925178953 ], [ 73.974207135749424, 39.138289768244441 ], [ 73.973753322709072, 39.138930668959055 ], [ 73.972707792519131, 39.140453089857132 ], [ 73.9718031256986, 39.14165421812514 ], [ 73.971489460438519, 39.142188907521536 ], [ 73.971000667260256, 39.143044543763686 ], [ 73.970445288114291, 39.143872144829984 ], [ 73.970169999986837, 39.144084139332826 ], [ 73.969725485566244, 39.144401765505556 ], [ 73.969175318512669, 39.144772029066232 ], [ 73.968561619217454, 39.145060982210936 ], [ 73.967977151227572, 39.145457739253672 ], [ 73.967395838332081, 39.145961933435942 ], [ 73.966977417787461, 39.146466379223597 ], [ 73.966978417787459, 39.146466379223597 ] ] ] ] } },
{ "type": "Feature", "properties": { "ID": 732, "周长": 0.12521122889241298, "面积": 0.00066234844577563179, "FEATUREID": "OFBB003C1AJ430010020000025", "CHFCAC": "000025", "QDUEAQ": "241015", "CHAHBA": "735525.920", "CHAHBB": "390710.39", "QDUECD": "三叠纪黑云母二长花岗岩", "QDUECC": "→ηγT↓2", "GZEKG": "123200", "YSEBE": "", "KWB": "", "YSHB": "灰白色", "YSC": "1025-1029", "YSD": "1015", "YSJA": "19", "YSJAA": "", "YKBIC": "异源包体", "YSJBA": "10", "YSJBB": "10", "GZIDB": "20", "YSADAA": "", "YSKD": "21", "YSKC": "200", "YSQA": "1007", "DDCDS": "1224", "fill_color": 7680, "pattern": 387, "pattern_color": -8192, "_src_file": "LDZOFBB003.WP", "_src_id": 24 }, "geometry": { "type": "MultiPolygon", "coordinates": [ [ [ [ 73.937158191183343, 39.133449300939432 ], [ 73.937075031002877, 39.132611249600224 ], [ 73.936913458407716, 39.131856634053449 ], [ 73.936754344053185, 39.131209559871259 ], [ 73.936695853596078, 39.130536688685027 ], [ 73.936775157436543, 39.129623295490916 ], [ 73.936923839439757, 39.128764399247395 ], [ 73.937073520487559, 39.127905502665861 ], [ 73.937217012675845, 39.127476779275831 ], [ 73.937323106504223, 39.127209009114317 ], [ 73.937600743670302, 39.126862394102744 ], [ 73.937911070624423, 39.12654302557214 ], [ 73.938085701633327, 39.126249092095421 ], [ 73.938193491825544, 39.125793120107971 ], [ 73.938270594241402, 39.125309898678992 ], [ 73.938175858721323, 39.124717322140214 ], [ 73.937545961988604, 39.123419914463042 ], [ 73.937353555372979, 39.12271870594212 ], [ 73.937128172186874, 39.121802046490657 ], [ 73.937049907401544, 39.120134034917953 ], [ 73.937033221852886, 39.11892380698432 ], [ 73.937079819228558, 39.117983164133371 ], [ 73.937335569259758, 39.116749024566118 ], [ 73.937803226214783, 39.115549224786591 ], [ 73.938141727200176, 39.113955998800037 ], [ 73.938235881057395, 39.11281253998866 ], [ 73.938189309099428, 39.111774033598586 ], [ 73.937937539466944, 39.110706694983165 ], [ 73.937683885075671, 39.10982562102074 ], [ 73.937593854195896, 39.109185885987138 ], [ 73.937607866950131, 39.108467433461811 ], [ 73.937727472698086, 39.107643654608722 ], [ 73.937883979923996, 39.106687199208345 ], [ 73.937963787235049, 39.106182363769832 ], [ 73.937899751855539, 39.105441929229805 ], [ 73.937899751855539, 39.105441929229805 ], [ 73.932831393545356, 39.105513740673551 ], [ 73.929428226909749, 39.105476490767039 ], [ 73.92718331203578, 39.105511847614999 ], [ 73.924937393025317, 39.105547161169284 ], [ 73.922541754396903, 39.105461106664549 ], [ 73.92053733656482, 39.105440608894028 ], [ 73.919457617573514, 39.10548958431346 ], [ 73.917834762469724, 39.105893184509469 ], [ 73.916205009824552, 39.106476845448 ], [ 73.914966431214225, 39.10694439028773 ], [ 73.913493670502532, 39.107409542130895 ], [ 73.912643027506689, 39.107760743451031 ], [ 73.911790708690262, 39.108231827850318 ], [ 73.910781844343532, 39.108761269072161 ], [ 73.910007282347763, 39.109233172258122 ], [ 73.909456306729624, 39.11012776167486 ], [ 73.908973306122618, 39.111383347868347 ], [ 73.909145943899873, 39.114927325650555 ], [ 73.909498563680359, 39.116860227312081 ], [ 73.910461759215067, 39.118987386179988 ], [ 73.911279505586549, 39.120568680582693 ], [ 73.912093211939819, 39.122391827481749 ], [ 73.912835183617275, 39.123972274468379 ], [ 73.913509392857847, 39.125189757486403 ], [ 73.915783746419137, 39.127817173192852 ], [ 73.919060986220501, 39.130395936950535 ], [ 73.920819561381066, 39.131444789546791 ], [ 73.922584255523248, 39.132130827161575 ], [ 73.924965671907572, 39.132824102442591 ], [ 73.92711750903905, 39.133454143433582 ], [ 73.92850328916785, 39.133772771463804 ], [ 73.930277163895425, 39.133854045347931 ], [ 73.932441111723435, 39.133818875580999 ], [ 73.934604055459673, 39.133783663362252 ], [ 73.937158191183343, 39.133449300939432 ] ], [ [ 73.929889542144736, 39.124538123669616 ], [ 73.927570593266708, 39.12497020883729 ], [ 73.925695882831562, 39.125507170525722 ], [ 73.924589574707795, 39.126056188485265 ], [ 73.924442979070236, 39.126522359272549 ], [ 73.925281462768368, 39.12682507978348 ], [ 73.926960046994409, 39.126911989381185 ], [ 73.929188483299711, 39.126768032330411 ], [ 73.931581425842808, 39.126418078399908 ], [ 73.93372510193042, 39.125922641116581 ], [ 73.935248850294357, 39.125367408550005 ], [ 73.935889212048309, 39.124848413763914 ], [ 73.935535489042863, 39.124455411407027 ], [ 73.934248851745735, 39.124256347347448 ], [ 73.932251771295114, 39.124285613838197 ], [ 73.929889542144736, 39.124538123669616 ] ] ] ] } },
{ "type": "Feature", "properties": { "ID": 733, "周长": 0.26137813647259861, "面积": 0.0026702698715102158, "FEATUREID": "OFBB003C1AJ430010020000026", "CHFCAC": "000026", "QDUEAQ": "241015", "CHAHBA": "740010.217", "CHAHBB": "390705.88", "QDUECD": "三叠纪黑云母二长花岗岩", "QDUECC": "→ηγT↓2", "GZEKG": "123200", "YSEBE": "50500", "KWB": "", "YSHB": "灰白色", "YSC": "1025-1029", "YSD": "1015", "YSJA": "19", "YSJAA": "", "YKBIC": "异源包体", "YSJBA": "10", "YSJBB": "10", "GZIDB": "20", "YSADAA": "", "YSKD": "21", "YSKC": "200", "YSQA": "1007", "DDCDS": "1224", "fill_color": 12800, "pattern": 387, "pattern_color": -8192, "_src_file": "LDZOFBB003.WP", "_src_id": 25 }, "geometry": { "type": "MultiPolygon", "coordinates": [ [ [ [ 73.951856602866826, 39.133415943983422 ], [ 73.95220258588796, 39.133040172068377 ], [ 73.952683033786357, 39.132668782381465 ], [ 73.953167999592395, 39.1321898484603 ], [ 73.953414020903779, 39.131735292961167 ], [ 73.953489688148977, 39.131063859229222 ], [ 73.953499675073658, 39.130499254274746 ], [ 73.953369347200805, 39.129933215856397 ], [ 73.953173356298862, 39.129366540290228 ], [ 73.95281038659239, 39.128717455886317 ], [ 73.952509496846929, 39.128203489547452 ], [ 73.952121043027176, 39.126962741364189 ], [ 73.951550591959162, 39.124322183799883 ], [ 73.95119054500266, 39.121280673428217 ], [ 73.951203695470753, 39.120474361471423 ], [ 73.951302197260418, 39.118620579923572 ], [ 73.951493192744095, 39.117251687240781 ], [ 73.952114828376111, 39.115118233724644 ], [ 73.952579053972656, 39.114032009895666 ], [ 73.952893901654974, 39.113662772847761 ], [ 73.953377629515217, 39.113428412909165 ], [ 73.954030884323188, 39.113249099252243 ], [ 73.95461398519447, 39.113015832833504 ], [ 73.955032276587161, 39.11267437005079 ], [ 73.955311772300064, 39.112305003043893 ], [ 73.955385836655481, 39.111933375698179 ], [ 73.955395735124412, 39.111454603452763 ], [ 73.955299434240132, 39.111027897455166 ], [ 73.954999234048543, 39.110731926030823 ], [ 73.954561260464644, 39.110461046074342 ], [ 73.953990975325596, 39.110029064990734 ], [ 73.953759412755502, 39.109654047257223 ], [ 73.953598960829055, 39.109120194134412 ], [ 73.953541197530342, 39.108454477379986 ], [ 73.953705204946047, 39.107019663042912 ], [ 73.953755099070023, 39.106115690011187 ], [ 73.953771948350493, 39.105317733676522 ], [ 73.953790752058097, 39.104306987879994 ], [ 73.953968839422316, 39.103728344984368 ], [ 73.953968839422316, 39.103728344984368 ], [ 73.956433928806973, 39.10342088722085 ], [ 73.958049456248105, 39.103346491546311 ], [ 73.960571128717874, 39.10331293786556 ], [ 73.962975750861418, 39.10330895546435 ], [ 73.965659630104099, 39.103123617721828 ], [ 73.969535443011424, 39.102577422889723 ], [ 73.974829242648951, 39.10207595524146 ], [ 73.977711121035924, 39.102042898871041 ], [ 73.984265750113394, 39.102048935620687 ], [ 73.986637227468776, 39.102169248662065 ], [ 73.989005012954152, 39.102383528275276 ], [ 73.991529798858195, 39.102599741525736 ], [ 73.994385436930855, 39.102886308591465 ], [ 73.995258728522444, 39.103006540422562 ], [ 73.996127395430094, 39.103137821915041 ], [ 73.996997210175223, 39.103280121898386 ], [ 73.997861942542897, 39.103433397926025 ], [ 73.998721359357603, 39.103597612036104 ], [ 73.999579239059003, 39.103772721869341 ], [ 74.000433351473632, 39.103958680495211 ], [ 74.001285469372888, 39.104155436511107 ], [ 74.002131371267097, 39.104362940821495 ], [ 74.002971829973362, 39.104581137532662 ], [ 74.003809624110303, 39.104809968554662 ], [ 74.004639535207986, 39.105049373576364 ], [ 74.006575781657801, 39.105457815717919 ], [ 74.012855921409511, 39.106827497212983 ], [ 74.013779241705038, 39.10698175441928 ], [ 74.014889601123514, 39.107210562666538 ], [ 74.015995276418195, 39.107475786314325 ], [ 74.017289018405918, 39.107779011084816 ], [ 74.021391229662683, 39.108687063558897 ], [ 74.023631210732674, 39.109033419092917 ], [ 74.028107576709601, 39.109798789980523 ], [ 74.029417028192483, 39.110026931318998 ], [ 74.030211908039533, 39.110141439039182 ], [ 74.03296943560683, 39.110560219814374 ], [ 74.034513061198112, 39.11071608230052 ], [ 74.035635674994424, 39.110832735589199 ], [ 74.037320424526527, 39.110991181478489 ], [ 74.039189458553039, 39.111116045942708 ], [ 74.040171607186736, 39.11119708813785 ], [ 74.041107639206061, 39.111204793709753 ], [ 74.044247040436986, 39.111048202124373 ], [ 74.045837967691654, 39.110988303138342 ], [ 74.047289162374355, 39.110854291436198 ], [ 74.048181062726329, 39.110788616364296 ], [ 74.050383412487506, 39.110514797341999 ], [ 74.052491896094764, 39.110240173708064 ], [ 74.05427099551062, 39.110108731530104 ], [ 74.0557687253784, 39.110047930284757 ], [ 74.057123437692766, 39.110058916132388 ], [ 74.05829302035167, 39.110068374661999 ], [ 74.060165360012718, 39.110192896869023 ], [ 74.061005807742987, 39.110382040232821 ], [ 74.061658470106451, 39.110642613005773 ], [ 74.062030433823736, 39.110900921653077 ], [ 74.062214273262057, 39.111267137284948 ], [ 74.062207992099587, 39.111741258540874 ], [ 74.062067002113466, 39.112031897795134 ], [ 74.061875895724754, 39.112358627734146 ], [ 74.061639663471439, 39.112612041459911 ], [ 74.061261415372059, 39.11293726376865 ], [ 74.060651243342704, 39.113370013365362 ], [ 74.059426550959287, 39.114271972193336 ], [ 74.058439397278349, 39.114665217278933 ], [ 74.057873977258225, 39.114988916415534 ], [ 74.057170196088805, 39.115420888566369 ], [ 74.056555977653915, 39.115853615912052 ], [ 74.056037662504806, 39.11636003911358 ], [ 74.055471887477836, 39.116939022138453 ], [ 74.055185878106116, 39.117375109017196 ], [ 74.054711168307634, 39.117956096727127 ], [ 74.05418937638548, 39.118865642310865 ], [ 74.053806320403524, 39.119665544287948 ], [ 74.053565770528479, 39.120174548568087 ], [ 74.052899783619068, 39.121154364506857 ], [ 74.05265943770722, 39.121736381280918 ], [ 74.052279246406471, 39.122353641318419 ], [ 74.051851795719642, 39.122824447126355 ], [ 74.051569301200416, 39.123041048335544 ], [ 74.0510499557993, 39.123328907577729 ], [ 74.04840307599811, 39.125059842931115 ], [ 74.046040809761422, 39.126500958692354 ], [ 74.044625775964391, 39.127146559372207 ], [ 74.043869318950982, 39.127468969286745 ], [ 74.04283447344676, 39.127862074291073 ], [ 74.041375231909257, 39.128251696777085 ], [ 74.038315703695176, 39.12895670815233 ], [ 74.036477361236734, 39.129671736554236 ], [ 74.035347979002751, 39.13002749080885 ], [ 74.033843632689923, 39.130270609574531 ], [ 74.031829023902134, 39.130436431844451 ], [ 74.030658147553694, 39.130463205954079 ], [ 74.029580898123072, 39.130490747852271 ], [ 74.028131007664854, 39.130405650367877 ], [ 74.026967624964499, 39.130322914867754 ], [ 74.02589342995411, 39.130313959008923 ], [ 74.025055320520394, 39.130306943192572 ], [ 74.024030743363866, 39.130298360109784 ], [ 74.023189110002619, 39.130327836859166 ], [ 74.022909355619589, 39.130398504384736 ], [ 74.02084508961768, 39.131220939534465 ], [ 74.020001754931386, 39.131505937000078 ], [ 74.017851942168548, 39.13199897639435 ], [ 74.017103464650177, 39.132102206414807 ], [ 74.016449693227727, 39.13224272658298 ], [ 74.013537205153582, 39.133605538673564 ], [ 74.011945781474751, 39.134030187078189 ], [ 74.010871343208692, 39.134240129501656 ], [ 74.009469093731482, 39.134410783147295 ], [ 74.007651395092779, 39.134431822854829 ], [ 74.006579143993179, 39.134422688533945 ], [ 74.005748885854757, 39.134415600401276 ], [ 74.004841867055063, 39.134354510386459 ], [ 74.003934407233672, 39.134297543811385 ], [ 74.00302553803364, 39.134244700935866 ], [ 74.002117285284129, 39.13419598422265 ], [ 74.001207686409487, 39.134151393982876 ], [ 74.000299770160908, 39.134110930454455 ], [ 73.999391568084789, 39.134074600655488 ], [ 73.998481108995463, 39.134042400322734 ], [ 73.997572421611537, 39.134014331948286 ], [ 73.996662543324092, 39.133990398099805 ], [ 73.995752499992207, 39.133970598994978 ], [ 73.991941988515379, 39.133988485444604 ], [ 73.986445430010335, 39.134192461529331 ], [ 73.981353841750831, 39.134130508448109 ], [ 73.97597326478008, 39.13407797264005 ], [ 73.965852798563517, 39.133660139365205 ], [ 73.960759608144741, 39.133609758915988 ], [ 73.951856602866826, 39.133415943983422 ] ] ] ] } },
{ "type": "Feature", "properties": { "ID": 742, "周长": 0.074444392184611019, "面积": 0.00015870486830416031, "FEATUREID": "OFBB003C1AJ430010020000027", "CHFCAC": "000027", "QDUEAQ": "241014", "CHAHBA": "745619.557", "CHAHBB": "390744.21", "QDUECD": "石炭纪斜长花岗岩石    ", "QDUECC": "→γοC↓2", "GZEKG": "132100", "YSEBE": "", "KWB": "", "YSHB": "浅灰白色", "YSC": "1027", "YSD": "1015", "YSJA": "19", "YSJAA": "", "YKBIC": "异源包体", "YSJBA": "10", "YSJBB": "10", "GZIDB": "30", "YSADAA": "", "YSKD": "21", "YSKC": "200", "YSQA": "1012", "DDCDS": "1224", "fill_color": 15872, "pattern": 387, "pattern_color": -10496, "_src_file": "LDZOFBB003.WP", "_src_id": 26 }, "geometry": { "type": "MultiPolygon", "coordinates": [ [ [ [ 74.948435397064173, 39.1270617119064 ], [ 74.94843593321086, 39.127062079743595 ], [ 74.948436397064171, 39.1270617119064 ], [ 74.948435397064173, 39.1270617119064 ] ] ], [ [ [ 74.947224949624427, 39.127974344275735 ], [ 74.946639053993351, 39.128354881026702 ], [ 74.945953504811925, 39.128355187622653 ], [ 74.945271971557972, 39.127823112497992 ], [ 74.944539640327534, 39.126720645840898 ], [ 74.94419592894009, 39.125351819507124 ], [ 74.94409931470959, 39.124553293552786 ], [ 74.944070549876557, 39.12406615440571 ], [ 74.944069549876559, 39.12406615440571 ], [ 74.941675092101818, 39.122423057582928 ], [ 74.941157738976187, 39.122864934198581 ], [ 74.940169220124588, 39.123647260068388 ], [ 74.938871575557457, 39.124527157330739 ], [ 74.937944614019344, 39.125113677704242 ], [ 74.936953849803913, 39.125749083184019 ], [ 74.936149338478799, 39.126236713542227 ], [ 74.935407595078132, 39.126626531923954 ], [ 74.93466584638405, 39.127016345541698 ], [ 74.932373618730367, 39.127794336971583 ], [ 74.931447133671412, 39.128134843959138 ], [ 74.930518637498295, 39.128377518693696 ], [ 74.930021181414332, 39.128522275175328 ], [ 74.929217079895835, 39.128812595109935 ], [ 74.926740799316661, 39.129732194504392 ], [ 74.918621673479095, 39.133056506440994 ], [ 74.919839923725789, 39.133891942401142 ], [ 74.920320262802221, 39.134219963615884 ], [ 74.921539793708831, 39.134752058478675 ], [ 74.922761462457927, 39.134941898235788 ], [ 74.924177562641219, 39.134789432214937 ], [ 74.925740179503435, 39.134522828757326 ], [ 74.926716761318517, 39.134522559604456 ], [ 74.927251829529141, 39.134712542047673 ], [ 74.927986205333568, 39.134940491876051 ], [ 74.929206833979151, 39.135358427948425 ], [ 74.930427550916946, 39.135472133585864 ], [ 74.932233282479046, 39.135319446409312 ], [ 74.933795894226193, 39.134976678842733 ], [ 74.935261869388583, 39.134405764572108 ], [ 74.93638502129447, 39.133834956529363 ], [ 74.937213224037635, 39.132998057275472 ], [ 74.938141043185027, 39.132313223811224 ], [ 74.939803270861688, 39.131399932872718 ], [ 74.940877502465426, 39.130943181871096 ], [ 74.942779785939365, 39.130181858992735 ], [ 74.945174278691781, 39.129496345870798 ], [ 74.947125304249269, 39.129077172443978 ], [ 74.949519737648288, 39.12888592290939 ], [ 74.951283348570257, 39.128885874332894 ], [ 74.950213179259023, 39.128287202669362 ], [ 74.949386669536523, 39.127714356805676 ], [ 74.94843593321086, 39.127062079743595 ], [ 74.947957310353587, 39.127441629241247 ], [ 74.947224949624427, 39.127974344275735 ] ] ] ] } },
{ "type": "Feature", "properties": { "ID": 743, "周长": 0.024106323683963576, "面积": 1.8879054969181408e-05, "FEATUREID": "OFBB003C1AJ430010020000028", "CHFCAC": "000028", "QDUEAQ": "241005", "CHAHBA": "735548.337", "CHAHBB": "390732.08", "QDUECD": "花岗伟晶岩脉", "QDUECC": "→γρ", "GZEKG": "131000", "YSEBE": "", "KWB": "", "YSHB": "浅红色", "YSC": "1029", "YSD": "1015", "YSJA": "19", "YSJAA": "", "YKBIC": "", "YSJBA": "30", "YSJBB": "20", "GZIDB": "20", "YSADAA": "", "YSKD": "", "YSKC": "", "YSQA": "", "DDCDS": "", "fill_color": 22016, "pattern": 387, "pattern_color": 768, "_src_file": "LDZOFBB003.WP", "_src_id": 27 }, "geometry": { "type": "Polygon", "coordinates": [ [ [ 73.929889542144736, 39.124538123669616 ], [ 73.932251771295114, 39.124285613838197 ], [ 73.934248851745735, 39.124256347347448 ], [ 73.935535489042863, 39.124455411407027 ], [ 73.935889212048309, 39.124848413763914 ], [ 73.935248850294357, 39.125367408550005 ], [ 73.93372510193042, 39.125922641116581 ], [ 73.931581425842808, 39.126418078399908 ], [ 73.929188483299711, 39.126768032330411 ], [ 73.926960046994409, 39.126911989381185 ], [ 73.925281462768368, 39.12682507978348 ], [ 73.924442979070236, 39.126522359272549 ], [ 73.924589574707795, 39.126056188485265 ], [ 73.925695882831562, 39.125507170525722 ], [ 73.927570593266708, 39.12497020883729 ], [ 73.929889542144736, 39.124538123669616 ] ] ] } },
{ "type": "Feature", "properties": { "ID": 747, "周长": 0.062779369383139411, "面积": 0.00012214376864725512, "FEATUREID": "OFBB003C1AJ430010020000029", "CHFCAC": "000029", "QDUEAQ": "410702", "CHAHBA": "740618.769", "CHAHBB": "390800.61", "QDUECD": "泥盆纪角闪石岩    ", "QDUECC": "→οφD↓1", "GZEKG": "133000", "YSEBE": "", "KWB": "", "YSHB": "灰黑色", "YSC": "3213", "YSD": "1015", "YSJA": "16", "YSJAA": "", "YKBIC": "", "YSJBA": "20", "YSJBB": "20", "GZIDB": "30", "YSADAA": "", "YSKD": "21", "YSKC": "100", "YSQA": "1012", "DDCDS": "1226", "fill_color": 24064, "pattern": 387, "pattern_color": 23040, "_src_file": "LDZOFBB003.WP", "_src_id": 28 }, "geometry": { "type": "MultiPolygon", "coordinates": [ [ [ [ 74.118248290082931, 39.122763407401912 ], [ 74.117159315576018, 39.124507559850983 ], [ 74.116081371264613, 39.125984746903114 ], [ 74.114791431981345, 39.127625334728592 ], [ 74.113285540294541, 39.129264297570252 ], [ 74.110069725245864, 39.132375514306872 ], [ 74.105453427360999, 39.13696128253158 ], [ 74.102553794649239, 39.140074721260476 ], [ 74.101157414854129, 39.141549309539329 ], [ 74.099658112610058, 39.142858037513598 ], [ 74.098371901180329, 39.143838341775343 ], [ 74.097795106444295, 39.144282616585635 ], [ 74.097245874083413, 39.14430624265264 ], [ 74.097424424227199, 39.143057139177763 ], [ 74.098787973790749, 39.138002177615867 ], [ 74.099794650106759, 39.135730453513759 ], [ 74.102107685105466, 39.132708992970166 ], [ 74.104633023491758, 39.130195648543804 ], [ 74.107660336272986, 39.127884663838444 ], [ 74.110351857646705, 39.125700718162264 ], [ 74.113375165656578, 39.123519245146937 ], [ 74.11497556117088, 39.122713027781614 ], [ 74.11497556117088, 39.122713027781614 ], [ 74.115313818417107, 39.122787064215728 ], [ 74.115929884780257, 39.122836137014602 ], [ 74.116627905247697, 39.122843706996726 ], [ 74.117297648708046, 39.122808611699149 ], [ 74.118248290082931, 39.122763407401912 ] ] ] ] } },
{ "type": "Feature", "properties": { "ID": 757, "周长": 0.22979420491778549, "面积": 0.0010326621058067142, "FEATUREID": "OFBB003C1AJ430010020000030", "CHFCAC": "000030", "QDUEAQ": "231208", "CHAHBA": "735837.286", "CHAHBB": "390452.36", "QDUECD": "二叠纪石英闪长岩", "QDUECC": "→δοP", "GZEKG": "131000", "YSEBE": "", "KWB": "", "YSHB": "灰色", "YSC": "1027", "YSD": "1015", "YSJA": "19", "YSJAA": "", "YKBIC": "异源包体", "YSJBA": "10", "YSJBB": "10", "GZIDB": "30", "YSADAA": "", "YSKD": "21", "YSKC": "200", "YSQA": "1007", "DDCDS": "1224", "fill_color": 27136, "pattern": 387, "pattern_color": -13824, "_src_file": "LDZOFBB003.WP", "_src_id": 29 }, "geometry": { "type": "MultiPolygon", "coordinates": [ [ [ [ 73.928100209940084, 39.057583860673802 ], [ 73.928101239888633, 39.057583931868741 ], [ 73.928101209940081, 39.057583860673802 ], [ 73.928100209940084, 39.057583860673802 ] ] ], [ [ [ 73.928786540864678, 39.058935843922214 ], [ 73.929118960636259, 39.059530053880565 ], [ 73.929655286259077, 39.060180157587403 ], [ 73.930094574010539, 39.06061441869165 ], [ 73.93077399894608, 39.060943882078377 ], [ 73.931865673964666, 39.061250911977766 ], [ 73.932513770343675, 39.061526314137836 ], [ 73.932987367504708, 39.061907245382024 ], [ 73.933321279748554, 39.062340613717559 ], [ 73.933583913026126, 39.062961268307973 ], [ 73.933707712739377, 39.063714740237067 ], [ 73.933922584780518, 39.065087028922932 ], [ 73.934143240884467, 39.066002744982384 ], [ 73.934641427289648, 39.066921394623115 ], [ 73.936589830230332, 39.070864176777221 ], [ 73.937577701088884, 39.072889262028241 ], [ 73.938001574491452, 39.073968204679993 ], [ 73.938161659528703, 39.074641423188083 ], [ 73.938265288723827, 39.074929794817436 ], [ 73.94024146151618, 39.07561026468629 ], [ 73.941869592043943, 39.076218951822113 ], [ 73.944202422575543, 39.077458359963074 ], [ 73.944865006950678, 39.077741415776792 ], [ 73.945667196103855, 39.078025930741767 ], [ 73.946681819496504, 39.078285018214103 ], [ 73.947555798308628, 39.078597861183624 ], [ 73.94874199244299, 39.079079643360892 ], [ 73.950101432209792, 39.079590844033802 ], [ 73.953800226768564, 39.081147490499006 ], [ 73.954847286936271, 39.0815447405638 ], [ 73.957259955371384, 39.082232079958033 ], [ 73.958727884929203, 39.082633637117816 ], [ 73.960372265197478, 39.083036826044406 ], [ 73.964679183626203, 39.083467058325589 ], [ 73.968493705930115, 39.083811439190825 ], [ 73.969963875374134, 39.084020239002669 ], [ 73.97184973163354, 39.084454091661321 ], [ 73.975033114141979, 39.08484664005443 ], [ 73.976953037307823, 39.085391070334332 ], [ 73.981073026536535, 39.086455247441123 ], [ 73.982889493329054, 39.086778209053513 ], [ 73.984508864023084, 39.087159732276689 ], [ 73.985491801541073, 39.087421921964577 ], [ 73.986790920584937, 39.087881609656627 ], [ 73.989701944858453, 39.088860590097283 ], [ 73.991969446772799, 39.090049000695785 ], [ 73.993672251652058, 39.09097904027638 ], [ 73.995092633864502, 39.091878002325181 ], [ 73.996113239304918, 39.092533603250338 ], [ 73.996795302061869, 39.092986756661055 ], [ 73.997485652580579, 39.093433168341953 ], [ 73.998183182034182, 39.093872765172449 ], [ 73.998885781522432, 39.0943054785361 ], [ 73.999597336388632, 39.094731237516591 ], [ 74.000314734792099, 39.095149975726841 ], [ 74.0010378620251, 39.095561624504853 ], [ 74.001769603275037, 39.09596612194477 ], [ 74.0025058438153, 39.096363399387755 ], [ 74.003249468751193, 39.096753399434277 ], [ 74.004451836240221, 39.097324195269309 ], [ 74.013837389149813, 39.101210574398308 ], [ 74.022465354480204, 39.103750081909638 ], [ 74.027617740411486, 39.104836748944884 ], [ 74.02559126922101, 39.103565582973602 ], [ 74.023470742191464, 39.102587734009788 ], [ 74.022670705248004, 39.102322672630471 ], [ 74.020808552535087, 39.101462088750694 ], [ 74.020218543387912, 39.101128640178949 ], [ 74.01945233735259, 39.100652981041591 ], [ 74.018714623121795, 39.100247873409785 ], [ 74.018095709857917, 39.099867284001398 ], [ 74.017181370411848, 39.099343385323472 ], [ 74.01487490644034, 39.097561496824518 ], [ 74.014281667807154, 39.09706252923926 ], [ 74.012591992524008, 39.095472439678083 ], [ 74.012236408038561, 39.095116654881181 ], [ 74.011584440808861, 39.0944761303764 ], [ 74.009986012647659, 39.092604845125393 ], [ 74.009571975621867, 39.092060510731848 ], [ 74.009069947225711, 39.091280359974483 ], [ 74.008597166299523, 39.090594477127119 ], [ 74.006940719622307, 39.088487611686531 ], [ 74.00605256624246, 39.087492363429355 ], [ 74.00509102109099, 39.086377925079212 ], [ 74.001999642930443, 39.082944056024722 ], [ 74.001462794140252, 39.082324910629936 ], [ 74.000896712927371, 39.081721790489816 ], [ 74.000302185246184, 39.081135532836726 ], [ 73.999680040606307, 39.080566952753323 ], [ 73.999031140579064, 39.080016838573329 ], [ 73.998356387398829, 39.079485956461902 ], [ 73.997656721200713, 39.078975041387764 ], [ 73.996933117004204, 39.078484806107589 ], [ 73.99618657328638, 39.078015932063479 ], [ 73.995876215487911, 39.077915810965308 ], [ 73.993226966530969, 39.077162820935527 ], [ 73.988304536923039, 39.07590049955158 ], [ 73.976883549432046, 39.073858011169868 ], [ 73.97243126721925, 39.073217204840482 ], [ 73.967533806261045, 39.072331041672605 ], [ 73.96339402592757, 39.071333755150988 ], [ 73.96046524784299, 39.070230330595265 ], [ 73.957385270314731, 39.069008479829762 ], [ 73.955283969295579, 39.068034938354202 ], [ 73.952506188842733, 39.066816454300607 ], [ 73.950260821739533, 39.065424579163647 ], [ 73.948016551045995, 39.063973131040825 ], [ 73.946748263103871, 39.062948207800503 ], [ 73.94547598064635, 39.062161407074115 ], [ 73.943973703264248, 39.061551120085646 ], [ 73.942019748640746, 39.060817281512087 ], [ 73.937201681563749, 39.059518895066716 ], [ 73.93516310834093, 39.058843487484026 ], [ 73.932744871343061, 39.058104641002473 ], [ 73.931078500476545, 39.057789734279773 ], [ 73.928101239888633, 39.057583931868741 ], [ 73.92841981488381, 39.058341261449065 ], [ 73.928786540864678, 39.058935843922214 ] ] ] ] } },
{ "type": "Feature", "properties": { "ID": 769, "周长": 0.030000787119947057, "面积": 5.1245466400960836e-05, "FEATUREID": "OFBB003C1AJ430010020000031", "CHFCAC": "000031", "QDUEAQ": "231208", "CHAHBA": "735158.179", "CHAHBB": "390450.48", "QDUECD": "二叠纪石英闪长岩", "QDUECC": "→δοP", "GZEKG": "131000", "YSEBE": "", "KWB": "", "YSHB": "灰色", "YSC": "1027", "YSD": "1015", "YSJA": "19", "YSJAA": "", "YKBIC": "异源包体", "YSJBA": "10", "YSJBB": "10", "GZIDB": "30", "YSADAA": "", "YSKD": "21", "YSKC": "200", "YSQA": "1007", "DDCDS": "1224", "fill_color": 31232, "pattern": 387, "pattern_color": -13824, "_src_file": "LDZOFBB003.WP", "_src_id": 30 }, "geometry": { "type": "MultiPolygon", "coordinates": [ [ [ [ 73.870331736720559, 39.082042102670542 ], [ 73.871559558946927, 39.081204563830873 ], [ 73.871560558946925, 39.081204563830873 ], [ 73.870064932047896, 39.080764817284219 ], [ 73.868984732560165, 39.080070906953601 ], [ 73.868341451135194, 39.079382128874137 ], [ 73.867778043766961, 39.078296911593768 ], [ 73.867356254341431, 39.077440431543771 ], [ 73.866857634883587, 39.076810114922694 ], [ 73.865990926867397, 39.076402529439058 ], [ 73.865050406404649, 39.076050835524498 ], [ 73.863889440388519, 39.07581006604201 ], [ 73.862653649145358, 39.075681938933705 ], [ 73.861840452989625, 39.076522324905063 ], [ 73.861666590490728, 39.078511308706538 ], [ 73.862610000182258, 39.081617130981897 ], [ 73.865126682420311, 39.083964122454496 ], [ 73.866222053894475, 39.085661960941948 ], [ 73.867078773593136, 39.084787317015063 ], [ 73.870331736720559, 39.082042102670542 ] ] ], [ [ [ 73.866221450996122, 39.085662576454098 ], [ 73.866222450996119, 39.085662576454098 ], [ 73.866222053894475, 39.085661960941948 ], [ 73.866221450996122, 39.085662576454098 ] ] ] ] } },
{ "type": "Feature", "properties": { "ID": 779, "周长": 0.062522861267457652, "面积": 0.00011192730877111062, "FEATUREID": "OFBB003C1AJ430010020000032", "CHFCAC": "000032", "QDUEAQ": "221200", "CHAHBA": "735455.443", "CHAHBB": "390502.67", "QDUECD": "泥盆纪角闪辉长岩", "QDUECC": "→νD", "GZEKG": "133000", "YSEBE": "", "KWB": "", "YSHB": "灰黑色", "YSC": "1142", "YSD": "1015", "YSJA": "19", "YSJAA": "", "YKBIC": "异源包体", "YSJBA": "20", "YSJBB": "20", "GZIDB": "30", "YSADAA": "", "YSKD": "21", "YSKC": "100", "YSQA": "1012", "DDCDS": "1226", "fill_color": -31232, "pattern": 387, "pattern_color": 22528, "_src_file": "LDZOFBB003.WP", "_src_id": 31 }, "geometry": { "type": "Polygon", "coordinates": [ [ [ 73.912099437965153, 39.079223791682075 ], [ 73.907883803955315, 39.078506350159522 ], [ 73.905279943294801, 39.078476901449427 ], [ 73.904461716081173, 39.078638677218493 ], [ 73.904189877338467, 39.078678350389936 ], [ 73.904135944045805, 39.078720485119796 ], [ 73.904391202526966, 39.079621251222669 ], [ 73.905241389019466, 39.080696998313087 ], [ 73.906195781900777, 39.08190165931412 ], [ 73.907745521395171, 39.083240940484252 ], [ 73.908709849935221, 39.083934030347713 ], [ 73.910161062815135, 39.084760506543425 ], [ 73.912369609113171, 39.085766031900199 ], [ 73.913879700086852, 39.086252009398898 ], [ 73.918229885396386, 39.087323512745293 ], [ 73.9207298504504, 39.087990709634305 ], [ 73.924427582703174, 39.088798974536971 ], [ 73.926061215691917, 39.089072416683976 ], [ 73.927907734371175, 39.089433265336716 ], [ 73.929759013471909, 39.089538174876409 ], [ 73.931227273237326, 39.089681677748743 ], [ 73.93182700087425, 39.089730658023697 ], [ 73.932099433290475, 39.089733534283141 ], [ 73.932207406287631, 39.089734683257831 ], [ 73.932155788824005, 39.089606153673742 ], [ 73.931887849600059, 39.089432669249511 ], [ 73.931289618554871, 39.089213081032 ], [ 73.930097164833839, 39.088773895552556 ], [ 73.926685979723132, 39.087415345056385 ], [ 73.925061984037058, 39.086544967252237 ], [ 73.923873754583127, 39.085892459089862 ], [ 73.92279565564175, 39.085027839049133 ], [ 73.921077646363045, 39.083217905719039 ], [ 73.91999910140126, 39.082523866128589 ], [ 73.918813248216097, 39.081786003583346 ], [ 73.917351025136611, 39.081045219606381 ], [ 73.914697357515308, 39.079950381288107 ], [ 73.913017546354169, 39.079462160360393 ], [ 73.912099437965153, 39.079223791682075 ] ] ] } },
{ "type": "Feature", "properties": { "ID": 781, "周长": 0.03169994409696926, "面积": 3.9624217076956974e-05, "FEATUREID": "OFBB003C1AJ430010020000033", "CHFCAC": "000033", "QDUEAQ": "231208", "CHAHBA": "735236.313", "CHAHBB": "390433.17", "QDUECD": "二叠纪石英闪长岩", "QDUECC": "→δοP", "GZEKG": "131000", "YSEBE": "", "KWB": "", "YSHB": "灰色", "YSC": "1027", "YSD": "1015", "YSJA": "19", "YSJAA": "", "YKBIC": "异源包体", "YSJBA": "10", "YSJBB": "10", "GZIDB": "30", "YSADAA": "", "YSKD": "21", "YSKC": "200", "YSQA": "1007", "DDCDS": "1224", "fill_color": -29184, "pattern": 387, "pattern_color": -13824, "_src_file": "LDZOFBB003.WP", "_src_id": 32 }, "geometry": { "type": "MultiPolygon", "coordinates": [ [ [ [ 73.875521556009758, 39.078515553411393 ], [ 73.874705505464803, 39.077810567909019 ], [ 73.873268249063742, 39.0767151403452 ], [ 73.872119276300737, 39.075793380622066 ], [ 73.870898527983158, 39.074814000829491 ], [ 73.870256277509455, 39.074068475488417 ], [ 73.870258593035786, 39.07361820504812 ], [ 73.874096047930379, 39.073212963367801 ], [ 73.878914274462431, 39.073591187031674 ], [ 73.884603639350203, 39.074735207632116 ], [ 73.884603639350203, 39.074735207632116 ], [ 73.881793899373733, 39.075756539454154 ], [ 73.880097462629195, 39.076382838276089 ], [ 73.877965856981206, 39.077411963573731 ], [ 73.875522556009756, 39.078515553411393 ], [ 73.875521556009758, 39.078515553411393 ] ] ] ] } },
{ "type": "Feature", "properties": { "ID": 784, "周长": 0.013640168193406833, "面积": 4.5677999106381872e-06, "FEATUREID": "OFBB003C1AJ430010020000034", "CHFCAC": "000034", "QDUEAQ": "231208", "CHAHBA": "735327.297", "CHAHBB": "390422.72", "QDUECD": "二叠纪石英闪长岩", "QDUECC": "→δοP", "GZEKG": "131000", "YSEBE": "", "KWB": "", "YSHB": "灰色", "YSC": "1027", "YSD": "1015", "YSJA": "19", "YSJAA": "", "YKBIC": "异源包体", "YSJBA": "10", "YSJBB": "10", "GZIDB": "30", "YSADAA": "", "YSKD": "21", "YSKC": "200", "YSQA": "1007", "DDCDS": "1224", "fill_color": -26112, "pattern": 387, "pattern_color": -13824, "_src_file": "LDZOFBB003.WP", "_src_id": 33 }, "geometry": { "type": "MultiPolygon", "coordinates": [ [ [ [ 73.894698859602443, 39.072447651285422 ], [ 73.888267272218314, 39.073905073720461 ], [ 73.888267272218314, 39.073905073720461 ], [ 73.888851714832072, 39.073369180617739 ], [ 73.889981972344444, 39.072697194132218 ], [ 73.891031247974269, 39.072086539530886 ], [ 73.892230518344064, 39.072038129748897 ], [ 73.893109188569738, 39.072048282430821 ], [ 73.894382934981863, 39.072312112063571 ], [ 73.894697859602445, 39.072447651285422 ], [ 73.894698859602443, 39.072447651285422 ] ] ] ] } },
{ "type": "Feature", "properties": { "ID": 786, "周长": 0.2219969592320219, "面积": 0.00094025195812603892, "FEATUREID": "OFBB003C1AJ430010020000035", "CHFCAC": "000035", "QDUEAQ": "231208", "CHAHBA": "735324.833", "CHAHBB": "390323.68", "QDUECD": "二叠纪石英闪长岩", "QDUECC": "→δοP", "GZEKG": "131000", "YSEBE": "", "KWB": "", "YSHB": "灰色", "YSC": "1027", "YSD": "1015", "YSJA": "19", "YSJAA": "", "YKBIC": "异源包体", "YSJBA": "10", "YSJBB": "10", "GZIDB": "30", "YSADAA": "", "YSKD": "21", "YSKC": "200", "YSQA": "1007", "DDCDS": "1224", "fill_color": -23040, "pattern": 387, "pattern_color": -13824, "_src_file": "LDZOFBB003.WP", "_src_id": 34 }, "geometry": { "type": "MultiPolygon", "coordinates": [ [ [ [ 73.898628693441523, 39.071658964231986 ], [ 73.898635494536478, 39.071265670902868 ], [ 73.898638091036773, 39.07111554414405 ], [ 73.898496642573576, 39.070055157340562 ], [ 73.89795581884114, 39.068990172161755 ], [ 73.897180775685641, 39.0676110857666 ], [ 73.896239542035801, 39.066603760510205 ], [ 73.895056563761614, 39.065718199324351 ], [ 73.893864964780619, 39.065330765682248 ], [ 73.892274026451091, 39.064938705099017 ], [ 73.890597815912102, 39.064857037753356 ], [ 73.8889172687377, 39.065024415576204 ], [ 73.886676527732192, 39.065247546639178 ], [ 73.885958774986932, 39.065176934504819 ], [ 73.885168769125329, 39.064669514920617 ], [ 73.884301081749911, 39.064036629375003 ], [ 73.883434503569205, 39.063341468115894 ], [ 73.882643444875569, 39.062896301263812 ], [ 73.881372098739135, 39.062507811759403 ], [ 73.879461823589082, 39.062111855448833 ], [ 73.877787887471712, 39.061905470879054 ], [ 73.876296300267825, 39.061786867121469 ], [ 73.875700924539814, 39.061593169525523 ], [ 73.875523792936605, 39.061451047002102 ], [ 73.875408995159731, 39.061169603952131 ], [ 73.875718187619626, 39.06061302125989 ], [ 73.876568621226639, 39.059922718075825 ], [ 73.877416575205558, 39.059372429993047 ], [ 73.87826287416938, 39.058915485528559 ], [ 73.879051758470837, 39.058317811463525 ], [ 73.8796667787487, 39.057391322056894 ], [ 73.879866025395302, 39.05627324428594 ], [ 73.879581464575182, 39.055429623217179 ], [ 73.879109954170559, 39.055003969423844 ], [ 73.877912743339905, 39.054989990127623 ], [ 73.875754482271816, 39.055151489755374 ], [ 73.873957844065657, 39.055177137234949 ], [ 73.872107114338689, 39.054875337448664 ], [ 73.870438455018473, 39.054435598227556 ], [ 73.868530378437725, 39.053993019340922 ], [ 73.866862592918054, 39.053506555778654 ], [ 73.865494121512327, 39.053023597692707 ], [ 73.864004295109908, 39.052632557386886 ], [ 73.861792036055988, 39.052466378714158 ], [ 73.859397719303416, 39.052438051359772 ], [ 73.857240332549338, 39.052552535257107 ], [ 73.854957377912356, 39.052992273156647 ], [ 73.853212286436815, 39.053485046325221 ], [ 73.852001715313506, 39.054217575222289 ], [ 73.8510904194234, 39.054953657225525 ], [ 73.850235608082201, 39.055877137303135 ], [ 73.849616867363039, 39.05699016213822 ], [ 73.848568149673639, 39.058704933580152 ], [ 73.848144068993747, 39.058979970811436 ], [ 73.847604459125591, 39.059020210973628 ], [ 73.847072417529546, 39.058640390586561 ], [ 73.846542062384572, 39.058167218838804 ], [ 73.846129754644764, 39.057788823879875 ], [ 73.84583465286299, 39.057551880320275 ], [ 73.845715769547994, 39.05750377423233 ], [ 73.845537027237995, 39.057454953837286 ], [ 73.845000796082545, 39.057308488719364 ], [ 73.843983819105063, 39.05724997570033 ], [ 73.842545047277397, 39.057326918955049 ], [ 73.840800965311502, 39.057727131183029 ], [ 73.839237347442875, 39.058082702240611 ], [ 73.837673714364968, 39.05843825207009 ], [ 73.836293944094692, 39.058562475545031 ], [ 73.835155387907022, 39.058596087187098 ], [ 73.834137434909948, 39.05858439204691 ], [ 73.833481309825515, 39.058436801396944 ], [ 73.833068105710197, 39.05810526971964 ], [ 73.832599276058517, 39.057539681451892 ], [ 73.832370817339083, 39.056930174737467 ], [ 73.832381021586428, 39.056370097144146 ], [ 73.832749639692551, 39.055860827455398 ], [ 73.8337751969962, 39.055452475625842 ], [ 73.835459382082519, 39.055051680075501 ], [ 73.837077743081764, 39.05497688533395 ], [ 73.838998021939773, 39.054765477422478 ], [ 73.840919978048376, 39.054460688844053 ], [ 73.84242363066538, 39.054104411495231 ], [ 73.843690296713135, 39.053605359616057 ], [ 73.844837983339886, 39.053058357046694 ], [ 73.845804969524025, 39.052556407578095 ], [ 73.846716290725581, 39.051820366976614 ], [ 73.847387323775749, 39.051128132976459 ], [ 73.848425036341041, 39.050020121482646 ], [ 73.849219102173549, 39.049142612048946 ], [ 73.850067973206279, 39.048545849622556 ], [ 73.85122112534151, 39.047672604937148 ], [ 73.852074983190008, 39.046795788210197 ], [ 73.852079167992841, 39.04656242044377 ], [ 73.85173187125622, 39.046105770789985 ], [ 73.85173187125622, 39.046105770789985 ], [ 73.854913343636838, 39.04416596346195 ], [ 73.856534793385023, 39.043386754831097 ], [ 73.857329894897205, 39.043063640706542 ], [ 73.858181047603196, 39.042741423419749 ], [ 73.859004018572193, 39.042418881366928 ], [ 73.859996815202308, 39.04205400263718 ], [ 73.861384062166508, 39.041693536758579 ], [ 73.863501911526711, 39.041451831171422 ], [ 73.864546355578497, 39.041352920888386 ], [ 73.865617417326888, 39.041342775787761 ], [ 73.866603172883046, 39.041375906695237 ], [ 73.867698916838933, 39.041565090223287 ], [ 73.868821820822049, 39.041975868987514 ], [ 73.869243508007699, 39.042113338610022 ], [ 73.870144641668233, 39.042234312701098 ], [ 73.870934651542569, 39.042243431713246 ], [ 73.871468968570341, 39.042338105227238 ], [ 73.872339663839043, 39.042547292523615 ], [ 73.87329325035418, 39.042845938467742 ], [ 73.874300198901267, 39.043300082537996 ], [ 73.8751747879503, 39.043800183930628 ], [ 73.8751747879503, 39.043800183930628 ], [ 73.875724255164357, 39.044114369516755 ], [ 73.878407051783256, 39.045541761443623 ], [ 73.879583093854436, 39.046042945305885 ], [ 73.883479779112264, 39.047461968584614 ], [ 73.885046625623986, 39.048233576609121 ], [ 73.885775440578271, 39.04872957723947 ], [ 73.886755787746949, 39.049450116168344 ], [ 73.88737141002882, 39.049944816841666 ], [ 73.887987040932245, 39.050439512097078 ], [ 73.888632267837735, 39.050845873671356 ], [ 73.889558308468281, 39.051410597018268 ], [ 73.890148226939402, 39.051727651206505 ], [ 73.894088496043395, 39.053701716888497 ], [ 73.896932211456004, 39.055020385522482 ], [ 73.898519092538606, 39.055793364915168 ], [ 73.899548666059928, 39.056315730126236 ], [ 73.904439834602769, 39.057948434214779 ], [ 73.906395463043225, 39.058636937133713 ], [ 73.907009210102871, 39.058888161287079 ], [ 73.907767814382225, 39.058985824874135 ], [ 73.908612649096014, 39.059017955086802 ], [ 73.909543720658178, 39.058984554604024 ], [ 73.911176605217349, 39.058848356936743 ], [ 73.912832610753043, 39.058734480279945 ], [ 73.913984836088687, 39.058636853646604 ], [ 73.915490337435713, 39.058497909387299 ], [ 73.916400039839971, 39.058374670036443 ], [ 73.917367657482231, 39.058185499598103 ], [ 73.91827775492591, 39.058040066806562 ], [ 73.918959821996452, 39.057958711427041 ], [ 73.920285675184417, 39.057842613421066 ], [ 73.920285675184417, 39.057842613421066 ], [ 73.920425175141503, 39.058147762193506 ], [ 73.920755111885668, 39.058983573878422 ], [ 73.92088061146751, 39.059629268271266 ], [ 73.92086735244493, 39.060246634935389 ], [ 73.92085758260005, 39.060837162443505 ], [ 73.920779675781247, 39.061400105358054 ], [ 73.920701215717528, 39.061828836980418 ], [ 73.92062416471552, 39.062365236480915 ], [ 73.920719808540056, 39.062742348868824 ], [ 73.921041143348788, 39.063766629854804 ], [ 73.922682337658884, 39.067733153807673 ], [ 73.923077874926889, 39.068938103959141 ], [ 73.923077874926889, 39.068938103959141 ], [ 73.921109578331908, 39.068814162456647 ], [ 73.919537208164016, 39.068874470640978 ], [ 73.914579571605117, 39.069543593826893 ], [ 73.908003745536845, 39.070520135283999 ], [ 73.904893821727526, 39.070789148394212 ], [ 73.903381098241127, 39.070975072402433 ], [ 73.901569079414145, 39.07115799695557 ], [ 73.898629693441521, 39.071658964231986 ], [ 73.898628693441523, 39.071658964231986 ] ] ] ] } },
{ "type": "Feature", "properties": { "ID": 795, "周长": 0.060112238661846007, "面积": 0.00013209117580822993, "FEATUREID": "OFBB003C1AJ430010020000036", "CHFCAC": "000036", "QDUEAQ": "241015", "CHAHBA": "741048.706", "CHAHBB": "390349.10", "QDUECD": "二叠纪二长花岗岩", "QDUECC": "→ηγP", "GZEKG": "131000", "YSEBE": "", "KWB": "", "YSHB": "灰白色", "YSC": "1029", "YSD": "1015", "YSJA": "19", "YSJAA": "", "YKBIC": "异源包体", "YSJBA": "10", "YSJBB": "10", "GZIDB": "30", "YSADAA": "", "YSKD": "21", "YSKC": "200", "YSQA": "1007", "DDCDS": "1224", "fill_color": -16896, "pattern": 387, "pattern_color": -28928, "_src_file": "LDZOFBB003.WP", "_src_id": 35 }, "geometry": { "type": "MultiPolygon", "coordinates": [ [ [ [ 74.185307044652063, 39.068528486912278 ], [ 74.183109371819171, 39.069034708785622 ], [ 74.179729535702819, 39.069797410672926 ], [ 74.178988687078814, 39.069995849095299 ], [ 74.178210133181423, 39.070107329165751 ], [ 74.177470291345429, 39.070103333356364 ], [ 74.176987393671453, 39.070100732883873 ], [ 74.176471368530684, 39.070040095747366 ], [ 74.175697553651034, 39.069833466116926 ], [ 74.174669690501716, 39.069365163773206 ], [ 74.17275175678698, 39.06833637372106 ], [ 74.17275175678698, 39.06833637372106 ], [ 74.172273581198681, 39.067238733082426 ], [ 74.171381808178779, 39.065588398653887 ], [ 74.170329975262518, 39.063768058548504 ], [ 74.169802571493705, 39.06242344654887 ], [ 74.169802571493705, 39.06242344654887 ], [ 74.174511823082497, 39.062732442077255 ], [ 74.177132309163127, 39.062750971348159 ], [ 74.180189858661265, 39.062659023316684 ], [ 74.182959851274404, 39.062337971466555 ], [ 74.185295687479524, 39.061786821400261 ], [ 74.187635393104088, 39.060895147835232 ], [ 74.192909849040873, 39.05798078187712 ], [ 74.193961356692597, 39.057250665232708 ], [ 74.193961356692597, 39.057250665232708 ], [ 74.193837356003229, 39.058075088209925 ], [ 74.193777480386018, 39.058751887422609 ], [ 74.19371879041573, 39.059301736560094 ], [ 74.193437612275673, 39.060633334785848 ], [ 74.193191326705033, 39.061097561767504 ], [ 74.192976194338868, 39.06141381943511 ], [ 74.192649189801728, 39.061814147293376 ], [ 74.192273236250784, 39.062150718500469 ], [ 74.191947018777981, 39.06246641030485 ], [ 74.191623194400208, 39.062739783046041 ], [ 74.191004010639787, 39.063201995596785 ], [ 74.188831017583141, 39.064479832406207 ], [ 74.187767218291583, 39.065254725952641 ], [ 74.187273318875953, 39.065674025165627 ], [ 74.186887783361755, 39.066199368357246 ], [ 74.18650324499977, 39.066724707934945 ], [ 74.185787917757423, 39.067585826563096 ], [ 74.185307044652063, 39.068528486912278 ] ] ] ] } },
{ "type": "Feature", "properties": { "ID": 799, "周长": 0.12640330732671295, "面积": 0.00034889231559148519, "FEATUREID": "OFBB003C1AJ430010020000037", "CHFCAC": "000037", "QDUEAQ": "241015", "CHAHBA": "740737.277", "CHAHBB": "390324.78", "QDUECD": "二叠纪二长花岗岩", "QDUECC": "→ηγP", "GZEKG": "131000", "YSEBE": "", "KWB": "", "YSHB": "灰白色", "YSC": "1029", "YSD": "1015", "YSJA": "19", "YSJAA": "", "YKBIC": "异源包体", "YSJBA": "10", "YSJBB": "10", "GZIDB": "30", "YSADAA": "", "YSKD": "21", "YSKC": "200", "YSQA": "1007", "DDCDS": "1224", "fill_color": -11776, "pattern": 387, "pattern_color": -28928, "_src_file": "LDZOFBB003.WP", "_src_id": 36 }, "geometry": { "type": "MultiPolygon", "coordinates": [ [ [ [ 74.126591279850558, 39.06508668077371 ], [ 74.126202260890665, 39.064921348223677 ], [ 74.124565002666515, 39.064125674734029 ], [ 74.124081402992843, 39.063973646105694 ], [ 74.123677243074113, 39.063864556449133 ], [ 74.123168308297863, 39.063754537983222 ], [ 74.122684120488771, 39.063665872103435 ], [ 74.121983189888113, 39.06359647466175 ], [ 74.12136648804632, 39.063592567528417 ], [ 74.120349505960618, 39.063523184952096 ], [ 74.119922068033901, 39.063436007551424 ], [ 74.119281725754064, 39.063241705084998 ], [ 74.1183193637751, 39.062939653392306 ], [ 74.11781368616073, 39.062767290818023 ], [ 74.117279223199148, 39.062594772836405 ], [ 74.116561393954171, 39.062336458284534 ], [ 74.115949300797311, 39.062036403460439 ], [ 74.115175925327463, 39.061629524393894 ], [ 74.113156489682694, 39.060558815719638 ], [ 74.112569925170604, 39.060280076005391 ], [ 74.111431219696769, 39.059383905825001 ], [ 74.111060252157955, 39.0590852300408 ], [ 74.11052772789624, 39.058700906467976 ], [ 74.109948530006463, 39.058104491130834 ], [ 74.109343902331346, 39.05719025079938 ], [ 74.108741290031972, 39.056276009634317 ], [ 74.108425373501916, 39.055871750680545 ], [ 74.108163609658632, 39.055425453669265 ], [ 74.107693661232389, 39.054533166456793 ], [ 74.107168703835299, 39.053746453875377 ], [ 74.106907990378602, 39.0531519097201 ], [ 74.106493512864347, 39.052196400343206 ], [ 74.105819610964531, 39.05037299343131 ], [ 74.105665553994982, 39.049675707149873 ], [ 74.105281385875074, 39.048514831441402 ], [ 74.105281385875074, 39.048514831441402 ], [ 74.111889075219494, 39.051154322534792 ], [ 74.119861875496682, 39.053832506741692 ], [ 74.127599815138723, 39.054494777573424 ], [ 74.136891410458148, 39.05516801887147 ], [ 74.141785001004848, 39.056210972350826 ], [ 74.145903957602471, 39.057248047811939 ], [ 74.154268017021423, 39.060228143908027 ], [ 74.154268017021423, 39.060228143908027 ], [ 74.155396172049436, 39.060767027542418 ], [ 74.15770504565559, 39.061386167503493 ], [ 74.15937881109285, 39.061599043558218 ], [ 74.160675390282421, 39.06150832063657 ], [ 74.160675390282421, 39.06150832063657 ], [ 74.160521749172247, 39.063306010959487 ], [ 74.160463063539154, 39.063727030902378 ], [ 74.16048651565913, 39.064043526538889 ], [ 74.160589206338486, 39.064381744384136 ], [ 74.160745157362996, 39.064762508594207 ], [ 74.161035257398254, 39.065235292629986 ], [ 74.161035257398254, 39.065235292629986 ], [ 74.156981560093016, 39.06369561229922 ], [ 74.153133719547, 39.062561849549034 ], [ 74.149921045156063, 39.061330066102144 ], [ 74.146259892679083, 39.060195985134243 ], [ 74.14541952518303, 39.060190310647144 ], [ 74.14464571254895, 39.060234836838653 ], [ 74.144064442395532, 39.060330455479111 ], [ 74.142123338006684, 39.060665976838628 ], [ 74.141542236204316, 39.06066074129847 ], [ 74.140571932597496, 39.060702766520926 ], [ 74.13986317788644, 39.060848152993181 ], [ 74.138827032195977, 39.061091729589819 ], [ 74.136759220977495, 39.061629312386167 ], [ 74.135336672285035, 39.062121872490373 ], [ 74.134365968002967, 39.062466873891481 ], [ 74.132488007142612, 39.063258322967165 ], [ 74.130352409470774, 39.064048401444836 ], [ 74.126591279850558, 39.06508668077371 ] ] ] ] } },
{ "type": "Feature", "properties": { "ID": 800, "周长": 0.65003481644982419, "面积": 0.0038242254360467982, "FEATUREID": "OFBB003C1AJ430010020000038", "CHFCAC": "000038", "QDUEAQ": "241002", "CHAHBA": "741157.913", "CHAHBB": "390151.98", "QDUECD": "三叠纪黑云母花岗闪长岩", "QDUECC": "→γδT↓1", "GZEKG": "123300", "YSEBE": "", "KWB": "", "YSHB": "浅灰色", "YSC": "1027", "YSD": "1015", "YSJA": "19", "YSJAA": "", "YKBIC": "异源包体", "YSJBA": "10", "YSJBB": "10", "GZIDB": "30", "YSADAA": "", "YSKD": "21", "YSKC": "200", "YSQA": "1007", "DDCDS": "1224", "fill_color": -5632, "pattern": 387, "pattern_color": -9472, "_src_file": "LDZOFBB003.WP", "_src_id": 37 }, "geometry": { "type": "MultiPolygon", "coordinates": [ [ [ [ 74.307225804451477, 39.000000027808433 ], [ 74.305555555549859, 38.999999999996518 ], [ 74.299999999994299, 38.999999999996511 ], [ 74.294444444438753, 38.999999999996518 ], [ 74.288888888883179, 38.999999999996504 ], [ 74.283333333327604, 38.99999999999649 ], [ 74.277777777772044, 38.99999999999649 ], [ 74.27222222221647, 38.999999999996483 ], [ 74.26666666666091, 38.999999999996476 ], [ 74.261111111105336, 38.999999999996461 ], [ 74.255555555549776, 38.999999999996461 ], [ 74.249999999994202, 38.999999999996454 ], [ 74.244444444438628, 38.999999999996454 ], [ 74.238888888883068, 38.999999999996454 ], [ 74.233333333327494, 38.99999999999644 ], [ 74.227777777771934, 38.999999999996433 ], [ 74.222222222216359, 38.999999999996433 ], [ 74.216666666660785, 38.999999999996426 ], [ 74.211111111105211, 38.999999999996412 ], [ 74.205555555549637, 38.999999999996405 ], [ 74.202600204558465, 39.000000032931112 ], [ 74.202600204558465, 39.000000032931112 ], [ 74.202509644309146, 39.000445766222334 ], [ 74.202246759441991, 39.001251089359606 ], [ 74.2019483784171, 39.001619115923596 ], [ 74.201693810463595, 39.001852920330926 ], [ 74.201524914972282, 39.001952760111237 ], [ 74.200893634158717, 39.002184269890371 ], [ 74.200600145420225, 39.002216106876212 ], [ 74.200306659342189, 39.0022479408889 ], [ 74.200054536666769, 39.002313648661691 ], [ 74.199718700905606, 39.002378844736619 ], [ 74.199300131978859, 39.002376292562808 ], [ 74.198966261955036, 39.002307012603097 ], [ 74.196208452510021, 39.002054561705087 ], [ 74.195333800701292, 39.001914279274509 ], [ 74.194709246878162, 39.001775719101857 ], [ 74.19416737707121, 39.001771975366204 ], [ 74.193583485730684, 39.001835064107581 ], [ 74.193124127686517, 39.001999698299151 ], [ 74.193082273125512, 39.002032972669156 ], [ 74.192664252298115, 39.00226501636827 ], [ 74.1923297681831, 39.002464075304928 ], [ 74.191953081617186, 39.002763527992428 ], [ 74.191616927757394, 39.002962857020663 ], [ 74.191321583435609, 39.003162618821186 ], [ 74.190984362871816, 39.003328588697215 ], [ 74.190731911402565, 39.003360770948568 ], [ 74.190269397790971, 39.003358246313638 ], [ 74.189849271771394, 39.003288825735062 ], [ 74.188924760537219, 39.003183081980566 ], [ 74.187704894505956, 39.003277081182112 ], [ 74.187326303507334, 39.003308566890794 ], [ 74.186316496243293, 39.00343726541491 ], [ 74.1860219962239, 39.003469209492401 ], [ 74.185769545079154, 39.003501380995253 ], [ 74.185349077283163, 39.003499067233335 ], [ 74.18434030368023, 39.003426384169039 ], [ 74.18181942181026, 39.003043275217387 ], [ 74.181609189477072, 39.003042109170714 ], [ 74.180600423841923, 39.002969396103573 ], [ 74.179885809932387, 39.00293186715836 ], [ 74.179633358130829, 39.002964027627755 ], [ 74.17946482078257, 39.00303021547856 ], [ 74.177949214903265, 39.003390963842229 ], [ 74.177275234424897, 39.00362214136436 ], [ 74.177020985176412, 39.003720947221822 ], [ 74.176723147857032, 39.003852628183544 ], [ 74.176299124475065, 39.00394997306762 ], [ 74.175791157102623, 39.004013276684766 ], [ 74.175368208237586, 39.004043732351718 ], [ 74.174986423931003, 39.004141371003129 ], [ 74.173584376836757, 39.004633134820835 ], [ 74.173327150942413, 39.004865434821085 ], [ 74.172814852348679, 39.005196263810618 ], [ 74.172430896618593, 39.005427660919167 ], [ 74.171108420745696, 39.00622097706875 ], [ 74.170810562165826, 39.006352642646227 ], [ 74.170554402262027, 39.006518052867158 ], [ 74.170297700416995, 39.006716903093192 ], [ 74.170084866224897, 39.006815727023479 ], [ 74.169830869860689, 39.006847364297499 ], [ 74.169576870367592, 39.006879003246965 ], [ 74.169111661462978, 39.006909135317315 ], [ 74.167928890748257, 39.007233996756867 ], [ 74.166917040907734, 39.007559650222859 ], [ 74.165443353053888, 39.007914711268242 ], [ 74.162831346489952, 39.008635124393223 ], [ 74.160600519758773, 39.009125516395017 ], [ 74.158792317961058, 39.00941673417595 ], [ 74.157571215950867, 39.009711678515636 ], [ 74.155634027107084, 39.010197040209029 ], [ 74.152174808005327, 39.011289467318555 ], [ 74.15217380800533, 39.011289467318555 ], [ 74.152394966718177, 39.01189387119986 ], [ 74.152307597966924, 39.012317429496946 ], [ 74.152168659659409, 39.01261341984091 ], [ 74.151868800336672, 39.012908373026512 ], [ 74.151381194150375, 39.013202110678506 ], [ 74.151027724493161, 39.013433100417913 ], [ 74.150702035750555, 39.013727875542898 ], [ 74.150482626776991, 39.014023343192207 ], [ 74.150344715759019, 39.014255719686432 ], [ 74.150309587409922, 39.014764440823818 ], [ 74.15030170321819, 39.01512490876835 ], [ 74.150351113740626, 39.015506925423686 ], [ 74.150451168819217, 39.015889289936332 ], [ 74.150607212480153, 39.016250799088802 ], [ 74.15183117160349, 39.018506562025898 ], [ 74.152302913753303, 39.019188204799363 ], [ 74.15398576423614, 39.0212772176166 ], [ 74.154891444303502, 39.022152203997528 ], [ 74.155663120259732, 39.02272952607531 ], [ 74.16013183365618, 39.027379590566774 ], [ 74.161039623823825, 39.028083767460565 ], [ 74.161442065355345, 39.028234129664575 ], [ 74.161764317350304, 39.028320626347181 ], [ 74.162140777522012, 39.028365215264472 ], [ 74.162409941268024, 39.028366891657896 ], [ 74.162705767029976, 39.028284252269977 ], [ 74.162841720025725, 39.028242850327125 ], [ 74.163001960388641, 39.028159372532521 ], [ 74.163191490593377, 39.028033821038626 ], [ 74.163381646308977, 39.027950508776229 ], [ 74.1639526777019, 39.027509393929471 ], [ 74.164277932020283, 39.02715098778144 ], [ 74.164552602699715, 39.026855849229158 ], [ 74.167371644618598, 39.022738877169239 ], [ 74.169947546547533, 39.019170625890723 ], [ 74.171187303114536, 39.017014796284194 ], [ 74.171574559769581, 39.016380839908905 ], [ 74.172153656888369, 39.015154292001824 ], [ 74.173029559019781, 39.012044973522684 ], [ 74.173543431190396, 39.009890489308518 ], [ 74.173661662238217, 39.009378384875951 ], [ 74.173717108106203, 39.009229061670005 ], [ 74.173882272188393, 39.009101889312134 ], [ 74.174071448352848, 39.008974910211364 ], [ 74.17428957013496, 39.008976440093868 ], [ 74.174421957423661, 39.009020169521932 ], [ 74.174557344880128, 39.009063898796668 ], [ 74.174719401454723, 39.00912920687297 ], [ 74.174933455625677, 39.009259055925106 ], [ 74.175278795052748, 39.009625112444652 ], [ 74.175489471722798, 39.009840507385412 ], [ 74.175757355413324, 39.010160045203598 ], [ 74.176021644883761, 39.010606232991492 ], [ 74.176232184902659, 39.011030884536154 ], [ 74.176646573762824, 39.012387934896481 ], [ 74.176737605976172, 39.013679227003266 ], [ 74.17671973548147, 39.015033223000479 ], [ 74.176601332938731, 39.015815238786907 ], [ 74.176433491917223, 39.016280095640759 ], [ 74.176127494323566, 39.016978110071854 ], [ 74.175879679809768, 39.017400807371359 ], [ 74.175493948109946, 39.017992377234407 ], [ 74.172893796332659, 39.021264537444573 ], [ 74.172343605548917, 39.021982416233051 ], [ 74.171849376920662, 39.022700587610686 ], [ 74.171193214794627, 39.023502673757726 ], [ 74.169964547733059, 39.02478926765442 ], [ 74.169333330770428, 39.025506687917961 ], [ 74.168761075993856, 39.02613959973781 ], [ 74.168107012637918, 39.026750639326622 ], [ 74.165933783408448, 39.028642244843759 ], [ 74.165201038677353, 39.029207997469655 ], [ 74.16473986054217, 39.029500846824234 ], [ 74.1635212499028, 39.030443751536453 ], [ 74.163085744189317, 39.030990208665798 ], [ 74.16281366844224, 39.031432068023754 ], [ 74.162701095517448, 39.031874930764886 ], [ 74.162698566964082, 39.032276223220926 ], [ 74.162694292577712, 39.032761996937616 ], [ 74.16274385451014, 39.033248107529893 ], [ 74.163367104082312, 39.035617638375541 ], [ 74.163523680063903, 39.036294502880402 ], [ 74.16436100540362, 39.03904553613183 ], [ 74.164623984181631, 39.039870912946014 ], [ 74.164780879774099, 39.040399931686679 ], [ 74.165249646374974, 39.042092588540882 ], [ 74.165513423462443, 39.042601152426123 ], [ 74.165726727223486, 39.043067140607562 ], [ 74.166252848406458, 39.044549998648229 ], [ 74.166410972873791, 39.04503823846818 ], [ 74.166615902454211, 39.04633152519763 ], [ 74.166851826907589, 39.047200041614808 ], [ 74.167296001705211, 39.048788833793857 ], [ 74.167452177112921, 39.049424287178802 ], [ 74.167661258915643, 39.050165726477111 ], [ 74.167816256106136, 39.05094933674723 ], [ 74.167864426604339, 39.051647961611586 ], [ 74.168144747135472, 39.053574955702281 ], [ 74.168137842424684, 39.054315756251377 ], [ 74.168103791210655, 39.055077575290319 ], [ 74.168271039143491, 39.057787820706857 ], [ 74.168429189852532, 39.058381347609092 ], [ 74.168850222769279, 39.059844145063401 ], [ 74.169165237735314, 39.060692543619467 ], [ 74.169324739196327, 39.061243737244936 ], [ 74.169587491240321, 39.0618801851477 ], [ 74.169802571493705, 39.06242344654887 ], [ 74.169802571493705, 39.06242344654887 ], [ 74.174511823082497, 39.062732442077255 ], [ 74.177132309163127, 39.062750971348159 ], [ 74.180189858661265, 39.062659023316684 ], [ 74.182959851274404, 39.062337971466555 ], [ 74.185295687479524, 39.061786821400261 ], [ 74.187635393104088, 39.060895147835232 ], [ 74.192909849040873, 39.05798078187712 ], [ 74.193961356692597, 39.057250665232708 ], [ 74.193961356692597, 39.057250665232708 ], [ 74.194121663093782, 39.056193358761426 ], [ 74.194237455231402, 39.055368727470274 ], [ 74.194349264744815, 39.054755682357055 ], [ 74.194687877991726, 39.052895391251084 ], [ 74.194799085521183, 39.05234582267196 ], [ 74.194909710063612, 39.051965524524157 ], [ 74.195269536774305, 39.050803612000024 ], [ 74.195789141542576, 39.049621376170144 ], [ 74.196064496942284, 39.048968562765879 ], [ 74.19628299514784, 39.048547771013133 ], [ 74.196554623145829, 39.048169573481495 ], [ 74.196825824854898, 39.0478336009988 ], [ 74.198369776750553, 39.045986072309397 ], [ 74.198879843319887, 39.045693789538909 ], [ 74.199231260206446, 39.045527166337401 ], [ 74.199391257779453, 39.045486015918975 ], [ 74.199606488222685, 39.045487486304665 ], [ 74.199739383340471, 39.045488405103363 ], [ 74.199819558273688, 39.045510084170779 ], [ 74.199871631145797, 39.045573832952925 ], [ 74.199925383383118, 39.045679835207068 ], [ 74.199923771009352, 39.045891107125364 ], [ 74.199922860065016, 39.046123467678996 ], [ 74.199891752850078, 39.046355533565794 ], [ 74.199837442126778, 39.046629641469927 ], [ 74.19969794489721, 39.046987654097826 ], [ 74.199120621498906, 39.048672875448702 ], [ 74.198979631901651, 39.049178680474483 ], [ 74.198789140151973, 39.049578549627817 ], [ 74.198077353660778, 39.05111504898467 ], [ 74.196739208187978, 39.053837155738549 ], [ 74.196491232808413, 39.054809202435848 ], [ 74.196459505941277, 39.055126445092007 ], [ 74.196513068806624, 39.055338312646697 ], [ 74.196564432617308, 39.055571339261469 ], [ 74.197072480961452, 39.056960480359507 ], [ 74.197072480961452, 39.056960480359507 ], [ 74.199339159922772, 39.055982107879196 ], [ 74.20357753005591, 39.054422144019384 ], [ 74.205329413637543, 39.053980097970722 ], [ 74.207953667486521, 39.053543964716781 ], [ 74.209645100922472, 39.053409126832193 ], [ 74.209645100922472, 39.053409126832193 ], [ 74.210041494058373, 39.053119303758187 ], [ 74.213529977581913, 39.050034520061175 ], [ 74.214161346420866, 39.049543254989779 ], [ 74.215002446124601, 39.0489397369169 ], [ 74.216857084190693, 39.047486367825172 ], [ 74.217865144664472, 39.046998649258924 ], [ 74.218469235366669, 39.046665555935824 ], [ 74.219245004575441, 39.046423517941541 ], [ 74.220425774870961, 39.046161542765169 ], [ 74.222925275827649, 39.045794879117942 ], [ 74.224764321089921, 39.045446321317932 ], [ 74.225193666576047, 39.045291338255197 ], [ 74.225913405881997, 39.045070611643887 ], [ 74.226575819214972, 39.044826950528602 ], [ 74.228216798636581, 39.043800520112541 ], [ 74.228675421185613, 39.043510416009021 ], [ 74.229224953414757, 39.043040485040429 ], [ 74.231211883700936, 39.041430001441441 ], [ 74.231938168206852, 39.040735727339666 ], [ 74.235031777919787, 39.037441195672194 ], [ 74.235031777919787, 39.037441195672194 ], [ 74.235037624085749, 39.036488771821446 ], [ 74.234867505694254, 39.035535340233395 ], [ 74.234873141601469, 39.035094045543254 ], [ 74.234938968097978, 39.034304753477727 ], [ 74.235091048481664, 39.033725076687752 ], [ 74.235342136034163, 39.03217049376569 ], [ 74.235403704263049, 39.031776040677464 ], [ 74.23552544316972, 39.031521333228106 ], [ 74.23567545657049, 39.031313270782775 ], [ 74.235855126361812, 39.03110540242082 ], [ 74.236121198459443, 39.030967796088547 ], [ 74.236450397446362, 39.030853803978765 ], [ 74.236777211267409, 39.030786261744531 ], [ 74.237073175378057, 39.030741751144731 ], [ 74.237400799132345, 39.030697433701484 ], [ 74.237607407622505, 39.030698790831714 ], [ 74.23810309189534, 39.030845312719187 ], [ 74.23810309189534, 39.030845312719187 ], [ 74.240231771994615, 39.03029855699522 ], [ 74.240931514632777, 39.02999840689391 ], [ 74.24163114567007, 39.029427428281082 ], [ 74.242028212307488, 39.028922177453694 ], [ 74.242382674219783, 39.028247379161201 ], [ 74.242473180930673, 39.027807856703589 ], [ 74.24256721556678, 39.027131366131385 ], [ 74.242657719579128, 39.026691843418959 ], [ 74.242881236577105, 39.026083903867026 ], [ 74.243260634203196, 39.025438167353052 ], [ 74.244707463424689, 39.022542798774779 ], [ 74.246727086225775, 39.01890031448017 ], [ 74.248387038072238, 39.016313665652618 ], [ 74.248675611786879, 39.015786431596027 ], [ 74.249094843727335, 39.014995479584748 ], [ 74.250309870357583, 39.013007172644095 ], [ 74.250625974230957, 39.012600372136923 ], [ 74.250881253972182, 39.012289360102478 ], [ 74.25119968571596, 39.011858510264595 ], [ 74.251618203050811, 39.011043500553313 ], [ 74.252881849150839, 39.009087883356173 ], [ 74.253195679452446, 39.008700400546104 ], [ 74.253539561705992, 39.008361798412942 ], [ 74.253979513477702, 39.007926426557347 ], [ 74.254418462760512, 39.007491050731915 ], [ 74.254989438043197, 39.0069885032011 ], [ 74.256129388564275, 39.006249878644731 ], [ 74.257144286270645, 39.005679260456766 ], [ 74.258347381317989, 39.004844523456413 ], [ 74.258602597847812, 39.004701863124495 ], [ 74.25888584850847, 39.004583672157352 ], [ 74.259233225130686, 39.004441903541149 ], [ 74.259580894408586, 39.004348476783754 ], [ 74.260052757258336, 39.004280404104179 ], [ 74.260555007461292, 39.004212627534251 ], [ 74.260870230955518, 39.004191417796946 ], [ 74.261301403323941, 39.00419476481386 ], [ 74.261701019824315, 39.004197283973944 ], [ 74.262005881164484, 39.00419921915077 ], [ 74.262495258769377, 39.00420231601413 ], [ 74.262985636472919, 39.004205408573313 ], [ 74.263473619087648, 39.004305191827626 ], [ 74.263929318760589, 39.004453123077347 ], [ 74.264265371523791, 39.00455193580968 ], [ 74.265364038124261, 39.004728084089187 ], [ 74.265943178627921, 39.004731744282303 ], [ 74.266431169201056, 39.004831515223039 ], [ 74.266797814685717, 39.004930513045295 ], [ 74.267286805013072, 39.00503027816675 ], [ 74.267773104965158, 39.005178386570854 ], [ 74.268200231918271, 39.005326109243185 ], [ 74.268747708139159, 39.005474599553494 ], [ 74.270213483789405, 39.00558048554192 ], [ 74.271224152359864, 39.005635144927439 ], [ 74.272077889851957, 39.005688839248627 ], [ 74.272935628735723, 39.005742527304569 ], [ 74.274187924493788, 39.005752127621143 ], [ 74.275505680396776, 39.005764237654454 ], [ 74.276605245338374, 39.005774365409515 ], [ 74.278781965685141, 39.00565023203567 ], [ 74.279485472019999, 39.005608658439272 ], [ 74.279853387326071, 39.005563996803858 ], [ 74.280497331182332, 39.005545868503454 ], [ 74.281109673543952, 39.005527458022392 ], [ 74.281599255383114, 39.005531937491227 ], [ 74.282241834780834, 39.005537811162633 ], [ 74.285537071116778, 39.005851904899991 ], [ 74.28678571820052, 39.006075679140046 ], [ 74.287942201923912, 39.006274869842059 ], [ 74.288641935434526, 39.00627915296436 ], [ 74.289923633866977, 39.00633498931694 ], [ 74.292347211003388, 39.006123025918512 ], [ 74.292347211003388, 39.006123025918512 ], [ 74.303789305914918, 39.001468306906318 ], [ 74.307226804451474, 39.000000027808433 ], [ 74.307225804451477, 39.000000027808433 ] ], [ [ 74.196451869003326, 39.014828453556611 ], [ 74.196047211706656, 39.015622245044398 ], [ 74.195639539757892, 39.01668105424902 ], [ 74.195232356147045, 39.017872372485165 ], [ 74.194935705123584, 39.019108223536101 ], [ 74.194751594863121, 39.020388606056692 ], [ 74.194733056520533, 39.021846216586276 ], [ 74.194716011343885, 39.023524674760665 ], [ 74.194533388080316, 39.024672547486368 ], [ 74.194184177282381, 39.025554850877676 ], [ 74.193723410919759, 39.026127600716691 ], [ 74.193155580294231, 39.026523301784046 ], [ 74.192418160892458, 39.026741770591869 ], [ 74.191221782336825, 39.02700208605431 ], [ 74.189616315148882, 39.02725758800085 ], [ 74.187896759261562, 39.027291537169184 ], [ 74.18635518843287, 39.026796450332377 ], [ 74.185161512979946, 39.025861699403478 ], [ 74.184714769044859, 39.024931390814622 ], [ 74.184323856042212, 39.023868916849203 ], [ 74.184167179230741, 39.022631131641404 ], [ 74.184121068641417, 39.021570711616143 ], [ 74.184131225105162, 39.020687314786237 ], [ 74.184164196546334, 39.017992952578432 ], [ 74.184224100039827, 39.012780901305987 ], [ 74.184239326483961, 39.011455802838931 ], [ 74.184421862802282, 39.01044092212549 ], [ 74.185287279839798, 39.009827679768193 ], [ 74.185977249758892, 39.009699274430474 ], [ 74.186949619406562, 39.009837592466297 ], [ 74.187749107435479, 39.010151561009124 ], [ 74.188429006172882, 39.010641519144599 ], [ 74.189283781778798, 39.011132496719767 ], [ 74.190195369994484, 39.011491298798809 ], [ 74.190594866090933, 39.011802866744794 ], [ 74.19127881266536, 39.012116131231927 ], [ 74.192753061855413, 39.012210398938684 ], [ 74.193996997849254, 39.012170249778883 ], [ 74.195185918858925, 39.011820714041235 ], [ 74.196096233783805, 39.011470259324327 ], [ 74.198941134953657, 39.009800832024972 ], [ 74.199565816275111, 39.00944944929234 ], [ 74.200703631929343, 39.008878826824443 ], [ 74.201781928268673, 39.008484693605446 ], [ 74.203139318984796, 39.00831229399077 ], [ 74.205003865435927, 39.008273981250582 ], [ 74.207210020595056, 39.008280867239272 ], [ 74.209019033748376, 39.008153973194119 ], [ 74.210267333594814, 39.007804457812988 ], [ 74.210949947616086, 39.00740901728016 ], [ 74.211634027886461, 39.006881063387588 ], [ 74.213281260247427, 39.005958515688661 ], [ 74.21504301399024, 39.005168801971081 ], [ 74.216459773515282, 39.004819736178909 ], [ 74.217536976452379, 39.004602136368916 ], [ 74.219743901836523, 39.00425542024697 ], [ 74.222572521967692, 39.004087199436313 ], [ 74.225287066385036, 39.00383023544358 ], [ 74.227775578769638, 39.003660883585077 ], [ 74.229695115878599, 39.003843194324432 ], [ 74.232011212657298, 39.003938280664052 ], [ 74.23387373051834, 39.004076188681779 ], [ 74.235565811603905, 39.004390261616706 ], [ 74.237143933601487, 39.004792328576102 ], [ 74.239005642715696, 39.005195177486335 ], [ 74.240640844051015, 39.005641528249434 ], [ 74.242556228587816, 39.006221163408306 ], [ 74.244073094114128, 39.006888000332459 ], [ 74.245139383208397, 39.007597731045372 ], [ 74.245642524560409, 39.008305877506281 ], [ 74.246075837130761, 39.009985618680282 ], [ 74.246288843715959, 39.011311367042211 ], [ 74.24644333864596, 39.012636954646084 ], [ 74.246652607081785, 39.014316065426428 ], [ 74.246642762067992, 39.015243648021105 ], [ 74.246461816467615, 39.016126587472641 ], [ 74.245948536300034, 39.016743562028061 ], [ 74.245036638351905, 39.01744776965409 ], [ 74.244067666181095, 39.018107641512401 ], [ 74.243609348251979, 39.018680592792805 ], [ 74.243377652786776, 39.0192983449286 ], [ 74.24313082456915, 39.021241214050924 ], [ 74.242667176751226, 39.022123352333047 ], [ 74.242149575061063, 39.023137840598864 ], [ 74.241741017845783, 39.024152646864813 ], [ 74.24150934337618, 39.024858737234027 ], [ 74.241555848066085, 39.025609793992793 ], [ 74.241887538038128, 39.02640581909467 ], [ 74.241933216658722, 39.027421897328921 ], [ 74.241753648471061, 39.028260657658521 ], [ 74.241464483510427, 39.029054927542646 ], [ 74.240891531835643, 39.02967171656622 ], [ 74.23998467385556, 39.029978347543839 ], [ 74.238849669591701, 39.030284329117016 ], [ 74.23800312600082, 39.030237742069872 ], [ 74.236929870384216, 39.030057993363265 ], [ 74.236086656589336, 39.029702199738431 ], [ 74.235469020099842, 39.029214539793763 ], [ 74.234853865429272, 39.028682707527111 ], [ 74.23445994272231, 39.028328204001433 ], [ 74.234067550078464, 39.028017870532103 ], [ 74.233620629796206, 39.027707371527946 ], [ 74.232773073144983, 39.027572408632935 ], [ 74.231813501908718, 39.027525449820779 ], [ 74.230572663525621, 39.027256807262809 ], [ 74.230009658216275, 39.026857624916346 ], [ 74.229906266115222, 39.026150570024285 ], [ 74.229974300404535, 39.025090647093307 ], [ 74.22998580429639, 39.024030557945835 ], [ 74.22982388573476, 39.023323338929778 ], [ 74.229549872335937, 39.022527446904171 ], [ 74.229219297941313, 39.021643047454681 ], [ 74.2291704869737, 39.021024495913984 ], [ 74.229178643768122, 39.020273601141618 ], [ 74.22952595314807, 39.019523697039162 ], [ 74.229982954941306, 39.019083314232077 ], [ 74.231345700357309, 39.01833637120103 ], [ 74.232204176268297, 39.017543766790972 ], [ 74.232891063088857, 39.016750664610967 ], [ 74.23346345457081, 39.016089743948321 ], [ 74.233923222551013, 39.015295980305048 ], [ 74.234330361950683, 39.014325371813641 ], [ 74.234340367481153, 39.013397791721808 ], [ 74.233954728342511, 39.012469071087779 ], [ 74.233565668840129, 39.011672861248648 ], [ 74.232842460487021, 39.010787327467561 ], [ 74.231778157273851, 39.009900804163749 ], [ 74.230767442753645, 39.00910277743526 ], [ 74.229534203566544, 39.008348251691366 ], [ 74.228466619166184, 39.007770894151626 ], [ 74.227341095893536, 39.007325869619109 ], [ 74.226325247442688, 39.00719036051666 ], [ 74.225194443458264, 39.007231191924546 ], [ 74.223947158070956, 39.007404186769456 ], [ 74.221231019365916, 39.007793629813008 ], [ 74.219815193237366, 39.008054412579732 ], [ 74.217831241846369, 39.008490151693358 ], [ 74.216189833475369, 39.008794378732077 ], [ 74.214207843026941, 39.009230055743814 ], [ 74.211885228068397, 39.009708829383577 ], [ 74.210183265199888, 39.010101136789579 ], [ 74.208035094142375, 39.01022699205388 ], [ 74.205773867324424, 39.010264116887946 ], [ 74.203908275554369, 39.01039077915393 ], [ 74.20226575160433, 39.010518128933327 ], [ 74.200565724019043, 39.01099863534759 ], [ 74.199373352313415, 39.01156907519195 ], [ 74.198576099798231, 39.012096595442479 ], [ 74.198002917516703, 39.012801513366092 ], [ 74.197541763836668, 39.013418449448203 ], [ 74.196855518591974, 39.014211340150972 ], [ 74.196451869003326, 39.014828453556611 ] ] ] ] } },
{ "type": "Feature", "properties": { "ID": 803, "周长": 0.47765404539713158, "面积": 0.0020021337790472812, "FEATUREID": "OFBB003C1AJ430010020000039", "CHFCAC": "000039", "QDUEAQ": "241002", "CHAHBA": "740538.297", "CHAHBB": "390201.70", "QDUECD": "三叠纪黑云母花岗闪长岩", "QDUECC": "→γδT↓1", "GZEKG": "123300", "YSEBE": "", "KWB": "", "YSHB": "浅灰色", "YSC": "1027", "YSD": "1015", "YSJA": "19", "YSJAA": "", "YKBIC": "异源包体", "YSJBA": "10", "YSJBB": "10", "GZIDB": "30", "YSADAA": "", "YSKD": "21", "YSKC": "200", "YSQA": "1007", "DDCDS": "1224", "fill_color": 7680, "pattern": 388, "pattern_color": -9472, "_src_file": "LDZOFBB003.WP", "_src_id": 38 }, "geometry": { "type": "MultiPolygon", "coordinates": [ [ [ [ 74.137777934048486, 39.02177545180372 ], [ 74.137407936127516, 39.021994524567383 ], [ 74.137010120135486, 39.022191207493861 ], [ 74.136301591641541, 39.022429950051581 ], [ 74.135649417356049, 39.022669105867507 ], [ 74.135166687238879, 39.022887336057281 ], [ 74.134655773140878, 39.023105352900501 ], [ 74.132714364726837, 39.024428214352952 ], [ 74.133458435780085, 39.025283057814477 ], [ 74.134494480272238, 39.026577455228733 ], [ 74.135103868724897, 39.027344471388993 ], [ 74.136632035969129, 39.028880475962637 ], [ 74.137674568074161, 39.029650246952144 ], [ 74.138778993854785, 39.030420402564552 ], [ 74.140070217586086, 39.031096350422487 ], [ 74.14111743780856, 39.03148456542894 ], [ 74.14198077977936, 39.031728519438211 ], [ 74.142471155379823, 39.032113185502332 ], [ 74.143574520601518, 39.032978680117225 ], [ 74.144122760151305, 39.033697569134844 ], [ 74.144113552496222, 39.034460620893711 ], [ 74.14379784276791, 39.034983262411473 ], [ 74.143361250656994, 39.035266665511088 ], [ 74.14236776636335, 39.035546534182451 ], [ 74.139947055814957, 39.036151179168534 ], [ 74.139010792141661, 39.036812939608204 ], [ 74.137626286064219, 39.038711885805192 ], [ 74.137184425924772, 39.039424481678388 ], [ 74.136487485932975, 39.040755469876459 ], [ 74.135914865584425, 39.042039554766276 ], [ 74.135780638235261, 39.042897196238499 ], [ 74.135648735122771, 39.043564072957842 ], [ 74.135572315740944, 39.04475594213099 ], [ 74.135805324697998, 39.045949793461155 ], [ 74.136220515480815, 39.047430975636075 ], [ 74.136827192381517, 39.048436436041605 ], [ 74.137367354543343, 39.04982302280002 ], [ 74.137786658599836, 39.050970364316704 ], [ 74.137959572849681, 39.052020743549932 ], [ 74.137888402301144, 39.052783399478123 ], [ 74.137512409503515, 39.053162551540609 ], [ 74.136643821347462, 39.053299748300297 ], [ 74.136025762779397, 39.053200123893312 ], [ 74.135290607797486, 39.052575380620716 ], [ 74.134247675414088, 39.051805494773419 ], [ 74.13301652088856, 39.051224941386799 ], [ 74.12992852865041, 39.050559883715422 ], [ 74.129066513576788, 39.050172530741506 ], [ 74.127896734516227, 39.049640016853488 ], [ 74.126421073869466, 39.048819358230084 ], [ 74.125259412978977, 39.047667246076962 ], [ 74.124282935308045, 39.046564091732087 ], [ 74.123245187737069, 39.04541283566045 ], [ 74.122391987711282, 39.044358200095019 ], [ 74.121354927845204, 39.043159265521176 ], [ 74.120440490258744, 39.042056518989732 ], [ 74.1198350429041, 39.041003622215015 ], [ 74.119352822132655, 39.039999260824928 ], [ 74.11899632220198, 39.038852795125777 ], [ 74.118764288448119, 39.037659552374457 ], [ 74.118653341815062, 39.036657589139388 ], [ 74.118604500573753, 39.035607991387771 ], [ 74.118806128036582, 39.034321562713806 ], [ 74.118774468151358, 39.03188894111269 ], [ 74.118791646776359, 39.030505915014636 ], [ 74.118818302196303, 39.028359841244544 ], [ 74.118720033416636, 39.026308334431739 ], [ 74.118651818206558, 39.025527052119266 ], [ 74.117134142702923, 39.025294035177531 ], [ 74.116607110241588, 39.025069586012819 ], [ 74.113004228636953, 39.023256529709741 ], [ 74.108678534898203, 39.02130556426345 ], [ 74.108290390392, 39.021126229661917 ], [ 74.107404603777042, 39.020590355144328 ], [ 74.106770572361043, 39.019968220129307 ], [ 74.106551083521367, 39.019657898339766 ], [ 74.106414450717438, 39.019414349487775 ], [ 74.106360675633084, 39.019237571628771 ], [ 74.10641811073431, 39.019083691155707 ], [ 74.10647481134248, 39.01899594139978 ], [ 74.106700641276348, 39.018733123230511 ], [ 74.107037430299286, 39.01851524721998 ], [ 74.107430918935336, 39.01820961997327 ], [ 74.107852753171443, 39.017860114977452 ], [ 74.108358169572497, 39.017511249567441 ], [ 74.108835232962065, 39.017206256264792 ], [ 74.109340046958735, 39.016989319217352 ], [ 74.110464410398279, 39.016533079032293 ], [ 74.110718443758557, 39.016358129665448 ], [ 74.111002024896749, 39.016072992892234 ], [ 74.111511690774904, 39.0156127228705 ], [ 74.112135676343016, 39.014976587565847 ], [ 74.11264340324368, 39.014648755242099 ], [ 74.113150800642771, 39.014342997428059 ], [ 74.114082595314159, 39.013914254678184 ], [ 74.113371651032594, 39.01363416301939 ], [ 74.11176216750394, 39.013718932871342 ], [ 74.109962924590945, 39.014136286083712 ], [ 74.108039342662508, 39.014600480771144 ], [ 74.106489291226438, 39.014876351391024 ], [ 74.105310377091072, 39.015154672349993 ], [ 74.104317633601653, 39.01538653015109 ], [ 74.103440766844258, 39.016239180063543 ], [ 74.102745844806989, 39.017379205768897 ], [ 74.102049090441767, 39.018662298954524 ], [ 74.101412360730464, 39.020088872944235 ], [ 74.100895480496916, 39.021802196472528 ], [ 74.100937641849967, 39.023280083744567 ], [ 74.100796644649222, 39.024565988600095 ], [ 74.100404198144346, 39.026136049143787 ], [ 74.099824106393896, 39.027847738954989 ], [ 74.099376732471669, 39.028893095624078 ], [ 74.098373450368314, 39.029839077823084 ], [ 74.097624171191072, 39.030310261505882 ], [ 74.096817448737951, 39.030447375821723 ], [ 74.096141580014162, 39.030061135506216 ], [ 74.095283843283553, 39.029387581824324 ], [ 74.094192607161759, 39.027663707500992 ], [ 74.093596657179489, 39.025943447235719 ], [ 74.093439828257331, 39.023797422983129 ], [ 74.093092171265653, 39.022031313782207 ], [ 74.092309950046726, 39.020357345129867 ], [ 74.091401400843708, 39.018873103712231 ], [ 74.090307195473784, 39.0173874884075 ], [ 74.089520582872908, 39.01604711787833 ], [ 74.088796536635741, 39.014659536758543 ], [ 74.086554275047206, 39.011115882828044 ], [ 74.085337155669649, 39.009581651339325 ], [ 74.084609372876628, 39.00848000165913 ], [ 74.083628872777638, 39.007757787443701 ], [ 74.081896009512008, 39.007744948735095 ], [ 74.079541661152618, 39.007918122218982 ], [ 74.078362529353413, 39.008147667166106 ], [ 74.076311074481012, 39.008799669536508 ], [ 74.072393416373771, 39.009817882478679 ], [ 74.071478659112202, 39.009810765083493 ], [ 74.067631419876349, 39.010162060791266 ], [ 74.06701894493024, 39.010347928064064 ], [ 74.065916616724977, 39.01067294775801 ], [ 74.064504069351827, 39.011376835407013 ], [ 74.063031167474549, 39.012032567746978 ], [ 74.061865159282888, 39.012547704411688 ], [ 74.061000088433318, 39.013351184989766 ], [ 74.06025232665084, 39.014489230680411 ], [ 74.060233088518842, 39.015871336611603 ], [ 74.060394162602037, 39.017445521063749 ], [ 74.060680544443485, 39.018782371487504 ], [ 74.061393219754393, 39.02017023974809 ], [ 74.064618108216422, 39.025152641467862 ], [ 74.065090232726618, 39.026300282264543 ], [ 74.065860766846882, 39.027926896614147 ], [ 74.067529299903683, 39.031982250846603 ], [ 74.069190772517757, 39.032324506444759 ], [ 74.074103243582556, 39.033710338917778 ], [ 74.074886885607455, 39.033961569039661 ], [ 74.075462216470385, 39.034088348647764 ], [ 74.076036743115779, 39.034256201341762 ], [ 74.080315340256135, 39.035431051226603 ], [ 74.080179102302111, 39.035118817389822 ], [ 74.079997839644662, 39.034673487765502 ], [ 74.079342135897548, 39.033188745387982 ], [ 74.079028228109081, 39.032404174395147 ], [ 74.078405661263901, 39.030200677626254 ], [ 74.077575278448862, 39.027721682082884 ], [ 74.077418809778521, 39.027298085106345 ], [ 74.077368526060511, 39.026981355153694 ], [ 74.077345195283257, 39.026644173343037 ], [ 74.07734744199098, 39.026244023360462 ], [ 74.077354806450856, 39.025738568698827 ], [ 74.07726317116925, 39.024137112553376 ], [ 74.077275357669933, 39.022894538345078 ], [ 74.07725906386564, 39.021988720311185 ], [ 74.077133364869326, 39.021250534293763 ], [ 74.076641988634393, 39.019287852011239 ], [ 74.07654153158505, 39.018613061401787 ], [ 74.076440288524893, 39.018106754243128 ], [ 74.07567715747399, 39.016436374843096 ], [ 74.074783972575247, 39.014827782397099 ], [ 74.07459775203381, 39.014489167870266 ], [ 74.074495349444547, 39.014214440283908 ], [ 74.074470315586183, 39.014045719062885 ], [ 74.07447592622853, 39.013519204149361 ], [ 74.074583261271599, 39.013330597872248 ], [ 74.074774411086224, 39.013205878518356 ], [ 74.075041601082972, 39.013123983849908 ], [ 74.075258235359428, 39.013125863376764 ], [ 74.075472869655101, 39.013127742508829 ], [ 74.075687053798163, 39.013171740459278 ], [ 74.076088372144199, 39.013280564324916 ], [ 74.076490390100446, 39.013389176175409 ], [ 74.076999171674615, 39.013519588141378 ], [ 74.077347440544202, 39.01356447614441 ], [ 74.077643353594326, 39.013566818465137 ], [ 74.077914814401637, 39.013526823663 ], [ 74.078237520138828, 39.013445134087029 ], [ 74.078562673646132, 39.013321322107501 ], [ 74.078833469366202, 39.013154962853449 ], [ 74.079049568364198, 39.01307241899412 ], [ 74.079319916848846, 39.01294818010669 ], [ 74.079399619756856, 39.012948817010312 ], [ 74.079723652415311, 39.012930304414255 ], [ 74.079831035280193, 39.012952215138526 ], [ 74.079965316339852, 39.012974335655208 ], [ 74.080125832888214, 39.013059851589247 ], [ 74.080178521841106, 39.013165580784893 ], [ 74.080281679400187, 39.01339809650699 ], [ 74.080383054767012, 39.01398864176555 ], [ 74.08045864107828, 39.014663220155704 ], [ 74.080920190679421, 39.016815222568873 ], [ 74.081021576110388, 39.017216221368592 ], [ 74.081073157134625, 39.017616798472702 ], [ 74.081354419715794, 39.019009130097693 ], [ 74.081873384884133, 39.020635036267208 ], [ 74.082081065251913, 39.021352793318997 ], [ 74.082539599690762, 39.02379963613533 ], [ 74.082868293644808, 39.025992692240301 ], [ 74.082955359463895, 39.027785247773878 ], [ 74.082997066207895, 39.028735886400057 ], [ 74.083043245495844, 39.02947536568076 ], [ 74.083143212558525, 39.030046342308374 ], [ 74.083303205070877, 39.030343233240728 ], [ 74.083485132516259, 39.030809265451659 ], [ 74.083585130992816, 39.031549167172074 ], [ 74.083679667147464, 39.032500227910305 ], [ 74.083779219875154, 39.033366934003908 ], [ 74.083827037780125, 39.033895928002579 ], [ 74.083818658994019, 39.034636008016832 ], [ 74.083812672692687, 39.035164637816806 ], [ 74.084251588913759, 39.036795913297041 ], [ 74.084505743131359, 39.038024154165313 ], [ 74.084769561739122, 39.038575749748077 ], [ 74.085244981490177, 39.039361398311733 ], [ 74.086038729975229, 39.040550983679893 ], [ 74.086356808395777, 39.040976068766639 ], [ 74.086944174929314, 39.04138182405898 ], [ 74.087369790938268, 39.041638471748804 ], [ 74.088895989262483, 39.042304311115835 ], [ 74.089648714078493, 39.042541978196333 ], [ 74.090131820004842, 39.042650962236614 ], [ 74.090561589369912, 39.042717293194983 ], [ 74.091017266566041, 39.042783800760844 ], [ 74.091473183740206, 39.042829161536268 ], [ 74.091877287485858, 39.042874162326285 ], [ 74.092361871174973, 39.042940844863338 ], [ 74.09276450454135, 39.043028132683204 ], [ 74.093111327621216, 39.043115057008521 ], [ 74.093488820228202, 39.04322330518675 ], [ 74.095929668021171, 39.043916318882559 ], [ 74.096437698017041, 39.044025456270226 ], [ 74.096789237467277, 39.044048934544541 ], [ 74.09721925939786, 39.04409409383684 ], [ 74.098161143025237, 39.044016764958755 ], [ 74.099051562682945, 39.043833776460829 ], [ 74.099426951771463, 39.043710593800384 ], [ 74.099829982821433, 39.043418732910169 ], [ 74.100046837420948, 39.043230693764755 ], [ 74.100315319863668, 39.042937577639428 ], [ 74.100640974854812, 39.042666076330875 ], [ 74.100855550050497, 39.042414690612098 ], [ 74.101127750850893, 39.042058222980359 ], [ 74.101292386756626, 39.041764103097151 ], [ 74.101348704024076, 39.041511211208565 ], [ 74.101654092711499, 39.04050039775742 ], [ 74.102021030602089, 39.038603211090056 ], [ 74.102191930175763, 39.037760070553546 ], [ 74.10241406710864, 39.037107477234173 ], [ 74.102579823476958, 39.036538845478049 ], [ 74.102993238208001, 39.035507911196568 ], [ 74.10331926048201, 39.035025241471118 ], [ 74.103590901666408, 39.034626535604211 ], [ 74.103916190711217, 39.034207213660579 ], [ 74.1042422006077, 39.033724541104775 ], [ 74.104511385490966, 39.033452529928489 ], [ 74.104728437439121, 39.03324336774611 ], [ 74.105454778798347, 39.032785552461917 ], [ 74.105829890049293, 39.03257775974798 ], [ 74.106284898028647, 39.032454260933939 ], [ 74.10646940460353, 39.032455689835203 ], [ 74.106655557305174, 39.032499443363683 ], [ 74.106789421339087, 39.032542788530165 ], [ 74.106893755329878, 39.032691736210694 ], [ 74.106973736370549, 39.032925127390122 ], [ 74.106997367483828, 39.033285083055155 ], [ 74.106968773086066, 39.033517658212588 ], [ 74.106966440946081, 39.033728866414108 ], [ 74.106907670741805, 39.034023993284386 ], [ 74.106851619537082, 39.034255772668551 ], [ 74.106741715384331, 39.034613747758925 ], [ 74.106629810051317, 39.03497172496062 ], [ 74.106548573206894, 39.035245486180905 ], [ 74.105756547084837, 39.036779727563065 ], [ 74.104849920570132, 39.038904213768554 ], [ 74.104435824906616, 39.040082964537618 ], [ 74.104187746977885, 39.040756429322698 ], [ 74.104019992887629, 39.041325063005551 ], [ 74.103987817383768, 39.041979410642142 ], [ 74.103979835302255, 39.042591774663734 ], [ 74.104081409240138, 39.04314178993431 ], [ 74.104337354520567, 39.043946697534274 ], [ 74.104941254848185, 39.047391591713506 ], [ 74.105095613619653, 39.047962372715794 ], [ 74.105281385875074, 39.048514831441402 ], [ 74.111889075219494, 39.051154322534792 ], [ 74.119861875496682, 39.053832506741692 ], [ 74.127599815138723, 39.054494777573424 ], [ 74.136891410458148, 39.05516801887147 ], [ 74.141785001004848, 39.056210972350826 ], [ 74.145903957602471, 39.057248047811939 ], [ 74.154268017021423, 39.060228143908027 ], [ 74.152577627650459, 39.059441335125953 ], [ 74.150787983577189, 39.058323875377653 ], [ 74.149637235619821, 39.057713060970961 ], [ 74.148613076775902, 39.057203568872616 ], [ 74.147845268337036, 39.056796345640578 ], [ 74.147463780622545, 39.056391942145474 ], [ 74.14721148524994, 39.05578769251769 ], [ 74.147347502219802, 39.055186267387427 ], [ 74.147873234989376, 39.0543868785821 ], [ 74.148522895750219, 39.053990005399172 ], [ 74.149683005368402, 39.05389806983397 ], [ 74.151097035244121, 39.054109182394917 ], [ 74.152122371539477, 39.054518259203647 ], [ 74.153531626993328, 39.055130920867754 ], [ 74.154810940468025, 39.055843026057488 ], [ 74.156733138759463, 39.056559777103061 ], [ 74.158015087717715, 39.056970664651281 ], [ 74.159365251929543, 39.057289481163316 ], [ 74.158900303568586, 39.056679114616216 ], [ 74.158527274638104, 39.056297216008026 ], [ 74.158231681277499, 39.056042316154738 ], [ 74.157913214220898, 39.055787334106199 ], [ 74.156869443374489, 39.055085304948236 ], [ 74.156684598503901, 39.054831058515717 ], [ 74.15655228127028, 39.054576656232669 ], [ 74.156445014039704, 39.054301171938214 ], [ 74.156342785097735, 39.05389869423788 ], [ 74.156317324176584, 39.053602293884779 ], [ 74.156319048534073, 39.053390639073122 ], [ 74.156427625492341, 39.05313698646431 ], [ 74.156727409397504, 39.052629932917561 ], [ 74.157026775076801, 39.052419194883811 ], [ 74.157350324941405, 39.052293201417612 ], [ 74.157511583247597, 39.05229369991546 ], [ 74.157780177507178, 39.05231569696042 ], [ 74.158666925424811, 39.052339600861565 ], [ 74.158909159286694, 39.052298016171974 ], [ 74.159095981383871, 39.052213934428799 ], [ 74.159395508432326, 39.051982024281806 ], [ 74.159450118921526, 39.051876361271454 ], [ 74.159505100998686, 39.051601375109271 ], [ 74.159481284499606, 39.051347307075993 ], [ 74.159644142023822, 39.047834246400399 ], [ 74.159600905991041, 39.042578728562255 ], [ 74.15964605291974, 39.039758318247422 ], [ 74.159569273827643, 39.03888895008798 ], [ 74.159521410797453, 39.038212753370075 ], [ 74.159446761449999, 39.037747595903781 ], [ 74.159003516518354, 39.036118445897749 ], [ 74.158737625705683, 39.035630988328741 ], [ 74.158102299677282, 39.034528670381789 ], [ 74.155391492064652, 39.030477402458736 ], [ 74.155153245043607, 39.030137948438103 ], [ 74.154939789128619, 39.029925387098665 ], [ 74.154671253128939, 39.029628005842447 ], [ 74.15429867622467, 39.02937218647304 ], [ 74.152585706938794, 39.028051848151726 ], [ 74.152213419312361, 39.027669126931947 ], [ 74.151813763720611, 39.02724256368473 ], [ 74.151389707059764, 39.026773429672595 ], [ 74.149905085708269, 39.024961842656204 ], [ 74.149637995371606, 39.024705731482506 ], [ 74.149343925834899, 39.024491834065486 ], [ 74.148811554551671, 39.024297523318197 ], [ 74.148064940726044, 39.024080611196425 ], [ 74.147771951984069, 39.023951474095249 ], [ 74.147239022013565, 39.023608728364302 ], [ 74.147083199890389, 39.023416846084189 ], [ 74.14697737827926, 39.023204110150864 ], [ 74.146928159252624, 39.023055334965264 ], [ 74.146851896597795, 39.022736752948084 ], [ 74.146723724860976, 39.022311803902682 ], [ 74.146647769251103, 39.022035630026565 ], [ 74.146466520139469, 39.021758758886016 ], [ 74.146279535449196, 39.021587907064315 ], [ 74.145856183046661, 39.021351872121876 ], [ 74.145589731732059, 39.021180495278543 ], [ 74.145324188904169, 39.021051448901304 ], [ 74.145057562085483, 39.020879843804046 ], [ 74.144845516024944, 39.020666224857969 ], [ 74.14465976090942, 39.020431600073053 ], [ 74.144557568760987, 39.020091548152976 ], [ 74.144535111909462, 39.019879311465786 ], [ 74.144539336169757, 39.019561255014388 ], [ 74.144545911153131, 39.019221993297037 ], [ 74.144603319073838, 39.018946740203667 ], [ 74.144717655212759, 39.018608268591699 ], [ 74.144775409751745, 39.018311810096527 ], [ 74.144732281293756, 39.017717707995494 ], [ 74.144552757880916, 39.017165026419775 ], [ 74.144239755397138, 39.016530216309107 ], [ 74.14423875539714, 39.016530216309107 ], [ 74.13823466975245, 39.02142393507566 ], [ 74.137777934048486, 39.02177545180372 ] ], [ [ 74.144010608670627, 39.020635945756531 ], [ 74.144299802613816, 39.020638084449374 ], [ 74.144586150687473, 39.021208070108969 ], [ 74.144705742230457, 39.023366964409846 ], [ 74.14393989619515, 39.026607945781116 ], [ 74.143265529653277, 39.028075458864258 ], [ 74.142431392973435, 39.029093658204303 ], [ 74.141357976223972, 39.029533906457644 ], [ 74.139829280653075, 39.029237237759652 ], [ 74.138965245816706, 39.028435803022397 ], [ 74.13854357532864, 39.027183310675525 ], [ 74.13877469320245, 39.026121763618129 ], [ 74.139364732737491, 39.02484571554028 ], [ 74.140201514805156, 39.023443448766422 ], [ 74.142401184820912, 39.021192027500646 ], [ 74.143428220849955, 39.020631668442235 ], [ 74.144010608670627, 39.020635945756531 ] ] ], [ [ [ 74.080316476376623, 39.035431363191243 ], [ 74.080315340256135, 39.035431051226603 ], [ 74.080315476376626, 39.035431363191243 ], [ 74.080316476376623, 39.035431363191243 ] ] ] ] } },
{ "type": "Feature", "properties": { "ID": 804, "周长": 0.029410330774340184, "面积": 3.1119826959175208e-05, "FEATUREID": "OFBB003C1AJ430010020000040", "CHFCAC": "000040", "QDUEAQ": "241015", "CHAHBA": "741205.778", "CHAHBB": "390323.84", "QDUECD": "二叠纪二长花岗岩", "QDUECC": "→ηγP", "GZEKG": "131000", "YSEBE": "", "KWB": "", "YSHB": "灰白色", "YSC": "1029", "YSD": "1015", "YSJA": "19", "YSJAA": "", "YKBIC": "异源包体", "YSJBA": "10", "YSJBB": "10", "GZIDB": "30", "YSADAA": "", "YSKD": "21", "YSKC": "200", "YSQA": "1007", "DDCDS": "1224", "fill_color": 19968, "pattern": 388, "pattern_color": -28928, "_src_file": "LDZOFBB003.WP", "_src_id": 39 }, "geometry": { "type": "MultiPolygon", "coordinates": [ [ [ [ 74.209645100922472, 39.053409126832193 ], [ 74.207020559442952, 39.05532869802925 ], [ 74.206357293256943, 39.055842251893999 ], [ 74.205695017501711, 39.056355799601519 ], [ 74.205120340852957, 39.056779840207732 ], [ 74.204573763865326, 39.057092660328991 ], [ 74.203769485422526, 39.057494818785123 ], [ 74.202594272716823, 39.058188477557117 ], [ 74.198465712058422, 39.059870102885718 ], [ 74.198465712058422, 39.059870102885718 ], [ 74.198323015937433, 39.059325797507576 ], [ 74.19805867739413, 39.058964705029766 ], [ 74.197633302823434, 39.058433502205538 ], [ 74.197345549551827, 39.057712568821934 ], [ 74.197072480961452, 39.056960480359507 ], [ 74.197072480961452, 39.056960480359507 ], [ 74.199339159922772, 39.055982107879196 ], [ 74.20357753005591, 39.054422144019384 ], [ 74.205329413637543, 39.053980097970722 ], [ 74.207953667486521, 39.053543964716781 ], [ 74.209645100922472, 39.053409126832193 ] ] ] ] } },
{ "type": "Feature", "properties": { "ID": 812, "周长": 0.01472489261951369, "面积": 8.1665301383537781e-06, "FEATUREID": "OFBB003C1AJ430010020000041", "CHFCAC": "000041", "QDUEAQ": "231208", "CHAHBA": "734815.896", "CHAHBB": "390304.66", "QDUECD": "二叠纪石英闪长岩", "QDUECC": "→δοP", "GZEKG": "131000", "YSEBE": "", "KWB": "", "YSHB": "灰色", "YSC": "1027", "YSD": "1015", "YSJA": "19", "YSJAA": "", "YKBIC": "异源包体", "YSJBA": "10", "YSJBB": "10", "GZIDB": "30", "YSADAA": "", "YSKD": "21", "YSKC": "200", "YSQA": "1007", "DDCDS": "1224", "fill_color": 24064, "pattern": 388, "pattern_color": -13824, "_src_file": "LDZOFBB003.WP", "_src_id": 40 }, "geometry": { "type": "MultiPolygon", "coordinates": [ [ [ [ 73.804551825945609, 39.053613741239957 ], [ 73.804510185369736, 39.052880640580611 ], [ 73.804808543672522, 39.051880998432125 ], [ 73.805211471697504, 39.051275118665885 ], [ 73.805553585238741, 39.050930214778852 ], [ 73.805898941926088, 39.050410886587343 ], [ 73.806023784565738, 39.049714510041682 ], [ 73.806035132686077, 39.049104031839974 ], [ 73.805817060855176, 39.048796167361537 ], [ 73.805368759695625, 39.048834519514024 ], [ 73.804971528878539, 39.049135162481249 ], [ 73.804571047975912, 39.049610224975829 ], [ 73.803123886492443, 39.052210122301098 ], [ 73.80209503475092, 39.053375624834288 ], [ 73.80176523186887, 39.053779953938417 ], [ 73.80176523186887, 39.053779953938417 ], [ 73.804552825945606, 39.053613741239957 ], [ 73.804551825945609, 39.053613741239957 ] ] ] ] } },
{ "type": "Feature", "properties": { "ID": 819, "周长": 0.038472058574375634, "面积": 3.75055195289117e-05, "FEATUREID": "OFBB003C1AJ430010020000042", "CHFCAC": "000042", "QDUEAQ": "410702", "CHAHBA": "742419.166", "CHAHBB": "390212.24", "QDUECD": "泥盆纪角闪石岩    ", "QDUECC": "→οφD↓1", "GZEKG": "133000", "YSEBE": "", "KWB": "", "YSHB": "灰黑色", "YSC": "3213", "YSD": "1015", "YSJA": "16", "YSJAA": "", "YKBIC": "", "YSJBA": "20", "YSJBB": "20", "GZIDB": "30", "YSADAA": "", "YSKD": "21", "YSKC": "100", "YSQA": "1012", "DDCDS": "1226", "fill_color": 27136, "pattern": 388, "pattern_color": 23040, "_src_file": "LDZOFBB003.WP", "_src_id": 41 }, "geometry": { "type": "MultiPolygon", "coordinates": [ [ [ [ 74.401190961053487, 39.040001270402037 ], [ 74.403941378566188, 39.038875691138621 ], [ 74.415708621645422, 39.033297854819878 ], [ 74.415707621645424, 39.033297854819878 ], [ 74.415604749167713, 39.033044027847545 ], [ 74.415457793808201, 39.032956259292057 ], [ 74.415310661874855, 39.03288295562681 ], [ 74.415107843931878, 39.032823746197259 ], [ 74.414923178296362, 39.03279358866255 ], [ 74.414590316683658, 39.032776912184765 ], [ 74.414349079356285, 39.032833168742847 ], [ 74.413810210807327, 39.033017634440029 ], [ 74.413419179199849, 39.033217548077722 ], [ 74.412990077306006, 39.033503999254989 ], [ 74.41254247146945, 39.033790326365683 ], [ 74.411780495735385, 39.034060087450165 ], [ 74.411558110711539, 39.034087535140422 ], [ 74.411410088991616, 39.034086547359991 ], [ 74.409987001969995, 39.033946851450246 ], [ 74.409636167194563, 39.033886642771748 ], [ 74.40917485319838, 39.033782297728422 ], [ 74.408953537497595, 39.033722954642222 ], [ 74.40873222505887, 39.033663611152996 ], [ 74.408390990648414, 39.033422624977788 ], [ 74.405258324306928, 39.034722161679618 ], [ 74.403485900429772, 39.035744784839714 ], [ 74.401710522817098, 39.037111256022875 ], [ 74.400524963493694, 39.038251475350833 ], [ 74.399632371490682, 39.039507821474956 ], [ 74.399008161805583, 39.04070497914411 ], [ 74.40030544073079, 39.040376729272197 ], [ 74.401190961053487, 39.040001270402037 ] ] ], [ [ [ 74.399007009822014, 39.040705270629964 ], [ 74.399008009822012, 39.040705270629964 ], [ 74.399008161805583, 39.04070497914411 ], [ 74.399007009822014, 39.040705270629964 ] ] ] ] } },
{ "type": "Feature", "properties": { "ID": 825, "周长": 0.027466001663817925, "面积": 2.91328147842395e-05, "FEATUREID": "OFBB003C1AJ430010020000043", "CHFCAC": "000043", "QDUEAQ": "241002", "CHAHBA": "740315.902", "CHAHBB": "390142.92", "QDUECD": "三叠纪黑云母花岗闪长岩", "QDUECC": "→γδT↓1", "GZEKG": "123300", "YSEBE": "", "KWB": "", "YSHB": "浅灰色", "YSC": "1027", "YSD": "1015", "YSJA": "19", "YSJAA": "", "YKBIC": "异源包体", "YSJBA": "10", "YSJBB": "10", "GZIDB": "30", "YSADAA": "", "YSKD": "21", "YSKC": "200", "YSQA": "1007", "DDCDS": "1224", "fill_color": 31232, "pattern": 388, "pattern_color": -9472, "_src_file": "LDZOFBB003.WP", "_src_id": 42 }, "geometry": { "type": "MultiPolygon", "coordinates": [ [ [ [ 74.048939006099971, 39.028700589250413 ], [ 74.049494130443065, 39.028814235348506 ], [ 74.050611430496573, 39.02906254825681 ], [ 74.052349087417653, 39.029433772922239 ], [ 74.053759613110145, 39.029691704309982 ], [ 74.054641648102034, 39.029904481680461 ], [ 74.055834815269122, 39.030202021423321 ], [ 74.056613420343425, 39.030372821584777 ], [ 74.057445729966815, 39.030461800442232 ], [ 74.058225924222072, 39.030550354841317 ], [ 74.059475978228463, 39.030601568614166 ], [ 74.061141402434984, 39.030738365501705 ], [ 74.061525894983518, 39.030781994806617 ], [ 74.061525894983518, 39.030781994806617 ], [ 74.061070336437098, 39.030224800907995 ], [ 74.060109588689826, 39.029120958418993 ], [ 74.058724533938317, 39.027823103721204 ], [ 74.057031212229347, 39.0267611122635 ], [ 74.055266269186745, 39.026461155255816 ], [ 74.05410664547162, 39.02649962211359 ], [ 74.052821679504518, 39.026775401789649 ], [ 74.048939006099971, 39.028700589250413 ] ] ] ] } },
{ "type": "Feature", "properties": { "ID": 838, "周长": 0.029073751782918253, "面积": 4.7101329203998177e-05, "FEATUREID": "OFBB003C1AJ430010020000044", "CHFCAC": "000044", "QDUEAQ": "241002", "CHAHBA": "740735.734", "CHAHBB": "390013.26", "QDUECD": "三叠纪黑云母花岗闪长岩", "QDUECC": "→γδT↓1", "GZEKG": "123300", "YSEBE": "", "KWB": "", "YSHB": "浅灰色", "YSC": "1027", "YSD": "1015", "YSJA": "19", "YSJAA": "", "YKBIC": "异源包体", "YSJBA": "10", "YSJBB": "10", "GZIDB": "30", "YSADAA": "", "YSKD": "21", "YSKC": "200", "YSQA": "1007", "DDCDS": "1224", "fill_color": -31232, "pattern": 388, "pattern_color": -9472, "_src_file": "LDZOFBB003.WP", "_src_id": 43 }, "geometry": { "type": "MultiPolygon", "coordinates": [ [ [ [ 74.125239642096005, 39.000000032820822 ], [ 74.122222222215925, 38.999999999996298 ], [ 74.121342454536247, 39.000000017627066 ], [ 74.121342454536247, 39.000000017627066 ], [ 74.120709826549472, 39.000542427798102 ], [ 74.120576687496865, 39.001304672967279 ], [ 74.120687980621639, 39.002306987349144 ], [ 74.121530246878322, 39.004220266828128 ], [ 74.122386114671187, 39.005036655280456 ], [ 74.123304443096202, 39.005805745256431 ], [ 74.124161529477163, 39.006526737276175 ], [ 74.124622300101422, 39.007342391951561 ], [ 74.124622300101422, 39.007342391951561 ], [ 74.126346086737556, 39.006289303268154 ], [ 74.129609539686669, 39.004800924812727 ], [ 74.131138985495369, 39.004351866396632 ], [ 74.131451574863547, 39.00417114167427 ], [ 74.131792919148197, 39.003945052789796 ], [ 74.131908297081111, 39.003787667579395 ], [ 74.131909801004156, 39.003697674841838 ], [ 74.131883022122224, 39.003607458139257 ], [ 74.131827208548899, 39.003562012696811 ], [ 74.131743867218034, 39.003471348009874 ], [ 74.131350556434299, 39.003310716852269 ], [ 74.130631490381489, 39.002732093140537 ], [ 74.130312508515814, 39.002601815499816 ], [ 74.129634414720357, 39.002340935711395 ], [ 74.127957668636853, 39.001784673173489 ], [ 74.127159174731517, 39.001522818212173 ], [ 74.125633541811368, 39.000440547966633 ], [ 74.125239642096005, 39.000000032820822 ] ] ] ] } },
{ "type": "Feature", "properties": { "ID": 839, "周长": 0.086732683195885604, "面积": 0.00021394681009346411, "FEATUREID": "OFBB003C1AJ430010020000045", "CHFCAC": "000045", "QDUEAQ": "241002", "CHAHBA": "740202.158", "CHAHBB": "390015.84", "QDUECD": "三叠纪黑云母花岗闪长岩", "QDUECC": "→γδT↓1", "GZEKG": "123300", "YSEBE": "", "KWB": "", "YSHB": "浅灰色", "YSC": "1027", "YSD": "1015", "YSJA": "19", "YSJAA": "", "YKBIC": "异源包体", "YSJBA": "10", "YSJBB": "10", "GZIDB": "30", "YSADAA": "", "YSKD": "21", "YSKC": "200", "YSQA": "1007", "DDCDS": "1224", "fill_color": -27136, "pattern": 388, "pattern_color": -9472, "_src_file": "LDZOFBB003.WP", "_src_id": 44 }, "geometry": { "type": "MultiPolygon", "coordinates": [ [ [ [ 74.056463826877931, 39.000000018087604 ], [ 74.055555555548764, 38.999999999996213 ], [ 74.049999999993148, 38.999999999996191 ], [ 74.044444444437545, 38.999999999996199 ], [ 74.038888888881914, 38.999999999996191 ], [ 74.033333333326325, 38.999999999996177 ], [ 74.027777777770694, 38.99999999999617 ], [ 74.022222222215078, 38.999999999996149 ], [ 74.016890781110405, 39.000000005117414 ], [ 74.016890781110405, 39.000000005117414 ], [ 74.017333801910922, 39.001060553207836 ], [ 74.017532798732745, 39.001705320033366 ], [ 74.017732377088905, 39.002269680811651 ], [ 74.019141683455402, 39.00453163953464 ], [ 74.019995435289474, 39.005954935059009 ], [ 74.019995435289474, 39.005954935059009 ], [ 74.022577338124123, 39.004701052164457 ], [ 74.023313207114882, 39.004421104576636 ], [ 74.023740745769246, 39.004376944361887 ], [ 74.024899332013845, 39.004386433588188 ], [ 74.026540262655971, 39.004781162784163 ], [ 74.028059937177005, 39.005127219092145 ], [ 74.029700900430896, 39.005521906448038 ], [ 74.031160310343154, 39.005819765737982 ], [ 74.032678666135325, 39.00626107774157 ], [ 74.034012057402705, 39.006843863537831 ], [ 74.034980264565789, 39.007376012437192 ], [ 74.035525015714896, 39.007666407396997 ], [ 74.036735814677201, 39.008295833272115 ], [ 74.037950028023786, 39.008686954683341 ], [ 74.039287570898324, 39.008983730002775 ], [ 74.040628511989894, 39.009042195607051 ], [ 74.041728226089177, 39.008908051659574 ], [ 74.04301425582706, 39.008537071940488 ], [ 74.044427629744348, 39.007785787177482 ], [ 74.047933798241743, 39.005668960998236 ], [ 74.048368710416014, 39.005100463141872 ], [ 74.049298154418693, 39.004059270496256 ], [ 74.050104271263422, 39.00311241316647 ], [ 74.051213245842106, 39.002310955325676 ], [ 74.052196900922709, 39.001746809516156 ], [ 74.053790301341749, 39.001187496375628 ], [ 74.055199413619349, 39.000722029707617 ], [ 74.056182350490047, 39.000205508677666 ], [ 74.056463826877931, 39.000000018087604 ] ] ] ] } },
{ "type": "Feature", "properties": { "ID": 840, "周长": 0.083586399487800819, "面积": 9.3477503268046824e-05, "FEATUREID": "OFBB003C1AJ430010020000046", "CHFCAC": "000046", "QDUEAQ": "231200", "CHAHBA": "741828.991", "CHAHBB": "390010.92", "QDUECD": "三叠纪闪长岩", "QDUECC": "→δT↓1", "GZEKG": "123300", "YSEBE": "", "KWB": "", "YSHB": "灰色", "YSC": "1027", "YSD": "1015", "YSJA": "19", "YSJAA": "", "YKBIC": "异源包体", "YSJBA": "10", "YSJBB": "10", "GZIDB": "30", "YSADAA": "", "YSKD": "21", "YSKC": "200", "YSQA": "1007", "DDCDS": "1224", "fill_color": -23040, "pattern": 388, "pattern_color": -19200, "_src_file": "LDZOFBB003.WP", "_src_id": 45 }, "geometry": { "type": "MultiPolygon", "coordinates": [ [ [ [ 74.307225804451477, 39.000000027808433 ], [ 74.311111111105433, 38.999999999996518 ], [ 74.316666666660993, 38.999999999996518 ], [ 74.322222222216567, 38.999999999996533 ], [ 74.327777777772113, 38.999999999996547 ], [ 74.33325015360613, 39.000000001947363 ], [ 74.333251153606128, 39.000000001947363 ], [ 74.327815722338727, 39.000556445450094 ], [ 74.321535112068219, 39.001637845457459 ], [ 74.318343717625837, 39.002572385362363 ], [ 74.31699338564971, 39.002873717660549 ], [ 74.310815130534408, 39.00424198361803 ], [ 74.309685197482835, 39.004473392827236 ], [ 74.308281709189686, 39.004678766861289 ], [ 74.307121123102277, 39.004838086888419 ], [ 74.306028682316409, 39.004998698593205 ], [ 74.305390757907588, 39.005114365817498 ], [ 74.299226211962107, 39.005672782334166 ], [ 74.297433928320629, 39.005732724130716 ], [ 74.296461119305334, 39.005750226376442 ], [ 74.295700016309908, 39.005769635941014 ], [ 74.294937269692241, 39.005765026567332 ], [ 74.294387733259384, 39.005785718027241 ], [ 74.294079913701196, 39.005831895673786 ], [ 74.293714716564793, 39.005901719306301 ], [ 74.293315648534744, 39.00599536863232 ], [ 74.292347211003388, 39.006123025918512 ], [ 74.292347211003388, 39.006123025918512 ], [ 74.303789305914918, 39.001468306906318 ], [ 74.307226804451474, 39.000000027808433 ], [ 74.307225804451477, 39.000000027808433 ] ] ] ] } }
]
}
