{
"type": "FeatureCollection",
"name": "LDZOFBA003.WL",
"crs": { "type": "name", "properties": { "name": "urn:ogc:def:crs:OGC:1.3:CRS84" } },
"xy_coordinate_resolution": 1e-15,
"features": [
{ "type": "Feature", "properties": { "ID": 1, "长度": 0.11157648311313369, "FEATUREID": "OFBA003C1AJ430010020000001", "CHFCAC": "000001", "GZEAB": "", "KCDDEF": 11.424102783203125, "GZEEB": "01", "GZECD": "", "GZECE": 72.0, "GZEHG": "D1s,D2t,ψ1D", "GZAG": "101", "GZEEE": "101", "GZELD": "109", "GZEEC": "106", "GZEKG": "", "GZEHH": "", "PKIGJ": "1∶250000 库尔干幅(J43C001002)建造构造图", "linetype": 1, "aux_linetype": 0, "width": 0.30000001192092896, "x_coef": 5.0, "y_coef": 5.0, "_src_file": "LDZOFBA003.WL", "_src_id": 0 }, "geometry": { "type": "LineString", "coordinates": [ [ 73.911394191273985, 39.91144586198179 ], [ 73.914453625398266, 39.918174853108624 ], [ 73.917552309760183, 39.922946749152153 ], [ 73.91934927048834, 39.925144716996392 ], [ 73.920418333564982, 39.926962213851304 ], [ 73.921365525522205, 39.928600759953689 ], [ 73.922845602590314, 39.931065145438197 ], [ 73.923783612428281, 39.933092247076246 ], [ 73.925573606551396, 39.936090159082603 ], [ 73.927850813856168, 39.939285367663338 ], [ 73.930149557091582, 39.942184034010516 ], [ 73.931857760138641, 39.94401824741621 ], [ 73.933323810754146, 39.945370268191134 ], [ 73.934849634947781, 39.94705672906165 ], [ 73.937410726311299, 39.949947332426241 ], [ 73.940925272896834, 39.953524132623002 ], [ 73.945042230936664, 39.957493690729187 ], [ 73.948895975807559, 39.961463935159088 ], [ 73.951617002341877, 39.964308801366343 ], [ 73.952949942856904, 39.965756829387225 ], [ 73.95524904468796, 39.968553889524131 ], [ 73.959845256300071, 39.974241038766628 ], [ 73.962263726758607, 39.977513966700933 ], [ 73.964615857300529, 39.981023799118411 ], [ 73.967619574108269, 39.985316720461505 ], [ 73.970623431760927, 39.989900399309342 ], [ 73.973641705566266, 39.99373897683158 ], [ 73.978277055714614, 39.999991581850729 ], [ 73.978281466097314, 40.000000010995073 ] ] } },
{ "type": "Feature", "properties": { "ID": 2, "长度": 0.11476695285201373, "FEATUREID": "OFBA003C1AJ430010020000002", "CHFCAC": "000002", "GZEAB": "", "KCDDEF": 11.770229339599609, "GZEEB": "01", "GZECD": "", "GZECE": 69.0, "GZEHG": "D1s,D2t", "GZAG": "101", "GZEEE": "101", "GZELD": "109", "GZEEC": "106", "GZEKG": "", "GZEHH": "", "PKIGJ": "1∶250000 库尔干幅(J43C001002)建造构造图", "linetype": 1, "aux_linetype": 0, "width": 0.30000001192092896, "x_coef": 5.0, "y_coef": 5.0, "_src_file": "LDZOFBA003.WL", "_src_id": 1 }, "geometry": { "type": "LineString", "coordinates": [ [ 73.91878546022626, 39.908492262850501 ], [ 73.920499070943592, 39.912002210923973 ], [ 73.922583442368179, 39.915057929667171 ], [ 73.923961433786701, 39.917647953152191 ], [ 73.925349909094962, 39.92014940476404 ], [ 73.926044340345342, 39.921446168206977 ], [ 73.928547316024023, 39.925110583827184 ], [ 73.930520086833994, 39.928190337330307 ], [ 73.932947376501062, 39.932317363608242 ], [ 73.935025982810785, 39.93597397599455 ], [ 73.9360855268081, 39.937469509942488 ], [ 73.937196227718474, 39.939662455250165 ], [ 73.938485803138335, 39.941810381892104 ], [ 73.940015653726846, 39.94396022299852 ], [ 73.945204512946418, 39.949578052890381 ], [ 73.948001891317446, 39.952862243916528 ], [ 73.950739276565244, 39.955637776957445 ], [ 73.95553365549803, 39.960048136759745 ], [ 73.96034098761227, 39.96519045284257 ], [ 73.962698843024782, 39.967161495797718 ], [ 73.964460770123452, 39.969220254672116 ], [ 73.96516431200034, 39.970155207972013 ], [ 73.970285457321026, 39.975262064826822 ], [ 73.973238684894866, 39.978447858199097 ], [ 73.975457010613596, 39.98153138565646 ], [ 73.977916902346323, 39.985274985383064 ], [ 73.978499259342911, 39.986489323111591 ], [ 73.981121920042341, 39.990804857146266 ], [ 73.982564515928544, 39.993244612660511 ], [ 73.983918757853431, 39.995536358397395 ], [ 73.984553598895971, 39.996678440627051 ], [ 73.986681053606162, 39.999978590674942 ], [ 73.986693910621611, 40.000000031828961 ] ] } },
{ "type": "Feature", "properties": { "ID": 4, "长度": 0.038515924040720947, "FEATUREID": "OFBA003C1AJ430010020000004", "CHFCAC": "000004", "GZEAB": "", "KCDDEF": 3.8969905376434326, "GZEEB": "01", "GZECD": "", "GZECE": 0.0, "GZEHG": "D1s,D2t", "GZAG": "101", "GZEEE": "101", "GZELD": "109", "GZEEC": "106", "GZEKG": "", "GZEHH": "", "PKIGJ": "1∶250000 库尔干幅(J43C001002)建造构造图", "linetype": 1, "aux_linetype": 0, "width": 0.30000001192092896, "x_coef": 5.0, "y_coef": 5.0, "_src_file": "LDZOFBA003.WL", "_src_id": 2 }, "geometry": { "type": "LineString", "coordinates": [ [ 74.061246860643621, 40.000000003147875 ], [ 74.061237986495584, 39.999991992636744 ], [ 74.053134140194146, 39.992368287440513 ], [ 74.042025649075086, 39.985650591363871 ], [ 74.042277757580351, 39.988303214892078 ], [ 74.042157410500337, 39.996916515772838 ], [ 74.042604376154316, 39.999991899875283 ], [ 74.042609405464972, 40.000000029454206 ] ] } },
{ "type": "Feature", "properties": { "ID": 5, "长度": 0.17302126824640685, "FEATUREID": "OFBA003C1AJ430010020000005", "CHFCAC": "000005", "GZEAB": "", "KCDDEF": 18.133945465087891, "GZEEB": "05", "GZECD": "", "GZECE": 73.0, "GZEHG": "D1s", "GZAG": "101", "GZEEE": "101", "GZELD": "101", "GZEEC": "106", "GZEKG": "", "GZEHH": "", "PKIGJ": "1∶250000 库尔干幅(J43C001002)建造构造图", "linetype": 1, "aux_linetype": 0, "width": 0.30000001192092896, "x_coef": 5.0, "y_coef": 5.0, "_src_file": "LDZOFBA003.WL", "_src_id": 3 }, "geometry": { "type": "LineString", "coordinates": [ [ 73.997631427043885, 39.85270096249802 ], [ 73.998515619340608, 39.855492294387638 ], [ 73.999219464975667, 39.860123342198186 ], [ 73.99939714427876, 39.860797639635948 ], [ 73.999749059106605, 39.862146929164219 ], [ 73.999925288737586, 39.86282191896548 ], [ 74.000269295340374, 39.864172575190459 ], [ 74.000439069371822, 39.864848237098613 ], [ 74.000773158716015, 39.866200226284541 ], [ 74.001103299228973, 39.867553081623932 ], [ 74.001265637155825, 39.868229830726108 ], [ 74.00149610536829, 39.868789484686054 ], [ 74.003247014753782, 39.876924647219461 ], [ 74.004631341662048, 39.881520402128814 ], [ 74.006519559240687, 39.887145401397269 ], [ 74.008368312165501, 39.891093658937798 ], [ 74.011855906599749, 39.898490686993696 ], [ 74.017175492016023, 39.911243280675542 ], [ 74.018165218101643, 39.913974716383194 ], [ 74.019978029009366, 39.917518851883003 ], [ 74.022780052363032, 39.922771137132827 ], [ 74.024992982068738, 39.928104304307254 ], [ 74.025984464812922, 39.930933749487998 ], [ 74.026369107792746, 39.933677070432239 ], [ 74.027416817320614, 39.936677980491332 ], [ 74.029319003896376, 39.940839697929825 ], [ 74.031217528269636, 39.94453013219421 ], [ 74.035913658861602, 39.95182434563813 ], [ 74.038180377959705, 39.954870912417398 ], [ 74.041901865007617, 39.958606478507669 ], [ 74.04604941502356, 39.962258920754948 ], [ 74.049073669317409, 39.964973432947801 ], [ 74.051872119802695, 39.967953522025773 ], [ 74.053831628041053, 39.970155959438237 ], [ 74.056466251195147, 39.973911724400139 ], [ 74.059153383043238, 39.977020793378074 ], [ 74.060554974484049, 39.978747863267181 ], [ 74.064076526381527, 39.982842969697181 ], [ 74.067685019261901, 39.986832844178707 ], [ 74.075017675498529, 39.993783164964675 ], [ 74.078795872154075, 39.997644130402428 ], [ 74.079798115205804, 39.998759459832819 ], [ 74.080298251782054, 39.999317122517745 ], [ 74.080913843187616, 40.000000032731592 ] ] } },
{ "type": "Feature", "properties": { "ID": 6, "长度": 0.17354072923593816, "FEATUREID": "OFBA003C1AJ430010020000006", "CHFCAC": "000006", "GZEAB": "", "KCDDEF": 18.586641311645508, "GZEEB": "01", "GZECD": "", "GZECE": 0.0, "GZEHG": "D1s,D2t", "GZAG": "101", "GZEEE": "101", "GZELD": "109", "GZEEC": "106", "GZEKG": "", "GZEHH": "", "PKIGJ": "1∶250000 库尔干幅(J43C001002)建造构造图", "linetype": 1, "aux_linetype": 0, "width": 0.30000001192092896, "x_coef": 5.0, "y_coef": 5.0, "_src_file": "LDZOFBA003.WL", "_src_id": 4 }, "geometry": { "type": "LineString", "coordinates": [ [ 74.089847422135037, 40.000000019024114 ], [ 74.089273015617465, 39.995750362858807 ], [ 74.087747263542937, 39.992818822198146 ], [ 74.084002180588044, 39.985631406807087 ], [ 74.081499410715324, 39.981741027854653 ], [ 74.077791528951352, 39.976044438278585 ], [ 74.074431066085253, 39.97142351839441 ], [ 74.073349931870339, 39.970082554853199 ], [ 74.072345387878116, 39.968711932029834 ], [ 74.070685498431871, 39.966893862643801 ], [ 74.066943498574304, 39.962990836892992 ], [ 74.063347024498626, 39.959451427959159 ], [ 74.061795196556744, 39.958291714938369 ], [ 74.061097250045023, 39.957459502545035 ], [ 74.059657629510539, 39.955884115377295 ], [ 74.058647330692324, 39.954517024233155 ], [ 74.056970349628287, 39.951901965714057 ], [ 74.054702495319063, 39.947623231763252 ], [ 74.051977734984121, 39.942720007291527 ], [ 74.051279724906195, 39.941323343645159 ], [ 74.050577574990641, 39.939421766053833 ], [ 74.049280541965615, 39.936185228612743 ], [ 74.048072199600369, 39.933217097152856 ], [ 74.047694576871535, 39.932296974296314 ], [ 74.047433582200867, 39.9309911230918 ], [ 74.046988812952506, 39.928231079039087 ], [ 74.04683896986009, 39.927106071107929 ], [ 74.046532013984162, 39.925424482827893 ], [ 74.046109706158873, 39.924155813743702 ], [ 74.045765309619966, 39.923270812839306 ], [ 74.044611644471956, 39.921324319081528 ], [ 74.043459009055795, 39.919731665484321 ], [ 74.042690374002504, 39.918581427277601 ], [ 74.041805224310806, 39.917165760654086 ], [ 74.039653980676732, 39.912564703835621 ], [ 74.039119182526548, 39.911650267402344 ], [ 74.038621751935935, 39.910617206401689 ], [ 74.038280258647461, 39.908868420417335 ], [ 74.037704915249108, 39.906390959583931 ], [ 74.036748197703062, 39.903316174800572 ], [ 74.036403921672758, 39.902271317368658 ], [ 74.036020688506213, 39.900748973924465 ], [ 74.035823990214595, 39.898421232269207 ], [ 74.035632828291398, 39.896869315207908 ], [ 74.035175725443224, 39.89439369747906 ], [ 74.034838789629774, 39.8909675551078 ], [ 74.034561150873373, 39.888978663397204 ], [ 74.034399278175627, 39.887642854415496 ], [ 74.033932863850396, 39.885416768101535 ], [ 74.033301762096883, 39.881472132867465 ], [ 74.03326095907255, 39.880612162596087 ], [ 74.033137970942207, 39.879336949193359 ], [ 74.033019501386718, 39.878328607164356 ], [ 74.03293526546372, 39.877023796661931 ], [ 74.032506757476597, 39.87465100080972 ], [ 74.031803008749336, 39.871046066388423 ], [ 74.031405632138288, 39.867817082284382 ], [ 74.031325463329964, 39.864185171206763 ], [ 74.03074364178309, 39.858254087796325 ], [ 74.029957849612927, 39.852030732025341 ], [ 74.029795068416519, 39.848429798146199 ], [ 74.029636714277189, 39.842548123653884 ] ] } },
{ "type": "Feature", "properties": { "ID": 7, "长度": 0.014496246224728641, "FEATUREID": "OFBA003C1AJ430010020000007", "CHFCAC": "000007", "GZEAB": "", "KCDDEF": 1.338931679725647, "GZEEB": "01", "GZECD": "", "GZECE": 0.0, "GZEHG": "D2t,ψ1D", "GZAG": "101", "GZEEE": "101", "GZELD": "109", "GZEEC": "106", "GZEKG": "", "GZEHH": "", "PKIGJ": "1∶250000 库尔干幅(J43C001002)建造构造图", "linetype": 1, "aux_linetype": 0, "width": 0.30000001192092896, "x_coef": 5.0, "y_coef": 5.0, "_src_file": "LDZOFBA003.WL", "_src_id": 5 }, "geometry": { "type": "LineString", "coordinates": [ [ 74.087747263542937, 39.992818822198146 ], [ 74.094148207703284, 39.996451210210111 ], [ 74.10033975184038, 40.000000007642178 ] ] } },
{ "type": "Feature", "properties": { "ID": 8, "长度": 0.11354021654903136, "FEATUREID": "OFBA003C1AJ430010020000008", "CHFCAC": "000008", "GZEAB": "", "KCDDEF": 12.025585174560547, "GZEEB": "01", "GZECD": "", "GZECE": 0.0, "GZEHG": "D2t,D1s,ψ1D", "GZAG": "101", "GZEEE": "101", "GZELD": "109", "GZEEC": "106", "GZEKG": "", "GZEHH": "", "PKIGJ": "1∶250000 库尔干幅(J43C001002)建造构造图", "linetype": 1, "aux_linetype": 0, "width": 0.30000001192092896, "x_coef": 5.0, "y_coef": 5.0, "_src_file": "LDZOFBA003.WL", "_src_id": 6 }, "geometry": { "type": "LineString", "coordinates": [ [ 74.109681519126951, 40.000000025445978 ], [ 74.109677719909186, 39.999992229495739 ], [ 74.109069941008045, 39.997450452543568 ], [ 74.10567939871126, 39.993006741810468 ], [ 74.102565977113585, 39.989669448033503 ], [ 74.099670874521209, 39.986567427278629 ], [ 74.096937566459729, 39.98242950701286 ], [ 74.095248966223508, 39.980159385052247 ], [ 74.090953362721137, 39.974262773805926 ], [ 74.08897592617032, 39.971118196700665 ], [ 74.085695189250885, 39.966487919460292 ], [ 74.084729205300832, 39.96487175230164 ], [ 74.08319175406281, 39.96238524948248 ], [ 74.081825093768344, 39.960118895924431 ], [ 74.080970754202696, 39.958636927573515 ], [ 74.0797192465688, 39.956718806612862 ], [ 74.077675042715711, 39.953928513616795 ], [ 74.075743984265756, 39.951007643475101 ], [ 74.074547629437873, 39.949002415957509 ], [ 74.072325275096489, 39.944208363328393 ], [ 74.070443699593866, 39.939328233489704 ], [ 74.069363573558448, 39.936757322589429 ], [ 74.066735762831755, 39.928128517000644 ], [ 74.066051346421006, 39.925702716997549 ], [ 74.063285962768063, 39.915147385556892 ], [ 74.062385995272081, 39.912594949372895 ], [ 74.060011733554262, 39.903357064596257 ], [ 74.059893479082803, 39.901476792959542 ], [ 74.059900237631837, 39.900061457001215 ] ] } },
{ "type": "Feature", "properties": { "ID": 9, "长度": 0.19657185094284765, "FEATUREID": "OFBA003C1AJ430010020000009", "CHFCAC": "000009", "GZEAB": "", "KCDDEF": 20.586025238037109, "GZEEB": "05", "GZECD": "", "GZECE": 75.0, "GZEHG": "D2t,D1s", "GZAG": "101", "GZEEE": "101", "GZELD": "101", "GZEEC": "106", "GZEKG": "", "GZEHH": "", "PKIGJ": "1∶250000 库尔干幅(J43C001002)建造构造图", "linetype": 1, "aux_linetype": 0, "width": 0.30000001192092896, "x_coef": 5.0, "y_coef": 5.0, "_src_file": "LDZOFBA003.WL", "_src_id": 7 }, "geometry": { "type": "LineString", "coordinates": [ [ 74.0230635350499, 39.832387311332617 ], [ 74.029079078679288, 39.841684820953276 ], [ 74.029636714277189, 39.842548123653884 ], [ 74.033189366158894, 39.84807049332499 ], [ 74.035017741314292, 39.852060603597032 ], [ 74.038431226789712, 39.858296539616248 ], [ 74.043915174289168, 39.867485955847457 ], [ 74.046554201682426, 39.872659324914466 ], [ 74.049412890187867, 39.878204217483976 ], [ 74.050763017985517, 39.881434446885173 ], [ 74.053465226911527, 39.885947178048234 ], [ 74.055769154976048, 39.889606172559958 ], [ 74.056885039721763, 39.892047910063667 ], [ 74.058785732610076, 39.897385085592738 ], [ 74.059900237631837, 39.900061457001215 ], [ 74.060367193667162, 39.901186151335018 ], [ 74.063529681523121, 39.908359070162419 ], [ 74.067875893634422, 39.916804298505546 ], [ 74.070880884612933, 39.921353579311663 ], [ 74.07540766829365, 39.927722471754414 ], [ 74.078823315724293, 39.932002343497146 ], [ 74.081525386598727, 39.936221469705295 ], [ 74.086529074061161, 39.943436675423335 ], [ 74.091201974309129, 39.949792680804713 ], [ 74.096509130358939, 39.957062243594784 ], [ 74.099835363191374, 39.961582698518249 ], [ 74.105930019698505, 39.968988215036461 ], [ 74.109653562953397, 39.974623675439162 ], [ 74.113843658821395, 39.97971111934045 ], [ 74.124242811998897, 40.000000030807911 ] ] } },
{ "type": "Feature", "properties": { "ID": 10, "长度": 0.14652709122737004, "FEATUREID": "OFBA003C1AJ430010020000010", "CHFCAC": "000010", "GZEAB": "", "KCDDEF": 15.793346405029297, "GZEEB": "01", "GZECD": "", "GZECE": 0.0, "GZEHG": "S3-4t,D1s,ψ1D", "GZAG": "101", "GZEEE": "101", "GZELD": "109", "GZEEC": "106", "GZEKG": "", "GZEHH": "", "PKIGJ": "1∶250000 库尔干幅(J43C001002)建造构造图", "linetype": 1, "aux_linetype": 0, "width": 0.30000001192092896, "x_coef": 5.0, "y_coef": 5.0, "_src_file": "LDZOFBA003.WL", "_src_id": 8 }, "geometry": { "type": "LineString", "coordinates": [ [ 74.182149422809999, 39.864536183766653 ], [ 74.184922373513402, 39.868727167549949 ], [ 74.187379168136474, 39.873104851248378 ], [ 74.188173296764617, 39.875678010964485 ], [ 74.188895057967144, 39.879441270082424 ], [ 74.189485852767874, 39.884442268878026 ], [ 74.190355061927079, 39.888261944712241 ], [ 74.191173264214967, 39.892447603759706 ], [ 74.193051866620891, 39.900805292403696 ], [ 74.193787836732568, 39.905403180875425 ], [ 74.195462989590851, 39.914125388049584 ], [ 74.196467663480945, 39.918914010706679 ], [ 74.198438261742567, 39.93159394138317 ], [ 74.199787227217939, 39.939421827667537 ], [ 74.200198109978047, 39.944812761268587 ], [ 74.200737981988127, 39.948226023472543 ], [ 74.201667656811537, 39.951992375150034 ], [ 74.202199265920683, 39.954314554138634 ], [ 74.203462579426855, 39.957256567235248 ], [ 74.205121562213705, 39.960714285541812 ], [ 74.208710495755412, 39.965827724693838 ], [ 74.212839799447622, 39.971310271958444 ], [ 74.218285129308782, 39.97819412525525 ], [ 74.221999375442564, 39.98362959445285 ], [ 74.223423919636332, 39.985498550857002 ], [ 74.230143689485146, 39.99999279682936 ], [ 74.230147680664487, 40.000000032569488 ] ] } },
{ "type": "Feature", "properties": { "ID": 11, "长度": 0.078663763603043668, "FEATUREID": "OFBA003C1AJ430010020000011", "CHFCAC": "000011", "GZEAB": "", "KCDDEF": 8.1856918334960938, "GZEEB": "01", "GZECD": "", "GZECE": 0.0, "GZEHG": "D2t,D1s", "GZAG": "101", "GZEEE": "101", "GZELD": "109", "GZEEC": "106", "GZEKG": "", "GZEHH": "", "PKIGJ": "1∶250000 库尔干幅(J43C001002)建造构造图", "linetype": 1, "aux_linetype": 0, "width": 0.30000001192092896, "x_coef": 5.0, "y_coef": 5.0, "_src_file": "LDZOFBA003.WL", "_src_id": 9 }, "geometry": { "type": "LineString", "coordinates": [ [ 74.244054995933098, 40.000000008697498 ], [ 74.238971638498114, 39.996146022227443 ], [ 74.23864911617099, 39.995707346810661 ], [ 74.237793715015101, 39.994808763772838 ], [ 74.237179705435196, 39.994306992319046 ], [ 74.236323415902106, 39.993429263479541 ], [ 74.232468108048892, 39.988832632416226 ], [ 74.230403905661547, 39.98611676525595 ], [ 74.227945538874749, 39.982857160123658 ], [ 74.225963052827495, 39.980577578134067 ], [ 74.221277975346155, 39.975181529945878 ], [ 74.220718032913993, 39.974282473283274 ], [ 74.220047997162652, 39.973299705781301 ], [ 74.219139065493536, 39.972045023256207 ], [ 74.216313818637644, 39.968242853304012 ], [ 74.215075824517783, 39.966425711713669 ], [ 74.211404111900976, 39.961416538765853 ], [ 74.210172253380136, 39.959560116934718 ], [ 74.208991514432427, 39.957267703080774 ], [ 74.208535642701236, 39.955954859503741 ], [ 74.20807766761493, 39.954808697765323 ], [ 74.207917922701185, 39.954141883393561 ], [ 74.207671029471271, 39.952618658932025 ], [ 74.208227969978495, 39.948525021442663 ], [ 74.209903365509334, 39.934540387312381 ] ] } },
{ "type": "Feature", "properties": { "ID": 12, "长度": 0.026965907043645397, "FEATUREID": "OFBA003C1AJ430010020000012", "CHFCAC": "000012", "GZEAB": "", "KCDDEF": 2.6652712821960449, "GZEEB": "05", "GZECD": "", "GZECE": 0.0, "GZEHG": "D2t,K1kz", "GZAG": "101", "GZEEE": "101", "GZELD": "101", "GZEEC": "106", "GZEKG": "", "GZEHH": "", "PKIGJ": "1∶250000 库尔干幅(J43C001002)建造构造图", "linetype": 1, "aux_linetype": 0, "width": 0.30000001192092896, "x_coef": 5.0, "y_coef": 5.0, "_src_file": "LDZOFBA003.WL", "_src_id": 10 }, "geometry": { "type": "LineString", "coordinates": [ [ 74.26213394386653, 40.000000020014333 ], [ 74.262128044110142, 39.999992959850765 ], [ 74.254131119619245, 39.992321842010185 ], [ 74.248137875535718, 39.986534000180171 ], [ 74.245211405486671, 39.983641984308804 ], [ 74.243353937727235, 39.981625693170834 ], [ 74.242905404092213, 39.98110432512226 ] ] } },
{ "type": "Feature", "properties": { "ID": 13, "长度": 0.094049799949103105, "FEATUREID": "OFBA003C1AJ430010020000013", "CHFCAC": "000013", "GZEAB": "", "KCDDEF": 9.4193153381347656, "GZEEB": "05", "GZECD": "", "GZECE": 0.0, "GZEHG": "C2kk,C2ak", "GZAG": "101", "GZEEE": "101", "GZELD": "101", "GZEEC": "106", "GZEKG": "", "GZEHH": "", "PKIGJ": "1∶250000 库尔干幅(J43C001002)建造构造图", "linetype": 1, "aux_linetype": 0, "width": 0.30000001192092896, "x_coef": 5.0, "y_coef": 5.0, "_src_file": "LDZOFBA003.WL", "_src_id": 11 }, "geometry": { "type": "LineString", "coordinates": [ [ 74.208405241411654, 39.930987622256552 ], [ 74.212233067122028, 39.936355019072714 ], [ 74.214735833794222, 39.939934973987484 ], [ 74.217139726106325, 39.942490756973193 ], [ 74.220681865388016, 39.945966614459408 ], [ 74.22448387346202, 39.949974999046461 ], [ 74.22749308399267, 39.953439998825509 ], [ 74.228448805173088, 39.954832170865224 ], [ 74.232913165068879, 39.960197190797039 ], [ 74.234925640742347, 39.963322446000902 ], [ 74.235541574023557, 39.964477435191789 ], [ 74.238591656265442, 39.968763776218417 ], [ 74.241947111203814, 39.972881915133101 ], [ 74.244077027805247, 39.975846289601542 ], [ 74.246249978151454, 39.978163833368065 ], [ 74.249989167437832, 39.981810832806772 ], [ 74.256425657073052, 39.987758932894693 ], [ 74.261585044489564, 39.992987510900846 ], [ 74.266553729459702, 39.996491745841396 ], [ 74.271417086184073, 40.000000016515109 ] ] } },
{ "type": "Feature", "properties": { "ID": 14, "长度": 0.17623464544516512, "FEATUREID": "OFBA003C1AJ430010020000014", "CHFCAC": "000014", "GZEAB": "", "KCDDEF": 17.671905517578125, "GZEEB": "01", "GZECD": "", "GZECE": 0.0, "GZEHG": "K1kz,C2kk,C2ak", "GZAG": "101", "GZEEE": "101", "GZELD": "109", "GZEEC": "106", "GZEKG": "", "GZEHH": "", "PKIGJ": "1∶250000 库尔干幅(J43C001002)建造构造图", "linetype": 1, "aux_linetype": 0, "width": 0.30000001192092896, "x_coef": 5.0, "y_coef": 5.0, "_src_file": "LDZOFBA003.WL", "_src_id": 12 }, "geometry": { "type": "LineString", "coordinates": [ [ 74.28036177141523, 40.000000033126518 ], [ 74.26757323429328, 39.99067299384852 ], [ 74.266645037263231, 39.989510226955332 ], [ 74.265316878973167, 39.987777903071141 ], [ 74.261703433113141, 39.984147428122363 ], [ 74.260961087420881, 39.983293139775014 ], [ 74.259429771846953, 39.981702103192951 ], [ 74.256646776333383, 39.978852263078032 ], [ 74.256062716109781, 39.978305358491355 ], [ 74.255569076187783, 39.977781949238114 ], [ 74.254923334696571, 39.977187127666127 ], [ 74.253535936848394, 39.976235251391238 ], [ 74.250277211153204, 39.973546126911835 ], [ 74.248605028991861, 39.972117328088501 ], [ 74.245779863915331, 39.969450514484699 ], [ 74.242857439217957, 39.966359930142502 ], [ 74.239621522976151, 39.962252187438452 ], [ 74.236200997579331, 39.957031752696587 ], [ 74.235262233782223, 39.955703514374314 ], [ 74.233839511459777, 39.953402854791946 ], [ 74.232054593084186, 39.949987499749994 ], [ 74.230511879803785, 39.946690022253165 ], [ 74.229513684510039, 39.944263020847558 ], [ 74.229333216309357, 39.943501347097978 ], [ 74.228935774215756, 39.942644331015153 ], [ 74.227598963375343, 39.940239794490694 ], [ 74.226589033612882, 39.937550405991416 ], [ 74.225703378224964, 39.934908628564472 ], [ 74.224911557319203, 39.9314577299183 ], [ 74.224629895513985, 39.928602730686762 ], [ 74.224425443433461, 39.923827416321849 ], [ 74.224515208433388, 39.922928892315895 ], [ 74.224573069735897, 39.922408693199991 ], [ 74.224661714580975, 39.921935794573074 ], [ 74.22487399290398, 39.921533856830948 ], [ 74.225301426941201, 39.921155608086551 ], [ 74.225941118744913, 39.920824691958465 ], [ 74.226340122674898, 39.92070653709802 ], [ 74.227287228081735, 39.920517545856583 ], [ 74.227867121770743, 39.920494005765903 ], [ 74.228600711441956, 39.920540946774651 ], [ 74.229393327568729, 39.92061146800345 ], [ 74.230127240947695, 39.920752951239564 ], [ 74.231378960858493, 39.920917795957358 ], [ 74.232445297324574, 39.921011790069208 ], [ 74.233605600257306, 39.921200303803779 ], [ 74.234369682045653, 39.921483619714422 ], [ 74.23611352936453, 39.922286564066866 ], [ 74.238457787076371, 39.923613934519672 ], [ 74.240769467630486, 39.925249727552234 ], [ 74.244119314944939, 39.928236174994602 ], [ 74.246979552869504, 39.930542521335163 ], [ 74.247679295278928, 39.930828488258591 ], [ 74.248379037724064, 39.931066856436956 ], [ 74.249105092718736, 39.931281083026576 ], [ 74.249895585047213, 39.931423875373987 ], [ 74.250561010595476, 39.93147151036478 ], [ 74.25101732960141, 39.931423985147767 ], [ 74.251384356722767, 39.931281478355544 ], [ 74.251660097274438, 39.93109146410815 ], [ 74.251905564817079, 39.930806280947792 ], [ 74.25211967823229, 39.930449713412884 ], [ 74.252181080443563, 39.930045428375351 ], [ 74.252183712534546, 39.92952216011475 ], [ 74.252153646653809, 39.928880600158266 ], [ 74.251880447074896, 39.928264294677149 ], [ 74.247949336880069, 39.923477693080393 ], [ 74.245453151125417, 39.920349754349097 ], [ 74.244783457071648, 39.919472991687321 ], [ 74.243687360121257, 39.917553806417622 ], [ 74.241919404569444, 39.914300885874695 ], [ 74.241345070199387, 39.912915459721546 ], [ 74.240973953526364, 39.911750367256239 ], [ 74.240404869009254, 39.908810657987097 ], [ 74.240485410786633, 39.907639338901397 ], [ 74.240649945333431, 39.906721210060596 ], [ 74.240935203508968, 39.905961280892946 ], [ 74.241221385348055, 39.905264662934684 ], [ 74.241506494619244, 39.904631353984207 ], [ 74.241798408476797, 39.903624249785246 ], [ 74.242231772333497, 39.903244476082563 ], [ 74.24293346269512, 39.903117502851465 ], [ 74.244017988853642, 39.902990262320962 ], [ 74.245099511162607, 39.902863011644264 ], [ 74.246507084779509, 39.902398204511798 ], [ 74.247209926708848, 39.902102547579616 ], [ 74.248240722324326, 39.90155366264851 ], [ 74.249051947906295, 39.901089257036588 ], [ 74.250135148087111, 39.900202998160694 ], [ 74.252033146543795, 39.898389729371488 ], [ 74.253761259774564, 39.896668770670871 ] ] } },
{ "type": "Feature", "properties": { "ID": 15, "长度": 0.013644306134627119, "FEATUREID": "OFBA003C1AJ430010020000015", "CHFCAC": "000015", "GZEAB": "", "KCDDEF": 1.340593695640564, "GZEEB": "01", "GZECD": "", "GZECE": 0.0, "GZEHG": "C2ak,C2kk", "GZAG": "101", "GZEEE": "101", "GZELD": "109", "GZEEC": "106", "GZEKG": "", "GZEHH": "", "PKIGJ": "1∶250000 库尔干幅(J43C001002)建造构造图", "linetype": 1, "aux_linetype": 0, "width": 0.30000001192092896, "x_coef": 5.0, "y_coef": 5.0, "_src_file": "LDZOFBA003.WL", "_src_id": 13 }, "geometry": { "type": "LineString", "coordinates": [ [ 74.296430528918023, 39.998976585061456 ], [ 74.292315990318741, 39.996298222385924 ], [ 74.289111014007162, 39.995040375362336 ], [ 74.289327158229753, 39.99627991859154 ], [ 74.290880491389231, 39.999993068453492 ], [ 74.290885605409485, 40.000000030654732 ] ] } },
{ "type": "Feature", "properties": { "ID": 16, "长度": 0.0017503128810160598, "FEATUREID": "OFBA003C1AJ430010020000016", "CHFCAC": "000016", "GZEAB": "", "KCDDEF": 0.16620345413684845, "GZEEB": "01", "GZECD": "", "GZECE": 0.0, "GZEHG": "C2ak,C2kk", "GZAG": "101", "GZEEE": "101", "GZELD": "109", "GZEEC": "106", "GZEKG": "", "GZEHH": "", "PKIGJ": "1∶250000 库尔干幅(J43C001002)建造构造图", "linetype": 1, "aux_linetype": 0, "width": 0.30000001192092896, "x_coef": 5.0, "y_coef": 5.0, "_src_file": "LDZOFBA003.WL", "_src_id": 14 }, "geometry": { "type": "LineString", "coordinates": [ [ 74.297849492087281, 40.000000031594574 ], [ 74.297845688236535, 39.999993099315994 ], [ 74.296430528918023, 39.998976585061456 ] ] } },
{ "type": "Feature", "properties": { "ID": 17, "长度": 0.12770924313448306, "FEATUREID": "OFBA003C1AJ430010020000017", "CHFCAC": "000017", "GZEAB": "", "KCDDEF": 12.417038917541504, "GZEEB": "01", "GZECD": "", "GZECE": 0.0, "GZEHG": "C2ak,C1y", "GZAG": "101", "GZEEE": "101", "GZELD": "109", "GZEEC": "106", "GZEKG": "", "GZEHH": "", "PKIGJ": "1∶250000 库尔干幅(J43C001002)建造构造图", "linetype": 1, "aux_linetype": 0, "width": 0.30000001192092896, "x_coef": 1.0, "y_coef": 1.0, "_src_file": "LDZOFBA003.WL", "_src_id": 15 }, "geometry": { "type": "LineString", "coordinates": [ [ 74.33616583035105, 40.000000033274013 ], [ 74.33469398537602, 39.998862963475197 ], [ 74.32997750222745, 39.996113077539128 ], [ 74.328873970421924, 39.995646140079131 ], [ 74.327737982503606, 39.99515324556593 ], [ 74.325564250968199, 39.994167414308862 ], [ 74.312541605524999, 39.987630090767553 ], [ 74.311705296631374, 39.987526419942277 ], [ 74.311103740768161, 39.98729296103901 ], [ 74.310165508937473, 39.986955747120163 ], [ 74.309196507904289, 39.986488780545194 ], [ 74.308357416094466, 39.986073688981186 ], [ 74.307453251247182, 39.985580750710191 ], [ 74.30397425414597, 39.984309558164036 ], [ 74.302501546131637, 39.983764729449724 ], [ 74.300623759987431, 39.982855376042131 ], [ 74.299719760599885, 39.982491328590164 ], [ 74.298845973104719, 39.981919210794729 ], [ 74.298173127336383, 39.981060994515886 ], [ 74.297057712179182, 39.979657091405137 ], [ 74.295667160348742, 39.977968142380156 ], [ 74.294549928253986, 39.976799027949575 ], [ 74.293842168565661, 39.976253641602014 ], [ 74.290191687064478, 39.973370704897846 ], [ 74.286807483572531, 39.971028478378159 ], [ 74.282719246071935, 39.967690869472477 ], [ 74.278990003135036, 39.964666631411149 ], [ 74.27710976873756, 39.963025517405271 ], [ 74.273781660253675, 39.960056174881117 ], [ 74.271813626570278, 39.958572407228019 ], [ 74.270797141122046, 39.957791463376047 ], [ 74.270151999398124, 39.957036534808879 ], [ 74.268483445731121, 39.954901895802493 ], [ 74.267837183397475, 39.954120923801604 ], [ 74.266950392267304, 39.952532939263847 ], [ 74.264593161692645, 39.94826357577584 ], [ 74.263365764414388, 39.945762935966968 ], [ 74.262989607263648, 39.945111417058158 ], [ 74.262715209193502, 39.94393869272961 ], [ 74.262711062542351, 39.942844160968626 ], [ 74.262773136694236, 39.941697510961944 ], [ 74.262971856959652, 39.940915709317643 ], [ 74.263317155726938, 39.940299094297217 ], [ 74.263758485394277, 39.93957193447384 ], [ 74.264553685524277, 39.938969870944895 ], [ 74.266187325356228, 39.938189139203246 ], [ 74.267056148945628, 39.937403549468662 ], [ 74.267489847480334, 39.93698315837014 ], [ 74.267857990392116, 39.936159215992525 ], [ 74.267746116630562, 39.935457785874156 ], [ 74.267386552489256, 39.934652096947154 ], [ 74.267042702231734, 39.93418391649918 ], [ 74.26666589694338, 39.933331434917697 ], [ 74.266627853377614, 39.932746294928684 ], [ 74.266706420520791, 39.932102881913465 ], [ 74.266689973169576, 39.931263389979961 ], [ 74.267187444248705, 39.930326459506276 ], [ 74.267682894675517, 39.929765534235905 ], [ 74.268177336992451, 39.929204606729833 ], [ 74.269402410319273, 39.928836304237521 ], [ 74.270381258642217, 39.928466449891069 ], [ 74.271361103214772, 39.928284591137498 ], [ 74.272613032772583, 39.928000625167513 ], [ 74.273101115108119, 39.927778868217843 ], [ 74.274872640208756, 39.926141226049531 ], [ 74.276047693781337, 39.923989566395072 ], [ 74.276953801629418, 39.922631943133261 ], [ 74.278469706864414, 39.919659968912065 ] ] } },
{ "type": "Feature", "properties": { "ID": 18, "长度": 0.073953496016711709, "FEATUREID": "OFBA003C1AJ430010020000018", "CHFCAC": "000018", "GZEAB": "", "KCDDEF": 7.2478981018066406, "GZEEB": "01", "GZECD": "", "GZECE": 0.0, "GZEHG": "ChA.,C2ak,C1y,C2kk,J3kz,K1kz,K2Y", "GZAG": "101", "GZEEE": "101", "GZELD": "109", "GZEEC": "106", "GZEKG": "", "GZEHH": "", "PKIGJ": "1∶250000 库尔干幅(J43C001002)建造构造图", "linetype": 1, "aux_linetype": 0, "width": 0.30000001192092896, "x_coef": 5.0, "y_coef": 5.0, "_src_file": "LDZOFBA003.WL", "_src_id": 16 }, "geometry": { "type": "LineString", "coordinates": [ [ 74.312158423352045, 39.950204378569914 ], [ 74.314306436619006, 39.952459952035696 ], [ 74.318718835852081, 39.957892615008063 ], [ 74.319194538922872, 39.958523599634511 ], [ 74.321253312426023, 39.961254253719197 ], [ 74.32452993071729, 39.965022866599455 ], [ 74.32776869467088, 39.968336225956499 ], [ 74.331747995146173, 39.972525820253239 ], [ 74.334677238424547, 39.975466058568394 ], [ 74.335877172928789, 39.976561845486444 ], [ 74.337864735859199, 39.978373459146191 ], [ 74.338876770513195, 39.979486660234137 ], [ 74.340354135928919, 39.981111627750842 ], [ 74.34135820602846, 39.981901012552107 ], [ 74.343278278853546, 39.98341047033356 ], [ 74.347275505749195, 39.986548453048997 ], [ 74.352315129007735, 39.990698071906323 ], [ 74.360514706174527, 39.996123807318632 ], [ 74.363330820748686, 39.998144535612312 ], [ 74.366217321050186, 40.000000009875563 ] ] } },
{ "type": "Feature", "properties": { "ID": 19, "长度": 0.0657564372694283, "FEATUREID": "OFBA003C1AJ430010020000019", "CHFCAC": "000019", "GZEAB": "", "KCDDEF": 5.659360408782959, "GZEEB": "05", "GZECD": "", "GZECE": 76.0, "GZEHG": "ChA.,J2t", "GZAG": "101", "GZEEE": "101", "GZELD": "101", "GZEEC": "106", "GZEKG": "", "GZEHH": "", "PKIGJ": "1∶250000 库尔干幅(J43C001002)建造构造图", "linetype": 1, "aux_linetype": 0, "width": 0.30000001192092896, "x_coef": 5.0, "y_coef": 5.0, "_src_file": "LDZOFBA003.WL", "_src_id": 17 }, "geometry": { "type": "LineString", "coordinates": [ [ 74.496273023564115, 39.993108676931207 ], [ 74.498137243558929, 39.992878693035905 ], [ 74.499339722992559, 39.992797167920443 ], [ 74.499907016153912, 39.99275635468215 ], [ 74.50681938572697, 39.992929391736531 ], [ 74.516371918785978, 39.993609777938779 ], [ 74.527203621965342, 39.993817049680139 ], [ 74.529735154080271, 39.993891242278139 ], [ 74.535497160583006, 39.994194879204976 ], [ 74.543449156364687, 39.995297764158849 ], [ 74.552194350084591, 39.997168355887226 ], [ 74.561268162560864, 40.000000003631882 ] ] } },
{ "type": "Feature", "properties": { "ID": 20, "长度": 0.098488440165064334, "FEATUREID": "OFBA003C1AJ430010020000020", "CHFCAC": "000020", "GZEAB": "", "KCDDEF": 8.4910459518432617, "GZEEB": "01", "GZECD": "", "GZECE": 0.0, "GZEHG": "ChA.,J1k,J1sh,D3kz2", "GZAG": "101", "GZEEE": "101", "GZELD": "109", "GZEEC": "106", "GZEKG": "", "GZEHH": "", "PKIGJ": "1∶250000 库尔干幅(J43C001002)建造构造图", "linetype": 1, "aux_linetype": 0, "width": 0.30000001192092896, "x_coef": 10.0, "y_coef": 10.0, "_src_file": "LDZOFBA003.WL", "_src_id": 18 }, "geometry": { "type": "LineString", "coordinates": [ [ 74.802817673142783, 40.000000033277118 ], [ 74.791513444962604, 39.997871816823995 ], [ 74.786211539276422, 39.996729689800127 ], [ 74.784643232443372, 39.996389701835014 ], [ 74.783588923497931, 39.996161127921155 ], [ 74.781785706598995, 39.995914592208315 ], [ 74.780795641269876, 39.995831116132791 ], [ 74.780293505704151, 39.995788818630331 ], [ 74.7786475078737, 39.995582713546625 ], [ 74.776485583650938, 39.995135435267891 ], [ 74.774479486138247, 39.994768430289803 ], [ 74.772463225965211, 39.994517875009791 ], [ 74.770757082777564, 39.99414871503496 ], [ 74.769361301378851, 39.993861170752886 ], [ 74.768117818176577, 39.993574512576757 ], [ 74.766568007705757, 39.993206191417713 ], [ 74.765581532416832, 39.992961316088078 ], [ 74.764433138759145, 39.992638132248899 ], [ 74.763335085482439, 39.992315109161495 ], [ 74.762237278458315, 39.991912233101409 ], [ 74.761295364172653, 39.991549794018837 ], [ 74.758733733291905, 39.990662915596999 ], [ 74.757635500425565, 39.990419683424413 ], [ 74.756328831058326, 39.99021565434478 ], [ 74.755282581582591, 39.990092343561415 ], [ 74.753815691333543, 39.989967596800341 ], [ 74.752917888387273, 39.989875928709544 ], [ 74.752195938865341, 39.989802374341629 ], [ 74.747801540783925, 39.989466523574833 ], [ 74.74600667405717, 39.989340823106907 ], [ 74.744460712105422, 39.98929186282971 ], [ 74.743050474421494, 39.989165841886525 ], [ 74.7405973916308, 39.989078969922957 ], [ 74.737935385304766, 39.988873711775746 ], [ 74.735377734119467, 39.988708482581103 ], [ 74.732977627857707, 39.988543559993929 ], [ 74.73016218319178, 39.988218205406874 ], [ 74.727553437665378, 39.987972976574675 ], [ 74.725465437928747, 39.987808633978212 ], [ 74.721759374670498, 39.987439519135329 ], [ 74.720403742668154, 39.987314175258987 ], [ 74.718731252877276, 39.987187309039953 ], [ 74.71393547218905, 39.986582809962677 ], [ 74.7091456156421, 39.985923339249091 ], [ 74.705706100143232, 39.985298443400239 ] ] } },
{ "type": "Feature", "properties": { "ID": 21, "长度": 0.046634689389219483, "FEATUREID": "OFBA003C1AJ430010020000021", "CHFCAC": "000021", "GZEAB": "", "KCDDEF": 5.0316824913024902, "GZEEB": "28", "GZECD": "", "GZECE": 53.0, "GZEHG": "ChA.,J2y,J1k", "GZAG": "101", "GZEEE": "102", "GZELD": "109", "GZEEC": "106", "GZEKG": "", "GZEHH": "", "PKIGJ": "1∶250000 库尔干幅(J43C001002)建造构造图", "linetype": 1, "aux_linetype": 0, "width": 0.5, "x_coef": 10.0, "y_coef": 10.0, "_src_file": "LDZOFBA003.WL", "_src_id": 19 }, "geometry": { "type": "LineString", "coordinates": [ [ 74.865782514536178, 39.956727415376001 ], [ 74.863926482431097, 39.960898723011105 ], [ 74.862189092676871, 39.964769193231028 ], [ 74.860625126803924, 39.968559558343706 ], [ 74.860285452213702, 39.969473660224722 ], [ 74.859904551721201, 39.970812683335474 ], [ 74.859775360785022, 39.971923954329966 ], [ 74.859687340820514, 39.97332972859973 ], [ 74.859642354912921, 39.974375980152622 ], [ 74.859633453100713, 39.977155596934097 ], [ 74.859711004598822, 39.97908536464886 ], [ 74.859835061072729, 39.980492100571652 ], [ 74.859915321586968, 39.980721920058528 ], [ 74.859177202481703, 39.986386304808264 ], [ 74.857367104599234, 39.991227373917205 ], [ 74.853157756784711, 39.997449181753325 ], [ 74.851535903618199, 39.999995174189806 ], [ 74.851531595431624, 40.000000026584665 ] ] } },
{ "type": "Feature", "properties": { "ID": 28, "长度": 0.17790383090708106, "FEATUREID": "OFBA003C1AJ430010020000022", "CHFCAC": "000022", "GZEAB": "", "KCDDEF": 16.477712631225586, "GZEEB": "01", "GZECD": "", "GZECE": 0.0, "GZEHG": "D3kz1,D3kz2,D3kz3,C2ak,C2kk,K1kz,J3kz", "GZAG": "101", "GZEEE": "101", "GZELD": "109", "GZEEC": "106", "GZEKG": "", "GZEHH": "", "PKIGJ": "1∶250000 库尔干幅(J43C001002)建造构造图", "linetype": 1, "aux_linetype": 0, "width": 0.30000001192092896, "x_coef": 5.0, "y_coef": 5.0, "_src_file": "LDZOFBA003.WL", "_src_id": 20 }, "geometry": { "type": "LineString", "coordinates": [ [ 74.323941361250306, 39.902252644314608 ], [ 74.328125110859091, 39.905512349654792 ], [ 74.328877883224635, 39.906223624749664 ], [ 74.330591673461242, 39.907842867900882 ], [ 74.331222842072833, 39.908437300886327 ], [ 74.33153139289918, 39.908734170116261 ], [ 74.332630267708836, 39.909791414635784 ], [ 74.336418825453563, 39.912443790229887 ], [ 74.339184440222624, 39.914056901640805 ], [ 74.339848198678482, 39.914444033723626 ], [ 74.343209448707555, 39.916930741049789 ], [ 74.347608334400448, 39.920012347418108 ], [ 74.350261469577134, 39.921775840747316 ], [ 74.352148179244381, 39.923027539673605 ], [ 74.3568890809604, 39.926176459505761 ], [ 74.360130032957343, 39.928314763808018 ], [ 74.361779619404118, 39.929404692420647 ], [ 74.364919084916281, 39.931475694912677 ], [ 74.369395526655424, 39.934775347935464 ], [ 74.369799903550899, 39.935302947225935 ], [ 74.375803318029469, 39.939562925403372 ], [ 74.386448536198472, 39.946806507883835 ], [ 74.398065793778997, 39.954339548344784 ], [ 74.405329647934977, 39.959048260247677 ], [ 74.405837361006022, 39.959378634774502 ], [ 74.407779288556569, 39.96066879408815 ], [ 74.427965986062048, 39.974074787871089 ], [ 74.438636902002543, 39.979622694174964 ], [ 74.443013233281064, 39.981968930117908 ], [ 74.446577750485417, 39.983042875424971 ], [ 74.45152036072335, 39.983489130882496 ], [ 74.457839286684276, 39.983518882433636 ], [ 74.464699529441361, 39.984607658035806 ], [ 74.476874232178091, 39.98695545225155 ] ] } },
{ "type": "Feature", "properties": { "ID": 29, "长度": 0.25439700657108189, "FEATUREID": "OFBA003C1AJ430010020000023", "CHFCAC": "000023", "GZEAB": "", "KCDDEF": 24.776252746582031, "GZEEB": "01", "GZECD": "", "GZECE": 0.0, "GZEHG": "ChA.,D3kz2", "GZAG": "101", "GZEEE": "101", "GZELD": "109", "GZEEC": "106", "GZEKG": "", "GZEHH": "", "PKIGJ": "1∶250000 库尔干幅(J43C001002)建造构造图", "linetype": 1, "aux_linetype": 0, "width": 0.30000001192092896, "x_coef": 10.0, "y_coef": 10.0, "_src_file": "LDZOFBA003.WL", "_src_id": 21 }, "geometry": { "type": "LineString", "coordinates": [ [ 74.814557370841158, 39.827687655860124 ], [ 74.80980376714983, 39.829721855946914 ], [ 74.8005198136416, 39.834936140486512 ], [ 74.789877141028143, 39.839624234154606 ], [ 74.771991278139183, 39.845343297942122 ], [ 74.734847033708746, 39.859210597898389 ], [ 74.705835378732814, 39.871866588659366 ], [ 74.696761850868896, 39.877596036536104 ], [ 74.691821980865512, 39.881474432414535 ], [ 74.691263693491152, 39.882032947072162 ], [ 74.690713037308456, 39.882594774777488 ], [ 74.690167044704836, 39.883159875168573 ], [ 74.689627745098377, 39.883728219133054 ], [ 74.689091173786352, 39.884299770819432 ], [ 74.688564363147279, 39.884874494368127 ], [ 74.688041345543112, 39.885452358422434 ], [ 74.687523147524715, 39.886033324855056 ], [ 74.687012807306672, 39.886617362324429 ], [ 74.686505351447238, 39.887204432702603 ], [ 74.686005812333207, 39.887794502380153 ], [ 74.685513219432295, 39.888387537739391 ], [ 74.68502559343699, 39.888983507389895 ], [ 74.684180091922528, 39.890062756564156 ], [ 74.683813370272517, 39.890599738054426 ], [ 74.6837934896066, 39.890627459414162 ], [ 74.679693122470653, 39.896210784935143 ], [ 74.676492576869819, 39.902067210626342 ], [ 74.673693513638426, 39.912160727427974 ], [ 74.67259371088636, 39.920955572529209 ], [ 74.67233937655547, 39.929915713386308 ], [ 74.673151579686049, 39.936923764131208 ], [ 74.675449767932946, 39.943284274300268 ], [ 74.678173527233, 39.949482989264105 ], [ 74.686590238455622, 39.960910741650757 ], [ 74.705706100143232, 39.985298443400239 ] ] } },
{ "type": "Feature", "properties": { "ID": 30, "长度": 0.19813037521656357, "FEATUREID": "OFBA003C1AJ430010020000024", "CHFCAC": "000024", "GZEAB": "", "KCDDEF": 17.551305770874023, "GZEEB": "05", "GZECD": "", "GZECE": 52.0, "GZEHG": "ChA.", "GZAG": "101", "GZEEE": "101", "GZELD": "101", "GZEEC": "106", "GZEKG": "", "GZEHH": "", "PKIGJ": "1∶250000 库尔干幅(J43C001002)建造构造图", "linetype": 1, "aux_linetype": 0, "width": 0.30000001192092896, "x_coef": 5.0, "y_coef": 5.0, "_src_file": "LDZOFBA003.WL", "_src_id": 22 }, "geometry": { "type": "LineString", "coordinates": [ [ 74.705706100143232, 39.985298443400239 ], [ 74.704643282500939, 39.985105508020645 ], [ 74.698628672593443, 39.983655472778651 ], [ 74.692252829071336, 39.982379809834292 ], [ 74.687815794237252, 39.981639713715609 ], [ 74.686145066411413, 39.981554280361678 ], [ 74.683953450141303, 39.981386486287022 ], [ 74.682385018504561, 39.981341738252603 ], [ 74.680768676832685, 39.9812159157661 ], [ 74.678941310752819, 39.981129944829057 ], [ 74.676489178621352, 39.981123090871115 ], [ 74.673885678213452, 39.981115707484754 ], [ 74.671177012356694, 39.981146648302584 ], [ 74.668465689951361, 39.981214657511281 ], [ 74.660961632042344, 39.981340420283431 ], [ 74.659241010845022, 39.981332086006098 ], [ 74.65699929116353, 39.981321190227348 ], [ 74.654707145127105, 39.981350453303399 ], [ 74.653038993656722, 39.981382616717696 ], [ 74.651522591460335, 39.981293735157145 ], [ 74.650475011327345, 39.981166830484717 ], [ 74.649274408749378, 39.981079563295104 ], [ 74.648128744273123, 39.981074809995995 ], [ 74.646521179119588, 39.981069894055487 ], [ 74.645067507586219, 39.981267800484979 ], [ 74.644237977785366, 39.981508084268611 ], [ 74.640551761829002, 39.982184714158159 ], [ 74.638530197027364, 39.98250217944512 ], [ 74.636091307494453, 39.982656405515947 ], [ 74.634223706483198, 39.982852865717199 ], [ 74.632512955216029, 39.982968843759281 ], [ 74.630438189975919, 39.983083635170289 ], [ 74.628363710312428, 39.983117441843277 ], [ 74.62581754606822, 39.98302825197333 ], [ 74.623611904074821, 39.982858133074735 ], [ 74.622137196522587, 39.982771437634653 ], [ 74.620767010653452, 39.982604185494282 ], [ 74.6178555587543, 39.98212730022486 ], [ 74.61240195706894, 39.98101288523425 ], [ 74.603804415605666, 39.978670739363658 ], [ 74.597666772472351, 39.976798994681722 ], [ 74.589063022046702, 39.973769273911735 ], [ 74.588201843785356, 39.973281233317195 ], [ 74.587457918399011, 39.972884571456213 ], [ 74.586125186269811, 39.972243436916266 ], [ 74.584361756621703, 39.971510017554309 ], [ 74.580914403322055, 39.970073671682584 ], [ 74.574635664220878, 39.967839511721472 ], [ 74.5729908245915, 39.967233262433076 ], [ 74.570715260217838, 39.966474993826417 ], [ 74.567769683807015, 39.965685243305593 ], [ 74.56278199089887, 39.964348570780508 ], [ 74.558892291947544, 39.962919114831131 ], [ 74.557826714883049, 39.962610589869278 ], [ 74.556325984202985, 39.962208935580811 ], [ 74.55384566827415, 39.961621707170202 ], [ 74.549053851923588, 39.960601639555826 ], [ 74.546579328775181, 39.95983338933938 ], [ 74.543321130678621, 39.958634031699397 ], [ 74.541907065542219, 39.958111049542566 ], [ 74.540887583558813, 39.957620735009741 ], [ 74.537863553442406, 39.955998741341617 ], [ 74.534804498069448, 39.954225178735243 ], [ 74.532253871719021, 39.952515242077574 ], [ 74.530769736990322, 39.951326957701539 ], [ 74.529327705792483, 39.949685464191042 ], [ 74.527423221173947, 39.9472871313071 ], [ 74.523784105886563, 39.943340563465554 ], [ 74.521115528815699, 39.939641179432464 ], [ 74.520223572151039, 39.938337706326529 ] ] } },
{ "type": "Feature", "properties": { "ID": 32, "长度": 0.057431629403386815, "FEATUREID": "OFBA003C1AJ430010020000025", "CHFCAC": "000025", "GZEAB": "", "KCDDEF": 5.9184584617614746, "GZEEB": "05", "GZECD": "", "GZECE": 0.0, "GZEHG": "D2t,C2ak", "GZAG": "101", "GZEEE": "101", "GZELD": "101", "GZEEC": "106", "GZEKG": "", "GZEHH": "", "PKIGJ": "1∶250000 库尔干幅(J43C001002)建造构造图", "linetype": 1, "aux_linetype": 0, "width": 0.30000001192092896, "x_coef": 5.0, "y_coef": 5.0, "_src_file": "LDZOFBA003.WL", "_src_id": 23 }, "geometry": { "type": "LineString", "coordinates": [ [ 74.242905404092213, 39.98110432512226 ], [ 74.241583354473065, 39.979575520180369 ], [ 74.240403288320508, 39.977757266240069 ], [ 74.238211684395608, 39.974154405608303 ], [ 74.236053939508892, 39.9714471097016 ], [ 74.23377151932435, 39.968574694113293 ], [ 74.232081275531129, 39.96636261232814 ], [ 74.225907810226005, 39.959735171183311 ], [ 74.222649176818919, 39.956010417717394 ], [ 74.219561645070982, 39.952088715855993 ], [ 74.216761431112772, 39.94820365715352 ], [ 74.215320356573997, 39.946126432845261 ], [ 74.21400339142744, 39.943679892671106 ], [ 74.212985495622164, 39.941530936971752 ], [ 74.210384634274902, 39.935676123059814 ], [ 74.209903365509334, 39.934540387312381 ] ] } },
{ "type": "Feature", "properties": { "ID": 33, "长度": 0.07408959457376417, "FEATUREID": "OFBA003C1AJ430010020000026", "CHFCAC": "000026", "GZEAB": "", "KCDDEF": 8.0113716125488281, "GZEEB": "28", "GZECD": "", "GZECE": 48.0, "GZEHG": "ChA.,D3kz2,D3kz3", "GZAG": "101", "GZEEE": "102", "GZELD": "109", "GZEEC": "106", "GZEKG": "", "GZEHH": "", "PKIGJ": "1∶250000 库尔干幅(J43C001002)建造构造图", "linetype": 1, "aux_linetype": 0, "width": 0.5, "x_coef": 10.0, "y_coef": 10.0, "_src_file": "LDZOFBA003.WL", "_src_id": 24 }, "geometry": { "type": "LineString", "coordinates": [ [ 74.49306551922345, 39.912686745411449 ], [ 74.493832965445407, 39.913402252695043 ], [ 74.496923807144157, 39.916292175075029 ], [ 74.497975890556404, 39.919400100434387 ], [ 74.494921882037815, 39.932627836604041 ], [ 74.494243251480725, 39.93721540465971 ], [ 74.493965851203171, 39.938913438390628 ], [ 74.493853697387067, 39.939889713822801 ], [ 74.493797782841654, 39.940865901449222 ], [ 74.493853863611321, 39.942563381262346 ], [ 74.493908294078793, 39.943751589207864 ], [ 74.493852405548651, 39.944685337483065 ], [ 74.493796692490918, 39.945364451096758 ], [ 74.49351986862915, 39.946213669059034 ], [ 74.492081209872197, 39.949317699622448 ], [ 74.491581403951855, 39.950085441048209 ], [ 74.487490146284131, 39.956099642629397 ], [ 74.483798208744957, 39.963433580822347 ], [ 74.483469393454641, 39.964456575051855 ], [ 74.483196887928415, 39.965628706961027 ], [ 74.483141205604497, 39.965863047831469 ], [ 74.483285867343326, 39.968808382869391 ], [ 74.483749996735781, 39.973626018830636 ], [ 74.48386330262619, 39.976034971122353 ], [ 74.483463114842479, 39.981715335686729 ] ] } },
{ "type": "Feature", "properties": { "ID": 36, "长度": 0.086258337866172666, "FEATUREID": "OFBA003C1AJ430010020000027", "CHFCAC": "000027", "GZEAB": "", "KCDDEF": 9.4252252578735352, "GZEEB": "05", "GZECD": "", "GZECE": 70.0, "GZEHG": "ChA.", "GZAG": "101", "GZEEE": "101", "GZELD": "101", "GZEEC": "106", "GZEKG": "", "GZEHH": "", "PKIGJ": "1∶250000 库尔干幅(J43C001002)建造构造图", "linetype": 1, "aux_linetype": 0, "width": 0.30000001192092896, "x_coef": 5.0, "y_coef": 5.0, "_src_file": "LDZOFBA003.WL", "_src_id": 25 }, "geometry": { "type": "LineString", "coordinates": [ [ 74.516382962267187, 39.971937762689777 ], [ 74.516538360180689, 39.966665891185166 ], [ 74.516781998546932, 39.964667539155585 ], [ 74.517118578861741, 39.959061838278537 ], [ 74.517163831256326, 39.95760720948401 ], [ 74.517445260404756, 39.95578985859995 ], [ 74.518541228213891, 39.951318599533842 ], [ 74.518816534070012, 39.949747216587987 ], [ 74.519091589119981, 39.948025354810845 ], [ 74.519253212103507, 39.94715045063932 ], [ 74.519743921963382, 39.943921739244644 ], [ 74.520002476367495, 39.940087702540929 ], [ 74.520223572151039, 39.938337706326529 ], [ 74.520623044858127, 39.936136132971264 ], [ 74.520820818187516, 39.935624054228072 ], [ 74.520977789970374, 39.935081552090686 ], [ 74.521215112192081, 39.934418752448209 ], [ 74.522751229926513, 39.930199896550754 ], [ 74.523195508109964, 39.928989938619829 ], [ 74.5235613070721, 39.927749208500217 ], [ 74.523929978802514, 39.926356916428496 ], [ 74.525238057642568, 39.921332434519869 ], [ 74.525719906688579, 39.920062069825697 ], [ 74.526357782134781, 39.91876230709272 ], [ 74.527688273390368, 39.915253475730616 ], [ 74.528365155554667, 39.913923420716564 ], [ 74.529045177803241, 39.912502435666553 ], [ 74.530525225461346, 39.908008505087231 ], [ 74.530885439816359, 39.90686229551315 ], [ 74.531324942175289, 39.905656113927442 ], [ 74.531643629413864, 39.904690981714737 ], [ 74.533567565586026, 39.899899236453287 ], [ 74.534537147489957, 39.897246830533867 ], [ 74.537072157858958, 39.891278682602653 ], [ 74.5377698399368, 39.889124165457581 ] ] } },
{ "type": "Feature", "properties": { "ID": 37, "长度": 0.040892686992130778, "FEATUREID": "OFBA003C1AJ430010020000028", "CHFCAC": "000028", "GZEAB": "", "KCDDEF": 4.3536281585693359, "GZEEB": "05", "GZECD": "", "GZECE": 0.0, "GZEHG": "ChA.", "GZAG": "101", "GZEEE": "101", "GZELD": "101", "GZEEC": "106", "GZEKG": "", "GZEHH": "", "PKIGJ": "1∶250000 库尔干幅(J43C001002)建造构造图", "linetype": 1, "aux_linetype": 0, "width": 0.30000001192092896, "x_coef": 5.0, "y_coef": 5.0, "_src_file": "LDZOFBA003.WL", "_src_id": 26 }, "geometry": { "type": "LineString", "coordinates": [ [ 74.494261366113435, 39.969043801424178 ], [ 74.494429974452828, 39.965166586652579 ], [ 74.494222371122135, 39.959626541297986 ], [ 74.494223782616288, 39.958518472840396 ], [ 74.494115502815291, 39.957581022578609 ], [ 74.493951791881074, 39.956771501945319 ], [ 74.493733369364605, 39.956217761661257 ], [ 74.493569013780899, 39.955067500329363 ], [ 74.493624737520221, 39.954385672697235 ], [ 74.49390141991735, 39.953788712411537 ], [ 74.494231175429221, 39.953447311043121 ], [ 74.494675322092505, 39.953276167556034 ], [ 74.495172577416284, 39.953317978602335 ], [ 74.495614580734738, 39.953359875862709 ], [ 74.496497348967807, 39.953358636046126 ], [ 74.497600812104437, 39.953186661455867 ], [ 74.498427675018903, 39.952929815793631 ], [ 74.49887659478361, 39.952775486518156 ], [ 74.499358695928308, 39.952131405174782 ], [ 74.499823602696907, 39.951480308200132 ], [ 74.500273146905116, 39.950822435974828 ], [ 74.500707163300206, 39.95015803113953 ], [ 74.501123489560555, 39.949487338594558 ], [ 74.501521975070915, 39.948810605537368 ], [ 74.501905469204203, 39.948128083663363 ], [ 74.501959784936147, 39.948048057222579 ], [ 74.502387289422302, 39.947393233565698 ], [ 74.502937586845263, 39.946645215604001 ], [ 74.503461075743218, 39.945521419223596 ], [ 74.503869009933496, 39.943246651609812 ], [ 74.503935829653955, 39.942308011713493 ], [ 74.503945178923985, 39.940899524237359 ], [ 74.503987273650594, 39.936934593517194 ], [ 74.503815153617452, 39.933907705087876 ] ] } },
{ "type": "Feature", "properties": { "ID": 39, "长度": 0.036302710879539138, "FEATUREID": "OFBA003C1AJ430010020000029", "CHFCAC": "000029", "GZEAB": "", "KCDDEF": 3.9842557907104492, "GZEEB": "01", "GZECD": "", "GZECE": 0.0, "GZEHG": "D3kz3,C2ak", "GZAG": "101", "GZEEE": "101", "GZELD": "109", "GZEEC": "106", "GZEKG": "", "GZEHH": "", "PKIGJ": "1∶250000 库尔干幅(J43C001002)建造构造图", "linetype": 1, "aux_linetype": 0, "width": 0.30000001192092896, "x_coef": 5.0, "y_coef": 5.0, "_src_file": "LDZOFBA003.WL", "_src_id": 27 }, "geometry": { "type": "LineString", "coordinates": [ [ 74.361779619404118, 39.929404692420647 ], [ 74.359835717372917, 39.937489715120769 ], [ 74.360008513219825, 39.942124030930401 ], [ 74.36011512426434, 39.943113796718677 ], [ 74.360602619456003, 39.947588058615821 ], [ 74.362059953034176, 39.952725880926053 ], [ 74.365819160908956, 39.964660856945201 ] ] } },
{ "type": "Feature", "properties": { "ID": 44, "长度": 0.04710322330240669, "FEATUREID": "OFBA003C1AJ430010020000030", "CHFCAC": "000030", "GZEAB": "", "KCDDEF": 5.1459331512451172, "GZEEB": "01", "GZECD": "", "GZECE": 68.0, "GZEHG": "ChA.", "GZAG": "101", "GZEEE": "101", "GZELD": "109", "GZEEC": "106", "GZEKG": "", "GZEHH": "", "PKIGJ": "1∶250000 库尔干幅(J43C001002)建造构造图", "linetype": 1, "aux_linetype": 0, "width": 0.30000001192092896, "x_coef": 10.0, "y_coef": 10.0, "_src_file": "LDZOFBA003.WL", "_src_id": 28 }, "geometry": { "type": "LineString", "coordinates": [ [ 74.608677050494322, 39.953982547591224 ], [ 74.608847485081313, 39.953591124207883 ], [ 74.609077973596328, 39.952982115808972 ], [ 74.609311610153014, 39.952198881371579 ], [ 74.609600139751933, 39.951372284545357 ], [ 74.609830614013902, 39.950763274352887 ], [ 74.610229777926691, 39.950024175096495 ], [ 74.610519999136827, 39.949241132537075 ], [ 74.61086717478031, 39.947981446255909 ], [ 74.611908482272256, 39.944031805529931 ], [ 74.612139566664112, 39.943207199553697 ], [ 74.612372606517923, 39.94203506552028 ], [ 74.61254703711532, 39.940862739355502 ], [ 74.612785032616003, 39.939430829484088 ], [ 74.613027144915577, 39.937347810299563 ], [ 74.613569173271642, 39.933008293685212 ], [ 74.613746711066383, 39.932097170708793 ], [ 74.613979418713967, 39.9310993894522 ], [ 74.614212114983317, 39.93018516634644 ], [ 74.614847356956631, 39.927743817192386 ], [ 74.615711431659378, 39.924430560062881 ], [ 74.616749589140866, 39.920637872612211 ], [ 74.617611135696734, 39.91824026732494 ], [ 74.618471861631122, 39.916103960463289 ], [ 74.620077485745014, 39.912048410188603 ], [ 74.621223082397947, 39.90877461707305 ] ] } },
{ "type": "Feature", "properties": { "ID": 45, "长度": 0.019099754560644385, "FEATUREID": "OFBA003C1AJ430010020000031", "CHFCAC": "000031", "GZEAB": "", "KCDDEF": 2.0224590301513672, "GZEEB": "05", "GZECD": "", "GZECE": 0.0, "GZEHG": "K2Y,K1kz", "GZAG": "101", "GZEEE": "101", "GZELD": "101", "GZEEC": "106", "GZEKG": "", "GZEHH": "", "PKIGJ": "1∶250000 库尔干幅(J43C001002)建造构造图", "linetype": 1, "aux_linetype": 0, "width": 0.30000001192092896, "x_coef": 5.0, "y_coef": 5.0, "_src_file": "LDZOFBA003.WL", "_src_id": 29 }, "geometry": { "type": "LineString", "coordinates": [ [ 74.30324993417976, 39.933368222095467 ], [ 74.304276111729408, 39.934832051057924 ], [ 74.305585606427201, 39.937120374138111 ], [ 74.306899943854305, 39.939796449173713 ], [ 74.308553542536529, 39.942506756437886 ], [ 74.309908688365937, 39.945255006719059 ], [ 74.31095956415659, 39.947539132471306 ], [ 74.311913434402612, 39.949286985352991 ], [ 74.312158423352045, 39.950204378569914 ] ] } },
{ "type": "Feature", "properties": { "ID": 46, "长度": 0.03854864140534911, "FEATUREID": "OFBA003C1AJ430010020000032", "CHFCAC": "000032", "GZEAB": "", "KCDDEF": 3.7485063076019287, "GZEEB": "05", "GZECD": "", "GZECE": 0.0, "GZEHG": "C1y,K1kz", "GZAG": "101", "GZEEE": "101", "GZELD": "101", "GZEEC": "106", "GZEKG": "", "GZEHH": "", "PKIGJ": "1∶250000 库尔干幅(J43C001002)建造构造图", "linetype": 1, "aux_linetype": 0, "width": 0.30000001192092896, "x_coef": 5.0, "y_coef": 5.0, "_src_file": "LDZOFBA003.WL", "_src_id": 30 }, "geometry": { "type": "LineString", "coordinates": [ [ 74.283080718175682, 39.925072393670575 ], [ 74.287167124443471, 39.927697871690086 ], [ 74.291657326400184, 39.930946611059866 ], [ 74.293449020735054, 39.932605038423262 ], [ 74.296857645328487, 39.935482015142576 ], [ 74.300975195398024, 39.9396102587679 ], [ 74.306269895987498, 39.944207529068663 ], [ 74.311597265270507, 39.949615090073813 ], [ 74.312158423352045, 39.950204378569914 ] ] } },
{ "type": "Feature", "properties": { "ID": 47, "长度": 0.063405052198248643, "FEATUREID": "OFBA003C1AJ430010020000033", "CHFCAC": "000033", "GZEAB": "", "KCDDEF": 5.8325300216674805, "GZEEB": "01", "GZECD": "", "GZECE": 0.0, "GZEHG": "D3kz3,D3kz2", "GZAG": "101", "GZEEE": "101", "GZELD": "109", "GZEEC": "106", "GZEKG": "", "GZEHH": "", "PKIGJ": "1∶250000 库尔干幅(J43C001002)建造构造图", "linetype": 1, "aux_linetype": 0, "width": 0.30000001192092896, "x_coef": 5.0, "y_coef": 5.0, "_src_file": "LDZOFBA003.WL", "_src_id": 31 }, "geometry": { "type": "LineString", "coordinates": [ [ 74.387315346958175, 39.919353242916358 ], [ 74.39134469359918, 39.922075333573439 ], [ 74.398749908494594, 39.926613244079789 ], [ 74.410268231574037, 39.93282947799829 ], [ 74.41664549101823, 39.936643385617465 ], [ 74.418319529977893, 39.937645011302187 ], [ 74.423147589089766, 39.940242243118107 ], [ 74.433718136540719, 39.945057266448416 ], [ 74.440919281645932, 39.948900606849406 ], [ 74.442103062298656, 39.949334709765495 ], [ 74.442919333459344, 39.949623553706772 ] ] } },
{ "type": "Feature", "properties": { "ID": 49, "长度": 0.027682867581464002, "FEATUREID": "OFBA003C1AJ430010020000034", "CHFCAC": "000034", "GZEAB": "", "KCDDEF": 2.8395333290100098, "GZEEB": "01", "GZECD": "", "GZECE": 0.0, "GZEHG": "C2ak,C2kk,J3kz,K1kz", "GZAG": "101", "GZEEE": "101", "GZELD": "109", "GZEEC": "106", "GZEKG": "", "GZEHH": "", "PKIGJ": "1∶250000 库尔干幅(J43C001002)建造构造图", "linetype": 1, "aux_linetype": 0, "width": 0.30000001192092896, "x_coef": 5.0, "y_coef": 5.0, "_src_file": "LDZOFBA003.WL", "_src_id": 32 }, "geometry": { "type": "LineString", "coordinates": [ [ 74.320851971096531, 39.917689608093347 ], [ 74.321827483355719, 39.92118356754672 ], [ 74.322730482130183, 39.923742619487236 ], [ 74.323116870717044, 39.92472688185093 ], [ 74.323501338139621, 39.925366697558374 ], [ 74.323884707525238, 39.925809687391123 ], [ 74.32445752571013, 39.92625274324832 ], [ 74.325221353857756, 39.926794270137442 ], [ 74.32617974970762, 39.927532683320699 ], [ 74.327008646654562, 39.928172633015301 ], [ 74.327781941760833, 39.92888929380419 ], [ 74.329607187376709, 39.930493436894501 ], [ 74.329939170016374, 39.930781544986374 ], [ 74.33081643438635, 39.931912150680162 ], [ 74.331465841361407, 39.932750359367638 ], [ 74.331829661213931, 39.933314222456652 ], [ 74.332229110144183, 39.933931596162822 ], [ 74.332867018751344, 39.934915957031897 ], [ 74.33350305014865, 39.935949521708693 ], [ 74.333821925447168, 39.936638537262986 ], [ 74.334444325970807, 39.937453913840528 ], [ 74.335093679825675, 39.938164720576296 ], [ 74.33585142276155, 39.939001910164798 ], [ 74.336295648410271, 39.939445147143147 ], [ 74.336549958814928, 39.939642167416608 ] ] } },
{ "type": "Feature", "properties": { "ID": 51, "长度": 0.0067595763630036217, "FEATUREID": "OFBA003C1AJ430010020000035", "CHFCAC": "000035", "GZEAB": "", "KCDDEF": 0.74742323160171509, "GZEEB": "07", "GZECD": "", "GZECE": 0.0, "GZEHG": "C2ak,C2kk", "GZAG": "101", "GZEEE": "101", "GZELD": "109", "GZEEC": "106", "GZEKG": "", "GZEHH": "", "PKIGJ": "1∶250000 库尔干幅(J43C001002)建造构造图", "linetype": 38, "aux_linetype": 2, "width": 0.30000001192092896, "x_coef": 5.0, "y_coef": 5.0, "_src_file": "LDZOFBA003.WL", "_src_id": 33 }, "geometry": { "type": "LineString", "coordinates": [ [ 74.333508907761541, 39.930764292486536 ], [ 74.333675128491393, 39.932804167023171 ], [ 74.334444325970807, 39.937453913840528 ] ] } },
{ "type": "Feature", "properties": { "ID": 53, "长度": 0.01348774175858908, "FEATUREID": "OFBA003C1AJ430010020000036", "CHFCAC": "000036", "GZEAB": "", "KCDDEF": 1.1918816566467285, "GZEEB": "01", "GZECD": "", "GZECE": 0.0, "GZEHG": "D3kz3,D3kz2", "GZAG": "101", "GZEEE": "101", "GZELD": "109", "GZEEC": "106", "GZEKG": "", "GZEHH": "", "PKIGJ": "1∶250000 库尔干幅(J43C001002)建造构造图", "linetype": 1, "aux_linetype": 0, "width": 0.30000001192092896, "x_coef": 5.0, "y_coef": 5.0, "_src_file": "LDZOFBA003.WL", "_src_id": 34 }, "geometry": { "type": "LineString", "coordinates": [ [ 74.41664549101823, 39.936643385617465 ], [ 74.421746519335883, 39.935101973643029 ], [ 74.424879203422108, 39.934127220129753 ], [ 74.42870967204945, 39.932556898961849 ], [ 74.429439500817949, 39.932445879311494 ] ] } },
{ "type": "Feature", "properties": { "ID": 55, "长度": 0.015933339521733127, "FEATUREID": "OFBA003C1AJ430010020000037", "CHFCAC": "000037", "GZEAB": "", "KCDDEF": 1.6152211427688599, "GZEEB": "28", "GZECD": "", "GZECE": 0.0, "GZEHG": "J1k,T3t", "GZAG": "101", "GZEEE": "102", "GZELD": "109", "GZEEC": "106", "GZEKG": "", "GZEHH": "", "PKIGJ": "1∶250000 库尔干幅(J43C001002)建造构造图", "linetype": 1, "aux_linetype": 0, "width": 0.5, "x_coef": 10.0, "y_coef": 10.0, "_src_file": "LDZOFBA003.WL", "_src_id": 35 }, "geometry": { "type": "LineString", "coordinates": [ [ 74.877995537595893, 39.937332307808113 ], [ 74.882641491981289, 39.931396360597525 ], [ 74.886713831960407, 39.926318363760814 ], [ 74.88814993618675, 39.925095537092403 ] ] } },
{ "type": "Feature", "properties": { "ID": 56, "长度": 0.05416918600380484, "FEATUREID": "OFBA003C1AJ430010020000038", "CHFCAC": "000038", "GZEAB": "", "KCDDEF": 5.8781590461730957, "GZEEB": "01", "GZECD": "", "GZECE": 0.0, "GZEHG": "C2kk,D1s,C2ak,K1kz", "GZAG": "101", "GZEEE": "101", "GZELD": "109", "GZEEC": "106", "GZEKG": "", "GZEHH": "", "PKIGJ": "1∶250000 库尔干幅(J43C001002)建造构造图", "linetype": 1, "aux_linetype": 0, "width": 0.30000001192092896, "x_coef": 1.0, "y_coef": 1.0, "_src_file": "LDZOFBA003.WL", "_src_id": 36 }, "geometry": { "type": "LineString", "coordinates": [ [ 74.209903365509334, 39.934540387312381 ], [ 74.208405241411654, 39.930987622256552 ], [ 74.208289741009935, 39.930713882750005 ], [ 74.206919733405229, 39.927054727718286 ], [ 74.205892965233048, 39.924690409728058 ], [ 74.205247477305221, 39.922695413605958 ], [ 74.205031915437061, 39.921571208907821 ], [ 74.204982732955003, 39.919142008588842 ], [ 74.204971322831668, 39.915531082666426 ], [ 74.205135149774307, 39.913889888186894 ], [ 74.205579596214278, 39.912369785862204 ], [ 74.205892550343393, 39.911296958818802 ], [ 74.206866648517703, 39.907704546040215 ], [ 74.207460405181195, 39.906451685363749 ], [ 74.209325233525007, 39.902429334627655 ], [ 74.211360505114669, 39.897450939970518 ], [ 74.213311921904165, 39.894054768301821 ], [ 74.214115593320017, 39.892340675068567 ], [ 74.214497552821982, 39.891582998309637 ], [ 74.214838591872322, 39.890496002138264 ], [ 74.215177617023741, 39.889409004649323 ], [ 74.215516441845338, 39.888157337679296 ], [ 74.215769381298955, 39.887070383799767 ], [ 74.215979738915863, 39.885950516797237 ], [ 74.216291040246176, 39.883480465585855 ] ] } },
{ "type": "Feature", "properties": { "ID": 57, "长度": 0.028426670197076752, "FEATUREID": "OFBA003C1AJ430010020000039", "CHFCAC": "000039", "GZEAB": "", "KCDDEF": 2.5822727680206299, "GZEEB": "05", "GZECD": "", "GZECE": 65.0, "GZEHG": "J2y", "GZAG": "101", "GZEEE": "101", "GZELD": "101", "GZEEC": "106", "GZEKG": "", "GZEHH": "", "PKIGJ": "1∶250000 库尔干幅(J43C001002)建造构造图", "linetype": 1, "aux_linetype": 0, "width": 0.30000001192092896, "x_coef": 5.0, "y_coef": 5.0, "_src_file": "LDZOFBA003.WL", "_src_id": 37 }, "geometry": { "type": "LineString", "coordinates": [ [ 74.940735021946111, 39.936919885522421 ], [ 74.950219413737713, 39.932516515664275 ], [ 74.959125679088942, 39.928336710361478 ], [ 74.962551994533484, 39.926606237883369 ], [ 74.966349530170973, 39.924603856638491 ] ] } },
{ "type": "Feature", "properties": { "ID": 62, "长度": 0.061991394341530344, "FEATUREID": "OFBA003C1AJ430010020000040", "CHFCAC": "000040", "GZEAB": "", "KCDDEF": 5.454319953918457, "GZEEB": "01", "GZECD": "", "GZECE": 0.0, "GZEHG": "D3kz3,D3kz2", "GZAG": "101", "GZEEE": "101", "GZELD": "109", "GZEEC": "106", "GZEKG": "", "GZEHH": "", "PKIGJ": "1∶250000 库尔干幅(J43C001002)建造构造图", "linetype": 1, "aux_linetype": 0, "width": 0.30000001192092896, "x_coef": 5.0, "y_coef": 5.0, "_src_file": "LDZOFBA003.WL", "_src_id": 38 }, "geometry": { "type": "LineString", "coordinates": [ [ 74.434592524577283, 39.931316679739709 ], [ 74.437974252909612, 39.929417620937599 ], [ 74.4399248489065, 39.92876989066697 ], [ 74.443129827554358, 39.927744452748293 ], [ 74.493832965445407, 39.913402252695043 ] ] } },
{ "type": "Feature", "properties": { "ID": 67, "长度": 0.052186385432201977, "FEATUREID": "OFBA003C1AJ430010020000041", "CHFCAC": "000041", "GZEAB": "", "KCDDEF": 4.5992059707641602, "GZEEB": "01", "GZECD": "", "GZECE": 0.0, "GZEHG": "D3kz3,D2t,C2ak,D3kz2,K1kz,J3kz", "GZAG": "101", "GZEEE": "101", "GZELD": "109", "GZEEC": "106", "GZEKG": "", "GZEHH": "", "PKIGJ": "1∶250000 库尔干幅(J43C001002)建造构造图", "linetype": 1, "aux_linetype": 0, "width": 0.30000001192092896, "x_coef": 5.0, "y_coef": 5.0, "_src_file": "LDZOFBA003.WL", "_src_id": 39 }, "geometry": { "type": "LineString", "coordinates": [ [ 74.409811560763515, 39.9139085923035 ], [ 74.402907472238311, 39.914729688318914 ], [ 74.39697792878053, 39.915653917021245 ], [ 74.396532685787193, 39.91572308020649 ], [ 74.39399164465695, 39.916116570683968 ], [ 74.393671383995539, 39.916166199126678 ], [ 74.392016379399209, 39.916898860829114 ], [ 74.389803538904005, 39.91826400795604 ], [ 74.387731926932545, 39.919206234806147 ], [ 74.387315346958175, 39.919353242916358 ], [ 74.381521466106719, 39.921397287867592 ], [ 74.375041364989656, 39.923162917712958 ], [ 74.370351018891, 39.924514309504644 ], [ 74.368397044876332, 39.925187475241813 ], [ 74.36823972752407, 39.925257703397897 ], [ 74.365875022590032, 39.92612283950826 ], [ 74.365141282622929, 39.926526608787576 ], [ 74.364693330486546, 39.926771672870409 ], [ 74.363513202629051, 39.927528635159412 ], [ 74.361846823986014, 39.928177424625176 ], [ 74.360130032957343, 39.928314763808018 ] ] } },
{ "type": "Feature", "properties": { "ID": 69, "长度": 0.14141539689649313, "FEATUREID": "OFBA003C1AJ430010020000042", "CHFCAC": "000042", "GZEAB": "", "KCDDEF": 12.434046745300293, "GZEEB": "01", "GZECD": "", "GZECE": 50.0, "GZEHG": "J1sh,J1k,D3kz3", "GZAG": "101", "GZEEE": "101", "GZELD": "109", "GZEEC": "106", "GZEKG": "", "GZEHH": "", "PKIGJ": "1∶250000 库尔干幅(J43C001002)建造构造图", "linetype": 1, "aux_linetype": 0, "width": 0.30000001192092896, "x_coef": 10.0, "y_coef": 10.0, "_src_file": "LDZOFBA003.WL", "_src_id": 40 }, "geometry": { "type": "LineString", "coordinates": [ [ 74.911507078979611, 39.895553471649649 ], [ 74.908817855934757, 39.896428572768997 ], [ 74.904459881115869, 39.89820905719909 ], [ 74.903323119956099, 39.898694249522293 ], [ 74.897936316446831, 39.901577899032056 ], [ 74.895999687840984, 39.902712532601761 ], [ 74.891487800628553, 39.905633020936293 ], [ 74.886764580499872, 39.909043004460294 ], [ 74.881788713418658, 39.912094423151927 ], [ 74.878281782280624, 39.914242915216263 ], [ 74.872883039118008, 39.916684081374399 ], [ 74.868092938151747, 39.918693976143736 ], [ 74.867168431477026, 39.919050274168072 ], [ 74.866325447141264, 39.919308077325738 ], [ 74.864181499054041, 39.919648342567953 ], [ 74.860079809554875, 39.92010861729613 ], [ 74.859220986945189, 39.92021179495989 ], [ 74.85509534652563, 39.920706653763062 ], [ 74.851542278524533, 39.920978020119492 ], [ 74.848993601745548, 39.921172552693363 ], [ 74.845185404097961, 39.921095787756684 ], [ 74.83600952779517, 39.920773589902367 ], [ 74.831873068689404, 39.920957754072383 ], [ 74.829930518360086, 39.921115573119998 ], [ 74.827734581740302, 39.92127260519846 ], [ 74.825918694084834, 39.921561568959959 ], [ 74.823936338496594, 39.921817322855176 ], [ 74.82233313965844, 39.922074193325201 ], [ 74.821111500268458, 39.922234061877191 ], [ 74.820097669526334, 39.922361845137253 ], [ 74.819127979096081, 39.922489746093689 ], [ 74.81801659340988, 39.922716798682437 ], [ 74.812846944122882, 39.923680759588557 ], [ 74.809107341303005, 39.924094604599674 ], [ 74.805537781306299, 39.924247194926387 ], [ 74.799635086011975, 39.924578144295474 ], [ 74.793483734352165, 39.924804900752633 ], [ 74.789495431079743, 39.924847836855861 ], [ 74.787943808378543, 39.924741889636621 ], [ 74.785931307528955, 39.924796605571792 ], [ 74.782953383005079, 39.924944047645759 ], [ 74.779135421287279, 39.925318210597709 ], [ 74.776574307843404, 39.92543834529549 ] ] } },
{ "type": "Feature", "properties": { "ID": 72, "长度": 0.039584866566405315, "FEATUREID": "OFBA003C1AJ430010020000043", "CHFCAC": "000043", "GZEAB": "", "KCDDEF": 3.9045195579528809, "GZEEB": "05", "GZECD": "", "GZECE": 0.0, "GZEHG": "C2ak,K1kz,K2Y,N1k,C2kk,C1y", "GZAG": "101", "GZEEE": "101", "GZELD": "101", "GZEEC": "106", "GZEKG": "", "GZEHH": "", "PKIGJ": "1∶250000 库尔干幅(J43C001002)建造构造图", "linetype": 1, "aux_linetype": 0, "width": 0.30000001192092896, "x_coef": 5.0, "y_coef": 5.0, "_src_file": "LDZOFBA003.WL", "_src_id": 41 }, "geometry": { "type": "LineString", "coordinates": [ [ 74.25197902479438, 39.894515483329954 ], [ 74.253761259774564, 39.896668770670871 ], [ 74.254451039138743, 39.897503323481196 ], [ 74.259111848719357, 39.902432825498963 ], [ 74.259326867053915, 39.90265805462009 ], [ 74.264726948362608, 39.907666179864783 ], [ 74.266499588156279, 39.909163421467085 ], [ 74.270595301067971, 39.9126224709157 ], [ 74.277899231581131, 39.919072749409466 ], [ 74.278469706864414, 39.919659968912065 ], [ 74.27950731255261, 39.920730055571866 ], [ 74.280406314839794, 39.921945355476581 ] ] } },
{ "type": "Feature", "properties": { "ID": 74, "长度": 0.14729507177463075, "FEATUREID": "OFBA003C1AJ430010020000044", "CHFCAC": "000044", "GZEAB": "", "KCDDEF": 13.272939682006836, "GZEEB": "05", "GZECD": "", "GZECE": 50.0, "GZEHG": "D3kz3,J1k,J1sh", "GZAG": "101", "GZEEE": "101", "GZELD": "101", "GZEEC": "106", "GZEKG": "", "GZEHH": "", "PKIGJ": "1∶250000 库尔干幅(J43C001002)建造构造图", "linetype": 1, "aux_linetype": 0, "width": 0.30000001192092896, "x_coef": 5.0, "y_coef": 5.0, "_src_file": "LDZOFBA003.WL", "_src_id": 42 }, "geometry": { "type": "LineString", "coordinates": [ [ 74.952687121309964, 39.865313504977983 ], [ 74.948618368272363, 39.866372229980314 ], [ 74.943859017971775, 39.867658123162485 ], [ 74.942463886387401, 39.868099405901589 ], [ 74.940783833980461, 39.868834849364482 ], [ 74.934829029320255, 39.871625330416947 ], [ 74.926901244852473, 39.876070764426508 ], [ 74.91917964029966, 39.881082039628275 ], [ 74.917215155714885, 39.882259771729586 ], [ 74.911535446966596, 39.885530300414814 ], [ 74.909408789027225, 39.886593873822882 ], [ 74.903107392101191, 39.889493037429375 ], [ 74.896063373181121, 39.892714608585734 ], [ 74.89338262124474, 39.893882917160312 ], [ 74.89141708950109, 39.89457517439206 ], [ 74.888783868343808, 39.895301681815496 ], [ 74.881469119072847, 39.897128079158122 ], [ 74.874970920612384, 39.898928509099875 ], [ 74.873489539237596, 39.899480806145739 ], [ 74.872245128085012, 39.899885436707045 ], [ 74.871433709192743, 39.900216980071917 ], [ 74.87076549712198, 39.900660034482527 ], [ 74.869809401092326, 39.901361781393483 ], [ 74.86803530528816, 39.903098956152668 ], [ 74.866594861442948, 39.904243905110022 ], [ 74.865683099514968, 39.904686204767465 ], [ 74.864577915159373, 39.905090954456348 ], [ 74.864084987739901, 39.905295511419553 ], [ 74.863331580894908, 39.905606480032674 ], [ 74.862372886501589, 39.906048629495288 ], [ 74.857109433005036, 39.908028550322676 ], [ 74.849756073837099, 39.910631527725691 ], [ 74.84526341358216, 39.912322947564263 ], [ 74.838432352528017, 39.915122623123331 ], [ 74.837402970413507, 39.915506607499793 ], [ 74.833789839882186, 39.916854285818651 ], [ 74.829993255845906, 39.918196824499496 ], [ 74.828371435465939, 39.918769567447434 ], [ 74.823055806199051, 39.920684943424966 ], [ 74.820373352063214, 39.921679606539875 ], [ 74.81801659340988, 39.922716798682437 ] ] } },
{ "type": "Feature", "properties": { "ID": 80, "长度": 0.1028038005358325, "FEATUREID": "OFBA003C1AJ430010020000045", "CHFCAC": "000045", "GZEAB": "", "KCDDEF": 11.181625366210938, "GZEEB": "01", "GZECD": "", "GZECE": 80.0, "GZEHG": "D1s,D2t", "GZAG": "101", "GZEEE": "101", "GZELD": "109", "GZEEC": "106", "GZEKG": "", "GZEHH": "", "PKIGJ": "1∶250000 库尔干幅(J43C001002)建造构造图", "linetype": 1, "aux_linetype": 0, "width": 0.30000001192092896, "x_coef": 5.0, "y_coef": 5.0, "_src_file": "LDZOFBA003.WL", "_src_id": 43 }, "geometry": { "type": "LineString", "coordinates": [ [ 73.967465964417471, 39.817130982624455 ], [ 73.96860746406827, 39.821902656424655 ], [ 73.969269742255491, 39.825957185929234 ], [ 73.969505459128285, 39.829197588856069 ], [ 73.969415797662549, 39.833937745638913 ], [ 73.969523197945961, 39.834693210454674 ], [ 73.969807283043536, 39.83671729949819 ], [ 73.970350318019939, 39.839198914642218 ], [ 73.970675909838207, 39.841219597818672 ], [ 73.970787740259212, 39.842949517355756 ], [ 73.972741013591971, 39.848851550160397 ], [ 73.973431675119997, 39.85139582092814 ], [ 73.975420628981283, 39.856012415808166 ], [ 73.9768407597427, 39.859345413884824 ], [ 73.98061165575217, 39.868025214244867 ], [ 73.981769050347964, 39.869905036241747 ], [ 73.983671449204422, 39.872990348072982 ], [ 73.985709757887349, 39.87637554941162 ], [ 73.987605459547979, 39.879527196596477 ], [ 73.989258594050014, 39.88317646368202 ], [ 73.990827370418927, 39.887221389518594 ], [ 73.992249416600458, 39.891149661964185 ], [ 73.993093847258166, 39.894254779554558 ], [ 73.993767584104603, 39.897715751034369 ], [ 73.994172621711712, 39.899679809276527 ], [ 73.994861697612933, 39.905624225829577 ], [ 73.994789327585949, 39.909082064139071 ], [ 73.994443261648172, 39.912865041318071 ], [ 73.99427574470144, 39.914587224270221 ] ] } },
{ "type": "Feature", "properties": { "ID": 82, "长度": 0.0050332924667920295, "FEATUREID": "OFBA003C1AJ430010020000046", "CHFCAC": "000046", "GZEAB": "", "KCDDEF": 0.4888775646686554, "GZEEB": "01", "GZECD": "", "GZECE": 0.0, "GZEHG": "K2Y", "GZAG": "101", "GZEEE": "101", "GZELD": "109", "GZEEC": "106", "GZEKG": "", "GZEHH": "", "PKIGJ": "1∶250000 库尔干幅(J43C001002)建造构造图", "linetype": 1, "aux_linetype": 0, "width": 0.30000001192092896, "x_coef": 5.0, "y_coef": 5.0, "_src_file": "LDZOFBA003.WL", "_src_id": 44 }, "geometry": { "type": "LineString", "coordinates": [ [ 74.28868073850245, 39.912277133872465 ], [ 74.291269881991042, 39.914511192658978 ], [ 74.292505564305287, 39.915548791810984 ] ] } },
{ "type": "Feature", "properties": { "ID": 87, "长度": 0.0061586809726438419, "FEATUREID": "OFBA003C1AJ430010020000047", "CHFCAC": "000047", "GZEAB": "", "KCDDEF": 0.60871922969818115, "GZEEB": "05", "GZECD": "", "GZECE": 0.0, "GZEHG": "K1kz,C2kk", "GZAG": "101", "GZEEE": "101", "GZELD": "101", "GZEEC": "106", "GZEKG": "", "GZEHH": "", "PKIGJ": "1∶250000 库尔干幅(J43C001002)建造构造图", "linetype": 1, "aux_linetype": 0, "width": 0.30000001192092896, "x_coef": 5.0, "y_coef": 5.0, "_src_file": "LDZOFBA003.WL", "_src_id": 45 }, "geometry": { "type": "LineString", "coordinates": [ [ 74.209973263669127, 39.908065686028564 ], [ 74.209204492291931, 39.908990775432478 ], [ 74.208353372403167, 39.909815436593298 ], [ 74.205579596214278, 39.912369785862204 ] ] } },
{ "type": "Feature", "properties": { "ID": 90, "长度": 0.0094807816022053383, "FEATUREID": "OFBA003C1AJ430010020000048", "CHFCAC": "000048", "GZEAB": "", "KCDDEF": 0.96754193305969238, "GZEEB": "28", "GZECD": "", "GZECE": 0.0, "GZEHG": "J1k,T3t", "GZAG": "101", "GZEEE": "102", "GZELD": "109", "GZEEC": "106", "GZEKG": "", "GZEHH": "", "PKIGJ": "1∶250000 库尔干幅(J43C001002)建造构造图", "linetype": 1, "aux_linetype": 0, "width": 0.5, "x_coef": 10.0, "y_coef": 10.0, "_src_file": "LDZOFBA003.WL", "_src_id": 46 }, "geometry": { "type": "LineString", "coordinates": [ [ 74.895143504067235, 39.913999622661485 ], [ 74.895185629687191, 39.913003342756582 ], [ 74.895304841597053, 39.912668870093704 ], [ 74.895423086481244, 39.91227350430497 ], [ 74.89565947334134, 39.911665444505054 ], [ 74.895933161486013, 39.9111184070265 ], [ 74.896368217306403, 39.910541476220978 ], [ 74.896879981554221, 39.909903927857194 ], [ 74.897389684824574, 39.909357711049353 ], [ 74.899201721296023, 39.90756789208266 ], [ 74.900144157323581, 39.906810535225276 ], [ 74.900509630860228, 39.906627853366324 ] ] } },
{ "type": "Feature", "properties": { "ID": 91, "长度": 0.2509815598383599, "FEATUREID": "OFBA003C1AJ430010020000049", "CHFCAC": "000049", "GZEAB": "", "KCDDEF": 26.575384140014648, "GZEEB": "01", "GZECD": "", "GZECE": 70.0, "GZEHG": "D1s,D2t", "GZAG": "101", "GZEEE": "101", "GZELD": "109", "GZEEC": "106", "GZEKG": "", "GZEHH": "", "PKIGJ": "1∶250000 库尔干幅(J43C001002)建造构造图", "linetype": 1, "aux_linetype": 0, "width": 0.30000001192092896, "x_coef": 5.0, "y_coef": 5.0, "_src_file": "LDZOFBA003.WL", "_src_id": 47 }, "geometry": { "type": "LineString", "coordinates": [ [ 73.856510358096429, 39.757697361731438 ], [ 73.860677909632443, 39.762203740880906 ], [ 73.864736841018768, 39.766881290294783 ], [ 73.866165305117519, 39.768711310307374 ], [ 73.868029140922872, 39.771454175532334 ], [ 73.868657837205646, 39.772714126826038 ], [ 73.869055728859053, 39.773596539428262 ], [ 73.86936113898625, 39.775043374932203 ], [ 73.869519399273102, 39.775484243421253 ], [ 73.87031618460604, 39.776935112108085 ], [ 73.871750568890263, 39.779395970419685 ], [ 73.873045737625304, 39.782959288826923 ], [ 73.873668134275349, 39.784793658813292 ], [ 73.874134483644283, 39.786123198582878 ], [ 73.874585406147943, 39.787963871673462 ], [ 73.875041803970277, 39.789424814011426 ], [ 73.875345342901298, 39.790504254344555 ], [ 73.875684649552838, 39.79193222184135 ], [ 73.8764714752283, 39.793206834377038 ], [ 73.877109637239542, 39.793783504425186 ], [ 73.877350654921074, 39.793912734040781 ], [ 73.877675795550331, 39.793789692484104 ], [ 73.877841844226779, 39.793601597301858 ], [ 73.877852520763255, 39.793158579103206 ], [ 73.877315596641694, 39.79150689992418 ], [ 73.87669829314288, 39.789917620454034 ], [ 73.875456812573759, 39.786992206555837 ], [ 73.87476160328346, 39.785086504417102 ], [ 73.874299998619179, 39.783442684946756 ], [ 73.873603613592849, 39.780855537766122 ], [ 73.873296306650204, 39.779471500494843 ], [ 73.872564316918627, 39.776168712373064 ], [ 73.872259765769101, 39.774407937300765 ], [ 73.872538734023095, 39.771710022161606 ], [ 73.872724294392071, 39.769890482502355 ], [ 73.872903004422483, 39.768699099281264 ], [ 73.873227698091469, 39.766098139637386 ], [ 73.87399591127037, 39.763908230140558 ], [ 73.874823971350708, 39.763033520170502 ], [ 73.875977926549652, 39.762035394389322 ], [ 73.877035042372924, 39.761917412568536 ], [ 73.877841805478866, 39.762112169692045 ], [ 73.878719810292566, 39.762936636699109 ], [ 73.879102315128449, 39.764259872393424 ], [ 73.879238436534806, 39.766396002243489 ], [ 73.878891635820821, 39.768025857874278 ], [ 73.87847089236071, 39.769215521644703 ], [ 73.878209125953703, 39.7704693056831 ], [ 73.878521058157091, 39.77172775586299 ], [ 73.879481942386136, 39.772991843707054 ], [ 73.880275794619138, 39.774320190439539 ], [ 73.880331517468008, 39.776456027825503 ], [ 73.880233140500792, 39.777836432562211 ], [ 73.880545021903515, 39.778970554181853 ], [ 73.881263962279519, 39.779795597990642 ], [ 73.882033704030562, 39.779961831537342 ], [ 73.88317759346991, 39.779598723635786 ], [ 73.884683185950067, 39.778741011247547 ], [ 73.885948527330854, 39.778347083361396 ], [ 73.886901848010027, 39.778266463413757 ], [ 73.887731614961055, 39.778552434865695 ], [ 73.888781470665492, 39.780221326989022 ], [ 73.888765765498221, 39.781417399917807 ], [ 73.888988884776012, 39.782527984525935 ], [ 73.890269219631762, 39.783934660262787 ], [ 73.892617724851121, 39.785725040315718 ], [ 73.893200333334278, 39.786381284953094 ], [ 73.893307600248093, 39.786939117697834 ], [ 73.893052572712875, 39.787863636256056 ], [ 73.893139168817328, 39.789533277046374 ], [ 73.893323423245931, 39.79212024346937 ], [ 73.893399927685763, 39.794244606051372 ], [ 73.89306285760442, 39.796319291571962 ], [ 73.891923265592396, 39.799633755265425 ], [ 73.890561116615388, 39.803035676549705 ], [ 73.889809801881697, 39.805427633710536 ], [ 73.889310807389407, 39.80689929180916 ], [ 73.889045112938661, 39.808647597521087 ], [ 73.888657573004949, 39.810390899572141 ], [ 73.887959156606257, 39.813188471531909 ], [ 73.88767523902979, 39.815944560854476 ], [ 73.887615003196316, 39.819263176638472 ], [ 73.887801302246203, 39.821765811229184 ], [ 73.888707992292936, 39.823998378946264 ], [ 73.889849116407888, 39.826418695098546 ], [ 73.891161406076179, 39.829346551716839 ], [ 73.891842285393523, 39.831110540130695 ], [ 73.892521991636613, 39.832782158101871 ], [ 73.894133445553223, 39.835666575428647 ], [ 73.896103643634305, 39.838830007878009 ], [ 73.89831183812494, 39.841903676389414 ], [ 73.904327020043112, 39.849031436255821 ], [ 73.907228674977347, 39.85321708751998 ], [ 73.910253280612892, 39.856471353690438 ], [ 73.911647416647966, 39.858048080656573 ], [ 73.915072442977404, 39.862081200004774 ], [ 73.916572763321625, 39.863752281559769 ], [ 73.917363959838667, 39.865323670045093 ], [ 73.918771417434357, 39.868280691136874 ], [ 73.919625016221644, 39.869760808838045 ], [ 73.920757433644212, 39.871887461606363 ], [ 73.921784006607282, 39.87393744547191 ], [ 73.922273031331557, 39.876219829917197 ], [ 73.922699877766007, 39.878548026437016 ], [ 73.923232961324985, 39.881713801612968 ], [ 73.923171015636669, 39.884873115441387 ], [ 73.923229326293011, 39.887847878480265 ], [ 73.923428798193626, 39.889894724556811 ], [ 73.923585895487278, 39.891330021186398 ], [ 73.924616280817389, 39.894106901465456 ], [ 73.927281631545938, 39.899481314454547 ], [ 73.929021323970872, 39.902817991060338 ], [ 73.930769398781152, 39.905601524970386 ], [ 73.931985327424812, 39.908149197571191 ], [ 73.93253199528354, 39.908909108665874 ] ] } },
{ "type": "Feature", "properties": { "ID": 92, "长度": 0.022778469863803292, "FEATUREID": "OFBA003C1AJ430010020000050", "CHFCAC": "000050", "GZEAB": "", "KCDDEF": 1.9492861032485962, "GZEEB": "01", "GZECD": "", "GZECE": 0.0, "GZEHG": "D1s,D2t", "GZAG": "101", "GZEEE": "101", "GZELD": "109", "GZEEC": "106", "GZEKG": "", "GZEHH": "", "PKIGJ": "1∶250000 库尔干幅(J43C001002)建造构造图", "linetype": 1, "aux_linetype": 0, "width": 0.30000001192092896, "x_coef": 5.0, "y_coef": 5.0, "_src_file": "LDZOFBA003.WL", "_src_id": 48 }, "geometry": { "type": "LineString", "coordinates": [ [ 73.91802528389394, 39.908493033834866 ], [ 73.91878546022626, 39.908492262850501 ], [ 73.928412889059288, 39.90848206835107 ], [ 73.93253199528354, 39.908909108665874 ], [ 73.935305543709262, 39.909012044316782 ], [ 73.940779632873813, 39.908974538176452 ] ] } },
{ "type": "Feature", "properties": { "ID": 94, "长度": 0.11804258288565003, "FEATUREID": "OFBA003C1AJ430010020000051", "CHFCAC": "000051", "GZEAB": "", "KCDDEF": 10.497974395751953, "GZEEB": "01", "GZECD": "", "GZECE": 0.0, "GZEHG": "ChA.,D3kz2,D3kz3,J3kz,D3kz1", "GZAG": "101", "GZEEE": "101", "GZELD": "109", "GZEEC": "106", "GZEKG": "", "GZEHH": "", "PKIGJ": "1∶250000 库尔干幅(J43C001002)建造构造图", "linetype": 1, "aux_linetype": 0, "width": 0.30000001192092896, "x_coef": 5.0, "y_coef": 5.0, "_src_file": "LDZOFBA003.WL", "_src_id": 49 }, "geometry": { "type": "LineString", "coordinates": [ [ 74.426682928195078, 39.912325384346865 ], [ 74.427393865041708, 39.912289577644593 ], [ 74.436863892585876, 39.911812144788243 ], [ 74.445391552255373, 39.911119255330156 ], [ 74.445965914975034, 39.911147952954849 ], [ 74.453969145615375, 39.911546142703052 ], [ 74.462559424744384, 39.912620749576959 ], [ 74.469541705951542, 39.913066701849409 ], [ 74.480553221974731, 39.913530371071005 ], [ 74.487811562836299, 39.913148892580182 ], [ 74.49306551922345, 39.912686745411449 ], [ 74.493865552585945, 39.912616540967811 ], [ 74.494534002073266, 39.912557731911107 ], [ 74.501433301648007, 39.911476937917023 ], [ 74.506100321892276, 39.910745583998462 ], [ 74.513912123324957, 39.907882134737903 ], [ 74.521739104612564, 39.902742413501471 ], [ 74.523897645109741, 39.901096177758447 ], [ 74.528225093399485, 39.896976034932621 ], [ 74.536344592731453, 39.888232685543329 ] ] } },
{ "type": "Feature", "properties": { "ID": 100, "长度": 0.008626006479278317, "FEATUREID": "OFBA003C1AJ430010020000052", "CHFCAC": "000052", "GZEAB": "", "KCDDEF": 0.73907321691513062, "GZEEB": "31", "GZECD": "", "GZECE": 0.0, "GZEHG": "K2Y,EK", "GZAG": "101", "GZEEE": "101", "GZELD": "109", "GZEEC": "106", "GZEKG": "", "GZEHH": "", "PKIGJ": "1∶250000 库尔干幅(J43C001002)建造构造图", "linetype": 18, "aux_linetype": 0, "width": 0.30000001192092896, "x_coef": 3.0, "y_coef": 5.0, "_src_file": "LDZOFBA003.WL", "_src_id": 50 }, "geometry": { "type": "LineString", "coordinates": [ [ 74.297790572882121, 39.910794813525072 ], [ 74.295575653882025, 39.91110001248763 ], [ 74.293289998371662, 39.911182747870782 ], [ 74.289189671745632, 39.911331027842614 ] ] } },
{ "type": "Feature", "properties": { "ID": 103, "长度": 0.08445306269117038, "FEATUREID": "OFBA003C1AJ430010020000053", "CHFCAC": "000053", "GZEAB": "", "KCDDEF": 8.5989160537719727, "GZEEB": "28", "GZECD": "", "GZECE": 0.0, "GZEHG": "ChA.,D3kz1", "GZAG": "101", "GZEEE": "102", "GZELD": "109", "GZEEC": "106", "GZEKG": "", "GZEHH": "", "PKIGJ": "1∶250000 库尔干幅(J43C001002)建造构造图", "linetype": 1, "aux_linetype": 0, "width": 0.5, "x_coef": 10.0, "y_coef": 10.0, "_src_file": "LDZOFBA003.WL", "_src_id": 51 }, "geometry": { "type": "LineString", "coordinates": [ [ 74.457997103135966, 39.846977541292901 ], [ 74.459228034477107, 39.847826527746619 ], [ 74.46026376843767, 39.848803875616952 ], [ 74.461417745840905, 39.849988531672935 ], [ 74.462990835940829, 39.851468984955154 ], [ 74.465165711150505, 39.853481555119053 ], [ 74.465929688999907, 39.854043776849942 ], [ 74.4671522210582, 39.854872509092964 ], [ 74.473293042427414, 39.85899608426589 ], [ 74.47704651184749, 39.861708188037447 ], [ 74.48143773452388, 39.865193612201232 ], [ 74.482079855302572, 39.865670035351378 ], [ 74.48272502507416, 39.865997456754975 ], [ 74.483711453505137, 39.866324676056863 ], [ 74.484545156123531, 39.866741376049461 ], [ 74.485641895780461, 39.867455895899113 ], [ 74.487329175468062, 39.868767789856648 ], [ 74.491731694078837, 39.872759322887539 ], [ 74.494622712084023, 39.875467035960547 ], [ 74.495869868502226, 39.876836664177446 ], [ 74.497744277415791, 39.879072119378186 ], [ 74.498252849645908, 39.879668009494793 ], [ 74.498643919781998, 39.880591999573475 ], [ 74.498919776818852, 39.881456459951714 ], [ 74.499187889466839, 39.882616060353797 ], [ 74.499284959104429, 39.883332537389144 ], [ 74.499384925976202, 39.884048616614145 ], [ 74.499489787425603, 39.884764282244348 ], [ 74.499599543783788, 39.885479509501394 ], [ 74.499714189454579, 39.886194284838425 ], [ 74.499831721845766, 39.88690858346331 ], [ 74.499957141254569, 39.88762238509878 ], [ 74.50008743917715, 39.88833567393219 ], [ 74.500219613003452, 39.88904842742101 ], [ 74.500360663013041, 39.889760627537704 ], [ 74.500504580733093, 39.890472253964894 ], [ 74.500651366474841, 39.891183284170872 ], [ 74.50080701173151, 39.891893702340006 ], [ 74.500965516796995, 39.89260348819095 ], [ 74.501127881883036, 39.893312632699001 ], [ 74.502107705323439, 39.899366324309092 ], [ 74.502282372199488, 39.901218188844219 ], [ 74.50234472831535, 39.904655940007736 ], [ 74.502226013479998, 39.906883945355126 ], [ 74.502017663112213, 39.908204922345142 ], [ 74.501433301648007, 39.911476937917023 ] ] } },
{ "type": "Feature", "properties": { "ID": 104, "长度": 0.025155571034815066, "FEATUREID": "OFBA003C1AJ430010020000054", "CHFCAC": "000054", "GZEAB": "", "KCDDEF": 2.2180736064910889, "GZEEB": "31", "GZECD": "", "GZECE": 0.0, "GZEHG": "K2Y,N1k", "GZAG": "101", "GZEEE": "101", "GZELD": "109", "GZEEC": "106", "GZEKG": "", "GZEHH": "", "PKIGJ": "1∶250000 库尔干幅(J43C001002)建造构造图", "linetype": 18, "aux_linetype": 0, "width": 0.30000001192092896, "x_coef": 3.0, "y_coef": 5.0, "_src_file": "LDZOFBA003.WL", "_src_id": 52 }, "geometry": { "type": "LineString", "coordinates": [ [ 74.283050978204884, 39.909601316963965 ], [ 74.282289559341095, 39.909085238618225 ], [ 74.280516254304942, 39.908198711983175 ], [ 74.279334708450463, 39.907851202581341 ], [ 74.277076886596532, 39.907233760792508 ], [ 74.274323405063527, 39.906731516193595 ], [ 74.27244013108276, 39.906461930524081 ], [ 74.270209955044294, 39.906153774154326 ], [ 74.268326796958306, 39.905691921918908 ], [ 74.265055145751063, 39.904806734139832 ], [ 74.259111848719357, 39.902432825498963 ] ] } },
{ "type": "Feature", "properties": { "ID": 106, "长度": 0.026885753039116667, "FEATUREID": "OFBA003C1AJ430010020000055", "CHFCAC": "000055", "GZEAB": "", "KCDDEF": 2.8976895809173584, "GZEEB": "05", "GZECD": "", "GZECE": 0.0, "GZEHG": "C2kk,K2Y,EK", "GZAG": "101", "GZEEE": "101", "GZELD": "101", "GZEEC": "106", "GZEKG": "", "GZEHH": "", "PKIGJ": "1∶250000 库尔干幅(J43C001002)建造构造图", "linetype": 1, "aux_linetype": 0, "width": 0.30000001192092896, "x_coef": 5.0, "y_coef": 5.0, "_src_file": "LDZOFBA003.WL", "_src_id": 53 }, "geometry": { "type": "LineString", "coordinates": [ [ 74.220063135269399, 39.883169307388073 ], [ 74.217006992916481, 39.889737372771911 ], [ 74.215523165609369, 39.893625091435766 ], [ 74.213023405106256, 39.899889360128334 ], [ 74.211961915652651, 39.902461005494558 ], [ 74.211531235080386, 39.903763792696068 ], [ 74.210437757394061, 39.907077321110556 ], [ 74.209973263669127, 39.908065686028564 ] ] } },
{ "type": "Feature", "properties": { "ID": 110, "长度": 0.051784630020502626, "FEATUREID": "OFBA003C1AJ430010020000056", "CHFCAC": "000056", "GZEAB": "", "KCDDEF": 4.7560415267944336, "GZEEB": "31", "GZECD": "", "GZECE": 0.0, "GZEHG": "K1kz,K2Y", "GZAG": "101", "GZEEE": "101", "GZELD": "109", "GZEEC": "106", "GZEKG": "", "GZEHH": "", "PKIGJ": "1∶250000 库尔干幅(J43C001002)建造构造图", "linetype": 18, "aux_linetype": 0, "width": 0.30000001192092896, "x_coef": 3.0, "y_coef": 5.0, "_src_file": "LDZOFBA003.WL", "_src_id": 54 }, "geometry": { "type": "LineString", "coordinates": [ [ 74.360276376803526, 39.881373883910271 ], [ 74.356571062482331, 39.884391486643402 ], [ 74.353774481477458, 39.886609923762812 ], [ 74.350346136274027, 39.88904464575387 ], [ 74.343343408496324, 39.893211269461119 ], [ 74.338389588316375, 39.895975997818013 ], [ 74.334844014396538, 39.897927610459618 ], [ 74.327742186648962, 39.900800110790641 ], [ 74.323941361250306, 39.902252644314608 ], [ 74.319806889693297, 39.903832472464551 ], [ 74.314791600832677, 39.905231875369346 ] ] } },
{ "type": "Feature", "properties": { "ID": 113, "长度": 0.068307320306301017, "FEATUREID": "OFBA003C1AJ430010020000057", "CHFCAC": "000057", "GZEAB": "", "KCDDEF": 6.1046237945556641, "GZEEB": "01", "GZECD": "", "GZECE": 0.0, "GZEHG": "D3kz2,D3kz3,J1sh,J1k", "GZAG": "101", "GZEEE": "101", "GZELD": "109", "GZEEC": "106", "GZEKG": "", "GZEHH": "", "PKIGJ": "1∶250000 库尔干幅(J43C001002)建造构造图", "linetype": 1, "aux_linetype": 0, "width": 0.30000001192092896, "x_coef": 10.0, "y_coef": 10.0, "_src_file": "LDZOFBA003.WL", "_src_id": 55 }, "geometry": { "type": "LineString", "coordinates": [ [ 74.864084987739901, 39.905295511419553 ], [ 74.859073294749635, 39.904668824384231 ], [ 74.857015791242262, 39.904328688632845 ], [ 74.855772341731353, 39.904213480512468 ], [ 74.853625523158129, 39.904166462214924 ], [ 74.847706042922127, 39.903733186900894 ], [ 74.841829523281163, 39.903232858369165 ], [ 74.838581816944085, 39.902741213897109 ], [ 74.835907025089767, 39.902066001379318 ], [ 74.833277570972157, 39.901280136317098 ], [ 74.83150712349277, 39.900644966176678 ], [ 74.830169174511411, 39.900085149359612 ], [ 74.828931711810938, 39.899375778587178 ], [ 74.826271439286955, 39.897473827119462 ], [ 74.821277933995617, 39.893753480694222 ], [ 74.816285172539949, 39.890819013889505 ], [ 74.813711956576867, 39.889495253940581 ], [ 74.809430046934679, 39.887290351497008 ], [ 74.808700529452153, 39.886914843367961 ], [ 74.805785548961808, 39.885765651094388 ], [ 74.80388172273743, 39.885014380636044 ], [ 74.800775737421475, 39.88363758250857 ] ] } },
{ "type": "Feature", "properties": { "ID": 117, "长度": 0.06007268573488269, "FEATUREID": "OFBA003C1AJ430010020000058", "CHFCAC": "000058", "GZEAB": "", "KCDDEF": 5.7209882736206055, "GZEEB": "28", "GZECD": "", "GZECE": 73.0, "GZEHG": "J1k,T3t", "GZAG": "101", "GZEEE": "102", "GZELD": "109", "GZEEC": "106", "GZEKG": "", "GZEHH": "", "PKIGJ": "1∶250000 库尔干幅(J43C001002)建造构造图", "linetype": 1, "aux_linetype": 0, "width": 0.5, "x_coef": 10.0, "y_coef": 10.0, "_src_file": "LDZOFBA003.WL", "_src_id": 56 }, "geometry": { "type": "LineString", "coordinates": [ [ 74.905096212055284, 39.901738684574454 ], [ 74.909033872138636, 39.897855495147333 ], [ 74.911507078979611, 39.895553471649649 ], [ 74.913819475192454, 39.893397334759044 ], [ 74.919773708676999, 39.88850750131985 ], [ 74.922365949862723, 39.886814757072116 ], [ 74.927923019914004, 39.883169662369447 ], [ 74.933899121562192, 39.879453570571847 ], [ 74.936299924897099, 39.877541071722128 ], [ 74.938943854780888, 39.875221285167775 ], [ 74.941779898472632, 39.872791056660709 ], [ 74.944711943081145, 39.870767261617281 ], [ 74.952071895265135, 39.867118464891504 ], [ 74.953357636127379, 39.866518233959553 ] ] } },
{ "type": "Feature", "properties": { "ID": 120, "长度": 0.0013932488588658653, "FEATUREID": "OFBA003C1AJ430010020000059", "CHFCAC": "000059", "GZEAB": "", "KCDDEF": 0.12410154193639755, "GZEEB": "31", "GZECD": "", "GZECE": 0.0, "GZEHG": "ChA.,K1kz", "GZAG": "101", "GZEEE": "101", "GZELD": "109", "GZEEC": "106", "GZEKG": "", "GZEHH": "", "PKIGJ": "1∶250000 库尔干幅(J43C001002)建造构造图", "linetype": 18, "aux_linetype": 0, "width": 0.30000001192092896, "x_coef": 3.0, "y_coef": 5.0, "_src_file": "LDZOFBA003.WL", "_src_id": 57 }, "geometry": { "type": "LineString", "coordinates": [ [ 74.539077320657981, 39.889605451803192 ], [ 74.5377698399368, 39.889124165457581 ] ] } },
{ "type": "Feature", "properties": { "ID": 121, "长度": 0.023514058340997974, "FEATUREID": "OFBA003C1AJ430010020000060", "CHFCAC": "000060", "GZEAB": "", "KCDDEF": 2.5144646167755127, "GZEEB": "31", "GZECD": "", "GZECE": 0.0, "GZEHG": "ChA.,K1kz", "GZAG": "101", "GZEEE": "101", "GZELD": "109", "GZEEC": "106", "GZEKG": "", "GZEHH": "", "PKIGJ": "1∶250000 库尔干幅(J43C001002)建造构造图", "linetype": 18, "aux_linetype": 0, "width": 0.30000001192092896, "x_coef": 3.0, "y_coef": 5.0, "_src_file": "LDZOFBA003.WL", "_src_id": 58 }, "geometry": { "type": "LineString", "coordinates": [ [ 74.5377698399368, 39.889124165457581 ], [ 74.536749284740552, 39.888551141616944 ], [ 74.536344592731453, 39.888232685543329 ], [ 74.535931493385334, 39.887819172211039 ], [ 74.535466568869538, 39.887339039553225 ], [ 74.534970423303008, 39.886836020237553 ], [ 74.534473566991224, 39.886287412964521 ], [ 74.533221369528874, 39.884573964008013 ], [ 74.53287350021192, 39.884003034010469 ], [ 74.532437805014567, 39.88322669141494 ], [ 74.53200640803729, 39.882130782660347 ], [ 74.531443900449105, 39.878526839749682 ], [ 74.53152608134431, 39.87426670841834 ], [ 74.531783968730295, 39.87012185238256 ], [ 74.531947693383486, 39.869204509298882 ], [ 74.532343906549485, 39.867990413597404 ] ] } },
{ "type": "Feature", "properties": { "ID": 124, "长度": 0.10632414978748411, "FEATUREID": "OFBA003C1AJ430010020000061", "CHFCAC": "000061", "GZEAB": "", "KCDDEF": 9.4229536056518555, "GZEEB": "31", "GZECD": "", "GZECE": 0.0, "GZEHG": "ChA.,K1kz", "GZAG": "101", "GZEEE": "101", "GZELD": "109", "GZEEC": "106", "GZEKG": "", "GZEHH": "", "PKIGJ": "1∶250000 库尔干幅(J43C001002)建造构造图", "linetype": 18, "aux_linetype": 0, "width": 0.30000001192092896, "x_coef": 3.0, "y_coef": 5.0, "_src_file": "LDZOFBA003.WL", "_src_id": 59 }, "geometry": { "type": "LineString", "coordinates": [ [ 74.65639929703174, 39.855005458754071 ], [ 74.650735985815658, 39.856378066114225 ], [ 74.645893151338541, 39.857394099514245 ], [ 74.637959259905102, 39.858893841678928 ], [ 74.631011307849121, 39.860127375471038 ], [ 74.620645694728012, 39.862610506802142 ], [ 74.613115920461397, 39.864355645097035 ], [ 74.610264135950985, 39.864924125252521 ], [ 74.608905681083897, 39.865280756234554 ], [ 74.607597789054267, 39.865709711395766 ], [ 74.603292749032036, 39.86753671431088 ], [ 74.594073133465614, 39.870812839471967 ], [ 74.586539000621258, 39.87339162391315 ], [ 74.579273137736195, 39.876287139290241 ], [ 74.57517332467549, 39.878081718425776 ], [ 74.57435183821535, 39.878440916639221 ], [ 74.573647259563089, 39.878800518551913 ], [ 74.572885951899451, 39.879205164999725 ], [ 74.572181056880268, 39.879791038004186 ], [ 74.571302029813495, 39.880331034900834 ], [ 74.570595109778637, 39.880916898025951 ], [ 74.569773469737697, 39.881638113137896 ], [ 74.568657717312135, 39.882494057029987 ], [ 74.567483733194507, 39.883304528084039 ], [ 74.566251994124968, 39.884160032424447 ], [ 74.565311401673938, 39.884699773273255 ], [ 74.563259241387826, 39.885869117502352 ], [ 74.562321401306903, 39.886273066432722 ], [ 74.560975291080112, 39.886675531257588 ], [ 74.559628700484666, 39.886987470331782 ], [ 74.558691436541423, 39.887119850698134 ], [ 74.557637509004422, 39.887206545089327 ], [ 74.556119478858562, 39.88724623147602 ] ] } },
{ "type": "Feature", "properties": { "ID": 127, "长度": 0.09527380223236144, "FEATUREID": "OFBA003C1AJ430010020000062", "CHFCAC": "000062", "GZEAB": "", "KCDDEF": 8.9156045913696289, "GZEEB": "31", "GZECD": "", "GZECE": 0.0, "GZEHG": "S3-4t,Qp1X,D1s", "GZAG": "101", "GZEEE": "101", "GZELD": "109", "GZEEC": "106", "GZEKG": "", "GZEHH": "", "PKIGJ": "1∶250000 库尔干幅(J43C001002)建造构造图", "linetype": 18, "aux_linetype": 0, "width": 0.30000001192092896, "x_coef": 3.0, "y_coef": 5.0, "_src_file": "LDZOFBA003.WL", "_src_id": 60 }, "geometry": { "type": "LineString", "coordinates": [ [ 74.207987697489202, 39.879988579935933 ], [ 74.204611333423983, 39.877825872987891 ], [ 74.195922266018286, 39.872578817319486 ], [ 74.186376969017971, 39.866613831015854 ], [ 74.182149422809999, 39.864536183766653 ], [ 74.179865516158046, 39.863412874186572 ], [ 74.166482056935081, 39.856073276574946 ], [ 74.15894746754924, 39.851111930684368 ], [ 74.149457424099253, 39.845224928435549 ], [ 74.139315957912061, 39.838502890035457 ], [ 74.132065144388051, 39.833130584456718 ], [ 74.127582667446845, 39.82920553661662 ] ] } },
{ "type": "Feature", "properties": { "ID": 129, "长度": 0.05265711195604085, "FEATUREID": "OFBA003C1AJ430010020000063", "CHFCAC": "000063", "GZEAB": "", "KCDDEF": 5.2494149208068848, "GZEEB": "05", "GZECD": "", "GZECE": 69.0, "GZEHG": "D1s,D2t", "GZAG": "101", "GZEEE": "101", "GZELD": "101", "GZEEC": "106", "GZEKG": "", "GZEHH": "", "PKIGJ": "1∶250000 库尔干幅(J43C001002)建造构造图", "linetype": 1, "aux_linetype": 0, "width": 0.30000001192092896, "x_coef": 5.0, "y_coef": 5.0, "_src_file": "LDZOFBA003.WL", "_src_id": 61 }, "geometry": { "type": "LineString", "coordinates": [ [ 73.969523197945961, 39.834693210454674 ], [ 73.967805654685961, 39.840665385949656 ], [ 73.966241851335752, 39.844679194605447 ], [ 73.965301670694728, 39.847202673677323 ], [ 73.963770943809152, 39.849718775894388 ], [ 73.962704465226921, 39.851203538735092 ], [ 73.961489064340128, 39.852686446833886 ], [ 73.960715826358054, 39.85429008737664 ], [ 73.959777471095279, 39.857037185378744 ], [ 73.959745714630714, 39.858760146162751 ], [ 73.959865085267751, 39.860255223219639 ], [ 73.960357256706033, 39.861697482968438 ], [ 73.961659167363351, 39.863203752464464 ], [ 73.963409469282368, 39.864250051667099 ], [ 73.967819246927832, 39.865321191120962 ], [ 73.973862763943373, 39.866867402504482 ], [ 73.980373235916986, 39.868997071355608 ], [ 73.981769050347964, 39.869905036241747 ] ] } },
{ "type": "Feature", "properties": { "ID": 131, "长度": 0.12537371005488421, "FEATUREID": "OFBA003C1AJ430010020000064", "CHFCAC": "000064", "GZEAB": "", "KCDDEF": 13.779556274414062, "GZEEB": "01", "GZECD": "", "GZECE": 0.0, "GZEHG": "D1s", "GZAG": "101", "GZEEE": "101", "GZELD": "109", "GZEEC": "106", "GZEKG": "", "GZEHH": "", "PKIGJ": "1∶250000 库尔干幅(J43C001002)建造构造图", "linetype": 1, "aux_linetype": 0, "width": 0.30000001192092896, "x_coef": 5.0, "y_coef": 5.0, "_src_file": "LDZOFBA003.WL", "_src_id": 62 }, "geometry": { "type": "LineString", "coordinates": [ [ 73.935235310829512, 39.746138383013566 ], [ 73.93367740494935, 39.748957028135258 ], [ 73.932843431668147, 39.75123951982642 ], [ 73.932223015788637, 39.753523667990272 ], [ 73.931989961868879, 39.754470928032056 ], [ 73.931646463524089, 39.755501085708374 ], [ 73.931616076431922, 39.757064016463353 ], [ 73.93177201482348, 39.760135722857086 ], [ 73.932073225903366, 39.763485909822229 ], [ 73.932134481459386, 39.764100146193634 ], [ 73.932082702989788, 39.765126991328472 ], [ 73.931829215072796, 39.767617383829062 ], [ 73.931505341814997, 39.770273376455151 ], [ 73.931181391342378, 39.772652480918865 ], [ 73.931023590063973, 39.77375896527623 ], [ 73.930687339342185, 39.77461493071268 ], [ 73.929628688129029, 39.778151650621339 ], [ 73.928842673985912, 39.782141143954604 ], [ 73.928463159327237, 39.783305363622489 ], [ 73.927933881052596, 39.787228442123222 ], [ 73.927289777692039, 39.791403532228813 ], [ 73.927194612206662, 39.792963502057269 ], [ 73.926367074812362, 39.797499267764458 ], [ 73.926033576304476, 39.800283505460321 ], [ 73.925644641224622, 39.801892181374875 ], [ 73.925341046565876, 39.802667124617592 ], [ 73.924751713944502, 39.805189794036458 ], [ 73.923985341593337, 39.807627225301687 ], [ 73.92357918242584, 39.810068418043763 ], [ 73.923535626456584, 39.812291107198419 ], [ 73.923303075835847, 39.815039800009799 ], [ 73.923330895036941, 39.817429664455631 ], [ 73.923422228623593, 39.82027044382118 ], [ 73.923750094792112, 39.821887668575442 ], [ 73.923908765353346, 39.822974533742006 ], [ 73.923805567116119, 39.824532090532436 ], [ 73.923829825859414, 39.827037051141637 ], [ 73.924007966401945, 39.829042491429234 ], [ 73.924258865218619, 39.830992948338917 ], [ 73.924533010085156, 39.831663434973535 ], [ 73.924963761529924, 39.833532084869347 ], [ 73.925409767394953, 39.836430364895762 ], [ 73.925657783580604, 39.838547570213784 ], [ 73.92575538795468, 39.840997450467476 ], [ 73.925881178491082, 39.843976323396944 ], [ 73.925765773711035, 39.8463687111295 ], [ 73.92558273328919, 39.848593533717299 ], [ 73.92540987018846, 39.850206191009647 ], [ 73.925331083185966, 39.850539484485736 ], [ 73.925123871508589, 39.852124007290818 ], [ 73.924653234045508, 39.854290398358579 ], [ 73.923742751939017, 39.856550954103398 ], [ 73.922989728760172, 39.858037451021133 ], [ 73.922019972799575, 39.859742983739338 ], [ 73.919324667556722, 39.866218152535566 ], [ 73.918779798086049, 39.86798366910628 ], [ 73.918771417434357, 39.868280691136874 ] ] } },
{ "type": "Feature", "properties": { "ID": 132, "长度": 0.21482324753555015, "FEATUREID": "OFBA003C1AJ430010020000065", "CHFCAC": "000065", "GZEAB": "", "KCDDEF": 19.984678268432617, "GZEEB": "31", "GZECD": "", "GZECE": 67.0, "GZEHG": "ChA.,D3kz2,EK,J3kz,D3kz1,K1kz,K2Y", "GZAG": "101", "GZEEE": "101", "GZELD": "109", "GZEEC": "106", "GZEKG": "", "GZEHH": "", "PKIGJ": "1∶250000 库尔干幅(J43C001002)建造构造图", "linetype": 18, "aux_linetype": 0, "width": 0.30000001192092896, "x_coef": 3.0, "y_coef": 5.0, "_src_file": "LDZOFBA003.WL", "_src_id": 63 }, "geometry": { "type": "LineString", "coordinates": [ [ 74.531135183823579, 39.861793411066188 ], [ 74.529968999159422, 39.860810881724291 ], [ 74.529535824366917, 39.860422828786618 ], [ 74.528939062380772, 39.85979314715771 ], [ 74.528421591769046, 39.85928918721816 ], [ 74.527584148156009, 39.858846196114811 ], [ 74.525943956171986, 39.857902072397152 ], [ 74.522305081406785, 39.856173033407948 ], [ 74.516623353046654, 39.854339723729517 ], [ 74.512662811249044, 39.85366656599566 ], [ 74.508469886898595, 39.85293114271218 ], [ 74.504473120312099, 39.851856863402467 ], [ 74.501618913184018, 39.85084388865149 ], [ 74.500665366215699, 39.850555414608287 ], [ 74.499725138797871, 39.850240279798783 ], [ 74.498801484845004, 39.849898906523244 ], [ 74.494534101061731, 39.847823803705495 ], [ 74.492953707400758, 39.846903507245102 ], [ 74.491991323473272, 39.84632786807002 ], [ 74.491482084551862, 39.846022069083077 ], [ 74.489761476480567, 39.845064040350337 ], [ 74.488923122253055, 39.844686686373109 ], [ 74.488484245286614, 39.844489373523849 ], [ 74.487203853747985, 39.844106531228626 ], [ 74.481095104046503, 39.842881592250244 ], [ 74.479117524070901, 39.842461451737456 ], [ 74.476395738414141, 39.842233538343059 ], [ 74.47377573021798, 39.84223551927299 ], [ 74.472044184410962, 39.842275132791315 ], [ 74.470211424453794, 39.842621498807773 ], [ 74.468777356958896, 39.843044233467054 ], [ 74.467243153721569, 39.843658710251781 ], [ 74.464323828212414, 39.84515587006068 ], [ 74.461395872408318, 39.846460664852714 ], [ 74.460151654891447, 39.846805772228571 ], [ 74.458807020064143, 39.846959178105848 ], [ 74.457997103135966, 39.846977541292901 ], [ 74.457113926696081, 39.846997559029532 ], [ 74.454971790460732, 39.846920902503953 ], [ 74.452781787422865, 39.846653433669736 ], [ 74.450837735397783, 39.84611867672605 ], [ 74.449393714146112, 39.845660130080972 ], [ 74.448249614790811, 39.845124752885894 ], [ 74.446955442567571, 39.844206475295088 ], [ 74.445911325118814, 39.84328800857255 ], [ 74.444865407716506, 39.842178036466528 ], [ 74.444019011136419, 39.840761523273173 ], [ 74.443274354455156, 39.839495075285775 ], [ 74.441529610805489, 39.837609780507634 ], [ 74.440434765958116, 39.836917523734193 ], [ 74.439189529474632, 39.836186856989137 ], [ 74.437839732524992, 39.835339909112335 ], [ 74.435841374671725, 39.833992422270491 ], [ 74.432743140803623, 39.832144375477398 ], [ 74.42974709662721, 39.83091225301682 ], [ 74.425451514036055, 39.829102443577668 ], [ 74.423455281547291, 39.828139994325049 ], [ 74.421708359696552, 39.827331742879345 ], [ 74.42050978481862, 39.826908502156812 ], [ 74.419563111569474, 39.826754846924281 ], [ 74.41871549712279, 39.826755259526969 ], [ 74.417768665844008, 39.826986900578952 ], [ 74.416323804050336, 39.827488481323982 ], [ 74.414583069976516, 39.828183021150615 ], [ 74.41140522799212, 39.829880239306995 ], [ 74.410214458510836, 39.830497406216189 ], [ 74.408525336746521, 39.830999241365646 ], [ 74.407629636607254, 39.83103825542608 ], [ 74.406685921560012, 39.830923162589428 ], [ 74.405889810808958, 39.830538269572457 ], [ 74.404496304618846, 39.829691304284964 ], [ 74.403451160432525, 39.829036804923987 ], [ 74.402553377951804, 39.828497813626669 ], [ 74.401707613082181, 39.82811291761746 ], [ 74.400715024084832, 39.827882207852269 ], [ 74.399571857136294, 39.827843233224122 ], [ 74.398428883936347, 39.827842128504308 ], [ 74.397037522324339, 39.827879227679134 ], [ 74.394005811739987, 39.828183887506171 ], [ 74.383401774406053, 39.82988507999297 ], [ 74.382784806011983, 39.830059064448662 ], [ 74.381073060432357, 39.830541471099238 ], [ 74.379449260258042, 39.831082336322936 ], [ 74.378046300078026, 39.831649846289608 ], [ 74.377196413114277, 39.832094610374028 ], [ 74.376803860774288, 39.832299514057446 ], [ 74.375911014239065, 39.832758065028585 ], [ 74.375165174022456, 39.833063524875051 ], [ 74.374321012883726, 39.833407152973699 ], [ 74.372633649739043, 39.834132720802373 ], [ 74.372140737101105, 39.834494212653851 ], [ 74.371589634005147, 39.834897639774596 ], [ 74.370845482951992, 39.835663034676166 ], [ 74.370347307817426, 39.83600894621275 ], [ 74.369665366392823, 39.836484356639957 ], [ 74.368685287756961, 39.837551831262608 ], [ 74.367621089904461, 39.838839945401205 ], [ 74.366152233380973, 39.840327563034421 ], [ 74.364913701317633, 39.842174766392084 ], [ 74.363455944778963, 39.844820212147411 ], [ 74.361209532157673, 39.850146730393362 ], [ 74.361333266232762, 39.854135782560789 ], [ 74.36361415096232, 39.858751651446681 ], [ 74.364449423550099, 39.861409678876235 ], [ 74.364987625762581, 39.865171668760624 ], [ 74.364439251623935, 39.871542470753134 ] ] } },
{ "type": "Feature", "properties": { "ID": 135, "长度": 0.096986251284050015, "FEATUREID": "OFBA003C1AJ430010020000066", "CHFCAC": "000066", "GZEAB": "", "KCDDEF": 8.7107782363891602, "GZEEB": "31", "GZECD": "", "GZECE": 0.0, "GZEHG": "D3kz2,J1sh,J1k,D3kz3", "GZAG": "101", "GZEEE": "101", "GZELD": "109", "GZEEC": "106", "GZEKG": "", "GZEHH": "", "PKIGJ": "1∶250000 库尔干幅(J43C001002)建造构造图", "linetype": 18, "aux_linetype": 0, "width": 0.30000001192092896, "x_coef": 3.0, "y_coef": 5.0, "_src_file": "LDZOFBA003.WL", "_src_id": 64 }, "geometry": { "type": "LineString", "coordinates": [ [ 74.971731375363376, 39.852516498382066 ], [ 74.970073688479815, 39.852083196052398 ], [ 74.969319624823953, 39.851904983329987 ], [ 74.968174101822044, 39.851700661811094 ], [ 74.96659930947132, 39.851495355893157 ], [ 74.96479647474429, 39.851338912640749 ], [ 74.962697294960734, 39.851181254729276 ], [ 74.960926087722143, 39.851074967254974 ], [ 74.959089009773962, 39.851169962546045 ], [ 74.958135530762277, 39.85131810728317 ], [ 74.957315224799515, 39.851491847853005 ], [ 74.956035329836809, 39.8519160246775 ], [ 74.954691457672126, 39.852591877907287 ], [ 74.954197879658466, 39.852968160150247 ], [ 74.953541169628565, 39.853419484708404 ], [ 74.952983559102904, 39.853946988825633 ], [ 74.952424565863552, 39.854500202945232 ], [ 74.951767159833267, 39.854977673500755 ], [ 74.95110796586556, 39.855304001694222 ], [ 74.950155128078833, 39.855705377056637 ], [ 74.949465379440142, 39.855830119401006 ], [ 74.948711069270757, 39.855879171526659 ], [ 74.947923786941573, 39.855877723809762 ], [ 74.94683904227287, 39.855774963809331 ], [ 74.945821236904621, 39.855546379923844 ], [ 74.945143259036882, 39.855371986172685 ], [ 74.944541864983222, 39.855216543996931 ], [ 74.94125899319171, 39.854328769781851 ], [ 74.936005368750813, 39.85300888709196 ], [ 74.932007235050719, 39.85190812170719 ], [ 74.930753215501852, 39.85156282962771 ], [ 74.927440825654344, 39.850968346490134 ], [ 74.924773072896443, 39.850489985200269 ], [ 74.922769591743588, 39.850258028619422 ], [ 74.920765860701252, 39.850063802803028 ], [ 74.918365361227174, 39.849742585872384 ], [ 74.914133223546074, 39.848846073451433 ], [ 74.911149857976554, 39.848078767616087 ], [ 74.910329942991964, 39.847798642667513 ], [ 74.90937782936129, 39.847442531601025 ], [ 74.908491319180669, 39.847111839676252 ], [ 74.907671365455471, 39.846731179045328 ], [ 74.906755008898017, 39.846274677217231 ], [ 74.905707304410456, 39.845718889733448 ], [ 74.902641903367709, 39.843551236637516 ], [ 74.899573572776276, 39.840771070520091 ], [ 74.897435333972496, 39.8383345709602 ], [ 74.896254314638014, 39.83698644221974 ], [ 74.894040451600532, 39.834793850686395 ], [ 74.892508926261456, 39.833532549019466 ], [ 74.891399066117202, 39.832891988935799 ], [ 74.889771744542998, 39.832046050852014 ], [ 74.888499579588114, 39.831583747281904 ], [ 74.886903350177548, 39.831095153947714 ], [ 74.885534218039453, 39.830734678137993 ], [ 74.884391297375288, 39.830425763219395 ], [ 74.883013112567326, 39.830174428824265 ] ] } },
{ "type": "Feature", "properties": { "ID": 137, "长度": 0.04041595692666923, "FEATUREID": "OFBA003C1AJ430010020000067", "CHFCAC": "000067", "GZEAB": "", "KCDDEF": 3.582542896270752, "GZEEB": "31", "GZECD": "", "GZECE": 0.0, "GZEHG": "J1sh,K1kz,J1k", "GZAG": "101", "GZEEE": "101", "GZELD": "109", "GZEEC": "106", "GZEKG": "", "GZEHH": "", "PKIGJ": "1∶250000 库尔干幅(J43C001002)建造构造图", "linetype": 18, "aux_linetype": 0, "width": 0.30000001192092896, "x_coef": 3.0, "y_coef": 5.0, "_src_file": "LDZOFBA003.WL", "_src_id": 65 }, "geometry": { "type": "LineString", "coordinates": [ [ 74.701719078136549, 39.84149532852863 ], [ 74.69540325125439, 39.84443235097833 ], [ 74.694056712815495, 39.845038312836415 ], [ 74.692895765134722, 39.845394196634992 ], [ 74.690110083457824, 39.846105213667158 ], [ 74.685419039882134, 39.84695285026735 ], [ 74.682586916440442, 39.847518189908676 ], [ 74.682027596474256, 39.847624112800041 ], [ 74.681379189013199, 39.847801408628094 ], [ 74.680728650295308, 39.848014516061951 ], [ 74.680031694849546, 39.848227494070528 ], [ 74.679195236173896, 39.848511713420905 ], [ 74.678451596801253, 39.848796186283046 ], [ 74.677661405593582, 39.849116338379062 ], [ 74.676871074194864, 39.849472302538636 ], [ 74.675985646286222, 39.849899634763879 ], [ 74.675196899000184, 39.850363035353695 ], [ 74.674219217751713, 39.850897541945557 ], [ 74.67310341753425, 39.85139583270314 ], [ 74.671757593072641, 39.851855768053539 ], [ 74.670550481739539, 39.852244016590426 ], [ 74.666557961927907, 39.853442726567273 ], [ 74.663909033642966, 39.85405077084566 ], [ 74.663553218852556, 39.854132502095922 ] ] } },
{ "type": "Feature", "properties": { "ID": 146, "长度": 0.016978883536478952, "FEATUREID": "OFBA003C1AJ430010020000068", "CHFCAC": "000068", "GZEAB": "", "KCDDEF": 1.5715866088867188, "GZEEB": "31", "GZECD": "", "GZECE": 0.0, "GZEHG": "J1k,K1kz", "GZAG": "101", "GZEEE": "101", "GZELD": "109", "GZEEC": "106", "GZEKG": "", "GZEHH": "", "PKIGJ": "1∶250000 库尔干幅(J43C001002)建造构造图", "linetype": 18, "aux_linetype": 0, "width": 0.30000001192092896, "x_coef": 3.0, "y_coef": 5.0, "_src_file": "LDZOFBA003.WL", "_src_id": 66 }, "geometry": { "type": "LineString", "coordinates": [ [ 74.721312025972551, 39.830760108803872 ], [ 74.714929112977202, 39.834374380576435 ], [ 74.707985657367828, 39.838466277895378 ], [ 74.706591238170134, 39.839218231039453 ] ] } },
{ "type": "Feature", "properties": { "ID": 151, "长度": 0.0048584649717157945, "FEATUREID": "OFBA003C1AJ430010020000069", "CHFCAC": "000069", "GZEAB": "", "KCDDEF": 0.47151044011116028, "GZEEB": "28", "GZECD": "", "GZECE": 0.0, "GZEHG": "C1y,J1sh", "GZAG": "101", "GZEEE": "102", "GZELD": "109", "GZEEC": "106", "GZEKG": "", "GZEHH": "", "PKIGJ": "1∶250000 库尔干幅(J43C001002)建造构造图", "linetype": 1, "aux_linetype": 0, "width": 0.5, "x_coef": 10.0, "y_coef": 10.0, "_src_file": "LDZOFBA003.WL", "_src_id": 67 }, "geometry": { "type": "LineString", "coordinates": [ [ 74.987821621077813, 39.835929764167645 ], [ 74.990362500640074, 39.833814766266109 ], [ 74.991527337742951, 39.832788380954462 ] ] } },
{ "type": "Feature", "properties": { "ID": 152, "长度": 0.095018411125989174, "FEATUREID": "OFBA003C1AJ430010020000070", "CHFCAC": "000070", "GZEAB": "", "KCDDEF": 8.3363161087036133, "GZEEB": "05", "GZECD": "", "GZECE": 64.0, "GZEHG": "N1k,Qp1X,N1a", "GZAG": "101", "GZEEE": "101", "GZELD": "101", "GZEEC": "106", "GZEKG": "", "GZEHH": "", "PKIGJ": "1∶250000 库尔干幅(J43C001002)建造构造图", "linetype": 1, "aux_linetype": 0, "width": 0.30000001192092896, "x_coef": 5.0, "y_coef": 5.0, "_src_file": "LDZOFBA003.WL", "_src_id": 68 }, "geometry": { "type": "LineString", "coordinates": [ [ 74.436237070154547, 39.818830322932548 ], [ 74.437445731873964, 39.820203111082989 ], [ 74.439059543927442, 39.821660319189434 ], [ 74.444421838441613, 39.825189046247111 ], [ 74.448291328839545, 39.8273137905894 ], [ 74.452625124555894, 39.829294275359572 ], [ 74.458399499241239, 39.831058247964442 ], [ 74.464029224652379, 39.832172982282842 ], [ 74.468983910660441, 39.83260171984093 ], [ 74.471531228105619, 39.832635871157052 ], [ 74.483669920270955, 39.832746237137144 ], [ 74.488429546144431, 39.832638431386897 ], [ 74.491197920106544, 39.832456856326822 ], [ 74.494791642469423, 39.831988856368604 ], [ 74.496719220330178, 39.831559179537663 ], [ 74.497919350186748, 39.831345171812401 ], [ 74.499055875423238, 39.831362576324111 ], [ 74.500194501983557, 39.83137535218772 ], [ 74.501329226751196, 39.831383494883369 ], [ 74.501917645854292, 39.831384338787721 ], [ 74.503765687676193, 39.83138697807356 ], [ 74.50469574210851, 39.831403146846121 ], [ 74.507241272142025, 39.831741547678106 ], [ 74.508948564532858, 39.832069555371071 ], [ 74.512989040172656, 39.832944248720338 ], [ 74.513925740922446, 39.833053315869137 ], [ 74.515003641100989, 39.833229431896086 ], [ 74.515523647807527, 39.833281807618945 ], [ 74.516173339986651, 39.833410507208058 ], [ 74.518317637496679, 39.833696592805623 ], [ 74.519835352693889, 39.833906928943456 ], [ 74.521357601511099, 39.834066555736641 ], [ 74.522843044440791, 39.834203320330218 ], [ 74.525013643586789, 39.834262055163144 ], [ 74.526310086598897, 39.83424308206358 ], [ 74.52731311443172, 39.83422266663041 ] ] } },
{ "type": "Feature", "properties": { "ID": 158, "长度": 0.01131859354278501, "FEATUREID": "OFBA003C1AJ430010020000071", "CHFCAC": "000071", "GZEAB": "", "KCDDEF": 1.1296923160552979, "GZEEB": "28", "GZECD": "", "GZECE": 0.0, "GZEHG": "T3t,J1sh,C1y", "GZAG": "101", "GZEEE": "102", "GZELD": "109", "GZEEC": "106", "GZEKG": "", "GZEHH": "", "PKIGJ": "1∶250000 库尔干幅(J43C001002)建造构造图", "linetype": 1, "aux_linetype": 0, "width": 0.5, "x_coef": 10.0, "y_coef": 10.0, "_src_file": "LDZOFBA003.WL", "_src_id": 69 }, "geometry": { "type": "LineString", "coordinates": [ [ 74.992233046176622, 39.831907672680465 ], [ 74.993777986950917, 39.830096782871323 ], [ 74.995775630073069, 39.827926120200701 ], [ 74.996949746124173, 39.826622867791919 ], [ 74.998099165064559, 39.825346969327846 ], [ 74.999192531550193, 39.824315648582434 ], [ 75.000000999994413, 39.823703962590002 ] ] } },
{ "type": "Feature", "properties": { "ID": 159, "长度": 0.023345141102259236, "FEATUREID": "OFBA003C1AJ430010020000072", "CHFCAC": "000072", "GZEAB": "", "KCDDEF": 2.5250349044799805, "GZEEB": "05", "GZECD": "", "GZECE": 0.0, "GZEHG": "D1s,D2t", "GZAG": "101", "GZEEE": "101", "GZELD": "101", "GZEEC": "106", "GZEKG": "", "GZEHH": "", "PKIGJ": "1∶250000 库尔干幅(J43C001002)建造构造图", "linetype": 1, "aux_linetype": 0, "width": 0.30000001192092896, "x_coef": 5.0, "y_coef": 5.0, "_src_file": "LDZOFBA003.WL", "_src_id": 70 }, "geometry": { "type": "LineString", "coordinates": [ [ 74.011433665549717, 39.804125088070464 ], [ 74.014615711827972, 39.813335186259685 ], [ 74.017288819387886, 39.819658786100142 ], [ 74.019706177847013, 39.82594550827519 ] ] } },
{ "type": "Feature", "properties": { "ID": 160, "长度": 0.027001007435102743, "FEATUREID": "OFBA003C1AJ430010020000073", "CHFCAC": "000073", "GZEAB": "", "KCDDEF": 2.3609917163848877, "GZEEB": "31", "GZECD": "", "GZECE": 0.0, "GZEHG": "D3kz2,J1k", "GZAG": "101", "GZEEE": "101", "GZELD": "109", "GZEEC": "106", "GZEKG": "", "GZEHH": "", "PKIGJ": "1∶250000 库尔干幅(J43C001002)建造构造图", "linetype": 18, "aux_linetype": 0, "width": 0.30000001192092896, "x_coef": 3.0, "y_coef": 5.0, "_src_file": "LDZOFBA003.WL", "_src_id": 71 }, "geometry": { "type": "LineString", "coordinates": [ [ 74.878824403896857, 39.829993287560896 ], [ 74.874972781947989, 39.828973386511571 ], [ 74.872821574405535, 39.828593816955809 ], [ 74.864799127408091, 39.827151463038241 ], [ 74.861360201959627, 39.826277709392173 ], [ 74.857427384702717, 39.824993700795829 ], [ 74.853969522560803, 39.823862419995571 ], [ 74.852701155131427, 39.82337833886556 ] ] } },
{ "type": "Feature", "properties": { "ID": 161, "长度": 0.014434761937252088, "FEATUREID": "OFBA003C1AJ430010020000074", "CHFCAC": "000074", "GZEAB": "", "KCDDEF": 1.2433838844299316, "GZEEB": "31", "GZECD": "", "GZECE": 0.0, "GZEHG": "ChA.,J1sh,J1k", "GZAG": "101", "GZEEE": "101", "GZELD": "109", "GZEEC": "106", "GZEKG": "", "GZEHH": "", "PKIGJ": "1∶250000 库尔干幅(J43C001002)建造构造图", "linetype": 18, "aux_linetype": 0, "width": 0.30000001192092896, "x_coef": 3.0, "y_coef": 5.0, "_src_file": "LDZOFBA003.WL", "_src_id": 72 }, "geometry": { "type": "LineString", "coordinates": [ [ 74.755449531927894, 39.825371975725567 ], [ 74.752663760454496, 39.825727907724755 ], [ 74.749159008063259, 39.826255256502542 ], [ 74.747423103113007, 39.826516484830307 ], [ 74.746127889288601, 39.826692790242284 ], [ 74.742453406455269, 39.827192879727995 ], [ 74.741144486887634, 39.827269731352324 ] ] } },
{ "type": "Feature", "properties": { "ID": 162, "长度": 0.021872435686570161, "FEATUREID": "OFBA003C1AJ430010020000075", "CHFCAC": "000075", "GZEAB": "", "KCDDEF": 1.9190077781677246, "GZEEB": "01", "GZECD": "", "GZECE": 0.0, "GZEHG": "ChA.,D3kz2", "GZAG": "101", "GZEEE": "101", "GZELD": "109", "GZEEC": "106", "GZEKG": "", "GZEHH": "", "PKIGJ": "1∶250000 库尔干幅(J43C001002)建造构造图", "linetype": 1, "aux_linetype": 0, "width": 0.30000001192092896, "x_coef": 5.0, "y_coef": 5.0, "_src_file": "LDZOFBA003.WL", "_src_id": 73 }, "geometry": { "type": "LineString", "coordinates": [ [ 74.818401335508312, 39.826886188150269 ], [ 74.825645669845542, 39.824342544533835 ], [ 74.830623296401754, 39.82295528822312 ], [ 74.836731181663282, 39.821569416096317 ], [ 74.839446696652971, 39.821053716035003 ] ] } },
{ "type": "Feature", "properties": { "ID": 166, "长度": 0.049538529763736502, "FEATUREID": "OFBA003C1AJ430010020000076", "CHFCAC": "000076", "GZEAB": "", "KCDDEF": 4.2942533493041992, "GZEEB": "31", "GZECD": "", "GZECE": 0.0, "GZEHG": "ChA.,J1k", "GZAG": "101", "GZEEE": "101", "GZELD": "109", "GZEEC": "106", "GZEKG": "", "GZEHH": "", "PKIGJ": "1∶250000 库尔干幅(J43C001002)建造构造图", "linetype": 18, "aux_linetype": 0, "width": 0.30000001192092896, "x_coef": 3.0, "y_coef": 5.0, "_src_file": "LDZOFBA003.WL", "_src_id": 74 }, "geometry": { "type": "LineString", "coordinates": [ [ 74.808121024057186, 39.817616510149335 ], [ 74.80701250051932, 39.8174396473961 ], [ 74.804930710260606, 39.817137176676951 ], [ 74.799776683795145, 39.816937262972822 ], [ 74.793117293954197, 39.816898678504934 ], [ 74.789753402937833, 39.81692771515236 ], [ 74.788133448736943, 39.817043145306329 ], [ 74.785149182288691, 39.817348137491223 ], [ 74.783212492117968, 39.817657054755351 ], [ 74.780674277526728, 39.818327708725569 ], [ 74.778897373671597, 39.818733742722152 ], [ 74.774839574244524, 39.819421992515252 ], [ 74.769035973580955, 39.820710675291906 ], [ 74.765645887514864, 39.821548027023773 ], [ 74.761733577320626, 39.822990130499633 ], [ 74.759995130350362, 39.823595364651496 ], [ 74.75951961000024, 39.823839979379983 ] ] } },
{ "type": "Feature", "properties": { "ID": 167, "长度": 0.017962942593981207, "FEATUREID": "OFBA003C1AJ430010020000077", "CHFCAC": "000077", "GZEAB": "", "KCDDEF": 1.5682801008224487, "GZEEB": "01", "GZECD": "", "GZECE": 0.0, "GZEHG": "J1k,K1kz", "GZAG": "101", "GZEEE": "101", "GZELD": "109", "GZEEC": "106", "GZEKG": "", "GZEHH": "", "PKIGJ": "1∶250000 库尔干幅(J43C001002)建造构造图", "linetype": 1, "aux_linetype": 0, "width": 0.30000001192092896, "x_coef": 2.0, "y_coef": 3.0, "_src_file": "LDZOFBA003.WL", "_src_id": 75 }, "geometry": { "type": "LineString", "coordinates": [ [ 74.776509534043825, 39.81780907363251 ], [ 74.774381176031966, 39.818309535589343 ], [ 74.772019652560871, 39.818694730864607 ], [ 74.768885871990406, 39.819372963852054 ], [ 74.764391610411835, 39.820409372595108 ], [ 74.759949992722667, 39.821773365570387 ], [ 74.759079132612854, 39.822066645141796 ] ] } },
{ "type": "Feature", "properties": { "ID": 168, "长度": 0.030647297125436707, "FEATUREID": "OFBA003C1AJ430010020000078", "CHFCAC": "000078", "GZEAB": "", "KCDDEF": 2.6401700973510742, "GZEEB": "31", "GZECD": "", "GZECE": 0.0, "GZEHG": "ChA.,D3kz2,J1k", "GZAG": "101", "GZEEE": "101", "GZELD": "109", "GZEEC": "106", "GZEKG": "", "GZEHH": "", "PKIGJ": "1∶250000 库尔干幅(J43C001002)建造构造图", "linetype": 18, "aux_linetype": 0, "width": 0.30000001192092896, "x_coef": 3.0, "y_coef": 5.0, "_src_file": "LDZOFBA003.WL", "_src_id": 76 }, "geometry": { "type": "LineString", "coordinates": [ [ 74.845139265910746, 39.822152594406433 ], [ 74.842684128984644, 39.821655469886501 ], [ 74.840625761391394, 39.821212814875089 ], [ 74.839446696652971, 39.821053716035003 ], [ 74.836209132169643, 39.820617055050469 ], [ 74.827269724300251, 39.819433579658494 ], [ 74.818329057437538, 39.818438065084464 ], [ 74.815483050709119, 39.818203282608351 ], [ 74.814773248228676, 39.818157473546563 ] ] } },
{ "type": "Feature", "properties": { "ID": 170, "长度": 0.029264647977465176, "FEATUREID": "OFBA003C1AJ430010020000079", "CHFCAC": "000079", "GZEAB": "", "KCDDEF": 2.5185911655426025, "GZEEB": "01", "GZECD": "", "GZECE": 0.0, "GZEHG": "J1k,K1kz", "GZAG": "101", "GZEEE": "101", "GZELD": "109", "GZEEC": "106", "GZEKG": "", "GZEHH": "", "PKIGJ": "1∶250000 库尔干幅(J43C001002)建造构造图", "linetype": 1, "aux_linetype": 0, "width": 0.30000001192092896, "x_coef": 2.0, "y_coef": 3.0, "_src_file": "LDZOFBA003.WL", "_src_id": 77 }, "geometry": { "type": "LineString", "coordinates": [ [ 74.807205584893438, 39.81518308589412 ], [ 74.804080532065399, 39.814993453668059 ], [ 74.802299363937266, 39.814918930221069 ], [ 74.800610853255279, 39.814843343043165 ], [ 74.798746850283422, 39.814799648315521 ], [ 74.796882729461274, 39.8147888708138 ], [ 74.794887557144079, 39.814777304422151 ], [ 74.793065052678102, 39.814964387299078 ], [ 74.791113239429251, 39.815216570422663 ], [ 74.786371188308877, 39.815920544102887 ], [ 74.782801631568063, 39.816368204882643 ], [ 74.779449679199885, 39.816947673073777 ], [ 74.77816393758313, 39.817338115903674 ] ] } },
{ "type": "Feature", "properties": { "ID": 171, "长度": 0.29090440168910064, "FEATUREID": "OFBA003C1AJ430010020000080", "CHFCAC": "000080", "GZEAB": "", "KCDDEF": 26.459268569946289, "GZEEB": "05", "GZECD": "", "GZECE": 0.0, "GZEHG": "N2a,N1p", "GZAG": "101", "GZEEE": "101", "GZELD": "101", "GZEEC": "106", "GZEKG": "", "GZEHH": "", "PKIGJ": "1∶250000 库尔干幅(J43C001002)建造构造图", "linetype": 1, "aux_linetype": 0, "width": 0.30000001192092896, "x_coef": 5.0, "y_coef": 5.0, "_src_file": "LDZOFBA003.WL", "_src_id": 78 }, "geometry": { "type": "LineString", "coordinates": [ [ 74.097197123884555, 39.692208984335558 ], [ 74.100760401165417, 39.694092406299362 ], [ 74.105071860470105, 39.696020859732684 ], [ 74.106416823936243, 39.69667986315234 ], [ 74.108509651106417, 39.697607399270751 ], [ 74.110729604339127, 39.698608106944441 ], [ 74.114451331388992, 39.700194887473067 ], [ 74.12246527828286, 39.703639559648664 ], [ 74.128061878966733, 39.706448009468176 ], [ 74.136744738616898, 39.710452283870133 ], [ 74.140626806193879, 39.71191572714072 ], [ 74.14497377027098, 39.713613921335551 ], [ 74.147023262881518, 39.714535006910218 ], [ 74.148173295340484, 39.715189499598608 ], [ 74.149543348721494, 39.716086424691319 ], [ 74.150476025469587, 39.716668192907008 ], [ 74.152089695907847, 39.717395293552613 ], [ 74.159147269715717, 39.721152004094357 ], [ 74.163067389074712, 39.723212800535748 ], [ 74.165269721770045, 39.724473651478434 ], [ 74.169300384159669, 39.726655776057207 ], [ 74.173141832056572, 39.72932276085028 ], [ 74.177170673462911, 39.732149942954315 ], [ 74.178617555804976, 39.733274767293643 ], [ 74.180724151184577, 39.73442387636355 ], [ 74.184925991190113, 39.736576320794057 ], [ 74.189210824952369, 39.738657026701397 ], [ 74.190836808841766, 39.739611535042371 ], [ 74.19199165709594, 39.740223426303643 ], [ 74.192617106937206, 39.740614992072381 ], [ 74.193400737096383, 39.741006604096782 ], [ 74.194023818901897, 39.741202484751 ], [ 74.194744701990956, 39.74144731122766 ], [ 74.195995029647705, 39.74191243227822 ], [ 74.19693106712937, 39.742401910027468 ], [ 74.198465185639819, 39.74367426161907 ], [ 74.199185560321595, 39.744139197739941 ], [ 74.200465605649768, 39.74479995947847 ], [ 74.201593084873792, 39.745264988821766 ], [ 74.204500645038138, 39.746635228984999 ], [ 74.205717782533483, 39.747197884796513 ], [ 74.206846409064624, 39.747809713925825 ], [ 74.211081815907534, 39.750644192690679 ], [ 74.214787300641319, 39.753036529960617 ], [ 74.217203253063218, 39.754232895321294 ], [ 74.221219516167523, 39.756210461051474 ], [ 74.223322001633861, 39.757040663372045 ], [ 74.225327385732044, 39.75782200710691 ], [ 74.227491439151507, 39.758383820350836 ], [ 74.231783561411078, 39.758968640918766 ], [ 74.233101974520565, 39.759162902597275 ], [ 74.234073196812247, 39.759211023808113 ], [ 74.23510595769919, 39.75923469849625 ], [ 74.236422735554441, 39.759282557449232 ], [ 74.238365391648031, 39.759647067970512 ], [ 74.240531091081181, 39.760401687453829 ], [ 74.242193104609697, 39.761034676745361 ], [ 74.243887251210808, 39.761618832927489 ], [ 74.251165054492859, 39.763881004778469 ], [ 74.25578159784655, 39.765340982664746 ], [ 74.260365855413028, 39.767021138373309 ], [ 74.268341329500316, 39.770278399056636 ], [ 74.280491065925773, 39.775683448671735 ], [ 74.290097474631651, 39.78008347636689 ], [ 74.298514250078398, 39.784369529615745 ], [ 74.3019845512854, 39.786527474608164 ], [ 74.303011077286115, 39.787158418042956 ], [ 74.30890413908196, 39.790822521536349 ], [ 74.312738519321499, 39.793345853617453 ], [ 74.318028465632267, 39.796598333234805 ], [ 74.318971513478587, 39.797179330591575 ], [ 74.320905719124738, 39.797810538312149 ], [ 74.323151070893189, 39.798490435438602 ], [ 74.325845920482848, 39.79914671222167 ], [ 74.330108933597117, 39.800361446109982 ], [ 74.333367410801486, 39.801405764870935 ], [ 74.336314324020506, 39.802207396981039 ], [ 74.338255585370689, 39.802838737198435 ], [ 74.339417566333879, 39.803372680023408 ], [ 74.34116908115783, 39.804247953134094 ], [ 74.341889353334324, 39.804686537739869 ], [ 74.342327213896354, 39.80495315275315 ], [ 74.343236945485003, 39.805512436695267 ], [ 74.344393152914293, 39.806193319492692 ], [ 74.345833983347504, 39.807141595580269 ], [ 74.347741270991932, 39.80840371313861 ], [ 74.349023402886885, 39.809058709307926 ], [ 74.350243035177087, 39.809665146717435 ], [ 74.351367842751131, 39.810247351442015 ], [ 74.352869886636483, 39.811072206347376 ], [ 74.354121735925389, 39.811800066236238 ], [ 74.355341376493058, 39.812479344239584 ], [ 74.357029168770097, 39.813401172135968 ], [ 74.357655688573118, 39.813716486469964 ], [ 74.358062293368576, 39.81391050415651 ], [ 74.358499193277183, 39.814104493057364 ], [ 74.359189068152261, 39.81442669697401 ] ] } },
{ "type": "Feature", "properties": { "ID": 172, "长度": 0.023155387424111207, "FEATUREID": "OFBA003C1AJ430010020000081", "CHFCAC": "000081", "GZEAB": "", "KCDDEF": 1.9859575033187866, "GZEEB": "01", "GZECD": "", "GZECE": 0.0, "GZEHG": "J2y,K1kz", "GZAG": "101", "GZEEE": "101", "GZELD": "109", "GZEEC": "106", "GZEKG": "", "GZEHH": "", "PKIGJ": "1∶250000 库尔干幅(J43C001002)建造构造图", "linetype": 1, "aux_linetype": 0, "width": 0.30000001192092896, "x_coef": 2.0, "y_coef": 3.0, "_src_file": "LDZOFBA003.WL", "_src_id": 79 }, "geometry": { "type": "LineString", "coordinates": [ [ 74.871173928165163, 39.813831923690934 ], [ 74.868355475241756, 39.814141444216219 ], [ 74.864886664936151, 39.814381438259872 ], [ 74.860771282697016, 39.814712942654282 ], [ 74.859355959960652, 39.814802426039641 ], [ 74.857531703343298, 39.814890331134933 ], [ 74.855258993322309, 39.815007973473804 ], [ 74.853798151074628, 39.815034721313609 ], [ 74.852701739198054, 39.815000363750478 ], [ 74.851282847186411, 39.814933932187877 ], [ 74.848887648364197, 39.814740185255793 ], [ 74.848077435216638, 39.814680691974111 ] ] } },
{ "type": "Feature", "properties": { "ID": 173, "长度": 0.034024680103768593, "FEATUREID": "OFBA003C1AJ430010020000082", "CHFCAC": "000082", "GZEAB": "", "KCDDEF": 2.9261360168457031, "GZEEB": "01", "GZECD": "", "GZECE": 0.0, "GZEHG": "J2y,K1kz", "GZAG": "101", "GZEEE": "101", "GZELD": "109", "GZEEC": "106", "GZEKG": "", "GZEHH": "", "PKIGJ": "1∶250000 库尔干幅(J43C001002)建造构造图", "linetype": 1, "aux_linetype": 0, "width": 0.30000001192092896, "x_coef": 2.0, "y_coef": 3.0, "_src_file": "LDZOFBA003.WL", "_src_id": 80 }, "geometry": { "type": "LineString", "coordinates": [ [ 74.844217127099583, 39.814501147533754 ], [ 74.8399053004118, 39.814485095047964 ], [ 74.835097266096085, 39.814314485656688 ], [ 74.831779037132847, 39.814150356322443 ], [ 74.827453571453177, 39.813828044084076 ], [ 74.823381307619655, 39.813195458768703 ], [ 74.817353779247185, 39.812287977537906 ], [ 74.812007876519289, 39.8114569084089 ], [ 74.810413359404691, 39.811198368266865 ] ] } },
{ "type": "Feature", "properties": { "ID": 174, "长度": 0.13744679342272512, "FEATUREID": "OFBA003C1AJ430010020000083", "CHFCAC": "000083", "GZEAB": "", "KCDDEF": 12.529833793640137, "GZEEB": "05", "GZECD": "", "GZECE": 55.0, "GZEHG": "J2y,K1kz", "GZAG": "101", "GZEEE": "101", "GZELD": "101", "GZEEC": "106", "GZEKG": "", "GZEHH": "", "PKIGJ": "1∶250000 库尔干幅(J43C001002)建造构造图", "linetype": 1, "aux_linetype": 0, "width": 0.30000001192092896, "x_coef": 5.0, "y_coef": 5.0, "_src_file": "LDZOFBA003.WL", "_src_id": 81 }, "geometry": { "type": "LineString", "coordinates": [ [ 74.877424830452597, 39.813126605717592 ], [ 74.878711938478887, 39.812921411272981 ], [ 74.8829087647253, 39.812355722787061 ], [ 74.887546827662618, 39.811751162599947 ], [ 74.889110993066197, 39.811549687707831 ], [ 74.892613859385165, 39.811147741966067 ], [ 74.894825273875924, 39.810823897079189 ], [ 74.896443655878514, 39.810580852308789 ], [ 74.897522162491512, 39.810335988637007 ], [ 74.898600658551686, 39.810091114918379 ], [ 74.89946185780714, 39.809762695678479 ], [ 74.900327045938312, 39.809434269985857 ], [ 74.901136468331757, 39.809064250319359 ], [ 74.90205390415592, 39.808611757347414 ], [ 74.902915438855757, 39.808159081406004 ], [ 74.903725832430638, 39.807789043553839 ], [ 74.904643480134666, 39.807253710102344 ], [ 74.907129937862621, 39.805853157796093 ], [ 74.908823684046808, 39.80443849196898 ], [ 74.911551335121061, 39.802768745875063 ], [ 74.913081414243905, 39.801389474066752 ], [ 74.915543316051441, 39.798503768111352 ], [ 74.919363730942337, 39.794907024109563 ], [ 74.919853231684954, 39.794488513368194 ], [ 74.92045205931754, 39.794112121039099 ], [ 74.921429939462101, 39.793610569937144 ], [ 74.923744859700989, 39.792427108568496 ], [ 74.926913421525768, 39.791187555768815 ], [ 74.930601469245588, 39.789684058584122 ], [ 74.931627494544614, 39.789350397845915 ], [ 74.93281661776831, 39.789185791084648 ], [ 74.933898153233116, 39.789189634193171 ], [ 74.93530189800731, 39.789361965663261 ], [ 74.936219394756122, 39.789741744733526 ], [ 74.937295515164337, 39.790205761746542 ], [ 74.938535257682176, 39.790754012178404 ], [ 74.939614787607141, 39.791301683185289 ], [ 74.94289709287446, 39.793279513480194 ], [ 74.946832871159188, 39.79521764688598 ], [ 74.947855673651134, 39.795597705238961 ], [ 74.949043646535841, 39.795852802237235 ], [ 74.949801884028389, 39.795980898311946 ], [ 74.95072097648486, 39.796025869230121 ], [ 74.951803224487563, 39.795945872201266 ], [ 74.952561887242368, 39.795739256926829 ], [ 74.953266922163323, 39.795490472084609 ], [ 74.957302623705772, 39.793062781345753 ], [ 74.958282705870985, 39.792685953482724 ], [ 74.959315077565378, 39.792309100335956 ], [ 74.960567628914148, 39.791932167839754 ], [ 74.961765271940578, 39.791638915675037 ], [ 74.962798718287203, 39.791387546111622 ], [ 74.963667854874942, 39.791052546542595 ], [ 74.964758764460811, 39.790633786727412 ], [ 74.966938310309985, 39.789545211282011 ], [ 74.968836926665404, 39.788224684301134 ], [ 74.977021329505263, 39.783250865287592 ], [ 74.979485040779679, 39.781756085199113 ], [ 74.982971436134974, 39.778931742372414 ], [ 74.986289525189378, 39.776938543536332 ], [ 74.988485833102132, 39.775775948775426 ], [ 74.99581114882632, 39.772496142046464 ], [ 74.999657953460172, 39.770836150909737 ], [ 75.000000999994413, 39.770641059277629 ] ] } },
{ "type": "Feature", "properties": { "ID": 175, "长度": 0.081011557685980423, "FEATUREID": "OFBA003C1AJ430010020000084", "CHFCAC": "000084", "GZEAB": "", "KCDDEF": 7.2912554740905762, "GZEEB": "05", "GZECD": "", "GZECE": 63.0, "GZEHG": "N1p,N1k,N2a", "GZAG": "101", "GZEEE": "101", "GZELD": "101", "GZEEC": "106", "GZEKG": "", "GZEHH": "", "PKIGJ": "1∶250000 库尔干幅(J43C001002)建造构造图", "linetype": 1, "aux_linetype": 0, "width": 0.30000001192092896, "x_coef": 5.0, "y_coef": 5.0, "_src_file": "LDZOFBA003.WL", "_src_id": 82 }, "geometry": { "type": "LineString", "coordinates": [ [ 74.550711451369565, 39.812235886447475 ], [ 74.554295963629585, 39.811168296526482 ], [ 74.562093797998543, 39.80908385140966 ], [ 74.568609886160743, 39.807653944050493 ], [ 74.575424749314465, 39.805995501541318 ], [ 74.577695819648426, 39.805461740330635 ], [ 74.580232986424789, 39.804785357265061 ], [ 74.584987998531162, 39.803151781303129 ], [ 74.58926004457571, 39.801804124006864 ], [ 74.591058844447161, 39.801113839030975 ], [ 74.59188306328187, 39.800700347304463 ], [ 74.595595692495394, 39.798775736169738 ], [ 74.598260724642259, 39.797419135353778 ], [ 74.599498910109688, 39.79672573179527 ], [ 74.604564666392022, 39.793515889100263 ], [ 74.60700242854233, 39.791838280401535 ], [ 74.608425898785981, 39.790942305076925 ], [ 74.609364592769751, 39.790276855525654 ], [ 74.610789356824924, 39.789060030450607 ], [ 74.613489458532385, 39.78717961999989 ], [ 74.616595834547567, 39.785263279116748 ], [ 74.618692207745056, 39.784095257033535 ], [ 74.620106073711327, 39.783340886476971 ], [ 74.622918681247342, 39.782730832466861 ], [ 74.6250139152815, 39.782374087894638 ] ] } },
{ "type": "Feature", "properties": { "ID": 176, "长度": 0.064905600540918471, "FEATUREID": "OFBA003C1AJ430010020000085", "CHFCAC": "000085", "GZEAB": "", "KCDDEF": 6.7560582160949707, "GZEEB": "31", "GZECD": "", "GZECE": 0.0, "GZEHG": "S3-4t,N2a,N1p,K1kz", "GZAG": "101", "GZEEE": "101", "GZELD": "109", "GZEEC": "106", "GZEKG": "", "GZEHH": "", "PKIGJ": "1∶250000 库尔干幅(J43C001002)建造构造图", "linetype": 18, "aux_linetype": 0, "width": 0.30000001192092896, "x_coef": 3.0, "y_coef": 5.0, "_src_file": "LDZOFBA003.WL", "_src_id": 83 }, "geometry": { "type": "LineString", "coordinates": [ [ 74.109226767215247, 39.808162936869543 ], [ 74.10785513023626, 39.806766696163194 ], [ 74.103632987176397, 39.803308993555532 ], [ 74.098672626766145, 39.799413990734742 ], [ 74.09792750116155, 39.798829628251866 ], [ 74.092733596010135, 39.794006126575731 ], [ 74.088579406456944, 39.789986699910237 ], [ 74.085459916850013, 39.78651938770394 ], [ 74.084850129536292, 39.78583595678446 ], [ 74.083541117403129, 39.782631916385917 ], [ 74.082836760759648, 39.780244294645051 ], [ 74.082556782947549, 39.77692856301983 ], [ 74.08183302338243, 39.771555785954526 ], [ 74.081185634660329, 39.762434888675351 ], [ 74.080744088403478, 39.757676205797793 ], [ 74.08051165042113, 39.754518382080313 ] ] } },
{ "type": "Feature", "properties": { "ID": 179, "长度": 0.013069104578846438, "FEATUREID": "OFBA003C1AJ430010020000086", "CHFCAC": "000086", "GZEAB": "", "KCDDEF": 1.4457833766937256, "GZEEB": "01", "GZECD": "", "GZECE": 0.0, "GZEHG": "D1s", "GZAG": "101", "GZEEE": "101", "GZELD": "109", "GZEEC": "106", "GZEKG": "", "GZEHH": "", "PKIGJ": "1∶250000 库尔干幅(J43C001002)建造构造图", "linetype": 1, "aux_linetype": 0, "width": 0.30000001192092896, "x_coef": 5.0, "y_coef": 5.0, "_src_file": "LDZOFBA003.WL", "_src_id": 84 }, "geometry": { "type": "LineString", "coordinates": [ [ 73.961821224096212, 39.798259622528882 ], [ 73.961718751792489, 39.796486106846508 ], [ 73.96199186283674, 39.794414726572143 ], [ 73.962019648869926, 39.792718080688751 ], [ 73.961455470860841, 39.78997025717198 ], [ 73.961016326807922, 39.787034139843776 ], [ 73.960818523336584, 39.785312938357954 ] ] } },
{ "type": "Feature", "properties": { "ID": 181, "长度": 0.12404852022060356, "FEATUREID": "OFBA003C1AJ430010020000087", "CHFCAC": "000087", "GZEAB": "", "KCDDEF": 10.770913124084473, "GZEEB": "05", "GZECD": "", "GZECE": 0.0, "GZEHG": "N2a,N1k", "GZAG": "101", "GZEEE": "101", "GZELD": "101", "GZEEC": "106", "GZEKG": "", "GZEHH": "", "PKIGJ": "1∶250000 库尔干幅(J43C001002)建造构造图", "linetype": 1, "aux_linetype": 0, "width": 0.30000001192092896, "x_coef": 5.0, "y_coef": 5.0, "_src_file": "LDZOFBA003.WL", "_src_id": 85 }, "geometry": { "type": "LineString", "coordinates": [ [ 74.470430606052474, 39.778976004684118 ], [ 74.472944045766312, 39.780233457026412 ], [ 74.47825794023457, 39.782097919881089 ], [ 74.485481443623556, 39.784393060163573 ], [ 74.494523583734377, 39.786908446879899 ], [ 74.49800980110146, 39.788197634836692 ], [ 74.498783574704646, 39.788514394043105 ], [ 74.499570404989541, 39.78881758533619 ], [ 74.500361898679031, 39.789107060487915 ], [ 74.501165650830444, 39.789382666725537 ], [ 74.50197325052666, 39.789644267020968 ], [ 74.502791289714096, 39.789891728871304 ], [ 74.503616351513543, 39.790124926500432 ], [ 74.504447024829773, 39.790343738670558 ], [ 74.507163375032363, 39.791026192751602 ], [ 74.509466929303542, 39.791552676404663 ], [ 74.516553675570606, 39.792631090083113 ], [ 74.521391241304627, 39.793219604837958 ], [ 74.528991452156703, 39.793888250929037 ], [ 74.537233113388865, 39.79438470322328 ], [ 74.543635961213027, 39.794696611416398 ], [ 74.550611078088608, 39.795311653433536 ], [ 74.553695563886976, 39.7957367696917 ], [ 74.560461786344348, 39.796586236627697 ], [ 74.56541125044329, 39.797394110168824 ], [ 74.570397401719234, 39.798119713106225 ], [ 74.573463097313009, 39.798507409345042 ], [ 74.576197128872138, 39.798762154502406 ], [ 74.580437505141845, 39.799220270086082 ], [ 74.586966427545164, 39.800012670259697 ], [ 74.59188306328187, 39.800700347304463 ] ] } },
{ "type": "Feature", "properties": { "ID": 182, "长度": 0.066608643520139788, "FEATUREID": "OFBA003C1AJ430010020000088", "CHFCAC": "000088", "GZEAB": "", "KCDDEF": 5.7242307662963867, "GZEEB": "05", "GZECD": "", "GZECE": 70.0, "GZEHG": "N2a,Qp1X", "GZAG": "101", "GZEEE": "101", "GZELD": "101", "GZEEC": "106", "GZEKG": "", "GZEHH": "", "PKIGJ": "1∶250000 库尔干幅(J43C001002)建造构造图", "linetype": 1, "aux_linetype": 0, "width": 0.30000001192092896, "x_coef": 5.0, "y_coef": 5.0, "_src_file": "LDZOFBA003.WL", "_src_id": 86 }, "geometry": { "type": "LineString", "coordinates": [ [ 74.494189508770489, 39.797744601674452 ], [ 74.498105280347332, 39.798197562578771 ], [ 74.499884873133482, 39.798497682499381 ], [ 74.499907569224703, 39.798521318262431 ], [ 74.501971141324844, 39.798985267600919 ], [ 74.503680758782295, 39.799269153148018 ], [ 74.505897717064542, 39.799553357370137 ], [ 74.508857375524386, 39.799761725372299 ], [ 74.514165962774868, 39.799885641203502 ], [ 74.517097893826332, 39.799822746943498 ], [ 74.52181738102847, 39.799180487174638 ], [ 74.525041022408018, 39.798837883279703 ], [ 74.5284924980526, 39.798470695487779 ], [ 74.52985766944532, 39.7983237298657 ], [ 74.53413245971862, 39.798087876091728 ], [ 74.54056193990445, 39.797732386779188 ], [ 74.546223349465492, 39.79768103553063 ], [ 74.548585484510212, 39.797659511658139 ], [ 74.552632765690234, 39.797520297622917 ], [ 74.556907433414878, 39.797126318560139 ], [ 74.559860734543861, 39.796754062874108 ], [ 74.560461786344348, 39.796586236627697 ] ] } },
{ "type": "Feature", "properties": { "ID": 187, "长度": 0.0086692786105434447, "FEATUREID": "OFBA003C1AJ430010020000089", "CHFCAC": "000089", "GZEAB": "", "KCDDEF": 0.87220019102096558, "GZEEB": "01", "GZECD": "", "GZECE": 0.0, "GZEHG": "S3-4t,K1kz", "GZAG": "101", "GZEEE": "101", "GZELD": "109", "GZEEC": "106", "GZEKG": "", "GZEHH": "", "PKIGJ": "1∶250000 库尔干幅(J43C001002)建造构造图", "linetype": 1, "aux_linetype": 0, "width": 0.30000001192092896, "x_coef": 5.0, "y_coef": 5.0, "_src_file": "LDZOFBA003.WL", "_src_id": 87 }, "geometry": { "type": "LineString", "coordinates": [ [ 74.079691895586805, 39.780047428667892 ], [ 74.08502553290279, 39.786035269562412 ], [ 74.085459916850013, 39.78651938770394 ] ] } },
{ "type": "Feature", "properties": { "ID": 188, "长度": 0.062928264153908953, "FEATUREID": "OFBA003C1AJ430010020000090", "CHFCAC": "000090", "GZEAB": "", "KCDDEF": 6.3990483283996582, "GZEEB": "05", "GZECD": "", "GZECE": 57.0, "GZEHG": "D1s,Qp1X,D2t", "GZAG": "101", "GZEEE": "101", "GZELD": "101", "GZEEC": "106", "GZEKG": "", "GZEHH": "", "PKIGJ": "1∶250000 库尔干幅(J43C001002)建造构造图", "linetype": 1, "aux_linetype": 0, "width": 0.30000001192092896, "x_coef": 5.0, "y_coef": 5.0, "_src_file": "LDZOFBA003.WL", "_src_id": 88 }, "geometry": { "type": "LineString", "coordinates": [ [ 73.922361621944759, 39.730518973558731 ], [ 73.923279236365801, 39.731845014610464 ], [ 73.924726672207058, 39.733762847744117 ], [ 73.928367844068745, 39.7391071207417 ], [ 73.930249171028933, 39.741491211664638 ], [ 73.932075592276846, 39.743354228255782 ], [ 73.932885176837203, 39.743880199226545 ], [ 73.934310513815362, 39.745249035356139 ], [ 73.935235310829512, 39.746138383013566 ], [ 73.938999109670405, 39.749759521600737 ], [ 73.942725079776352, 39.753425236867812 ], [ 73.943311708459689, 39.753948932332918 ], [ 73.950961535574663, 39.761277378860619 ], [ 73.953807084137466, 39.764130851595255 ], [ 73.956177218160732, 39.766454430830088 ], [ 73.957261680156591, 39.76801678035379 ], [ 73.957975209406797, 39.769518402498768 ], [ 73.958971848899608, 39.771770187717898 ], [ 73.959460527984106, 39.773557413771307 ], [ 73.959597314624943, 39.774191279743029 ], [ 73.959977549218465, 39.775458584531563 ], [ 73.960170913219798, 39.77666606108189 ], [ 73.960157889198285, 39.778988672445792 ] ] } },
{ "type": "Feature", "properties": { "ID": 189, "长度": 0.1326861811618372, "FEATUREID": "OFBA003C1AJ430010020000091", "CHFCAC": "000091", "GZEAB": "", "KCDDEF": 11.493454933166504, "GZEEB": "01", "GZECD": "", "GZECE": 0.0, "GZEHG": "N1k,EK", "GZAG": "101", "GZEEE": "101", "GZELD": "109", "GZEEC": "106", "GZEKG": "", "GZEHH": "", "PKIGJ": "1∶250000 库尔干幅(J43C001002)建造构造图", "linetype": 1, "aux_linetype": 0, "width": 0.30000001192092896, "x_coef": 1.0, "y_coef": 3.0, "_src_file": "LDZOFBA003.WL", "_src_id": 89 }, "geometry": { "type": "LineString", "coordinates": [ [ 74.494561738154374, 39.767004557876881 ], [ 74.496282349128464, 39.767792586342026 ], [ 74.498087615011869, 39.768361704626862 ], [ 74.49892991240101, 39.768810261558635 ], [ 74.499827813560813, 39.769191930375285 ], [ 74.500769433314744, 39.76950292498865 ], [ 74.501747448884359, 39.769740169158958 ], [ 74.50274918742322, 39.769901312680361 ], [ 74.504089700502391, 39.770021928479743 ], [ 74.505964807429635, 39.770148302550204 ], [ 74.509506267742708, 39.770233595145669 ], [ 74.513261594478081, 39.770039115745398 ], [ 74.51773567949337, 39.769723366561855 ], [ 74.522811394918349, 39.769621616622786 ], [ 74.526960432411002, 39.769641870719113 ], [ 74.530289652983228, 39.769573528693954 ], [ 74.539598193117499, 39.769557333986803 ], [ 74.541177723369586, 39.769539652274766 ], [ 74.55082073697794, 39.769431318702942 ], [ 74.551409906701409, 39.769583872834417 ], [ 74.555504549251623, 39.770012036401511 ], [ 74.561197319640485, 39.771270912568014 ], [ 74.568668374910516, 39.773086003467895 ], [ 74.579872775683071, 39.776288862899342 ], [ 74.595521603491832, 39.781018362646194 ], [ 74.603356929893465, 39.782145152312346 ], [ 74.607809004990358, 39.782572692329914 ], [ 74.611265793511464, 39.782587415712896 ], [ 74.61627137299476, 39.782276023296212 ], [ 74.61903773428962, 39.782144423015545 ], [ 74.622089445370577, 39.782210594263823 ], [ 74.624666723498265, 39.782372149496531 ], [ 74.6250139152815, 39.782374087894638 ] ] } },
{ "type": "Feature", "properties": { "ID": 191, "长度": 0.18818010037730692, "FEATUREID": "OFBA003C1AJ430010020000092", "CHFCAC": "000092", "GZEAB": "", "KCDDEF": 18.0933837890625, "GZEEB": "01", "GZECD": "", "GZECE": 0.0, "GZEHG": "N1a,EK,N1p,N1k", "GZAG": "101", "GZEEE": "101", "GZELD": "109", "GZEEC": "106", "GZEKG": "", "GZEHH": "", "PKIGJ": "1∶250000 库尔干幅(J43C001002)建造构造图", "linetype": 1, "aux_linetype": 0, "width": 0.30000001192092896, "x_coef": 10.0, "y_coef": 10.0, "_src_file": "LDZOFBA003.WL", "_src_id": 90 }, "geometry": { "type": "LineString", "coordinates": [ [ 74.6250139152815, 39.782374087894638 ], [ 74.628274540409436, 39.781819270598817 ], [ 74.630957262725346, 39.78114983972214 ], [ 74.632587486065717, 39.78074340761561 ], [ 74.635779133401201, 39.779489138595764 ], [ 74.638081513423373, 39.778584538404942 ], [ 74.642978740261213, 39.776487546171644 ], [ 74.65039960138725, 39.773499032902755 ], [ 74.656820852146268, 39.770763518511131 ], [ 74.662057606314832, 39.767979564656315 ], [ 74.670151368693539, 39.763944427862647 ], [ 74.672617154698969, 39.762419848465164 ], [ 74.675788312965423, 39.760453163449277 ], [ 74.677602999574816, 39.759301898795528 ], [ 74.678090872333897, 39.75886185408492 ], [ 74.679661501701659, 39.757205833344145 ], [ 74.683599389817132, 39.752707105206113 ], [ 74.687920753252939, 39.748343695253489 ], [ 74.693267898593732, 39.743845093046914 ], [ 74.69405570225446, 39.743087692212406 ], [ 74.697457390517741, 39.739088204382007 ], [ 74.702094135201136, 39.734476131629535 ], [ 74.706367838200705, 39.730794547658327 ], [ 74.709689551967188, 39.727960222458712 ], [ 74.711621538616086, 39.726385977717705 ], [ 74.712220029820216, 39.725821022241497 ], [ 74.713603718163526, 39.724145849052057 ], [ 74.716483758265753, 39.720543862451798 ], [ 74.720209754040894, 39.715306834822456 ], [ 74.722745604796984, 39.711887634088761 ], [ 74.724491394735594, 39.710000529268036 ], [ 74.725938892600567, 39.708512043074315 ], [ 74.72890987039851, 39.705282845129382 ], [ 74.732253538554446, 39.701394428729238 ], [ 74.733745649192954, 39.700007021127888 ], [ 74.735349327161885, 39.69861983917405 ], [ 74.739336881831079, 39.695611596791572 ], [ 74.742238513386965, 39.693483803325591 ], [ 74.745643466201685, 39.690585375759738 ], [ 74.747533573089854, 39.68875984374732 ], [ 74.749397203194647, 39.687251070116467 ], [ 74.752097894736764, 39.684988791696682 ], [ 74.754574791005382, 39.683175159374869 ], [ 74.759932665407362, 39.679024245698194 ], [ 74.765161078164724, 39.675176996782938 ], [ 74.76738085816342, 39.673230020662359 ], [ 74.76927917928397, 39.671388090505992 ], [ 74.770103970521717, 39.670508498761471 ], [ 74.770985691684871, 39.669587106375182 ], [ 74.77124776674853, 39.669299089207001 ] ] } },
{ "type": "Feature", "properties": { "ID": 194, "长度": 0.051697597821873664, "FEATUREID": "OFBA003C1AJ430010020000093", "CHFCAC": "000093", "GZEAB": "", "KCDDEF": 5.1203536987304688, "GZEEB": "01", "GZECD": "", "GZECE": 0.0, "GZEHG": "S3-4t,K1kz", "GZAG": "101", "GZEEE": "101", "GZELD": "109", "GZEEC": "106", "GZEKG": "", "GZEHH": "", "PKIGJ": "1∶250000 库尔干幅(J43C001002)建造构造图", "linetype": 1, "aux_linetype": 0, "width": 0.30000001192092896, "x_coef": 5.0, "y_coef": 5.0, "_src_file": "LDZOFBA003.WL", "_src_id": 91 }, "geometry": { "type": "LineString", "coordinates": [ [ 74.021220292525385, 39.731694302747428 ], [ 74.023429022959505, 39.735258022501696 ], [ 74.025471609519798, 39.738743245968436 ], [ 74.027983999937192, 39.742045985759738 ], [ 74.030435492412536, 39.745302531370157 ], [ 74.03335951797574, 39.748603635123537 ], [ 74.037861128209826, 39.75300182602188 ], [ 74.039735593485361, 39.754760746145841 ], [ 74.041719564038061, 39.756621299393466 ], [ 74.045901817135388, 39.760469171577718 ], [ 74.051807101961202, 39.764456123024367 ], [ 74.05541137842944, 39.766689584697311 ], [ 74.05738476586059, 39.767655568318595 ] ] } },
{ "type": "Feature", "properties": { "ID": 196, "长度": 0.10953176013967723, "FEATUREID": "OFBA003C1AJ430010020000094", "CHFCAC": "000094", "GZEAB": "", "KCDDEF": 9.7230129241943359, "GZEEB": "01", "GZECD": "", "GZECE": 0.0, "GZEHG": "N1k,EK", "GZAG": "101", "GZEEE": "101", "GZELD": "109", "GZEEC": "106", "GZEKG": "", "GZEHH": "", "PKIGJ": "1∶250000 库尔干幅(J43C001002)建造构造图", "linetype": 1, "aux_linetype": 0, "width": 0.30000001192092896, "x_coef": 5.0, "y_coef": 5.0, "_src_file": "LDZOFBA003.WL", "_src_id": 92 }, "geometry": { "type": "LineString", "coordinates": [ [ 74.384619005931739, 39.751537236596235 ], [ 74.386107386363264, 39.753052002787427 ], [ 74.387084925316103, 39.753810591154945 ], [ 74.390056054433273, 39.755479853864564 ], [ 74.392362486847247, 39.756602908750487 ], [ 74.395889969307518, 39.757840693740299 ], [ 74.397460466230584, 39.758352868492651 ], [ 74.399223977035334, 39.758773634089366 ], [ 74.401343665449332, 39.759314905133422 ], [ 74.404323216194598, 39.759885245708382 ], [ 74.411727448926797, 39.760450768238371 ], [ 74.415019258993894, 39.76062776709108 ], [ 74.418235225549992, 39.76071297787098 ], [ 74.420433348599914, 39.760708530972423 ], [ 74.423574519872034, 39.760671751462837 ], [ 74.428283327086447, 39.760181049564842 ], [ 74.433695780508089, 39.759056949840748 ], [ 74.436207476868105, 39.758296743685158 ], [ 74.440477948666256, 39.756896079785307 ], [ 74.444382935285716, 39.755396302353574 ], [ 74.445359064024146, 39.754945213482081 ], [ 74.449033586703734, 39.753246090477198 ], [ 74.449589378865355, 39.753079207505451 ], [ 74.450151250132009, 39.752920658550238 ], [ 74.450713993076334, 39.752770505616418 ], [ 74.451281394497272, 39.752628803930492 ], [ 74.451851241235673, 39.752495604219739 ], [ 74.452427323019521, 39.752370961732105 ], [ 74.453003420938572, 39.752254918169086 ], [ 74.453583321903736, 39.752147517515375 ], [ 74.45416580408002, 39.752048803718431 ], [ 74.454749654476629, 39.751958809513638 ], [ 74.455338651338224, 39.75187756985094 ], [ 74.455925575847971, 39.751805117446786 ], [ 74.456518203429439, 39.75174147598856 ], [ 74.45711031822448, 39.751686673712157 ], [ 74.457703695732903, 39.751640725307809 ], [ 74.458297114302937, 39.751603654489898 ], [ 74.458893352408197, 39.751575469216768 ], [ 74.459489185553792, 39.751556184192154 ], [ 74.460085389333955, 39.751545802866865 ], [ 74.460681742225191, 39.751544333212834 ], [ 74.461277019857604, 39.751551774186886 ], [ 74.461873997878641, 39.751568122498988 ], [ 74.462469454887014, 39.751593370374088 ], [ 74.463064169462967, 39.751627512293176 ], [ 74.463657917338438, 39.751670533722191 ], [ 74.46425047426095, 39.751722417880082 ], [ 74.464839618927627, 39.751783143500703 ], [ 74.465431130015531, 39.751852691573845 ], [ 74.46601878625107, 39.75193103633913 ], [ 74.46660336932635, 39.752018145299395 ], [ 74.467187660929639, 39.752113985961721 ], [ 74.467767439828265, 39.752218525824034 ], [ 74.469777162390002, 39.752883420101305 ], [ 74.474051309821206, 39.75496645799258 ], [ 74.477975455864154, 39.756996610977595 ], [ 74.478547633134909, 39.757292605301309 ], [ 74.482377420182573, 39.75927142543663 ], [ 74.484913697477154, 39.760764502742504 ], [ 74.486875043241398, 39.762189442835407 ], [ 74.487700972211911, 39.763127487084674 ] ] } },
{ "type": "Feature", "properties": { "ID": 200, "长度": 0.39646062662283466, "FEATUREID": "OFBA003C1AJ430010020000095", "CHFCAC": "000095", "GZEAB": "", "KCDDEF": 36.160427093505859, "GZEEB": "05", "GZECD": "", "GZECE": 65.0, "GZEHG": "EK,N1a,N1p", "GZAG": "101", "GZEEE": "101", "GZELD": "101", "GZEEC": "106", "GZEKG": "", "GZEHH": "", "PKIGJ": "1∶250000 库尔干幅(J43C001002)建造构造图", "linetype": 1, "aux_linetype": 0, "width": 0.30000001192092896, "x_coef": 5.0, "y_coef": 5.0, "_src_file": "LDZOFBA003.WL", "_src_id": 93 }, "geometry": { "type": "LineString", "coordinates": [ [ 74.02937345962377, 39.589867682551414 ], [ 74.030789280525511, 39.590803666089293 ], [ 74.033065812344049, 39.592055127205221 ], [ 74.035863790930463, 39.593543632482181 ], [ 74.038515413522845, 39.595084072530895 ], [ 74.041455814935745, 39.597035824491556 ], [ 74.044997222463991, 39.598875311381796 ], [ 74.051327050788998, 39.602458543687426 ], [ 74.05510186172738, 39.604811504448939 ], [ 74.062951869118606, 39.60901208531088 ], [ 74.06553398910691, 39.61065334846537 ], [ 74.071159573824858, 39.613596914202006 ], [ 74.074945307796384, 39.61571756389997 ], [ 74.076350621822769, 39.616483673876168 ], [ 74.082031657740472, 39.619229854044079 ], [ 74.086834828614315, 39.621185550950962 ], [ 74.092079634722964, 39.623143622748891 ], [ 74.095327354125757, 39.624204978996083 ], [ 74.096435843422455, 39.624384981546406 ], [ 74.099391585358489, 39.625067816715045 ], [ 74.105371565715771, 39.626839431588785 ], [ 74.110311454767199, 39.628620376222457 ], [ 74.11524534006908, 39.630527916768877 ], [ 74.119475162845148, 39.63257759254639 ], [ 74.121805805921937, 39.633997516924659 ], [ 74.125601643202856, 39.636462015179589 ], [ 74.129107851472142, 39.638632867559501 ], [ 74.132247377123605, 39.64050958696 ], [ 74.135383147978629, 39.642584561144197 ], [ 74.138299666151298, 39.644630848412199 ], [ 74.142789106605548, 39.647164236960961 ], [ 74.148825161188284, 39.650809248123849 ], [ 74.152073371998355, 39.653057538344683 ], [ 74.15539776896037, 39.655162069945291 ], [ 74.158727169921761, 39.656920255185717 ], [ 74.159664914414122, 39.657424891004595 ], [ 74.170697062160883, 39.665657618202083 ], [ 74.174035892441395, 39.667311683122833 ], [ 74.175005439777195, 39.667619001014302 ], [ 74.177327418052201, 39.668320712004274 ], [ 74.178703939513909, 39.668839108896812 ], [ 74.18055543422291, 39.669479556405506 ], [ 74.184140658712025, 39.671399442828005 ], [ 74.185673359501195, 39.672251671384224 ], [ 74.193919914117828, 39.67590371128275 ], [ 74.199801456393843, 39.679014271283265 ], [ 74.206031966086158, 39.682644908283798 ], [ 74.212643212001964, 39.686005512314445 ], [ 74.217337698210414, 39.688053356609331 ], [ 74.219683437259093, 39.688970388689015 ], [ 74.221056623698047, 39.68956602142601 ], [ 74.221796651143521, 39.689887238386788 ], [ 74.223007268726022, 39.690437296930448 ], [ 74.225393398249636, 39.691476317680269 ], [ 74.232987620273136, 39.694410950088198 ], [ 74.236717810604176, 39.695782039196189 ], [ 74.239111250340812, 39.696513040283065 ], [ 74.241428002704154, 39.697183144347271 ], [ 74.242719702734476, 39.697305400175004 ], [ 74.243973655629262, 39.697336407228484 ], [ 74.246951395777273, 39.697185744493133 ], [ 74.249025214918447, 39.696913000204923 ], [ 74.25031761448966, 39.696670297161333 ], [ 74.251295337926592, 39.696549077387886 ], [ 74.252783039861626, 39.696215209625244 ], [ 74.25481565899338, 39.695636740218312 ], [ 74.259321726498413, 39.694393636914519 ], [ 74.260535035564871, 39.694302999354491 ], [ 74.261910521128343, 39.6945176801919 ], [ 74.263833121125913, 39.6952498342255 ], [ 74.26548316023765, 39.696039407557798 ], [ 74.272085226061336, 39.699076190472113 ], [ 74.279357829749699, 39.702146465019837 ], [ 74.283141424372289, 39.703669804083987 ], [ 74.28479586623078, 39.704461300137169 ], [ 74.28921301693407, 39.706925583625321 ], [ 74.293038830781995, 39.709024771073331 ], [ 74.294733112103515, 39.709876841224535 ], [ 74.297138385774886, 39.710912085564829 ], [ 74.30181916007966, 39.713072973669234 ], [ 74.304281237115774, 39.71410690609585 ], [ 74.307801729527156, 39.715263267875571 ], [ 74.315659233877852, 39.717758642697362 ], [ 74.317261164137435, 39.718366687986723 ], [ 74.318591500111893, 39.718822908826247 ], [ 74.319959829371712, 39.719400271291718 ], [ 74.321015330462728, 39.719916576181888 ], [ 74.323673816039502, 39.721464554019221 ], [ 74.32503802012225, 39.722495365854208 ], [ 74.326557748178473, 39.724040968886044 ], [ 74.328505613675887, 39.725647567061294 ], [ 74.329831896009139, 39.726738824691914 ], [ 74.331233431286194, 39.727648513019496 ], [ 74.33283316207114, 39.728467572061732 ], [ 74.334783914276215, 39.729438335847746 ], [ 74.337317632711503, 39.730742663674455 ], [ 74.340165449161802, 39.732081633279535 ], [ 74.341455041947668, 39.732570488326459 ], [ 74.342939866444596, 39.733120468326291 ], [ 74.344540768234779, 39.733670534331722 ], [ 74.345711161871435, 39.734067806298519 ], [ 74.348406545785863, 39.735471055490038 ], [ 74.349421692924409, 39.736019894869379 ], [ 74.351022434619452, 39.736843154681445 ], [ 74.352076330230204, 39.737270072647945 ], [ 74.353481348538736, 39.737758009731877 ], [ 74.3569924707692, 39.738398658814432 ], [ 74.358863420860942, 39.738490344539159 ], [ 74.361516974798448, 39.738856387497719 ], [ 74.362609134127908, 39.73897840919652 ], [ 74.363661464169141, 39.739161372133537 ], [ 74.364675046197291, 39.739435759791149 ], [ 74.365689797886859, 39.739771096718655 ], [ 74.367526682505343, 39.740563642900831 ], [ 74.371081143240957, 39.742728439230774 ], [ 74.372763935781094, 39.743491426080162 ], [ 74.373899030396771, 39.74394927969653 ], [ 74.375109266037214, 39.744407166897474 ], [ 74.376009751917593, 39.744773427840897 ], [ 74.376871271127683, 39.745170139236016 ], [ 74.377849166200477, 39.74562786768147 ], [ 74.378749031497193, 39.746116021516755 ], [ 74.379962476145494, 39.746970082695896 ], [ 74.381254790000085, 39.748067999662666 ], [ 74.384112768517085, 39.751019273726868 ], [ 74.384619005931739, 39.751537236596235 ] ] } },
{ "type": "Feature", "properties": { "ID": 203, "长度": 0.023581184389231399, "FEATUREID": "OFBA003C1AJ430010020000096", "CHFCAC": "000096", "GZEAB": "", "KCDDEF": 2.3214871883392334, "GZEEB": "01", "GZECD": "", "GZECE": 0.0, "GZEHG": "D1s,D2t", "GZAG": "101", "GZEEE": "101", "GZELD": "109", "GZEEC": "106", "GZEKG": "", "GZEHH": "", "PKIGJ": "1∶250000 库尔干幅(J43C001002)建造构造图", "linetype": 1, "aux_linetype": 0, "width": 0.30000001192092896, "x_coef": 5.0, "y_coef": 5.0, "_src_file": "LDZOFBA003.WL", "_src_id": 94 }, "geometry": { "type": "LineString", "coordinates": [ [ 73.922361621944759, 39.730518973558731 ], [ 73.921567360958718, 39.733761550797816 ], [ 73.921247955625276, 39.735881452379203 ], [ 73.920931819325602, 39.737928177779047 ], [ 73.921286904479231, 39.739101913336967 ], [ 73.922570083152152, 39.740722008256782 ], [ 73.92497782172336, 39.742277657400024 ], [ 73.926929974757201, 39.743171191121462 ], [ 73.929631940079005, 39.744254240014833 ], [ 73.933197839333587, 39.745232701369204 ], [ 73.934310513815362, 39.745249035356139 ] ] } },
{ "type": "Feature", "properties": { "ID": 204, "长度": 0.050002824640951203, "FEATUREID": "OFBA003C1AJ430010020000097", "CHFCAC": "000097", "GZEAB": "", "KCDDEF": 5.442805290222168, "GZEEB": "31", "GZECD": "", "GZECE": 51.0, "GZEHG": "Qp1X,S3-4t,EK", "GZAG": "101", "GZEEE": "101", "GZELD": "109", "GZEEC": "106", "GZEKG": "", "GZEHH": "", "PKIGJ": "1∶250000 库尔干幅(J43C001002)建造构造图", "linetype": 18, "aux_linetype": 0, "width": 0.30000001192092896, "x_coef": 3.0, "y_coef": 5.0, "_src_file": "LDZOFBA003.WL", "_src_id": 95 }, "geometry": { "type": "LineString", "coordinates": [ [ 74.072383455903861, 39.740401804476356 ], [ 74.071591578622133, 39.739104286439932 ], [ 74.071168237240144, 39.737841652934158 ], [ 74.070790627394473, 39.73647084737464 ], [ 74.070499432865006, 39.734126292479694 ], [ 74.070263013130543, 39.733188387553611 ], [ 74.069793210003851, 39.732069983579784 ], [ 74.06923665128933, 39.730916375282675 ], [ 74.068539031360487, 39.729690582388827 ], [ 74.06798045532193, 39.728758809417641 ], [ 74.067468384057989, 39.727899245572679 ], [ 74.067095553988281, 39.7269326176609 ], [ 74.066765106306008, 39.721990838729539 ], [ 74.066576419601176, 39.719168794549283 ], [ 74.065737305681793, 39.713050635687786 ], [ 74.06463170116578, 39.710212534555026 ], [ 74.064035190151372, 39.708880432339072 ], [ 74.063761872241471, 39.707692987226146 ], [ 74.063581538869855, 39.706361927407805 ], [ 74.063539795044349, 39.705067174727368 ], [ 74.063451817185353, 39.703772307752402 ], [ 74.06067779156912, 39.69574498663335 ], [ 74.05963520871056, 39.693907601949164 ], [ 74.059181570008306, 39.693146390649318 ], [ 74.059047311247696, 39.692919922249395 ] ] } },
{ "type": "Feature", "properties": { "ID": 205, "长度": 0.13491521679002966, "FEATUREID": "OFBA003C1AJ430010020000098", "CHFCAC": "000098", "GZEAB": "", "KCDDEF": 14.129937171936035, "GZEEB": "05", "GZECD": "", "GZECE": 0.0, "GZEHG": "S3-4t,D2t", "GZAG": "101", "GZEEE": "101", "GZELD": "101", "GZEEC": "106", "GZEKG": "", "GZEHH": "", "PKIGJ": "1∶250000 库尔干幅(J43C001002)建造构造图", "linetype": 1, "aux_linetype": 0, "width": 0.30000001192092896, "x_coef": 5.0, "y_coef": 5.0, "_src_file": "LDZOFBA003.WL", "_src_id": 96 }, "geometry": { "type": "LineString", "coordinates": [ [ 73.991932541067925, 39.624479790283523 ], [ 73.992548962228554, 39.625037944143486 ], [ 73.995803360856556, 39.62839005190731 ], [ 73.996785431846703, 39.629308108091017 ], [ 73.997361745329783, 39.629820585272398 ], [ 73.997945516262192, 39.630328672893626 ], [ 73.998537684219485, 39.630832323054172 ], [ 73.999133197473526, 39.631331490180202 ], [ 73.999735995620838, 39.631826124119982 ], [ 74.000345024042815, 39.632316177023377 ], [ 74.000959225138772, 39.632801605517884 ], [ 74.001581535576307, 39.633282359427206 ], [ 74.002209900654833, 39.633758395404278 ], [ 74.002843259909596, 39.634229665549633 ], [ 74.003482552773079, 39.634696128718026 ], [ 74.004127715889567, 39.635157734734349 ], [ 74.004777688647721, 39.635614444705467 ], [ 74.005433416318624, 39.636066215285837 ], [ 74.00852759256621, 39.638657955283023 ], [ 74.011479766558608, 39.641372050951638 ], [ 74.01396890773151, 39.643836654029059 ], [ 74.017247968412846, 39.647409387738513 ], [ 74.020533649510568, 39.65073876409209 ], [ 74.023357617369385, 39.653816429515359 ], [ 74.026230304290664, 39.657497879887202 ], [ 74.028068768394547, 39.660456837227066 ], [ 74.02976376767171, 39.664007972574588 ], [ 74.029897326353364, 39.664606598703571 ], [ 74.030083860063655, 39.665338457600811 ], [ 74.030185602021092, 39.666079991040782 ], [ 74.030205776963626, 39.666825615591797 ], [ 74.03013923342337, 39.66756971908169 ], [ 74.029991457920701, 39.668306694488855 ], [ 74.029763559712364, 39.669030996109974 ], [ 74.029660536404307, 39.671182804456265 ], [ 74.029733787735694, 39.673612674092887 ], [ 74.030339668233907, 39.677562533936168 ], [ 74.031140753681811, 39.679941478958348 ], [ 74.032757425754482, 39.683259357175828 ], [ 74.033626468832821, 39.684629113926583 ], [ 74.034728069178428, 39.686250479816955 ], [ 74.036106637299582, 39.68805240501645 ], [ 74.039915742836499, 39.694248525848536 ], [ 74.041158440011117, 39.696266103662971 ], [ 74.043629610450921, 39.700373322315713 ], [ 74.045404482840155, 39.703831477368297 ], [ 74.046493543413789, 39.706136654537424 ], [ 74.04800348368299, 39.710276900849941 ], [ 74.048422229963904, 39.711536301445015 ], [ 74.049014647665373, 39.713258881359835 ], [ 74.049874902809634, 39.717312672254543 ], [ 74.050549475574485, 39.721509375051866 ], [ 74.050819779340529, 39.723446197710146 ], [ 74.051097812780469, 39.726953147629366 ], [ 74.051005836433561, 39.728527124441378 ], [ 74.050687974532252, 39.73003397903539 ], [ 74.0502012626295, 39.734397616851936 ], [ 74.049927923890294, 39.736559886850493 ], [ 74.049744116783884, 39.737532695837082 ], [ 74.04945032913605, 39.738503640746465 ] ] } },
{ "type": "Feature", "properties": { "ID": 206, "长度": 0.011358869554769536, "FEATUREID": "OFBA003C1AJ430010020000099", "CHFCAC": "000099", "GZEAB": "", "KCDDEF": 1.1116912364959717, "GZEEB": "05", "GZECD": "", "GZECE": 0.0, "GZEHG": "D2t", "GZAG": "101", "GZEEE": "101", "GZELD": "101", "GZEEC": "106", "GZEKG": "", "GZEHH": "", "PKIGJ": "1∶250000 库尔干幅(J43C001002)建造构造图", "linetype": 1, "aux_linetype": 0, "width": 0.30000001192092896, "x_coef": 5.0, "y_coef": 5.0, "_src_file": "LDZOFBA003.WL", "_src_id": 97 }, "geometry": { "type": "LineString", "coordinates": [ [ 74.04748490660586, 39.737904015906402 ], [ 74.046970154351897, 39.737038814018568 ], [ 74.04627316492585, 39.736242298166992 ], [ 74.044549698698134, 39.734553283503182 ], [ 74.042347701351829, 39.732863436554247 ], [ 74.039106583098501, 39.730344399522053 ] ] } },
{ "type": "Feature", "properties": { "ID": 207, "长度": 0.00341076182077655, "FEATUREID": "OFBA003C1AJ430010020000100", "CHFCAC": "000100", "GZEAB": "", "KCDDEF": 0.35743749141693115, "GZEEB": "01", "GZECD": "", "GZECE": 0.0, "GZEHG": "D1s,Qp1X", "GZAG": "101", "GZEEE": "101", "GZELD": "109", "GZEEC": "106", "GZEKG": "", "GZEHH": "", "PKIGJ": "1∶250000 库尔干幅(J43C001002)建造构造图", "linetype": 1, "aux_linetype": 0, "width": 0.30000001192092896, "x_coef": 5.0, "y_coef": 5.0, "_src_file": "LDZOFBA003.WL", "_src_id": 98 }, "geometry": { "type": "LineString", "coordinates": [ [ 73.920591145541138, 39.727606961769197 ], [ 73.92175109972824, 39.72963763898283 ], [ 73.922361621944759, 39.730518973558731 ] ] } },
{ "type": "Feature", "properties": { "ID": 208, "长度": 0.56445494820572062, "FEATUREID": "OFBA003C1AJ430010020000101", "CHFCAC": "000101", "GZEAB": "F9", "KCDDEF": 90.466499328613281, "GZEEB": "41", "GZECD": "", "GZECE": 0.0, "GZEHG": "碎裂岩、构造角砾岩、糜棱岩和糜棱岩化岩石、片理化岩石、石英脉、蛇绿岩团块和地层中内生的变砂岩团块", "GZAG": "103", "GZEEE": "101", "GZELD": "109", "GZEEC": "106", "GZEKG": "", "GZEHH": "", "PKIGJ": "1∶250000 库尔干幅(J43C001002)建造构造图", "linetype": 1, "aux_linetype": 0, "width": 0.80000001192092896, "x_coef": 10.0, "y_coef": 10.0, "_src_file": "LDZOFBA003.WL", "_src_id": 99 }, "geometry": { "type": "LineString", "coordinates": [ [ 74.456409939905626, 39.732190451871887 ], [ 74.454115744318045, 39.731657969566186 ], [ 74.45247488195379, 39.731235212065585 ], [ 74.451329228436904, 39.730773190837958 ], [ 74.450333845848093, 39.730349595181423 ], [ 74.449040505558685, 39.729617387207732 ], [ 74.448043774946228, 39.729000664287902 ], [ 74.44694923465255, 39.728190945807739 ], [ 74.445654970720469, 39.727458700342559 ], [ 74.444609575256919, 39.726842007913326 ], [ 74.443413958541925, 39.726186862966848 ], [ 74.441623614611018, 39.725493779805788 ], [ 74.439631888634892, 39.724839825444732 ], [ 74.435736830796898, 39.723765631041125 ], [ 74.433289458159834, 39.723345254994925 ], [ 74.423255425063488, 39.720466147649823 ], [ 74.416067766806776, 39.718623498647908 ], [ 74.404899925687843, 39.715777614993172 ], [ 74.398075131667298, 39.714124112552796 ], [ 74.395499206776861, 39.713236615833495 ], [ 74.392814955769353, 39.71207646106798 ], [ 74.39161334488999, 39.711418557189724 ], [ 74.390613777912236, 39.71083757138247 ], [ 74.390013632332852, 39.710489664781157 ], [ 74.388216010434178, 39.709444633582265 ], [ 74.384063342136642, 39.706851243439353 ], [ 74.379209528970293, 39.703405561151406 ], [ 74.377759519325792, 39.702166363932413 ], [ 74.376359875358915, 39.701198453347111 ], [ 74.372707938044783, 39.69914699024261 ], [ 74.371758540144484, 39.69845000643236 ], [ 74.370355746300376, 39.697210677190526 ], [ 74.369761130941882, 39.696436132120674 ], [ 74.366438801139665, 39.692327629479443 ], [ 74.365396945501772, 39.691125880928993 ], [ 74.364601810273854, 39.690040240723498 ], [ 74.363758716370839, 39.688721809134606 ], [ 74.362467385906982, 39.686977025679269 ], [ 74.361536277331041, 39.685679284069913 ], [ 74.360487666674857, 39.6845839419532 ], [ 74.358851833986208, 39.683666935210873 ], [ 74.357195297382845, 39.683141501622679 ], [ 74.356833990091218, 39.683027212287051 ], [ 74.354703382144237, 39.682689096067982 ], [ 74.350779694583807, 39.682071540180161 ], [ 74.349821631170485, 39.681920922964586 ], [ 74.348477225148173, 39.681778269035576 ], [ 74.347588727850663, 39.681618137132681 ], [ 74.345820962941644, 39.681280141975442 ], [ 74.344758361775774, 39.681038052081803 ], [ 74.344091615705409, 39.680876587739263 ], [ 74.341008508435948, 39.680426340081056 ], [ 74.339467147163489, 39.680298691400836 ], [ 74.337841491720766, 39.680171148537248 ], [ 74.332695847623086, 39.679805030543356 ], [ 74.330571317354526, 39.67962936330273 ], [ 74.327344658679266, 39.679227719523574 ], [ 74.322401641459564, 39.678406929512114 ], [ 74.320971643999783, 39.677937433381729 ], [ 74.319503998363714, 39.677581831195447 ], [ 74.317867866620887, 39.677372832675957 ], [ 74.315863383751818, 39.677278126700038 ], [ 74.314249964672825, 39.67723139967277 ], [ 74.312639371112269, 39.677135483155695 ], [ 74.311564072615838, 39.677005964209677 ], [ 74.310279845749946, 39.676811182084641 ], [ 74.309473142937222, 39.676648467198696 ], [ 74.308687350014267, 39.676551278095076 ], [ 74.307635262501535, 39.676569203163758 ], [ 74.306289744173824, 39.676571146425893 ], [ 74.305297608734776, 39.676572571582604 ], [ 74.304307068453156, 39.676459257522033 ], [ 74.30335358640076, 39.676263927887661 ], [ 74.302445960569571, 39.676216042859252 ], [ 74.301267089202426, 39.676299645192614 ], [ 74.299133651429798, 39.67641862504604 ], [ 74.298043924683597, 39.676458008426756 ], [ 74.29696507845712, 39.676496988455796 ], [ 74.289868863102654, 39.676110033094702 ], [ 74.288413692949817, 39.67600978577974 ], [ 74.287025572440783, 39.675844673916259 ], [ 74.283065509038536, 39.675187232682369 ], [ 74.281232969190782, 39.674891239141239 ], [ 74.277377650065787, 39.673876485983953 ], [ 74.272758706629773, 39.672637766923309 ], [ 74.271307278492387, 39.672219308090391 ], [ 74.270561923809339, 39.672042608528422 ], [ 74.269922104407172, 39.671898118108011 ], [ 74.269238968059909, 39.671802453641483 ], [ 74.268700684316315, 39.671690166413278 ], [ 74.26818102672901, 39.671529101827367 ], [ 74.267541220162968, 39.671384596091684 ], [ 74.266277568281765, 39.671274175329074 ], [ 74.264788284159636, 39.671180569493274 ], [ 74.262715988811962, 39.670843494920312 ], [ 74.261102929092118, 39.670440183579245 ], [ 74.259591356976628, 39.669988276059001 ], [ 74.258141879850157, 39.669503973464124 ], [ 74.256485352376771, 39.668938908821033 ], [ 74.255310764493203, 39.66828988064848 ], [ 74.254525180735783, 39.667825055580629 ], [ 74.253754081983885, 39.667349869915689 ], [ 74.252989697025924, 39.666864462680508 ], [ 74.252239248729069, 39.666368979621609 ], [ 74.251499962827097, 39.665863568758311 ], [ 74.249845470670948, 39.664781057676905 ], [ 74.243606097987495, 39.660201278053286 ], [ 74.238830641141888, 39.656696471241261 ], [ 74.233653043324765, 39.653458392830494 ], [ 74.227719590418204, 39.650340609853544 ], [ 74.223603024645712, 39.648246812469317 ], [ 74.213411196858644, 39.644052453826433 ], [ 74.199883834770986, 39.637972256995695 ], [ 74.198714113111976, 39.637535789372087 ], [ 74.196033948432415, 39.636330148361544 ], [ 74.191649435621699, 39.63419302681784 ], [ 74.188969402756229, 39.632629841396479 ], [ 74.187267002781581, 39.631845417468675 ], [ 74.184041558957375, 39.630769821799539 ], [ 74.175875380012243, 39.627670045494156 ], [ 74.172059742054756, 39.626512670983786 ], [ 74.165856585235588, 39.62399846931897 ], [ 74.158389988489958, 39.620989230639154 ], [ 74.152327862550905, 39.618072064685734 ], [ 74.1476973532572, 39.615480455973035 ], [ 74.140852317957538, 39.611300002467289 ], [ 74.135987095404133, 39.608353936252804 ], [ 74.132820084389564, 39.606510779553638 ], [ 74.1283194944847, 39.604043616735225 ], [ 74.124703378657671, 39.602119313659706 ], [ 74.119234677841149, 39.599190043545811 ], [ 74.113471580060022, 39.596413231258751 ], [ 74.111780414399945, 39.595832687422757 ], [ 74.108399002662978, 39.594317663471863 ], [ 74.104660669740966, 39.592871836373689 ], [ 74.102585558939495, 39.591865250023844 ], [ 74.101109973000135, 39.591149578920252 ], [ 74.096239607077862, 39.588286647747402 ], [ 74.091539582354116, 39.585637275484963 ], [ 74.086769287533272, 39.582949048768214 ], [ 74.083173060503157, 39.580897696923088 ], [ 74.080409019429069, 39.579397138097562 ], [ 74.07575398647019, 39.577262250144862 ], [ 74.068994381916852, 39.574216228281294 ], [ 74.065571441917939, 39.572512644527393 ], [ 74.060038645783337, 39.569395450955682 ], [ 74.05449750361727, 39.565727180994891 ], [ 74.049035851060367, 39.563645082016912 ], [ 74.044173834396574, 39.561706483427514 ], [ 74.042396776993357, 39.561043555631699 ], [ 74.036117517345218, 39.558768971807154 ], [ 74.031143793419858, 39.557244724431243 ], [ 74.027945282895843, 39.556661017374232 ], [ 74.020349110950107, 39.555579739276638 ], [ 74.015095127499563, 39.555173335704296 ], [ 74.007713536910444, 39.554470732124315 ], [ 74.004575767949191, 39.554114347565616 ], [ 74.003693860221915, 39.554016309556921 ], [ 74.002811456997193, 39.553905638992433 ], [ 74.001935852056135, 39.553782367724345 ], [ 74.0010613447634, 39.553646543422701 ], [ 74.000189240356519, 39.553498209313574 ], [ 73.999321835210196, 39.553337417561949 ], [ 73.998457425657236, 39.553164222592429 ], [ 73.997600310831373, 39.552978685616978 ], [ 73.996745781130628, 39.552780867780442 ], [ 73.996145018265324, 39.5526150241026 ], [ 73.993221532957264, 39.552009283551918 ], [ 73.989867210441673, 39.551432497985772 ], [ 73.984880049232828, 39.550668862396279 ], [ 73.98139895031899, 39.549820414089645 ], [ 73.979697361678276, 39.549339423264932 ], [ 73.979164952990104, 39.549188176847622 ], [ 73.97330085931064, 39.547197898200594 ], [ 73.967594426633752, 39.54561742056287 ], [ 73.961192040053803, 39.544208833815908 ], [ 73.956629811116755, 39.543580218158183 ], [ 73.950927665229599, 39.54311824091846 ], [ 73.944967575859735, 39.542966802022313 ], [ 73.936406645509962, 39.542582360514757 ] ] } },
{ "type": "Feature", "properties": { "ID": 209, "长度": 0.1552924102330373, "FEATUREID": "OFBA003C1AJ430010020000102", "CHFCAC": "000102", "GZEAB": "F9", "KCDDEF": 90.466499328613281, "GZEEB": "41", "GZECD": "", "GZECE": 0.0, "GZEHG": "碎裂岩、构造角砾岩、糜棱岩和糜棱岩化岩石、片理化岩石、石英脉、蛇绿岩团块和地层中内生的变砂岩团块", "GZAG": "103", "GZEEE": "101", "GZELD": "109", "GZEEC": "106", "GZEKG": "", "GZEHH": "", "PKIGJ": "1∶250000 库尔干幅(J43C001002)建造构造图", "linetype": 1, "aux_linetype": 0, "width": 0.80000001192092896, "x_coef": 10.0, "y_coef": 10.0, "_src_file": "LDZOFBA003.WL", "_src_id": 100 }, "geometry": { "type": "LineString", "coordinates": [ [ 74.462418977828293, 39.731838971003 ], [ 74.465345574357812, 39.730267365165005 ], [ 74.467262703608213, 39.729092567444511 ], [ 74.469009431384507, 39.727852616986077 ], [ 74.47025979596711, 39.726808550236555 ], [ 74.471505266242204, 39.725568835474789 ], [ 74.472111453521023, 39.724859085658615 ], [ 74.476691589205714, 39.71949705939155 ], [ 74.478121176495591, 39.718189947432919 ], [ 74.479469120146632, 39.717143988771518 ], [ 74.4813188062828, 39.716097361201648 ], [ 74.483420474577997, 39.714985107981462 ], [ 74.488905427559899, 39.712437616584346 ], [ 74.494487215657642, 39.709763380785375 ], [ 74.496381199867997, 39.708654544075863 ], [ 74.498095099189086, 39.707416042107447 ], [ 74.498771679386167, 39.706929365964925 ], [ 74.499425924166317, 39.706424034211658 ], [ 74.500055974604138, 39.705900710014689 ], [ 74.500657997853224, 39.705360090431498 ], [ 74.50141520061787, 39.704683522822506 ], [ 74.504029642888369, 39.702919077121443 ], [ 74.505425802626974, 39.702145117091675 ], [ 74.507164394394835, 39.701275000702651 ], [ 74.51198782297233, 39.699107875257553 ], [ 74.517329703308917, 39.696614646987804 ], [ 74.525001833938489, 39.692649712632132 ], [ 74.528123433431944, 39.690918298473235 ], [ 74.529639870459121, 39.69005237517387 ], [ 74.531280458988377, 39.68896892470336 ], [ 74.533419835193186, 39.687521474198775 ], [ 74.535521668536433, 39.68592363176851 ], [ 74.538254692576103, 39.683550045964694 ], [ 74.540711571537344, 39.681518636900016 ], [ 74.542746549151843, 39.67983895687609 ], [ 74.548723341746211, 39.674932338851796 ], [ 74.550101184819709, 39.673883912563916 ], [ 74.552677562591967, 39.672283238899325 ], [ 74.555159292234364, 39.670945836479397 ], [ 74.557478261799105, 39.669992863921429 ], [ 74.560513385176662, 39.668762507211262 ], [ 74.563821543479108, 39.667403869412567 ], [ 74.564595697471546, 39.667053514828297 ], [ 74.565345963596855, 39.666669795594927 ], [ 74.566065938723355, 39.666253937138933 ], [ 74.566755318285672, 39.665807273371406 ], [ 74.567407899289663, 39.665331233180474 ], [ 74.568028589056681, 39.664827340454728 ], [ 74.570671597636391, 39.662922265276464 ], [ 74.573539892265515, 39.661262730032895 ], [ 74.57759570119174, 39.659182464508412 ], [ 74.582973364432732, 39.65663445455629 ], [ 74.587649233633542, 39.654210801106451 ], [ 74.593859152770861, 39.651509908935061 ] ] } },
{ "type": "Feature", "properties": { "ID": 210, "长度": 0.031804605178941334, "FEATUREID": "OFBA003C1AJ430010020000103", "CHFCAC": "000103", "GZEAB": "", "KCDDEF": 2.8817071914672852, "GZEEB": "01", "GZECD": "", "GZECE": 0.0, "GZEHG": "N1k,N1p", "GZAG": "101", "GZEEE": "101", "GZELD": "109", "GZEEC": "106", "GZEKG": "", "GZEHH": "", "PKIGJ": "1∶250000 库尔干幅(J43C001002)建造构造图", "linetype": 1, "aux_linetype": 0, "width": 0.30000001192092896, "x_coef": 5.0, "y_coef": 5.0, "_src_file": "LDZOFBA003.WL", "_src_id": 101 }, "geometry": { "type": "LineString", "coordinates": [ [ 74.472111453521023, 39.724859085658615 ], [ 74.475757397597917, 39.723414151169237 ], [ 74.483491987529789, 39.72033678794066 ], [ 74.490237932872645, 39.717458189037224 ], [ 74.492797815714397, 39.716216172849265 ], [ 74.495030985832727, 39.714778566515797 ], [ 74.498560150069721, 39.712488257998579 ], [ 74.499415670070348, 39.712142380602572 ], [ 74.500021750897517, 39.712067300799987 ], [ 74.501003893616726, 39.712071532534985 ] ] } },
{ "type": "Feature", "properties": { "ID": 213, "长度": 0.059421054968937161, "FEATUREID": "OFBA003C1AJ430010020000104", "CHFCAC": "000104", "GZEAB": "", "KCDDEF": 6.1186213493347168, "GZEEB": "05", "GZECD": "", "GZECE": 65.0, "GZEHG": "D2t,D1s", "GZAG": "101", "GZEEE": "101", "GZELD": "101", "GZEEC": "106", "GZEKG": "", "GZEHH": "", "PKIGJ": "1∶250000 库尔干幅(J43C001002)建造构造图", "linetype": 1, "aux_linetype": 0, "width": 0.30000001192092896, "x_coef": 5.0, "y_coef": 5.0, "_src_file": "LDZOFBA003.WL", "_src_id": 102 }, "geometry": { "type": "LineString", "coordinates": [ [ 73.976797128271826, 39.669119720254969 ], [ 73.97927509991095, 39.672149406041747 ], [ 73.981467435281843, 39.674053108447026 ], [ 73.983945894705201, 39.677274905871663 ], [ 73.985933497472502, 39.679866725711918 ], [ 73.987925217730506, 39.681833316629778 ], [ 73.989015550234498, 39.683015968216921 ], [ 73.991478364961353, 39.6866195848052 ], [ 73.993003385660003, 39.689702197386296 ], [ 73.994045643521915, 39.691993438999916 ], [ 73.995703956656911, 39.694766518287793 ], [ 73.996889327684059, 39.696346167098078 ], [ 73.999077480196732, 39.699713912800796 ], [ 73.999447768907913, 39.700440797839811 ], [ 73.999857671934791, 39.70115389090838 ], [ 74.000313337430995, 39.701851700447286 ], [ 74.000805816693884, 39.702532772308103 ], [ 74.002113859156367, 39.704542133785516 ], [ 74.003837241549135, 39.707617377770333 ], [ 74.006191439088582, 39.710527930966968 ], [ 74.009418513927685, 39.714351479404868 ], [ 74.01027385072949, 39.715332206360905 ], [ 74.010868101870017, 39.716106521100301 ], [ 74.011407827872247, 39.717021577426017 ] ] } },
{ "type": "Feature", "properties": { "ID": 216, "长度": 0.031770859613397207, "FEATUREID": "OFBA003C1AJ430010020000105", "CHFCAC": "000105", "GZEAB": "", "KCDDEF": 2.7543697357177734, "GZEEB": "01", "GZECD": "", "GZECE": 0.0, "GZEHG": "EK,N1k", "GZAG": "101", "GZEEE": "101", "GZELD": "109", "GZEEC": "106", "GZEKG": "", "GZEHH": "", "PKIGJ": "1∶250000 库尔干幅(J43C001002)建造构造图", "linetype": 1, "aux_linetype": 0, "width": 0.30000001192092896, "x_coef": 5.0, "y_coef": 5.0, "_src_file": "LDZOFBA003.WL", "_src_id": 103 }, "geometry": { "type": "LineString", "coordinates": [ [ 74.470160687903615, 39.699146196045575 ], [ 74.473236940890772, 39.699434753765964 ], [ 74.480459982986943, 39.700498797922862 ], [ 74.481915296662663, 39.700731240914415 ], [ 74.487035443742784, 39.701549034312549 ], [ 74.487737189244399, 39.701660916962133 ], [ 74.495479780902869, 39.703511207108008 ], [ 74.50141520061787, 39.704683522822506 ] ] } },
{ "type": "Feature", "properties": { "ID": 219, "长度": 0.069477603722304854, "FEATUREID": "OFBA003C1AJ430010020000106", "CHFCAC": "000106", "GZEAB": "", "KCDDEF": 6.3841748237609863, "GZEEB": "05", "GZECD": "", "GZECE": 0.0, "GZEHG": "N1a,N1p", "GZAG": "101", "GZEEE": "101", "GZELD": "101", "GZEEC": "106", "GZEKG": "", "GZEHH": "", "PKIGJ": "1∶250000 库尔干幅(J43C001002)建造构造图", "linetype": 1, "aux_linetype": 0, "width": 0.30000001192092896, "x_coef": 5.0, "y_coef": 5.0, "_src_file": "LDZOFBA003.WL", "_src_id": 104 }, "geometry": { "type": "LineString", "coordinates": [ [ 74.159664914414122, 39.657424891004595 ], [ 74.162629117857648, 39.659022184908743 ], [ 74.165407875605823, 39.660530991093751 ], [ 74.171415197680375, 39.663352607176918 ], [ 74.181373500184762, 39.667595718939396 ], [ 74.183675900758871, 39.66855490077014 ], [ 74.185531161520586, 39.669649639432123 ], [ 74.186945844294442, 39.670675679949362 ], [ 74.188711720230373, 39.671564873392668 ], [ 74.190300855762132, 39.672180434271411 ], [ 74.19232795470522, 39.672932747673052 ], [ 74.194357547610721, 39.67375343032559 ], [ 74.196035689658743, 39.674505713570568 ], [ 74.199125944448681, 39.67614705604047 ], [ 74.205997153189969, 39.680260065350886 ], [ 74.212155067484716, 39.684172756815187 ], [ 74.216373782130475, 39.686644732290674 ], [ 74.218396750026997, 39.687743429613029 ], [ 74.221056623698047, 39.68956602142601 ] ] } },
{ "type": "Feature", "properties": { "ID": 221, "长度": 0.12046797221653315, "FEATUREID": "OFBA003C1AJ430010020000107", "CHFCAC": "000107", "GZEAB": "", "KCDDEF": 10.511878967285156, "GZEEB": "01", "GZECD": "", "GZECE": 70.0, "GZEHG": "N1p", "GZAG": "101", "GZEEE": "101", "GZELD": "109", "GZEEC": "106", "GZEKG": "", "GZEHH": "", "PKIGJ": "1∶250000 库尔干幅(J43C001002)建造构造图", "linetype": 1, "aux_linetype": 0, "width": 0.30000001192092896, "x_coef": 10.0, "y_coef": 10.0, "_src_file": "LDZOFBA003.WL", "_src_id": 105 }, "geometry": { "type": "LineString", "coordinates": [ [ 74.596056962749117, 39.689776122545609 ], [ 74.599144516575294, 39.689866056379941 ], [ 74.600521552604121, 39.689791733915833 ], [ 74.602998786661772, 39.689503938488976 ], [ 74.60843189778717, 39.688356003010377 ], [ 74.615185553533962, 39.686747325047165 ], [ 74.619415069062285, 39.685776123253035 ], [ 74.621298305843624, 39.685234293233314 ], [ 74.622469885639134, 39.68499199743254 ], [ 74.623821133243993, 39.684778066243666 ], [ 74.625953094594124, 39.684485182846487 ], [ 74.629149146851489, 39.683698721587113 ], [ 74.631778495953483, 39.682991669682764 ], [ 74.633947770752982, 39.682613313803657 ], [ 74.638576731174751, 39.68163697909884 ], [ 74.643523973785733, 39.680578862518814 ], [ 74.646835929434928, 39.679680582137948 ], [ 74.65089312047904, 39.678402288442001 ], [ 74.654365951511096, 39.677268692071927 ], [ 74.658723082373825, 39.676029537716538 ], [ 74.663117648429221, 39.674763007605939 ], [ 74.666127213472237, 39.673925744756794 ], [ 74.667999019965848, 39.673520474799624 ], [ 74.668953788097241, 39.673359033283766 ], [ 74.670401363395243, 39.673226647704183 ], [ 74.67156665491656, 39.673093315520489 ], [ 74.673011692042238, 39.673043192957884 ], [ 74.674963262800347, 39.673076842601077 ], [ 74.676952280711689, 39.673083092595128 ], [ 74.679117066427139, 39.673062428994882 ], [ 74.680185308949163, 39.672956015106905 ], [ 74.681216379147727, 39.672794615866636 ], [ 74.685659344057299, 39.67168356505281 ], [ 74.692295023767741, 39.669865771709709 ], [ 74.697115671966657, 39.668116729424767 ], [ 74.697980225105368, 39.667844990077242 ], [ 74.698851050145279, 39.667591547112494 ], [ 74.699732500076138, 39.667356587789399 ], [ 74.700620916314804, 39.667140288096292 ], [ 74.701515640385793, 39.666942806027016 ], [ 74.702417002226298, 39.666764290557907 ], [ 74.703325328953127, 39.666604874916089 ], [ 74.704240944850469, 39.666464678831588 ], [ 74.705157171386318, 39.66634380403454 ], [ 74.706081324258037, 39.666242343254602 ], [ 74.706461594571238, 39.666236039504199 ], [ 74.707430908323659, 39.666153818781417 ], [ 74.708248789781862, 39.665957547662011 ], [ 74.709399092496497, 39.665648704386861 ], [ 74.711481628189517, 39.665087098695587 ], [ 74.712709898558543, 39.664892035276125 ], [ 74.71339387230941, 39.664781242492516 ] ] } },
{ "type": "Feature", "properties": { "ID": 222, "长度": 0.21476172834054227, "FEATUREID": "OFBA003C1AJ430010020000108", "CHFCAC": "000108", "GZEAB": "", "KCDDEF": 18.641496658325195, "GZEEB": "05", "GZECD": "", "GZECE": 55.0, "GZEHG": "N1k,EK", "GZAG": "101", "GZEEE": "101", "GZELD": "101", "GZEEC": "106", "GZEKG": "", "GZEHH": "", "PKIGJ": "1∶250000 库尔干幅(J43C001002)建造构造图", "linetype": 1, "aux_linetype": 0, "width": 0.30000001192092896, "x_coef": 5.0, "y_coef": 5.0, "_src_file": "LDZOFBA003.WL", "_src_id": 106 }, "geometry": { "type": "LineString", "coordinates": [ [ 74.789117009539723, 39.67218477856953 ], [ 74.793847227524026, 39.672487207973504 ], [ 74.797689999951558, 39.672558635291793 ], [ 74.804313769546894, 39.672476521174808 ], [ 74.810763061448583, 39.672118461827374 ], [ 74.815855380753007, 39.671978037469273 ], [ 74.821630516783245, 39.671900853626106 ], [ 74.825227896917085, 39.671892524898297 ], [ 74.82972501053753, 39.672106555573862 ], [ 74.833526758429628, 39.672289598351099 ], [ 74.836665217346791, 39.672277980226916 ], [ 74.840079074206713, 39.672077403642199 ], [ 74.84871729012211, 39.671636022977054 ], [ 74.854090578680811, 39.671429012711485 ], [ 74.857131387669313, 39.671096521391441 ], [ 74.862885272864304, 39.670421205193691 ], [ 74.86671186706657, 39.669700319367124 ], [ 74.87013354080527, 39.668874690269433 ], [ 74.872674118277232, 39.668238773911995 ], [ 74.873817577201208, 39.668022806259096 ], [ 74.875757715671497, 39.667999810180575 ], [ 74.879463783047996, 39.667926028378474 ], [ 74.881507978440027, 39.667711949803298 ], [ 74.884880072712676, 39.667391065848278 ], [ 74.889981244969661, 39.667127279220203 ], [ 74.892636527553805, 39.667022806789966 ], [ 74.893753209808764, 39.667079447869988 ], [ 74.89497560878236, 39.667163582143509 ], [ 74.896722656303496, 39.667357901786055 ], [ 74.89940988119379, 39.667881662061795 ], [ 74.902238453169247, 39.668542190242782 ], [ 74.908258815918117, 39.669371780467067 ], [ 74.913649264068411, 39.670554853467145 ], [ 74.919322015463422, 39.671689102068676 ], [ 74.925628487516036, 39.673206702959646 ], [ 74.935397096402397, 39.675737042910995 ], [ 74.941112011477728, 39.677546215792368 ], [ 74.945039088499485, 39.678752410159113 ], [ 74.946231153481889, 39.679163290508981 ], [ 74.947071470538432, 39.679627074818171 ], [ 74.949875454855942, 39.681072277139428 ], [ 74.953805404598668, 39.682816759732994 ], [ 74.955321551500205, 39.6834123963583 ], [ 74.956237793437793, 39.683709999193027 ], [ 74.957117827661293, 39.683980476623326 ], [ 74.957999064699138, 39.684115128891698 ], [ 74.958811751153235, 39.684277030261171 ], [ 74.960573541385742, 39.68457467761116 ], [ 74.962056280733393, 39.684657918745906 ], [ 74.963397083244459, 39.684659747371413 ], [ 74.964667188915769, 39.684715602998267 ], [ 74.966359516215007, 39.684853210080355 ], [ 74.967736107846648, 39.685071581042678 ], [ 74.968194492829795, 39.685207526014487 ], [ 74.968793021508532, 39.685343653545097 ], [ 74.969710988047254, 39.685534328215411 ], [ 74.970381213118671, 39.685616404252478 ], [ 74.971615874471652, 39.685753341698529 ], [ 74.974861179923025, 39.686163495019883 ], [ 74.978570655939762, 39.686872892951513 ], [ 74.980643518166772, 39.687533771678844 ], [ 74.981731245288671, 39.68787989280608 ], [ 74.983365142768804, 39.688424051481853 ], [ 74.984753586578918, 39.689021910897708 ], [ 74.985484084761708, 39.689320892740561 ], [ 74.98635254924514, 39.689674238536774 ], [ 74.987253734248355, 39.690054707036857 ], [ 74.988019128892518, 39.690299594788009 ], [ 74.98874975957682, 39.690544420095215 ], [ 74.989755804461225, 39.690654361469697 ], [ 74.990765059325469, 39.690656022171147 ], [ 74.992539966715526, 39.690630247056973 ], [ 74.99508557467756, 39.690387118634369 ], [ 74.996165799502208, 39.690360364912657 ], [ 75.000000999994413, 39.689754572731736 ] ] } },
{ "type": "Feature", "properties": { "ID": 224, "长度": 0.21655568094429473, "FEATUREID": "OFBA003C1AJ430010020000109", "CHFCAC": "000109", "GZEAB": "", "KCDDEF": 19.311697006225586, "GZEEB": "05", "GZECD": "", "GZECE": 72.0, "GZEHG": "N1k,EK", "GZAG": "101", "GZEEE": "101", "GZELD": "101", "GZEEC": "106", "GZEKG": "", "GZEHH": "", "PKIGJ": "1∶250000 库尔干幅(J43C001002)建造构造图", "linetype": 1, "aux_linetype": 0, "width": 0.30000001192092896, "x_coef": 5.0, "y_coef": 5.0, "_src_file": "LDZOFBA003.WL", "_src_id": 107 }, "geometry": { "type": "LineString", "coordinates": [ [ 74.357195297382845, 39.683141501622679 ], [ 74.360351142594737, 39.683379860115075 ], [ 74.368359559082549, 39.68431275171384 ], [ 74.378529789616636, 39.685770083612681 ], [ 74.383304002855894, 39.686588273993074 ], [ 74.384955292794587, 39.686979778991159 ], [ 74.387249322321566, 39.687585046386573 ], [ 74.389178717335867, 39.687904731635221 ], [ 74.390921199653405, 39.688045881084633 ], [ 74.392801215738942, 39.688151116955282 ], [ 74.394815242364047, 39.688293057975542 ], [ 74.397095453930731, 39.688507377116345 ], [ 74.399465138821341, 39.688828864370691 ], [ 74.401383177703607, 39.689257568032872 ], [ 74.403753738517281, 39.689900625847031 ], [ 74.405671115698397, 39.690436477628182 ], [ 74.411009132861608, 39.691329126312404 ], [ 74.413425107237686, 39.691469886479595 ], [ 74.41570304226093, 39.691539033019374 ], [ 74.418869475448275, 39.691570924503438 ], [ 74.421773688474545, 39.69178165705209 ], [ 74.426014303324266, 39.691954666196082 ], [ 74.429102638366061, 39.692093398484509 ], [ 74.431915002834714, 39.692375565196457 ], [ 74.433759288356057, 39.692587537879142 ], [ 74.435374230328961, 39.693086047781165 ], [ 74.43744930090709, 39.693905848349409 ], [ 74.439851939858215, 39.695297643431886 ], [ 74.441226922928479, 39.695760572260873 ], [ 74.443188618944973, 39.6962210042782 ], [ 74.445603363533181, 39.696537186054719 ], [ 74.448340426579207, 39.696674998762987 ], [ 74.450801607635753, 39.696706522491624 ], [ 74.452943470942444, 39.696667406209684 ], [ 74.454401714192116, 39.696629403908865 ], [ 74.456542670548174, 39.696376865648489 ], [ 74.46155094090085, 39.695332661783553 ], [ 74.464057997566101, 39.694577388448472 ], [ 74.46574303019004, 39.694002576196262 ], [ 74.468249389005365, 39.69263964720097 ], [ 74.469480771886893, 39.691600555935956 ], [ 74.472347287664689, 39.688842159743842 ], [ 74.476176849150903, 39.685406306196796 ], [ 74.478141197391949, 39.684155672997967 ], [ 74.479694527883041, 39.683405111498175 ], [ 74.481476413222609, 39.682761551434403 ], [ 74.484263602248618, 39.682010356394443 ], [ 74.488141933338397, 39.681794578914484 ], [ 74.49237841632727, 39.68154390847797 ], [ 74.49547338478736, 39.68115049460804 ], [ 74.498433032710579, 39.680578232040148 ], [ 74.499885135085364, 39.680282199016233 ], [ 74.500357900951172, 39.680208395193652 ], [ 74.503273612997788, 39.679200151826912 ], [ 74.509639168221142, 39.676883675037089 ], [ 74.515557786967776, 39.674288347378855 ], [ 74.520041084743198, 39.672212183180697 ], [ 74.521902087852595, 39.67123807287161 ], [ 74.523401430668386, 39.670295815327783 ], [ 74.525035707109836, 39.6690390914384 ], [ 74.525593863716381, 39.668563670612727 ], [ 74.526334738406391, 39.668164529944185 ], [ 74.527069326933074, 39.667759603334289 ], [ 74.527797550266229, 39.667348931089926 ], [ 74.528522335162734, 39.666932560297653 ], [ 74.529239608446971, 39.666510529038852 ], [ 74.529953293990232, 39.66608288213888 ], [ 74.530660318583571, 39.665649664435954 ], [ 74.53135960902442, 39.665210920769326 ], [ 74.532055103800005, 39.664766691522992 ], [ 74.533069969314255, 39.663967492225957 ], [ 74.536361531026358, 39.661755097883848 ], [ 74.54048976306845, 39.659094778400011 ], [ 74.542203980723954, 39.657902101854425 ], [ 74.543081773601116, 39.657291702730319 ], [ 74.547033284376852, 39.654826133227054 ], [ 74.549502560241777, 39.653547995165425 ], [ 74.553881796829174, 39.651180712526234 ], [ 74.559495837383139, 39.648219401893094 ] ] } },
{ "type": "Feature", "properties": { "ID": 226, "长度": 0.19488623979395306, "FEATUREID": "OFBA003C1AJ430010020000110", "CHFCAC": "000110", "GZEAB": "", "KCDDEF": 16.913152694702148, "GZEEB": "01", "GZECD": "", "GZECE": 0.0, "GZEHG": "EK,N1k,K2Y", "GZAG": "101", "GZEEE": "101", "GZELD": "109", "GZEEC": "106", "GZEKG": "", "GZEHH": "", "PKIGJ": "1∶250000 库尔干幅(J43C001002)建造构造图", "linetype": 1, "aux_linetype": 0, "width": 0.30000001192092896, "x_coef": 10.0, "y_coef": 10.0, "_src_file": "LDZOFBA003.WL", "_src_id": 108 }, "geometry": { "type": "LineString", "coordinates": [ [ 74.350779694583807, 39.682071540180161 ], [ 74.355866580197116, 39.681853521401145 ], [ 74.360551197513914, 39.681517214482632 ], [ 74.364394556652883, 39.681328776291359 ], [ 74.366783555678637, 39.681325810611888 ], [ 74.36884700319429, 39.681543738380576 ], [ 74.370347024902799, 39.681725597532044 ], [ 74.372092248901609, 39.681798047277397 ], [ 74.373507970948495, 39.68187074710125 ], [ 74.37657514644134, 39.681905503031466 ], [ 74.37836728075159, 39.681867066271515 ], [ 74.382709840354423, 39.681899682479035 ], [ 74.384973959902254, 39.681897450565103 ], [ 74.387003129741601, 39.68189541301102 ], [ 74.389457456684781, 39.682076751912327 ], [ 74.391297509311627, 39.682332222845091 ], [ 74.392881989166582, 39.682471527025818 ], [ 74.394221265175972, 39.682623748138241 ], [ 74.395864994561563, 39.682660443561822 ], [ 74.398303724011498, 39.682549978097967 ], [ 74.404021473880093, 39.681736180608986 ], [ 74.406035638068005, 39.681513353020492 ], [ 74.407721988439818, 39.681401246466102 ], [ 74.409645855213512, 39.681325689658287 ], [ 74.411942518925287, 39.681176090949009 ], [ 74.414613479344496, 39.680805192572301 ], [ 74.420507446665468, 39.680282652339116 ], [ 74.422735135577412, 39.680095953376863 ], [ 74.425819221710015, 39.679696008150032 ], [ 74.427893706954066, 39.679427113839054 ], [ 74.431021246508394, 39.679202312359237 ], [ 74.434239511508025, 39.678977302797733 ], [ 74.437839902288701, 39.67878849623493 ], [ 74.445516815810024, 39.678961309814575 ], [ 74.450308052135824, 39.679285214312848 ], [ 74.451764420816389, 39.67946694808208 ], [ 74.453407305113643, 39.679501187335916 ], [ 74.455380858643011, 39.679498093524344 ], [ 74.457585602878652, 39.679237023041829 ], [ 74.460216740448843, 39.678864843493507 ], [ 74.463219663968047, 39.678528780393322 ], [ 74.473183750428021, 39.677236654951059 ], [ 74.476189426688833, 39.676683444180817 ], [ 74.47975976603469, 39.6760195041741 ], [ 74.48757206308882, 39.674507192786379 ], [ 74.48991313628828, 39.674028431024979 ], [ 74.491834629076109, 39.673770494854558 ], [ 74.494364042713912, 39.673475600651628 ], [ 74.496325166838261, 39.673222162191244 ], [ 74.498518391038942, 39.672859773354851 ], [ 74.499905924625295, 39.672605961765548 ], [ 74.501669172083865, 39.672236611697208 ], [ 74.503935174686944, 39.67176115480801 ], [ 74.506156885300172, 39.671240352929473 ], [ 74.509348318147843, 39.670346685079423 ], [ 74.512887044574526, 39.669092009670713 ], [ 74.516061773635798, 39.667736746602316 ], [ 74.516856023251165, 39.667367540400619 ], [ 74.517727977590184, 39.667038453070965 ], [ 74.518605161899856, 39.666717777150204 ], [ 74.519485442057203, 39.666405563754211 ], [ 74.520374675223565, 39.666101861714573 ], [ 74.521265727339909, 39.665806715399626 ], [ 74.522163461395451, 39.665520175923831 ], [ 74.523064737567353, 39.66524228088403 ], [ 74.524732990899011, 39.664408576111001 ], [ 74.528553134476098, 39.66268971857702 ], [ 74.533284803153066, 39.660784178408889 ], [ 74.536790178122288, 39.659554834845274 ], [ 74.540491148573437, 39.658330409522165 ], [ 74.542203980723954, 39.657902101854425 ] ] } },
{ "type": "Feature", "properties": { "ID": 232, "长度": 0.013791568217461131, "FEATUREID": "OFBA003C1AJ430010020000111", "CHFCAC": "000111", "GZEAB": "", "KCDDEF": 1.4973486661911011, "GZEEB": "31", "GZECD": "", "GZECE": 0.0, "GZEHG": "S3-4t,N1p", "GZAG": "101", "GZEEE": "101", "GZELD": "109", "GZEEC": "106", "GZEKG": "", "GZEHH": "", "PKIGJ": "1∶250000 库尔干幅(J43C001002)建造构造图", "linetype": 18, "aux_linetype": 0, "width": 0.30000001192092896, "x_coef": 3.0, "y_coef": 5.0, "_src_file": "LDZOFBA003.WL", "_src_id": 109 }, "geometry": { "type": "LineString", "coordinates": [ [ 74.059584719334737, 39.670815785803633 ], [ 74.06065210830964, 39.668101860072461 ], [ 74.060769638453351, 39.667829306344764 ], [ 74.060893087365955, 39.667014080879177 ], [ 74.060996540917571, 39.666197196183212 ], [ 74.061079963800609, 39.665378944732701 ], [ 74.060664138177216, 39.662756230168149 ], [ 74.059925288929477, 39.660718565452335 ], [ 74.058809027273711, 39.658579781430127 ], [ 74.058405309442747, 39.657806265052329 ] ] } },
{ "type": "Feature", "properties": { "ID": 233, "长度": 0.030092973456280106, "FEATUREID": "OFBA003C1AJ430010020000112", "CHFCAC": "000112", "GZEAB": "", "KCDDEF": 2.5852582454681396, "GZEEB": "01", "GZECD": "", "GZECE": 80.0, "GZEHG": "D2t,D1s", "GZAG": "101", "GZEEE": "101", "GZELD": "109", "GZEEC": "106", "GZEKG": "", "GZEHH": "", "PKIGJ": "1∶250000 库尔干幅(J43C001002)建造构造图", "linetype": 1, "aux_linetype": 0, "width": 0.30000001192092896, "x_coef": 5.0, "y_coef": 5.0, "_src_file": "LDZOFBA003.WL", "_src_id": 110 }, "geometry": { "type": "LineString", "coordinates": [ [ 73.96552311459773, 39.668335470353384 ], [ 73.974374082156942, 39.669096208525644 ], [ 73.975181763814192, 39.669104050525867 ], [ 73.976797128271826, 39.669119720254969 ], [ 73.978713374549912, 39.669138298877577 ], [ 73.98648733562699, 39.669213266870834 ], [ 73.987345571740263, 39.669264670935874 ], [ 73.995566607685532, 39.669757259681269 ] ] } },
{ "type": "Feature", "properties": { "ID": 235, "长度": 0.06057609178540635, "FEATUREID": "OFBA003C1AJ430010020000113", "CHFCAC": "000113", "GZEAB": "", "KCDDEF": 6.1828489303588867, "GZEEB": "05", "GZECD": "", "GZECE": 70.0, "GZEHG": "D2t,D1s", "GZAG": "101", "GZEEE": "101", "GZELD": "101", "GZEEC": "106", "GZEKG": "", "GZEHH": "", "PKIGJ": "1∶250000 库尔干幅(J43C001002)建造构造图", "linetype": 1, "aux_linetype": 0, "width": 0.30000001192092896, "x_coef": 5.0, "y_coef": 5.0, "_src_file": "LDZOFBA003.WL", "_src_id": 111 }, "geometry": { "type": "LineString", "coordinates": [ [ 73.987345571740263, 39.669264670935874 ], [ 73.985264633025096, 39.666660331003264 ], [ 73.982071683395858, 39.6634248168168 ], [ 73.977380064440283, 39.658660824884677 ], [ 73.971769425462, 39.653069106108937 ], [ 73.967645122056297, 39.648086747425715 ], [ 73.963877884165754, 39.643392758204868 ], [ 73.960090515644282, 39.637672265801399 ], [ 73.952483842373624, 39.62570767861024 ], [ 73.950027900170781, 39.621860823790236 ] ] } },
{ "type": "Feature", "properties": { "ID": 241, "长度": 0.011140097192430897, "FEATUREID": "OFBA003C1AJ430010020000114", "CHFCAC": "000114", "GZEAB": "", "KCDDEF": 1.1892032623291016, "GZEEB": "31", "GZECD": "", "GZECE": 0.0, "GZEHG": "S3-4t,N1p", "GZAG": "101", "GZEEE": "101", "GZELD": "109", "GZEEC": "106", "GZEKG": "", "GZEHH": "", "PKIGJ": "1∶250000 库尔干幅(J43C001002)建造构造图", "linetype": 18, "aux_linetype": 0, "width": 0.30000001192092896, "x_coef": 3.0, "y_coef": 5.0, "_src_file": "LDZOFBA003.WL", "_src_id": 112 }, "geometry": { "type": "LineString", "coordinates": [ [ 74.057241766284392, 39.655416896410266 ], [ 74.054608151130793, 39.650060625687765 ], [ 74.05240910450695, 39.645380093403972 ] ] } },
{ "type": "Feature", "properties": { "ID": 243, "长度": 0.012319472454467188, "FEATUREID": "OFBA003C1AJ430010020000115", "CHFCAC": "000115", "GZEAB": "F9", "KCDDEF": 90.466499328613281, "GZEEB": "41", "GZECD": "", "GZECE": 0.0, "GZEHG": "碎裂岩、构造角砾岩、糜棱岩和糜棱岩化岩石、片理化岩石、石英脉、蛇绿岩团块和地层中内生的变砂岩团块", "GZAG": "103", "GZEEE": "101", "GZELD": "109", "GZEEC": "106", "GZEKG": "", "GZEHH": "", "PKIGJ": "1∶250000 库尔干幅(J43C001002)建造构造图", "linetype": 1, "aux_linetype": 0, "width": 0.80000001192092896, "x_coef": 10.0, "y_coef": 10.0, "_src_file": "LDZOFBA003.WL", "_src_id": 113 }, "geometry": { "type": "LineString", "coordinates": [ [ 74.606566790524099, 39.649041966210909 ], [ 74.608157631686808, 39.648804889696407 ], [ 74.609984764545189, 39.648281091390345 ], [ 74.612459036475002, 39.647174780537227 ], [ 74.61439724658365, 39.645983615888419 ], [ 74.617473089625648, 39.643709873250749 ] ] } },
{ "type": "Feature", "properties": { "ID": 245, "长度": 0.050273952742842638, "FEATUREID": "OFBA003C1AJ430010020000116", "CHFCAC": "000116", "GZEAB": "", "KCDDEF": 4.5358724594116211, "GZEEB": "01", "GZECD": "", "GZECE": 0.0, "GZEHG": "EK", "GZAG": "101", "GZEEE": "101", "GZELD": "109", "GZEEC": "106", "GZEKG": "", "GZEHH": "", "PKIGJ": "1∶250000 库尔干幅(J43C001002)建造构造图", "linetype": 1, "aux_linetype": 0, "width": 0.30000001192092896, "x_coef": 10.0, "y_coef": 10.0, "_src_file": "LDZOFBA003.WL", "_src_id": 114 }, "geometry": { "type": "LineString", "coordinates": [ [ 74.570883131045605, 39.638901612853793 ], [ 74.573905920895626, 39.637264117025367 ], [ 74.57719585833911, 39.635017040462102 ], [ 74.58094193417017, 39.632019878272843 ], [ 74.582912002190525, 39.630209293457277 ], [ 74.584165347796343, 39.629089216742983 ], [ 74.586039023504242, 39.628292649348531 ], [ 74.589846907304604, 39.627241599609505 ], [ 74.592105653665925, 39.62661735153246 ], [ 74.599251057406676, 39.625214413367182 ], [ 74.604969292300368, 39.624057484697559 ], [ 74.609815512877503, 39.622841103566074 ], [ 74.612145593515038, 39.622355418056223 ], [ 74.614352693291551, 39.621714621931609 ], [ 74.615903780439766, 39.621210356529922 ], [ 74.616808142353676, 39.620931510675753 ] ] } },
{ "type": "Feature", "properties": { "ID": 246, "长度": 0.034503213985868392, "FEATUREID": "OFBA003C1AJ430010020000117", "CHFCAC": "000117", "GZEAB": "", "KCDDEF": 3.0104134082794189, "GZEEB": "01", "GZECD": "", "GZECE": 0.0, "GZEHG": "N1a,EK,N1k", "GZAG": "101", "GZEEE": "101", "GZELD": "109", "GZEEC": "106", "GZEKG": "", "GZEHH": "", "PKIGJ": "1∶250000 库尔干幅(J43C001002)建造构造图", "linetype": 1, "aux_linetype": 0, "width": 0.30000001192092896, "x_coef": 10.0, "y_coef": 10.0, "_src_file": "LDZOFBA003.WL", "_src_id": 115 }, "geometry": { "type": "LineString", "coordinates": [ [ 74.521940781406059, 39.637781731038658 ], [ 74.523645449111029, 39.638131066010928 ], [ 74.525191275371256, 39.638228919386485 ], [ 74.528341970634216, 39.638019536067127 ], [ 74.531137921322568, 39.637537365808733 ], [ 74.535442403346906, 39.636296733917426 ], [ 74.537972896517317, 39.635666047126058 ], [ 74.538455549325448, 39.635545745696618 ], [ 74.540773419206417, 39.634881376687453 ], [ 74.542799727145592, 39.634125452418544 ], [ 74.546103225900822, 39.633240275974046 ], [ 74.549751497552407, 39.632490300657281 ], [ 74.553806020655315, 39.631696919603684 ], [ 74.555585566404062, 39.631565761386931 ] ] } },
{ "type": "Feature", "properties": { "ID": 247, "长度": 0.088795667926989133, "FEATUREID": "OFBA003C1AJ430010020000118", "CHFCAC": "000118", "GZEAB": "", "KCDDEF": 8.0153017044067383, "GZEEB": "01", "GZECD": "", "GZECE": 0.0, "GZEHG": "EK,N1k,N1a", "GZAG": "101", "GZEEE": "101", "GZELD": "109", "GZEEC": "106", "GZEKG": "", "GZEHH": "", "PKIGJ": "1∶250000 库尔干幅(J43C001002)建造构造图", "linetype": 1, "aux_linetype": 0, "width": 0.30000001192092896, "x_coef": 10.0, "y_coef": 10.0, "_src_file": "LDZOFBA003.WL", "_src_id": 116 }, "geometry": { "type": "LineString", "coordinates": [ [ 74.43845149228892, 39.603520582438854 ], [ 74.441191991350394, 39.604161511531615 ], [ 74.442953304035271, 39.605100742605174 ], [ 74.446472968247278, 39.607241211096948 ], [ 74.449638339417575, 39.609369337223001 ], [ 74.453749000083306, 39.611227851984296 ], [ 74.459133958635448, 39.612908838768448 ], [ 74.463105269607297, 39.613663850237685 ], [ 74.466953265822369, 39.615062818857865 ], [ 74.470101217950585, 39.616366721431255 ], [ 74.474176210141309, 39.618966311313784 ], [ 74.47697390752181, 39.620880636296185 ], [ 74.477439861649927, 39.62119922097957 ], [ 74.48315920551164, 39.624788693440543 ], [ 74.488300094029185, 39.627231630502592 ], [ 74.493599527197404, 39.629570955579922 ], [ 74.495929463987437, 39.630070418895521 ], [ 74.498712872365545, 39.630666806986945 ], [ 74.499727939831985, 39.630898451533213 ], [ 74.500755553368592, 39.631103390000739 ], [ 74.501789545876264, 39.63128138746449 ], [ 74.502493991025844, 39.631454855979328 ], [ 74.504462355900174, 39.631892478688449 ], [ 74.505797584441268, 39.632189537644393 ], [ 74.510280810857893, 39.633289468305271 ], [ 74.513477169645427, 39.634116192598349 ], [ 74.515363437080168, 39.63480138614824 ], [ 74.517703430736589, 39.635849161192837 ], [ 74.519803793838591, 39.636933771516404 ] ] } },
{ "type": "Feature", "properties": { "ID": 248, "长度": 0.042968687987362121, "FEATUREID": "OFBA003C1AJ430010020000119", "CHFCAC": "000119", "GZEAB": "F9", "KCDDEF": 90.466499328613281, "GZEEB": "41", "GZECD": "", "GZECE": 0.0, "GZEHG": "碎裂岩、构造角砾岩、糜棱岩和糜棱岩化岩石、片理化岩石、石英脉、蛇绿岩团块和地层中内生的变砂岩团块", "GZAG": "103", "GZEEE": "101", "GZELD": "109", "GZEEC": "106", "GZEKG": "", "GZEHH": "", "PKIGJ": "1∶250000 库尔干幅(J43C001002)建造构造图", "linetype": 1, "aux_linetype": 0, "width": 0.80000001192092896, "x_coef": 10.0, "y_coef": 10.0, "_src_file": "LDZOFBA003.WL", "_src_id": 117 }, "geometry": { "type": "LineString", "coordinates": [ [ 74.663181654880347, 39.63668917503302 ], [ 74.665294476690775, 39.635434320933001 ], [ 74.668917157832752, 39.633206843898861 ], [ 74.670969505556783, 39.631880595770809 ], [ 74.673087186732062, 39.630714394518229 ], [ 74.675603882434729, 39.629712569983717 ], [ 74.679543552667084, 39.62845225297842 ], [ 74.6846377331767, 39.626824171586385 ], [ 74.691431934652996, 39.624353302273995 ], [ 74.694625932829453, 39.622882476880868 ], [ 74.698369956730843, 39.620668956126373 ], [ 74.70193380333501, 39.618623754244105 ] ] } },
{ "type": "Feature", "properties": { "ID": 249, "长度": 0.087222092953450694, "FEATUREID": "OFBA003C1AJ430010020000120", "CHFCAC": "000120", "GZEAB": "", "KCDDEF": 8.6655788421630859, "GZEEB": "31", "GZECD": "", "GZECE": 52.0, "GZEHG": "N1a,S3-4t,N1k", "GZAG": "101", "GZEEE": "101", "GZELD": "109", "GZEEC": "106", "GZEKG": "", "GZEHH": "", "PKIGJ": "1∶250000 库尔干幅(J43C001002)建造构造图", "linetype": 18, "aux_linetype": 0, "width": 0.30000001192092896, "x_coef": 3.0, "y_coef": 5.0, "_src_file": "LDZOFBA003.WL", "_src_id": 118 }, "geometry": { "type": "LineString", "coordinates": [ [ 74.042772727187639, 39.63304609394627 ], [ 74.041876917917264, 39.631245402599752 ], [ 74.040999515445193, 39.62974137372391 ], [ 74.039879952941817, 39.628110478189143 ], [ 74.038677634468982, 39.62679051222937 ], [ 74.037729846440939, 39.625658702357761 ], [ 74.036076113901899, 39.6241447532487 ], [ 74.032752801098184, 39.621927862954962 ], [ 74.031087632588736, 39.620727987986029 ], [ 74.029623491194641, 39.619539812939067 ], [ 74.028087809378917, 39.618503904076569 ], [ 74.026703387944778, 39.617409480081733 ], [ 74.025019224908775, 39.615471497191869 ], [ 74.023491278896373, 39.61359506584774 ], [ 74.022814340967685, 39.612549312775727 ], [ 74.021965760065953, 39.611238351322392 ], [ 74.021209101932939, 39.609609507144825 ], [ 74.020829254349863, 39.609005155899794 ], [ 74.020031596537095, 39.607736013863068 ], [ 74.018513253669823, 39.60519918221793 ], [ 74.017009298366006, 39.602416253693754 ], [ 74.01544378494178, 39.599603087458952 ], [ 74.01477392625057, 39.598440877769882 ], [ 74.013005377595192, 39.59635560995217 ], [ 74.010809503338749, 39.594327021240311 ], [ 74.009237242772898, 39.592667970195279 ], [ 74.006907550441554, 39.590514281575757 ], [ 74.004719707882799, 39.588788020917249 ], [ 74.00463126852712, 39.588725748059332 ], [ 74.003948866950211, 39.588296676921914 ], [ 74.00327143520488, 39.587861066613563 ], [ 74.002605077222384, 39.587418978940242 ], [ 74.001941890944153, 39.58697048691559 ], [ 74.001287980250922, 39.586515654598699 ], [ 74.000641451794536, 39.586054555079912 ], [ 74.000004397669244, 39.585587261325188 ], [ 73.999372924540509, 39.585113844174955 ], [ 73.998749124451592, 39.584634378847682 ], [ 73.998131098230033, 39.584148936134746 ], [ 73.997524937835706, 39.583657595758055 ], [ 73.996924741135473, 39.583160430735973 ], [ 73.996332597161, 39.582657520765771 ], [ 73.991379005284088, 39.578860399972633 ], [ 73.986421179782951, 39.575029623116379 ], [ 73.982532471983149, 39.571763305957582 ] ] } },
{ "type": "Feature", "properties": { "ID": 252, "长度": 0.030515817025827934, "FEATUREID": "OFBA003C1AJ430010020000121", "CHFCAC": "000121", "GZEAB": "", "KCDDEF": 2.6529827117919922, "GZEEB": "01", "GZECD": "", "GZECE": 0.0, "GZEHG": "EK,N1k", "GZAG": "101", "GZEEE": "101", "GZELD": "109", "GZEEC": "106", "GZEKG": "", "GZEHH": "", "PKIGJ": "1∶250000 库尔干幅(J43C001002)建造构造图", "linetype": 1, "aux_linetype": 0, "width": 0.30000001192092896, "x_coef": 10.0, "y_coef": 10.0, "_src_file": "LDZOFBA003.WL", "_src_id": 119 }, "geometry": { "type": "LineString", "coordinates": [ [ 74.559917948973236, 39.631246422503438 ], [ 74.563189461856169, 39.631708017673247 ], [ 74.566206061228655, 39.632028477977478 ], [ 74.566925397001114, 39.632031005023279 ], [ 74.567952850586749, 39.632034598258656 ], [ 74.569937924721941, 39.631855470354076 ], [ 74.572086513393998, 39.631429357331065 ], [ 74.578844542878002, 39.629904320857065 ], [ 74.589846907304604, 39.627241599609505 ] ] } },
{ "type": "Feature", "properties": { "ID": 254, "长度": 0.015183015272539102, "FEATUREID": "OFBA003C1AJ430010020000122", "CHFCAC": "000122", "GZEAB": "", "KCDDEF": 1.3561303615570068, "GZEEB": "01", "GZECD": "", "GZECE": 0.0, "GZEHG": "N1k,EK", "GZAG": "101", "GZEEE": "101", "GZELD": "109", "GZEEC": "106", "GZEKG": "", "GZEHH": "", "PKIGJ": "1∶250000 库尔干幅(J43C001002)建造构造图", "linetype": 1, "aux_linetype": 0, "width": 0.30000001192092896, "x_coef": 5.0, "y_coef": 5.0, "_src_file": "LDZOFBA003.WL", "_src_id": 120 }, "geometry": { "type": "LineString", "coordinates": [ [ 74.833397831444771, 39.631759482076674 ], [ 74.84762132206788, 39.626447583427371 ] ] } },
{ "type": "Feature", "properties": { "ID": 256, "长度": 0.12703627398866033, "FEATUREID": "OFBA003C1AJ430010020000123", "CHFCAC": "000123", "GZEAB": "", "KCDDEF": 12.426712036132812, "GZEEB": "01", "GZECD": "", "GZECE": 0.0, "GZEHG": "S3-4t,D2t,Qsn", "GZAG": "101", "GZEEE": "101", "GZELD": "109", "GZEEC": "106", "GZEKG": "", "GZEHH": "", "PKIGJ": "1∶250000 库尔干幅(J43C001002)建造构造图", "linetype": 1, "aux_linetype": 0, "width": 0.30000001192092896, "x_coef": 3.0, "y_coef": 3.0, "_src_file": "LDZOFBA003.WL", "_src_id": 121 }, "geometry": { "type": "LineString", "coordinates": [ [ 73.899822685294197, 39.542370468448368 ], [ 73.900251683206506, 39.542520037736793 ], [ 73.904504184862617, 39.543994970758327 ], [ 73.908087458754778, 39.545282371679669 ], [ 73.911569192088862, 39.546812957065171 ], [ 73.915779169678672, 39.54895818966822 ], [ 73.920574307379709, 39.551392530238886 ], [ 73.925329986522556, 39.554191355850506 ], [ 73.930404246124752, 39.557368840517334 ], [ 73.936762669514195, 39.561488745025997 ], [ 73.943663019394549, 39.565898409017748 ], [ 73.949309942410324, 39.569569599545169 ], [ 73.95278914266602, 39.571976833047998 ], [ 73.954437593621847, 39.573441981449058 ], [ 73.955965070630853, 39.575157541798639 ], [ 73.957831482558831, 39.577381208954854 ], [ 73.960263827566337, 39.58091219806014 ], [ 73.962695730642295, 39.584709088403592 ], [ 73.964229452557817, 39.587949942016323 ], [ 73.966027699127181, 39.591358785270245 ], [ 73.968325656233716, 39.595810712101233 ], [ 73.971218932243261, 39.600601578028616 ], [ 73.973891614597477, 39.605117257575778 ], [ 73.974838780087325, 39.60665349564426 ], [ 73.976546562487513, 39.60942907487054 ], [ 73.978673380605116, 39.612063034608212 ], [ 73.979711400618228, 39.613346643789832 ], [ 73.982605141088683, 39.616110181147683 ], [ 73.984035299516677, 39.617476365862238 ], [ 73.989098975631322, 39.621913911801904 ], [ 73.991932541067925, 39.624479790283523 ] ] } },
{ "type": "Feature", "properties": { "ID": 258, "长度": 0.036690340470365852, "FEATUREID": "OFBA003C1AJ430010020000124", "CHFCAC": "000124", "GZEAB": "", "KCDDEF": 3.2908015251159668, "GZEEB": "01", "GZECD": "", "GZECE": 0.0, "GZEHG": "N1k,EK", "GZAG": "101", "GZEEE": "101", "GZELD": "109", "GZEEC": "106", "GZEKG": "", "GZEHH": "", "PKIGJ": "1∶250000 库尔干幅(J43C001002)建造构造图", "linetype": 1, "aux_linetype": 0, "width": 0.30000001192092896, "x_coef": 5.0, "y_coef": 5.0, "_src_file": "LDZOFBA003.WL", "_src_id": 122 }, "geometry": { "type": "LineString", "coordinates": [ [ 74.850291175132327, 39.625722597355285 ], [ 74.857467331489858, 39.622899028981379 ], [ 74.866569640467745, 39.619737945088879 ], [ 74.878703785681324, 39.615889809606067 ], [ 74.882808394699865, 39.613963298527082 ], [ 74.884333739092725, 39.612550438421316 ] ] } },
{ "type": "Feature", "properties": { "ID": 260, "长度": 0.082147986804709042, "FEATUREID": "OFBA003C1AJ430010020000125", "CHFCAC": "000125", "GZEAB": "", "KCDDEF": 7.0973138809204102, "GZEEB": "05", "GZECD": "", "GZECE": 50.0, "GZEHG": "EK", "GZAG": "101", "GZEEE": "101", "GZELD": "101", "GZEEC": "106", "GZEKG": "", "GZEHH": "", "PKIGJ": "1∶250000 库尔干幅(J43C001002)建造构造图", "linetype": 1, "aux_linetype": 0, "width": 0.30000001192092896, "x_coef": 5.0, "y_coef": 5.0, "_src_file": "LDZOFBA003.WL", "_src_id": 123 }, "geometry": { "type": "LineString", "coordinates": [ [ 74.620555309226191, 39.621400330861519 ], [ 74.62521369757269, 39.622035003729295 ], [ 74.630049757383716, 39.622515636264801 ], [ 74.633989988692775, 39.622702480488826 ], [ 74.637187037013476, 39.622305679557215 ], [ 74.639493870929826, 39.621964142590592 ], [ 74.643214799147728, 39.621045713949236 ], [ 74.646561843058919, 39.620358514944137 ], [ 74.64976129715761, 39.619845127233241 ], [ 74.652219896415417, 39.619737443327331 ], [ 74.656693820640726, 39.62004442687801 ], [ 74.662064665703113, 39.620641699622574 ], [ 74.666167770190498, 39.620946412768461 ], [ 74.668685320816692, 39.620783606515374 ], [ 74.670545517255789, 39.620789155535185 ], [ 74.673497343123969, 39.621138625892044 ], [ 74.677744795685555, 39.621669372853972 ], [ 74.679595321340827, 39.621763332402132 ], [ 74.681881755101173, 39.621774139339209 ], [ 74.685802900185948, 39.621451840570067 ], [ 74.690053298228506, 39.620534663239525 ], [ 74.693863836356016, 39.620126480448313 ], [ 74.698990654295244, 39.619550159345032 ], [ 74.70193380333501, 39.618623754244105 ] ] } },
{ "type": "Feature", "properties": { "ID": 262, "长度": 0.23112501404746877, "FEATUREID": "OFBA003C1AJ430010020000126", "CHFCAC": "000126", "GZEAB": "F9", "KCDDEF": 90.466499328613281, "GZEEB": "41", "GZECD": "", "GZECE": 0.0, "GZEHG": "碎裂岩、构造角砾岩、糜棱岩和糜棱岩化岩石、片理化岩石、石英脉、蛇绿岩团块和地层中内生的变砂岩团块", "GZAG": "103", "GZEEE": "101", "GZELD": "109", "GZEEC": "106", "GZEKG": "", "GZEHH": "", "PKIGJ": "1∶250000 库尔干幅(J43C001002)建造构造图", "linetype": 1, "aux_linetype": 0, "width": 0.80000001192092896, "x_coef": 10.0, "y_coef": 10.0, "_src_file": "LDZOFBA003.WL", "_src_id": 124 }, "geometry": { "type": "LineString", "coordinates": [ [ 74.70193380333501, 39.618623754244105 ], [ 74.703412637901678, 39.618188397563621 ], [ 74.704569734942154, 39.61792607614197 ], [ 74.705451705957884, 39.617928322889604 ], [ 74.706405237741905, 39.617930830485584 ], [ 74.709525709204613, 39.618311368116032 ], [ 74.713391978588277, 39.61869394137991 ], [ 74.716377059264858, 39.618861596359849 ], [ 74.722221735054745, 39.618664967199273 ], [ 74.725555705786363, 39.61819535781305 ], [ 74.729301225551339, 39.61746123204901 ], [ 74.731686877409018, 39.616670677742697 ], [ 74.733595417490676, 39.616038166566668 ], [ 74.735505114962749, 39.615617926110737 ], [ 74.7367975982243, 39.615514718353168 ], [ 74.737819241112774, 39.615517030597282 ], [ 74.739657606238595, 39.615945775150699 ], [ 74.743331794096591, 39.616697021511719 ], [ 74.747705091219402, 39.617608697457925 ], [ 74.751465452295662, 39.61798815241081 ], [ 74.753927432484744, 39.617887441315716 ], [ 74.756188291279685, 39.617574218141669 ], [ 74.758241975222376, 39.616888791422042 ], [ 74.760023253392035, 39.616096496903985 ], [ 74.760709695845307, 39.615673313572394 ], [ 74.761597767537793, 39.615462990053132 ], [ 74.762215846948706, 39.615358219836828 ], [ 74.763447385026339, 39.615361062620018 ], [ 74.764471513632856, 39.615416516142915 ], [ 74.766043929962507, 39.615844889306075 ], [ 74.769773167781949, 39.61702170599176 ], [ 74.774300138577573, 39.618412711599397 ], [ 74.777743035861889, 39.619220179496246 ], [ 74.780173995499979, 39.619600223238002 ], [ 74.78145775588348, 39.619604367735171 ], [ 74.78247125061722, 39.619607629804278 ], [ 74.78301278236286, 39.619609365661375 ], [ 74.784565605319983, 39.619401682135994 ], [ 74.787611210526066, 39.618294895513735 ], [ 74.791749403077461, 39.616022573454821 ], [ 74.7934496153092, 39.614805981519545 ], [ 74.795560846340706, 39.613697170139083 ], [ 74.796647728700293, 39.613328951712887 ], [ 74.797600213106719, 39.613119727338379 ], [ 74.798143051171138, 39.612962190481035 ], [ 74.799162120407601, 39.613125351472256 ], [ 74.800381733628768, 39.613342400131515 ], [ 74.801671336336312, 39.613825502718882 ], [ 74.804379456168334, 39.615425995141912 ], [ 74.806543649692301, 39.616328685680479 ], [ 74.807898391350037, 39.61670078024089 ], [ 74.809523224298218, 39.616914142513856 ], [ 74.810403538938644, 39.61691490408608 ], [ 74.811015678968104, 39.616915429835473 ], [ 74.812846096288723, 39.616916983350123 ], [ 74.814823450639764, 39.616764184033521 ], [ 74.816669981376094, 39.616348609038951 ], [ 74.819138815937265, 39.615405916629946 ], [ 74.821947495979174, 39.614093803341724 ], [ 74.824201707761901, 39.613197271937132 ], [ 74.826655933481206, 39.612405990913125 ], [ 74.830881128883405, 39.611406155327359 ], [ 74.835994409104003, 39.6100893548439 ], [ 74.840006970487906, 39.60935306790401 ], [ 74.842927970074086, 39.609358182997333 ], [ 74.844693668725242, 39.609467498373512 ], [ 74.846867907205819, 39.609790000886477 ], [ 74.850674550829368, 39.610752748874354 ], [ 74.851535864264036, 39.610821688958609 ], [ 74.852711075127658, 39.610915525152265 ], [ 74.854749526770973, 39.611184523695989 ], [ 74.859502659411774, 39.61172398507054 ], [ 74.864927389309642, 39.612590097912161 ], [ 74.868181266196757, 39.612971992643011 ], [ 74.871444404889317, 39.61330019442169 ], [ 74.874231255643792, 39.613308069965186 ], [ 74.875211954708206, 39.613310831667093 ], [ 74.8761344673498, 39.613313411065349 ], [ 74.881235025351785, 39.612742919856295 ], [ 74.884333739092725, 39.612550438421316 ], [ 74.886068496003233, 39.612442741614046 ], [ 74.88696190986461, 39.61238717252818 ], [ 74.890813266762251, 39.611959081130003 ], [ 74.893035096879629, 39.611712231928692 ], [ 74.901350829702849, 39.610987943518346 ], [ 74.909941780443873, 39.609676109975858 ], [ 74.915886597861387, 39.608835141684104 ], [ 74.925251935927946, 39.607257322244834 ], [ 74.927022862740685, 39.607135385000475 ] ] } },
{ "type": "Feature", "properties": { "ID": 271, "长度": 0.035310390002722521, "FEATUREID": "OFBA003C1AJ430010020000127", "CHFCAC": "000127", "GZEAB": "", "KCDDEF": 3.0689308643341064, "GZEEB": "05", "GZECD": "", "GZECE": 71.0, "GZEHG": "N1a,EK", "GZAG": "101", "GZEEE": "101", "GZELD": "101", "GZEEC": "106", "GZEKG": "", "GZEHH": "", "PKIGJ": "1∶250000 库尔干幅(J43C001002)建造构造图", "linetype": 1, "aux_linetype": 0, "width": 0.30000001192092896, "x_coef": 5.0, "y_coef": 5.0, "_src_file": "LDZOFBA003.WL", "_src_id": 125 }, "geometry": { "type": "LineString", "coordinates": [ [ 74.385603539630381, 39.596048779082707 ], [ 74.386926020324964, 39.596927515127099 ], [ 74.391121117758274, 39.598062301415659 ], [ 74.397582866454712, 39.599349652954487 ], [ 74.403341090045913, 39.600212316572353 ], [ 74.406571029307202, 39.600369090000044 ], [ 74.412155632215985, 39.600608463066912 ], [ 74.417214390813527, 39.601188305978077 ], [ 74.420247036334274, 39.601514486230833 ] ] } },
{ "type": "Feature", "properties": { "ID": 273, "长度": 0.28419589110805021, "FEATUREID": "OFBA003C1AJ430010020000128", "CHFCAC": "000128", "GZEAB": "", "KCDDEF": 25.444660186767578, "GZEEB": "05", "GZECD": "", "GZECE": 80.0, "GZEHG": "N1k,EK,N1a", "GZAG": "101", "GZEEE": "101", "GZELD": "101", "GZEEC": "106", "GZEKG": "", "GZEHH": "", "PKIGJ": "1∶250000 库尔干幅(J43C001002)建造构造图", "linetype": 1, "aux_linetype": 0, "width": 0.30000001192092896, "x_coef": 5.0, "y_coef": 5.0, "_src_file": "LDZOFBA003.WL", "_src_id": 126 }, "geometry": { "type": "LineString", "coordinates": [ [ 74.093017705295367, 39.493623818736268 ], [ 74.103963533288194, 39.497369710007995 ], [ 74.112177453694571, 39.499478036407176 ], [ 74.115503470236405, 39.500440293230362 ], [ 74.116453011269627, 39.500760031599107 ], [ 74.119149073031238, 39.501378077754119 ], [ 74.124459104197555, 39.502675710050269 ], [ 74.127549345759022, 39.503328406343201 ], [ 74.129217464399105, 39.503593357568988 ], [ 74.131669145280071, 39.504234573723366 ], [ 74.136883007705208, 39.506389662784912 ], [ 74.1379077547534, 39.50689529442225 ], [ 74.139045745151549, 39.507479881124027 ], [ 74.141545653365213, 39.50876514248624 ], [ 74.145113181394592, 39.510418326799922 ], [ 74.1497061346507, 39.51287328792074 ], [ 74.151021746762424, 39.513663468812268 ], [ 74.155485372203714, 39.516338893003919 ], [ 74.158019046708489, 39.517728533320891 ], [ 74.168201620116022, 39.523368946880908 ], [ 74.173083436558514, 39.525904245830489 ], [ 74.178577860884374, 39.528649081853196 ], [ 74.187716844236903, 39.532576286819193 ], [ 74.196085560645173, 39.53616200533223 ], [ 74.199829187032094, 39.537983338086491 ], [ 74.202534461841324, 39.539893427218281 ], [ 74.205717669853854, 39.541651582177067 ], [ 74.211045323452822, 39.543670346654885 ], [ 74.215162841028672, 39.545060679410881 ], [ 74.220368343978862, 39.54678308009904 ], [ 74.221156803066123, 39.547038630143412 ], [ 74.226279696567005, 39.548793070971946 ], [ 74.23085508564219, 39.550200175726665 ], [ 74.237697471689444, 39.552224922020137 ], [ 74.242316867873953, 39.553860557632198 ], [ 74.24613730943787, 39.555337010899308 ], [ 74.24860558266468, 39.556218397190889 ], [ 74.250361013175137, 39.556853167521048 ], [ 74.253545699256932, 39.558120320713719 ], [ 74.256540955498394, 39.559067798125028 ], [ 74.259722242310488, 39.560006525177023 ], [ 74.262591293019966, 39.561006824999666 ], [ 74.263753044309397, 39.561444272654214 ], [ 74.271301918810209, 39.564419729691267 ], [ 74.275663382939854, 39.565924662862642 ], [ 74.282215080967404, 39.568519699901863 ], [ 74.284764054190873, 39.569725426010358 ], [ 74.292570555305574, 39.573248286380341 ], [ 74.2982235935917, 39.575519469066663 ], [ 74.302603927478884, 39.576906343734088 ], [ 74.306183431886296, 39.578110198176574 ], [ 74.316997633443989, 39.581684350459724 ], [ 74.324945531937956, 39.584521185618065 ], [ 74.32774568486451, 39.585467973988145 ], [ 74.333271017825354, 39.586983058169871 ], [ 74.339765655005635, 39.588669978094416 ], [ 74.346504615357105, 39.590173464254491 ], [ 74.34938040847365, 39.59057134593774 ], [ 74.358300545221766, 39.591631303608658 ] ] } },
{ "type": "Feature", "properties": { "ID": 274, "长度": 0.042945757711145074, "FEATUREID": "OFBA003C1AJ430010020000129", "CHFCAC": "000129", "GZEAB": "", "KCDDEF": 3.8568120002746582, "GZEEB": "01", "GZECD": "", "GZECE": 0.0, "GZEHG": "EK,N1k", "GZAG": "101", "GZEEE": "101", "GZELD": "109", "GZEEC": "106", "GZEKG": "", "GZEHH": "", "PKIGJ": "1∶250000 库尔干幅(J43C001002)建造构造图", "linetype": 1, "aux_linetype": 0, "width": 0.30000001192092896, "x_coef": 5.0, "y_coef": 5.0, "_src_file": "LDZOFBA003.WL", "_src_id": 127 }, "geometry": { "type": "LineString", "coordinates": [ [ 74.353213412197917, 39.574767706151029 ], [ 74.358465386642735, 39.577863097360421 ], [ 74.364197862932357, 39.581164243640053 ], [ 74.369073155949167, 39.583296766495458 ], [ 74.376305292156943, 39.586197922601038 ], [ 74.381368343507901, 39.588015705099863 ], [ 74.382243787476298, 39.588160066840715 ], [ 74.385837728144523, 39.58880691469124 ], [ 74.392996094602211, 39.589601790022257 ] ] } },
{ "type": "Feature", "properties": { "ID": 275, "长度": 0.069189635124835891, "FEATUREID": "OFBA003C1AJ430010020000130", "CHFCAC": "000130", "GZEAB": "", "KCDDEF": 7.6289443969726562, "GZEEB": "18", "GZECD": "", "GZECE": 0.0, "GZEHG": "EK,N1k,N1a", "GZAG": "101", "GZEEE": "101", "GZELD": "104", "GZEEC": "106", "GZEKG": "", "GZEHH": "", "PKIGJ": "1∶250000 库尔干幅(J43C001002)建造构造图", "linetype": 1, "aux_linetype": 0, "width": 0.30000001192092896, "x_coef": 10.0, "y_coef": 10.0, "_src_file": "LDZOFBA003.WL", "_src_id": 128 }, "geometry": { "type": "LineString", "coordinates": [ [ 74.958345637154196, 39.590020091572811 ], [ 74.958350911495288, 39.588138519309197 ], [ 74.958512040697585, 39.58567947929668 ], [ 74.958556556764236, 39.58352831499171 ], [ 74.958443975550949, 39.581590325029445 ], [ 74.958335955171108, 39.577562870040367 ], [ 74.958383188923747, 39.574928306847852 ], [ 74.958605566841186, 39.571164817171784 ], [ 74.958667321456986, 39.570145709276332 ], [ 74.95859277036395, 39.566609072081093 ], [ 74.958646905959668, 39.566096525732256 ], [ 74.95883143823427, 39.56433988058901 ], [ 74.959467505452253, 39.560285666223123 ], [ 74.95998179138715, 39.557320656080343 ], [ 74.961206160811614, 39.553054974504718 ], [ 74.961801947810031, 39.55096943826986 ], [ 74.963739749335971, 39.545770839071935 ], [ 74.9648191980734, 39.542883997483941 ], [ 74.965565959926053, 39.540882206568902 ], [ 74.965985102371462, 39.539193740600197 ], [ 74.966098196987275, 39.538618149073251 ], [ 74.966935951590742, 39.534277352586287 ], [ 74.966968332805223, 39.532163022694185 ], [ 74.966957440509987, 39.52862894398185 ], [ 74.967108904683897, 39.525607340994405 ], [ 74.967107310812253, 39.523340540439996 ], [ 74.967028470719882, 39.522040793897276 ] ] } },
{ "type": "Feature", "properties": { "ID": 276, "长度": 0.20567739771900329, "FEATUREID": "OFBA003C1AJ430010020000131", "CHFCAC": "000131", "GZEAB": "", "KCDDEF": 18.247325897216797, "GZEEB": "01", "GZECD": "", "GZECE": 0.0, "GZEHG": "EK,N1k", "GZAG": "101", "GZEEE": "101", "GZELD": "109", "GZEEC": "106", "GZEKG": "", "GZEHH": "", "PKIGJ": "1∶250000 库尔干幅(J43C001002)建造构造图", "linetype": 1, "aux_linetype": 0, "width": 0.30000001192092896, "x_coef": 5.0, "y_coef": 5.0, "_src_file": "LDZOFBA003.WL", "_src_id": 129 }, "geometry": { "type": "LineString", "coordinates": [ [ 74.151021746762424, 39.513663468812268 ], [ 74.167507677360803, 39.515669388637029 ], [ 74.185490533632233, 39.518330983061908 ], [ 74.191669949519067, 39.519245143846 ], [ 74.195085539972709, 39.520087007701086 ], [ 74.206303963588738, 39.522548522011654 ], [ 74.217873606746608, 39.524887349190784 ], [ 74.224393710809593, 39.526774795050926 ], [ 74.23013244972671, 39.528793336096392 ], [ 74.237735441333726, 39.531726313319183 ], [ 74.242279673776935, 39.533545581013385 ], [ 74.249801349630033, 39.536483884175183 ], [ 74.257272166674596, 39.540409296128317 ], [ 74.265193894549043, 39.544865676086069 ], [ 74.275297611842788, 39.550129407853156 ], [ 74.284399434091682, 39.554152448617636 ], [ 74.288165782771003, 39.555758954214262 ], [ 74.293945012625969, 39.558615267025765 ], [ 74.296660854377649, 39.559870525552334 ], [ 74.301569874652046, 39.561279557563253 ], [ 74.308921231115747, 39.564012683532631 ], [ 74.311635003471466, 39.564925718147627 ], [ 74.319432753586852, 39.566975888860092 ], [ 74.324949892073363, 39.568734312317538 ], [ 74.330768479094388, 39.569929382092134 ], [ 74.33517721748801, 39.570499942476012 ], [ 74.33826803638712, 39.570790544034388 ], [ 74.341706330337502, 39.571422869400337 ], [ 74.345139288489634, 39.572398084930896 ], [ 74.346191492712919, 39.573015984269809 ] ] } },
{ "type": "Feature", "properties": { "ID": 278, "长度": 0.092275401819538694, "FEATUREID": "OFBA003C1AJ430010020000132", "CHFCAC": "000132", "GZEAB": "", "KCDDEF": 8.3001308441162109, "GZEEB": "31", "GZECD": "", "GZECE": 0.0, "GZEHG": "S3-4t,N1k,K1kz,Qsn", "GZAG": "101", "GZEEE": "101", "GZELD": "109", "GZEEC": "106", "GZEKG": "", "GZEHH": "", "PKIGJ": "1∶250000 库尔干幅(J43C001002)建造构造图", "linetype": 18, "aux_linetype": 0, "width": 0.30000001192092896, "x_coef": 3.0, "y_coef": 5.0, "_src_file": "LDZOFBA003.WL", "_src_id": 130 }, "geometry": { "type": "LineString", "coordinates": [ [ 73.977345139487511, 39.564505945632391 ], [ 73.97329121294085, 39.561636399993034 ], [ 73.967049303700151, 39.557730488443184 ], [ 73.958075308135562, 39.552013268361804 ], [ 73.950394480764061, 39.548442311040198 ], [ 73.942596330871268, 39.545027190103596 ], [ 73.936406645509962, 39.542582360514757 ], [ 73.930588283770945, 39.540644062258359 ], [ 73.928967491567093, 39.540111478461561 ], [ 73.923079584349736, 39.538171115163543 ], [ 73.911252917456054, 39.535588693073322 ], [ 73.897805543315059, 39.53283321993338 ], [ 73.893819256577544, 39.532189261969656 ], [ 73.892083674437075, 39.531908520828203 ] ] } },
{ "type": "Feature", "properties": { "ID": 281, "长度": 0.02592439463496523, "FEATUREID": "OFBA003C1AJ430010020000133", "CHFCAC": "000133", "GZEAB": "", "KCDDEF": 2.7801902294158936, "GZEEB": "16", "GZECD": "", "GZECE": 0.0, "GZEHG": "N1k,N1a", "GZAG": "101", "GZEEE": "101", "GZELD": "103", "GZEEC": "106", "GZEKG": "", "GZEHH": "", "PKIGJ": "1∶250000 库尔干幅(J43C001002)建造构造图", "linetype": 1, "aux_linetype": 0, "width": 0.30000001192092896, "x_coef": 10.0, "y_coef": 10.0, "_src_file": "LDZOFBA003.WL", "_src_id": 131 }, "geometry": { "type": "LineString", "coordinates": [ [ 74.982105635675339, 39.549697523950464 ], [ 74.982091905990941, 39.547328727589658 ], [ 74.982157538538488, 39.546575257744259 ], [ 74.98229142580945, 39.545929694696582 ], [ 74.982969825205657, 39.544370808536115 ], [ 74.983818180010374, 39.543270063425652 ], [ 74.984333803238542, 39.542598930612591 ], [ 74.986364523656221, 39.539763361777332 ], [ 74.987477835238053, 39.538130367802623 ], [ 74.988635842379935, 39.534572233775762 ], [ 74.989803025551083, 39.530744642277057 ], [ 74.990967492337489, 39.528050699610866 ], [ 74.991593395498512, 39.526086651616446 ] ] } },
{ "type": "Feature", "properties": { "ID": 283, "长度": 0.01537515650368358, "FEATUREID": "OFBA003C1AJ430010020000134", "CHFCAC": "000134", "GZEAB": "", "KCDDEF": 1.3648554086685181, "GZEEB": "04", "GZECD": "", "GZECE": 0.0, "GZEHG": "Qsn", "GZAG": "101", "GZEEE": "101", "GZELD": "109", "GZEEC": "106", "GZEKG": "", "GZEHH": "", "PKIGJ": "1∶250000 库尔干幅(J43C001002)建造构造图", "linetype": 2, "aux_linetype": 0, "width": 0.30000001192092896, "x_coef": 3.0, "y_coef": 3.0, "_src_file": "LDZOFBA003.WL", "_src_id": 132 }, "geometry": { "type": "LineString", "coordinates": [ [ 73.885229823247329, 39.537541621455695 ], [ 73.892068009250821, 39.539620475613724 ], [ 73.896953574634921, 39.541375091275043 ], [ 73.899822685294197, 39.542370468448368 ] ] } },
{ "type": "Feature", "properties": { "ID": 290, "长度": 0.2101247989181797, "FEATUREID": "OFBA003C1AJ430010020000135", "CHFCAC": "000135", "GZEAB": "", "KCDDEF": 18.566591262817383, "GZEEB": "01", "GZECD": "", "GZECE": 0.0, "GZEHG": "N1a,Qp1X,N1p", "GZAG": "101", "GZEEE": "101", "GZELD": "109", "GZEEC": "106", "GZEKG": "", "GZEHH": "", "PKIGJ": "1∶250000 库尔干幅(J43C001002)建造构造图", "linetype": 1, "aux_linetype": 0, "width": 0.30000001192092896, "x_coef": 10.0, "y_coef": 10.0, "_src_file": "LDZOFBA003.WL", "_src_id": 133 }, "geometry": { "type": "LineString", "coordinates": [ [ 74.658521087792323, 39.498383835589557 ], [ 74.67739552577693, 39.501619184866996 ], [ 74.683527834458488, 39.503282204522613 ], [ 74.688245996650195, 39.504209491911148 ], [ 74.700751502815294, 39.506254351371091 ], [ 74.708068247837801, 39.507004595251104 ], [ 74.714203764402782, 39.507934384141521 ], [ 74.718921650293865, 39.508860430772302 ], [ 74.725057475062627, 39.509789647620778 ], [ 74.730721188644239, 39.510717448144895 ], [ 74.734883007039628, 39.511309481955578 ], [ 74.739671191887581, 39.511693885629263 ], [ 74.744285687295061, 39.512211132265584 ], [ 74.750690124891946, 39.51345251651221 ], [ 74.756681752168191, 39.514981577002693 ], [ 74.762105410111971, 39.517004781455881 ], [ 74.76371905234511, 39.517696011473262 ], [ 74.76614937034222, 39.51873808387105 ], [ 74.766823879852254, 39.519026309592057 ], [ 74.771068879241966, 39.520863813363334 ], [ 74.775314099957754, 39.522701162181335 ], [ 74.780263220349212, 39.525454221404594 ], [ 74.784507699543099, 39.528022852035079 ], [ 74.788043987366436, 39.530224225448301 ], [ 74.790873409137262, 39.532241314553055 ], [ 74.795383205146038, 39.534910222139494 ], [ 74.797473358226881, 39.536084072238218 ], [ 74.79962122468757, 39.537077956608229 ], [ 74.802347040272721, 39.53856786960916 ], [ 74.804439301816885, 39.539426544240371 ], [ 74.806705257342557, 39.539475349571603 ], [ 74.810079779863628, 39.538760804979255 ], [ 74.81368827893354, 39.537101390733149 ], [ 74.81845966853767, 39.5348585971335 ], [ 74.821429732865553, 39.533062918160816 ], [ 74.823931497973874, 39.532121589515647 ], [ 74.826238932307007, 39.531775488799532 ], [ 74.82695550257003, 39.531704529860122 ], [ 74.828763328689419, 39.531721323948283 ], [ 74.831309933261878, 39.53174495569656 ], [ 74.838575126834201, 39.531559243881524 ], [ 74.848122989255415, 39.531046132040856 ], [ 74.851935128211508, 39.53046920977711 ], [ 74.85924405436549, 39.5289607130401 ] ] } },
{ "type": "Feature", "properties": { "ID": 292, "长度": 0.050484537435743507, "FEATUREID": "OFBA003C1AJ430010020000136", "CHFCAC": "000136", "GZEAB": "", "KCDDEF": 4.8246383666992188, "GZEEB": "01", "GZECD": "", "GZECE": 68.0, "GZEHG": "Qp1X,N1p", "GZAG": "101", "GZEEE": "101", "GZELD": "109", "GZEEC": "106", "GZEKG": "", "GZEHH": "", "PKIGJ": "1∶250000 库尔干幅(J43C001002)建造构造图", "linetype": 1, "aux_linetype": 0, "width": 0.30000001192092896, "x_coef": 10.0, "y_coef": 10.0, "_src_file": "LDZOFBA003.WL", "_src_id": 134 }, "geometry": { "type": "LineString", "coordinates": [ [ 74.828763328689419, 39.531721323948283 ], [ 74.8328539268132, 39.529549619188195 ], [ 74.840199159496436, 39.525429502968954 ], [ 74.845745319127715, 39.521712405799583 ], [ 74.848021432672269, 39.52022587192053 ], [ 74.849591081005343, 39.519198911050665 ], [ 74.85069559305839, 39.518300794248702 ], [ 74.857727051475294, 39.512576483926736 ], [ 74.862939463084203, 39.507408296995081 ], [ 74.869247543293781, 39.50196843424402 ] ] } },
{ "type": "Feature", "properties": { "ID": 293, "长度": 0.055822785670804335, "FEATUREID": "OFBA003C1AJ430010020000137", "CHFCAC": "000137", "GZEAB": "", "KCDDEF": 4.9300765991210938, "GZEEB": "01", "GZECD": "", "GZECE": 0.0, "GZEHG": "N1a,N1k", "GZAG": "101", "GZEEE": "101", "GZELD": "109", "GZEEC": "106", "GZEKG": "", "GZEHH": "", "PKIGJ": "1∶250000 库尔干幅(J43C001002)建造构造图", "linetype": 1, "aux_linetype": 0, "width": 0.30000001192092896, "x_coef": 5.0, "y_coef": 5.0, "_src_file": "LDZOFBA003.WL", "_src_id": 135 }, "geometry": { "type": "LineString", "coordinates": [ [ 74.397299666560031, 39.515225682549811 ], [ 74.424249049346358, 39.519978665720409 ], [ 74.430833555452395, 39.52127106907308 ], [ 74.432003940866196, 39.521505849700766 ], [ 74.435657973449011, 39.522666243033058 ], [ 74.440477077520697, 39.524744070335245 ], [ 74.44509351113652, 39.526595556524477 ], [ 74.449259401719715, 39.528558553976538 ], [ 74.450679300105705, 39.529810060058701 ] ] } },
{ "type": "Feature", "properties": { "ID": 294, "长度": 0.43193870803033624, "FEATUREID": "OFBA003C1AJ430010020000138", "CHFCAC": "000138", "GZEAB": "", "KCDDEF": 38.245941162109375, "GZEEB": "01", "GZECD": "", "GZECE": 0.0, "GZEHG": "N1k,N1a,N1p,Qp1X", "GZAG": "101", "GZEEE": "101", "GZELD": "109", "GZEEC": "106", "GZEKG": "", "GZEHH": "", "PKIGJ": "1∶250000 库尔干幅(J43C001002)建造构造图", "linetype": 1, "aux_linetype": 0, "width": 0.30000001192092896, "x_coef": 10.0, "y_coef": 10.0, "_src_file": "LDZOFBA003.WL", "_src_id": 136 }, "geometry": { "type": "LineString", "coordinates": [ [ 74.394693338703405, 39.522276764834032 ], [ 74.401680142653348, 39.523575275049758 ], [ 74.418655311762166, 39.526188371818911 ], [ 74.429613838732223, 39.527859768332291 ], [ 74.432537570039202, 39.528108323718783 ], [ 74.442046374784013, 39.529192606128682 ], [ 74.450679300105705, 39.529810060058701 ], [ 74.463271285978351, 39.529803185945241 ], [ 74.471035574677842, 39.528943851393883 ], [ 74.475085884976011, 39.528173242334638 ], [ 74.485803185185191, 39.525959644067974 ], [ 74.488283435549263, 39.525701974993829 ], [ 74.498347341777261, 39.524655259517829 ], [ 74.499489752334199, 39.524651519757484 ], [ 74.500629172539561, 39.524650074569571 ], [ 74.501769593831995, 39.524650917162298 ], [ 74.502472130737061, 39.52468519986428 ], [ 74.507459813388536, 39.524657485604358 ], [ 74.51286784973469, 39.524353572471171 ], [ 74.519407580672407, 39.523895019781072 ], [ 74.524377559429681, 39.523488846319893 ], [ 74.530731727461372, 39.523204313716555 ], [ 74.534533383767652, 39.522738695355017 ], [ 74.5387166455928, 39.522214551889732 ], [ 74.541037706202616, 39.521857261814574 ], [ 74.543183835928474, 39.521527139372722 ], [ 74.547947949750977, 39.520184664893328 ], [ 74.552639809662907, 39.519114600418305 ], [ 74.558669128767576, 39.517286770203327 ], [ 74.565129955029875, 39.514909906350049 ], [ 74.570475333514764, 39.512363151666953 ], [ 74.575329887369165, 39.509868756135546 ], [ 74.580540074843725, 39.506774238373566 ], [ 74.584560079184911, 39.504060493530808 ], [ 74.587654408545987, 39.502072737559892 ], [ 74.588941509980131, 39.501443834466237 ], [ 74.590486481287556, 39.500941870464423 ], [ 74.592141542717002, 39.500558634932894 ], [ 74.595667689203466, 39.500018791684802 ], [ 74.599195152821935, 39.499366201347158 ], [ 74.600179023569723, 39.499166053841485 ], [ 74.605100828755937, 39.498162635577899 ], [ 74.611241438532204, 39.497106381166482 ], [ 74.612509564791978, 39.496888447629352 ], [ 74.624017639219943, 39.495403213053748 ], [ 74.630565890893962, 39.493976468222897 ], [ 74.636758325037491, 39.492373936892996 ], [ 74.644743526738537, 39.489868986163629 ], [ 74.651073638858009, 39.488138777136669 ], [ 74.653303833006134, 39.487528725776194 ], [ 74.659784408368608, 39.485507074468046 ], [ 74.666052173579885, 39.482922071554931 ], [ 74.66994285601794, 39.481235898882808 ], [ 74.671815890239657, 39.480114010452766 ], [ 74.673545419535444, 39.478882514200272 ], [ 74.674625100748443, 39.478379201245751 ], [ 74.67707146443756, 39.477209164229201 ], [ 74.680669705910972, 39.476042078297716 ], [ 74.685125354950742, 39.474597157424952 ], [ 74.686636538675444, 39.47398480896166 ], [ 74.688217416977039, 39.473204541114342 ], [ 74.691093580878984, 39.472427598779198 ], [ 74.695760208700207, 39.471823252556483 ], [ 74.702807354164378, 39.471559611234582 ], [ 74.709865353229006, 39.471352740790792 ], [ 74.717373017617234, 39.471104933007176 ], [ 74.722170940951969, 39.47088286578628 ], [ 74.725227155501159, 39.470741215226255 ], [ 74.728684261506402, 39.470471398768964 ], [ 74.732716506235491, 39.469866471537387 ], [ 74.737037157538381, 39.468756722994328 ], [ 74.738649053374715, 39.468218457786257 ], [ 74.740206072249435, 39.467698165857506 ], [ 74.742869572883876, 39.466862739440074 ], [ 74.748421174787637, 39.464638737822483 ], [ 74.750947763608707, 39.463190538395722 ], [ 74.755061184611861, 39.460283450857624 ], [ 74.760254202957569, 39.456704041253751 ], [ 74.762843918143133, 39.454572005463667 ], [ 74.76651736917718, 39.450979255392674 ], [ 74.767924438670974, 39.449411304865407 ], [ 74.76853184449709, 39.448733941065136 ], [ 74.769464427276887, 39.448005546387549 ], [ 74.770037207755095, 39.447613590135248 ], [ 74.772269748380452, 39.446267057402359 ], [ 74.774575740672361, 39.445201267328294 ], [ 74.77659211394139, 39.444419207574029 ], [ 74.780331942951676, 39.443081650425498 ], [ 74.784287673294827, 39.441912723725977 ], [ 74.786589599991146, 39.441077684558209 ], [ 74.789181728305323, 39.439632143207525 ], [ 74.793429241127001, 39.436908654154941 ], [ 74.795948665382255, 39.435353987143969 ], [ 74.799114942253254, 39.433690540151417 ], [ 74.802943490230547, 39.432583759514877 ], [ 74.805498627368294, 39.431405618820961 ] ] } },
{ "type": "Feature", "properties": { "ID": 298, "长度": 0.0033983382983459078, "FEATUREID": "OFBA003C1AJ430010020000139", "CHFCAC": "000139", "GZEAB": "", "KCDDEF": 0.29436320066452026, "GZEEB": "01", "GZECD": "", "GZECE": 0.0, "GZEHG": "N1a", "GZAG": "101", "GZEEE": "101", "GZELD": "109", "GZEEC": "106", "GZEKG": "", "GZEHH": "", "PKIGJ": "1∶250000 库尔干幅(J43C001002)建造构造图", "linetype": 1, "aux_linetype": 0, "width": 0.30000001192092896, "x_coef": 5.0, "y_coef": 5.0, "_src_file": "LDZOFBA003.WL", "_src_id": 137 }, "geometry": { "type": "LineString", "coordinates": [ [ 74.389292431392903, 39.52140550248906 ], [ 74.39265318637986, 39.52190951549251 ] ] } },
{ "type": "Feature", "properties": { "ID": 300, "长度": 0.036443316053129782, "FEATUREID": "OFBA003C1AJ430010020000140", "CHFCAC": "000140", "GZEAB": "", "KCDDEF": 3.1659541130065918, "GZEEB": "01", "GZECD": "", "GZECE": 0.0, "GZEHG": "N1a", "GZAG": "101", "GZEEE": "101", "GZELD": "109", "GZEEC": "106", "GZEKG": "", "GZEHH": "", "PKIGJ": "1∶250000 库尔干幅(J43C001002)建造构造图", "linetype": 1, "aux_linetype": 0, "width": 0.30000001192092896, "x_coef": 5.0, "y_coef": 5.0, "_src_file": "LDZOFBA003.WL", "_src_id": 138 }, "geometry": { "type": "LineString", "coordinates": [ [ 74.342421498032806, 39.513385165693734 ], [ 74.359194766756275, 39.51655621027146 ], [ 74.372981970810656, 39.519041724885831 ], [ 74.378303774857841, 39.519709024815512 ] ] } },
{ "type": "Feature", "properties": { "ID": 307, "长度": 0.011792983564425838, "FEATUREID": "OFBA003C1AJ430010020000141", "CHFCAC": "000141", "GZEAB": "", "KCDDEF": 1.0291188955307007, "GZEEB": "01", "GZECD": "", "GZECE": 0.0, "GZEHG": "N1k,N1a", "GZAG": "101", "GZEEE": "101", "GZELD": "109", "GZEEC": "106", "GZEKG": "", "GZEHH": "", "PKIGJ": "1∶250000 库尔干幅(J43C001002)建造构造图", "linetype": 1, "aux_linetype": 0, "width": 0.30000001192092896, "x_coef": 5.0, "y_coef": 5.0, "_src_file": "LDZOFBA003.WL", "_src_id": 139 }, "geometry": { "type": "LineString", "coordinates": [ [ 74.382145599565106, 39.5126424750285 ], [ 74.393675117005927, 39.51512132333621 ] ] } },
{ "type": "Feature", "properties": { "ID": 308, "长度": 0.56673606911691365, "FEATUREID": "OFBA003C1AJ430010020000142", "CHFCAC": "000142", "GZEAB": "", "KCDDEF": 49.643089294433594, "GZEEB": "05", "GZECD": "", "GZECE": 67.0, "GZEHG": "N1k,N1a,EK", "GZAG": "101", "GZEEE": "101", "GZELD": "101", "GZEEC": "106", "GZEKG": "", "GZEHH": "", "PKIGJ": "1∶250000 库尔干幅(J43C001002)建造构造图", "linetype": 1, "aux_linetype": 0, "width": 0.30000001192092896, "x_coef": 5.0, "y_coef": 5.0, "_src_file": "LDZOFBA003.WL", "_src_id": 140 }, "geometry": { "type": "LineString", "coordinates": [ [ 73.782818253143603, 39.394147307645511 ], [ 73.789723991246007, 39.394483075156792 ], [ 73.80096776149982, 39.394696535456731 ], [ 73.807317276751164, 39.395014922630338 ], [ 73.81068110510796, 39.395344751127176 ], [ 73.812597242361889, 39.395641030841993 ], [ 73.814509681335352, 39.39609494145332 ], [ 73.82266114692932, 39.398743416153174 ], [ 73.833783453428424, 39.402447307477715 ], [ 73.84348783714448, 39.405660117380876 ], [ 73.854541127593095, 39.40860307708315 ], [ 73.857495966321892, 39.409427091820412 ], [ 73.865357671684208, 39.411619766977708 ], [ 73.875724742985412, 39.413944914505791 ], [ 73.882989552566585, 39.415719134012463 ], [ 73.888243935118069, 39.416643610247654 ], [ 73.895619844807683, 39.417271702274327 ], [ 73.905019407959273, 39.417872220569748 ], [ 73.913731985436897, 39.418832482049567 ], [ 73.920459027549157, 39.419867710454774 ], [ 73.924797520147322, 39.42035948306301 ], [ 73.934501097186768, 39.421595400613185 ], [ 73.940897764851968, 39.422382695638518 ], [ 73.945165622185371, 39.422629299000036 ], [ 73.953119362723328, 39.423359206833389 ], [ 73.961916033824437, 39.424269272556174 ], [ 73.971081209479223, 39.425216582455022 ], [ 73.978017074689006, 39.425485605389213 ], [ 73.98329793161335, 39.425635938526419 ], [ 73.988806649602111, 39.425545590378633 ], [ 73.993112591032499, 39.425583077310677 ], [ 73.996097701560757, 39.42577625910814 ], [ 73.997023557118013, 39.425889286188152 ], [ 73.997952334832604, 39.42600269025538 ], [ 73.998877040557218, 39.426116469110418 ], [ 73.999803671371069, 39.426230624981571 ], [ 74.000732227352998, 39.426345153367997 ], [ 74.001657705550116, 39.426460058749498 ], [ 74.002583108911935, 39.426575338901593 ], [ 74.003509437452891, 39.426690993826234 ], [ 74.004435688284374, 39.426807023500466 ], [ 74.005363864323769, 39.426923427951166 ], [ 74.014776253435741, 39.428309542657509 ], [ 74.033035134501418, 39.43115933341565 ], [ 74.045761705823665, 39.433628365517222 ], [ 74.055862601777818, 39.43619140032348 ], [ 74.068871988980959, 39.440360799790334 ], [ 74.077305954340886, 39.443586505534846 ], [ 74.084147953173272, 39.446006721781934 ], [ 74.098895778123264, 39.451338767180324 ], [ 74.113340491064847, 39.457338136901306 ], [ 74.117971152863674, 39.458956926488924 ], [ 74.119417525573652, 39.459418822673044 ], [ 74.123472727436351, 39.460355330679299 ], [ 74.130568002603596, 39.46177222752079 ], [ 74.134915252215762, 39.462257700432012 ], [ 74.137089400933021, 39.462386460313958 ], [ 74.13911303712969, 39.46297249743013 ], [ 74.147193698697805, 39.466800806761498 ], [ 74.159059934205885, 39.472241316919082 ], [ 74.162685857723233, 39.473631622453063 ], [ 74.168177417169517, 39.475840694326209 ], [ 74.175549345572662, 39.478070722868267 ], [ 74.185672893713146, 39.47996573058365 ], [ 74.194071855432412, 39.481935289248824 ], [ 74.19929076555897, 39.482869452903543 ], [ 74.202042658950347, 39.483563272658905 ], [ 74.210739139073695, 39.48531313512364 ], [ 74.224775575573275, 39.487677513775033 ], [ 74.231583400961355, 39.489202036166596 ], [ 74.241469659275907, 39.491883009223002 ], [ 74.254439426217942, 39.494442848244169 ], [ 74.26479717852213, 39.496973832929037 ], [ 74.2721571649802, 39.498140501024253 ], [ 74.277397500193985, 39.499067557593108 ], [ 74.280115020339409, 39.499547937256722 ], [ 74.287811944740469, 39.501429538534545 ], [ 74.295217232642827, 39.502518515365367 ], [ 74.300007008923487, 39.503584047799258 ], [ 74.304368207067526, 39.504643225872407 ], [ 74.314273507221145, 39.506650917247157 ], [ 74.319665657369612, 39.507602405825082 ], [ 74.333992101751804, 39.511381151268594 ] ] } },
{ "type": "Feature", "properties": { "ID": 310, "长度": 0.48879550265294164, "FEATUREID": "OFBA003C1AJ430010020000143", "CHFCAC": "000143", "GZEAB": "", "KCDDEF": 42.804641723632812, "GZEEB": "01", "GZECD": "", "GZECE": 0.0, "GZEHG": "N1a,N1k,EK", "GZAG": "101", "GZEEE": "101", "GZELD": "109", "GZEEC": "106", "GZEKG": "", "GZEHH": "", "PKIGJ": "1∶250000 库尔干幅(J43C001002)建造构造图", "linetype": 1, "aux_linetype": 0, "width": 0.30000001192092896, "x_coef": 5.0, "y_coef": 5.0, "_src_file": "LDZOFBA003.WL", "_src_id": 141 }, "geometry": { "type": "LineString", "coordinates": [ [ 73.857495966321892, 39.409427091820412 ], [ 73.862007246496603, 39.408823243517908 ], [ 73.868171818740194, 39.408595882265566 ], [ 73.875180578700338, 39.40870854447428 ], [ 73.881365485240678, 39.409135270486303 ], [ 73.889459296302462, 39.40931016450687 ], [ 73.894706522433751, 39.409706525345129 ], [ 73.905233998534584, 39.410653575852891 ], [ 73.91210667925381, 39.411094719571203 ], [ 73.921832488628439, 39.411688897234548 ], [ 73.928592433093129, 39.412130450236582 ], [ 73.937205046676794, 39.412307166610525 ], [ 73.943131719986411, 39.412596222154043 ], [ 73.949110163563532, 39.41307972840287 ], [ 73.955442786693908, 39.413526981557077 ], [ 73.961257410096792, 39.413657603544841 ], [ 73.96753304631757, 39.413517364669339 ], [ 73.973257326636684, 39.413568100694597 ], [ 73.981025667034118, 39.414106196967616 ], [ 73.987803310129721, 39.414319749193403 ], [ 73.993960174886254, 39.414962070998712 ], [ 73.996073223760931, 39.415317038867066 ], [ 73.996977968244991, 39.415448063715502 ], [ 73.997885818012449, 39.415578665868878 ], [ 73.998791770177263, 39.415708843048165 ], [ 73.999695827626084, 39.41583859527573 ], [ 74.000601984505849, 39.415967924750447 ], [ 74.001510243735382, 39.41609682924333 ], [ 74.002416608169298, 39.416225311028072 ], [ 74.003323072050819, 39.416353365549504 ], [ 74.004229800425691, 39.416481021238148 ], [ 74.004457505093455, 39.416504705633209 ], [ 74.010133680295525, 39.416946029141222 ], [ 74.017387556160742, 39.417491105601748 ], [ 74.022574610084106, 39.418265896568677 ], [ 74.029380733323521, 39.419295326745463 ], [ 74.033599658122739, 39.419896781566031 ], [ 74.037305493763, 39.420658250989405 ], [ 74.041525489960563, 39.421586703169204 ], [ 74.046777247566681, 39.423094617344397 ], [ 74.050833012108583, 39.424266695844729 ], [ 74.056261613211007, 39.425205291583858 ], [ 74.05709549267479, 39.425374743586154 ], [ 74.063879288583152, 39.427056894473722 ], [ 74.069097317859601, 39.427993289985764 ], [ 74.073283231449864, 39.428835223417835 ], [ 74.077787769674728, 39.429675558015568 ], [ 74.079990621219608, 39.430095365805087 ], [ 74.08302721981515, 39.431171723964283 ], [ 74.083598356023529, 39.431357311875253 ], [ 74.085327052483294, 39.43191967015656 ], [ 74.092756811274626, 39.434005793582052 ], [ 74.100551385918791, 39.436193401472622 ], [ 74.106783382011955, 39.437880345414399 ], [ 74.112911131510074, 39.43964761318923 ], [ 74.121036123626851, 39.441836762366655 ], [ 74.12531571950197, 39.443743253828167 ], [ 74.128026017795236, 39.445555781851496 ], [ 74.13087904319535, 39.447558252712774 ], [ 74.135305555904651, 39.45040940251949 ], [ 74.13893738143193, 39.452547172027991 ], [ 74.141013620945145, 39.453862617758396 ], [ 74.151091345063577, 39.458652087314121 ], [ 74.160129577104399, 39.462399256815033 ], [ 74.166065228771572, 39.464654433345679 ], [ 74.168976863395301, 39.465496741183486 ], [ 74.173449343503222, 39.466678831869892 ], [ 74.179486100249449, 39.467792571419807 ], [ 74.186355223277701, 39.468998573165358 ], [ 74.190528779802875, 39.469924692534484 ], [ 74.194390102670312, 39.470602423459503 ], [ 74.197208403799493, 39.471028620529566 ], [ 74.202632282054495, 39.472374087016803 ], [ 74.209203672838015, 39.473890093287963 ], [ 74.216809662717637, 39.475913298174142 ], [ 74.223898472489367, 39.477685569404343 ], [ 74.225672911625296, 39.477943538725043 ], [ 74.227549979405353, 39.478366613820739 ], [ 74.228479001732524, 39.479107518513437 ], [ 74.230421811654935, 39.479830525871883 ], [ 74.231597459438518, 39.480267789492508 ], [ 74.23850557110346, 39.481790007116572 ], [ 74.247204227037528, 39.483246179668129 ], [ 74.25087407375743, 39.483761698615332 ], [ 74.253599948198612, 39.484102338700971 ], [ 74.258554793867432, 39.485110575731255 ], [ 74.261097536844716, 39.485454942948344 ], [ 74.265675167125735, 39.486302178899912 ], [ 74.270151963438906, 39.487223786313592 ], [ 74.275949511976009, 39.488379667264219 ], [ 74.280661117758186, 39.489376439814471 ], [ 74.290351773142163, 39.491727818662589 ], [ 74.300766740802473, 39.493915475700852 ], [ 74.308296361497426, 39.495839769801165 ], [ 74.318354577537633, 39.498690476746091 ], [ 74.325689701271131, 39.500464719918014 ], [ 74.332852181947445, 39.502022439118292 ] ] } },
{ "type": "Feature", "properties": { "ID": 315, "长度": 0.28722093334325205, "FEATUREID": "OFBA003C1AJ430010020000144", "CHFCAC": "000144", "GZEAB": "", "KCDDEF": 25.147197723388672, "GZEEB": "05", "GZECD": "", "GZECE": 63.0, "GZEHG": "EK,N1k", "GZAG": "101", "GZEEE": "101", "GZELD": "101", "GZEEC": "106", "GZEKG": "", "GZEHH": "", "PKIGJ": "1∶250000 库尔干幅(J43C001002)建造构造图", "linetype": 1, "aux_linetype": 0, "width": 0.30000001192092896, "x_coef": 5.0, "y_coef": 5.0, "_src_file": "LDZOFBA003.WL", "_src_id": 142 }, "geometry": { "type": "LineString", "coordinates": [ [ 73.810844816023888, 39.44802800423868 ], [ 73.815258303315019, 39.447497265907799 ], [ 73.825503495934399, 39.446544865841993 ], [ 73.832807441456609, 39.445704911410871 ], [ 73.838141385542599, 39.444951226122207 ], [ 73.841322519562041, 39.444585907740098 ], [ 73.846880188947679, 39.444463881789645 ], [ 73.855243968564892, 39.443935590356467 ], [ 73.859592492031595, 39.44365479332965 ], [ 73.869405889206689, 39.443033213444906 ], [ 73.873379497932902, 39.442713371785466 ], [ 73.87899347659058, 39.442011779497079 ], [ 73.883573375660816, 39.441661844635796 ], [ 73.88872636200098, 39.44171565590846 ], [ 73.894209361957166, 39.441808538450573 ], [ 73.899641215541621, 39.442263660954232 ], [ 73.906151663431757, 39.442838419548728 ], [ 73.911563027454946, 39.443437988353956 ], [ 73.916864318626793, 39.444179994278414 ], [ 73.924809143072622, 39.445600790005258 ], [ 73.933038216368942, 39.446734647858953 ], [ 73.943351232905371, 39.448255875741474 ], [ 73.952277489762963, 39.449794498613564 ], [ 73.956281806800632, 39.450815323453895 ], [ 73.963339113315683, 39.452595574825416 ], [ 73.969607249674965, 39.453749402777369 ], [ 73.975454198657957, 39.454968248749886 ], [ 73.983289079100558, 39.456934465324721 ], [ 73.988649560728504, 39.458187828024037 ], [ 73.993832417031143, 39.459076243027695 ], [ 74.000398487834701, 39.46006243746335 ], [ 74.002363133052782, 39.460401812246239 ], [ 74.019783122379224, 39.465025852221522 ], [ 74.026613457665292, 39.46689178047869 ], [ 74.033748536728439, 39.469437745636213 ], [ 74.042795649321903, 39.472859528401479 ], [ 74.051448928861547, 39.476736344542765 ], [ 74.054801039588341, 39.478002513811397 ], [ 74.066065420047906, 39.481948093885926 ], [ 74.072553976307219, 39.484473706926416 ], [ 74.075885390165467, 39.485798194174762 ], [ 74.08200129563194, 39.48859457011411 ], [ 74.086541399745556, 39.490352946715461 ], [ 74.088853249296008, 39.491170401413775 ], [ 74.090308657903876, 39.492083949111979 ] ] } },
{ "type": "Feature", "properties": { "ID": 319, "长度": 0.10820714799181858, "FEATUREID": "OFBA003C1AJ430010020000145", "CHFCAC": "000145", "GZEAB": "", "KCDDEF": 9.672572135925293, "GZEEB": "05", "GZECD": "", "GZECE": 73.0, "GZEHG": "Qp1X,N1k,N1p", "GZAG": "101", "GZEEE": "101", "GZELD": "101", "GZEEC": "106", "GZEKG": "", "GZEHH": "", "PKIGJ": "1∶250000 库尔干幅(J43C001002)建造构造图", "linetype": 1, "aux_linetype": 0, "width": 0.30000001192092896, "x_coef": 5.0, "y_coef": 5.0, "_src_file": "LDZOFBA003.WL", "_src_id": 143 }, "geometry": { "type": "LineString", "coordinates": [ [ 74.738649053374715, 39.468218457786257 ], [ 74.740319240456046, 39.46859644911703 ], [ 74.742980750400193, 39.46879989780841 ], [ 74.744505419852203, 39.468896559050535 ], [ 74.748753232845814, 39.469165882491389 ], [ 74.750341748537323, 39.469023424067672 ], [ 74.7528211570868, 39.468587411614138 ], [ 74.755049685443737, 39.467804072319289 ], [ 74.759765689253669, 39.465248687284763 ], [ 74.762439767079726, 39.463774177073262 ], [ 74.767466864180804, 39.461212931786591 ], [ 74.772655094495903, 39.458698151720384 ], [ 74.775439437090682, 39.457267523377951 ], [ 74.779995439796792, 39.454899253255476 ], [ 74.78348907789055, 39.453763390341784 ], [ 74.78787101834547, 39.452778123129598 ], [ 74.791427070032341, 39.451841155129159 ], [ 74.794349204988876, 39.451004077519642 ], [ 74.797718351969664, 39.449970139545428 ], [ 74.8008311056591, 39.44874518743184 ], [ 74.802927640538442, 39.448110546109447 ], [ 74.804771050132558, 39.44772270740981 ], [ 74.805976563148462, 39.447629424974039 ], [ 74.80705467139893, 39.447634744636446 ], [ 74.808131938603509, 39.447788909831985 ], [ 74.809903692196883, 39.448144964586675 ], [ 74.811377941381309, 39.44811022769894 ], [ 74.812867500570945, 39.447698318350277 ], [ 74.813645187972384, 39.447376063176392 ], [ 74.814359971018547, 39.447099229649162 ], [ 74.815017947894418, 39.446867724449511 ], [ 74.815617223850737, 39.44663609161671 ], [ 74.816574679929005, 39.446405198992785 ], [ 74.817707963249362, 39.446221243624798 ], [ 74.819082999768057, 39.446224071960117 ], [ 74.82057441065534, 39.446413430692751 ], [ 74.822659003084553, 39.447116314230698 ], [ 74.823193979180061, 39.44772288585942 ], [ 74.823490439909648, 39.448096093196362 ], [ 74.823965508760978, 39.448376510260623 ], [ 74.824679124363428, 39.448703979168691 ], [ 74.825335059484587, 39.448845023227847 ], [ 74.826171098930345, 39.44898641922007 ], [ 74.82682553598822, 39.449220605656663 ], [ 74.827363828024119, 39.449407973921794 ], [ 74.827781227136143, 39.449501953654718 ], [ 74.82849712601346, 39.44959652104054 ], [ 74.829153078598708, 39.44955123976159 ], [ 74.83052917731294, 39.448995021558403 ], [ 74.833401444131809, 39.447743042732313 ], [ 74.834897927901551, 39.447140253242303 ], [ 74.837474511733006, 39.445794064332055 ], [ 74.840003022286226, 39.444299805168043 ] ] } },
{ "type": "Feature", "properties": { "ID": 322, "长度": 0.05366315851376826, "FEATUREID": "OFBA003C1AJ430010020000146", "CHFCAC": "000146", "GZEAB": "", "KCDDEF": 4.6599416732788086, "GZEEB": "04", "GZECD": "", "GZECE": 0.0, "GZEHG": "EK,Qsn", "GZAG": "101", "GZEEE": "101", "GZELD": "109", "GZEEC": "106", "GZEKG": "", "GZEHH": "", "PKIGJ": "1∶250000 库尔干幅(J43C001002)建造构造图", "linetype": 2, "aux_linetype": 0, "width": 0.30000001192092896, "x_coef": 3.0, "y_coef": 3.0, "_src_file": "LDZOFBA003.WL", "_src_id": 144 }, "geometry": { "type": "LineString", "coordinates": [ [ 73.596965860599326, 39.45615942179414 ], [ 73.600091397169749, 39.455306188473784 ], [ 73.604625967621729, 39.454070426816507 ], [ 73.612605244198917, 39.452416100155823 ], [ 73.621649362871707, 39.450720466123997 ], [ 73.624895081287605, 39.45024717052079 ], [ 73.629104019417241, 39.449633607078084 ], [ 73.632645197890668, 39.449306311643809 ], [ 73.635058220622838, 39.449083532759282 ], [ 73.640760251334441, 39.448952826747437 ], [ 73.647087658798071, 39.44874880362768 ], [ 73.649910854393383, 39.448637271897013 ] ] } },
{ "type": "Feature", "properties": { "ID": 323, "长度": 0.010318015562545968, "FEATUREID": "OFBA003C1AJ430010020000147", "CHFCAC": "000147", "GZEAB": "", "KCDDEF": 0.88868510723114014, "GZEEB": "01", "GZECD": "", "GZECE": 0.0, "GZEHG": "EK", "GZAG": "101", "GZEEE": "101", "GZELD": "109", "GZEEC": "106", "GZEKG": "", "GZEHH": "", "PKIGJ": "1∶250000 库尔干幅(J43C001002)建造构造图", "linetype": 1, "aux_linetype": 0, "width": 0.30000001192092896, "x_coef": 5.0, "y_coef": 5.0, "_src_file": "LDZOFBA003.WL", "_src_id": 145 }, "geometry": { "type": "LineString", "coordinates": [ [ 73.710572013394483, 39.455885863354659 ], [ 73.714203010366816, 39.45592332887351 ], [ 73.720881500013192, 39.455589549428183 ] ] } },
{ "type": "Feature", "properties": { "ID": 324, "长度": 0.0052999986802529271, "FEATUREID": "OFBA003C1AJ430010020000148", "CHFCAC": "000148", "GZEAB": "", "KCDDEF": 0.45631855726242065, "GZEEB": "04", "GZECD": "", "GZECE": 0.0, "GZEHG": "Qsn", "GZAG": "101", "GZEEE": "101", "GZELD": "109", "GZEEC": "106", "GZEKG": "", "GZEHH": "", "PKIGJ": "1∶250000 库尔干幅(J43C001002)建造构造图", "linetype": 2, "aux_linetype": 0, "width": 0.30000001192092896, "x_coef": 3.0, "y_coef": 3.0, "_src_file": "LDZOFBA003.WL", "_src_id": 146 }, "geometry": { "type": "LineString", "coordinates": [ [ 73.705273454808818, 39.45579215505569 ], [ 73.706274395836715, 39.455841385318983 ], [ 73.710572013394483, 39.455885863354659 ] ] } },
{ "type": "Feature", "properties": { "ID": 325, "长度": 0.030574318535265866, "FEATUREID": "OFBA003C1AJ430010020000149", "CHFCAC": "000149", "GZEAB": "", "KCDDEF": 2.6571247577667236, "GZEEB": "01", "GZECD": "", "GZECE": 0.0, "GZEHG": "EK", "GZAG": "101", "GZEEE": "101", "GZELD": "109", "GZEEC": "106", "GZEKG": "", "GZEHH": "", "PKIGJ": "1∶250000 库尔干幅(J43C001002)建造构造图", "linetype": 1, "aux_linetype": 0, "width": 0.30000001192092896, "x_coef": 5.0, "y_coef": 5.0, "_src_file": "LDZOFBA003.WL", "_src_id": 147 }, "geometry": { "type": "LineString", "coordinates": [ [ 73.675149049927967, 39.450905842181932 ], [ 73.676895156538208, 39.451233922534442 ], [ 73.686835797699388, 39.453512819984958 ], [ 73.693969067498713, 39.454698791173875 ], [ 73.70004825618058, 39.455535017006298 ], [ 73.705273454808818, 39.45579215505569 ] ] } },
{ "type": "Feature", "properties": { "ID": 326, "长度": 0.017035052294731109, "FEATUREID": "OFBA003C1AJ430010020000150", "CHFCAC": "000150", "GZEAB": "", "KCDDEF": 1.4672454595565796, "GZEEB": "04", "GZECD": "", "GZECE": 0.0, "GZEHG": "Qsn", "GZAG": "101", "GZEEE": "101", "GZELD": "109", "GZEEC": "106", "GZEKG": "", "GZEHH": "", "PKIGJ": "1∶250000 库尔干幅(J43C001002)建造构造图", "linetype": 2, "aux_linetype": 0, "width": 0.30000001192092896, "x_coef": 3.0, "y_coef": 3.0, "_src_file": "LDZOFBA003.WL", "_src_id": 148 }, "geometry": { "type": "LineString", "coordinates": [ [ 73.720881500013192, 39.455589549428183 ], [ 73.727764467655817, 39.455245095540043 ], [ 73.737905160137828, 39.455007690968074 ] ] } },
{ "type": "Feature", "properties": { "ID": 327, "长度": 0.0067453149638684743, "FEATUREID": "OFBA003C1AJ430010020000151", "CHFCAC": "000151", "GZEAB": "", "KCDDEF": 0.58118313550949097, "GZEEB": "01", "GZECD": "", "GZECE": 0.0, "GZEHG": "EK", "GZAG": "101", "GZEEE": "101", "GZELD": "109", "GZEEC": "106", "GZEKG": "", "GZEHH": "", "PKIGJ": "1∶250000 库尔干幅(J43C001002)建造构造图", "linetype": 1, "aux_linetype": 0, "width": 0.30000001192092896, "x_coef": 5.0, "y_coef": 5.0, "_src_file": "LDZOFBA003.WL", "_src_id": 149 }, "geometry": { "type": "LineString", "coordinates": [ [ 73.737905160137828, 39.455007690968074 ], [ 73.743733824193356, 39.454741575729379 ], [ 73.74463821162297, 39.454635567383015 ] ] } },
{ "type": "Feature", "properties": { "ID": 328, "长度": 0.0090727006266707131, "FEATUREID": "OFBA003C1AJ430010020000152", "CHFCAC": "000152", "GZEAB": "", "KCDDEF": 0.78581339120864868, "GZEEB": "04", "GZECD": "", "GZECE": 0.0, "GZEHG": "Qsn", "GZAG": "101", "GZEEE": "101", "GZELD": "109", "GZEEC": "106", "GZEKG": "", "GZEHH": "", "PKIGJ": "1∶250000 库尔干幅(J43C001002)建造构造图", "linetype": 2, "aux_linetype": 0, "width": 0.30000001192092896, "x_coef": 3.0, "y_coef": 3.0, "_src_file": "LDZOFBA003.WL", "_src_id": 150 }, "geometry": { "type": "LineString", "coordinates": [ [ 73.74463821162297, 39.454635567383015 ], [ 73.750887024462529, 39.453902906654477 ], [ 73.753627639421325, 39.45343019984076 ] ] } },
{ "type": "Feature", "properties": { "ID": 329, "长度": 0.057558687630249468, "FEATUREID": "OFBA003C1AJ430010020000153", "CHFCAC": "000153", "GZEAB": "", "KCDDEF": 4.9743895530700684, "GZEEB": "01", "GZECD": "", "GZECE": 0.0, "GZEHG": "Qsn,EK", "GZAG": "101", "GZEEE": "101", "GZELD": "109", "GZEEC": "106", "GZEKG": "", "GZEHH": "", "PKIGJ": "1∶250000 库尔干幅(J43C001002)建造构造图", "linetype": 1, "aux_linetype": 0, "width": 0.30000001192092896, "x_coef": 5.0, "y_coef": 5.0, "_src_file": "LDZOFBA003.WL", "_src_id": 151 }, "geometry": { "type": "LineString", "coordinates": [ [ 73.810844816023888, 39.44802800423868 ], [ 73.808989679446242, 39.448250798327244 ], [ 73.804042576842676, 39.448728385815478 ], [ 73.796352935747507, 39.448645988824822 ], [ 73.795399659075571, 39.448688929129489 ], [ 73.79291361792977, 39.448800993288259 ], [ 73.788573682747881, 39.448996542716941 ], [ 73.781893403008851, 39.449550947567339 ], [ 73.772583246332871, 39.450647553141806 ], [ 73.768459966161089, 39.451081976590643 ], [ 73.762195109247912, 39.451952371728069 ], [ 73.753627639421325, 39.45343019984076 ] ] } },
{ "type": "Feature", "properties": { "ID": 330, "长度": 0.016800800383302991, "FEATUREID": "OFBA003C1AJ430010020000154", "CHFCAC": "000154", "GZEAB": "", "KCDDEF": 1.4571607112884521, "GZEEB": "04", "GZECD": "", "GZECE": 0.0, "GZEHG": "Qsn", "GZAG": "101", "GZEEE": "101", "GZELD": "109", "GZEEC": "106", "GZEKG": "", "GZEHH": "", "PKIGJ": "1∶250000 库尔干幅(J43C001002)建造构造图", "linetype": 2, "aux_linetype": 0, "width": 0.30000001192092896, "x_coef": 3.0, "y_coef": 3.0, "_src_file": "LDZOFBA003.WL", "_src_id": 152 }, "geometry": { "type": "LineString", "coordinates": [ [ 73.658539000038388, 39.448549348446434 ], [ 73.662867779452171, 39.448770311043482 ], [ 73.670099461203648, 39.449955981420601 ], [ 73.675149049927967, 39.450905842181932 ] ] } },
{ "type": "Feature", "properties": { "ID": 335, "长度": 0.0086363552811832851, "FEATUREID": "OFBA003C1AJ430010020000155", "CHFCAC": "000155", "GZEAB": "", "KCDDEF": 0.74416595697402954, "GZEEB": "01", "GZECD": "", "GZECE": 0.0, "GZEHG": "Qsn,EK", "GZAG": "101", "GZEEE": "101", "GZELD": "109", "GZEEC": "106", "GZEKG": "", "GZEHH": "", "PKIGJ": "1∶250000 库尔干幅(J43C001002)建造构造图", "linetype": 1, "aux_linetype": 0, "width": 0.30000001192092896, "x_coef": 5.0, "y_coef": 5.0, "_src_file": "LDZOFBA003.WL", "_src_id": 153 }, "geometry": { "type": "LineString", "coordinates": [ [ 73.649910854393383, 39.448637271897013 ], [ 73.65574604935199, 39.448406528592784 ], [ 73.658184815857766, 39.448531151468416 ], [ 73.658539000038388, 39.448549348446434 ] ] } },
{ "type": "Feature", "properties": { "ID": 340, "长度": 0.054264907485966046, "FEATUREID": "OFBA003C1AJ430010020000156", "CHFCAC": "000156", "GZEAB": "", "KCDDEF": 4.6892304420471191, "GZEEB": "01", "GZECD": "", "GZECE": 0.0, "GZEHG": "N1k,N1p,N1a", "GZAG": "101", "GZEEE": "101", "GZELD": "109", "GZEEC": "106", "GZEKG": "", "GZEHH": "", "PKIGJ": "1∶250000 库尔干幅(J43C001002)建造构造图", "linetype": 1, "aux_linetype": 0, "width": 0.30000001192092896, "x_coef": 5.0, "y_coef": 5.0, "_src_file": "LDZOFBA003.WL", "_src_id": 154 }, "geometry": { "type": "LineString", "coordinates": [ [ 74.326915706429631, 39.447840972855971 ], [ 74.330197043044564, 39.447695910755776 ], [ 74.333802021546987, 39.447307993721815 ], [ 74.336741840583528, 39.446576426661515 ], [ 74.34066475429313, 39.445854556897174 ], [ 74.348585123414949, 39.44514438831834 ], [ 74.349153387316406, 39.445093331163044 ], [ 74.364012269811852, 39.444075467669691 ], [ 74.366287753168592, 39.44400221270741 ], [ 74.370840104413219, 39.444365173603742 ], [ 74.380865137374457, 39.445381927310031 ] ] } },
{ "type": "Feature", "properties": { "ID": 342, "长度": 0.10072091980299591, "FEATUREID": "OFBA003C1AJ430010020000157", "CHFCAC": "000157", "GZEAB": "", "KCDDEF": 8.7056970596313477, "GZEEB": "01", "GZECD": "", "GZECE": 0.0, "GZEHG": "N1k,N1p", "GZAG": "101", "GZEEE": "101", "GZELD": "109", "GZEEC": "106", "GZEKG": "", "GZEHH": "", "PKIGJ": "1∶250000 库尔干幅(J43C001002)建造构造图", "linetype": 1, "aux_linetype": 0, "width": 0.30000001192092896, "x_coef": 5.0, "y_coef": 5.0, "_src_file": "LDZOFBA003.WL", "_src_id": 155 }, "geometry": { "type": "LineString", "coordinates": [ [ 74.21959183934068, 39.43761493349075 ], [ 74.222222116198608, 39.437744030983666 ], [ 74.224189116978849, 39.438238911983937 ], [ 74.229943140627171, 39.439110511429874 ], [ 74.233096424497163, 39.439608118552755 ], [ 74.237426892970674, 39.440263196136293 ], [ 74.24159938377035, 39.440795232222847 ], [ 74.246640389726451, 39.441397042808163 ], [ 74.250579338438541, 39.441620149780057 ], [ 74.254518993051263, 39.441720629198819 ], [ 74.258561333192318, 39.441558690463623 ], [ 74.26356196544512, 39.4415213927075 ], [ 74.266330335166913, 39.441781368572379 ], [ 74.269944095567922, 39.442353568019513 ], [ 74.273403493702645, 39.44273998650177 ], [ 74.275325409946603, 39.442749130483456 ], [ 74.283550083590583, 39.442788043689561 ], [ 74.29326279597575, 39.442525230011462 ], [ 74.296552823152908, 39.442417166159082 ], [ 74.301087849390484, 39.442745535903711 ], [ 74.307549583309665, 39.443098384307191 ], [ 74.312361362754288, 39.443688879294371 ], [ 74.314650460602707, 39.444075167082495 ], [ 74.317721952390457, 39.444835818058692 ], [ 74.319696671206671, 39.445284064485023 ] ] } },
{ "type": "Feature", "properties": { "ID": 344, "长度": 0.078260743041882519, "FEATUREID": "OFBA003C1AJ430010020000158", "CHFCAC": "000158", "GZEAB": "", "KCDDEF": 6.7496881484985352, "GZEEB": "01", "GZECD": "", "GZECE": 0.0, "GZEHG": "Qp1X,N1k", "GZAG": "101", "GZEEE": "101", "GZELD": "109", "GZEEC": "106", "GZEKG": "", "GZEHH": "", "PKIGJ": "1∶250000 库尔干幅(J43C001002)建造构造图", "linetype": 1, "aux_linetype": 0, "width": 0.30000001192092896, "x_coef": 10.0, "y_coef": 10.0, "_src_file": "LDZOFBA003.WL", "_src_id": 156 }, "geometry": { "type": "LineString", "coordinates": [ [ 74.796182245473986, 39.446093094186686 ], [ 74.802113735793711, 39.446013526468569 ], [ 74.810001541101926, 39.44588864885165 ], [ 74.813211328649686, 39.445795138402204 ], [ 74.817061584372055, 39.445368673112021 ], [ 74.820069969626886, 39.445374867089214 ], [ 74.823849905685222, 39.445437138320884 ], [ 74.82741888753371, 39.445498871862547 ], [ 74.829309094301436, 39.445393395998536 ], [ 74.833999380507692, 39.444911507697327 ], [ 74.838620257115906, 39.44437742877264 ], [ 74.840003022286226, 39.444299805168043 ], [ 74.842329767214764, 39.44416930284099 ], [ 74.847017727743534, 39.444180982221042 ], [ 74.852337548316328, 39.44419400121518 ], [ 74.858986348050394, 39.443992431757842 ], [ 74.863252879830966, 39.443835327551838 ], [ 74.864991591903291, 39.443558425944737 ], [ 74.865977451328206, 39.443401907226246 ], [ 74.870447467940352, 39.44291476935868 ], [ 74.874219286218448, 39.442209929553549 ] ] } },
{ "type": "Feature", "properties": { "ID": 345, "长度": 0.02008058675067589, "FEATUREID": "OFBA003C1AJ430010020000159", "CHFCAC": "000159", "GZEAB": "", "KCDDEF": 1.7299939393997192, "GZEEB": "01", "GZECD": "", "GZECE": 0.0, "GZEHG": "N1a,N1p", "GZAG": "101", "GZEEE": "101", "GZELD": "109", "GZEEC": "106", "GZEKG": "", "GZEHH": "", "PKIGJ": "1∶250000 库尔干幅(J43C001002)建造构造图", "linetype": 1, "aux_linetype": 0, "width": 0.30000001192092896, "x_coef": 5.0, "y_coef": 5.0, "_src_file": "LDZOFBA003.WL", "_src_id": 157 }, "geometry": { "type": "LineString", "coordinates": [ [ 74.424725006775716, 39.443958777801768 ], [ 74.433631383466391, 39.44369003266096 ], [ 74.438367977101734, 39.4439087582032 ], [ 74.44478383435775, 39.444311975771996 ] ] } },
{ "type": "Feature", "properties": { "ID": 348, "长度": 0.0093054896002472479, "FEATUREID": "OFBA003C1AJ430010020000160", "CHFCAC": "000160", "GZEAB": "", "KCDDEF": 0.80412024259567261, "GZEEB": "01", "GZECD": "", "GZECE": 0.0, "GZEHG": "N1k", "GZAG": "101", "GZEEE": "101", "GZELD": "109", "GZEEC": "106", "GZEKG": "", "GZEHH": "", "PKIGJ": "1∶250000 库尔干幅(J43C001002)建造构造图", "linetype": 1, "aux_linetype": 0, "width": 0.30000001192092896, "x_coef": 5.0, "y_coef": 5.0, "_src_file": "LDZOFBA003.WL", "_src_id": 158 }, "geometry": { "type": "LineString", "coordinates": [ [ 74.205207505950042, 39.436830459431441 ], [ 74.214459649849744, 39.437825431772531 ] ] } },
{ "type": "Feature", "properties": { "ID": 349, "长度": 0.062199674615327355, "FEATUREID": "OFBA003C1AJ430010020000161", "CHFCAC": "000161", "GZEAB": "", "KCDDEF": 5.3673915863037109, "GZEEB": "01", "GZECD": "", "GZECE": 74.0, "GZEHG": "Qp1X", "GZAG": "101", "GZEEE": "101", "GZELD": "109", "GZEEC": "106", "GZEKG": "", "GZEHH": "", "PKIGJ": "1∶250000 库尔干幅(J43C001002)建造构造图", "linetype": 1, "aux_linetype": 0, "width": 0.30000001192092896, "x_coef": 10.0, "y_coef": 10.0, "_src_file": "LDZOFBA003.WL", "_src_id": 159 }, "geometry": { "type": "LineString", "coordinates": [ [ 74.576739940725034, 39.438190621666735 ], [ 74.580519215997214, 39.438639360144613 ], [ 74.58470365815127, 39.438604333058471 ], [ 74.589087210219589, 39.438139315535203 ], [ 74.592653697051233, 39.437830269590279 ], [ 74.597107449898004, 39.43752370499157 ], [ 74.602385450225569, 39.437541873575327 ], [ 74.61012111816575, 39.438115727510755 ], [ 74.61620750304364, 39.438787623511445 ], [ 74.62516315762673, 39.439627037845277 ], [ 74.629401427083707, 39.440181748530534 ], [ 74.63118319129542, 39.440245579629519 ], [ 74.633032827207913, 39.440256192241918 ], [ 74.638719272744325, 39.439913533365321 ] ] } },
{ "type": "Feature", "properties": { "ID": 351, "长度": 0.039696662997649505, "FEATUREID": "OFBA003C1AJ430010020000162", "CHFCAC": "000162", "GZEAB": "", "KCDDEF": 3.4811177253723145, "GZEEB": "01", "GZECD": "", "GZECE": 0.0, "GZEHG": "→N↓1→k", "GZAG": "101", "GZEEE": "101", "GZELD": "109", "GZEEC": "106", "GZEKG": "", "GZEHH": "", "PKIGJ": "1∶250000 库尔干幅(J43C001002)建造构造图", "linetype": 1, "aux_linetype": 0, "width": 0.30000001192092896, "x_coef": 10.0, "y_coef": 10.0, "_src_file": "LDZOFBA003.WL", "_src_id": 160 }, "geometry": { "type": "LineString", "coordinates": [ [ 73.692406850356946, 39.419224326160268 ], [ 73.698885366854753, 39.417811124684512 ], [ 73.706295889983949, 39.416127625367146 ], [ 73.71306104544864, 39.414077734203509 ], [ 73.720369071196799, 39.412260201184566 ], [ 73.726117716954164, 39.410851833258597 ], [ 73.730993118140788, 39.410005837603002 ] ] } },
{ "type": "Feature", "properties": { "ID": 352, "长度": 0.0044473806412131311, "FEATUREID": "OFBA003C1AJ430010020000163", "CHFCAC": "000163", "GZEAB": "", "KCDDEF": 0.41196218132972717, "GZEEB": "01", "GZECD": "", "GZECE": 0.0, "GZEHG": "N1p,EK", "GZAG": "101", "GZEEE": "101", "GZELD": "109", "GZEEC": "106", "GZEKG": "", "GZEHH": "", "PKIGJ": "1∶250000 库尔干幅(J43C001002)建造构造图", "linetype": 1, "aux_linetype": 0, "width": 0.30000001192092896, "x_coef": 5.0, "y_coef": 5.0, "_src_file": "LDZOFBA003.WL", "_src_id": 161 }, "geometry": { "type": "LineString", "coordinates": [ [ 74.163673132482245, 39.420451259203048 ], [ 74.167556365662293, 39.422619137114097 ] ] } },
{ "type": "Feature", "properties": { "ID": 353, "长度": 0.032177915898179268, "FEATUREID": "OFBA003C1AJ430010020000164", "CHFCAC": "000164", "GZEAB": "", "KCDDEF": 2.8458864688873291, "GZEEB": "01", "GZECD": "", "GZECE": 0.0, "GZEHG": "EK,N2a", "GZAG": "101", "GZEEE": "101", "GZELD": "109", "GZEEC": "106", "GZEKG": "", "GZEHH": "", "PKIGJ": "1∶250000 库尔干幅(J43C001002)建造构造图", "linetype": 1, "aux_linetype": 0, "width": 0.30000001192092896, "x_coef": 5.0, "y_coef": 5.0, "_src_file": "LDZOFBA003.WL", "_src_id": 162 }, "geometry": { "type": "LineString", "coordinates": [ [ 74.132889835613156, 39.41234884315908 ], [ 74.133421992983486, 39.412339173073534 ], [ 74.13817504058882, 39.412756297444766 ], [ 74.144401042271298, 39.413565864280457 ], [ 74.14849179272845, 39.414486756466623 ], [ 74.151113216430105, 39.414887713705973 ], [ 74.154183107889409, 39.416026468276193 ], [ 74.156811226053222, 39.41726852153672 ], [ 74.162083450978486, 39.419842182055582 ], [ 74.162412265969266, 39.419986955979205 ], [ 74.163673132482245, 39.420451259203048 ] ] } },
{ "type": "Feature", "properties": { "ID": 354, "长度": 0.089751711289528524, "FEATUREID": "OFBA003C1AJ430010020000165", "CHFCAC": "000165", "GZEAB": "", "KCDDEF": 8.2778816223144531, "GZEEB": "01", "GZECD": "", "GZECE": 0.0, "GZEHG": "EK,N2a,K1kz", "GZAG": "101", "GZEEE": "101", "GZELD": "109", "GZEEC": "106", "GZEKG": "", "GZEHH": "", "PKIGJ": "1∶250000 库尔干幅(J43C001002)建造构造图", "linetype": 1, "aux_linetype": 0, "width": 0.30000001192092896, "x_coef": 5.0, "y_coef": 5.0, "_src_file": "LDZOFBA003.WL", "_src_id": 163 }, "geometry": { "type": "LineString", "coordinates": [ [ 74.046472103577386, 39.378869809746178 ], [ 74.059319541299459, 39.385929029781927 ], [ 74.064432090748241, 39.388770938136773 ], [ 74.068321492355452, 39.391617226388966 ], [ 74.072782031140449, 39.394914963089285 ], [ 74.075629280509162, 39.397016423741235 ], [ 74.077625844625885, 39.398442812691286 ], [ 74.083227482706093, 39.401702367333677 ], [ 74.086465021239803, 39.403711038670949 ], [ 74.088644377406737, 39.405061407332255 ], [ 74.093381049165288, 39.408346757529351 ], [ 74.094755603029384, 39.409320375144752 ], [ 74.095174564969938, 39.409616415465756 ], [ 74.099689975289976, 39.411502827188968 ], [ 74.107980084652965, 39.414672662374414 ], [ 74.118827609088811, 39.41815312747147 ], [ 74.123941259735247, 39.41975310913103 ], [ 74.125457775114484, 39.420062562495396 ] ] } },
{ "type": "Feature", "properties": { "ID": 355, "长度": 0.034868270720053232, "FEATUREID": "OFBA003C1AJ430010020000166", "CHFCAC": "000166", "GZEAB": "", "KCDDEF": 3.0118904113769531, "GZEEB": "01", "GZECD": "", "GZECE": 0.0, "GZEHG": "EK,N2a", "GZAG": "101", "GZEEE": "101", "GZELD": "109", "GZEEC": "106", "GZEKG": "", "GZEHH": "", "PKIGJ": "1∶250000 库尔干幅(J43C001002)建造构造图", "linetype": 1, "aux_linetype": 0, "width": 0.30000001192092896, "x_coef": 5.0, "y_coef": 5.0, "_src_file": "LDZOFBA003.WL", "_src_id": 164 }, "geometry": { "type": "LineString", "coordinates": [ [ 74.094755603029384, 39.409320375144752 ], [ 74.109321819645245, 39.411011657497411 ], [ 74.119973287627076, 39.411983628374955 ], [ 74.126210117793093, 39.411903389818249 ], [ 74.129471124512179, 39.412160488243366 ] ] } },
{ "type": "Feature", "properties": { "ID": 356, "长度": 0.019754277758950802, "FEATUREID": "OFBA003C1AJ430010020000167", "CHFCAC": "000167", "GZEAB": "", "KCDDEF": 1.7760456800460815, "GZEEB": "01", "GZECD": "", "GZECE": 0.0, "GZEHG": "N1k,N1a", "GZAG": "101", "GZEEE": "101", "GZELD": "109", "GZEEC": "106", "GZEKG": "", "GZEHH": "", "PKIGJ": "1∶250000 库尔干幅(J43C001002)建造构造图", "linetype": 1, "aux_linetype": 0, "width": 0.30000001192092896, "x_coef": 10.0, "y_coef": 10.0, "_src_file": "LDZOFBA003.WL", "_src_id": 165 }, "geometry": { "type": "LineString", "coordinates": [ [ 74.909193890933778, 39.415005414807858 ], [ 74.919268395538936, 39.411085262112081 ], [ 74.927561012943826, 39.40773463626757 ] ] } },
{ "type": "Feature", "properties": { "ID": 358, "长度": 0.03351668536102835, "FEATUREID": "OFBA003C1AJ430010020000168", "CHFCAC": "000168", "GZEAB": "", "KCDDEF": 2.9178223609924316, "GZEEB": "01", "GZECD": "", "GZECE": 0.0, "GZEHG": "N1k", "GZAG": "101", "GZEEE": "101", "GZELD": "109", "GZEEC": "106", "GZEKG": "", "GZEHH": "", "PKIGJ": "1∶250000 库尔干幅(J43C001002)建造构造图", "linetype": 1, "aux_linetype": 0, "width": 0.30000001192092896, "x_coef": 5.0, "y_coef": 5.0, "_src_file": "LDZOFBA003.WL", "_src_id": 166 }, "geometry": { "type": "LineString", "coordinates": [ [ 73.743325176459422, 39.40740731940631 ], [ 73.754080106598821, 39.405214277097691 ], [ 73.76427972201688, 39.403204667972183 ], [ 73.776296836528815, 39.401448663500091 ] ] } },
{ "type": "Feature", "properties": { "ID": 360, "长度": 0.10432731514224632, "FEATUREID": "OFBA003C1AJ430010020000169", "CHFCAC": "000169", "GZEAB": "F48", "KCDDEF": 130.55575561523438, "GZEEB": "28", "GZECD": "", "GZECE": 0.0, "GZEHG": "碎裂岩、构造角砾岩、糜棱岩和糜棱岩化岩石、片理化岩石、石英脉、蛇绿岩团块和地层中内生的变砂岩团块", "GZAG": "101", "GZEEE": "102", "GZELD": "109", "GZEEC": "106", "GZEKG": "", "GZEHH": "", "PKIGJ": "1∶250000 库尔干幅(J43C001002)建造构造图", "linetype": 1, "aux_linetype": 0, "width": 0.5, "x_coef": 10.0, "y_coef": 10.0, "_src_file": "LDZOFBA003.WL", "_src_id": 167 }, "geometry": { "type": "LineString", "coordinates": [ [ 74.358307374290035, 39.3800983647279 ], [ 74.361659696813945, 39.382580908692297 ], [ 74.364439825776316, 39.384071690352357 ], [ 74.367075025423546, 39.384704974358741 ], [ 74.369093757026846, 39.385330845573492 ], [ 74.372363594782186, 39.385351279780373 ], [ 74.376897345136285, 39.384646638106979 ], [ 74.383149213559847, 39.383954320380838 ], [ 74.390785761102009, 39.383758839010902 ], [ 74.399624161679938, 39.384432419902318 ], [ 74.404437117172037, 39.385336352626034 ], [ 74.406359736643253, 39.385924062801216 ], [ 74.408223415517583, 39.387388517253527 ], [ 74.412245280188571, 39.39201630002831 ], [ 74.413785536238862, 39.394933985237174 ], [ 74.415934857197868, 39.399552169514948 ], [ 74.418709614327099, 39.404173440034171 ], [ 74.421487739309583, 39.408309679248497 ], [ 74.423973538617005, 39.410019474318425 ], [ 74.426157796873113, 39.410757744073898 ], [ 74.428652714264103, 39.411497508867392 ], [ 74.430527376427747, 39.41150671004813 ], [ 74.431463239901973, 39.411753783933619 ], [ 74.432098039486462, 39.41175295037867 ], [ 74.436801656926306, 39.411598347703986 ], [ 74.440273976769561, 39.411622070530179 ], [ 74.443733818961874, 39.411254916575402 ], [ 74.447871609271616, 39.410118521204012 ] ] } },
{ "type": "Feature", "properties": { "ID": 361, "长度": 0.17801226386464292, "FEATUREID": "OFBA003C1AJ430010020000170", "CHFCAC": "000170", "GZEAB": "", "KCDDEF": 15.509527206420898, "GZEEB": "05", "GZECD": "", "GZECE": 0.0, "GZEHG": "N2a,EK", "GZAG": "101", "GZEEE": "101", "GZELD": "101", "GZEEC": "106", "GZEKG": "", "GZEHH": "", "PKIGJ": "1∶250000 库尔干幅(J43C001002)建造构造图", "linetype": 1, "aux_linetype": 0, "width": 0.30000001192092896, "x_coef": 5.0, "y_coef": 5.0, "_src_file": "LDZOFBA003.WL", "_src_id": 168 }, "geometry": { "type": "LineString", "coordinates": [ [ 74.131487713576576, 39.406517568941766 ], [ 74.139426506005776, 39.407707692518322 ], [ 74.141961293281284, 39.408516318946546 ], [ 74.1470111270892, 39.411114209550348 ], [ 74.150055314092327, 39.411778736948918 ], [ 74.152942365283309, 39.411927660518302 ], [ 74.15715655391034, 39.410990706545306 ], [ 74.166153100272894, 39.408994877186394 ], [ 74.169857494346047, 39.408308850248851 ], [ 74.171584854316222, 39.407995399752679 ], [ 74.173637171779433, 39.407877673855907 ], [ 74.176843886928012, 39.407443163076408 ], [ 74.179395523882619, 39.407004914643963 ], [ 74.185765433756828, 39.406426116887339 ], [ 74.189721240495501, 39.406583053948061 ], [ 74.195339128682377, 39.406691379128681 ], [ 74.200627584632102, 39.406473708991804 ], [ 74.20194994341621, 39.406419251567627 ], [ 74.204639759270748, 39.406084835408016 ], [ 74.208529214213598, 39.405146483628464 ], [ 74.212669907607392, 39.404203541113105 ], [ 74.217217722493416, 39.403643843124591 ], [ 74.221349298863302, 39.40346868623601 ], [ 74.22375035622359, 39.403092235389288 ], [ 74.225777362220086, 39.402617345956905 ], [ 74.229425747374009, 39.400956096281107 ], [ 74.230999519023328, 39.400317867666395 ], [ 74.234229782513793, 39.399624575759844 ], [ 74.239714192814915, 39.399348911993577 ], [ 74.245359689054922, 39.399461437900051 ], [ 74.247268391189067, 39.399606631019815 ], [ 74.250551979856795, 39.399592409574844 ], [ 74.253385363885386, 39.399347164552388 ], [ 74.255723379590947, 39.398516234988058 ], [ 74.258343331429998, 39.397301164027013 ], [ 74.262366462553103, 39.39622852465331 ], [ 74.26413119812517, 39.396111606429066 ], [ 74.26621937615009, 39.39593215966098 ], [ 74.267987575112528, 39.395361601819779 ], [ 74.269515590034928, 39.395048491008446 ], [ 74.273329664502782, 39.394394164188149 ], [ 74.278852396598637, 39.394028831025174 ], [ 74.28551315598007, 39.393752784811639 ], [ 74.289149712326605, 39.39416816850752 ], [ 74.291881138888655, 39.394124685384298 ], [ 74.294243436817339, 39.393981473808175 ], [ 74.296567297902996, 39.393482946095929 ], [ 74.303277663347473, 39.393261389569119 ], [ 74.306273622849886, 39.393156468799425 ] ] } },
{ "type": "Feature", "properties": { "ID": 362, "长度": 0.015320233656536047, "FEATUREID": "OFBA003C1AJ430010020000171", "CHFCAC": "000171", "GZEAB": "F48", "KCDDEF": 130.55575561523438, "GZEEB": "28", "GZECD": "", "GZECE": 0.0, "GZEHG": "碎裂岩、构造角砾岩、糜棱岩和糜棱岩化岩石、片理化岩石、石英脉、蛇绿岩团块和地层中内生的变砂岩团块", "GZAG": "101", "GZEEE": "102", "GZELD": "109", "GZEEC": "106", "GZEKG": "", "GZEHH": "", "PKIGJ": "1∶250000 库尔干幅(J43C001002)建造构造图", "linetype": 1, "aux_linetype": 0, "width": 0.5, "x_coef": 10.0, "y_coef": 10.0, "_src_file": "LDZOFBA003.WL", "_src_id": 169 }, "geometry": { "type": "LineString", "coordinates": [ [ 74.453257058201444, 39.408093172381285 ], [ 74.454909823752658, 39.406196981695928 ], [ 74.456064843692943, 39.4049275256531 ], [ 74.456399395074783, 39.40365103445761 ], [ 74.456411486342589, 39.402243804226437 ], [ 74.45609788855711, 39.400322041596517 ], [ 74.455779519314234, 39.399420925934074 ], [ 74.455961271991285, 39.397750352580189 ], [ 74.457299713185449, 39.395828083551756 ], [ 74.458137269280741, 39.394661594097371 ] ] } },
{ "type": "Feature", "properties": { "ID": 363, "长度": 0.039848915427226524, "FEATUREID": "OFBA003C1AJ430010020000172", "CHFCAC": "000172", "GZEAB": "", "KCDDEF": 3.4459130764007568, "GZEEB": "05", "GZECD": "", "GZECE": 65.0, "GZEHG": "N2a,EK", "GZAG": "101", "GZEEE": "101", "GZELD": "101", "GZEEC": "106", "GZEKG": "", "GZEHH": "", "PKIGJ": "1∶250000 库尔干幅(J43C001002)建造构造图", "linetype": 1, "aux_linetype": 0, "width": 0.30000001192092896, "x_coef": 5.0, "y_coef": 5.0, "_src_file": "LDZOFBA003.WL", "_src_id": 170 }, "geometry": { "type": "LineString", "coordinates": [ [ 74.086465021239803, 39.403711038670949 ], [ 74.093363317519263, 39.404519039668862 ], [ 74.097853404786747, 39.404757745981243 ], [ 74.100404825523498, 39.404774572205582 ], [ 74.104095953048585, 39.404867879026348 ], [ 74.107789132483674, 39.40509880803333 ], [ 74.108933537993792, 39.405381873198635 ], [ 74.112060243861933, 39.40591792149467 ], [ 74.115757826343625, 39.406353189163809 ], [ 74.117701592611439, 39.406157697238505 ], [ 74.119999702331924, 39.406244418407582 ], [ 74.122121258317193, 39.406467701159897 ], [ 74.124864443937241, 39.406281389610506 ], [ 74.126075382878909, 39.40596169143241 ] ] } },
{ "type": "Feature", "properties": { "ID": 365, "长度": 0.16748616380312847, "FEATUREID": "OFBA003C1AJ430010020000173", "CHFCAC": "000173", "GZEAB": "", "KCDDEF": 14.635799407958984, "GZEEB": "01", "GZECD": "", "GZECE": 0.0, "GZEHG": "EK", "GZAG": "101", "GZEEE": "101", "GZELD": "109", "GZEEC": "106", "GZEKG": "", "GZEHH": "", "PKIGJ": "1∶250000 库尔干幅(J43C001002)建造构造图", "linetype": 1, "aux_linetype": 0, "width": 0.30000001192092896, "x_coef": 5.0, "y_coef": 5.0, "_src_file": "LDZOFBA003.WL", "_src_id": 171 }, "geometry": { "type": "LineString", "coordinates": [ [ 74.296007686450167, 39.388455825118008 ], [ 74.29506581710865, 39.388724222690954 ], [ 74.293022785447945, 39.38912690774702 ], [ 74.287335004519036, 39.389333890218417 ], [ 74.280473041820457, 39.389447812548042 ], [ 74.279115881100296, 39.389524370575401 ], [ 74.276568964945255, 39.38980018009881 ], [ 74.271369837116993, 39.390183022226765 ], [ 74.268143570534974, 39.39066367505955 ], [ 74.264813051460976, 39.391479234455048 ], [ 74.262519291307044, 39.392302167363191 ], [ 74.258659333417725, 39.393701351387513 ], [ 74.25580521662981, 39.394438887329301 ], [ 74.253324427673817, 39.394846397995899 ], [ 74.251919800937145, 39.395007369299783 ], [ 74.250413943364578, 39.394915990330674 ], [ 74.247129106617862, 39.394605933390139 ], [ 74.244759860420203, 39.39434232686672 ], [ 74.241635720012312, 39.394326691136179 ], [ 74.238839513730738, 39.394304686946427 ], [ 74.236901089534811, 39.394371703708345 ], [ 74.234644032112897, 39.394435922302328 ], [ 74.232068110590234, 39.394838763481701 ], [ 74.228638586664758, 39.395492329038319 ], [ 74.225525742705258, 39.396564987186672 ], [ 74.223272230762632, 39.397474223748929 ], [ 74.221445705734453, 39.398134641837444 ], [ 74.219784006706519, 39.398753453499879 ], [ 74.217425684198531, 39.399242999894362 ], [ 74.214748296063362, 39.399479888315355 ], [ 74.211642153378421, 39.399798096193223 ], [ 74.209068350223063, 39.400367274066333 ], [ 74.207778089306387, 39.401027083892167 ], [ 74.205413367998574, 39.402013657692329 ], [ 74.203267408279075, 39.40283346349235 ], [ 74.201979656574238, 39.403157985839876 ], [ 74.200801817708751, 39.403232522121421 ], [ 74.199519226984876, 39.40313902433958 ], [ 74.197169924032252, 39.4024520410535 ], [ 74.195461767228068, 39.401769988807288 ], [ 74.193431955350405, 39.401169019654141 ], [ 74.19257776084298, 39.400911568371171 ], [ 74.190923580838898, 39.400438864907947 ], [ 74.188571860565958, 39.4000861071478 ], [ 74.18643622771512, 39.400070030219005 ], [ 74.180785933015699, 39.400280860154162 ], [ 74.178655112419094, 39.400853535804984 ], [ 74.175459235988171, 39.401589620881175 ], [ 74.170449773404584, 39.402818035698409 ], [ 74.165338271131432, 39.403961861125239 ], [ 74.164057091868941, 39.404373432879623 ], [ 74.159727799899969, 39.40522418725272 ], [ 74.155769614378812, 39.406200571441858 ], [ 74.152772251117071, 39.406930686893297 ], [ 74.150953978380329, 39.407084905418323 ], [ 74.148711955494051, 39.407069247479853 ], [ 74.146046210606769, 39.406549967134758 ], [ 74.13845979851078, 39.404906862452457 ], [ 74.135460709130712, 39.404130867342545 ], [ 74.132299641874667, 39.403674834914149 ] ] } },
{ "type": "Feature", "properties": { "ID": 366, "长度": 0.013126275192881847, "FEATUREID": "OFBA003C1AJ430010020000174", "CHFCAC": "000174", "GZEAB": "", "KCDDEF": 1.1413091421127319, "GZEEB": "01", "GZECD": "", "GZECE": 50.0, "GZEHG": "EK", "GZAG": "101", "GZEEE": "101", "GZELD": "109", "GZEEC": "106", "GZEKG": "", "GZEHH": "", "PKIGJ": "1∶250000 库尔干幅(J43C001002)建造构造图", "linetype": 1, "aux_linetype": 0, "width": 0.30000001192092896, "x_coef": 5.0, "y_coef": 5.0, "_src_file": "LDZOFBA003.WL", "_src_id": 172 }, "geometry": { "type": "LineString", "coordinates": [ [ 74.127753035999874, 39.403103342688546 ], [ 74.126069324585231, 39.403027247276917 ], [ 74.124137372480092, 39.402824169133048 ], [ 74.121565102406436, 39.40223927762613 ], [ 74.119795956453714, 39.401848909611047 ], [ 74.117221254730154, 39.401515458422061 ], [ 74.11481740357118, 39.401029837000024 ] ] } },
{ "type": "Feature", "properties": { "ID": 367, "长度": 0.037615993677563235, "FEATUREID": "OFBA003C1AJ430010020000175", "CHFCAC": "000175", "GZEAB": "", "KCDDEF": 3.3644609451293945, "GZEEB": "01", "GZECD": "", "GZECE": 0.0, "GZEHG": "EK,N1k", "GZAG": "101", "GZEEE": "101", "GZELD": "109", "GZEEC": "106", "GZEKG": "", "GZEHH": "", "PKIGJ": "1∶250000 库尔干幅(J43C001002)建造构造图", "linetype": 1, "aux_linetype": 0, "width": 0.30000001192092896, "x_coef": 5.0, "y_coef": 5.0, "_src_file": "LDZOFBA003.WL", "_src_id": 173 }, "geometry": { "type": "LineString", "coordinates": [ [ 73.963355922383485, 39.401310509407509 ], [ 73.967005629239509, 39.400715311780708 ], [ 73.96893509510312, 39.400235813072548 ], [ 73.97066188613266, 39.399806203661178 ], [ 73.974911585278221, 39.39952992254171 ], [ 73.980376418419283, 39.399421030752805 ], [ 73.985432480115449, 39.399465252539208 ], [ 73.988679696022061, 39.39870894109 ], [ 73.990513437998644, 39.39778336058081 ], [ 73.992557393680201, 39.396231902542041 ], [ 73.998465053165503, 39.391750073253981 ] ] } },
{ "type": "Feature", "properties": { "ID": 369, "长度": 0.33455966376800844, "FEATUREID": "OFBA003C1AJ430010020000176", "CHFCAC": "000176", "GZEAB": "", "KCDDEF": 29.011398315429688, "GZEEB": "05", "GZECD": "", "GZECE": 25.0, "GZEHG": "EK,N2a,N1k,P2q", "GZAG": "101", "GZEEE": "101", "GZELD": "101", "GZEEC": "106", "GZEKG": "", "GZEHH": "", "PKIGJ": "1∶250000 库尔干幅(J43C001002)建造构造图", "linetype": 1, "aux_linetype": 0, "width": 0.30000001192092896, "x_coef": 5.0, "y_coef": 5.0, "_src_file": "LDZOFBA003.WL", "_src_id": 174 }, "geometry": { "type": "LineString", "coordinates": [ [ 73.751926017269128, 39.367234360372308 ], [ 73.753193866267239, 39.366877763408958 ], [ 73.756895046100027, 39.365836663861657 ], [ 73.759549357085433, 39.365118540431794 ], [ 73.763800620258749, 39.364353349122936 ], [ 73.767787865060342, 39.364246397436936 ], [ 73.772455664225632, 39.364447680388594 ], [ 73.779888343115729, 39.364451621230913 ], [ 73.788966744051294, 39.365029300089859 ], [ 73.793425207812376, 39.365479464159471 ], [ 73.796805403118896, 39.366117546729534 ], [ 73.803815719163268, 39.367559484497477 ], [ 73.810529669640744, 39.369159565151413 ], [ 73.8164913489464, 39.370220143809732 ], [ 73.823220898402653, 39.37102164353611 ], [ 73.828600726453715, 39.371312263771514 ], [ 73.838761571810053, 39.371820021516882 ], [ 73.845327720769234, 39.372454177598883 ], [ 73.85493476712665, 39.373451822325414 ], [ 73.862441488377499, 39.373956144050098 ], [ 73.874833704266763, 39.375166196485097 ], [ 73.883197270573405, 39.376122137503828 ], [ 73.890835271523812, 39.377438442448963 ], [ 73.898600813589923, 39.378546571474963 ], [ 73.90742668151529, 39.379291822890202 ], [ 73.917890668436726, 39.380832509696781 ], [ 73.9250598360792, 39.382182836279526 ], [ 73.931749771661472, 39.383859606544945 ], [ 73.936351751967123, 39.384607509039483 ], [ 73.941493885080504, 39.384987751815721 ], [ 73.944193977911439, 39.38527377235318 ], [ 73.945683422025354, 39.385661358752152 ], [ 73.947260302138247, 39.386189809751357 ], [ 73.950749018912347, 39.386877102460886 ], [ 73.955287783288682, 39.387480802147188 ], [ 73.960013587059905, 39.388060879692709 ], [ 73.966213669592534, 39.388583786472125 ], [ 73.973281077167144, 39.389565923052864 ], [ 73.979713295266293, 39.390030731042941 ], [ 73.988567344133486, 39.390512396904555 ], [ 73.99391121711227, 39.390919876417101 ], [ 73.996381921820699, 39.391342077081298 ], [ 73.997195829223415, 39.391551365919973 ], [ 73.998465053165503, 39.391750073253981 ], [ 74.001105144834511, 39.392164162369014 ], [ 74.002084575143527, 39.392312275612753 ], [ 74.012560107443861, 39.394748311333309 ], [ 74.016788345021183, 39.39566160386488 ], [ 74.024250452291056, 39.396886475940398 ], [ 74.030858637369036, 39.397928200626758 ], [ 74.036595341820572, 39.398865208379725 ], [ 74.046206404825597, 39.399941237242842 ], [ 74.050996013604404, 39.400575969829717 ], [ 74.05479820918724, 39.400705779309604 ], [ 74.060499150389575, 39.401048451205007 ], [ 74.065695767837141, 39.400892078808077 ], [ 74.070125135330969, 39.401016370735618 ], [ 74.074049513281381, 39.401439476474842 ], [ 74.076961929683662, 39.401757679299223 ], [ 74.083227482706093, 39.401702367333677 ] ] } },
{ "type": "Feature", "properties": { "ID": 370, "长度": 0.063998071253110494, "FEATUREID": "OFBA003C1AJ430010020000177", "CHFCAC": "000177", "GZEAB": "", "KCDDEF": 5.8167929649353027, "GZEEB": "18", "GZECD": "", "GZECE": 0.0, "GZEHG": "N2a,P2q,EK", "GZAG": "101", "GZEEE": "101", "GZELD": "104", "GZEEC": "106", "GZEKG": "", "GZEHH": "", "PKIGJ": "1∶250000 库尔干幅(J43C001002)建造构造图", "linetype": 1, "aux_linetype": 0, "width": 0.30000001192092896, "x_coef": 10.0, "y_coef": 10.0, "_src_file": "LDZOFBA003.WL", "_src_id": 175 }, "geometry": { "type": "LineString", "coordinates": [ [ 74.269408115262465, 39.376595751379817 ], [ 74.28416596550214, 39.383133252774961 ], [ 74.296007686450167, 39.388455825118008 ], [ 74.300136708453991, 39.390310038449179 ], [ 74.306273622849886, 39.393156468799425 ], [ 74.307827681598269, 39.393876605103735 ], [ 74.319132357072135, 39.399097007831145 ], [ 74.327683112561317, 39.403045353963513 ] ] } },
{ "type": "Feature", "properties": { "ID": 373, "长度": 0.033378733898530223, "FEATUREID": "OFBA003C1AJ430010020000178", "CHFCAC": "000178", "GZEAB": "F48", "KCDDEF": 130.55575561523438, "GZEEB": "05", "GZECD": "", "GZECE": 0.0, "GZEHG": "碎裂岩、构造角砾岩、糜棱岩和糜棱岩化岩石、片理化岩石、石英脉、蛇绿岩团块和地层中内生的变砂岩团块", "GZAG": "101", "GZEEE": "102", "GZELD": "109", "GZEEC": "106", "GZEKG": "", "GZEHH": "", "PKIGJ": "1∶250000 库尔干幅(J43C001002)建造构造图", "linetype": 1, "aux_linetype": 0, "width": 0.5, "x_coef": 5.0, "y_coef": 5.0, "_src_file": "LDZOFBA003.WL", "_src_id": 176 }, "geometry": { "type": "LineString", "coordinates": [ [ 74.319132357072135, 39.399097007831145 ], [ 74.32084762055689, 39.399274492819629 ], [ 74.324737090989757, 39.399319846527483 ], [ 74.327825329189821, 39.399039762814091 ], [ 74.332263333102361, 39.398036802060574 ], [ 74.335633672006466, 39.396715179893768 ], [ 74.339401263672585, 39.394779309312817 ], [ 74.341835945450455, 39.391902019474884 ], [ 74.343477449516172, 39.387971151304015 ], [ 74.344731866247145, 39.383932785059244 ] ] } },
{ "type": "Feature", "properties": { "ID": 375, "长度": 0.014407764010458469, "FEATUREID": "OFBA003C1AJ430010020000179", "CHFCAC": "000179", "GZEAB": "F48", "KCDDEF": 130.55575561523438, "GZEEB": "28", "GZECD": "", "GZECE": 0.0, "GZEHG": "碎裂岩、构造角砾岩、糜棱岩和糜棱岩化岩石、片理化岩石、石英脉、蛇绿岩团块和地层中内生的变砂岩团块", "GZAG": "101", "GZEEE": "102", "GZELD": "109", "GZEEC": "106", "GZEKG": "", "GZEHH": "", "PKIGJ": "1∶250000 库尔干幅(J43C001002)建造构造图", "linetype": 1, "aux_linetype": 0, "width": 0.5, "x_coef": 10.0, "y_coef": 10.0, "_src_file": "LDZOFBA003.WL", "_src_id": 177 }, "geometry": { "type": "LineString", "coordinates": [ [ 74.458137269280741, 39.394661594097371 ], [ 74.45892586509936, 39.394600466289852 ], [ 74.460923400035909, 39.393834971046886 ], [ 74.462303848790114, 39.392287759550214 ], [ 74.462195549582432, 39.390927771566048 ], [ 74.461961027076526, 39.38976074464172 ], [ 74.461485227111311, 39.388094437058179 ], [ 74.461493404970412, 39.387507147230203 ], [ 74.461502778898762, 39.386821977939498 ], [ 74.46187797961376, 39.38633527544048 ], [ 74.462989496426871, 39.386147892385587 ], [ 74.464102752520859, 39.386155679589528 ], [ 74.465057422433617, 39.386413727672497 ] ] } },
{ "type": "Feature", "properties": { "ID": 377, "长度": 0.24516902890707579, "FEATUREID": "OFBA003C1AJ430010020000180", "CHFCAC": "000180", "GZEAB": "", "KCDDEF": 21.21673583984375, "GZEEB": "01", "GZECD": "", "GZECE": 0.0, "GZEHG": "N1k,EK", "GZAG": "101", "GZEEE": "101", "GZELD": "109", "GZEEC": "106", "GZEKG": "", "GZEHH": "", "PKIGJ": "1∶250000 库尔干幅(J43C001002)建造构造图", "linetype": 1, "aux_linetype": 0, "width": 0.30000001192092896, "x_coef": 10.0, "y_coef": 10.0, "_src_file": "LDZOFBA003.WL", "_src_id": 178 }, "geometry": { "type": "LineString", "coordinates": [ [ 73.499999000751131, 39.377061750318127 ], [ 73.510373646381552, 39.377444129975729 ], [ 73.520057139259535, 39.377592670053836 ], [ 73.525931729538542, 39.377716703592995 ], [ 73.532965301789801, 39.377764458439522 ], [ 73.540148447410118, 39.377675792085462 ], [ 73.546843188389715, 39.377800602005387 ], [ 73.55346895817479, 39.37783955105818 ], [ 73.560139628499769, 39.3776062411808 ], [ 73.567377055526748, 39.377357233103844 ], [ 73.574447617838828, 39.377093923543455 ], [ 73.581201189115191, 39.377069254130809 ], [ 73.587220225530999, 39.376929932649325 ], [ 73.596156947113741, 39.376861948125651 ], [ 73.604183133309988, 39.376745313991314 ], [ 73.612201180690647, 39.376593234262522 ], [ 73.61626922663838, 39.376853340507878 ], [ 73.621235062732552, 39.377441404786715 ], [ 73.629977194345386, 39.37895184918861 ], [ 73.638913914107576, 39.381033649225472 ], [ 73.6455619139916, 39.382558835127377 ], [ 73.651844702619513, 39.384499989252646 ], [ 73.657331570964004, 39.386676572981429 ], [ 73.661165663584129, 39.387776559874446 ], [ 73.665784186004203, 39.38828591829057 ], [ 73.671171441760706, 39.388803609431335 ], [ 73.675568755151247, 39.388852098969359 ], [ 73.680323821798169, 39.388449153974804 ], [ 73.688972632338789, 39.387658345597252 ], [ 73.696103831239881, 39.387236026301849 ], [ 73.70080510474962, 39.387178751458045 ], [ 73.708357490197045, 39.387117879713315 ], [ 73.713953863736236, 39.386890412532431 ], [ 73.722371551832865, 39.386513557859281 ], [ 73.729281489761121, 39.386590772845238 ], [ 73.734445506481777, 39.386509741374134 ], [ 73.739221365901514, 39.386661239752158 ], [ 73.743549742368856, 39.386876459586283 ] ] } },
{ "type": "Feature", "properties": { "ID": 378, "长度": 0.21461521483332421, "FEATUREID": "OFBA003C1AJ430010020000181", "CHFCAC": "000181", "GZEAB": "F48", "KCDDEF": 130.55575561523438, "GZEEB": "05", "GZECD": "", "GZECE": 58.0, "GZEHG": "碎裂岩、构造角砾岩、糜棱岩和糜棱岩化岩石、片理化岩石、石英脉、蛇绿岩团块和地层中内生的变砂岩团块", "GZAG": "101", "GZEEE": "102", "GZELD": "109", "GZEEC": "106", "GZEKG": "", "GZEHH": "", "PKIGJ": "1∶250000 库尔干幅(J43C001002)建造构造图", "linetype": 1, "aux_linetype": 0, "width": 0.5, "x_coef": 5.0, "y_coef": 5.0, "_src_file": "LDZOFBA003.WL", "_src_id": 179 }, "geometry": { "type": "LineString", "coordinates": [ [ 74.071947300238563, 39.388287282610669 ], [ 74.079621889114065, 39.389776550767372 ], [ 74.084349360354679, 39.390236389992616 ], [ 74.088223951633765, 39.390519070128697 ], [ 74.09253550309198, 39.390636859467328 ], [ 74.095436573460503, 39.390825479401414 ], [ 74.099391857737317, 39.390765824519995 ], [ 74.103452918656103, 39.390291903962634 ], [ 74.106657286979413, 39.389895623728371 ], [ 74.10948749701042, 39.390040874537355 ], [ 74.111833550577259, 39.390559501955408 ], [ 74.115245331304877, 39.391587792323747 ], [ 74.117379833936653, 39.39235601045155 ], [ 74.118877877604547, 39.392450961132909 ], [ 74.120487270755149, 39.392379501551645 ], [ 74.121991437007708, 39.392056027987195 ], [ 74.123926924803072, 39.391819938417939 ], [ 74.126611541541124, 39.392092394919793 ], [ 74.129941975145414, 39.392704632693345 ], [ 74.132087523541628, 39.393307432551573 ], [ 74.134667483666746, 39.393746218463853 ], [ 74.135204587781004, 39.39383413951186 ], [ 74.138162879280543, 39.393731876311243 ], [ 74.143203408994779, 39.393434807404404 ], [ 74.14960791195287, 39.393645972186285 ], [ 74.15366186829074, 39.39383859694653 ], [ 74.157081630619928, 39.393357018154447 ], [ 74.160289486840711, 39.392455200994981 ], [ 74.163173426557918, 39.392137713603418 ], [ 74.164348759925659, 39.391977227103837 ], [ 74.169395666963581, 39.392717881544677 ], [ 74.175143290763998, 39.393343345196641 ], [ 74.178547087532934, 39.39386926209157 ], [ 74.183552129838262, 39.394239205396261 ], [ 74.18706547204151, 39.394264032837427 ], [ 74.192635417541936, 39.393554829514201 ], [ 74.202016627373112, 39.391993212654207 ], [ 74.211876591455564, 39.390640310839757 ], [ 74.219055040664628, 39.389506978818694 ], [ 74.222055344659537, 39.38885345080854 ], [ 74.227357158633453, 39.388169887663523 ], [ 74.233243655038649, 39.388116389682594 ], [ 74.239916652689615, 39.388652226358644 ], [ 74.244005205322878, 39.389176358669559 ], [ 74.247667195203633, 39.389362472733687 ], [ 74.251228372173117, 39.388960401445615 ], [ 74.253654133117976, 39.388846437227343 ], [ 74.258461809267615, 39.388202602987789 ], [ 74.264417532636486, 39.386401562033434 ], [ 74.269541655425698, 39.384761897495189 ], [ 74.275895063951637, 39.383885053582645 ], [ 74.279121665195902, 39.383572573475909 ], [ 74.283636323744048, 39.383232263825164 ], [ 74.28416596550214, 39.383133252774961 ] ] } },
{ "type": "Feature", "properties": { "ID": 379, "长度": 0.033101330974626426, "FEATUREID": "OFBA003C1AJ430010020000182", "CHFCAC": "000182", "GZEAB": "", "KCDDEF": 2.9854044914245605, "GZEEB": "01", "GZECD": "", "GZECE": 0.0, "GZEHG": "N2a,K1kz", "GZAG": "101", "GZEEE": "101", "GZELD": "109", "GZEEC": "106", "GZEKG": "", "GZEHH": "", "PKIGJ": "1∶250000 库尔干幅(J43C001002)建造构造图", "linetype": 1, "aux_linetype": 0, "width": 0.30000001192092896, "x_coef": 10.0, "y_coef": 10.0, "_src_file": "LDZOFBA003.WL", "_src_id": 180 }, "geometry": { "type": "LineString", "coordinates": [ [ 74.508171849077229, 39.389714304768944 ], [ 74.512111962896242, 39.389933942939571 ], [ 74.517187765743671, 39.390112548344277 ], [ 74.523617041210059, 39.390016975704349 ], [ 74.526376271257277, 39.389747667798815 ], [ 74.528361230281519, 39.389090670107095 ], [ 74.530065229108615, 39.388267629798854 ], [ 74.533477216362414, 39.386015103329719 ], [ 74.536257836370538, 39.383708102650502 ], [ 74.538473969960137, 39.381414825426745 ] ] } },
{ "type": "Feature", "properties": { "ID": 380, "长度": 0.088978978762001434, "FEATUREID": "OFBA003C1AJ430010020000183", "CHFCAC": "000183", "GZEAB": "F48", "KCDDEF": 130.55575561523438, "GZEEB": "05", "GZECD": "", "GZECE": 65.0, "GZEHG": "碎裂岩、构造角砾岩、糜棱岩和糜棱岩化岩石、片理化岩石、石英脉、蛇绿岩团块和地层中内生的变砂岩团块", "GZAG": "101", "GZEEE": "102", "GZELD": "109", "GZEEC": "106", "GZEKG": "", "GZEHH": "", "PKIGJ": "1∶250000 库尔干幅(J43C001002)建造构造图", "linetype": 1, "aux_linetype": 0, "width": 0.5, "x_coef": 10.0, "y_coef": 10.0, "_src_file": "LDZOFBA003.WL", "_src_id": 181 }, "geometry": { "type": "LineString", "coordinates": [ [ 74.472933865671209, 39.389137367638348 ], [ 74.478507325084621, 39.390813703539543 ], [ 74.481178851664041, 39.391508317050274 ], [ 74.483946772220548, 39.392053243823263 ], [ 74.486811180950284, 39.392222153671575 ], [ 74.490773337989069, 39.392168578487812 ], [ 74.494913609124808, 39.391816895988363 ], [ 74.497819426282078, 39.391694752582573 ], [ 74.498876646268315, 39.391681790469477 ], [ 74.49992578720817, 39.391593089478455 ], [ 74.5009578384538, 39.391429412732606 ], [ 74.501967918481213, 39.391192165964824 ], [ 74.505452712704141, 39.390401973568139 ], [ 74.508171849077229, 39.389714304768944 ], [ 74.5096214685055, 39.389348052448788 ], [ 74.513082931218122, 39.38856200405445 ], [ 74.514113087571303, 39.387872508833453 ], [ 74.515424656597716, 39.386597003439057 ], [ 74.515987287390104, 39.385318236373571 ], [ 74.516091895522152, 39.383183316044047 ], [ 74.515317973027393, 39.381171856997881 ], [ 74.513867579988357, 39.378208879820306 ], [ 74.511828434868193, 39.375477470506951 ], [ 74.511364740328133, 39.375025467284154 ], [ 74.509125566496508, 39.372844592525155 ], [ 74.507191458136376, 39.37079875219635 ], [ 74.506121983775301, 39.369667295036585 ], [ 74.504447419337168, 39.367567971631203 ], [ 74.502977626338165, 39.365255646987258 ], [ 74.501905280094263, 39.363160074522099 ], [ 74.501503914751183, 39.362139906661149 ], [ 74.501103551791374, 39.360691257714393 ], [ 74.50117142197827, 39.359513360517468 ], [ 74.501169408407037, 39.358656403325917 ], [ 74.50130316387154, 39.357693167310451 ], [ 74.501572690595012, 39.356891454123272 ], [ 74.501971011348346, 39.355979200721798 ], [ 74.502506535837483, 39.355226022328118 ], [ 74.50432320560472, 39.353292069255495 ], [ 74.506503758786437, 39.351148592053363 ], [ 74.508571970595256, 39.349589047031586 ] ] } },
{ "type": "Feature", "properties": { "ID": 384, "长度": 0.1197747639259982, "FEATUREID": "OFBA003C1AJ430010020000184", "CHFCAC": "000184", "GZEAB": "", "KCDDEF": 10.523853302001953, "GZEEB": "01", "GZECD": "", "GZECE": 0.0, "GZEHG": "N2a,K1kz,Qp1X", "GZAG": "101", "GZEEE": "101", "GZELD": "109", "GZEEC": "106", "GZEKG": "", "GZEHH": "", "PKIGJ": "1∶250000 库尔干幅(J43C001002)建造构造图", "linetype": 1, "aux_linetype": 0, "width": 0.30000001192092896, "x_coef": 5.0, "y_coef": 5.0, "_src_file": "LDZOFBA003.WL", "_src_id": 182 }, "geometry": { "type": "LineString", "coordinates": [ [ 73.943253228298815, 39.359133592683953 ], [ 73.948405196608945, 39.361764817804797 ], [ 73.953065847071954, 39.363465681120232 ], [ 73.959072583237088, 39.365177909882668 ], [ 73.96714122812142, 39.367273293813611 ], [ 73.970520634011805, 39.368198164448103 ], [ 73.972020806025412, 39.368608933248446 ], [ 73.979886695648716, 39.370522635210335 ], [ 73.984028934150444, 39.371033173538507 ], [ 73.98785105880836, 39.371205004603844 ], [ 73.992315465253938, 39.371913868070322 ], [ 73.996719771900629, 39.372958675885208 ], [ 73.997781724942669, 39.373220128622236 ], [ 73.99862147393975, 39.373405915865625 ], [ 73.999450577596079, 39.373613759078857 ], [ 74.000269073984583, 39.373843416007276 ], [ 74.001077007226385, 39.374094624207373 ], [ 74.00187543638198, 39.374367087612086 ], [ 74.004465200414643, 39.375272264139348 ], [ 74.008023780454138, 39.376548922608563 ], [ 74.013544852862609, 39.378132090877493 ], [ 74.018293238035639, 39.379926866403878 ], [ 74.022673052864334, 39.381203789911503 ], [ 74.026779128777008, 39.382118645238364 ], [ 74.030243180684536, 39.382521317354573 ], [ 74.036515412308503, 39.383393546849263 ], [ 74.043911845023942, 39.384276454112623 ], [ 74.048607125480615, 39.384908612022045 ], [ 74.053918218754816, 39.38516076261196 ], [ 74.055814200912096, 39.385319182474561 ], [ 74.059319541299459, 39.385929029781927 ] ] } },
{ "type": "Feature", "properties": { "ID": 387, "长度": 0.022600663278127466, "FEATUREID": "OFBA003C1AJ430010020000185", "CHFCAC": "000185", "GZEAB": "", "KCDDEF": 1.9715635776519775, "GZEEB": "01", "GZECD": "", "GZECE": 0.0, "GZEHG": "C1w", "GZAG": "101", "GZEEE": "101", "GZELD": "109", "GZEEC": "106", "GZEKG": "", "GZEHH": "", "PKIGJ": "1∶250000 库尔干幅(J43C001002)建造构造图", "linetype": 1, "aux_linetype": 0, "width": 0.30000001192092896, "x_coef": 5.0, "y_coef": 5.0, "_src_file": "LDZOFBA003.WL", "_src_id": 183 }, "geometry": { "type": "LineString", "coordinates": [ [ 74.436787656846036, 39.377884218684102 ], [ 74.438781018594142, 39.377799179635105 ], [ 74.444387330786057, 39.376658108706359 ], [ 74.451085350041254, 39.375035671284365 ], [ 74.458954360100662, 39.373636039679965 ] ] } },
{ "type": "Feature", "properties": { "ID": 388, "长度": 0.020952434577497476, "FEATUREID": "OFBA003C1AJ430010020000186", "CHFCAC": "000186", "GZEAB": "", "KCDDEF": 1.8197681903839111, "GZEEB": "01", "GZECD": "", "GZECE": 0.0, "GZEHG": "N2a,K1kz", "GZAG": "101", "GZEEE": "101", "GZELD": "109", "GZEEC": "106", "GZEKG": "", "GZEHH": "", "PKIGJ": "1∶250000 库尔干幅(J43C001002)建造构造图", "linetype": 1, "aux_linetype": 0, "width": 0.30000001192092896, "x_coef": 10.0, "y_coef": 10.0, "_src_file": "LDZOFBA003.WL", "_src_id": 184 }, "geometry": { "type": "LineString", "coordinates": [ [ 74.543893031087578, 39.377797027812996 ], [ 74.544947849914038, 39.377374427332995 ], [ 74.546303364235357, 39.377126335575376 ], [ 74.54742196887193, 39.377022857439705 ], [ 74.54840211525935, 39.377028026099978 ], [ 74.550497525479017, 39.377184935253673 ], [ 74.553341074181546, 39.377710363586161 ], [ 74.556181040875529, 39.378162794821584 ], [ 74.558279755667158, 39.378465424314697 ], [ 74.559863370730511, 39.378656284647917 ], [ 74.561265768894131, 39.378700442673448 ], [ 74.563411697689247, 39.378639273675368 ], [ 74.564584732048047, 39.378384387305168 ] ] } },
{ "type": "Feature", "properties": { "ID": 389, "长度": 0.13659251706256709, "FEATUREID": "OFBA003C1AJ430010020000187", "CHFCAC": "000187", "GZEAB": "F48", "KCDDEF": 130.55575561523438, "GZEEB": "28", "GZECD": "", "GZECE": 0.0, "GZEHG": "碎裂岩、构造角砾岩、糜棱岩和糜棱岩化岩石、片理化岩石、石英脉、蛇绿岩团块和地层中内生的变砂岩团块", "GZAG": "101", "GZEEE": "102", "GZELD": "109", "GZEEC": "106", "GZEKG": "", "GZEHH": "", "PKIGJ": "1∶250000 库尔干幅(J43C001002)建造构造图", "linetype": 1, "aux_linetype": 0, "width": 0.5, "x_coef": 10.0, "y_coef": 10.0, "_src_file": "LDZOFBA003.WL", "_src_id": 185 }, "geometry": { "type": "LineString", "coordinates": [ [ 74.533633024951172, 39.366837552545064 ], [ 74.535675592356583, 39.367521999389254 ], [ 74.538895322726987, 39.369016528987629 ], [ 74.542711282245619, 39.371503410098839 ], [ 74.545821577672356, 39.373404003333313 ], [ 74.54677799943434, 39.373737629091032 ], [ 74.547618655538201, 39.374023677260723 ], [ 74.548697361733772, 39.374310986130141 ], [ 74.549836579782195, 39.374504731875177 ], [ 74.551095579645107, 39.374746030520626 ], [ 74.552115769418151, 39.374751382492789 ], [ 74.552775132050797, 39.374707908001987 ], [ 74.553617506054536, 39.374477630843657 ], [ 74.554278595225625, 39.374293342508167 ], [ 74.555058732595953, 39.374297415677809 ], [ 74.55619893675744, 39.374303357297983 ], [ 74.557577255839533, 39.374686015590704 ], [ 74.559013725468631, 39.375069002615561 ], [ 74.561289696103913, 39.376724270243962 ], [ 74.564047202647899, 39.378241314291394 ], [ 74.564584732048047, 39.378384387305168 ], [ 74.564947372566863, 39.378480908800718 ], [ 74.566205922706629, 39.37876909391219 ], [ 74.567467958262739, 39.378823297831744 ], [ 74.568791950285089, 39.378830450728003 ], [ 74.571802937093111, 39.378330398471022 ], [ 74.577221156013593, 39.377045266503181 ], [ 74.580295132271644, 39.37621679163648 ], [ 74.584877465023567, 39.37464541895779 ], [ 74.589034157632753, 39.372884445263239 ], [ 74.594580512547978, 39.369845615667465 ], [ 74.598268486733886, 39.367052487724578 ], [ 74.599349853869668, 39.366237211788111 ], [ 74.600791148598375, 39.365101825351601 ], [ 74.602415797029309, 39.363753289918051 ], [ 74.604894656654508, 39.361730558811843 ], [ 74.607472770539673, 39.360069316373711 ], [ 74.609145672233964, 39.359116730585761 ], [ 74.610593897595123, 39.358483383186837 ], [ 74.611504467283169, 39.358202507809501 ], [ 74.612457684878464, 39.358099936979848 ], [ 74.614089790538983, 39.358285495950149 ], [ 74.618119586712368, 39.359515180841065 ], [ 74.622058315080409, 39.36120754121773 ], [ 74.625270373893386, 39.362896557840607 ], [ 74.626665873097309, 39.363751797457248 ], [ 74.628587686521442, 39.365230404771154 ], [ 74.629997048571866, 39.366085010277423 ], [ 74.631634285963372, 39.366629056579349 ], [ 74.632819510000715, 39.366903184029489 ], [ 74.633894787342228, 39.366953904883751 ], [ 74.635251067687491, 39.366961684172935 ], [ 74.637909071650952, 39.366976875187369 ], [ 74.640623534098452, 39.36681412820716 ], [ 74.642154049313419, 39.366510943364673 ], [ 74.643060698960753, 39.366159671840165 ], [ 74.644024714066106, 39.365496852356294 ], [ 74.644145119591755, 39.365251569965636 ], [ 74.6448228322148, 39.363897509138354 ], [ 74.646528778205806, 39.361456791401466 ], [ 74.64823567126453, 39.358525995606875 ], [ 74.649438631933108, 39.354924073395544 ], [ 74.650037384836722, 39.351580757290975 ] ] } },
{ "type": "Feature", "properties": { "ID": 394, "长度": 0.14297768732410895, "FEATUREID": "OFBA003C1AJ430010020000188", "CHFCAC": "000188", "GZEAB": "F48", "KCDDEF": 130.55575561523438, "GZEEB": "28", "GZECD": "", "GZECE": 0.0, "GZEHG": "碎裂岩、构造角砾岩、糜棱岩和糜棱岩化岩石、片理化岩石、石英脉、蛇绿岩团块和地层中内生的变砂岩团块", "GZAG": "101", "GZEEE": "102", "GZELD": "109", "GZEEC": "106", "GZEKG": "", "GZEHH": "", "PKIGJ": "1∶250000 库尔干幅(J43C001002)建造构造图", "linetype": 1, "aux_linetype": 0, "width": 0.5, "x_coef": 10.0, "y_coef": 10.0, "_src_file": "LDZOFBA003.WL", "_src_id": 186 }, "geometry": { "type": "LineString", "coordinates": [ [ 73.753193866267239, 39.366877763408958 ], [ 73.758327971265459, 39.364672080643466 ], [ 73.765193881372895, 39.362290638687327 ], [ 73.773721033137946, 39.360055497983176 ], [ 73.798081274698802, 39.356563333458247 ], [ 73.805251441719633, 39.355732894646799 ], [ 73.820905000952934, 39.35511749909741 ], [ 73.833581706152884, 39.353307510549058 ], [ 73.840419402893971, 39.352471554567195 ], [ 73.848587106613707, 39.351519209758372 ], [ 73.863759159067484, 39.349730586413656 ], [ 73.868758718983173, 39.349391731422067 ], [ 73.874747273993776, 39.349449823155481 ], [ 73.879729330139838, 39.350014668492854 ], [ 73.886027098977124, 39.351625395695791 ], [ 73.891327839196393, 39.353226274384241 ], [ 73.893781872000758, 39.353985634943406 ] ] } },
{ "type": "Feature", "properties": { "ID": 395, "长度": 0.098827228185691049, "FEATUREID": "OFBA003C1AJ430010020000189", "CHFCAC": "000189", "GZEAB": "F48", "KCDDEF": 130.55575561523438, "GZEEB": "28", "GZECD": "", "GZECE": 0.0, "GZEHG": "碎裂岩、构造角砾岩、糜棱岩和糜棱岩化岩石、片理化岩石、石英脉、蛇绿岩团块和地层中内生的变砂岩团块", "GZAG": "101", "GZEEE": "102", "GZELD": "109", "GZEEC": "106", "GZEKG": "", "GZEHH": "", "PKIGJ": "1∶250000 库尔干幅(J43C001002)建造构造图", "linetype": 1, "aux_linetype": 0, "width": 0.5, "x_coef": 10.0, "y_coef": 10.0, "_src_file": "LDZOFBA003.WL", "_src_id": 187 }, "geometry": { "type": "LineString", "coordinates": [ [ 73.641859001901437, 39.353984154490767 ], [ 73.645639384953213, 39.353670856587463 ], [ 73.651501588755536, 39.352189179702478 ], [ 73.65911685938751, 39.350264397709523 ], [ 73.665869862190348, 39.349276111425873 ], [ 73.670395586227286, 39.349008449068009 ], [ 73.675215184077089, 39.348889189700742 ], [ 73.677471936509491, 39.349205303786313 ], [ 73.681709999893769, 39.349948914665561 ], [ 73.68663980736568, 39.351513214092499 ], [ 73.691755363384289, 39.353195499895008 ], [ 73.697981500293537, 39.35544144194418 ], [ 73.703379213954932, 39.357474828832316 ], [ 73.707001900448319, 39.358588468689994 ], [ 73.710554176106925, 39.359439829023316 ], [ 73.7139036960738, 39.360430419109953 ], [ 73.7178093329413, 39.361764172754469 ], [ 73.720080802632879, 39.362649350706832 ], [ 73.722223151150956, 39.363337062703103 ], [ 73.725684752726565, 39.364371998058445 ], [ 73.729917047098638, 39.365160911913357 ], [ 73.732481871338862, 39.365686679642323 ], [ 73.734979490157173, 39.366127249670839 ], [ 73.737553345647967, 39.366522884545027 ] ] } },
{ "type": "Feature", "properties": { "ID": 396, "长度": 0.024480954255046931, "FEATUREID": "OFBA003C1AJ430010020000190", "CHFCAC": "000190", "GZEAB": "", "KCDDEF": 2.1796956062316895, "GZEEB": "01", "GZECD": "", "GZECE": 0.0, "GZEHG": "C1w", "GZAG": "101", "GZEEE": "101", "GZELD": "109", "GZEEC": "106", "GZEKG": "", "GZEHH": "", "PKIGJ": "1∶250000 库尔干幅(J43C001002)建造构造图", "linetype": 1, "aux_linetype": 0, "width": 0.30000001192092896, "x_coef": 5.0, "y_coef": 5.0, "_src_file": "LDZOFBA003.WL", "_src_id": 188 }, "geometry": { "type": "LineString", "coordinates": [ [ 74.467153587102359, 39.371963070492839 ], [ 74.479196867556155, 39.368500706323729 ], [ 74.484747495051707, 39.36666559624809 ], [ 74.49034351185405, 39.364228355304434 ] ] } },
{ "type": "Feature", "properties": { "ID": 397, "长度": 0.32506805225475344, "FEATUREID": "OFBA003C1AJ430010020000191", "CHFCAC": "000191", "GZEAB": "", "KCDDEF": 28.465597152709961, "GZEEB": "05", "GZECD": "", "GZECE": 55.0, "GZEHG": "P2q,C2P1t", "GZAG": "101", "GZEEE": "101", "GZELD": "101", "GZEEC": "106", "GZEKG": "", "GZEHH": "", "PKIGJ": "1∶250000 库尔干幅(J43C001002)建造构造图", "linetype": 1, "aux_linetype": 0, "width": 0.30000001192092896, "x_coef": 5.0, "y_coef": 5.0, "_src_file": "LDZOFBA003.WL", "_src_id": 189 }, "geometry": { "type": "LineString", "coordinates": [ [ 74.028195346098315, 39.369046201888217 ], [ 74.031677703282469, 39.368007334209928 ], [ 74.035731197059519, 39.36662083307511 ], [ 74.039619646553589, 39.364844040387844 ], [ 74.041192179901245, 39.364340689126664 ], [ 74.046298862798125, 39.363472572585522 ], [ 74.050268667470917, 39.36278952732394 ], [ 74.054089448195768, 39.36132945554013 ], [ 74.057665174840295, 39.359737104155634 ], [ 74.059077006489275, 39.359035227170381 ], [ 74.060983273064977, 39.358273649603596 ], [ 74.06180754036798, 39.358216383693282 ], [ 74.062055271437984, 39.358218684637485 ], [ 74.062799464838719, 39.35822558205534 ], [ 74.063541669688078, 39.358362351626134 ], [ 74.064857466968533, 39.359088903703061 ], [ 74.067077231437523, 39.360408275425506 ], [ 74.069215968502476, 39.361532031570185 ], [ 74.070451258873774, 39.361998010022688 ], [ 74.07202409689512, 39.362466484048326 ], [ 74.073785794556898, 39.362544880968848 ], [ 74.07546793113741, 39.362297928253781 ], [ 74.078581090678696, 39.361282544948416 ], [ 74.08035134867157, 39.360321852084837 ], [ 74.084392665368227, 39.358929629131659 ], [ 74.088434180299785, 39.357348322551253 ], [ 74.090118363114925, 39.356651617016773 ], [ 74.093403056668194, 39.355063012845179 ], [ 74.097835540350985, 39.352893185895269 ], [ 74.101001400812208, 39.351617416228876 ], [ 74.103253388717491, 39.3507783174895 ], [ 74.106417924659226, 39.350010034660777 ], [ 74.109252678113123, 39.349042677822801 ], [ 74.110834091038384, 39.348724114079886 ], [ 74.114496765145304, 39.348020785789288 ], [ 74.121085687424795, 39.347057924571047 ], [ 74.125677395621011, 39.346889426526211 ], [ 74.128517023642473, 39.34677557623565 ], [ 74.134115110521208, 39.346217297283886 ], [ 74.138941587517351, 39.345662791366493 ], [ 74.146674019166554, 39.344725712839171 ], [ 74.148419874846624, 39.344340847316026 ], [ 74.152573785338475, 39.343640699662203 ], [ 74.155404809487806, 39.343329742044276 ], [ 74.159663976454638, 39.342570705884874 ], [ 74.1639475520237, 39.341538234072566 ], [ 74.172461822305152, 39.338809996739798 ], [ 74.179919583083006, 39.336269438551419 ], [ 74.185502642961708, 39.334671850537795 ], [ 74.186334550901066, 39.334378829298394 ], [ 74.187176035253785, 39.334102801919698 ], [ 74.188025528923546, 39.333843957890302 ], [ 74.188885441806491, 39.333602473042497 ], [ 74.189751195528842, 39.333378514298779 ], [ 74.190625188705567, 39.33317223492687 ], [ 74.19150582885635, 39.332983772510779 ], [ 74.192391511978855, 39.332813260067844 ], [ 74.193285631400101, 39.332660812600366 ], [ 74.194181580621489, 39.332526531619195 ], [ 74.200323539125989, 39.331566843758118 ], [ 74.209321305159193, 39.330409890276535 ], [ 74.210247299523914, 39.330334349017072 ], [ 74.211069105053383, 39.330298357438167 ], [ 74.212203880671822, 39.330223051405099 ], [ 74.213543850367586, 39.330188501427855 ], [ 74.214469685752519, 39.330152247448119 ], [ 74.215193506152517, 39.330035007552397 ], [ 74.216587569844833, 39.329880436807983 ], [ 74.217463883545349, 39.32984394727508 ], [ 74.218391185648116, 39.329847725714927 ], [ 74.219523503594985, 39.329932465787223 ], [ 74.220810374293265, 39.330017822007726 ], [ 74.225645705508171, 39.330518123869751 ], [ 74.226883120322995, 39.330523073333474 ], [ 74.23048781832793, 39.33057750265808 ], [ 74.235275913108765, 39.330300673247919 ], [ 74.236291628070873, 39.330263413025804 ], [ 74.238120028444641, 39.33018837710928 ], [ 74.241650016638005, 39.330038843032888 ], [ 74.244159723984993, 39.329846946782318 ], [ 74.247133748430798, 39.329616492841843 ], [ 74.249646449331422, 39.329384732727107 ], [ 74.261363870606331, 39.328357996771345 ], [ 74.263329947322461, 39.328053414762813 ], [ 74.266379946346731, 39.327636928214837 ], [ 74.272380388686599, 39.327081508167723 ], [ 74.273465278082369, 39.327050531673088 ], [ 74.274448743586234, 39.327137747072243 ], [ 74.280395282234082, 39.327264508112023 ], [ 74.282579598572525, 39.327204846029538 ], [ 74.28648545217645, 39.327122105135302 ], [ 74.288829531185442, 39.326945433189159 ], [ 74.290183880935786, 39.326838926631702 ], [ 74.292631101639742, 39.326583788287856 ], [ 74.306283408395032, 39.325061578362444 ], [ 74.308761567961525, 39.324876930785727 ], [ 74.309423328789805, 39.324880860928118 ], [ 74.313397665547427, 39.324518900446897 ], [ 74.323159613430064, 39.324576095489448 ], [ 74.330273990804272, 39.324360290547325 ], [ 74.338209834549602, 39.325176662202438 ], [ 74.345107033483529, 39.326621357980365 ] ] } },
{ "type": "Feature", "properties": { "ID": 400, "长度": 0.076740762228050804, "FEATUREID": "OFBA003C1AJ430010020000192", "CHFCAC": "000192", "GZEAB": "F48", "KCDDEF": 130.55575561523438, "GZEEB": "28", "GZECD": "", "GZECE": 0.0, "GZEHG": "碎裂岩、构造角砾岩、糜棱岩和糜棱岩化岩石、片理化岩石、石英脉、蛇绿岩团块和地层中内生的变砂岩团块", "GZAG": "101", "GZEEE": "102", "GZELD": "109", "GZEEC": "106", "GZEKG": "", "GZEHH": "", "PKIGJ": "1∶250000 库尔干幅(J43C001002)建造构造图", "linetype": 1, "aux_linetype": 0, "width": 0.5, "x_coef": 10.0, "y_coef": 10.0, "_src_file": "LDZOFBA003.WL", "_src_id": 190 }, "geometry": { "type": "LineString", "coordinates": [ [ 73.93021584894052, 39.359545543660026 ], [ 73.932561173523055, 39.359782130055066 ], [ 73.936679775382984, 39.359545564264444 ], [ 73.943253228298815, 39.359133592683953 ], [ 73.943774508255984, 39.359101042196841 ], [ 73.950689395035184, 39.359452275811179 ], [ 73.957642628384335, 39.360301801064317 ], [ 73.96297755352164, 39.361371106118796 ], [ 73.967747312976513, 39.362328035189122 ], [ 73.973208744750025, 39.363105056756787 ], [ 73.979033333436973, 39.364066539980847 ], [ 73.982499212721791, 39.365119994147918 ], [ 73.984179765650637, 39.365573064826108 ], [ 73.98586789621821, 39.365587141308396 ], [ 73.987324338429048, 39.365452925601346 ], [ 73.990083793344269, 39.365429076922702 ], [ 73.99134947262344, 39.365549435457098 ], [ 73.992504166315484, 39.365916074696607 ], [ 73.993941816918905, 39.366147714832529 ], [ 73.995874071661561, 39.366383404429676 ], [ 73.998092756253371, 39.366515741590987 ], [ 73.999025275727931, 39.366552640050585 ], [ 73.99995868262927, 39.366603752137536 ], [ 74.000889618115778, 39.366669056786037 ], [ 74.001817726241782, 39.366748532966419 ], [ 74.002743645447566, 39.366842146101945 ], [ 74.005817909593361, 39.367156320882451 ], [ 74.006175899762297, 39.367191726371679 ] ] } },
{ "type": "Feature", "properties": { "ID": 402, "长度": 0.04129810270027294, "FEATUREID": "OFBA003C1AJ430010020000193", "CHFCAC": "000193", "GZEAB": "", "KCDDEF": 3.7179396152496338, "GZEEB": "01", "GZECD": "", "GZECE": 78.0, "GZEHG": "N2a,K2Y,K1kz", "GZAG": "101", "GZEEE": "101", "GZELD": "109", "GZEEC": "106", "GZEKG": "", "GZEHH": "", "PKIGJ": "1∶250000 库尔干幅(J43C001002)建造构造图", "linetype": 1, "aux_linetype": 0, "width": 0.30000001192092896, "x_coef": 10.0, "y_coef": 10.0, "_src_file": "LDZOFBA003.WL", "_src_id": 191 }, "geometry": { "type": "LineString", "coordinates": [ [ 74.644145119591755, 39.365251569965636 ], [ 74.646319516153696, 39.364918492131032 ], [ 74.649248823915627, 39.364150017158742 ], [ 74.654041778120344, 39.36236329061142 ], [ 74.66019378772414, 39.360290133933312 ], [ 74.662001413956261, 39.359760200624812 ], [ 74.665665083159865, 39.358687801706978 ], [ 74.670455763280884, 39.356541370206635 ], [ 74.676309581069134, 39.353423440257217 ], [ 74.677794536644171, 39.352650274347354 ], [ 74.678542098566098, 39.352260768265616 ], [ 74.680493619574747, 39.351243392783388 ], [ 74.682447284815197, 39.350317751168866 ] ] } },
{ "type": "Feature", "properties": { "ID": 403, "长度": 0.13739256719702064, "FEATUREID": "OFBA003C1AJ430010020000194", "CHFCAC": "000194", "GZEAB": "F48", "KCDDEF": 130.55575561523438, "GZEEB": "28", "GZECD": "", "GZECE": 0.0, "GZEHG": "碎裂岩、构造角砾岩、糜棱岩和糜棱岩化岩石、片理化岩石、石英脉、蛇绿岩团块和地层中内生的变砂岩团块", "GZAG": "101", "GZEEE": "102", "GZELD": "109", "GZEEC": "106", "GZEKG": "", "GZEHH": "", "PKIGJ": "1∶250000 库尔干幅(J43C001002)建造构造图", "linetype": 1, "aux_linetype": 0, "width": 0.5, "x_coef": 10.0, "y_coef": 10.0, "_src_file": "LDZOFBA003.WL", "_src_id": 192 }, "geometry": { "type": "LineString", "coordinates": [ [ 73.505225788172595, 39.35220399164389 ], [ 73.511691036784242, 39.350412821769325 ], [ 73.519209283112559, 39.34806133797823 ], [ 73.524139625124477, 39.346860773771489 ], [ 73.527975247171582, 39.346340954676059 ], [ 73.5326958385007, 39.345901660169218 ], [ 73.53697390713144, 39.345353740999712 ], [ 73.540787145071448, 39.344487116110066 ], [ 73.549905751734244, 39.34262607469045 ], [ 73.555710888457895, 39.341590154193447 ], [ 73.558248095267757, 39.341255300855188 ], [ 73.560663563309205, 39.340936459641426 ], [ 73.564567099005558, 39.340752834341401 ], [ 73.566157226466927, 39.340772478110047 ], [ 73.567788811168469, 39.341056884135867 ], [ 73.569495213782346, 39.341639595242334 ], [ 73.571363935007582, 39.342719845371505 ], [ 73.574389552818104, 39.344673323275366 ], [ 73.581048507313781, 39.349412763697771 ], [ 73.58494639896324, 39.351541181084691 ], [ 73.588859239847451, 39.353503122608139 ], [ 73.592203002194481, 39.354599389800164 ], [ 73.596641956640227, 39.355543731574251 ], [ 73.601167254450331, 39.356128064324913 ], [ 73.601910481667801, 39.356158846012285 ], [ 73.605704101144156, 39.356316313190341 ], [ 73.614885262405991, 39.356454149766499 ], [ 73.620754511791191, 39.356420983145881 ], [ 73.626165141720691, 39.355858686238044 ], [ 73.632249008223226, 39.355138657560268 ], [ 73.637376040082245, 39.354210983262895 ] ] } },
{ "type": "Feature", "properties": { "ID": 407, "长度": 0.012509700376534897, "FEATUREID": "OFBA003C1AJ430010020000195", "CHFCAC": "000195", "GZEAB": "", "KCDDEF": 1.0869998931884766, "GZEEB": "01", "GZECD": "", "GZECE": 0.0, "GZEHG": "N1p,K2Y", "GZAG": "101", "GZEEE": "101", "GZELD": "109", "GZEEC": "106", "GZEKG": "", "GZEHH": "", "PKIGJ": "1∶250000 库尔干幅(J43C001002)建造构造图", "linetype": 1, "aux_linetype": 0, "width": 0.30000001192092896, "x_coef": 5.0, "y_coef": 5.0, "_src_file": "LDZOFBA003.WL", "_src_id": 193 }, "geometry": { "type": "LineString", "coordinates": [ [ 74.68814930784842, 39.360864052374602 ], [ 74.700503832144477, 39.358899788408429 ] ] } },
{ "type": "Feature", "properties": { "ID": 408, "长度": 0.026187482433322598, "FEATUREID": "OFBA003C1AJ430010020000196", "CHFCAC": "000196", "GZEAB": "", "KCDDEF": 2.2591910362243652, "GZEEB": "01", "GZECD": "", "GZECE": 0.0, "GZEHG": "N2a,K2Y", "GZAG": "101", "GZEEE": "101", "GZELD": "109", "GZEEC": "106", "GZEKG": "", "GZEHH": "", "PKIGJ": "1∶250000 库尔干幅(J43C001002)建造构造图", "linetype": 1, "aux_linetype": 0, "width": 0.30000001192092896, "x_coef": 5.0, "y_coef": 5.0, "_src_file": "LDZOFBA003.WL", "_src_id": 194 }, "geometry": { "type": "LineString", "coordinates": [ [ 74.662001413956261, 39.359760200624812 ], [ 74.669067222807087, 39.359905174886798 ], [ 74.674737426611372, 39.360455031234189 ], [ 74.682473513220543, 39.360876801583366 ], [ 74.68814930784842, 39.360864052374602 ] ] } },
{ "type": "Feature", "properties": { "ID": 410, "长度": 0.067229224511482569, "FEATUREID": "OFBA003C1AJ430010020000197", "CHFCAC": "000197", "GZEAB": "", "KCDDEF": 5.9141426086425781, "GZEEB": "01", "GZECD": "", "GZECE": 0.0, "GZEHG": "N1p,K1kz,K2Y", "GZAG": "101", "GZEEE": "101", "GZELD": "109", "GZEEC": "106", "GZEKG": "", "GZEHH": "", "PKIGJ": "1∶250000 库尔干幅(J43C001002)建造构造图", "linetype": 1, "aux_linetype": 0, "width": 0.30000001192092896, "x_coef": 5.0, "y_coef": 5.0, "_src_file": "LDZOFBA003.WL", "_src_id": 195 }, "geometry": { "type": "LineString", "coordinates": [ [ 74.712073553584929, 39.35977187548923 ], [ 74.717384344919097, 39.359098422965701 ], [ 74.725813571593619, 39.357650517294282 ], [ 74.730287751804141, 39.356326356549168 ], [ 74.731295779375117, 39.356118046226115 ], [ 74.745602405040543, 39.353157756022668 ], [ 74.757474627487255, 39.350246938350743 ], [ 74.76762819567152, 39.346931093896039 ], [ 74.777131519737466, 39.343472624186738 ] ] } },
{ "type": "Feature", "properties": { "ID": 411, "长度": 0.013160302942817935, "FEATUREID": "OFBA003C1AJ430010020000198", "CHFCAC": "000198", "GZEAB": "", "KCDDEF": 1.3001749515533447, "GZEEB": "18", "GZECD": "", "GZECE": 0.0, "GZEHG": "C2P1t,P2q", "GZAG": "101", "GZEEE": "101", "GZELD": "104", "GZEEC": "106", "GZEKG": "", "GZEHH": "", "PKIGJ": "1∶250000 库尔干幅(J43C001002)建造构造图", "linetype": 1, "aux_linetype": 0, "width": 0.30000001192092896, "x_coef": 10.0, "y_coef": 10.0, "_src_file": "LDZOFBA003.WL", "_src_id": 196 }, "geometry": { "type": "LineString", "coordinates": [ [ 74.055445296908232, 39.344963290009588 ], [ 74.057557820265615, 39.346977139950717 ], [ 74.059175216346176, 39.348518886128367 ], [ 74.062447585927259, 39.351636018193446 ], [ 74.064972395824825, 39.354042274278612 ] ] } },
{ "type": "Feature", "properties": { "ID": 412, "长度": 0.021519091678603455, "FEATUREID": "OFBA003C1AJ430010020000199", "CHFCAC": "000199", "GZEAB": "", "KCDDEF": 1.9142923355102539, "GZEEB": "01", "GZECD": "", "GZECE": 0.0, "GZEHG": "C2P1t,P2q", "GZAG": "101", "GZEEE": "101", "GZELD": "109", "GZEEC": "106", "GZEKG": "", "GZEHH": "", "PKIGJ": "1∶250000 库尔干幅(J43C001002)建造构造图", "linetype": 1, "aux_linetype": 0, "width": 0.30000001192092896, "x_coef": 10.0, "y_coef": 10.0, "_src_file": "LDZOFBA003.WL", "_src_id": 197 }, "geometry": { "type": "LineString", "coordinates": [ [ 73.967151645294607, 39.345292856187051 ], [ 73.97367986997088, 39.347347817979006 ], [ 73.979695421672048, 39.349228869389357 ], [ 73.983097439556673, 39.350567741862683 ], [ 73.985550159633789, 39.351353655135185 ], [ 73.987581080777204, 39.352030461724183 ] ] } },
{ "type": "Feature", "properties": { "ID": 416, "长度": 0.16059963770848243, "FEATUREID": "OFBA003C1AJ430010020000200", "CHFCAC": "000200", "GZEAB": "", "KCDDEF": 14.447304725646973, "GZEEB": "01", "GZECD": "", "GZECE": 0.0, "GZEHG": "N1p,K2Y,N2a", "GZAG": "101", "GZEEE": "101", "GZELD": "109", "GZEEC": "106", "GZEKG": "", "GZEHH": "", "PKIGJ": "1∶250000 库尔干幅(J43C001002)建造构造图", "linetype": 1, "aux_linetype": 0, "width": 0.30000001192092896, "x_coef": 5.0, "y_coef": 5.0, "_src_file": "LDZOFBA003.WL", "_src_id": 198 }, "geometry": { "type": "LineString", "coordinates": [ [ 74.841183337934638, 39.338294443605626 ], [ 74.842487210796875, 39.33990573216748 ], [ 74.843875866658038, 39.341338357832363 ], [ 74.84420629748918, 39.34167948585565 ], [ 74.846497814995942, 39.343584001762721 ], [ 74.848871595452579, 39.345328176715789 ], [ 74.850875224208238, 39.346717478475057 ], [ 74.855569317827047, 39.349911235395616 ], [ 74.859716903333592, 39.352056075397535 ], [ 74.862999065980233, 39.353823305859088 ], [ 74.864285741243108, 39.354515086963715 ], [ 74.866647806935404, 39.355406318138357 ], [ 74.870655575849, 39.356385692344467 ], [ 74.873789271449823, 39.356876867384557 ], [ 74.877698306055066, 39.357125537085551 ], [ 74.882017702399253, 39.357131164729495 ], [ 74.88797476815418, 39.356535128822372 ], [ 74.891768110713599, 39.355975321172728 ], [ 74.894381856890504, 39.355290995006762 ], [ 74.899301094388321, 39.353855111728379 ], [ 74.902837101823849, 39.352860535249462 ], [ 74.908689929562598, 39.351152745999009 ], [ 74.912761395699746, 39.349720533790233 ], [ 74.914926370941316, 39.348964624493512 ], [ 74.91755387786624, 39.348329914830124 ], [ 74.921314119531928, 39.347897603072497 ], [ 74.925729895669534, 39.347455361453164 ], [ 74.929891210858287, 39.346852284777825 ], [ 74.933433224907347, 39.346092265976971 ], [ 74.938566903953955, 39.344892386831198 ], [ 74.941800109611279, 39.343890715823484 ], [ 74.947187481788859, 39.342327560979022 ], [ 74.954375695228663, 39.340162356275101 ], [ 74.957773555737262, 39.339080497134489 ], [ 74.96080350598676, 39.338282585010724 ], [ 74.963629059341116, 39.33756453967198 ], [ 74.965991682636343, 39.337046381501636 ], [ 74.967583927643489, 39.336513011279351 ], [ 74.968815121736654, 39.335692203824628 ], [ 74.969829151435434, 39.334893550390142 ], [ 74.970311252110122, 39.334322476490172 ], [ 74.970842565988377, 39.333779436667868 ], [ 74.971421380305273, 39.333267196988984 ], [ 74.972045750692118, 39.332788365831519 ], [ 74.972713486690054, 39.332345380388944 ], [ 74.973421192348411, 39.331940493187332 ], [ 74.974164269119584, 39.331575765348212 ], [ 74.989778695664356, 39.323561505270391 ] ] } },
{ "type": "Feature", "properties": { "ID": 420, "长度": 0.014559904270290532, "FEATUREID": "OFBA003C1AJ430010020000201", "CHFCAC": "000201", "GZEAB": "", "KCDDEF": 1.2553702592849731, "GZEEB": "01", "GZECD": "", "GZECE": 0.0, "GZEHG": "K1kz", "GZAG": "101", "GZEEE": "101", "GZELD": "109", "GZEEC": "106", "GZEKG": "", "GZEHH": "", "PKIGJ": "1∶250000 库尔干幅(J43C001002)建造构造图", "linetype": 1, "aux_linetype": 0, "width": 0.30000001192092896, "x_coef": 10.0, "y_coef": 10.0, "_src_file": "LDZOFBA003.WL", "_src_id": 199 }, "geometry": { "type": "LineString", "coordinates": [ [ 74.678542098566098, 39.352260768265616 ], [ 74.682605218843122, 39.352280686856872 ], [ 74.688087283264622, 39.352307320194598 ], [ 74.693095954490062, 39.352063421806506 ] ] } },
{ "type": "Feature", "properties": { "ID": 422, "长度": 0.038297474566696826, "FEATUREID": "OFBA003C1AJ430010020000202", "CHFCAC": "000202", "GZEAB": "", "KCDDEF": 3.3041136264801025, "GZEEB": "01", "GZECD": "", "GZECE": 0.0, "GZEHG": "K2Y,C1w", "GZAG": "101", "GZEEE": "101", "GZELD": "109", "GZEEC": "106", "GZEKG": "", "GZEHH": "", "PKIGJ": "1∶250000 库尔干幅(J43C001002)建造构造图", "linetype": 1, "aux_linetype": 0, "width": 0.30000001192092896, "x_coef": 10.0, "y_coef": 10.0, "_src_file": "LDZOFBA003.WL", "_src_id": 200 }, "geometry": { "type": "LineString", "coordinates": [ [ 74.644199841444475, 39.351599669264083 ], [ 74.650037384836722, 39.351580757290975 ], [ 74.653267185521429, 39.351570169615066 ], [ 74.655141317056305, 39.351563984889239 ], [ 74.662695845372937, 39.351638281777568 ], [ 74.669293130163297, 39.351396463217959 ], [ 74.673643727697694, 39.351020468164442 ], [ 74.678397455563783, 39.35064638309688 ], [ 74.679197117925966, 39.350568653893802 ], [ 74.680108594795243, 39.350479829205412 ], [ 74.681001203573175, 39.350392834884353 ], [ 74.682447284815197, 39.350317751168866 ] ] } },
{ "type": "Feature", "properties": { "ID": 424, "长度": 0.035375722504079325, "FEATUREID": "OFBA003C1AJ430010020000203", "CHFCAC": "000203", "GZEAB": "F48", "KCDDEF": 130.55575561523438, "GZEEB": "28", "GZECD": "", "GZECE": 0.0, "GZEHG": "碎裂岩、构造角砾岩、糜棱岩和糜棱岩化岩石、片理化岩石、石英脉、蛇绿岩团块和地层中内生的变砂岩团块", "GZAG": "101", "GZEEE": "102", "GZELD": "109", "GZEEC": "106", "GZEKG": "", "GZEHH": "", "PKIGJ": "1∶250000 库尔干幅(J43C001002)建造构造图", "linetype": 1, "aux_linetype": 0, "width": 0.5, "x_coef": 10.0, "y_coef": 10.0, "_src_file": "LDZOFBA003.WL", "_src_id": 201 }, "geometry": { "type": "LineString", "coordinates": [ [ 74.632513287859865, 39.331003653589825 ], [ 74.631965363930519, 39.335425910308018 ], [ 74.632089556617956, 39.338062127395879 ], [ 74.633094995826028, 39.339907266691306 ], [ 74.633624901391016, 39.340573197546398 ], [ 74.635103561203238, 39.342431345693718 ], [ 74.637193209364511, 39.34397534588814 ], [ 74.638823466712836, 39.344536167799014 ], [ 74.642157545878021, 39.345350313200235 ], [ 74.646033525311182, 39.346044183424127 ], [ 74.648263196981617, 39.346404168599832 ], [ 74.65029959261345, 39.346920701540697 ], [ 74.652338204760099, 39.347805210771988 ], [ 74.652945771061297, 39.348162843346145 ], [ 74.653444595682345, 39.348454325313561 ], [ 74.653851995577881, 39.349008546400441 ], [ 74.653968216420694, 39.34942346048485 ], [ 74.653909635347546, 39.349883727521444 ], [ 74.653792731368981, 39.350435861510363 ], [ 74.653267185521429, 39.351570169615066 ] ] } },
{ "type": "Feature", "properties": { "ID": 426, "长度": 0.017466958058644129, "FEATUREID": "OFBA003C1AJ430010020000204", "CHFCAC": "000204", "GZEAB": "", "KCDDEF": 1.5172086954116821, "GZEEB": "01", "GZECD": "", "GZECE": 68.0, "GZEHG": "K1kz", "GZAG": "101", "GZEEE": "101", "GZELD": "109", "GZEEC": "106", "GZEKG": "", "GZEHH": "", "PKIGJ": "1∶250000 库尔干幅(J43C001002)建造构造图", "linetype": 1, "aux_linetype": 0, "width": 0.30000001192092896, "x_coef": 10.0, "y_coef": 10.0, "_src_file": "LDZOFBA003.WL", "_src_id": 202 }, "geometry": { "type": "LineString", "coordinates": [ [ 74.700981309769602, 39.351200739557527 ], [ 74.707713111931852, 39.350182121629921 ], [ 74.718241368882587, 39.348520800244472 ] ] } },
{ "type": "Feature", "properties": { "ID": 427, "长度": 0.037710034951459651, "FEATUREID": "OFBA003C1AJ430010020000205", "CHFCAC": "000205", "GZEAB": "", "KCDDEF": 3.3416001796722412, "GZEEB": "01", "GZECD": "", "GZECE": 50.0, "GZEHG": "P2q", "GZAG": "101", "GZEEE": "101", "GZELD": "109", "GZEEC": "106", "GZEKG": "", "GZEHH": "", "PKIGJ": "1∶250000 库尔干幅(J43C001002)建造构造图", "linetype": 1, "aux_linetype": 0, "width": 0.30000001192092896, "x_coef": 5.0, "y_coef": 5.0, "_src_file": "LDZOFBA003.WL", "_src_id": 203 }, "geometry": { "type": "LineString", "coordinates": [ [ 74.057557820265615, 39.346977139950717 ], [ 74.061337483457663, 39.345919767892738 ], [ 74.065797714744292, 39.344882112654616 ], [ 74.068441393095483, 39.344189706281227 ], [ 74.071547283398843, 39.343232036885858 ], [ 74.07528064303014, 39.341557880023018 ], [ 74.081895869870024, 39.339274329947258 ], [ 74.093607016291571, 39.336102554264684 ] ] } },
{ "type": "Feature", "properties": { "ID": 429, "长度": 0.083199092018557741, "FEATUREID": "OFBA003C1AJ430010020000206", "CHFCAC": "000206", "GZEAB": "", "KCDDEF": 7.2588386535644531, "GZEEB": "01", "GZECD": "", "GZECE": 0.0, "GZEHG": "P2q", "GZAG": "101", "GZEEE": "101", "GZELD": "109", "GZEEC": "106", "GZEKG": "", "GZEHH": "", "PKIGJ": "1∶250000 库尔干幅(J43C001002)建造构造图", "linetype": 1, "aux_linetype": 0, "width": 0.30000001192092896, "x_coef": 10.0, "y_coef": 10.0, "_src_file": "LDZOFBA003.WL", "_src_id": 204 }, "geometry": { "type": "LineString", "coordinates": [ [ 73.558248095267757, 39.341255300855188 ], [ 73.5599756194256, 39.340176072236872 ], [ 73.561791206874801, 39.339362261758751 ], [ 73.564473986723357, 39.338741765093047 ], [ 73.568857231479313, 39.338214797460324 ], [ 73.57240812257325, 39.338256984448165 ], [ 73.575537051767469, 39.338656823070011 ], [ 73.581781657821878, 39.340146873589539 ], [ 73.589173011968469, 39.342163490631201 ], [ 73.594325332963891, 39.343173210738662 ], [ 73.60270597289886, 39.344404596654265 ], [ 73.60945746008035, 39.345139002573021 ], [ 73.615712926469698, 39.34539576361162 ], [ 73.620086063240706, 39.345119923320581 ], [ 73.625011457859998, 39.344559075315701 ], [ 73.629965351490299, 39.343813373206885 ], [ 73.634627325664326, 39.342954479974864 ], [ 73.638777854643223, 39.342162790599041 ], [ 73.639881793334681, 39.341923266689577 ] ] } },
{ "type": "Feature", "properties": { "ID": 430, "长度": 0.063766475028993672, "FEATUREID": "OFBA003C1AJ430010020000207", "CHFCAC": "000207", "GZEAB": "", "KCDDEF": 5.6830220222473145, "GZEEB": "01", "GZECD": "", "GZECE": 0.0, "GZEHG": "P2q", "GZAG": "101", "GZEEE": "101", "GZELD": "109", "GZEEC": "106", "GZEKG": "", "GZEHH": "", "PKIGJ": "1∶250000 库尔干幅(J43C001002)建造构造图", "linetype": 1, "aux_linetype": 0, "width": 0.30000001192092896, "x_coef": 5.0, "y_coef": 5.0, "_src_file": "LDZOFBA003.WL", "_src_id": 205 }, "geometry": { "type": "LineString", "coordinates": [ [ 73.904201480907474, 39.324381400315033 ], [ 73.907357366903412, 39.325439650004455 ], [ 73.912375035079876, 39.327012688906144 ], [ 73.915295742799231, 39.328026278142076 ], [ 73.918024039354165, 39.328799679668187 ], [ 73.924335410416333, 39.330534058040314 ], [ 73.929361484896447, 39.331867512822129 ], [ 73.930725177558813, 39.33226893223204 ], [ 73.933214035809044, 39.333320220047469 ], [ 73.938761473124131, 39.335074279409049 ], [ 73.94513087792474, 39.337473585565952 ], [ 73.952251241185266, 39.339747974808631 ], [ 73.958091214675775, 39.342012738991642 ], [ 73.961948904570022, 39.343642673007196 ], [ 73.964557868721243, 39.344745646617696 ] ] } },
{ "type": "Feature", "properties": { "ID": 431, "长度": 0.038498431910006924, "FEATUREID": "OFBA003C1AJ430010020000208", "CHFCAC": "000208", "GZEAB": "", "KCDDEF": 3.3386890888214111, "GZEEB": "01", "GZECD": "", "GZECE": 0.0, "GZEHG": "P2q", "GZAG": "101", "GZEEE": "101", "GZELD": "109", "GZEEC": "106", "GZEKG": "", "GZEHH": "", "PKIGJ": "1∶250000 库尔干幅(J43C001002)建造构造图", "linetype": 1, "aux_linetype": 0, "width": 0.30000001192092896, "x_coef": 10.0, "y_coef": 10.0, "_src_file": "LDZOFBA003.WL", "_src_id": 206 }, "geometry": { "type": "LineString", "coordinates": [ [ 73.645613457882362, 39.341421500087229 ], [ 73.648661001436196, 39.34103769436495 ], [ 73.651747601278174, 39.340907284218936 ], [ 73.65618075735091, 39.340957918020514 ], [ 73.660636711690927, 39.340446738936599 ], [ 73.666227597114471, 39.339915926455205 ], [ 73.669901227333412, 39.339232475521925 ], [ 73.674760742753634, 39.338199315261583 ], [ 73.67932100950074, 39.337458456329486 ], [ 73.681813421951659, 39.337287364270082 ], [ 73.683769635082484, 39.336983430186521 ] ] } },
{ "type": "Feature", "properties": { "ID": 433, "长度": 0.029302244957547074, "FEATUREID": "OFBA003C1AJ430010020000209", "CHFCAC": "000209", "GZEAB": "", "KCDDEF": 2.6741397380828857, "GZEEB": "01", "GZECD": "", "GZECE": 0.0, "GZEHG": "K1kz,K2Y", "GZAG": "101", "GZEEE": "101", "GZELD": "109", "GZEEC": "106", "GZEKG": "", "GZEHH": "", "PKIGJ": "1∶250000 库尔干幅(J43C001002)建造构造图", "linetype": 1, "aux_linetype": 0, "width": 0.30000001192092896, "x_coef": 10.0, "y_coef": 10.0, "_src_file": "LDZOFBA003.WL", "_src_id": 207 }, "geometry": { "type": "LineString", "coordinates": [ [ 74.689365562882728, 39.345814351477692 ], [ 74.695607310540524, 39.343158254393131 ], [ 74.703205196721925, 39.339580895795834 ], [ 74.705059336810152, 39.33879289924257 ], [ 74.708896731744389, 39.337163611372532 ], [ 74.715841813820674, 39.333320818503232 ] ] } },
{ "type": "Feature", "properties": { "ID": 434, "长度": 0.23412262286361418, "FEATUREID": "OFBA003C1AJ430010020000210", "CHFCAC": "000210", "GZEAB": "F48", "KCDDEF": 130.55575561523438, "GZEEB": "28", "GZECD": "", "GZECE": 50.0, "GZEHG": "碎裂岩、构造角砾岩、糜棱岩和糜棱岩化岩石、片理化岩石、石英脉、蛇绿岩团块和地层中内生的变砂岩团块", "GZAG": "101", "GZEEE": "102", "GZELD": "109", "GZEEC": "106", "GZEKG": "", "GZEHH": "", "PKIGJ": "1∶250000 库尔干幅(J43C001002)建造构造图", "linetype": 1, "aux_linetype": 0, "width": 0.5, "x_coef": 10.0, "y_coef": 10.0, "_src_file": "LDZOFBA003.WL", "_src_id": 208 }, "geometry": { "type": "LineString", "coordinates": [ [ 74.653423170570207, 39.328176875205315 ], [ 74.659973758094367, 39.327674395743514 ], [ 74.66207509029995, 39.327432427453466 ], [ 74.663045680431424, 39.327227545041175 ], [ 74.663855612350872, 39.327021989652998 ], [ 74.664611038637247, 39.326690880449142 ], [ 74.665205132697977, 39.326359498942892 ], [ 74.66579905820403, 39.326111692651949 ], [ 74.666447496094648, 39.325947619926914 ], [ 74.667421705437746, 39.325785000483521 ], [ 74.668283318707964, 39.325747133308198 ], [ 74.670336535869055, 39.325631074658205 ], [ 74.671631183102633, 39.325720355061542 ], [ 74.672385776045104, 39.325890710654065 ], [ 74.673461708189151, 39.32614599795744 ], [ 74.677177492280052, 39.327248404714204 ], [ 74.6841636241667, 39.329031597417931 ], [ 74.685338032717041, 39.329452297996497 ], [ 74.686299070621658, 39.329705585838013 ], [ 74.688172657951867, 39.33004528359443 ], [ 74.690953806432418, 39.330471345111015 ], [ 74.691917931721164, 39.330641249343209 ], [ 74.692614991095112, 39.330726915963758 ], [ 74.693525592627296, 39.330729952427816 ], [ 74.694599632112471, 39.330608511669816 ], [ 74.695568467874551, 39.33040336890808 ], [ 74.696592530246832, 39.32999005162587 ], [ 74.697779531635419, 39.329410580868199 ], [ 74.698263779902248, 39.329120488645977 ], [ 74.698969037513621, 39.328706365928149 ], [ 74.700323516903737, 39.327878018351406 ], [ 74.700921582764153, 39.327380202592032 ], [ 74.70157392216862, 39.32692425003011 ], [ 74.702066926027044, 39.326301021160894 ], [ 74.702288882023055, 39.325760129193981 ], [ 74.702458071949152, 39.325135700937373 ], [ 74.702571980905219, 39.324469404235444 ], [ 74.702671388780018, 39.320969446237932 ], [ 74.702681291495864, 39.320094407409286 ], [ 74.70247749092249, 39.319260238653236 ], [ 74.70227882296065, 39.31843235403462 ], [ 74.702201255124251, 39.318018947172568 ], [ 74.70213054181842, 39.317128877688148 ], [ 74.702219405287792, 39.316334745746659 ], [ 74.702305627529242, 39.315572413746118 ], [ 74.702433181936627, 39.314905737669129 ], [ 74.702557783118323, 39.314397892135354 ], [ 74.702640531719879, 39.314112272682372 ], [ 74.702887059895446, 39.313541312445324 ], [ 74.703378206330783, 39.312717056346763 ], [ 74.703705565907057, 39.312178140209291 ], [ 74.70399126715354, 39.311829684675942 ], [ 74.704072870652695, 39.311734662432215 ], [ 74.704193796165896, 39.311671546624481 ], [ 74.704437272002139, 39.311608847430364 ], [ 74.704600525134438, 39.311577637607293 ], [ 74.705569959101737, 39.311739803201021 ], [ 74.709759721453764, 39.313343664609583 ], [ 74.711811688439411, 39.314113851365548 ], [ 74.713663452805818, 39.31491504755413 ], [ 74.7141832858931, 39.315234728136303 ], [ 74.714948806538956, 39.31561883838252 ], [ 74.718199527064172, 39.317696168561675 ], [ 74.72104911439331, 39.319379350930511 ], [ 74.723131506277454, 39.320446376436571 ], [ 74.723691569434564, 39.320760054612023 ], [ 74.724331869885759, 39.321011451642448 ], [ 74.725133790698905, 39.321388159316463 ], [ 74.725896168666182, 39.321702299776739 ], [ 74.726535485660818, 39.321953684684821 ], [ 74.728060634878915, 39.322550711116328 ], [ 74.728699837364502, 39.322989487133064 ], [ 74.729339047850843, 39.323428257382844 ], [ 74.729897452676468, 39.323804372636715 ], [ 74.730455447516405, 39.32430541904683 ], [ 74.731697080412033, 39.325351891821121 ], [ 74.732610096930131, 39.326121992064181 ], [ 74.733791164612967, 39.32792842351347 ], [ 74.734025745401325, 39.328435449732453 ], [ 74.734525018270716, 39.330364982143834 ], [ 74.734715478928848, 39.331092543225118 ], [ 74.734835217777871, 39.331830341449745 ], [ 74.734735813779977, 39.332505707680326 ], [ 74.734772106819761, 39.33318497686593 ], [ 74.734944218227113, 39.333851564883481 ], [ 74.735247950752438, 39.334489194843783 ], [ 74.736001532782879, 39.335391911808458 ], [ 74.738962001783193, 39.336640950071356 ], [ 74.744785050496318, 39.338552998757578 ], [ 74.750078141235136, 39.339300088275692 ], [ 74.755981204684716, 39.340165588140181 ], [ 74.759631862317534, 39.340354796044231 ], [ 74.764133807350305, 39.340606338102617 ], [ 74.767863605606806, 39.341101073322392 ], [ 74.772603162557047, 39.342226187367729 ], [ 74.777131519737466, 39.343472624186738 ], [ 74.779853784097924, 39.344220944303331 ], [ 74.786109144172755, 39.345966060877622 ], [ 74.790491761983191, 39.347028557580273 ], [ 74.795859468087855, 39.347728090313325 ], [ 74.800365320942618, 39.348484015657014 ], [ 74.805184331185515, 39.348996868994064 ], [ 74.81039857110828, 39.348477255073078 ], [ 74.81421356696012, 39.347523556475863 ], [ 74.819435325028152, 39.345840687993267 ], [ 74.82348932642806, 39.344212819986012 ], [ 74.825829548177808, 39.343064705550972 ], [ 74.827313608973284, 39.341912395921085 ], [ 74.828178749194265, 39.340757056519443 ], [ 74.828647812923379, 39.340088033182631 ], [ 74.829273216633737, 39.339724887533507 ], [ 74.830363581934904, 39.339425017621814 ], [ 74.831999480143622, 39.339066732535009 ], [ 74.837442478315481, 39.338601259582404 ], [ 74.839957245233251, 39.338394909346654 ], [ 74.841183337934638, 39.338294443605626 ], [ 74.842417060127389, 39.338193338884871 ], [ 74.844641523896414, 39.338234423210125 ], [ 74.847683177669012, 39.338290481106377 ], [ 74.851004204514183, 39.338029687803974 ], [ 74.856303079016499, 39.337502591312813 ], [ 74.856783189043369, 39.33740426537571 ], [ 74.857376599565598, 39.337453810501927 ] ] } },
{ "type": "Feature", "properties": { "ID": 436, "长度": 0.063375992400837688, "FEATUREID": "OFBA003C1AJ430010020000211", "CHFCAC": "000211", "GZEAB": "", "KCDDEF": 5.5080909729003906, "GZEEB": "01", "GZECD": "", "GZECE": 0.0, "GZEHG": "P2q", "GZAG": "101", "GZEEE": "101", "GZELD": "109", "GZEEC": "106", "GZEKG": "", "GZEHH": "", "PKIGJ": "1∶250000 库尔干幅(J43C001002)建造构造图", "linetype": 1, "aux_linetype": 0, "width": 0.30000001192092896, "x_coef": 5.0, "y_coef": 5.0, "_src_file": "LDZOFBA003.WL", "_src_id": 209 }, "geometry": { "type": "LineString", "coordinates": [ [ 73.701791896775276, 39.335300392055807 ], [ 73.708499305711342, 39.33493176516491 ], [ 73.714163881645732, 39.334693903620547 ], [ 73.717235696167151, 39.334458170940252 ], [ 73.718319939943143, 39.334204223072589 ], [ 73.719047976825905, 39.333794578506691 ], [ 73.719801692460848, 39.333416369709973 ], [ 73.720584840177096, 39.333070722051261 ], [ 73.721389091125118, 39.332758665470166 ], [ 73.722213057619939, 39.332481125734205 ], [ 73.723055278510614, 39.332238931039598 ], [ 73.723931379867935, 39.332078778663686 ], [ 73.725829712005662, 39.331871914175302 ], [ 73.728057741048246, 39.331866682873233 ], [ 73.729990786218693, 39.331981615783995 ], [ 73.7328711349884, 39.332031057756858 ], [ 73.735819435904801, 39.332056441763491 ], [ 73.741977845393933, 39.332182878293906 ], [ 73.744039963148168, 39.332298697657713 ], [ 73.745611827216294, 39.332287541956369 ], [ 73.747673025782419, 39.332183691812368 ], [ 73.749355135687026, 39.331983118423508 ], [ 73.751525860097559, 39.331469226419095 ], [ 73.760525424042598, 39.330104572268333 ], [ 73.76437701408004, 39.329144488443269 ] ] } },
{ "type": "Feature", "properties": { "ID": 443, "长度": 0.032473432065980953, "FEATUREID": "OFBA003C1AJ430010020000212", "CHFCAC": "000212", "GZEAB": "", "KCDDEF": 2.8621258735656738, "GZEEB": "01", "GZECD": "", "GZECE": 0.0, "GZEHG": "K1kz,J3kz,P2q,γπT3", "GZAG": "101", "GZEEE": "101", "GZELD": "109", "GZEEC": "106", "GZEKG": "", "GZEHH": "", "PKIGJ": "1∶250000 库尔干幅(J43C001002)建造构造图", "linetype": 1, "aux_linetype": 0, "width": 0.30000001192092896, "x_coef": 10.0, "y_coef": 10.0, "_src_file": "LDZOFBA003.WL", "_src_id": 210 }, "geometry": { "type": "LineString", "coordinates": [ [ 74.857376599565598, 39.337453810501927 ], [ 74.864137598797626, 39.335610172257873 ], [ 74.865513792442897, 39.335239666175084 ], [ 74.868978159598782, 39.334084539635654 ], [ 74.871239289330831, 39.333330199674222 ], [ 74.877255445844568, 39.331845004504927 ], [ 74.888719197652307, 39.329014184207679 ] ] } },
{ "type": "Feature", "properties": { "ID": 445, "长度": 0.11411293248500667, "FEATUREID": "OFBA003C1AJ430010020000213", "CHFCAC": "000213", "GZEAB": "", "KCDDEF": 9.9055032730102539, "GZEEB": "01", "GZECD": "", "GZECE": 0.0, "GZEHG": "P2q", "GZAG": "101", "GZEEE": "101", "GZELD": "109", "GZEEC": "106", "GZEKG": "", "GZEHH": "", "PKIGJ": "1∶250000 库尔干幅(J43C001002)建造构造图", "linetype": 1, "aux_linetype": 0, "width": 0.30000001192092896, "x_coef": 5.0, "y_coef": 5.0, "_src_file": "LDZOFBA003.WL", "_src_id": 211 }, "geometry": { "type": "LineString", "coordinates": [ [ 73.767863487938158, 39.328951720205659 ], [ 73.77345065226281, 39.329245010720101 ], [ 73.776610096006323, 39.329258818488881 ], [ 73.779286446836394, 39.329242077993534 ], [ 73.786412914382609, 39.329180606554381 ], [ 73.789504785391401, 39.329365711480108 ], [ 73.799849049096025, 39.331181772947616 ], [ 73.801769304004424, 39.331324928554942 ], [ 73.80310421403378, 39.331412731757752 ], [ 73.804505223752187, 39.331378348640776 ], [ 73.806035880648025, 39.331320747995449 ], [ 73.808285100569549, 39.331196939334319 ], [ 73.814705260206793, 39.330652639739249 ], [ 73.817387761468154, 39.330591776947713 ], [ 73.820231116617606, 39.330532192328413 ], [ 73.823202586219196, 39.330351887394087 ], [ 73.830727739999887, 39.329938804339569 ], [ 73.833373982989016, 39.32980287354173 ], [ 73.835767943610747, 39.329345369760112 ], [ 73.846885876991706, 39.3270106016912 ], [ 73.85481903558059, 39.325242017992046 ], [ 73.85864902000003, 39.32397141932185 ], [ 73.860711693463742, 39.323240074329327 ], [ 73.862447201993177, 39.322773717149857 ], [ 73.86428570757954, 39.322456919417561 ], [ 73.866260725918536, 39.322339499454031 ], [ 73.868329983338072, 39.322321438998777 ], [ 73.869783589390579, 39.322220721501587 ], [ 73.873375460895232, 39.32190659007022 ], [ 73.876153110498066, 39.321741464337556 ], [ 73.878869308784672, 39.321550952627327 ], [ 73.880419796582331, 39.321519338801089 ], [ 73.880807453698239, 39.321590364979691 ] ] } },
{ "type": "Feature", "properties": { "ID": 447, "长度": 0.053135503978198433, "FEATUREID": "OFBA003C1AJ430010020000214", "CHFCAC": "000214", "GZEAB": "F48", "KCDDEF": 130.55575561523438, "GZEEB": "28", "GZECD": "", "GZECE": 0.0, "GZEHG": "碎裂岩、构造角砾岩、糜棱岩和糜棱岩化岩石、片理化岩石、石英脉、蛇绿岩团块和地层中内生的变砂岩团块", "GZAG": "101", "GZEEE": "102", "GZELD": "109", "GZEEC": "106", "GZEKG": "", "GZEHH": "", "PKIGJ": "1∶250000 库尔干幅(J43C001002)建造构造图", "linetype": 1, "aux_linetype": 0, "width": 0.5, "x_coef": 10.0, "y_coef": 10.0, "_src_file": "LDZOFBA003.WL", "_src_id": 212 }, "geometry": { "type": "LineString", "coordinates": [ [ 74.868978159598782, 39.334084539635654 ], [ 74.870957932491393, 39.334398382746016 ], [ 74.873785083450684, 39.33463440106221 ], [ 74.876755359120367, 39.334718194979999 ], [ 74.879013398439227, 39.335067043347195 ], [ 74.882170707575568, 39.335494326453748 ], [ 74.885035962732204, 39.336035772814363 ], [ 74.887849985988794, 39.336234747172114 ], [ 74.890481608798851, 39.336204332486197 ], [ 74.89264370644662, 39.335981856694552 ], [ 74.896123552301702, 39.335458098173127 ], [ 74.898045003537334, 39.334965650953549 ], [ 74.898167156308119, 39.334926099232753 ], [ 74.898998580373359, 39.334631637531118 ], [ 74.899823064327748, 39.3343322405007 ], [ 74.900648561615483, 39.334027926177725 ], [ 74.901469022787225, 39.33371871034538 ], [ 74.902285398390305, 39.333404613291421 ], [ 74.903099641877745, 39.333085653055477 ], [ 74.903909703806079, 39.332761847675783 ], [ 74.904719537631308, 39.33243321744586 ], [ 74.905523096812615, 39.332099782660251 ], [ 74.906323331915843, 39.331761561360388 ], [ 74.90712119640942, 39.331418571591094 ], [ 74.907625258981696, 39.331218628193788 ], [ 74.908153209075707, 39.331043742604841 ], [ 74.908755403239695, 39.330868913629814 ], [ 74.909279036602086, 39.33074572998833 ], [ 74.910161753188348, 39.330556688656735 ], [ 74.912475392578571, 39.329966193596434 ], [ 74.913330061738463, 39.329732853088302 ], [ 74.91451153754862, 39.329499965156003 ], [ 74.915035569954625, 39.329372632148342 ], [ 74.915614954183098, 39.329159686309048 ], [ 74.916247511796854, 39.328904002650567 ], [ 74.916989974469757, 39.328670017716931 ], [ 74.919139100627319, 39.327903531540038 ], [ 74.920585843232573, 39.327448462394145 ] ] } },
{ "type": "Feature", "properties": { "ID": 448, "长度": 0.064700643843307329, "FEATUREID": "OFBA003C1AJ430010020000215", "CHFCAC": "000215", "GZEAB": "F50", "KCDDEF": 96.426437377929688, "GZEEB": "41", "GZECD": "", "GZECE": 0.0, "GZEHG": "切割布伦阔勒岩群、志留系、泥盆系、二叠系地层，碎裂岩、构造角砾岩、糜棱岩和糜棱岩化岩石、片理化岩石、石英脉、蛇绿岩团块和地层中内生的变砂岩团块", "GZAG": "101", "GZEEE": "103", "GZELD": "109", "GZEEC": "106", "GZEKG": "", "GZEHH": "", "PKIGJ": "1∶250000 库尔干幅(J43C001002)建造构造图", "linetype": 1, "aux_linetype": 0, "width": 0.80000001192092896, "x_coef": 10.0, "y_coef": 10.0, "_src_file": "LDZOFBA003.WL", "_src_id": 213 }, "geometry": { "type": "LineString", "coordinates": [ [ 73.623279204579859, 39.317107896771006 ], [ 73.627101074119849, 39.3177750263172 ], [ 73.633243685435858, 39.319121741748617 ], [ 73.638369702179531, 39.320794333811847 ], [ 73.644139766853357, 39.322397699935621 ], [ 73.64742902997645, 39.323253693667567 ], [ 73.651179627252574, 39.323803429386977 ], [ 73.657007700883653, 39.324742707220985 ], [ 73.659977571381887, 39.325027322641347 ], [ 73.666475031378624, 39.325743839635415 ], [ 73.669746324735485, 39.3259741987928 ], [ 73.673425040844066, 39.326183572775633 ], [ 73.676212188221129, 39.326326928700183 ], [ 73.678183088767028, 39.326375995810864 ], [ 73.682605539469151, 39.326163221586505 ], [ 73.686981738305306, 39.325889915343268 ] ] } },
{ "type": "Feature", "properties": { "ID": 449, "长度": 0.50614352860193812, "FEATUREID": "OFBA003C1AJ430010020000216", "CHFCAC": "000216", "GZEAB": "F50", "KCDDEF": 96.426437377929688, "GZEEB": "41", "GZECD": "", "GZECE": 0.0, "GZEHG": "切割布伦阔勒岩群、志留系、泥盆系、二叠系地层，碎裂岩、构造角砾岩、糜棱岩和糜棱岩化岩石、片理化岩石、石英脉、蛇绿岩团块和地层中内生的变砂岩团块", "GZAG": "101", "GZEEE": "103", "GZELD": "109", "GZEEC": "106", "GZEKG": "", "GZEHH": "", "PKIGJ": "1∶250000 库尔干幅(J43C001002)建造构造图", "linetype": 1, "aux_linetype": 0, "width": 0.80000001192092896, "x_coef": 10.0, "y_coef": 10.0, "_src_file": "LDZOFBA003.WL", "_src_id": 214 }, "geometry": { "type": "LineString", "coordinates": [ [ 73.689909736639962, 39.325382954499204 ], [ 73.695238444325568, 39.325207353894434 ], [ 73.700295056560265, 39.324890022978273 ], [ 73.702393821571377, 39.324737631487949 ], [ 73.704757948524886, 39.324358312914235 ], [ 73.709337990359842, 39.323626776826387 ], [ 73.711133682139348, 39.323583599630858 ], [ 73.713669633148314, 39.323601558239325 ], [ 73.71668574312298, 39.323679211043043 ], [ 73.720773443157711, 39.324132887076971 ], [ 73.725466730497814, 39.325073102803835 ], [ 73.728475844185212, 39.325945469369074 ], [ 73.735485261069456, 39.327846754460289 ], [ 73.736881106815062, 39.328114457390207 ], [ 73.738355755653473, 39.328325979798571 ], [ 73.739722168733849, 39.328337670690111 ], [ 73.741543334606504, 39.328125988144073 ], [ 73.744171271234251, 39.327466571650397 ], [ 73.746457552250973, 39.326775787815819 ], [ 73.75330520974623, 39.324696180228784 ], [ 73.757553164264138, 39.323014416491255 ], [ 73.759281688117227, 39.322408978553675 ], [ 73.760822689086368, 39.321940732977282 ], [ 73.762471240180517, 39.321672860082046 ], [ 73.765764821722684, 39.321336288501485 ], [ 73.768006521428433, 39.321330588442528 ], [ 73.770133673456755, 39.321409100870724 ], [ 73.772180675167235, 39.321774566017552 ], [ 73.776821467706569, 39.323026763071354 ], [ 73.778491268408814, 39.323531020719649 ], [ 73.780087457996714, 39.323863568261231 ], [ 73.781766670633459, 39.323940815851728 ], [ 73.783293716505995, 39.32401623461476 ], [ 73.784563550202478, 39.323862223007801 ], [ 73.785761978325965, 39.323508373179116 ], [ 73.791269534603671, 39.321732571032683 ], [ 73.793211202636101, 39.321445285512326 ], [ 73.795429865780648, 39.321328302369949 ], [ 73.79825598775551, 39.321244534879249 ], [ 73.801083645475273, 39.321189125794682 ], [ 73.80386929834458, 39.321191823003552 ], [ 73.809032650219677, 39.321320500742566 ], [ 73.815164476579966, 39.322000547934572 ], [ 73.817483134324178, 39.322089192281723 ], [ 73.820019960984823, 39.322180094748681 ], [ 73.829849525048616, 39.32205906965342 ], [ 73.831873629399141, 39.321776315807803 ], [ 73.83401147127195, 39.321353625243937 ], [ 73.837987701068343, 39.320503918485265 ], [ 73.846019421908466, 39.319148489777078 ], [ 73.855881566587186, 39.317186731866549 ], [ 73.863701009279097, 39.315167543832715 ], [ 73.873040922367252, 39.312724037409104 ], [ 73.875943036182093, 39.311818451343534 ], [ 73.878548984406336, 39.310938700009721 ], [ 73.889008026930981, 39.306528287966373 ], [ 73.893699157236597, 39.305236154238159 ], [ 73.896027692663978, 39.304648324015567 ], [ 73.897973667323441, 39.304290342492806 ], [ 73.900631713999658, 39.303679383008237 ], [ 73.907119871967964, 39.301301839795784 ], [ 73.921271455102925, 39.297090886356401 ], [ 73.930679103779397, 39.294927719616261 ], [ 73.945139754792848, 39.292850562872523 ], [ 73.960251228833073, 39.290403558141975 ], [ 73.962157461260546, 39.290192855412059 ], [ 73.966943974369443, 39.289695296103609 ], [ 73.969859814344503, 39.28952532799363 ], [ 73.972481864973645, 39.289467815775708 ], [ 73.975851090846803, 39.289476592846491 ], [ 73.979336400375587, 39.289515666848729 ], [ 73.981838122660193, 39.289573513912721 ], [ 73.984223567097871, 39.289659323589582 ], [ 73.986387859853309, 39.289771642003522 ], [ 73.989963546864871, 39.290366346894672 ], [ 73.995023007488754, 39.291531305342943 ], [ 73.996619374375129, 39.291928011204639 ], [ 73.999924711084333, 39.292594175751724 ], [ 74.00499449912212, 39.293299388362009 ], [ 74.009860104468146, 39.293688524970698 ], [ 74.0139838757989, 39.293994404443502 ], [ 74.016803935856004, 39.294015760080818 ], [ 74.018717166630893, 39.293991001661929 ], [ 74.020379998459404, 39.293925101402273 ], [ 74.022696247061475, 39.293864096323688 ], [ 74.02863765666072, 39.293243238312876 ], [ 74.032820140275817, 39.292570691579655 ], [ 74.03488349087938, 39.292194948432851 ], [ 74.040374016715162, 39.291493288060082 ], [ 74.042439785592734, 39.291196059891845 ], [ 74.044761134441387, 39.290862362992591 ], [ 74.048496001229836, 39.290265807900482 ], [ 74.049455539496336, 39.289920883159581 ], [ 74.050261386906584, 39.289535482464821 ], [ 74.051668922634946, 39.288959003397153 ], [ 74.054131960330722, 39.287959922008149 ], [ 74.055989894975696, 39.287191078932977 ], [ 74.064133620793257, 39.283964272618107 ], [ 74.068811127517478, 39.28168915519921 ], [ 74.071930726637035, 39.279989428359521 ], [ 74.074555559702333, 39.278321073768737 ], [ 74.075315759959878, 39.277815624468261 ], [ 74.075921930343199, 39.277505680627378 ], [ 74.076428234191553, 39.277234278093829 ], [ 74.076931038118857, 39.277002216161335 ], [ 74.077537211812199, 39.276770944982978 ], [ 74.07834510008945, 39.276462578400412 ], [ 74.078847421960162, 39.276348529981384 ], [ 74.079299554655464, 39.276234080277305 ], [ 74.079854566586306, 39.276159764938548 ], [ 74.080407068585572, 39.276046104038357 ], [ 74.08095958712147, 39.276011124085109 ], [ 74.081764515478909, 39.275938779869797 ], [ 74.082415914531978, 39.275943925174971 ], [ 74.083767937714825, 39.276111962525214 ], [ 74.087321341127762, 39.277005460081398 ], [ 74.095523337788862, 39.279469515353334 ], [ 74.099303298545777, 39.280243660465857 ], [ 74.100545261758398, 39.280488458179647 ], [ 74.102687341499461, 39.28074016209964 ], [ 74.109205363639447, 39.281574192560484 ], [ 74.111495038671492, 39.28190526794841 ], [ 74.1178749699002, 39.282189720052799 ], [ 74.119572234513043, 39.282360692517685 ], [ 74.1242288056729, 39.28243999220593 ], [ 74.132141571623336, 39.28222418475324 ], [ 74.13855381905492, 39.282036025113989 ], [ 74.142310712771945, 39.281906577622536 ], [ 74.151799311606766, 39.281268755669004 ], [ 74.159185046114729, 39.280536357961267 ], [ 74.167726173089321, 39.279344411673804 ], [ 74.172449703537538, 39.27844388910772 ], [ 74.173478487685173, 39.278225024271158 ], [ 74.179183395852263, 39.277010951605838 ], [ 74.184375832679066, 39.275636146025974 ] ] } },
{ "type": "Feature", "properties": { "ID": 451, "长度": 0.012881903108226825, "FEATUREID": "OFBA003C1AJ430010020000217", "CHFCAC": "000217", "GZEAB": "", "KCDDEF": 1.1131768226623535, "GZEEB": "01", "GZECD": "", "GZECE": 0.0, "GZEHG": "C2P1t,C1w", "GZAG": "101", "GZEEE": "101", "GZELD": "109", "GZEEC": "106", "GZEKG": "", "GZEHH": "", "PKIGJ": "1∶250000 库尔干幅(J43C001002)建造构造图", "linetype": 1, "aux_linetype": 0, "width": 0.30000001192092896, "x_coef": 3.0, "y_coef": 3.0, "_src_file": "LDZOFBA003.WL", "_src_id": 215 }, "geometry": { "type": "LineString", "coordinates": [ [ 74.355001431386015, 39.327073398273207 ], [ 74.367467832220811, 39.328037822097066 ], [ 74.3678414850379, 39.327979008890011 ] ] } },
{ "type": "Feature", "properties": { "ID": 452, "长度": 0.048253711081116167, "FEATUREID": "OFBA003C1AJ430010020000218", "CHFCAC": "000218", "GZEAB": "", "KCDDEF": 4.1820859909057617, "GZEEB": "04", "GZECD": "", "GZECE": 0.0, "GZEHG": "Qsn,C2P1t,P2q,C1w", "GZAG": "101", "GZEEE": "101", "GZELD": "109", "GZEEC": "106", "GZEKG": "", "GZEHH": "", "PKIGJ": "1∶250000 库尔干幅(J43C001002)建造构造图", "linetype": 2, "aux_linetype": 0, "width": 0.30000001192092896, "x_coef": 3.0, "y_coef": 3.0, "_src_file": "LDZOFBA003.WL", "_src_id": 216 }, "geometry": { "type": "LineString", "coordinates": [ [ 74.3678414850379, 39.327979008890011 ], [ 74.36819952675701, 39.32792234184685 ], [ 74.373111696764937, 39.327146940334309 ], [ 74.373941188520632, 39.326891833805483 ], [ 74.37490950121925, 39.326671416841315 ], [ 74.376701318913916, 39.326403718797579 ], [ 74.378344144350237, 39.326239899214585 ], [ 74.379794516332154, 39.326095250805821 ], [ 74.384745207061229, 39.325957825220229 ], [ 74.387017917245757, 39.32598304308236 ], [ 74.388767723394821, 39.325995149265275 ], [ 74.391703060721539, 39.3263691945765 ], [ 74.392781185208733, 39.326612461105334 ], [ 74.394047377038461, 39.326680117063866 ], [ 74.398935185323666, 39.326843292840991 ], [ 74.40084510908504, 39.326749203906587 ], [ 74.402605251081184, 39.326653220628636 ], [ 74.40526575748018, 39.326292793723276 ], [ 74.410113185520814, 39.32563620275883 ], [ 74.414207399858498, 39.325081104054441 ], [ 74.415438634568375, 39.324789038573641 ], [ 74.415721030047806, 39.324721519088619 ] ] } },
{ "type": "Feature", "properties": { "ID": 454, "长度": 0.026297840631571073, "FEATUREID": "OFBA003C1AJ430010020000219", "CHFCAC": "000219", "GZEAB": "", "KCDDEF": 2.3151199817657471, "GZEEB": "01", "GZECD": "", "GZECE": 0.0, "GZEHG": "P2q,Qp3pal", "GZAG": "101", "GZEEE": "101", "GZELD": "109", "GZEEC": "106", "GZEKG": "", "GZEHH": "", "PKIGJ": "1∶250000 库尔干幅(J43C001002)建造构造图", "linetype": 1, "aux_linetype": 0, "width": 0.30000001192092896, "x_coef": 5.0, "y_coef": 5.0, "_src_file": "LDZOFBA003.WL", "_src_id": 217 }, "geometry": { "type": "LineString", "coordinates": [ [ 73.876809768493558, 39.317167244321141 ], [ 73.882245175548917, 39.319026201673189 ], [ 73.891639013927218, 39.321358860734605 ], [ 73.89363900872209, 39.321854828717548 ], [ 73.896054309195904, 39.322454330778612 ], [ 73.900017821584726, 39.323214168348841 ], [ 73.902252177835152, 39.323712959045018 ] ] } },
{ "type": "Feature", "properties": { "ID": 457, "长度": 0.045965885462747026, "FEATUREID": "OFBA003C1AJ430010020000220", "CHFCAC": "000220", "GZEAB": "", "KCDDEF": 4.0662622451782227, "GZEEB": "01", "GZECD": "", "GZECE": 0.0, "GZEHG": "Qsn,P2q", "GZAG": "101", "GZEEE": "101", "GZELD": "109", "GZEEC": "106", "GZEKG": "", "GZEHH": "", "PKIGJ": "1∶250000 库尔干幅(J43C001002)建造构造图", "linetype": 1, "aux_linetype": 0, "width": 0.30000001192092896, "x_coef": 5.0, "y_coef": 5.0, "_src_file": "LDZOFBA003.WL", "_src_id": 218 }, "geometry": { "type": "LineString", "coordinates": [ [ 74.422443520307738, 39.313462911114279 ], [ 74.418901695293599, 39.314816897885486 ], [ 74.414345082276839, 39.315783106024504 ], [ 74.409971243727554, 39.316750061368538 ], [ 74.406961014100474, 39.317442368120176 ], [ 74.403958571524299, 39.318132334020426 ], [ 74.397209979137628, 39.320216960993726 ], [ 74.38626463108146, 39.323692061615461 ], [ 74.378344144350237, 39.326239899214585 ] ] } },
{ "type": "Feature", "properties": { "ID": 463, "长度": 0.0087601936295423361, "FEATUREID": "OFBA003C1AJ430010020000221", "CHFCAC": "000221", "GZEAB": "", "KCDDEF": 0.76902550458908081, "GZEEB": "01", "GZECD": "", "GZECE": 0.0, "GZEHG": "P2q,C1w", "GZAG": "101", "GZEEE": "101", "GZELD": "109", "GZEEC": "106", "GZEKG": "", "GZEHH": "", "PKIGJ": "1∶250000 库尔干幅(J43C001002)建造构造图", "linetype": 1, "aux_linetype": 0, "width": 0.30000001192092896, "x_coef": 5.0, "y_coef": 5.0, "_src_file": "LDZOFBA003.WL", "_src_id": 219 }, "geometry": { "type": "LineString", "coordinates": [ [ 74.415721030047806, 39.324721519088619 ], [ 74.416278962872767, 39.324589531957976 ], [ 74.419253224422334, 39.323866093525687 ], [ 74.424232863421707, 39.322650419441267 ] ] } },
{ "type": "Feature", "properties": { "ID": 464, "长度": 0.10231975878378405, "FEATUREID": "OFBA003C1AJ430010020000222", "CHFCAC": "000222", "GZEAB": "F50", "KCDDEF": 96.426437377929688, "GZEEB": "41", "GZECD": "", "GZECE": 0.0, "GZEHG": "切割布伦阔勒岩群、志留系、泥盆系、二叠系地层，碎裂岩、构造角砾岩、糜棱岩和糜棱岩化岩石、片理化岩石、石英脉、蛇绿岩团块和地层中内生的变砂岩团块", "GZAG": "101", "GZEEE": "103", "GZELD": "109", "GZEEC": "106", "GZEKG": "", "GZEHH": "", "PKIGJ": "1∶250000 库尔干幅(J43C001002)建造构造图", "linetype": 1, "aux_linetype": 0, "width": 0.80000001192092896, "x_coef": 10.0, "y_coef": 10.0, "_src_file": "LDZOFBA003.WL", "_src_id": 220 }, "geometry": { "type": "LineString", "coordinates": [ [ 73.517185390166432, 39.30600208032736 ], [ 73.519180185642071, 39.306243080363529 ], [ 73.521409666515908, 39.306518819152977 ], [ 73.523751544656022, 39.306626912522042 ], [ 73.530237647384851, 39.307030385073453 ], [ 73.53203782716264, 39.307048162752046 ], [ 73.534957439955733, 39.307161715543096 ], [ 73.537046838274392, 39.307380139368497 ], [ 73.539676452907656, 39.307886136476405 ], [ 73.548415558509163, 39.310337509116181 ], [ 73.550575761756306, 39.310995326181754 ], [ 73.560831984883478, 39.313558509258101 ], [ 73.562917358204004, 39.314103247561611 ], [ 73.565141225657655, 39.314619289334416 ], [ 73.567259181223932, 39.31499594171445 ], [ 73.572977661815813, 39.315511160198675 ], [ 73.575749771814031, 39.315615621621234 ], [ 73.578125873667062, 39.315633878773859 ], [ 73.581295012051669, 39.315575050375692 ], [ 73.584105774177004, 39.31520868961622 ], [ 73.586486927773606, 39.315143957181213 ], [ 73.589264370349795, 39.315110229085299 ], [ 73.592765280353362, 39.315087089681697 ], [ 73.596303783062183, 39.315093165725614 ], [ 73.599698517921951, 39.315125411993705 ], [ 73.602691694896606, 39.315264402698013 ], [ 73.613229011857328, 39.316019561305183 ], [ 73.615719129291477, 39.316373568817681 ], [ 73.617453860291789, 39.316555886574079 ], [ 73.618365913156197, 39.316618354296054 ] ] } },
{ "type": "Feature", "properties": { "ID": 465, "长度": 0.017801917060554878, "FEATUREID": "OFBA003C1AJ430010020000223", "CHFCAC": "000223", "GZEAB": "", "KCDDEF": 1.5368987321853638, "GZEEB": "01", "GZECD": "", "GZECE": 0.0, "GZEHG": "P2q,C1w", "GZAG": "101", "GZEEE": "101", "GZELD": "109", "GZEEC": "106", "GZEKG": "", "GZEHH": "", "PKIGJ": "1∶250000 库尔干幅(J43C001002)建造构造图", "linetype": 1, "aux_linetype": 0, "width": 0.30000001192092896, "x_coef": 5.0, "y_coef": 5.0, "_src_file": "LDZOFBA003.WL", "_src_id": 221 }, "geometry": { "type": "LineString", "coordinates": [ [ 74.432030655113536, 39.322105740235713 ], [ 74.445183533641625, 39.321338026369979 ], [ 74.448335611814372, 39.32118202410981 ], [ 74.449803747315201, 39.32109493637801 ] ] } },
{ "type": "Feature", "properties": { "ID": 466, "长度": 0.016814498684743266, "FEATUREID": "OFBA003C1AJ430010020000224", "CHFCAC": "000224", "GZEAB": "", "KCDDEF": 1.5046197175979614, "GZEEB": "04", "GZECD": "", "GZECE": 0.0, "GZEHG": "Qsn", "GZAG": "101", "GZEEE": "101", "GZELD": "109", "GZEEC": "106", "GZEKG": "", "GZEHH": "", "PKIGJ": "1∶250000 库尔干幅(J43C001002)建造构造图", "linetype": 2, "aux_linetype": 0, "width": 0.30000001192092896, "x_coef": 3.0, "y_coef": 3.0, "_src_file": "LDZOFBA003.WL", "_src_id": 222 }, "geometry": { "type": "LineString", "coordinates": [ [ 74.449803747315201, 39.32109493637801 ], [ 74.451361783699681, 39.321002616684133 ], [ 74.452931788848915, 39.320692654865525 ], [ 74.454091582811742, 39.320437916151036 ], [ 74.455925866368162, 39.319924101153205 ], [ 74.457011407417326, 39.319521433336881 ], [ 74.465593252580405, 39.315677804847532 ] ] } },
{ "type": "Feature", "properties": { "ID": 467, "长度": 0.05676724446384785, "FEATUREID": "OFBA003C1AJ430010020000225", "CHFCAC": "000225", "GZEAB": "F48", "KCDDEF": 130.55575561523438, "GZEEB": "28", "GZECD": "", "GZECE": 0.0, "GZEHG": "碎裂岩、构造角砾岩、糜棱岩和糜棱岩化岩石、片理化岩石、石英脉、蛇绿岩团块和地层中内生的变砂岩团块", "GZAG": "101", "GZEEE": "102", "GZELD": "109", "GZEEC": "106", "GZEKG": "", "GZEHH": "", "PKIGJ": "1∶250000 库尔干幅(J43C001002)建造构造图", "linetype": 1, "aux_linetype": 0, "width": 0.5, "x_coef": 10.0, "y_coef": 10.0, "_src_file": "LDZOFBA003.WL", "_src_id": 223 }, "geometry": { "type": "LineString", "coordinates": [ [ 74.932101733886753, 39.320529090250275 ], [ 74.935645450973468, 39.317633516689945 ], [ 74.936921712125283, 39.316380777036869 ], [ 74.937334044967969, 39.315995362216 ], [ 74.937703366113965, 39.31557763800275 ], [ 74.938155920674063, 39.315095710850706 ], [ 74.941281650636526, 39.312269558602566 ], [ 74.944077723055273, 39.309989991863056 ], [ 74.945805629299414, 39.308577256479452 ], [ 74.949094169144232, 39.306266588546023 ], [ 74.950367478442203, 39.305335752815964 ], [ 74.951763874615708, 39.304437408962393 ], [ 74.952627040286174, 39.303827602735446 ], [ 74.953409224049963, 39.30312097344072 ], [ 74.953987237194355, 39.302510950604386 ], [ 74.954569863903089, 39.301899705766594 ], [ 74.955733254926997, 39.300553646244609 ], [ 74.959555895777811, 39.296324865482752 ], [ 74.963293265376365, 39.292127722865544 ], [ 74.96462405522503, 39.290782370263656 ], [ 74.966125826047488, 39.288761063584623 ], [ 74.967207175266608, 39.287510481023766 ], [ 74.967625210016323, 39.286965097624723 ], [ 74.968919442199152, 39.284846213741851 ], [ 74.969461416425773, 39.284333590783156 ], [ 74.970085153137603, 39.283821344591239 ], [ 74.97259389598355, 39.281201871856972 ] ] } },
{ "type": "Feature", "properties": { "ID": 469, "长度": 0.023385977656851395, "FEATUREID": "OFBA003C1AJ430010020000226", "CHFCAC": "000226", "GZEAB": "", "KCDDEF": 2.1134872436523438, "GZEEB": "01", "GZECD": "", "GZECE": 0.0, "GZEHG": "P2q,C1w", "GZAG": "101", "GZEEE": "101", "GZELD": "109", "GZEEC": "106", "GZEKG": "", "GZEHH": "", "PKIGJ": "1∶250000 库尔干幅(J43C001002)建造构造图", "linetype": 1, "aux_linetype": 0, "width": 0.30000001192092896, "x_coef": 5.0, "y_coef": 5.0, "_src_file": "LDZOFBA003.WL", "_src_id": 224 }, "geometry": { "type": "LineString", "coordinates": [ [ 74.487107343170393, 39.307346395424489 ], [ 74.48266572246304, 39.307833303393643 ], [ 74.480703542573906, 39.308289900601594 ], [ 74.479871573487245, 39.308549075106846 ], [ 74.479079038009004, 39.308867745090112 ], [ 74.477979151561513, 39.309450113566733 ], [ 74.477027325571356, 39.310092952521494 ], [ 74.476343634040063, 39.310560524096047 ], [ 74.475510959560665, 39.310908432973164 ], [ 74.474944250948937, 39.311111799575166 ], [ 74.47369957786249, 39.311459232599532 ], [ 74.472414372632102, 39.31195367734653 ], [ 74.470025557072603, 39.313178941172133 ], [ 74.467003576112944, 39.315045974810609 ], [ 74.465593252580405, 39.315677804847532 ] ] } },
{ "type": "Feature", "properties": { "ID": 470, "长度": 0.059087786468331203, "FEATUREID": "OFBA003C1AJ430010020000227", "CHFCAC": "000227", "GZEAB": "", "KCDDEF": 5.3595023155212402, "GZEEB": "01", "GZECD": "", "GZECE": 0.0, "GZEHG": "P2q", "GZAG": "101", "GZEEE": "101", "GZELD": "109", "GZEEC": "106", "GZEKG": "", "GZEHH": "", "PKIGJ": "1∶250000 库尔干幅(J43C001002)建造构造图", "linetype": 1, "aux_linetype": 0, "width": 0.30000001192092896, "x_coef": 5.0, "y_coef": 5.0, "_src_file": "LDZOFBA003.WL", "_src_id": 225 }, "geometry": { "type": "LineString", "coordinates": [ [ 74.485401510901923, 39.288844162748234 ], [ 74.480030258528458, 39.289108069033993 ], [ 74.475477134870118, 39.290076692935557 ], [ 74.472927247687551, 39.290630349038544 ], [ 74.46635979179031, 39.293426297112312 ], [ 74.457775316671317, 39.298049320885426 ], [ 74.451929595786297, 39.30141298634603 ], [ 74.437144288832684, 39.308407075517643 ], [ 74.431355253965265, 39.311267666195505 ] ] } },
{ "type": "Feature", "properties": { "ID": 471, "长度": 0.08365882639833909, "FEATUREID": "OFBA003C1AJ430010020000228", "CHFCAC": "000228", "GZEAB": "", "KCDDEF": 7.4289426803588867, "GZEEB": "01", "GZECD": "", "GZECE": 0.0, "GZEHG": "P2q,C1w", "GZAG": "101", "GZEEE": "101", "GZELD": "109", "GZEEC": "106", "GZEKG": "", "GZEHH": "", "PKIGJ": "1∶250000 库尔干幅(J43C001002)建造构造图", "linetype": 1, "aux_linetype": 0, "width": 0.30000001192092896, "x_coef": 10.0, "y_coef": 8.0, "_src_file": "LDZOFBA003.WL", "_src_id": 226 }, "geometry": { "type": "LineString", "coordinates": [ [ 74.579357776812273, 39.29212030896884 ], [ 74.578349020818052, 39.292588498419811 ], [ 74.578005575463251, 39.292731769351015 ], [ 74.577527668300405, 39.292915772904692 ], [ 74.57720979297936, 39.292996932637969 ], [ 74.576920426147012, 39.293057491780068 ], [ 74.576389680379705, 39.29315816316732 ], [ 74.575621494444576, 39.29334045475499 ], [ 74.574827758898039, 39.293564092698453 ], [ 74.574189453749483, 39.293809624502352 ], [ 74.573712080031385, 39.294077824136892 ], [ 74.573017948382045, 39.294407460461798 ], [ 74.572591890627805, 39.294634303507571 ], [ 74.572219833330365, 39.29488217312133 ], [ 74.569661469387768, 39.296617467598175 ], [ 74.566437440270548, 39.298661625498191 ], [ 74.565611005258049, 39.299073793209381 ], [ 74.561569051401506, 39.30118350318125 ], [ 74.560771374199518, 39.301515162775836 ], [ 74.560001677946417, 39.301805621414388 ], [ 74.559231189646454, 39.302074864780586 ], [ 74.554963127663498, 39.303748545540621 ], [ 74.55344183497354, 39.3041800924005 ], [ 74.551973882456082, 39.30448616471466 ], [ 74.550826208308607, 39.304752118915474 ], [ 74.549571745820401, 39.30493361721912 ], [ 74.548690957107738, 39.305117233425641 ], [ 74.545648163902726, 39.305393275332833 ], [ 74.544979874863188, 39.305389451009688 ], [ 74.538689867509504, 39.305161615489226 ], [ 74.537944033255641, 39.305156746035529 ], [ 74.537331382672917, 39.305152741181502 ], [ 74.536931882546924, 39.305171069715811 ], [ 74.536479218623896, 39.305230926213163 ], [ 74.536025069237567, 39.305395787355536 ], [ 74.535389457342376, 39.305602397562581 ], [ 74.53173986159031, 39.306730564593614 ], [ 74.530527305550152, 39.307095899690474 ], [ 74.52972957107967, 39.307361833495385 ], [ 74.529104588182065, 39.307493788054302 ], [ 74.528620064698046, 39.307581463231308 ], [ 74.527137532340603, 39.307664708724623 ], [ 74.526167039279727, 39.307660399828976 ], [ 74.525683294266059, 39.307658243485555 ], [ 74.525227168951375, 39.307701120040718 ], [ 74.524571444901241, 39.307743105553378 ], [ 74.524229325366505, 39.307764034154857 ], [ 74.523971746109396, 39.307785343074002 ], [ 74.523457485945229, 39.307783049610443 ], [ 74.521831498409455, 39.30761780695223 ], [ 74.520059917367334, 39.307339158816959 ], [ 74.519803874793539, 39.307248059827252 ], [ 74.519261172385697, 39.306931129251296 ], [ 74.518947000127596, 39.306794862989904 ], [ 74.518661383472903, 39.306658749974986 ], [ 74.51737509608715, 39.305978939813322 ], [ 74.515186036200433, 39.304971061363972 ], [ 74.512693989175105, 39.304285082204082 ], [ 74.512397299807077, 39.30419535205052 ], [ 74.512021120105288, 39.304150906812389 ], [ 74.510840837658591, 39.303996275002483 ], [ 74.510113386124502, 39.303991225106749 ], [ 74.50955114647445, 39.30398729353599 ], [ 74.509121259913144, 39.30400521397754 ], [ 74.508637642281172, 39.304043674096157 ], [ 74.508046572052535, 39.304144130895104 ], [ 74.507641574562385, 39.304224981479436 ], [ 74.507051494538246, 39.304304518790865 ], [ 74.504175676906797, 39.304681798518239 ], [ 74.503397515313779, 39.304780912566642 ], [ 74.502751233063435, 39.304817737541519 ], [ 74.50118148205668, 39.304805969419156 ], [ 74.499779379778872, 39.304694147573159 ] ] } },
{ "type": "Feature", "properties": { "ID": 472, "长度": 0.012835565469929314, "FEATUREID": "OFBA003C1AJ430010020000229", "CHFCAC": "000229", "GZEAB": "", "KCDDEF": 1.1166706085205078, "GZEEB": "01", "GZECD": "", "GZECE": 0.0, "GZEHG": "ChSt.", "GZAG": "101", "GZEEE": "101", "GZELD": "109", "GZEEC": "106", "GZEKG": "", "GZEHH": "", "PKIGJ": "1∶250000 库尔干幅(J43C001002)建造构造图", "linetype": 1, "aux_linetype": 0, "width": 0.30000001192092896, "x_coef": 5.0, "y_coef": 5.0, "_src_file": "LDZOFBA003.WL", "_src_id": 227 }, "geometry": { "type": "LineString", "coordinates": [ [ 73.514255948214242, 39.288629154000247 ], [ 73.512257680057317, 39.289028983486091 ], [ 73.508229687148258, 39.289856455432265 ], [ 73.506284714512574, 39.290149290659393 ], [ 73.504691816125884, 39.29030679459958 ], [ 73.502806141652414, 39.290436849868399 ], [ 73.501583058890844, 39.290545131035998 ] ] } },
{ "type": "Feature", "properties": { "ID": 473, "长度": 0.036378908736361716, "FEATUREID": "OFBA003C1AJ430010020000230", "CHFCAC": "000230", "GZEAB": "", "KCDDEF": 3.8901329040527344, "GZEEB": "01", "GZECD": "", "GZECE": 0.0, "GZEHG": "K1kz,J3kz,P2q,γπT3", "GZAG": "101", "GZEEE": "101", "GZELD": "109", "GZEEC": "106", "GZEKG": "", "GZEHH": "", "PKIGJ": "1∶250000 库尔干幅(J43C001002)建造构造图", "linetype": 1, "aux_linetype": 0, "width": 0.30000001192092896, "x_coef": 5.0, "y_coef": 5.0, "_src_file": "LDZOFBA003.WL", "_src_id": 228 }, "geometry": { "type": "LineString", "coordinates": [ [ 74.980215393045555, 39.29851684611787 ], [ 74.977655758454375, 39.292623637018643 ], [ 74.976341531744993, 39.290012872591781 ], [ 74.976154132314448, 39.289639586776993 ], [ 74.975965579799137, 39.289117333830887 ], [ 74.974313470915661, 39.284789673117928 ], [ 74.97420558913069, 39.284564725919239 ], [ 74.973754870045241, 39.283622817559468 ], [ 74.972912139784626, 39.281865514293131 ], [ 74.97259389598355, 39.281201871856972 ], [ 74.971410094815695, 39.278733140981842 ], [ 74.970279734842748, 39.27637776962667 ], [ 74.969146095445311, 39.274179470771884 ], [ 74.964731342735675, 39.265628596761644 ] ] } },
{ "type": "Feature", "properties": { "ID": 474, "长度": 0.066855883279788336, "FEATUREID": "OFBA003C1AJ430010020000231", "CHFCAC": "000231", "GZEAB": "", "KCDDEF": 5.9113850593566895, "GZEEB": "04", "GZECD": "", "GZECE": 0.0, "GZEHG": "ChSt.,Qsn", "GZAG": "101", "GZEEE": "101", "GZELD": "109", "GZEEC": "106", "GZEKG": "", "GZEHH": "", "PKIGJ": "1∶250000 库尔干幅(J43C001002)建造构造图", "linetype": 2, "aux_linetype": 0, "width": 0.30000001192092896, "x_coef": 3.0, "y_coef": 3.0, "_src_file": "LDZOFBA003.WL", "_src_id": 229 }, "geometry": { "type": "LineString", "coordinates": [ [ 73.514255948214242, 39.288629154000247 ], [ 73.51477363209608, 39.288524411156011 ], [ 73.519223190234513, 39.287624429427495 ], [ 73.524499587074828, 39.286240313632327 ], [ 73.526615185288961, 39.285521500581325 ], [ 73.530065123409301, 39.284250403193397 ], [ 73.535745025895707, 39.281740455450262 ], [ 73.537191584639672, 39.281275905225215 ], [ 73.540083833851213, 39.280476978159662 ], [ 73.550176529319785, 39.278222840790718 ], [ 73.559049509427524, 39.275609951127649 ], [ 73.572125759266868, 39.272256252167814 ], [ 73.574127648032587, 39.271667094063979 ], [ 73.5760712630412, 39.271077416721873 ], [ 73.578508578266707, 39.270597856743926 ] ] } },
{ "type": "Feature", "properties": { "ID": 476, "长度": 0.10155415266857114, "FEATUREID": "OFBA003C1AJ430010020000232", "CHFCAC": "000232", "GZEAB": "", "KCDDEF": 11.056203842163086, "GZEEB": "01", "GZECD": "", "GZECE": 0.0, "GZEHG": "K1kz,P2q,C1w,γπT3", "GZAG": "101", "GZEEE": "101", "GZELD": "109", "GZEEC": "106", "GZEKG": "", "GZEHH": "", "PKIGJ": "1∶250000 库尔干幅(J43C001002)建造构造图", "linetype": 1, "aux_linetype": 0, "width": 0.30000001192092896, "x_coef": 5.0, "y_coef": 5.0, "_src_file": "LDZOFBA003.WL", "_src_id": 230 }, "geometry": { "type": "LineString", "coordinates": [ [ 74.999789051519386, 39.296179184281229 ], [ 74.999481720820327, 39.29557463201337 ], [ 74.998831506711369, 39.294576397569671 ], [ 74.99834578324301, 39.294044297092171 ], [ 74.997309260509439, 39.292880804964035 ], [ 74.996675349965429, 39.292010903440861 ], [ 74.99504965097222, 39.289149300041764 ], [ 74.992261980814902, 39.285175839553958 ], [ 74.991920575796712, 39.284594994013752 ], [ 74.99146589942103, 39.283692895017786 ], [ 74.990741127339561, 39.282170472293622 ], [ 74.988937699380315, 39.276423264622146 ], [ 74.98730857514154, 39.271767755186794 ], [ 74.986858120952775, 39.269405154140358 ], [ 74.986675451002114, 39.268641763869987 ], [ 74.986539422066869, 39.267809715928593 ], [ 74.985815515683953, 39.263375346124896 ], [ 74.985029495826041, 39.258081099167256 ], [ 74.984935783801831, 39.257319648029579 ], [ 74.985027787079332, 39.256558661705455 ], [ 74.985208948245827, 39.255689163572747 ], [ 74.986209727407925, 39.25018300226477 ], [ 74.988908568096889, 39.238779001937473 ], [ 74.989858644423734, 39.233664333906553 ], [ 74.990869012885852, 39.228218873923176 ], [ 74.9914412511569, 39.225768885770805 ], [ 74.992705518853711, 39.22037341014051 ], [ 74.993019046783601, 39.218338120399537 ], [ 74.993289821336916, 39.216666244746648 ], [ 74.993788251328709, 39.215066454276581 ], [ 74.995149213251665, 39.210276652399529 ], [ 74.995516136532984, 39.209415684535649 ], [ 74.996019524123255, 39.208303525316559 ], [ 74.996378058229013, 39.206862940436253 ], [ 74.998520973956971, 39.199784633514597 ] ] } },
{ "type": "Feature", "properties": { "ID": 477, "长度": 0.031717438764665262, "FEATUREID": "OFBA003C1AJ430010020000233", "CHFCAC": "000233", "GZEAB": "", "KCDDEF": 2.758852481842041, "GZEEB": "01", "GZECD": "", "GZECE": 0.0, "GZEHG": "P2q", "GZAG": "101", "GZEEE": "101", "GZELD": "109", "GZEEC": "106", "GZEKG": "", "GZEHH": "", "PKIGJ": "1∶250000 库尔干幅(J43C001002)建造构造图", "linetype": 1, "aux_linetype": 0, "width": 0.30000001192092896, "x_coef": 5.0, "y_coef": 5.0, "_src_file": "LDZOFBA003.WL", "_src_id": 231 }, "geometry": { "type": "LineString", "coordinates": [ [ 74.493245079091864, 39.289073542955947 ], [ 74.503349270386778, 39.291115101130977 ], [ 74.505947149828202, 39.291288190681584 ], [ 74.508038321178176, 39.291256525247896 ], [ 74.508716444214002, 39.291192785711353 ], [ 74.509925115789059, 39.291132731208947 ], [ 74.511163455302068, 39.291004411470084 ], [ 74.512399727810816, 39.290898895453545 ], [ 74.514187551784815, 39.290726078917814 ], [ 74.516612827094406, 39.290263923083266 ], [ 74.517819835997201, 39.290089298911383 ], [ 74.519201606957054, 39.289870419087791 ], [ 74.522139888510679, 39.289388360375298 ], [ 74.524558715833891, 39.288860343498641 ] ] } },
{ "type": "Feature", "properties": { "ID": 478, "长度": 0.011861804066291958, "FEATUREID": "OFBA003C1AJ430010020000234", "CHFCAC": "000234", "GZEAB": "", "KCDDEF": 1.0452785491943359, "GZEEB": "01", "GZECD": "", "GZECE": 0.0, "GZEHG": "P2q", "GZAG": "101", "GZEEE": "101", "GZELD": "109", "GZEEC": "106", "GZEKG": "", "GZEHH": "", "PKIGJ": "1∶250000 库尔干幅(J43C001002)建造构造图", "linetype": 1, "aux_linetype": 0, "width": 0.30000001192092896, "x_coef": 5.0, "y_coef": 5.0, "_src_file": "LDZOFBA003.WL", "_src_id": 232 }, "geometry": { "type": "LineString", "coordinates": [ [ 74.528145718429769, 39.28652814481174 ], [ 74.530309623544056, 39.286014292439802 ], [ 74.531232105189602, 39.285749396868219 ], [ 74.532035433063612, 39.285573816208476 ], [ 74.53266917500342, 39.285442280144892 ], [ 74.533820793231754, 39.285088651135666 ], [ 74.534221450737888, 39.285000851375408 ], [ 74.534567604568778, 39.28491274831908 ], [ 74.534913828971909, 39.284779672089208 ], [ 74.535546700510011, 39.284558185011932 ], [ 74.535717275641233, 39.28451413051053 ], [ 74.53961169225596, 39.283522116724981 ] ] } },
{ "type": "Feature", "properties": { "ID": 479, "长度": 0.03360458855204429, "FEATUREID": "OFBA003C1AJ430010020000235", "CHFCAC": "000235", "GZEAB": "", "KCDDEF": 3.0103104114532471, "GZEEB": "01", "GZECD": "", "GZECE": 45.0, "GZEHG": "P2q,C1w", "GZAG": "101", "GZEEE": "101", "GZELD": "109", "GZEEC": "106", "GZEKG": "", "GZEHH": "", "PKIGJ": "1∶250000 库尔干幅(J43C001002)建造构造图", "linetype": 1, "aux_linetype": 0, "width": 0.30000001192092896, "x_coef": 10.0, "y_coef": 8.0, "_src_file": "LDZOFBA003.WL", "_src_id": 233 }, "geometry": { "type": "LineString", "coordinates": [ [ 74.624279772919635, 39.275153501340256 ], [ 74.62259146053745, 39.275310355051467 ], [ 74.622181027813852, 39.275379576775414 ], [ 74.621639961685119, 39.275503796127275 ], [ 74.621004234663928, 39.275797831403651 ], [ 74.620239437119992, 39.276140762876196 ], [ 74.61834543139004, 39.276675287767112 ], [ 74.616548211221982, 39.2772060292559 ], [ 74.61295228066372, 39.278160099192817 ], [ 74.610600380007654, 39.278903566858453 ], [ 74.608245832150814, 39.279754315768294 ], [ 74.606307345511453, 39.280821076391689 ], [ 74.604783129938085, 39.281889213502879 ], [ 74.603257473560191, 39.282850001233072 ], [ 74.602009826100826, 39.283489726287904 ], [ 74.601041991514975, 39.284023057915576 ], [ 74.600347889642336, 39.284287028120843 ], [ 74.599412490172242, 39.284606591463508 ], [ 74.598747277966339, 39.284768311491923 ], [ 74.59645519398606, 39.285170589833285 ], [ 74.595291473708329, 39.285385421356146 ], [ 74.592795977839188, 39.285940394466934 ] ] } },
{ "type": "Feature", "properties": { "ID": 480, "长度": 0.018627049200111385, "FEATUREID": "OFBA003C1AJ430010020000236", "CHFCAC": "000236", "GZEAB": "", "KCDDEF": 1.6140414476394653, "GZEEB": "01", "GZECD": "", "GZECE": 0.0, "GZEHG": "K1kz,P2q", "GZAG": "101", "GZEEE": "101", "GZELD": "109", "GZEEC": "106", "GZEKG": "", "GZEHH": "", "PKIGJ": "1∶250000 库尔干幅(J43C001002)建造构造图", "linetype": 1, "aux_linetype": 0, "width": 0.30000001192092896, "x_coef": 5.0, "y_coef": 5.0, "_src_file": "LDZOFBA003.WL", "_src_id": 234 }, "geometry": { "type": "LineString", "coordinates": [ [ 74.973754870045241, 39.283622817559468 ], [ 74.977165053427683, 39.283747869290558 ], [ 74.979486486910119, 39.283636213715333 ], [ 74.980078517726085, 39.283637469429863 ], [ 74.980818553378782, 39.283639039343157 ], [ 74.981607924973801, 39.283640706931926 ], [ 74.985747797892884, 39.284076950177329 ], [ 74.992261980814902, 39.285175839553958 ] ] } },
{ "type": "Feature", "properties": { "ID": 484, "长度": 0.028668801069483725, "FEATUREID": "OFBA003C1AJ430010020000237", "CHFCAC": "000237", "GZEAB": "", "KCDDEF": 2.4870319366455078, "GZEEB": "01", "GZECD": "", "GZECE": 78.0, "GZEHG": "P2q", "GZAG": "101", "GZEEE": "101", "GZELD": "109", "GZEEC": "106", "GZEKG": "", "GZEHH": "", "PKIGJ": "1∶250000 库尔干幅(J43C001002)建造构造图", "linetype": 1, "aux_linetype": 0, "width": 0.30000001192092896, "x_coef": 5.0, "y_coef": 5.0, "_src_file": "LDZOFBA003.WL", "_src_id": 235 }, "geometry": { "type": "LineString", "coordinates": [ [ 74.547946331170138, 39.282188157376588 ], [ 74.555785182661324, 39.281555187137855 ], [ 74.564223829555544, 39.280569992439275 ], [ 74.568447490434949, 39.279681630138946 ], [ 74.576377450724365, 39.278684547283056 ] ] } },
{ "type": "Feature", "properties": { "ID": 485, "长度": 0.53068244587753965, "FEATUREID": "OFBA003C1AJ430010020000238", "CHFCAC": "000238", "GZEAB": "", "KCDDEF": 46.218158721923828, "GZEEB": "04", "GZECD": "", "GZECE": 0.0, "GZEHG": "P2q,Qsn,D2kz", "GZAG": "101", "GZEEE": "102", "GZELD": "109", "GZEEC": "106", "GZEKG": "", "GZEHH": "", "PKIGJ": "1∶250000 库尔干幅(J43C001002)建造构造图", "linetype": 2, "aux_linetype": 0, "width": 0.30000001192092896, "x_coef": 3.0, "y_coef": 3.0, "_src_file": "LDZOFBA003.WL", "_src_id": 236 }, "geometry": { "type": "LineString", "coordinates": [ [ 74.173478487685173, 39.278225024271158 ], [ 74.179247886653954, 39.279574240679828 ], [ 74.183427111395446, 39.280550566754783 ], [ 74.190373190990371, 39.281199708410625 ], [ 74.20397150874679, 39.281533753160282 ], [ 74.231793399645383, 39.281600607825624 ], [ 74.268111991510096, 39.282315147167928 ], [ 74.290061267060253, 39.282210880128865 ], [ 74.323305570841811, 39.282871936214562 ], [ 74.335517816566366, 39.281575544380608 ], [ 74.349265191826461, 39.280411940657544 ], [ 74.372307730464527, 39.275697485929491 ], [ 74.391356799862862, 39.27095762808618 ], [ 74.422534456528723, 39.266647854919647 ], [ 74.43579353372391, 39.266092243293855 ], [ 74.447125429522828, 39.266767281101039 ], [ 74.467388122604774, 39.269344362644283 ], [ 74.484933501333501, 39.272030066669174 ], [ 74.4898731696764, 39.272451828061868 ], [ 74.492595691994808, 39.272684371799841 ], [ 74.502811549459651, 39.273597369510455 ], [ 74.509380848630514, 39.273109205280228 ], [ 74.516028704253856, 39.272614818998612 ], [ 74.517031008518714, 39.27254009748485 ], [ 74.521829854284476, 39.271566874964229 ], [ 74.532484948581086, 39.268604532163614 ], [ 74.5374029247604, 39.267236687324129 ], [ 74.548227415951558, 39.264224574704528 ], [ 74.553345637395068, 39.263251287209144 ], [ 74.562026596619191, 39.262024775181196 ], [ 74.567887744157474, 39.261195994074356 ], [ 74.574444064357237, 39.259978848156024 ], [ 74.577885165624309, 39.259296506570749 ], [ 74.582435429802345, 39.258394114228452 ], [ 74.588437578100624, 39.257105030850688 ], [ 74.593147038692948, 39.256092944738356 ], [ 74.599385317616353, 39.254481530322778 ], [ 74.603653477254653, 39.253497982104491 ], [ 74.612653487310425, 39.251423198518609 ], [ 74.620216690209091, 39.249979796082776 ], [ 74.628347452579803, 39.248427257210743 ], [ 74.638864372588159, 39.246418144895372 ], [ 74.65773302983601, 39.242743412437541 ], [ 74.659228353972523, 39.242452466292875 ], [ 74.665765952377271, 39.240948717309379 ], [ 74.670185847353267, 39.239932213587558 ], [ 74.678820113294606, 39.236853096952345 ], [ 74.683829928436708, 39.234833260647548 ], [ 74.685856341497328, 39.23401729756808 ], [ 74.694490274229196, 39.230688749785038 ], [ 74.695301071580474, 39.230471572415688 ], [ 74.696547599818771, 39.230138346865786 ] ] } },
{ "type": "Feature", "properties": { "ID": 487, "长度": 0.12368450296934738, "FEATUREID": "OFBA003C1AJ430010020000239", "CHFCAC": "000239", "GZEAB": "", "KCDDEF": 10.729015350341797, "GZEEB": "31", "GZECD": "", "GZECE": 0.0, "GZEHG": "ChSt.,Pt1K.", "GZAG": "101", "GZEEE": "101", "GZELD": "109", "GZEEC": "106", "GZEKG": "", "GZEHH": "", "PKIGJ": "1∶250000 库尔干幅(J43C001002)建造构造图", "linetype": 18, "aux_linetype": 0, "width": 0.30000001192092896, "x_coef": 3.0, "y_coef": 5.0, "_src_file": "LDZOFBA003.WL", "_src_id": 237 }, "geometry": { "type": "LineString", "coordinates": [ [ 74.056984489530549, 39.26484213616358 ], [ 74.054118874041436, 39.265133644065585 ], [ 74.048201725455016, 39.265360820524009 ], [ 74.046841222381502, 39.265389032142409 ], [ 74.045731136324036, 39.265458635283998 ], [ 74.044521418216334, 39.26560608078055 ], [ 74.036932730666052, 39.266487813207412 ], [ 74.035423455808129, 39.266672055341509 ], [ 74.034221724915028, 39.266701417883453 ], [ 74.033319449632103, 39.266693928709067 ], [ 74.03026314192212, 39.266589815794141 ], [ 74.027259183012006, 39.266250009761912 ], [ 74.026113419055932, 39.266004932278214 ], [ 74.02531441713964, 39.265920587103253 ], [ 74.023465294556345, 39.265750102771165 ], [ 74.021415261182966, 39.26573552094397 ], [ 74.020563130013301, 39.265768803835286 ], [ 74.019508228582609, 39.265878545524522 ], [ 74.017997501171351, 39.265944683477237 ], [ 74.013417701970056, 39.266260771741905 ], [ 74.011906649811337, 39.26644504416295 ], [ 74.010446324052168, 39.266590320526149 ], [ 74.009489830141518, 39.266661032417979 ], [ 74.008531892167198, 39.266771142404345 ], [ 74.007475802742974, 39.266840983403632 ], [ 74.006567595804384, 39.266912099891449 ], [ 74.005665006749567, 39.267045911225793 ], [ 74.004769782156473, 39.267087289168458 ], [ 74.003879155520778, 39.267135875398544 ], [ 74.002987228070253, 39.267191661788274 ], [ 74.002096092248692, 39.267254646892845 ], [ 74.001203846389274, 39.267324822565527 ], [ 74.00031658596204, 39.267402178386391 ], [ 73.999427406374394, 39.267486708441162 ], [ 73.998539400202716, 39.267578402290681 ], [ 73.997653668682162, 39.267677251824807 ], [ 73.996769301495931, 39.267783246585196 ], [ 73.995888399978924, 39.26789637171315 ], [ 73.984970524853892, 39.270193267758152 ], [ 73.970579995513077, 39.272590695775747 ], [ 73.959755201995719, 39.273928844530772 ], [ 73.948393018823793, 39.275055159018429 ], [ 73.934270042229244, 39.277056664280323 ] ] } },
{ "type": "Feature", "properties": { "ID": 489, "长度": 0.01957723908176261, "FEATUREID": "OFBA003C1AJ430010020000240", "CHFCAC": "000240", "GZEAB": "", "KCDDEF": 1.9540716409683228, "GZEEB": "01", "GZECD": "", "GZECE": 0.0, "GZEHG": "P2q", "GZAG": "101", "GZEEE": "101", "GZELD": "109", "GZEEC": "106", "GZEKG": "", "GZEHH": "", "PKIGJ": "1∶250000 库尔干幅(J43C001002)建造构造图", "linetype": 1, "aux_linetype": 0, "width": 0.30000001192092896, "x_coef": 5.0, "y_coef": 5.0, "_src_file": "LDZOFBA003.WL", "_src_id": 238 }, "geometry": { "type": "LineString", "coordinates": [ [ 74.972912139784626, 39.281865514293131 ], [ 74.986539422066869, 39.267809715928593 ] ] } },
{ "type": "Feature", "properties": { "ID": 492, "长度": 0.1992306038358895, "FEATUREID": "OFBA003C1AJ430010020000241", "CHFCAC": "000241", "GZEAB": "", "KCDDEF": 18.656021118164062, "GZEEB": "01", "GZECD": "", "GZECE": 46.0, "GZEHG": "P2q,C1w", "GZAG": "101", "GZEEE": "101", "GZELD": "109", "GZEEC": "106", "GZEKG": "", "GZEHH": "", "PKIGJ": "1∶250000 库尔干幅(J43C001002)建造构造图", "linetype": 1, "aux_linetype": 0, "width": 0.30000001192092896, "x_coef": 10.0, "y_coef": 8.0, "_src_file": "LDZOFBA003.WL", "_src_id": 239 }, "geometry": { "type": "LineString", "coordinates": [ [ 74.635693886182352, 39.279683685532611 ], [ 74.637473855831018, 39.280497621278109 ], [ 74.638485166832879, 39.281026133078853 ], [ 74.640003837109219, 39.281687542302038 ], [ 74.641688868572217, 39.282677801524883 ], [ 74.642951756473465, 39.28360107164994 ], [ 74.644297850751613, 39.284590253915638 ], [ 74.64505342508177, 39.285380611390593 ], [ 74.645559156361514, 39.286038850419658 ], [ 74.645977711529355, 39.286434155258576 ], [ 74.646483128803808, 39.287158060133457 ], [ 74.646895369239218, 39.287978942878034 ], [ 74.647131860168471, 39.288759637745628 ], [ 74.647401914091077, 39.289379201138878 ], [ 74.647607524490283, 39.289756507079161 ], [ 74.647917010712277, 39.290080529967419 ], [ 74.648396655621497, 39.290620406550502 ], [ 74.648841841882131, 39.290998829067512 ], [ 74.649220707248176, 39.29126940231037 ], [ 74.649699757661935, 39.291594217134339 ], [ 74.650802952576541, 39.292083188379792 ], [ 74.651249891621973, 39.292192782904927 ], [ 74.651939092450789, 39.292195960588664 ], [ 74.652595360474763, 39.292199572634416 ], [ 74.653597010665806, 39.292071171784485 ], [ 74.655528323247083, 39.291975215900337 ], [ 74.656287124063041, 39.291925991739099 ], [ 74.657287595148162, 39.291824438094402 ], [ 74.658011258407143, 39.291721230658851 ], [ 74.658840006799082, 39.291672399507547 ], [ 74.659770330059274, 39.291758588390415 ], [ 74.661111682018998, 39.291954751624488 ], [ 74.661630136734146, 39.292065350059197 ], [ 74.662661220662315, 39.292259654331723 ], [ 74.675679456990068, 39.295505227256463 ], [ 74.677597811430545, 39.296211113512015 ], [ 74.679495711533093, 39.296856032093473 ], [ 74.681093596346059, 39.297199663971689 ], [ 74.683171008679452, 39.297512744995494 ], [ 74.683775439929974, 39.2975829057604 ], [ 74.684207106248465, 39.29758468356944 ], [ 74.68485780383989, 39.29765501685457 ], [ 74.685419273330325, 39.297657319325779 ], [ 74.686415563623996, 39.297627553903752 ], [ 74.686933069748491, 39.297562002128103 ], [ 74.688061217515184, 39.297295903628125 ], [ 74.688451370585099, 39.297128310425848 ], [ 74.689708282864629, 39.296363957189648 ], [ 74.690057217908119, 39.295987103995074 ], [ 74.69085145635708, 39.29534451126829 ], [ 74.691853719921127, 39.294568203342337 ], [ 74.693095685947966, 39.293819765667003 ], [ 74.693553717018474, 39.293558440207562 ], [ 74.694575772352536, 39.293210462563572 ], [ 74.694923066013715, 39.293144204373284 ], [ 74.695312606433163, 39.293078116876742 ], [ 74.695743249997719, 39.293046025492686 ], [ 74.696393992611362, 39.293048621911346 ], [ 74.696953651495861, 39.293186166904427 ], [ 74.699377451038004, 39.293636534888364 ], [ 74.699985623293131, 39.293639661800462 ], [ 74.700507623999627, 39.293709988618389 ], [ 74.701375444638373, 39.293714444959605 ], [ 74.702115940115448, 39.293718230449073 ], [ 74.702679385410335, 39.293788769031046 ], [ 74.705676105385507, 39.294209955658715 ], [ 74.706457477816642, 39.294349230488805 ], [ 74.706760477577831, 39.294485571381081 ], [ 74.707106528303854, 39.294621758583631 ], [ 74.707321049346845, 39.294825005702414 ], [ 74.707579501906764, 39.295095902358867 ], [ 74.707923947035653, 39.295637103535761 ], [ 74.709815371364144, 39.298242427550328 ], [ 74.710202650777703, 39.298716265487805 ], [ 74.710631734158753, 39.299122745476865 ], [ 74.71110597589778, 39.299563121116364 ], [ 74.711496999838104, 39.299766943875149 ], [ 74.711927960597393, 39.300038413633011 ], [ 74.712533969666922, 39.300377968325691 ], [ 74.71322374831027, 39.30071821775222 ], [ 74.714091547610238, 39.300993199443589 ], [ 74.715303115063762, 39.301303340240743 ], [ 74.715693046901421, 39.301372661538629 ], [ 74.716214088393514, 39.30144241358493 ], [ 74.716994939483584, 39.301411003747646 ], [ 74.717428832222964, 39.30137843410516 ], [ 74.717947662020478, 39.301312143714313 ], [ 74.718815838892738, 39.301178979459948 ], [ 74.719339056392357, 39.301044664353221 ], [ 74.72033731049153, 39.300741872032248 ], [ 74.721249991920857, 39.300271887956299 ], [ 74.723250630237274, 39.299163500851002 ], [ 74.723815540814343, 39.298793668187479 ], [ 74.724247569488952, 39.298592262100271 ], [ 74.72494534413913, 39.298053996755471 ], [ 74.725466753056537, 39.297717798365447 ], [ 74.725902020867309, 39.297313875265218 ], [ 74.726381602212754, 39.296741301829549 ], [ 74.726773830804916, 39.29613475605904 ], [ 74.727692552488406, 39.294685726415175 ], [ 74.728302339132199, 39.294045970123918 ], [ 74.72961070051312, 39.292395391579014 ], [ 74.730133491027232, 39.29182290922126 ], [ 74.730829773015813, 39.291183353278242 ], [ 74.732481340769723, 39.2898373674307 ], [ 74.733133313134942, 39.289197691164794 ], [ 74.733527418959142, 39.288759878947182 ], [ 74.733875836994855, 39.288389462709517 ], [ 74.734831717972483, 39.287413005271631 ], [ 74.73552730082568, 39.286874674985491 ], [ 74.737570691885367, 39.285597069730308 ], [ 74.738133809245056, 39.285328422947643 ], [ 74.739652930379904, 39.28463492708368 ], [ 74.743897564462841, 39.282819223767746 ], [ 74.744816099042609, 39.282454791627806 ], [ 74.747511931119575, 39.28136188480503 ], [ 74.74839659139748, 39.281010728775101 ], [ 74.749313100905823, 39.280605325805389 ], [ 74.750299233613589, 39.28006428238502 ], [ 74.750909720518365, 39.279739695505867 ], [ 74.751318207113087, 39.279468991998847 ], [ 74.754407400307187, 39.277791754117125 ], [ 74.756888840980821, 39.276384746110182 ], [ 74.758043164968015, 39.275898289212094 ], [ 74.759061541136788, 39.275465859480541 ], [ 74.761779810354284, 39.274004913989756 ], [ 74.762323233098883, 39.273707286296009 ], [ 74.762969544441106, 39.273355545821666 ], [ 74.763954922120107, 39.272950160386344 ], [ 74.771103632155373, 39.269683732823367 ], [ 74.773757858001076, 39.268498593512582 ], [ 74.776051025387119, 39.267199379745662 ], [ 74.776922396541124, 39.266712184243943 ], [ 74.777687368797217, 39.266251901285905 ], [ 74.778799909296652, 39.265520581644971 ], [ 74.780015444351733, 39.264654297372779 ], [ 74.781821800340822, 39.263118029777964 ], [ 74.787418089317043, 39.258129113254498 ], [ 74.78835752756801, 39.257184396123137 ], [ 74.789264007292402, 39.256185499543399 ], [ 74.79307763897576, 39.252409464032176 ], [ 74.793799288844198, 39.251519555395902 ], [ 74.794731589511926, 39.250305823981648 ], [ 74.795838830748664, 39.249067569061715 ], [ 74.799034947865849, 39.244988102417913 ], [ 74.7995198420207, 39.244292058449794 ], [ 74.800148252610214, 39.24327433645437 ], [ 74.800774645040832, 39.242256613116915 ], [ 74.801329077936785, 39.241453449297424 ], [ 74.802479377766147, 39.239682530693479 ] ] } },
{ "type": "Feature", "properties": { "ID": 493, "长度": 0.035881115415384482, "FEATUREID": "OFBA003C1AJ430010020000242", "CHFCAC": "000242", "GZEAB": "", "KCDDEF": 3.1075189113616943, "GZEEB": "01", "GZECD": "", "GZECE": 0.0, "GZEHG": "P2q", "GZAG": "101", "GZEEE": "101", "GZELD": "109", "GZEEC": "106", "GZEKG": "", "GZEHH": "", "PKIGJ": "1∶250000 库尔干幅(J43C001002)建造构造图", "linetype": 1, "aux_linetype": 0, "width": 0.30000001192092896, "x_coef": 5.0, "y_coef": 5.0, "_src_file": "LDZOFBA003.WL", "_src_id": 240 }, "geometry": { "type": "LineString", "coordinates": [ [ 74.586501134792385, 39.27819604985762 ], [ 74.597386943836554, 39.276432926323778 ], [ 74.606118069399301, 39.275615041023904 ], [ 74.616845209788465, 39.275085688405142 ], [ 74.622181027813852, 39.275379576775414 ] ] } },
{ "type": "Feature", "properties": { "ID": 495, "长度": 0.093738178583499879, "FEATUREID": "OFBA003C1AJ430010020000243", "CHFCAC": "000243", "GZEAB": "F50", "KCDDEF": 96.426437377929688, "GZEEB": "04", "GZECD": "", "GZECE": 0.0, "GZEHG": "切割布伦阔勒岩群、志留系、泥盆系、二叠系地层，碎裂岩、构造角砾岩、糜棱岩和糜棱岩化岩石、片理化岩石、石英脉、蛇绿岩团块和地层中内生的变砂岩团块", "GZAG": "101", "GZEEE": "103", "GZELD": "109", "GZEEC": "106", "GZEKG": "", "GZEHH": "", "PKIGJ": "1∶250000 库尔干幅(J43C001002)建造构造图", "linetype": 2, "aux_linetype": 0, "width": 0.80000001192092896, "x_coef": 3.0, "y_coef": 3.0, "_src_file": "LDZOFBA003.WL", "_src_id": 241 }, "geometry": { "type": "LineString", "coordinates": [ [ 74.184375832679066, 39.275636146025974 ], [ 74.196345810307179, 39.273223079345627 ], [ 74.207944617389771, 39.270800554913095 ], [ 74.217460069218902, 39.268789691222175 ], [ 74.227889985337299, 39.26682123673185 ], [ 74.234295736344805, 39.265802610114292 ], [ 74.244743545349408, 39.263691587619149 ], [ 74.251143915169479, 39.262174288641248 ], [ 74.256894753497477, 39.261554416517264 ], [ 74.259483696022201, 39.261181333134282 ], [ 74.263345621850377, 39.260564849954491 ], [ 74.265617748141452, 39.260201669670018 ], [ 74.267303785102087, 39.259999541536409 ], [ 74.268405851753627, 39.259867329596212 ], [ 74.271495983984451, 39.259495720914408 ], [ 74.276531435231277, 39.258797629541988 ] ] } },
{ "type": "Feature", "properties": { "ID": 496, "长度": 0.0091462207564732383, "FEATUREID": "OFBA003C1AJ430010020000244", "CHFCAC": "000244", "GZEAB": "", "KCDDEF": 0.80191314220428467, "GZEEB": "04", "GZECD": "", "GZECE": 0.0, "GZEHG": "ChSt.,Qsn", "GZAG": "101", "GZEEE": "101", "GZELD": "109", "GZEEC": "106", "GZEKG": "", "GZEHH": "", "PKIGJ": "1∶250000 库尔干幅(J43C001002)建造构造图", "linetype": 2, "aux_linetype": 0, "width": 0.30000001192092896, "x_coef": 3.0, "y_coef": 3.0, "_src_file": "LDZOFBA003.WL", "_src_id": 242 }, "geometry": { "type": "LineString", "coordinates": [ [ 73.582775018933447, 39.269700211868468 ], [ 73.587695274304352, 39.268467223973524 ], [ 73.590443712642937, 39.267928548650879 ], [ 73.591693111016738, 39.267684042726373 ] ] } },
{ "type": "Feature", "properties": { "ID": 497, "长度": 0.061721573593711616, "FEATUREID": "OFBA003C1AJ430010020000245", "CHFCAC": "000245", "GZEAB": "", "KCDDEF": 5.4072952270507812, "GZEEB": "01", "GZECD": "", "GZECE": 0.0, "GZEHG": "ChSt.", "GZAG": "101", "GZEEE": "101", "GZELD": "109", "GZEEC": "106", "GZEKG": "", "GZEHH": "", "PKIGJ": "1∶250000 库尔干幅(J43C001002)建造构造图", "linetype": 1, "aux_linetype": 0, "width": 0.30000001192092896, "x_coef": 5.0, "y_coef": 5.0, "_src_file": "LDZOFBA003.WL", "_src_id": 243 }, "geometry": { "type": "LineString", "coordinates": [ [ 73.709529642270311, 39.259144502298859 ], [ 73.725931481121776, 39.260165797669707 ], [ 73.737343959900528, 39.261997828871067 ], [ 73.758112162986862, 39.267978961137437 ], [ 73.762943541314797, 39.26946275621836 ], [ 73.765796020651138, 39.270200090119438 ], [ 73.769803443600964, 39.271142459430187 ] ] } },
{ "type": "Feature", "properties": { "ID": 499, "长度": 0.0074803926971664259, "FEATUREID": "OFBA003C1AJ430010020000246", "CHFCAC": "000246", "GZEAB": "", "KCDDEF": 0.65377050638198853, "GZEEB": "01", "GZECD": "", "GZECE": 0.0, "GZEHG": "ChSt.", "GZAG": "101", "GZEEE": "101", "GZELD": "109", "GZEEC": "106", "GZEKG": "", "GZEHH": "", "PKIGJ": "1∶250000 库尔干幅(J43C001002)建造构造图", "linetype": 1, "aux_linetype": 0, "width": 0.30000001192092896, "x_coef": 5.0, "y_coef": 5.0, "_src_file": "LDZOFBA003.WL", "_src_id": 244 }, "geometry": { "type": "LineString", "coordinates": [ [ 73.591693111016738, 39.267684042726373 ], [ 73.594663368262644, 39.266913453862031 ], [ 73.596981516921588, 39.266607790808457 ], [ 73.599027439527489, 39.266270183832738 ] ] } },
{ "type": "Feature", "properties": { "ID": 500, "长度": 0.052325000210939561, "FEATUREID": "OFBA003C1AJ430010020000247", "CHFCAC": "000247", "GZEAB": "", "KCDDEF": 4.5506081581115723, "GZEEB": "01", "GZECD": "", "GZECE": 0.0, "GZEHG": "P2q,C1w,γπT3", "GZAG": "101", "GZEEE": "101", "GZELD": "109", "GZEEC": "106", "GZEKG": "", "GZEHH": "", "PKIGJ": "1∶250000 库尔干幅(J43C001002)建造构造图", "linetype": 1, "aux_linetype": 0, "width": 0.30000001192092896, "x_coef": 5.0, "y_coef": 5.0, "_src_file": "LDZOFBA003.WL", "_src_id": 245 }, "geometry": { "type": "LineString", "coordinates": [ [ 74.969146095445311, 39.274179470771884 ], [ 74.96801120879438, 39.274465556490696 ], [ 74.962631109859473, 39.275824505173468 ], [ 74.961691712025257, 39.275996516389334 ], [ 74.961503944867346, 39.276054440366202 ], [ 74.961015097629343, 39.276110948919751 ], [ 74.960229469666103, 39.276156774525333 ], [ 74.959666632142799, 39.276133977426959 ], [ 74.952549893473631, 39.275425752932563 ], [ 74.950385032556184, 39.275206150855595 ], [ 74.940294744753615, 39.274182420613279 ], [ 74.938251169381189, 39.273975097543889 ], [ 74.936655583757286, 39.273853856892067 ], [ 74.936209202440139, 39.273764566617487 ], [ 74.935505044452057, 39.273615832336382 ], [ 74.934723704998575, 39.273437490686099 ], [ 74.931939864982724, 39.272960311501954 ], [ 74.928041307060994, 39.272129232279653 ], [ 74.92733384960772, 39.272039895035434 ], [ 74.926293811531863, 39.271891192102935 ], [ 74.923281522558213, 39.27138631585219 ], [ 74.922091454924512, 39.271237160239387 ], [ 74.917455927196343, 39.27057111605837 ] ] } },
{ "type": "Feature", "properties": { "ID": 504, "长度": 0.0095180834237815655, "FEATUREID": "OFBA003C1AJ430010020000248", "CHFCAC": "000248", "GZEAB": "", "KCDDEF": 0.82254064083099365, "GZEEB": "04", "GZECD": "", "GZECE": 0.0, "GZEHG": "Qsn", "GZAG": "101", "GZEEE": "101", "GZELD": "109", "GZEEC": "106", "GZEKG": "", "GZEHH": "", "PKIGJ": "1∶250000 库尔干幅(J43C001002)建造构造图", "linetype": 2, "aux_linetype": 0, "width": 0.30000001192092896, "x_coef": 3.0, "y_coef": 3.0, "_src_file": "LDZOFBA003.WL", "_src_id": 246 }, "geometry": { "type": "LineString", "coordinates": [ [ 73.608528369455001, 39.266106779895871 ], [ 73.606643949354179, 39.265994365380429 ], [ 73.60465115286091, 39.265975562911514 ], [ 73.603202621266476, 39.266053324835099 ], [ 73.599795957548793, 39.266143029010713 ], [ 73.599027439527489, 39.266270183832738 ] ] } },
{ "type": "Feature", "properties": { "ID": 505, "长度": 0.076590807821359047, "FEATUREID": "OFBA003C1AJ430010020000249", "CHFCAC": "000249", "GZEAB": "", "KCDDEF": 6.6883573532104492, "GZEEB": "01", "GZECD": "", "GZECE": 0.0, "GZEHG": "ChSt.", "GZAG": "101", "GZEEE": "101", "GZELD": "109", "GZEEC": "106", "GZEKG": "", "GZEHH": "", "PKIGJ": "1∶250000 库尔干幅(J43C001002)建造构造图", "linetype": 1, "aux_linetype": 0, "width": 0.30000001192092896, "x_coef": 5.0, "y_coef": 5.0, "_src_file": "LDZOFBA003.WL", "_src_id": 247 }, "geometry": { "type": "LineString", "coordinates": [ [ 73.608528369455001, 39.266106779895871 ], [ 73.609069239538059, 39.266139073059911 ], [ 73.611061411400215, 39.266188888755146 ], [ 73.61493452666933, 39.266435886962284 ], [ 73.617189051176183, 39.266461933898455 ], [ 73.620623021443933, 39.266739066847158 ], [ 73.627569339403692, 39.266835286513988 ], [ 73.636913137725287, 39.267197952488843 ], [ 73.640721015550184, 39.26717323106709 ], [ 73.648183932465273, 39.267427485626662 ], [ 73.650018803711546, 39.267231924543147 ], [ 73.651577706318449, 39.267064172315365 ], [ 73.652903468238605, 39.266863666964674 ], [ 73.654349251229633, 39.266511903794779 ], [ 73.656149552773314, 39.266011154671588 ], [ 73.660762880752543, 39.264653796079848 ], [ 73.662875313454634, 39.263942697846481 ], [ 73.66549488036425, 39.263264883134191 ], [ 73.669053631566101, 39.262257955119168 ], [ 73.671168945540629, 39.261635235384766 ], [ 73.675311335277001, 39.260663631384801 ], [ 73.680797347764056, 39.259003831037084 ], [ 73.682254534219496, 39.25843487187668 ], [ 73.683705978753721, 39.257776285237384 ] ] } },
{ "type": "Feature", "properties": { "ID": 516, "长度": 0.47999776419312001, "FEATUREID": "OFBA003C1AJ430010020000250", "CHFCAC": "000250", "GZEAB": "", "KCDDEF": 42.19500732421875, "GZEEB": "31", "GZECD": "", "GZECE": 0.0, "GZEHG": "ChSt.,Qp3pal,Qp3gl,Qhpl", "GZAG": "101", "GZEEE": "101", "GZELD": "109", "GZEEC": "106", "GZEKG": "", "GZEHH": "", "PKIGJ": "1∶250000 库尔干幅(J43C001002)建造构造图", "linetype": 18, "aux_linetype": 0, "width": 0.30000001192092896, "x_coef": 3.0, "y_coef": 5.0, "_src_file": "LDZOFBA003.WL", "_src_id": 248 }, "geometry": { "type": "LineString", "coordinates": [ [ 74.547180657508477, 39.166534667542358 ], [ 74.528239412713916, 39.171359066274043 ], [ 74.527167049655333, 39.171632372041792 ], [ 74.51907479879479, 39.174086206914978 ], [ 74.512211276188452, 39.176129212509686 ], [ 74.50572745411192, 39.177514013768537 ], [ 74.502357915196086, 39.178547327903075 ], [ 74.50150386446272, 39.178777320927018 ], [ 74.50056518875796, 39.179074961196946 ], [ 74.499647260345156, 39.179411206740085 ], [ 74.498751691622189, 39.179785098767951 ], [ 74.497885029375752, 39.180195572439949 ], [ 74.497209732877465, 39.180555729308153 ], [ 74.492977522632813, 39.182291298409226 ], [ 74.485987230256725, 39.185158478617048 ], [ 74.467752980468248, 39.194925855707737 ], [ 74.455292396953027, 39.200624537587665 ], [ 74.45024990400924, 39.20292955266509 ], [ 74.445290642701977, 39.204443674905484 ], [ 74.437640778093041, 39.20711952176373 ], [ 74.431441334530533, 39.209777336967491 ], [ 74.421803252846388, 39.213274447662634 ], [ 74.412706771946148, 39.215958202728984 ], [ 74.411979527987896, 39.215975410012589 ], [ 74.395830564439848, 39.216356887287546 ], [ 74.393305611651343, 39.216245093652084 ], [ 74.391845742549606, 39.216234051660557 ], [ 74.389779624966963, 39.215993412797772 ], [ 74.380179227827114, 39.214798534043993 ], [ 74.365999742453653, 39.215622103925767 ], [ 74.346631685406663, 39.217992021164335 ], [ 74.342451124298336, 39.217843450900837 ], [ 74.33981760757213, 39.217960232576289 ], [ 74.33746557856017, 39.218064560447971 ], [ 74.32760011552962, 39.219134376666965 ], [ 74.308569147257415, 39.222263098700594 ], [ 74.307027059214718, 39.222516143118838 ], [ 74.293137548701338, 39.224033995905017 ], [ 74.276719143786309, 39.226343164661806 ], [ 74.260664154925749, 39.229797589508188 ], [ 74.258029509562846, 39.230040299933691 ], [ 74.256124884561004, 39.230216038394765 ], [ 74.255035470298395, 39.230316345887019 ], [ 74.249348010805548, 39.231072712753345 ], [ 74.244009943646518, 39.231782088670329 ], [ 74.220327008898806, 39.234253848402076 ], [ 74.20966703896859, 39.235514414473727 ], [ 74.195721451804161, 39.237161422222968 ], [ 74.176185933896008, 39.239882398001846 ], [ 74.161389796169942, 39.242206164974135 ], [ 74.138064027533062, 39.247329962378025 ], [ 74.125411026122975, 39.250721800034995 ], [ 74.114099220555829, 39.25256265095976 ], [ 74.102971047817817, 39.253363949016951 ], [ 74.094051793251637, 39.25559904808307 ], [ 74.081023417437692, 39.260938243612095 ] ] } },
{ "type": "Feature", "properties": { "ID": 520, "长度": 0.015946293385749044, "FEATUREID": "OFBA003C1AJ430010020000251", "CHFCAC": "000251", "GZEAB": "F50", "KCDDEF": 96.426437377929688, "GZEEB": "41", "GZECD": "", "GZECE": 0.0, "GZEHG": "切割布伦阔勒岩群、志留系、泥盆系、二叠系地层，碎裂岩、构造角砾岩、糜棱岩和糜棱岩化岩石、片理化岩石、石英脉、蛇绿岩团块和地层中内生的变砂岩团块", "GZAG": "101", "GZEEE": "103", "GZELD": "109", "GZEEC": "106", "GZEKG": "", "GZEHH": "", "PKIGJ": "1∶250000 库尔干幅(J43C001002)建造构造图", "linetype": 1, "aux_linetype": 0, "width": 0.80000001192092896, "x_coef": 10.0, "y_coef": 10.0, "_src_file": "LDZOFBA003.WL", "_src_id": 249 }, "geometry": { "type": "LineString", "coordinates": [ [ 74.276531435231277, 39.258797629541988 ], [ 74.291785219584114, 39.256478341621488 ], [ 74.291809166292381, 39.25647606885105 ], [ 74.292300110985551, 39.256429566945549 ] ] } },
{ "type": "Feature", "properties": { "ID": 522, "长度": 0.022182912979463568, "FEATUREID": "OFBA003C1AJ430010020000252", "CHFCAC": "000252", "GZEAB": "F50", "KCDDEF": 96.426437377929688, "GZEEB": "04", "GZECD": "", "GZECE": 0.0, "GZEHG": "切割布伦阔勒岩群、志留系、泥盆系、二叠系地层，碎裂岩、构造角砾岩、糜棱岩和糜棱岩化岩石、片理化岩石、石英脉、蛇绿岩团块和地层中内生的变砂岩团块", "GZAG": "101", "GZEEE": "103", "GZELD": "109", "GZEEC": "106", "GZEKG": "", "GZEHH": "", "PKIGJ": "1∶250000 库尔干幅(J43C001002)建造构造图", "linetype": 2, "aux_linetype": 0, "width": 0.80000001192092896, "x_coef": 3.0, "y_coef": 3.0, "_src_file": "LDZOFBA003.WL", "_src_id": 250 }, "geometry": { "type": "LineString", "coordinates": [ [ 74.292300110985551, 39.256429566945549 ], [ 74.307579531200247, 39.254978230809492 ], [ 74.314333296075276, 39.253929401122505 ] ] } },
{ "type": "Feature", "properties": { "ID": 524, "长度": 0.0066439100404526155, "FEATUREID": "OFBA003C1AJ430010020000253", "CHFCAC": "000253", "GZEAB": "F50", "KCDDEF": 96.426437377929688, "GZEEB": "41", "GZECD": "", "GZECE": 0.0, "GZEHG": "切割布伦阔勒岩群、志留系、泥盆系、二叠系地层，碎裂岩、构造角砾岩、糜棱岩和糜棱岩化岩石、片理化岩石、石英脉、蛇绿岩团块和地层中内生的变砂岩团块", "GZAG": "101", "GZEEE": "103", "GZELD": "109", "GZEEC": "106", "GZEKG": "", "GZEHH": "", "PKIGJ": "1∶250000 库尔干幅(J43C001002)建造构造图", "linetype": 1, "aux_linetype": 0, "width": 0.80000001192092896, "x_coef": 10.0, "y_coef": 10.0, "_src_file": "LDZOFBA003.WL", "_src_id": 251 }, "geometry": { "type": "LineString", "coordinates": [ [ 74.314333296075276, 39.253929401122505 ], [ 74.315083306152786, 39.253812917013271 ], [ 74.320873166000908, 39.252759508988113 ] ] } },
{ "type": "Feature", "properties": { "ID": 525, "长度": 0.042691274358051437, "FEATUREID": "OFBA003C1AJ430010020000254", "CHFCAC": "000254", "GZEAB": "", "KCDDEF": 4.1014518737792969, "GZEEB": "01", "GZECD": "", "GZECE": 0.0, "GZEHG": "ChSt.", "GZAG": "101", "GZEEE": "101", "GZELD": "109", "GZEEC": "106", "GZEKG": "", "GZEHH": "", "PKIGJ": "1∶250000 库尔干幅(J43C001002)建造构造图", "linetype": 1, "aux_linetype": 0, "width": 0.30000001192092896, "x_coef": 5.0, "y_coef": 5.0, "_src_file": "LDZOFBA003.WL", "_src_id": 252 }, "geometry": { "type": "LineString", "coordinates": [ [ 73.745825325842915, 39.248994982166131 ], [ 73.748298500136187, 39.243937001040656 ], [ 73.74931581341589, 39.242502150463267 ], [ 73.750711225386766, 39.241219159776684 ], [ 73.755644557170697, 39.238034608414011 ], [ 73.764045482735739, 39.232548692552172 ], [ 73.770873224655418, 39.228199916502632 ], [ 73.774847708217919, 39.225797611204406 ], [ 73.778125841198403, 39.224192335798541 ], [ 73.77916707145738, 39.223802157263172 ] ] } },
{ "type": "Feature", "properties": { "ID": 526, "长度": 0.14445183485397409, "FEATUREID": "OFBA003C1AJ430010020000255", "CHFCAC": "000255", "GZEAB": "F50", "KCDDEF": 96.426437377929688, "GZEEB": "04", "GZECD": "", "GZECE": 0.0, "GZEHG": "切割布伦阔勒岩群、志留系、泥盆系、二叠系地层，碎裂岩、构造角砾岩、糜棱岩和糜棱岩化岩石、片理化岩石、石英脉、蛇绿岩团块和地层中内生的变砂岩团块", "GZAG": "101", "GZEEE": "103", "GZELD": "109", "GZEEC": "106", "GZEKG": "", "GZEHH": "", "PKIGJ": "1∶250000 库尔干幅(J43C001002)建造构造图", "linetype": 2, "aux_linetype": 0, "width": 0.80000001192092896, "x_coef": 3.0, "y_coef": 3.0, "_src_file": "LDZOFBA003.WL", "_src_id": 253 }, "geometry": { "type": "LineString", "coordinates": [ [ 74.320873166000908, 39.252759508988113 ], [ 74.323121554170768, 39.252438474277454 ], [ 74.325039328142438, 39.252112665584882 ], [ 74.327177647505451, 39.251748628319561 ], [ 74.328048970393894, 39.251614170334044 ], [ 74.33213772852605, 39.250981359393585 ], [ 74.344676167340083, 39.249224649751355 ], [ 74.35014122237807, 39.248784842102232 ], [ 74.361480424145057, 39.247604916411468 ], [ 74.364313015717499, 39.247392648133598 ], [ 74.364839337148453, 39.24735321292286 ], [ 74.368287718313084, 39.247155194876321 ], [ 74.371125549039817, 39.246992101808956 ], [ 74.3746353229687, 39.246787716467637 ], [ 74.378174996667767, 39.246741090948532 ], [ 74.38318984101943, 39.246830552354332 ], [ 74.389101540284244, 39.246850366332147 ], [ 74.390493125770121, 39.246785870565901 ], [ 74.392036412989171, 39.246644507414366 ], [ 74.394225155611039, 39.24631369372274 ], [ 74.396859957893298, 39.245869765357099 ], [ 74.404769813111002, 39.244837096217395 ], [ 74.412279309159302, 39.244021555462275 ], [ 74.415982688382542, 39.243305179432312 ], [ 74.418021380753444, 39.242799720520509 ], [ 74.421257649157099, 39.242157494782518 ], [ 74.425373654847732, 39.241300070580081 ], [ 74.428736396644311, 39.240390044264501 ], [ 74.432108532127813, 39.23976302905541 ], [ 74.445727752928406, 39.236716430773953 ], [ 74.449332045310314, 39.235844010610727 ], [ 74.457579078243484, 39.233845960289905 ], [ 74.463436292144181, 39.232304883309602 ] ] } },
{ "type": "Feature", "properties": { "ID": 537, "长度": 0.12213332513758819, "FEATUREID": "OFBA003C1AJ430010020000256", "CHFCAC": "000256", "GZEAB": "", "KCDDEF": 11.205543518066406, "GZEEB": "07", "GZECD": "", "GZECE": 0.0, "GZEHG": "ChSt.,P2q,Qsn,D2kz", "GZAG": "101", "GZEEE": "101", "GZELD": "109", "GZEEC": "106", "GZEKG": "", "GZEHH": "", "PKIGJ": "1∶250000 库尔干幅(J43C001002)建造构造图", "linetype": 38, "aux_linetype": 2, "width": 0.30000001192092896, "x_coef": 5.0, "y_coef": 5.0, "_src_file": "LDZOFBA003.WL", "_src_id": 254 }, "geometry": { "type": "LineString", "coordinates": [ [ 74.751273018939727, 39.225274447675922 ], [ 74.749403971031057, 39.226431436044642 ], [ 74.740498054625107, 39.233178938462522 ], [ 74.738313856713944, 39.235006785962 ], [ 74.734502983486607, 39.236548922403905 ], [ 74.729241838797392, 39.237241697737161 ], [ 74.728407972331283, 39.237211521294839 ], [ 74.725073659284718, 39.237090941854291 ], [ 74.719997599486746, 39.236796879559677 ], [ 74.715829174207144, 39.236222856906558 ], [ 74.71075969102165, 39.235082524902566 ], [ 74.709884429196947, 39.234813086304385 ], [ 74.701525011792839, 39.232239615180177 ], [ 74.697723196056316, 39.230820007246592 ], [ 74.696547599818771, 39.230138346865786 ], [ 74.693565281166002, 39.228412476050366 ], [ 74.691038403301903, 39.226150116481826 ], [ 74.688331298494759, 39.223464283340292 ], [ 74.688188634738239, 39.222861032297679 ], [ 74.687797524051106, 39.221207174616978 ], [ 74.687985017540811, 39.219797879157959 ], [ 74.689079211801712, 39.217827096147218 ], [ 74.690721292390037, 39.215575789686 ], [ 74.693630042505191, 39.213750741082627 ], [ 74.694174960451747, 39.213470214740937 ], [ 74.696865636229504, 39.212306888391836 ], [ 74.703253140387972, 39.209546274767362 ], [ 74.710069162171436, 39.206974501007942 ], [ 74.711317836190361, 39.206587390038067 ], [ 74.712570007977433, 39.20629101919986 ], [ 74.720537351739665, 39.204635785671961 ], [ 74.724856940111991, 39.203926803579186 ], [ 74.726293170414635, 39.203568732098596 ], [ 74.727729386224766, 39.203210640562602 ], [ 74.730720049553298, 39.202129304402519 ], [ 74.731476707956503, 39.201734749857643 ] ] } },
{ "type": "Feature", "properties": { "ID": 544, "长度": 0.010133862700020858, "FEATUREID": "OFBA003C1AJ430010020000257", "CHFCAC": "000257", "GZEAB": "F50", "KCDDEF": 96.426437377929688, "GZEEB": "41", "GZECD": "", "GZECE": 0.0, "GZEHG": "切割布伦阔勒岩群、志留系、泥盆系、二叠系地层，碎裂岩、构造角砾岩、糜棱岩和糜棱岩化岩石、片理化岩石、石英脉、蛇绿岩团块和地层中内生的变砂岩团块", "GZAG": "101", "GZEEE": "103", "GZELD": "109", "GZEEC": "106", "GZEKG": "", "GZEHH": "", "PKIGJ": "1∶250000 库尔干幅(J43C001002)建造构造图", "linetype": 1, "aux_linetype": 0, "width": 0.80000001192092896, "x_coef": 10.0, "y_coef": 10.0, "_src_file": "LDZOFBA003.WL", "_src_id": 255 }, "geometry": { "type": "LineString", "coordinates": [ [ 74.463436292144181, 39.232304883309602 ], [ 74.472950677247567, 39.229790633546926 ], [ 74.47323094679696, 39.229705623990824 ] ] } },
{ "type": "Feature", "properties": { "ID": 550, "长度": 0.015059155492389923, "FEATUREID": "OFBA003C1AJ430010020000258", "CHFCAC": "000258", "GZEAB": "F50", "KCDDEF": 96.426437377929688, "GZEEB": "41", "GZECD": "", "GZECE": 0.0, "GZEHG": "切割布伦阔勒岩群、志留系、泥盆系、二叠系地层，碎裂岩、构造角砾岩、糜棱岩和糜棱岩化岩石、片理化岩石、石英脉、蛇绿岩团块和地层中内生的变砂岩团块", "GZAG": "101", "GZEEE": "103", "GZELD": "109", "GZEEC": "106", "GZEKG": "", "GZEHH": "", "PKIGJ": "1∶250000 库尔干幅(J43C001002)建造构造图", "linetype": 1, "aux_linetype": 0, "width": 0.80000001192092896, "x_coef": 10.0, "y_coef": 10.0, "_src_file": "LDZOFBA003.WL", "_src_id": 256 }, "geometry": { "type": "LineString", "coordinates": [ [ 74.477500625447277, 39.228410461473651 ], [ 74.487573331089621, 39.225354199016031 ], [ 74.491885230761639, 39.223955796885576 ] ] } },
{ "type": "Feature", "properties": { "ID": 554, "长度": 0.022776410921254479, "FEATUREID": "OFBA003C1AJ430010020000259", "CHFCAC": "000259", "GZEAB": "", "KCDDEF": 2.2791914939880371, "GZEEB": "01", "GZECD": "", "GZECE": 0.0, "GZEHG": "ChSt.", "GZAG": "101", "GZEEE": "101", "GZELD": "109", "GZEEC": "106", "GZEKG": "", "GZEHH": "", "PKIGJ": "1∶250000 库尔干幅(J43C001002)建造构造图", "linetype": 1, "aux_linetype": 0, "width": 0.30000001192092896, "x_coef": 5.0, "y_coef": 5.0, "_src_file": "LDZOFBA003.WL", "_src_id": 257 }, "geometry": { "type": "LineString", "coordinates": [ [ 73.693949183715475, 39.215135297550219 ], [ 73.696493012072352, 39.212031052010374 ], [ 73.700884354765989, 39.20692568626901 ], [ 73.704794213608324, 39.203020640364691 ], [ 73.708091456835689, 39.200156431233523 ], [ 73.709621340579986, 39.19866675217412 ] ] } },
{ "type": "Feature", "properties": { "ID": 555, "长度": 0.0600100157878561, "FEATUREID": "OFBA003C1AJ430010020000260", "CHFCAC": "000260", "GZEAB": "", "KCDDEF": 5.5988574028015137, "GZEEB": "05", "GZECD": "", "GZECE": 70.0, "GZEHG": "ChSt.", "GZAG": "101", "GZEEE": "101", "GZELD": "101", "GZEEC": "106", "GZEKG": "", "GZEHH": "", "PKIGJ": "1∶250000 库尔干幅(J43C001002)建造构造图", "linetype": 1, "aux_linetype": 0, "width": 0.30000001192092896, "x_coef": 5.0, "y_coef": 5.0, "_src_file": "LDZOFBA003.WL", "_src_id": 258 }, "geometry": { "type": "LineString", "coordinates": [ [ 73.796399480718321, 39.215736794143261 ], [ 73.805087619788864, 39.210362861931742 ], [ 73.813767184793875, 39.205017677703125 ], [ 73.819517281490477, 39.201561266472673 ], [ 73.824495320991801, 39.199200097057044 ], [ 73.82946938108617, 39.197048846107769 ], [ 73.834912870559734, 39.194428338500792 ], [ 73.840491147280858, 39.191230381926353 ], [ 73.843761174467318, 39.1892192221976 ], [ 73.845613013795329, 39.187873634113309 ], [ 73.848117853481057, 39.185629007926551 ] ] } },
{ "type": "Feature", "properties": { "ID": 556, "长度": 0.046265919971245455, "FEATUREID": "OFBA003C1AJ430010020000261", "CHFCAC": "000261", "GZEAB": "", "KCDDEF": 4.1947445869445801, "GZEEB": "07", "GZECD": "", "GZECE": 0.0, "GZEHG": "ChSt.,P2q", "GZAG": "101", "GZEEE": "101", "GZELD": "109", "GZEEC": "106", "GZEKG": "", "GZEHH": "", "PKIGJ": "1∶250000 库尔干幅(J43C001002)建造构造图", "linetype": 38, "aux_linetype": 2, "width": 0.30000001192092896, "x_coef": 5.0, "y_coef": 5.0, "_src_file": "LDZOFBA003.WL", "_src_id": 259 }, "geometry": { "type": "LineString", "coordinates": [ [ 74.805179627003753, 39.201601004573192 ], [ 74.795685697360739, 39.206502740203724 ], [ 74.790784964765407, 39.209172658321265 ], [ 74.785884714894209, 39.211560406467733 ], [ 74.777899394864775, 39.214506024909142 ], [ 74.769737086601381, 39.217168775969853 ], [ 74.762713712448615, 39.219661048318791 ] ] } },
{ "type": "Feature", "properties": { "ID": 558, "长度": 0.0091712641022795704, "FEATUREID": "OFBA003C1AJ430010020000262", "CHFCAC": "000262", "GZEAB": "F50", "KCDDEF": 96.426437377929688, "GZEEB": "41", "GZECD": "", "GZECE": 0.0, "GZEHG": "切割布伦阔勒岩群、志留系、泥盆系、二叠系地层，碎裂岩、构造角砾岩、糜棱岩和糜棱岩化岩石、片理化岩石、石英脉、蛇绿岩团块和地层中内生的变砂岩团块", "GZAG": "101", "GZEEE": "103", "GZELD": "109", "GZEEC": "106", "GZEKG": "", "GZEHH": "", "PKIGJ": "1∶250000 库尔干幅(J43C001002)建造构造图", "linetype": 1, "aux_linetype": 0, "width": 0.80000001192092896, "x_coef": 10.0, "y_coef": 10.0, "_src_file": "LDZOFBA003.WL", "_src_id": 260 }, "geometry": { "type": "LineString", "coordinates": [ [ 74.508051336789549, 39.218650329055819 ], [ 74.509679894859346, 39.218095548914249 ], [ 74.516630515301344, 39.215411641652054 ] ] } },
{ "type": "Feature", "properties": { "ID": 561, "长度": 0.05611331589026846, "FEATUREID": "OFBA003C1AJ430010020000263", "CHFCAC": "000263", "GZEAB": "", "KCDDEF": 5.9145121574401855, "GZEEB": "01", "GZECD": "", "GZECE": 0.0, "GZEHG": "ChSt.", "GZAG": "101", "GZEEE": "101", "GZELD": "109", "GZEEC": "106", "GZEKG": "", "GZEHH": "", "PKIGJ": "1∶250000 库尔干幅(J43C001002)建造构造图", "linetype": 1, "aux_linetype": 0, "width": 0.30000001192092896, "x_coef": 5.0, "y_coef": 5.0, "_src_file": "LDZOFBA003.WL", "_src_id": 261 }, "geometry": { "type": "LineString", "coordinates": [ [ 74.007816024830348, 39.210064465459013 ], [ 74.009180295187605, 39.205865567246974 ], [ 74.011095450515413, 39.200726402201703 ], [ 74.013007822069184, 39.196112932050369 ], [ 74.015402969440771, 39.190558937410842 ], [ 74.018899899203433, 39.183477932620754 ], [ 74.022209650465484, 39.17663552874982 ], [ 74.024403083740523, 39.173064553044362 ], [ 74.025313391103921, 39.172263077448079 ], [ 74.02905369267377, 39.168336622005135 ], [ 74.032371179812699, 39.164263141505501 ], [ 74.034828575150982, 39.161641728382058 ] ] } },
{ "type": "Feature", "properties": { "ID": 562, "长度": 0.008234823990114359, "FEATUREID": "OFBA003C1AJ430010020000264", "CHFCAC": "000264", "GZEAB": "F50", "KCDDEF": 96.426437377929688, "GZEEB": "41", "GZECD": "", "GZECE": 0.0, "GZEHG": "切割布伦阔勒岩群、志留系、泥盆系、二叠系地层，碎裂岩、构造角砾岩、糜棱岩和糜棱岩化岩石、片理化岩石、石英脉、蛇绿岩团块和地层中内生的变砂岩团块", "GZAG": "101", "GZEEE": "103", "GZELD": "109", "GZEEC": "106", "GZEKG": "", "GZEHH": "", "PKIGJ": "1∶250000 库尔干幅(J43C001002)建造构造图", "linetype": 1, "aux_linetype": 0, "width": 0.80000001192092896, "x_coef": 10.0, "y_coef": 10.0, "_src_file": "LDZOFBA003.WL", "_src_id": 262 }, "geometry": { "type": "LineString", "coordinates": [ [ 74.527789035648226, 39.212140893516775 ], [ 74.535691345606082, 39.209824468797919 ] ] } },
{ "type": "Feature", "properties": { "ID": 564, "长度": 0.11964131300692112, "FEATUREID": "OFBA003C1AJ430010020000265", "CHFCAC": "000265", "GZEAB": "", "KCDDEF": 10.591279029846191, "GZEEB": "05", "GZECD": "", "GZECE": 85.0, "GZEHG": "Pt1K.,ChSt.", "GZAG": "101", "GZEEE": "101", "GZELD": "101", "GZEEC": "106", "GZEKG": "", "GZEHH": "", "PKIGJ": "1∶250000 库尔干幅(J43C001002)建造构造图", "linetype": 1, "aux_linetype": 0, "width": 0.30000001192092896, "x_coef": 5.0, "y_coef": 5.0, "_src_file": "LDZOFBA003.WL", "_src_id": 263 }, "geometry": { "type": "LineString", "coordinates": [ [ 74.028623285616945, 39.207215712249592 ], [ 74.037277002661327, 39.203549283625932 ], [ 74.043429431072084, 39.200867967544134 ], [ 74.048627608504248, 39.19849038074382 ], [ 74.053411510549708, 39.196496282359682 ], [ 74.059041518962886, 39.194427644220511 ], [ 74.068083355162315, 39.191446417345027 ], [ 74.072907570368017, 39.189879628836231 ], [ 74.074214884976087, 39.189537327966846 ], [ 74.07536941838751, 39.18927274923319 ], [ 74.076226811402293, 39.188964449503999 ], [ 74.076980676336433, 39.18881283445586 ], [ 74.077633174795068, 39.188660419980749 ], [ 74.078487107916615, 39.188548986475794 ], [ 74.079239675437407, 39.18843675130806 ], [ 74.080396686488825, 39.18832768504096 ], [ 74.087225204922703, 39.187829832060373 ], [ 74.088831098489322, 39.187684822184423 ], [ 74.090789085993748, 39.187424345197265 ], [ 74.093653132196266, 39.187052680624213 ], [ 74.098327370396234, 39.186191611193394 ], [ 74.100225697016867, 39.185845666696252 ], [ 74.101677333779918, 39.18545878333309 ], [ 74.103629019741433, 39.184682732434105 ], [ 74.107580783788606, 39.1834117104599 ], [ 74.109729522452696, 39.182639471475511 ], [ 74.111931567420143, 39.181907003627927 ], [ 74.117079471083684, 39.180368740905713 ], [ 74.118278806476056, 39.180022911643398 ], [ 74.119125712453737, 39.179832160336616 ], [ 74.1199766110566, 39.179641402764133 ], [ 74.120829814889461, 39.17952954970162 ], [ 74.121689472315879, 39.179457157029624 ], [ 74.122395307983197, 39.179423049950479 ], [ 74.123253513390566, 39.179390079928247 ], [ 74.124163621790146, 39.179318048614661 ], [ 74.126134537783628, 39.179056808432655 ], [ 74.132189757769567, 39.178397318987017 ], [ 74.136422349010701, 39.177923851941756 ], [ 74.140703626477375, 39.177647442664068 ], [ 74.143521090351157, 39.177607817672126 ] ] } },
{ "type": "Feature", "properties": { "ID": 565, "长度": 0.0054768812294660602, "FEATUREID": "OFBA003C1AJ430010020000266", "CHFCAC": "000266", "GZEAB": "F50", "KCDDEF": 96.426437377929688, "GZEEB": "41", "GZECD": "", "GZECE": 0.0, "GZEHG": "切割布伦阔勒岩群、志留系、泥盆系、二叠系地层，碎裂岩、构造角砾岩、糜棱岩和糜棱岩化岩石、片理化岩石、石英脉、蛇绿岩团块和地层中内生的变砂岩团块", "GZAG": "101", "GZEEE": "103", "GZELD": "109", "GZEEC": "106", "GZEKG": "", "GZEHH": "", "PKIGJ": "1∶250000 库尔干幅(J43C001002)建造构造图", "linetype": 1, "aux_linetype": 0, "width": 0.80000001192092896, "x_coef": 10.0, "y_coef": 10.0, "_src_file": "LDZOFBA003.WL", "_src_id": 264 }, "geometry": { "type": "LineString", "coordinates": [ [ 74.541783150013401, 39.208037770848783 ], [ 74.543761893241168, 39.207457715148635 ], [ 74.547038786912239, 39.206496826741095 ] ] } },
{ "type": "Feature", "properties": { "ID": 566, "长度": 0.014743177276717851, "FEATUREID": "OFBA003C1AJ430010020000267", "CHFCAC": "000267", "GZEAB": "F50", "KCDDEF": 96.426437377929688, "GZEEB": "04", "GZECD": "", "GZECE": 0.0, "GZEHG": "切割布伦阔勒岩群、志留系、泥盆系、二叠系地层，碎裂岩、构造角砾岩、糜棱岩和糜棱岩化岩石、片理化岩石、石英脉、蛇绿岩团块和地层中内生的变砂岩团块", "GZAG": "101", "GZEEE": "103", "GZELD": "109", "GZEEC": "106", "GZEKG": "", "GZEHH": "", "PKIGJ": "1∶250000 库尔干幅(J43C001002)建造构造图", "linetype": 2, "aux_linetype": 0, "width": 0.80000001192092896, "x_coef": 3.0, "y_coef": 3.0, "_src_file": "LDZOFBA003.WL", "_src_id": 265 }, "geometry": { "type": "LineString", "coordinates": [ [ 74.547073004809263, 39.206815638769982 ], [ 74.555529568729753, 39.204658789661337 ], [ 74.561215460595903, 39.202693690257767 ] ] } },
{ "type": "Feature", "properties": { "ID": 567, "长度": 0.0090732366237197565, "FEATUREID": "OFBA003C1AJ430010020000268", "CHFCAC": "000268", "GZEAB": "F50", "KCDDEF": 96.426437377929688, "GZEEB": "41", "GZECD": "", "GZECE": 0.0, "GZEHG": "切割布伦阔勒岩群、志留系、泥盆系、二叠系地层，碎裂岩、构造角砾岩、糜棱岩和糜棱岩化岩石、片理化岩石、石英脉、蛇绿岩团块和地层中内生的变砂岩团块", "GZAG": "101", "GZEEE": "103", "GZELD": "109", "GZEEC": "106", "GZEKG": "", "GZEHH": "", "PKIGJ": "1∶250000 库尔干幅(J43C001002)建造构造图", "linetype": 1, "aux_linetype": 0, "width": 0.80000001192092896, "x_coef": 10.0, "y_coef": 10.0, "_src_file": "LDZOFBA003.WL", "_src_id": 266 }, "geometry": { "type": "LineString", "coordinates": [ [ 74.560883930799221, 39.202433854916769 ], [ 74.563958332765594, 39.201532074805215 ], [ 74.569589839516297, 39.199878316936932 ] ] } },
{ "type": "Feature", "properties": { "ID": 568, "长度": 0.020345124002867816, "FEATUREID": "OFBA003C1AJ430010020000269", "CHFCAC": "000269", "GZEAB": "", "KCDDEF": 1.9794210195541382, "GZEEB": "04", "GZECD": "", "GZECE": 0.0, "GZEHG": "ChSt.,Qsn,D2kz", "GZAG": "101", "GZEEE": "102", "GZELD": "109", "GZEEC": "106", "GZEKG": "", "GZEHH": "", "PKIGJ": "1∶250000 库尔干幅(J43C001002)建造构造图", "linetype": 2, "aux_linetype": 0, "width": 0.30000001192092896, "x_coef": 3.0, "y_coef": 3.0, "_src_file": "LDZOFBA003.WL", "_src_id": 267 }, "geometry": { "type": "LineString", "coordinates": [ [ 74.731476707956503, 39.201734749857643 ], [ 74.734816424551497, 39.19999367856424 ], [ 74.736464092888212, 39.198878734710448 ], [ 74.737081459280773, 39.198360585706553 ], [ 74.738679145185756, 39.197165404659721 ], [ 74.73965705720785, 39.196368322276172 ], [ 74.741255455601063, 39.195013040959807 ], [ 74.745425698677991, 39.190900225968889 ], [ 74.746337739406385, 39.189722826055622 ], [ 74.746558015628167, 39.18939821472172 ], [ 74.746943527892327, 39.188823401318892 ] ] } },
{ "type": "Feature", "properties": { "ID": 570, "长度": 0.0074969772604120541, "FEATUREID": "OFBA003C1AJ430010020000270", "CHFCAC": "000270", "GZEAB": "F50", "KCDDEF": 96.426437377929688, "GZEEB": "41", "GZECD": "", "GZECE": 0.0, "GZEHG": "切割布伦阔勒岩群、志留系、泥盆系、二叠系地层，碎裂岩、构造角砾岩、糜棱岩和糜棱岩化岩石、片理化岩石、石英脉、蛇绿岩团块和地层中内生的变砂岩团块", "GZAG": "101", "GZEEE": "103", "GZELD": "109", "GZEEC": "106", "GZEKG": "", "GZEHH": "", "PKIGJ": "1∶250000 库尔干幅(J43C001002)建造构造图", "linetype": 1, "aux_linetype": 0, "width": 0.80000001192092896, "x_coef": 10.0, "y_coef": 10.0, "_src_file": "LDZOFBA003.WL", "_src_id": 268 }, "geometry": { "type": "LineString", "coordinates": [ [ 74.572367312892268, 39.199028638863169 ], [ 74.578531709547761, 39.196923303813868 ], [ 74.579469675397817, 39.196629262208077 ] ] } },
{ "type": "Feature", "properties": { "ID": 571, "长度": 0.02075014517371683, "FEATUREID": "OFBA003C1AJ430010020000271", "CHFCAC": "000271", "GZEAB": "F50", "KCDDEF": 96.426437377929688, "GZEEB": "04", "GZECD": "", "GZECE": 0.0, "GZEHG": "切割布伦阔勒岩群、志留系、泥盆系、二叠系地层，碎裂岩、构造角砾岩、糜棱岩和糜棱岩化岩石、片理化岩石、石英脉、蛇绿岩团块和地层中内生的变砂岩团块", "GZAG": "101", "GZEEE": "103", "GZELD": "109", "GZEEC": "106", "GZEKG": "", "GZEHH": "", "PKIGJ": "1∶250000 库尔干幅(J43C001002)建造构造图", "linetype": 2, "aux_linetype": 0, "width": 0.80000001192092896, "x_coef": 3.0, "y_coef": 3.0, "_src_file": "LDZOFBA003.WL", "_src_id": 269 }, "geometry": { "type": "LineString", "coordinates": [ [ 74.579617719593074, 39.197066910429427 ], [ 74.589519973219865, 39.194938977134832 ], [ 74.592064380110344, 39.194453709307901 ], [ 74.595725305407484, 39.192736752085025 ], [ 74.599052684385967, 39.190538393323415 ] ] } },
{ "type": "Feature", "properties": { "ID": 572, "长度": 0.23350586003099974, "FEATUREID": "OFBA003C1AJ430010020000272", "CHFCAC": "000272", "GZEAB": "", "KCDDEF": 21.874011993408203, "GZEEB": "07", "GZECD": "", "GZECE": 0.0, "GZEHG": "ChSt.,Qsn,C1w,γοC2,δοC2", "GZAG": "101", "GZEEE": "101", "GZELD": "109", "GZEEC": "106", "GZEKG": "", "GZEHH": "", "PKIGJ": "1∶250000 库尔干幅(J43C001002)建造构造图", "linetype": 38, "aux_linetype": 2, "width": 0.30000001192092896, "x_coef": 5.0, "y_coef": 5.0, "_src_file": "LDZOFBA003.WL", "_src_id": 270 }, "geometry": { "type": "LineString", "coordinates": [ [ 75.000000999994413, 39.108132343518498 ], [ 74.996458944274977, 39.107982532192558 ], [ 74.994169183217423, 39.107489567094241 ], [ 74.992123349443062, 39.106812175844262 ], [ 74.988403749527308, 39.104973551770399 ], [ 74.985056483511201, 39.10308602971277 ], [ 74.981289352313354, 39.100360319409802 ], [ 74.979993364858586, 39.099678896198789 ], [ 74.978824426642575, 39.099094953077923 ], [ 74.97356581093166, 39.096951096121927 ], [ 74.972387237608459, 39.096463344678625 ], [ 74.970590344134024, 39.095780433248542 ], [ 74.969469368897293, 39.095682644501608 ], [ 74.968912341651375, 39.095584997913186 ], [ 74.968476828636867, 39.095584876472742 ], [ 74.968104449649488, 39.095487278576194 ], [ 74.964747400003333, 39.094998815843311 ], [ 74.963689275054037, 39.095047230437224 ], [ 74.95649929143886, 39.096264700160965 ], [ 74.955187408167873, 39.096703090408944 ], [ 74.953000363000839, 39.097919806216417 ], [ 74.952315248094067, 39.098308330251804 ], [ 74.951880294921509, 39.098697335747957 ], [ 74.951379833234952, 39.099427343891733 ], [ 74.951127955462638, 39.100060372065805 ], [ 74.951064366896915, 39.100888693540512 ], [ 74.951184703196517, 39.101766113586102 ], [ 74.951427300840137, 39.102838701638177 ], [ 74.952102728760522, 39.104724993486215 ], [ 74.952595385221926, 39.105595905124339 ], [ 74.952963161087169, 39.106418243859302 ], [ 74.953331916185064, 39.10748223222992 ], [ 74.953573170173797, 39.108642643792422 ], [ 74.953693180020139, 39.109609476677463 ], [ 74.953692084027011, 39.110334435854305 ], [ 74.953625124005896, 39.11101095544474 ], [ 74.953437873231323, 39.111735552005591 ], [ 74.953247856529387, 39.112170165968728 ], [ 74.953061043007466, 39.112556448104762 ], [ 74.952000493639716, 39.114100977629299 ], [ 74.951687349417142, 39.114535346312323 ], [ 74.951188996285495, 39.115211005412824 ], [ 74.950752313680894, 39.115741790978916 ], [ 74.950190883796864, 39.116417324841336 ], [ 74.949256468257147, 39.117237114540629 ], [ 74.948204571424185, 39.118058416284391 ], [ 74.946596932719245, 39.119024506005246 ], [ 74.941960830003978, 39.122180325844397 ], [ 74.941675092101818, 39.122423057582928 ], [ 74.941157738976187, 39.122864934198581 ], [ 74.940169220124588, 39.123647260068388 ], [ 74.938871575557457, 39.124527157330739 ], [ 74.937944614019344, 39.125113677704242 ], [ 74.936953849803913, 39.125749083184019 ], [ 74.936149338478799, 39.126236713542227 ], [ 74.935407595078132, 39.126626531923954 ], [ 74.93466584638405, 39.127016345541698 ], [ 74.932373618730367, 39.127794336971583 ], [ 74.931447133671412, 39.128134843959138 ], [ 74.930518637498295, 39.128377518693696 ], [ 74.930021181414332, 39.128522275175328 ], [ 74.929217079895835, 39.128812595109935 ], [ 74.926740799316661, 39.129732194504392 ], [ 74.918621673479095, 39.133056506440994 ], [ 74.918319204856232, 39.13318077281756 ], [ 74.915429315384813, 39.134432211002107 ], [ 74.909531817569416, 39.136986136508163 ], [ 74.908108324357528, 39.137767480688417 ], [ 74.90518454903011, 39.139231698034493 ], [ 74.902969021680263, 39.140289120689502 ], [ 74.902437453123241, 39.140543522622956 ], [ 74.897497586857313, 39.142728636697356 ], [ 74.896945913622176, 39.142972152308154 ], [ 74.888225333439777, 39.146411813266596 ], [ 74.886733977647935, 39.146942837204989 ], [ 74.885058124390724, 39.147570611247112 ], [ 74.879705102105902, 39.149981556745431 ], [ 74.87941163773155, 39.150101266394159 ], [ 74.875681223718445, 39.152052303203746 ], [ 74.870979529444654, 39.154512708051776 ], [ 74.869170709634744, 39.155798195411926 ], [ 74.866257047634832, 39.157868710939788 ], [ 74.865712957512883, 39.158181065450918 ], [ 74.864525931689343, 39.158816145121918 ], [ 74.863215541723008, 39.159254589536268 ], [ 74.862342749712894, 39.159645200035449 ], [ 74.861155955206101, 39.160133202867563 ], [ 74.859973287985554, 39.160621024999891 ], [ 74.859350294218416, 39.160913954675728 ], [ 74.85860181229792, 39.161206525112497 ], [ 74.84894522819782, 39.165009686358339 ], [ 74.84757628065681, 39.165640873687835 ], [ 74.846221368384491, 39.166338097088897 ], [ 74.843337937463971, 39.167825005177775 ], [ 74.84252712535141, 39.168457978789519 ], [ 74.841651696399495, 39.169237627009096 ], [ 74.840279257410742, 39.170406780798174 ], [ 74.839470745562423, 39.170892747209088 ], [ 74.838907604623472, 39.171232949625377 ], [ 74.835784161585764, 39.172789461627254 ], [ 74.834846478139895, 39.173178473225853 ], [ 74.834034193963063, 39.173518840739483 ], [ 74.833219901968647, 39.173859202554176 ], [ 74.832597138715357, 39.174053182320428 ], [ 74.828285090051679, 39.175263796625153 ], [ 74.82634690309537, 39.175796015306844 ], [ 74.825096855879863, 39.176036733027416 ], [ 74.824284172567118, 39.176229901765922 ], [ 74.823031321902263, 39.176666392604645 ], [ 74.820965786804933, 39.17803024876082 ], [ 74.820089223680043, 39.178565826779725 ], [ 74.819339921967256, 39.179150253006789 ], [ 74.818777789302715, 39.179588402458009 ], [ 74.817969210440808, 39.180270197014956 ], [ 74.817281085986806, 39.181099214084881 ], [ 74.816781956102474, 39.18183110039152 ], [ 74.816345216179528, 39.182465382830344 ], [ 74.815847020270738, 39.183246181248762 ], [ 74.815409840771224, 39.184320727224843 ], [ 74.812481021845073, 39.193488422200822 ] ] } },
{ "type": "Feature", "properties": { "ID": 573, "长度": 0.009494346835547552, "FEATUREID": "OFBA003C1AJ430010020000273", "CHFCAC": "000273", "GZEAB": "F50", "KCDDEF": 96.426437377929688, "GZEEB": "41", "GZECD": "", "GZECE": 0.0, "GZEHG": "切割布伦阔勒岩群、志留系、泥盆系、二叠系地层，碎裂岩、构造角砾岩、糜棱岩和糜棱岩化岩石、片理化岩石、石英脉、蛇绿岩团块和地层中内生的变砂岩团块", "GZAG": "101", "GZEEE": "103", "GZELD": "109", "GZEEC": "106", "GZEKG": "", "GZEHH": "", "PKIGJ": "1∶250000 库尔干幅(J43C001002)建造构造图", "linetype": 1, "aux_linetype": 0, "width": 0.80000001192092896, "x_coef": 10.0, "y_coef": 10.0, "_src_file": "LDZOFBA003.WL", "_src_id": 271 }, "geometry": { "type": "LineString", "coordinates": [ [ 74.608103891349842, 39.187672295405569 ], [ 74.603345942719955, 39.189146809177196 ], [ 74.599052684385967, 39.190538393323415 ] ] } },
{ "type": "Feature", "properties": { "ID": 575, "长度": 0.14753712860453805, "FEATUREID": "OFBA003C1AJ430010020000274", "CHFCAC": "000274", "GZEAB": "", "KCDDEF": 13.967437744140625, "GZEEB": "07", "GZECD": "", "GZECE": 0.0, "GZEHG": "ChSt.,Qsn,D2kz", "GZAG": "101", "GZEEE": "101", "GZELD": "109", "GZEEC": "106", "GZEKG": "", "GZEHH": "", "PKIGJ": "1∶250000 库尔干幅(J43C001002)建造构造图", "linetype": 38, "aux_linetype": 2, "width": 0.30000001192092896, "x_coef": 5.0, "y_coef": 5.0, "_src_file": "LDZOFBA003.WL", "_src_id": 272 }, "geometry": { "type": "LineString", "coordinates": [ [ 74.746943527892327, 39.188823401318892 ], [ 74.753808928386121, 39.178613008041502 ], [ 74.753968969207136, 39.178225869886681 ], [ 74.754910071132187, 39.174716329892973 ], [ 74.755573708469811, 39.172237558303934 ], [ 74.757169686396082, 39.168716370314996 ], [ 74.761263889641427, 39.163085587577889 ], [ 74.764921002205526, 39.160253468337849 ], [ 74.766939886245552, 39.158691417820798 ], [ 74.776894874209773, 39.153311875575689 ], [ 74.782207461976668, 39.150874452350187 ], [ 74.783525264511752, 39.150238461569195 ], [ 74.785587586780437, 39.149501216460848 ], [ 74.786688505183619, 39.149132886179196 ], [ 74.787717517042282, 39.148657597289855 ], [ 74.788956735792055, 39.148103234684669 ], [ 74.789711766479115, 39.147733347302186 ], [ 74.791257001504164, 39.146833745113334 ], [ 74.791773109984732, 39.146516031254592 ], [ 74.792253125059986, 39.14619773960181 ], [ 74.79273104072827, 39.145799462689283 ], [ 74.793552953290146, 39.145055758812724 ], [ 74.796667242379783, 39.142106525251862 ], [ 74.797395065620705, 39.141334463556774 ], [ 74.800404252504748, 39.138565066134454 ], [ 74.803976847199465, 39.135256093546666 ], [ 74.804771550135399, 39.134637653311451 ], [ 74.805325998816556, 39.134180456380513 ], [ 74.810377471002695, 39.130404677825148 ], [ 74.811265241766037, 39.129871234692843 ], [ 74.812223368766908, 39.129338117791356 ], [ 74.813522317080569, 39.128725996059792 ], [ 74.814717688419549, 39.12808646968876 ], [ 74.817878571043167, 39.126918162576231 ], [ 74.818633404607652, 39.126706577422404 ], [ 74.819147752006046, 39.126601426403148 ], [ 74.819836881719723, 39.126470185350819 ], [ 74.820007665433451, 39.126444097347999 ], [ 74.820524708361035, 39.126386765608856 ], [ 74.827305122188037, 39.125633248926732 ], [ 74.827737810956094, 39.125652739254207 ], [ 74.832433634367973, 39.125863139107217 ], [ 74.833775392538129, 39.125866836004356 ], [ 74.834982491566947, 39.125843187869229 ], [ 74.836084302569745, 39.125819244718549 ], [ 74.837048334446621, 39.125821868610082 ], [ 74.838147108403007, 39.125770591820704 ], [ 74.84268744189248, 39.1252303228869 ], [ 74.843745379700437, 39.125149548783334 ], [ 74.846102278298218, 39.124488801720581 ], [ 74.847468025385211, 39.124092141048429 ], [ 74.851668488382046, 39.122446775522299 ], [ 74.852966202067833, 39.121915755627526 ], [ 74.855356898939277, 39.120826069739422 ], [ 74.859182912866956, 39.118706506243115 ], [ 74.86157304175974, 39.117245857603592 ], [ 74.861947971668712, 39.117032800750216 ], [ 74.863349540554452, 39.116554069922309 ], [ 74.865749456813035, 39.11601217232338 ] ] } },
{ "type": "Feature", "properties": { "ID": 576, "长度": 0.0056082670805542335, "FEATUREID": "OFBA003C1AJ430010020000275", "CHFCAC": "000275", "GZEAB": "F50", "KCDDEF": 96.426437377929688, "GZEEB": "41", "GZECD": "", "GZECE": 0.0, "GZEHG": "切割布伦阔勒岩群、志留系、泥盆系、二叠系地层，碎裂岩、构造角砾岩、糜棱岩和糜棱岩化岩石、片理化岩石、石英脉、蛇绿岩团块和地层中内生的变砂岩团块", "GZAG": "101", "GZEEE": "103", "GZELD": "109", "GZEEC": "106", "GZEKG": "", "GZEHH": "", "PKIGJ": "1∶250000 库尔干幅(J43C001002)建造构造图", "linetype": 1, "aux_linetype": 0, "width": 0.80000001192092896, "x_coef": 10.0, "y_coef": 10.0, "_src_file": "LDZOFBA003.WL", "_src_id": 273 }, "geometry": { "type": "LineString", "coordinates": [ [ 74.615497044706075, 39.1850368289318 ], [ 74.618569540409126, 39.183897326131827 ], [ 74.620739647621406, 39.183045584371961 ] ] } },
{ "type": "Feature", "properties": { "ID": 578, "长度": 0.012381348336528857, "FEATUREID": "OFBA003C1AJ430010020000276", "CHFCAC": "000276", "GZEAB": "F50", "KCDDEF": 96.426437377929688, "GZEEB": "41", "GZECD": "", "GZECE": 0.0, "GZEHG": "切割布伦阔勒岩群、志留系、泥盆系、二叠系地层，碎裂岩、构造角砾岩、糜棱岩和糜棱岩化岩石、片理化岩石、石英脉、蛇绿岩团块和地层中内生的变砂岩团块", "GZAG": "101", "GZEEE": "103", "GZELD": "109", "GZEEC": "106", "GZEKG": "", "GZEHH": "", "PKIGJ": "1∶250000 库尔干幅(J43C001002)建造构造图", "linetype": 1, "aux_linetype": 0, "width": 0.80000001192092896, "x_coef": 10.0, "y_coef": 10.0, "_src_file": "LDZOFBA003.WL", "_src_id": 274 }, "geometry": { "type": "LineString", "coordinates": [ [ 74.635516513955196, 39.176439017258133 ], [ 74.629405083039202, 39.179171484914448 ], [ 74.624213313628019, 39.181492278458791 ] ] } },
{ "type": "Feature", "properties": { "ID": 579, "长度": 0.042881068471519311, "FEATUREID": "OFBA003C1AJ430010020000277", "CHFCAC": "000277", "GZEAB": "", "KCDDEF": 3.8648889064788818, "GZEEB": "01", "GZECD": "", "GZECE": 0.0, "GZEHG": "ChSt.", "GZAG": "101", "GZEEE": "101", "GZELD": "109", "GZEEC": "106", "GZEKG": "", "GZEHH": "", "PKIGJ": "1∶250000 库尔干幅(J43C001002)建造构造图", "linetype": 1, "aux_linetype": 0, "width": 0.30000001192092896, "x_coef": 5.0, "y_coef": 5.0, "_src_file": "LDZOFBA003.WL", "_src_id": 275 }, "geometry": { "type": "LineString", "coordinates": [ [ 73.865277641531677, 39.176131561892532 ], [ 73.867752296674993, 39.175496504501481 ], [ 73.875373544324404, 39.17283927372187 ], [ 73.881747404447708, 39.170121523303948 ], [ 73.888422770622114, 39.168151558005327 ], [ 73.89452705351458, 39.165715146285109 ], [ 73.899849980456509, 39.16313904271594 ], [ 73.905152480040528, 39.16059807658435 ] ] } },
{ "type": "Feature", "properties": { "ID": 580, "长度": 0.032009099017238085, "FEATUREID": "OFBA003C1AJ430010020000278", "CHFCAC": "000278", "GZEAB": "", "KCDDEF": 3.2990171909332275, "GZEEB": "01", "GZECD": "", "GZECE": 0.0, "GZEHG": "ChSt.,δοP", "GZAG": "101", "GZEEE": "101", "GZELD": "109", "GZEEC": "106", "GZEKG": "", "GZEHH": "", "PKIGJ": "1∶250000 库尔干幅(J43C001002)建造构造图", "linetype": 1, "aux_linetype": 0, "width": 0.30000001192092896, "x_coef": 5.0, "y_coef": 5.0, "_src_file": "LDZOFBA003.WL", "_src_id": 276 }, "geometry": { "type": "LineString", "coordinates": [ [ 73.726915140628449, 39.170108464303944 ], [ 73.73025375770716, 39.164813177319843 ], [ 73.736611702320758, 39.155324190228129 ], [ 73.737165200665302, 39.154488589214033 ], [ 73.740637918548359, 39.149234395065072 ], [ 73.743860635164438, 39.146010996166822 ], [ 73.745717426295968, 39.14438426358835 ] ] } },
{ "type": "Feature", "properties": { "ID": 582, "长度": 0.0097333876605599778, "FEATUREID": "OFBA003C1AJ430010020000279", "CHFCAC": "000279", "GZEAB": "F50", "KCDDEF": 96.426437377929688, "GZEEB": "04", "GZECD": "", "GZECE": 0.0, "GZEHG": "切割布伦阔勒岩群、志留系、泥盆系、二叠系地层，碎裂岩、构造角砾岩、糜棱岩和糜棱岩化岩石、片理化岩石、石英脉、蛇绿岩团块和地层中内生的变砂岩团块", "GZAG": "101", "GZEEE": "103", "GZELD": "109", "GZEEC": "106", "GZEKG": "", "GZEHH": "", "PKIGJ": "1∶250000 库尔干幅(J43C001002)建造构造图", "linetype": 2, "aux_linetype": 0, "width": 0.30000001192092896, "x_coef": 3.0, "y_coef": 3.0, "_src_file": "LDZOFBA003.WL", "_src_id": 277 }, "geometry": { "type": "LineString", "coordinates": [ [ 74.650673783101638, 39.167950698866832 ], [ 74.645951933975951, 39.17104456519445 ], [ 74.642531686433742, 39.173284093192422 ] ] } },
{ "type": "Feature", "properties": { "ID": 584, "长度": 0.060831962288439206, "FEATUREID": "OFBA003C1AJ430010020000280", "CHFCAC": "000280", "GZEAB": "", "KCDDEF": 5.3658967018127441, "GZEEB": "04", "GZECD": "", "GZECE": 0.0, "GZEHG": "ChSt.,D2kz", "GZAG": "101", "GZEEE": "101", "GZELD": "109", "GZEEC": "106", "GZEKG": "", "GZEHH": "", "PKIGJ": "1∶250000 库尔干幅(J43C001002)建造构造图", "linetype": 2, "aux_linetype": 0, "width": 0.30000001192092896, "x_coef": 3.0, "y_coef": 3.0, "_src_file": "LDZOFBA003.WL", "_src_id": 278 }, "geometry": { "type": "LineString", "coordinates": [ [ 74.713829214831961, 39.166869635232771 ], [ 74.706376722167846, 39.165059533976887 ], [ 74.705552154783874, 39.164815140914286 ], [ 74.704418780285479, 39.16440842194622 ], [ 74.701679998016218, 39.163530042137168 ], [ 74.699471232012556, 39.162820748857825 ], [ 74.694749075226042, 39.161795001865443 ], [ 74.676887879461887, 39.157509053726137 ], [ 74.660257813721643, 39.153036331489332 ], [ 74.654971769865185, 39.151587376280027 ] ] } },
{ "type": "Feature", "properties": { "ID": 586, "长度": 0.0068329930326483188, "FEATUREID": "OFBA003C1AJ430010020000281", "CHFCAC": "000281", "GZEAB": "F50", "KCDDEF": 96.426437377929688, "GZEEB": "41", "GZECD": "", "GZECE": 0.0, "GZEHG": "切割布伦阔勒岩群、志留系、泥盆系、二叠系地层，碎裂岩、构造角砾岩、糜棱岩和糜棱岩化岩石、片理化岩石、石英脉、蛇绿岩团块和地层中内生的变砂岩团块", "GZAG": "101", "GZEEE": "103", "GZELD": "109", "GZEEC": "106", "GZEKG": "", "GZEHH": "", "PKIGJ": "1∶250000 库尔干幅(J43C001002)建造构造图", "linetype": 1, "aux_linetype": 0, "width": 0.80000001192092896, "x_coef": 10.0, "y_coef": 10.0, "_src_file": "LDZOFBA003.WL", "_src_id": 279 }, "geometry": { "type": "LineString", "coordinates": [ [ 74.655318006340678, 39.164932688508735 ], [ 74.657927098160144, 39.163118677828102 ], [ 74.659029590229721, 39.162176766308065 ], [ 74.660678075427668, 39.160712054756587 ] ] } },
{ "type": "Feature", "properties": { "ID": 591, "长度": 0.025300194957316818, "FEATUREID": "OFBA003C1AJ430010020000282", "CHFCAC": "000282", "GZEAB": "", "KCDDEF": 2.2228372097015381, "GZEEB": "01", "GZECD": "", "GZECE": 0.0, "GZEHG": "ChSt.,D2kz", "GZAG": "101", "GZEEE": "101", "GZELD": "109", "GZEEC": "106", "GZEKG": "", "GZEHH": "", "PKIGJ": "1∶250000 库尔干幅(J43C001002)建造构造图", "linetype": 1, "aux_linetype": 0, "width": 0.30000001192092896, "x_coef": 5.0, "y_coef": 5.0, "_src_file": "LDZOFBA003.WL", "_src_id": 280 }, "geometry": { "type": "LineString", "coordinates": [ [ 74.630320617240798, 39.145944923182149 ], [ 74.647130229224828, 39.149426616942861 ], [ 74.654971769865185, 39.151587376280027 ] ] } },
{ "type": "Feature", "properties": { "ID": 593, "长度": 0.070181834234909785, "FEATUREID": "OFBA003C1AJ430010020000283", "CHFCAC": "000283", "GZEAB": "", "KCDDEF": 6.6115045547485352, "GZEEB": "01", "GZECD": "", "GZECE": 0.0, "GZEHG": "D2kz,D3q,Qsn", "GZAG": "101", "GZEEE": "101", "GZELD": "109", "GZEEC": "106", "GZEKG": "", "GZEHH": "", "PKIGJ": "1∶250000 库尔干幅(J43C001002)建造构造图", "linetype": 1, "aux_linetype": 0, "width": 0.30000001192092896, "x_coef": 5.0, "y_coef": 5.0, "_src_file": "LDZOFBA003.WL", "_src_id": 281 }, "geometry": { "type": "LineString", "coordinates": [ [ 74.610577549511618, 39.141795461282939 ], [ 74.616842817430879, 39.137444603434439 ], [ 74.618765047644501, 39.136246224755283 ], [ 74.619683532389274, 39.13572837650824 ], [ 74.620561986521579, 39.135275570292457 ], [ 74.62185778423094, 39.134694102286971 ], [ 74.623401029564675, 39.134211540806739 ], [ 74.625195767152093, 39.133632187892125 ], [ 74.626991338703149, 39.132889736311455 ], [ 74.632858952201929, 39.130171758875569 ], [ 74.634431874641066, 39.129524409371967 ], [ 74.637001486044312, 39.128456143545556 ], [ 74.638288514426293, 39.127873067602039 ], [ 74.646057069317081, 39.123502057011166 ], [ 74.652109853262004, 39.120178300552183 ], [ 74.652800609133593, 39.119798884021598 ], [ 74.653839242720125, 39.118990725589661 ], [ 74.654877002379607, 39.118150112002802 ], [ 74.661115846418397, 39.112197635312569 ], [ 74.664322749866372, 39.109486530631031 ], [ 74.665160446634331, 39.10874519217522 ], [ 74.665704950209673, 39.108261701948038 ], [ 74.669488558888716, 39.104858592604891 ] ] } },
{ "type": "Feature", "properties": { "ID": 595, "长度": 0.11055808219979235, "FEATUREID": "OFBA003C1AJ430010020000284", "CHFCAC": "000284", "GZEAB": "", "KCDDEF": 10.221748352050781, "GZEEB": "04", "GZECD": "", "GZECE": 0.0, "GZEHG": "Qsn,D2kz,D3q", "GZAG": "101", "GZEEE": "101", "GZELD": "109", "GZEEC": "106", "GZEKG": "", "GZEHH": "", "PKIGJ": "1∶250000 库尔干幅(J43C001002)建造构造图", "linetype": 2, "aux_linetype": 0, "width": 0.30000001192092896, "x_coef": 3.0, "y_coef": 3.0, "_src_file": "LDZOFBA003.WL", "_src_id": 282 }, "geometry": { "type": "LineString", "coordinates": [ [ 74.657859934427691, 39.136324387296717 ], [ 74.675481895291327, 39.129444593729815 ], [ 74.702056943345085, 39.119131131976296 ], [ 74.709047093107287, 39.113952932510429 ], [ 74.714461722445023, 39.110769461349967 ], [ 74.722156435076187, 39.106819153855589 ], [ 74.726699566227538, 39.1034190849455 ], [ 74.727795101486223, 39.102284238472059 ], [ 74.735337294453743, 39.096325333849713 ], [ 74.737796772258719, 39.094840307622 ], [ 74.742174631751439, 39.091804632558834 ], [ 74.748213577696504, 39.08856275519291 ], [ 74.74921572436736, 39.088124973794905 ], [ 74.750909285969399, 39.087384683293322 ], [ 74.755165328236515, 39.085525634551495 ] ] } },
{ "type": "Feature", "properties": { "ID": 597, "长度": 0.040520407462571566, "FEATUREID": "OFBA003C1AJ430010020000285", "CHFCAC": "000285", "GZEAB": "", "KCDDEF": 4.4945693016052246, "GZEEB": "31", "GZECD": "", "GZECE": 0.0, "GZEHG": "Qp3pal,D2kz", "GZAG": "101", "GZEEE": "101", "GZELD": "109", "GZEEC": "106", "GZEKG": "", "GZEHH": "", "PKIGJ": "1∶250000 库尔干幅(J43C001002)建造构造图", "linetype": 18, "aux_linetype": 0, "width": 0.30000001192092896, "x_coef": 3.0, "y_coef": 5.0, "_src_file": "LDZOFBA003.WL", "_src_id": 283 }, "geometry": { "type": "LineString", "coordinates": [ [ 74.591914539666249, 39.093038982265988 ], [ 74.591289152783261, 39.098764906576164 ], [ 74.591238687641976, 39.101583320903288 ], [ 74.591479769456342, 39.104374173353982 ], [ 74.592201331051854, 39.113658474229958 ], [ 74.59243548124455, 39.116225531746586 ], [ 74.592815812955195, 39.125326978813931 ], [ 74.592973995113937, 39.133466359500858 ] ] } },
{ "type": "Feature", "properties": { "ID": 598, "长度": 0.063054525502236031, "FEATUREID": "OFBA003C1AJ430010020000286", "CHFCAC": "000286", "GZEAB": "", "KCDDEF": 5.7102408409118652, "GZEEB": "07", "GZECD": "", "GZECE": 0.0, "GZEHG": "ChSt.,C1w", "GZAG": "101", "GZEEE": "101", "GZELD": "109", "GZEEC": "106", "GZEKG": "", "GZEHH": "", "PKIGJ": "1∶250000 库尔干幅(J43C001002)建造构造图", "linetype": 38, "aux_linetype": 2, "width": 0.30000001192092896, "x_coef": 5.0, "y_coef": 5.0, "_src_file": "LDZOFBA003.WL", "_src_id": 284 }, "geometry": { "type": "LineString", "coordinates": [ [ 74.999999999994415, 39.113465808772915 ], [ 74.995737881472508, 39.113656857035487 ], [ 74.994211167014015, 39.113995582807512 ], [ 74.992191769572798, 39.114418669769762 ], [ 74.991101080055557, 39.114715672073068 ], [ 74.98941308710782, 39.114968209198068 ], [ 74.987775698727958, 39.115178021129239 ], [ 74.985759853258912, 39.115386775576034 ], [ 74.981397016704165, 39.115938004791424 ], [ 74.976042454813168, 39.117389801893417 ], [ 74.975053948149238, 39.117899168743811 ], [ 74.974063427253753, 39.118408524911047 ], [ 74.973129276832807, 39.119387160094611 ], [ 74.972526760092165, 39.12006805827744 ], [ 74.972141887048082, 39.12066420118159 ], [ 74.971811465351493, 39.12143553925214 ], [ 74.971650614471031, 39.122337882124526 ], [ 74.971649914216428, 39.122982709156105 ], [ 74.971762913498267, 39.123584824856216 ], [ 74.972203357959188, 39.124230754863461 ], [ 74.973027502390309, 39.125092590155447 ], [ 74.973468618886159, 39.125566561588563 ], [ 74.974457034847859, 39.126213856294747 ], [ 74.975777108488927, 39.126990924817832 ], [ 74.977255375448294, 39.127725686361167 ], [ 74.978727615046964, 39.128289118108228 ], [ 74.980092729359015, 39.128766219507455 ], [ 74.981617224494642, 39.129200820400271 ], [ 74.982273232063292, 39.129288811367147 ], [ 74.98358115509518, 39.129421794478553 ], [ 74.984889180837982, 39.129597752974014 ], [ 74.985923688953022, 39.129729876995242 ], [ 74.990667358982932, 39.130603561622124 ], [ 74.992139627402153, 39.130951558288182 ], [ 74.993230134907904, 39.131169499821269 ], [ 74.994375152316664, 39.131387577906267 ], [ 74.996225462514545, 39.132036376231589 ], [ 75.000000999994413, 39.133304497869865 ] ] } },
{ "type": "Feature", "properties": { "ID": 605, "长度": 0.048818628536886316, "FEATUREID": "OFBA003C1AJ430010020000287", "CHFCAC": "000287", "GZEAB": "", "KCDDEF": 4.2251200675964355, "GZEEB": "01", "GZECD": "", "GZECE": 0.0, "GZEHG": "ChSt.", "GZAG": "101", "GZEEE": "101", "GZELD": "109", "GZEEC": "106", "GZEKG": "", "GZEHH": "", "PKIGJ": "1∶250000 库尔干幅(J43C001002)建造构造图", "linetype": 1, "aux_linetype": 0, "width": 0.30000001192092896, "x_coef": 5.0, "y_coef": 5.0, "_src_file": "LDZOFBA003.WL", "_src_id": 285 }, "geometry": { "type": "LineString", "coordinates": [ [ 74.070034281443327, 39.110311353549882 ], [ 74.079405820076587, 39.111074662294726 ], [ 74.084744033964355, 39.111224931619887 ], [ 74.095495345727116, 39.111172829421101 ], [ 74.103230971566276, 39.111279036745607 ], [ 74.118813491336866, 39.111689855864583 ] ] } },
{ "type": "Feature", "properties": { "ID": 606, "长度": 0.039844698690670102, "FEATUREID": "OFBA003C1AJ430010020000288", "CHFCAC": "000288", "GZEAB": "", "KCDDEF": 3.7539918422698975, "GZEEB": "07", "GZECD": "", "GZECE": 0.0, "GZEHG": "ChSt.,D2kz", "GZAG": "101", "GZEEE": "101", "GZELD": "109", "GZEEC": "106", "GZEKG": "", "GZEHH": "", "PKIGJ": "1∶250000 库尔干幅(J43C001002)建造构造图", "linetype": 38, "aux_linetype": 2, "width": 0.30000001192092896, "x_coef": 5.0, "y_coef": 5.0, "_src_file": "LDZOFBA003.WL", "_src_id": 286 }, "geometry": { "type": "LineString", "coordinates": [ [ 74.87911911619878, 39.114231865374016 ], [ 74.881565913518727, 39.114161809548605 ], [ 74.882589129171365, 39.114085944737674 ], [ 74.883342212809566, 39.114035624444767 ], [ 74.883751888537759, 39.114010592229022 ], [ 74.884263019031863, 39.11395935642436 ], [ 74.884912691274707, 39.11385375161764 ], [ 74.885321395660242, 39.113774381172334 ], [ 74.885936930529823, 39.113668619979727 ], [ 74.886722245199934, 39.113483245170421 ], [ 74.887165161522702, 39.113350717179891 ], [ 74.887745727530373, 39.113138542705826 ], [ 74.888293156116703, 39.11292633262574 ], [ 74.889077703646635, 39.112581386972607 ], [ 74.889931670436255, 39.112130132002285 ], [ 74.890581723136478, 39.111758455061732 ], [ 74.891230888765293, 39.111306995859614 ], [ 74.891983120597274, 39.110403559544544 ], [ 74.892530236572966, 39.109712664403908 ], [ 74.893043092543707, 39.108890903256857 ], [ 74.893523193601965, 39.108097029668698 ], [ 74.89424490988111, 39.106667589968225 ], [ 74.894757585295068, 39.10568822305958 ], [ 74.895375473429269, 39.10439101556365 ], [ 74.895651034385409, 39.103835099968379 ], [ 74.896029172075558, 39.103226482623441 ], [ 74.896815901675907, 39.10224444745122 ], [ 74.897229398045297, 39.101818883049035 ], [ 74.897605846019729, 39.101366528421167 ], [ 74.8981875049313, 39.100834786964555 ], [ 74.898669074491281, 39.100462794488124 ], [ 74.899388001818906, 39.100011522920241 ], [ 74.900345490876063, 39.099427605660686 ], [ 74.902841704633659, 39.098151666980868 ], [ 74.903661216901966, 39.097750959613371 ], [ 74.904651504986035, 39.09724334853464 ], [ 74.905913450250921, 39.096816230431131 ], [ 74.907073760244941, 39.096522815692595 ], [ 74.907857712084194, 39.09631003493638 ], [ 74.909453414453992, 39.096073096679319 ], [ 74.911568697239147, 39.09580693501637 ] ] } },
{ "type": "Feature", "properties": { "ID": 607, "长度": 0.0077782437764034786, "FEATUREID": "OFBA003C1AJ430010020000289", "CHFCAC": "000289", "GZEAB": "", "KCDDEF": 0.72078335285186768, "GZEEB": "01", "GZECD": "", "GZECE": 0.0, "GZEHG": "ChSt.", "GZAG": "101", "GZEEE": "101", "GZELD": "109", "GZEEC": "106", "GZEKG": "", "GZEHH": "", "PKIGJ": "1∶250000 库尔干幅(J43C001002)建造构造图", "linetype": 1, "aux_linetype": 0, "width": 0.30000001192092896, "x_coef": 5.0, "y_coef": 5.0, "_src_file": "LDZOFBA003.WL", "_src_id": 287 }, "geometry": { "type": "LineString", "coordinates": [ [ 74.166329203790099, 39.106009886871291 ], [ 74.173165494271018, 39.102299602690039 ] ] } },
{ "type": "Feature", "properties": { "ID": 608, "长度": 0.04144498690304918, "FEATUREID": "OFBA003C1AJ430010020000290", "CHFCAC": "000290", "GZEAB": "", "KCDDEF": 4.2636489868164062, "GZEEB": "04", "GZECD": "", "GZECE": 0.0, "GZEHG": "D2kz,D3q,Qsn", "GZAG": "101", "GZEEE": "101", "GZELD": "109", "GZEEC": "106", "GZEKG": "", "GZEHH": "", "PKIGJ": "1∶250000 库尔干幅(J43C001002)建造构造图", "linetype": 2, "aux_linetype": 0, "width": 0.30000001192092896, "x_coef": 3.0, "y_coef": 3.0, "_src_file": "LDZOFBA003.WL", "_src_id": 288 }, "geometry": { "type": "LineString", "coordinates": [ [ 74.673019283996553, 39.101324640555241 ], [ 74.677923148074001, 39.096190830791308 ], [ 74.678669685840248, 39.095231904846244 ], [ 74.682536458758648, 39.090265831882803 ], [ 74.689914842247433, 39.079165829604342 ], [ 74.696278538133043, 39.070074192773447 ], [ 74.697793833778434, 39.068199979413407 ] ] } },
{ "type": "Feature", "properties": { "ID": 609, "长度": 0.011818829898233935, "FEATUREID": "OFBA003C1AJ430010020000291", "CHFCAC": "000291", "GZEAB": "", "KCDDEF": 1.0417648553848267, "GZEEB": "01", "GZECD": "", "GZECE": 0.0, "GZEHG": "ChSt.", "GZAG": "101", "GZEEE": "101", "GZELD": "109", "GZEEC": "106", "GZEKG": "", "GZEHH": "", "PKIGJ": "1∶250000 库尔干幅(J43C001002)建造构造图", "linetype": 1, "aux_linetype": 0, "width": 0.30000001192092896, "x_coef": 5.0, "y_coef": 5.0, "_src_file": "LDZOFBA003.WL", "_src_id": 289 }, "geometry": { "type": "LineString", "coordinates": [ [ 74.198821782076323, 39.097919973155847 ], [ 74.210288016611898, 39.095054627498065 ] ] } },
{ "type": "Feature", "properties": { "ID": 611, "长度": 0.011588631987242267, "FEATUREID": "OFBA003C1AJ430010020000292", "CHFCAC": "000292", "GZEAB": "", "KCDDEF": 1.0379434823989868, "GZEEB": "01", "GZECD": "", "GZECE": 0.0, "GZEHG": "ChSt.", "GZAG": "101", "GZEEE": "101", "GZELD": "109", "GZEEC": "106", "GZEKG": "", "GZEHH": "", "PKIGJ": "1∶250000 库尔干幅(J43C001002)建造构造图", "linetype": 1, "aux_linetype": 0, "width": 0.30000001192092896, "x_coef": 5.0, "y_coef": 5.0, "_src_file": "LDZOFBA003.WL", "_src_id": 290 }, "geometry": { "type": "LineString", "coordinates": [ [ 74.201801220645052, 39.091989527796677 ], [ 74.212731223200265, 39.088138367519726 ] ] } },
{ "type": "Feature", "properties": { "ID": 612, "长度": 0.043118408842610395, "FEATUREID": "OFBA003C1AJ430010020000293", "CHFCAC": "000293", "GZEAB": "", "KCDDEF": 3.9482753276824951, "GZEEB": "07", "GZECD": "", "GZECE": 26.0, "GZEHG": "ChSt.,D2kz", "GZAG": "101", "GZEEE": "101", "GZELD": "109", "GZEEC": "106", "GZEKG": "", "GZEHH": "", "PKIGJ": "1∶250000 库尔干幅(J43C001002)建造构造图", "linetype": 38, "aux_linetype": 2, "width": 0.30000001192092896, "x_coef": 5.0, "y_coef": 5.0, "_src_file": "LDZOFBA003.WL", "_src_id": 291 }, "geometry": { "type": "LineString", "coordinates": [ [ 74.915677830948425, 39.092517549731255 ], [ 74.916321284959082, 39.090978723256086 ], [ 74.916663406644489, 39.090096765394918 ], [ 74.917005213528668, 39.08956258784076 ], [ 74.917449256337051, 39.088948414373633 ], [ 74.917961650318574, 39.088494930060094 ], [ 74.918576073040455, 39.088014949511823 ], [ 74.918881781281954, 39.087774959135281 ], [ 74.920381314581007, 39.086574906471199 ], [ 74.920927056765279, 39.086282009989773 ], [ 74.923273787711025, 39.085405105450654 ], [ 74.923955029480354, 39.085219546959991 ], [ 74.924634974253649, 39.085114243051493 ], [ 74.925314721899156, 39.085062441633497 ], [ 74.926231309153181, 39.085011228326891 ], [ 74.930376814857908, 39.08523551562579 ], [ 74.931705316489783, 39.085291755748898 ], [ 74.932625453222229, 39.085347078940643 ], [ 74.933475605458199, 39.085348754944313 ], [ 74.934293765929581, 39.085323606116383 ], [ 74.934773063414355, 39.085297786225212 ], [ 74.935419980622555, 39.085218791113633 ], [ 74.935864471804948, 39.085112644236254 ], [ 74.936203893993721, 39.084952789165278 ], [ 74.936650023999405, 39.084578271252383 ], [ 74.936921510840207, 39.08422983062804 ], [ 74.93716184833994, 39.083908165901022 ], [ 74.937675397141959, 39.082915931319206 ], [ 74.937950238965698, 39.082406423590072 ], [ 74.938292062647619, 39.081977579271971 ], [ 74.938665662328162, 39.081683017025021 ], [ 74.939213739861557, 39.081361938985211 ], [ 74.93972354733188, 39.081121324656344 ], [ 74.940407710354336, 39.08090787621537 ], [ 74.941294434435861, 39.080667970665026 ], [ 74.941839134653563, 39.080507942665648 ], [ 74.942590158832601, 39.080428832418264 ], [ 74.943373084982227, 39.080430312399209 ], [ 74.944087902674283, 39.08040481312716 ], [ 74.947259178096985, 39.080652319717707 ], [ 74.953441511374024, 39.080148426575001 ] ] } },
{ "type": "Feature", "properties": { "ID": 613, "长度": 0.11071333936359237, "FEATUREID": "OFBA003C1AJ430010020000294", "CHFCAC": "000294", "GZEAB": "", "KCDDEF": 10.511380195617676, "GZEEB": "01", "GZECD": "", "GZECE": 0.0, "GZEHG": "ChSt.", "GZAG": "101", "GZEEE": "101", "GZELD": "109", "GZEEC": "106", "GZEKG": "", "GZEHH": "", "PKIGJ": "1∶250000 库尔干幅(J43C001002)建造构造图", "linetype": 1, "aux_linetype": 0, "width": 0.30000001192092896, "x_coef": 5.0, "y_coef": 5.0, "_src_file": "LDZOFBA003.WL", "_src_id": 292 }, "geometry": { "type": "LineString", "coordinates": [ [ 74.283498360128974, 39.086853357712521 ], [ 74.293689019330557, 39.083486276201974 ], [ 74.301973068291986, 39.081522484875649 ], [ 74.307945640947239, 39.080107026429111 ], [ 74.31082533940895, 39.079062768428059 ], [ 74.311854157414231, 39.078613336116526 ], [ 74.312537825406878, 39.078237275331318 ], [ 74.316062939876971, 39.076510649560106 ], [ 74.317383486572538, 39.075834472394561 ], [ 74.318461593068335, 39.075194330328713 ], [ 74.320025557297939, 39.07402446988327 ], [ 74.324942663867176, 39.071054130198718 ], [ 74.328363863592216, 39.067420186721954 ], [ 74.330805630249387, 39.064999897134697 ], [ 74.339665860550468, 39.058400355189519 ], [ 74.348482961516069, 39.051831773923801 ], [ 74.354512742582017, 39.046904455926892 ], [ 74.355197013791553, 39.04636867014657 ], [ 74.355739023824711, 39.045793537498575 ], [ 74.356284623232554, 39.044910087228935 ], [ 74.359383175820952, 39.041419870220246 ], [ 74.360271886888881, 39.040345572023377 ], [ 74.361064130429526, 39.039039497393198 ], [ 74.361755981017737, 39.037925582453028 ], [ 74.362402591671895, 39.036695778864363 ], [ 74.363439636599111, 39.035202312632265 ], [ 74.366142543381088, 39.032413839176833 ], [ 74.367710431910098, 39.031194183027388 ], [ 74.368393486343933, 39.030737492948944 ], [ 74.369275626656716, 39.030205254578313 ], [ 74.373803641266093, 39.027615473586309 ] ] } },
{ "type": "Feature", "properties": { "ID": 615, "长度": 0.058470881304529543, "FEATUREID": "OFBA003C1AJ430010020000295", "CHFCAC": "000295", "GZEAB": "", "KCDDEF": 5.0819315910339355, "GZEEB": "01", "GZECD": "", "GZECE": 0.0, "GZEHG": "ChSt.", "GZAG": "101", "GZEEE": "101", "GZELD": "109", "GZEEC": "106", "GZEKG": "", "GZEHH": "", "PKIGJ": "1∶250000 库尔干幅(J43C001002)建造构造图", "linetype": 1, "aux_linetype": 0, "width": 0.30000001192092896, "x_coef": 5.0, "y_coef": 5.0, "_src_file": "LDZOFBA003.WL", "_src_id": 293 }, "geometry": { "type": "LineString", "coordinates": [ [ 74.243901710060925, 39.083974119213742 ], [ 74.262687616458464, 39.081237340810411 ], [ 74.273833496403753, 39.07996590179058 ], [ 74.276399750025902, 39.079536178675923 ], [ 74.277713591874374, 39.07949351195068 ], [ 74.27852765234482, 39.079497525444971 ], [ 74.279527622186322, 39.079503288963501 ], [ 74.286092053020425, 39.079962477386083 ], [ 74.293129062723125, 39.080662170102784 ], [ 74.301973068291986, 39.081522484875649 ] ] } },
{ "type": "Feature", "properties": { "ID": 616, "长度": 0.0095447069244501449, "FEATUREID": "OFBA003C1AJ430010020000296", "CHFCAC": "000296", "GZEAB": "", "KCDDEF": 0.90234917402267456, "GZEEB": "01", "GZECD": "", "GZECE": 0.0, "GZEHG": "ChSt.", "GZAG": "101", "GZEEE": "101", "GZELD": "109", "GZEEC": "106", "GZEKG": "", "GZEHH": "", "PKIGJ": "1∶250000 库尔干幅(J43C001002)建造构造图", "linetype": 1, "aux_linetype": 0, "width": 0.30000001192092896, "x_coef": 5.0, "y_coef": 5.0, "_src_file": "LDZOFBA003.WL", "_src_id": 294 }, "geometry": { "type": "LineString", "coordinates": [ [ 74.218959649091502, 39.083402344992017 ], [ 74.222005662917297, 39.080951708408001 ], [ 74.222496091540847, 39.080688881515037 ], [ 74.226930745088907, 39.078213310599843 ] ] } },
{ "type": "Feature", "properties": { "ID": 618, "长度": 0.021938058201891941, "FEATUREID": "OFBA003C1AJ430010020000297", "CHFCAC": "000297", "GZEAB": "", "KCDDEF": 2.4235818386077881, "GZEEB": "31", "GZECD": "", "GZECE": 0.0, "GZEHG": "Qp3pal,D2kz", "GZAG": "101", "GZEEE": "101", "GZELD": "109", "GZEEC": "106", "GZEKG": "", "GZEHH": "", "PKIGJ": "1∶250000 库尔干幅(J43C001002)建造构造图", "linetype": 18, "aux_linetype": 0, "width": 0.30000001192092896, "x_coef": 3.0, "y_coef": 5.0, "_src_file": "LDZOFBA003.WL", "_src_id": 295 }, "geometry": { "type": "LineString", "coordinates": [ [ 74.59842037882332, 39.058651539258719 ], [ 74.597656562599866, 39.060668680505174 ], [ 74.596415097210709, 39.067724550294017 ], [ 74.596377414937763, 39.068472218979842 ], [ 74.596298389494834, 39.069252177991096 ], [ 74.595817204050306, 39.073931930790671 ], [ 74.595757013207447, 39.079863038892832 ], [ 74.595771937281, 39.080311272091279 ] ] } },
{ "type": "Feature", "properties": { "ID": 619, "长度": 0.041927590609505343, "FEATUREID": "OFBA003C1AJ430010020000298", "CHFCAC": "000298", "GZEAB": "", "KCDDEF": 3.949958324432373, "GZEEB": "04", "GZECD": "", "GZECE": 0.0, "GZEHG": "Qsn,D2kz,D3q", "GZAG": "101", "GZEEE": "101", "GZELD": "109", "GZEEC": "106", "GZEKG": "", "GZEHH": "", "PKIGJ": "1∶250000 库尔干幅(J43C001002)建造构造图", "linetype": 2, "aux_linetype": 0, "width": 0.30000001192092896, "x_coef": 3.0, "y_coef": 3.0, "_src_file": "LDZOFBA003.WL", "_src_id": 296 }, "geometry": { "type": "LineString", "coordinates": [ [ 74.766421624108489, 39.080363029537715 ], [ 74.775025456186526, 39.076160564104235 ], [ 74.7804695140955, 39.073238026957213 ], [ 74.785361540454019, 39.069751016848159 ], [ 74.797934872855748, 39.060802156683756 ], [ 74.799347497115662, 39.059795805682377 ], [ 74.801367891510893, 39.058356706727608 ], [ 74.80178575436473, 39.058050524104566 ] ] } },
{ "type": "Feature", "properties": { "ID": 620, "长度": 0.18870904840526062, "FEATUREID": "OFBA003C1AJ430010020000299", "CHFCAC": "000299", "GZEAB": "", "KCDDEF": 17.243005752563477, "GZEEB": "01", "GZECD": "", "GZECE": 0.0, "GZEHG": "ChSt.", "GZAG": "101", "GZEEE": "101", "GZELD": "109", "GZEEC": "106", "GZEKG": "", "GZEHH": "", "PKIGJ": "1∶250000 库尔干幅(J43C001002)建造构造图", "linetype": 1, "aux_linetype": 0, "width": 0.30000001192092896, "x_coef": 5.0, "y_coef": 5.0, "_src_file": "LDZOFBA003.WL", "_src_id": 297 }, "geometry": { "type": "LineString", "coordinates": [ [ 74.232839272728157, 39.074330627258256 ], [ 74.244440746832126, 39.066733518915939 ], [ 74.25374957065327, 39.059953989590035 ], [ 74.264081427637436, 39.050523870632574 ], [ 74.270734547363787, 39.045642141359622 ], [ 74.272714973521801, 39.044551282039642 ], [ 74.280477179896536, 39.040914609501378 ], [ 74.2860896942626, 39.038202726253751 ], [ 74.289714924135339, 39.036307010365029 ], [ 74.292549766089309, 39.035020123909426 ], [ 74.296215778350188, 39.033508032363493 ], [ 74.297733456318738, 39.032711685836965 ], [ 74.298373636238878, 39.032255245691452 ], [ 74.298863506407201, 39.031836276165713 ], [ 74.302095760171724, 39.030052890331085 ], [ 74.305181896959439, 39.028308790325433 ], [ 74.308829251971815, 39.026460194271614 ], [ 74.311984186701523, 39.025334559270988 ], [ 74.315523707169802, 39.024440349575073 ], [ 74.317268977974848, 39.02403123668477 ], [ 74.320809638079169, 39.022793229306927 ], [ 74.322996198043271, 39.02196858749776 ], [ 74.328685351324992, 39.019607992724694 ], [ 74.334943947381362, 39.016984940508301 ], [ 74.340093845236382, 39.01500927042332 ], [ 74.346313294484162, 39.013276124645614 ], [ 74.348061558836648, 39.012987174342584 ], [ 74.350149320779963, 39.012663140871403 ], [ 74.35593570481403, 39.01164371058816 ], [ 74.35969111988571, 39.011021774670787 ], [ 74.361843729225043, 39.010312675564478 ], [ 74.367171633773609, 39.00852039274266 ], [ 74.374737964317106, 39.006367687267904 ], [ 74.377363771185557, 39.005548640253068 ], [ 74.380301471361292, 39.004917924961028 ], [ 74.381841721759628, 39.004659947551993 ], [ 74.383429997331007, 39.004402205828747 ], [ 74.386809535370531, 39.00354667260352 ], [ 74.391640773377517, 39.002244103665227 ], [ 74.394442644888159, 39.0014999161926 ], [ 74.395889024749835, 39.001242031899721 ], [ 74.403327512325532, 39.000503383487448 ] ] } },
{ "type": "Feature", "properties": { "ID": 621, "长度": 0.009307061719004377, "FEATUREID": "OFBA003C1AJ430010020000300", "CHFCAC": "000300", "GZEAB": "", "KCDDEF": 0.88147979974746704, "GZEEB": "07", "GZECD": "", "GZECE": 25.0, "GZEHG": "ChSt.,D2kz", "GZAG": "101", "GZEEE": "101", "GZELD": "109", "GZEEC": "106", "GZEKG": "", "GZEHH": "", "PKIGJ": "1∶250000 库尔干幅(J43C001002)建造构造图", "linetype": 38, "aux_linetype": 2, "width": 0.30000001192092896, "x_coef": 5.0, "y_coef": 5.0, "_src_file": "LDZOFBA003.WL", "_src_id": 298 }, "geometry": { "type": "LineString", "coordinates": [ [ 74.95998984085459, 39.076195016673672 ], [ 74.96050720208801, 39.074963267273723 ], [ 74.960748147277187, 39.074561254700399 ], [ 74.96122979049612, 39.073998574360694 ], [ 74.961503981505459, 39.07370385740461 ], [ 74.961814588519402, 39.073355540774187 ], [ 74.962089725678723, 39.07311445744493 ], [ 74.962433635886569, 39.072819803357099 ], [ 74.962777409241738, 39.072659231348361 ], [ 74.963153543989932, 39.072498689450136 ], [ 74.963531651668319, 39.072364963844969 ], [ 74.963980480673158, 39.072231301043168 ], [ 74.964769921114851, 39.072097954766349 ], [ 74.967383437768419, 39.071998373935131 ] ] } },
{ "type": "Feature", "properties": { "ID": 622, "长度": 0.031768240529293681, "FEATUREID": "OFBA003C1AJ430010020000301", "CHFCAC": "000301", "GZEAB": "", "KCDDEF": 2.8404638767242432, "GZEEB": "01", "GZECD": "", "GZECE": 0.0, "GZEHG": "→ChSt.", "GZAG": "101", "GZEEE": "101", "GZELD": "109", "GZEEC": "106", "GZEKG": "", "GZEHH": "", "PKIGJ": "1∶250000 库尔干幅(J43C001002)建造构造图", "linetype": 1, "aux_linetype": 0, "width": 0.30000001192092896, "x_coef": 5.0, "y_coef": 5.0, "_src_file": "LDZOFBA003.WL", "_src_id": 299 }, "geometry": { "type": "LineString", "coordinates": [ [ 74.26476177059034, 39.07344271758717 ], [ 74.284533136444992, 39.067073835228058 ], [ 74.294829464068883, 39.063212962455268 ] ] } },
{ "type": "Feature", "properties": { "ID": 623, "长度": 0.029656370566167004, "FEATUREID": "OFBA003C1AJ430010020000302", "CHFCAC": "000302", "GZEAB": "", "KCDDEF": 2.927642822265625, "GZEEB": "07", "GZECD": "", "GZECE": 0.0, "GZEHG": "D2kz,Qp3pal", "GZAG": "101", "GZEEE": "101", "GZELD": "109", "GZEEC": "106", "GZEKG": "", "GZEHH": "", "PKIGJ": "1∶250000 库尔干幅(J43C001002)建造构造图", "linetype": 38, "aux_linetype": 2, "width": 0.30000001192092896, "x_coef": 5.0, "y_coef": 5.0, "_src_file": "LDZOFBA003.WL", "_src_id": 300 }, "geometry": { "type": "LineString", "coordinates": [ [ 74.978655106898074, 39.066865854661131 ], [ 74.980355134693539, 39.066131189661412 ], [ 74.980795121939138, 39.065837150242039 ], [ 74.981133559246487, 39.065569827008673 ], [ 74.981335594154828, 39.06532921994031 ], [ 74.981709844910256, 39.064954949917848 ], [ 74.982014382586343, 39.064553929505493 ], [ 74.982657302959581, 39.063778630006745 ], [ 74.983537065772097, 39.062709243166751 ], [ 74.98404460825661, 39.062094344669902 ], [ 74.984687371454754, 39.06099817740315 ], [ 74.985767916087454, 39.059260350507977 ], [ 74.986275362401301, 39.058511750260962 ], [ 74.986885377618364, 39.057843375528847 ], [ 74.990617048988781, 39.054264166733084 ], [ 74.993636837988106, 39.051379948177924 ], [ 74.994313370298201, 39.050765724577431 ], [ 74.99485729978062, 39.050178146564527 ], [ 74.995638504108854, 39.04953724831131 ], [ 74.99624700178299, 39.049110027099104 ], [ 74.996891143813514, 39.048654236180866 ], [ 74.998850617201896, 39.047519612386772 ], [ 74.999527442711724, 39.047168443038487 ], [ 74.999999999994415, 39.046886186485395 ] ] } },
{ "type": "Feature", "properties": { "ID": 625, "长度": 0.080531699947469837, "FEATUREID": "OFBA003C1AJ430010020000303", "CHFCAC": "000303", "GZEAB": "", "KCDDEF": 7.2085390090942383, "GZEEB": "01", "GZECD": "", "GZECE": 0.0, "GZEHG": "ChSt.,ψ1D", "GZAG": "101", "GZEEE": "101", "GZELD": "109", "GZEEC": "106", "GZEKG": "", "GZEHH": "", "PKIGJ": "1∶250000 库尔干幅(J43C001002)建造构造图", "linetype": 1, "aux_linetype": 0, "width": 0.30000001192092896, "x_coef": 5.0, "y_coef": 5.0, "_src_file": "LDZOFBA003.WL", "_src_id": 301 }, "geometry": { "type": "LineString", "coordinates": [ [ 74.339665860550468, 39.058400355189519 ], [ 74.34607750766115, 39.058041541544512 ], [ 74.350355783968922, 39.057307224916229 ], [ 74.351864215090728, 39.057050243345138 ], [ 74.353031619027249, 39.056828980303273 ], [ 74.355319640882158, 39.05626869036476 ], [ 74.362097421909468, 39.054166852269589 ], [ 74.364487735633617, 39.053415929521691 ], [ 74.373563483464238, 39.050442557661675 ], [ 74.383587427858345, 39.046743046908837 ], [ 74.38605111289651, 39.045790800880489 ], [ 74.390303119198549, 39.044114403635454 ], [ 74.397591228126871, 39.041160815935413 ], [ 74.399007009822014, 39.040705270629964 ], [ 74.40030544073079, 39.040376729272197 ], [ 74.401190961053487, 39.040001270402037 ], [ 74.403941378566188, 39.038875691138621 ], [ 74.415708621645422, 39.033297854819878 ] ] } },
{ "type": "Feature", "properties": { "ID": 629, "长度": 0.033850089997439187, "FEATUREID": "OFBA003C1AJ430010020000304", "CHFCAC": "000304", "GZEAB": "", "KCDDEF": 3.3434174060821533, "GZEEB": "01", "GZECD": "", "GZECE": 0.0, "GZEHG": "D2kz,D3q", "GZAG": "101", "GZEEE": "101", "GZELD": "109", "GZEEC": "106", "GZEKG": "", "GZEHH": "", "PKIGJ": "1∶250000 库尔干幅(J43C001002)建造构造图", "linetype": 1, "aux_linetype": 0, "width": 0.30000001192092896, "x_coef": 5.0, "y_coef": 5.0, "_src_file": "LDZOFBA003.WL", "_src_id": 302 }, "geometry": { "type": "LineString", "coordinates": [ [ 74.80178575436473, 39.058050524104566 ], [ 74.805150669059742, 39.055535746787761 ], [ 74.806251037633828, 39.054407250618738 ], [ 74.806607589872627, 39.053980634581507 ], [ 74.809846034744282, 39.051098694481261 ], [ 74.810493209830867, 39.050597887778252 ], [ 74.811107301212658, 39.050046524878411 ], [ 74.814594433862609, 39.04618950376738 ], [ 74.814953433144055, 39.04583579928542 ], [ 74.815375514456974, 39.045431630763517 ], [ 74.81560526363684, 39.045178849874681 ], [ 74.81589970129393, 39.04482483089842 ], [ 74.816130325590549, 39.044495885013276 ], [ 74.816229745500436, 39.044267865497737 ], [ 74.816328868007403, 39.044065235363163 ], [ 74.816719361953389, 39.043686292355673 ], [ 74.817078128905976, 39.043434130005309 ], [ 74.817499288963717, 39.043106115216929 ], [ 74.820665590925756, 39.04004927614703 ], [ 74.821024201998938, 39.039720939671668 ], [ 74.821413773680987, 39.039418142310161 ], [ 74.821805922896345, 39.039064571326875 ], [ 74.822229910195688, 39.038660377212047 ], [ 74.822553085102342, 39.038433430011189 ], [ 74.82278149457143, 39.038206021905765 ], [ 74.823337942941649, 39.037675502075714 ], [ 74.826369960446087, 39.034952582436318 ] ] } },
{ "type": "Feature", "properties": { "ID": 630, "长度": 0.030612067227300532, "FEATUREID": "OFBA003C1AJ430010020000305", "CHFCAC": "000305", "GZEAB": "", "KCDDEF": 2.9784486293792725, "GZEEB": "01", "GZECD": "", "GZECE": 69.0, "GZEHG": "D3q,D2kz", "GZAG": "101", "GZEEE": "101", "GZELD": "109", "GZEEC": "106", "GZEKG": "", "GZEHH": "", "PKIGJ": "1∶250000 库尔干幅(J43C001002)建造构造图", "linetype": 1, "aux_linetype": 0, "width": 0.30000001192092896, "x_coef": 5.0, "y_coef": 5.0, "_src_file": "LDZOFBA003.WL", "_src_id": 303 }, "geometry": { "type": "LineString", "coordinates": [ [ 74.73727992245017, 39.0296160757038 ], [ 74.733824622478934, 39.033324352877024 ], [ 74.731477036926648, 39.035671392680761 ], [ 74.730623247485255, 39.036475887619197 ], [ 74.729429176435616, 39.037518462343179 ], [ 74.728153103775398, 39.038594906518028 ], [ 74.726196328146955, 39.040378104921722 ], [ 74.724790933698557, 39.041420477198272 ], [ 74.723043005653324, 39.04249575046105 ], [ 74.722233190810371, 39.0431008296245 ], [ 74.713807226393342, 39.049086983123971 ] ] } },
{ "type": "Feature", "properties": { "ID": 631, "长度": 0.081657675238398703, "FEATUREID": "OFBA003C1AJ430010020000306", "CHFCAC": "000306", "GZEAB": "", "KCDDEF": 7.1210317611694336, "GZEEB": "01", "GZECD": "", "GZECE": 0.0, "GZEHG": "ChSt.", "GZAG": "101", "GZEEE": "101", "GZELD": "109", "GZEEC": "106", "GZEKG": "", "GZEHH": "", "PKIGJ": "1∶250000 库尔干幅(J43C001002)建造构造图", "linetype": 1, "aux_linetype": 0, "width": 0.30000001192092896, "x_coef": 5.0, "y_coef": 5.0, "_src_file": "LDZOFBA003.WL", "_src_id": 304 }, "geometry": { "type": "LineString", "coordinates": [ [ 73.875175787950297, 39.043800183930628 ], [ 73.896845232876501, 39.044946418280112 ], [ 73.907307973391823, 39.0456280930823 ], [ 73.918778108257413, 39.04596568209206 ], [ 73.924893850796153, 39.045605989690891 ], [ 73.929943054790982, 39.044601223539281 ], [ 73.945186113379961, 39.040757983140601 ], [ 73.955903558140761, 39.038266193602198 ] ] } },
{ "type": "Feature", "properties": { "ID": 632, "长度": 0.030529113436547236, "FEATUREID": "OFBA003C1AJ430010020000307", "CHFCAC": "000307", "GZEAB": "", "KCDDEF": 3.1914267539978027, "GZEEB": "31", "GZECD": "", "GZECE": 0.0, "GZEHG": "Pt1K.,D2kz", "GZAG": "101", "GZEEE": "101", "GZELD": "109", "GZEEC": "106", "GZEKG": "", "GZEHH": "", "PKIGJ": "1∶250000 库尔干幅(J43C001002)建造构造图", "linetype": 18, "aux_linetype": 0, "width": 0.30000001192092896, "x_coef": 3.0, "y_coef": 5.0, "_src_file": "LDZOFBA003.WL", "_src_id": 305 }, "geometry": { "type": "LineString", "coordinates": [ [ 74.620471709071012, 39.019287785122259 ], [ 74.61801364358341, 39.025283006680304 ], [ 74.615105006395282, 39.031277023647526 ], [ 74.613340902157702, 39.0342745443307 ], [ 74.611979233175305, 39.036530014180116 ], [ 74.61126134005147, 39.037645812154572 ], [ 74.610580609653979, 39.038507073100426 ], [ 74.609897068501752, 39.039534801407719 ], [ 74.607407474112208, 39.042580669526338 ], [ 74.606903246478893, 39.043045150320431 ], [ 74.606177359503349, 39.043577669723334 ], [ 74.604561986019888, 39.044912894770974 ] ] } },
{ "type": "Feature", "properties": { "ID": 634, "长度": 0.01958804672181199, "FEATUREID": "OFBA003C1AJ430010020000308", "CHFCAC": "000308", "GZEAB": "", "KCDDEF": 1.8766909837722778, "GZEEB": "04", "GZECD": "", "GZECE": 0.0, "GZEHG": "Qsn", "GZAG": "101", "GZEEE": "101", "GZELD": "109", "GZEEC": "106", "GZEKG": "", "GZEHH": "", "PKIGJ": "1∶250000 库尔干幅(J43C001002)建造构造图", "linetype": 2, "aux_linetype": 0, "width": 0.30000001192092896, "x_coef": 3.0, "y_coef": 3.0, "_src_file": "LDZOFBA003.WL", "_src_id": 306 }, "geometry": { "type": "LineString", "coordinates": [ [ 74.826369960446087, 39.034952582436318 ], [ 74.826937558196846, 39.03453869800596 ], [ 74.83097707407947, 39.030952575862472 ], [ 74.836255565925569, 39.026984092959893 ], [ 74.842151873173734, 39.023438914735721 ] ] } },
{ "type": "Feature", "properties": { "ID": 635, "长度": 0.1614249624541183, "FEATUREID": "OFBA003C1AJ430010020000309", "CHFCAC": "000309", "GZEAB": "", "KCDDEF": 14.170504570007324, "GZEEB": "05", "GZECD": "", "GZECE": 67.0, "GZEHG": "D2kz,D3q", "GZAG": "101", "GZEEE": "101", "GZELD": "101", "GZEEC": "106", "GZEKG": "", "GZEHH": "", "PKIGJ": "1∶250000 库尔干幅(J43C001002)建造构造图", "linetype": 1, "aux_linetype": 0, "width": 0.30000001192092896, "x_coef": 5.0, "y_coef": 5.0, "_src_file": "LDZOFBA003.WL", "_src_id": 307 }, "geometry": { "type": "LineString", "coordinates": [ [ 74.842151873173734, 39.023438914735721 ], [ 74.848440288263916, 39.020049716497233 ], [ 74.854595640299621, 39.01739432151787 ], [ 74.859919058036027, 39.01534153765045 ], [ 74.860753905816509, 39.014940379526699 ], [ 74.861106782212801, 39.014739611640422 ], [ 74.861427298870467, 39.014614332708341 ], [ 74.861649421004643, 39.014488488241476 ], [ 74.861939463507667, 39.014362721254138 ], [ 74.86241750713873, 39.014161512050769 ], [ 74.863089652106098, 39.013936041631943 ], [ 74.865017181579148, 39.013197433009395 ], [ 74.866782006300184, 39.012530246314029 ], [ 74.869121488786533, 39.011706879563683 ], [ 74.872041349711779, 39.010658485369575 ], [ 74.872619431184077, 39.010509771271259 ], [ 74.873068307615995, 39.010385629435071 ], [ 74.873739449065454, 39.010237547948343 ], [ 74.877651289321236, 39.009093895995768 ], [ 74.881633645848595, 39.008039170256225 ], [ 74.882371690589409, 39.00788912755921 ], [ 74.887243005492905, 39.007315681732443 ], [ 74.888302601948141, 39.007215381772369 ], [ 74.889197744740628, 39.007165860078956 ], [ 74.890319246047255, 39.007091181769141 ], [ 74.893077210466544, 39.006687341353214 ], [ 74.894135937178234, 39.006561456620105 ], [ 74.896701026138913, 39.006156980210648 ], [ 74.898176529655402, 39.006030806452486 ], [ 74.898625543926642, 39.006005703747832 ], [ 74.89952366820458, 39.005929997268105 ], [ 74.90013310308845, 39.005879533087807 ], [ 74.903979542200958, 39.005729812736405 ], [ 74.909613704869784, 39.005226781826643 ], [ 74.915793548449997, 39.004907145336922 ], [ 74.917833355610711, 39.004630699854097 ], [ 74.918407108859554, 39.004529861722496 ], [ 74.919301593671335, 39.004378657298233 ], [ 74.920447843065503, 39.004253438027753 ], [ 74.921150015331591, 39.0041528308507 ], [ 74.92194692049155, 39.004001422192417 ], [ 74.922423096761605, 39.003900378714555 ], [ 74.927317034012461, 39.003729756807566 ], [ 74.927967729589625, 39.003707011301209 ], [ 74.928605012561846, 39.00365722397953 ], [ 74.929337785946416, 39.003633106380995 ], [ 74.930165124571616, 39.003609160769329 ], [ 74.930965324727339, 39.003610770750299 ], [ 74.931605281295248, 39.003612229153887 ], [ 74.932373506592384, 39.003588480904334 ], [ 74.933304891661052, 39.003590583206496 ], [ 74.934939248453674, 39.003619751584047 ], [ 74.935580046421634, 39.003672171027205 ], [ 74.936284941690275, 39.003724730063325 ], [ 74.937053779555654, 39.003828412656269 ], [ 74.940294969236959, 39.004275327672609 ], [ 74.941065120197976, 39.004431611335178 ], [ 74.942317417466668, 39.00459054781988 ], [ 74.94302456509493, 39.004594439780099 ], [ 74.943474144518888, 39.004647591557358 ], [ 74.943988433110192, 39.004650418014087 ], [ 74.944501874855533, 39.004754590682573 ], [ 74.945077179903564, 39.004909787630815 ], [ 74.94674724674249, 39.005324337984796 ], [ 74.947261540380623, 39.005327150016981 ], [ 74.947741691426273, 39.005329785505282 ], [ 74.948418704109457, 39.00533347049091 ], [ 74.949093925509771, 39.005311815570181 ], [ 74.953657704408471, 39.005285934097657 ], [ 74.958078416230379, 39.00535564020926 ], [ 74.958911786341289, 39.005278293523141 ], [ 74.959264312149372, 39.005252389716333 ], [ 74.959681304927756, 39.005175704343607 ], [ 74.960194796567038, 39.005048186843339 ], [ 74.960899074187637, 39.00484434073946 ], [ 74.961381531287159, 39.004716870316877 ], [ 74.96228056487125, 39.004563379792636 ], [ 74.963049867199928, 39.004486108911465 ], [ 74.967631373953878, 39.004301147964334 ], [ 74.973147924381408, 39.004094851043334 ], [ 74.976387946552919, 39.003713125912476 ], [ 74.977221006222976, 39.003662576144997 ], [ 74.978237097273677, 39.0035873071362 ], [ 74.97947756759045, 39.003563053785165 ], [ 74.982373465558396, 39.003616520805735 ], [ 74.987749027664051, 39.00346878880169 ], [ 74.988480872612229, 39.003393183827775 ], [ 74.990452937292048, 39.00334402504901 ], [ 74.991469012669555, 39.003268640572294 ], [ 74.992202615136364, 39.003243830812977 ], [ 74.992997704545033, 39.003244477999864 ], [ 74.993824598123325, 39.003245146227343 ], [ 74.995449290543846, 39.003346198275004 ], [ 74.996819524758507, 39.003447045387915 ], [ 74.999999999994415, 39.003370927327538 ] ] } },
{ "type": "Feature", "properties": { "ID": 636, "长度": 0.014114670901624113, "FEATUREID": "OFBA003C1AJ430010020000310", "CHFCAC": "000310", "GZEAB": "", "KCDDEF": 1.3651485443115234, "GZEEB": "01", "GZECD": "", "GZECE": 0.0, "GZEHG": "D3q", "GZAG": "101", "GZEEE": "101", "GZELD": "109", "GZEEC": "106", "GZEKG": "", "GZEHH": "", "PKIGJ": "1∶250000 库尔干幅(J43C001002)建造构造图", "linetype": 1, "aux_linetype": 0, "width": 0.30000001192092896, "x_coef": 5.0, "y_coef": 5.0, "_src_file": "LDZOFBA003.WL", "_src_id": 308 }, "geometry": { "type": "LineString", "coordinates": [ [ 74.774325423527557, 39.009145476467523 ], [ 74.773441103586464, 39.00968513116733 ], [ 74.772290909215968, 39.010788541343082 ], [ 74.77088367095611, 39.011992570080359 ], [ 74.76925714671296, 39.013426259688508 ], [ 74.767267567183367, 39.014993833449878 ], [ 74.763265591733656, 39.017875767477108 ] ] } },
{ "type": "Feature", "properties": { "ID": 637, "长度": 0.018069297046591656, "FEATUREID": "OFBA003C1AJ430010020000311", "CHFCAC": "000311", "GZEAB": "", "KCDDEF": 1.6893872022628784, "GZEEB": "04", "GZECD": "", "GZECE": 0.0, "GZEHG": "Qsn", "GZAG": "101", "GZEEE": "101", "GZELD": "109", "GZEEC": "106", "GZEKG": "", "GZEHH": "", "PKIGJ": "1∶250000 库尔干幅(J43C001002)建造构造图", "linetype": 2, "aux_linetype": 0, "width": 0.30000001192092896, "x_coef": 3.0, "y_coef": 3.0, "_src_file": "LDZOFBA003.WL", "_src_id": 309 }, "geometry": { "type": "LineString", "coordinates": [ [ 74.774325423527557, 39.009145476467523 ], [ 74.775278858093316, 39.008564894535297 ], [ 74.782077368691418, 39.004420175023533 ], [ 74.788164237800117, 39.000876674779654 ], [ 74.789903280682339, 39.000000019752591 ] ] } }
]
}
