{
"type": "FeatureCollection",
"name": "LDZOFBB099.WT",
"crs": { "type": "name", "properties": { "name": "urn:ogc:def:crs:OGC:1.3:CRS84" } },
"xy_coordinate_resolution": 1e-15,
"features": [
{ "type": "Feature", "properties": { "ID": 74, "FEATUREID": "OFBB099C1AJ430010020000001", "CHFCAC": "000001", "CHFCEC": "代号", "CHFCED": "C#-1", "point_type": 0, "symbol_no": 0, "height": 2.5, "width": 2.5, "spacing": 0.20012936, "angle": 0.33670014142990112, "_src_file": "LDZOFBB099.WT", "_src_id": 0 }, "geometry": { "type": "Point", "coordinates": [ 74.317067295434811, 39.977916421342798 ] } },
{ "type": "Feature", "properties": { "ID": 75, "FEATUREID": "OFBB099C1AJ430010020000002", "CHFCAC": "000002", "CHFCEC": "代号", "CHFCED": "y", "point_type": 0, "symbol_no": 0, "height": 2.5, "width": 2.5, "spacing": 0.20012936, "angle": 0.33271977305412292, "_src_file": "LDZOFBB099.WT", "_src_id": 1 }, "geometry": { "type": "Point", "coordinates": [ 74.325122729528047, 39.978786566321844 ] } },
{ "type": "Feature", "properties": { "ID": 74, "FEATUREID": "OFBB099C1AJ430010020000003", "CHFCAC": "000003", "CHFCEC": "代号", "CHFCED": "C#-2", "point_type": 0, "symbol_no": 0, "height": 2.5, "width": 2.5, "spacing": 0.20012936, "angle": 0.30788955092430115, "_src_file": "LDZOFBB099.WT", "_src_id": 2 }, "geometry": { "type": "Point", "coordinates": [ 74.375343122245923, 39.976378463761634 ] } },
{ "type": "Feature", "properties": { "ID": 75, "FEATUREID": "OFBB099C1AJ430010020000004", "CHFCAC": "000004", "CHFCEC": "代号", "CHFCED": "ak", "point_type": 0, "symbol_no": 0, "height": 2.5, "width": 2.5, "spacing": 0.20012936, "angle": 0.30419421195983887, "_src_file": "LDZOFBB099.WT", "_src_id": 3 }, "geometry": { "type": "Point", "coordinates": [ 74.382815538936995, 39.976080807459134 ] } },
{ "type": "Feature", "properties": { "ID": 87, "FEATUREID": "OFBB099C1AJ430010020000005", "CHFCAC": "000005", "CHFCEC": "代号", "CHFCED": "E", "point_type": 0, "symbol_no": 0, "height": 2.5, "width": 2.5, "spacing": 0.20012936, "angle": 0.32822173833847046, "_src_file": "LDZOFBB099.WT", "_src_id": 4 }, "geometry": { "type": "Point", "coordinates": [ 74.333816823115626, 39.878817846377544 ] } },
{ "type": "Feature", "properties": { "ID": 74, "FEATUREID": "OFBB099C1AJ430010020000006", "CHFCAC": "000006", "CHFCEC": "代号", "CHFCED": "C#-2", "point_type": 0, "symbol_no": 0, "height": 2.0, "width": 2.0, "spacing": 0.0, "angle": 0.32243266701698303, "_src_file": "LDZOFBB099.WT", "_src_id": 5 }, "geometry": { "type": "Point", "coordinates": [ 74.345669009469631, 39.91230853045198 ] } },
{ "type": "Feature", "properties": { "ID": 75, "FEATUREID": "OFBB099C1AJ430010020000007", "CHFCAC": "000007", "CHFCEC": "代号", "CHFCED": "kk", "point_type": 0, "symbol_no": 0, "height": 2.0, "width": 2.0, "spacing": 0.0, "angle": 0.31964078545570374, "_src_file": "LDZOFBB099.WT", "_src_id": 6 }, "geometry": { "type": "Point", "coordinates": [ 74.351318237684083, 39.9121090062416 ] } },
{ "type": "Feature", "properties": { "ID": 74, "FEATUREID": "OFBB099C1AJ430010020000008", "CHFCAC": "000008", "CHFCEC": "代号", "CHFCED": "C#-2", "point_type": 0, "symbol_no": 0, "height": 2.0, "width": 2.0, "spacing": 0.0, "angle": 0.31771847605705261, "_src_file": "LDZOFBB099.WT", "_src_id": 7 }, "geometry": { "type": "Point", "coordinates": [ 74.355177891482455, 39.904845742922788 ] } },
{ "type": "Feature", "properties": { "ID": 75, "FEATUREID": "OFBB099C1AJ430010020000009", "CHFCAC": "000009", "CHFCEC": "代号", "CHFCED": "ak", "point_type": 0, "symbol_no": 0, "height": 2.0, "width": 2.0, "spacing": 0.0, "angle": 0.31491437554359436, "_src_file": "LDZOFBB099.WT", "_src_id": 8 }, "geometry": { "type": "Point", "coordinates": [ 74.36091596486952, 39.904914650605939 ] } },
{ "type": "Feature", "properties": { "ID": 88, "FEATUREID": "OFBB099C1AJ430010020000010", "CHFCAC": "000010", "CHFCEC": "代号", "CHFCED": "K#-1", "point_type": 0, "symbol_no": 0, "height": 2.5, "width": 2.5, "spacing": 0.20012936, "angle": 0.30253735184669495, "_src_file": "LDZOFBB099.WT", "_src_id": 9 }, "geometry": { "type": "Point", "coordinates": [ 74.385961321836319, 39.903638816665392 ] } },
{ "type": "Feature", "properties": { "ID": 89, "FEATUREID": "OFBB099C1AJ430010020000011", "CHFCAC": "000011", "CHFCEC": "代号", "CHFCED": "#=kz", "point_type": 0, "symbol_no": 0, "height": 2.5, "width": 2.5, "spacing": 0.20012936, "angle": 0.29852432012557983, "_src_file": "LDZOFBB099.WT", "_src_id": 10 }, "geometry": { "type": "Point", "coordinates": [ 74.394019694741999, 39.903713063726642 ] } },
{ "type": "Feature", "properties": { "ID": 88, "FEATUREID": "OFBB099C1AJ430010020000012", "CHFCAC": "000012", "CHFCEC": "代号", "CHFCED": "J#-3", "point_type": 0, "symbol_no": 0, "height": 2.5, "width": 2.5, "spacing": 0.20012936, "angle": 0.29777652025222778, "_src_file": "LDZOFBB099.WT", "_src_id": 11 }, "geometry": { "type": "Point", "coordinates": [ 74.395581954798288, 39.916675663271924 ] } },
{ "type": "Feature", "properties": { "ID": 89, "FEATUREID": "OFBB099C1AJ430010020000013", "CHFCAC": "000013", "CHFCEC": "代号", "CHFCED": "kz", "point_type": 0, "symbol_no": 0, "height": 2.5, "width": 2.5, "spacing": 0.20012936, "angle": 0.29465356469154358, "_src_file": "LDZOFBB099.WT", "_src_id": 12 }, "geometry": { "type": "Point", "coordinates": [ 74.401899752968035, 39.916083050063882 ] } },
{ "type": "Feature", "properties": { "ID": 88, "FEATUREID": "OFBB099C1AJ430010020000014", "CHFCAC": "000014", "CHFCEC": "代号", "CHFCED": "K#-1", "point_type": 0, "symbol_no": 0, "height": 2.5, "width": 2.5, "spacing": 0.20012936, "angle": 0.3666989803314209, "_src_file": "LDZOFBB099.WT", "_src_id": 13 }, "geometry": { "type": "Point", "coordinates": [ 74.256030863972356, 39.913540521943943 ] } },
{ "type": "Feature", "properties": { "ID": 89, "FEATUREID": "OFBB099C1AJ430010020000015", "CHFCAC": "000015", "CHFCEC": "代号", "CHFCED": "#=kz", "point_type": 0, "symbol_no": 0, "height": 2.5, "width": 2.5, "spacing": 0.20012936, "angle": 0.3630777895450592, "_src_file": "LDZOFBB099.WT", "_src_id": 14 }, "geometry": { "type": "Point", "coordinates": [ 74.263417461983025, 39.913275071387126 ] } },
{ "type": "Feature", "properties": { "ID": 88, "FEATUREID": "OFBB099C1AJ430010020000016", "CHFCAC": "000016", "CHFCEC": "代号", "CHFCED": "N#-1", "point_type": 0, "symbol_no": 0, "height": 2.5, "width": 2.5, "spacing": 0.20012936, "angle": 0.35735821723937988, "_src_file": "LDZOFBB099.WT", "_src_id": 15 }, "geometry": { "type": "Point", "coordinates": [ 74.274941431710857, 39.901642390752684 ] } },
{ "type": "Feature", "properties": { "ID": 89, "FEATUREID": "OFBB099C1AJ430010020000017", "CHFCAC": "000017", "CHFCEC": "代号", "CHFCED": "k", "point_type": 0, "symbol_no": 0, "height": 2.5, "width": 2.5, "spacing": 0.20012936, "angle": 0.35401779413223267, "_src_file": "LDZOFBB099.WT", "_src_id": 16 }, "geometry": { "type": "Point", "coordinates": [ 74.281702138057014, 39.901477485239589 ] } },
{ "type": "Feature", "properties": { "ID": 114, "FEATUREID": "OFBB099C1AJ430010020000018", "CHFCAC": "000018", "CHFCEC": "代号", "CHFCED": "Qp#-3", "point_type": 0, "symbol_no": 0, "height": 2.5, "width": 2.5, "spacing": 0.20012936, "angle": 0.34827274084091187, "_src_file": "LDZOFBB099.WT", "_src_id": 17 }, "geometry": { "type": "Point", "coordinates": [ 74.293419428702251, 39.92285535500492 ] } },
{ "type": "Feature", "properties": { "ID": 115, "FEATUREID": "OFBB099C1AJ430010020000019", "CHFCAC": "000019", "CHFCEC": "代号", "CHFCED": "#+pal", "point_type": 0, "symbol_no": 0, "height": 2.5, "width": 2.5, "spacing": 0.20012936, "angle": 0.34403017163276672, "_src_file": "LDZOFBB099.WT", "_src_id": 18 }, "geometry": { "type": "Point", "coordinates": [ 74.302009603601149, 39.923798358519186 ] } },
{ "type": "Feature", "properties": { "ID": 88, "FEATUREID": "OFBB099C1AJ430010020000020", "CHFCAC": "000020", "CHFCEC": "代号", "CHFCED": "N#-1", "point_type": 0, "symbol_no": 0, "height": 2.0, "width": 2.0, "spacing": 0.0, "angle": 0.35236692428588867, "_src_file": "LDZOFBB099.WT", "_src_id": 19 }, "geometry": { "type": "Point", "coordinates": [ 74.285006043950972, 39.892982795021737 ] } },
{ "type": "Feature", "properties": { "ID": 89, "FEATUREID": "OFBB099C1AJ430010020000021", "CHFCAC": "000021", "CHFCEC": "代号", "CHFCED": "k", "point_type": 0, "symbol_no": 0, "height": 2.0, "width": 2.0, "spacing": 0.200129, "angle": 0.34939640760421753, "_src_file": "LDZOFBB099.WT", "_src_id": 20 }, "geometry": { "type": "Point", "coordinates": [ 74.291017732145434, 39.892878875707922 ] } },
{ "type": "Feature", "properties": { "ID": 88, "FEATUREID": "OFBB099C1AJ430010020000022", "CHFCAC": "000022", "CHFCEC": "代号", "CHFCED": "N#-1", "point_type": 0, "symbol_no": 0, "height": 2.5, "width": 2.5, "spacing": 0.20012936, "angle": 0.34461107850074768, "_src_file": "LDZOFBB099.WT", "_src_id": 21 }, "geometry": { "type": "Point", "coordinates": [ 74.300621259259259, 39.87385367784978 ] } },
{ "type": "Feature", "properties": { "ID": 89, "FEATUREID": "OFBB099C1AJ430010020000023", "CHFCAC": "000023", "CHFCEC": "代号", "CHFCED": "a", "point_type": 0, "symbol_no": 0, "height": 2.5, "width": 2.5, "spacing": 0.20012936, "angle": 0.34109783172607422, "_src_file": "LDZOFBB099.WT", "_src_id": 22 }, "geometry": { "type": "Point", "coordinates": [ 74.307732290050254, 39.873755283662838 ] } },
{ "type": "Feature", "properties": { "ID": 88, "FEATUREID": "OFBB099C1AJ430010020000024", "CHFCAC": "000024", "CHFCEC": "代号", "CHFCED": "N#-1", "point_type": 0, "symbol_no": 0, "height": 2.5, "width": 2.5, "spacing": 0.20012936, "angle": 0.35300043225288391, "_src_file": "LDZOFBB099.WT", "_src_id": 23 }, "geometry": { "type": "Point", "coordinates": [ 74.283673697543833, 39.881573241812369 ] } },
{ "type": "Feature", "properties": { "ID": 89, "FEATUREID": "OFBB099C1AJ430010020000025", "CHFCAC": "000025", "CHFCEC": "代号", "CHFCED": "p", "point_type": 0, "symbol_no": 0, "height": 2.5, "width": 2.5, "spacing": 0.20012936, "angle": 0.34904885292053223, "_src_file": "LDZOFBB099.WT", "_src_id": 24 }, "geometry": { "type": "Point", "coordinates": [ 74.291673750941925, 39.882210569382629 ] } },
{ "type": "Feature", "properties": { "ID": 88, "FEATUREID": "OFBB099C1AJ430010020000026", "CHFCAC": "000026", "CHFCEC": "代号", "CHFCED": "N#-2", "point_type": 0, "symbol_no": 0, "height": 2.5, "width": 2.5, "spacing": 0.20012936, "angle": 0.34052696824073792, "_src_file": "LDZOFBB099.WT", "_src_id": 25 }, "geometry": { "type": "Point", "coordinates": [ 74.308782016324315, 39.848933725833966 ] } },
{ "type": "Feature", "properties": { "ID": 89, "FEATUREID": "OFBB099C1AJ430010020000027", "CHFCAC": "000027", "CHFCEC": "代号", "CHFCED": "a", "point_type": 0, "symbol_no": 0, "height": 2.5, "width": 2.5, "spacing": 0.20012936, "angle": 0.33673304319381714, "_src_file": "LDZOFBB099.WT", "_src_id": 26 }, "geometry": { "type": "Point", "coordinates": [ 74.31646481488599, 39.849408373571528 ] } },
{ "type": "Feature", "properties": { "ID": 114, "FEATUREID": "OFBB099C1AJ430010020000028", "CHFCAC": "000028", "CHFCEC": "代号", "CHFCED": "Qp#-1", "point_type": 0, "symbol_no": 0, "height": 2.5, "width": 2.5, "spacing": 0.20012936, "angle": 0.31483998894691467, "_src_file": "LDZOFBB099.WT", "_src_id": 27 }, "geometry": { "type": "Point", "coordinates": [ 74.360939851852791, 39.88858424030591 ] } },
{ "type": "Feature", "properties": { "ID": 115, "FEATUREID": "OFBB099C1AJ430010020000029", "CHFCAC": "000029", "CHFCEC": "代号", "CHFCED": "x", "point_type": 0, "symbol_no": 0, "height": 2.5, "width": 2.5, "spacing": 0.20012936, "angle": 0.30923670530319214, "_src_file": "LDZOFBB099.WT", "_src_id": 28 }, "geometry": { "type": "Point", "coordinates": [ 74.372285217572724, 39.889116736999895 ] } },
{ "type": "Feature", "properties": { "ID": 114, "FEATUREID": "OFBB099C1AJ430010020000030", "CHFCAC": "000030", "CHFCEC": "代号", "CHFCED": "Qp#-1", "point_type": 0, "symbol_no": 0, "height": 2.5, "width": 2.5, "spacing": 0.20012936, "angle": 0.39083313941955566, "_src_file": "LDZOFBB099.WT", "_src_id": 29 }, "geometry": { "type": "Point", "coordinates": [ 74.206925132449527, 39.84658577006018 ] } },
{ "type": "Feature", "properties": { "ID": 115, "FEATUREID": "OFBB099C1AJ430010020000031", "CHFCAC": "000031", "CHFCEC": "代号", "CHFCED": "x", "point_type": 0, "symbol_no": 0, "height": 2.5, "width": 2.5, "spacing": 0.20012936, "angle": 0.38455477356910706, "_src_file": "LDZOFBB099.WT", "_src_id": 30 }, "geometry": { "type": "Point", "coordinates": [ 74.219637891682197, 39.8466720139876 ] } },
{ "type": "Feature", "properties": { "ID": 74, "FEATUREID": "OFBB099C1AJ430010020000032", "CHFCAC": "000032", "CHFCEC": "代号", "CHFCED": "C#-2", "point_type": 0, "symbol_no": 0, "height": 2.5, "width": 2.5, "spacing": 0.20012936, "angle": 0.36836060881614685, "_src_file": "LDZOFBB099.WT", "_src_id": 31 }, "geometry": { "type": "Point", "coordinates": [ 74.252935818767213, 39.959289176158769 ] } },
{ "type": "Feature", "properties": { "ID": 75, "FEATUREID": "OFBB099C1AJ430010020000033", "CHFCAC": "000033", "CHFCEC": "代号", "CHFCED": "ak", "point_type": 0, "symbol_no": 0, "height": 2.5, "width": 2.5, "spacing": 0.20012936, "angle": 0.36467939615249634, "_src_file": "LDZOFBB099.WT", "_src_id": 32 }, "geometry": { "type": "Point", "coordinates": [ 74.260386252876316, 39.959513501483961 ] } },
{ "type": "Feature", "properties": { "ID": 74, "FEATUREID": "OFBB099C1AJ430010020000034", "CHFCAC": "000034", "CHFCEC": "代号", "CHFCED": "C#-2", "point_type": 0, "symbol_no": 0, "height": 2.5, "width": 2.5, "spacing": 0.20012936, "angle": 0.37809333205223083, "_src_file": "LDZOFBB099.WT", "_src_id": 33 }, "geometry": { "type": "Point", "coordinates": [ 74.233377427646118, 39.987338345153418 ] } },
{ "type": "Feature", "properties": { "ID": 75, "FEATUREID": "OFBB099C1AJ430010020000035", "CHFCAC": "000035", "CHFCEC": "代号", "CHFCED": "ak", "point_type": 0, "symbol_no": 0, "height": 2.5, "width": 2.5, "spacing": 0.200129, "angle": 0.37423744797706604, "_src_file": "LDZOFBB099.WT", "_src_id": 34 }, "geometry": { "type": "Point", "coordinates": [ 74.241173636984016, 39.987068955162123 ] } },
{ "type": "Feature", "properties": { "ID": 74, "FEATUREID": "OFBB099C1AJ430010020000036", "CHFCAC": "000036", "CHFCEC": "代号", "CHFCED": "C#-2", "point_type": 0, "symbol_no": 0, "height": 2.5, "width": 2.5, "spacing": 0.20012936, "angle": 0.37874037027359009, "_src_file": "LDZOFBB099.WT", "_src_id": 35 }, "geometry": { "type": "Point", "coordinates": [ 74.231831484350849, 39.936499168106693 ] } },
{ "type": "Feature", "properties": { "ID": 74, "FEATUREID": "OFBB099C1AJ430010020000037", "CHFCAC": "000037", "CHFCEC": "代号", "CHFCED": "C#-2", "point_type": 0, "symbol_no": 0, "height": 2.5, "width": 2.5, "spacing": 0.20012936, "angle": 0.3238503634929657, "_src_file": "LDZOFBB099.WT", "_src_id": 36 }, "geometry": { "type": "Point", "coordinates": [ 74.342865846047729, 39.928768633962129 ] } },
{ "type": "Feature", "properties": { "ID": 75, "FEATUREID": "OFBB099C1AJ430010020000038", "CHFCAC": "000038", "CHFCEC": "代号", "CHFCED": "kk", "point_type": 0, "symbol_no": 0, "height": 2.5, "width": 2.5, "spacing": 0.20012936, "angle": 0.31996715068817139, "_src_file": "LDZOFBB099.WT", "_src_id": 37 }, "geometry": { "type": "Point", "coordinates": [ 74.350723943811346, 39.928846821702173 ] } },
{ "type": "Feature", "properties": { "ID": 88, "FEATUREID": "OFBB099C1AJ430010020000039", "CHFCAC": "000039", "CHFCEC": "代号", "CHFCED": "J#-3", "point_type": 0, "symbol_no": 0, "height": 2.5, "width": 2.5, "spacing": 0.20012936, "angle": 0.2898389995098114, "_src_file": "LDZOFBB099.WT", "_src_id": 38 }, "geometry": { "type": "Point", "coordinates": [ 74.411433220909217, 39.857628004288827 ] } },
{ "type": "Feature", "properties": { "ID": 89, "FEATUREID": "OFBB099C1AJ430010020000040", "CHFCAC": "000040", "CHFCEC": "代号", "CHFCED": "kz", "point_type": 0, "symbol_no": 0, "height": 2.5, "width": 2.5, "spacing": 0.20012936, "angle": 0.28700786828994751, "_src_file": "LDZOFBB099.WT", "_src_id": 39 }, "geometry": { "type": "Point", "coordinates": [ 74.417163413005881, 39.857532373970741 ] } },
{ "type": "Feature", "properties": { "ID": 88, "FEATUREID": "OFBB099C1AJ430010020000041", "CHFCAC": "000041", "CHFCEC": "代号", "CHFCED": "N#-1", "point_type": 0, "symbol_no": 0, "height": 2.5, "width": 2.5, "spacing": 0.20012936, "angle": 0.32533237338066101, "_src_file": "LDZOFBB099.WT", "_src_id": 40 }, "geometry": { "type": "Point", "coordinates": [ 74.339453143879297, 39.827307862988263 ] } },
{ "type": "Feature", "properties": { "ID": 89, "FEATUREID": "OFBB099C1AJ430010020000042", "CHFCAC": "000042", "CHFCEC": "代号", "CHFCED": "a", "point_type": 0, "symbol_no": 0, "height": 2.5, "width": 2.5, "spacing": 0.20012936, "angle": 0.32174372673034668, "_src_file": "LDZOFBB099.WT", "_src_id": 41 }, "geometry": { "type": "Point", "coordinates": [ 74.346720999190723, 39.827204589604193 ] } },
{ "type": "Feature", "properties": { "ID": 88, "FEATUREID": "OFBB099C1AJ430010020000043", "CHFCAC": "000043", "CHFCEC": "代号", "CHFCED": "N#-1", "point_type": 0, "symbol_no": 0, "height": 2.0, "width": 2.0, "spacing": 0.0, "angle": 0.31922215223312378, "_src_file": "LDZOFBB099.WT", "_src_id": 42 }, "geometry": { "type": "Point", "coordinates": [ 74.351857159239501, 39.8347761726287 ] } },
{ "type": "Feature", "properties": { "ID": 89, "FEATUREID": "OFBB099C1AJ430010020000044", "CHFCAC": "000044", "CHFCEC": "代号", "CHFCED": "k", "point_type": 0, "symbol_no": 0, "height": 2.0, "width": 2.0, "spacing": 0.0, "angle": 0.31664735078811646, "_src_file": "LDZOFBB099.WT", "_src_id": 43 }, "geometry": { "type": "Point", "coordinates": [ 74.357067640946767, 39.834585319936679 ] } },
{ "type": "Feature", "properties": { "ID": 114, "FEATUREID": "OFBB099C1AJ430010020000045", "CHFCAC": "000045", "CHFCEC": "代号", "CHFCED": "Qp#-1", "point_type": 0, "symbol_no": 0, "height": 2.5, "width": 2.5, "spacing": 0.20012936, "angle": 0.29401010274887085, "_src_file": "LDZOFBB099.WT", "_src_id": 44 }, "geometry": { "type": "Point", "coordinates": [ 74.402785967549676, 39.803332843621334 ] } },
{ "type": "Feature", "properties": { "ID": 115, "FEATUREID": "OFBB099C1AJ430010020000046", "CHFCAC": "000046", "CHFCEC": "代号", "CHFCED": "x", "point_type": 0, "symbol_no": 0, "height": 2.5, "width": 2.5, "spacing": 0.20012936, "angle": 0.28830331563949585, "_src_file": "LDZOFBB099.WT", "_src_id": 45 }, "geometry": { "type": "Point", "coordinates": [ 74.414403278207885, 39.802643509552304 ] } },
{ "type": "Feature", "properties": { "ID": 88, "FEATUREID": "OFBB099C1AJ430010020000047", "CHFCAC": "000047", "CHFCEC": "代号", "CHFCED": "N#-2", "point_type": 0, "symbol_no": 0, "height": 2.5, "width": 2.5, "spacing": 0.20012936, "angle": 0.2933577299118042, "_src_file": "LDZOFBB099.WT", "_src_id": 46 }, "geometry": { "type": "Point", "coordinates": [ 74.404133008981361, 39.793410061239612 ] } },
{ "type": "Feature", "properties": { "ID": 89, "FEATUREID": "OFBB099C1AJ430010020000048", "CHFCAC": "000048", "CHFCEC": "代号", "CHFCED": "a", "point_type": 0, "symbol_no": 0, "height": 2.5, "width": 2.5, "spacing": 0.20012936, "angle": 0.28881904482841492, "_src_file": "LDZOFBB099.WT", "_src_id": 47 }, "geometry": { "type": "Point", "coordinates": [ 74.413263830087701, 39.793294635408195 ] } },
{ "type": "Feature", "properties": { "ID": 88, "FEATUREID": "OFBB099C1AJ430010020000049", "CHFCAC": "000049", "CHFCEC": "代号", "CHFCED": "N#-1", "point_type": 0, "symbol_no": 0, "height": 2.5, "width": 2.5, "spacing": 0.20012936, "angle": 0.37817090749740601, "_src_file": "LDZOFBB099.WT", "_src_id": 48 }, "geometry": { "type": "Point", "coordinates": [ 74.231979163644823, 39.725801053187439 ] } },
{ "type": "Feature", "properties": { "ID": 89, "FEATUREID": "OFBB099C1AJ430010020000050", "CHFCAC": "000050", "CHFCEC": "代号", "CHFCED": "a", "point_type": 0, "symbol_no": 0, "height": 2.5, "width": 2.5, "spacing": 0.20012936, "angle": 0.37482506036758423, "_src_file": "LDZOFBB099.WT", "_src_id": 49 }, "geometry": { "type": "Point", "coordinates": [ 74.238761584179699, 39.726555629374232 ] } },
{ "type": "Feature", "properties": { "ID": 88, "FEATUREID": "OFBB099C1AJ430010020000051", "CHFCAC": "000051", "CHFCEC": "代号", "CHFCED": "N#-2", "point_type": 0, "symbol_no": 0, "height": 2.5, "width": 2.5, "spacing": 0.20012936, "angle": 0.2602180540561676, "_src_file": "LDZOFBB099.WT", "_src_id": 50 }, "geometry": { "type": "Point", "coordinates": [ 74.471327814874442, 39.816653918471125 ] } },
{ "type": "Feature", "properties": { "ID": 89, "FEATUREID": "OFBB099C1AJ430010020000052", "CHFCAC": "000052", "CHFCEC": "代号", "CHFCED": "a", "point_type": 0, "symbol_no": 0, "height": 2.5, "width": 2.5, "spacing": 0.20012936, "angle": 0.25627174973487854, "_src_file": "LDZOFBB099.WT", "_src_id": 51 }, "geometry": { "type": "Point", "coordinates": [ 74.479255466756854, 39.816691538918597 ] } },
{ "type": "Feature", "properties": { "ID": 88, "FEATUREID": "OFBB099C1AJ430010020000053", "CHFCAC": "000053", "CHFCEC": "代号", "CHFCED": "N#-2", "point_type": 0, "symbol_no": 0, "height": 2.5, "width": 2.5, "spacing": 0.20012936, "angle": 0.26632827520370483, "_src_file": "LDZOFBB099.WT", "_src_id": 52 }, "geometry": { "type": "Point", "coordinates": [ 74.458803796396097, 39.790547942879009 ] } },
{ "type": "Feature", "properties": { "ID": 89, "FEATUREID": "OFBB099C1AJ430010020000054", "CHFCAC": "000054", "CHFCEC": "代号", "CHFCED": "a", "point_type": 0, "symbol_no": 0, "height": 2.5, "width": 2.5, "spacing": 0.20012936, "angle": 0.26196682453155518, "_src_file": "LDZOFBB099.WT", "_src_id": 53 }, "geometry": { "type": "Point", "coordinates": [ 74.467697703582218, 39.790165898241924 ] } },
{ "type": "Feature", "properties": { "ID": 88, "FEATUREID": "OFBB099C1AJ430010020000055", "CHFCAC": "000055", "CHFCEC": "代号", "CHFCED": "N#-1", "point_type": 0, "symbol_no": 0, "height": 2.5, "width": 2.5, "spacing": 0.20012936, "angle": 0.27109748125076294, "_src_file": "LDZOFBB099.WT", "_src_id": 54 }, "geometry": { "type": "Point", "coordinates": [ 74.449285228231048, 39.831894330885767 ] } },
{ "type": "Feature", "properties": { "ID": 89, "FEATUREID": "OFBB099C1AJ430010020000056", "CHFCAC": "000056", "CHFCEC": "代号", "CHFCED": "k", "point_type": 0, "symbol_no": 0, "height": 2.5, "width": 2.5, "spacing": 0.20012936, "angle": 0.26736149191856384, "_src_file": "LDZOFBB099.WT", "_src_id": 55 }, "geometry": { "type": "Point", "coordinates": [ 74.456913418018374, 39.831812361124662 ] } },
{ "type": "Feature", "properties": { "ID": 88, "FEATUREID": "OFBB099C1AJ430010020000057", "CHFCAC": "000057", "CHFCEC": "代号", "CHFCED": "N#-1", "point_type": 0, "symbol_no": 0, "height": 2.5, "width": 2.5, "spacing": 0.20012936, "angle": 0.39571306109428406, "_src_file": "LDZOFBB099.WT", "_src_id": 56 }, "geometry": { "type": "Point", "coordinates": [ 74.196233240239025, 39.697940989678152 ] } },
{ "type": "Feature", "properties": { "ID": 89, "FEATUREID": "OFBB099C1AJ430010020000058", "CHFCAC": "000058", "CHFCEC": "代号", "CHFCED": "k", "point_type": 0, "symbol_no": 0, "height": 2.5, "width": 2.5, "spacing": 0.20012936, "angle": 0.39211899042129517, "_src_file": "LDZOFBB099.WT", "_src_id": 57 }, "geometry": { "type": "Point", "coordinates": [ 74.203581669855637, 39.698277163972477 ] } },
{ "type": "Feature", "properties": { "ID": 114, "FEATUREID": "OFBB099C1AJ430010020000059", "CHFCAC": "000059", "CHFCEC": "代号", "CHFCED": "Qp#-1", "point_type": 0, "symbol_no": 0, "height": 2.5, "width": 2.5, "spacing": 0.20012936, "angle": 0.27329486608505249, "_src_file": "LDZOFBB099.WT", "_src_id": 58 }, "geometry": { "type": "Point", "coordinates": [ 74.444821732383218, 39.809262177758583 ] } },
{ "type": "Feature", "properties": { "ID": 115, "FEATUREID": "OFBB099C1AJ430010020000060", "CHFCAC": "000060", "CHFCEC": "代号", "CHFCED": "x", "point_type": 0, "symbol_no": 0, "height": 2.5, "width": 2.5, "spacing": 0.20012936, "angle": 0.26750326156616211, "_src_file": "LDZOFBB099.WT", "_src_id": 59 }, "geometry": { "type": "Point", "coordinates": [ 74.456487962300258, 39.809113424045222 ] } },
{ "type": "Feature", "properties": { "ID": 114, "FEATUREID": "OFBB099C1AJ430010020000061", "CHFCAC": "000061", "CHFCEC": "代号", "CHFCED": "Qp#-3", "point_type": 0, "symbol_no": 0, "height": 2.5, "width": 2.5, "spacing": 0.20012936, "angle": 0.2752290666103363, "_src_file": "LDZOFBB099.WT", "_src_id": 60 }, "geometry": { "type": "Point", "coordinates": [ 74.440729760489504, 39.777408622463163 ] } },
{ "type": "Feature", "properties": { "ID": 115, "FEATUREID": "OFBB099C1AJ430010020000062", "CHFCAC": "000062", "CHFCEC": "代号", "CHFCED": "#+pal", "point_type": 0, "symbol_no": 0, "height": 2.5, "width": 2.5, "spacing": 0.20012936, "angle": 0.27119195461273193, "_src_file": "LDZOFBB099.WT", "_src_id": 61 }, "geometry": { "type": "Point", "coordinates": [ 74.448973517592663, 39.778207183681999 ] } },
{ "type": "Feature", "properties": { "ID": 87, "FEATUREID": "OFBB099C1AJ430010020000063", "CHFCAC": "000063", "CHFCEC": "代号", "CHFCED": "E", "point_type": 0, "symbol_no": 0, "height": 2.5, "width": 2.5, "spacing": 0.20012936, "angle": 0.3538547158241272, "_src_file": "LDZOFBB099.WT", "_src_id": 62 }, "geometry": { "type": "Point", "coordinates": [ 74.281182714897241, 39.711974466840289 ] } },
{ "type": "Feature", "properties": { "ID": 88, "FEATUREID": "OFBB099C1AJ430010020000064", "CHFCAC": "000064", "CHFCEC": "代号", "CHFCED": "N#-1", "point_type": 0, "symbol_no": 0, "height": 2.5, "width": 2.5, "spacing": 0.20012936, "angle": 0.31687283515930176, "_src_file": "LDZOFBB099.WT", "_src_id": 63 }, "geometry": { "type": "Point", "coordinates": [ 74.356239836323212, 39.726969838718965 ] } },
{ "type": "Feature", "properties": { "ID": 89, "FEATUREID": "OFBB099C1AJ430010020000065", "CHFCAC": "000065", "CHFCEC": "代号", "CHFCED": "a", "point_type": 0, "symbol_no": 0, "height": 2.5, "width": 2.5, "spacing": 0.20012936, "angle": 0.31296789646148682, "_src_file": "LDZOFBB099.WT", "_src_id": 64 }, "geometry": { "type": "Point", "coordinates": [ 74.364091585345989, 39.727175349667583 ] } },
{ "type": "Feature", "properties": { "ID": 87, "FEATUREID": "OFBB099C1AJ430010020000066", "CHFCAC": "000066", "CHFCEC": "代号", "CHFCED": "E", "point_type": 0, "symbol_no": 0, "height": 2.5, "width": 2.5, "spacing": 0.20012936, "angle": 0.26028507947921753, "_src_file": "LDZOFBB099.WT", "_src_id": 65 }, "geometry": { "type": "Point", "coordinates": [ 74.470957270290384, 39.746298457977019 ] } },
{ "type": "Feature", "properties": { "ID": 87, "FEATUREID": "OFBB099C1AJ430010020000067", "CHFCAC": "000067", "CHFCEC": "代号", "CHFCED": "E", "point_type": 0, "symbol_no": 0, "height": 2.5, "width": 2.5, "spacing": 0.20012936, "angle": 0.27717992663383484, "_src_file": "LDZOFBB099.WT", "_src_id": 66 }, "geometry": { "type": "Point", "coordinates": [ 74.436623897111332, 39.715940209722518 ] } },
{ "type": "Feature", "properties": { "ID": 88, "FEATUREID": "OFBB099C1AJ430010020000068", "CHFCAC": "000068", "CHFCEC": "代号", "CHFCED": "N#-1", "point_type": 0, "symbol_no": 0, "height": 2.5, "width": 2.5, "spacing": 0.20012936, "angle": 0.26704928278923035, "_src_file": "LDZOFBB099.WT", "_src_id": 67 }, "geometry": { "type": "Point", "coordinates": [ 74.457169893790905, 39.721299862181638 ] } },
{ "type": "Feature", "properties": { "ID": 89, "FEATUREID": "OFBB099C1AJ430010020000069", "CHFCAC": "000069", "CHFCEC": "代号", "CHFCED": "k", "point_type": 0, "symbol_no": 0, "height": 2.5, "width": 2.5, "spacing": 0.20012936, "angle": 0.26297056674957275, "_src_file": "LDZOFBB099.WT", "_src_id": 68 }, "geometry": { "type": "Point", "coordinates": [ 74.465434892489128, 39.72148497936417 ] } },
{ "type": "Feature", "properties": { "ID": 88, "FEATUREID": "OFBB099C1AJ430010020000070", "CHFCAC": "000070", "CHFCEC": "代号", "CHFCED": "N#-1", "point_type": 0, "symbol_no": 0, "height": 2.25, "width": 2.25, "spacing": 0.1, "angle": 0.2570328414440155, "_src_file": "LDZOFBB099.WT", "_src_id": 69 }, "geometry": { "type": "Point", "coordinates": [ 74.477483370686826, 39.72731978386625 ] } },
{ "type": "Feature", "properties": { "ID": 89, "FEATUREID": "OFBB099C1AJ430010020000071", "CHFCAC": "000071", "CHFCEC": "代号", "CHFCED": "a", "point_type": 0, "symbol_no": 0, "height": 2.25, "width": 2.25, "spacing": 0.1, "angle": 0.25391378998756409, "_src_file": "LDZOFBB099.WT", "_src_id": 70 }, "geometry": { "type": "Point", "coordinates": [ 74.483741914603627, 39.727526852478334 ] } },
{ "type": "Feature", "properties": { "ID": 88, "FEATUREID": "OFBB099C1AJ430010020000072", "CHFCAC": "000072", "CHFCEC": "代号", "CHFCED": "N#-1", "point_type": 0, "symbol_no": 0, "height": 2.5, "width": 2.5, "spacing": 0.20012936, "angle": 0.24012623727321625, "_src_file": "LDZOFBB099.WT", "_src_id": 71 }, "geometry": { "type": "Point", "coordinates": [ 74.511652363953985, 39.698706083638953 ] } },
{ "type": "Feature", "properties": { "ID": 89, "FEATUREID": "OFBB099C1AJ430010020000073", "CHFCAC": "000073", "CHFCEC": "代号", "CHFCED": "p", "point_type": 0, "symbol_no": 0, "height": 2.5, "width": 2.5, "spacing": 0.20012936, "angle": 0.23640823364257812, "_src_file": "LDZOFBB099.WT", "_src_id": 72 }, "geometry": { "type": "Point", "coordinates": [ 74.519188020293626, 39.69902564070464 ] } },
{ "type": "Feature", "properties": { "ID": 88, "FEATUREID": "OFBB099C1AJ430010020000074", "CHFCAC": "000074", "CHFCEC": "代号", "CHFCED": "N#-1", "point_type": 0, "symbol_no": 0, "height": 2.5, "width": 2.5, "spacing": 0.20012936, "angle": 0.28639757633209229, "_src_file": "LDZOFBB099.WT", "_src_id": 73 }, "geometry": { "type": "Point", "coordinates": [ 74.417891077251625, 39.701256072369418 ] } },
{ "type": "Feature", "properties": { "ID": 89, "FEATUREID": "OFBB099C1AJ430010020000075", "CHFCAC": "000075", "CHFCEC": "代号", "CHFCED": "k", "point_type": 0, "symbol_no": 0, "height": 2.5, "width": 2.5, "spacing": 0.20012936, "angle": 0.28262299299240112, "_src_file": "LDZOFBB099.WT", "_src_id": 74 }, "geometry": { "type": "Point", "coordinates": [ 74.425540571200898, 39.701115064168441 ] } },
{ "type": "Feature", "properties": { "ID": 88, "FEATUREID": "OFBB099C1AJ430010020000076", "CHFCAC": "000076", "CHFCEC": "代号", "CHFCED": "N#-1", "point_type": 0, "symbol_no": 0, "height": 2.5, "width": 2.5, "spacing": 0.20012936, "angle": 0.24469870328903198, "_src_file": "LDZOFBB099.WT", "_src_id": 75 }, "geometry": { "type": "Point", "coordinates": [ 74.502259610321175, 39.659204706825477 ] } },
{ "type": "Feature", "properties": { "ID": 89, "FEATUREID": "OFBB099C1AJ430010020000077", "CHFCAC": "000077", "CHFCEC": "代号", "CHFCED": "k", "point_type": 0, "symbol_no": 0, "height": 2.5, "width": 2.5, "spacing": 0.20012936, "angle": 0.24110002815723419, "_src_file": "LDZOFBB099.WT", "_src_id": 76 }, "geometry": { "type": "Point", "coordinates": [ 74.509553025782651, 39.6591112766355 ] } },
{ "type": "Feature", "properties": { "ID": 88, "FEATUREID": "OFBB099C1AJ430010020000078", "CHFCAC": "000078", "CHFCEC": "代号", "CHFCED": "N#-1", "point_type": 0, "symbol_no": 0, "height": 2.5, "width": 2.5, "spacing": 0.20012936, "angle": 0.38902109861373901, "_src_file": "LDZOFBB099.WT", "_src_id": 77 }, "geometry": { "type": "Point", "coordinates": [ 74.209701645393764, 39.667332694519828 ] } },
{ "type": "Feature", "properties": { "ID": 89, "FEATUREID": "OFBB099C1AJ430010020000079", "CHFCAC": "000079", "CHFCEC": "代号", "CHFCED": "k", "point_type": 0, "symbol_no": 0, "height": 2.5, "width": 2.5, "spacing": 0.20012936, "angle": 0.38532006740570068, "_src_file": "LDZOFBB099.WT", "_src_id": 78 }, "geometry": { "type": "Point", "coordinates": [ 74.217203220863766, 39.66722303204142 ] } },
{ "type": "Feature", "properties": { "ID": 114, "FEATUREID": "OFBB099C1AJ430010020000080", "CHFCAC": "000080", "CHFCEC": "代号", "CHFCED": "Qp#-3", "point_type": 0, "symbol_no": 0, "height": 2.5, "width": 2.5, "spacing": 0.20012936, "angle": 0.37561750411987305, "_src_file": "LDZOFBB099.WT", "_src_id": 79 }, "geometry": { "type": "Point", "coordinates": [ 74.23791797509331, 39.886618720784469 ] } },
{ "type": "Feature", "properties": { "ID": 115, "FEATUREID": "OFBB099C1AJ430010020000081", "CHFCAC": "000081", "CHFCEC": "代号", "CHFCED": "#+pal", "point_type": 0, "symbol_no": 0, "height": 2.5, "width": 2.5, "spacing": 0.20012936, "angle": 0.37086603045463562, "_src_file": "LDZOFBB099.WT", "_src_id": 80 }, "geometry": { "type": "Point", "coordinates": [ 74.247475565350044, 39.88693174950307 ] } },
{ "type": "Feature", "properties": { "ID": 114, "FEATUREID": "OFBB099C1AJ430010020000082", "CHFCAC": "000082", "CHFCEC": "代号", "CHFCED": "Qp#-3", "point_type": 0, "symbol_no": 0, "height": 2.5, "width": 2.5, "spacing": 0.20012936, "angle": 0.36552709341049194, "_src_file": "LDZOFBB099.WT", "_src_id": 81 }, "geometry": { "type": "Point", "coordinates": [ 74.257910021776283, 39.792728479517059 ] } },
{ "type": "Feature", "properties": { "ID": 115, "FEATUREID": "OFBB099C1AJ430010020000083", "CHFCAC": "000083", "CHFCEC": "代号", "CHFCED": "#+pal", "point_type": 0, "symbol_no": 0, "height": 2.5, "width": 2.5, "spacing": 0.20012936, "angle": 0.36023706197738647, "_src_file": "LDZOFBB099.WT", "_src_id": 82 }, "geometry": { "type": "Point", "coordinates": [ 74.268623700048352, 39.792814815585935 ] } },
{ "type": "Feature", "properties": { "ID": 114, "FEATUREID": "OFBB099C1AJ430010020000084", "CHFCAC": "000084", "CHFCEC": "代号", "CHFCED": "Qh", "point_type": 0, "symbol_no": 0, "height": 2.5, "width": 2.5, "spacing": 0.20012936, "angle": 0.29860931634902954, "_src_file": "LDZOFBB099.WT", "_src_id": 83 }, "geometry": { "type": "Point", "coordinates": [ 74.393507673094604, 39.812527043328785 ] } },
{ "type": "Feature", "properties": { "ID": 115, "FEATUREID": "OFBB099C1AJ430010020000085", "CHFCAC": "000085", "CHFCEC": "代号", "CHFCED": "#+al", "point_type": 0, "symbol_no": 0, "height": 2.5, "width": 2.5, "spacing": 0.20012936, "angle": 0.29406085610389709, "_src_file": "LDZOFBB099.WT", "_src_id": 84 }, "geometry": { "type": "Point", "coordinates": [ 74.402719547622965, 39.812834670829481 ] } },
{ "type": "Feature", "properties": { "ID": 88, "FEATUREID": "OFBB099C1AJ430010020000086", "CHFCAC": "000086", "CHFCEC": "代号", "CHFCED": "N#-2", "point_type": 0, "symbol_no": 0, "height": 2.5, "width": 2.5, "spacing": 0.20012936, "angle": 0.37674322724342346, "_src_file": "LDZOFBB099.WT", "_src_id": 85 }, "geometry": { "type": "Point", "coordinates": [ 74.235150587078081, 39.783389111729818 ] } },
{ "type": "Feature", "properties": { "ID": 89, "FEATUREID": "OFBB099C1AJ430010020000087", "CHFCAC": "000087", "CHFCEC": "代号", "CHFCED": "a", "point_type": 0, "symbol_no": 0, "height": 2.5, "width": 2.5, "spacing": 0.20012936, "angle": 0.37254232168197632, "_src_file": "LDZOFBB099.WT", "_src_id": 86 }, "geometry": { "type": "Point", "coordinates": [ 74.243659464351467, 39.783768115184834 ] } },
{ "type": "Feature", "properties": { "ID": 88, "FEATUREID": "OFBB099C1AJ430010020000088", "CHFCAC": "000088", "CHFCEC": "代号", "CHFCED": "N#-2", "point_type": 0, "symbol_no": 0, "height": 2.5, "width": 2.5, "spacing": 0.20012936, "angle": 0.41699239611625671, "_src_file": "LDZOFBB099.WT", "_src_id": 87 }, "geometry": { "type": "Point", "coordinates": [ 74.153465523612553, 39.75145120034864 ] } },
{ "type": "Feature", "properties": { "ID": 89, "FEATUREID": "OFBB099C1AJ430010020000089", "CHFCAC": "000089", "CHFCEC": "代号", "CHFCED": "a", "point_type": 0, "symbol_no": 0, "height": 2.5, "width": 2.5, "spacing": 0.20012936, "angle": 0.41318348050117493, "_src_file": "LDZOFBB099.WT", "_src_id": 88 }, "geometry": { "type": "Point", "coordinates": [ 74.161181460788711, 39.751532053994147 ] } },
{ "type": "Feature", "properties": { "ID": 114, "FEATUREID": "OFBB099C1AJ430010020000090", "CHFCAC": "000090", "CHFCEC": "代号", "CHFCED": "Qp#-3", "point_type": 0, "symbol_no": 0, "height": 2.5, "width": 2.5, "spacing": 0.20012936, "angle": 0.44955956935882568, "_src_file": "LDZOFBB099.WT", "_src_id": 89 }, "geometry": { "type": "Point", "coordinates": [ 74.087441844600932, 39.752566782078638 ] } },
{ "type": "Feature", "properties": { "ID": 115, "FEATUREID": "OFBB099C1AJ430010020000091", "CHFCAC": "000091", "CHFCEC": "代号", "CHFCED": "#+pal", "point_type": 0, "symbol_no": 0, "height": 2.5, "width": 2.5, "spacing": 0.20012936, "angle": 0.44558611512184143, "_src_file": "LDZOFBB099.WT", "_src_id": 90 }, "geometry": { "type": "Point", "coordinates": [ 74.095497802747531, 39.753869241103615 ] } },
{ "type": "Feature", "properties": { "ID": 114, "FEATUREID": "OFBB099C1AJ430010020000092", "CHFCAC": "000092", "CHFCEC": "代号", "CHFCED": "Qh", "point_type": 0, "symbol_no": 0, "height": 2.5, "width": 2.5, "spacing": 0.20012936, "angle": 0.43865332007408142, "_src_file": "LDZOFBB099.WT", "_src_id": 91 }, "geometry": { "type": "Point", "coordinates": [ 74.109916346857119, 39.810030110784162 ] } },
{ "type": "Feature", "properties": { "ID": 115, "FEATUREID": "OFBB099C1AJ430010020000093", "CHFCAC": "000093", "CHFCEC": "代号", "CHFCED": "#+al", "point_type": 0, "symbol_no": 0, "height": 2.5, "width": 2.5, "spacing": 0.20012936, "angle": 0.43447735905647278, "_src_file": "LDZOFBB099.WT", "_src_id": 92 }, "geometry": { "type": "Point", "coordinates": [ 74.118377659514834, 39.811230104556699 ] } },
{ "type": "Feature", "properties": { "ID": 114, "FEATUREID": "OFBB099C1AJ430010020000094", "CHFCAC": "000094", "CHFCEC": "代号", "CHFCED": "Qp#-3", "point_type": 0, "symbol_no": 0, "height": 2.0, "width": 2.0, "spacing": 0.0, "angle": 0.45421957969665527, "_src_file": "LDZOFBB099.WT", "_src_id": 93 }, "geometry": { "type": "Point", "coordinates": [ 74.078461825385162, 39.821277221340623 ] } },
{ "type": "Feature", "properties": { "ID": 115, "FEATUREID": "OFBB099C1AJ430010020000095", "CHFCAC": "000095", "CHFCEC": "代号", "CHFCED": "#+pal", "point_type": 0, "symbol_no": 0, "height": 2.0, "width": 2.0, "spacing": 0.0, "angle": 0.45049908757209778, "_src_file": "LDZOFBB099.WT", "_src_id": 94 }, "geometry": { "type": "Point", "coordinates": [ 74.085993602432339, 39.821264093293706 ] } },
{ "type": "Feature", "properties": { "ID": 114, "FEATUREID": "OFBB099C1AJ430010020000096", "CHFCAC": "000096", "CHFCEC": "代号", "CHFCED": "Qp#-3", "point_type": 0, "symbol_no": 0, "height": 2.5, "width": 2.5, "spacing": 0.20012936, "angle": 0.4571172297000885, "_src_file": "LDZOFBB099.WT", "_src_id": 95 }, "geometry": { "type": "Point", "coordinates": [ 74.072778876730922, 39.853195424653691 ] } },
{ "type": "Feature", "properties": { "ID": 115, "FEATUREID": "OFBB099C1AJ430010020000097", "CHFCAC": "000097", "CHFCEC": "代号", "CHFCED": "#+pal", "point_type": 0, "symbol_no": 0, "height": 2.5, "width": 2.5, "spacing": 0.20012936, "angle": 0.45152485370635986, "_src_file": "LDZOFBB099.WT", "_src_id": 96 }, "geometry": { "type": "Point", "coordinates": [ 74.084038538881543, 39.853360388447484 ] } },
{ "type": "Feature", "properties": { "ID": 114, "FEATUREID": "OFBB099C1AJ430010020000098", "CHFCAC": "000098", "CHFCEC": "代号", "CHFCED": "Qp#-1", "point_type": 0, "symbol_no": 0, "height": 2.5, "width": 2.5, "spacing": 0.20012936, "angle": 0.43340444564819336, "_src_file": "LDZOFBB099.WT", "_src_id": 97 }, "geometry": { "type": "Point", "coordinates": [ 74.12023291047926, 39.753612240179713 ] } },
{ "type": "Feature", "properties": { "ID": 115, "FEATUREID": "OFBB099C1AJ430010020000099", "CHFCAC": "000099", "CHFCEC": "代号", "CHFCED": "x", "point_type": 0, "symbol_no": 0, "height": 2.5, "width": 2.5, "spacing": 0.20012936, "angle": 0.4275917112827301, "_src_file": "LDZOFBB099.WT", "_src_id": 98 }, "geometry": { "type": "Point", "coordinates": [ 74.132003630892811, 39.753335392382787 ] } },
{ "type": "Feature", "properties": { "ID": 114, "FEATUREID": "OFBB099C1AJ430010020000100", "CHFCAC": "000100", "CHFCEC": "代号", "CHFCED": "Qp#-1", "point_type": 0, "symbol_no": 0, "height": 2.5, "width": 2.5, "spacing": 0.20012936, "angle": 0.43429270386695862, "_src_file": "LDZOFBB099.WT", "_src_id": 99 }, "geometry": { "type": "Point", "coordinates": [ 74.118538343726172, 39.783610974992293 ] } },
{ "type": "Feature", "properties": { "ID": 115, "FEATUREID": "OFBB099C1AJ430010020000101", "CHFCAC": "000101", "CHFCEC": "代号", "CHFCED": "x", "point_type": 0, "symbol_no": 0, "height": 2.5, "width": 2.5, "spacing": 0.20012936, "angle": 0.42821106314659119, "_src_file": "LDZOFBB099.WT", "_src_id": 100 }, "geometry": { "type": "Point", "coordinates": [ 74.130851411770934, 39.783157365365199 ] } },
{ "type": "Feature", "properties": { "ID": 114, "FEATUREID": "OFBB099C1AJ430010020000102", "CHFCAC": "000102", "CHFCEC": "代号", "CHFCED": "Qp#-2", "point_type": 0, "symbol_no": 0, "height": 2.5, "width": 2.5, "spacing": 0.20012936, "angle": 0.47309735417366028, "_src_file": "LDZOFBB099.WT", "_src_id": 101 }, "geometry": { "type": "Point", "coordinates": [ 74.03992447435229, 39.77892200924876 ] } },
{ "type": "Feature", "properties": { "ID": 115, "FEATUREID": "OFBB099C1AJ430010020000103", "CHFCAC": "000103", "CHFCEC": "代号", "CHFCED": "W", "point_type": 0, "symbol_no": 0, "height": 2.5, "width": 2.5, "spacing": 0.20012936, "angle": 0.46698102355003357, "_src_file": "LDZOFBB099.WT", "_src_id": 102 }, "geometry": { "type": "Point", "coordinates": [ 74.052307722769314, 39.778676618693538 ] } },
{ "type": "Feature", "properties": { "ID": 88, "FEATUREID": "OFBB099C1AJ430010020000104", "CHFCAC": "000104", "CHFCEC": "代号", "CHFCED": "N#-2", "point_type": 0, "symbol_no": 0, "height": 2.5, "width": 2.5, "spacing": 0.20012936, "angle": 0.4410262405872345, "_src_file": "LDZOFBB099.WT", "_src_id": 103 }, "geometry": { "type": "Point", "coordinates": [ 74.104880589070021, 39.779854516857242 ] } },
{ "type": "Feature", "properties": { "ID": 89, "FEATUREID": "OFBB099C1AJ430010020000105", "CHFCAC": "000105", "CHFCEC": "代号", "CHFCED": "a", "point_type": 0, "symbol_no": 0, "height": 2.5, "width": 2.5, "spacing": 0.20012936, "angle": 0.43697759509086609, "_src_file": "LDZOFBB099.WT", "_src_id": 104 }, "geometry": { "type": "Point", "coordinates": [ 74.113079038709444, 39.780036800406201 ] } },
{ "type": "Feature", "properties": { "ID": 88, "FEATUREID": "OFBB099C1AJ430010020000106", "CHFCAC": "000106", "CHFCEC": "代号", "CHFCED": "N#-1", "point_type": 0, "symbol_no": 0, "height": 2.25, "width": 2.25, "spacing": 0.1, "angle": 0.45872712135314941, "_src_file": "LDZOFBB099.WT", "_src_id": 105 }, "geometry": { "type": "Point", "coordinates": [ 74.068460504726076, 39.683039089836605 ] } },
{ "type": "Feature", "properties": { "ID": 89, "FEATUREID": "OFBB099C1AJ430010020000107", "CHFCAC": "000107", "CHFCEC": "代号", "CHFCED": "p", "point_type": 0, "symbol_no": 0, "height": 2.25, "width": 2.25, "spacing": 0.1, "angle": 0.45559793710708618, "_src_file": "LDZOFBB099.WT", "_src_id": 106 }, "geometry": { "type": "Point", "coordinates": [ 74.07480331318547, 39.683650393124125 ] } },
{ "type": "Feature", "properties": { "ID": 88, "FEATUREID": "OFBB099C1AJ430010020000108", "CHFCAC": "000108", "CHFCEC": "代号", "CHFCED": "N#-1", "point_type": 0, "symbol_no": 0, "height": 2.5, "width": 2.5, "spacing": 0.20012936, "angle": 0.39275684952735901, "_src_file": "LDZOFBB099.WT", "_src_id": 107 }, "geometry": { "type": "Point", "coordinates": [ 74.20215348816663, 39.671884523488174 ] } },
{ "type": "Feature", "properties": { "ID": 89, "FEATUREID": "OFBB099C1AJ430010020000109", "CHFCAC": "000109", "CHFCEC": "代号", "CHFCED": "p", "point_type": 0, "symbol_no": 0, "height": 2.5, "width": 2.5, "spacing": 0.20012936, "angle": 0.38917544484138489, "_src_file": "LDZOFBB099.WT", "_src_id": 108 }, "geometry": { "type": "Point", "coordinates": [ 74.209419743016326, 39.673230089542592 ] } },
{ "type": "Feature", "properties": { "ID": 88, "FEATUREID": "OFBB099C1AJ430010020000110", "CHFCAC": "000110", "CHFCEC": "代号", "CHFCED": "N#-1", "point_type": 0, "symbol_no": 0, "height": 2.5, "width": 2.5, "spacing": 0.20012936, "angle": 0.28146255016326904, "_src_file": "LDZOFBB099.WT", "_src_id": 109 }, "geometry": { "type": "Point", "coordinates": [ 74.42798016315102, 39.742443414522917 ] } },
{ "type": "Feature", "properties": { "ID": 89, "FEATUREID": "OFBB099C1AJ430010020000111", "CHFCAC": "000111", "CHFCEC": "代号", "CHFCED": "k", "point_type": 0, "symbol_no": 0, "height": 2.5, "width": 2.5, "spacing": 0.20012936, "angle": 0.27760910987854004, "_src_file": "LDZOFBB099.WT", "_src_id": 110 }, "geometry": { "type": "Point", "coordinates": [ 74.435849558875816, 39.7426564425759 ] } },
{ "type": "Feature", "properties": { "ID": 88, "FEATUREID": "OFBB099C1AJ430010020000112", "CHFCAC": "000112", "CHFCEC": "代号", "CHFCED": "N#-1", "point_type": 0, "symbol_no": 0, "height": 2.5, "width": 2.5, "spacing": 0.20012936, "angle": 0.35455420613288879, "_src_file": "LDZOFBB099.WT", "_src_id": 111 }, "geometry": { "type": "Point", "coordinates": [ 74.279979126752991, 39.758870721773398 ] } },
{ "type": "Feature", "properties": { "ID": 89, "FEATUREID": "OFBB099C1AJ430010020000113", "CHFCAC": "000113", "CHFCEC": "代号", "CHFCED": "p", "point_type": 0, "symbol_no": 0, "height": 2.5, "width": 2.5, "spacing": 0.20012936, "angle": 0.35066670179367065, "_src_file": "LDZOFBB099.WT", "_src_id": 112 }, "geometry": { "type": "Point", "coordinates": [ 74.287855899818908, 39.759565081120115 ] } },
{ "type": "Feature", "properties": { "ID": 88, "FEATUREID": "OFBB099C1AJ430010020000114", "CHFCAC": "000114", "CHFCEC": "代号", "CHFCED": "N#-1", "point_type": 0, "symbol_no": 0, "height": 2.5, "width": 2.5, "spacing": 0.20012936, "angle": 0.36767363548278809, "_src_file": "LDZOFBB099.WT", "_src_id": 113 }, "geometry": { "type": "Point", "coordinates": [ 74.253468015241921, 39.772465476566623 ] } },
{ "type": "Feature", "properties": { "ID": 89, "FEATUREID": "OFBB099C1AJ430010020000115", "CHFCAC": "000115", "CHFCEC": "代号", "CHFCED": "p", "point_type": 0, "symbol_no": 0, "height": 2.5, "width": 2.5, "spacing": 0.20012936, "angle": 0.36368152499198914, "_src_file": "LDZOFBB099.WT", "_src_id": 114 }, "geometry": { "type": "Point", "coordinates": [ 74.261557039137685, 39.773162172555161 ] } },
{ "type": "Feature", "properties": { "ID": 88, "FEATUREID": "OFBB099C1AJ430010020000116", "CHFCAC": "000116", "CHFCEC": "代号", "CHFCED": "N#-1", "point_type": 0, "symbol_no": 0, "height": 2.5, "width": 2.5, "spacing": 0.20012936, "angle": 0.33153444528579712, "_src_file": "LDZOFBB099.WT", "_src_id": 115 }, "geometry": { "type": "Point", "coordinates": [ 74.327071110425152, 39.869313265055652 ] } },
{ "type": "Feature", "properties": { "ID": 89, "FEATUREID": "OFBB099C1AJ430010020000117", "CHFCAC": "000117", "CHFCEC": "代号", "CHFCED": "k", "point_type": 0, "symbol_no": 0, "height": 2.5, "width": 2.5, "spacing": 0.20012936, "angle": 0.32805037498474121, "_src_file": "LDZOFBB099.WT", "_src_id": 116 }, "geometry": { "type": "Point", "coordinates": [ 74.334119948340344, 39.868621109982826 ] } },
{ "type": "Feature", "properties": { "ID": 88, "FEATUREID": "OFBB099C1AJ430010020000118", "CHFCAC": "000118", "CHFCEC": "代号", "CHFCED": "D#-2", "point_type": 0, "symbol_no": 0, "height": 2.5, "width": 2.5, "spacing": 0.20012936, "angle": 0.48753723502159119, "_src_file": "LDZOFBB099.WT", "_src_id": 117 }, "geometry": { "type": "Point", "coordinates": [ 74.010010786454146, 39.672286939887485 ] } },
{ "type": "Feature", "properties": { "ID": 89, "FEATUREID": "OFBB099C1AJ430010020000119", "CHFCAC": "000119", "CHFCEC": "代号", "CHFCED": "t", "point_type": 0, "symbol_no": 0, "height": 2.5, "width": 2.5, "spacing": 0.20012936, "angle": 0.4837113618850708, "_src_file": "LDZOFBB099.WT", "_src_id": 118 }, "geometry": { "type": "Point", "coordinates": [ 74.017764694631083, 39.672389607114653 ] } },
{ "type": "Feature", "properties": { "ID": 88, "FEATUREID": "OFBB099C1AJ430010020000120", "CHFCAC": "000120", "CHFCEC": "代号", "CHFCED": "K#-1", "point_type": 0, "symbol_no": 0, "height": 2.5, "width": 2.5, "spacing": 0.20012936, "angle": 0.48605445027351379, "_src_file": "LDZOFBB099.WT", "_src_id": 119 }, "geometry": { "type": "Point", "coordinates": [ 74.013456919873917, 39.74241431914183 ] } },
{ "type": "Feature", "properties": { "ID": 89, "FEATUREID": "OFBB099C1AJ430010020000121", "CHFCAC": "000121", "CHFCEC": "代号", "CHFCED": "#=kz", "point_type": 0, "symbol_no": 0, "height": 2.5, "width": 2.5, "spacing": 0.20012936, "angle": 0.48253235220909119, "_src_file": "LDZOFBB099.WT", "_src_id": 120 }, "geometry": { "type": "Point", "coordinates": [ 74.020589402047008, 39.742256820222138 ] } },
{ "type": "Feature", "properties": { "ID": 88, "FEATUREID": "OFBB099C1AJ430010020000122", "CHFCAC": "000122", "CHFCEC": "代号", "CHFCED": "S#-3-4", "point_type": 0, "symbol_no": 0, "height": 2.5, "width": 2.5, "spacing": 0.20012936, "angle": 0.47098040580749512, "_src_file": "LDZOFBB099.WT", "_src_id": 121 }, "geometry": { "type": "Point", "coordinates": [ 74.044033663966147, 39.74937738972973 ] } },
{ "type": "Feature", "properties": { "ID": 89, "FEATUREID": "OFBB099C1AJ430010020000123", "CHFCAC": "000123", "CHFCEC": "代号", "CHFCED": "t", "point_type": 0, "symbol_no": 0, "height": 2.5, "width": 2.5, "spacing": 0.20012936, "angle": 0.46449446678161621, "_src_file": "LDZOFBB099.WT", "_src_id": 122 }, "geometry": { "type": "Point", "coordinates": [ 74.057169495236792, 39.749057612099215 ] } },
{ "type": "Feature", "properties": { "ID": 88, "FEATUREID": "OFBB099C1AJ430010020000124", "CHFCAC": "000124", "CHFCEC": "代号", "CHFCED": "S#-3-4", "point_type": 0, "symbol_no": 0, "height": 2.5, "width": 2.5, "spacing": 0.20012936, "angle": 0.46673029661178589, "_src_file": "LDZOFBB099.WT", "_src_id": 123 }, "geometry": { "type": "Point", "coordinates": [ 74.052690757770819, 39.757428288702009 ] } },
{ "type": "Feature", "properties": { "ID": 89, "FEATUREID": "OFBB099C1AJ430010020000125", "CHFCAC": "000125", "CHFCEC": "代号", "CHFCED": "t", "point_type": 0, "symbol_no": 0, "height": 2.5, "width": 2.5, "spacing": 0.20012936, "angle": 0.46028319001197815, "_src_file": "LDZOFBB099.WT", "_src_id": 124 }, "geometry": { "type": "Point", "coordinates": [ 74.065748996503331, 39.757390465934002 ] } },
{ "type": "Feature", "properties": { "ID": 88, "FEATUREID": "OFBB099C1AJ430010020000126", "CHFCAC": "000126", "CHFCEC": "代号", "CHFCED": "S#-3-4", "point_type": 0, "symbol_no": 0, "height": 2.5, "width": 2.5, "spacing": 0.20012936, "angle": 0.4574810266494751, "_src_file": "LDZOFBB099.WT", "_src_id": 125 }, "geometry": { "type": "Point", "coordinates": [ 74.07164621634881, 39.795334733545069 ] } },
{ "type": "Feature", "properties": { "ID": 89, "FEATUREID": "OFBB099C1AJ430010020000127", "CHFCAC": "000127", "CHFCEC": "代号", "CHFCED": "t", "point_type": 0, "symbol_no": 0, "height": 2.5, "width": 2.5, "spacing": 0.20012936, "angle": 0.45117121934890747, "_src_file": "LDZOFBB099.WT", "_src_id": 126 }, "geometry": { "type": "Point", "coordinates": [ 74.084486714075084, 39.795553457238249 ] } },
{ "type": "Feature", "properties": { "ID": 88, "FEATUREID": "OFBB099C1AJ430010020000128", "CHFCAC": "000128", "CHFCEC": "代号", "CHFCED": "D#-1", "point_type": 0, "symbol_no": 0, "height": 2.5, "width": 2.5, "spacing": 0.20012936, "angle": 0.46036621928215027, "_src_file": "LDZOFBB099.WT", "_src_id": 127 }, "geometry": { "type": "Point", "coordinates": [ 74.066125614196707, 39.839988720340429 ] } },
{ "type": "Feature", "properties": { "ID": 89, "FEATUREID": "OFBB099C1AJ430010020000129", "CHFCAC": "000129", "CHFCEC": "代号", "CHFCED": "s", "point_type": 0, "symbol_no": 0, "height": 2.5, "width": 2.5, "spacing": 0.20012936, "angle": 0.45633974671363831, "_src_file": "LDZOFBB099.WT", "_src_id": 128 }, "geometry": { "type": "Point", "coordinates": [ 74.074213489231198, 39.840052682256243 ] } },
{ "type": "Feature", "properties": { "ID": 88, "FEATUREID": "OFBB099C1AJ430010020000130", "CHFCAC": "000130", "CHFCEC": "代号", "CHFCED": "D#-1", "point_type": 0, "symbol_no": 0, "height": 2.5, "width": 2.5, "spacing": 0.20012936, "angle": 0.44564107060432434, "_src_file": "LDZOFBB099.WT", "_src_id": 129 }, "geometry": { "type": "Point", "coordinates": [ 74.096668483302153, 39.972386807305433 ] } },
{ "type": "Feature", "properties": { "ID": 89, "FEATUREID": "OFBB099C1AJ430010020000131", "CHFCAC": "000131", "CHFCEC": "代号", "CHFCED": "s", "point_type": 0, "symbol_no": 0, "height": 2.5, "width": 2.5, "spacing": 0.20012936, "angle": 0.44202178716659546, "_src_file": "LDZOFBB099.WT", "_src_id": 130 }, "geometry": { "type": "Point", "coordinates": [ 74.103927178118425, 39.972440889990828 ] } },
{ "type": "Feature", "properties": { "ID": 88, "FEATUREID": "OFBB099C1AJ430010020000132", "CHFCAC": "000132", "CHFCEC": "代号", "CHFCED": "D#-2", "point_type": 0, "symbol_no": 0, "height": 2.5, "width": 2.5, "spacing": 0.20012936, "angle": 0.46104937791824341, "_src_file": "LDZOFBB099.WT", "_src_id": 131 }, "geometry": { "type": "Point", "coordinates": [ 74.065323769796137, 39.952400497270403 ] } },
{ "type": "Feature", "properties": { "ID": 89, "FEATUREID": "OFBB099C1AJ430010020000133", "CHFCAC": "000133", "CHFCEC": "代号", "CHFCED": "t", "point_type": 0, "symbol_no": 0, "height": 2.5, "width": 2.5, "spacing": 0.20012936, "angle": 0.45727533102035522, "_src_file": "LDZOFBB099.WT", "_src_id": 132 }, "geometry": { "type": "Point", "coordinates": [ 74.072962016646443, 39.95261314265926 ] } },
{ "type": "Feature", "properties": { "ID": 88, "FEATUREID": "OFBB099C1AJ430010020000134", "CHFCAC": "000134", "CHFCEC": "代号", "CHFCED": "D#-1", "point_type": 0, "symbol_no": 0, "height": 2.5, "width": 2.5, "spacing": 0.20012936, "angle": 0.46078908443450928, "_src_file": "LDZOFBB099.WT", "_src_id": 133 }, "geometry": { "type": "Point", "coordinates": [ 74.065987456004066, 39.97648009700562 ] } },
{ "type": "Feature", "properties": { "ID": 89, "FEATUREID": "OFBB099C1AJ430010020000135", "CHFCAC": "000135", "CHFCEC": "代号", "CHFCED": "s", "point_type": 0, "symbol_no": 0, "height": 2.5, "width": 2.5, "spacing": 0.20012936, "angle": 0.45700469613075256, "_src_file": "LDZOFBB099.WT", "_src_id": 134 }, "geometry": { "type": "Point", "coordinates": [ 74.073641567575066, 39.976534219169665 ] } },
{ "type": "Feature", "properties": { "ID": 87, "FEATUREID": "OFBB099C1AJ430010020000136", "CHFCAC": "000136", "CHFCEC": "代号", "CHFCED": "E", "point_type": 0, "symbol_no": 0, "height": 2.5, "width": 2.5, "spacing": 0.20012936, "angle": 0.38207137584686279, "_src_file": "LDZOFBB099.WT", "_src_id": 135 }, "geometry": { "type": "Point", "coordinates": [ 74.224831565689939, 39.881813811173735 ] } },
{ "type": "Feature", "properties": { "ID": 88, "FEATUREID": "OFBB099C1AJ430010020000137", "CHFCAC": "000137", "CHFCEC": "代号", "CHFCED": "D#-1", "point_type": 0, "symbol_no": 0, "height": 2.5, "width": 2.5, "spacing": 0.20012936, "angle": 0.39372274279594421, "_src_file": "LDZOFBB099.WT", "_src_id": 136 }, "geometry": { "type": "Point", "coordinates": [ 74.201481675493966, 39.94174916144069 ] } },
{ "type": "Feature", "properties": { "ID": 89, "FEATUREID": "OFBB099C1AJ430010020000138", "CHFCAC": "000138", "CHFCEC": "代号", "CHFCED": "s", "point_type": 0, "symbol_no": 0, "height": 2.5, "width": 2.5, "spacing": 0.20012936, "angle": 0.39013144373893738, "_src_file": "LDZOFBB099.WT", "_src_id": 137 }, "geometry": { "type": "Point", "coordinates": [ 74.208749540342424, 39.942092827141963 ] } },
{ "type": "Feature", "properties": { "ID": 88, "FEATUREID": "OFBB099C1AJ430010020000139", "CHFCAC": "000139", "CHFCEC": "代号", "CHFCED": "D#-1", "point_type": 0, "symbol_no": 0, "height": 2.5, "width": 2.5, "spacing": 0.20012936, "angle": 0.4354918897151947, "_src_file": "LDZOFBB099.WT", "_src_id": 138 }, "geometry": { "type": "Point", "coordinates": [ 74.116819521972786, 39.902041283800713 ] } },
{ "type": "Feature", "properties": { "ID": 89, "FEATUREID": "OFBB099C1AJ430010020000140", "CHFCAC": "000140", "CHFCEC": "代号", "CHFCED": "s", "point_type": 0, "symbol_no": 0, "height": 2.5, "width": 2.5, "spacing": 0.20012936, "angle": 0.43205881118774414, "_src_file": "LDZOFBB099.WT", "_src_id": 139 }, "geometry": { "type": "Point", "coordinates": [ 74.123706564507174, 39.902090197150123 ] } },
{ "type": "Feature", "properties": { "ID": 88, "FEATUREID": "OFBB099C1AJ430010020000141", "CHFCAC": "000141", "CHFCEC": "代号", "CHFCED": "S#-3-4", "point_type": 0, "symbol_no": 0, "height": 2.5, "width": 2.5, "spacing": 0.20012936, "angle": 0.40178999304771423, "_src_file": "LDZOFBB099.WT", "_src_id": 140 }, "geometry": { "type": "Point", "coordinates": [ 74.185285483906299, 39.967669126906742 ] } },
{ "type": "Feature", "properties": { "ID": 89, "FEATUREID": "OFBB099C1AJ430010020000142", "CHFCAC": "000142", "CHFCEC": "代号", "CHFCED": "t", "point_type": 0, "symbol_no": 0, "height": 2.5, "width": 2.5, "spacing": 0.20012936, "angle": 0.39520648121833801, "_src_file": "LDZOFBB099.WT", "_src_id": 141 }, "geometry": { "type": "Point", "coordinates": [ 74.198664831898867, 39.967160789271418 ] } },
{ "type": "Feature", "properties": { "ID": 114, "FEATUREID": "OFBB099C1AJ430010020000143", "CHFCAC": "000143", "CHFCEC": "代号", "CHFCED": "Qp#-3", "point_type": 0, "symbol_no": 0, "height": 2.5, "width": 2.5, "spacing": 0.20012936, "angle": 0.33995667099952698, "_src_file": "LDZOFBB099.WT", "_src_id": 142 }, "geometry": { "type": "Point", "coordinates": [ 74.309816454920593, 39.820879820886766 ] } },
{ "type": "Feature", "properties": { "ID": 115, "FEATUREID": "OFBB099C1AJ430010020000144", "CHFCAC": "000144", "CHFCEC": "代号", "CHFCED": "#+pal", "point_type": 0, "symbol_no": 0, "height": 2.5, "width": 2.5, "spacing": 0.20012936, "angle": 0.3349606990814209, "_src_file": "LDZOFBB099.WT", "_src_id": 143 }, "geometry": { "type": "Point", "coordinates": [ 74.319939695382232, 39.822544136820639 ] } },
{ "type": "Feature", "properties": { "ID": 88, "FEATUREID": "OFBB099C1AJ430010020000145", "CHFCAC": "000145", "CHFCEC": "代号", "CHFCED": "K#-1", "point_type": 0, "symbol_no": 0, "height": 2.5, "width": 2.5, "spacing": 0.20012936, "angle": 0.35339581966400146, "_src_file": "LDZOFBB099.WT", "_src_id": 144 }, "geometry": { "type": "Point", "coordinates": [ 74.283095419881121, 39.93222294740427 ] } },
{ "type": "Feature", "properties": { "ID": 89, "FEATUREID": "OFBB099C1AJ430010020000146", "CHFCAC": "000146", "CHFCEC": "代号", "CHFCED": "#=kz", "point_type": 0, "symbol_no": 0, "height": 2.5, "width": 2.5, "spacing": 0.20012936, "angle": 0.34979984164237976, "_src_file": "LDZOFBB099.WT", "_src_id": 145 }, "geometry": { "type": "Point", "coordinates": [ 74.290370490851743, 39.931938451907477 ] } },
{ "type": "Feature", "properties": { "ID": 88, "FEATUREID": "OFBB099C1AJ430010020000147", "CHFCAC": "000147", "CHFCEC": "代号", "CHFCED": "J#-3", "point_type": 0, "symbol_no": 0, "height": 2.5, "width": 2.5, "spacing": 0.20012936, "angle": 0.32510346174240112, "_src_file": "LDZOFBB099.WT", "_src_id": 146 }, "geometry": { "type": "Point", "coordinates": [ 74.340418485719255, 39.950832680851491 ] } },
{ "type": "Feature", "properties": { "ID": 89, "FEATUREID": "OFBB099C1AJ430010020000148", "CHFCAC": "000148", "CHFCEC": "代号", "CHFCED": "kz", "point_type": 0, "symbol_no": 0, "height": 2.5, "width": 2.5, "spacing": 0.20012936, "angle": 0.32201129198074341, "_src_file": "LDZOFBB099.WT", "_src_id": 147 }, "geometry": { "type": "Point", "coordinates": [ 74.346671067746115, 39.949905307546437 ] } },
{ "type": "Feature", "properties": { "ID": 88, "FEATUREID": "OFBB099C1AJ430010020000149", "CHFCAC": "000149", "CHFCEC": "代号", "CHFCED": "D#-1", "point_type": 0, "symbol_no": 0, "height": 2.5, "width": 2.5, "spacing": 0.20012936, "angle": 0.47765713930130005, "_src_file": "LDZOFBB099.WT", "_src_id": 148 }, "geometry": { "type": "Point", "coordinates": [ 74.030809982206463, 39.798974432966212 ] } },
{ "type": "Feature", "properties": { "ID": 89, "FEATUREID": "OFBB099C1AJ430010020000150", "CHFCAC": "000150", "CHFCEC": "代号", "CHFCED": "s", "point_type": 0, "symbol_no": 0, "height": 2.5, "width": 2.5, "spacing": 0.20012936, "angle": 0.47381588816642761, "_src_file": "LDZOFBB099.WT", "_src_id": 149 }, "geometry": { "type": "Point", "coordinates": [ 74.038592895841546, 39.799413475677085 ] } },
{ "type": "Feature", "properties": { "ID": 88, "FEATUREID": "OFBB099C1AJ430010020000151", "CHFCAC": "000151", "CHFCEC": "代号", "CHFCED": "D#-2", "point_type": 0, "symbol_no": 0, "height": 2.5, "width": 2.5, "spacing": 0.20012936, "angle": 0.48285937309265137, "_src_file": "LDZOFBB099.WT", "_src_id": 150 }, "geometry": { "type": "Point", "coordinates": [ 74.020395953795344, 39.818261210054409 ] } },
{ "type": "Feature", "properties": { "ID": 89, "FEATUREID": "OFBB099C1AJ430010020000152", "CHFCAC": "000152", "CHFCEC": "代号", "CHFCED": "t", "point_type": 0, "symbol_no": 0, "height": 2.5, "width": 2.5, "spacing": 0.20012936, "angle": 0.47889763116836548, "_src_file": "LDZOFBB099.WT", "_src_id": 151 }, "geometry": { "type": "Point", "coordinates": [ 74.028417791601782, 39.818695388855602 ] } },
{ "type": "Feature", "properties": { "ID": 88, "FEATUREID": "OFBB099C1AJ430010020000153", "CHFCAC": "000153", "CHFCEC": "代号", "CHFCED": "S#-3-4", "point_type": 0, "symbol_no": 0, "height": 2.5, "width": 2.5, "spacing": 0.20012936, "angle": 0.46474531292915344, "_src_file": "LDZOFBB099.WT", "_src_id": 152 }, "geometry": { "type": "Point", "coordinates": [ 74.057123197356873, 39.827113673721712 ] } },
{ "type": "Feature", "properties": { "ID": 89, "FEATUREID": "OFBB099C1AJ430010020000154", "CHFCAC": "000154", "CHFCEC": "代号", "CHFCED": "t", "point_type": 0, "symbol_no": 0, "height": 2.5, "width": 2.5, "spacing": 0.20012936, "angle": 0.45844802260398865, "_src_file": "LDZOFBB099.WT", "_src_id": 153 }, "geometry": { "type": "Point", "coordinates": [ 74.069872362115206, 39.827062547177647 ] } },
{ "type": "Feature", "properties": { "ID": 87, "FEATUREID": "OFBB099C1AJ430010020000155", "CHFCAC": "000155", "CHFCEC": "代号", "CHFCED": "E", "point_type": 0, "symbol_no": 0, "height": 2.5, "width": 2.5, "spacing": 0.20012936, "angle": 0.45330405235290527, "_src_file": "LDZOFBB099.WT", "_src_id": 154 }, "geometry": { "type": "Point", "coordinates": [ 74.079815312106206, 39.734941031141069 ] } },
{ "type": "Feature", "properties": { "ID": 87, "FEATUREID": "OFBB099C1AJ430010020000156", "CHFCAC": "000156", "CHFCEC": "代号", "CHFCED": "K", "point_type": 0, "symbol_no": 0, "height": 2.5, "width": 2.5, "spacing": 0.20012936, "angle": 0.45114889740943909, "_src_file": "LDZOFBB099.WT", "_src_id": 155 }, "geometry": { "type": "Point", "coordinates": [ 74.08412051861626, 39.73496221859061 ] } },
{ "type": "Feature", "properties": { "ID": 88, "FEATUREID": "OFBB099C1AJ430010020000157", "CHFCAC": "000157", "CHFCEC": "代号", "CHFCED": "N#-1", "point_type": 0, "symbol_no": 0, "height": 2.5, "width": 2.5, "spacing": 0.20012936, "angle": 0.45129036903381348, "_src_file": "LDZOFBB099.WT", "_src_id": 156 }, "geometry": { "type": "Point", "coordinates": [ 74.084099187713988, 39.770119777549745 ] } },
{ "type": "Feature", "properties": { "ID": 89, "FEATUREID": "OFBB099C1AJ430010020000158", "CHFCAC": "000158", "CHFCEC": "代号", "CHFCED": "p", "point_type": 0, "symbol_no": 0, "height": 2.5, "width": 2.5, "spacing": 0.20012936, "angle": 0.44778260588645935, "_src_file": "LDZOFBB099.WT", "_src_id": 157 }, "geometry": { "type": "Point", "coordinates": [ 74.091143344330547, 39.770743279336145 ] } },
{ "type": "Feature", "properties": { "ID": 87, "FEATUREID": "OFBB099C1AJ430010020000159", "CHFCAC": "000159", "CHFCEC": "代号", "CHFCED": "K", "point_type": 0, "symbol_no": 0, "height": 2.5, "width": 2.5, "spacing": 0.20012936, "angle": 0.37988752126693726, "_src_file": "LDZOFBB099.WT", "_src_id": 158 }, "geometry": { "type": "Point", "coordinates": [ 74.229253296639769, 39.881930159467508 ] } },
{ "type": "Feature", "properties": { "ID": 87, "FEATUREID": "OFBB099C1AJ430010020000160", "CHFCAC": "000160", "CHFCEC": "代号", "CHFCED": "E", "point_type": 0, "symbol_no": 0, "height": 2.5, "width": 2.5, "spacing": 0.20012936, "angle": 0.31367218494415283, "_src_file": "LDZOFBB099.WT", "_src_id": 159 }, "geometry": { "type": "Point", "coordinates": [ 74.363151957830397, 39.84941514622107 ] } },
{ "type": "Feature", "properties": { "ID": 87, "FEATUREID": "OFBB099C1AJ430010020000161", "CHFCAC": "000161", "CHFCEC": "代号", "CHFCED": "K", "point_type": 0, "symbol_no": 0, "height": 2.5, "width": 2.5, "spacing": 0.20012936, "angle": 0.31164154410362244, "_src_file": "LDZOFBB099.WT", "_src_id": 160 }, "geometry": { "type": "Point", "coordinates": [ 74.367261760717994, 39.849326627185221 ] } },
{ "type": "Feature", "properties": { "ID": 87, "FEATUREID": "OFBB099C1AJ430010020000162", "CHFCAC": "000162", "CHFCEC": "代号", "CHFCED": "K", "point_type": 0, "symbol_no": 0, "height": 2.5, "width": 2.5, "spacing": 0.20012936, "angle": 0.32613089680671692, "_src_file": "LDZOFBB099.WT", "_src_id": 161 }, "geometry": { "type": "Point", "coordinates": [ 74.33804964149067, 39.878971829890723 ] } },
{ "type": "Feature", "properties": { "ID": 87, "FEATUREID": "OFBB099C1AJ430010020000163", "CHFCAC": "000163", "CHFCEC": "代号", "CHFCED": "K", "point_type": 0, "symbol_no": 0, "height": 2.5, "width": 2.5, "spacing": 0.20012936, "angle": 0.27514564990997314, "_src_file": "LDZOFBB099.WT", "_src_id": 162 }, "geometry": { "type": "Point", "coordinates": [ 74.440746766321055, 39.716195162650962 ] } },
{ "type": "Feature", "properties": { "ID": 87, "FEATUREID": "OFBB099C1AJ430010020000164", "CHFCAC": "000164", "CHFCEC": "代号", "CHFCED": "E", "point_type": 0, "symbol_no": 0, "height": 2.5, "width": 2.5, "spacing": 0.20012936, "angle": 0.26947718858718872, "_src_file": "LDZOFBB099.WT", "_src_id": 163 }, "geometry": { "type": "Point", "coordinates": [ 74.452105804033465, 39.680373497672569 ] } },
{ "type": "Feature", "properties": { "ID": 87, "FEATUREID": "OFBB099C1AJ430010020000165", "CHFCAC": "000165", "CHFCEC": "代号", "CHFCED": "K", "point_type": 0, "symbol_no": 0, "height": 2.5, "width": 2.5, "spacing": 0.20012936, "angle": 0.26727861166000366, "_src_file": "LDZOFBB099.WT", "_src_id": 164 }, "geometry": { "type": "Point", "coordinates": [ 74.456564649679692, 39.680620898341552 ] } },
{ "type": "Feature", "properties": { "ID": 87, "FEATUREID": "OFBB099C1AJ430010020000166", "CHFCAC": "000166", "CHFCEC": "代号", "CHFCED": "K", "point_type": 0, "symbol_no": 0, "height": 2.5, "width": 2.5, "spacing": 0.20012936, "angle": 0.3516724705696106, "_src_file": "LDZOFBB099.WT", "_src_id": 165 }, "geometry": { "type": "Point", "coordinates": [ 74.285666400809077, 39.711993505163903 ] } },
{ "type": "Feature", "properties": { "ID": 88, "FEATUREID": "OFBB099C1AJ430010020000167", "CHFCAC": "000167", "CHFCEC": "代号", "CHFCED": "K#-1", "point_type": 0, "symbol_no": 0, "height": 2.5, "width": 2.5, "spacing": 0.20012936, "angle": 0.37793615460395813, "_src_file": "LDZOFBB099.WT", "_src_id": 166 }, "geometry": { "type": "Point", "coordinates": [ 74.233368029193187, 39.916863195720602 ] } },
{ "type": "Feature", "properties": { "ID": 89, "FEATUREID": "OFBB099C1AJ430010020000168", "CHFCAC": "000168", "CHFCEC": "代号", "CHFCED": "#=kz", "point_type": 0, "symbol_no": 0, "height": 2.5, "width": 2.5, "spacing": 0.20012936, "angle": 0.37432169914245605, "_src_file": "LDZOFBB099.WT", "_src_id": 167 }, "geometry": { "type": "Point", "coordinates": [ 74.240679952734482, 39.916797199657786 ] } },
{ "type": "Feature", "properties": { "ID": 114, "FEATUREID": "OFBB099C1AJ430010020000169", "CHFCAC": "000169", "CHFCEC": "代号", "CHFCED": "Qp#-3", "point_type": 0, "symbol_no": 0, "height": 2.5, "width": 2.5, "spacing": 0.20012936, "angle": 0.32493507862091064, "_src_file": "LDZOFBB099.WT", "_src_id": 168 }, "geometry": { "type": "Point", "coordinates": [ 74.340427905824811, 39.85386344372224 ] } },
{ "type": "Feature", "properties": { "ID": 115, "FEATUREID": "OFBB099C1AJ430010020000170", "CHFCAC": "000170", "CHFCEC": "代号", "CHFCED": "#+pal", "point_type": 0, "symbol_no": 0, "height": 2.5, "width": 2.5, "spacing": 0.20012936, "angle": 0.32037076354026794, "_src_file": "LDZOFBB099.WT", "_src_id": 169 }, "geometry": { "type": "Point", "coordinates": [ 74.349607969239401, 39.854257512841407 ] } },
{ "type": "Feature", "properties": { "ID": 81, "FEATUREID": "OFBB099C1AJ430010020000171", "CHFCAC": "000171", "CHFCEC": "代号", "CHFCED": "D#-3", "point_type": 0, "symbol_no": 0, "height": 2.5, "width": 2.5, "spacing": 0.20012936, "angle": 0.27559733390808105, "_src_file": "LDZOFBB099.WT", "_src_id": 170 }, "geometry": { "type": "Point", "coordinates": [ 74.440665935544587, 39.975586324177094 ] } },
{ "type": "Feature", "properties": { "ID": 88, "FEATUREID": "OFBB099C1AJ430010020000172", "CHFCAC": "000172", "CHFCEC": "代号", "CHFCED": "D#-2", "point_type": 0, "symbol_no": 0, "height": 2.5, "width": 2.5, "spacing": 0.200129, "angle": 0.45338535308837891, "_src_file": "LDZOFBB099.WT", "_src_id": 171 }, "geometry": { "type": "Point", "coordinates": [ 74.080995686951866, 39.915918728771878 ] } },
{ "type": "Feature", "properties": { "ID": 89, "FEATUREID": "OFBB099C1AJ430010020000173", "CHFCAC": "000173", "CHFCEC": "代号", "CHFCED": "t", "point_type": 0, "symbol_no": 0, "height": 2.5, "width": 2.5, "spacing": 0.20012936, "angle": 0.44943103194236755, "_src_file": "LDZOFBB099.WT", "_src_id": 172 }, "geometry": { "type": "Point", "coordinates": [ 74.088627945917921, 39.916130297784051 ] } },
{ "type": "Feature", "properties": { "ID": 87, "FEATUREID": "OFBB099C1AJ430010020000174", "CHFCAC": "000174", "CHFCEC": "代号", "CHFCED": "K", "point_type": 0, "symbol_no": 0, "height": 2.5, "width": 2.5, "spacing": 0.200129, "angle": 0.25779497623443604, "_src_file": "LDZOFBB099.WT", "_src_id": 173 }, "geometry": { "type": "Point", "coordinates": [ 74.476004049199133, 39.746321354863106 ] } },
{ "type": "Feature", "properties": { "ID": 88, "FEATUREID": "OFBB099C1AJ430010020000175", "CHFCAC": "000175", "CHFCEC": "代号", "CHFCED": "J#-3", "point_type": 0, "symbol_no": 0, "height": 2.0, "width": 2.0, "spacing": 0.0, "angle": 0.33658221364021301, "_src_file": "LDZOFBB099.WT", "_src_id": 174 }, "geometry": { "type": "Point", "coordinates": [ 74.317039752898097, 39.913889080573341 ] } },
{ "type": "Feature", "properties": { "ID": 89, "FEATUREID": "OFBB099C1AJ430010020000176", "CHFCAC": "000176", "CHFCEC": "代号", "CHFCED": "kz", "point_type": 0, "symbol_no": 0, "height": 2.0, "width": 2.0, "spacing": 0.200129, "angle": 0.33444005250930786, "_src_file": "LDZOFBB099.WT", "_src_id": 175 }, "geometry": { "type": "Point", "coordinates": [ 74.321373874223454, 39.913895850226105 ] } },
{ "type": "Feature", "properties": { "ID": 1, "FEATUREID": "OFBB099C1AJ430010020000177", "CHFCAC": "000177", "CHFCEC": "代号", "CHFCED": "Qh", "point_type": 0, "symbol_no": 0, "height": 2.5, "width": 2.5, "spacing": 0.1, "angle": 0.21716806292533875, "_src_file": "LDZOFBB099.WT", "_src_id": 176 }, "geometry": { "type": "Point", "coordinates": [ 74.558143988559209, 39.687197553926737 ] } },
{ "type": "Feature", "properties": { "ID": 2, "FEATUREID": "OFBB099C1AJ430010020000178", "CHFCAC": "000178", "CHFCEC": "代号", "CHFCED": "#+al", "point_type": 0, "symbol_no": 0, "height": 2.5, "width": 2.5, "spacing": 0.1, "angle": 0.21324269473552704, "_src_file": "LDZOFBB099.WT", "_src_id": 177 }, "geometry": { "type": "Point", "coordinates": [ 74.56610343294399, 39.68823810875449 ] } },
{ "type": "Feature", "properties": { "ID": 1, "FEATUREID": "OFBB099C1AJ430010020000179", "CHFCAC": "000179", "CHFCEC": "代号", "CHFCED": "Qh", "point_type": 0, "symbol_no": 0, "height": 2.5, "width": 2.5, "spacing": 0.1, "angle": 0.13665789365768433, "_src_file": "LDZOFBB099.WT", "_src_id": 178 }, "geometry": { "type": "Point", "coordinates": [ 74.721403148104287, 39.73614759617957 ] } },
{ "type": "Feature", "properties": { "ID": 2, "FEATUREID": "OFBB099C1AJ430010020000180", "CHFCAC": "000180", "CHFCEC": "代号", "CHFCED": "#+al", "point_type": 0, "symbol_no": 0, "height": 2.5, "width": 2.5, "spacing": 0.1, "angle": 0.13317885994911194, "_src_file": "LDZOFBB099.WT", "_src_id": 179 }, "geometry": { "type": "Point", "coordinates": [ 74.728455088446367, 39.737299373546549 ] } },
{ "type": "Feature", "properties": { "ID": 1, "FEATUREID": "OFBB099C1AJ430010020000181", "CHFCAC": "000181", "CHFCEC": "代号", "CHFCED": "Qh", "point_type": 0, "symbol_no": 0, "height": 2.5, "width": 2.5, "spacing": 0.1, "angle": 0.099257074296474457, "_src_file": "LDZOFBB099.WT", "_src_id": 180 }, "geometry": { "type": "Point", "coordinates": [ 74.797187037179825, 39.738154455412818 ] } },
{ "type": "Feature", "properties": { "ID": 2, "FEATUREID": "OFBB099C1AJ430010020000182", "CHFCAC": "000182", "CHFCEC": "代号", "CHFCED": "#+al", "point_type": 0, "symbol_no": 0, "height": 2.5, "width": 2.5, "spacing": 0.1, "angle": 0.095690079033374786, "_src_file": "LDZOFBB099.WT", "_src_id": 181 }, "geometry": { "type": "Point", "coordinates": [ 74.804477337117646, 39.7392112170686 ] } },
{ "type": "Feature", "properties": { "ID": 9, "FEATUREID": "OFBB099C1AJ430010020000183", "CHFCAC": "000183", "CHFCEC": "代号", "CHFCED": "#+pal", "point_type": 0, "symbol_no": 0, "height": 2.5, "width": 2.5, "spacing": 0.1, "angle": 0.053994365036487579, "_src_file": "LDZOFBB099.WT", "_src_id": 182 }, "geometry": { "type": "Point", "coordinates": [ 74.888988508477794, 39.784838381709001 ] } },
{ "type": "Feature", "properties": { "ID": 10, "FEATUREID": "OFBB099C1AJ430010020000184", "CHFCAC": "000184", "CHFCEC": "代号", "CHFCED": "Qp#-3", "point_type": 0, "symbol_no": 0, "height": 2.5, "width": 2.5, "spacing": 0.1, "angle": 0.058995630592107773, "_src_file": "LDZOFBB099.WT", "_src_id": 183 }, "geometry": { "type": "Point", "coordinates": [ 74.878858080339228, 39.78459574886999 ] } },
{ "type": "Feature", "properties": { "ID": 9, "FEATUREID": "OFBB099C1AJ430010020000185", "CHFCAC": "000185", "CHFCEC": "代号", "CHFCED": "#+pal", "point_type": 0, "symbol_no": 0, "height": 2.5, "width": 2.5, "spacing": 0.1, "angle": 0.031977754086256027, "_src_file": "LDZOFBB099.WT", "_src_id": 184 }, "geometry": { "type": "Point", "coordinates": [ 74.933580472045151, 39.775692681569971 ] } },
{ "type": "Feature", "properties": { "ID": 10, "FEATUREID": "OFBB099C1AJ430010020000186", "CHFCAC": "000186", "CHFCEC": "代号", "CHFCED": "Qp#-3", "point_type": 0, "symbol_no": 0, "height": 2.5, "width": 2.5, "spacing": 0.1, "angle": 0.036214932799339294, "_src_file": "LDZOFBB099.WT", "_src_id": 185 }, "geometry": { "type": "Point", "coordinates": [ 74.924995106366922, 39.77504164447658 ] } },
{ "type": "Feature", "properties": { "ID": 15, "FEATUREID": "OFBB099C1AJ430010020000187", "CHFCAC": "000187", "CHFCEC": "代号", "CHFCED": "Qp#-1", "point_type": 0, "symbol_no": 0, "height": 2.5, "width": 2.5, "spacing": 0.1, "angle": 0.07871188223361969, "_src_file": "LDZOFBB099.WT", "_src_id": 186 }, "geometry": { "type": "Point", "coordinates": [ 74.838890903604991, 39.753088674025634 ] } },
{ "type": "Feature", "properties": { "ID": 16, "FEATUREID": "OFBB099C1AJ430010020000188", "CHFCAC": "000188", "CHFCEC": "代号", "CHFCED": "x", "point_type": 0, "symbol_no": 0, "height": 2.5, "width": 2.5, "spacing": 0.1, "angle": 0.072817787528038025, "_src_file": "LDZOFBB099.WT", "_src_id": 187 }, "geometry": { "type": "Point", "coordinates": [ 74.850831936672321, 39.753042980512518 ] } },
{ "type": "Feature", "properties": { "ID": 15, "FEATUREID": "OFBB099C1AJ430010020000189", "CHFCAC": "000189", "CHFCEC": "代号", "CHFCED": "N#-1", "point_type": 0, "symbol_no": 0, "height": 2.5, "width": 2.5, "spacing": 0.1, "angle": 0.073846444487571716, "_src_file": "LDZOFBB099.WT", "_src_id": 188 }, "geometry": { "type": "Point", "coordinates": [ 74.848723380200781, 39.726707642576329 ] } },
{ "type": "Feature", "properties": { "ID": 16, "FEATUREID": "OFBB099C1AJ430010020000190", "CHFCAC": "000190", "CHFCEC": "代号", "CHFCED": "p", "point_type": 0, "symbol_no": 0, "height": 2.5, "width": 2.5, "spacing": 0.1, "angle": 0.070226795971393585, "_src_file": "LDZOFBB099.WT", "_src_id": 189 }, "geometry": { "type": "Point", "coordinates": [ 74.856057148598538, 39.727099928553528 ] } },
{ "type": "Feature", "properties": { "ID": 15, "FEATUREID": "OFBB099C1AJ430010020000191", "CHFCAC": "000191", "CHFCEC": "代号", "CHFCED": "N#-1", "point_type": 0, "symbol_no": 0, "height": 2.5, "width": 2.5, "spacing": 0.1, "angle": 0.17891103029251099, "_src_file": "LDZOFBB099.WT", "_src_id": 190 }, "geometry": { "type": "Point", "coordinates": [ 74.635635901751812, 39.667504156996465 ] } },
{ "type": "Feature", "properties": { "ID": 16, "FEATUREID": "OFBB099C1AJ430010020000192", "CHFCAC": "000192", "CHFCEC": "代号", "CHFCED": "p", "point_type": 0, "symbol_no": 0, "height": 2.5, "width": 2.5, "spacing": 0.1, "angle": 0.1751735657453537, "_src_file": "LDZOFBB099.WT", "_src_id": 191 }, "geometry": { "type": "Point", "coordinates": [ 74.643275311116554, 39.667814169335408 ] } },
{ "type": "Feature", "properties": { "ID": 15, "FEATUREID": "OFBB099C1AJ430010020000193", "CHFCAC": "000193", "CHFCEC": "代号", "CHFCED": "N#-1", "point_type": 0, "symbol_no": 0, "height": 2.5, "width": 2.5, "spacing": 0.1, "angle": 0.21099439263343811, "_src_file": "LDZOFBB099.WT", "_src_id": 192 }, "geometry": { "type": "Point", "coordinates": [ 74.570735536527295, 39.715574613565416 ] } },
{ "type": "Feature", "properties": { "ID": 16, "FEATUREID": "OFBB099C1AJ430010020000194", "CHFCAC": "000194", "CHFCEC": "代号", "CHFCED": "p", "point_type": 0, "symbol_no": 0, "height": 2.5, "width": 2.5, "spacing": 0.1, "angle": 0.20724387466907501, "_src_file": "LDZOFBB099.WT", "_src_id": 193 }, "geometry": { "type": "Point", "coordinates": [ 74.578335748594242, 39.71608207372973 ] } },
{ "type": "Feature", "properties": { "ID": 15, "FEATUREID": "OFBB099C1AJ430010020000195", "CHFCAC": "000195", "CHFCEC": "代号", "CHFCED": "N#-1", "point_type": 0, "symbol_no": 0, "height": 2.5, "width": 2.5, "spacing": 0.1, "angle": 0.20382064580917358, "_src_file": "LDZOFBB099.WT", "_src_id": 194 }, "geometry": { "type": "Point", "coordinates": [ 74.585376876761259, 39.755698466758247 ] } },
{ "type": "Feature", "properties": { "ID": 16, "FEATUREID": "OFBB099C1AJ430010020000196", "CHFCAC": "000196", "CHFCEC": "代号", "CHFCED": "k", "point_type": 0, "symbol_no": 0, "height": 2.5, "width": 2.5, "spacing": 0.1, "angle": 0.19997362792491913, "_src_file": "LDZOFBB099.WT", "_src_id": 195 }, "geometry": { "type": "Point", "coordinates": [ 74.593169152371928, 39.755632234913769 ] } },
{ "type": "Feature", "properties": { "ID": 15, "FEATUREID": "OFBB099C1AJ430010020000197", "CHFCAC": "000197", "CHFCEC": "代号", "CHFCED": "N#-2", "point_type": 0, "symbol_no": 0, "height": 2.5, "width": 2.5, "spacing": 0.1, "angle": 0.24132348597049713, "_src_file": "LDZOFBB099.WT", "_src_id": 196 }, "geometry": { "type": "Point", "coordinates": [ 74.509455943914205, 39.793104968293946 ] } },
{ "type": "Feature", "properties": { "ID": 16, "FEATUREID": "OFBB099C1AJ430010020000198", "CHFCAC": "000198", "CHFCEC": "代号", "CHFCED": "a", "point_type": 0, "symbol_no": 0, "height": 2.5, "width": 2.5, "spacing": 0.1, "angle": 0.23739853501319885, "_src_file": "LDZOFBB099.WT", "_src_id": 197 }, "geometry": { "type": "Point", "coordinates": [ 74.517467125776051, 39.793125503363754 ] } },
{ "type": "Feature", "properties": { "ID": 15, "FEATUREID": "OFBB099C1AJ430010020000199", "CHFCAC": "000199", "CHFCEC": "代号", "CHFCED": "N#-2", "point_type": 0, "symbol_no": 0, "height": 2.5, "width": 2.5, "spacing": 0.1, "angle": 0.21962745487689972, "_src_file": "LDZOFBB099.WT", "_src_id": 198 }, "geometry": { "type": "Point", "coordinates": [ 74.553482022755631, 39.801213030627324 ] } },
{ "type": "Feature", "properties": { "ID": 16, "FEATUREID": "OFBB099C1AJ430010020000200", "CHFCAC": "000200", "CHFCEC": "代号", "CHFCED": "a", "point_type": 0, "symbol_no": 0, "height": 2.5, "width": 2.5, "spacing": 0.1, "angle": 0.21599768102169037, "_src_file": "LDZOFBB099.WT", "_src_id": 199 }, "geometry": { "type": "Point", "coordinates": [ 74.560831281337983, 39.801250732936538 ] } },
{ "type": "Feature", "properties": { "ID": 15, "FEATUREID": "OFBB099C1AJ430010020000201", "CHFCAC": "000201", "CHFCEC": "代号", "CHFCED": "N#-1", "point_type": 0, "symbol_no": 0, "height": 2.5, "width": 2.5, "spacing": 0.1, "angle": 0.2117919921875, "_src_file": "LDZOFBB099.WT", "_src_id": 200 }, "geometry": { "type": "Point", "coordinates": [ 74.569372736862036, 39.809432234769595 ] } },
{ "type": "Feature", "properties": { "ID": 16, "FEATUREID": "OFBB099C1AJ430010020000202", "CHFCAC": "000202", "CHFCEC": "代号", "CHFCED": "p", "point_type": 0, "symbol_no": 0, "height": 2.5, "width": 2.5, "spacing": 0.1, "angle": 0.20824524760246277, "_src_file": "LDZOFBB099.WT", "_src_id": 201 }, "geometry": { "type": "Point", "coordinates": [ 74.576555690917971, 39.810305748661726 ] } },
{ "type": "Feature", "properties": { "ID": 15, "FEATUREID": "OFBB099C1AJ430010020000203", "CHFCAC": "000203", "CHFCEC": "代号", "CHFCED": "N#-1", "point_type": 0, "symbol_no": 0, "height": 2.5, "width": 2.5, "spacing": 0.1, "angle": 0.1822723001241684, "_src_file": "LDZOFBB099.WT", "_src_id": 202 }, "geometry": { "type": "Point", "coordinates": [ 74.629131857549879, 39.799959595707342 ] } },
{ "type": "Feature", "properties": { "ID": 16, "FEATUREID": "OFBB099C1AJ430010020000204", "CHFCAC": "000204", "CHFCEC": "代号", "CHFCED": "k", "point_type": 0, "symbol_no": 0, "height": 2.5, "width": 2.5, "spacing": 0.1, "angle": 0.17852772772312164, "_src_file": "LDZOFBB099.WT", "_src_id": 203 }, "geometry": { "type": "Point", "coordinates": [ 74.636716748179637, 39.799983780462547 ] } },
{ "type": "Feature", "properties": { "ID": 15, "FEATUREID": "OFBB099C1AJ430010020000205", "CHFCAC": "000205", "CHFCEC": "代号", "CHFCED": "N#-1", "point_type": 0, "symbol_no": 0, "height": 2.5, "width": 2.5, "spacing": 0.1, "angle": 0.23547534644603729, "_src_file": "LDZOFBB099.WT", "_src_id": 204 }, "geometry": { "type": "Point", "coordinates": [ 74.521391710474148, 39.823811395752159 ] } },
{ "type": "Feature", "properties": { "ID": 16, "FEATUREID": "OFBB099C1AJ430010020000206", "CHFCAC": "000206", "CHFCEC": "代号", "CHFCED": "p", "point_type": 0, "symbol_no": 0, "height": 2.5, "width": 2.5, "spacing": 0.1, "angle": 0.23160289227962494, "_src_file": "LDZOFBB099.WT", "_src_id": 205 }, "geometry": { "type": "Point", "coordinates": [ 74.529295959930124, 39.824485774601079 ] } },
{ "type": "Feature", "properties": { "ID": 15, "FEATUREID": "OFBB099C1AJ430010020000207", "CHFCAC": "000207", "CHFCEC": "代号", "CHFCED": "N#-1", "point_type": 0, "symbol_no": 0, "height": 2.5, "width": 2.5, "spacing": 0.1, "angle": 0.19437265396118164, "_src_file": "LDZOFBB099.WT", "_src_id": 206 }, "geometry": { "type": "Point", "coordinates": [ 74.604465681858585, 39.735053515034714 ] } },
{ "type": "Feature", "properties": { "ID": 16, "FEATUREID": "OFBB099C1AJ430010020000208", "CHFCAC": "000208", "CHFCEC": "代号", "CHFCED": "a", "point_type": 0, "symbol_no": 0, "height": 2.5, "width": 2.5, "spacing": 0.1, "angle": 0.19052356481552124, "_src_file": "LDZOFBB099.WT", "_src_id": 207 }, "geometry": { "type": "Point", "coordinates": [ 74.612264654794302, 39.735175937127543 ] } },
{ "type": "Feature", "properties": { "ID": 15, "FEATUREID": "OFBB099C1AJ430010020000209", "CHFCAC": "000209", "CHFCEC": "代号", "CHFCED": "N#-1", "point_type": 0, "symbol_no": 0, "height": 2.5, "width": 2.5, "spacing": 0.1, "angle": 0.13825094699859619, "_src_file": "LDZOFBB099.WT", "_src_id": 208 }, "geometry": { "type": "Point", "coordinates": [ 74.718208476218365, 39.718735315119197 ] } },
{ "type": "Feature", "properties": { "ID": 16, "FEATUREID": "OFBB099C1AJ430010020000210", "CHFCAC": "000210", "CHFCEC": "代号", "CHFCED": "k", "point_type": 0, "symbol_no": 0, "height": 2.5, "width": 2.5, "spacing": 0.1, "angle": 0.13481603562831879, "_src_file": "LDZOFBB099.WT", "_src_id": 209 }, "geometry": { "type": "Point", "coordinates": [ 74.725167191637425, 39.718373155300775 ] } },
{ "type": "Feature", "properties": { "ID": 70, "FEATUREID": "OFBB099C1AJ430010020000211", "CHFCAC": "000211", "CHFCEC": "代号", "CHFCED": "Qp#-3", "point_type": 0, "symbol_no": 0, "height": 2.5, "width": 2.5, "spacing": 0.1, "angle": 0.11338243633508682, "_src_file": "LDZOFBB099.WT", "_src_id": 210 }, "geometry": { "type": "Point", "coordinates": [ 74.768637360505252, 39.743826406542148 ] } },
{ "type": "Feature", "properties": { "ID": 71, "FEATUREID": "OFBB099C1AJ430010020000212", "CHFCAC": "000212", "CHFCEC": "代号", "CHFCED": "#+pal", "point_type": 0, "symbol_no": 0, "height": 2.5, "width": 2.5, "spacing": 0.1, "angle": 0.10890398919582367, "_src_file": "LDZOFBB099.WT", "_src_id": 211 }, "geometry": { "type": "Point", "coordinates": [ 74.777711546020328, 39.744289928217071 ] } },
{ "type": "Feature", "properties": { "ID": 72, "FEATUREID": "OFBB099C1AJ430010020000213", "CHFCAC": "000213", "CHFCEC": "代号", "CHFCED": "Qp#-1", "point_type": 0, "symbol_no": 0, "height": 2.5, "width": 2.5, "spacing": 0.1, "angle": 0.095342688262462616, "_src_file": "LDZOFBB099.WT", "_src_id": 212 }, "geometry": { "type": "Point", "coordinates": [ 74.805223260882556, 39.774098482751107 ] } },
{ "type": "Feature", "properties": { "ID": 73, "FEATUREID": "OFBB099C1AJ430010020000214", "CHFCAC": "000214", "CHFCEC": "代号", "CHFCED": "x", "point_type": 0, "symbol_no": 0, "height": 2.5, "width": 2.5, "spacing": 0.1, "angle": 0.089934363961219788, "_src_file": "LDZOFBB099.WT", "_src_id": 213 }, "geometry": { "type": "Point", "coordinates": [ 74.81611566555226, 39.773904801596359 ] } },
{ "type": "Feature", "properties": { "ID": 15, "FEATUREID": "OFBB099C1AJ430010020000215", "CHFCAC": "000215", "CHFCEC": "代号", "CHFCED": "N#-1", "point_type": 0, "symbol_no": 0, "height": 2.5, "width": 2.5, "spacing": 0.1, "angle": 0.16625922918319702, "_src_file": "LDZOFBB099.WT", "_src_id": 214 }, "geometry": { "type": "Point", "coordinates": [ 74.661547369764705, 39.792043149207217 ] } },
{ "type": "Feature", "properties": { "ID": 16, "FEATUREID": "OFBB099C1AJ430010020000216", "CHFCAC": "000216", "CHFCEC": "代号", "CHFCED": "a", "point_type": 0, "symbol_no": 0, "height": 2.5, "width": 2.5, "spacing": 0.1, "angle": 0.16225305199623108, "_src_file": "LDZOFBB099.WT", "_src_id": 215 }, "geometry": { "type": "Point", "coordinates": [ 74.669661993141119, 39.792296301791104 ] } },
{ "type": "Feature", "properties": { "ID": 15, "FEATUREID": "OFBB099C1AJ430010020000217", "CHFCAC": "000217", "CHFCEC": "代号", "CHFCED": "N#-1", "point_type": 0, "symbol_no": 0, "height": 2.5, "width": 2.5, "spacing": 0.1, "angle": 0.14889734983444214, "_src_file": "LDZOFBB099.WT", "_src_id": 216 }, "geometry": { "type": "Point", "coordinates": [ 74.696673853781434, 39.772239930237689 ] } },
{ "type": "Feature", "properties": { "ID": 16, "FEATUREID": "OFBB099C1AJ430010020000218", "CHFCAC": "000218", "CHFCEC": "代号", "CHFCED": "p", "point_type": 0, "symbol_no": 0, "height": 2.5, "width": 2.5, "spacing": 0.1, "angle": 0.14526994526386261, "_src_file": "LDZOFBB099.WT", "_src_id": 217 }, "geometry": { "type": "Point", "coordinates": [ 74.704021117348717, 39.772438818811693 ] } },
{ "type": "Feature", "properties": { "ID": 70, "FEATUREID": "OFBB099C1AJ430010020000219", "CHFCAC": "000219", "CHFCEC": "代号", "CHFCED": "Qp#-3", "point_type": 0, "symbol_no": 0, "height": 2.5, "width": 2.5, "spacing": 0.1, "angle": 0.14691375195980072, "_src_file": "LDZOFBB099.WT", "_src_id": 218 }, "geometry": { "type": "Point", "coordinates": [ 74.70077383018841, 39.782478786457311 ] } },
{ "type": "Feature", "properties": { "ID": 71, "FEATUREID": "OFBB099C1AJ430010020000220", "CHFCAC": "000220", "CHFCEC": "代号", "CHFCED": "#+pal", "point_type": 0, "symbol_no": 0, "height": 2.5, "width": 2.5, "spacing": 0.1, "angle": 0.14240381121635437, "_src_file": "LDZOFBB099.WT", "_src_id": 219 }, "geometry": { "type": "Point", "coordinates": [ 74.709845246566175, 39.782038227767714 ] } },
{ "type": "Feature", "properties": { "ID": 15, "FEATUREID": "OFBB099C1AJ430010020000221", "CHFCAC": "000221", "CHFCEC": "代号", "CHFCED": "N#-1", "point_type": 0, "symbol_no": 0, "height": 2.5, "width": 2.5, "spacing": 0.1, "angle": 0.12300216406583786, "_src_file": "LDZOFBB099.WT", "_src_id": 220 }, "geometry": { "type": "Point", "coordinates": [ 74.74911726655337, 39.764120142342584 ] } },
{ "type": "Feature", "properties": { "ID": 16, "FEATUREID": "OFBB099C1AJ430010020000222", "CHFCAC": "000222", "CHFCEC": "代号", "CHFCED": "a", "point_type": 0, "symbol_no": 0, "height": 2.5, "width": 2.5, "spacing": 0.1, "angle": 0.11924172937870026, "_src_file": "LDZOFBB099.WT", "_src_id": 221 }, "geometry": { "type": "Point", "coordinates": [ 74.756735677989241, 39.764513213027868 ] } },
{ "type": "Feature", "properties": { "ID": 15, "FEATUREID": "OFBB099C1AJ430010020000223", "CHFCAC": "000223", "CHFCEC": "代号", "CHFCED": "N#-1", "point_type": 0, "symbol_no": 0, "height": 2.5, "width": 2.5, "spacing": 0.1, "angle": 0.16593176126480103, "_src_file": "LDZOFBB099.WT", "_src_id": 222 }, "geometry": { "type": "Point", "coordinates": [ 74.66224143360445, 39.80722218901645 ] } },
{ "type": "Feature", "properties": { "ID": 16, "FEATUREID": "OFBB099C1AJ430010020000224", "CHFCAC": "000224", "CHFCEC": "代号", "CHFCED": "k", "point_type": 0, "symbol_no": 0, "height": 2.5, "width": 2.5, "spacing": 0.1, "angle": 0.16223016381263733, "_src_file": "LDZOFBB099.WT", "_src_id": 223 }, "geometry": { "type": "Point", "coordinates": [ 74.669799908394864, 39.806827110970445 ] } },
{ "type": "Feature", "properties": { "ID": 86, "FEATUREID": "OFBB099C1AJ430010020000225", "CHFCAC": "000225", "CHFCEC": "代号", "CHFCED": "Qp#-3", "point_type": 0, "symbol_no": 0, "height": 2.5, "width": 2.5, "spacing": 0.1, "angle": 0.13735544681549072, "_src_file": "LDZOFBB099.WT", "_src_id": 224 }, "geometry": { "type": "Point", "coordinates": [ 74.720132888299361, 39.817261575176801 ] } },
{ "type": "Feature", "properties": { "ID": 87, "FEATUREID": "OFBB099C1AJ430010020000226", "CHFCAC": "000226", "CHFCEC": "代号", "CHFCED": "#+pal", "point_type": 0, "symbol_no": 0, "height": 2.5, "width": 2.5, "spacing": 0.1, "angle": 0.13258771598339081, "_src_file": "LDZOFBB099.WT", "_src_id": 225 }, "geometry": { "type": "Point", "coordinates": [ 74.729787856444773, 39.817185029769469 ] } },
{ "type": "Feature", "properties": { "ID": 86, "FEATUREID": "OFBB099C1AJ430010020000227", "CHFCAC": "000227", "CHFCEC": "代号", "CHFCED": "Qp#-3", "point_type": 0, "symbol_no": 0, "height": 2.5, "width": 2.5, "spacing": 0.1, "angle": 0.22800616919994354, "_src_file": "LDZOFBB099.WT", "_src_id": 226 }, "geometry": { "type": "Point", "coordinates": [ 74.536692991343614, 39.863974293877888 ] } },
{ "type": "Feature", "properties": { "ID": 87, "FEATUREID": "OFBB099C1AJ430010020000228", "CHFCAC": "000228", "CHFCEC": "代号", "CHFCED": "#+pal", "point_type": 0, "symbol_no": 0, "height": 2.5, "width": 2.5, "spacing": 0.1, "angle": 0.22358351945877075, "_src_file": "LDZOFBB099.WT", "_src_id": 227 }, "geometry": { "type": "Point", "coordinates": [ 74.545647522834798, 39.864383550179291 ] } },
{ "type": "Feature", "properties": { "ID": 86, "FEATUREID": "OFBB099C1AJ430010020000229", "CHFCAC": "000229", "CHFCEC": "代号", "CHFCED": "Qp#-3", "point_type": 0, "symbol_no": 0, "height": 2.5, "width": 2.5, "spacing": 0.1, "angle": 0.20493465662002563, "_src_file": "LDZOFBB099.WT", "_src_id": 228 }, "geometry": { "type": "Point", "coordinates": [ 74.583376582423611, 39.854782821680786 ] } },
{ "type": "Feature", "properties": { "ID": 87, "FEATUREID": "OFBB099C1AJ430010020000230", "CHFCAC": "000230", "CHFCEC": "代号", "CHFCED": "#+pal", "point_type": 0, "symbol_no": 0, "height": 2.5, "width": 2.5, "spacing": 0.1, "angle": 0.20041286945343018, "_src_file": "LDZOFBB099.WT", "_src_id": 229 }, "geometry": { "type": "Point", "coordinates": [ 74.592529815951124, 39.854594356726729 ] } },
{ "type": "Feature", "properties": { "ID": 90, "FEATUREID": "OFBB099C1AJ430010020000231", "CHFCAC": "000231", "CHFCEC": "代号", "CHFCED": "K#-1", "point_type": 0, "symbol_no": 0, "height": 2.5, "width": 2.5, "spacing": 0.1, "angle": 0.2122391015291214, "_src_file": "LDZOFBB099.WT", "_src_id": 230 }, "geometry": { "type": "Point", "coordinates": [ 74.568628382328043, 39.869940508560546 ] } },
{ "type": "Feature", "properties": { "ID": 91, "FEATUREID": "OFBB099C1AJ430010020000232", "CHFCAC": "000232", "CHFCEC": "代号", "CHFCED": "#=kz", "point_type": 0, "symbol_no": 0, "height": 2.5, "width": 2.5, "spacing": 0.1, "angle": 0.20875692367553711, "_src_file": "LDZOFBB099.WT", "_src_id": 231 }, "geometry": { "type": "Point", "coordinates": [ 74.575675339192372, 39.869831120233712 ] } },
{ "type": "Feature", "properties": { "ID": 90, "FEATUREID": "OFBB099C1AJ430010020000233", "CHFCAC": "000233", "CHFCEC": "代号", "CHFCED": "J#-1", "point_type": 0, "symbol_no": 0, "height": 2.5, "width": 2.5, "spacing": 0.1, "angle": 0.15543524920940399, "_src_file": "LDZOFBB099.WT", "_src_id": 232 }, "geometry": { "type": "Point", "coordinates": [ 74.683581204127279, 39.848860873504272 ] } },
{ "type": "Feature", "properties": { "ID": 91, "FEATUREID": "OFBB099C1AJ430010020000234", "CHFCAC": "000234", "CHFCEC": "代号", "CHFCED": "k", "point_type": 0, "symbol_no": 0, "height": 2.5, "width": 2.5, "spacing": 0.1, "angle": 0.15271508693695068, "_src_file": "LDZOFBB099.WT", "_src_id": 233 }, "geometry": { "type": "Point", "coordinates": [ 74.689085733393597, 39.848362835346869 ] } },
{ "type": "Feature", "properties": { "ID": 90, "FEATUREID": "OFBB099C1AJ430010020000235", "CHFCAC": "000235", "CHFCEC": "代号", "CHFCED": "J#-1", "point_type": 0, "symbol_no": 0, "height": 2.5, "width": 2.5, "spacing": 0.1, "angle": 0.15495356917381287, "_src_file": "LDZOFBB099.WT", "_src_id": 234 }, "geometry": { "type": "Point", "coordinates": [ 74.684575289545862, 39.859634279427077 ] } },
{ "type": "Feature", "properties": { "ID": 91, "FEATUREID": "OFBB099C1AJ430010020000236", "CHFCAC": "000236", "CHFCEC": "代号", "CHFCED": "sh", "point_type": 0, "symbol_no": 0, "height": 2.5, "width": 2.5, "spacing": 0.1, "angle": 0.15248538553714752, "_src_file": "LDZOFBB099.WT", "_src_id": 235 }, "geometry": { "type": "Point", "coordinates": [ 74.689573783469243, 39.859395053336975 ] } },
{ "type": "Feature", "properties": { "ID": 90, "FEATUREID": "OFBB099C1AJ430010020000237", "CHFCAC": "000237", "CHFCEC": "代号", "CHFCED": "J#-1", "point_type": 0, "symbol_no": 0, "height": 2.5, "width": 2.5, "spacing": 0.1, "angle": 0.13599324226379395, "_src_file": "LDZOFBB099.WT", "_src_id": 236 }, "geometry": { "type": "Point", "coordinates": [ 74.723003226739067, 39.846615574125408 ] } },
{ "type": "Feature", "properties": { "ID": 91, "FEATUREID": "OFBB099C1AJ430010020000238", "CHFCAC": "000238", "CHFCEC": "代号", "CHFCED": "sh", "point_type": 0, "symbol_no": 0, "height": 2.5, "width": 2.5, "spacing": 0.1, "angle": 0.13368387520313263, "_src_file": "LDZOFBB099.WT", "_src_id": 237 }, "geometry": { "type": "Point", "coordinates": [ 74.727677651505616, 39.846379825044764 ] } },
{ "type": "Feature", "properties": { "ID": 90, "FEATUREID": "OFBB099C1AJ430010020000239", "CHFCAC": "000239", "CHFCEC": "代号", "CHFCED": "J#-1", "point_type": 0, "symbol_no": 0, "height": 2.5, "width": 2.5, "spacing": 0.1, "angle": 0.13438184559345245, "_src_file": "LDZOFBB099.WT", "_src_id": 238 }, "geometry": { "type": "Point", "coordinates": [ 74.726177896349398, 39.832217496179709 ] } },
{ "type": "Feature", "properties": { "ID": 91, "FEATUREID": "OFBB099C1AJ430010020000240", "CHFCAC": "000240", "CHFCEC": "代号", "CHFCED": "k", "point_type": 0, "symbol_no": 0, "height": 2.5, "width": 2.5, "spacing": 0.1, "angle": 0.1317053884267807, "_src_file": "LDZOFBB099.WT", "_src_id": 239 }, "geometry": { "type": "Point", "coordinates": [ 74.73166087581393, 39.831978356091632 ] } },
{ "type": "Feature", "properties": { "ID": 90, "FEATUREID": "OFBB099C1AJ430010020000241", "CHFCAC": "000241", "CHFCEC": "代号", "CHFCED": "K#-1", "point_type": 0, "symbol_no": 0, "height": 2.5, "width": 2.5, "spacing": 0.1, "angle": 0.15129970014095306, "_src_file": "LDZOFBB099.WT", "_src_id": 240 }, "geometry": { "type": "Point", "coordinates": [ 74.6919842299355, 39.831974102395293 ] } },
{ "type": "Feature", "properties": { "ID": 91, "FEATUREID": "OFBB099C1AJ430010020000242", "CHFCAC": "000242", "CHFCEC": "代号", "CHFCED": "#=kz", "point_type": 0, "symbol_no": 0, "height": 2.5, "width": 2.5, "spacing": 0.1, "angle": 0.14778275787830353, "_src_file": "LDZOFBB099.WT", "_src_id": 241 }, "geometry": { "type": "Point", "coordinates": [ 74.699041710028098, 39.831871814736736 ] } },
{ "type": "Feature", "properties": { "ID": 90, "FEATUREID": "OFBB099C1AJ430010020000243", "CHFCAC": "000243", "CHFCEC": "代号", "CHFCED": "J#-1", "point_type": 0, "symbol_no": 0, "height": 2.5, "width": 2.5, "spacing": 0.1, "angle": 0.12383130937814713, "_src_file": "LDZOFBB099.WT", "_src_id": 242 }, "geometry": { "type": "Point", "coordinates": [ 74.74760696892595, 39.833129447892475 ] } },
{ "type": "Feature", "properties": { "ID": 91, "FEATUREID": "OFBB099C1AJ430010020000244", "CHFCAC": "000244", "CHFCEC": "代号", "CHFCED": "k", "point_type": 0, "symbol_no": 0, "height": 2.5, "width": 2.5, "spacing": 0.1, "angle": 0.12117000669240952, "_src_file": "LDZOFBB099.WT", "_src_id": 243 }, "geometry": { "type": "Point", "coordinates": [ 74.752933687597945, 39.832899240992241 ] } },
{ "type": "Feature", "properties": { "ID": 90, "FEATUREID": "OFBB099C1AJ430010020000245", "CHFCAC": "000245", "CHFCEC": "代号", "CHFCED": "J#-1", "point_type": 0, "symbol_no": 0, "height": 2.5, "width": 2.5, "spacing": 0.1, "angle": 0.10698609054088593, "_src_file": "LDZOFBB099.WT", "_src_id": 244 }, "geometry": { "type": "Point", "coordinates": [ 74.781705162825773, 39.824332673383338 ] } },
{ "type": "Feature", "properties": { "ID": 91, "FEATUREID": "OFBB099C1AJ430010020000246", "CHFCAC": "000246", "CHFCEC": "代号", "CHFCED": "k", "point_type": 0, "symbol_no": 0, "height": 2.5, "width": 2.5, "spacing": 0.1, "angle": 0.10447732359170914, "_src_file": "LDZOFBB099.WT", "_src_id": 245 }, "geometry": { "type": "Point", "coordinates": [ 74.786723530519097, 39.824234087444665 ] } },
{ "type": "Feature", "properties": { "ID": 90, "FEATUREID": "OFBB099C1AJ430010020000247", "CHFCAC": "000247", "CHFCEC": "代号", "CHFCED": "J#-1", "point_type": 0, "symbol_no": 0, "height": 2.5, "width": 2.5, "spacing": 0.1, "angle": 0.073696218430995941, "_src_file": "LDZOFBB099.WT", "_src_id": 246 }, "geometry": { "type": "Point", "coordinates": [ 74.849121983988027, 39.82981642158029 ] } },
{ "type": "Feature", "properties": { "ID": 91, "FEATUREID": "OFBB099C1AJ430010020000248", "CHFCAC": "000248", "CHFCEC": "代号", "CHFCED": "k", "point_type": 0, "symbol_no": 0, "height": 2.5, "width": 2.5, "spacing": 0.1, "angle": 0.071017980575561523, "_src_file": "LDZOFBB099.WT", "_src_id": 247 }, "geometry": { "type": "Point", "coordinates": [ 74.854484199510452, 39.829461148415511 ] } },
{ "type": "Feature", "properties": { "ID": 90, "FEATUREID": "OFBB099C1AJ430010020000249", "CHFCAC": "000249", "CHFCEC": "代号", "CHFCED": "K#-1", "point_type": 0, "symbol_no": 0, "height": 2.5, "width": 2.5, "spacing": 0.1, "angle": 0.091221697628498077, "_src_file": "LDZOFBB099.WT", "_src_id": 248 }, "geometry": { "type": "Point", "coordinates": [ 74.813545324273861, 39.806536257094024 ] } },
{ "type": "Feature", "properties": { "ID": 91, "FEATUREID": "OFBB099C1AJ430010020000250", "CHFCAC": "000250", "CHFCEC": "代号", "CHFCED": "#=kz", "point_type": 0, "symbol_no": 0, "height": 2.5, "width": 2.5, "spacing": 0.1, "angle": 0.087285056710243225, "_src_file": "LDZOFBB099.WT", "_src_id": 249 }, "geometry": { "type": "Point", "coordinates": [ 74.82158068171529, 39.806408014152424 ] } },
{ "type": "Feature", "properties": { "ID": 90, "FEATUREID": "OFBB099C1AJ430010020000251", "CHFCAC": "000251", "CHFCEC": "代号", "CHFCED": "K#-1", "point_type": 0, "symbol_no": 0, "height": 2.5, "width": 2.5, "spacing": 0.1, "angle": 0.11446569114923477, "_src_file": "LDZOFBB099.WT", "_src_id": 250 }, "geometry": { "type": "Point", "coordinates": [ 74.766537020299864, 39.80910719114933 ] } },
{ "type": "Feature", "properties": { "ID": 91, "FEATUREID": "OFBB099C1AJ430010020000252", "CHFCAC": "000252", "CHFCEC": "代号", "CHFCED": "#=kz", "point_type": 0, "symbol_no": 0, "height": 2.5, "width": 2.5, "spacing": 0.1, "angle": 0.11066801100969315, "_src_file": "LDZOFBB099.WT", "_src_id": 251 }, "geometry": { "type": "Point", "coordinates": [ 74.774163816120804, 39.808747928654931 ] } },
{ "type": "Feature", "properties": { "ID": 15, "FEATUREID": "OFBB099C1AJ430010020000253", "CHFCAC": "000253", "CHFCEC": "代号", "CHFCED": "N#-1", "point_type": 0, "symbol_no": 0, "height": 2.0, "width": 2.0, "spacing": 0.1, "angle": 0.1081753671169281, "_src_file": "LDZOFBB099.WT", "_src_id": 252 }, "geometry": { "type": "Point", "coordinates": [ 74.779239299597023, 39.781934679507998 ] } },
{ "type": "Feature", "properties": { "ID": 16, "FEATUREID": "OFBB099C1AJ430010020000254", "CHFCAC": "000254", "CHFCEC": "代号", "CHFCED": "a", "point_type": 0, "symbol_no": 0, "height": 2.0, "width": 2.0, "spacing": 0.1, "angle": 0.10530730336904526, "_src_file": "LDZOFBB099.WT", "_src_id": 253 }, "geometry": { "type": "Point", "coordinates": [ 74.784986916376994, 39.781938321947159 ] } },
{ "type": "Feature", "properties": { "ID": 15, "FEATUREID": "OFBB099C1AJ430010020000255", "CHFCAC": "000255", "CHFCEC": "代号", "CHFCED": "N#-1", "point_type": 0, "symbol_no": 0, "height": 2.0, "width": 2.0, "spacing": 0.1, "angle": 0.094515152275562286, "_src_file": "LDZOFBB099.WT", "_src_id": 254 }, "geometry": { "type": "Point", "coordinates": [ 74.80691334091722, 39.786516811580313 ] } },
{ "type": "Feature", "properties": { "ID": 16, "FEATUREID": "OFBB099C1AJ430010020000256", "CHFCAC": "000256", "CHFCEC": "代号", "CHFCED": "k", "point_type": 0, "symbol_no": 0, "height": 2.0, "width": 2.0, "spacing": 0.1, "angle": 0.091717354953289032, "_src_file": "LDZOFBB099.WT", "_src_id": 255 }, "geometry": { "type": "Point", "coordinates": [ 74.812519173191859, 39.786249028392 ] } },
{ "type": "Feature", "properties": { "ID": 15, "FEATUREID": "OFBB099C1AJ430010020000257", "CHFCAC": "000257", "CHFCEC": "代号", "CHFCED": "N#-1", "point_type": 0, "symbol_no": 0, "height": 2.0, "width": 2.0, "spacing": 0.1, "angle": 0.084111198782920837, "_src_file": "LDZOFBB099.WT", "_src_id": 256 }, "geometry": { "type": "Point", "coordinates": [ 74.827971063336904, 39.770861932516468 ] } },
{ "type": "Feature", "properties": { "ID": 16, "FEATUREID": "OFBB099C1AJ430010020000258", "CHFCAC": "000258", "CHFCEC": "代号", "CHFCED": "p", "point_type": 0, "symbol_no": 0, "height": 2.0, "width": 2.0, "spacing": 0.1, "angle": 0.081277638673782349, "_src_file": "LDZOFBB099.WT", "_src_id": 257 }, "geometry": { "type": "Point", "coordinates": [ 74.833711789292693, 39.771590696790135 ] } },
{ "type": "Feature", "properties": { "ID": 15, "FEATUREID": "OFBB099C1AJ430010020000259", "CHFCAC": "000259", "CHFCEC": "代号", "CHFCED": "N#-1", "point_type": 0, "symbol_no": 0, "height": 2.5, "width": 2.5, "spacing": 0.1, "angle": 0.042245939373970032, "_src_file": "LDZOFBB099.WT", "_src_id": 258 }, "geometry": { "type": "Point", "coordinates": [ 74.912765715846604, 39.750944139926354 ] } },
{ "type": "Feature", "properties": { "ID": 16, "FEATUREID": "OFBB099C1AJ430010020000260", "CHFCAC": "000260", "CHFCEC": "代号", "CHFCED": "k", "point_type": 0, "symbol_no": 0, "height": 2.5, "width": 2.5, "spacing": 0.1, "angle": 0.038687370717525482, "_src_file": "LDZOFBB099.WT", "_src_id": 259 }, "geometry": { "type": "Point", "coordinates": [ 74.919975180192182, 39.750726140148899 ] } },
{ "type": "Feature", "properties": { "ID": 9, "FEATUREID": "OFBB099C1AJ430010020000261", "CHFCAC": "000261", "CHFCEC": "代号", "CHFCED": "#+al", "point_type": 0, "symbol_no": 0, "height": 2.5, "width": 2.5, "spacing": 0.1, "angle": 0.026775339618325233, "_src_file": "LDZOFBB099.WT", "_src_id": 260 }, "geometry": { "type": "Point", "coordinates": [ 74.944107025720527, 39.745558633397792 ] } },
{ "type": "Feature", "properties": { "ID": 10, "FEATUREID": "OFBB099C1AJ430010020000262", "CHFCAC": "000262", "CHFCEC": "代号", "CHFCED": "Qh", "point_type": 0, "symbol_no": 0, "height": 2.5, "width": 2.5, "spacing": 0.1, "angle": 0.030627807602286339, "_src_file": "LDZOFBB099.WT", "_src_id": 261 }, "geometry": { "type": "Point", "coordinates": [ 74.936301422985082, 39.744686456092069 ] } },
{ "type": "Feature", "properties": { "ID": 15, "FEATUREID": "OFBB099C1AJ430010020000263", "CHFCAC": "000263", "CHFCEC": "代号", "CHFCED": "N#-1", "point_type": 0, "symbol_no": 0, "height": 2.5, "width": 2.5, "spacing": 0.1, "angle": 0.02625388465821743, "_src_file": "LDZOFBB099.WT", "_src_id": 262 }, "geometry": { "type": "Point", "coordinates": [ 74.945157996215258, 39.725121226520592 ] } },
{ "type": "Feature", "properties": { "ID": 16, "FEATUREID": "OFBB099C1AJ430010020000264", "CHFCAC": "000264", "CHFCEC": "代号", "CHFCED": "k", "point_type": 0, "symbol_no": 0, "height": 2.5, "width": 2.5, "spacing": 0.1, "angle": 0.022715380415320396, "_src_file": "LDZOFBB099.WT", "_src_id": 263 }, "geometry": { "type": "Point", "coordinates": [ 74.95232709767167, 39.725101015159318 ] } },
{ "type": "Feature", "properties": { "ID": 90, "FEATUREID": "OFBB099C1AJ430010020000265", "CHFCAC": "000265", "CHFCEC": "代号", "CHFCED": "K#-1", "point_type": 0, "symbol_no": 0, "height": 2.5, "width": 2.5, "spacing": 0.1, "angle": 0.014328550547361374, "_src_file": "LDZOFBB099.WT", "_src_id": 264 }, "geometry": { "type": "Point", "coordinates": [ 74.969331565925827, 39.774574360010995 ] } },
{ "type": "Feature", "properties": { "ID": 91, "FEATUREID": "OFBB099C1AJ430010020000266", "CHFCAC": "000266", "CHFCEC": "代号", "CHFCED": "#=kz", "point_type": 0, "symbol_no": 0, "height": 2.5, "width": 2.5, "spacing": 0.1, "angle": 0.010956920683383942, "_src_file": "LDZOFBB099.WT", "_src_id": 265 }, "geometry": { "type": "Point", "coordinates": [ 74.976161401163026, 39.77465363080124 ] } },
{ "type": "Feature", "properties": { "ID": 90, "FEATUREID": "OFBB099C1AJ430010020000267", "CHFCAC": "000267", "CHFCEC": "代号", "CHFCED": "J#-1", "point_type": 0, "symbol_no": 0, "height": 2.5, "width": 2.5, "spacing": 0.1, "angle": 0.034284345805644989, "_src_file": "LDZOFBB099.WT", "_src_id": 266 }, "geometry": { "type": "Point", "coordinates": [ 74.928925832704749, 39.820588919753085 ] } },
{ "type": "Feature", "properties": { "ID": 91, "FEATUREID": "OFBB099C1AJ430010020000268", "CHFCAC": "000268", "CHFCEC": "代号", "CHFCED": "k", "point_type": 0, "symbol_no": 0, "height": 2.5, "width": 2.5, "spacing": 0.1, "angle": 0.031700752675533295, "_src_file": "LDZOFBB099.WT", "_src_id": 267 }, "geometry": { "type": "Point", "coordinates": [ 74.934158736163127, 39.820343813256287 ] } },
{ "type": "Feature", "properties": { "ID": 90, "FEATUREID": "OFBB099C1AJ430010020000269", "CHFCAC": "000269", "CHFCEC": "代号", "CHFCED": "J#-1", "point_type": 0, "symbol_no": 0, "height": 2.5, "width": 2.5, "spacing": 0.1, "angle": 0.01697029173374176, "_src_file": "LDZOFBB099.WT", "_src_id": 268 }, "geometry": { "type": "Point", "coordinates": [ 74.963989069746646, 39.829682079306295 ] } },
{ "type": "Feature", "properties": { "ID": 91, "FEATUREID": "OFBB099C1AJ430010020000270", "CHFCAC": "000270", "CHFCEC": "代号", "CHFCED": "sh", "point_type": 0, "symbol_no": 0, "height": 2.5, "width": 2.5, "spacing": 0.1, "angle": 0.014466887339949608, "_src_file": "LDZOFBB099.WT", "_src_id": 269 }, "geometry": { "type": "Point", "coordinates": [ 74.969060377630811, 39.829581113293727 ] } },
{ "type": "Feature", "properties": { "ID": 90, "FEATUREID": "OFBB099C1AJ430010020000271", "CHFCAC": "000271", "CHFCEC": "代号", "CHFCED": "J#-2", "point_type": 0, "symbol_no": 0, "height": 2.5, "width": 2.5, "spacing": 0.1, "angle": 0.034756109118461609, "_src_file": "LDZOFBB099.WT", "_src_id": 270 }, "geometry": { "type": "Point", "coordinates": [ 74.927958701402545, 39.7903676211453 ] } },
{ "type": "Feature", "properties": { "ID": 91, "FEATUREID": "OFBB099C1AJ430010020000272", "CHFCAC": "000272", "CHFCEC": "代号", "CHFCED": "y", "point_type": 0, "symbol_no": 0, "height": 2.5, "width": 2.5, "spacing": 0.1, "angle": 0.032226592302322388, "_src_file": "LDZOFBB099.WT", "_src_id": 271 }, "geometry": { "type": "Point", "coordinates": [ 74.933081391213207, 39.790934078751341 ] } },
{ "type": "Feature", "properties": { "ID": 90, "FEATUREID": "OFBB099C1AJ430010020000273", "CHFCAC": "000273", "CHFCEC": "代号", "CHFCED": "J#-1", "point_type": 0, "symbol_no": 0, "height": 2.5, "width": 2.5, "spacing": 0.1, "angle": 0.065128624439239502, "_src_file": "LDZOFBB099.WT", "_src_id": 272 }, "geometry": { "type": "Point", "coordinates": [ 74.866471568435927, 39.906617762599417 ] } },
{ "type": "Feature", "properties": { "ID": 91, "FEATUREID": "OFBB099C1AJ430010020000274", "CHFCAC": "000274", "CHFCEC": "代号", "CHFCED": "k", "point_type": 0, "symbol_no": 0, "height": 2.5, "width": 2.5, "spacing": 0.1, "angle": 0.062352139502763748, "_src_file": "LDZOFBB099.WT", "_src_id": 273 }, "geometry": { "type": "Point", "coordinates": [ 74.872152622153294, 39.906210150572299 ] } },
{ "type": "Feature", "properties": { "ID": 90, "FEATUREID": "OFBB099C1AJ430010020000275", "CHFCAC": "000275", "CHFCEC": "代号", "CHFCED": "T#-3", "point_type": 0, "symbol_no": 0, "height": 2.5, "width": 2.5, "spacing": 0.1, "angle": 0.039674602448940277, "_src_file": "LDZOFBB099.WT", "_src_id": 274 }, "geometry": { "type": "Point", "coordinates": [ 74.918045345469338, 39.891983620193351 ] } },
{ "type": "Feature", "properties": { "ID": 91, "FEATUREID": "OFBB099C1AJ430010020000276", "CHFCAC": "000276", "CHFCEC": "代号", "CHFCED": "t", "point_type": 0, "symbol_no": 0, "height": 2.5, "width": 2.5, "spacing": 0.1, "angle": 0.036301247775554657, "_src_file": "LDZOFBB099.WT", "_src_id": 275 }, "geometry": { "type": "Point", "coordinates": [ 74.924871604677051, 39.891905577722497 ] } },
{ "type": "Feature", "properties": { "ID": 90, "FEATUREID": "OFBB099C1AJ430010020000277", "CHFCAC": "000277", "CHFCEC": "代号", "CHFCED": "T#-3", "point_type": 0, "symbol_no": 0, "height": 2.5, "width": 2.5, "spacing": 0.1, "angle": 0.017375577241182327, "_src_file": "LDZOFBB099.WT", "_src_id": 276 }, "geometry": { "type": "Point", "coordinates": [ 74.963177483577283, 39.865365819180766 ] } },
{ "type": "Feature", "properties": { "ID": 91, "FEATUREID": "OFBB099C1AJ430010020000278", "CHFCAC": "000278", "CHFCEC": "代号", "CHFCED": "t", "point_type": 0, "symbol_no": 0, "height": 2.5, "width": 2.5, "spacing": 0.1, "angle": 0.014293509535491467, "_src_file": "LDZOFBB099.WT", "_src_id": 277 }, "geometry": { "type": "Point", "coordinates": [ 74.969415210172912, 39.86542490320749 ] } },
{ "type": "Feature", "properties": { "ID": 90, "FEATUREID": "OFBB099C1AJ430010020000279", "CHFCAC": "000279", "CHFCEC": "代号", "CHFCED": "J#-1", "point_type": 0, "symbol_no": 0, "height": 2.5, "width": 2.5, "spacing": 0.1, "angle": 0.008112606592476368, "_src_file": "LDZOFBB099.WT", "_src_id": 278 }, "geometry": { "type": "Point", "coordinates": [ 74.981930711691874, 39.867007714866944 ] } },
{ "type": "Feature", "properties": { "ID": 91, "FEATUREID": "OFBB099C1AJ430010020000280", "CHFCAC": "000280", "CHFCEC": "代号", "CHFCED": "sh", "point_type": 0, "symbol_no": 0, "height": 2.5, "width": 2.5, "spacing": 0.1, "angle": 0.0059999730437994003, "_src_file": "LDZOFBB099.WT", "_src_id": 279 }, "geometry": { "type": "Point", "coordinates": [ 74.986207721575425, 39.866630022917434 ] } },
{ "type": "Feature", "properties": { "ID": 90, "FEATUREID": "OFBB099C1AJ430010020000281", "CHFCAC": "000281", "CHFCEC": "代号", "CHFCED": "J#-1", "point_type": 0, "symbol_no": 0, "height": 2.5, "width": 2.5, "spacing": 0.1, "angle": 0.032391976565122604, "_src_file": "LDZOFBB099.WT", "_src_id": 280 }, "geometry": { "type": "Point", "coordinates": [ 74.932789519822606, 39.904439687516181 ] } },
{ "type": "Feature", "properties": { "ID": 91, "FEATUREID": "OFBB099C1AJ430010020000282", "CHFCAC": "000282", "CHFCEC": "代号", "CHFCED": "sh", "point_type": 0, "symbol_no": 0, "height": 2.5, "width": 2.5, "spacing": 0.1, "angle": 0.029784416779875755, "_src_file": "LDZOFBB099.WT", "_src_id": 281 }, "geometry": { "type": "Point", "coordinates": [ 74.938067081435818, 39.903798793312298 ] } },
{ "type": "Feature", "properties": { "ID": 90, "FEATUREID": "OFBB099C1AJ430010020000283", "CHFCAC": "000283", "CHFCEC": "代号", "CHFCED": "T#-3", "point_type": 0, "symbol_no": 0, "height": 2.0, "width": 2.0, "spacing": 0.1, "angle": 0.046085227280855179, "_src_file": "LDZOFBB099.WT", "_src_id": 282 }, "geometry": { "type": "Point", "coordinates": [ 74.905076020194002, 39.904535377476236 ] } },
{ "type": "Feature", "properties": { "ID": 91, "FEATUREID": "OFBB099C1AJ430010020000284", "CHFCAC": "000284", "CHFCEC": "代号", "CHFCED": "t", "point_type": 0, "symbol_no": 0, "height": 2.0, "width": 2.0, "spacing": 0.1, "angle": 0.043140280991792679, "_src_file": "LDZOFBB099.WT", "_src_id": 283 }, "geometry": { "type": "Point", "coordinates": [ 74.911036738499305, 39.904655701889681 ] } },
{ "type": "Feature", "properties": { "ID": 90, "FEATUREID": "OFBB099C1AJ430010020000285", "CHFCAC": "000285", "CHFCEC": "代号", "CHFCED": "T#-3", "point_type": 0, "symbol_no": 0, "height": 2.5, "width": 2.5, "spacing": 0.1, "angle": 0.022829700261354446, "_src_file": "LDZOFBB099.WT", "_src_id": 284 }, "geometry": { "type": "Point", "coordinates": [ 74.952135698204032, 39.866128427549569 ] } },
{ "type": "Feature", "properties": { "ID": 91, "FEATUREID": "OFBB099C1AJ430010020000286", "CHFCAC": "000286", "CHFCEC": "代号", "CHFCED": "t", "point_type": 0, "symbol_no": 0, "height": 2.5, "width": 2.5, "spacing": 0.1, "angle": 0.019904723390936852, "_src_file": "LDZOFBB099.WT", "_src_id": 285 }, "geometry": { "type": "Point", "coordinates": [ 74.958057324669511, 39.86603245468438 ] } },
{ "type": "Feature", "properties": { "ID": 90, "FEATUREID": "OFBB099C1AJ430010020000287", "CHFCAC": "000287", "CHFCEC": "代号", "CHFCED": "J#-1", "point_type": 0, "symbol_no": 0, "height": 2.5, "width": 2.5, "spacing": 0.1, "angle": 0.018135108053684235, "_src_file": "LDZOFBB099.WT", "_src_id": 286 }, "geometry": { "type": "Point", "coordinates": [ 74.961645557512739, 39.902856657633684 ] } },
{ "type": "Feature", "properties": { "ID": 91, "FEATUREID": "OFBB099C1AJ430010020000288", "CHFCAC": "000288", "CHFCEC": "代号", "CHFCED": "k", "point_type": 0, "symbol_no": 0, "height": 2.5, "width": 2.5, "spacing": 0.1, "angle": 0.015680840238928795, "_src_file": "LDZOFBB099.WT", "_src_id": 287 }, "geometry": { "type": "Point", "coordinates": [ 74.966615095445107, 39.902686904594084 ] } },
{ "type": "Feature", "properties": { "ID": 90, "FEATUREID": "OFBB099C1AJ430010020000289", "CHFCAC": "000289", "CHFCEC": "代号", "CHFCED": "J#-1", "point_type": 0, "symbol_no": 0, "height": 2.5, "width": 2.5, "spacing": 0.1, "angle": 0.067176572978496552, "_src_file": "LDZOFBB099.WT", "_src_id": 288 }, "geometry": { "type": "Point", "coordinates": [ 74.862399788088197, 39.92193847341499 ] } },
{ "type": "Feature", "properties": { "ID": 91, "FEATUREID": "OFBB099C1AJ430010020000290", "CHFCAC": "000290", "CHFCEC": "代号", "CHFCED": "k", "point_type": 0, "symbol_no": 0, "height": 2.5, "width": 2.5, "spacing": 0.1, "angle": 0.064503125846385956, "_src_file": "LDZOFBB099.WT", "_src_id": 289 }, "geometry": { "type": "Point", "coordinates": [ 74.867747344968265, 39.921650615889845 ] } },
{ "type": "Feature", "properties": { "ID": 90, "FEATUREID": "OFBB099C1AJ430010020000291", "CHFCAC": "000291", "CHFCEC": "代号", "CHFCED": "J#-2", "point_type": 0, "symbol_no": 0, "height": 2.5, "width": 2.5, "spacing": 0.1, "angle": 0.016679953783750534, "_src_file": "LDZOFBB099.WT", "_src_id": 290 }, "geometry": { "type": "Point", "coordinates": [ 74.964601322509267, 39.953484235014479 ] } },
{ "type": "Feature", "properties": { "ID": 91, "FEATUREID": "OFBB099C1AJ430010020000292", "CHFCAC": "000292", "CHFCEC": "代号", "CHFCED": "y", "point_type": 0, "symbol_no": 0, "height": 2.5, "width": 2.5, "spacing": 0.1, "angle": 0.013804664835333824, "_src_file": "LDZOFBB099.WT", "_src_id": 291 }, "geometry": { "type": "Point", "coordinates": [ 74.970419324631621, 39.953950734511615 ] } },
{ "type": "Feature", "properties": { "ID": 90, "FEATUREID": "OFBB099C1AJ430010020000293", "CHFCAC": "000293", "CHFCEC": "代号", "CHFCED": "J#-1", "point_type": 0, "symbol_no": 0, "height": 2.5, "width": 2.5, "spacing": 0.1, "angle": 0.074099130928516388, "_src_file": "LDZOFBB099.WT", "_src_id": 292 }, "geometry": { "type": "Point", "coordinates": [ 74.848450233780042, 39.988350835093151 ] } },
{ "type": "Feature", "properties": { "ID": 91, "FEATUREID": "OFBB099C1AJ430010020000294", "CHFCAC": "000294", "CHFCEC": "代号", "CHFCED": "k", "point_type": 0, "symbol_no": 0, "height": 2.5, "width": 2.5, "spacing": 0.1, "angle": 0.071273230016231537, "_src_file": "LDZOFBB099.WT", "_src_id": 293 }, "geometry": { "type": "Point", "coordinates": [ 74.854105048342788, 39.988119869791745 ] } },
{ "type": "Feature", "properties": { "ID": 90, "FEATUREID": "OFBB099C1AJ430010020000295", "CHFCAC": "000295", "CHFCEC": "代号", "CHFCED": "J#-2", "point_type": 0, "symbol_no": 0, "height": 2.5, "width": 2.5, "spacing": 0.1, "angle": 0.045934982597827911, "_src_file": "LDZOFBB099.WT", "_src_id": 294 }, "geometry": { "type": "Point", "coordinates": [ 74.905394839282835, 39.931255945141267 ] } },
{ "type": "Feature", "properties": { "ID": 91, "FEATUREID": "OFBB099C1AJ430010020000296", "CHFCAC": "000296", "CHFCEC": "代号", "CHFCED": "y", "point_type": 0, "symbol_no": 0, "height": 2.5, "width": 2.5, "spacing": 0.1, "angle": 0.043462038040161133, "_src_file": "LDZOFBB099.WT", "_src_id": 295 }, "geometry": { "type": "Point", "coordinates": [ 74.9103975445109, 39.931669587569338 ] } },
{ "type": "Feature", "properties": { "ID": 90, "FEATUREID": "OFBB099C1AJ430010020000297", "CHFCAC": "000297", "CHFCEC": "代号", "CHFCED": "J#-1", "point_type": 0, "symbol_no": 0, "height": 2.5, "width": 2.5, "spacing": 0.1, "angle": 0.12025430053472519, "_src_file": "LDZOFBB099.WT", "_src_id": 296 }, "geometry": { "type": "Point", "coordinates": [ 74.755025915880736, 39.994075601350133 ] } },
{ "type": "Feature", "properties": { "ID": 91, "FEATUREID": "OFBB099C1AJ430010020000298", "CHFCAC": "000298", "CHFCEC": "代号", "CHFCED": "k", "point_type": 0, "symbol_no": 0, "height": 2.5, "width": 2.5, "spacing": 0.1, "angle": 0.11752000451087952, "_src_file": "LDZOFBB099.WT", "_src_id": 297 }, "geometry": { "type": "Point", "coordinates": [ 74.760556880367147, 39.993905146843588 ] } },
{ "type": "Feature", "properties": { "ID": 90, "FEATUREID": "OFBB099C1AJ430010020000299", "CHFCAC": "000299", "CHFCEC": "代号", "CHFCED": "J#-1", "point_type": 0, "symbol_no": 0, "height": 2.5, "width": 2.5, "spacing": 0.1, "angle": 0.11083341389894485, "_src_file": "LDZOFBB099.WT", "_src_id": 298 }, "geometry": { "type": "Point", "coordinates": [ 74.774025692219553, 39.906209972171048 ] } },
{ "type": "Feature", "properties": { "ID": 91, "FEATUREID": "OFBB099C1AJ430010020000300", "CHFCAC": "000300", "CHFCEC": "代号", "CHFCED": "sh", "point_type": 0, "symbol_no": 0, "height": 2.5, "width": 2.5, "spacing": 0.1, "angle": 0.10870793461799622, "_src_file": "LDZOFBB099.WT", "_src_id": 299 }, "geometry": { "type": "Point", "coordinates": [ 74.778327757836266, 39.906302841896476 ] } },
{ "type": "Feature", "properties": { "ID": 90, "FEATUREID": "OFBB099C1AJ430010020000301", "CHFCAC": "000301", "CHFCEC": "代号", "CHFCED": "J#-1", "point_type": 0, "symbol_no": 0, "height": 2.5, "width": 2.5, "spacing": 0.1, "angle": 0.076928131282329559, "_src_file": "LDZOFBB099.WT", "_src_id": 300 }, "geometry": { "type": "Point", "coordinates": [ 74.84270786163809, 39.968496413006612 ] } },
{ "type": "Feature", "properties": { "ID": 91, "FEATUREID": "OFBB099C1AJ430010020000302", "CHFCAC": "000302", "CHFCEC": "代号", "CHFCED": "sh", "point_type": 0, "symbol_no": 0, "height": 2.5, "width": 2.5, "spacing": 0.1, "angle": 0.074438206851482391, "_src_file": "LDZOFBB099.WT", "_src_id": 301 }, "geometry": { "type": "Point", "coordinates": [ 74.84774512306349, 39.968027603575067 ] } },
{ "type": "Feature", "properties": { "ID": 229, "FEATUREID": "OFBB099C1AJ430010020000303", "CHFCAC": "000303", "CHFCEC": "代号", "CHFCED": "Qp#-2", "point_type": 0, "symbol_no": 0, "height": 2.0, "width": 2.0, "spacing": 0.1, "angle": 0.18737296760082245, "_src_file": "LDZOFBB099.WT", "_src_id": 302 }, "geometry": { "type": "Point", "coordinates": [ 74.618843816280659, 39.817405700117327 ] } },
{ "type": "Feature", "properties": { "ID": 230, "FEATUREID": "OFBB099C1AJ430010020000304", "CHFCAC": "000304", "CHFCEC": "代号", "CHFCED": "W", "point_type": 0, "symbol_no": 0, "height": 2.0, "width": 2.0, "spacing": 0.1, "angle": 0.182606041431427, "_src_file": "LDZOFBB099.WT", "_src_id": 303 }, "geometry": { "type": "Point", "coordinates": [ 74.628496123725427, 39.816972388717282 ] } },
{ "type": "Feature", "properties": { "ID": 15, "FEATUREID": "OFBB099C1AJ430010020000305", "CHFCAC": "000305", "CHFCEC": "代号", "CHFCED": "N#-1", "point_type": 0, "symbol_no": 0, "height": 2.5, "width": 2.5, "spacing": 0.1, "angle": 0.22679108381271362, "_src_file": "LDZOFBB099.WT", "_src_id": 304 }, "geometry": { "type": "Point", "coordinates": [ 74.53906400678683, 39.832695831985113 ] } },
{ "type": "Feature", "properties": { "ID": 16, "FEATUREID": "OFBB099C1AJ430010020000306", "CHFCAC": "000306", "CHFCEC": "代号", "CHFCED": "a", "point_type": 0, "symbol_no": 0, "height": 2.5, "width": 2.5, "spacing": 0.1, "angle": 0.2232041209936142, "_src_file": "LDZOFBB099.WT", "_src_id": 305 }, "geometry": { "type": "Point", "coordinates": [ 74.546263870635599, 39.832928392979746 ] } },
{ "type": "Feature", "properties": { "ID": 15, "FEATUREID": "OFBB099C1AJ430010020000307", "CHFCAC": "000307", "CHFCEC": "代号", "CHFCED": "N#-2", "point_type": 0, "symbol_no": 0, "height": 2.0, "width": 2.0, "spacing": 0.1, "angle": 0.23349593579769135, "_src_file": "LDZOFBB099.WT", "_src_id": 306 }, "geometry": { "type": "Point", "coordinates": [ 74.52543911538757, 39.816134109273847 ] } },
{ "type": "Feature", "properties": { "ID": 16, "FEATUREID": "OFBB099C1AJ430010020000308", "CHFCAC": "000308", "CHFCEC": "代号", "CHFCED": "a", "point_type": 0, "symbol_no": 0, "height": 2.0, "width": 2.0, "spacing": 0.1, "angle": 0.23042073845863342, "_src_file": "LDZOFBB099.WT", "_src_id": 307 }, "geometry": { "type": "Point", "coordinates": [ 74.531665121315029, 39.816001251458964 ] } },
{ "type": "Feature", "properties": { "ID": 35, "FEATUREID": "OFBB099C1AJ430010020000309", "CHFCAC": "000309", "CHFCEC": "代号", "CHFCED": "Qp#-1", "point_type": 0, "symbol_no": 0, "height": 2.5, "width": 2.5, "spacing": 0.1, "angle": 0.24106432497501373, "_src_file": "LDZOFBB099.WT", "_src_id": 308 }, "geometry": { "type": "Point", "coordinates": [ 74.510005164822957, 39.801735205396199 ] } },
{ "type": "Feature", "properties": { "ID": 36, "FEATUREID": "OFBB099C1AJ430010020000310", "CHFCAC": "000310", "CHFCEC": "代号", "CHFCED": "x", "point_type": 0, "symbol_no": 0, "height": 2.5, "width": 2.5, "spacing": 0.1, "angle": 0.2353493720293045, "_src_file": "LDZOFBB099.WT", "_src_id": 309 }, "geometry": { "type": "Point", "coordinates": [ 74.521639073979287, 39.801088402342465 ] } },
{ "type": "Feature", "properties": { "ID": 15, "FEATUREID": "OFBB099C1AJ430010020000311", "CHFCAC": "000311", "CHFCEC": "代号", "CHFCED": "N#-1", "point_type": 0, "symbol_no": 0, "height": 2.5, "width": 2.5, "spacing": 0.1, "angle": 0.12366034090518951, "_src_file": "LDZOFBB099.WT", "_src_id": 310 }, "geometry": { "type": "Point", "coordinates": [ 74.747877893073394, 39.785942402425057 ] } },
{ "type": "Feature", "properties": { "ID": 16, "FEATUREID": "OFBB099C1AJ430010020000312", "CHFCAC": "000312", "CHFCEC": "代号", "CHFCED": "k", "point_type": 0, "symbol_no": 0, "height": 2.5, "width": 2.5, "spacing": 0.1, "angle": 0.12006907910108566, "_src_file": "LDZOFBB099.WT", "_src_id": 311 }, "geometry": { "type": "Point", "coordinates": [ 74.755091352726765, 39.78604953528243 ] } },
{ "type": "Feature", "properties": { "ID": 15, "FEATUREID": "OFBB099C1AJ430010020000313", "CHFCAC": "000313", "CHFCEC": "代号", "CHFCED": "N#-1", "point_type": 0, "symbol_no": 0, "height": 2.5, "width": 2.5, "spacing": 0.1, "angle": 0.067079037427902222, "_src_file": "LDZOFBB099.WT", "_src_id": 312 }, "geometry": { "type": "Point", "coordinates": [ 74.862398128646007, 39.682186616686522 ] } },
{ "type": "Feature", "properties": { "ID": 16, "FEATUREID": "OFBB099C1AJ430010020000314", "CHFCAC": "000314", "CHFCEC": "代号", "CHFCED": "k", "point_type": 0, "symbol_no": 0, "height": 2.5, "width": 2.5, "spacing": 0.1, "angle": 0.063191786408424377, "_src_file": "LDZOFBB099.WT", "_src_id": 313 }, "geometry": { "type": "Point", "coordinates": [ 74.870276800568718, 39.681874801323097 ] } },
{ "type": "Feature", "properties": { "ID": 15, "FEATUREID": "OFBB099C1AJ430010020000315", "CHFCAC": "000315", "CHFCEC": "代号", "CHFCED": "N#-1", "point_type": 0, "symbol_no": 0, "height": 2.5, "width": 2.5, "spacing": 0.1, "angle": 0.014469221234321594, "_src_file": "LDZOFBB099.WT", "_src_id": 314 }, "geometry": { "type": "Point", "coordinates": [ 74.969028539677225, 39.666684635710354 ] } },
{ "type": "Feature", "properties": { "ID": 16, "FEATUREID": "OFBB099C1AJ430010020000316", "CHFCAC": "000316", "CHFCEC": "代号", "CHFCED": "a", "point_type": 0, "symbol_no": 0, "height": 2.5, "width": 2.5, "spacing": 0.1, "angle": 0.01096408162266016, "_src_file": "LDZOFBB099.WT", "_src_id": 315 }, "geometry": { "type": "Point", "coordinates": [ 74.976131835908276, 39.667716912244529 ] } },
{ "type": "Feature", "properties": { "ID": 15, "FEATUREID": "OFBB099C1AJ430010020000317", "CHFCAC": "000317", "CHFCEC": "代号", "CHFCED": "N#-1", "point_type": 0, "symbol_no": 0, "height": 2.0, "width": 2.0, "spacing": 0.1, "angle": 0.016383597627282143, "_src_file": "LDZOFBB099.WT", "_src_id": 316 }, "geometry": { "type": "Point", "coordinates": [ 74.96515252662779, 39.690188559356258 ] } },
{ "type": "Feature", "properties": { "ID": 16, "FEATUREID": "OFBB099C1AJ430010020000318", "CHFCAC": "000318", "CHFCEC": "代号", "CHFCED": "k", "point_type": 0, "symbol_no": 0, "height": 2.0, "width": 2.0, "spacing": 0.1, "angle": 0.013677913695573807, "_src_file": "LDZOFBB099.WT", "_src_id": 317 }, "geometry": { "type": "Point", "coordinates": [ 74.970636265360085, 39.689908911443354 ] } },
{ "type": "Feature", "properties": { "ID": 15, "FEATUREID": "OFBB099C1AJ430010020000319", "CHFCAC": "000319", "CHFCEC": "代号", "CHFCED": "K#-1", "point_type": 0, "symbol_no": 0, "height": 2.5, "width": 2.5, "spacing": 0.1, "angle": 0.0056824083440005779, "_src_file": "LDZOFBB099.WT", "_src_id": 318 }, "geometry": { "type": "Point", "coordinates": [ 74.98684207838572, 39.704219870056008 ] } },
{ "type": "Feature", "properties": { "ID": 16, "FEATUREID": "OFBB099C1AJ430010020000320", "CHFCAC": "000320", "CHFCEC": "代号", "CHFCED": "kz", "point_type": 0, "symbol_no": 0, "height": 2.5, "width": 2.5, "spacing": 0.1, "angle": 0.0021500862203538418, "_src_file": "LDZOFBB099.WT", "_src_id": 319 }, "geometry": { "type": "Point", "coordinates": [ 74.994000620743691, 39.704093824512825 ] } },
{ "type": "Feature", "properties": { "ID": 15, "FEATUREID": "OFBB099C1AJ430010020000321", "CHFCAC": "000321", "CHFCEC": "代号", "CHFCED": "N#-1", "point_type": 0, "symbol_no": 0, "height": 2.5, "width": 2.5, "spacing": 0.1, "angle": 0.1113719567656517, "_src_file": "LDZOFBB099.WT", "_src_id": 320 }, "geometry": { "type": "Point", "coordinates": [ 74.772580653077071, 39.695896249713066 ] } },
{ "type": "Feature", "properties": { "ID": 16, "FEATUREID": "OFBB099C1AJ430010020000322", "CHFCAC": "000322", "CHFCEC": "代号", "CHFCED": "k", "point_type": 0, "symbol_no": 0, "height": 2.5, "width": 2.5, "spacing": 0.1, "angle": 0.10749340802431107, "_src_file": "LDZOFBB099.WT", "_src_id": 321 }, "geometry": { "type": "Point", "coordinates": [ 74.780502333624071, 39.695395264991213 ] } },
{ "type": "Feature", "properties": { "ID": 15, "FEATUREID": "OFBB099C1AJ430010020000323", "CHFCAC": "000323", "CHFCEC": "代号", "CHFCED": "N#-1", "point_type": 0, "symbol_no": 0, "height": 2.5, "width": 2.5, "spacing": 0.1, "angle": 0.063910990953445435, "_src_file": "LDZOFBB099.WT", "_src_id": 322 }, "geometry": { "type": "Point", "coordinates": [ 74.868835487691413, 39.702090828599111 ] } },
{ "type": "Feature", "properties": { "ID": 16, "FEATUREID": "OFBB099C1AJ430010020000324", "CHFCAC": "000324", "CHFCEC": "代号", "CHFCED": "a", "point_type": 0, "symbol_no": 0, "height": 2.5, "width": 2.5, "spacing": 0.1, "angle": 0.060132347047328949, "_src_file": "LDZOFBB099.WT", "_src_id": 323 }, "geometry": { "type": "Point", "coordinates": [ 74.87649329485231, 39.702079879051709 ] } },
{ "type": "Feature", "properties": { "ID": 15, "FEATUREID": "OFBB099C1AJ430010020000325", "CHFCAC": "000325", "CHFCEC": "代号", "CHFCED": "N#-1", "point_type": 0, "symbol_no": 0, "height": 2.5, "width": 2.5, "spacing": 0.1, "angle": 0.10576112568378448, "_src_file": "LDZOFBB099.WT", "_src_id": 324 }, "geometry": { "type": "Point", "coordinates": [ 74.78396552731104, 39.705915040561479 ] } },
{ "type": "Feature", "properties": { "ID": 16, "FEATUREID": "OFBB099C1AJ430010020000326", "CHFCAC": "000326", "CHFCEC": "代号", "CHFCED": "a", "point_type": 0, "symbol_no": 0, "height": 2.5, "width": 2.5, "spacing": 0.1, "angle": 0.10232973843812943, "_src_file": "LDZOFBB099.WT", "_src_id": 325 }, "geometry": { "type": "Point", "coordinates": [ 74.790981050027241, 39.705792325252325 ] } },
{ "type": "Feature", "properties": { "ID": 15, "FEATUREID": "OFBB099C1AJ430010020000327", "CHFCAC": "000327", "CHFCEC": "代号", "CHFCED": "N#-1", "point_type": 0, "symbol_no": 0, "height": 2.5, "width": 2.5, "spacing": 0.1, "angle": 0.098356053233146667, "_src_file": "LDZOFBB099.WT", "_src_id": 326 }, "geometry": { "type": "Point", "coordinates": [ 74.799045674741677, 39.715963679758332 ] } },
{ "type": "Feature", "properties": { "ID": 16, "FEATUREID": "OFBB099C1AJ430010020000328", "CHFCAC": "000328", "CHFCEC": "代号", "CHFCED": "p", "point_type": 0, "symbol_no": 0, "height": 2.5, "width": 2.5, "spacing": 0.1, "angle": 0.094838716089725494, "_src_file": "LDZOFBB099.WT", "_src_id": 327 }, "geometry": { "type": "Point", "coordinates": [ 74.806175422418846, 39.716936238166483 ] } },
{ "type": "Feature", "properties": { "ID": 90, "FEATUREID": "OFBB099C1AJ430010020000329", "CHFCAC": "000329", "CHFCEC": "代号", "CHFCED": "T#-3", "point_type": 0, "symbol_no": 0, "height": 2.5, "width": 2.5, "spacing": 0.1, "angle": 0.06410624086856842, "_src_file": "LDZOFBB099.WT", "_src_id": 328 }, "geometry": { "type": "Point", "coordinates": [ 74.868557742887816, 39.930910173869059 ] } },
{ "type": "Feature", "properties": { "ID": 91, "FEATUREID": "OFBB099C1AJ430010020000330", "CHFCAC": "000330", "CHFCEC": "代号", "CHFCED": "t", "point_type": 0, "symbol_no": 0, "height": 2.5, "width": 2.5, "spacing": 0.1, "angle": 0.060670390725135803, "_src_file": "LDZOFBB099.WT", "_src_id": 329 }, "geometry": { "type": "Point", "coordinates": [ 74.875574796171236, 39.931147882484417 ] } },
{ "type": "Feature", "properties": { "ID": 90, "FEATUREID": "OFBB099C1AJ430010020000331", "CHFCAC": "000331", "CHFCEC": "代号", "CHFCED": "C#-1", "point_type": 0, "symbol_no": 0, "height": 2.0, "width": 2.0, "spacing": 0.1, "angle": 0.0050867493264377117, "_src_file": "LDZOFBB099.WT", "_src_id": 330 }, "geometry": { "type": "Point", "coordinates": [ 74.988054498380734, 39.82024281010716 ] } },
{ "type": "Feature", "properties": { "ID": 91, "FEATUREID": "OFBB099C1AJ430010020000332", "CHFCAC": "000332", "CHFCEC": "代号", "CHFCED": "y", "point_type": 0, "symbol_no": 0, "height": 2.0, "width": 2.0, "spacing": 0.1, "angle": 0.0023366159293800592, "_src_file": "LDZOFBB099.WT", "_src_id": 331 }, "geometry": { "type": "Point", "coordinates": [ 74.993623772657926, 39.820211894790262 ] } },
{ "type": "Feature", "properties": { "ID": 28, "FEATUREID": "OFBB099C1AJ430010020000333", "CHFCAC": "000333", "CHFCEC": "代号", "CHFCED": "E", "point_type": 0, "symbol_no": 0, "height": 2.5, "width": 2.5, "spacing": 0.1, "angle": 0.23549981415271759, "_src_file": "LDZOFBB099.WT", "_src_id": 332 }, "geometry": { "type": "Point", "coordinates": [ 74.521217998895011, 39.762192954324881 ] } },
{ "type": "Feature", "properties": { "ID": 28, "FEATUREID": "OFBB099C1AJ430010020000334", "CHFCAC": "000334", "CHFCEC": "代号", "CHFCED": "K", "point_type": 0, "symbol_no": 0, "height": 2.5, "width": 2.5, "spacing": 0.1, "angle": 0.233250692486763, "_src_file": "LDZOFBB099.WT", "_src_id": 333 }, "geometry": { "type": "Point", "coordinates": [ 74.525776421738399, 39.762294601876086 ] } },
{ "type": "Feature", "properties": { "ID": 28, "FEATUREID": "OFBB099C1AJ430010020000335", "CHFCAC": "000335", "CHFCEC": "代号", "CHFCED": "E", "point_type": 0, "symbol_no": 0, "height": 2.5, "width": 2.5, "spacing": 0.1, "angle": 0.11372547596693039, "_src_file": "LDZOFBB099.WT", "_src_id": 334 }, "geometry": { "type": "Point", "coordinates": [ 74.768019218483971, 39.79728082733358 ] } },
{ "type": "Feature", "properties": { "ID": 28, "FEATUREID": "OFBB099C1AJ430010020000336", "CHFCAC": "000336", "CHFCEC": "代号", "CHFCED": "K", "point_type": 0, "symbol_no": 0, "height": 2.5, "width": 2.5, "spacing": 0.1, "angle": 0.11162576824426651, "_src_file": "LDZOFBB099.WT", "_src_id": 335 }, "geometry": { "type": "Point", "coordinates": [ 74.772271450342529, 39.796975521565194 ] } },
{ "type": "Feature", "properties": { "ID": 28, "FEATUREID": "OFBB099C1AJ430010020000337", "CHFCAC": "000337", "CHFCEC": "代号", "CHFCED": "E", "point_type": 0, "symbol_no": 0, "height": 2.0, "width": 2.0, "spacing": 0.1, "angle": 0.10136515647172928, "_src_file": "LDZOFBB099.WT", "_src_id": 336 }, "geometry": { "type": "Point", "coordinates": [ 74.792987619636634, 39.794202641662203 ] } },
{ "type": "Feature", "properties": { "ID": 28, "FEATUREID": "OFBB099C1AJ430010020000338", "CHFCAC": "000338", "CHFCEC": "代号", "CHFCED": "K", "point_type": 0, "symbol_no": 0, "height": 2.0, "width": 2.0, "spacing": 0.1, "angle": 0.099830217659473419, "_src_file": "LDZOFBB099.WT", "_src_id": 337 }, "geometry": { "type": "Point", "coordinates": [ 74.796096438917402, 39.794169009945861 ] } },
{ "type": "Feature", "properties": { "ID": 28, "FEATUREID": "OFBB099C1AJ430010020000339", "CHFCAC": "000339", "CHFCEC": "代号", "CHFCED": "E", "point_type": 0, "symbol_no": 0, "height": 2.0, "width": 2.0, "spacing": 0.1, "angle": 0.091373324394226074, "_src_file": "LDZOFBB099.WT", "_src_id": 338 }, "geometry": { "type": "Point", "coordinates": [ 74.813281894239736, 39.791548248724652 ] } },
{ "type": "Feature", "properties": { "ID": 28, "FEATUREID": "OFBB099C1AJ430010020000340", "CHFCAC": "000340", "CHFCEC": "代号", "CHFCED": "K", "point_type": 0, "symbol_no": 0, "height": 2.0, "width": 2.0, "spacing": 0.1, "angle": 0.08954957127571106, "_src_file": "LDZOFBB099.WT", "_src_id": 339 }, "geometry": { "type": "Point", "coordinates": [ 74.816977845370857, 39.791583446898237 ] } },
{ "type": "Feature", "properties": { "ID": 28, "FEATUREID": "OFBB099C1AJ430010020000341", "CHFCAC": "000341", "CHFCEC": "代号", "CHFCED": "E", "point_type": 0, "symbol_no": 0, "height": 2.5, "width": 2.5, "spacing": 0.1, "angle": 0.063779622316360474, "_src_file": "LDZOFBB099.WT", "_src_id": 340 }, "geometry": { "type": "Point", "coordinates": [ 74.869151778884387, 39.766853125269385 ] } },
{ "type": "Feature", "properties": { "ID": 28, "FEATUREID": "OFBB099C1AJ430010020000342", "CHFCAC": "000342", "CHFCEC": "代号", "CHFCED": "K", "point_type": 0, "symbol_no": 0, "height": 2.5, "width": 2.5, "spacing": 0.1, "angle": 0.061815731227397919, "_src_file": "LDZOFBB099.WT", "_src_id": 341 }, "geometry": { "type": "Point", "coordinates": [ 74.873131979668145, 39.766614724733124 ] } },
{ "type": "Feature", "properties": { "ID": 28, "FEATUREID": "OFBB099C1AJ430010020000343", "CHFCAC": "000343", "CHFCEC": "代号", "CHFCED": "E", "point_type": 0, "symbol_no": 0, "height": 2.5, "width": 2.5, "spacing": 0.1, "angle": 0.015844857320189476, "_src_file": "LDZOFBB099.WT", "_src_id": 342 }, "geometry": { "type": "Point", "coordinates": [ 74.966253644241647, 39.739858330464862 ] } },
{ "type": "Feature", "properties": { "ID": 28, "FEATUREID": "OFBB099C1AJ430010020000344", "CHFCAC": "000344", "CHFCEC": "代号", "CHFCED": "K", "point_type": 0, "symbol_no": 0, "height": 2.5, "width": 2.5, "spacing": 0.1, "angle": 0.01382925920188427, "_src_file": "LDZOFBB099.WT", "_src_id": 343 }, "geometry": { "type": "Point", "coordinates": [ 74.970335496530453, 39.739915256753321 ] } },
{ "type": "Feature", "properties": { "ID": 28, "FEATUREID": "OFBB099C1AJ430010020000345", "CHFCAC": "000345", "CHFCEC": "代号", "CHFCED": "E", "point_type": 0, "symbol_no": 0, "height": 2.5, "width": 2.5, "spacing": 0.1, "angle": 0.045310590416193008, "_src_file": "LDZOFBB099.WT", "_src_id": 344 }, "geometry": { "type": "Point", "coordinates": [ 74.906514221538544, 39.672447416412275 ] } },
{ "type": "Feature", "properties": { "ID": 28, "FEATUREID": "OFBB099C1AJ430010020000346", "CHFCAC": "000346", "CHFCEC": "代号", "CHFCED": "K", "point_type": 0, "symbol_no": 0, "height": 2.5, "width": 2.5, "spacing": 0.1, "angle": 0.043120156973600388, "_src_file": "LDZOFBB099.WT", "_src_id": 345 }, "geometry": { "type": "Point", "coordinates": [ 74.910953217052864, 39.672450916308307 ] } },
{ "type": "Feature", "properties": { "ID": 28, "FEATUREID": "OFBB099C1AJ430010020000347", "CHFCAC": "000347", "CHFCEC": "代号", "CHFCED": "E", "point_type": 0, "symbol_no": 0, "height": 2.0, "width": 2.0, "spacing": 0.1, "angle": 0.097238153219223022, "_src_file": "LDZOFBB099.WT", "_src_id": 346 }, "geometry": { "type": "Point", "coordinates": [ 74.80125108879335, 39.667925827465595 ] } },
{ "type": "Feature", "properties": { "ID": 28, "FEATUREID": "OFBB099C1AJ430010020000348", "CHFCAC": "000348", "CHFCEC": "代号", "CHFCED": "K", "point_type": 0, "symbol_no": 0, "height": 2.0, "width": 2.0, "spacing": 0.1, "angle": 0.095486171543598175, "_src_file": "LDZOFBB099.WT", "_src_id": 347 }, "geometry": { "type": "Point", "coordinates": [ 74.804803447978315, 39.667936094873887 ] } },
{ "type": "Feature", "properties": { "ID": 28, "FEATUREID": "OFBB099C1AJ430010020000349", "CHFCAC": "000349", "CHFCEC": "代号", "CHFCED": "E", "point_type": 0, "symbol_no": 0, "height": 2.0, "width": 2.0, "spacing": 0.1, "angle": 0.10707604885101318, "_src_file": "LDZOFBB099.WT", "_src_id": 348 }, "geometry": { "type": "Point", "coordinates": [ 74.781268474473507, 39.682416228898902 ] } },
{ "type": "Feature", "properties": { "ID": 28, "FEATUREID": "OFBB099C1AJ430010020000350", "CHFCAC": "000350", "CHFCEC": "代号", "CHFCED": "K", "point_type": 0, "symbol_no": 0, "height": 2.0, "width": 2.0, "spacing": 0.1, "angle": 0.10560780763626099, "_src_file": "LDZOFBB099.WT", "_src_id": 349 }, "geometry": { "type": "Point", "coordinates": [ 74.784244263283995, 39.682343205960002 ] } },
{ "type": "Feature", "properties": { "ID": 28, "FEATUREID": "OFBB099C1AJ430010020000351", "CHFCAC": "000351", "CHFCEC": "代号", "CHFCED": "E", "point_type": 0, "symbol_no": 0, "height": 2.5, "width": 2.5, "spacing": 0.1, "angle": 0.23651602864265442, "_src_file": "LDZOFBB099.WT", "_src_id": 350 }, "geometry": { "type": "Point", "coordinates": [ 74.518921148943363, 39.683861038658812 ] } },
{ "type": "Feature", "properties": { "ID": 28, "FEATUREID": "OFBB099C1AJ430010020000352", "CHFCAC": "000352", "CHFCEC": "代号", "CHFCED": "K", "point_type": 0, "symbol_no": 0, "height": 2.5, "width": 2.5, "spacing": 0.1, "angle": 0.23427331447601318, "_src_file": "LDZOFBB099.WT", "_src_id": 351 }, "geometry": { "type": "Point", "coordinates": [ 74.523465427769992, 39.683489693461411 ] } },
{ "type": "Feature", "properties": { "ID": 28, "FEATUREID": "OFBB099C1AJ430010020000353", "CHFCAC": "000353", "CHFCEC": "代号", "CHFCED": "E", "point_type": 0, "symbol_no": 0, "height": 2.5, "width": 2.5, "spacing": 0.1, "angle": 0.16531096398830414, "_src_file": "LDZOFBB099.WT", "_src_id": 352 }, "geometry": { "type": "Point", "coordinates": [ 74.663389921038174, 39.754836353264139 ] } },
{ "type": "Feature", "properties": { "ID": 28, "FEATUREID": "OFBB099C1AJ430010020000354", "CHFCAC": "000354", "CHFCEC": "代号", "CHFCED": "K", "point_type": 0, "symbol_no": 0, "height": 2.5, "width": 2.5, "spacing": 0.1, "angle": 0.16282369196414948, "_src_file": "LDZOFBB099.WT", "_src_id": 353 }, "geometry": { "type": "Point", "coordinates": [ 74.668427652616742, 39.754760259848112 ] } },
{ "type": "Feature", "properties": { "ID": 28, "FEATUREID": "OFBB099C1AJ430010020000355", "CHFCAC": "000355", "CHFCEC": "代号", "CHFCED": "E", "point_type": 0, "symbol_no": 0, "height": 2.5, "width": 2.5, "spacing": 0.1, "angle": 0.15024439990520477, "_src_file": "LDZOFBB099.WT", "_src_id": 354 }, "geometry": { "type": "Point", "coordinates": [ 74.694078774906714, 39.809527417693822 ] } },
{ "type": "Feature", "properties": { "ID": 28, "FEATUREID": "OFBB099C1AJ430010020000356", "CHFCAC": "000356", "CHFCEC": "代号", "CHFCED": "K", "point_type": 0, "symbol_no": 0, "height": 2.5, "width": 2.5, "spacing": 0.1, "angle": 0.14794914424419403, "_src_file": "LDZOFBB099.WT", "_src_id": 355 }, "geometry": { "type": "Point", "coordinates": [ 74.698664626595715, 39.809165349224834 ] } },
{ "type": "Feature", "properties": { "ID": 90, "FEATUREID": "OFBB099C1AJ430010020000357", "CHFCAC": "000357", "CHFCEC": "代号", "CHFCED": "J#-1", "point_type": 0, "symbol_no": 0, "height": 2.5, "width": 2.5, "spacing": 0.1, "angle": 0.11548446118831635, "_src_file": "LDZOFBB099.WT", "_src_id": 356 }, "geometry": { "type": "Point", "coordinates": [ 74.764662480737485, 39.985220135916578 ] } },
{ "type": "Feature", "properties": { "ID": 91, "FEATUREID": "OFBB099C1AJ430010020000358", "CHFCAC": "000358", "CHFCEC": "代号", "CHFCED": "sh", "point_type": 0, "symbol_no": 0, "height": 2.5, "width": 2.5, "spacing": 0.1, "angle": 0.11338040977716446, "_src_file": "LDZOFBB099.WT", "_src_id": 357 }, "geometry": { "type": "Point", "coordinates": [ 74.768980779892715, 39.985256889353607 ] } },
{ "type": "Feature", "properties": { "ID": 777, "FEATUREID": "OFBB099C1AJ430010020000359", "CHFCAC": "000359", "CHFCEC": "代号", "CHFCED": "δ", "point_type": 0, "symbol_no": 0, "height": 2.5, "width": 2.5, "spacing": 0.1, "angle": 0.10011256486177444, "_src_file": "LDZOFBB099.WT", "_src_id": 358 }, "geometry": { "type": "Point", "coordinates": [ 74.795761947352432, 39.937574332280022 ] } },
{ "type": "Feature", "properties": { "ID": 90, "FEATUREID": "OFBB099C1AJ430010020000360", "CHFCAC": "000360", "CHFCEC": "代号", "CHFCED": "J#-2", "point_type": 0, "symbol_no": 0, "height": 2.5, "width": 2.5, "spacing": 0.1, "angle": 0.060351293534040451, "_src_file": "LDZOFBB099.WT", "_src_id": 359 }, "geometry": { "type": "Point", "coordinates": [ 74.87616985184691, 39.947740335154833 ] } },
{ "type": "Feature", "properties": { "ID": 91, "FEATUREID": "OFBB099C1AJ430010020000361", "CHFCAC": "000361", "CHFCEC": "代号", "CHFCED": "y", "point_type": 0, "symbol_no": 0, "height": 2.5, "width": 2.5, "spacing": 0.1, "angle": 0.057483632117509842, "_src_file": "LDZOFBB099.WT", "_src_id": 360 }, "geometry": { "type": "Point", "coordinates": [ 74.882033571426902, 39.948144341727016 ] } },
{ "type": "Feature", "properties": { "ID": 90, "FEATUREID": "OFBB099C1AJ430010020000362", "CHFCAC": "000362", "CHFCEC": "代号", "CHFCED": "Qh", "point_type": 0, "symbol_no": 0, "height": 2.5, "width": 2.5, "spacing": 0.1, "angle": 0.018203618004918098, "_src_file": "LDZOFBB099.WT", "_src_id": 361 }, "geometry": { "type": "Point", "coordinates": [ 74.961496412460335, 39.842973177062994 ] } },
{ "type": "Feature", "properties": { "ID": 91, "FEATUREID": "OFBB099C1AJ430010020000363", "CHFCAC": "000363", "CHFCEC": "代号", "CHFCED": "#+al", "point_type": 0, "symbol_no": 0, "height": 2.5, "width": 2.5, "spacing": 0.1, "angle": 0.014269250445067883, "_src_file": "LDZOFBB099.WT", "_src_id": 362 }, "geometry": { "type": "Point", "coordinates": [ 74.969523581831879, 39.843315682752667 ] } },
{ "type": "Feature", "properties": { "ID": 70, "FEATUREID": "OFBB099C1AJ430010020000364", "CHFCAC": "000364", "CHFCEC": "代号", "CHFCED": "Qp#-3", "point_type": 0, "symbol_no": 0, "height": 2.5, "width": 2.5, "spacing": 0.1, "angle": 0.096854031085968018, "_src_file": "LDZOFBB099.WT", "_src_id": 363 }, "geometry": { "type": "Point", "coordinates": [ 74.802149006103178, 39.765276196445647 ] } },
{ "type": "Feature", "properties": { "ID": 71, "FEATUREID": "OFBB099C1AJ430010020000365", "CHFCAC": "000365", "CHFCEC": "代号", "CHFCED": "#+pal", "point_type": 0, "symbol_no": 0, "height": 2.5, "width": 2.5, "spacing": 0.1, "angle": 0.093340814113616943, "_src_file": "LDZOFBB099.WT", "_src_id": 364 }, "geometry": { "type": "Point", "coordinates": [ 74.809206455987052, 39.765518311941989 ] } },
{ "type": "Feature", "properties": { "ID": 70, "FEATUREID": "OFBB099C1AJ430010020000366", "CHFCAC": "000366", "CHFCEC": "代号", "CHFCED": "Qp#-3", "point_type": 0, "symbol_no": 0, "height": 2.5, "width": 2.5, "spacing": 0.1, "angle": 0.08503945916891098, "_src_file": "LDZOFBB099.WT", "_src_id": 365 }, "geometry": { "type": "Point", "coordinates": [ 74.826058445044694, 39.798573299262081 ] } },
{ "type": "Feature", "properties": { "ID": 71, "FEATUREID": "OFBB099C1AJ430010020000367", "CHFCAC": "000367", "CHFCEC": "代号", "CHFCED": "#+pal", "point_type": 0, "symbol_no": 0, "height": 2.5, "width": 2.5, "spacing": 0.1, "angle": 0.080754205584526062, "_src_file": "LDZOFBB099.WT", "_src_id": 366 }, "geometry": { "type": "Point", "coordinates": [ 74.834799763154408, 39.798914911185094 ] } },
{ "type": "Feature", "properties": { "ID": 90, "FEATUREID": "OFBB099C1AJ430010020000368", "CHFCAC": "000368", "CHFCEC": "代号", "CHFCED": "J#-2", "point_type": 0, "symbol_no": 0, "height": 2.5, "width": 2.5, "spacing": 0.1, "angle": 0.070892147719860077, "_src_file": "LDZOFBB099.WT", "_src_id": 367 }, "geometry": { "type": "Point", "coordinates": [ 74.854717410555835, 39.807204294916964 ] } },
{ "type": "Feature", "properties": { "ID": 91, "FEATUREID": "OFBB099C1AJ430010020000369", "CHFCAC": "000369", "CHFCEC": "代号", "CHFCED": "y", "point_type": 0, "symbol_no": 0, "height": 2.5, "width": 2.5, "spacing": 0.1, "angle": 0.068210795521736145, "_src_file": "LDZOFBB099.WT", "_src_id": 368 }, "geometry": { "type": "Point", "coordinates": [ 74.860149179968488, 39.807629480337269 ] } },
{ "type": "Feature", "properties": { "ID": 90, "FEATUREID": "OFBB099C1AJ430010020000370", "CHFCAC": "000370", "CHFCEC": "代号", "CHFCED": "J#-2", "point_type": 0, "symbol_no": 0, "height": 2.5, "width": 2.5, "spacing": 0.1, "angle": 0.081480555236339569, "_src_file": "LDZOFBB099.WT", "_src_id": 369 }, "geometry": { "type": "Point", "coordinates": [ 74.833275802275452, 39.807726993625955 ] } },
{ "type": "Feature", "properties": { "ID": 91, "FEATUREID": "OFBB099C1AJ430010020000371", "CHFCAC": "000371", "CHFCEC": "代号", "CHFCED": "y", "point_type": 0, "symbol_no": 0, "height": 2.5, "width": 2.5, "spacing": 0.1, "angle": 0.078744269907474518, "_src_file": "LDZOFBB099.WT", "_src_id": 370 }, "geometry": { "type": "Point", "coordinates": [ 74.838879771795362, 39.808265211122539 ] } },
{ "type": "Feature", "properties": { "ID": 28, "FEATUREID": "OFBB099C1AJ430010020000372", "CHFCAC": "000372", "CHFCEC": "代号", "CHFCED": "E", "point_type": 0, "symbol_no": 0, "height": 2.5, "width": 2.5, "spacing": 0.1, "angle": 0.21672578155994415, "_src_file": "LDZOFBB099.WT", "_src_id": 371 }, "geometry": { "type": "Point", "coordinates": [ 74.559497416489336, 39.852125212324054 ] } },
{ "type": "Feature", "properties": { "ID": 28, "FEATUREID": "OFBB099C1AJ430010020000373", "CHFCAC": "000373", "CHFCEC": "代号", "CHFCED": "K", "point_type": 0, "symbol_no": 0, "height": 2.5, "width": 2.5, "spacing": 0.1, "angle": 0.21421967446804047, "_src_file": "LDZOFBB099.WT", "_src_id": 372 }, "geometry": { "type": "Point", "coordinates": [ 74.564571313976046, 39.852138858997911 ] } },
{ "type": "Feature", "properties": { "ID": 28, "FEATUREID": "OFBB099C1AJ430010020000374", "CHFCAC": "000374", "CHFCEC": "代号", "CHFCED": "E", "point_type": 0, "symbol_no": 0, "height": 2.5, "width": 2.5, "spacing": 0.1, "angle": 0.19542534649372101, "_src_file": "LDZOFBB099.WT", "_src_id": 373 }, "geometry": { "type": "Point", "coordinates": [ 74.602558958297209, 39.826227134962274 ] } },
{ "type": "Feature", "properties": { "ID": 28, "FEATUREID": "OFBB099C1AJ430010020000375", "CHFCAC": "000375", "CHFCEC": "代号", "CHFCED": "K", "point_type": 0, "symbol_no": 0, "height": 2.5, "width": 2.5, "spacing": 0.1, "angle": 0.1932329386472702, "_src_file": "LDZOFBB099.WT", "_src_id": 374 }, "geometry": { "type": "Point", "coordinates": [ 74.606997940424549, 39.826424304055173 ] } },
{ "type": "Feature", "properties": { "ID": 229, "FEATUREID": "OFBB099C1AJ430010020000376", "CHFCAC": "000376", "CHFCEC": "代号", "CHFCED": "Qp#-2", "point_type": 0, "symbol_no": 0, "height": 2.5, "width": 2.5, "spacing": 0.1, "angle": 0.18125042319297791, "_src_file": "LDZOFBB099.WT", "_src_id": 375 }, "geometry": { "type": "Point", "coordinates": [ 74.631315825122343, 39.849720192527876 ] } },
{ "type": "Feature", "properties": { "ID": 230, "FEATUREID": "OFBB099C1AJ430010020000377", "CHFCAC": "000377", "CHFCEC": "代号", "CHFCED": "W", "point_type": 0, "symbol_no": 0, "height": 2.5, "width": 2.5, "spacing": 0.1, "angle": 0.17542864382266998, "_src_file": "LDZOFBB099.WT", "_src_id": 376 }, "geometry": { "type": "Point", "coordinates": [ 74.643101956035366, 39.849278313194006 ] } },
{ "type": "Feature", "properties": { "ID": 197, "FEATUREID": "OFBB099C1AJ430010020000378", "CHFCAC": "000378", "CHFCEC": "代号", "CHFCED": "Ch", "point_type": 0, "symbol_no": 0, "height": 2.5, "width": 2.5, "spacing": 0.1, "angle": 0.19488745927810669, "_src_file": "LDZOFBB099.WT", "_src_id": 377 }, "geometry": { "type": "Point", "coordinates": [ 74.60382119238956, 39.898212790416956 ] } },
{ "type": "Feature", "properties": { "ID": 197, "FEATUREID": "OFBB099C1AJ430010020000379", "CHFCAC": "000379", "CHFCEC": "代号", "CHFCED": "A.", "point_type": 0, "symbol_no": 0, "height": 2.5, "width": 2.5, "spacing": 0.1, "angle": 0.19080498814582825, "_src_file": "LDZOFBB099.WT", "_src_id": 378 }, "geometry": { "type": "Point", "coordinates": [ 74.612087135845044, 39.898576225200486 ] } },
{ "type": "Feature", "properties": { "ID": 15, "FEATUREID": "OFBB099C1AJ430010020000380", "CHFCAC": "000380", "CHFCEC": "代号", "CHFCED": "Qp#-3", "point_type": 0, "symbol_no": 0, "height": 2.5, "width": 2.5, "spacing": 0.2, "angle": 0.64508348703384399, "_src_file": "LDZOFBB099.WT", "_src_id": 379 }, "geometry": { "type": "Point", "coordinates": [ 73.687011280756835, 39.25173465877436 ] } },
{ "type": "Feature", "properties": { "ID": 16, "FEATUREID": "OFBB099C1AJ430010020000381", "CHFCAC": "000381", "CHFCEC": "代号", "CHFCED": "#+pal", "point_type": 0, "symbol_no": 0, "height": 2.5, "width": 2.5, "spacing": 0.2, "angle": 0.63938349485397339, "_src_file": "LDZOFBB099.WT", "_src_id": 380 }, "geometry": { "type": "Point", "coordinates": [ 73.698594589704285, 39.251878436009378 ] } },
{ "type": "Feature", "properties": { "ID": 15, "FEATUREID": "OFBB099C1AJ430010020000382", "CHFCAC": "000382", "CHFCEC": "代号", "CHFCED": "Qp#-3", "point_type": 0, "symbol_no": 0, "height": 2.5, "width": 2.5, "spacing": 0.2, "angle": 0.61553710699081421, "_src_file": "LDZOFBB099.WT", "_src_id": 381 }, "geometry": { "type": "Point", "coordinates": [ 73.747065108668281, 39.24668709022351 ] } },
{ "type": "Feature", "properties": { "ID": 16, "FEATUREID": "OFBB099C1AJ430010020000383", "CHFCAC": "000383", "CHFCEC": "代号", "CHFCED": "#+pal", "point_type": 0, "symbol_no": 0, "height": 2.5, "width": 2.5, "spacing": 0.2, "angle": 0.61125153303146362, "_src_file": "LDZOFBB099.WT", "_src_id": 382 }, "geometry": { "type": "Point", "coordinates": [ 73.75577571348272, 39.247035780554192 ] } },
{ "type": "Feature", "properties": { "ID": 15, "FEATUREID": "OFBB099C1AJ430010020000384", "CHFCAC": "000384", "CHFCEC": "代号", "CHFCED": "Qh", "point_type": 0, "symbol_no": 0, "height": 2.5, "width": 2.5, "spacing": 0.2, "angle": 0.6495787501335144, "_src_file": "LDZOFBB099.WT", "_src_id": 383 }, "geometry": { "type": "Point", "coordinates": [ 73.6774557285881, 39.206331404010612 ] } },
{ "type": "Feature", "properties": { "ID": 16, "FEATUREID": "OFBB099C1AJ430010020000385", "CHFCAC": "000385", "CHFCEC": "代号", "CHFCED": "#+pal", "point_type": 0, "symbol_no": 0, "height": 2.5, "width": 2.5, "spacing": 0.2, "angle": 0.64734530448913574, "_src_file": "LDZOFBB099.WT", "_src_id": 384 }, "geometry": { "type": "Point", "coordinates": [ 73.682020898819886, 39.208875771123068 ] } },
{ "type": "Feature", "properties": { "ID": 15, "FEATUREID": "OFBB099C1AJ430010020000386", "CHFCAC": "000386", "CHFCEC": "代号", "CHFCED": "Qp#-3", "point_type": 0, "symbol_no": 0, "height": 2.5, "width": 2.5, "spacing": 0.2, "angle": 0.54957067966461182, "_src_file": "LDZOFBB099.WT", "_src_id": 385 }, "geometry": { "type": "Point", "coordinates": [ 73.881699508537906, 39.321851097462691 ] } },
{ "type": "Feature", "properties": { "ID": 16, "FEATUREID": "OFBB099C1AJ430010020000387", "CHFCAC": "000387", "CHFCEC": "代号", "CHFCED": "#+pal", "point_type": 0, "symbol_no": 0, "height": 2.5, "width": 2.5, "spacing": 0.2, "angle": 0.54475682973861694, "_src_file": "LDZOFBB099.WT", "_src_id": 386 }, "geometry": { "type": "Point", "coordinates": [ 73.891483817080584, 39.322730420913445 ] } },
{ "type": "Feature", "properties": { "ID": 15, "FEATUREID": "OFBB099C1AJ430010020000388", "CHFCAC": "000388", "CHFCEC": "代号", "CHFCED": "Qp#-3", "point_type": 0, "symbol_no": 0, "height": 2.5, "width": 2.5, "spacing": 0.2, "angle": 0.53442811965942383, "_src_file": "LDZOFBB099.WT", "_src_id": 387 }, "geometry": { "type": "Point", "coordinates": [ 73.911905664948733, 39.248460240908315 ] } },
{ "type": "Feature", "properties": { "ID": 16, "FEATUREID": "OFBB099C1AJ430010020000389", "CHFCAC": "000389", "CHFCEC": "代号", "CHFCED": "#+gl", "point_type": 0, "symbol_no": 0, "height": 2.5, "width": 2.5, "spacing": 0.2, "angle": 0.5292859673500061, "_src_file": "LDZOFBB099.WT", "_src_id": 388 }, "geometry": { "type": "Point", "coordinates": [ 73.922365651286697, 39.250057578655081 ] } },
{ "type": "Feature", "properties": { "ID": 15, "FEATUREID": "OFBB099C1AJ430010020000390", "CHFCAC": "000390", "CHFCEC": "代号", "CHFCED": "Qh", "point_type": 0, "symbol_no": 0, "height": 2.5, "width": 2.5, "spacing": 0.2, "angle": 0.5035698413848877, "_src_file": "LDZOFBB099.WT", "_src_id": 389 }, "geometry": { "type": "Point", "coordinates": [ 73.974457767255231, 39.217466166105595 ] } },
{ "type": "Feature", "properties": { "ID": 16, "FEATUREID": "OFBB099C1AJ430010020000391", "CHFCAC": "000391", "CHFCEC": "代号", "CHFCED": "#+pal", "point_type": 0, "symbol_no": 0, "height": 2.5, "width": 2.5, "spacing": 0.2, "angle": 0.4991830587387085, "_src_file": "LDZOFBB099.WT", "_src_id": 390 }, "geometry": { "type": "Point", "coordinates": [ 73.983316668375267, 39.218001256440814 ] } },
{ "type": "Feature", "properties": { "ID": 15, "FEATUREID": "OFBB099C1AJ430010020000392", "CHFCAC": "000392", "CHFCEC": "代号", "CHFCED": "Qp#-3", "point_type": 0, "symbol_no": 0, "height": 2.5, "width": 2.5, "spacing": 0.2, "angle": 0.5453370213508606, "_src_file": "LDZOFBB099.WT", "_src_id": 391 }, "geometry": { "type": "Point", "coordinates": [ 73.889999513264073, 39.282870249720851 ] } },
{ "type": "Feature", "properties": { "ID": 16, "FEATUREID": "OFBB099C1AJ430010020000393", "CHFCAC": "000393", "CHFCEC": "代号", "CHFCED": "#+pal", "point_type": 0, "symbol_no": 0, "height": 2.5, "width": 2.5, "spacing": 0.2, "angle": 0.54094702005386353, "_src_file": "LDZOFBB099.WT", "_src_id": 392 }, "geometry": { "type": "Point", "coordinates": [ 73.898927991305172, 39.283821629602052 ] } },
{ "type": "Feature", "properties": { "ID": 1, "FEATUREID": "OFBB099C1AJ430010020000394", "CHFCAC": "000394", "CHFCEC": "代号", "CHFCED": "Qp#-3", "point_type": 0, "symbol_no": 0, "height": 2.5, "width": 2.5, "spacing": 0.2, "angle": 0.12987935543060303, "_src_file": "LDZOFBB099.WT", "_src_id": 393 }, "geometry": { "type": "Point", "coordinates": [ 74.73499105101321, 39.648054327389033 ] } },
{ "type": "Feature", "properties": { "ID": 2, "FEATUREID": "OFBB099C1AJ430010020000395", "CHFCAC": "000395", "CHFCEC": "代号", "CHFCED": "#+pal", "point_type": 0, "symbol_no": 0, "height": 2.5, "width": 2.5, "spacing": 0.2, "angle": 0.12511701881885529, "_src_file": "LDZOFBB099.WT", "_src_id": 394 }, "geometry": { "type": "Point", "coordinates": [ 74.744649050774044, 39.649522219997145 ] } },
{ "type": "Feature", "properties": { "ID": 1, "FEATUREID": "OFBB099C1AJ430010020000396", "CHFCAC": "000396", "CHFCEC": "代号", "CHFCED": "Qp#-3", "point_type": 0, "symbol_no": 0, "height": 2.0, "width": 2.0, "spacing": 0.0, "angle": 0.19063208997249603, "_src_file": "LDZOFBB099.WT", "_src_id": 395 }, "geometry": { "type": "Point", "coordinates": [ 74.611837175884176, 39.650892671048453 ] } },
{ "type": "Feature", "properties": { "ID": 2, "FEATUREID": "OFBB099C1AJ430010020000397", "CHFCAC": "000397", "CHFCEC": "代号", "CHFCED": "#+pal", "point_type": 0, "symbol_no": 0, "height": 2.0, "width": 2.0, "spacing": 0.0, "angle": 0.18760937452316284, "_src_file": "LDZOFBB099.WT", "_src_id": 396 }, "geometry": { "type": "Point", "coordinates": [ 74.617965996516759, 39.651768019409985 ] } },
{ "type": "Feature", "properties": { "ID": 1, "FEATUREID": "OFBB099C1AJ430010020000398", "CHFCAC": "000398", "CHFCEC": "代号", "CHFCED": "Qp#-1#=", "point_type": 0, "symbol_no": 0, "height": 2.5, "width": 2.5, "spacing": 0.2, "angle": 0.17958223819732666, "_src_file": "LDZOFBB099.WT", "_src_id": 397 }, "geometry": { "type": "Point", "coordinates": [ 74.634294439889231, 39.648761643763841 ] } },
{ "type": "Feature", "properties": { "ID": 1, "FEATUREID": "OFBB099C1AJ430010020000399", "CHFCAC": "000399", "CHFCEC": "代号", "CHFCED": "x", "point_type": 0, "symbol_no": 0, "height": 2.5, "width": 2.5, "spacing": 0.2, "angle": 0.17345286905765533, "_src_file": "LDZOFBB099.WT", "_src_id": 398 }, "geometry": { "type": "Point", "coordinates": [ 74.646657170895722, 39.648688316442083 ] } },
{ "type": "Feature", "properties": { "ID": 1, "FEATUREID": "OFBB099C1AJ430010020000400", "CHFCAC": "000400", "CHFCEC": "代号", "CHFCED": "Qp#-1#=", "point_type": 0, "symbol_no": 0, "height": 2.5, "width": 2.5, "spacing": 0.2, "angle": 0.20430757105350494, "_src_file": "LDZOFBB099.WT", "_src_id": 399 }, "geometry": { "type": "Point", "coordinates": [ 74.583615932546891, 39.467661493285476 ] } },
{ "type": "Feature", "properties": { "ID": 1, "FEATUREID": "OFBB099C1AJ430010020000401", "CHFCAC": "000401", "CHFCEC": "代号", "CHFCED": "x", "point_type": 0, "symbol_no": 0, "height": 2.5, "width": 2.5, "spacing": 0.2, "angle": 0.19848985970020294, "_src_file": "LDZOFBB099.WT", "_src_id": 400 }, "geometry": { "type": "Point", "coordinates": [ 74.595423941275286, 39.467703204918166 ] } },
{ "type": "Feature", "properties": { "ID": 15, "FEATUREID": "OFBB099C1AJ430010020000402", "CHFCAC": "000402", "CHFCEC": "代号", "CHFCED": "N#-1#=", "point_type": 0, "symbol_no": 0, "height": 2.5, "width": 2.5, "spacing": 0.2, "angle": 0.09969048947095871, "_src_file": "LDZOFBB099.WT", "_src_id": 401 }, "geometry": { "type": "Point", "coordinates": [ 74.796237367147512, 39.635545617869077 ] } },
{ "type": "Feature", "properties": { "ID": 15, "FEATUREID": "OFBB099C1AJ430010020000403", "CHFCAC": "000403", "CHFCEC": "代号", "CHFCED": "k", "point_type": 0, "symbol_no": 0, "height": 2.5, "width": 2.5, "spacing": 0.2, "angle": 0.095920257270336151, "_src_file": "LDZOFBB099.WT", "_src_id": 402 }, "geometry": { "type": "Point", "coordinates": [ 74.80382141674302, 39.63547614619803 ] } },
{ "type": "Feature", "properties": { "ID": 15, "FEATUREID": "OFBB099C1AJ430010020000404", "CHFCAC": "000404", "CHFCEC": "代号", "CHFCED": "N#-1#=", "point_type": 0, "symbol_no": 0, "height": 2.5, "width": 2.5, "spacing": 0.2, "angle": 0.11011410504579544, "_src_file": "LDZOFBB099.WT", "_src_id": 403 }, "geometry": { "type": "Point", "coordinates": [ 74.775095062630783, 39.629374068176553 ] } },
{ "type": "Feature", "properties": { "ID": 15, "FEATUREID": "OFBB099C1AJ430010020000405", "CHFCAC": "000405", "CHFCEC": "代号", "CHFCED": "a", "point_type": 0, "symbol_no": 0, "height": 2.5, "width": 2.5, "spacing": 0.2, "angle": 0.10631731152534485, "_src_file": "LDZOFBB099.WT", "_src_id": 404 }, "geometry": { "type": "Point", "coordinates": [ 74.782731628666056, 39.629579191359277 ] } },
{ "type": "Feature", "properties": { "ID": 15, "FEATUREID": "OFBB099C1AJ430010020000406", "CHFCAC": "000406", "CHFCEC": "代号", "CHFCED": "N#-1#=", "point_type": 0, "symbol_no": 0, "height": 2.5, "width": 2.5, "spacing": 0.2, "angle": 0.10170814394950867, "_src_file": "LDZOFBB099.WT", "_src_id": 405 }, "geometry": { "type": "Point", "coordinates": [ 74.792062123203408, 39.616918247709243 ] } },
{ "type": "Feature", "properties": { "ID": 15, "FEATUREID": "OFBB099C1AJ430010020000407", "CHFCAC": "000407", "CHFCEC": "代号", "CHFCED": "p", "point_type": 0, "symbol_no": 0, "height": 2.5, "width": 2.5, "spacing": 0.2, "angle": 0.097571864724159241, "_src_file": "LDZOFBB099.WT", "_src_id": 406 }, "geometry": { "type": "Point", "coordinates": [ 74.800449442394395, 39.617036517071888 ] } },
{ "type": "Feature", "properties": { "ID": 15, "FEATUREID": "OFBB099C1AJ430010020000408", "CHFCAC": "000408", "CHFCEC": "代号", "CHFCED": "N#-1#=", "point_type": 0, "symbol_no": 0, "height": 2.0, "width": 2.0, "spacing": 0.2, "angle": 0.1139753982424736, "_src_file": "LDZOFBB099.WT", "_src_id": 407 }, "geometry": { "type": "Point", "coordinates": [ 74.767229025756478, 39.646082628514854 ] } },
{ "type": "Feature", "properties": { "ID": 15, "FEATUREID": "OFBB099C1AJ430010020000409", "CHFCAC": "000409", "CHFCEC": "代号", "CHFCED": "k", "point_type": 0, "symbol_no": 0, "height": 2.0, "width": 2.0, "spacing": 0.2, "angle": 0.11113572120666504, "_src_file": "LDZOFBB099.WT", "_src_id": 408 }, "geometry": { "type": "Point", "coordinates": [ 74.773049059698451, 39.646246983070661 ] } },
{ "type": "Feature", "properties": { "ID": 15, "FEATUREID": "OFBB099C1AJ430010020000410", "CHFCAC": "000410", "CHFCEC": "代号", "CHFCED": "N#-1#=", "point_type": 0, "symbol_no": 0, "height": 2.0, "width": 2.0, "spacing": 0.2, "angle": 0.12138041853904724, "_src_file": "LDZOFBB099.WT", "_src_id": 409 }, "geometry": { "type": "Point", "coordinates": [ 74.752214326344344, 39.643300521869747 ] } },
{ "type": "Feature", "properties": { "ID": 15, "FEATUREID": "OFBB099C1AJ430010020000411", "CHFCAC": "000411", "CHFCEC": "代号", "CHFCED": "a", "point_type": 0, "symbol_no": 0, "height": 2.0, "width": 2.0, "spacing": 0.2, "angle": 0.11828660219907761, "_src_file": "LDZOFBB099.WT", "_src_id": 410 }, "geometry": { "type": "Point", "coordinates": [ 74.758547870373263, 39.643571170266121 ] } },
{ "type": "Feature", "properties": { "ID": 1, "FEATUREID": "OFBB099C1AJ430010020000412", "CHFCAC": "000412", "CHFCEC": "代号", "CHFCED": "Qp#-1#=", "point_type": 0, "symbol_no": 0, "height": 2.5, "width": 2.5, "spacing": 0.2, "angle": 0.19574342668056488, "_src_file": "LDZOFBB099.WT", "_src_id": 411 }, "geometry": { "type": "Point", "coordinates": [ 74.60144871665176, 39.640435105221449 ] } },
{ "type": "Feature", "properties": { "ID": 1, "FEATUREID": "OFBB099C1AJ430010020000413", "CHFCAC": "000413", "CHFCEC": "代号", "CHFCED": "x", "point_type": 0, "symbol_no": 0, "height": 2.5, "width": 2.5, "spacing": 0.2, "angle": 0.19025959074497223, "_src_file": "LDZOFBB099.WT", "_src_id": 412 }, "geometry": { "type": "Point", "coordinates": [ 74.612565155120492, 39.640356755919633 ] } },
{ "type": "Feature", "properties": { "ID": 15, "FEATUREID": "OFBB099C1AJ430010020000414", "CHFCAC": "000414", "CHFCEC": "代号", "CHFCED": "N#-1#=", "point_type": 0, "symbol_no": 0, "height": 2.5, "width": 2.5, "spacing": 0.2, "angle": 0.22279742360115051, "_src_file": "LDZOFBB099.WT", "_src_id": 413 }, "geometry": { "type": "Point", "coordinates": [ 74.546596923289798, 39.638928069931715 ] } },
{ "type": "Feature", "properties": { "ID": 15, "FEATUREID": "OFBB099C1AJ430010020000415", "CHFCAC": "000415", "CHFCEC": "代号", "CHFCED": "k", "point_type": 0, "symbol_no": 0, "height": 2.5, "width": 2.5, "spacing": 0.2, "angle": 0.21892961859703064, "_src_file": "LDZOFBB099.WT", "_src_id": 414 }, "geometry": { "type": "Point", "coordinates": [ 74.554497321405847, 39.638638993391879 ] } },
{ "type": "Feature", "properties": { "ID": 15, "FEATUREID": "OFBB099C1AJ430010020000416", "CHFCAC": "000416", "CHFCEC": "代号", "CHFCED": "N#-1#=", "point_type": 0, "symbol_no": 0, "height": 2.5, "width": 2.5, "spacing": 0.2, "angle": 0.23184378445148468, "_src_file": "LDZOFBB099.WT", "_src_id": 415 }, "geometry": { "type": "Point", "coordinates": [ 74.528227993692994, 39.629730761606496 ] } },
{ "type": "Feature", "properties": { "ID": 15, "FEATUREID": "OFBB099C1AJ430010020000417", "CHFCAC": "000417", "CHFCEC": "代号", "CHFCED": "a", "point_type": 0, "symbol_no": 0, "height": 2.5, "width": 2.5, "spacing": 0.2, "angle": 0.22809197008609772, "_src_file": "LDZOFBB099.WT", "_src_id": 416 }, "geometry": { "type": "Point", "coordinates": [ 74.535833422254299, 39.629661231747463 ] } },
{ "type": "Feature", "properties": { "ID": 15, "FEATUREID": "OFBB099C1AJ430010020000418", "CHFCAC": "000418", "CHFCEC": "代号", "CHFCED": "N#-1#=", "point_type": 0, "symbol_no": 0, "height": 2.5, "width": 2.5, "spacing": 0.2, "angle": 0.065413720905780792, "_src_file": "LDZOFBB099.WT", "_src_id": 417 }, "geometry": { "type": "Point", "coordinates": [ 74.865749516434676, 39.65352892911725 ] } },
{ "type": "Feature", "properties": { "ID": 15, "FEATUREID": "OFBB099C1AJ430010020000419", "CHFCAC": "000419", "CHFCEC": "代号", "CHFCED": "a", "point_type": 0, "symbol_no": 0, "height": 2.5, "width": 2.5, "spacing": 0.2, "angle": 0.061558183282613754, "_src_file": "LDZOFBB099.WT", "_src_id": 418 }, "geometry": { "type": "Point", "coordinates": [ 74.873563875582505, 39.65387326586702 ] } },
{ "type": "Feature", "properties": { "ID": 15, "FEATUREID": "OFBB099C1AJ430010020000420", "CHFCAC": "000420", "CHFCEC": "代号", "CHFCED": "N#-1#=", "point_type": 0, "symbol_no": 0, "height": 2.5, "width": 2.5, "spacing": 0.2, "angle": 0.029299912974238396, "_src_file": "LDZOFBB099.WT", "_src_id": 419 }, "geometry": { "type": "Point", "coordinates": [ 74.939024165294569, 39.657436269601476 ] } },
{ "type": "Feature", "properties": { "ID": 15, "FEATUREID": "OFBB099C1AJ430010020000421", "CHFCAC": "000421", "CHFCEC": "代号", "CHFCED": "k", "point_type": 0, "symbol_no": 0, "height": 2.5, "width": 2.5, "spacing": 0.2, "angle": 0.025231886655092239, "_src_file": "LDZOFBB099.WT", "_src_id": 420 }, "geometry": { "type": "Point", "coordinates": [ 74.947209032086406, 39.657633504057642 ] } },
{ "type": "Feature", "properties": { "ID": 1, "FEATUREID": "OFBB099C1AJ430010020000422", "CHFCAC": "000422", "CHFCEC": "代号", "CHFCED": "Qp#-3", "point_type": 0, "symbol_no": 0, "height": 2.5, "width": 2.5, "spacing": 0.2, "angle": 0.014280320145189762, "_src_file": "LDZOFBB099.WT", "_src_id": 421 }, "geometry": { "type": "Point", "coordinates": [ 74.969399902911363, 39.598142429921772 ] } },
{ "type": "Feature", "properties": { "ID": 2, "FEATUREID": "OFBB099C1AJ430010020000423", "CHFCAC": "000423", "CHFCEC": "代号", "CHFCED": "#+pal", "point_type": 0, "symbol_no": 0, "height": 2.5, "width": 2.5, "spacing": 0.2, "angle": 0.010069613344967365, "_src_file": "LDZOFBB099.WT", "_src_id": 422 }, "geometry": { "type": "Point", "coordinates": [ 74.977937214570389, 39.599016745355705 ] } },
{ "type": "Feature", "properties": { "ID": 66, "FEATUREID": "OFBB099C1AJ430010020000424", "CHFCAC": "000424", "CHFCEC": "代号", "CHFCED": "Ch", "point_type": 0, "symbol_no": 0, "height": 2.5, "width": 2.5, "spacing": 0.2, "angle": 0.048828400671482086, "_src_file": "LDZOFBB099.WT", "_src_id": 423 }, "geometry": { "type": "Point", "coordinates": [ 74.8993453863837, 39.614205742355338 ] } },
{ "type": "Feature", "properties": { "ID": 15, "FEATUREID": "OFBB099C1AJ430010020000425", "CHFCAC": "000425", "CHFCEC": "代号", "CHFCED": "N#-1#=", "point_type": 0, "symbol_no": 0, "height": 2.5, "width": 2.5, "spacing": 0.2, "angle": 0.12689396739006042, "_src_file": "LDZOFBB099.WT", "_src_id": 424 }, "geometry": { "type": "Point", "coordinates": [ 74.74096915904515, 39.566805412603038 ] } },
{ "type": "Feature", "properties": { "ID": 15, "FEATUREID": "OFBB099C1AJ430010020000426", "CHFCAC": "000426", "CHFCEC": "代号", "CHFCED": "a", "point_type": 0, "symbol_no": 0, "height": 2.5, "width": 2.5, "spacing": 0.2, "angle": 0.12237967550754547, "_src_file": "LDZOFBB099.WT", "_src_id": 425 }, "geometry": { "type": "Point", "coordinates": [ 74.750127795090762, 39.567442716250618 ] } },
{ "type": "Feature", "properties": { "ID": 15, "FEATUREID": "OFBB099C1AJ430010020000427", "CHFCAC": "000427", "CHFCEC": "代号", "CHFCED": "N#-1#=", "point_type": 0, "symbol_no": 0, "height": 2.5, "width": 2.5, "spacing": 0.2, "angle": 0.10402307659387589, "_src_file": "LDZOFBB099.WT", "_src_id": 426 }, "geometry": { "type": "Point", "coordinates": [ 74.787323507730392, 39.584133609927726 ] } },
{ "type": "Feature", "properties": { "ID": 15, "FEATUREID": "OFBB099C1AJ430010020000428", "CHFCAC": "000428", "CHFCEC": "代号", "CHFCED": "k", "point_type": 0, "symbol_no": 0, "height": 2.5, "width": 2.5, "spacing": 0.2, "angle": 0.10011982172727585, "_src_file": "LDZOFBB099.WT", "_src_id": 427 }, "geometry": { "type": "Point", "coordinates": [ 74.795301015920984, 39.584336894226411 ] } },
{ "type": "Feature", "properties": { "ID": 15, "FEATUREID": "OFBB099C1AJ430010020000429", "CHFCAC": "000429", "CHFCEC": "代号", "CHFCED": "N#-1#=", "point_type": 0, "symbol_no": 0, "height": 2.5, "width": 2.5, "spacing": 0.2, "angle": 0.1368841677904129, "_src_file": "LDZOFBB099.WT", "_src_id": 428 }, "geometry": { "type": "Point", "coordinates": [ 74.720621033506504, 39.519819101823778 ] } },
{ "type": "Feature", "properties": { "ID": 15, "FEATUREID": "OFBB099C1AJ430010020000430", "CHFCAC": "000430", "CHFCEC": "代号", "CHFCED": "a", "point_type": 0, "symbol_no": 0, "height": 2.5, "width": 2.5, "spacing": 0.2, "angle": 0.1333000510931015, "_src_file": "LDZOFBB099.WT", "_src_id": 429 }, "geometry": { "type": "Point", "coordinates": [ 74.727894777966497, 39.520166550883445 ] } },
{ "type": "Feature", "properties": { "ID": 15, "FEATUREID": "OFBB099C1AJ430010020000431", "CHFCAC": "000431", "CHFCEC": "代号", "CHFCED": "N#-1#=", "point_type": 0, "symbol_no": 0, "height": 2.5, "width": 2.5, "spacing": 0.2, "angle": 0.15178464353084564, "_src_file": "LDZOFBB099.WT", "_src_id": 430 }, "geometry": { "type": "Point", "coordinates": [ 74.690301377696983, 39.477152350347296 ] } },
{ "type": "Feature", "properties": { "ID": 15, "FEATUREID": "OFBB099C1AJ430010020000432", "CHFCAC": "000432", "CHFCEC": "代号", "CHFCED": "p", "point_type": 0, "symbol_no": 0, "height": 2.5, "width": 2.5, "spacing": 0.2, "angle": 0.14793628454208374, "_src_file": "LDZOFBB099.WT", "_src_id": 431 }, "geometry": { "type": "Point", "coordinates": [ 74.698111248974413, 39.477357778865688 ] } },
{ "type": "Feature", "properties": { "ID": 15, "FEATUREID": "OFBB099C1AJ430010020000433", "CHFCAC": "000433", "CHFCEC": "代号", "CHFCED": "N#-1#=", "point_type": 0, "symbol_no": 0, "height": 2.5, "width": 2.5, "spacing": 0.2, "angle": 0.089392222464084625, "_src_file": "LDZOFBB099.WT", "_src_id": 432 }, "geometry": { "type": "Point", "coordinates": [ 74.816965470477271, 39.504960284798877 ] } },
{ "type": "Feature", "properties": { "ID": 15, "FEATUREID": "OFBB099C1AJ430010020000434", "CHFCAC": "000434", "CHFCEC": "代号", "CHFCED": "p", "point_type": 0, "symbol_no": 0, "height": 2.5, "width": 2.5, "spacing": 0.2, "angle": 0.085072897374629974, "_src_file": "LDZOFBB099.WT", "_src_id": 433 }, "geometry": { "type": "Point", "coordinates": [ 74.825730682503462, 39.505308830029037 ] } },
{ "type": "Feature", "properties": { "ID": 1, "FEATUREID": "OFBB099C1AJ430010020000435", "CHFCAC": "000435", "CHFCEC": "代号", "CHFCED": "Qp#-1#=", "point_type": 0, "symbol_no": 0, "height": 2.5, "width": 2.5, "spacing": 0.2, "angle": 0.21391421556472778, "_src_file": "LDZOFBB099.WT", "_src_id": 434 }, "geometry": { "type": "Point", "coordinates": [ 74.56468796736192, 39.668240390026469 ] } },
{ "type": "Feature", "properties": { "ID": 1, "FEATUREID": "OFBB099C1AJ430010020000436", "CHFCAC": "000436", "CHFCEC": "代号", "CHFCED": "x", "point_type": 0, "symbol_no": 0, "height": 2.5, "width": 2.5, "spacing": 0.2, "angle": 0.20827850699424744, "_src_file": "LDZOFBB099.WT", "_src_id": 435 }, "geometry": { "type": "Point", "coordinates": [ 74.5761091914692, 39.668172874189786 ] } },
{ "type": "Feature", "properties": { "ID": 1, "FEATUREID": "OFBB099C1AJ430010020000437", "CHFCAC": "000437", "CHFCEC": "代号", "CHFCED": "Qh", "point_type": 0, "symbol_no": 0, "height": 2.5, "width": 2.5, "spacing": 0.2, "angle": 0.24107572436332703, "_src_file": "LDZOFBB099.WT", "_src_id": 436 }, "geometry": { "type": "Point", "coordinates": [ 74.508837133420855, 39.421035632972419 ] } },
{ "type": "Feature", "properties": { "ID": 2, "FEATUREID": "OFBB099C1AJ430010020000438", "CHFCAC": "000438", "CHFCEC": "代号", "CHFCED": "#+pl", "point_type": 0, "symbol_no": 0, "height": 2.5, "width": 2.5, "spacing": 0.2, "angle": 0.23722223937511444, "_src_file": "LDZOFBB099.WT", "_src_id": 437 }, "geometry": { "type": "Point", "coordinates": [ 74.516666697309716, 39.42257799444824 ] } },
{ "type": "Feature", "properties": { "ID": 1, "FEATUREID": "OFBB099C1AJ430010020000439", "CHFCAC": "000439", "CHFCEC": "代号", "CHFCED": "Qh", "point_type": 0, "symbol_no": 0, "height": 2.5, "width": 2.5, "spacing": 0.2, "angle": 0.22715285420417786, "_src_file": "LDZOFBB099.WT", "_src_id": 438 }, "geometry": { "type": "Point", "coordinates": [ 74.537089541052751, 39.415994728369654 ] } },
{ "type": "Feature", "properties": { "ID": 2, "FEATUREID": "OFBB099C1AJ430010020000440", "CHFCAC": "000440", "CHFCEC": "代号", "CHFCED": "#+pl", "point_type": 0, "symbol_no": 0, "height": 2.5, "width": 2.5, "spacing": 0.2, "angle": 0.22317199409008026, "_src_file": "LDZOFBB099.WT", "_src_id": 439 }, "geometry": { "type": "Point", "coordinates": [ 74.545175967300139, 39.417607398040602 ] } },
{ "type": "Feature", "properties": { "ID": 1, "FEATUREID": "OFBB099C1AJ430010020000441", "CHFCAC": "000441", "CHFCEC": "代号", "CHFCED": "Qh", "point_type": 0, "symbol_no": 0, "height": 2.5, "width": 2.5, "spacing": 0.2, "angle": 0.18711316585540771, "_src_file": "LDZOFBB099.WT", "_src_id": 440 }, "geometry": { "type": "Point", "coordinates": [ 74.618373721703719, 39.388473604659573 ] } },
{ "type": "Feature", "properties": { "ID": 2, "FEATUREID": "OFBB099C1AJ430010020000442", "CHFCAC": "000442", "CHFCEC": "代号", "CHFCED": "#+pal", "point_type": 0, "symbol_no": 0, "height": 2.5, "width": 2.5, "spacing": 0.2, "angle": 0.18264265358448029, "_src_file": "LDZOFBB099.WT", "_src_id": 441 }, "geometry": { "type": "Point", "coordinates": [ 74.627455020514816, 39.38879192224298 ] } },
{ "type": "Feature", "properties": { "ID": 1, "FEATUREID": "OFBB099C1AJ430010020000443", "CHFCAC": "000443", "CHFCEC": "代号", "CHFCED": "Qp#-3", "point_type": 0, "symbol_no": 0, "height": 2.5, "width": 2.5, "spacing": 0.2, "angle": 0.0095661254599690437, "_src_file": "LDZOFBB099.WT", "_src_id": 442 }, "geometry": { "type": "Point", "coordinates": [ 74.97894505170423, 39.45955033381837 ] } },
{ "type": "Feature", "properties": { "ID": 2, "FEATUREID": "OFBB099C1AJ430010020000444", "CHFCAC": "000444", "CHFCEC": "代号", "CHFCED": "#+pal", "point_type": 0, "symbol_no": 0, "height": 2.5, "width": 2.5, "spacing": 0.2, "angle": 0.0059203417040407658, "_src_file": "LDZOFBB099.WT", "_src_id": 443 }, "geometry": { "type": "Point", "coordinates": [ 74.986345497065031, 39.460930200071502 ] } },
{ "type": "Feature", "properties": { "ID": 1, "FEATUREID": "OFBB099C1AJ430010020000445", "CHFCAC": "000445", "CHFCEC": "代号", "CHFCED": "Qh", "point_type": 0, "symbol_no": 0, "height": 2.5, "width": 2.5, "spacing": 0.2, "angle": 0.039244778454303741, "_src_file": "LDZOFBB099.WT", "_src_id": 444 }, "geometry": { "type": "Point", "coordinates": [ 74.918713107165686, 39.484755395936673 ] } },
{ "type": "Feature", "properties": { "ID": 2, "FEATUREID": "OFBB099C1AJ430010020000446", "CHFCAC": "000446", "CHFCEC": "代号", "CHFCED": "#+pal", "point_type": 0, "symbol_no": 0, "height": 2.5, "width": 2.5, "spacing": 0.2, "angle": 0.035244420170783997, "_src_file": "LDZOFBB099.WT", "_src_id": 445 }, "geometry": { "type": "Point", "coordinates": [ 74.92683467643937, 39.48662858830366 ] } },
{ "type": "Feature", "properties": { "ID": 1, "FEATUREID": "OFBB099C1AJ430010020000447", "CHFCAC": "000447", "CHFCEC": "代号", "CHFCED": "Qp#-3", "point_type": 0, "symbol_no": 0, "height": 2.5, "width": 2.5, "spacing": 0.2, "angle": 0.065938904881477356, "_src_file": "LDZOFBB099.WT", "_src_id": 446 }, "geometry": { "type": "Point", "coordinates": [ 74.864477566107254, 39.41668278630506 ] } },
{ "type": "Feature", "properties": { "ID": 2, "FEATUREID": "OFBB099C1AJ430010020000448", "CHFCAC": "000448", "CHFCEC": "代号", "CHFCED": "#+pal", "point_type": 0, "symbol_no": 0, "height": 2.5, "width": 2.5, "spacing": 0.2, "angle": 0.061828013509511948, "_src_file": "LDZOFBB099.WT", "_src_id": 447 }, "geometry": { "type": "Point", "coordinates": [ 74.872825191520633, 39.417635253686441 ] } },
{ "type": "Feature", "properties": { "ID": 1, "FEATUREID": "OFBB099C1AJ430010020000449", "CHFCAC": "000449", "CHFCEC": "代号", "CHFCED": "Qh", "point_type": 0, "symbol_no": 0, "height": 2.5, "width": 2.5, "spacing": 0.2, "angle": 0.020544851198792458, "_src_file": "LDZOFBB099.WT", "_src_id": 448 }, "geometry": { "type": "Point", "coordinates": [ 74.956661114350396, 39.463878920260456 ] } },
{ "type": "Feature", "properties": { "ID": 2, "FEATUREID": "OFBB099C1AJ430010020000450", "CHFCAC": "000450", "CHFCEC": "代号", "CHFCED": "#+pal", "point_type": 0, "symbol_no": 0, "height": 2.5, "width": 2.5, "spacing": 0.2, "angle": 0.016307145357131958, "_src_file": "LDZOFBB099.WT", "_src_id": 449 }, "geometry": { "type": "Point", "coordinates": [ 74.965261028016585, 39.465338813581887 ] } },
{ "type": "Feature", "properties": { "ID": 1, "FEATUREID": "OFBB099C1AJ430010020000451", "CHFCAC": "000451", "CHFCEC": "代号", "CHFCED": "Qp#-1#=", "point_type": 0, "symbol_no": 0, "height": 2.5, "width": 2.5, "spacing": 0.2, "angle": 0.043594278395175934, "_src_file": "LDZOFBB099.WT", "_src_id": 450 }, "geometry": { "type": "Point", "coordinates": [ 74.909960231257841, 39.503106400316362 ] } },
{ "type": "Feature", "properties": { "ID": 1, "FEATUREID": "OFBB099C1AJ430010020000452", "CHFCAC": "000452", "CHFCEC": "代号", "CHFCED": "x", "point_type": 0, "symbol_no": 0, "height": 2.5, "width": 2.5, "spacing": 0.2, "angle": 0.037829715758562088, "_src_file": "LDZOFBB099.WT", "_src_id": 451 }, "geometry": { "type": "Point", "coordinates": [ 74.921595038701327, 39.503146520766251 ] } },
{ "type": "Feature", "properties": { "ID": 1, "FEATUREID": "OFBB099C1AJ430010020000453", "CHFCAC": "000453", "CHFCEC": "代号", "CHFCED": "Qp#-1#=", "point_type": 0, "symbol_no": 0, "height": 2.5, "width": 2.5, "spacing": 0.2, "angle": 0.025082731619477272, "_src_file": "LDZOFBB099.WT", "_src_id": 452 }, "geometry": { "type": "Point", "coordinates": [ 74.947439885345148, 39.435038171402134 ] } },
{ "type": "Feature", "properties": { "ID": 1, "FEATUREID": "OFBB099C1AJ430010020000454", "CHFCAC": "000454", "CHFCEC": "代号", "CHFCED": "x", "point_type": 0, "symbol_no": 0, "height": 2.5, "width": 2.5, "spacing": 0.2, "angle": 0.019270367920398712, "_src_file": "LDZOFBB099.WT", "_src_id": 453 }, "geometry": { "type": "Point", "coordinates": [ 74.959239978838795, 39.434933391060582 ] } },
{ "type": "Feature", "properties": { "ID": 15, "FEATUREID": "OFBB099C1AJ430010020000455", "CHFCAC": "000455", "CHFCEC": "代号", "CHFCED": "N#-1#=", "point_type": 0, "symbol_no": 0, "height": 2.5, "width": 2.5, "spacing": 0.2, "angle": 0.0084809893742203712, "_src_file": "LDZOFBB099.WT", "_src_id": 454 }, "geometry": { "type": "Point", "coordinates": [ 74.981217721557698, 39.555417170308672 ] } },
{ "type": "Feature", "properties": { "ID": 15, "FEATUREID": "OFBB099C1AJ430010020000456", "CHFCAC": "000456", "CHFCEC": "代号", "CHFCED": "k", "point_type": 0, "symbol_no": 0, "height": 2.5, "width": 2.5, "spacing": 0.2, "angle": 0.0045086839236319065, "_src_file": "LDZOFBB099.WT", "_src_id": 455 }, "geometry": { "type": "Point", "coordinates": [ 74.989213826240672, 39.555614483121822 ] } },
{ "type": "Feature", "properties": { "ID": 15, "FEATUREID": "OFBB099C1AJ430010020000457", "CHFCAC": "000457", "CHFCEC": "代号", "CHFCED": "N#-1#=", "point_type": 0, "symbol_no": 0, "height": 2.5, "width": 2.5, "spacing": 0.2, "angle": 0.0046136397868394852, "_src_file": "LDZOFBB099.WT", "_src_id": 456 }, "geometry": { "type": "Point", "coordinates": [ 74.989001012499941, 39.534188085779334 ] } },
{ "type": "Feature", "properties": { "ID": 15, "FEATUREID": "OFBB099C1AJ430010020000458", "CHFCAC": "000458", "CHFCEC": "代号", "CHFCED": "a", "point_type": 0, "symbol_no": 0, "height": 2.5, "width": 2.5, "spacing": 0.2, "angle": 0.0010365588823333383, "_src_file": "LDZOFBB099.WT", "_src_id": 457 }, "geometry": { "type": "Point", "coordinates": [ 74.996257301904961, 39.534389940453842 ] } },
{ "type": "Feature", "properties": { "ID": 1, "FEATUREID": "OFBB099C1AJ430010020000459", "CHFCAC": "000459", "CHFCEC": "代号", "CHFCED": "Qp#-1#=", "point_type": 0, "symbol_no": 0, "height": 2.5, "width": 2.5, "spacing": 0.2, "angle": 0.01446697860956192, "_src_file": "LDZOFBB099.WT", "_src_id": 458 }, "geometry": { "type": "Point", "coordinates": [ 74.968999956870604, 39.48694699109636 ] } },
{ "type": "Feature", "properties": { "ID": 1, "FEATUREID": "OFBB099C1AJ430010020000460", "CHFCAC": "000460", "CHFCEC": "代号", "CHFCED": "x", "point_type": 0, "symbol_no": 0, "height": 2.5, "width": 2.5, "spacing": 0.2, "angle": 0.008828015998005867, "_src_file": "LDZOFBB099.WT", "_src_id": 459 }, "geometry": { "type": "Point", "coordinates": [ 74.980445070153223, 39.487122633349443 ] } },
{ "type": "Feature", "properties": { "ID": 1, "FEATUREID": "OFBB099C1AJ430010020000461", "CHFCAC": "000461", "CHFCEC": "代号", "CHFCED": "Qp#-1#=", "point_type": 0, "symbol_no": 0, "height": 2.5, "width": 2.5, "spacing": 0.2, "angle": 0.083737492561340332, "_src_file": "LDZOFBB099.WT", "_src_id": 460 }, "geometry": { "type": "Point", "coordinates": [ 74.828415230807664, 39.484453243370957 ] } },
{ "type": "Feature", "properties": { "ID": 1, "FEATUREID": "OFBB099C1AJ430010020000462", "CHFCAC": "000462", "CHFCEC": "代号", "CHFCED": "x", "point_type": 0, "symbol_no": 0, "height": 2.5, "width": 2.5, "spacing": 0.2, "angle": 0.077558442950248718, "_src_file": "LDZOFBB099.WT", "_src_id": 461 }, "geometry": { "type": "Point", "coordinates": [ 74.840955455400092, 39.484365280614604 ] } },
{ "type": "Feature", "properties": { "ID": 1, "FEATUREID": "OFBB099C1AJ430010020000463", "CHFCAC": "000463", "CHFCEC": "代号", "CHFCED": "N#-1#=", "point_type": 0, "symbol_no": 0, "height": 2.5, "width": 2.5, "spacing": 0.2, "angle": 0.072510682046413422, "_src_file": "LDZOFBB099.WT", "_src_id": 462 }, "geometry": { "type": "Point", "coordinates": [ 74.851152562200923, 39.433539984323332 ] } },
{ "type": "Feature", "properties": { "ID": 1, "FEATUREID": "OFBB099C1AJ430010020000464", "CHFCAC": "000464", "CHFCEC": "代号", "CHFCED": "k", "point_type": 0, "symbol_no": 0, "height": 2.5, "width": 2.5, "spacing": 0.2, "angle": 0.069093853235244751, "_src_file": "LDZOFBB099.WT", "_src_id": 463 }, "geometry": { "type": "Point", "coordinates": [ 74.858087341537839, 39.433512207794557 ] } },
{ "type": "Feature", "properties": { "ID": 1, "FEATUREID": "OFBB099C1AJ430010020000465", "CHFCAC": "000465", "CHFCEC": "代号", "CHFCED": "Qp#-3#=", "point_type": 0, "symbol_no": 0, "height": 2.5, "width": 2.5, "spacing": 0.2, "angle": 0.03418206050992012, "_src_file": "LDZOFBB099.WT", "_src_id": 464 }, "geometry": { "type": "Point", "coordinates": [ 74.929005763335041, 39.386577577552679 ] } },
{ "type": "Feature", "properties": { "ID": 1, "FEATUREID": "OFBB099C1AJ430010020000466", "CHFCAC": "000466", "CHFCEC": "代号", "CHFCED": "#+pal", "point_type": 0, "symbol_no": 0, "height": 2.5, "width": 2.5, "spacing": 0.2, "angle": 0.029339656233787537, "_src_file": "LDZOFBB099.WT", "_src_id": 465 }, "geometry": { "type": "Point", "coordinates": [ 74.938842178557024, 39.387244133649304 ] } },
{ "type": "Feature", "properties": { "ID": 1, "FEATUREID": "OFBB099C1AJ430010020000467", "CHFCAC": "000467", "CHFCEC": "代号", "CHFCED": "Qp#-1#=", "point_type": 0, "symbol_no": 0, "height": 2.5, "width": 2.5, "spacing": 0.2, "angle": 0.0075713810510933399, "_src_file": "LDZOFBB099.WT", "_src_id": 466 }, "geometry": { "type": "Point", "coordinates": [ 74.982985350384894, 39.35686201970443 ] } },
{ "type": "Feature", "properties": { "ID": 1, "FEATUREID": "OFBB099C1AJ430010020000468", "CHFCAC": "000468", "CHFCEC": "代号", "CHFCED": "x", "point_type": 0, "symbol_no": 0, "height": 2.5, "width": 2.5, "spacing": 0.2, "angle": 0.0019347259076312184, "_src_file": "LDZOFBB099.WT", "_src_id": 467 }, "geometry": { "type": "Point", "coordinates": [ 74.994496836029498, 39.357592686870838 ] } },
{ "type": "Feature", "properties": { "ID": 15, "FEATUREID": "OFBB099C1AJ430010020000469", "CHFCAC": "000469", "CHFCEC": "代号", "CHFCED": "N#-1#=", "point_type": 0, "symbol_no": 0, "height": 2.5, "width": 2.5, "spacing": 0.2, "angle": 0.037815816700458527, "_src_file": "LDZOFBB099.WT", "_src_id": 468 }, "geometry": { "type": "Point", "coordinates": [ 74.921672937409838, 39.476304340222882 ] } },
{ "type": "Feature", "properties": { "ID": 15, "FEATUREID": "OFBB099C1AJ430010020000470", "CHFCAC": "000470", "CHFCEC": "代号", "CHFCED": "p", "point_type": 0, "symbol_no": 0, "height": 2.5, "width": 2.5, "spacing": 0.2, "angle": 0.033928222954273224, "_src_file": "LDZOFBB099.WT", "_src_id": 469 }, "geometry": { "type": "Point", "coordinates": [ 74.92949945480504, 39.476646827863647 ] } },
{ "type": "Feature", "properties": { "ID": 200, "FEATUREID": "OFBB099C1AJ430010020000471", "CHFCAC": "000471", "CHFCEC": "代号", "CHFCED": "C#-1#=", "point_type": 0, "symbol_no": 0, "height": 2.5, "width": 2.5, "spacing": 0.2, "angle": 0.21289177238941193, "_src_file": "LDZOFBB099.WT", "_src_id": 470 }, "geometry": { "type": "Point", "coordinates": [ 74.565813714115706, 39.337649780170693 ] } },
{ "type": "Feature", "properties": { "ID": 200, "FEATUREID": "OFBB099C1AJ430010020000472", "CHFCAC": "000472", "CHFCEC": "代号", "CHFCED": "w", "point_type": 0, "symbol_no": 0, "height": 2.5, "width": 2.5, "spacing": 0.2, "angle": 0.20922829210758209, "_src_file": "LDZOFBB099.WT", "_src_id": 471 }, "geometry": { "type": "Point", "coordinates": [ 74.573255113141954, 39.337400581131767 ] } },
{ "type": "Feature", "properties": { "ID": 200, "FEATUREID": "OFBB099C1AJ430010020000473", "CHFCAC": "000473", "CHFCEC": "代号", "CHFCED": "Qh", "point_type": 0, "symbol_no": 0, "height": 2.5, "width": 2.5, "spacing": 0.2, "angle": 0.23408070206642151, "_src_file": "LDZOFBB099.WT", "_src_id": 472 }, "geometry": { "type": "Point", "coordinates": [ 74.522797327877939, 39.346377795549955 ] } },
{ "type": "Feature", "properties": { "ID": 200, "FEATUREID": "OFBB099C1AJ430010020000474", "CHFCAC": "000474", "CHFCEC": "代号", "CHFCED": "#+gl", "point_type": 0, "symbol_no": 0, "height": 2.5, "width": 2.5, "spacing": 0.2, "angle": 0.22951589524745941, "_src_file": "LDZOFBB099.WT", "_src_id": 473 }, "geometry": { "type": "Point", "coordinates": [ 74.532069483308163, 39.345968493058649 ] } },
{ "type": "Feature", "properties": { "ID": 200, "FEATUREID": "OFBB099C1AJ430010020000475", "CHFCAC": "000475", "CHFCEC": "代号", "CHFCED": "J#-3", "point_type": 0, "symbol_no": 0, "height": 2.5, "width": 2.5, "spacing": 0.2, "angle": 0.053887896239757538, "_src_file": "LDZOFBB099.WT", "_src_id": 474 }, "geometry": { "type": "Point", "coordinates": [ 74.888891451520593, 39.340064923762363 ] } },
{ "type": "Feature", "properties": { "ID": 1, "FEATUREID": "OFBB099C1AJ430010020000476", "CHFCAC": "000476", "CHFCEC": "代号", "CHFCED": "Qp#-3", "point_type": 0, "symbol_no": 0, "height": 2.5, "width": 2.5, "spacing": 0.2, "angle": 0.033519499003887177, "_src_file": "LDZOFBB099.WT", "_src_id": 475 }, "geometry": { "type": "Point", "coordinates": [ 74.930263133221445, 39.325733888781954 ] } },
{ "type": "Feature", "properties": { "ID": 2, "FEATUREID": "OFBB099C1AJ430010020000477", "CHFCAC": "000477", "CHFCEC": "代号", "CHFCED": "#+pal", "point_type": 0, "symbol_no": 0, "height": 2.5, "width": 2.5, "spacing": 0.2, "angle": 0.028908353298902512, "_src_file": "LDZOFBB099.WT", "_src_id": 476 }, "geometry": { "type": "Point", "coordinates": [ 74.93963288523355, 39.326599591225715 ] } },
{ "type": "Feature", "properties": { "ID": 1, "FEATUREID": "OFBB099C1AJ430010020000478", "CHFCAC": "000478", "CHFCEC": "代号", "CHFCED": "Qp#-1#=", "point_type": 0, "symbol_no": 0, "height": 2.5, "width": 2.5, "spacing": 0.2, "angle": 0.019149413332343102, "_src_file": "LDZOFBB099.WT", "_src_id": 477 }, "geometry": { "type": "Point", "coordinates": [ 74.959473904051961, 39.391380515972592 ] } },
{ "type": "Feature", "properties": { "ID": 1, "FEATUREID": "OFBB099C1AJ430010020000479", "CHFCAC": "000479", "CHFCEC": "代号", "CHFCED": "x", "point_type": 0, "symbol_no": 0, "height": 2.5, "width": 2.5, "spacing": 0.2, "angle": 0.012913182377815247, "_src_file": "LDZOFBB099.WT", "_src_id": 478 }, "geometry": { "type": "Point", "coordinates": [ 74.97220230009647, 39.391559905274285 ] } },
{ "type": "Feature", "properties": { "ID": 1, "FEATUREID": "OFBB099C1AJ430010020000480", "CHFCAC": "000480", "CHFCEC": "代号", "CHFCED": "Qh#-", "point_type": 0, "symbol_no": 0, "height": 2.0, "width": 2.0, "spacing": 0.2, "angle": 0.2402501255273819, "_src_file": "LDZOFBB099.WT", "_src_id": 479 }, "geometry": { "type": "Point", "coordinates": [ 74.510473555454283, 39.408942581567082 ] } },
{ "type": "Feature", "properties": { "ID": 2, "FEATUREID": "OFBB099C1AJ430010020000481", "CHFCAC": "000481", "CHFCEC": "代号", "CHFCED": "#+pal", "point_type": 0, "symbol_no": 0, "height": 2.0, "width": 2.0, "spacing": 0.2, "angle": 0.23727321624755859, "_src_file": "LDZOFBB099.WT", "_src_id": 480 }, "geometry": { "type": "Point", "coordinates": [ 74.516519530239933, 39.409733322451572 ] } },
{ "type": "Feature", "properties": { "ID": 15, "FEATUREID": "OFBB099C1AJ430010020000482", "CHFCAC": "000482", "CHFCEC": "代号", "CHFCED": "N#-1#=", "point_type": 0, "symbol_no": 0, "height": 2.5, "width": 2.5, "spacing": 0.2, "angle": 0.17583243548870087, "_src_file": "LDZOFBB099.WT", "_src_id": 481 }, "geometry": { "type": "Point", "coordinates": [ 74.641469337022087, 39.49238302754312 ] } },
{ "type": "Feature", "properties": { "ID": 15, "FEATUREID": "OFBB099C1AJ430010020000483", "CHFCAC": "000483", "CHFCEC": "代号", "CHFCED": "a", "point_type": 0, "symbol_no": 0, "height": 2.5, "width": 2.5, "spacing": 0.2, "angle": 0.17192216217517853, "_src_file": "LDZOFBB099.WT", "_src_id": 482 }, "geometry": { "type": "Point", "coordinates": [ 74.649468027367007, 39.492594751809179 ] } },
{ "type": "Feature", "properties": { "ID": 1, "FEATUREID": "OFBB099C1AJ430010020000484", "CHFCAC": "000484", "CHFCEC": "代号", "CHFCED": "Qh", "point_type": 0, "symbol_no": 0, "height": 2.5, "width": 2.5, "spacing": 0.2, "angle": 0.0072941086255013943, "_src_file": "LDZOFBB099.WT", "_src_id": 483 }, "geometry": { "type": "Point", "coordinates": [ 74.983551786223316, 39.421012607113234 ] } },
{ "type": "Feature", "properties": { "ID": 1, "FEATUREID": "OFBB099C1AJ430010020000485", "CHFCAC": "000485", "CHFCEC": "代号", "CHFCED": "#+pl", "point_type": 0, "symbol_no": 0, "height": 2.5, "width": 2.5, "spacing": 0.2, "angle": 0.0025217707734555006, "_src_file": "LDZOFBB099.WT", "_src_id": 484 }, "geometry": { "type": "Point", "coordinates": [ 74.993303364498075, 39.421623151486109 ] } },
{ "type": "Feature", "properties": { "ID": 1, "FEATUREID": "OFBB099C1AJ430010020000486", "CHFCAC": "000486", "CHFCEC": "代号", "CHFCED": "K#-1#=", "point_type": 0, "symbol_no": 0, "height": 2.5, "width": 2.5, "spacing": 0.2, "angle": 0.25103503465652466, "_src_file": "LDZOFBB099.WT", "_src_id": 485 }, "geometry": { "type": "Point", "coordinates": [ 74.488382910835654, 39.352909620363867 ] } },
{ "type": "Feature", "properties": { "ID": 1, "FEATUREID": "OFBB099C1AJ430010020000487", "CHFCAC": "000487", "CHFCEC": "代号", "CHFCED": "#=kz", "point_type": 0, "symbol_no": 0, "height": 2.5, "width": 2.5, "spacing": 0.2, "angle": 0.24749931693077087, "_src_file": "LDZOFBB099.WT", "_src_id": 486 }, "geometry": { "type": "Point", "coordinates": [ 74.49556452593518, 39.352872872429955 ] } },
{ "type": "Feature", "properties": { "ID": 1, "FEATUREID": "OFBB099C1AJ430010020000488", "CHFCAC": "000488", "CHFCEC": "代号", "CHFCED": "K#-1#=", "point_type": 0, "symbol_no": 0, "height": 2.5, "width": 2.5, "spacing": 0.2, "angle": 0.2458329051733017, "_src_file": "LDZOFBB099.WT", "_src_id": 487 }, "geometry": { "type": "Point", "coordinates": [ 74.499048536055554, 39.382098885267617 ] } },
{ "type": "Feature", "properties": { "ID": 1, "FEATUREID": "OFBB099C1AJ430010020000489", "CHFCAC": "000489", "CHFCEC": "代号", "CHFCED": "#=kz", "point_type": 0, "symbol_no": 0, "height": 2.5, "width": 2.5, "spacing": 0.2, "angle": 0.24171197414398193, "_src_file": "LDZOFBB099.WT", "_src_id": 488 }, "geometry": { "type": "Point", "coordinates": [ 74.507415516467944, 39.381863423868275 ] } },
{ "type": "Feature", "properties": { "ID": 1, "FEATUREID": "OFBB099C1AJ430010020000490", "CHFCAC": "000490", "CHFCEC": "代号", "CHFCED": "K#-1#=", "point_type": 0, "symbol_no": 0, "height": 2.5, "width": 2.5, "spacing": 0.2, "angle": 0.22265642881393433, "_src_file": "LDZOFBB099.WT", "_src_id": 489 }, "geometry": { "type": "Point", "coordinates": [ 74.546065586037969, 39.366227357103185 ] } },
{ "type": "Feature", "properties": { "ID": 1, "FEATUREID": "OFBB099C1AJ430010020000491", "CHFCAC": "000491", "CHFCEC": "代号", "CHFCED": "#=kz", "point_type": 0, "symbol_no": 0, "height": 2.5, "width": 2.5, "spacing": 0.2, "angle": 0.21874232590198517, "_src_file": "LDZOFBB099.WT", "_src_id": 490 }, "geometry": { "type": "Point", "coordinates": [ 74.554015543882585, 39.365997822918672 ] } },
{ "type": "Feature", "properties": { "ID": 1, "FEATUREID": "OFBB099C1AJ430010020000492", "CHFCAC": "000492", "CHFCEC": "代号", "CHFCED": "K#-1#=", "point_type": 0, "symbol_no": 0, "height": 2.5, "width": 2.5, "spacing": 0.2, "angle": 0.17116387188434601, "_src_file": "LDZOFBB099.WT", "_src_id": 491 }, "geometry": { "type": "Point", "coordinates": [ 74.650652358488983, 39.340799965860612 ] } },
{ "type": "Feature", "properties": { "ID": 1, "FEATUREID": "OFBB099C1AJ430010020000493", "CHFCAC": "000493", "CHFCEC": "代号", "CHFCED": "#=kz", "point_type": 0, "symbol_no": 0, "height": 2.5, "width": 2.5, "spacing": 0.2, "angle": 0.16771014034748077, "_src_file": "LDZOFBB099.WT", "_src_id": 492 }, "geometry": { "type": "Point", "coordinates": [ 74.657603423622177, 39.340391241466392 ] } },
{ "type": "Feature", "properties": { "ID": 1, "FEATUREID": "OFBB099C1AJ430010020000494", "CHFCAC": "000494", "CHFCEC": "代号", "CHFCED": "K#-1#=", "point_type": 0, "symbol_no": 0, "height": 2.0, "width": 2.0, "spacing": 0.2, "angle": 0.15497082471847534, "_src_file": "LDZOFBB099.WT", "_src_id": 493 }, "geometry": { "type": "Point", "coordinates": [ 74.683496715950611, 39.346082447359798 ] } },
{ "type": "Feature", "properties": { "ID": 1, "FEATUREID": "OFBB099C1AJ430010020000495", "CHFCAC": "000495", "CHFCEC": "代号", "CHFCED": "#=kz", "point_type": 0, "symbol_no": 0, "height": 2.0, "width": 2.0, "spacing": 0.2, "angle": 0.15227511525154114, "_src_file": "LDZOFBB099.WT", "_src_id": 494 }, "geometry": { "type": "Point", "coordinates": [ 74.68903454874922, 39.346034732937198 ] } },
{ "type": "Feature", "properties": { "ID": 1, "FEATUREID": "OFBB099C1AJ430010020000496", "CHFCAC": "000496", "CHFCEC": "代号", "CHFCED": "E", "point_type": 0, "symbol_no": 0, "height": 2.5, "width": 2.5, "spacing": 0.2, "angle": 0.23757554590702057, "_src_file": "LDZOFBB099.WT", "_src_id": 495 }, "geometry": { "type": "Point", "coordinates": [ 74.516679289544683, 39.652633057867682 ] } },
{ "type": "Feature", "properties": { "ID": 1, "FEATUREID": "OFBB099C1AJ430010020000497", "CHFCAC": "000497", "CHFCEC": "代号", "CHFCED": "K", "point_type": 0, "symbol_no": 0, "height": 2.5, "width": 2.5, "spacing": 0.2, "angle": 0.23540997505187988, "_src_file": "LDZOFBB099.WT", "_src_id": 496 }, "geometry": { "type": "Point", "coordinates": [ 74.521068781818499, 39.652493260345835 ] } },
{ "type": "Feature", "properties": { "ID": 1, "FEATUREID": "OFBB099C1AJ430010020000498", "CHFCAC": "000498", "CHFCEC": "代号", "CHFCED": "E", "point_type": 0, "symbol_no": 0, "height": 2.5, "width": 2.5, "spacing": 0.2, "angle": 0.19543316960334778, "_src_file": "LDZOFBB099.WT", "_src_id": 497 }, "geometry": { "type": "Point", "coordinates": [ 74.602047131762959, 39.629245768610993 ] } },
{ "type": "Feature", "properties": { "ID": 1, "FEATUREID": "OFBB099C1AJ430010020000499", "CHFCAC": "000499", "CHFCEC": "代号", "CHFCED": "K", "point_type": 0, "symbol_no": 0, "height": 2.5, "width": 2.5, "spacing": 0.2, "angle": 0.19293226301670074, "_src_file": "LDZOFBB099.WT", "_src_id": 498 }, "geometry": { "type": "Point", "coordinates": [ 74.607117709920487, 39.629261435350706 ] } },
{ "type": "Feature", "properties": { "ID": 1, "FEATUREID": "OFBB099C1AJ430010020000500", "CHFCAC": "000500", "CHFCEC": "代号", "CHFCED": "E", "point_type": 0, "symbol_no": 0, "height": 2.0, "width": 2.0, "spacing": 0.0, "angle": 0.20668427646160126, "_src_file": "LDZOFBB099.WT", "_src_id": 499 }, "geometry": { "type": "Point", "coordinates": [ 74.579249291583878, 39.634276954445589 ] } },
{ "type": "Feature", "properties": { "ID": 1, "FEATUREID": "OFBB099C1AJ430010020000501", "CHFCAC": "000501", "CHFCEC": "代号", "CHFCED": "K", "point_type": 0, "symbol_no": 0, "height": 2.0, "width": 2.0, "spacing": 0.0, "angle": 0.20495891571044922, "_src_file": "LDZOFBB099.WT", "_src_id": 500 }, "geometry": { "type": "Point", "coordinates": [ 74.582809561800872, 39.634417257463085 ] } },
{ "type": "Feature", "properties": { "ID": 1, "FEATUREID": "OFBB099C1AJ430010020000502", "CHFCAC": "000502", "CHFCEC": "代号", "CHFCED": "E", "point_type": 0, "symbol_no": 0, "height": 2.5, "width": 2.5, "spacing": 0.2, "angle": 0.24695943295955658, "_src_file": "LDZOFBB099.WT", "_src_id": 501 }, "geometry": { "type": "Point", "coordinates": [ 74.497504165810625, 39.62454941684782 ] } },
{ "type": "Feature", "properties": { "ID": 1, "FEATUREID": "OFBB099C1AJ430010020000503", "CHFCAC": "000503", "CHFCEC": "代号", "CHFCED": "K", "point_type": 0, "symbol_no": 0, "height": 2.5, "width": 2.5, "spacing": 0.2, "angle": 0.24488046765327454, "_src_file": "LDZOFBB099.WT", "_src_id": 502 }, "geometry": { "type": "Point", "coordinates": [ 74.501717610874394, 39.624650611150059 ] } },
{ "type": "Feature", "properties": { "ID": 1, "FEATUREID": "OFBB099C1AJ430010020000504", "CHFCAC": "000504", "CHFCEC": "代号", "CHFCED": "E", "point_type": 0, "symbol_no": 0, "height": 2.5, "width": 2.5, "spacing": 0.2, "angle": 0.23788563907146454, "_src_file": "LDZOFBB099.WT", "_src_id": 503 }, "geometry": { "type": "Point", "coordinates": [ 74.515919294422119, 39.611121657891033 ] } },
{ "type": "Feature", "properties": { "ID": 1, "FEATUREID": "OFBB099C1AJ430010020000505", "CHFCAC": "000505", "CHFCEC": "代号", "CHFCED": "K", "point_type": 0, "symbol_no": 0, "height": 2.5, "width": 2.5, "spacing": 0.2, "angle": 0.23567597568035126, "_src_file": "LDZOFBB099.WT", "_src_id": 504 }, "geometry": { "type": "Point", "coordinates": [ 74.520402309775264, 39.611285363592479 ] } },
{ "type": "Feature", "properties": { "ID": 1, "FEATUREID": "OFBB099C1AJ430010020000506", "CHFCAC": "000506", "CHFCEC": "代号", "CHFCED": "E", "point_type": 0, "symbol_no": 0, "height": 2.5, "width": 2.5, "spacing": 0.2, "angle": 0.16726735234260559, "_src_file": "LDZOFBB099.WT", "_src_id": 505 }, "geometry": { "type": "Point", "coordinates": [ 74.659144541475428, 39.624320580791398 ] } },
{ "type": "Feature", "properties": { "ID": 1, "FEATUREID": "OFBB099C1AJ430010020000507", "CHFCAC": "000507", "CHFCEC": "代号", "CHFCED": "K", "point_type": 0, "symbol_no": 0, "height": 2.5, "width": 2.5, "spacing": 0.2, "angle": 0.16520321369171143, "_src_file": "LDZOFBB099.WT", "_src_id": 506 }, "geometry": { "type": "Point", "coordinates": [ 74.663391933385967, 39.624477246764158 ] } },
{ "type": "Feature", "properties": { "ID": 1, "FEATUREID": "OFBB099C1AJ430010020000508", "CHFCAC": "000508", "CHFCEC": "代号", "CHFCED": "E", "point_type": 0, "symbol_no": 0, "height": 2.5, "width": 2.5, "spacing": 0.2, "angle": 0.031740795820951462, "_src_file": "LDZOFBB099.WT", "_src_id": 507 }, "geometry": { "type": "Point", "coordinates": [ 74.934005516892768, 39.638190127645601 ] } },
{ "type": "Feature", "properties": { "ID": 1, "FEATUREID": "OFBB099C1AJ430010020000509", "CHFCAC": "000509", "CHFCEC": "代号", "CHFCED": "K", "point_type": 0, "symbol_no": 0, "height": 2.5, "width": 2.5, "spacing": 0.2, "angle": 0.029651576653122902, "_src_file": "LDZOFBB099.WT", "_src_id": 508 }, "geometry": { "type": "Point", "coordinates": [ 74.938241321205254, 39.638271722678127 ] } },
{ "type": "Feature", "properties": { "ID": 1, "FEATUREID": "OFBB099C1AJ430010020000510", "CHFCAC": "000510", "CHFCEC": "代号", "CHFCED": "K#-1#=", "point_type": 0, "symbol_no": 0, "height": 2.5, "width": 2.5, "spacing": 0.2, "angle": 0.0076050292700529099, "_src_file": "LDZOFBB099.WT", "_src_id": 509 }, "geometry": { "type": "Point", "coordinates": [ 74.982939576718564, 39.639539683295595 ] } },
{ "type": "Feature", "properties": { "ID": 1, "FEATUREID": "OFBB099C1AJ430010020000511", "CHFCAC": "000511", "CHFCEC": "代号", "CHFCED": "#=kz", "point_type": 0, "symbol_no": 0, "height": 2.5, "width": 2.5, "spacing": 0.2, "angle": 0.0039834193885326385, "_src_file": "LDZOFBB099.WT", "_src_id": 510 }, "geometry": { "type": "Point", "coordinates": [ 74.99028113276232, 39.63959492786524 ] } },
{ "type": "Feature", "properties": { "ID": 1, "FEATUREID": "OFBB099C1AJ430010020000512", "CHFCAC": "000512", "CHFCEC": "代号", "CHFCED": "K#-1#=", "point_type": 0, "symbol_no": 0, "height": 2.5, "width": 2.5, "spacing": 0.2, "angle": 0.046009555459022522, "_src_file": "LDZOFBB099.WT", "_src_id": 511 }, "geometry": { "type": "Point", "coordinates": [ 74.904895686322106, 39.337655735934774 ] } },
{ "type": "Feature", "properties": { "ID": 1, "FEATUREID": "OFBB099C1AJ430010020000513", "CHFCAC": "000513", "CHFCEC": "代号", "CHFCED": "#=kz", "point_type": 0, "symbol_no": 0, "height": 2.5, "width": 2.5, "spacing": 0.2, "angle": 0.042489875108003616, "_src_file": "LDZOFBB099.WT", "_src_id": 512 }, "geometry": { "type": "Point", "coordinates": [ 74.91204598507251, 39.337656926641685 ] } },
{ "type": "Feature", "properties": { "ID": 1, "FEATUREID": "OFBB099C1AJ430010020000514", "CHFCAC": "000514", "CHFCEC": "代号", "CHFCED": "E", "point_type": 0, "symbol_no": 0, "height": 2.5, "width": 2.5, "spacing": 0.2, "angle": 0.064670421183109283, "_src_file": "LDZOFBB099.WT", "_src_id": 513 }, "geometry": { "type": "Point", "coordinates": [ 74.867207183559572, 39.596965566753042 ] } },
{ "type": "Feature", "properties": { "ID": 1, "FEATUREID": "OFBB099C1AJ430010020000515", "CHFCAC": "000515", "CHFCEC": "代号", "CHFCED": "K", "point_type": 0, "symbol_no": 0, "height": 2.5, "width": 2.5, "spacing": 0.2, "angle": 0.062395442277193069, "_src_file": "LDZOFBB099.WT", "_src_id": 514 }, "geometry": { "type": "Point", "coordinates": [ 74.87182281477061, 39.596975267087323 ] } },
{ "type": "Feature", "properties": { "ID": 1, "FEATUREID": "OFBB099C1AJ430010020000516", "CHFCAC": "000516", "CHFCEC": "代号", "CHFCED": "E", "point_type": 0, "symbol_no": 0, "height": 2.5, "width": 2.5, "spacing": 0.2, "angle": 0.010025248862802982, "_src_file": "LDZOFBB099.WT", "_src_id": 515 }, "geometry": { "type": "Point", "coordinates": [ 74.978025273154515, 39.582191222360755 ] } },
{ "type": "Feature", "properties": { "ID": 1, "FEATUREID": "OFBB099C1AJ430010020000517", "CHFCAC": "000517", "CHFCEC": "代号", "CHFCED": "K", "point_type": 0, "symbol_no": 0, "height": 2.5, "width": 2.5, "spacing": 0.2, "angle": 0.0078579289838671684, "_src_file": "LDZOFBB099.WT", "_src_id": 516 }, "geometry": { "type": "Point", "coordinates": [ 74.982423004152366, 39.582200452043956 ] } },
{ "type": "Feature", "properties": { "ID": 15, "FEATUREID": "OFBB099C1AJ430010020000518", "CHFCAC": "000518", "CHFCEC": "代号", "CHFCED": "N#-1#=", "point_type": 0, "symbol_no": 0, "height": 2.5, "width": 2.5, "spacing": 0.2, "angle": 0.039417468011379242, "_src_file": "LDZOFBB099.WT", "_src_id": 517 }, "geometry": { "type": "Point", "coordinates": [ 74.918327114937441, 39.416342802985397 ] } },
{ "type": "Feature", "properties": { "ID": 15, "FEATUREID": "OFBB099C1AJ430010020000519", "CHFCAC": "000519", "CHFCEC": "代号", "CHFCED": "k", "point_type": 0, "symbol_no": 0, "height": 2.5, "width": 2.5, "spacing": 0.2, "angle": 0.035834223031997681, "_src_file": "LDZOFBB099.WT", "_src_id": 518 }, "geometry": { "type": "Point", "coordinates": [ 74.92560373534765, 39.416541908164511 ] } },
{ "type": "Feature", "properties": { "ID": 1, "FEATUREID": "OFBB099C1AJ430010020000520", "CHFCAC": "000520", "CHFCEC": "代号", "CHFCED": "Qp#-3", "point_type": 0, "symbol_no": 0, "height": 2.5, "width": 2.5, "spacing": 0.2, "angle": 0.14358334243297577, "_src_file": "LDZOFBB099.WT", "_src_id": 519 }, "geometry": { "type": "Point", "coordinates": [ 74.706719041497919, 39.360858730188802 ] } },
{ "type": "Feature", "properties": { "ID": 2, "FEATUREID": "OFBB099C1AJ430010020000521", "CHFCAC": "000521", "CHFCEC": "代号", "CHFCED": "#+gfl", "point_type": 0, "symbol_no": 0, "height": 2.5, "width": 2.5, "spacing": 0.2, "angle": 0.13890263438224792, "_src_file": "LDZOFBB099.WT", "_src_id": 520 }, "geometry": { "type": "Point", "coordinates": [ 74.716227743439262, 39.362126806609446 ] } },
{ "type": "Feature", "properties": { "ID": 1, "FEATUREID": "OFBB099C1AJ430010020000522", "CHFCAC": "000522", "CHFCEC": "代号", "CHFCED": "Qp#-3", "point_type": 0, "symbol_no": 0, "height": 2.5, "width": 2.5, "spacing": 0.2, "angle": 0.15662598609924316, "_src_file": "LDZOFBB099.WT", "_src_id": 521 }, "geometry": { "type": "Point", "coordinates": [ 74.680853943471135, 39.659265833381767 ] } },
{ "type": "Feature", "properties": { "ID": 2, "FEATUREID": "OFBB099C1AJ430010020000523", "CHFCAC": "000523", "CHFCEC": "代号", "CHFCED": "#+pal", "point_type": 0, "symbol_no": 0, "height": 2.5, "width": 2.5, "spacing": 0.2, "angle": 0.15136843919754028, "_src_file": "LDZOFBB099.WT", "_src_id": 522 }, "geometry": { "type": "Point", "coordinates": [ 74.691447722444565, 39.659242725961136 ] } },
{ "type": "Feature", "properties": { "ID": 1, "FEATUREID": "OFBB099C1AJ430010020000524", "CHFCAC": "000524", "CHFCEC": "代号", "CHFCED": "Qp#-3", "point_type": 0, "symbol_no": 0, "height": 2.5, "width": 2.5, "spacing": 0.2, "angle": 0.099710822105407715, "_src_file": "LDZOFBB099.WT", "_src_id": 523 }, "geometry": { "type": "Point", "coordinates": [ 74.796165949728518, 39.660082541214393 ] } },
{ "type": "Feature", "properties": { "ID": 2, "FEATUREID": "OFBB099C1AJ430010020000525", "CHFCAC": "000525", "CHFCEC": "代号", "CHFCED": "#+pal", "point_type": 0, "symbol_no": 0, "height": 2.5, "width": 2.5, "spacing": 0.2, "angle": 0.094757191836833954, "_src_file": "LDZOFBB099.WT", "_src_id": 524 }, "geometry": { "type": "Point", "coordinates": [ 74.806209324737324, 39.660636169631182 ] } },
{ "type": "Feature", "properties": { "ID": 1, "FEATUREID": "OFBB099C1AJ430010020000526", "CHFCAC": "000526", "CHFCEC": "代号", "CHFCED": "Qh", "point_type": 0, "symbol_no": 0, "height": 2.5, "width": 2.5, "spacing": 0.0, "angle": 0.50951200723648071, "_src_file": "LDZOFBB099.WT", "_src_id": 525 }, "geometry": { "type": "Point", "coordinates": [ 73.96520372141282, 39.631244734812235 ] } },
{ "type": "Feature", "properties": { "ID": 3, "FEATUREID": "OFBB099C1AJ430010020000527", "CHFCAC": "000527", "CHFCEC": "代号", "CHFCED": "#+gl", "point_type": 0, "symbol_no": 0, "height": 2.5, "width": 2.5, "spacing": 0.0, "angle": 0.50549936294555664, "_src_file": "LDZOFBB099.WT", "_src_id": 526 }, "geometry": { "type": "Point", "coordinates": [ 73.973341946015523, 39.631758355589483 ] } },
{ "type": "Feature", "properties": { "ID": 1, "FEATUREID": "OFBB099C1AJ430010020000528", "CHFCAC": "000528", "CHFCEC": "代号", "CHFCED": "Qp#-3", "point_type": 0, "symbol_no": 0, "height": 2.5, "width": 2.5, "spacing": 0.0, "angle": 0.47161394357681274, "_src_file": "LDZOFBB099.WT", "_src_id": 527 }, "geometry": { "type": "Point", "coordinates": [ 74.041703001579137, 39.579606169256515 ] } },
{ "type": "Feature", "properties": { "ID": 3, "FEATUREID": "OFBB099C1AJ430010020000529", "CHFCAC": "000529", "CHFCEC": "代号", "CHFCED": "#+pal", "point_type": 0, "symbol_no": 0, "height": 2.5, "width": 2.5, "spacing": 0.0, "angle": 0.46666595339775085, "_src_file": "LDZOFBB099.WT", "_src_id": 528 }, "geometry": { "type": "Point", "coordinates": [ 74.051801800530228, 39.579996309008052 ] } },
{ "type": "Feature", "properties": { "ID": 1, "FEATUREID": "OFBB099C1AJ430010020000530", "CHFCAC": "000530", "CHFCEC": "代号", "CHFCED": "N#-1", "point_type": 0, "symbol_no": 0, "height": 2.5, "width": 2.5, "spacing": 0.0, "angle": 0.51462805271148682, "_src_file": "LDZOFBB099.WT", "_src_id": 529 }, "geometry": { "type": "Point", "coordinates": [ 73.954265462783283, 39.547867552635395 ] } },
{ "type": "Feature", "properties": { "ID": 3, "FEATUREID": "OFBB099C1AJ430010020000531", "CHFCAC": "000531", "CHFCEC": "代号", "CHFCED": "k", "point_type": 0, "symbol_no": 0, "height": 2.5, "width": 2.5, "spacing": 0.0, "angle": 0.51081615686416626, "_src_file": "LDZOFBB099.WT", "_src_id": 530 }, "geometry": { "type": "Point", "coordinates": [ 73.961997037580261, 39.547940290241378 ] } },
{ "type": "Feature", "properties": { "ID": 1, "FEATUREID": "OFBB099C1AJ430010020000532", "CHFCAC": "000532", "CHFCEC": "代号", "CHFCED": "E", "point_type": 0, "symbol_no": 0, "height": 2.5, "width": 2.5, "spacing": 0.0, "angle": 0.58957040309906006, "_src_file": "LDZOFBB099.WT", "_src_id": 531 }, "geometry": { "type": "Point", "coordinates": [ 73.801336551779173, 39.429762360785325 ] } },
{ "type": "Feature", "properties": { "ID": 3, "FEATUREID": "OFBB099C1AJ430010020000533", "CHFCAC": "000533", "CHFCEC": "代号", "CHFCED": "K", "point_type": 0, "symbol_no": 0, "height": 2.5, "width": 2.5, "spacing": 0.0, "angle": 0.58700484037399292, "_src_file": "LDZOFBB099.WT", "_src_id": 532 }, "geometry": { "type": "Point", "coordinates": [ 73.806481396682415, 39.429742443395952 ] } },
{ "type": "Feature", "properties": { "ID": 1, "FEATUREID": "OFBB099C1AJ430010020000534", "CHFCAC": "000534", "CHFCEC": "代号", "CHFCED": "Qp#-1", "point_type": 0, "symbol_no": 0, "height": 2.5, "width": 2.5, "spacing": 0.0, "angle": 0.66400754451751709, "_src_file": "LDZOFBB099.WT", "_src_id": 533 }, "geometry": { "type": "Point", "coordinates": [ 73.649532471250765, 39.356200934184564 ] } },
{ "type": "Feature", "properties": { "ID": 3, "FEATUREID": "OFBB099C1AJ430010020000535", "CHFCAC": "000535", "CHFCEC": "代号", "CHFCED": "x", "point_type": 0, "symbol_no": 0, "height": 2.5, "width": 2.5, "spacing": 0.0, "angle": 0.65856510400772095, "_src_file": "LDZOFBB099.WT", "_src_id": 534 }, "geometry": { "type": "Point", "coordinates": [ 73.660584027962386, 39.356328746804778 ] } },
{ "type": "Feature", "properties": { "ID": 1, "FEATUREID": "OFBB099C1AJ430010020000536", "CHFCAC": "000536", "CHFCEC": "代号", "CHFCED": "Qp#-1", "point_type": 0, "symbol_no": 0, "height": 2.5, "width": 2.5, "spacing": 0.0, "angle": 0.50443339347839355, "_src_file": "LDZOFBB099.WT", "_src_id": 535 }, "geometry": { "type": "Point", "coordinates": [ 73.973735037779718, 39.372278246491355 ] } },
{ "type": "Feature", "properties": { "ID": 3, "FEATUREID": "OFBB099C1AJ430010020000537", "CHFCAC": "000537", "CHFCEC": "代号", "CHFCED": "x", "point_type": 0, "symbol_no": 0, "height": 2.5, "width": 2.5, "spacing": 0.0, "angle": 0.49868965148925781, "_src_file": "LDZOFBB099.WT", "_src_id": 536 }, "geometry": { "type": "Point", "coordinates": [ 73.985399606866338, 39.372378902660131 ] } },
{ "type": "Feature", "properties": { "ID": 1, "FEATUREID": "OFBB099C1AJ430010020000538", "CHFCAC": "000538", "CHFCEC": "代号", "CHFCED": "Qp#-3", "point_type": 0, "symbol_no": 0, "height": 2.5, "width": 2.5, "spacing": 0.0, "angle": 0.60953009128570557, "_src_file": "LDZOFBB099.WT", "_src_id": 537 }, "geometry": { "type": "Point", "coordinates": [ 73.759999349387769, 39.331678968189671 ] } },
{ "type": "Feature", "properties": { "ID": 3, "FEATUREID": "OFBB099C1AJ430010020000539", "CHFCAC": "000539", "CHFCEC": "代号", "CHFCED": "#+pal", "point_type": 0, "symbol_no": 0, "height": 2.5, "width": 2.5, "spacing": 0.0, "angle": 0.60508614778518677, "_src_file": "LDZOFBB099.WT", "_src_id": 538 }, "geometry": { "type": "Point", "coordinates": [ 73.769029277725139, 39.332127986444419 ] } },
{ "type": "Feature", "properties": { "ID": 1, "FEATUREID": "OFBB099C1AJ430010020000540", "CHFCAC": "000540", "CHFCEC": "代号", "CHFCED": "Qp#-3", "point_type": 0, "symbol_no": 0, "height": 2.5, "width": 2.5, "spacing": 0.0, "angle": 0.54797905683517456, "_src_file": "LDZOFBB099.WT", "_src_id": 539 }, "geometry": { "type": "Point", "coordinates": [ 73.885205245531822, 39.357751310271475 ] } },
{ "type": "Feature", "properties": { "ID": 3, "FEATUREID": "OFBB099C1AJ430010020000541", "CHFCAC": "000541", "CHFCEC": "代号", "CHFCED": "#+pal", "point_type": 0, "symbol_no": 0, "height": 2.5, "width": 2.5, "spacing": 0.0, "angle": 0.5432555079460144, "_src_file": "LDZOFBB099.WT", "_src_id": 540 }, "geometry": { "type": "Point", "coordinates": [ 73.894799626379935, 39.35808342485921 ] } },
{ "type": "Feature", "properties": { "ID": 1, "FEATUREID": "OFBB099C1AJ430010020000542", "CHFCAC": "000542", "CHFCEC": "代号", "CHFCED": "N#-1", "point_type": 0, "symbol_no": 0, "height": 2.5, "width": 2.5, "spacing": 0.0, "angle": 0.5443609356880188, "_src_file": "LDZOFBB099.WT", "_src_id": 541 }, "geometry": { "type": "Point", "coordinates": [ 73.892768776190493, 39.386213896975164 ] } },
{ "type": "Feature", "properties": { "ID": 3, "FEATUREID": "OFBB099C1AJ430010020000543", "CHFCAC": "000543", "CHFCEC": "代号", "CHFCED": "k", "point_type": 0, "symbol_no": 0, "height": 2.5, "width": 2.5, "spacing": 0.0, "angle": 0.54073560237884521, "_src_file": "LDZOFBB099.WT", "_src_id": 542 }, "geometry": { "type": "Point", "coordinates": [ 73.900127761213241, 39.386283761012045 ] } },
{ "type": "Feature", "properties": { "ID": 1, "FEATUREID": "OFBB099C1AJ430010020000544", "CHFCAC": "000544", "CHFCEC": "代号", "CHFCED": "N#-1", "point_type": 0, "symbol_no": 0, "height": 2.5, "width": 2.5, "spacing": 0.0, "angle": 0.70810544490814209, "_src_file": "LDZOFBB099.WT", "_src_id": 543 }, "geometry": { "type": "Point", "coordinates": [ 73.559921988044621, 39.35492630645691 ] } },
{ "type": "Feature", "properties": { "ID": 3, "FEATUREID": "OFBB099C1AJ430010020000545", "CHFCAC": "000545", "CHFCEC": "代号", "CHFCED": "k", "point_type": 0, "symbol_no": 0, "height": 2.5, "width": 2.5, "spacing": 0.0, "angle": 0.7045595645904541, "_src_file": "LDZOFBB099.WT", "_src_id": 544 }, "geometry": { "type": "Point", "coordinates": [ 73.567121115607591, 39.354914330877172 ] } },
{ "type": "Feature", "properties": { "ID": 1, "FEATUREID": "OFBB099C1AJ430010020000546", "CHFCAC": "000546", "CHFCEC": "代号", "CHFCED": "N#-1", "point_type": 0, "symbol_no": 0, "height": 2.5, "width": 2.5, "spacing": 0.0, "angle": 0.67128974199295044, "_src_file": "LDZOFBB099.WT", "_src_id": 545 }, "geometry": { "type": "Point", "coordinates": [ 73.635073097030144, 39.39154471972256 ] } },
{ "type": "Feature", "properties": { "ID": 3, "FEATUREID": "OFBB099C1AJ430010020000547", "CHFCAC": "000547", "CHFCEC": "代号", "CHFCED": "k", "point_type": 0, "symbol_no": 0, "height": 2.5, "width": 2.5, "spacing": 0.0, "angle": 0.66780638694763184, "_src_file": "LDZOFBB099.WT", "_src_id": 546 }, "geometry": { "type": "Point", "coordinates": [ 73.642145596744513, 39.391623045094654 ] } },
{ "type": "Feature", "properties": { "ID": 1, "FEATUREID": "OFBB099C1AJ430010020000548", "CHFCAC": "000548", "CHFCEC": "代号", "CHFCED": "E", "point_type": 0, "symbol_no": 0, "height": 2.5, "width": 2.5, "spacing": 0.0, "angle": 0.71788835525512695, "_src_file": "LDZOFBB099.WT", "_src_id": 547 }, "geometry": { "type": "Point", "coordinates": [ 73.540277952464464, 39.370605260629468 ] } },
{ "type": "Feature", "properties": { "ID": 3, "FEATUREID": "OFBB099C1AJ430010020000549", "CHFCAC": "000549", "CHFCEC": "代号", "CHFCED": "K", "point_type": 0, "symbol_no": 0, "height": 2.5, "width": 2.5, "spacing": 0.0, "angle": 0.71564227342605591, "_src_file": "LDZOFBB099.WT", "_src_id": 548 }, "geometry": { "type": "Point", "coordinates": [ 73.544777000089198, 39.370533902506388 ] } },
{ "type": "Feature", "properties": { "ID": 5, "FEATUREID": "OFBB099C1AJ430010020000550", "CHFCAC": "000550", "CHFCEC": "代号", "CHFCED": "S#-3-4", "point_type": 0, "symbol_no": 0, "height": 2.5, "width": 2.5, "spacing": 0.2, "angle": 0.49062159657478333, "_src_file": "LDZOFBB099.WT", "_src_id": 549 }, "geometry": { "type": "Point", "coordinates": [ 74.003541604981862, 39.628787031927594 ] } },
{ "type": "Feature", "properties": { "ID": 4, "FEATUREID": "OFBB099C1AJ430010020000551", "CHFCAC": "000551", "CHFCEC": "代号", "CHFCED": "t", "point_type": 0, "symbol_no": 0, "height": 2.5, "width": 2.5, "spacing": 0.2, "angle": 0.4842885434627533, "_src_file": "LDZOFBB099.WT", "_src_id": 550 }, "geometry": { "type": "Point", "coordinates": [ 74.016323250609503, 39.629532955828083 ] } },
{ "type": "Feature", "properties": { "ID": 5, "FEATUREID": "OFBB099C1AJ430010020000552", "CHFCAC": "000552", "CHFCEC": "代号", "CHFCED": "Qp#-1", "point_type": 0, "symbol_no": 0, "height": 2.5, "width": 2.5, "spacing": 0.2, "angle": 0.48850581049919128, "_src_file": "LDZOFBB099.WT", "_src_id": 551 }, "geometry": { "type": "Point", "coordinates": [ 74.007397248917727, 39.561799750235679 ] } },
{ "type": "Feature", "properties": { "ID": 6, "FEATUREID": "OFBB099C1AJ430010020000553", "CHFCAC": "000553", "CHFCEC": "代号", "CHFCED": "x", "point_type": 0, "symbol_no": 0, "height": 2.5, "width": 2.5, "spacing": 0.2, "angle": 0.48259276151657104, "_src_file": "LDZOFBB099.WT", "_src_id": 552 }, "geometry": { "type": "Point", "coordinates": [ 74.019327332269199, 39.561845494575401 ] } },
{ "type": "Feature", "properties": { "ID": 13, "FEATUREID": "OFBB099C1AJ430010020000554", "CHFCAC": "000554", "CHFCEC": "代号", "CHFCED": "E", "point_type": 0, "symbol_no": 0, "height": 2.5, "width": 2.5, "spacing": 0.2, "angle": 0.47976836562156677, "_src_file": "LDZOFBB099.WT", "_src_id": 553 }, "geometry": { "type": "Point", "coordinates": [ 74.024707034998926, 39.50769125125229 ] } },
{ "type": "Feature", "properties": { "ID": 14, "FEATUREID": "OFBB099C1AJ430010020000555", "CHFCAC": "000555", "CHFCEC": "代号", "CHFCED": "K", "point_type": 0, "symbol_no": 0, "height": 2.5, "width": 2.5, "spacing": 0.2, "angle": 0.47766846418380737, "_src_file": "LDZOFBB099.WT", "_src_id": 554 }, "geometry": { "type": "Point", "coordinates": [ 74.028965695591324, 39.507619848713205 ] } },
{ "type": "Feature", "properties": { "ID": 15, "FEATUREID": "OFBB099C1AJ430010020000556", "CHFCAC": "000556", "CHFCEC": "代号", "CHFCED": "N#-1", "point_type": 0, "symbol_no": 0, "height": 2.5, "width": 2.5, "spacing": 0.2, "angle": 0.52912521362304688, "_src_file": "LDZOFBB099.WT", "_src_id": 555 }, "geometry": { "type": "Point", "coordinates": [ 73.92416416575179, 39.449946681643191 ] } },
{ "type": "Feature", "properties": { "ID": 16, "FEATUREID": "OFBB099C1AJ430010020000557", "CHFCAC": "000557", "CHFCEC": "代号", "CHFCED": "k", "point_type": 0, "symbol_no": 0, "height": 2.5, "width": 2.5, "spacing": 0.2, "angle": 0.5254213809967041, "_src_file": "LDZOFBB099.WT", "_src_id": 556 }, "geometry": { "type": "Point", "coordinates": [ 73.931677193248291, 39.449445094209949 ] } },
{ "type": "Feature", "properties": { "ID": 15, "FEATUREID": "OFBB099C1AJ430010020000558", "CHFCAC": "000558", "CHFCEC": "代号", "CHFCED": "N#-1", "point_type": 0, "symbol_no": 0, "height": 2.5, "width": 2.5, "spacing": 0.2, "angle": 0.45399755239486694, "_src_file": "LDZOFBB099.WT", "_src_id": 557 }, "geometry": { "type": "Point", "coordinates": [ 74.077065758012125, 39.509981102643508 ] } },
{ "type": "Feature", "properties": { "ID": 16, "FEATUREID": "OFBB099C1AJ430010020000559", "CHFCAC": "000559", "CHFCEC": "代号", "CHFCED": "k", "point_type": 0, "symbol_no": 0, "height": 2.5, "width": 2.5, "spacing": 0.2, "angle": 0.4499245285987854, "_src_file": "LDZOFBB099.WT", "_src_id": 558 }, "geometry": { "type": "Point", "coordinates": [ 74.085327250209446, 39.509859981463215 ] } },
{ "type": "Feature", "properties": { "ID": 13, "FEATUREID": "OFBB099C1AJ430010020000560", "CHFCAC": "000560", "CHFCEC": "代号", "CHFCED": "E", "point_type": 0, "symbol_no": 0, "height": 2.5, "width": 2.5, "spacing": 0.2, "angle": 0.47296276688575745, "_src_file": "LDZOFBB099.WT", "_src_id": 559 }, "geometry": { "type": "Point", "coordinates": [ 74.037858852415596, 39.405771968909058 ] } },
{ "type": "Feature", "properties": { "ID": 14, "FEATUREID": "OFBB099C1AJ430010020000561", "CHFCAC": "000561", "CHFCEC": "代号", "CHFCED": "K", "point_type": 0, "symbol_no": 0, "height": 2.5, "width": 2.5, "spacing": 0.2, "angle": 0.47066247463226318, "_src_file": "LDZOFBB099.WT", "_src_id": 560 }, "geometry": { "type": "Point", "coordinates": [ 74.042591512286705, 39.40604748456343 ] } },
{ "type": "Feature", "properties": { "ID": 13, "FEATUREID": "OFBB099C1AJ430010020000562", "CHFCAC": "000562", "CHFCEC": "代号", "CHFCED": "E", "point_type": 0, "symbol_no": 0, "height": 2.5, "width": 2.5, "spacing": 0.2, "angle": 0.40431505441665649, "_src_file": "LDZOFBB099.WT", "_src_id": 561 }, "geometry": { "type": "Point", "coordinates": [ 74.177259942534988, 39.400814817730485 ] } },
{ "type": "Feature", "properties": { "ID": 14, "FEATUREID": "OFBB099C1AJ430010020000563", "CHFCAC": "000563", "CHFCEC": "代号", "CHFCED": "K", "point_type": 0, "symbol_no": 0, "height": 2.5, "width": 2.5, "spacing": 0.2, "angle": 0.40220099687576294, "_src_file": "LDZOFBB099.WT", "_src_id": 562 }, "geometry": { "type": "Point", "coordinates": [ 74.181555070129576, 39.400974063538349 ] } },
{ "type": "Feature", "properties": { "ID": 13, "FEATUREID": "OFBB099C1AJ430010020000564", "CHFCAC": "000564", "CHFCEC": "代号", "CHFCED": "E", "point_type": 0, "symbol_no": 0, "height": 2.5, "width": 2.5, "spacing": 0.2, "angle": 0.38704901933670044, "_src_file": "LDZOFBB099.WT", "_src_id": 563 }, "geometry": { "type": "Point", "coordinates": [ 74.213594061168664, 39.646472587131491 ] } },
{ "type": "Feature", "properties": { "ID": 14, "FEATUREID": "OFBB099C1AJ430010020000565", "CHFCAC": "000565", "CHFCEC": "代号", "CHFCED": "K", "point_type": 0, "symbol_no": 0, "height": 2.5, "width": 2.5, "spacing": 0.2, "angle": 0.38482862710952759, "_src_file": "LDZOFBB099.WT", "_src_id": 564 }, "geometry": { "type": "Point", "coordinates": [ 74.218095759993147, 39.646837327478714 ] } },
{ "type": "Feature", "properties": { "ID": 13, "FEATUREID": "OFBB099C1AJ430010020000566", "CHFCAC": "000566", "CHFCEC": "代号", "CHFCED": "E", "point_type": 0, "symbol_no": 0, "height": 2.5, "width": 2.5, "spacing": 0.2, "angle": 0.37027311325073242, "_src_file": "LDZOFBB099.WT", "_src_id": 565 }, "geometry": { "type": "Point", "coordinates": [ 74.247154214890131, 39.542876487831862 ] } },
{ "type": "Feature", "properties": { "ID": 14, "FEATUREID": "OFBB099C1AJ430010020000567", "CHFCAC": "000567", "CHFCEC": "代号", "CHFCED": "K", "point_type": 0, "symbol_no": 0, "height": 2.5, "width": 2.5, "spacing": 0.2, "angle": 0.36811894178390503, "_src_file": "LDZOFBB099.WT", "_src_id": 566 }, "geometry": { "type": "Point", "coordinates": [ 74.25146330998092, 39.543162014039197 ] } },
{ "type": "Feature", "properties": { "ID": 13, "FEATUREID": "OFBB099C1AJ430010020000568", "CHFCAC": "000568", "CHFCEC": "代号", "CHFCED": "E", "point_type": 0, "symbol_no": 0, "height": 2.5, "width": 2.5, "spacing": 0.2, "angle": 0.37272262573242188, "_src_file": "LDZOFBB099.WT", "_src_id": 567 }, "geometry": { "type": "Point", "coordinates": [ 74.241765780416898, 39.471772733504764 ] } },
{ "type": "Feature", "properties": { "ID": 14, "FEATUREID": "OFBB099C1AJ430010020000569", "CHFCAC": "000569", "CHFCEC": "代号", "CHFCED": "K", "point_type": 0, "symbol_no": 0, "height": 2.5, "width": 2.5, "spacing": 0.2, "angle": 0.37074771523475647, "_src_file": "LDZOFBB099.WT", "_src_id": 568 }, "geometry": { "type": "Point", "coordinates": [ 74.245773456185987, 39.471931558389791 ] } },
{ "type": "Feature", "properties": { "ID": 13, "FEATUREID": "OFBB099C1AJ430010020000570", "CHFCAC": "000570", "CHFCEC": "代号", "CHFCED": "E", "point_type": 0, "symbol_no": 0, "height": 2.5, "width": 2.5, "spacing": 0.2, "angle": 0.29797938466072083, "_src_file": "LDZOFBB099.WT", "_src_id": 569 }, "geometry": { "type": "Point", "coordinates": [ 74.39400134128411, 39.593555914178289 ] } },
{ "type": "Feature", "properties": { "ID": 14, "FEATUREID": "OFBB099C1AJ430010020000571", "CHFCAC": "000571", "CHFCEC": "代号", "CHFCED": "K", "point_type": 0, "symbol_no": 0, "height": 2.5, "width": 2.5, "spacing": 0.2, "angle": 0.29603078961372375, "_src_file": "LDZOFBB099.WT", "_src_id": 570 }, "geometry": { "type": "Point", "coordinates": [ 74.397889745211529, 39.593515134321791 ] } },
{ "type": "Feature", "properties": { "ID": 13, "FEATUREID": "OFBB099C1AJ430010020000572", "CHFCAC": "000572", "CHFCEC": "代号", "CHFCED": "E", "point_type": 0, "symbol_no": 0, "height": 2.5, "width": 2.5, "spacing": 0.2, "angle": 0.3034248948097229, "_src_file": "LDZOFBB099.WT", "_src_id": 571 }, "geometry": { "type": "Point", "coordinates": [ 74.383151649269124, 39.65749754709023 ] } },
{ "type": "Feature", "properties": { "ID": 14, "FEATUREID": "OFBB099C1AJ430010020000573", "CHFCAC": "000573", "CHFCEC": "代号", "CHFCED": "K", "point_type": 0, "symbol_no": 0, "height": 2.5, "width": 2.5, "spacing": 0.2, "angle": 0.30112290382385254, "_src_file": "LDZOFBB099.WT", "_src_id": 572 }, "geometry": { "type": "Point", "coordinates": [ 74.387879542075851, 39.657465229727201 ] } },
{ "type": "Feature", "properties": { "ID": 13, "FEATUREID": "OFBB099C1AJ430010020000574", "CHFCAC": "000574", "CHFCEC": "代号", "CHFCED": "E", "point_type": 0, "symbol_no": 0, "height": 2.5, "width": 2.5, "spacing": 0.2, "angle": 0.25949424505233765, "_src_file": "LDZOFBB099.WT", "_src_id": 573 }, "geometry": { "type": "Point", "coordinates": [ 74.472196498364866, 39.637714082645374 ] } },
{ "type": "Feature", "properties": { "ID": 14, "FEATUREID": "OFBB099C1AJ430010020000575", "CHFCAC": "000575", "CHFCEC": "代号", "CHFCED": "K", "point_type": 0, "symbol_no": 0, "height": 2.5, "width": 2.5, "spacing": 0.2, "angle": 0.2572590708732605, "_src_file": "LDZOFBB099.WT", "_src_id": 574 }, "geometry": { "type": "Point", "coordinates": [ 74.476725590955937, 39.637624941165967 ] } },
{ "type": "Feature", "properties": { "ID": 13, "FEATUREID": "OFBB099C1AJ430010020000576", "CHFCAC": "000576", "CHFCEC": "代号", "CHFCED": "E", "point_type": 0, "symbol_no": 0, "height": 2.5, "width": 2.5, "spacing": 0.2, "angle": 0.25927501916885376, "_src_file": "LDZOFBB099.WT", "_src_id": 575 }, "geometry": { "type": "Point", "coordinates": [ 74.472423668264412, 39.574706517887755 ] } },
{ "type": "Feature", "properties": { "ID": 14, "FEATUREID": "OFBB099C1AJ430010020000577", "CHFCAC": "000577", "CHFCEC": "代号", "CHFCED": "K", "point_type": 0, "symbol_no": 0, "height": 2.5, "width": 2.5, "spacing": 0.2, "angle": 0.25687658786773682, "_src_file": "LDZOFBB099.WT", "_src_id": 576 }, "geometry": { "type": "Point", "coordinates": [ 74.477289548887484, 39.574861623795719 ] } },
{ "type": "Feature", "properties": { "ID": 87, "FEATUREID": "OFBB099C1AJ430010020000578", "CHFCAC": "000578", "CHFCEC": "代号", "CHFCED": "N#-2", "point_type": 0, "symbol_no": 0, "height": 2.5, "width": 2.5, "spacing": 0.2, "angle": 0.4891299307346344, "_src_file": "LDZOFBB099.WT", "_src_id": 577 }, "geometry": { "type": "Point", "coordinates": [ 74.004883862871367, 39.383124503769956 ] } },
{ "type": "Feature", "properties": { "ID": 88, "FEATUREID": "OFBB099C1AJ430010020000579", "CHFCAC": "000579", "CHFCEC": "代号", "CHFCED": "a", "point_type": 0, "symbol_no": 0, "height": 2.5, "width": 2.5, "spacing": 0.2, "angle": 0.48527082800865173, "_src_file": "LDZOFBB099.WT", "_src_id": 578 }, "geometry": { "type": "Point", "coordinates": [ 74.012721008788205, 39.383196450971347 ] } },
{ "type": "Feature", "properties": { "ID": 9, "FEATUREID": "OFBB099C1AJ430010020000580", "CHFCAC": "000580", "CHFCEC": "代号", "CHFCED": "K#-1", "point_type": 0, "symbol_no": 0, "height": 2.5, "width": 2.5, "spacing": 0.2, "angle": 0.49018266797065735, "_src_file": "LDZOFBB099.WT", "_src_id": 579 }, "geometry": { "type": "Point", "coordinates": [ 74.002713002887305, 39.369200410875266 ] } },
{ "type": "Feature", "properties": { "ID": 10, "FEATUREID": "OFBB099C1AJ430010020000581", "CHFCAC": "000581", "CHFCEC": "代号", "CHFCED": "#=kz", "point_type": 0, "symbol_no": 0, "height": 2.5, "width": 2.5, "spacing": 0.2, "angle": 0.4865613579750061, "_src_file": "LDZOFBB099.WT", "_src_id": 580 }, "geometry": { "type": "Point", "coordinates": [ 74.01000886133194, 39.369549143733529 ] } },
{ "type": "Feature", "properties": { "ID": 91, "FEATUREID": "OFBB099C1AJ430010020000582", "CHFCAC": "000582", "CHFCEC": "代号", "CHFCED": "Qp#-3", "point_type": 0, "symbol_no": 0, "height": 2.5, "width": 2.5, "spacing": 0.2, "angle": 0.26259562373161316, "_src_file": "LDZOFBB099.WT", "_src_id": 581 }, "geometry": { "type": "Point", "coordinates": [ 74.465215836211542, 39.440115777101489 ] } },
{ "type": "Feature", "properties": { "ID": 93, "FEATUREID": "OFBB099C1AJ430010020000583", "CHFCAC": "000583", "CHFCEC": "代号", "CHFCED": "#+pal", "point_type": 0, "symbol_no": 0, "height": 2.5, "width": 2.5, "spacing": 0.2, "angle": 0.25763756036758423, "_src_file": "LDZOFBB099.WT", "_src_id": 582 }, "geometry": { "type": "Point", "coordinates": [ 74.475279797892682, 39.439883495140208 ] } },
{ "type": "Feature", "properties": { "ID": 91, "FEATUREID": "OFBB099C1AJ430010020000584", "CHFCAC": "000584", "CHFCEC": "代号", "CHFCED": "Qp#-3", "point_type": 0, "symbol_no": 0, "height": 2.5, "width": 2.5, "spacing": 0.2, "angle": 0.29148370027542114, "_src_file": "LDZOFBB099.WT", "_src_id": 583 }, "geometry": { "type": "Point", "coordinates": [ 74.406528105074685, 39.444082277642714 ] } },
{ "type": "Feature", "properties": { "ID": 93, "FEATUREID": "OFBB099C1AJ430010020000585", "CHFCAC": "000585", "CHFCEC": "代号", "CHFCED": "#+pal", "point_type": 0, "symbol_no": 0, "height": 2.5, "width": 2.5, "spacing": 0.2, "angle": 0.28617465496063232, "_src_file": "LDZOFBB099.WT", "_src_id": 584 }, "geometry": { "type": "Point", "coordinates": [ 74.417368318979328, 39.444462444362962 ] } },
{ "type": "Feature", "properties": { "ID": 15, "FEATUREID": "OFBB099C1AJ430010020000586", "CHFCAC": "000586", "CHFCEC": "代号", "CHFCED": "N#-1", "point_type": 0, "symbol_no": 0, "height": 2.5, "width": 2.5, "spacing": 0.2, "angle": 0.38879549503326416, "_src_file": "LDZOFBB099.WT", "_src_id": 585 }, "geometry": { "type": "Point", "coordinates": [ 74.209039749091517, 39.451538649872241 ] } },
{ "type": "Feature", "properties": { "ID": 16, "FEATUREID": "OFBB099C1AJ430010020000587", "CHFCAC": "000587", "CHFCEC": "代号", "CHFCED": "k", "point_type": 0, "symbol_no": 0, "height": 2.5, "width": 2.5, "spacing": 0.2, "angle": 0.38528168201446533, "_src_file": "LDZOFBB099.WT", "_src_id": 586 }, "geometry": { "type": "Point", "coordinates": [ 74.216235635767532, 39.451561901694511 ] } },
{ "type": "Feature", "properties": { "ID": 15, "FEATUREID": "OFBB099C1AJ430010020000588", "CHFCAC": "000588", "CHFCEC": "代号", "CHFCED": "N#-1", "point_type": 0, "symbol_no": 0, "height": 2.5, "width": 2.5, "spacing": 0.2, "angle": 0.34035021066665649, "_src_file": "LDZOFBB099.WT", "_src_id": 587 }, "geometry": { "type": "Point", "coordinates": [ 74.307545910767928, 39.489738075623521 ] } },
{ "type": "Feature", "properties": { "ID": 16, "FEATUREID": "OFBB099C1AJ430010020000589", "CHFCAC": "000589", "CHFCEC": "代号", "CHFCED": "k", "point_type": 0, "symbol_no": 0, "height": 2.5, "width": 2.5, "spacing": 0.2, "angle": 0.33583655953407288, "_src_file": "LDZOFBB099.WT", "_src_id": 588 }, "geometry": { "type": "Point", "coordinates": [ 74.316705788878011, 39.489671669358955 ] } },
{ "type": "Feature", "properties": { "ID": 15, "FEATUREID": "OFBB099C1AJ430010020000590", "CHFCAC": "000590", "CHFCEC": "代号", "CHFCED": "N#-1", "point_type": 0, "symbol_no": 0, "height": 2.5, "width": 2.5, "spacing": 0.2, "angle": 0.36581084132194519, "_src_file": "LDZOFBB099.WT", "_src_id": 589 }, "geometry": { "type": "Point", "coordinates": [ 74.256377237773108, 39.590838520828491 ] } },
{ "type": "Feature", "properties": { "ID": 16, "FEATUREID": "OFBB099C1AJ430010020000591", "CHFCAC": "000591", "CHFCEC": "代号", "CHFCED": "k", "point_type": 0, "symbol_no": 0, "height": 2.5, "width": 2.5, "spacing": 0.2, "angle": 0.36162087321281433, "_src_file": "LDZOFBB099.WT", "_src_id": 590 }, "geometry": { "type": "Point", "coordinates": [ 74.264873317235612, 39.590760678288355 ] } },
{ "type": "Feature", "properties": { "ID": 15, "FEATUREID": "OFBB099C1AJ430010020000592", "CHFCAC": "000592", "CHFCEC": "代号", "CHFCED": "N#-1", "point_type": 0, "symbol_no": 0, "height": 2.5, "width": 2.5, "spacing": 0.2, "angle": 0.38483092188835144, "_src_file": "LDZOFBB099.WT", "_src_id": 591 }, "geometry": { "type": "Point", "coordinates": [ 74.21814510454594, 39.657364398246848 ] } },
{ "type": "Feature", "properties": { "ID": 16, "FEATUREID": "OFBB099C1AJ430010020000593", "CHFCAC": "000593", "CHFCEC": "代号", "CHFCED": "K", "point_type": 0, "symbol_no": 0, "height": 2.5, "width": 2.5, "spacing": 0.2, "angle": 0.38157469034194946, "_src_file": "LDZOFBB099.WT", "_src_id": 592 }, "geometry": { "type": "Point", "coordinates": [ 74.224743806605701, 39.657487567108014 ] } },
{ "type": "Feature", "properties": { "ID": 15, "FEATUREID": "OFBB099C1AJ430010020000594", "CHFCAC": "000594", "CHFCEC": "代号", "CHFCED": "N#-1", "point_type": 0, "symbol_no": 0, "height": 2.5, "width": 2.5, "spacing": 0.2, "angle": 0.37480688095092773, "_src_file": "LDZOFBB099.WT", "_src_id": 593 }, "geometry": { "type": "Point", "coordinates": [ 74.237731095382529, 39.510109148703023 ] } },
{ "type": "Feature", "properties": { "ID": 16, "FEATUREID": "OFBB099C1AJ430010020000595", "CHFCAC": "000595", "CHFCEC": "代号", "CHFCED": "k", "point_type": 0, "symbol_no": 0, "height": 2.5, "width": 2.5, "spacing": 0.2, "angle": 0.37124231457710266, "_src_file": "LDZOFBB099.WT", "_src_id": 594 }, "geometry": { "type": "Point", "coordinates": [ 74.244961781392405, 39.510030742623201 ] } },
{ "type": "Feature", "properties": { "ID": 15, "FEATUREID": "OFBB099C1AJ430010020000596", "CHFCAC": "000596", "CHFCEC": "代号", "CHFCED": "N#-1", "point_type": 0, "symbol_no": 0, "height": 2.5, "width": 2.5, "spacing": 0.2, "angle": 0.31073048710823059, "_src_file": "LDZOFBB099.WT", "_src_id": 595 }, "geometry": { "type": "Point", "coordinates": [ 74.367682710850403, 39.482307929743108 ] } },
{ "type": "Feature", "properties": { "ID": 16, "FEATUREID": "OFBB099C1AJ430010020000597", "CHFCAC": "000597", "CHFCEC": "代号", "CHFCED": "k", "point_type": 0, "symbol_no": 0, "height": 2.5, "width": 2.5, "spacing": 0.2, "angle": 0.30708077549934387, "_src_file": "LDZOFBB099.WT", "_src_id": 596 }, "geometry": { "type": "Point", "coordinates": [ 74.375087104182839, 39.482273962767835 ] } },
{ "type": "Feature", "properties": { "ID": 15, "FEATUREID": "OFBB099C1AJ430010020000598", "CHFCAC": "000598", "CHFCEC": "代号", "CHFCED": "N#-1", "point_type": 0, "symbol_no": 0, "height": 2.5, "width": 2.5, "spacing": 0.2, "angle": 0.25793963670730591, "_src_file": "LDZOFBB099.WT", "_src_id": 597 }, "geometry": { "type": "Point", "coordinates": [ 74.475307630402341, 39.62631453824509 ] } },
{ "type": "Feature", "properties": { "ID": 16, "FEATUREID": "OFBB099C1AJ430010020000599", "CHFCAC": "000599", "CHFCEC": "代号", "CHFCED": "k", "point_type": 0, "symbol_no": 0, "height": 2.5, "width": 2.5, "spacing": 0.2, "angle": 0.25458681583404541, "_src_file": "LDZOFBB099.WT", "_src_id": 598 }, "geometry": { "type": "Point", "coordinates": [ 74.482105499843712, 39.626351126740808 ] } },
{ "type": "Feature", "properties": { "ID": 134, "FEATUREID": "OFBB099C1AJ430010020000600", "CHFCAC": "000600", "CHFCEC": "代号", "CHFCED": "Qp#-1", "point_type": 0, "symbol_no": 0, "height": 2.5, "width": 2.5, "spacing": 0.2, "angle": 0.43788254261016846, "_src_file": "LDZOFBB099.WT", "_src_id": 599 }, "geometry": { "type": "Point", "coordinates": [ 74.110295755034215, 39.612490377230195 ] } },
{ "type": "Feature", "properties": { "ID": 135, "FEATUREID": "OFBB099C1AJ430010020000601", "CHFCAC": "000601", "CHFCEC": "代号", "CHFCED": "x", "point_type": 0, "symbol_no": 0, "height": 2.5, "width": 2.5, "spacing": 0.2, "angle": 0.43223068118095398, "_src_file": "LDZOFBB099.WT", "_src_id": 600 }, "geometry": { "type": "Point", "coordinates": [ 74.121753649604472, 39.612355250624958 ] } },
{ "type": "Feature", "properties": { "ID": 93, "FEATUREID": "OFBB099C1AJ430010020000602", "CHFCAC": "000602", "CHFCEC": "代号", "CHFCED": "#+pal", "point_type": 0, "symbol_no": 0, "height": 2.5, "width": 2.5, "spacing": 0.2, "angle": 0.41947880387306213, "_src_file": "LDZOFBB099.WT", "_src_id": 601 }, "geometry": { "type": "Point", "coordinates": [ 74.147117641344849, 39.524467809560754 ] } },
{ "type": "Feature", "properties": { "ID": 145, "FEATUREID": "OFBB099C1AJ430010020000603", "CHFCAC": "000603", "CHFCEC": "代号", "CHFCED": "Qh", "point_type": 0, "symbol_no": 0, "height": 2.5, "width": 2.5, "spacing": 0.2, "angle": 0.42356085777282715, "_src_file": "LDZOFBB099.WT", "_src_id": 602 }, "geometry": { "type": "Point", "coordinates": [ 74.138887361461528, 39.522832417197904 ] } },
{ "type": "Feature", "properties": { "ID": 15, "FEATUREID": "OFBB099C1AJ430010020000604", "CHFCAC": "000604", "CHFCEC": "代号", "CHFCED": "N#-1", "point_type": 0, "symbol_no": 0, "height": 2.5, "width": 2.5, "spacing": 0.2, "angle": 0.44118830561637878, "_src_file": "LDZOFBB099.WT", "_src_id": 603 }, "geometry": { "type": "Point", "coordinates": [ 74.103000673840299, 39.501052314008973 ] } },
{ "type": "Feature", "properties": { "ID": 16, "FEATUREID": "OFBB099C1AJ430010020000605", "CHFCAC": "000605", "CHFCEC": "代号", "CHFCED": "k", "point_type": 0, "symbol_no": 0, "height": 2.5, "width": 2.5, "spacing": 0.2, "angle": 0.43747043609619141, "_src_file": "LDZOFBB099.WT", "_src_id": 604 }, "geometry": { "type": "Point", "coordinates": [ 74.110543404651381, 39.500979141390161 ] } },
{ "type": "Feature", "properties": { "ID": 15, "FEATUREID": "OFBB099C1AJ430010020000606", "CHFCAC": "000606", "CHFCEC": "代号", "CHFCED": "N#-1", "point_type": 0, "symbol_no": 0, "height": 2.5, "width": 2.5, "spacing": 0.2, "angle": 0.46957257390022278, "_src_file": "LDZOFBB099.WT", "_src_id": 605 }, "geometry": { "type": "Point", "coordinates": [ 74.044876048686646, 39.426666725832803 ] } },
{ "type": "Feature", "properties": { "ID": 149, "FEATUREID": "OFBB099C1AJ430010020000607", "CHFCAC": "000607", "CHFCEC": "代号", "CHFCED": "a", "point_type": 0, "symbol_no": 0, "height": 2.5, "width": 2.5, "spacing": 0.2, "angle": 0.46578678488731384, "_src_file": "LDZOFBB099.WT", "_src_id": 606 }, "geometry": { "type": "Point", "coordinates": [ 74.052625013244892, 39.427197131004689 ] } },
{ "type": "Feature", "properties": { "ID": 13, "FEATUREID": "OFBB099C1AJ430010020000608", "CHFCAC": "000608", "CHFCEC": "代号", "CHFCED": "E", "point_type": 0, "symbol_no": 0, "height": 2.0, "width": 2.0, "spacing": 0.2, "angle": 0.44836294651031494, "_src_file": "LDZOFBB099.WT", "_src_id": 607 }, "geometry": { "type": "Point", "coordinates": [ 74.087823867516533, 39.399672857461333 ] } },
{ "type": "Feature", "properties": { "ID": 14, "FEATUREID": "OFBB099C1AJ430010020000609", "CHFCAC": "000609", "CHFCEC": "代号", "CHFCED": "K", "point_type": 0, "symbol_no": 0, "height": 2.0, "width": 2.0, "spacing": 0.2, "angle": 0.44664710760116577, "_src_file": "LDZOFBB099.WT", "_src_id": 608 }, "geometry": { "type": "Point", "coordinates": [ 74.091307334224908, 39.399812673664847 ] } },
{ "type": "Feature", "properties": { "ID": 130, "FEATUREID": "OFBB099C1AJ430010020000610", "CHFCAC": "000610", "CHFCEC": "代号", "CHFCED": "N#-1", "point_type": 0, "symbol_no": 0, "height": 2.5, "width": 2.5, "spacing": 0.2, "angle": 0.4188307523727417, "_src_file": "LDZOFBB099.WT", "_src_id": 609 }, "geometry": { "type": "Point", "coordinates": [ 74.149153512027254, 39.643501817816393 ] } },
{ "type": "Feature", "properties": { "ID": 131, "FEATUREID": "OFBB099C1AJ430010020000611", "CHFCAC": "000611", "CHFCEC": "代号", "CHFCED": "a", "point_type": 0, "symbol_no": 0, "height": 2.5, "width": 2.5, "spacing": 0.2, "angle": 0.4150117039680481, "_src_file": "LDZOFBB099.WT", "_src_id": 610 }, "geometry": { "type": "Point", "coordinates": [ 74.15683850697107, 39.644141606872495 ] } },
{ "type": "Feature", "properties": { "ID": 13, "FEATUREID": "OFBB099C1AJ430010020000612", "CHFCAC": "000612", "CHFCEC": "代号", "CHFCED": "E", "point_type": 0, "symbol_no": 0, "height": 2.5, "width": 2.5, "spacing": 0.2, "angle": 0.42142939567565918, "_src_file": "LDZOFBB099.WT", "_src_id": 611 }, "geometry": { "type": "Point", "coordinates": [ 74.142595818246349, 39.415209811468813 ] } },
{ "type": "Feature", "properties": { "ID": 14, "FEATUREID": "OFBB099C1AJ430010020000613", "CHFCAC": "000613", "CHFCEC": "代号", "CHFCED": "K", "point_type": 0, "symbol_no": 0, "height": 2.5, "width": 2.5, "spacing": 0.2, "angle": 0.41896721720695496, "_src_file": "LDZOFBB099.WT", "_src_id": 612 }, "geometry": { "type": "Point", "coordinates": [ 74.147597207300819, 39.415368297097046 ] } },
{ "type": "Feature", "properties": { "ID": 168, "FEATUREID": "OFBB099C1AJ430010020000614", "CHFCAC": "000614", "CHFCEC": "代号", "CHFCED": "Qh", "point_type": 0, "symbol_no": 0, "height": 2.5, "width": 2.5, "spacing": 0.2, "angle": 0.32759329676628113, "_src_file": "LDZOFBB099.WT", "_src_id": 613 }, "geometry": { "type": "Point", "coordinates": [ 74.333561912196387, 39.505269091937755 ] } },
{ "type": "Feature", "properties": { "ID": 169, "FEATUREID": "OFBB099C1AJ430010020000615", "CHFCAC": "000615", "CHFCEC": "代号", "CHFCED": "#+al", "point_type": 0, "symbol_no": 0, "height": 2.5, "width": 2.5, "spacing": 0.2, "angle": 0.3235880434513092, "_src_file": "LDZOFBB099.WT", "_src_id": 614 }, "geometry": { "type": "Point", "coordinates": [ 74.341629836064868, 39.50575225639507 ] } },
{ "type": "Feature", "properties": { "ID": 15, "FEATUREID": "OFBB099C1AJ430010020000616", "CHFCAC": "000616", "CHFCEC": "代号", "CHFCED": "N#-1", "point_type": 0, "symbol_no": 0, "height": 2.5, "width": 2.5, "spacing": 0.2, "angle": 0.36377233266830444, "_src_file": "LDZOFBB099.WT", "_src_id": 615 }, "geometry": { "type": "Point", "coordinates": [ 74.260408642450102, 39.569645497634021 ] } },
{ "type": "Feature", "properties": { "ID": 173, "FEATUREID": "OFBB099C1AJ430010020000617", "CHFCAC": "000617", "CHFCEC": "代号", "CHFCED": "a", "point_type": 0, "symbol_no": 0, "height": 2.5, "width": 2.5, "spacing": 0.2, "angle": 0.36044719815254211, "_src_file": "LDZOFBB099.WT", "_src_id": 616 }, "geometry": { "type": "Point", "coordinates": [ 74.267155821773613, 39.570372068037649 ] } },
{ "type": "Feature", "properties": { "ID": 91, "FEATUREID": "OFBB099C1AJ430010020000618", "CHFCAC": "000618", "CHFCEC": "代号", "CHFCED": "Qp#-3", "point_type": 0, "symbol_no": 0, "height": 2.5, "width": 2.5, "spacing": 0.2, "angle": 0.31342238187789917, "_src_file": "LDZOFBB099.WT", "_src_id": 617 }, "geometry": { "type": "Point", "coordinates": [ 74.361756093682445, 39.37401142731494 ] } },
{ "type": "Feature", "properties": { "ID": 93, "FEATUREID": "OFBB099C1AJ430010020000619", "CHFCAC": "000619", "CHFCEC": "代号", "CHFCED": "#+pal", "point_type": 0, "symbol_no": 0, "height": 2.5, "width": 2.5, "spacing": 0.2, "angle": 0.30818107724189758, "_src_file": "LDZOFBB099.WT", "_src_id": 618 }, "geometry": { "type": "Point", "coordinates": [ 74.372400246650571, 39.374001643446576 ] } },
{ "type": "Feature", "properties": { "ID": 177, "FEATUREID": "OFBB099C1AJ430010020000620", "CHFCAC": "000620", "CHFCEC": "代号", "CHFCED": "N#-1", "point_type": 0, "symbol_no": 0, "height": 2.5, "width": 2.5, "spacing": 0.2, "angle": 0.31641790270805359, "_src_file": "LDZOFBB099.WT", "_src_id": 619 }, "geometry": { "type": "Point", "coordinates": [ 74.356301508619993, 39.520201853015379 ] } },
{ "type": "Feature", "properties": { "ID": 178, "FEATUREID": "OFBB099C1AJ430010020000621", "CHFCAC": "000621", "CHFCEC": "代号", "CHFCED": "a", "point_type": 0, "symbol_no": 0, "height": 2.5, "width": 2.5, "spacing": 0.2, "angle": 0.31297200918197632, "_src_file": "LDZOFBB099.WT", "_src_id": 620 }, "geometry": { "type": "Point", "coordinates": [ 74.363295271783628, 39.52082512845957 ] } },
{ "type": "Feature", "properties": { "ID": 177, "FEATUREID": "OFBB099C1AJ430010020000622", "CHFCAC": "000622", "CHFCEC": "代号", "CHFCED": "N#-1", "point_type": 0, "symbol_no": 0, "height": 2.5, "width": 2.5, "spacing": 0.2, "angle": 0.27883186936378479, "_src_file": "LDZOFBB099.WT", "_src_id": 621 }, "geometry": { "type": "Point", "coordinates": [ 74.432416778995574, 39.482381669189735 ] } },
{ "type": "Feature", "properties": { "ID": 178, "FEATUREID": "OFBB099C1AJ430010020000623", "CHFCAC": "000623", "CHFCEC": "代号", "CHFCED": "a", "point_type": 0, "symbol_no": 0, "height": 2.5, "width": 2.5, "spacing": 0.2, "angle": 0.27506008744239807, "_src_file": "LDZOFBB099.WT", "_src_id": 622 }, "geometry": { "type": "Point", "coordinates": [ 74.440008847422632, 39.482268843009763 ] } },
{ "type": "Feature", "properties": { "ID": 181, "FEATUREID": "OFBB099C1AJ430010020000624", "CHFCAC": "000624", "CHFCEC": "代号", "CHFCED": "a", "point_type": 0, "symbol_no": 0, "height": 2.5, "width": 2.5, "spacing": 0.2, "angle": 0.31013673543930054, "_src_file": "LDZOFBB099.WT", "_src_id": 623 }, "geometry": { "type": "Point", "coordinates": [ 74.368955931595224, 39.513462227138469 ] } },
{ "type": "Feature", "properties": { "ID": 177, "FEATUREID": "OFBB099C1AJ430010020000625", "CHFCAC": "000625", "CHFCEC": "代号", "CHFCED": "N#-1", "point_type": 0, "symbol_no": 0, "height": 2.5, "width": 2.5, "spacing": 0.2, "angle": 0.31358698010444641, "_src_file": "LDZOFBB099.WT", "_src_id": 624 }, "geometry": { "type": "Point", "coordinates": [ 74.362009605919354, 39.511808520739812 ] } },
{ "type": "Feature", "properties": { "ID": 181, "FEATUREID": "OFBB099C1AJ430010020000626", "CHFCAC": "000626", "CHFCEC": "代号", "CHFCED": "a", "point_type": 0, "symbol_no": 0, "height": 2.5, "width": 2.5, "spacing": 0.2, "angle": 0.28192317485809326, "_src_file": "LDZOFBB099.WT", "_src_id": 625 }, "geometry": { "type": "Point", "coordinates": [ 74.426229499323668, 39.521653936858428 ] } },
{ "type": "Feature", "properties": { "ID": 177, "FEATUREID": "OFBB099C1AJ430010020000627", "CHFCAC": "000627", "CHFCEC": "代号", "CHFCED": "N#-1", "point_type": 0, "symbol_no": 0, "height": 2.5, "width": 2.5, "spacing": 0.2, "angle": 0.28560027480125427, "_src_file": "LDZOFBB099.WT", "_src_id": 626 }, "geometry": { "type": "Point", "coordinates": [ 74.418765854515669, 39.520767758928187 ] } },
{ "type": "Feature", "properties": { "ID": 189, "FEATUREID": "OFBB099C1AJ430010020000628", "CHFCAC": "000628", "CHFCEC": "代号", "CHFCED": "Qh", "point_type": 0, "symbol_no": 0, "height": 2.5, "width": 2.5, "spacing": 0.2, "angle": 0.28440392017364502, "_src_file": "LDZOFBB099.WT", "_src_id": 627 }, "geometry": { "type": "Point", "coordinates": [ 74.421484735429729, 39.597542354554534 ] } },
{ "type": "Feature", "properties": { "ID": 190, "FEATUREID": "OFBB099C1AJ430010020000629", "CHFCAC": "000629", "CHFCEC": "代号", "CHFCED": "#+al", "point_type": 0, "symbol_no": 0, "height": 2.5, "width": 2.5, "spacing": 0.2, "angle": 0.28054007887840271, "_src_file": "LDZOFBB099.WT", "_src_id": 628 }, "geometry": { "type": "Point", "coordinates": [ 74.429383494227963, 39.598261087022102 ] } },
{ "type": "Feature", "properties": { "ID": 15, "FEATUREID": "OFBB099C1AJ430010020000630", "CHFCAC": "000630", "CHFCEC": "代号", "CHFCED": "N#-1", "point_type": 0, "symbol_no": 0, "height": 2.5, "width": 2.5, "spacing": 0.2, "angle": 0.24053750932216644, "_src_file": "LDZOFBB099.WT", "_src_id": 629 }, "geometry": { "type": "Point", "coordinates": [ 74.51059582708487, 39.627483100984122 ] } },
{ "type": "Feature", "properties": { "ID": 16, "FEATUREID": "OFBB099C1AJ430010020000631", "CHFCAC": "000631", "CHFCEC": "代号", "CHFCED": "k", "point_type": 0, "symbol_no": 0, "height": 2.5, "width": 2.5, "spacing": 0.2, "angle": 0.23709531128406525, "_src_file": "LDZOFBB099.WT", "_src_id": 630 }, "geometry": { "type": "Point", "coordinates": [ 74.517573592404474, 39.627739683867098 ] } },
{ "type": "Feature", "properties": { "ID": 177, "FEATUREID": "OFBB099C1AJ430010020000632", "CHFCAC": "000632", "CHFCEC": "代号", "CHFCED": "N#-1", "point_type": 0, "symbol_no": 0, "height": 2.5, "width": 2.5, "spacing": 0.2, "angle": 0.25516307353973389, "_src_file": "LDZOFBB099.WT", "_src_id": 631 }, "geometry": { "type": "Point", "coordinates": [ 74.481049990318198, 39.659851471409461 ] } },
{ "type": "Feature", "properties": { "ID": 178, "FEATUREID": "OFBB099C1AJ430010020000633", "CHFCAC": "000633", "CHFCEC": "代号", "CHFCED": "a", "point_type": 0, "symbol_no": 0, "height": 2.5, "width": 2.5, "spacing": 0.2, "angle": 0.25111523270606995, "_src_file": "LDZOFBB099.WT", "_src_id": 632 }, "geometry": { "type": "Point", "coordinates": [ 74.489253244338002, 39.659283858011214 ] } },
{ "type": "Feature", "properties": { "ID": 177, "FEATUREID": "OFBB099C1AJ430010020000634", "CHFCAC": "000634", "CHFCEC": "代号", "CHFCED": "N#-1", "point_type": 0, "symbol_no": 0, "height": 2.5, "width": 2.5, "spacing": 0.2, "angle": 0.26427868008613586, "_src_file": "LDZOFBB099.WT", "_src_id": 633 }, "geometry": { "type": "Point", "coordinates": [ 74.46242918130072, 39.618752170904877 ] } },
{ "type": "Feature", "properties": { "ID": 178, "FEATUREID": "OFBB099C1AJ430010020000635", "CHFCAC": "000635", "CHFCEC": "代号", "CHFCED": "a", "point_type": 0, "symbol_no": 0, "height": 2.5, "width": 2.5, "spacing": 0.2, "angle": 0.26074323058128357, "_src_file": "LDZOFBB099.WT", "_src_id": 634 }, "geometry": { "type": "Point", "coordinates": [ 74.469597681053898, 39.618791561135417 ] } },
{ "type": "Feature", "properties": { "ID": 177, "FEATUREID": "OFBB099C1AJ430010020000636", "CHFCAC": "000636", "CHFCEC": "代号", "CHFCED": "N#-1", "point_type": 0, "symbol_no": 0, "height": 2.5, "width": 2.5, "spacing": 0.2, "angle": 0.26048505306243896, "_src_file": "LDZOFBB099.WT", "_src_id": 635 }, "geometry": { "type": "Point", "coordinates": [ 74.469853115411411, 39.541124412513149 ] } },
{ "type": "Feature", "properties": { "ID": 178, "FEATUREID": "OFBB099C1AJ430010020000637", "CHFCAC": "000637", "CHFCEC": "代号", "CHFCED": "a", "point_type": 0, "symbol_no": 0, "height": 2.5, "width": 2.5, "spacing": 0.2, "angle": 0.25675296783447266, "_src_file": "LDZOFBB099.WT", "_src_id": 636 }, "geometry": { "type": "Point", "coordinates": [ 74.4774278144167, 39.541642518509384 ] } },
{ "type": "Feature", "properties": { "ID": 128, "FEATUREID": "OFBB099C1AJ430010020000638", "CHFCAC": "000638", "CHFCEC": "代号", "CHFCED": "N#-1", "point_type": 0, "symbol_no": 0, "height": 2.5, "width": 2.5, "spacing": 0.2, "angle": 0.47031700611114502, "_src_file": "LDZOFBB099.WT", "_src_id": 637 }, "geometry": { "type": "Point", "coordinates": [ 74.044819823026032, 39.657846168744875 ] } },
{ "type": "Feature", "properties": { "ID": 129, "FEATUREID": "OFBB099C1AJ430010020000639", "CHFCAC": "000639", "CHFCEC": "代号", "CHFCED": "p", "point_type": 0, "symbol_no": 0, "height": 2.5, "width": 2.5, "spacing": 0.2, "angle": 0.466581791639328, "_src_file": "LDZOFBB099.WT", "_src_id": 638 }, "geometry": { "type": "Point", "coordinates": [ 74.052453943288114, 39.658155391196246 ] } },
{ "type": "Feature", "properties": { "ID": 91, "FEATUREID": "OFBB099C1AJ430010020000640", "CHFCAC": "000640", "CHFCEC": "代号", "CHFCED": "Qp#-3", "point_type": 0, "symbol_no": 0, "height": 2.5, "width": 2.5, "spacing": 0.2, "angle": 0.25791308283805847, "_src_file": "LDZOFBB099.WT", "_src_id": 639 }, "geometry": { "type": "Point", "coordinates": [ 74.474510103597652, 39.380348905328788 ] } },
{ "type": "Feature", "properties": { "ID": 93, "FEATUREID": "OFBB099C1AJ430010020000641", "CHFCAC": "000641", "CHFCEC": "代号", "CHFCED": "#+gfl", "point_type": 0, "symbol_no": 0, "height": 2.5, "width": 2.5, "spacing": 0.2, "angle": 0.25258314609527588, "_src_file": "LDZOFBB099.WT", "_src_id": 640 }, "geometry": { "type": "Point", "coordinates": [ 74.485331556438766, 39.380163661620564 ] } },
{ "type": "Feature", "properties": { "ID": 91, "FEATUREID": "OFBB099C1AJ430010020000642", "CHFCAC": "000642", "CHFCEC": "代号", "CHFCED": "Qh", "point_type": 0, "symbol_no": 0, "height": 2.5, "width": 2.5, "spacing": 0.2, "angle": 0.27434083819389343, "_src_file": "LDZOFBB099.WT", "_src_id": 641 }, "geometry": { "type": "Point", "coordinates": [ 74.44101388141631, 39.345314978026245 ] } },
{ "type": "Feature", "properties": { "ID": 93, "FEATUREID": "OFBB099C1AJ430010020000643", "CHFCAC": "000643", "CHFCEC": "代号", "CHFCED": "#+gl", "point_type": 0, "symbol_no": 0, "height": 2.5, "width": 2.5, "spacing": 0.2, "angle": 0.27060940861701965, "_src_file": "LDZOFBB099.WT", "_src_id": 642 }, "geometry": { "type": "Point", "coordinates": [ 74.448599499470205, 39.346666160874335 ] } },
{ "type": "Feature", "properties": { "ID": 8, "FEATUREID": "OFBB099C1AJ430010020000644", "CHFCAC": "000644", "CHFCEC": "代号", "CHFCED": "Qp#-3", "point_type": 0, "symbol_no": 0, "height": 2.5, "width": 2.5, "spacing": 0.2, "angle": 0.30527365207672119, "_src_file": "LDZOFBB099.WT", "_src_id": 643 }, "geometry": { "type": "Point", "coordinates": [ 74.376749447920702, 39.017813383911324 ] } },
{ "type": "Feature", "properties": { "ID": 8, "FEATUREID": "OFBB099C1AJ430010020000645", "CHFCAC": "000645", "CHFCEC": "代号", "CHFCED": "#+pal", "point_type": 0, "symbol_no": 0, "height": 2.5, "width": 2.5, "spacing": 0.2, "angle": 0.29914602637290955, "_src_file": "LDZOFBB099.WT", "_src_id": 644 }, "geometry": { "type": "Point", "coordinates": [ 74.389226372243414, 39.017685351260674 ] } },
{ "type": "Feature", "properties": { "ID": 49, "FEATUREID": "OFBB099C1AJ430010020000646", "CHFCAC": "000646", "CHFCEC": "代号", "CHFCED": "Qh", "point_type": 0, "symbol_no": 0, "height": 2.5, "width": 2.5, "spacing": 0.2, "angle": 0.32950949668884277, "_src_file": "LDZOFBB099.WT", "_src_id": 645 }, "geometry": { "type": "Point", "coordinates": [ 74.328865370964408, 39.326157726238087 ] } },
{ "type": "Feature", "properties": { "ID": 49, "FEATUREID": "OFBB099C1AJ430010020000647", "CHFCAC": "000647", "CHFCEC": "代号", "CHFCED": "#+gl", "point_type": 0, "symbol_no": 0, "height": 2.5, "width": 2.5, "spacing": 0.2, "angle": 0.32496893405914307, "_src_file": "LDZOFBB099.WT", "_src_id": 646 }, "geometry": { "type": "Point", "coordinates": [ 74.338032692444742, 39.326879797671374 ] } },
{ "type": "Feature", "properties": { "ID": 53, "FEATUREID": "OFBB099C1AJ430010020000648", "CHFCAC": "000648", "CHFCEC": "代号", "CHFCED": "Qh", "point_type": 0, "symbol_no": 0, "height": 2.5, "width": 2.5, "spacing": 0.2, "angle": 0.37362974882125854, "_src_file": "LDZOFBB099.WT", "_src_id": 647 }, "geometry": { "type": "Point", "coordinates": [ 74.238293009068727, 39.159271712288394 ] } },
{ "type": "Feature", "properties": { "ID": 53, "FEATUREID": "OFBB099C1AJ430010020000649", "CHFCAC": "000649", "CHFCEC": "代号", "CHFCED": "#+pl", "point_type": 0, "symbol_no": 0, "height": 2.5, "width": 2.5, "spacing": 0.2, "angle": 0.36949479579925537, "_src_file": "LDZOFBB099.WT", "_src_id": 648 }, "geometry": { "type": "Point", "coordinates": [ 74.246767650768902, 39.159830165418754 ] } },
{ "type": "Feature", "properties": { "ID": 8, "FEATUREID": "OFBB099C1AJ430010020000650", "CHFCAC": "000650", "CHFCEC": "代号", "CHFCED": "Qp#-3", "point_type": 0, "symbol_no": 0, "height": 2.5, "width": 2.5, "spacing": 0.2, "angle": 0.27454978227615356, "_src_file": "LDZOFBB099.WT", "_src_id": 649 }, "geometry": { "type": "Point", "coordinates": [ 74.439849116663495, 39.154531245185836 ] } },
{ "type": "Feature", "properties": { "ID": 8, "FEATUREID": "OFBB099C1AJ430010020000651", "CHFCAC": "000651", "CHFCEC": "代号", "CHFCED": "#+pal", "point_type": 0, "symbol_no": 0, "height": 2.5, "width": 2.5, "spacing": 0.2, "angle": 0.268938809633255, "_src_file": "LDZOFBB099.WT", "_src_id": 650 }, "geometry": { "type": "Point", "coordinates": [ 74.45126557045208, 39.155264901071369 ] } },
{ "type": "Feature", "properties": { "ID": 63, "FEATUREID": "OFBB099C1AJ430010020000652", "CHFCAC": "000652", "CHFCEC": "代号", "CHFCED": "Qp#-3", "point_type": 0, "symbol_no": 0, "height": 2.5, "width": 2.5, "spacing": 0.2, "angle": 0.39218747615814209, "_src_file": "LDZOFBB099.WT", "_src_id": 651 }, "geometry": { "type": "Point", "coordinates": [ 74.200271892398547, 39.109914622944061 ] } },
{ "type": "Feature", "properties": { "ID": 63, "FEATUREID": "OFBB099C1AJ430010020000653", "CHFCAC": "000653", "CHFCEC": "代号", "CHFCED": "#+gl", "point_type": 0, "symbol_no": 0, "height": 2.5, "width": 2.5, "spacing": 0.2, "angle": 0.38643959164619446, "_src_file": "LDZOFBB099.WT", "_src_id": 652 }, "geometry": { "type": "Point", "coordinates": [ 74.212029863675056, 39.110262662240366 ] } },
{ "type": "Feature", "properties": { "ID": 62, "FEATUREID": "OFBB099C1AJ430010020000654", "CHFCAC": "000654", "CHFCEC": "代号", "CHFCED": "Qh", "point_type": 0, "symbol_no": 0, "height": 2.5, "width": 2.5, "spacing": 0.2, "angle": 0.38653063774108887, "_src_file": "LDZOFBB099.WT", "_src_id": 653 }, "geometry": { "type": "Point", "coordinates": [ 74.21188732791866, 39.128950500382032 ] } },
{ "type": "Feature", "properties": { "ID": 62, "FEATUREID": "OFBB099C1AJ430010020000655", "CHFCAC": "000655", "CHFCEC": "代号", "CHFCED": "#+pal", "point_type": 0, "symbol_no": 0, "height": 2.5, "width": 2.5, "spacing": 0.2, "angle": 0.38224470615386963, "_src_file": "LDZOFBB099.WT", "_src_id": 654 }, "geometry": { "type": "Point", "coordinates": [ 74.22060961820408, 39.130004156204514 ] } },
{ "type": "Feature", "properties": { "ID": 64, "FEATUREID": "OFBB099C1AJ430010020000656", "CHFCAC": "000656", "CHFCEC": "代号", "CHFCED": "Qh", "point_type": 0, "symbol_no": 0, "height": 2.5, "width": 2.5, "spacing": 0.2, "angle": 0.3257242739200592, "_src_file": "LDZOFBB099.WT", "_src_id": 655 }, "geometry": { "type": "Point", "coordinates": [ 74.335540810911084, 39.106979131025575 ] } },
{ "type": "Feature", "properties": { "ID": 64, "FEATUREID": "OFBB099C1AJ430010020000657", "CHFCAC": "000657", "CHFCEC": "代号", "CHFCED": "#+fl", "point_type": 0, "symbol_no": 0, "height": 2.5, "width": 2.5, "spacing": 0.2, "angle": 0.32113751769065857, "_src_file": "LDZOFBB099.WT", "_src_id": 656 }, "geometry": { "type": "Point", "coordinates": [ 74.344877174351438, 39.108070015887698 ] } },
{ "type": "Feature", "properties": { "ID": 66, "FEATUREID": "OFBB099C1AJ430010020000658", "CHFCAC": "000658", "CHFCEC": "代号", "CHFCED": "C#-1", "point_type": 0, "symbol_no": 0, "height": 2.5, "width": 2.5, "spacing": 0.2, "angle": 0.26191028952598572, "_src_file": "LDZOFBB099.WT", "_src_id": 657 }, "geometry": { "type": "Point", "coordinates": [ 74.466255479347609, 39.342761751156488 ] } },
{ "type": "Feature", "properties": { "ID": 66, "FEATUREID": "OFBB099C1AJ430010020000659", "CHFCAC": "000659", "CHFCEC": "代号", "CHFCED": "#=w", "point_type": 0, "symbol_no": 0, "height": 2.5, "width": 2.5, "spacing": 0.2, "angle": 0.25819879770278931, "_src_file": "LDZOFBB099.WT", "_src_id": 658 }, "geometry": { "type": "Point", "coordinates": [ 74.473795460812482, 39.342976273891956 ] } },
{ "type": "Feature", "properties": { "ID": 71, "FEATUREID": "OFBB099C1AJ430010020000660", "CHFCAC": "000660", "CHFCEC": "代号", "CHFCED": "Qp#-2", "point_type": 0, "symbol_no": 0, "height": 2.5, "width": 2.5, "spacing": 0.2, "angle": 0.27732250094413757, "_src_file": "LDZOFBB099.WT", "_src_id": 659 }, "geometry": { "type": "Point", "coordinates": [ 74.433725901369669, 39.034459899561611 ] } },
{ "type": "Feature", "properties": { "ID": 71, "FEATUREID": "OFBB099C1AJ430010020000661", "CHFCAC": "000661", "CHFCEC": "代号", "CHFCED": "#+l", "point_type": 0, "symbol_no": 0, "height": 2.5, "width": 2.5, "spacing": 0.2, "angle": 0.27131888270378113, "_src_file": "LDZOFBB099.WT", "_src_id": 660 }, "geometry": { "type": "Point", "coordinates": [ 74.445947495248802, 39.034168638842019 ] } },
{ "type": "Feature", "properties": { "ID": 33, "FEATUREID": "OFBB099C1AJ430010020000662", "CHFCAC": "000662", "CHFCEC": "代号", "CHFCED": "D#-2", "point_type": 0, "symbol_no": 0, "height": 2.5, "width": 2.5, "spacing": 0.2, "angle": 0.3186093270778656, "_src_file": "LDZOFBB099.WT", "_src_id": 661 }, "geometry": { "type": "Point", "coordinates": [ 74.350610188628252, 39.250461223909326 ] } },
{ "type": "Feature", "properties": { "ID": 33, "FEATUREID": "OFBB099C1AJ430010020000663", "CHFCAC": "000663", "CHFCEC": "代号", "CHFCED": "#=kz", "point_type": 0, "symbol_no": 0, "height": 2.5, "width": 2.5, "spacing": 0.2, "angle": 0.31483796238899231, "_src_file": "LDZOFBB099.WT", "_src_id": 662 }, "geometry": { "type": "Point", "coordinates": [ 74.358339464465004, 39.250846247376302 ] } },
{ "type": "Feature", "properties": { "ID": 63, "FEATUREID": "OFBB099C1AJ430010020000664", "CHFCAC": "000664", "CHFCEC": "代号", "CHFCED": "Qp#-3", "point_type": 0, "symbol_no": 0, "height": 2.5, "width": 2.5, "spacing": 0.2, "angle": 0.32743960618972778, "_src_file": "LDZOFBB099.WT", "_src_id": 663 }, "geometry": { "type": "Point", "coordinates": [ 74.332495592521823, 39.20131190993839 ] } },
{ "type": "Feature", "properties": { "ID": 63, "FEATUREID": "OFBB099C1AJ430010020000665", "CHFCAC": "000665", "CHFCEC": "代号", "CHFCED": "#+gl", "point_type": 0, "symbol_no": 0, "height": 2.5, "width": 2.5, "spacing": 0.2, "angle": 0.32164570689201355, "_src_file": "LDZOFBB099.WT", "_src_id": 664 }, "geometry": { "type": "Point", "coordinates": [ 74.344276132562399, 39.201334308475118 ] } },
{ "type": "Feature", "properties": { "ID": 63, "FEATUREID": "OFBB099C1AJ430010020000666", "CHFCAC": "000666", "CHFCEC": "代号", "CHFCED": "Qp#-3", "point_type": 0, "symbol_no": 0, "height": 2.5, "width": 2.5, "spacing": 0.2, "angle": 0.29941514134407043, "_src_file": "LDZOFBB099.WT", "_src_id": 665 }, "geometry": { "type": "Point", "coordinates": [ 74.389486260392815, 39.203563915455327 ] } },
{ "type": "Feature", "properties": { "ID": 63, "FEATUREID": "OFBB099C1AJ430010020000667", "CHFCAC": "000667", "CHFCEC": "代号", "CHFCED": "#+gl", "point_type": 0, "symbol_no": 0, "height": 2.5, "width": 2.5, "spacing": 0.2, "angle": 0.29373630881309509, "_src_file": "LDZOFBB099.WT", "_src_id": 666 }, "geometry": { "type": "Point", "coordinates": [ 74.401031450493434, 39.203743340276418 ] } },
{ "type": "Feature", "properties": { "ID": 63, "FEATUREID": "OFBB099C1AJ430010020000668", "CHFCAC": "000668", "CHFCEC": "代号", "CHFCED": "Qp#-3", "point_type": 0, "symbol_no": 0, "height": 2.5, "width": 2.5, "spacing": 0.2, "angle": 0.26258942484855652, "_src_file": "LDZOFBB099.WT", "_src_id": 667 }, "geometry": { "type": "Point", "coordinates": [ 74.464277514270577, 39.181381011821536 ] } },
{ "type": "Feature", "properties": { "ID": 63, "FEATUREID": "OFBB099C1AJ430010020000669", "CHFCAC": "000669", "CHFCEC": "代号", "CHFCED": "#+gl", "point_type": 0, "symbol_no": 0, "height": 2.5, "width": 2.5, "spacing": 0.2, "angle": 0.25757929682731628, "_src_file": "LDZOFBB099.WT", "_src_id": 668 }, "geometry": { "type": "Point", "coordinates": [ 74.474530801813174, 39.181543394064249 ] } },
{ "type": "Feature", "properties": { "ID": 71, "FEATUREID": "OFBB099C1AJ430010020000670", "CHFCAC": "000670", "CHFCEC": "代号", "CHFCED": "Qp#-2", "point_type": 0, "symbol_no": 0, "height": 2.5, "width": 2.5, "spacing": 0.2, "angle": 0.26978179812431335, "_src_file": "LDZOFBB099.WT", "_src_id": 669 }, "geometry": { "type": "Point", "coordinates": [ 74.449075707821152, 39.018807149047312 ] } },
{ "type": "Feature", "properties": { "ID": 71, "FEATUREID": "OFBB099C1AJ430010020000671", "CHFCAC": "000671", "CHFCEC": "代号", "CHFCED": "#+l", "point_type": 0, "symbol_no": 0, "height": 2.5, "width": 2.5, "spacing": 0.2, "angle": 0.26431551575660706, "_src_file": "LDZOFBB099.WT", "_src_id": 670 }, "geometry": { "type": "Point", "coordinates": [ 74.460143658884334, 39.018527291796879 ] } },
{ "type": "Feature", "properties": { "ID": 71, "FEATUREID": "OFBB099C1AJ430010020000672", "CHFCAC": "000672", "CHFCEC": "代号", "CHFCED": "Qp#-2", "point_type": 0, "symbol_no": 0, "height": 2.5, "width": 2.5, "spacing": 0.2, "angle": 0.28197586536407471, "_src_file": "LDZOFBB099.WT", "_src_id": 671 }, "geometry": { "type": "Point", "coordinates": [ 74.424153320486695, 39.010742365847257 ] } },
{ "type": "Feature", "properties": { "ID": 71, "FEATUREID": "OFBB099C1AJ430010020000673", "CHFCAC": "000673", "CHFCEC": "代号", "CHFCED": "#+l", "point_type": 0, "symbol_no": 0, "height": 2.5, "width": 2.5, "spacing": 0.2, "angle": 0.27658471465110779, "_src_file": "LDZOFBB099.WT", "_src_id": 672 }, "geometry": { "type": "Point", "coordinates": [ 74.435191022223648, 39.010445695253729 ] } },
{ "type": "Feature", "properties": { "ID": 71, "FEATUREID": "OFBB099C1AJ430010020000674", "CHFCAC": "000674", "CHFCEC": "代号", "CHFCED": "Qp#-2", "point_type": 0, "symbol_no": 0, "height": 2.5, "width": 2.5, "spacing": 0.2, "angle": 0.27556350827217102, "_src_file": "LDZOFBB099.WT", "_src_id": 673 }, "geometry": { "type": "Point", "coordinates": [ 74.437435996050056, 39.066177833589755 ] } },
{ "type": "Feature", "properties": { "ID": 71, "FEATUREID": "OFBB099C1AJ430010020000675", "CHFCAC": "000675", "CHFCEC": "代号", "CHFCED": "#+l", "point_type": 0, "symbol_no": 0, "height": 2.5, "width": 2.5, "spacing": 0.2, "angle": 0.26930886507034302, "_src_file": "LDZOFBB099.WT", "_src_id": 674 }, "geometry": { "type": "Point", "coordinates": [ 74.450163734179739, 39.065888275491325 ] } },
{ "type": "Feature", "properties": { "ID": 12, "FEATUREID": "OFBB099C1AJ430010020000676", "CHFCAC": "000676", "CHFCEC": "代号", "CHFCED": "Pt#-1", "point_type": 0, "symbol_no": 0, "height": 2.5, "width": 2.5, "spacing": 0.2, "angle": 0.46373492479324341, "_src_file": "LDZOFBB099.WT", "_src_id": 675 }, "geometry": { "type": "Point", "coordinates": [ 74.055455745056619, 39.221261353953182 ] } },
{ "type": "Feature", "properties": { "ID": 12, "FEATUREID": "OFBB099C1AJ430010020000677", "CHFCAC": "000677", "CHFCEC": "代号", "CHFCED": "#=K", "point_type": 0, "symbol_no": 0, "height": 2.5, "width": 2.5, "spacing": 0.2, "angle": 0.45926138758659363, "_src_file": "LDZOFBB099.WT", "_src_id": 676 }, "geometry": { "type": "Point", "coordinates": [ 74.064549794236711, 39.221334773801033 ] } },
{ "type": "Feature", "properties": { "ID": 62, "FEATUREID": "OFBB099C1AJ430010020000678", "CHFCAC": "000678", "CHFCEC": "代号", "CHFCED": "Qh", "point_type": 0, "symbol_no": 0, "height": 2.5, "width": 2.5, "spacing": 0.2, "angle": 0.4601874053478241, "_src_file": "LDZOFBB099.WT", "_src_id": 677 }, "geometry": { "type": "Point", "coordinates": [ 74.062928332101038, 39.261006691038972 ] } },
{ "type": "Feature", "properties": { "ID": 62, "FEATUREID": "OFBB099C1AJ430010020000679", "CHFCAC": "000679", "CHFCEC": "代号", "CHFCED": "#+pal", "point_type": 0, "symbol_no": 0, "height": 2.5, "width": 2.5, "spacing": 0.2, "angle": 0.45600387454032898, "_src_file": "LDZOFBB099.WT", "_src_id": 678 }, "geometry": { "type": "Point", "coordinates": [ 74.071436912796869, 39.262069814103697 ] } },
{ "type": "Feature", "properties": { "ID": 1, "FEATUREID": "OFBB099C1AJ430010020000680", "CHFCAC": "000680", "CHFCEC": "代号", "CHFCED": "D#-2", "point_type": 0, "symbol_no": 0, "height": 2.5, "width": 2.5, "spacing": 0.2, "angle": 0.18873503804206848, "_src_file": "LDZOFBB099.WT", "_src_id": 679 }, "geometry": { "type": "Point", "coordinates": [ 74.614285500163774, 39.113174692301421 ] } },
{ "type": "Feature", "properties": { "ID": 5, "FEATUREID": "OFBB099C1AJ430010020000681", "CHFCAC": "000681", "CHFCEC": "代号", "CHFCED": "D#-3", "point_type": 0, "symbol_no": 0, "height": 2.5, "width": 2.5, "spacing": 0.2, "angle": 0.15931491553783417, "_src_file": "LDZOFBB099.WT", "_src_id": 680 }, "geometry": { "type": "Point", "coordinates": [ 74.674139621003604, 39.110562815041945 ] } },
{ "type": "Feature", "properties": { "ID": 5, "FEATUREID": "OFBB099C1AJ430010020000682", "CHFCAC": "000682", "CHFCEC": "代号", "CHFCED": "#=q", "point_type": 0, "symbol_no": 0, "height": 2.5, "width": 2.5, "spacing": 0.2, "angle": 0.15572194755077362, "_src_file": "LDZOFBB099.WT", "_src_id": 681 }, "geometry": { "type": "Point", "coordinates": [ 74.681513465702082, 39.110587371267513 ] } },
{ "type": "Feature", "properties": { "ID": 1, "FEATUREID": "OFBB099C1AJ430010020000683", "CHFCAC": "000683", "CHFCEC": "代号", "CHFCED": "#=kz", "point_type": 0, "symbol_no": 0, "height": 2.5, "width": 2.5, "spacing": 0.2, "angle": 0.18464532494544983, "_src_file": "LDZOFBB099.WT", "_src_id": 682 }, "geometry": { "type": "Point", "coordinates": [ 74.622669853285757, 39.11321174115777 ] } },
{ "type": "Feature", "properties": { "ID": 9, "FEATUREID": "OFBB099C1AJ430010020000684", "CHFCAC": "000684", "CHFCEC": "代号", "CHFCED": "C#-1", "point_type": 0, "symbol_no": 0, "height": 2.5, "width": 2.5, "spacing": 0.2, "angle": 0.019209753721952438, "_src_file": "LDZOFBB099.WT", "_src_id": 683 }, "geometry": { "type": "Point", "coordinates": [ 74.959343686818102, 39.108343790154372 ] } },
{ "type": "Feature", "properties": { "ID": 9, "FEATUREID": "OFBB099C1AJ430010020000685", "CHFCAC": "000685", "CHFCEC": "代号", "CHFCED": "#=w", "point_type": 0, "symbol_no": 0, "height": 2.5, "width": 2.5, "spacing": 0.2, "angle": 0.015391797758638859, "_src_file": "LDZOFBB099.WT", "_src_id": 684 }, "geometry": { "type": "Point", "coordinates": [ 74.967111495297289, 39.108548725734828 ] } },
{ "type": "Feature", "properties": { "ID": 12, "FEATUREID": "OFBB099C1AJ430010020000686", "CHFCAC": "000686", "CHFCEC": "代号", "CHFCED": "Qh", "point_type": 0, "symbol_no": 0, "height": 2.5, "width": 2.5, "spacing": 0.2, "angle": 0.026102170348167419, "_src_file": "LDZOFBB099.WT", "_src_id": 685 }, "geometry": { "type": "Point", "coordinates": [ 74.945238886117792, 39.058697499052734 ] } },
{ "type": "Feature", "properties": { "ID": 16, "FEATUREID": "OFBB099C1AJ430010020000687", "CHFCAC": "000687", "CHFCEC": "代号", "CHFCED": "D#-2", "point_type": 0, "symbol_no": 0, "height": 2.5, "width": 2.5, "spacing": 0.2, "angle": 0.06397014856338501, "_src_file": "LDZOFBB099.WT", "_src_id": 686 }, "geometry": { "type": "Point", "coordinates": [ 74.868165666510535, 39.067187107293641 ] } },
{ "type": "Feature", "properties": { "ID": 16, "FEATUREID": "OFBB099C1AJ430010020000688", "CHFCAC": "000688", "CHFCEC": "代号", "CHFCED": "#=kz", "point_type": 0, "symbol_no": 0, "height": 2.5, "width": 2.5, "spacing": 0.2, "angle": 0.060086745768785477, "_src_file": "LDZOFBB099.WT", "_src_id": 687 }, "geometry": { "type": "Point", "coordinates": [ 74.876069916576455, 39.067200978810462 ] } },
{ "type": "Feature", "properties": { "ID": 16, "FEATUREID": "OFBB099C1AJ430010020000689", "CHFCAC": "000689", "CHFCEC": "代号", "CHFCED": "D#-2", "point_type": 0, "symbol_no": 0, "height": 2.5, "width": 2.5, "spacing": 0.2, "angle": 0.10382035374641418, "_src_file": "LDZOFBB099.WT", "_src_id": 688 }, "geometry": { "type": "Point", "coordinates": [ 74.787123810075258, 39.11431939530484 ] } },
{ "type": "Feature", "properties": { "ID": 16, "FEATUREID": "OFBB099C1AJ430010020000690", "CHFCAC": "000690", "CHFCEC": "代号", "CHFCED": "#=kz", "point_type": 0, "symbol_no": 0, "height": 2.5, "width": 2.5, "spacing": 0.2, "angle": 0.099655114114284515, "_src_file": "LDZOFBB099.WT", "_src_id": 689 }, "geometry": { "type": "Point", "coordinates": [ 74.795599979934707, 39.114461177780065 ] } },
{ "type": "Feature", "properties": { "ID": 1, "FEATUREID": "OFBB099C1AJ430010020000691", "CHFCAC": "000691", "CHFCEC": "代号", "CHFCED": "D#-2", "point_type": 0, "symbol_no": 0, "height": 2.5, "width": 2.5, "spacing": 0.2, "angle": 0.16950413584709167, "_src_file": "LDZOFBB099.WT", "_src_id": 690 }, "geometry": { "type": "Point", "coordinates": [ 74.653321639007274, 39.050548277737477 ] } },
{ "type": "Feature", "properties": { "ID": 1, "FEATUREID": "OFBB099C1AJ430010020000692", "CHFCAC": "000692", "CHFCEC": "代号", "CHFCED": "#=kz", "point_type": 0, "symbol_no": 0, "height": 2.5, "width": 2.5, "spacing": 0.2, "angle": 0.16538330912590027, "_src_file": "LDZOFBB099.WT", "_src_id": 691 }, "geometry": { "type": "Point", "coordinates": [ 74.661711338638781, 39.050704385529293 ] } },
{ "type": "Feature", "properties": { "ID": 30, "FEATUREID": "OFBB099C1AJ430010020000693", "CHFCAC": "000693", "CHFCEC": "代号", "CHFCED": "Qp#-2", "point_type": 0, "symbol_no": 0, "height": 2.5, "width": 2.5, "spacing": 0.2, "angle": 0.2420506477355957, "_src_file": "LDZOFBB099.WT", "_src_id": 692 }, "geometry": { "type": "Point", "coordinates": [ 74.505511770588768, 39.012057324044932 ] } },
{ "type": "Feature", "properties": { "ID": 30, "FEATUREID": "OFBB099C1AJ430010020000694", "CHFCAC": "000694", "CHFCEC": "代号", "CHFCED": "#+l", "point_type": 0, "symbol_no": 0, "height": 2.5, "width": 2.5, "spacing": 0.2, "angle": 0.2362530529499054, "_src_file": "LDZOFBB099.WT", "_src_id": 693 }, "geometry": { "type": "Point", "coordinates": [ 74.51725665363422, 39.012205142964966 ] } },
{ "type": "Feature", "properties": { "ID": 32, "FEATUREID": "OFBB099C1AJ430010020000695", "CHFCAC": "000695", "CHFCEC": "代号", "CHFCED": "Pt#-1", "point_type": 0, "symbol_no": 0, "height": 2.5, "width": 2.5, "spacing": 0.2, "angle": 0.19702231884002686, "_src_file": "LDZOFBB099.WT", "_src_id": 694 }, "geometry": { "type": "Point", "coordinates": [ 74.597249925375237, 39.030725090241233 ] } },
{ "type": "Feature", "properties": { "ID": 33, "FEATUREID": "OFBB099C1AJ430010020000696", "CHFCAC": "000696", "CHFCEC": "代号", "CHFCED": "D#-3", "point_type": 0, "symbol_no": 0, "height": 2.5, "width": 2.5, "spacing": 0.2, "angle": 0.08044462651014328, "_src_file": "LDZOFBB099.WT", "_src_id": 695 }, "geometry": { "type": "Point", "coordinates": [ 74.83456619119994, 39.009473247502775 ] } },
{ "type": "Feature", "properties": { "ID": 33, "FEATUREID": "OFBB099C1AJ430010020000697", "CHFCAC": "000697", "CHFCEC": "代号", "CHFCED": "#=q", "point_type": 0, "symbol_no": 0, "height": 2.5, "width": 2.5, "spacing": 0.2, "angle": 0.076231017708778381, "_src_file": "LDZOFBB099.WT", "_src_id": 696 }, "geometry": { "type": "Point", "coordinates": [ 74.843143991474889, 39.009371797469754 ] } },
{ "type": "Feature", "properties": { "ID": 16, "FEATUREID": "OFBB099C1AJ430010020000698", "CHFCAC": "000698", "CHFCEC": "代号", "CHFCED": "D#-2", "point_type": 0, "symbol_no": 0, "height": 2.5, "width": 2.5, "spacing": 0.2, "angle": 0.037268910557031631, "_src_file": "LDZOFBB099.WT", "_src_id": 697 }, "geometry": { "type": "Point", "coordinates": [ 74.922495972850513, 39.034661052189072 ] } },
{ "type": "Feature", "properties": { "ID": 16, "FEATUREID": "OFBB099C1AJ430010020000699", "CHFCAC": "000699", "CHFCEC": "代号", "CHFCED": "#=kz", "point_type": 0, "symbol_no": 0, "height": 2.5, "width": 2.5, "spacing": 0.2, "angle": 0.033465884625911713, "_src_file": "LDZOFBB099.WT", "_src_id": 698 }, "geometry": { "type": "Point", "coordinates": [ 74.930299679666561, 39.034833043003928 ] } },
{ "type": "Feature", "properties": { "ID": 16, "FEATUREID": "OFBB099C1AJ430010020000700", "CHFCAC": "000700", "CHFCEC": "代号", "CHFCED": "D#-2", "point_type": 0, "symbol_no": 0, "height": 2.5, "width": 2.5, "spacing": 0.2, "angle": 0.012488543055951595, "_src_file": "LDZOFBB099.WT", "_src_id": 699 }, "geometry": { "type": "Point", "coordinates": [ 74.972941730869394, 39.022279272036691 ] } },
{ "type": "Feature", "properties": { "ID": 16, "FEATUREID": "OFBB099C1AJ430010020000701", "CHFCAC": "000701", "CHFCEC": "代号", "CHFCED": "#=kz", "point_type": 0, "symbol_no": 0, "height": 2.5, "width": 2.5, "spacing": 0.2, "angle": 0.008024267852306366, "_src_file": "LDZOFBB099.WT", "_src_id": 700 }, "geometry": { "type": "Point", "coordinates": [ 74.982033274559413, 39.022279661561029 ] } },
{ "type": "Feature", "properties": { "ID": 9, "FEATUREID": "OFBB099C1AJ430010020000702", "CHFCAC": "000702", "CHFCEC": "代号", "CHFCED": "C#-1", "point_type": 0, "symbol_no": 0, "height": 2.5, "width": 2.5, "spacing": 0.2, "angle": 0.0426834337413311, "_src_file": "LDZOFBB099.WT", "_src_id": 701 }, "geometry": { "type": "Point", "coordinates": [ 74.911665769916169, 39.256783111299065 ] } },
{ "type": "Feature", "properties": { "ID": 9, "FEATUREID": "OFBB099C1AJ430010020000703", "CHFCAC": "000703", "CHFCEC": "代号", "CHFCED": "#=w", "point_type": 0, "symbol_no": 0, "height": 2.5, "width": 2.5, "spacing": 0.2, "angle": 0.038915906101465225, "_src_file": "LDZOFBB099.WT", "_src_id": 702 }, "geometry": { "type": "Point", "coordinates": [ 74.919263747578825, 39.256616266057421 ] } },
{ "type": "Feature", "properties": { "ID": 45, "FEATUREID": "OFBB099C1AJ430010020000704", "CHFCAC": "000704", "CHFCEC": "代号", "CHFCED": "P#-2", "point_type": 0, "symbol_no": 0, "height": 2.5, "width": 2.5, "spacing": 0.2, "angle": 0.013784171082079411, "_src_file": "LDZOFBB099.WT", "_src_id": 703 }, "geometry": { "type": "Point", "coordinates": [ 74.970409973816913, 39.255679738258898 ] } },
{ "type": "Feature", "properties": { "ID": 45, "FEATUREID": "OFBB099C1AJ430010020000705", "CHFCAC": "000705", "CHFCEC": "代号", "CHFCED": "#=q", "point_type": 0, "symbol_no": 0, "height": 2.5, "width": 2.5, "spacing": 0.2, "angle": 0.0098105166107416153, "_src_file": "LDZOFBB099.WT", "_src_id": 704 }, "geometry": { "type": "Point", "coordinates": [ 74.978487120109392, 39.25556846019763 ] } },
{ "type": "Feature", "properties": { "ID": 45, "FEATUREID": "OFBB099C1AJ430010020000706", "CHFCAC": "000706", "CHFCEC": "代号", "CHFCED": "P#-2", "point_type": 0, "symbol_no": 0, "height": 2.5, "width": 2.5, "spacing": 0.2, "angle": 0.005367121659219265, "_src_file": "LDZOFBB099.WT", "_src_id": 705 }, "geometry": { "type": "Point", "coordinates": [ 74.987455155452778, 39.256810388060586 ] } },
{ "type": "Feature", "properties": { "ID": 45, "FEATUREID": "OFBB099C1AJ430010020000707", "CHFCAC": "000707", "CHFCEC": "代号", "CHFCED": "#=q", "point_type": 0, "symbol_no": 0, "height": 2.5, "width": 2.5, "spacing": 0.2, "angle": 0.001601806259714067, "_src_file": "LDZOFBB099.WT", "_src_id": 706 }, "geometry": { "type": "Point", "coordinates": [ 74.995172801684305, 39.256943597315939 ] } },
{ "type": "Feature", "properties": { "ID": 45, "FEATUREID": "OFBB099C1AJ430010020000708", "CHFCAC": "000708", "CHFCEC": "代号", "CHFCED": "P#-2", "point_type": 0, "symbol_no": 0, "height": 2.5, "width": 2.5, "spacing": 0.2, "angle": 0.03505856916308403, "_src_file": "LDZOFBB099.WT", "_src_id": 707 }, "geometry": { "type": "Point", "coordinates": [ 74.927117959597638, 39.285029491304144 ] } },
{ "type": "Feature", "properties": { "ID": 45, "FEATUREID": "OFBB099C1AJ430010020000709", "CHFCAC": "000709", "CHFCEC": "代号", "CHFCED": "#=q", "point_type": 0, "symbol_no": 0, "height": 2.5, "width": 2.5, "spacing": 0.2, "angle": 0.031651221215724945, "_src_file": "LDZOFBB099.WT", "_src_id": 708 }, "geometry": { "type": "Point", "coordinates": [ 74.93404163225641, 39.28516328909798 ] } },
{ "type": "Feature", "properties": { "ID": 45, "FEATUREID": "OFBB099C1AJ430010020000710", "CHFCAC": "000710", "CHFCEC": "代号", "CHFCED": "P#-2", "point_type": 0, "symbol_no": 0, "height": 2.5, "width": 2.5, "spacing": 0.2, "angle": 0.075261004269123077, "_src_file": "LDZOFBB099.WT", "_src_id": 709 }, "geometry": { "type": "Point", "coordinates": [ 74.845452003985258, 39.319399414578278 ] } },
{ "type": "Feature", "properties": { "ID": 45, "FEATUREID": "OFBB099C1AJ430010020000711", "CHFCAC": "000711", "CHFCEC": "代号", "CHFCED": "#=q", "point_type": 0, "symbol_no": 0, "height": 2.5, "width": 2.5, "spacing": 0.2, "angle": 0.071832455694675446, "_src_file": "LDZOFBB099.WT", "_src_id": 710 }, "geometry": { "type": "Point", "coordinates": [ 74.852417402757538, 39.319786732799678 ] } },
{ "type": "Feature", "properties": { "ID": 61, "FEATUREID": "OFBB099C1AJ430010020000712", "CHFCAC": "000712", "CHFCEC": "代号", "CHFCED": "K#-1", "point_type": 0, "symbol_no": 0, "height": 2.5, "width": 2.5, "spacing": 0.2, "angle": 0.022872380912303925, "_src_file": "LDZOFBB099.WT", "_src_id": 711 }, "geometry": { "type": "Point", "coordinates": [ 74.951891007175789, 39.313239335478272 ] } },
{ "type": "Feature", "properties": { "ID": 64, "FEATUREID": "OFBB099C1AJ430010020000713", "CHFCAC": "000713", "CHFCEC": "代号", "CHFCED": "J#-3", "point_type": 0, "symbol_no": 0, "height": 2.5, "width": 2.5, "spacing": 0.2, "angle": 0.017300274223089218, "_src_file": "LDZOFBB099.WT", "_src_id": 712 }, "geometry": { "type": "Point", "coordinates": [ 74.963273559929206, 39.303272608927642 ] } },
{ "type": "Feature", "properties": { "ID": 64, "FEATUREID": "OFBB099C1AJ430010020000714", "CHFCAC": "000714", "CHFCEC": "代号", "CHFCED": "#=kz", "point_type": 0, "symbol_no": 0, "height": 2.5, "width": 2.5, "spacing": 0.2, "angle": 0.014316169545054436, "_src_file": "LDZOFBB099.WT", "_src_id": 713 }, "geometry": { "type": "Point", "coordinates": [ 74.969275214451926, 39.303002335666847 ] } },
{ "type": "Feature", "properties": { "ID": 61, "FEATUREID": "OFBB099C1AJ430010020000715", "CHFCAC": "000715", "CHFCEC": "代号", "CHFCED": "#=kz", "point_type": 0, "symbol_no": 0, "height": 2.5, "width": 2.5, "spacing": 0.2, "angle": 0.019574906677007675, "_src_file": "LDZOFBB099.WT", "_src_id": 714 }, "geometry": { "type": "Point", "coordinates": [ 74.95859106603254, 39.313377649426499 ] } },
{ "type": "Feature", "properties": { "ID": 61, "FEATUREID": "OFBB099C1AJ430010020000716", "CHFCAC": "000716", "CHFCEC": "代号", "CHFCED": "K#-1", "point_type": 0, "symbol_no": 0, "height": 2.0, "width": 2.0, "spacing": 0.2, "angle": 0.015338458120822906, "_src_file": "LDZOFBB099.WT", "_src_id": 715 }, "geometry": { "type": "Point", "coordinates": [ 74.967195202043996, 39.294285854808145 ] } },
{ "type": "Feature", "properties": { "ID": 61, "FEATUREID": "OFBB099C1AJ430010020000717", "CHFCAC": "000717", "CHFCEC": "代号", "CHFCED": "#=kz", "point_type": 0, "symbol_no": 0, "height": 2.0, "width": 2.0, "spacing": 0.2, "angle": 0.012683994136750698, "_src_file": "LDZOFBB099.WT", "_src_id": 716 }, "geometry": { "type": "Point", "coordinates": [ 74.972652424898342, 39.294202498554462 ] } },
{ "type": "Feature", "properties": { "ID": 73, "FEATUREID": "OFBB099C1AJ430010020000718", "CHFCAC": "000718", "CHFCEC": "代号", "CHFCED": "γ", "point_type": 0, "symbol_no": 0, "height": 2.5, "width": 2.5, "spacing": 0.2, "angle": 0.044946424663066864, "_src_file": "LDZOFBB099.WT", "_src_id": 717 }, "geometry": { "type": "Point", "coordinates": [ 74.907039394108239, 39.314601971601242 ] } },
{ "type": "Feature", "properties": { "ID": 73, "FEATUREID": "OFBB099C1AJ430010020000719", "CHFCAC": "000719", "CHFCEC": "代号", "CHFCED": "π", "point_type": 0, "symbol_no": 0, "height": 2.5, "width": 2.5, "spacing": 0.2, "angle": 0.043581955134868622, "_src_file": "LDZOFBB099.WT", "_src_id": 718 }, "geometry": { "type": "Point", "coordinates": [ 74.909811488213478, 39.314107620521007 ] } },
{ "type": "Feature", "properties": { "ID": 64, "FEATUREID": "OFBB099C1AJ430010020000720", "CHFCAC": "000720", "CHFCEC": "代号", "CHFCED": "J#-3", "point_type": 0, "symbol_no": 0, "height": 2.5, "width": 2.5, "spacing": 0.2, "angle": 0.14514820277690887, "_src_file": "LDZOFBB099.WT", "_src_id": 719 }, "geometry": { "type": "Point", "coordinates": [ 74.703449758258557, 39.315632474035844 ] } },
{ "type": "Feature", "properties": { "ID": 64, "FEATUREID": "OFBB099C1AJ430010020000721", "CHFCAC": "000721", "CHFCEC": "代号", "CHFCED": "#=kz", "point_type": 0, "symbol_no": 0, "height": 2.5, "width": 2.5, "spacing": 0.2, "angle": 0.14224779605865479, "_src_file": "LDZOFBB099.WT", "_src_id": 720 }, "geometry": { "type": "Point", "coordinates": [ 74.709343637602444, 39.31555387652908 ] } },
{ "type": "Feature", "properties": { "ID": 32, "FEATUREID": "OFBB099C1AJ430010020000722", "CHFCAC": "000722", "CHFCEC": "代号", "CHFCED": "K", "point_type": 0, "symbol_no": 0, "height": 2.5, "width": 2.5, "spacing": 0.2, "angle": 0.19288182258605957, "_src_file": "LDZOFBB099.WT", "_src_id": 721 }, "geometry": { "type": "Point", "coordinates": [ 74.605680492668355, 39.030754666700233 ] } },
{ "type": "Feature", "properties": { "ID": 182, "FEATUREID": "OFBB099C1AJ430010020000723", "CHFCAC": "000723", "CHFCEC": "代号", "CHFCED": "#+gfl", "point_type": 0, "symbol_no": 0, "height": 2.5, "width": 2.5, "spacing": 0.2, "angle": 0.057190887629985809, "_src_file": "LDZOFBB099.WT", "_src_id": 722 }, "geometry": { "type": "Point", "coordinates": [ 74.882079142651023, 39.133269269950681 ] } },
{ "type": "Feature", "properties": { "ID": 9, "FEATUREID": "OFBB099C1AJ430010020000724", "CHFCAC": "000724", "CHFCEC": "代号", "CHFCED": "C#-1", "point_type": 0, "symbol_no": 0, "height": 2.5, "width": 2.5, "spacing": 0.2, "angle": 0.16269317269325256, "_src_file": "LDZOFBB099.WT", "_src_id": 723 }, "geometry": { "type": "Point", "coordinates": [ 74.667795020318053, 39.312485897185923 ] } },
{ "type": "Feature", "properties": { "ID": 9, "FEATUREID": "OFBB099C1AJ430010020000725", "CHFCAC": "000725", "CHFCEC": "代号", "CHFCED": "#=w", "point_type": 0, "symbol_no": 0, "height": 2.5, "width": 2.5, "spacing": 0.2, "angle": 0.15893587470054626, "_src_file": "LDZOFBB099.WT", "_src_id": 724 }, "geometry": { "type": "Point", "coordinates": [ 74.675429430237926, 39.312584225865685 ] } },
{ "type": "Feature", "properties": { "ID": 12, "FEATUREID": "OFBB099C1AJ430010020000726", "CHFCAC": "000726", "CHFCEC": "代号", "CHFCED": "#+pal", "point_type": 0, "symbol_no": 0, "height": 2.5, "width": 2.5, "spacing": 0.2, "angle": 0.021734444424510002, "_src_file": "LDZOFBB099.WT", "_src_id": 725 }, "geometry": { "type": "Point", "coordinates": [ 74.954189654143832, 39.058825132535191 ] } },
{ "type": "Feature", "properties": { "ID": 277, "FEATUREID": "OFBB099C1AJ430010020000727", "CHFCAC": "000727", "CHFCEC": "代号", "CHFCED": "Qp#-3", "point_type": 0, "symbol_no": 0, "height": 2.0, "width": 2.0, "spacing": 0.2, "angle": 0.0074239545501768589, "_src_file": "LDZOFBB099.WT", "_src_id": 726 }, "geometry": { "type": "Point", "coordinates": [ 74.983279952591047, 39.29937828430031 ] } },
{ "type": "Feature", "properties": { "ID": 277, "FEATUREID": "OFBB099C1AJ430010020000728", "CHFCAC": "000728", "CHFCEC": "代号", "CHFCED": "#+pal", "point_type": 0, "symbol_no": 0, "height": 2.0, "width": 2.0, "spacing": 0.2, "angle": 0.0035588874015957117, "_src_file": "LDZOFBB099.WT", "_src_id": 727 }, "geometry": { "type": "Point", "coordinates": [ 74.991133007892202, 39.299505509314926 ] } },
{ "type": "Feature", "properties": { "ID": 287, "FEATUREID": "OFBB099C1AJ430010020000729", "CHFCAC": "000729", "CHFCEC": "代号", "CHFCED": "D#-3", "point_type": 0, "symbol_no": 0, "height": 2.5, "width": 2.5, "spacing": 0.2, "angle": 0.12346753478050232, "_src_file": "LDZOFBB099.WT", "_src_id": 728 }, "geometry": { "type": "Point", "coordinates": [ 74.747027165324226, 39.046292807755322 ] } },
{ "type": "Feature", "properties": { "ID": 287, "FEATUREID": "OFBB099C1AJ430010020000730", "CHFCAC": "000730", "CHFCEC": "代号", "CHFCED": "#=q", "point_type": 0, "symbol_no": 0, "height": 2.5, "width": 2.5, "spacing": 0.2, "angle": 0.11951534450054169, "_src_file": "LDZOFBB099.WT", "_src_id": 729 }, "geometry": { "type": "Point", "coordinates": [ 74.755072738662918, 39.045824268694744 ] } },
{ "type": "Feature", "properties": { "ID": 16, "FEATUREID": "OFBB099C1AJ430010020000731", "CHFCAC": "000731", "CHFCEC": "代号", "CHFCED": "D#-2", "point_type": 0, "symbol_no": 0, "height": 2.5, "width": 2.5, "spacing": 0.2, "angle": 0.14380533993244171, "_src_file": "LDZOFBB099.WT", "_src_id": 730 }, "geometry": { "type": "Point", "coordinates": [ 74.705533514431011, 39.001974103253673 ] } },
{ "type": "Feature", "properties": { "ID": 16, "FEATUREID": "OFBB099C1AJ430010020000732", "CHFCAC": "000732", "CHFCEC": "代号", "CHFCED": "#=kz", "point_type": 0, "symbol_no": 0, "height": 2.5, "width": 2.5, "spacing": 0.2, "angle": 0.13984543085098267, "_src_file": "LDZOFBB099.WT", "_src_id": 731 }, "geometry": { "type": "Point", "coordinates": [ 74.713595698865959, 39.002235114092016 ] } },
{ "type": "Feature", "properties": { "ID": 302, "FEATUREID": "OFBB099C1AJ430010020000733", "CHFCAC": "000733", "CHFCEC": "代号", "CHFCED": "Qp#-3", "point_type": 0, "symbol_no": 0, "height": 2.5, "width": 2.5, "spacing": 0.2, "angle": 0.049643430858850479, "_src_file": "LDZOFBB099.WT", "_src_id": 732 }, "geometry": { "type": "Point", "coordinates": [ 74.897333180623008, 39.078471151881736 ] } },
{ "type": "Feature", "properties": { "ID": 302, "FEATUREID": "OFBB099C1AJ430010020000734", "CHFCAC": "000734", "CHFCEC": "代号", "CHFCED": "#+pal", "point_type": 0, "symbol_no": 0, "height": 2.5, "width": 2.5, "spacing": 0.2, "angle": 0.044142246246337891, "_src_file": "LDZOFBB099.WT", "_src_id": 733 }, "geometry": { "type": "Point", "coordinates": [ 74.908529171863705, 39.078176466729296 ] } },
{ "type": "Feature", "properties": { "ID": 302, "FEATUREID": "OFBB099C1AJ430010020000735", "CHFCAC": "000735", "CHFCEC": "代号", "CHFCED": "Qp#-3", "point_type": 0, "symbol_no": 0, "height": 2.5, "width": 2.5, "spacing": 0.2, "angle": 0.049643430858850479, "_src_file": "LDZOFBB099.WT", "_src_id": 734 }, "geometry": { "type": "Point", "coordinates": [ 74.897333180623008, 39.078471151881736 ] } },
{ "type": "Feature", "properties": { "ID": 302, "FEATUREID": "OFBB099C1AJ430010020000736", "CHFCAC": "000736", "CHFCEC": "代号", "CHFCED": "Qp#-3", "point_type": 0, "symbol_no": 0, "height": 2.5, "width": 2.5, "spacing": 0.2, "angle": 0.047987382858991623, "_src_file": "LDZOFBB099.WT", "_src_id": 735 }, "geometry": { "type": "Point", "coordinates": [ 74.90079145828318, 39.11622125609366 ] } },
{ "type": "Feature", "properties": { "ID": 302, "FEATUREID": "OFBB099C1AJ430010020000737", "CHFCAC": "000737", "CHFCEC": "代号", "CHFCED": "#+pal", "point_type": 0, "symbol_no": 0, "height": 2.5, "width": 2.5, "spacing": 0.2, "angle": 0.0421341173350811, "_src_file": "LDZOFBB099.WT", "_src_id": 736 }, "geometry": { "type": "Point", "coordinates": [ 74.912637789593873, 39.11606140396583 ] } },
{ "type": "Feature", "properties": { "ID": 322, "FEATUREID": "OFBB099C1AJ430010020000738", "CHFCAC": "000738", "CHFCEC": "代号", "CHFCED": "Qh", "point_type": 0, "symbol_no": 0, "height": 2.5, "width": 2.5, "spacing": 0.2, "angle": 0.13649629056453705, "_src_file": "LDZOFBB099.WT", "_src_id": 737 }, "geometry": { "type": "Point", "coordinates": [ 74.720528442288582, 39.057620052607781 ] } },
{ "type": "Feature", "properties": { "ID": 322, "FEATUREID": "OFBB099C1AJ430010020000739", "CHFCAC": "000739", "CHFCEC": "代号", "CHFCED": "#+pl", "point_type": 0, "symbol_no": 0, "height": 2.5, "width": 2.5, "spacing": 0.2, "angle": 0.13185128569602966, "_src_file": "LDZOFBB099.WT", "_src_id": 738 }, "geometry": { "type": "Point", "coordinates": [ 74.729981402323247, 39.057642372873147 ] } },
{ "type": "Feature", "properties": { "ID": 287, "FEATUREID": "OFBB099C1AJ430010020000740", "CHFCAC": "000740", "CHFCEC": "代号", "CHFCED": "D#-3", "point_type": 0, "symbol_no": 0, "height": 2.5, "width": 2.5, "spacing": 0.2, "angle": 0.16782371699810028, "_src_file": "LDZOFBB099.WT", "_src_id": 739 }, "geometry": { "type": "Point", "coordinates": [ 74.656639100558451, 39.007862947589572 ] } },
{ "type": "Feature", "properties": { "ID": 287, "FEATUREID": "OFBB099C1AJ430010020000741", "CHFCAC": "000741", "CHFCEC": "代号", "CHFCED": "#=q", "point_type": 0, "symbol_no": 0, "height": 2.5, "width": 2.5, "spacing": 0.2, "angle": 0.16396798193454742, "_src_file": "LDZOFBB099.WT", "_src_id": 740 }, "geometry": { "type": "Point", "coordinates": [ 74.66448967069141, 39.008049763612441 ] } },
{ "type": "Feature", "properties": { "ID": 28, "FEATUREID": "OFBB099C1AJ430010020000742", "CHFCAC": "000742", "CHFCEC": "代号", "CHFCED": "Qp#-3", "point_type": 0, "symbol_no": 0, "height": 2.5, "width": 2.5, "spacing": 0.2, "angle": 0.22477053105831146, "_src_file": "LDZOFBB099.WT", "_src_id": 741 }, "geometry": { "type": "Point", "coordinates": [ 74.540747477752859, 39.046125256456207 ] } },
{ "type": "Feature", "properties": { "ID": 28, "FEATUREID": "OFBB099C1AJ430010020000743", "CHFCAC": "000743", "CHFCEC": "代号", "CHFCED": "#+pal", "point_type": 0, "symbol_no": 0, "height": 2.5, "width": 2.5, "spacing": 0.2, "angle": 0.21896696090698242, "_src_file": "LDZOFBB099.WT", "_src_id": 742 }, "geometry": { "type": "Point", "coordinates": [ 74.552624022083492, 39.046000967792338 ] } },
{ "type": "Feature", "properties": { "ID": 9, "FEATUREID": "OFBB099C1AJ430010020000744", "CHFCAC": "000744", "CHFCEC": "代号", "CHFCED": "C#-1", "point_type": 0, "symbol_no": 0, "height": 2.5, "width": 2.5, "spacing": 0.2, "angle": 0.094186544418334961, "_src_file": "LDZOFBB099.WT", "_src_id": 743 }, "geometry": { "type": "Point", "coordinates": [ 74.806968071950237, 39.295100705466389 ] } },
{ "type": "Feature", "properties": { "ID": 9, "FEATUREID": "OFBB099C1AJ430010020000745", "CHFCAC": "000745", "CHFCEC": "代号", "CHFCED": "#=w", "point_type": 0, "symbol_no": 0, "height": 2.5, "width": 2.5, "spacing": 0.2, "angle": 0.090761825442314148, "_src_file": "LDZOFBB099.WT", "_src_id": 744 }, "geometry": { "type": "Point", "coordinates": [ 74.81392756682753, 39.295194029060902 ] } },
{ "type": "Feature", "properties": { "ID": 1, "FEATUREID": "OFBB099C1AJ430010020000746", "CHFCAC": "000746", "CHFCEC": "代号", "CHFCED": "D#-2", "point_type": 0, "symbol_no": 0, "height": 2.5, "width": 2.5, "spacing": 0.2, "angle": 0.19302637875080109, "_src_file": "LDZOFBB099.WT", "_src_id": 745 }, "geometry": { "type": "Point", "coordinates": [ 74.60585563490406, 39.199224938930683 ] } },
{ "type": "Feature", "properties": { "ID": 1, "FEATUREID": "OFBB099C1AJ430010020000747", "CHFCAC": "000747", "CHFCEC": "代号", "CHFCED": "#=kz", "point_type": 0, "symbol_no": 0, "height": 2.5, "width": 2.5, "spacing": 0.2, "angle": 0.18866369128227234, "_src_file": "LDZOFBB099.WT", "_src_id": 746 }, "geometry": { "type": "Point", "coordinates": [ 74.61466614539215, 39.199386506401588 ] } },
{ "type": "Feature", "properties": { "ID": 302, "FEATUREID": "OFBB099C1AJ430010020000748", "CHFCAC": "000748", "CHFCEC": "代号", "CHFCED": "Qp#-3", "point_type": 0, "symbol_no": 0, "height": 2.5, "width": 2.5, "spacing": 0.2, "angle": 0.0077976114116609097, "_src_file": "LDZOFBB099.WT", "_src_id": 747 }, "geometry": { "type": "Point", "coordinates": [ 74.982561735393716, 39.07293395663595 ] } },
{ "type": "Feature", "properties": { "ID": 302, "FEATUREID": "OFBB099C1AJ430010020000749", "CHFCAC": "000749", "CHFCEC": "代号", "CHFCED": "#+pal", "point_type": 0, "symbol_no": 0, "height": 2.5, "width": 2.5, "spacing": 0.2, "angle": 0.0033856104128062725, "_src_file": "LDZOFBB099.WT", "_src_id": 748 }, "geometry": { "type": "Point", "coordinates": [ 74.99147746087074, 39.073708622711706 ] } },
{ "type": "Feature", "properties": { "ID": 302, "FEATUREID": "OFBB099C1AJ430010020000750", "CHFCAC": "000750", "CHFCEC": "代号", "CHFCED": "Qp#-3", "point_type": 0, "symbol_no": 0, "height": 2.5, "width": 2.5, "spacing": 0.2, "angle": 0.007361249066889286, "_src_file": "LDZOFBB099.WT", "_src_id": 749 }, "geometry": { "type": "Point", "coordinates": [ 74.983389839389176, 39.096387912823694 ] } },
{ "type": "Feature", "properties": { "ID": 302, "FEATUREID": "OFBB099C1AJ430010020000751", "CHFCAC": "000751", "CHFCEC": "代号", "CHFCED": "#+pal", "point_type": 0, "symbol_no": 0, "height": 2.5, "width": 2.5, "spacing": 0.2, "angle": 0.0030740085057914257, "_src_file": "LDZOFBB099.WT", "_src_id": 750 }, "geometry": { "type": "Point", "coordinates": [ 74.99211328060791, 39.097398563086841 ] } },
{ "type": "Feature", "properties": { "ID": 1, "FEATUREID": "OFBB099C1AJ430010020000752", "CHFCAC": "000752", "CHFCEC": "代号", "CHFCED": "D#-2", "point_type": 0, "symbol_no": 0, "height": 2.5, "width": 2.5, "spacing": 0.0, "angle": 0.52217578887939453, "_src_file": "LDZOFBB099.WT", "_src_id": 751 }, "geometry": { "type": "Point", "coordinates": [ 73.9417296807447, 39.962034741951115 ] } },
{ "type": "Feature", "properties": { "ID": 2, "FEATUREID": "OFBB099C1AJ430010020000753", "CHFCAC": "000753", "CHFCEC": "代号", "CHFCED": "t", "point_type": 0, "symbol_no": 0, "height": 2.5, "width": 2.5, "spacing": 0.2, "angle": 0.51882624626159668, "_src_file": "LDZOFBB099.WT", "_src_id": 752 }, "geometry": { "type": "Point", "coordinates": [ 73.948447642921678, 39.96255840502981 ] } },
{ "type": "Feature", "properties": { "ID": 3, "FEATUREID": "OFBB099C1AJ430010020000754", "CHFCAC": "000754", "CHFCEC": "代号", "CHFCED": "D#-1", "point_type": 0, "symbol_no": 0, "height": 2.5, "width": 2.5, "spacing": 0.2, "angle": 0.50062543153762817, "_src_file": "LDZOFBB099.WT", "_src_id": 753 }, "geometry": { "type": "Point", "coordinates": [ 73.985485076567258, 39.988483902850533 ] } },
{ "type": "Feature", "properties": { "ID": 4, "FEATUREID": "OFBB099C1AJ430010020000755", "CHFCAC": "000755", "CHFCEC": "代号", "CHFCED": "s", "point_type": 0, "symbol_no": 0, "height": 2.5, "width": 2.5, "spacing": 0.2, "angle": 0.49716466665267944, "_src_file": "LDZOFBB099.WT", "_src_id": 754 }, "geometry": { "type": "Point", "coordinates": [ 73.992487129648396, 39.9892406754322 ] } },
{ "type": "Feature", "properties": { "ID": 3, "FEATUREID": "OFBB099C1AJ430010020000756", "CHFCAC": "000756", "CHFCEC": "代号", "CHFCED": "D#-1", "point_type": 0, "symbol_no": 0, "height": 2.5, "width": 2.5, "spacing": 0.2, "angle": 0.50821679830551147, "_src_file": "LDZOFBB099.WT", "_src_id": 755 }, "geometry": { "type": "Point", "coordinates": [ 73.969527884639191, 39.89249340831892 ] } },
{ "type": "Feature", "properties": { "ID": 4, "FEATUREID": "OFBB099C1AJ430010020000757", "CHFCAC": "000757", "CHFCEC": "代号", "CHFCED": "s", "point_type": 0, "symbol_no": 0, "height": 2.5, "width": 2.5, "spacing": 0.2, "angle": 0.50450813770294189, "_src_file": "LDZOFBB099.WT", "_src_id": 756 }, "geometry": { "type": "Point", "coordinates": [ 73.977038192677128, 39.892992600563886 ] } },
{ "type": "Feature", "properties": { "ID": 3, "FEATUREID": "OFBB099C1AJ430010020000758", "CHFCAC": "000758", "CHFCEC": "代号", "CHFCED": "D#-1", "point_type": 0, "symbol_no": 0, "height": 2.5, "width": 2.5, "spacing": 0.2, "angle": 0.50758111476898193, "_src_file": "LDZOFBB099.WT", "_src_id": 757 }, "geometry": { "type": "Point", "coordinates": [ 73.9701121474953, 39.782403570494402 ] } },
{ "type": "Feature", "properties": { "ID": 4, "FEATUREID": "OFBB099C1AJ430010020000759", "CHFCAC": "000759", "CHFCEC": "代号", "CHFCED": "s", "point_type": 0, "symbol_no": 0, "height": 2.5, "width": 2.5, "spacing": 0.2, "angle": 0.50417566299438477, "_src_file": "LDZOFBB099.WT", "_src_id": 758 }, "geometry": { "type": "Point", "coordinates": [ 73.977009744783302, 39.782766363822674 ] } },
{ "type": "Feature", "properties": { "ID": 13, "FEATUREID": "OFBB099C1AJ430010020000760", "CHFCAC": "000760", "CHFCEC": "代号", "CHFCED": "Qp#-3", "point_type": 0, "symbol_no": 0, "height": 2.5, "width": 2.5, "spacing": 0.2, "angle": 0.5259438157081604, "_src_file": "LDZOFBB099.WT", "_src_id": 759 }, "geometry": { "type": "Point", "coordinates": [ 73.93236237920236, 39.698968650621275 ] } },
{ "type": "Feature", "properties": { "ID": 18, "FEATUREID": "OFBB099C1AJ430010020000761", "CHFCAC": "000761", "CHFCEC": "代号", "CHFCED": "W", "point_type": 0, "symbol_no": 0, "height": 2.5, "width": 2.5, "spacing": 0.2, "angle": 0.52671158313751221, "_src_file": "LDZOFBB099.WT", "_src_id": 760 }, "geometry": { "type": "Point", "coordinates": [ 73.93092535010922, 39.716516625793169 ] } },
{ "type": "Feature", "properties": { "ID": 19, "FEATUREID": "OFBB099C1AJ430010020000762", "CHFCAC": "000762", "CHFCEC": "代号", "CHFCED": "E", "point_type": 0, "symbol_no": 0, "height": 2.5, "width": 2.5, "spacing": 0.2, "angle": 0.51005786657333374, "_src_file": "LDZOFBB099.WT", "_src_id": 761 }, "geometry": { "type": "Point", "coordinates": [ 73.964761457324769, 39.731136753072924 ] } },
{ "type": "Feature", "properties": { "ID": 23, "FEATUREID": "OFBB099C1AJ430010020000763", "CHFCAC": "000763", "CHFCEC": "代号", "CHFCED": "Qp#-2", "point_type": 0, "symbol_no": 0, "height": 2.5, "width": 2.5, "spacing": 0.2, "angle": 0.52224230766296387, "_src_file": "LDZOFBB099.WT", "_src_id": 762 }, "geometry": { "type": "Point", "coordinates": [ 73.940110048269247, 39.735720309198193 ] } },
{ "type": "Feature", "properties": { "ID": 25, "FEATUREID": "OFBB099C1AJ430010020000764", "CHFCAC": "000764", "CHFCEC": "代号", "CHFCED": "W", "point_type": 0, "symbol_no": 0, "height": 2.5, "width": 2.5, "spacing": 0.2, "angle": 0.51664608716964722, "_src_file": "LDZOFBB099.WT", "_src_id": 763 }, "geometry": { "type": "Point", "coordinates": [ 73.951445192140724, 39.735749097054139 ] } },
{ "type": "Feature", "properties": { "ID": 25, "FEATUREID": "OFBB099C1AJ430010020000765", "CHFCAC": "000765", "CHFCEC": "代号", "CHFCED": "Qp#-1", "point_type": 0, "symbol_no": 0, "height": 2.5, "width": 2.5, "spacing": 0.2, "angle": 0.51929569244384766, "_src_file": "LDZOFBB099.WT", "_src_id": 764 }, "geometry": { "type": "Point", "coordinates": [ 73.946161973340409, 39.748478390899159 ] } },
{ "type": "Feature", "properties": { "ID": 26, "FEATUREID": "OFBB099C1AJ430010020000766", "CHFCAC": "000766", "CHFCEC": "代号", "CHFCED": "x", "point_type": 0, "symbol_no": 0, "height": 2.5, "width": 2.5, "spacing": 0.2, "angle": 0.51353985071182251, "_src_file": "LDZOFBB099.WT", "_src_id": 765 }, "geometry": { "type": "Point", "coordinates": [ 73.95782253000047, 39.748504843005342 ] } },
{ "type": "Feature", "properties": { "ID": 32, "FEATUREID": "OFBB099C1AJ430010020000767", "CHFCAC": "000767", "CHFCEC": "代号", "CHFCED": "Qp#-3", "point_type": 0, "symbol_no": 0, "height": 2.5, "width": 2.5, "spacing": 0.2, "angle": 0.50315135717391968, "_src_file": "LDZOFBB099.WT", "_src_id": 766 }, "geometry": { "type": "Point", "coordinates": [ 73.979139253481065, 39.791533221082886 ] } },
{ "type": "Feature", "properties": { "ID": 33, "FEATUREID": "OFBB099C1AJ430010020000768", "CHFCAC": "000768", "CHFCEC": "代号", "CHFCED": "#+pal", "point_type": 0, "symbol_no": 0, "height": 2.5, "width": 2.5, "spacing": 0.2, "angle": 0.49805673956871033, "_src_file": "LDZOFBB099.WT", "_src_id": 767 }, "geometry": { "type": "Point", "coordinates": [ 73.989460609689559, 39.79198957667159 ] } },
{ "type": "Feature", "properties": { "ID": 32, "FEATUREID": "OFBB099C1AJ430010020000769", "CHFCAC": "000769", "CHFCEC": "代号", "CHFCED": "Qp#-3", "point_type": 0, "symbol_no": 0, "height": 2.5, "width": 2.5, "spacing": 0.2, "angle": 0.49507176876068115, "_src_file": "LDZOFBB099.WT", "_src_id": 768 }, "geometry": { "type": "Point", "coordinates": [ 73.995745939279487, 39.830547012763873 ] } },
{ "type": "Feature", "properties": { "ID": 33, "FEATUREID": "OFBB099C1AJ430010020000770", "CHFCAC": "000770", "CHFCEC": "代号", "CHFCED": "#+pal", "point_type": 0, "symbol_no": 0, "height": 2.5, "width": 2.5, "spacing": 0.2, "angle": 0.49011170864105225, "_src_file": "LDZOFBB099.WT", "_src_id": 769 }, "geometry": { "type": "Point", "coordinates": [ 74.005791355913345, 39.831001212515879 ] } },
{ "type": "Feature", "properties": { "ID": 40, "FEATUREID": "OFBB099C1AJ430010020000771", "CHFCAC": "000771", "CHFCEC": "代号", "CHFCED": "D#-2", "point_type": 0, "symbol_no": 0, "height": 2.5, "width": 2.5, "spacing": 0.2, "angle": 0.51120632886886597, "_src_file": "LDZOFBB099.WT", "_src_id": 770 }, "geometry": { "type": "Point", "coordinates": [ 73.963251213431477, 39.856853563757952 ] } },
{ "type": "Feature", "properties": { "ID": 41, "FEATUREID": "OFBB099C1AJ430010020000772", "CHFCAC": "000772", "CHFCEC": "代号", "CHFCED": "t", "point_type": 0, "symbol_no": 0, "height": 2.5, "width": 2.5, "spacing": 0.2, "angle": 0.50722414255142212, "_src_file": "LDZOFBB099.WT", "_src_id": 771 }, "geometry": { "type": "Point", "coordinates": [ 73.971249465451066, 39.85693621917796 ] } },
{ "type": "Feature", "properties": { "ID": 42, "FEATUREID": "OFBB099C1AJ430010020000773", "CHFCAC": "000773", "CHFCEC": "代号", "CHFCED": "E", "point_type": 0, "symbol_no": 0, "height": 2.5, "width": 2.5, "spacing": 0.2, "angle": 0.50145864486694336, "_src_file": "LDZOFBB099.WT", "_src_id": 772 }, "geometry": { "type": "Point", "coordinates": [ 73.982399210512398, 39.765169443461211 ] } },
{ "type": "Feature", "properties": { "ID": 50, "FEATUREID": "OFBB099C1AJ430010020000774", "CHFCAC": "000774", "CHFCEC": "代号", "CHFCED": "Qh", "point_type": 0, "symbol_no": 0, "height": 2.5, "width": 2.5, "spacing": 0.2, "angle": 0.48172640800476074, "_src_file": "LDZOFBB099.WT", "_src_id": 773 }, "geometry": { "type": "Point", "coordinates": [ 74.022129302545267, 39.727313979631241 ] } },
{ "type": "Feature", "properties": { "ID": 51, "FEATUREID": "OFBB099C1AJ430010020000775", "CHFCAC": "000775", "CHFCEC": "代号", "CHFCED": "#+al", "point_type": 0, "symbol_no": 0, "height": 2.5, "width": 2.5, "spacing": 0.2, "angle": 0.47796931862831116, "_src_file": "LDZOFBB099.WT", "_src_id": 774 }, "geometry": { "type": "Point", "coordinates": [ 74.029803806716743, 39.727710193501728 ] } },
{ "type": "Feature", "properties": { "ID": 27, "FEATUREID": "OFBB099C1AJ430010020000776", "CHFCAC": "000776", "CHFCEC": "代号", "CHFCED": "D#-2", "point_type": 0, "symbol_no": 0, "height": 2.5, "width": 2.5, "spacing": 0.2, "angle": 0.56178182363510132, "_src_file": "LDZOFBB099.WT", "_src_id": 775 }, "geometry": { "type": "Point", "coordinates": [ 73.860497914492342, 39.802732750150646 ] } },
{ "type": "Feature", "properties": { "ID": 28, "FEATUREID": "OFBB099C1AJ430010020000777", "CHFCAC": "000777", "CHFCEC": "代号", "CHFCED": "t", "point_type": 0, "symbol_no": 0, "height": 2.5, "width": 2.5, "spacing": 0.2, "angle": 0.55752730369567871, "_src_file": "LDZOFBB099.WT", "_src_id": 776 }, "geometry": { "type": "Point", "coordinates": [ 73.869113373219093, 39.80291946516305 ] } },
{ "type": "Feature", "properties": { "ID": 19, "FEATUREID": "OFBB099C1AJ430010020000778", "CHFCAC": "000778", "CHFCEC": "代号", "CHFCED": "K", "point_type": 0, "symbol_no": 0, "height": 2.5, "width": 2.5, "spacing": 0.2, "angle": 0.50803500413894653, "_src_file": "LDZOFBB099.WT", "_src_id": 777 }, "geometry": { "type": "Point", "coordinates": [ 73.968859841053188, 39.731399643045563 ] } },
{ "type": "Feature", "properties": { "ID": 42, "FEATUREID": "OFBB099C1AJ430010020000779", "CHFCAC": "000779", "CHFCEC": "代号", "CHFCED": "K", "point_type": 0, "symbol_no": 0, "height": 2.5, "width": 2.5, "spacing": 0.2, "angle": 0.49925714731216431, "_src_file": "LDZOFBB099.WT", "_src_id": 778 }, "geometry": { "type": "Point", "coordinates": [ 73.986857291444352, 39.765215362549007 ] } },
{ "type": "Feature", "properties": { "ID": 33, "FEATUREID": "OFBB099C1AJ430010020000780", "CHFCAC": "000780", "CHFCEC": "代号", "CHFCED": "#+pal", "point_type": 0, "symbol_no": 0, "height": 2.5, "width": 2.5, "spacing": 0.2, "angle": 0.52075392007827759, "_src_file": "LDZOFBB099.WT", "_src_id": 779 }, "geometry": { "type": "Point", "coordinates": [ 73.942885370703522, 39.700254591452257 ] } },
{ "type": "Feature", "properties": { "ID": 19, "FEATUREID": "OFBB099C1AJ430010020000781", "CHFCAC": "000781", "CHFCEC": "代号", "CHFCED": "E", "point_type": 0, "symbol_no": 0, "height": 2.5, "width": 2.5, "spacing": 0.2, "angle": 0.52414149045944214, "_src_file": "LDZOFBB099.WT", "_src_id": 780 }, "geometry": { "type": "Point", "coordinates": [ 73.936183885421087, 39.724158961182617 ] } },
{ "type": "Feature", "properties": { "ID": 19, "FEATUREID": "OFBB099C1AJ430010020000782", "CHFCAC": "000782", "CHFCEC": "代号", "CHFCED": "K", "point_type": 0, "symbol_no": 0, "height": 2.5, "width": 2.5, "spacing": 0.2, "angle": 0.52256393432617188, "_src_file": "LDZOFBB099.WT", "_src_id": 781 }, "geometry": { "type": "Point", "coordinates": [ 73.939382404063224, 39.724415434189979 ] } },
{ "type": "Feature", "properties": { "ID": 3, "FEATUREID": "OFBB099C1AJ430010020000783", "CHFCAC": "000783", "CHFCEC": "代号", "CHFCED": "D#-1", "point_type": 0, "symbol_no": 0, "height": 2.5, "width": 2.5, "spacing": 0.2, "angle": 0.54095566272735596, "_src_file": "LDZOFBB099.WT", "_src_id": 782 }, "geometry": { "type": "Point", "coordinates": [ 73.902867246882337, 39.832106456535044 ] } },
{ "type": "Feature", "properties": { "ID": 4, "FEATUREID": "OFBB099C1AJ430010020000784", "CHFCAC": "000784", "CHFCEC": "代号", "CHFCED": "s", "point_type": 0, "symbol_no": 0, "height": 2.5, "width": 2.5, "spacing": 0.2, "angle": 0.5369231104850769, "_src_file": "LDZOFBB099.WT", "_src_id": 783 }, "geometry": { "type": "Point", "coordinates": [ 73.91097095243687, 39.832258489681799 ] } },
{ "type": "Feature", "properties": { "ID": 33, "FEATUREID": "OFBB099C1AJ430010020000785", "CHFCAC": "000785", "CHFCEC": "代号", "CHFCED": "#+pal", "point_type": 0, "symbol_no": 0, "height": 2.5, "width": 2.5, "spacing": 0.2, "angle": 0.53140038251876831, "_src_file": "LDZOFBB099.WT", "_src_id": 784 }, "geometry": { "type": "Point", "coordinates": [ 73.92137270363456, 39.708544882762155 ] } },
{ "type": "Feature", "properties": { "ID": 1, "FEATUREID": "OFBB099C1AJ430010020000786", "CHFCAC": "000786", "CHFCEC": "代号", "CHFCED": "E", "point_type": 0, "symbol_no": 0, "height": 2.0, "width": 2.0, "spacing": 0.0, "angle": 0.21290408074855804, "_src_file": "LDZOFBB099.WT", "_src_id": 785 }, "geometry": { "type": "Point", "coordinates": [ 74.566636641912979, 39.63264594324859 ] } },
{ "type": "Feature", "properties": { "ID": 1, "FEATUREID": "OFBB099C1AJ430010020000787", "CHFCAC": "000787", "CHFCEC": "代号", "CHFCED": "K", "point_type": 0, "symbol_no": 0, "height": 2.0, "width": 2.0, "spacing": 0.0, "angle": 0.21114827692508698, "_src_file": "LDZOFBB099.WT", "_src_id": 786 }, "geometry": { "type": "Point", "coordinates": [ 74.570196800708501, 39.632786632395671 ] } },
{ "type": "Feature", "properties": { "ID": 64, "FEATUREID": "OFBB099C1AJ430010020000788", "CHFCAC": "000788", "CHFCEC": "代号", "CHFCED": "J#-3", "point_type": 0, "symbol_no": 0, "height": 2.5, "width": 2.5, "spacing": 0.2, "angle": 0.18708342313766479, "_src_file": "LDZOFBB099.WT", "_src_id": 787 }, "geometry": { "type": "Point", "coordinates": [ 74.618231172426164, 39.333875044216967 ] } },
{ "type": "Feature", "properties": { "ID": 64, "FEATUREID": "OFBB099C1AJ430010020000789", "CHFCAC": "000789", "CHFCEC": "代号", "CHFCED": "#=kz", "point_type": 0, "symbol_no": 0, "height": 2.5, "width": 2.5, "spacing": 0.2, "angle": 0.18418179452419281, "_src_file": "LDZOFBB099.WT", "_src_id": 788 }, "geometry": { "type": "Point", "coordinates": [ 74.624125657445688, 39.333800769148077 ] } },
{ "type": "Feature", "properties": { "ID": 66, "FEATUREID": "OFBB099C1AJ430010020000790", "CHFCAC": "000790", "CHFCEC": "代号", "CHFCED": "D#-3", "point_type": 0, "symbol_no": 0, "height": 2.5, "width": 2.5, "spacing": 0.2, "angle": 0.029986433684825897, "_src_file": "LDZOFBB099.WT", "_src_id": 789 }, "geometry": { "type": "Point", "coordinates": [ 74.937615950970169, 39.616071426829365 ] } },
{ "type": "Feature", "properties": { "ID": 66, "FEATUREID": "OFBB099C1AJ430010020000791", "CHFCAC": "000791", "CHFCEC": "代号", "CHFCED": "kz", "point_type": 0, "symbol_no": 0, "height": 2.5, "width": 2.5, "spacing": 0.2, "angle": 0.025800090283155441, "_src_file": "LDZOFBB099.WT", "_src_id": 790 }, "geometry": { "type": "Point", "coordinates": [ 74.946041937535242, 39.616269672024707 ] } },
{ "type": "Feature", "properties": { "ID": 66, "FEATUREID": "OFBB099C1AJ430010020000792", "CHFCAC": "000792", "CHFCEC": "代号", "CHFCED": "#+2", "point_type": 0, "symbol_no": 0, "height": 2.5, "width": 2.5, "spacing": 0.2, "angle": 0.02220575138926506, "_src_file": "LDZOFBB099.WT", "_src_id": 791 }, "geometry": { "type": "Point", "coordinates": [ 74.953331428188349, 39.616723037920522 ] } },
{ "type": "Feature", "properties": { "ID": 15, "FEATUREID": "OFBB099C1AJ430010020000793", "CHFCAC": "000793", "CHFCEC": "代号", "CHFCED": "N#-1", "point_type": 0, "symbol_no": 0, "height": 2.0, "width": 2.0, "spacing": 0.1, "angle": 0.092487476766109467, "_src_file": "LDZOFBB099.WT", "_src_id": 792 }, "geometry": { "type": "Point", "coordinates": [ 74.811013000039409, 39.781006385426601 ] } },
{ "type": "Feature", "properties": { "ID": 16, "FEATUREID": "OFBB099C1AJ430010020000794", "CHFCAC": "000794", "CHFCEC": "代号", "CHFCED": "a", "point_type": 0, "symbol_no": 0, "height": 2.0, "width": 2.0, "spacing": 0.1, "angle": 0.089619472622871399, "_src_file": "LDZOFBB099.WT", "_src_id": 793 }, "geometry": { "type": "Point", "coordinates": [ 74.816761543242151, 39.781008453815907 ] } },
{ "type": "Feature", "properties": { "ID": 197, "FEATUREID": "OFBB099C1AJ430010020000795", "CHFCAC": "000795", "CHFCEC": "代号", "CHFCED": "D#-3", "point_type": 0, "symbol_no": 0, "height": 2.5, "width": 2.5, "spacing": 0.1, "angle": 0.055872969329357147, "_src_file": "LDZOFBB099.WT", "_src_id": 794 }, "geometry": { "type": "Point", "coordinates": [ 74.885247042350201, 39.877535592808115 ] } },
{ "type": "Feature", "properties": { "ID": 197, "FEATUREID": "OFBB099C1AJ430010020000796", "CHFCAC": "000796", "CHFCEC": "代号", "CHFCED": "kz", "point_type": 0, "symbol_no": 0, "height": 2.5, "width": 2.5, "spacing": 0.1, "angle": 0.051842574030160904, "_src_file": "LDZOFBB099.WT", "_src_id": 795 }, "geometry": { "type": "Point", "coordinates": [ 74.893405164909538, 39.877745109433754 ] } },
{ "type": "Feature", "properties": { "ID": 197, "FEATUREID": "OFBB099C1AJ430010020000797", "CHFCAC": "000797", "CHFCEC": "代号", "CHFCED": "#+3", "point_type": 0, "symbol_no": 0, "height": 2.5, "width": 2.5, "spacing": 0.1, "angle": 0.048436880111694336, "_src_file": "LDZOFBB099.WT", "_src_id": 796 }, "geometry": { "type": "Point", "coordinates": [ 74.900300601591297, 39.877877311942711 ] } },
{ "type": "Feature", "properties": { "ID": 90, "FEATUREID": "OFBB099C1AJ430010020000798", "CHFCAC": "000798", "CHFCEC": "代号", "CHFCED": "J#-1", "point_type": 0, "symbol_no": 0, "height": 2.5, "width": 2.5, "spacing": 0.1, "angle": 0.095776334404945374, "_src_file": "LDZOFBB099.WT", "_src_id": 797 }, "geometry": { "type": "Point", "coordinates": [ 74.804494950042383, 39.900137429719635 ] } },
{ "type": "Feature", "properties": { "ID": 91, "FEATUREID": "OFBB099C1AJ430010020000799", "CHFCAC": "000799", "CHFCEC": "代号", "CHFCED": "k", "point_type": 0, "symbol_no": 0, "height": 2.5, "width": 2.5, "spacing": 0.1, "angle": 0.093134418129920959, "_src_file": "LDZOFBB099.WT", "_src_id": 798 }, "geometry": { "type": "Point", "coordinates": [ 74.809841050491343, 39.899852238953585 ] } },
{ "type": "Feature", "properties": { "ID": 66, "FEATUREID": "OFBB099C1AJ430010020000800", "CHFCAC": "000800", "CHFCEC": "代号", "CHFCED": "A.", "point_type": 0, "symbol_no": 0, "height": 2.5, "width": 2.5, "spacing": 0.2, "angle": 0.044270578771829605, "_src_file": "LDZOFBB099.WT", "_src_id": 799 }, "geometry": { "type": "Point", "coordinates": [ 74.908589549796318, 39.614213404067563 ] } },
{ "type": "Feature", "properties": { "ID": 200, "FEATUREID": "OFBB099C1AJ430010020000801", "CHFCAC": "000801", "CHFCEC": "代号", "CHFCED": "#=kz", "point_type": 0, "symbol_no": 0, "height": 2.5, "width": 2.5, "spacing": 0.2, "angle": 0.050783310085535049, "_src_file": "LDZOFBB099.WT", "_src_id": 800 }, "geometry": { "type": "Point", "coordinates": [ 74.89519924855999, 39.339892717838353 ] } },
{ "type": "Feature", "properties": { "ID": 1, "FEATUREID": "OFBB099C1AJ430010020000802", "CHFCAC": "000802", "CHFCEC": "代号", "CHFCED": "Qh", "point_type": 0, "symbol_no": 0, "height": 2.5, "width": 2.5, "spacing": 0.2, "angle": 0.21362820267677307, "_src_file": "LDZOFBB099.WT", "_src_id": 801 }, "geometry": { "type": "Point", "coordinates": [ 74.564627217651974, 39.421824618617499 ] } },
{ "type": "Feature", "properties": { "ID": 2, "FEATUREID": "OFBB099C1AJ430010020000803", "CHFCAC": "000803", "CHFCEC": "代号", "CHFCED": "#+pl", "point_type": 0, "symbol_no": 0, "height": 2.5, "width": 2.5, "spacing": 0.2, "angle": 0.20964416861534119, "_src_file": "LDZOFBB099.WT", "_src_id": 802 }, "geometry": { "type": "Point", "coordinates": [ 74.572719029640723, 39.422933330051499 ] } },
{ "type": "Feature", "properties": { "ID": 1, "FEATUREID": "OFBB099C1AJ430010020000804", "CHFCAC": "000804", "CHFCEC": "代号", "CHFCED": "D#-2", "point_type": 0, "symbol_no": 0, "height": 2.5, "width": 2.5, "spacing": 0.2, "angle": 0.23458029329776764, "_src_file": "LDZOFBB099.WT", "_src_id": 803 }, "geometry": { "type": "Point", "coordinates": [ 74.52135606729442, 39.216276335364753 ] } },
{ "type": "Feature", "properties": { "ID": 1, "FEATUREID": "OFBB099C1AJ430010020000805", "CHFCAC": "000805", "CHFCEC": "代号", "CHFCED": "#=kz", "point_type": 0, "symbol_no": 0, "height": 2.5, "width": 2.5, "spacing": 0.2, "angle": 0.23024666309356689, "_src_file": "LDZOFBB099.WT", "_src_id": 804 }, "geometry": { "type": "Point", "coordinates": [ 74.530165470821032, 39.21644430456751 ] } },
{ "type": "Feature", "properties": { "ID": 1, "FEATUREID": "OFBB099C1AJ430010020000806", "CHFCAC": "000806", "CHFCEC": "代号", "CHFCED": "D#-2", "point_type": 0, "symbol_no": 0, "height": 2.5, "width": 2.5, "spacing": 0.2, "angle": 0.21186794340610504, "_src_file": "LDZOFBB099.WT", "_src_id": 805 }, "geometry": { "type": "Point", "coordinates": [ 74.567515355382, 39.210922083053447 ] } },
{ "type": "Feature", "properties": { "ID": 1, "FEATUREID": "OFBB099C1AJ430010020000807", "CHFCAC": "000807", "CHFCEC": "代号", "CHFCED": "#=kz", "point_type": 0, "symbol_no": 0, "height": 2.5, "width": 2.5, "spacing": 0.2, "angle": 0.20753474533557892, "_src_file": "LDZOFBB099.WT", "_src_id": 806 }, "geometry": { "type": "Point", "coordinates": [ 74.576327221743583, 39.211086557171313 ] } },
{ "type": "Feature", "properties": { "ID": 1, "FEATUREID": "OFBB099C1AJ430010020000808", "CHFCAC": "000808", "CHFCEC": "代号", "CHFCED": "D#-2", "point_type": 0, "symbol_no": 0, "height": 2.5, "width": 2.5, "spacing": 0.2, "angle": 0.26040062308311462, "_src_file": "LDZOFBB099.WT", "_src_id": 807 }, "geometry": { "type": "Point", "coordinates": [ 74.468935019442583, 39.237043366513277 ] } },
{ "type": "Feature", "properties": { "ID": 1, "FEATUREID": "OFBB099C1AJ430010020000809", "CHFCAC": "000809", "CHFCEC": "代号", "CHFCED": "#=kz", "point_type": 0, "symbol_no": 0, "height": 2.5, "width": 2.5, "spacing": 0.2, "angle": 0.25609567761421204, "_src_file": "LDZOFBB099.WT", "_src_id": 808 }, "geometry": { "type": "Point", "coordinates": [ 74.477749863307068, 39.237215317461377 ] } },
{ "type": "Feature", "properties": { "ID": 33, "FEATUREID": "OFBB099C1AJ430010020000810", "CHFCAC": "000810", "CHFCEC": "代号", "CHFCED": "D#-2", "point_type": 0, "symbol_no": 0, "height": 2.5, "width": 2.5, "spacing": 0.2, "angle": 0.33270537853240967, "_src_file": "LDZOFBB099.WT", "_src_id": 809 }, "geometry": { "type": "Point", "coordinates": [ 74.322055314399194, 39.257671663747438 ] } },
{ "type": "Feature", "properties": { "ID": 33, "FEATUREID": "OFBB099C1AJ430010020000811", "CHFCAC": "000811", "CHFCEC": "代号", "CHFCED": "#=kz", "point_type": 0, "symbol_no": 0, "height": 2.5, "width": 2.5, "spacing": 0.2, "angle": 0.32887247204780579, "_src_file": "LDZOFBB099.WT", "_src_id": 810 }, "geometry": { "type": "Point", "coordinates": [ 74.329785204466148, 39.258058587733707 ] } },
{ "type": "Feature", "properties": { "ID": 33, "FEATUREID": "OFBB099C1AJ430010020000812", "CHFCAC": "000812", "CHFCEC": "代号", "CHFCED": "D#-2", "point_type": 0, "symbol_no": 0, "height": 2.5, "width": 2.5, "spacing": 0.2, "angle": 0.35142254829406738, "_src_file": "LDZOFBB099.WT", "_src_id": 811 }, "geometry": { "type": "Point", "coordinates": [ 74.284031241446414, 39.261522084828023 ] } },
{ "type": "Feature", "properties": { "ID": 33, "FEATUREID": "OFBB099C1AJ430010020000813", "CHFCAC": "000813", "CHFCEC": "代号", "CHFCED": "#=kz", "point_type": 0, "symbol_no": 0, "height": 2.5, "width": 2.5, "spacing": 0.2, "angle": 0.34758946299552917, "_src_file": "LDZOFBB099.WT", "_src_id": 812 }, "geometry": { "type": "Point", "coordinates": [ 74.291763315483493, 39.261911534797427 ] } },
{ "type": "Feature", "properties": { "ID": 1, "FEATUREID": "OFBB099C1AJ430010020000814", "CHFCAC": "000814", "CHFCEC": "代号", "CHFCED": "D#-2", "point_type": 0, "symbol_no": 0, "height": 2.5, "width": 2.5, "spacing": 0.2, "angle": 0.18279851973056793, "_src_file": "LDZOFBB099.WT", "_src_id": 813 }, "geometry": { "type": "Point", "coordinates": [ 74.62665041222607, 39.221699718031964 ] } },
{ "type": "Feature", "properties": { "ID": 1, "FEATUREID": "OFBB099C1AJ430010020000815", "CHFCAC": "000815", "CHFCEC": "代号", "CHFCED": "#=kz", "point_type": 0, "symbol_no": 0, "height": 2.5, "width": 2.5, "spacing": 0.2, "angle": 0.17849476635456085, "_src_file": "LDZOFBB099.WT", "_src_id": 814 }, "geometry": { "type": "Point", "coordinates": [ 74.635461786733373, 39.221859725897531 ] } },
{ "type": "Feature", "properties": { "ID": 1, "FEATUREID": "OFBB099C1AJ430010020000816", "CHFCAC": "000816", "CHFCEC": "代号", "CHFCED": "D#-2", "point_type": 0, "symbol_no": 0, "height": 2.5, "width": 2.5, "spacing": 0.2, "angle": 0.19838310778141022, "_src_file": "LDZOFBB099.WT", "_src_id": 815 }, "geometry": { "type": "Point", "coordinates": [ 74.595049279286485, 39.23012974802883 ] } },
{ "type": "Feature", "properties": { "ID": 1, "FEATUREID": "OFBB099C1AJ430010020000817", "CHFCAC": "000817", "CHFCEC": "代号", "CHFCED": "#=kz", "point_type": 0, "symbol_no": 0, "height": 2.5, "width": 2.5, "spacing": 0.2, "angle": 0.19401758909225464, "_src_file": "LDZOFBB099.WT", "_src_id": 816 }, "geometry": { "type": "Point", "coordinates": [ 74.603864623100307, 39.230292151543914 ] } },
{ "type": "Feature", "properties": { "ID": 1, "FEATUREID": "OFBB099C1AJ430010020000818", "CHFCAC": "000818", "CHFCEC": "代号", "CHFCED": "D#-2", "point_type": 0, "symbol_no": 0, "height": 2.5, "width": 2.5, "spacing": 0.2, "angle": 0.1476750373840332, "_src_file": "LDZOFBB099.WT", "_src_id": 817 }, "geometry": { "type": "Point", "coordinates": [ 74.698076338264372, 39.199767410687635 ] } },
{ "type": "Feature", "properties": { "ID": 1, "FEATUREID": "OFBB099C1AJ430010020000819", "CHFCAC": "000819", "CHFCEC": "代号", "CHFCED": "#=kz", "point_type": 0, "symbol_no": 0, "height": 2.5, "width": 2.5, "spacing": 0.2, "angle": 0.14334271848201752, "_src_file": "LDZOFBB099.WT", "_src_id": 818 }, "geometry": { "type": "Point", "coordinates": [ 74.706885154311394, 39.199922005186089 ] } },
{ "type": "Feature", "properties": { "ID": 1, "FEATUREID": "OFBB099C1AJ430010020000820", "CHFCAC": "000820", "CHFCEC": "代号", "CHFCED": "D#-2", "point_type": 0, "symbol_no": 0, "height": 2.5, "width": 2.5, "spacing": 0.2, "angle": 0.16633361577987671, "_src_file": "LDZOFBB099.WT", "_src_id": 819 }, "geometry": { "type": "Point", "coordinates": [ 74.660095962755861, 39.183924926930025 ] } },
{ "type": "Feature", "properties": { "ID": 1, "FEATUREID": "OFBB099C1AJ430010020000821", "CHFCAC": "000821", "CHFCEC": "代号", "CHFCED": "#=kz", "point_type": 0, "symbol_no": 0, "height": 2.5, "width": 2.5, "spacing": 0.2, "angle": 0.16197226941585541, "_src_file": "LDZOFBB099.WT", "_src_id": 820 }, "geometry": { "type": "Point", "coordinates": [ 74.668903705656774, 39.184082385150141 ] } },
{ "type": "Feature", "properties": { "ID": 1, "FEATUREID": "OFBB099C1AJ430010020000822", "CHFCAC": "000822", "CHFCEC": "代号", "CHFCED": "D#-2", "point_type": 0, "symbol_no": 0, "height": 2.5, "width": 2.5, "spacing": 0.2, "angle": 0.16997620463371277, "_src_file": "LDZOFBB099.WT", "_src_id": 821 }, "geometry": { "type": "Point", "coordinates": [ 74.652589508050397, 39.142557569161823 ] } },
{ "type": "Feature", "properties": { "ID": 1, "FEATUREID": "OFBB099C1AJ430010020000823", "CHFCAC": "000823", "CHFCEC": "代号", "CHFCED": "#=kz", "point_type": 0, "symbol_no": 0, "height": 2.5, "width": 2.5, "spacing": 0.2, "angle": 0.16561868786811829, "_src_file": "LDZOFBB099.WT", "_src_id": 822 }, "geometry": { "type": "Point", "coordinates": [ 74.66139207447803, 39.142715573298389 ] } },
{ "type": "Feature", "properties": { "ID": 1, "FEATUREID": "OFBB099C1AJ430010020000824", "CHFCAC": "000824", "CHFCEC": "代号", "CHFCED": "D#-2", "point_type": 0, "symbol_no": 0, "height": 2.5, "width": 2.5, "spacing": 0.2, "angle": 0.13258282840251923, "_src_file": "LDZOFBB099.WT", "_src_id": 823 }, "geometry": { "type": "Point", "coordinates": [ 74.728665623656099, 39.179770384418717 ] } },
{ "type": "Feature", "properties": { "ID": 1, "FEATUREID": "OFBB099C1AJ430010020000825", "CHFCAC": "000825", "CHFCEC": "代号", "CHFCED": "#=kz", "point_type": 0, "symbol_no": 0, "height": 2.5, "width": 2.5, "spacing": 0.2, "angle": 0.128282830119133, "_src_file": "LDZOFBB099.WT", "_src_id": 824 }, "geometry": { "type": "Point", "coordinates": [ 74.737471017294467, 39.179922657777425 ] } },
{ "type": "Feature", "properties": { "ID": 15, "FEATUREID": "OFBB099C1AJ430010020000826", "CHFCAC": "000826", "CHFCEC": "代号", "CHFCED": "Qp#-3", "point_type": 0, "symbol_no": 0, "height": 2.5, "width": 2.5, "spacing": 0.2, "angle": 0.64755117893218994, "_src_file": "LDZOFBB099.WT", "_src_id": 825 }, "geometry": { "type": "Point", "coordinates": [ 73.681353670091525, 39.182149051458637 ] } },
{ "type": "Feature", "properties": { "ID": 16, "FEATUREID": "OFBB099C1AJ430010020000827", "CHFCAC": "000827", "CHFCEC": "代号", "CHFCED": "#+pal", "point_type": 0, "symbol_no": 0, "height": 2.5, "width": 2.5, "spacing": 0.2, "angle": 0.64189010858535767, "_src_file": "LDZOFBB099.WT", "_src_id": 826 }, "geometry": { "type": "Point", "coordinates": [ 73.692926523928691, 39.182293199482963 ] } },
{ "type": "Feature", "properties": { "ID": 1, "FEATUREID": "OFBB099C1AJ430010020000828", "CHFCAC": "000828", "CHFCEC": "代号", "CHFCED": "δ", "point_type": 0, "symbol_no": 0, "height": 2.5, "width": 2.5, "spacing": 0.2, "angle": 0.62845999002456665, "_src_file": "LDZOFBB099.WT", "_src_id": 827 }, "geometry": { "type": "Point", "coordinates": [ 73.720575507374505, 39.227887167689332 ] } },
{ "type": "Feature", "properties": { "ID": 13, "FEATUREID": "OFBB099C1AJ430010020000829", "CHFCAC": "000829", "CHFCEC": "代号", "CHFCED": "E", "point_type": 0, "symbol_no": 0, "height": 2.5, "width": 2.5, "spacing": 0.2, "angle": 0.42272704839706421, "_src_file": "LDZOFBB099.WT", "_src_id": 828 }, "geometry": { "type": "Point", "coordinates": [ 74.140893965831822, 39.578480379904903 ] } },
{ "type": "Feature", "properties": { "ID": 14, "FEATUREID": "OFBB099C1AJ430010020000830", "CHFCAC": "000830", "CHFCEC": "代号", "CHFCED": "K", "point_type": 0, "symbol_no": 0, "height": 2.5, "width": 2.5, "spacing": 0.2, "angle": 0.42062419652938843, "_src_file": "LDZOFBB099.WT", "_src_id": 829 }, "geometry": { "type": "Point", "coordinates": [ 74.14515890320304, 39.578404765534124 ] } },
{ "type": "Feature", "properties": { "ID": 13, "FEATUREID": "OFBB099C1AJ430010020000831", "CHFCAC": "000831", "CHFCEC": "代号", "CHFCED": "E", "point_type": 0, "symbol_no": 0, "height": 2.5, "width": 2.5, "spacing": 0.2, "angle": 0.49480047821998596, "_src_file": "LDZOFBB099.WT", "_src_id": 830 }, "geometry": { "type": "Point", "coordinates": [ 73.994099008738488, 39.491071566777073 ] } },
{ "type": "Feature", "properties": { "ID": 14, "FEATUREID": "OFBB099C1AJ430010020000832", "CHFCAC": "000832", "CHFCEC": "代号", "CHFCED": "K", "point_type": 0, "symbol_no": 0, "height": 2.5, "width": 2.5, "spacing": 0.2, "angle": 0.49270129203796387, "_src_file": "LDZOFBB099.WT", "_src_id": 831 }, "geometry": { "type": "Point", "coordinates": [ 73.99835966614684, 39.491001273305208 ] } },
{ "type": "Feature", "properties": { "ID": 13, "FEATUREID": "OFBB099C1AJ430010020000833", "CHFCAC": "000833", "CHFCEC": "代号", "CHFCED": "E", "point_type": 0, "symbol_no": 0, "height": 2.5, "width": 2.5, "spacing": 0.2, "angle": 0.53054463863372803, "_src_file": "LDZOFBB099.WT", "_src_id": 832 }, "geometry": { "type": "Point", "coordinates": [ 73.921437607496003, 39.471434769157675 ] } },
{ "type": "Feature", "properties": { "ID": 14, "FEATUREID": "OFBB099C1AJ430010020000834", "CHFCAC": "000834", "CHFCEC": "代号", "CHFCED": "K", "point_type": 0, "symbol_no": 0, "height": 2.5, "width": 2.5, "spacing": 0.2, "angle": 0.52844619750976562, "_src_file": "LDZOFBB099.WT", "_src_id": 833 }, "geometry": { "type": "Point", "coordinates": [ 73.925695090027858, 39.471367122369607 ] } },
{ "type": "Feature", "properties": { "ID": 13, "FEATUREID": "OFBB099C1AJ430010020000835", "CHFCAC": "000835", "CHFCEC": "代号", "CHFCED": "E", "point_type": 0, "symbol_no": 0, "height": 2.5, "width": 2.5, "spacing": 0.2, "angle": 0.54537439346313477, "_src_file": "LDZOFBB099.WT", "_src_id": 834 }, "geometry": { "type": "Point", "coordinates": [ 73.891261098549037, 39.468280099476331 ] } },
{ "type": "Feature", "properties": { "ID": 14, "FEATUREID": "OFBB099C1AJ430010020000836", "CHFCAC": "000836", "CHFCEC": "代号", "CHFCED": "K", "point_type": 0, "symbol_no": 0, "height": 2.5, "width": 2.5, "spacing": 0.2, "angle": 0.54330658912658691, "_src_file": "LDZOFBB099.WT", "_src_id": 835 }, "geometry": { "type": "Point", "coordinates": [ 73.895517396442671, 39.468213555586829 ] } },
{ "type": "Feature", "properties": { "ID": 1, "FEATUREID": "OFBB099C1AJ430010020000837", "CHFCAC": "000837", "CHFCEC": "代号", "CHFCED": "E", "point_type": 0, "symbol_no": 0, "height": 2.5, "width": 2.5, "spacing": 0.0, "angle": 0.60877853631973267, "_src_file": "LDZOFBB099.WT", "_src_id": 836 }, "geometry": { "type": "Point", "coordinates": [ 73.762519496528469, 39.457528003781441 ] } },
{ "type": "Feature", "properties": { "ID": 3, "FEATUREID": "OFBB099C1AJ430010020000838", "CHFCAC": "000838", "CHFCEC": "代号", "CHFCED": "K", "point_type": 0, "symbol_no": 0, "height": 2.5, "width": 2.5, "spacing": 0.0, "angle": 0.60627251863479614, "_src_file": "LDZOFBB099.WT", "_src_id": 837 }, "geometry": { "type": "Point", "coordinates": [ 73.767667359183633, 39.457509836331418 ] } },
{ "type": "Feature", "properties": { "ID": 1, "FEATUREID": "OFBB099C1AJ430010020000839", "CHFCAC": "000839", "CHFCEC": "代号", "CHFCED": "E", "point_type": 0, "symbol_no": 0, "height": 2.5, "width": 2.5, "spacing": 0.0, "angle": 0.66329890489578247, "_src_file": "LDZOFBB099.WT", "_src_id": 838 }, "geometry": { "type": "Point", "coordinates": [ 73.651821554263407, 39.449475782099228 ] } },
{ "type": "Feature", "properties": { "ID": 3, "FEATUREID": "OFBB099C1AJ430010020000840", "CHFCAC": "000840", "CHFCEC": "代号", "CHFCED": "K", "point_type": 0, "symbol_no": 0, "height": 2.5, "width": 2.5, "spacing": 0.0, "angle": 0.66123491525650024, "_src_file": "LDZOFBB099.WT", "_src_id": 839 }, "geometry": { "type": "Point", "coordinates": [ 73.655947494171201, 39.449450714725742 ] } },
{ "type": "Feature", "properties": { "ID": 1, "FEATUREID": "OFBB099C1AJ430010020000841", "CHFCAC": "000841", "CHFCEC": "代号", "CHFCED": "E", "point_type": 0, "symbol_no": 0, "height": 2.5, "width": 2.5, "spacing": 0.0, "angle": 0.63814240694046021, "_src_file": "LDZOFBB099.WT", "_src_id": 840 }, "geometry": { "type": "Point", "coordinates": [ 73.703019690156921, 39.459696547238238 ] } },
{ "type": "Feature", "properties": { "ID": 3, "FEATUREID": "OFBB099C1AJ430010020000842", "CHFCAC": "000842", "CHFCEC": "代号", "CHFCED": "K", "point_type": 0, "symbol_no": 0, "height": 2.5, "width": 2.5, "spacing": 0.0, "angle": 0.63557517528533936, "_src_file": "LDZOFBB099.WT", "_src_id": 841 }, "geometry": { "type": "Point", "coordinates": [ 73.708165667391157, 39.45968101718816 ] } },
{ "type": "Feature", "properties": { "ID": 1, "FEATUREID": "OFBB099C1AJ430010020000843", "CHFCAC": "000843", "CHFCEC": "代号", "CHFCED": "E", "point_type": 0, "symbol_no": 0, "height": 2.5, "width": 2.5, "spacing": 0.0, "angle": 0.62150305509567261, "_src_file": "LDZOFBB099.WT", "_src_id": 842 }, "geometry": { "type": "Point", "coordinates": [ 73.736691699982472, 39.456458407697923 ] } },
{ "type": "Feature", "properties": { "ID": 3, "FEATUREID": "OFBB099C1AJ430010020000844", "CHFCAC": "000844", "CHFCEC": "代号", "CHFCED": "K", "point_type": 0, "symbol_no": 0, "height": 2.5, "width": 2.5, "spacing": 0.0, "angle": 0.61947011947631836, "_src_file": "LDZOFBB099.WT", "_src_id": 843 }, "geometry": { "type": "Point", "coordinates": [ 73.740817661407732, 39.456430318654554 ] } },
{ "type": "Feature", "properties": { "ID": 1, "FEATUREID": "OFBB099C1AJ430010020000845", "CHFCAC": "000845", "CHFCEC": "代号", "CHFCED": "E", "point_type": 0, "symbol_no": 0, "height": 2.5, "width": 2.5, "spacing": 0.0, "angle": 0.59011608362197876, "_src_file": "LDZOFBB099.WT", "_src_id": 844 }, "geometry": { "type": "Point", "coordinates": [ 73.800451841911041, 39.457667812402576 ] } },
{ "type": "Feature", "properties": { "ID": 3, "FEATUREID": "OFBB099C1AJ430010020000846", "CHFCAC": "000846", "CHFCEC": "代号", "CHFCED": "K", "point_type": 0, "symbol_no": 0, "height": 2.5, "width": 2.5, "spacing": 0.0, "angle": 0.5878717303276062, "_src_file": "LDZOFBB099.WT", "_src_id": 845 }, "geometry": { "type": "Point", "coordinates": [ 73.804943845267999, 39.457641234538571 ] } },
{ "type": "Feature", "properties": { "ID": 26, "FEATUREID": "OFBB099C1AJ430010020000847", "CHFCAC": "000847", "CHFCEC": "代号", "CHFCED": "Qp#-3", "point_type": 0, "symbol_no": 0, "height": 2.5, "width": 2.5, "spacing": 0.2, "angle": 0.20212787389755249, "_src_file": "LDZOFBB099.WT", "_src_id": 846 }, "geometry": { "type": "Point", "coordinates": [ 74.587127486592266, 39.144615140628808 ] } },
{ "type": "Feature", "properties": { "ID": 26, "FEATUREID": "OFBB099C1AJ430010020000848", "CHFCAC": "000848", "CHFCEC": "代号", "CHFCED": "#+gfl", "point_type": 0, "symbol_no": 0, "height": 2.5, "width": 2.5, "spacing": 0.2, "angle": 0.1972244530916214, "_src_file": "LDZOFBB099.WT", "_src_id": 847 }, "geometry": { "type": "Point", "coordinates": [ 74.597103555520661, 39.144821278140931 ] } },
{ "type": "Feature", "properties": { "ID": 15, "FEATUREID": "OFBB099C1AJ430010020000849", "CHFCAC": "000849", "CHFCEC": "代号", "CHFCED": "K#-1", "point_type": 0, "symbol_no": 0, "height": 2.5, "width": 2.5, "spacing": 0.2, "angle": 0.51279455423355103, "_src_file": "LDZOFBB099.WT", "_src_id": 848 }, "geometry": { "type": "Point", "coordinates": [ 73.957835059220216, 39.52647344627303 ] } },
{ "type": "Feature", "properties": { "ID": 16, "FEATUREID": "OFBB099C1AJ430010020000850", "CHFCAC": "000850", "CHFCEC": "代号", "CHFCED": "#=kz", "point_type": 0, "symbol_no": 0, "height": 2.5, "width": 2.5, "spacing": 0.2, "angle": 0.50954741239547729, "_src_file": "LDZOFBB099.WT", "_src_id": 849 }, "geometry": { "type": "Point", "coordinates": [ 73.964424635707701, 39.526611247458305 ] } },
{ "type": "Feature", "properties": { "ID": 15, "FEATUREID": "OFBB099C1AJ430010020000851", "CHFCAC": "000851", "CHFCEC": "代号", "CHFCED": "K#-1", "point_type": 0, "symbol_no": 0, "height": 2.5, "width": 2.5, "spacing": 0.2, "angle": 0.5238909125328064, "_src_file": "LDZOFBB099.WT", "_src_id": 850 }, "geometry": { "type": "Point", "coordinates": [ 73.936349178852225, 39.673780762429203 ] } },
{ "type": "Feature", "properties": { "ID": 16, "FEATUREID": "OFBB099C1AJ430010020000852", "CHFCAC": "000852", "CHFCEC": "代号", "CHFCED": "kz", "point_type": 0, "symbol_no": 0, "height": 2.5, "width": 2.5, "spacing": 0.2, "angle": 0.52004653215408325, "_src_file": "LDZOFBB099.WT", "_src_id": 851 }, "geometry": { "type": "Point", "coordinates": [ 73.944077145292511, 39.673534134884363 ] } },
{ "type": "Feature", "properties": { "ID": 88, "FEATUREID": "OFBB099C1AJ430010020000853", "CHFCAC": "000853", "CHFCEC": "代号", "CHFCED": "K#-1", "point_type": 0, "symbol_no": 0, "height": 2.5, "width": 2.5, "spacing": 0.20012936, "angle": 0.33549812436103821, "_src_file": "LDZOFBB099.WT", "_src_id": 852 }, "geometry": { "type": "Point", "coordinates": [ 74.319367288615751, 39.945916717591821 ] } },
{ "type": "Feature", "properties": { "ID": 89, "FEATUREID": "OFBB099C1AJ430010020000854", "CHFCAC": "000854", "CHFCEC": "代号", "CHFCED": "#=kz", "point_type": 0, "symbol_no": 0, "height": 2.5, "width": 2.5, "spacing": 0.20012936, "angle": 0.33190122246742249, "_src_file": "LDZOFBB099.WT", "_src_id": 853 }, "geometry": { "type": "Point", "coordinates": [ 74.326641685360499, 39.945629957169771 ] } },
{ "type": "Feature", "properties": { "ID": 88, "FEATUREID": "OFBB099C1AJ430010020000855", "CHFCAC": "000855", "CHFCEC": "代号", "CHFCED": "K#-1", "point_type": 0, "symbol_no": 0, "height": 2.5, "width": 2.5, "spacing": 0.20012936, "angle": 0.23805548250675201, "_src_file": "LDZOFBB099.WT", "_src_id": 854 }, "geometry": { "type": "Point", "coordinates": [ 74.516359711279961, 39.868314290626579 ] } },
{ "type": "Feature", "properties": { "ID": 89, "FEATUREID": "OFBB099C1AJ430010020000856", "CHFCAC": "000856", "CHFCEC": "代号", "CHFCED": "#=kz", "point_type": 0, "symbol_no": 0, "height": 2.5, "width": 2.5, "spacing": 0.20012936, "angle": 0.23404437303543091, "_src_file": "LDZOFBB099.WT", "_src_id": 855 }, "geometry": { "type": "Point", "coordinates": [ 74.524419543795659, 39.868178306944166 ] } },
{ "type": "Feature", "properties": { "ID": 197, "FEATUREID": "OFBB099C1AJ430010020000857", "CHFCAC": "000857", "CHFCEC": "代号", "CHFCED": "Ch", "point_type": 0, "symbol_no": 0, "height": 2.5, "width": 2.5, "spacing": 0.1, "angle": 0.20569050312042236, "_src_file": "LDZOFBB099.WT", "_src_id": 856 }, "geometry": { "type": "Point", "coordinates": [ 74.582167119741996, 39.981217938826397 ] } },
{ "type": "Feature", "properties": { "ID": 197, "FEATUREID": "OFBB099C1AJ430010020000858", "CHFCAC": "000858", "CHFCEC": "代号", "CHFCED": "A.", "point_type": 0, "symbol_no": 0, "height": 2.5, "width": 2.5, "spacing": 0.1, "angle": 0.20124989748001099, "_src_file": "LDZOFBB099.WT", "_src_id": 857 }, "geometry": { "type": "Point", "coordinates": [ 74.591150053454072, 39.981042456635073 ] } },
{ "type": "Feature", "properties": { "ID": 197, "FEATUREID": "OFBB099C1AJ430010020000859", "CHFCAC": "000859", "CHFCEC": "代号", "CHFCED": "Ch", "point_type": 0, "symbol_no": 0, "height": 2.5, "width": 2.5, "spacing": 0.1, "angle": 0.086412630975246429, "_src_file": "LDZOFBB099.WT", "_src_id": 858 }, "geometry": { "type": "Point", "coordinates": [ 74.823367498493155, 39.826774142246627 ] } },
{ "type": "Feature", "properties": { "ID": 197, "FEATUREID": "OFBB099C1AJ430010020000860", "CHFCAC": "000860", "CHFCEC": "代号", "CHFCED": "A.", "point_type": 0, "symbol_no": 0, "height": 2.5, "width": 2.5, "spacing": 0.1, "angle": 0.082335487008094788, "_src_file": "LDZOFBB099.WT", "_src_id": 859 }, "geometry": { "type": "Point", "coordinates": [ 74.831625057936236, 39.827121919411397 ] } },
{ "type": "Feature", "properties": { "ID": 45, "FEATUREID": "OFBB099C1AJ430010020000861", "CHFCAC": "000861", "CHFCEC": "代号", "CHFCED": "P#-2", "point_type": 0, "symbol_no": 0, "height": 2.5, "width": 2.5, "spacing": 0.2, "angle": 0.062033440917730331, "_src_file": "LDZOFBB099.WT", "_src_id": 860 }, "geometry": { "type": "Point", "coordinates": [ 74.872309909890873, 39.298895610002312 ] } },
{ "type": "Feature", "properties": { "ID": 45, "FEATUREID": "OFBB099C1AJ430010020000862", "CHFCAC": "000862", "CHFCEC": "代号", "CHFCED": "#=q", "point_type": 0, "symbol_no": 0, "height": 2.5, "width": 2.5, "spacing": 0.2, "angle": 0.058606274425983429, "_src_file": "LDZOFBB099.WT", "_src_id": 861 }, "geometry": { "type": "Point", "coordinates": [ 74.879273424318555, 39.299281319182874 ] } },
{ "type": "Feature", "properties": { "ID": 63, "FEATUREID": "OFBB099C1AJ430010020000863", "CHFCAC": "000863", "CHFCEC": "代号", "CHFCED": "Qp#-3", "point_type": 0, "symbol_no": 0, "height": 2.5, "width": 2.5, "spacing": 0.2, "angle": 0.38529697060585022, "_src_file": "LDZOFBB099.WT", "_src_id": 862 }, "geometry": { "type": "Point", "coordinates": [ 74.214827899080078, 39.207150890299033 ] } },
{ "type": "Feature", "properties": { "ID": 62, "FEATUREID": "OFBB099C1AJ430010020000864", "CHFCAC": "000864", "CHFCEC": "代号", "CHFCED": "#+gl", "point_type": 0, "symbol_no": 0, "height": 2.5, "width": 2.5, "spacing": 0.2, "angle": 0.37986686825752258, "_src_file": "LDZOFBB099.WT", "_src_id": 863 }, "geometry": { "type": "Point", "coordinates": [ 74.225932053531253, 39.207198545313652 ] } },
{ "type": "Feature", "properties": { "ID": 63, "FEATUREID": "OFBB099C1AJ430010020000865", "CHFCAC": "000865", "CHFCEC": "代号", "CHFCED": "Qp#-3", "point_type": 0, "symbol_no": 0, "height": 2.5, "width": 2.5, "spacing": 0.2, "angle": 0.41831707954406738, "_src_file": "LDZOFBB099.WT", "_src_id": 864 }, "geometry": { "type": "Point", "coordinates": [ 74.147657780505952, 39.200368560379744 ] } },
{ "type": "Feature", "properties": { "ID": 62, "FEATUREID": "OFBB099C1AJ430010020000866", "CHFCAC": "000866", "CHFCEC": "代号", "CHFCED": "#+pal", "point_type": 0, "symbol_no": 0, "height": 2.5, "width": 2.5, "spacing": 0.2, "angle": 0.41285720467567444, "_src_file": "LDZOFBB099.WT", "_src_id": 865 }, "geometry": { "type": "Point", "coordinates": [ 74.158757729882723, 39.200422606332879 ] } },
{ "type": "Feature", "properties": { "ID": 63, "FEATUREID": "OFBB099C1AJ430010020000867", "CHFCAC": "000867", "CHFCEC": "代号", "CHFCED": "Qp#-3", "point_type": 0, "symbol_no": 0, "height": 2.5, "width": 2.5, "spacing": 0.2, "angle": 0.42255628108978271, "_src_file": "LDZOFBB099.WT", "_src_id": 866 }, "geometry": { "type": "Point", "coordinates": [ 74.139373927026114, 39.256132304185364 ] } },
{ "type": "Feature", "properties": { "ID": 62, "FEATUREID": "OFBB099C1AJ430010020000868", "CHFCAC": "000868", "CHFCEC": "代号", "CHFCED": "#+pal", "point_type": 0, "symbol_no": 0, "height": 2.5, "width": 2.5, "spacing": 0.2, "angle": 0.41708993911743164, "_src_file": "LDZOFBB099.WT", "_src_id": 867 }, "geometry": { "type": "Point", "coordinates": [ 74.150483648533069, 39.256187235837544 ] } },
{ "type": "Feature", "properties": { "ID": 90, "FEATUREID": "OFBB099C1AJ430010020000869", "CHFCAC": "000869", "CHFCEC": "代号", "CHFCED": "K#-1", "point_type": 0, "symbol_no": 0, "height": 2.5, "width": 2.5, "spacing": 0.1, "angle": 0.073087729513645172, "_src_file": "LDZOFBB099.WT", "_src_id": 868 }, "geometry": { "type": "Point", "coordinates": [ 74.85032336759636, 39.795948030411047 ] } },
{ "type": "Feature", "properties": { "ID": 91, "FEATUREID": "OFBB099C1AJ430010020000870", "CHFCAC": "000870", "CHFCEC": "代号", "CHFCED": "#=kz", "point_type": 0, "symbol_no": 0, "height": 2.5, "width": 2.5, "spacing": 0.1, "angle": 0.06954578310251236, "_src_file": "LDZOFBB099.WT", "_src_id": 869 }, "geometry": { "type": "Point", "coordinates": [ 74.857497085823553, 39.795816183934541 ] } },
{ "type": "Feature", "properties": { "ID": 64, "FEATUREID": "OFBB099C1AJ430010020000871", "CHFCAC": "000871", "CHFCEC": "代号", "CHFCED": "Qh", "point_type": 0, "symbol_no": 0, "height": 2.5, "width": 2.5, "spacing": 0.2, "angle": 0.27884218096733093, "_src_file": "LDZOFBB099.WT", "_src_id": 870 }, "geometry": { "type": "Point", "coordinates": [ 74.430723360603338, 39.056710320431002 ] } },
{ "type": "Feature", "properties": { "ID": 64, "FEATUREID": "OFBB099C1AJ430010020000872", "CHFCAC": "000872", "CHFCEC": "代号", "CHFCED": "#+pal", "point_type": 0, "symbol_no": 0, "height": 2.5, "width": 2.5, "spacing": 0.2, "angle": 0.27437582612037659, "_src_file": "LDZOFBB099.WT", "_src_id": 871 }, "geometry": { "type": "Point", "coordinates": [ 74.439878154161249, 39.056925677242802 ] } },
{ "type": "Feature", "properties": { "ID": 9, "FEATUREID": "OFBB099C1AJ430010020000873", "CHFCAC": "000873", "CHFCEC": "代号", "CHFCED": "γο", "point_type": 0, "symbol_no": 0, "height": 2.5, "width": 2.5, "spacing": -1.0, "angle": 0.025637311860918999, "_src_file": "LDZOFBB099.WT", "_src_id": 872 }, "geometry": { "type": "Point", "coordinates": [ 74.946289260530918, 39.183245038673839 ] } },
{ "type": "Feature", "properties": { "ID": 9, "FEATUREID": "OFBB099C1AJ430010020000874", "CHFCAC": "000874", "CHFCEC": "代号", "CHFCED": "δο", "point_type": 0, "symbol_no": 0, "height": 2.5, "width": 2.5, "spacing": -1.0, "angle": 0.085475564002990723, "_src_file": "LDZOFBB099.WT", "_src_id": 873 }, "geometry": { "type": "Point", "coordinates": [ 74.824563014504164, 39.205798781876645 ] } },
{ "type": "Feature", "properties": { "ID": 60, "FEATUREID": "OFBB099C1AJ430010020000875", "CHFCAC": "000875", "CHFCEC": "代号", "CHFCED": "γρ", "point_type": 0, "symbol_no": 0, "height": 2.5, "width": 2.5, "spacing": -1.5, "angle": 0.52884131669998169, "_src_file": "LDZOFBB099.WT", "_src_id": 874 }, "geometry": { "type": "Point", "coordinates": [ 73.922403004222616, 39.127549694385948 ] } },
{ "type": "Feature", "properties": { "ID": 3481, "FEATUREID": "OFBB099C1AJ430010020000876", "CHFCAC": "000876", "CHFCEC": "代号", "CHFCED": "χβ", "point_type": 0, "symbol_no": 0, "height": 2.5, "width": 2.5, "spacing": -1.0, "angle": 0.47843548655509949, "_src_file": "LDZOFBB099.WT", "_src_id": 875 }, "geometry": { "type": "Point", "coordinates": [ 74.030025730722258, 39.930905173450661 ] } },
{ "type": "Feature", "properties": { "ID": 3482, "FEATUREID": "OFBB099C1AJ430010020000877", "CHFCAC": "000877", "CHFCEC": "代号", "CHFCED": " τα", "point_type": 0, "symbol_no": 0, "height": 2.5, "width": 2.5, "spacing": -1.0, "angle": 0.45027005672454834, "_src_file": "LDZOFBB099.WT", "_src_id": 876 }, "geometry": { "type": "Point", "coordinates": [ 74.08679025931086, 39.890940716864122 ] } },
{ "type": "Feature", "properties": { "ID": 90, "FEATUREID": "OFBB099C1AJ430010020000878", "CHFCAC": "000878", "CHFCEC": "代号", "CHFCED": "J#-1", "point_type": 0, "symbol_no": 0, "height": 2.5, "width": 2.5, "spacing": 0.1, "angle": 0.0051105087623000145, "_src_file": "LDZOFBB099.WT", "_src_id": 877 }, "geometry": { "type": "Point", "coordinates": [ 74.988006094858406, 39.813818992416721 ] } },
{ "type": "Feature", "properties": { "ID": 91, "FEATUREID": "OFBB099C1AJ430010020000879", "CHFCAC": "000879", "CHFCEC": "代号", "CHFCED": "sh", "point_type": 0, "symbol_no": 0, "height": 2.5, "width": 2.5, "spacing": 0.1, "angle": 0.0028076721355319023, "_src_file": "LDZOFBB099.WT", "_src_id": 878 }, "geometry": { "type": "Point", "coordinates": [ 74.99266973268216, 39.813340861554749 ] } },
{ "type": "Feature", "properties": { "ID": 88, "FEATUREID": "OFBB099C1AJ430010020000880", "CHFCAC": "000880", "CHFCEC": "代号", "CHFCED": "K#-1", "point_type": 0, "symbol_no": 0, "height": 2.5, "width": 2.5, "spacing": 0.20012936, "angle": 0.458729088306427, "_src_file": "LDZOFBB099.WT", "_src_id": 879 }, "geometry": { "type": "Point", "coordinates": [ 74.069013966759002, 39.767160534558002 ] } },
{ "type": "Feature", "properties": { "ID": 89, "FEATUREID": "OFBB099C1AJ430010020000881", "CHFCAC": "000881", "CHFCEC": "代号", "CHFCED": "#=kz", "point_type": 0, "symbol_no": 0, "height": 2.5, "width": 2.5, "spacing": 0.20012936, "angle": 0.45517480373382568, "_src_file": "LDZOFBB099.WT", "_src_id": 880 }, "geometry": { "type": "Point", "coordinates": [ 74.076151931680272, 39.766999649022928 ] } },
{ "type": "Feature", "properties": { "ID": 15, "FEATUREID": "OFBB099C1AJ430010020000882", "CHFCAC": "000882", "CHFCEC": "代号", "CHFCED": "Qp#-3", "point_type": 0, "symbol_no": 0, "height": 1.5, "width": 1.5, "spacing": 0.0, "angle": 0.59025698900222778, "_src_file": "LDZOFBB099.WT", "_src_id": 881 }, "geometry": { "type": "Point", "coordinates": [ 73.798740717897687, 39.283022839107772 ] } },
{ "type": "Feature", "properties": { "ID": 16, "FEATUREID": "OFBB099C1AJ430010020000883", "CHFCAC": "000883", "CHFCEC": "代号", "CHFCED": "#+pal", "point_type": 0, "symbol_no": 0, "height": 1.5, "width": 1.5, "spacing": 0.0, "angle": 0.58761489391326904, "_src_file": "LDZOFBB099.WT", "_src_id": 882 }, "geometry": { "type": "Point", "coordinates": [ 73.804109834658803, 39.283193496606472 ] } },
{ "type": "Feature", "properties": { "ID": 287, "FEATUREID": "OFBB099C1AJ430010020000884", "CHFCAC": "000884", "CHFCEC": "代号", "CHFCED": "D#-3", "point_type": 0, "symbol_no": 0, "height": 2.5, "width": 2.5, "spacing": 0.2, "angle": 0.14162376523017883, "_src_file": "LDZOFBB099.WT", "_src_id": 883 }, "geometry": { "type": "Point", "coordinates": [ 74.710119853675295, 39.071388256534988 ] } },
{ "type": "Feature", "properties": { "ID": 287, "FEATUREID": "OFBB099C1AJ430010020000885", "CHFCAC": "000885", "CHFCEC": "代号", "CHFCED": "#=q", "point_type": 0, "symbol_no": 0, "height": 2.5, "width": 2.5, "spacing": 0.2, "angle": 0.13766926527023315, "_src_file": "LDZOFBB099.WT", "_src_id": 884 }, "geometry": { "type": "Point", "coordinates": [ 74.718167512262042, 39.070922276884055 ] } },
{ "type": "Feature", "properties": { "ID": 13, "FEATUREID": "OFBB099C1AJ430010020000886", "CHFCAC": "000886", "CHFCEC": "代号", "CHFCED": "E", "point_type": 0, "symbol_no": 0, "height": 2.5, "width": 2.5, "spacing": 0.2, "angle": 0.39263179898262024, "_src_file": "LDZOFBB099.WT", "_src_id": 885 }, "geometry": { "type": "Point", "coordinates": [ 74.200941233967171, 39.39346884662163 ] } },
{ "type": "Feature", "properties": { "ID": 14, "FEATUREID": "OFBB099C1AJ430010020000887", "CHFCAC": "000887", "CHFCEC": "代号", "CHFCED": "K", "point_type": 0, "symbol_no": 0, "height": 2.5, "width": 2.5, "spacing": 0.2, "angle": 0.39041590690612793, "_src_file": "LDZOFBB099.WT", "_src_id": 886 }, "geometry": { "type": "Point", "coordinates": [ 74.205441344831272, 39.39362811382108 ] } },
{ "type": "Feature", "properties": { "ID": 302, "FEATUREID": "OFBB099C1AJ430010020000888", "CHFCAC": "000888", "CHFCEC": "代号", "CHFCED": "Qp#-3", "point_type": 0, "symbol_no": 0, "height": 2.5, "width": 2.5, "spacing": 0.2, "angle": 0.06272684782743454, "_src_file": "LDZOFBB099.WT", "_src_id": 887 }, "geometry": { "type": "Point", "coordinates": [ 74.870755831035538, 39.133591225497462 ] } },
{ "type": "Feature", "properties": { "ID": 1, "FEATUREID": "OFBB099C1AJ430010020000889", "CHFCAC": "000889", "CHFCEC": "代号", "CHFCED": "K#-2", "point_type": 0, "symbol_no": 0, "height": 2.5, "width": 2.5, "spacing": 0.2, "angle": 0.079421021044254303, "_src_file": "LDZOFBB099.WT", "_src_id": 888 }, "geometry": { "type": "Point", "coordinates": [ 74.837329370637633, 39.632000292615849 ] } },
{ "type": "Feature", "properties": { "ID": 1, "FEATUREID": "OFBB099C1AJ430010020000890", "CHFCAC": "000890", "CHFCEC": "代号", "CHFCED": "Y", "point_type": 0, "symbol_no": 0, "height": 2.5, "width": 2.5, "spacing": 0.2, "angle": 0.075277119874954224, "_src_file": "LDZOFBB099.WT", "_src_id": 889 }, "geometry": { "type": "Point", "coordinates": [ 74.845731754676862, 39.631539735864877 ] } },
{ "type": "Feature", "properties": { "ID": 1, "FEATUREID": "OFBB099C1AJ430010020000891", "CHFCAC": "000891", "CHFCEC": "代号", "CHFCED": "N#-1", "point_type": 0, "symbol_no": 0, "height": 2.5, "width": 2.5, "spacing": 0.0, "angle": 0.68549126386642456, "_src_file": "LDZOFBB099.WT", "_src_id": 890 }, "geometry": { "type": "Point", "coordinates": [ 73.606507811234565, 39.419240948730533 ] } },
{ "type": "Feature", "properties": { "ID": 3, "FEATUREID": "OFBB099C1AJ430010020000892", "CHFCAC": "000892", "CHFCEC": "代号", "CHFCED": "k", "point_type": 0, "symbol_no": 0, "height": 2.5, "width": 2.5, "spacing": 0.0, "angle": 0.68197542428970337, "_src_file": "LDZOFBB099.WT", "_src_id": 891 }, "geometry": { "type": "Point", "coordinates": [ 73.613581033689741, 39.419321059916243 ] } },
{ "type": "Feature", "properties": { "ID": 45, "FEATUREID": "OFBB099C1AJ430010020000893", "CHFCAC": "000893", "CHFCEC": "代号", "CHFCED": "C#-2#=P#-1", "point_type": 0, "symbol_no": 0, "height": 2.5, "width": 2.5, "spacing": 0.2, "angle": 0.42043220996856689, "_src_file": "LDZOFBB099.WT", "_src_id": 892 }, "geometry": { "type": "Point", "coordinates": [ 74.144099862978024, 39.336320665251939 ] } },
{ "type": "Feature", "properties": { "ID": 85, "FEATUREID": "OFBB099C1AJ430010020000894", "CHFCAC": "000894", "CHFCEC": "代号", "CHFCED": "γ", "point_type": 0, "symbol_no": 0, "height": 2.5, "width": 2.5, "spacing": 0.2, "angle": 0.23918351531028748, "_src_file": "LDZOFBB099.WT", "_src_id": 893 }, "geometry": { "type": "Point", "coordinates": [ 74.512437102335653, 39.329243445737951 ] } },
{ "type": "Feature", "properties": { "ID": 85, "FEATUREID": "OFBB099C1AJ430010020000895", "CHFCAC": "000895", "CHFCEC": "代号", "CHFCED": "o", "point_type": 0, "symbol_no": 0, "height": 2.5, "width": 2.5, "spacing": 0.2, "angle": 0.23715095221996307, "_src_file": "LDZOFBB099.WT", "_src_id": 894 }, "geometry": { "type": "Point", "coordinates": [ 74.516507412920163, 39.329880112860508 ] } },
{ "type": "Feature", "properties": { "ID": 85, "FEATUREID": "OFBB099C1AJ430010020000896", "CHFCAC": "000896", "CHFCEC": "代号", "CHFCED": "C#-2", "point_type": 0, "symbol_no": 0, "height": 2.5, "width": 2.5, "spacing": 0.2, "angle": 0.23528437316417694, "_src_file": "LDZOFBB099.WT", "_src_id": 895 }, "geometry": { "type": "Point", "coordinates": [ 74.520300462401195, 39.329895812913726 ] } },
{ "type": "Feature", "properties": { "ID": 85, "FEATUREID": "OFBB099C1AJ430010020000897", "CHFCAC": "000897", "CHFCEC": "代号", "CHFCED": "γ", "point_type": 0, "symbol_no": 0, "height": 2.5, "width": 2.5, "spacing": 0.2, "angle": 0.25254738330841064, "_src_file": "LDZOFBB099.WT", "_src_id": 896 }, "geometry": { "type": "Point", "coordinates": [ 74.485265676305971, 39.339945014702245 ] } },
{ "type": "Feature", "properties": { "ID": 85, "FEATUREID": "OFBB099C1AJ430010020000898", "CHFCAC": "000898", "CHFCEC": "代号", "CHFCED": "o", "point_type": 0, "symbol_no": 0, "height": 2.5, "width": 2.5, "spacing": 0.2, "angle": 0.25054505467414856, "_src_file": "LDZOFBB099.WT", "_src_id": 897 }, "geometry": { "type": "Point", "coordinates": [ 74.489333352489282, 39.340582633251465 ] } },
{ "type": "Feature", "properties": { "ID": 85, "FEATUREID": "OFBB099C1AJ430010020000899", "CHFCAC": "000899", "CHFCEC": "代号", "CHFCED": "C#-2", "point_type": 0, "symbol_no": 0, "height": 2.5, "width": 2.5, "spacing": 0.2, "angle": 0.24867804348468781, "_src_file": "LDZOFBB099.WT", "_src_id": 898 }, "geometry": { "type": "Point", "coordinates": [ 74.493125967358338, 39.340599222383901 ] } },
{ "type": "Feature", "properties": { "ID": 85, "FEATUREID": "OFBB099C1AJ430010020000900", "CHFCAC": "000900", "CHFCEC": "代号", "CHFCED": "γ", "point_type": 0, "symbol_no": 0, "height": 2.5, "width": 2.5, "spacing": 0.2, "angle": 0.20126847922801971, "_src_file": "LDZOFBB099.WT", "_src_id": 899 }, "geometry": { "type": "Point", "coordinates": [ 74.589406970783202, 39.308453672048827 ] } },
{ "type": "Feature", "properties": { "ID": 85, "FEATUREID": "OFBB099C1AJ430010020000901", "CHFCAC": "000901", "CHFCEC": "代号", "CHFCED": "o", "point_type": 0, "symbol_no": 0, "height": 2.5, "width": 2.5, "spacing": 0.2, "angle": 0.19955430924892426, "_src_file": "LDZOFBB099.WT", "_src_id": 900 }, "geometry": { "type": "Point", "coordinates": [ 74.592888465178874, 39.307931962937879 ] } },
{ "type": "Feature", "properties": { "ID": 85, "FEATUREID": "OFBB099C1AJ430010020000902", "CHFCAC": "000902", "CHFCEC": "代号", "CHFCED": "C#-2", "point_type": 0, "symbol_no": 0, "height": 2.5, "width": 2.5, "spacing": 0.2, "angle": 0.19768860936164856, "_src_file": "LDZOFBB099.WT", "_src_id": 901 }, "geometry": { "type": "Point", "coordinates": [ 74.596679361527208, 39.307945168300172 ] } },
{ "type": "Feature", "properties": { "ID": 85, "FEATUREID": "OFBB099C1AJ430010020000903", "CHFCAC": "000903", "CHFCEC": "代号", "CHFCED": "γ", "point_type": 0, "symbol_no": 0, "height": 2.5, "width": 2.5, "spacing": 0.2, "angle": 0.18740332126617432, "_src_file": "LDZOFBB099.WT", "_src_id": 902 }, "geometry": { "type": "Point", "coordinates": [ 74.61751122165623, 39.306242214030796 ] } },
{ "type": "Feature", "properties": { "ID": 85, "FEATUREID": "OFBB099C1AJ430010020000904", "CHFCAC": "000904", "CHFCEC": "代号", "CHFCED": "o", "point_type": 0, "symbol_no": 0, "height": 2.5, "width": 2.5, "spacing": 0.2, "angle": 0.18568938970565796, "_src_file": "LDZOFBB099.WT", "_src_id": 903 }, "geometry": { "type": "Point", "coordinates": [ 74.620991402084954, 39.305719662570041 ] } },
{ "type": "Feature", "properties": { "ID": 85, "FEATUREID": "OFBB099C1AJ430010020000905", "CHFCAC": "000905", "CHFCEC": "代号", "CHFCED": "C#-2", "point_type": 0, "symbol_no": 0, "height": 2.5, "width": 2.5, "spacing": 0.2, "angle": 0.18382377922534943, "_src_file": "LDZOFBB099.WT", "_src_id": 904 }, "geometry": { "type": "Point", "coordinates": [ 74.624781189124619, 39.305731952110655 ] } },
{ "type": "Feature", "properties": { "ID": 9, "FEATUREID": "OFBB099C1AJ430010020000906", "CHFCAC": "000906", "CHFCEC": "代号", "CHFCED": "C#-1", "point_type": 0, "symbol_no": 0, "height": 2.5, "width": 2.5, "spacing": 0.2, "angle": 0.19721789658069611, "_src_file": "LDZOFBB099.WT", "_src_id": 905 }, "geometry": { "type": "Point", "coordinates": [ 74.597509714722392, 39.285073834122329 ] } },
{ "type": "Feature", "properties": { "ID": 9, "FEATUREID": "OFBB099C1AJ430010020000907", "CHFCAC": "000907", "CHFCEC": "代号", "CHFCED": "#=w", "point_type": 0, "symbol_no": 0, "height": 2.5, "width": 2.5, "spacing": 0.2, "angle": 0.1934628039598465, "_src_file": "LDZOFBB099.WT", "_src_id": 906 }, "geometry": { "type": "Point", "coordinates": [ 74.605142024803285, 39.28517675752078 ] } },
{ "type": "Feature", "properties": { "ID": 45, "FEATUREID": "OFBB099C1AJ430010020000908", "CHFCAC": "000908", "CHFCEC": "代号", "CHFCED": "P#-2", "point_type": 0, "symbol_no": 0, "height": 2.5, "width": 2.5, "spacing": 0.2, "angle": 0.014183368533849716, "_src_file": "LDZOFBB099.WT", "_src_id": 907 }, "geometry": { "type": "Point", "coordinates": [ 74.969537589176554, 39.267173133822098 ] } },
{ "type": "Feature", "properties": { "ID": 45, "FEATUREID": "OFBB099C1AJ430010020000909", "CHFCAC": "000909", "CHFCEC": "代号", "CHFCED": "#=q", "point_type": 0, "symbol_no": 0, "height": 2.5, "width": 2.5, "spacing": 0.2, "angle": 0.010856639593839645, "_src_file": "LDZOFBB099.WT", "_src_id": 908 }, "geometry": { "type": "Point", "coordinates": [ 74.976361281125961, 39.26745175926655 ] } },
{ "type": "Feature", "properties": { "ID": 1, "FEATUREID": "OFBB099C1AJ430010020000910", "CHFCAC": "000910", "CHFCEC": "代号", "CHFCED": "T#-3", "point_type": 0, "symbol_no": 0, "height": 2.5, "width": 2.5, "spacing": 0.2, "angle": 0.041969377547502518, "_src_file": "LDZOFBB099.WT", "_src_id": 909 }, "geometry": { "type": "Point", "coordinates": [ 74.913089053385391, 39.314194820725838 ] } },
{ "type": "Feature", "properties": { "ID": 73, "FEATUREID": "OFBB099C1AJ430010020000911", "CHFCAC": "000911", "CHFCEC": "代号", "CHFCED": "γ", "point_type": 0, "symbol_no": 0, "height": 2.5, "width": 2.5, "spacing": 0.2, "angle": 0.018096901476383209, "_src_file": "LDZOFBB099.WT", "_src_id": 910 }, "geometry": { "type": "Point", "coordinates": [ 74.961635703794911, 39.230948777373335 ] } },
{ "type": "Feature", "properties": { "ID": 73, "FEATUREID": "OFBB099C1AJ430010020000912", "CHFCAC": "000912", "CHFCEC": "代号", "CHFCED": "π", "point_type": 0, "symbol_no": 0, "height": 2.5, "width": 2.5, "spacing": 0.2, "angle": 0.016735130921006203, "_src_file": "LDZOFBB099.WT", "_src_id": 911 }, "geometry": { "type": "Point", "coordinates": [ 74.964406117157665, 39.230453117196646 ] } },
{ "type": "Feature", "properties": { "ID": 1, "FEATUREID": "OFBB099C1AJ430010020000913", "CHFCAC": "000913", "CHFCEC": "代号", "CHFCED": "T#-3", "point_type": 0, "symbol_no": 0, "height": 2.5, "width": 2.5, "spacing": 0.2, "angle": 0.015094843693077564, "_src_file": "LDZOFBB099.WT", "_src_id": 912 }, "geometry": { "type": "Point", "coordinates": [ 74.967678853546317, 39.230538780312443 ] } },
{ "type": "Feature", "properties": { "ID": 263, "FEATUREID": "OFBB099C1AJ430010020000914", "CHFCAC": "000914", "CHFCEC": "代号", "CHFCED": "C#-2", "point_type": 0, "symbol_no": 0, "height": 2.5, "width": 2.5, "spacing": 0.2, "angle": 0.020709598436951637, "_src_file": "LDZOFBB099.WT", "_src_id": 913 }, "geometry": { "type": "Point", "coordinates": [ 74.95624964920431, 39.182898813775758 ] } },
{ "type": "Feature", "properties": { "ID": 263, "FEATUREID": "OFBB099C1AJ430010020000915", "CHFCAC": "000915", "CHFCEC": "代号", "CHFCED": "C#-2", "point_type": 0, "symbol_no": 0, "height": 2.5, "width": 2.5, "spacing": 0.2, "angle": 0.081301473081111908, "_src_file": "LDZOFBB099.WT", "_src_id": 914 }, "geometry": { "type": "Point", "coordinates": [ 74.833049781416449, 39.206044171549642 ] } },
{ "type": "Feature", "properties": { "ID": 16, "FEATUREID": "OFBB099C1AJ430010020000916", "CHFCAC": "000916", "CHFCEC": "代号", "CHFCED": "D#-2", "point_type": 0, "symbol_no": 0, "height": 2.5, "width": 2.5, "spacing": 0.2, "angle": 0.12727676331996918, "_src_file": "LDZOFBB099.WT", "_src_id": 915 }, "geometry": { "type": "Point", "coordinates": [ 74.739335403657932, 39.080076336443426 ] } },
{ "type": "Feature", "properties": { "ID": 16, "FEATUREID": "OFBB099C1AJ430010020000917", "CHFCAC": "000917", "CHFCEC": "代号", "CHFCED": "#=kz", "point_type": 0, "symbol_no": 0, "height": 2.5, "width": 2.5, "spacing": 0.2, "angle": 0.12311461567878723, "_src_file": "LDZOFBB099.WT", "_src_id": 916 }, "geometry": { "type": "Point", "coordinates": [ 74.74780737038823, 39.080221580612104 ] } },
{ "type": "Feature", "properties": { "ID": 16, "FEATUREID": "OFBB099C1AJ430010020000918", "CHFCAC": "000918", "CHFCEC": "代号", "CHFCED": "D#-2", "point_type": 0, "symbol_no": 0, "height": 2.5, "width": 2.5, "spacing": 0.2, "angle": 0.10792211443185806, "_src_file": "LDZOFBB099.WT", "_src_id": 917 }, "geometry": { "type": "Point", "coordinates": [ 74.778721865598939, 39.077654791476327 ] } },
{ "type": "Feature", "properties": { "ID": 16, "FEATUREID": "OFBB099C1AJ430010020000919", "CHFCAC": "000919", "CHFCEC": "代号", "CHFCED": "#=kz", "point_type": 0, "symbol_no": 0, "height": 2.5, "width": 2.5, "spacing": 0.2, "angle": 0.10376014560461044, "_src_file": "LDZOFBB099.WT", "_src_id": 918 }, "geometry": { "type": "Point", "coordinates": [ 74.787193629404712, 39.077797173505729 ] } },
{ "type": "Feature", "properties": { "ID": 287, "FEATUREID": "OFBB099C1AJ430010020000920", "CHFCAC": "000920", "CHFCEC": "代号", "CHFCED": "D#-3", "point_type": 0, "symbol_no": 0, "height": 2.5, "width": 2.5, "spacing": 0.2, "angle": 0.10223586112260818, "_src_file": "LDZOFBB099.WT", "_src_id": 919 }, "geometry": { "type": "Point", "coordinates": [ 74.790215277397422, 39.02429397805642 ] } },
{ "type": "Feature", "properties": { "ID": 287, "FEATUREID": "OFBB099C1AJ430010020000921", "CHFCAC": "000921", "CHFCEC": "代号", "CHFCED": "#=q", "point_type": 0, "symbol_no": 0, "height": 2.5, "width": 2.5, "spacing": 0.2, "angle": 0.098316274583339691, "_src_file": "LDZOFBB099.WT", "_src_id": 920 }, "geometry": { "type": "Point", "coordinates": [ 74.798258076273171, 39.023822450647714 ] } },
{ "type": "Feature", "properties": { "ID": 16, "FEATUREID": "OFBB099C1AJ430010020000922", "CHFCAC": "000922", "CHFCEC": "代号", "CHFCED": "D#-2", "point_type": 0, "symbol_no": 0, "height": 2.5, "width": 2.5, "spacing": 0.2, "angle": 0.14440247416496277, "_src_file": "LDZOFBB099.WT", "_src_id": 921 }, "geometry": { "type": "Point", "coordinates": [ 74.704292399280689, 39.019372194362184 ] } },
{ "type": "Feature", "properties": { "ID": 16, "FEATUREID": "OFBB099C1AJ430010020000923", "CHFCAC": "000923", "CHFCEC": "代号", "CHFCED": "#=kz", "point_type": 0, "symbol_no": 0, "height": 2.5, "width": 2.5, "spacing": 0.2, "angle": 0.14047160744667053, "_src_file": "LDZOFBB099.WT", "_src_id": 922 }, "geometry": { "type": "Point", "coordinates": [ 74.712357554602391, 39.019633297688223 ] } },
{ "type": "Feature", "properties": { "ID": 28, "FEATUREID": "OFBB099C1AJ430010020000924", "CHFCAC": "000924", "CHFCEC": "代号", "CHFCED": "Qp#-3", "point_type": 0, "symbol_no": 0, "height": 2.5, "width": 2.5, "spacing": 0.2, "angle": 0.19209025800228119, "_src_file": "LDZOFBB099.WT", "_src_id": 923 }, "geometry": { "type": "Point", "coordinates": [ 74.607155996868968, 39.005000369088876 ] } },
{ "type": "Feature", "properties": { "ID": 28, "FEATUREID": "OFBB099C1AJ430010020000925", "CHFCAC": "000925", "CHFCEC": "代号", "CHFCED": "#+pal", "point_type": 0, "symbol_no": 0, "height": 2.5, "width": 2.5, "spacing": 0.2, "angle": 0.18629194796085358, "_src_file": "LDZOFBB099.WT", "_src_id": 924 }, "geometry": { "type": "Point", "coordinates": [ 74.619025582188442, 39.004869281689622 ] } },
{ "type": "Feature", "properties": { "ID": 64, "FEATUREID": "OFBB099C1AJ430010020000926", "CHFCAC": "000926", "CHFCEC": "代号", "CHFCED": "Qh", "point_type": 0, "symbol_no": 0, "height": 2.5, "width": 2.5, "spacing": 0.2, "angle": 0.30175191164016724, "_src_file": "LDZOFBB099.WT", "_src_id": 925 }, "geometry": { "type": "Point", "coordinates": [ 74.384321128910258, 39.1082580637555 ] } },
{ "type": "Feature", "properties": { "ID": 64, "FEATUREID": "OFBB099C1AJ430010020000927", "CHFCAC": "000927", "CHFCEC": "代号", "CHFCED": "#+vl", "point_type": 0, "symbol_no": 0, "height": 2.5, "width": 2.5, "spacing": 0.2, "angle": 0.29716449975967407, "_src_file": "LDZOFBB099.WT", "_src_id": 926 }, "geometry": { "type": "Point", "coordinates": [ 74.393657452204394, 39.109345047983886 ] } },
{ "type": "Feature", "properties": { "ID": 64, "FEATUREID": "OFBB099C1AJ430010020000928", "CHFCAC": "000928", "CHFCEC": "代号", "CHFCED": "Qh", "point_type": 0, "symbol_no": 0, "height": 2.5, "width": 2.5, "spacing": 0.2, "angle": 0.32693815231323242, "_src_file": "LDZOFBB099.WT", "_src_id": 927 }, "geometry": { "type": "Point", "coordinates": [ 74.332907031381325, 39.085778503283798 ] } },
{ "type": "Feature", "properties": { "ID": 64, "FEATUREID": "OFBB099C1AJ430010020000929", "CHFCAC": "000929", "CHFCEC": "代号", "CHFCED": "#+ch", "point_type": 0, "symbol_no": 0, "height": 2.5, "width": 2.5, "spacing": 0.2, "angle": 0.32235351204872131, "_src_file": "LDZOFBB099.WT", "_src_id": 928 }, "geometry": { "type": "Point", "coordinates": [ 74.342241560237611, 39.086869578620423 ] } },
{ "type": "Feature", "properties": { "ID": 64, "FEATUREID": "OFBB099C1AJ430010020000930", "CHFCAC": "000930", "CHFCEC": "代号", "CHFCED": "Qh", "point_type": 0, "symbol_no": 0, "height": 2.5, "width": 2.5, "spacing": 0.2, "angle": 0.30021378397941589, "_src_file": "LDZOFBB099.WT", "_src_id": 929 }, "geometry": { "type": "Point", "coordinates": [ 74.387291860616386, 39.072188218464511 ] } },
{ "type": "Feature", "properties": { "ID": 64, "FEATUREID": "OFBB099C1AJ430010020000931", "CHFCAC": "000931", "CHFCEC": "代号", "CHFCED": "#+vl", "point_type": 0, "symbol_no": 0, "height": 2.5, "width": 2.5, "spacing": 0.2, "angle": 0.29562988877296448, "_src_file": "LDZOFBB099.WT", "_src_id": 930 }, "geometry": { "type": "Point", "coordinates": [ 74.39662548265801, 39.073274934133757 ] } },
{ "type": "Feature", "properties": { "ID": 64, "FEATUREID": "OFBB099C1AJ430010020000932", "CHFCAC": "000932", "CHFCEC": "代号", "CHFCED": "Qh", "point_type": 0, "symbol_no": 0, "height": 2.5, "width": 2.5, "spacing": 0.2, "angle": 0.26587969064712524, "_src_file": "LDZOFBB099.WT", "_src_id": 931 }, "geometry": { "type": "Point", "coordinates": [ 74.457180761114799, 39.075344941323713 ] } },
{ "type": "Feature", "properties": { "ID": 64, "FEATUREID": "OFBB099C1AJ430010020000933", "CHFCAC": "000933", "CHFCEC": "代号", "CHFCED": "#+vl", "point_type": 0, "symbol_no": 0, "height": 2.5, "width": 2.5, "spacing": 0.2, "angle": 0.26129475235939026, "_src_file": "LDZOFBB099.WT", "_src_id": 932 }, "geometry": { "type": "Point", "coordinates": [ 74.466513919030945, 39.076426072022493 ] } },
{ "type": "Feature", "properties": { "ID": 64, "FEATUREID": "OFBB099C1AJ430010020000934", "CHFCAC": "000934", "CHFCEC": "代号", "CHFCED": "Qh", "point_type": 0, "symbol_no": 0, "height": 2.5, "width": 2.5, "spacing": 0.2, "angle": 0.25635445117950439, "_src_file": "LDZOFBB099.WT", "_src_id": 933 }, "geometry": { "type": "Point", "coordinates": [ 74.476527881383731, 39.04887714766658 ] } },
{ "type": "Feature", "properties": { "ID": 64, "FEATUREID": "OFBB099C1AJ430010020000935", "CHFCAC": "000935", "CHFCEC": "代号", "CHFCED": "#+vl", "point_type": 0, "symbol_no": 0, "height": 2.5, "width": 2.5, "spacing": 0.2, "angle": 0.25177186727523804, "_src_file": "LDZOFBB099.WT", "_src_id": 934 }, "geometry": { "type": "Point", "coordinates": [ 74.485860865819703, 39.04995671256799 ] } },
{ "type": "Feature", "properties": { "ID": 64, "FEATUREID": "OFBB099C1AJ430010020000936", "CHFCAC": "000936", "CHFCEC": "代号", "CHFCED": "Qh", "point_type": 0, "symbol_no": 0, "height": 2.5, "width": 2.5, "spacing": 0.2, "angle": 0.25359389185905457, "_src_file": "LDZOFBB099.WT", "_src_id": 935 }, "geometry": { "type": "Point", "coordinates": [ 74.481921841044581, 39.005197926816209 ] } },
{ "type": "Feature", "properties": { "ID": 64, "FEATUREID": "OFBB099C1AJ430010020000937", "CHFCAC": "000937", "CHFCEC": "代号", "CHFCED": "#+ch", "point_type": 0, "symbol_no": 0, "height": 2.5, "width": 2.5, "spacing": 0.2, "angle": 0.24901553988456726, "_src_file": "LDZOFBB099.WT", "_src_id": 936 }, "geometry": { "type": "Point", "coordinates": [ 74.491247175805114, 39.006277030289105 ] } },
{ "type": "Feature", "properties": { "ID": 3513, "FEATUREID": "OFBB099C1AJ430010020000938", "CHFCAC": "000938", "CHFCEC": "代号", "CHFCED": "δο", "point_type": 0, "symbol_no": 0, "height": 2.5, "width": 2.5, "spacing": -1.0, "angle": 0.50773495435714722, "_src_file": "LDZOFBB099.WT", "_src_id": 937 }, "geometry": { "type": "Point", "coordinates": [ 73.964959926917942, 39.076796414780901 ] } },
{ "type": "Feature", "properties": { "ID": 110, "FEATUREID": "OFBB099C1AJ430010020000939", "CHFCAC": "000939", "CHFCEC": "代号", "CHFCED": "P", "point_type": 0, "symbol_no": 0, "height": 2.5, "width": 2.5, "spacing": 0.2, "angle": 0.50264829397201538, "_src_file": "LDZOFBB099.WT", "_src_id": 938 }, "geometry": { "type": "Point", "coordinates": [ 73.975309516469906, 39.076984951230692 ] } },
{ "type": "Feature", "properties": { "ID": 3513, "FEATUREID": "OFBB099C1AJ430010020000940", "CHFCAC": "000940", "CHFCEC": "代号", "CHFCED": "δο", "point_type": 0, "symbol_no": 0, "height": 2.5, "width": 2.5, "spacing": -1.0, "angle": 0.60369473695755005, "_src_file": "LDZOFBB099.WT", "_src_id": 939 }, "geometry": { "type": "Point", "coordinates": [ 73.770191902832792, 39.138094577983964 ] } },
{ "type": "Feature", "properties": { "ID": 110, "FEATUREID": "OFBB099C1AJ430010020000941", "CHFCAC": "000941", "CHFCEC": "代号", "CHFCED": "P", "point_type": 0, "symbol_no": 0, "height": 2.5, "width": 2.5, "spacing": 0.2, "angle": 0.59894704818725586, "_src_file": "LDZOFBB099.WT", "_src_id": 940 }, "geometry": { "type": "Point", "coordinates": [ 73.77984701202503, 39.138092774401812 ] } },
{ "type": "Feature", "properties": { "ID": 3513, "FEATUREID": "OFBB099C1AJ430010020000942", "CHFCAC": "000942", "CHFCEC": "代号", "CHFCED": "δο", "point_type": 0, "symbol_no": 0, "height": 2.5, "width": 2.5, "spacing": -1.0, "angle": 0.61217761039733887, "_src_file": "LDZOFBB099.WT", "_src_id": 941 }, "geometry": { "type": "Point", "coordinates": [ 73.753013532003834, 39.153453467111746 ] } },
{ "type": "Feature", "properties": { "ID": 110, "FEATUREID": "OFBB099C1AJ430010020000943", "CHFCAC": "000943", "CHFCEC": "代号", "CHFCED": "P", "point_type": 0, "symbol_no": 0, "height": 2.5, "width": 2.5, "spacing": 0.2, "angle": 0.60720998048782349, "_src_file": "LDZOFBB099.WT", "_src_id": 942 }, "geometry": { "type": "Point", "coordinates": [ 73.763177684598901, 39.153658906973902 ] } },
{ "type": "Feature", "properties": { "ID": 3513, "FEATUREID": "OFBB099C1AJ430010020000944", "CHFCAC": "000944", "CHFCEC": "代号", "CHFCED": "δο", "point_type": 0, "symbol_no": 0, "height": 2.5, "width": 2.5, "spacing": -1.0, "angle": 0.56120789051055908, "_src_file": "LDZOFBB099.WT", "_src_id": 943 }, "geometry": { "type": "Point", "coordinates": [ 73.856677512302795, 39.14823116568467 ] } },
{ "type": "Feature", "properties": { "ID": 110, "FEATUREID": "OFBB099C1AJ430010020000945", "CHFCAC": "000945", "CHFCEC": "代号", "CHFCED": "P", "point_type": 0, "symbol_no": 0, "height": 2.5, "width": 2.5, "spacing": 0.2, "angle": 0.55642986297607422, "_src_file": "LDZOFBB099.WT", "_src_id": 944 }, "geometry": { "type": "Point", "coordinates": [ 73.866397602619486, 39.14842320605684 ] } },
{ "type": "Feature", "properties": { "ID": 47, "FEATUREID": "OFBB099C1AJ430010020000946", "CHFCAC": "000946", "CHFCEC": "代号", "CHFCED": "ηγ", "point_type": 0, "symbol_no": 0, "height": 2.5, "width": 2.5, "spacing": -1.0, "angle": 0.48911494016647339, "_src_file": "LDZOFBB099.WT", "_src_id": 945 }, "geometry": { "type": "Point", "coordinates": [ 74.003215693562737, 39.137431964809544 ] } },
{ "type": "Feature", "properties": { "ID": 3513, "FEATUREID": "OFBB099C1AJ430010020000947", "CHFCAC": "000947", "CHFCEC": "代号", "CHFCED": "δο", "point_type": 0, "symbol_no": 0, "height": 2.5, "width": 2.5, "spacing": -1.0, "angle": 0.51781851053237915, "_src_file": "LDZOFBB099.WT", "_src_id": 946 }, "geometry": { "type": "Point", "coordinates": [ 73.944944061648059, 39.151708139023512 ] } },
{ "type": "Feature", "properties": { "ID": 110, "FEATUREID": "OFBB099C1AJ430010020000948", "CHFCAC": "000948", "CHFCEC": "代号", "CHFCED": "P", "point_type": 0, "symbol_no": 0, "height": 2.5, "width": 2.5, "spacing": 0.2, "angle": 0.51355695724487305, "_src_file": "LDZOFBB099.WT", "_src_id": 947 }, "geometry": { "type": "Point", "coordinates": [ 73.953669906249047, 39.151609578589721 ] } },
{ "type": "Feature", "properties": { "ID": 1, "FEATUREID": "OFBB099C1AJ430010020000949", "CHFCAC": "000949", "CHFCEC": "代号", "CHFCED": "K#-2", "point_type": 0, "symbol_no": 0, "height": 2.5, "width": 2.5, "spacing": 0.2, "angle": 0.013252042233943939, "_src_file": "LDZOFBB099.WT", "_src_id": 948 }, "geometry": { "type": "Point", "coordinates": [ 74.971503240597272, 39.721639261072546 ] } },
{ "type": "Feature", "properties": { "ID": 1, "FEATUREID": "OFBB099C1AJ430010020000950", "CHFCAC": "000950", "CHFCEC": "代号", "CHFCED": "Y", "point_type": 0, "symbol_no": 0, "height": 2.5, "width": 2.5, "spacing": 0.2, "angle": 0.0096263941377401352, "_src_file": "LDZOFBB099.WT", "_src_id": 949 }, "geometry": { "type": "Point", "coordinates": [ 74.978851095296633, 39.721640449106346 ] } },
{ "type": "Feature", "properties": { "ID": 1, "FEATUREID": "OFBB099C1AJ430010020000951", "CHFCAC": "000951", "CHFCEC": "代号", "CHFCED": "K#-2", "point_type": 0, "symbol_no": 0, "height": 2.5, "width": 2.5, "spacing": 0.2, "angle": 0.063537478446960449, "_src_file": "LDZOFBB099.WT", "_src_id": 950 }, "geometry": { "type": "Point", "coordinates": [ 74.869296375890826, 39.348011332643544 ] } },
{ "type": "Feature", "properties": { "ID": 1, "FEATUREID": "OFBB099C1AJ430010020000952", "CHFCAC": "000952", "CHFCEC": "代号", "CHFCED": "Y", "point_type": 0, "symbol_no": 0, "height": 2.5, "width": 2.5, "spacing": 0.2, "angle": 0.059454500675201416, "_src_file": "LDZOFBB099.WT", "_src_id": 951 }, "geometry": { "type": "Point", "coordinates": [ 74.877590746779276, 39.348414803346785 ] } },
{ "type": "Feature", "properties": { "ID": 1, "FEATUREID": "OFBB099C1AJ430010020000953", "CHFCAC": "000953", "CHFCEC": "代号", "CHFCED": "K#-2", "point_type": 0, "symbol_no": 0, "height": 2.5, "width": 2.5, "spacing": 0.2, "angle": 0.14204680919647217, "_src_file": "LDZOFBB099.WT", "_src_id": 952 }, "geometry": { "type": "Point", "coordinates": [ 74.709802058966432, 39.340981000550414 ] } },
{ "type": "Feature", "properties": { "ID": 1, "FEATUREID": "OFBB099C1AJ430010020000954", "CHFCAC": "000954", "CHFCEC": "代号", "CHFCED": "Y", "point_type": 0, "symbol_no": 0, "height": 2.5, "width": 2.5, "spacing": 0.2, "angle": 0.13825447857379913, "_src_file": "LDZOFBB099.WT", "_src_id": 953 }, "geometry": { "type": "Point", "coordinates": [ 74.717506082016556, 39.341064112225524 ] } },
{ "type": "Feature", "properties": { "ID": 1, "FEATUREID": "OFBB099C1AJ430010020000955", "CHFCAC": "000955", "CHFCEC": "代号", "CHFCED": "Y", "point_type": 0, "symbol_no": 0, "height": 2.5, "width": 2.5, "spacing": 0.2, "angle": 0.15823978185653687, "_src_file": "LDZOFBB099.WT", "_src_id": 954 }, "geometry": { "type": "Point", "coordinates": [ 74.676889085031206, 39.362021378189326 ] } },
{ "type": "Feature", "properties": { "ID": 1, "FEATUREID": "OFBB099C1AJ430010020000956", "CHFCAC": "000956", "CHFCEC": "代号", "CHFCED": "K#-2", "point_type": 0, "symbol_no": 0, "height": 2.5, "width": 2.5, "spacing": 0.2, "angle": 0.0080065587535500526, "_src_file": "LDZOFBB099.WT", "_src_id": 955 }, "geometry": { "type": "Point", "coordinates": [ 74.982097653788017, 39.316425029878744 ] } },
{ "type": "Feature", "properties": { "ID": 1, "FEATUREID": "OFBB099C1AJ430010020000957", "CHFCAC": "000957", "CHFCEC": "代号", "CHFCED": "Y", "point_type": 0, "symbol_no": 0, "height": 2.5, "width": 2.5, "spacing": 0.2, "angle": 0.0039258021861314774, "_src_file": "LDZOFBB099.WT", "_src_id": 956 }, "geometry": { "type": "Point", "coordinates": [ 74.990387012805058, 39.316195324185848 ] } },
{ "type": "Feature", "properties": { "ID": 1, "FEATUREID": "OFBB099C1AJ430010020000958", "CHFCAC": "000958", "CHFCEC": "代号", "CHFCED": "K#-2", "point_type": 0, "symbol_no": 0, "height": 2.5, "width": 2.5, "spacing": 0.2, "angle": 0.34690091013908386, "_src_file": "LDZOFBB099.WT", "_src_id": 957 }, "geometry": { "type": "Point", "coordinates": [ 74.295142926821541, 39.669378988196193 ] } },
{ "type": "Feature", "properties": { "ID": 1, "FEATUREID": "OFBB099C1AJ430010020000959", "CHFCAC": "000959", "CHFCEC": "代号", "CHFCED": "Y", "point_type": 0, "symbol_no": 0, "height": 2.5, "width": 2.5, "spacing": 0.2, "angle": 0.34231814742088318, "_src_file": "LDZOFBB099.WT", "_src_id": 958 }, "geometry": { "type": "Point", "coordinates": [ 74.304369560625616, 39.669850857607102 ] } },
{ "type": "Feature", "properties": { "ID": 1, "FEATUREID": "OFBB099C1AJ430010020000960", "CHFCAC": "000960", "CHFCEC": "代号", "CHFCED": "K#-2", "point_type": 0, "symbol_no": 0, "height": 2.5, "width": 2.5, "spacing": 0.2, "angle": 0.48968195915222168, "_src_file": "LDZOFBB099.WT", "_src_id": 959 }, "geometry": { "type": "Point", "coordinates": [ 74.006343005199881, 39.779906716982858 ] } },
{ "type": "Feature", "properties": { "ID": 1, "FEATUREID": "OFBB099C1AJ430010020000961", "CHFCAC": "000961", "CHFCEC": "代号", "CHFCED": "Y", "point_type": 0, "symbol_no": 0, "height": 2.5, "width": 2.5, "spacing": 0.2, "angle": 0.4858451783657074, "_src_file": "LDZOFBB099.WT", "_src_id": 960 }, "geometry": { "type": "Point", "coordinates": [ 74.014111947954859, 39.779900422179473 ] } },
{ "type": "Feature", "properties": { "ID": 1, "FEATUREID": "OFBB099C1AJ430010020000962", "CHFCAC": "000962", "CHFCEC": "代号", "CHFCED": "K#-2", "point_type": 0, "symbol_no": 0, "height": 2.5, "width": 2.5, "spacing": 0.2, "angle": 0.48830705881118774, "_src_file": "LDZOFBB099.WT", "_src_id": 961 }, "geometry": { "type": "Point", "coordinates": [ 74.007569759469021, 39.535800094761221 ] } },
{ "type": "Feature", "properties": { "ID": 1, "FEATUREID": "OFBB099C1AJ430010020000963", "CHFCAC": "000963", "CHFCEC": "代号", "CHFCED": "Y", "point_type": 0, "symbol_no": 0, "height": 2.5, "width": 2.5, "spacing": 0.2, "angle": 0.48472943902015686, "_src_file": "LDZOFBB099.WT", "_src_id": 962 }, "geometry": { "type": "Point", "coordinates": [ 74.014889289362216, 39.535952723936141 ] } },
{ "type": "Feature", "properties": { "ID": 1, "FEATUREID": "OFBB099C1AJ430010020000964", "CHFCAC": "000964", "CHFCEC": "代号", "CHFCED": "K#-2", "point_type": 0, "symbol_no": 0, "height": 2.5, "width": 2.5, "spacing": 0.2, "angle": 0.055425465106964111, "_src_file": "LDZOFBB099.WT", "_src_id": 963 }, "geometry": { "type": "Point", "coordinates": [ 74.886083093481361, 39.77515562465647 ] } },
{ "type": "Feature", "properties": { "ID": 1, "FEATUREID": "OFBB099C1AJ430010020000965", "CHFCAC": "000965", "CHFCEC": "代号", "CHFCED": "Y", "point_type": 0, "symbol_no": 0, "height": 2.5, "width": 2.5, "spacing": 0.2, "angle": 0.051432337611913681, "_src_file": "LDZOFBB099.WT", "_src_id": 964 }, "geometry": { "type": "Point", "coordinates": [ 74.894107584104361, 39.774513026986583 ] } },
{ "type": "Feature", "properties": { "ID": 1, "FEATUREID": "OFBB099C1AJ430010020000966", "CHFCAC": "000966", "CHFCEC": "代号", "CHFCED": "K#-2", "point_type": 0, "symbol_no": 0, "height": 2.5, "width": 2.5, "spacing": 0.2, "angle": 0.21701729297637939, "_src_file": "LDZOFBB099.WT", "_src_id": 965 }, "geometry": { "type": "Point", "coordinates": [ 74.558934823702828, 39.862303475283042 ] } },
{ "type": "Feature", "properties": { "ID": 1, "FEATUREID": "OFBB099C1AJ430010020000967", "CHFCAC": "000967", "CHFCEC": "代号", "CHFCED": "Y", "point_type": 0, "symbol_no": 0, "height": 2.5, "width": 2.5, "spacing": 0.2, "angle": 0.21316066384315491, "_src_file": "LDZOFBB099.WT", "_src_id": 966 }, "geometry": { "type": "Point", "coordinates": [ 74.5667415594489, 39.861959577575327 ] } },
{ "type": "Feature", "properties": { "ID": 1, "FEATUREID": "OFBB099C1AJ430010020000968", "CHFCAC": "000968", "CHFCEC": "代号", "CHFCED": "K#-2", "point_type": 0, "symbol_no": 0, "height": 2.5, "width": 2.5, "spacing": 0.2, "angle": 0.18653155863285065, "_src_file": "LDZOFBB099.WT", "_src_id": 967 }, "geometry": { "type": "Point", "coordinates": [ 74.620603228416172, 39.841104931859242 ] } },
{ "type": "Feature", "properties": { "ID": 1, "FEATUREID": "OFBB099C1AJ430010020000969", "CHFCAC": "000969", "CHFCEC": "代号", "CHFCED": "Y", "point_type": 0, "symbol_no": 0, "height": 2.5, "width": 2.5, "spacing": 0.2, "angle": 0.18265643715858459, "_src_file": "LDZOFBB099.WT", "_src_id": 968 }, "geometry": { "type": "Point", "coordinates": [ 74.628448532155872, 39.840716100932866 ] } },
{ "type": "Feature", "properties": { "ID": 1, "FEATUREID": "OFBB099C1AJ430010020000970", "CHFCAC": "000970", "CHFCEC": "代号", "CHFCED": "K#-2", "point_type": 0, "symbol_no": 0, "height": 2.5, "width": 2.5, "spacing": 0.2, "angle": 0.33819392323493958, "_src_file": "LDZOFBB099.WT", "_src_id": 969 }, "geometry": { "type": "Point", "coordinates": [ 74.313703222551055, 39.895787311865057 ] } },
{ "type": "Feature", "properties": { "ID": 1, "FEATUREID": "OFBB099C1AJ430010020000971", "CHFCAC": "000971", "CHFCEC": "代号", "CHFCED": "Y", "point_type": 0, "symbol_no": 0, "height": 2.5, "width": 2.5, "spacing": 0.2, "angle": 0.33419585227966309, "_src_file": "LDZOFBB099.WT", "_src_id": 970 }, "geometry": { "type": "Point", "coordinates": [ 74.321794978311218, 39.895776549564275 ] } },
{ "type": "Feature", "properties": { "ID": 1, "FEATUREID": "OFBB099C1AJ430010020000972", "CHFCAC": "000972", "CHFCEC": "代号", "CHFCED": "K#-2", "point_type": 0, "symbol_no": 0, "height": 2.5, "width": 2.5, "spacing": 0.2, "angle": 0.30315569043159485, "_src_file": "LDZOFBB099.WT", "_src_id": 971 }, "geometry": { "type": "Point", "coordinates": [ 74.384495068310002, 39.863117187489621 ] } },
{ "type": "Feature", "properties": { "ID": 1, "FEATUREID": "OFBB099C1AJ430010020000973", "CHFCAC": "000973", "CHFCEC": "代号", "CHFCED": "Y", "point_type": 0, "symbol_no": 0, "height": 2.5, "width": 2.5, "spacing": 0.2, "angle": 0.15823978185653687, "_src_file": "LDZOFBB099.WT", "_src_id": 972 }, "geometry": { "type": "Point", "coordinates": [ 74.676889085031206, 39.362021378189326 ] } },
{ "type": "Feature", "properties": { "ID": 1, "FEATUREID": "OFBB099C1AJ430010020000974", "CHFCAC": "000974", "CHFCEC": "代号", "CHFCED": "Y", "point_type": 0, "symbol_no": 0, "height": 2.5, "width": 2.5, "spacing": 0.2, "angle": 0.15823978185653687, "_src_file": "LDZOFBB099.WT", "_src_id": 973 }, "geometry": { "type": "Point", "coordinates": [ 74.676889085031206, 39.362021378189326 ] } },
{ "type": "Feature", "properties": { "ID": 1, "FEATUREID": "OFBB099C1AJ430010020000975", "CHFCAC": "000975", "CHFCEC": "代号", "CHFCED": "Y", "point_type": 0, "symbol_no": 0, "height": 2.5, "width": 2.5, "spacing": 0.2, "angle": 0.15823978185653687, "_src_file": "LDZOFBB099.WT", "_src_id": 974 }, "geometry": { "type": "Point", "coordinates": [ 74.676889085031206, 39.362021378189326 ] } },
{ "type": "Feature", "properties": { "ID": 1, "FEATUREID": "OFBB099C1AJ430010020000976", "CHFCAC": "000976", "CHFCEC": "代号", "CHFCED": "Y", "point_type": 0, "symbol_no": 0, "height": 2.5, "width": 2.5, "spacing": 0.2, "angle": 0.15823978185653687, "_src_file": "LDZOFBB099.WT", "_src_id": 975 }, "geometry": { "type": "Point", "coordinates": [ 74.676889085031206, 39.362021378189326 ] } },
{ "type": "Feature", "properties": { "ID": 1, "FEATUREID": "OFBB099C1AJ430010020000977", "CHFCAC": "000977", "CHFCEC": "代号", "CHFCED": "Y", "point_type": 0, "symbol_no": 0, "height": 2.5, "width": 2.5, "spacing": 0.2, "angle": 0.15823978185653687, "_src_file": "LDZOFBB099.WT", "_src_id": 976 }, "geometry": { "type": "Point", "coordinates": [ 74.676889085031206, 39.362021378189326 ] } },
{ "type": "Feature", "properties": { "ID": 1, "FEATUREID": "OFBB099C1AJ430010020000978", "CHFCAC": "000978", "CHFCEC": "代号", "CHFCED": "Y", "point_type": 0, "symbol_no": 0, "height": 2.5, "width": 2.5, "spacing": 0.2, "angle": 0.15823978185653687, "_src_file": "LDZOFBB099.WT", "_src_id": 977 }, "geometry": { "type": "Point", "coordinates": [ 74.676889085031206, 39.362021378189326 ] } },
{ "type": "Feature", "properties": { "ID": 1, "FEATUREID": "OFBB099C1AJ430010020000979", "CHFCAC": "000979", "CHFCEC": "代号", "CHFCED": "Y", "point_type": 0, "symbol_no": 0, "height": 2.5, "width": 2.5, "spacing": 0.2, "angle": 0.232317253947258, "_src_file": "LDZOFBB099.WT", "_src_id": 978 }, "geometry": { "type": "Point", "coordinates": [ 74.526467298344272, 39.373123408718122 ] } },
{ "type": "Feature", "properties": { "ID": 1, "FEATUREID": "OFBB099C1AJ430010020000980", "CHFCAC": "000980", "CHFCEC": "代号", "CHFCED": "Y", "point_type": 0, "symbol_no": 0, "height": 2.5, "width": 2.5, "spacing": 0.2, "angle": 0.232317253947258, "_src_file": "LDZOFBB099.WT", "_src_id": 979 }, "geometry": { "type": "Point", "coordinates": [ 74.526467298344272, 39.373123408718122 ] } },
{ "type": "Feature", "properties": { "ID": 1, "FEATUREID": "OFBB099C1AJ430010020000981", "CHFCAC": "000981", "CHFCEC": "代号", "CHFCED": "Y", "point_type": 0, "symbol_no": 0, "height": 2.5, "width": 2.5, "spacing": 0.2, "angle": 0.232317253947258, "_src_file": "LDZOFBB099.WT", "_src_id": 980 }, "geometry": { "type": "Point", "coordinates": [ 74.526467298344272, 39.373123408718122 ] } },
{ "type": "Feature", "properties": { "ID": 1, "FEATUREID": "OFBB099C1AJ430010020000982", "CHFCAC": "000982", "CHFCEC": "代号", "CHFCED": "Y", "point_type": 0, "symbol_no": 0, "height": 2.5, "width": 2.5, "spacing": 0.2, "angle": 0.232317253947258, "_src_file": "LDZOFBB099.WT", "_src_id": 981 }, "geometry": { "type": "Point", "coordinates": [ 74.526467298344272, 39.373123408718122 ] } },
{ "type": "Feature", "properties": { "ID": 1, "FEATUREID": "OFBB099C1AJ430010020000983", "CHFCAC": "000983", "CHFCEC": "代号", "CHFCED": "Y", "point_type": 0, "symbol_no": 0, "height": 2.5, "width": 2.5, "spacing": 0.2, "angle": 0.232317253947258, "_src_file": "LDZOFBB099.WT", "_src_id": 982 }, "geometry": { "type": "Point", "coordinates": [ 74.526467298344272, 39.373123408718122 ] } },
{ "type": "Feature", "properties": { "ID": 1, "FEATUREID": "OFBB099C1AJ430010020000984", "CHFCAC": "000984", "CHFCEC": "代号", "CHFCED": "Y", "point_type": 0, "symbol_no": 0, "height": 2.5, "width": 2.5, "spacing": 0.2, "angle": 0.232317253947258, "_src_file": "LDZOFBB099.WT", "_src_id": 983 }, "geometry": { "type": "Point", "coordinates": [ 74.526467298344272, 39.373123408718122 ] } },
{ "type": "Feature", "properties": { "ID": 1, "FEATUREID": "OFBB099C1AJ430010020000985", "CHFCAC": "000985", "CHFCEC": "代号", "CHFCED": "Y", "point_type": 0, "symbol_no": 0, "height": 2.5, "width": 2.5, "spacing": 0.2, "angle": 0.232317253947258, "_src_file": "LDZOFBB099.WT", "_src_id": 984 }, "geometry": { "type": "Point", "coordinates": [ 74.526467298344272, 39.373123408718122 ] } },
{ "type": "Feature", "properties": { "ID": 1, "FEATUREID": "OFBB099C1AJ430010020000986", "CHFCAC": "000986", "CHFCEC": "代号", "CHFCED": "Y", "point_type": 0, "symbol_no": 0, "height": 2.5, "width": 2.5, "spacing": 0.2, "angle": 0.232317253947258, "_src_file": "LDZOFBB099.WT", "_src_id": 985 }, "geometry": { "type": "Point", "coordinates": [ 74.526467298344272, 39.373123408718122 ] } },
{ "type": "Feature", "properties": { "ID": 110, "FEATUREID": "OFBB099C1AJ430010020000987", "CHFCAC": "000987", "CHFCEC": "代号", "CHFCED": "T#-2", "point_type": 0, "symbol_no": 0, "height": 2.5, "width": 2.5, "spacing": 0.2, "angle": 0.48489725589752197, "_src_file": "LDZOFBB099.WT", "_src_id": 986 }, "geometry": { "type": "Point", "coordinates": [ 74.011783123520757, 39.136014453353582 ] } },
{ "type": "Feature", "properties": { "ID": 60, "FEATUREID": "OFBB099C1AJ430010020000988", "CHFCAC": "000988", "CHFCEC": "代号", "CHFCED": "ψ", "point_type": 0, "symbol_no": 0, "height": 3.0, "width": 3.0, "spacing": 0.2, "angle": 0.4515317976474762, "_src_file": "LDZOFBB099.WT", "_src_id": 987 }, "geometry": { "type": "Point", "coordinates": [ 74.079660338361293, 39.137714976804702 ] } },
{ "type": "Feature", "properties": { "ID": 110, "FEATUREID": "OFBB099C1AJ430010020000989", "CHFCAC": "000989", "CHFCEC": "代号", "CHFCED": "D", "point_type": 0, "symbol_no": 0, "height": 3.0, "width": 3.0, "spacing": 0.2, "angle": 0.44813507795333862, "_src_file": "LDZOFBB099.WT", "_src_id": 988 }, "geometry": { "type": "Point", "coordinates": [ 74.086625520934732, 39.136828915407641 ] } },
{ "type": "Feature", "properties": { "ID": 60, "FEATUREID": "OFBB099C1AJ430010020000990", "CHFCAC": "000990", "CHFCEC": "代号", "CHFCED": "ι", "point_type": 0, "symbol_no": 0, "height": 3.0, "width": 3.0, "spacing": 0.2, "angle": 0.4550510048866272, "_src_file": "LDZOFBB099.WT", "_src_id": 989 }, "geometry": { "type": "Point", "coordinates": [ 74.07249780703755, 39.137014885090892 ] } },
{ "type": "Feature", "properties": { "ID": 60, "FEATUREID": "OFBB099C1AJ430010020000991", "CHFCAC": "000991", "CHFCEC": "代号", "CHFCED": "ψ", "point_type": 0, "symbol_no": 0, "height": 3.0, "width": 3.0, "spacing": 0.2, "angle": 0.28592488169670105, "_src_file": "LDZOFBB099.WT", "_src_id": 990 }, "geometry": { "type": "Point", "coordinates": [ 74.41622786665954, 39.038033413401216 ] } },
{ "type": "Feature", "properties": { "ID": 110, "FEATUREID": "OFBB099C1AJ430010020000992", "CHFCAC": "000992", "CHFCEC": "代号", "CHFCED": "D", "point_type": 0, "symbol_no": 0, "height": 3.0, "width": 3.0, "spacing": 0.2, "angle": 0.28331297636032104, "_src_file": "LDZOFBB099.WT", "_src_id": 991 }, "geometry": { "type": "Point", "coordinates": [ 74.42160508073249, 39.03758807347522 ] } },
{ "type": "Feature", "properties": { "ID": 60, "FEATUREID": "OFBB099C1AJ430010020000993", "CHFCAC": "000993", "CHFCEC": "代号", "CHFCED": "ι", "point_type": 0, "symbol_no": 0, "height": 3.0, "width": 3.0, "spacing": 0.2, "angle": 0.28950023651123047, "_src_file": "LDZOFBB099.WT", "_src_id": 992 }, "geometry": { "type": "Point", "coordinates": [ 74.408947165713954, 39.037458170310863 ] } },
{ "type": "Feature", "properties": { "ID": 7, "FEATUREID": "OFBB099C1AJ430010020000994", "CHFCAC": "000994", "CHFCEC": "代号", "CHFCED": "kz", "point_type": 0, "symbol_no": 0, "height": 2.5, "width": 2.5, "spacing": 0.2, "angle": 0.27118843793869019, "_src_file": "LDZOFBB099.WT", "_src_id": 993 }, "geometry": { "type": "Point", "coordinates": [ 74.449645544845097, 39.97517590163654 ] } },
{ "type": "Feature", "properties": { "ID": 1, "FEATUREID": "OFBB099C1AJ430010020000995", "CHFCAC": "000995", "CHFCEC": "代号", "CHFCED": "υ", "point_type": 0, "symbol_no": 0, "height": 2.5, "width": 2.5, "spacing": -1.0, "angle": 0.53841739892959595, "_src_file": "LDZOFBB099.WT", "_src_id": 994 }, "geometry": { "type": "Point", "coordinates": [ 73.902615203776023, 39.087906416041108 ] } },
{ "type": "Feature", "properties": { "ID": 7, "FEATUREID": "OFBB099C1AJ430010020000996", "CHFCAC": "000996", "CHFCEC": "代号", "CHFCED": "D", "point_type": 0, "symbol_no": 0, "height": 2.0, "width": 2.0, "spacing": 0.2, "angle": 0.5366215705871582, "_src_file": "LDZOFBB099.WT", "_src_id": 995 }, "geometry": { "type": "Point", "coordinates": [ 73.906207048423923, 39.087940182188362 ] } },
{ "type": "Feature", "properties": { "ID": 7, "FEATUREID": "OFBB099C1AJ430010020000997", "CHFCAC": "000997", "CHFCEC": "代号", "CHFCED": "#+2", "point_type": 0, "symbol_no": 0, "height": 2.0, "width": 2.0, "spacing": 0.2, "angle": 0.26749154925346375, "_src_file": "LDZOFBB099.WT", "_src_id": 996 }, "geometry": { "type": "Point", "coordinates": [ 74.457069162386745, 39.976849859728482 ] } },
{ "type": "Feature", "properties": { "ID": 1, "FEATUREID": "OFBB099C1AJ430010020000998", "CHFCAC": "000998", "CHFCEC": "代号", "CHFCED": "Y", "point_type": 0, "symbol_no": 0, "height": 2.5, "width": 2.5, "spacing": 0.2, "angle": 0.29943758249282837, "_src_file": "LDZOFBB099.WT", "_src_id": 997 }, "geometry": { "type": "Point", "coordinates": [ 74.392017280539648, 39.862413193975193 ] } },
{ "type": "Feature", "properties": { "ID": 1, "FEATUREID": "OFBB099C1AJ430010020000999", "CHFCAC": "000999", "CHFCEC": "代号", "CHFCED": "βμ", "point_type": 0, "symbol_no": 0, "height": 2.5, "width": 2.5, "spacing": -1.0, "angle": 0.19575212895870209, "_src_file": "LDZOFBB099.WT", "_src_id": 998 }, "geometry": { "type": "Point", "coordinates": [ 74.600579746775992, 39.296141458287352 ] } },
{ "type": "Feature", "properties": { "ID": 90, "FEATUREID": "OFBB099C1AJ430010020001000", "CHFCAC": "001000", "CHFCEC": "代号", "CHFCED": "J#-1", "point_type": 0, "symbol_no": 0, "height": 2.5, "width": 2.5, "spacing": 0.1, "angle": 0.035990018397569656, "_src_file": "LDZOFBB099.WT", "_src_id": 999 }, "geometry": { "type": "Point", "coordinates": [ 74.925485133784306, 39.853766176061214 ] } },
{ "type": "Feature", "properties": { "ID": 91, "FEATUREID": "OFBB099C1AJ430010020001001", "CHFCAC": "001001", "CHFCEC": "代号", "CHFCED": "sh", "point_type": 0, "symbol_no": 0, "height": 2.5, "width": 2.5, "spacing": 0.1, "angle": 0.033485319465398788, "_src_file": "LDZOFBB099.WT", "_src_id": 1000 }, "geometry": { "type": "Point", "coordinates": [ 74.930558271551902, 39.8536668945884 ] } },
{ "type": "Feature", "properties": { "ID": 90, "FEATUREID": "OFBB099C1AJ430010020001002", "CHFCAC": "001002", "CHFCEC": "代号", "CHFCED": "J#-1", "point_type": 0, "symbol_no": 0, "height": 2.5, "width": 2.5, "spacing": 0.1, "angle": 0.048539981245994568, "_src_file": "LDZOFBB099.WT", "_src_id": 1001 }, "geometry": { "type": "Point", "coordinates": [ 74.900071380002942, 39.846537490159569 ] } },
{ "type": "Feature", "properties": { "ID": 91, "FEATUREID": "OFBB099C1AJ430010020001003", "CHFCAC": "001003", "CHFCEC": "代号", "CHFCED": "k", "point_type": 0, "symbol_no": 0, "height": 2.5, "width": 2.5, "spacing": 0.1, "angle": 0.04595492035150528, "_src_file": "LDZOFBB099.WT", "_src_id": 1002 }, "geometry": { "type": "Point", "coordinates": [ 74.905305356304865, 39.846293688411073 ] } },
{ "type": "Feature", "properties": { "ID": 1, "FEATUREID": "OFBB099C1AJ430010020001004", "CHFCAC": "001004", "CHFCEC": "代号", "CHFCED": "K", "point_type": 0, "symbol_no": 0, "height": 2.5, "width": 2.5, "spacing": 0.2, "angle": 0.065417177975177765, "_src_file": "LDZOFBB099.WT", "_src_id": 1003 }, "geometry": { "type": "Point", "coordinates": [ 74.865717548242046, 39.625058486093067 ] } },
{ "type": "Feature", "properties": { "ID": 1, "FEATUREID": "OFBB099C1AJ430010020001005", "CHFCAC": "001005", "CHFCEC": "代号", "CHFCED": "E", "point_type": 0, "symbol_no": 0, "height": 2.5, "width": 2.5, "spacing": 0.2, "angle": 0.067143216729164124, "_src_file": "LDZOFBB099.WT", "_src_id": 1004 }, "geometry": { "type": "Point", "coordinates": [ 74.862217816128549, 39.625049974136893 ] } },
{ "type": "Feature", "properties": { "ID": 1, "FEATUREID": "OFBB099C1AJ430010020001006", "CHFCAC": "001006", "CHFCEC": "代号", "CHFCED": "K#-1#=", "point_type": 0, "symbol_no": 0, "height": 2.5, "width": 2.5, "spacing": 0.2, "angle": 0.056112635880708694, "_src_file": "LDZOFBB099.WT", "_src_id": 1005 }, "geometry": { "type": "Point", "coordinates": [ 74.884569090822055, 39.60366192198552 ] } },
{ "type": "Feature", "properties": { "ID": 1, "FEATUREID": "OFBB099C1AJ430010020001007", "CHFCAC": "001007", "CHFCEC": "代号", "CHFCED": "#=kz", "point_type": 0, "symbol_no": 0, "height": 2.5, "width": 2.5, "spacing": 0.2, "angle": 0.052493788301944733, "_src_file": "LDZOFBB099.WT", "_src_id": 1006 }, "geometry": { "type": "Point", "coordinates": [ 74.891905781422636, 39.603723380348484 ] } },
{ "type": "Feature", "properties": { "ID": 66, "FEATUREID": "OFBB099C1AJ430010020001008", "CHFCAC": "001008", "CHFCEC": "代号", "CHFCED": "C#-1", "point_type": 0, "symbol_no": 0, "height": 2.5, "width": 2.5, "spacing": 0.2, "angle": 0.28228098154067993, "_src_file": "LDZOFBB099.WT", "_src_id": 1007 }, "geometry": { "type": "Point", "coordinates": [ 74.424928481420764, 39.355824229713008 ] } },
{ "type": "Feature", "properties": { "ID": 66, "FEATUREID": "OFBB099C1AJ430010020001009", "CHFCAC": "001009", "CHFCEC": "代号", "CHFCED": "#=w", "point_type": 0, "symbol_no": 0, "height": 2.5, "width": 2.5, "spacing": 0.2, "angle": 0.27856853604316711, "_src_file": "LDZOFBB099.WT", "_src_id": 1008 }, "geometry": { "type": "Point", "coordinates": [ 74.432469716456396, 39.356041439087633 ] } },
{ "type": "Feature", "properties": { "ID": 302, "FEATUREID": "OFBB099C1AJ430010020001010", "CHFCAC": "001010", "CHFCEC": "代号", "CHFCED": "Ch", "point_type": 0, "symbol_no": 0, "height": 2.5, "width": 2.5, "spacing": 0.2, "angle": 0.10833005607128143, "_src_file": "LDZOFBB099.WT", "_src_id": 1009 }, "geometry": { "type": "Point", "coordinates": [ 74.778057067077555, 39.18345923460106 ] } },
{ "type": "Feature", "properties": { "ID": 1, "FEATUREID": "OFBB099C1AJ430010020001011", "CHFCAC": "001011", "CHFCEC": "代号", "CHFCED": "St.", "point_type": 0, "symbol_no": 0, "height": 2.5, "width": 2.5, "spacing": 0.2, "angle": 0.10389874875545502, "_src_file": "LDZOFBB099.WT", "_src_id": 1010 }, "geometry": { "type": "Point", "coordinates": [ 74.787068765743541, 39.183332166462193 ] } },
{ "type": "Feature", "properties": { "ID": 302, "FEATUREID": "OFBB099C1AJ430010020001012", "CHFCAC": "001012", "CHFCEC": "代号", "CHFCED": "Ch", "point_type": 0, "symbol_no": 0, "height": 2.5, "width": 2.5, "spacing": 0.2, "angle": 0.14218972623348236, "_src_file": "LDZOFBB099.WT", "_src_id": 1011 }, "geometry": { "type": "Point", "coordinates": [ 74.709216151795118, 39.223501985364692 ] } },
{ "type": "Feature", "properties": { "ID": 1, "FEATUREID": "OFBB099C1AJ430010020001013", "CHFCAC": "001013", "CHFCEC": "代号", "CHFCED": "St.", "point_type": 0, "symbol_no": 0, "height": 2.5, "width": 2.5, "spacing": 0.2, "angle": 0.13778504729270935, "_src_file": "LDZOFBB099.WT", "_src_id": 1012 }, "geometry": { "type": "Point", "coordinates": [ 74.71823307698665, 39.223380262099063 ] } },
{ "type": "Feature", "properties": { "ID": 302, "FEATUREID": "OFBB099C1AJ430010020001014", "CHFCAC": "001014", "CHFCEC": "代号", "CHFCED": "Ch", "point_type": 0, "symbol_no": 0, "height": 2.5, "width": 2.5, "spacing": 0.2, "angle": 0.092900641262531281, "_src_file": "LDZOFBB099.WT", "_src_id": 1013 }, "geometry": { "type": "Point", "coordinates": [ 74.809382342916663, 39.143099193264504 ] } },
{ "type": "Feature", "properties": { "ID": 1, "FEATUREID": "OFBB099C1AJ430010020001015", "CHFCAC": "001015", "CHFCEC": "代号", "CHFCED": "St.", "point_type": 0, "symbol_no": 0, "height": 2.5, "width": 2.5, "spacing": 0.2, "angle": 0.088473193347454071, "_src_file": "LDZOFBB099.WT", "_src_id": 1014 }, "geometry": { "type": "Point", "coordinates": [ 74.818388839525383, 39.14296968885791 ] } },
{ "type": "Feature", "properties": { "ID": 302, "FEATUREID": "OFBB099C1AJ430010020001016", "CHFCAC": "001016", "CHFCEC": "代号", "CHFCED": "Ch", "point_type": 0, "symbol_no": 0, "height": 2.5, "width": 2.5, "spacing": 0.2, "angle": 0.0089955097064375877, "_src_file": "LDZOFBB099.WT", "_src_id": 1015 }, "geometry": { "type": "Point", "coordinates": [ 74.980127959263385, 39.120506075771694 ] } },
{ "type": "Feature", "properties": { "ID": 1, "FEATUREID": "OFBB099C1AJ430010020001017", "CHFCAC": "001017", "CHFCEC": "代号", "CHFCED": "St.", "point_type": 0, "symbol_no": 0, "height": 2.5, "width": 2.5, "spacing": 0.2, "angle": 0.004539945162832737, "_src_file": "LDZOFBB099.WT", "_src_id": 1016 }, "geometry": { "type": "Point", "coordinates": [ 74.989132243578055, 39.1203633746129 ] } },
{ "type": "Feature", "properties": { "ID": 302, "FEATUREID": "OFBB099C1AJ430010020001018", "CHFCAC": "001018", "CHFCEC": "代号", "CHFCED": "Ch", "point_type": 0, "symbol_no": 0, "height": 2.5, "width": 2.5, "spacing": 0.2, "angle": 0.0070618409663438797, "_src_file": "LDZOFBB099.WT", "_src_id": 1017 }, "geometry": { "type": "Point", "coordinates": [ 74.984057300933358, 39.061551864524219 ] } },
{ "type": "Feature", "properties": { "ID": 1, "FEATUREID": "OFBB099C1AJ430010020001019", "CHFCAC": "001019", "CHFCEC": "代号", "CHFCED": "St.", "point_type": 0, "symbol_no": 0, "height": 2.5, "width": 2.5, "spacing": 0.2, "angle": 0.0026423565577715635, "_src_file": "LDZOFBB099.WT", "_src_id": 1018 }, "geometry": { "type": "Point", "coordinates": [ 74.993053083359726, 39.06140885757852 ] } },
{ "type": "Feature", "properties": { "ID": 302, "FEATUREID": "OFBB099C1AJ430010020001020", "CHFCAC": "001020", "CHFCEC": "代号", "CHFCED": "Ch", "point_type": 0, "symbol_no": 0, "height": 2.5, "width": 2.5, "spacing": 0.2, "angle": 0.055342886596918106, "_src_file": "LDZOFBB099.WT", "_src_id": 1019 }, "geometry": { "type": "Point", "coordinates": [ 74.885743583394898, 39.092503364870979 ] } },
{ "type": "Feature", "properties": { "ID": 1, "FEATUREID": "OFBB099C1AJ430010020001021", "CHFCAC": "001021", "CHFCEC": "代号", "CHFCED": "St.", "point_type": 0, "symbol_no": 0, "height": 2.5, "width": 2.5, "spacing": 0.2, "angle": 0.050920326262712479, "_src_file": "LDZOFBB099.WT", "_src_id": 1020 }, "geometry": { "type": "Point", "coordinates": [ 74.894743499995073, 39.092367948610075 ] } },
{ "type": "Feature", "properties": { "ID": 1, "FEATUREID": "OFBB099C1AJ430010020001022", "CHFCAC": "001022", "CHFCEC": "代号", "CHFCED": "D#-2", "point_type": 0, "symbol_no": 0, "height": 2.5, "width": 2.5, "spacing": 0.2, "angle": 0.22414886951446533, "_src_file": "LDZOFBB099.WT", "_src_id": 1021 }, "geometry": { "type": "Point", "coordinates": [ 74.542749198540591, 39.255221563240482 ] } },
{ "type": "Feature", "properties": { "ID": 1, "FEATUREID": "OFBB099C1AJ430010020001023", "CHFCAC": "001023", "CHFCEC": "代号", "CHFCED": "#=kz", "point_type": 0, "symbol_no": 0, "height": 2.5, "width": 2.5, "spacing": 0.2, "angle": 0.21978110074996948, "_src_file": "LDZOFBB099.WT", "_src_id": 1022 }, "geometry": { "type": "Point", "coordinates": [ 74.551565536472694, 39.255387941467042 ] } },
{ "type": "Feature", "properties": { "ID": 1, "FEATUREID": "OFBB099C1AJ430010020001024", "CHFCAC": "001024", "CHFCEC": "代号", "CHFCED": "D#-2", "point_type": 0, "symbol_no": 0, "height": 2.5, "width": 2.5, "spacing": 0.2, "angle": 0.24446521699428558, "_src_file": "LDZOFBB099.WT", "_src_id": 1023 }, "geometry": { "type": "Point", "coordinates": [ 74.501405188166146, 39.259152126403642 ] } },
{ "type": "Feature", "properties": { "ID": 1, "FEATUREID": "OFBB099C1AJ430010020001025", "CHFCAC": "001025", "CHFCEC": "代号", "CHFCED": "#=kz", "point_type": 0, "symbol_no": 0, "height": 2.5, "width": 2.5, "spacing": 0.2, "angle": 0.24012765288352966, "_src_file": "LDZOFBB099.WT", "_src_id": 1024 }, "geometry": { "type": "Point", "coordinates": [ 74.510221897645394, 39.259321637288686 ] } },
{ "type": "Feature", "properties": { "ID": 302, "FEATUREID": "OFBB099C1AJ430010020001026", "CHFCAC": "001026", "CHFCEC": "代号", "CHFCED": "Ch", "point_type": 0, "symbol_no": 0, "height": 2.5, "width": 2.5, "spacing": 0.2, "angle": 0.038255222141742706, "_src_file": "LDZOFBB099.WT", "_src_id": 1025 }, "geometry": { "type": "Point", "coordinates": [ 74.920511070108972, 39.077104690801335 ] } },
{ "type": "Feature", "properties": { "ID": 1, "FEATUREID": "OFBB099C1AJ430010020001027", "CHFCAC": "001027", "CHFCEC": "代号", "CHFCED": "St.", "point_type": 0, "symbol_no": 0, "height": 2.5, "width": 2.5, "spacing": 0.2, "angle": 0.033834166824817657, "_src_file": "LDZOFBB099.WT", "_src_id": 1026 }, "geometry": { "type": "Point", "coordinates": [ 74.929508961216087, 39.076966588475237 ] } },
{ "type": "Feature", "properties": { "ID": 15, "FEATUREID": "OFBB099C1AJ430010020001028", "CHFCAC": "001028", "CHFCEC": "代号", "CHFCED": "N#-1#=", "point_type": 0, "symbol_no": 0, "height": 2.5, "width": 2.5, "spacing": 0.2, "angle": 0.24103020131587982, "_src_file": "LDZOFBB099.WT", "_src_id": 1027 }, "geometry": { "type": "Point", "coordinates": [ 74.509171312383899, 39.494964038522312 ] } },
{ "type": "Feature", "properties": { "ID": 15, "FEATUREID": "OFBB099C1AJ430010020001029", "CHFCAC": "001029", "CHFCEC": "代号", "CHFCED": "p", "point_type": 0, "symbol_no": 0, "height": 2.5, "width": 2.5, "spacing": 0.2, "angle": 0.23718072474002838, "_src_file": "LDZOFBB099.WT", "_src_id": 1028 }, "geometry": { "type": "Point", "coordinates": [ 74.516984561501189, 39.495181643803157 ] } },
{ "type": "Feature", "properties": { "ID": 1, "FEATUREID": "OFBB099C1AJ430010020001030", "CHFCAC": "001030", "CHFCEC": "代号", "CHFCED": "Qp#-1#=", "point_type": 0, "symbol_no": 0, "height": 2.5, "width": 2.5, "spacing": 0.2, "angle": 0.09948006272315979, "_src_file": "LDZOFBB099.WT", "_src_id": 1029 }, "geometry": { "type": "Point", "coordinates": [ 74.796519990054662, 39.523736578047831 ] } },
{ "type": "Feature", "properties": { "ID": 1, "FEATUREID": "OFBB099C1AJ430010020001031", "CHFCAC": "001031", "CHFCEC": "代号", "CHFCED": "x", "point_type": 0, "symbol_no": 0, "height": 2.5, "width": 2.5, "spacing": 0.2, "angle": 0.09328749030828476, "_src_file": "LDZOFBB099.WT", "_src_id": 1030 }, "geometry": { "type": "Point", "coordinates": [ 74.809083323194315, 39.523646354218791 ] } },
{ "type": "Feature", "properties": { "ID": 45, "FEATUREID": "OFBB099C1AJ430010020001032", "CHFCAC": "001032", "CHFCEC": "代号", "CHFCED": "N#-2", "point_type": 0, "symbol_no": 0, "height": 2.5, "width": 2.5, "spacing": 0.2, "angle": 0.10128511488437653, "_src_file": "LDZOFBB099.WT", "_src_id": 1031 }, "geometry": { "type": "Point", "coordinates": [ 74.792641865085429, 39.366542020747453 ] } },
{ "type": "Feature", "properties": { "ID": 45, "FEATUREID": "OFBB099C1AJ430010020001033", "CHFCAC": "001033", "CHFCEC": "代号", "CHFCED": "a", "point_type": 0, "symbol_no": 0, "height": 2.5, "width": 2.5, "spacing": 0.2, "angle": 0.097307056188583374, "_src_file": "LDZOFBB099.WT", "_src_id": 1032 }, "geometry": { "type": "Point", "coordinates": [ 74.800723233137106, 39.366934416006501 ] } },
{ "type": "Feature", "properties": { "ID": 1, "FEATUREID": "OFBB099C1AJ430010020001034", "CHFCAC": "001034", "CHFCEC": "代号", "CHFCED": "N#-1#=", "point_type": 0, "symbol_no": 0, "height": 2.5, "width": 2.5, "spacing": 0.2, "angle": 0.056117143481969833, "_src_file": "LDZOFBB099.WT", "_src_id": 1033 }, "geometry": { "type": "Point", "coordinates": [ 74.884411178024976, 39.402491569800887 ] } },
{ "type": "Feature", "properties": { "ID": 1, "FEATUREID": "OFBB099C1AJ430010020001035", "CHFCAC": "001035", "CHFCEC": "代号", "CHFCED": "a", "point_type": 0, "symbol_no": 0, "height": 2.5, "width": 2.5, "spacing": 0.2, "angle": 0.052277866750955582, "_src_file": "LDZOFBB099.WT", "_src_id": 1034 }, "geometry": { "type": "Point", "coordinates": [ 74.892207356930513, 39.4026039447171 ] } },
{ "type": "Feature", "properties": { "ID": 1, "FEATUREID": "OFBB099C1AJ430010020001036", "CHFCAC": "001036", "CHFCEC": "代号", "CHFCED": "N#-1#=", "point_type": 0, "symbol_no": 0, "height": 2.5, "width": 2.5, "spacing": 0.2, "angle": 0.10428397357463837, "_src_file": "LDZOFBB099.WT", "_src_id": 1035 }, "geometry": { "type": "Point", "coordinates": [ 74.786533613862645, 39.397912271987046 ] } },
{ "type": "Feature", "properties": { "ID": 1, "FEATUREID": "OFBB099C1AJ430010020001037", "CHFCAC": "001037", "CHFCEC": "代号", "CHFCED": "p", "point_type": 0, "symbol_no": 0, "height": 2.5, "width": 2.5, "spacing": 0.2, "angle": 0.10037075728178024, "_src_file": "LDZOFBB099.WT", "_src_id": 1036 }, "geometry": { "type": "Point", "coordinates": [ 74.794543631966619, 39.398364402965363 ] } },
{ "type": "Feature", "properties": { "ID": 1, "FEATUREID": "OFBB099C1AJ430010020001038", "CHFCAC": "001038", "CHFCEC": "代号", "CHFCED": "N#-1#=", "point_type": 0, "symbol_no": 0, "height": 2.5, "width": 2.5, "spacing": 0.2, "angle": 0.16482122242450714, "_src_file": "LDZOFBB099.WT", "_src_id": 1037 }, "geometry": { "type": "Point", "coordinates": [ 74.663630005630566, 39.409180494894244 ] } },
{ "type": "Feature", "properties": { "ID": 1, "FEATUREID": "OFBB099C1AJ430010020001039", "CHFCAC": "001039", "CHFCEC": "代号", "CHFCED": "p", "point_type": 0, "symbol_no": 0, "height": 2.5, "width": 2.5, "spacing": 0.2, "angle": 0.16090761125087738, "_src_file": "LDZOFBB099.WT", "_src_id": 1038 }, "geometry": { "type": "Point", "coordinates": [ 74.671639486338933, 39.40964108873662 ] } },
{ "type": "Feature", "properties": { "ID": 45, "FEATUREID": "OFBB099C1AJ430010020001040", "CHFCAC": "001040", "CHFCEC": "代号", "CHFCED": "N#-2", "point_type": 0, "symbol_no": 0, "height": 2.5, "width": 2.5, "spacing": 0.2, "angle": 0.19055168330669403, "_src_file": "LDZOFBB099.WT", "_src_id": 1039 }, "geometry": { "type": "Point", "coordinates": [ 74.611358820686533, 39.375431558812544 ] } },
{ "type": "Feature", "properties": { "ID": 45, "FEATUREID": "OFBB099C1AJ430010020001041", "CHFCAC": "001041", "CHFCEC": "代号", "CHFCED": "a", "point_type": 0, "symbol_no": 0, "height": 2.5, "width": 2.5, "spacing": 0.2, "angle": 0.18654303252696991, "_src_file": "LDZOFBB099.WT", "_src_id": 1040 }, "geometry": { "type": "Point", "coordinates": [ 74.619437139125154, 39.375836543038517 ] } },
{ "type": "Feature", "properties": { "ID": 1, "FEATUREID": "OFBB099C1AJ430010020001042", "CHFCAC": "001042", "CHFCEC": "代号", "CHFCED": "N#-1#=", "point_type": 0, "symbol_no": 0, "height": 2.5, "width": 2.5, "spacing": 0.2, "angle": 0.146281898021698, "_src_file": "LDZOFBB099.WT", "_src_id": 1041 }, "geometry": { "type": "Point", "coordinates": [ 74.701273364293471, 39.379008684291719 ] } },
{ "type": "Feature", "properties": { "ID": 1, "FEATUREID": "OFBB099C1AJ430010020001043", "CHFCAC": "001043", "CHFCEC": "代号", "CHFCED": "p", "point_type": 0, "symbol_no": 0, "height": 2.5, "width": 2.5, "spacing": 0.2, "angle": 0.14234012365341187, "_src_file": "LDZOFBB099.WT", "_src_id": 1042 }, "geometry": { "type": "Point", "coordinates": [ 74.709281653343751, 39.379466676460098 ] } },
{ "type": "Feature", "properties": { "ID": 45, "FEATUREID": "OFBB099C1AJ430010020001044", "CHFCAC": "001044", "CHFCEC": "代号", "CHFCED": "N#-2", "point_type": 0, "symbol_no": 0, "height": 2.5, "width": 2.5, "spacing": 0.2, "angle": 0.24936090409755707, "_src_file": "LDZOFBB099.WT", "_src_id": 1043 }, "geometry": { "type": "Point", "coordinates": [ 74.491934377481414, 39.39680723182731 ] } },
{ "type": "Feature", "properties": { "ID": 45, "FEATUREID": "OFBB099C1AJ430010020001045", "CHFCAC": "001045", "CHFCEC": "代号", "CHFCED": "a", "point_type": 0, "symbol_no": 0, "height": 2.5, "width": 2.5, "spacing": 0.2, "angle": 0.2453814297914505, "_src_file": "LDZOFBB099.WT", "_src_id": 1044 }, "geometry": { "type": "Point", "coordinates": [ 74.500016409754224, 39.39722052015852 ] } },
{ "type": "Feature", "properties": { "ID": 45, "FEATUREID": "OFBB099C1AJ430010020001046", "CHFCAC": "001046", "CHFCEC": "代号", "CHFCED": "N#-2", "point_type": 0, "symbol_no": 0, "height": 2.5, "width": 2.5, "spacing": 0.2, "angle": 0.26543411612510681, "_src_file": "LDZOFBB099.WT", "_src_id": 1045 }, "geometry": { "type": "Point", "coordinates": [ 74.459299536083648, 39.397626248207366 ] } },
{ "type": "Feature", "properties": { "ID": 45, "FEATUREID": "OFBB099C1AJ430010020001047", "CHFCAC": "001047", "CHFCEC": "代号", "CHFCED": "a", "point_type": 0, "symbol_no": 0, "height": 2.5, "width": 2.5, "spacing": 0.2, "angle": 0.26145470142364502, "_src_file": "LDZOFBB099.WT", "_src_id": 1046 }, "geometry": { "type": "Point", "coordinates": [ 74.467381451706203, 39.398041803188896 ] } },
{ "type": "Feature", "properties": { "ID": 1, "FEATUREID": "OFBB099C1AJ430010020001048", "CHFCAC": "001048", "CHFCEC": "代号", "CHFCED": "N#-1#=", "point_type": 0, "symbol_no": 0, "height": 2.5, "width": 2.5, "spacing": 0.2, "angle": 0.26032894849777222, "_src_file": "LDZOFBB099.WT", "_src_id": 1047 }, "geometry": { "type": "Point", "coordinates": [ 74.469771943855847, 39.427655411199915 ] } },
{ "type": "Feature", "properties": { "ID": 1, "FEATUREID": "OFBB099C1AJ430010020001049", "CHFCAC": "001049", "CHFCEC": "代号", "CHFCED": "p", "point_type": 0, "symbol_no": 0, "height": 2.5, "width": 2.5, "spacing": 0.2, "angle": 0.25638410449028015, "_src_file": "LDZOFBB099.WT", "_src_id": 1048 }, "geometry": { "type": "Point", "coordinates": [ 74.477783162167, 39.428129358012256 ] } },
{ "type": "Feature", "properties": { "ID": 45, "FEATUREID": "OFBB099C1AJ430010020001050", "CHFCAC": "001050", "CHFCEC": "代号", "CHFCED": "N#-2", "point_type": 0, "symbol_no": 0, "height": 2.5, "width": 2.5, "spacing": 0.2, "angle": 0.30060064792633057, "_src_file": "LDZOFBB099.WT", "_src_id": 1049 }, "geometry": { "type": "Point", "coordinates": [ 74.387838416528112, 39.399482334873056 ] } },
{ "type": "Feature", "properties": { "ID": 45, "FEATUREID": "OFBB099C1AJ430010020001051", "CHFCAC": "001051", "CHFCEC": "代号", "CHFCED": "a", "point_type": 0, "symbol_no": 0, "height": 2.5, "width": 2.5, "spacing": 0.2, "angle": 0.29642856121063232, "_src_file": "LDZOFBB099.WT", "_src_id": 1050 }, "geometry": { "type": "Point", "coordinates": [ 74.396368642537993, 39.398714993586182 ] } },
{ "type": "Feature", "properties": { "ID": 1, "FEATUREID": "OFBB099C1AJ430010020001052", "CHFCAC": "001052", "CHFCEC": "代号", "CHFCED": "N#-1#=", "point_type": 0, "symbol_no": 0, "height": 2.5, "width": 2.5, "spacing": 0.2, "angle": 0.30154761672019958, "_src_file": "LDZOFBB099.WT", "_src_id": 1051 }, "geometry": { "type": "Point", "coordinates": [ 74.386073325108669, 39.422889933835037 ] } },
{ "type": "Feature", "properties": { "ID": 1, "FEATUREID": "OFBB099C1AJ430010020001053", "CHFCAC": "001053", "CHFCEC": "代号", "CHFCED": "p", "point_type": 0, "symbol_no": 0, "height": 2.5, "width": 2.5, "spacing": 0.2, "angle": 0.2976035475730896, "_src_file": "LDZOFBB099.WT", "_src_id": 1052 }, "geometry": { "type": "Point", "coordinates": [ 74.394081376567414, 39.423369637211024 ] } },
{ "type": "Feature", "properties": { "ID": 45, "FEATUREID": "OFBB099C1AJ430010020001054", "CHFCAC": "001054", "CHFCEC": "代号", "CHFCED": "N#-2", "point_type": 0, "symbol_no": 0, "height": 2.5, "width": 2.5, "spacing": 0.2, "angle": 0.3538784384727478, "_src_file": "LDZOFBB099.WT", "_src_id": 1053 }, "geometry": { "type": "Point", "coordinates": [ 74.279677539932223, 39.403249682352595 ] } },
{ "type": "Feature", "properties": { "ID": 45, "FEATUREID": "OFBB099C1AJ430010020001055", "CHFCAC": "001055", "CHFCEC": "代号", "CHFCED": "a", "point_type": 0, "symbol_no": 0, "height": 2.5, "width": 2.5, "spacing": 0.2, "angle": 0.34970510005950928, "_src_file": "LDZOFBB099.WT", "_src_id": 1054 }, "geometry": { "type": "Point", "coordinates": [ 74.288210319480356, 39.402490287990233 ] } },
{ "type": "Feature", "properties": { "ID": 1, "FEATUREID": "OFBB099C1AJ430010020001056", "CHFCAC": "001056", "CHFCEC": "代号", "CHFCED": "N#-1#=", "point_type": 0, "symbol_no": 0, "height": 2.5, "width": 2.5, "spacing": 0.2, "angle": 0.35953196883201599, "_src_file": "LDZOFBB099.WT", "_src_id": 1055 }, "geometry": { "type": "Point", "coordinates": [ 74.268323931410592, 39.428636181465265 ] } },
{ "type": "Feature", "properties": { "ID": 1, "FEATUREID": "OFBB099C1AJ430010020001057", "CHFCAC": "001057", "CHFCEC": "代号", "CHFCED": "p", "point_type": 0, "symbol_no": 0, "height": 2.5, "width": 2.5, "spacing": 0.2, "angle": 0.35561844706535339, "_src_file": "LDZOFBB099.WT", "_src_id": 1056 }, "geometry": { "type": "Point", "coordinates": [ 74.276333737718147, 39.429123991868401 ] } },
{ "type": "Feature", "properties": { "ID": 45, "FEATUREID": "OFBB099C1AJ430010020001058", "CHFCAC": "001058", "CHFCEC": "代号", "CHFCED": "N#-2", "point_type": 0, "symbol_no": 0, "height": 2.5, "width": 2.5, "spacing": 0.2, "angle": 0.4414198100566864, "_src_file": "LDZOFBB099.WT", "_src_id": 1057 }, "geometry": { "type": "Point", "coordinates": [ 74.101956123492556, 39.405404881889169 ] } },
{ "type": "Feature", "properties": { "ID": 45, "FEATUREID": "OFBB099C1AJ430010020001059", "CHFCAC": "001059", "CHFCEC": "代号", "CHFCED": "a", "point_type": 0, "symbol_no": 0, "height": 2.5, "width": 2.5, "spacing": 0.2, "angle": 0.43756875395774841, "_src_file": "LDZOFBB099.WT", "_src_id": 1058 }, "geometry": { "type": "Point", "coordinates": [ 74.109775567363968, 39.405738504098416 ] } },
{ "type": "Feature", "properties": { "ID": 15, "FEATUREID": "OFBB099C1AJ430010020001060", "CHFCAC": "001060", "CHFCEC": "代号", "CHFCED": "N#-1#=", "point_type": 0, "symbol_no": 0, "height": 2.5, "width": 2.5, "spacing": 0.2, "angle": 0.19172443449497223, "_src_file": "LDZOFBB099.WT", "_src_id": 1059 }, "geometry": { "type": "Point", "coordinates": [ 74.609246064257221, 39.502390465287583 ] } },
{ "type": "Feature", "properties": { "ID": 15, "FEATUREID": "OFBB099C1AJ430010020001061", "CHFCAC": "001061", "CHFCEC": "代号", "CHFCED": "p", "point_type": 0, "symbol_no": 0, "height": 2.5, "width": 2.5, "spacing": 0.2, "angle": 0.18790468573570251, "_src_file": "LDZOFBB099.WT", "_src_id": 1060 }, "geometry": { "type": "Point", "coordinates": [ 74.617057493845252, 39.502601350869732 ] } },
{ "type": "Feature", "properties": { "ID": 15, "FEATUREID": "OFBB099C1AJ430010020001062", "CHFCAC": "001062", "CHFCEC": "代号", "CHFCED": "N#-1", "point_type": 0, "symbol_no": 0, "height": 2.5, "width": 2.5, "spacing": 0.1, "angle": 0.22421981394290924, "_src_file": "LDZOFBB099.WT", "_src_id": 1061 }, "geometry": { "type": "Point", "coordinates": [ 74.544117125108457, 39.779312861138948 ] } },
{ "type": "Feature", "properties": { "ID": 16, "FEATUREID": "OFBB099C1AJ430010020001063", "CHFCAC": "001063", "CHFCEC": "代号", "CHFCED": "k", "point_type": 0, "symbol_no": 0, "height": 2.5, "width": 2.5, "spacing": 0.1, "angle": 0.22047683596611023, "_src_file": "LDZOFBB099.WT", "_src_id": 1062 }, "geometry": { "type": "Point", "coordinates": [ 74.551700684591026, 39.779342590023987 ] } },
{ "type": "Feature", "properties": { "ID": 197, "FEATUREID": "OFBB099C1AJ430010020001064", "CHFCAC": "001064", "CHFCEC": "代号", "CHFCED": "Ch", "point_type": 0, "symbol_no": 0, "height": 2.5, "width": 2.5, "spacing": 0.1, "angle": 0.24396379292011261, "_src_file": "LDZOFBB099.WT", "_src_id": 1063 }, "geometry": { "type": "Point", "coordinates": [ 74.504361039033412, 39.875785023922859 ] } },
{ "type": "Feature", "properties": { "ID": 197, "FEATUREID": "OFBB099C1AJ430010020001065", "CHFCAC": "001065", "CHFCEC": "代号", "CHFCED": "A.", "point_type": 0, "symbol_no": 0, "height": 2.5, "width": 2.5, "spacing": 0.1, "angle": 0.23991405963897705, "_src_file": "LDZOFBB099.WT", "_src_id": 1064 }, "geometry": { "type": "Point", "coordinates": [ 74.512621716846454, 39.876155529350278 ] } },
{ "type": "Feature", "properties": { "ID": 88, "FEATUREID": "OFBB099C1AJ430010020001066", "CHFCAC": "001066", "CHFCEC": "代号", "CHFCED": "S#-3-4", "point_type": 0, "symbol_no": 0, "height": 2.5, "width": 2.5, "spacing": 0.20012936, "angle": 0.46951669454574585, "_src_file": "LDZOFBB099.WT", "_src_id": 1065 }, "geometry": { "type": "Point", "coordinates": [ 74.047311289229, 39.791379933978916 ] } },
{ "type": "Feature", "properties": { "ID": 89, "FEATUREID": "OFBB099C1AJ430010020001067", "CHFCAC": "001067", "CHFCEC": "代号", "CHFCED": "t", "point_type": 0, "symbol_no": 0, "height": 2.5, "width": 2.5, "spacing": 0.20012936, "angle": 0.46319353580474854, "_src_file": "LDZOFBB099.WT", "_src_id": 1066 }, "geometry": { "type": "Point", "coordinates": [ 74.060053842516879, 39.791329808232526 ] } },
{ "type": "Feature", "properties": { "ID": 27, "FEATUREID": "OFBB099C1AJ430010020001068", "CHFCAC": "001068", "CHFCEC": "代号", "CHFCED": "D#-2", "point_type": 0, "symbol_no": 0, "height": 2.5, "width": 2.5, "spacing": 0.2, "angle": 0.53432148694992065, "_src_file": "LDZOFBB099.WT", "_src_id": 1067 }, "geometry": { "type": "Point", "coordinates": [ 73.915693448244255, 39.743348143167957 ] } },
{ "type": "Feature", "properties": { "ID": 28, "FEATUREID": "OFBB099C1AJ430010020001069", "CHFCAC": "001069", "CHFCEC": "代号", "CHFCED": "t", "point_type": 0, "symbol_no": 0, "height": 2.5, "width": 2.5, "spacing": 0.2, "angle": 0.53028535842895508, "_src_file": "LDZOFBB099.WT", "_src_id": 1068 }, "geometry": { "type": "Point", "coordinates": [ 73.923865817493777, 39.743071939866198 ] } },
{ "type": "Feature", "properties": { "ID": 1, "FEATUREID": "OFBB099C1AJ430010020001070", "CHFCAC": "001070", "CHFCEC": "代号", "CHFCED": "K#-1#=", "point_type": 0, "symbol_no": 0, "height": 2.5, "width": 2.5, "spacing": 0.2, "angle": 0.12800320982933044, "_src_file": "LDZOFBB099.WT", "_src_id": 1069 }, "geometry": { "type": "Point", "coordinates": [ 74.738331392448657, 39.34132253387714 ] } },
{ "type": "Feature", "properties": { "ID": 1, "FEATUREID": "OFBB099C1AJ430010020001071", "CHFCAC": "001071", "CHFCEC": "代号", "CHFCED": "#=kz", "point_type": 0, "symbol_no": 0, "height": 2.5, "width": 2.5, "spacing": 0.2, "angle": 0.12458148598670959, "_src_file": "LDZOFBB099.WT", "_src_id": 1070 }, "geometry": { "type": "Point", "coordinates": [ 74.745282455083512, 39.341337971412777 ] } },
{ "type": "Feature", "properties": { "ID": 1, "FEATUREID": "OFBB099C1AJ430010020001072", "CHFCAC": "001072", "CHFCEC": "代号", "CHFCED": "N#-1#=", "point_type": 0, "symbol_no": 0, "height": 2.5, "width": 2.5, "spacing": 0.2, "angle": 0.23428809642791748, "_src_file": "LDZOFBB099.WT", "_src_id": 1071 }, "geometry": { "type": "Point", "coordinates": [ 74.522602353410974, 39.415904572417212 ] } },
{ "type": "Feature", "properties": { "ID": 1, "FEATUREID": "OFBB099C1AJ430010020001073", "CHFCAC": "001073", "CHFCEC": "代号", "CHFCED": "p", "point_type": 0, "symbol_no": 0, "height": 2.5, "width": 2.5, "spacing": 0.2, "angle": 0.2303440272808075, "_src_file": "LDZOFBB099.WT", "_src_id": 1072 }, "geometry": { "type": "Point", "coordinates": [ 74.530611611161078, 39.416374875711767 ] } },
{ "type": "Feature", "properties": { "ID": 9, "FEATUREID": "OFBB099C1AJ430010020001074", "CHFCAC": "001074", "CHFCEC": "代号", "CHFCED": "P#-2", "point_type": 0, "symbol_no": 0, "height": 2.5, "width": 2.5, "spacing": 0.2, "angle": 0.10520986467599869, "_src_file": "LDZOFBB099.WT", "_src_id": 1073 }, "geometry": { "type": "Point", "coordinates": [ 74.784456306742811, 39.21956620166879 ] } },
{ "type": "Feature", "properties": { "ID": 12, "FEATUREID": "OFBB099C1AJ430010020001075", "CHFCAC": "001075", "CHFCEC": "代号", "CHFCED": "Qp#-3", "point_type": 0, "symbol_no": 0, "height": 2.5, "width": 2.5, "spacing": 0.2, "angle": 0.042288798838853836, "_src_file": "LDZOFBB099.WT", "_src_id": 1074 }, "geometry": { "type": "Point", "coordinates": [ 74.912267750756371, 39.02419563402669 ] } },
{ "type": "Feature", "properties": { "ID": 12, "FEATUREID": "OFBB099C1AJ430010020001076", "CHFCAC": "001076", "CHFCEC": "代号", "CHFCED": "#+pal", "point_type": 0, "symbol_no": 0, "height": 2.5, "width": 2.5, "spacing": 0.2, "angle": 0.03701423853635788, "_src_file": "LDZOFBB099.WT", "_src_id": 1075 }, "geometry": { "type": "Point", "coordinates": [ 74.923007990172223, 39.024326994874478 ] } },
{ "type": "Feature", "properties": { "ID": 71, "FEATUREID": "OFBB099C1AJ430010020001077", "CHFCAC": "001077", "CHFCEC": "代号", "CHFCED": "Qp#-2", "point_type": 0, "symbol_no": 0, "height": 2.5, "width": 2.5, "spacing": 0.2, "angle": 0.32471844553947449, "_src_file": "LDZOFBB099.WT", "_src_id": 1076 }, "geometry": { "type": "Point", "coordinates": [ 74.337341328096869, 39.068577002325512 ] } },
{ "type": "Feature", "properties": { "ID": 71, "FEATUREID": "OFBB099C1AJ430010020001078", "CHFCAC": "001078", "CHFCEC": "代号", "CHFCED": "#+l", "point_type": 0, "symbol_no": 0, "height": 2.5, "width": 2.5, "spacing": 0.2, "angle": 0.31849360466003418, "_src_file": "LDZOFBB099.WT", "_src_id": 1077 }, "geometry": { "type": "Point", "coordinates": [ 74.350072791633664, 39.068298378590519 ] } },
{ "type": "Feature", "properties": { "ID": 15, "FEATUREID": "OFBB099C1AJ430010020001079", "CHFCAC": "001079", "CHFCEC": "代号", "CHFCED": "Qp#-3", "point_type": 0, "symbol_no": 0, "height": 2.5, "width": 2.5, "spacing": 0.2, "angle": 0.5170440673828125, "_src_file": "LDZOFBB099.WT", "_src_id": 1078 }, "geometry": { "type": "Point", "coordinates": [ 73.947951101392619, 39.347523498198825 ] } },
{ "type": "Feature", "properties": { "ID": 16, "FEATUREID": "OFBB099C1AJ430010020001080", "CHFCAC": "001080", "CHFCEC": "代号", "CHFCED": "#+pal", "point_type": 0, "symbol_no": 0, "height": 2.5, "width": 2.5, "spacing": 0.2, "angle": 0.51222711801528931, "_src_file": "LDZOFBB099.WT", "_src_id": 1079 }, "geometry": { "type": "Point", "coordinates": [ 73.957739917045188, 39.348397306124681 ] } },
{ "type": "Feature", "properties": { "ID": 3481, "FEATUREID": "OFBB099C1AJ430010020001081", "CHFCAC": "001081", "CHFCEC": "代号", "CHFCED": "χβ", "point_type": 0, "symbol_no": 0, "height": 2.5, "width": 2.5, "spacing": -1.0, "angle": 0.47118759155273438, "_src_file": "LDZOFBB099.WT", "_src_id": 1080 }, "geometry": { "type": "Point", "coordinates": [ 74.04422544637255, 39.85158035582424 ] } },
{ "type": "Feature", "properties": { "ID": 3482, "FEATUREID": "OFBB099C1AJ430010020001082", "CHFCAC": "001082", "CHFCEC": "代号", "CHFCED": " τα", "point_type": 0, "symbol_no": 0, "height": 2.5, "width": 2.5, "spacing": -1.0, "angle": 0.47525089979171753, "_src_file": "LDZOFBB099.WT", "_src_id": 1081 }, "geometry": { "type": "Point", "coordinates": [ 74.035101727839162, 39.703721190258996 ] } },
{ "type": "Feature", "properties": { "ID": 114, "FEATUREID": "OFBB099C1AJ430010020001083", "CHFCAC": "001083", "CHFCEC": "代号", "CHFCED": "Qp#-3", "point_type": 0, "symbol_no": 0, "height": 2.5, "width": 2.5, "spacing": 0.20012936, "angle": 0.40251448750495911, "_src_file": "LDZOFBB099.WT", "_src_id": 1082 }, "geometry": { "type": "Point", "coordinates": [ 74.182819761444975, 39.756905493055683 ] } },
{ "type": "Feature", "properties": { "ID": 115, "FEATUREID": "OFBB099C1AJ430010020001084", "CHFCAC": "001084", "CHFCEC": "代号", "CHFCED": "#+pal", "point_type": 0, "symbol_no": 0, "height": 2.5, "width": 2.5, "spacing": 0.20012936, "angle": 0.39719787240028381, "_src_file": "LDZOFBB099.WT", "_src_id": 1083 }, "geometry": { "type": "Point", "coordinates": [ 74.193528701003899, 39.756998706890229 ] } },
{ "type": "Feature", "properties": { "ID": 50, "FEATUREID": "OFBB099C1AJ430010020001085", "CHFCAC": "001085", "CHFCEC": "代号", "CHFCED": "Qh", "point_type": 0, "symbol_no": 0, "height": 2.5, "width": 2.5, "spacing": 0.2, "angle": 0.34641855955123901, "_src_file": "LDZOFBB099.WT", "_src_id": 1084 }, "geometry": { "type": "Point", "coordinates": [ 74.296659987901677, 39.804430784974336 ] } },
{ "type": "Feature", "properties": { "ID": 51, "FEATUREID": "OFBB099C1AJ430010020001086", "CHFCAC": "001086", "CHFCEC": "代号", "CHFCED": "#+al", "point_type": 0, "symbol_no": 0, "height": 2.5, "width": 2.5, "spacing": 0.2, "angle": 0.34227767586708069, "_src_file": "LDZOFBB099.WT", "_src_id": 1085 }, "geometry": { "type": "Point", "coordinates": [ 74.305110251082411, 39.805109445663064 ] } },
{ "type": "Feature", "properties": { "ID": 85, "FEATUREID": "OFBB099C1AJ430010020001087", "CHFCAC": "001087", "CHFCEC": "代号", "CHFCED": "ηγ", "point_type": 0, "symbol_no": 0, "height": 2.5, "width": 2.5, "spacing": -1.2, "angle": 0.40482419729232788, "_src_file": "LDZOFBB099.WT", "_src_id": 1086 }, "geometry": { "type": "Point", "coordinates": [ 74.174349093974982, 39.063366721562723 ] } },
{ "type": "Feature", "properties": { "ID": 85, "FEATUREID": "OFBB099C1AJ430010020001088", "CHFCAC": "001088", "CHFCEC": "代号", "CHFCED": "P", "point_type": 0, "symbol_no": 0, "height": 2.5, "width": 2.5, "spacing": 0.2, "angle": 0.40151175856590271, "_src_file": "LDZOFBB099.WT", "_src_id": 1087 }, "geometry": { "type": "Point", "coordinates": [ 74.181085193688631, 39.062657056432876 ] } },
{ "type": "Feature", "properties": { "ID": 85, "FEATUREID": "OFBB099C1AJ430010020001089", "CHFCAC": "001089", "CHFCEC": "代号", "CHFCED": "ηγ", "point_type": 0, "symbol_no": 0, "height": 2.5, "width": 2.5, "spacing": -1.2, "angle": 0.43149000406265259, "_src_file": "LDZOFBB099.WT", "_src_id": 1088 }, "geometry": { "type": "Point", "coordinates": [ 74.119982009377452, 39.057346852215183 ] } },
{ "type": "Feature", "properties": { "ID": 85, "FEATUREID": "OFBB099C1AJ430010020001090", "CHFCAC": "001090", "CHFCEC": "代号", "CHFCED": "P", "point_type": 0, "symbol_no": 0, "height": 2.5, "width": 2.5, "spacing": 0.2, "angle": 0.42817753553390503, "_src_file": "LDZOFBB099.WT", "_src_id": 1089 }, "geometry": { "type": "Point", "coordinates": [ 74.126719032656027, 39.056640327689699 ] } },
{ "type": "Feature", "properties": { "ID": 29, "FEATUREID": "OFBB099C1AJ430010020001091", "CHFCAC": "001091", "CHFCEC": "代号", "CHFCED": "St.", "point_type": 0, "symbol_no": 0, "height": 2.5, "width": 2.5, "spacing": 0.2, "angle": 0.24769462645053864, "_src_file": "LDZOFBB099.WT", "_src_id": 1090 }, "geometry": { "type": "Point", "coordinates": [ 74.49463168390416, 39.198894595138881 ] } },
{ "type": "Feature", "properties": { "ID": 12, "FEATUREID": "OFBB099C1AJ430010020001092", "CHFCAC": "001092", "CHFCEC": "代号", "CHFCED": "Ch", "point_type": 0, "symbol_no": 0, "height": 2.5, "width": 2.5, "spacing": 0.2, "angle": 0.56277221441268921, "_src_file": "LDZOFBB099.WT", "_src_id": 1091 }, "geometry": { "type": "Point", "coordinates": [ 73.852561078714984, 39.026640520012897 ] } },
{ "type": "Feature", "properties": { "ID": 12, "FEATUREID": "OFBB099C1AJ430010020001093", "CHFCAC": "001093", "CHFCEC": "代号", "CHFCED": "St.", "point_type": 0, "symbol_no": 0, "height": 2.5, "width": 2.5, "spacing": 0.2, "angle": 0.55823993682861328, "_src_file": "LDZOFBB099.WT", "_src_id": 1092 }, "geometry": { "type": "Point", "coordinates": [ 73.861723688786711, 39.026730342348536 ] } },
{ "type": "Feature", "properties": { "ID": 12, "FEATUREID": "OFBB099C1AJ430010020001094", "CHFCAC": "001094", "CHFCEC": "代号", "CHFCED": "Ch", "point_type": 0, "symbol_no": 0, "height": 2.5, "width": 2.5, "spacing": 0.2, "angle": 0.49296021461486816, "_src_file": "LDZOFBB099.WT", "_src_id": 1093 }, "geometry": { "type": "Point", "coordinates": [ 73.994896983808985, 39.059334650404331 ] } },
{ "type": "Feature", "properties": { "ID": 12, "FEATUREID": "OFBB099C1AJ430010020001095", "CHFCAC": "001095", "CHFCEC": "代号", "CHFCED": "St.", "point_type": 0, "symbol_no": 0, "height": 2.5, "width": 2.5, "spacing": 0.2, "angle": 0.48845532536506653, "_src_file": "LDZOFBB099.WT", "_src_id": 1094 }, "geometry": { "type": "Point", "coordinates": [ 74.004065203027707, 39.059413343874645 ] } },
{ "type": "Feature", "properties": { "ID": 12, "FEATUREID": "OFBB099C1AJ430010020001096", "CHFCAC": "001096", "CHFCEC": "代号", "CHFCED": "Ch", "point_type": 0, "symbol_no": 0, "height": 2.5, "width": 2.5, "spacing": 0.2, "angle": 0.42885348200798035, "_src_file": "LDZOFBB099.WT", "_src_id": 1095 }, "geometry": { "type": "Point", "coordinates": [ 74.125527820910278, 39.086022466703533 ] } },
{ "type": "Feature", "properties": { "ID": 12, "FEATUREID": "OFBB099C1AJ430010020001097", "CHFCAC": "001097", "CHFCEC": "代号", "CHFCED": "St.", "point_type": 0, "symbol_no": 0, "height": 2.5, "width": 2.5, "spacing": 0.2, "angle": 0.42437654733657837, "_src_file": "LDZOFBB099.WT", "_src_id": 1096 }, "geometry": { "type": "Point", "coordinates": [ 74.134699798943913, 39.086090927668529 ] } },
{ "type": "Feature", "properties": { "ID": 12, "FEATUREID": "OFBB099C1AJ430010020001098", "CHFCAC": "001098", "CHFCEC": "代号", "CHFCED": "Ch", "point_type": 0, "symbol_no": 0, "height": 2.5, "width": 2.5, "spacing": 0.2, "angle": 0.45301300287246704, "_src_file": "LDZOFBB099.WT", "_src_id": 1097 }, "geometry": { "type": "Point", "coordinates": [ 74.076877773369716, 39.163434211572337 ] } },
{ "type": "Feature", "properties": { "ID": 12, "FEATUREID": "OFBB099C1AJ430010020001099", "CHFCAC": "001099", "CHFCEC": "代号", "CHFCED": "St.", "point_type": 0, "symbol_no": 0, "height": 2.5, "width": 2.5, "spacing": 0.2, "angle": 0.44849812984466553, "_src_file": "LDZOFBB099.WT", "_src_id": 1098 }, "geometry": { "type": "Point", "coordinates": [ 74.086059689222523, 39.163506618773006 ] } },
{ "type": "Feature", "properties": { "ID": 12, "FEATUREID": "OFBB099C1AJ430010020001100", "CHFCAC": "001100", "CHFCEC": "代号", "CHFCED": "Ch", "point_type": 0, "symbol_no": 0, "height": 2.5, "width": 2.5, "spacing": 0.2, "angle": 0.53831416368484497, "_src_file": "LDZOFBB099.WT", "_src_id": 1099 }, "geometry": { "type": "Point", "coordinates": [ 73.903471056367266, 39.17872547100778 ] } },
{ "type": "Feature", "properties": { "ID": 12, "FEATUREID": "OFBB099C1AJ430010020001101", "CHFCAC": "001101", "CHFCEC": "代号", "CHFCED": "St.", "point_type": 0, "symbol_no": 0, "height": 2.5, "width": 2.5, "spacing": 0.2, "angle": 0.5338282585144043, "_src_file": "LDZOFBB099.WT", "_src_id": 1100 }, "geometry": { "type": "Point", "coordinates": [ 73.91265552394762, 39.17881157072533 ] } },
{ "type": "Feature", "properties": { "ID": 12, "FEATUREID": "OFBB099C1AJ430010020001102", "CHFCAC": "001102", "CHFCEC": "代号", "CHFCED": "Ch", "point_type": 0, "symbol_no": 0, "height": 2.5, "width": 2.5, "spacing": 0.2, "angle": 0.55123645067214966, "_src_file": "LDZOFBB099.WT", "_src_id": 1101 }, "geometry": { "type": "Point", "coordinates": [ 73.877060824406755, 39.161237277522034 ] } },
{ "type": "Feature", "properties": { "ID": 12, "FEATUREID": "OFBB099C1AJ430010020001103", "CHFCAC": "001103", "CHFCEC": "代号", "CHFCED": "St.", "point_type": 0, "symbol_no": 0, "height": 2.5, "width": 2.5, "spacing": 0.2, "angle": 0.54672175645828247, "_src_file": "LDZOFBB099.WT", "_src_id": 1102 }, "geometry": { "type": "Point", "coordinates": [ 73.886239943787132, 39.161325426552558 ] } },
{ "type": "Feature", "properties": { "ID": 12, "FEATUREID": "OFBB099C1AJ430010020001104", "CHFCAC": "001104", "CHFCEC": "代号", "CHFCED": "Ch", "point_type": 0, "symbol_no": 0, "height": 2.5, "width": 2.5, "spacing": 0.2, "angle": 0.57805609703063965, "_src_file": "LDZOFBB099.WT", "_src_id": 1103 }, "geometry": { "type": "Point", "coordinates": [ 73.82291335154801, 39.207992350940017 ] } },
{ "type": "Feature", "properties": { "ID": 12, "FEATUREID": "OFBB099C1AJ430010020001105", "CHFCAC": "001105", "CHFCEC": "代号", "CHFCED": "St.", "point_type": 0, "symbol_no": 0, "height": 2.5, "width": 2.5, "spacing": 0.2, "angle": 0.57353687286376953, "_src_file": "LDZOFBB099.WT", "_src_id": 1104 }, "geometry": { "type": "Point", "coordinates": [ 73.832100399389049, 39.208084858123435 ] } },
{ "type": "Feature", "properties": { "ID": 12, "FEATUREID": "OFBB099C1AJ430010020001106", "CHFCAC": "001106", "CHFCEC": "代号", "CHFCED": "Ch", "point_type": 0, "symbol_no": 0, "height": 2.5, "width": 2.5, "spacing": 0.2, "angle": 0.61957246065139771, "_src_file": "LDZOFBB099.WT", "_src_id": 1105 }, "geometry": { "type": "Point", "coordinates": [ 73.738626528354629, 39.21948453946208 ] } },
{ "type": "Feature", "properties": { "ID": 12, "FEATUREID": "OFBB099C1AJ430010020001107", "CHFCAC": "001107", "CHFCEC": "代号", "CHFCED": "St.", "point_type": 0, "symbol_no": 0, "height": 2.5, "width": 2.5, "spacing": 0.2, "angle": 0.61502158641815186, "_src_file": "LDZOFBB099.WT", "_src_id": 1106 }, "geometry": { "type": "Point", "coordinates": [ 73.74781381413635, 39.219583718731826 ] } },
{ "type": "Feature", "properties": { "ID": 12, "FEATUREID": "OFBB099C1AJ430010020001108", "CHFCAC": "001108", "CHFCEC": "代号", "CHFCED": "Ch", "point_type": 0, "symbol_no": 0, "height": 2.5, "width": 2.5, "spacing": 0.2, "angle": 0.64100277423858643, "_src_file": "LDZOFBB099.WT", "_src_id": 1107 }, "geometry": { "type": "Point", "coordinates": [ 73.695005261760471, 39.21237451168745 ] } },
{ "type": "Feature", "properties": { "ID": 12, "FEATUREID": "OFBB099C1AJ430010020001109", "CHFCAC": "001109", "CHFCEC": "代号", "CHFCED": "St.", "point_type": 0, "symbol_no": 0, "height": 2.5, "width": 2.5, "spacing": 0.2, "angle": 0.63645255565643311, "_src_file": "LDZOFBB099.WT", "_src_id": 1108 }, "geometry": { "type": "Point", "coordinates": [ 73.704193478712142, 39.212477116781059 ] } },
{ "type": "Feature", "properties": { "ID": 12, "FEATUREID": "OFBB099C1AJ430010020001110", "CHFCAC": "001110", "CHFCEC": "代号", "CHFCED": "Ch", "point_type": 0, "symbol_no": 0, "height": 2.5, "width": 2.5, "spacing": 0.2, "angle": 0.66050255298614502, "_src_file": "LDZOFBB099.WT", "_src_id": 1109 }, "geometry": { "type": "Point", "coordinates": [ 73.655286641200703, 39.209712811811052 ] } },
{ "type": "Feature", "properties": { "ID": 12, "FEATUREID": "OFBB099C1AJ430010020001111", "CHFCAC": "001111", "CHFCEC": "代号", "CHFCED": "St.", "point_type": 0, "symbol_no": 0, "height": 2.5, "width": 2.5, "spacing": 0.2, "angle": 0.6559830904006958, "_src_file": "LDZOFBB099.WT", "_src_id": 1110 }, "geometry": { "type": "Point", "coordinates": [ 73.664473377544823, 39.209818543976112 ] } },
{ "type": "Feature", "properties": { "ID": 12, "FEATUREID": "OFBB099C1AJ430010020001112", "CHFCAC": "001112", "CHFCEC": "代号", "CHFCED": "Ch", "point_type": 0, "symbol_no": 0, "height": 2.5, "width": 2.5, "spacing": 0.2, "angle": 0.36673626303672791, "_src_file": "LDZOFBB099.WT", "_src_id": 1111 }, "geometry": { "type": "Point", "coordinates": [ 74.251991390332066, 39.086902783485392 ] } },
{ "type": "Feature", "properties": { "ID": 12, "FEATUREID": "OFBB099C1AJ430010020001113", "CHFCAC": "001113", "CHFCEC": "代号", "CHFCED": "St.", "point_type": 0, "symbol_no": 0, "height": 2.5, "width": 2.5, "spacing": 0.2, "angle": 0.36219826340675354, "_src_file": "LDZOFBB099.WT", "_src_id": 1112 }, "geometry": { "type": "Point", "coordinates": [ 74.261163733494584, 39.086961296066775 ] } },
{ "type": "Feature", "properties": { "ID": 12, "FEATUREID": "OFBB099C1AJ430010020001114", "CHFCAC": "001114", "CHFCEC": "代号", "CHFCED": "Ch", "point_type": 0, "symbol_no": 0, "height": 2.5, "width": 2.5, "spacing": 0.2, "angle": 0.38547754287719727, "_src_file": "LDZOFBB099.WT", "_src_id": 1113 }, "geometry": { "type": "Point", "coordinates": [ 74.213901845001402, 39.095049642977457 ] } },
{ "type": "Feature", "properties": { "ID": 12, "FEATUREID": "OFBB099C1AJ430010020001115", "CHFCAC": "001115", "CHFCEC": "代号", "CHFCED": "St.", "point_type": 0, "symbol_no": 0, "height": 2.5, "width": 2.5, "spacing": 0.2, "angle": 0.38093873858451843, "_src_file": "LDZOFBB099.WT", "_src_id": 1114 }, "geometry": { "type": "Point", "coordinates": [ 74.223075172539566, 39.095111162945742 ] } },
{ "type": "Feature", "properties": { "ID": 12, "FEATUREID": "OFBB099C1AJ430010020001116", "CHFCAC": "001116", "CHFCEC": "代号", "CHFCED": "Ch", "point_type": 0, "symbol_no": 0, "height": 2.5, "width": 2.5, "spacing": 0.2, "angle": 0.3905184268951416, "_src_file": "LDZOFBB099.WT", "_src_id": 1115 }, "geometry": { "type": "Point", "coordinates": [ 74.203428879801649, 39.06801789781381 ] } },
{ "type": "Feature", "properties": { "ID": 12, "FEATUREID": "OFBB099C1AJ430010020001117", "CHFCAC": "001117", "CHFCEC": "代号", "CHFCED": "St.", "point_type": 0, "symbol_no": 0, "height": 2.5, "width": 2.5, "spacing": 0.2, "angle": 0.38604328036308289, "_src_file": "LDZOFBB099.WT", "_src_id": 1116 }, "geometry": { "type": "Point", "coordinates": [ 74.212597686626694, 39.068080206139342 ] } },
{ "type": "Feature", "properties": { "ID": 12, "FEATUREID": "OFBB099C1AJ430010020001118", "CHFCAC": "001118", "CHFCEC": "代号", "CHFCED": "Ch", "point_type": 0, "symbol_no": 0, "height": 2.5, "width": 2.5, "spacing": 0.2, "angle": 0.4197227954864502, "_src_file": "LDZOFBB099.WT", "_src_id": 1117 }, "geometry": { "type": "Point", "coordinates": [ 74.143767968331474, 39.031352671627047 ] } },
{ "type": "Feature", "properties": { "ID": 12, "FEATUREID": "OFBB099C1AJ430010020001119", "CHFCAC": "001119", "CHFCEC": "代号", "CHFCED": "St.", "point_type": 0, "symbol_no": 0, "height": 2.5, "width": 2.5, "spacing": 0.2, "angle": 0.41522064805030823, "_src_file": "LDZOFBB099.WT", "_src_id": 1118 }, "geometry": { "type": "Point", "coordinates": [ 74.152933913899133, 39.031419619589833 ] } },
{ "type": "Feature", "properties": { "ID": 12, "FEATUREID": "OFBB099C1AJ430010020001120", "CHFCAC": "001120", "CHFCEC": "代号", "CHFCED": "Ch", "point_type": 0, "symbol_no": 0, "height": 2.5, "width": 2.5, "spacing": 0.2, "angle": 0.43991020321846008, "_src_file": "LDZOFBB099.WT", "_src_id": 1119 }, "geometry": { "type": "Point", "coordinates": [ 74.102583331541723, 39.016899580217178 ] } },
{ "type": "Feature", "properties": { "ID": 12, "FEATUREID": "OFBB099C1AJ430010020001121", "CHFCAC": "001121", "CHFCEC": "代号", "CHFCED": "St.", "point_type": 0, "symbol_no": 0, "height": 2.5, "width": 2.5, "spacing": 0.2, "angle": 0.43540942668914795, "_src_file": "LDZOFBB099.WT", "_src_id": 1120 }, "geometry": { "type": "Point", "coordinates": [ 74.111745321888563, 39.01696974313721 ] } },
{ "type": "Feature", "properties": { "ID": 12, "FEATUREID": "OFBB099C1AJ430010020001122", "CHFCAC": "001122", "CHFCEC": "代号", "CHFCED": "Ch", "point_type": 0, "symbol_no": 0, "height": 2.5, "width": 2.5, "spacing": 0.2, "angle": 0.4183325469493866, "_src_file": "LDZOFBB099.WT", "_src_id": 1121 }, "geometry": { "type": "Point", "coordinates": [ 74.146407694853281, 39.000433347421335 ] } },
{ "type": "Feature", "properties": { "ID": 12, "FEATUREID": "OFBB099C1AJ430010020001123", "CHFCAC": "001123", "CHFCEC": "代号", "CHFCED": "St.", "point_type": 0, "symbol_no": 0, "height": 2.5, "width": 2.5, "spacing": 0.2, "angle": 0.41383334994316101, "_src_file": "LDZOFBB099.WT", "_src_id": 1122 }, "geometry": { "type": "Point", "coordinates": [ 74.155567655190737, 39.000500044123903 ] } },
{ "type": "Feature", "properties": { "ID": 12, "FEATUREID": "OFBB099C1AJ430010020001124", "CHFCAC": "001124", "CHFCEC": "代号", "CHFCED": "Ch", "point_type": 0, "symbol_no": 0, "height": 2.5, "width": 2.5, "spacing": 0.2, "angle": 0.3391973078250885, "_src_file": "LDZOFBB099.WT", "_src_id": 1123 }, "geometry": { "type": "Point", "coordinates": [ 74.307875472952475, 39.055867476192262 ] } },
{ "type": "Feature", "properties": { "ID": 12, "FEATUREID": "OFBB099C1AJ430010020001125", "CHFCAC": "001125", "CHFCEC": "代号", "CHFCED": "St.", "point_type": 0, "symbol_no": 0, "height": 2.5, "width": 2.5, "spacing": 0.2, "angle": 0.33469283580780029, "_src_file": "LDZOFBB099.WT", "_src_id": 1124 }, "geometry": { "type": "Point", "coordinates": [ 74.317041896422481, 39.055921556357674 ] } },
{ "type": "Feature", "properties": { "ID": 12, "FEATUREID": "OFBB099C1AJ430010020001126", "CHFCAC": "001126", "CHFCEC": "代号", "CHFCED": "Ch", "point_type": 0, "symbol_no": 0, "height": 2.5, "width": 2.5, "spacing": 0.2, "angle": 0.36737653613090515, "_src_file": "LDZOFBB099.WT", "_src_id": 1125 }, "geometry": { "type": "Point", "coordinates": [ 74.250319561646052, 39.030318586918028 ] } },
{ "type": "Feature", "properties": { "ID": 12, "FEATUREID": "OFBB099C1AJ430010020001127", "CHFCAC": "001127", "CHFCEC": "代号", "CHFCED": "St.", "point_type": 0, "symbol_no": 0, "height": 2.5, "width": 2.5, "spacing": 0.2, "angle": 0.36290502548217773, "_src_file": "LDZOFBB099.WT", "_src_id": 1126 }, "geometry": { "type": "Point", "coordinates": [ 74.259485582726811, 39.030377160445418 ] } },
{ "type": "Feature", "properties": { "ID": 12, "FEATUREID": "OFBB099C1AJ430010020001128", "CHFCAC": "001128", "CHFCEC": "代号", "CHFCED": "Ch", "point_type": 0, "symbol_no": 0, "height": 2.5, "width": 2.5, "spacing": 0.2, "angle": 0.31833338737487793, "_src_file": "LDZOFBB099.WT", "_src_id": 1127 }, "geometry": { "type": "Point", "coordinates": [ 74.350357549040424, 39.059647852278779 ] } },
{ "type": "Feature", "properties": { "ID": 12, "FEATUREID": "OFBB099C1AJ430010020001129", "CHFCAC": "001129", "CHFCEC": "代号", "CHFCED": "St.", "point_type": 0, "symbol_no": 0, "height": 2.5, "width": 2.5, "spacing": 0.2, "angle": 0.31382855772972107, "_src_file": "LDZOFBB099.WT", "_src_id": 1128 }, "geometry": { "type": "Point", "coordinates": [ 74.359527529754729, 39.059698596271872 ] } },
{ "type": "Feature", "properties": { "ID": 12, "FEATUREID": "OFBB099C1AJ430010020001130", "CHFCAC": "001130", "CHFCEC": "代号", "CHFCED": "Ch", "point_type": 0, "symbol_no": 0, "height": 2.5, "width": 2.5, "spacing": 0.2, "angle": 0.30482017993927002, "_src_file": "LDZOFBB099.WT", "_src_id": 1129 }, "geometry": { "type": "Point", "coordinates": [ 74.377763028598693, 39.037698209695137 ] } },
{ "type": "Feature", "properties": { "ID": 12, "FEATUREID": "OFBB099C1AJ430010020001131", "CHFCAC": "001131", "CHFCEC": "代号", "CHFCED": "St.", "point_type": 0, "symbol_no": 0, "height": 2.5, "width": 2.5, "spacing": 0.2, "angle": 0.30031746625900269, "_src_file": "LDZOFBB099.WT", "_src_id": 1130 }, "geometry": { "type": "Point", "coordinates": [ 74.386929213004947, 39.037746776112293 ] } },
{ "type": "Feature", "properties": { "ID": 1578, "FEATUREID": "OFBB099C1AJ430010020001132", "CHFCAC": "001132", "CHFCEC": "代号", "CHFCED": "J#-2", "point_type": 0, "symbol_no": 0, "height": 2.512151, "width": 2.5128417, "spacing": 0.0, "angle": 0.72311186790466309, "_src_file": "LDZOFBB099.WT", "_src_id": 1131 }, "geometry": { "type": "Point", "coordinates": [ 74.511349603405961, 39.996239552165719 ] } },
{ "type": "Feature", "properties": { "ID": 1581, "FEATUREID": "OFBB099C1AJ430010020001133", "CHFCAC": "001133", "CHFCEC": "代号", "CHFCED": "#=t", "point_type": 0, "symbol_no": 0, "height": 2.512151, "width": 2.5128417, "spacing": 0.0, "angle": 0.72050261497497559, "_src_file": "LDZOFBB099.WT", "_src_id": 1132 }, "geometry": { "type": "Point", "coordinates": [ 74.516641017971509, 39.996313644323536 ] } },
{ "type": "Feature", "properties": { "ID": 1, "FEATUREID": "OFBB099C1AJ430010020001134", "CHFCAC": "001134", "CHFCEC": "代号", "CHFCED": "q", "point_type": 0, "symbol_no": 0, "height": 2.5, "width": 2.5, "spacing": 0.2, "angle": 0.10176737606525421, "_src_file": "LDZOFBB099.WT", "_src_id": 1133 }, "geometry": { "type": "Point", "coordinates": [ 74.791453127999432, 39.219326942475256 ] } },
{ "type": "Feature", "properties": { "ID": 9, "FEATUREID": "OFBB099C1AJ430010020001135", "CHFCAC": "001135", "CHFCEC": "代号", "CHFCED": "P#-2", "point_type": 0, "symbol_no": 0, "height": 2.5, "width": 2.5, "spacing": 0.2, "angle": 0.15504525601863861, "_src_file": "LDZOFBB099.WT", "_src_id": 1134 }, "geometry": { "type": "Point", "coordinates": [ 74.683207647210978, 39.254098185802334 ] } },
{ "type": "Feature", "properties": { "ID": 1, "FEATUREID": "OFBB099C1AJ430010020001136", "CHFCAC": "001136", "CHFCEC": "代号", "CHFCED": "q", "point_type": 0, "symbol_no": 0, "height": 2.5, "width": 2.5, "spacing": 0.2, "angle": 0.15156944096088409, "_src_file": "LDZOFBB099.WT", "_src_id": 1135 }, "geometry": { "type": "Point", "coordinates": [ 74.690209223655529, 39.253865026850526 ] } },
{ "type": "Feature", "properties": { "ID": 9, "FEATUREID": "OFBB099C1AJ430010020001137", "CHFCAC": "001137", "CHFCEC": "代号", "CHFCED": "P#-2", "point_type": 0, "symbol_no": 0, "height": 2.5, "width": 2.5, "spacing": 0.2, "angle": 0.17787434160709381, "_src_file": "LDZOFBB099.WT", "_src_id": 1136 }, "geometry": { "type": "Point", "coordinates": [ 74.636735199189047, 39.250927470407497 ] } },
{ "type": "Feature", "properties": { "ID": 1, "FEATUREID": "OFBB099C1AJ430010020001138", "CHFCAC": "001138", "CHFCEC": "代号", "CHFCED": "q", "point_type": 0, "symbol_no": 0, "height": 2.5, "width": 2.5, "spacing": 0.2, "angle": 0.17445968091487885, "_src_file": "LDZOFBB099.WT", "_src_id": 1137 }, "geometry": { "type": "Point", "coordinates": [ 74.643735601107679, 39.250697105275442 ] } },
{ "type": "Feature", "properties": { "ID": 9, "FEATUREID": "OFBB099C1AJ430010020001139", "CHFCAC": "001139", "CHFCEC": "代号", "CHFCED": "P#-2", "point_type": 0, "symbol_no": 0, "height": 2.5, "width": 2.5, "spacing": 0.2, "angle": 0.19471548497676849, "_src_file": "LDZOFBB099.WT", "_src_id": 1138 }, "geometry": { "type": "Point", "coordinates": [ 74.602598379966409, 39.263231399713717 ] } },
{ "type": "Feature", "properties": { "ID": 1, "FEATUREID": "OFBB099C1AJ430010020001140", "CHFCAC": "001140", "CHFCEC": "代号", "CHFCED": "q", "point_type": 0, "symbol_no": 0, "height": 2.5, "width": 2.5, "spacing": 0.2, "angle": 0.19123879075050354, "_src_file": "LDZOFBB099.WT", "_src_id": 1139 }, "geometry": { "type": "Point", "coordinates": [ 74.609602107154998, 39.263003094564752 ] } },
{ "type": "Feature", "properties": { "ID": 9, "FEATUREID": "OFBB099C1AJ430010020001141", "CHFCAC": "001141", "CHFCEC": "代号", "CHFCED": "P#-2", "point_type": 0, "symbol_no": 0, "height": 2.5, "width": 2.5, "spacing": 0.2, "angle": 0.21901491284370422, "_src_file": "LDZOFBB099.WT", "_src_id": 1140 }, "geometry": { "type": "Point", "coordinates": [ 74.553227427922806, 39.268846202999569 ] } },
{ "type": "Feature", "properties": { "ID": 1, "FEATUREID": "OFBB099C1AJ430010020001142", "CHFCAC": "001142", "CHFCEC": "代号", "CHFCED": "q", "point_type": 0, "symbol_no": 0, "height": 2.5, "width": 2.5, "spacing": 0.2, "angle": 0.2155376672744751, "_src_file": "LDZOFBB099.WT", "_src_id": 1141 }, "geometry": { "type": "Point", "coordinates": [ 74.560229855664545, 39.26862087181599 ] } },
{ "type": "Feature", "properties": { "ID": 9, "FEATUREID": "OFBB099C1AJ430010020001143", "CHFCAC": "001143", "CHFCEC": "代号", "CHFCED": "P#-2", "point_type": 0, "symbol_no": 0, "height": 2.5, "width": 2.5, "spacing": 0.2, "angle": 0.23350575566291809, "_src_file": "LDZOFBB099.WT", "_src_id": 1142 }, "geometry": { "type": "Point", "coordinates": [ 74.523731171099726, 39.273971294931997 ] } },
{ "type": "Feature", "properties": { "ID": 1, "FEATUREID": "OFBB099C1AJ430010020001144", "CHFCAC": "001144", "CHFCEC": "代号", "CHFCED": "q", "point_type": 0, "symbol_no": 0, "height": 2.5, "width": 2.5, "spacing": 0.2, "angle": 0.23022860288619995, "_src_file": "LDZOFBB099.WT", "_src_id": 1143 }, "geometry": { "type": "Point", "coordinates": [ 74.530392372989482, 39.274275321616912 ] } },
{ "type": "Feature", "properties": { "ID": 9, "FEATUREID": "OFBB099C1AJ430010020001145", "CHFCAC": "001145", "CHFCEC": "代号", "CHFCED": "P#-2", "point_type": 0, "symbol_no": 0, "height": 2.5, "width": 2.5, "spacing": 0.2, "angle": 0.24670964479446411, "_src_file": "LDZOFBB099.WT", "_src_id": 1144 }, "geometry": { "type": "Point", "coordinates": [ 74.496905229754304, 39.276387155349042 ] } },
{ "type": "Feature", "properties": { "ID": 1, "FEATUREID": "OFBB099C1AJ430010020001146", "CHFCAC": "001146", "CHFCEC": "代号", "CHFCED": "q", "point_type": 0, "symbol_no": 0, "height": 2.5, "width": 2.5, "spacing": 0.2, "angle": 0.24338190257549286, "_src_file": "LDZOFBB099.WT", "_src_id": 1145 }, "geometry": { "type": "Point", "coordinates": [ 74.503731949791344, 39.277222393190328 ] } },
{ "type": "Feature", "properties": { "ID": 9, "FEATUREID": "OFBB099C1AJ430010020001147", "CHFCAC": "001147", "CHFCEC": "代号", "CHFCED": "P#-2", "point_type": 0, "symbol_no": 0, "height": 2.5, "width": 2.5, "spacing": 0.2, "angle": 0.26114368438720703, "_src_file": "LDZOFBB099.WT", "_src_id": 1146 }, "geometry": { "type": "Point", "coordinates": [ 74.467589099133448, 39.281177220718106 ] } },
{ "type": "Feature", "properties": { "ID": 1, "FEATUREID": "OFBB099C1AJ430010020001148", "CHFCAC": "001148", "CHFCEC": "代号", "CHFCED": "q", "point_type": 0, "symbol_no": 0, "height": 2.5, "width": 2.5, "spacing": 0.2, "angle": 0.25769582390785217, "_src_file": "LDZOFBB099.WT", "_src_id": 1147 }, "geometry": { "type": "Point", "coordinates": [ 74.474593988926259, 39.280957052099062 ] } },
{ "type": "Feature", "properties": { "ID": 9, "FEATUREID": "OFBB099C1AJ430010020001149", "CHFCAC": "001149", "CHFCEC": "代号", "CHFCED": "P#-2", "point_type": 0, "symbol_no": 0, "height": 2.5, "width": 2.5, "spacing": 0.2, "angle": 0.31220826506614685, "_src_file": "LDZOFBB099.WT", "_src_id": 1148 }, "geometry": { "type": "Point", "coordinates": [ 74.363809495321377, 39.29362327760154 ] } },
{ "type": "Feature", "properties": { "ID": 1, "FEATUREID": "OFBB099C1AJ430010020001150", "CHFCAC": "001150", "CHFCEC": "代号", "CHFCED": "q", "point_type": 0, "symbol_no": 0, "height": 2.5, "width": 2.5, "spacing": 0.2, "angle": 0.30878973007202148, "_src_file": "LDZOFBB099.WT", "_src_id": 1149 }, "geometry": { "type": "Point", "coordinates": [ 74.370815888892011, 39.293409367315761 ] } },
{ "type": "Feature", "properties": { "ID": 9, "FEATUREID": "OFBB099C1AJ430010020001151", "CHFCAC": "001151", "CHFCEC": "代号", "CHFCED": "P#-2", "point_type": 0, "symbol_no": 0, "height": 2.5, "width": 2.5, "spacing": 0.2, "angle": 0.31431132555007935, "_src_file": "LDZOFBB099.WT", "_src_id": 1150 }, "geometry": { "type": "Point", "coordinates": [ 74.359698621333948, 39.316224167635198 ] } },
{ "type": "Feature", "properties": { "ID": 1, "FEATUREID": "OFBB099C1AJ430010020001152", "CHFCAC": "001152", "CHFCEC": "代号", "CHFCED": "q", "point_type": 0, "symbol_no": 0, "height": 2.5, "width": 2.5, "spacing": 0.2, "angle": 0.31086060404777527, "_src_file": "LDZOFBB099.WT", "_src_id": 1151 }, "geometry": { "type": "Point", "coordinates": [ 74.366708280324787, 39.31601052420784 ] } },
{ "type": "Feature", "properties": { "ID": 9, "FEATUREID": "OFBB099C1AJ430010020001153", "CHFCAC": "001153", "CHFCEC": "代号", "CHFCED": "P#-2", "point_type": 0, "symbol_no": 0, "height": 2.5, "width": 2.5, "spacing": 0.2, "angle": 0.34010261297225952, "_src_file": "LDZOFBB099.WT", "_src_id": 1152 }, "geometry": { "type": "Point", "coordinates": [ 74.307203155013852, 39.308750158725282 ] } },
{ "type": "Feature", "properties": { "ID": 1, "FEATUREID": "OFBB099C1AJ430010020001154", "CHFCAC": "001154", "CHFCEC": "代号", "CHFCED": "q", "point_type": 0, "symbol_no": 0, "height": 2.5, "width": 2.5, "spacing": 0.2, "angle": 0.33668279647827148, "_src_file": "LDZOFBB099.WT", "_src_id": 1153 }, "geometry": { "type": "Point", "coordinates": [ 74.314211192071596, 39.308539671490117 ] } },
{ "type": "Feature", "properties": { "ID": 9, "FEATUREID": "OFBB099C1AJ430010020001155", "CHFCAC": "001155", "CHFCEC": "代号", "CHFCED": "P#-2", "point_type": 0, "symbol_no": 0, "height": 2.5, "width": 2.5, "spacing": 0.2, "angle": 0.2289031445980072, "_src_file": "LDZOFBB099.WT", "_src_id": 1154 }, "geometry": { "type": "Point", "coordinates": [ 74.533121211556889, 39.285200359401173 ] } },
{ "type": "Feature", "properties": { "ID": 1, "FEATUREID": "OFBB099C1AJ430010020001156", "CHFCAC": "001156", "CHFCEC": "代号", "CHFCED": "q", "point_type": 0, "symbol_no": 0, "height": 2.5, "width": 2.5, "spacing": 0.2, "angle": 0.22549010813236237, "_src_file": "LDZOFBB099.WT", "_src_id": 1155 }, "geometry": { "type": "Point", "coordinates": [ 74.540119269509887, 39.285901914493593 ] } },
{ "type": "Feature", "properties": { "ID": 9, "FEATUREID": "OFBB099C1AJ430010020001157", "CHFCAC": "001157", "CHFCEC": "代号", "CHFCED": "P#-2", "point_type": 0, "symbol_no": 0, "height": 2.5, "width": 2.5, "spacing": 0.2, "angle": 0.23519127070903778, "_src_file": "LDZOFBB099.WT", "_src_id": 1156 }, "geometry": { "type": "Point", "coordinates": [ 74.520380868074668, 39.296759080000321 ] } },
{ "type": "Feature", "properties": { "ID": 1, "FEATUREID": "OFBB099C1AJ430010020001158", "CHFCAC": "001158", "CHFCEC": "代号", "CHFCED": "q", "point_type": 0, "symbol_no": 0, "height": 2.5, "width": 2.5, "spacing": 0.2, "angle": 0.23174695670604706, "_src_file": "LDZOFBB099.WT", "_src_id": 1157 }, "geometry": { "type": "Point", "coordinates": [ 74.52737994342435, 39.297461406013817 ] } },
{ "type": "Feature", "properties": { "ID": 9, "FEATUREID": "OFBB099C1AJ430010020001159", "CHFCAC": "001159", "CHFCEC": "代号", "CHFCED": "P#-2", "point_type": 0, "symbol_no": 0, "height": 2.5, "width": 2.5, "spacing": 0.2, "angle": 0.25997626781463623, "_src_file": "LDZOFBB099.WT", "_src_id": 1158 }, "geometry": { "type": "Point", "coordinates": [ 74.470001375731414, 39.292663137541986 ] } },
{ "type": "Feature", "properties": { "ID": 1, "FEATUREID": "OFBB099C1AJ430010020001160", "CHFCAC": "001160", "CHFCEC": "代号", "CHFCED": "q", "point_type": 0, "symbol_no": 0, "height": 2.5, "width": 2.5, "spacing": 0.2, "angle": 0.25653207302093506, "_src_file": "LDZOFBB099.WT", "_src_id": 1159 }, "geometry": { "type": "Point", "coordinates": [ 74.477003260379888, 39.293268459795144 ] } },
{ "type": "Feature", "properties": { "ID": 9, "FEATUREID": "OFBB099C1AJ430010020001161", "CHFCAC": "001161", "CHFCEC": "代号", "CHFCED": "P#-2", "point_type": 0, "symbol_no": 0, "height": 2.5, "width": 2.5, "spacing": 0.2, "angle": 0.2908937931060791, "_src_file": "LDZOFBB099.WT", "_src_id": 1160 }, "geometry": { "type": "Point", "coordinates": [ 74.407281310555277, 39.317855788725161 ] } },
{ "type": "Feature", "properties": { "ID": 1, "FEATUREID": "OFBB099C1AJ430010020001162", "CHFCAC": "001162", "CHFCEC": "代号", "CHFCED": "q", "point_type": 0, "symbol_no": 0, "height": 2.5, "width": 2.5, "spacing": 0.2, "angle": 0.28744310140609741, "_src_file": "LDZOFBB099.WT", "_src_id": 1161 }, "geometry": { "type": "Point", "coordinates": [ 74.414291014923435, 39.317639279721874 ] } },
{ "type": "Feature", "properties": { "ID": 9, "FEATUREID": "OFBB099C1AJ430010020001163", "CHFCAC": "001163", "CHFCEC": "代号", "CHFCED": "P#-2", "point_type": 0, "symbol_no": 0, "height": 2.5, "width": 2.5, "spacing": 0.2, "angle": 0.29992526769638062, "_src_file": "LDZOFBB099.WT", "_src_id": 1162 }, "geometry": { "type": "Point", "coordinates": [ 74.389123218480577, 39.363560313070771 ] } },
{ "type": "Feature", "properties": { "ID": 1, "FEATUREID": "OFBB099C1AJ430010020001164", "CHFCAC": "001164", "CHFCEC": "代号", "CHFCED": "q", "point_type": 0, "symbol_no": 0, "height": 2.5, "width": 2.5, "spacing": 0.2, "angle": 0.29644066095352173, "_src_file": "LDZOFBB099.WT", "_src_id": 1163 }, "geometry": { "type": "Point", "coordinates": [ 74.396137537344728, 39.363344935269943 ] } },
{ "type": "Feature", "properties": { "ID": 9, "FEATUREID": "OFBB099C1AJ430010020001165", "CHFCAC": "001165", "CHFCEC": "代号", "CHFCED": "P#-2", "point_type": 0, "symbol_no": 0, "height": 2.5, "width": 2.5, "spacing": 0.2, "angle": 0.38387191295623779, "_src_file": "LDZOFBB099.WT", "_src_id": 1164 }, "geometry": { "type": "Point", "coordinates": [ 74.2185515968077, 39.360056361747411 ] } },
{ "type": "Feature", "properties": { "ID": 1, "FEATUREID": "OFBB099C1AJ430010020001166", "CHFCAC": "001166", "CHFCEC": "代号", "CHFCED": "q", "point_type": 0, "symbol_no": 0, "height": 2.5, "width": 2.5, "spacing": 0.2, "angle": 0.3804175853729248, "_src_file": "LDZOFBB099.WT", "_src_id": 1165 }, "geometry": { "type": "Point", "coordinates": [ 74.225566959248212, 39.359851268488498 ] } },
{ "type": "Feature", "properties": { "ID": 9, "FEATUREID": "OFBB099C1AJ430010020001167", "CHFCAC": "001167", "CHFCEC": "代号", "CHFCED": "P#-2", "point_type": 0, "symbol_no": 0, "height": 2.5, "width": 2.5, "spacing": 0.2, "angle": 0.3967914879322052, "_src_file": "LDZOFBB099.WT", "_src_id": 1166 }, "geometry": { "type": "Point", "coordinates": [ 74.192103260732694, 39.311042756320013 ] } },
{ "type": "Feature", "properties": { "ID": 1, "FEATUREID": "OFBB099C1AJ430010020001168", "CHFCAC": "001168", "CHFCEC": "代号", "CHFCED": "q", "point_type": 0, "symbol_no": 0, "height": 2.5, "width": 2.5, "spacing": 0.2, "angle": 0.39331015944480896, "_src_file": "LDZOFBB099.WT", "_src_id": 1167 }, "geometry": { "type": "Point", "coordinates": [ 74.199114779184598, 39.310839206194558 ] } },
{ "type": "Feature", "properties": { "ID": 9, "FEATUREID": "OFBB099C1AJ430010020001169", "CHFCAC": "001169", "CHFCEC": "代号", "CHFCED": "P#-2", "point_type": 0, "symbol_no": 0, "height": 2.5, "width": 2.5, "spacing": 0.2, "angle": 0.47634595632553101, "_src_file": "LDZOFBB099.WT", "_src_id": 1168 }, "geometry": { "type": "Point", "coordinates": [ 74.030409672100177, 39.317808561450597 ] } },
{ "type": "Feature", "properties": { "ID": 1, "FEATUREID": "OFBB099C1AJ430010020001170", "CHFCAC": "001170", "CHFCEC": "代号", "CHFCED": "q", "point_type": 0, "symbol_no": 0, "height": 2.5, "width": 2.5, "spacing": 0.2, "angle": 0.47292470932006836, "_src_file": "LDZOFBB099.WT", "_src_id": 1169 }, "geometry": { "type": "Point", "coordinates": [ 74.037420175104231, 39.317614764124578 ] } },
{ "type": "Feature", "properties": { "ID": 12, "FEATUREID": "OFBB099C1AJ430010020001171", "CHFCAC": "001171", "CHFCEC": "代号", "CHFCED": "Ch", "point_type": 0, "symbol_no": 0, "height": 2.5, "width": 2.5, "spacing": 0.2, "angle": 0.37396758794784546, "_src_file": "LDZOFBB099.WT", "_src_id": 1170 }, "geometry": { "type": "Point", "coordinates": [ 74.23803142369313, 39.23909268483655 ] } },
{ "type": "Feature", "properties": { "ID": 12, "FEATUREID": "OFBB099C1AJ430010020001172", "CHFCAC": "001172", "CHFCEC": "代号", "CHFCED": "St.", "point_type": 0, "symbol_no": 0, "height": 2.5, "width": 2.5, "spacing": 0.2, "angle": 0.36947602033615112, "_src_file": "LDZOFBB099.WT", "_src_id": 1171 }, "geometry": { "type": "Point", "coordinates": [ 74.247223529518706, 39.239152487847974 ] } },
{ "type": "Feature", "properties": { "ID": 12, "FEATUREID": "OFBB099C1AJ430010020001173", "CHFCAC": "001173", "CHFCEC": "代号", "CHFCED": "Pt#-1", "point_type": 0, "symbol_no": 0, "height": 2.5, "width": 2.5, "spacing": 0.2, "angle": 0.48799812793731689, "_src_file": "LDZOFBB099.WT", "_src_id": 1172 }, "geometry": { "type": "Point", "coordinates": [ 74.006334188776876, 39.2586499328605 ] } },
{ "type": "Feature", "properties": { "ID": 12, "FEATUREID": "OFBB099C1AJ430010020001174", "CHFCAC": "001174", "CHFCEC": "代号", "CHFCED": "#=K", "point_type": 0, "symbol_no": 0, "height": 2.5, "width": 2.5, "spacing": 0.2, "angle": 0.48355156183242798, "_src_file": "LDZOFBB099.WT", "_src_id": 1173 }, "geometry": { "type": "Point", "coordinates": [ 74.015431949913619, 39.258727249344439 ] } },
{ "type": "Feature", "properties": { "ID": 12, "FEATUREID": "OFBB099C1AJ430010020001175", "CHFCAC": "001175", "CHFCEC": "代号", "CHFCED": "Ch", "point_type": 0, "symbol_no": 0, "height": 2.5, "width": 2.5, "spacing": 0.2, "angle": 0.50232601165771484, "_src_file": "LDZOFBB099.WT", "_src_id": 1174 }, "geometry": { "type": "Point", "coordinates": [ 73.977368087834691, 39.279858093232463 ] } },
{ "type": "Feature", "properties": { "ID": 12, "FEATUREID": "OFBB099C1AJ430010020001176", "CHFCAC": "001176", "CHFCEC": "代号", "CHFCED": "St.", "point_type": 0, "symbol_no": 0, "height": 2.5, "width": 2.5, "spacing": 0.2, "angle": 0.49783045053482056, "_src_file": "LDZOFBB099.WT", "_src_id": 1175 }, "geometry": { "type": "Point", "coordinates": [ 73.986564944238495, 39.279938539770718 ] } },
{ "type": "Feature", "properties": { "ID": 12, "FEATUREID": "OFBB099C1AJ430010020001177", "CHFCAC": "001177", "CHFCEC": "代号", "CHFCED": "Ch", "point_type": 0, "symbol_no": 0, "height": 2.5, "width": 2.5, "spacing": 0.2, "angle": 0.60092759132385254, "_src_file": "LDZOFBB099.WT", "_src_id": 1176 }, "geometry": { "type": "Point", "coordinates": [ 73.776784479791743, 39.250279857201527 ] } },
{ "type": "Feature", "properties": { "ID": 12, "FEATUREID": "OFBB099C1AJ430010020001178", "CHFCAC": "001178", "CHFCEC": "代号", "CHFCED": "St.", "point_type": 0, "symbol_no": 0, "height": 2.5, "width": 2.5, "spacing": 0.2, "angle": 0.59637373685836792, "_src_file": "LDZOFBB099.WT", "_src_id": 1177 }, "geometry": { "type": "Point", "coordinates": [ 73.785976903774682, 39.250376088734271 ] } },
{ "type": "Feature", "properties": { "ID": 12, "FEATUREID": "OFBB099C1AJ430010020001179", "CHFCAC": "001179", "CHFCEC": "代号", "CHFCED": "Ch", "point_type": 0, "symbol_no": 0, "height": 2.5, "width": 2.5, "spacing": 0.2, "angle": 0.65258032083511353, "_src_file": "LDZOFBB099.WT", "_src_id": 1178 }, "geometry": { "type": "Point", "coordinates": [ 73.672224122410498, 39.300173018744104 ] } },
{ "type": "Feature", "properties": { "ID": 12, "FEATUREID": "OFBB099C1AJ430010020001180", "CHFCAC": "001180", "CHFCEC": "代号", "CHFCED": "St.", "point_type": 0, "symbol_no": 0, "height": 2.5, "width": 2.5, "spacing": 0.2, "angle": 0.6480826735496521, "_src_file": "LDZOFBB099.WT", "_src_id": 1179 }, "geometry": { "type": "Point", "coordinates": [ 73.681422730972969, 39.300277614695894 ] } },
{ "type": "Feature", "properties": { "ID": 12, "FEATUREID": "OFBB099C1AJ430010020001181", "CHFCAC": "001181", "CHFCEC": "代号", "CHFCED": "Ch", "point_type": 0, "symbol_no": 0, "height": 2.5, "width": 2.5, "spacing": 0.2, "angle": 0.66589617729187012, "_src_file": "LDZOFBB099.WT", "_src_id": 1180 }, "geometry": { "type": "Point", "coordinates": [ 73.644731089927447, 39.252679733970545 ] } },
{ "type": "Feature", "properties": { "ID": 12, "FEATUREID": "OFBB099C1AJ430010020001182", "CHFCAC": "001182", "CHFCEC": "代号", "CHFCED": "St.", "point_type": 0, "symbol_no": 0, "height": 2.5, "width": 2.5, "spacing": 0.2, "angle": 0.6613726019859314, "_src_file": "LDZOFBB099.WT", "_src_id": 1181 }, "geometry": { "type": "Point", "coordinates": [ 73.653921395077091, 39.252786395559262 ] } },
{ "type": "Feature", "properties": { "ID": 12, "FEATUREID": "OFBB099C1AJ430010020001183", "CHFCAC": "001183", "CHFCEC": "代号", "CHFCED": "Ch", "point_type": 0, "symbol_no": 0, "height": 2.5, "width": 2.5, "spacing": 0.2, "angle": 0.69648677110671997, "_src_file": "LDZOFBB099.WT", "_src_id": 1182 }, "geometry": { "type": "Point", "coordinates": [ 73.582593988850363, 39.254422655938804 ] } },
{ "type": "Feature", "properties": { "ID": 12, "FEATUREID": "OFBB099C1AJ430010020001184", "CHFCAC": "001184", "CHFCEC": "代号", "CHFCED": "St.", "point_type": 0, "symbol_no": 0, "height": 2.5, "width": 2.5, "spacing": 0.2, "angle": 0.69196295738220215, "_src_file": "LDZOFBB099.WT", "_src_id": 1183 }, "geometry": { "type": "Point", "coordinates": [ 73.591785302092291, 39.254534227032515 ] } },
{ "type": "Feature", "properties": { "ID": 9, "FEATUREID": "OFBB099C1AJ430010020001185", "CHFCAC": "001185", "CHFCEC": "代号", "CHFCED": "P#-2", "point_type": 0, "symbol_no": 0, "height": 2.5, "width": 2.5, "spacing": 0.2, "angle": 0.50656372308731079, "_src_file": "LDZOFBB099.WT", "_src_id": 1184 }, "geometry": { "type": "Point", "coordinates": [ 73.969235122912607, 39.34735460623088 ] } },
{ "type": "Feature", "properties": { "ID": 1, "FEATUREID": "OFBB099C1AJ430010020001186", "CHFCAC": "001186", "CHFCEC": "代号", "CHFCED": "q", "point_type": 0, "symbol_no": 0, "height": 2.5, "width": 2.5, "spacing": 0.2, "angle": 0.5031401515007019, "_src_file": "LDZOFBB099.WT", "_src_id": 1185 }, "geometry": { "type": "Point", "coordinates": [ 73.976247682718522, 39.347164536175335 ] } },
{ "type": "Feature", "properties": { "ID": 9, "FEATUREID": "OFBB099C1AJ430010020001187", "CHFCAC": "001187", "CHFCEC": "代号", "CHFCED": "P#-2", "point_type": 0, "symbol_no": 0, "height": 2.5, "width": 2.5, "spacing": 0.2, "angle": 0.59108573198318481, "_src_file": "LDZOFBB099.WT", "_src_id": 1186 }, "geometry": { "type": "Point", "coordinates": [ 73.797477793187795, 39.333842848733411 ] } },
{ "type": "Feature", "properties": { "ID": 1, "FEATUREID": "OFBB099C1AJ430010020001188", "CHFCAC": "001188", "CHFCEC": "代号", "CHFCED": "q", "point_type": 0, "symbol_no": 0, "height": 2.5, "width": 2.5, "spacing": 0.2, "angle": 0.58760160207748413, "_src_file": "LDZOFBB099.WT", "_src_id": 1187 }, "geometry": { "type": "Point", "coordinates": [ 73.804490249767909, 39.333663118674302 ] } },
{ "type": "Feature", "properties": { "ID": 9, "FEATUREID": "OFBB099C1AJ430010020001189", "CHFCAC": "001189", "CHFCEC": "代号", "CHFCED": "P#-2", "point_type": 0, "symbol_no": 0, "height": 2.5, "width": 2.5, "spacing": 0.2, "angle": 0.60298389196395874, "_src_file": "LDZOFBB099.WT", "_src_id": 1188 }, "geometry": { "type": "Point", "coordinates": [ 73.77338894113025, 39.350144454451453 ] } },
{ "type": "Feature", "properties": { "ID": 1, "FEATUREID": "OFBB099C1AJ430010020001190", "CHFCAC": "001190", "CHFCEC": "代号", "CHFCED": "q", "point_type": 0, "symbol_no": 0, "height": 2.5, "width": 2.5, "spacing": 0.2, "angle": 0.59955954551696777, "_src_file": "LDZOFBB099.WT", "_src_id": 1189 }, "geometry": { "type": "Point", "coordinates": [ 73.780401058575862, 39.349966203282861 ] } },
{ "type": "Feature", "properties": { "ID": 9, "FEATUREID": "OFBB099C1AJ430010020001191", "CHFCAC": "001191", "CHFCEC": "代号", "CHFCED": "P#-2", "point_type": 0, "symbol_no": 0, "height": 2.5, "width": 2.5, "spacing": 0.2, "angle": 0.53588175773620605, "_src_file": "LDZOFBB099.WT", "_src_id": 1190 }, "geometry": { "type": "Point", "coordinates": [ 73.909644097001532, 39.340465909232421 ] } },
{ "type": "Feature", "properties": { "ID": 1, "FEATUREID": "OFBB099C1AJ430010020001192", "CHFCAC": "001192", "CHFCEC": "代号", "CHFCED": "q", "point_type": 0, "symbol_no": 0, "height": 2.5, "width": 2.5, "spacing": 0.2, "angle": 0.53242796659469604, "_src_file": "LDZOFBB099.WT", "_src_id": 1191 }, "geometry": { "type": "Point", "coordinates": [ 73.91665706069746, 39.340279423988662 ] } },
{ "type": "Feature", "properties": { "ID": 9, "FEATUREID": "OFBB099C1AJ430010020001193", "CHFCAC": "001193", "CHFCEC": "代号", "CHFCED": "P#-2", "point_type": 0, "symbol_no": 0, "height": 2.5, "width": 2.5, "spacing": 0.2, "angle": 0.6257166862487793, "_src_file": "LDZOFBB099.WT", "_src_id": 1192 }, "geometry": { "type": "Point", "coordinates": [ 73.727099672980543, 39.335577084070131 ] } },
{ "type": "Feature", "properties": { "ID": 1, "FEATUREID": "OFBB099C1AJ430010020001194", "CHFCAC": "001194", "CHFCEC": "代号", "CHFCED": "q", "point_type": 0, "symbol_no": 0, "height": 2.5, "width": 2.5, "spacing": 0.2, "angle": 0.62229323387145996, "_src_file": "LDZOFBB099.WT", "_src_id": 1193 }, "geometry": { "type": "Point", "coordinates": [ 73.734113387269488, 39.335401601644833 ] } },
{ "type": "Feature", "properties": { "ID": 9, "FEATUREID": "OFBB099C1AJ430010020001195", "CHFCAC": "001195", "CHFCEC": "代号", "CHFCED": "P#-2", "point_type": 0, "symbol_no": 0, "height": 2.5, "width": 2.5, "spacing": 0.2, "angle": 0.61695671081542969, "_src_file": "LDZOFBB099.WT", "_src_id": 1194 }, "geometry": { "type": "Point", "coordinates": [ 73.74503930484984, 39.3457038078446 ] } },
{ "type": "Feature", "properties": { "ID": 1, "FEATUREID": "OFBB099C1AJ430010020001196", "CHFCAC": "001196", "CHFCEC": "代号", "CHFCED": "q", "point_type": 0, "symbol_no": 0, "height": 2.5, "width": 2.5, "spacing": 0.2, "angle": 0.61347156763076782, "_src_file": "LDZOFBB099.WT", "_src_id": 1195 }, "geometry": { "type": "Point", "coordinates": [ 73.752051011701312, 39.345527259917674 ] } },
{ "type": "Feature", "properties": { "ID": 9, "FEATUREID": "OFBB099C1AJ430010020001197", "CHFCAC": "001197", "CHFCEC": "代号", "CHFCED": "P#-2", "point_type": 0, "symbol_no": 0, "height": 2.5, "width": 2.5, "spacing": 0.2, "angle": 0.65271967649459839, "_src_file": "LDZOFBB099.WT", "_src_id": 1196 }, "geometry": { "type": "Point", "coordinates": [ 73.672303789778823, 39.339930516103983 ] } },
{ "type": "Feature", "properties": { "ID": 1, "FEATUREID": "OFBB099C1AJ430010020001198", "CHFCAC": "001198", "CHFCEC": "代号", "CHFCED": "q", "point_type": 0, "symbol_no": 0, "height": 2.5, "width": 2.5, "spacing": 0.2, "angle": 0.64926528930664062, "_src_file": "LDZOFBB099.WT", "_src_id": 1197 }, "geometry": { "type": "Point", "coordinates": [ 73.679315998171177, 39.339758346570484 ] } },
{ "type": "Feature", "properties": { "ID": 9, "FEATUREID": "OFBB099C1AJ430010020001199", "CHFCAC": "001199", "CHFCEC": "代号", "CHFCED": "P#-2", "point_type": 0, "symbol_no": 0, "height": 2.5, "width": 2.5, "spacing": 0.2, "angle": 0.69009751081466675, "_src_file": "LDZOFBB099.WT", "_src_id": 1198 }, "geometry": { "type": "Point", "coordinates": [ 73.596474972500403, 39.347316806201945 ] } },
{ "type": "Feature", "properties": { "ID": 1, "FEATUREID": "OFBB099C1AJ430010020001200", "CHFCAC": "001200", "CHFCEC": "代号", "CHFCED": "q", "point_type": 0, "symbol_no": 0, "height": 2.5, "width": 2.5, "spacing": 0.2, "angle": 0.6866118311882019, "_src_file": "LDZOFBB099.WT", "_src_id": 1199 }, "geometry": { "type": "Point", "coordinates": [ 73.603488991081591, 39.347149224885626 ] } },
{ "type": "Feature", "properties": { "ID": 9, "FEATUREID": "OFBB099C1AJ430010020001201", "CHFCAC": "001201", "CHFCEC": "代号", "CHFCED": "P#-2", "point_type": 0, "symbol_no": 0, "height": 2.5, "width": 2.5, "spacing": 0.2, "angle": 0.67473733425140381, "_src_file": "LDZOFBB099.WT", "_src_id": 1200 }, "geometry": { "type": "Point", "coordinates": [ 73.627459394277409, 39.325615968337274 ] } },
{ "type": "Feature", "properties": { "ID": 1, "FEATUREID": "OFBB099C1AJ430010020001202", "CHFCAC": "001202", "CHFCEC": "代号", "CHFCED": "q", "point_type": 0, "symbol_no": 0, "height": 2.5, "width": 2.5, "spacing": 0.2, "angle": 0.67128384113311768, "_src_file": "LDZOFBB099.WT", "_src_id": 1201 }, "geometry": { "type": "Point", "coordinates": [ 73.634469214458292, 39.325446478726711 ] } },
{ "type": "Feature", "properties": { "ID": 9, "FEATUREID": "OFBB099C1AJ430010020001203", "CHFCAC": "001203", "CHFCEC": "代号", "CHFCED": "P#-2", "point_type": 0, "symbol_no": 0, "height": 2.5, "width": 2.5, "spacing": 0.2, "angle": 0.70157641172409058, "_src_file": "LDZOFBB099.WT", "_src_id": 1202 }, "geometry": { "type": "Point", "coordinates": [ 73.572889644873385, 39.318890010674373 ] } },
{ "type": "Feature", "properties": { "ID": 1, "FEATUREID": "OFBB099C1AJ430010020001204", "CHFCAC": "001204", "CHFCEC": "代号", "CHFCED": "q", "point_type": 0, "symbol_no": 0, "height": 2.5, "width": 2.5, "spacing": 0.2, "angle": 0.69809269905090332, "_src_file": "LDZOFBB099.WT", "_src_id": 1203 }, "geometry": { "type": "Point", "coordinates": [ 73.579899839929794, 39.318723799934304 ] } },
{ "type": "Feature", "properties": { "ID": 12, "FEATUREID": "OFBB099C1AJ430010020001205", "CHFCAC": "001205", "CHFCEC": "代号", "CHFCED": "Ch", "point_type": 0, "symbol_no": 0, "height": 2.5, "width": 2.5, "spacing": 0.2, "angle": 0.71600449085235596, "_src_file": "LDZOFBB099.WT", "_src_id": 1204 }, "geometry": { "type": "Point", "coordinates": [ 73.543374640285947, 39.297527927662237 ] } },
{ "type": "Feature", "properties": { "ID": 12, "FEATUREID": "OFBB099C1AJ430010020001206", "CHFCAC": "001206", "CHFCEC": "代号", "CHFCED": "St.", "point_type": 0, "symbol_no": 0, "height": 2.5, "width": 2.5, "spacing": 0.2, "angle": 0.71147656440734863, "_src_file": "LDZOFBB099.WT", "_src_id": 1205 }, "geometry": { "type": "Point", "coordinates": [ 73.552572445177177, 39.297642699405948 ] } },
{ "type": "Feature", "properties": { "ID": 12, "FEATUREID": "OFBB099C1AJ430010020001207", "CHFCAC": "001207", "CHFCEC": "代号", "CHFCED": "Ch", "point_type": 0, "symbol_no": 0, "height": 2.5, "width": 2.5, "spacing": 0.2, "angle": 0.59314620494842529, "_src_file": "LDZOFBB099.WT", "_src_id": 1206 }, "geometry": { "type": "Point", "coordinates": [ 73.792183146292743, 39.201414950367138 ] } },
{ "type": "Feature", "properties": { "ID": 12, "FEATUREID": "OFBB099C1AJ430010020001208", "CHFCAC": "001208", "CHFCEC": "代号", "CHFCED": "St.", "point_type": 0, "symbol_no": 0, "height": 2.5, "width": 2.5, "spacing": 0.2, "angle": 0.58862757682800293, "_src_file": "LDZOFBB099.WT", "_src_id": 1207 }, "geometry": { "type": "Point", "coordinates": [ 73.80136924464064, 39.201509868065862 ] } },
{ "type": "Feature", "properties": { "ID": 45, "FEATUREID": "OFBB099C1AJ430010020001209", "CHFCAC": "001209", "CHFCEC": "代号", "CHFCED": "P#-2", "point_type": 0, "symbol_no": 0, "height": 2.5, "width": 2.5, "spacing": 0.2, "angle": 0.0095091639086604118, "_src_file": "LDZOFBB099.WT", "_src_id": 1208 }, "geometry": { "type": "Point", "coordinates": [ 74.979040017076471, 39.276167800343757 ] } },
{ "type": "Feature", "properties": { "ID": 45, "FEATUREID": "OFBB099C1AJ430010020001210", "CHFCAC": "001210", "CHFCEC": "代号", "CHFCED": "#=q", "point_type": 0, "symbol_no": 0, "height": 2.5, "width": 2.5, "spacing": 0.2, "angle": 0.0061137545853853226, "_src_file": "LDZOFBB099.WT", "_src_id": 1209 }, "geometry": { "type": "Point", "coordinates": [ 74.986002854510147, 39.276547125657622 ] } },
{ "type": "Feature", "properties": { "ID": 45, "FEATUREID": "OFBB099C1AJ430010020001211", "CHFCAC": "001211", "CHFCEC": "代号", "CHFCED": "P#-2", "point_type": 0, "symbol_no": 0, "height": 2.5, "width": 2.5, "spacing": 0.2, "angle": 0.031159497797489166, "_src_file": "LDZOFBB099.WT", "_src_id": 1210 }, "geometry": { "type": "Point", "coordinates": [ 74.93504776027028, 39.303797416792193 ] } },
{ "type": "Feature", "properties": { "ID": 45, "FEATUREID": "OFBB099C1AJ430010020001212", "CHFCAC": "001212", "CHFCEC": "代号", "CHFCED": "#=q", "point_type": 0, "symbol_no": 0, "height": 2.5, "width": 2.5, "spacing": 0.2, "angle": 0.027731737121939659, "_src_file": "LDZOFBB099.WT", "_src_id": 1211 }, "geometry": { "type": "Point", "coordinates": [ 74.942015100834467, 39.30417937289014 ] } },
{ "type": "Feature", "properties": { "ID": 45, "FEATUREID": "OFBB099C1AJ430010020001213", "CHFCAC": "001213", "CHFCEC": "代号", "CHFCED": "P#-2", "point_type": 0, "symbol_no": 0, "height": 2.5, "width": 2.5, "spacing": 0.2, "angle": 0.050664078444242477, "_src_file": "LDZOFBB099.WT", "_src_id": 1212 }, "geometry": { "type": "Point", "coordinates": [ 74.89543220797961, 39.326444266033064 ] } },
{ "type": "Feature", "properties": { "ID": 45, "FEATUREID": "OFBB099C1AJ430010020001214", "CHFCAC": "001214", "CHFCEC": "代号", "CHFCED": "#=q", "point_type": 0, "symbol_no": 0, "height": 2.5, "width": 2.5, "spacing": 0.2, "angle": 0.047265343368053436, "_src_file": "LDZOFBB099.WT", "_src_id": 1213 }, "geometry": { "type": "Point", "coordinates": [ 74.902399580380973, 39.326828593723732 ] } },
{ "type": "Feature", "properties": { "ID": 66, "FEATUREID": "OFBB099C1AJ430010020001215", "CHFCAC": "001215", "CHFCEC": "代号", "CHFCED": "D#-3", "point_type": 0, "symbol_no": 0, "height": 2.5, "width": 2.5, "spacing": 0.2, "angle": 0.027997080236673355, "_src_file": "LDZOFBB099.WT", "_src_id": 1214 }, "geometry": { "type": "Point", "coordinates": [ 74.94157981563788, 39.595754259174221 ] } },
{ "type": "Feature", "properties": { "ID": 66, "FEATUREID": "OFBB099C1AJ430010020001216", "CHFCAC": "001216", "CHFCEC": "代号", "CHFCED": "kz", "point_type": 0, "symbol_no": 0, "height": 2.5, "width": 2.5, "spacing": 0.2, "angle": 0.023873530328273773, "_src_file": "LDZOFBB099.WT", "_src_id": 1215 }, "geometry": { "type": "Point", "coordinates": [ 74.950005350546704, 39.595952215855554 ] } },
{ "type": "Feature", "properties": { "ID": 66, "FEATUREID": "OFBB099C1AJ430010020001217", "CHFCAC": "001217", "CHFCEC": "代号", "CHFCED": "#+2", "point_type": 0, "symbol_no": 0, "height": 2.5, "width": 2.5, "spacing": 0.2, "angle": 0.020250182598829269, "_src_file": "LDZOFBB099.WT", "_src_id": 1216 }, "geometry": { "type": "Point", "coordinates": [ 74.957291736806695, 39.596405333566736 ] } },
{ "type": "Feature", "properties": { "ID": 1, "FEATUREID": "OFBB099C1AJ430010020001218", "CHFCAC": "001218", "CHFCEC": "代号", "CHFCED": "K#-2", "point_type": 0, "symbol_no": 0, "height": 2.5, "width": 2.5, "spacing": 0.2, "angle": 0.042477946728467941, "_src_file": "LDZOFBB099.WT", "_src_id": 1217 }, "geometry": { "type": "Point", "coordinates": [ 74.91223666588769, 39.636552142655809 ] } },
{ "type": "Feature", "properties": { "ID": 1, "FEATUREID": "OFBB099C1AJ430010020001219", "CHFCAC": "001219", "CHFCEC": "代号", "CHFCED": "Y", "point_type": 0, "symbol_no": 0, "height": 2.5, "width": 2.5, "spacing": 0.2, "angle": 0.038334019482135773, "_src_file": "LDZOFBB099.WT", "_src_id": 1218 }, "geometry": { "type": "Point", "coordinates": [ 74.920638100389326, 39.636086168374355 ] } },
{ "type": "Feature", "properties": { "ID": 197, "FEATUREID": "OFBB099C1AJ430010020001220", "CHFCAC": "001220", "CHFCEC": "代号", "CHFCED": "D#-3", "point_type": 0, "symbol_no": 0, "height": 2.5, "width": 2.5, "spacing": 0.1, "angle": 0.13573108613491058, "_src_file": "LDZOFBB099.WT", "_src_id": 1219 }, "geometry": { "type": "Point", "coordinates": [ 74.723551091796139, 39.894613675781301 ] } },
{ "type": "Feature", "properties": { "ID": 197, "FEATUREID": "OFBB099C1AJ430010020001221", "CHFCAC": "001221", "CHFCEC": "代号", "CHFCED": "kz", "point_type": 0, "symbol_no": 0, "height": 2.5, "width": 2.5, "spacing": 0.1, "angle": 0.13169956207275391, "_src_file": "LDZOFBB099.WT", "_src_id": 1220 }, "geometry": { "type": "Point", "coordinates": [ 74.731713719224729, 39.894834572829197 ] } },
{ "type": "Feature", "properties": { "ID": 197, "FEATUREID": "OFBB099C1AJ430010020001222", "CHFCAC": "001222", "CHFCEC": "代号", "CHFCED": "#+2", "point_type": 0, "symbol_no": 0, "height": 2.5, "width": 2.5, "spacing": 0.1, "angle": 0.12829285860061646, "_src_file": "LDZOFBB099.WT", "_src_id": 1221 }, "geometry": { "type": "Point", "coordinates": [ 74.738609535412891, 39.894976392009674 ] } },
{ "type": "Feature", "properties": { "ID": 197, "FEATUREID": "OFBB099C1AJ430010020001223", "CHFCAC": "001223", "CHFCEC": "代号", "CHFCED": "D#-3", "point_type": 0, "symbol_no": 0, "height": 2.5, "width": 2.5, "spacing": 0.1, "angle": 0.091634713113307953, "_src_file": "LDZOFBB099.WT", "_src_id": 1222 }, "geometry": { "type": "Point", "coordinates": [ 74.812945310738584, 39.962359620435365 ] } },
{ "type": "Feature", "properties": { "ID": 197, "FEATUREID": "OFBB099C1AJ430010020001224", "CHFCAC": "001224", "CHFCEC": "代号", "CHFCED": "kz", "point_type": 0, "symbol_no": 0, "height": 2.5, "width": 2.5, "spacing": 0.1, "angle": 0.087566860020160675, "_src_file": "LDZOFBB099.WT", "_src_id": 1223 }, "geometry": { "type": "Point", "coordinates": [ 74.82111528182692, 39.962574242445683 ] } },
{ "type": "Feature", "properties": { "ID": 197, "FEATUREID": "OFBB099C1AJ430010020001225", "CHFCAC": "001225", "CHFCEC": "代号", "CHFCED": "#+3", "point_type": 0, "symbol_no": 0, "height": 2.5, "width": 2.5, "spacing": 0.1, "angle": 0.084185786545276642, "_src_file": "LDZOFBB099.WT", "_src_id": 1224 }, "geometry": { "type": "Point", "coordinates": [ 74.828017089045915, 39.962710758429303 ] } },
{ "type": "Feature", "properties": { "ID": 1, "FEATUREID": "OFBB099C1AJ430010020001226", "CHFCAC": "001226", "CHFCEC": "代号", "CHFCED": "K#-2", "point_type": 0, "symbol_no": 0, "height": 2.5, "width": 2.5, "spacing": 0.2, "angle": 0.1617518812417984, "_src_file": "LDZOFBB099.WT", "_src_id": 1225 }, "geometry": { "type": "Point", "coordinates": [ 74.670752577533165, 39.829364543559571 ] } },
{ "type": "Feature", "properties": { "ID": 1, "FEATUREID": "OFBB099C1AJ430010020001227", "CHFCAC": "001227", "CHFCEC": "代号", "CHFCED": "Y", "point_type": 0, "symbol_no": 0, "height": 2.5, "width": 2.5, "spacing": 0.2, "angle": 0.15787792205810547, "_src_file": "LDZOFBB099.WT", "_src_id": 1226 }, "geometry": { "type": "Point", "coordinates": [ 74.678596275855014, 39.82897231348128 ] } },
{ "type": "Feature", "properties": { "ID": 1, "FEATUREID": "OFBB099C1AJ430010020001228", "CHFCAC": "001228", "CHFCEC": "代号", "CHFCED": "K#-2", "point_type": 0, "symbol_no": 0, "height": 2.5, "width": 2.5, "spacing": 0.2, "angle": 0.24280831217765808, "_src_file": "LDZOFBB099.WT", "_src_id": 1227 }, "geometry": { "type": "Point", "coordinates": [ 74.506653939665185, 39.840586503848392 ] } },
{ "type": "Feature", "properties": { "ID": 1, "FEATUREID": "OFBB099C1AJ430010020001229", "CHFCAC": "001229", "CHFCEC": "代号", "CHFCED": "Y", "point_type": 0, "symbol_no": 0, "height": 2.5, "width": 2.5, "spacing": 0.2, "angle": 0.23895320296287537, "_src_file": "LDZOFBB099.WT", "_src_id": 1228 }, "geometry": { "type": "Point", "coordinates": [ 74.514460450631631, 39.840246110563228 ] } },
{ "type": "Feature", "properties": { "ID": 1, "FEATUREID": "OFBB099C1AJ430010020001230", "CHFCAC": "001230", "CHFCEC": "代号", "CHFCED": "K#-2", "point_type": 0, "symbol_no": 0, "height": 2.5, "width": 2.5, "spacing": 0.2, "angle": 0.12412946671247482, "_src_file": "LDZOFBB099.WT", "_src_id": 1229 }, "geometry": { "type": "Point", "coordinates": [ 74.746945697790963, 39.797459125336822 ] } },
{ "type": "Feature", "properties": { "ID": 1, "FEATUREID": "OFBB099C1AJ430010020001231", "CHFCAC": "001231", "CHFCEC": "代号", "CHFCED": "Y", "point_type": 0, "symbol_no": 0, "height": 2.5, "width": 2.5, "spacing": 0.2, "angle": 0.12022789567708969, "_src_file": "LDZOFBB099.WT", "_src_id": 1230 }, "geometry": { "type": "Point", "coordinates": [ 74.75478534939289, 39.797061728606458 ] } },
{ "type": "Feature", "properties": { "ID": 1, "FEATUREID": "OFBB099C1AJ430010020001232", "CHFCAC": "001232", "CHFCEC": "代号", "CHFCED": "K#-2", "point_type": 0, "symbol_no": 0, "height": 2.5, "width": 2.5, "spacing": 0.2, "angle": 0.10388147085905075, "_src_file": "LDZOFBB099.WT", "_src_id": 1231 }, "geometry": { "type": "Point", "coordinates": [ 74.787904554437105, 39.804547240230768 ] } },
{ "type": "Feature", "properties": { "ID": 1, "FEATUREID": "OFBB099C1AJ430010020001233", "CHFCAC": "001233", "CHFCEC": "代号", "CHFCED": "Y", "point_type": 0, "symbol_no": 0, "height": 2.5, "width": 2.5, "spacing": 0.2, "angle": 0.10004054009914398, "_src_file": "LDZOFBB099.WT", "_src_id": 1232 }, "geometry": { "type": "Point", "coordinates": [ 74.795743780153913, 39.804147078137078 ] } },
{ "type": "Feature", "properties": { "ID": 1, "FEATUREID": "OFBB099C1AJ430010020001234", "CHFCAC": "001234", "CHFCEC": "代号", "CHFCED": "K#-2", "point_type": 0, "symbol_no": 0, "height": 2.5, "width": 2.5, "spacing": 0.2, "angle": 0.093546822667121887, "_src_file": "LDZOFBB099.WT", "_src_id": 1233 }, "geometry": { "type": "Point", "coordinates": [ 74.808830110934423, 39.800347513139791 ] } },
{ "type": "Feature", "properties": { "ID": 1, "FEATUREID": "OFBB099C1AJ430010020001235", "CHFCAC": "001235", "CHFCEC": "代号", "CHFCED": "Y", "point_type": 0, "symbol_no": 0, "height": 2.5, "width": 2.5, "spacing": 0.2, "angle": 0.08970632404088974, "_src_file": "LDZOFBB099.WT", "_src_id": 1234 }, "geometry": { "type": "Point", "coordinates": [ 74.816669740011704, 39.799945935358402 ] } },
{ "type": "Feature", "properties": { "ID": 1, "FEATUREID": "OFBB099C1AJ430010020001236", "CHFCAC": "001236", "CHFCEC": "代号", "CHFCED": "K#-2", "point_type": 0, "symbol_no": 0, "height": 2.5, "width": 2.5, "spacing": 0.2, "angle": 0.16288453340530396, "_src_file": "LDZOFBB099.WT", "_src_id": 1235 }, "geometry": { "type": "Point", "coordinates": [ 74.667520130013358, 39.362538913020103 ] } },
{ "type": "Feature", "properties": { "ID": 81, "FEATUREID": "OFBB099C1AJ430010020001237", "CHFCAC": "001237", "CHFCEC": "代号", "CHFCED": "D#-3", "point_type": 0, "symbol_no": 0, "height": 2.5, "width": 2.5, "spacing": 0.20012936, "angle": 0.26171505451202393, "_src_file": "LDZOFBB099.WT", "_src_id": 1236 }, "geometry": { "type": "Point", "coordinates": [ 74.468755836123606, 39.958122886758844 ] } },
{ "type": "Feature", "properties": { "ID": 7, "FEATUREID": "OFBB099C1AJ430010020001238", "CHFCAC": "001238", "CHFCEC": "代号", "CHFCED": "kz", "point_type": 0, "symbol_no": 0, "height": 2.5, "width": 2.5, "spacing": 0.2, "angle": 0.25724685192108154, "_src_file": "LDZOFBB099.WT", "_src_id": 1237 }, "geometry": { "type": "Point", "coordinates": [ 74.47773400846296, 39.957710270699479 ] } },
{ "type": "Feature", "properties": { "ID": 7, "FEATUREID": "OFBB099C1AJ430010020001239", "CHFCAC": "001239", "CHFCEC": "代号", "CHFCED": "#+2", "point_type": 0, "symbol_no": 0, "height": 2.0, "width": 2.0, "spacing": 0.2, "angle": 0.25361186265945435, "_src_file": "LDZOFBB099.WT", "_src_id": 1238 }, "geometry": { "type": "Point", "coordinates": [ 74.485155440664755, 39.959382427293654 ] } },
{ "type": "Feature", "properties": { "ID": 81, "FEATUREID": "OFBB099C1AJ430010020001240", "CHFCAC": "001240", "CHFCEC": "代号", "CHFCED": "D#-3", "point_type": 0, "symbol_no": 0, "height": 2.5, "width": 2.5, "spacing": 0.20012936, "angle": 0.26154348254203796, "_src_file": "LDZOFBB099.WT", "_src_id": 1239 }, "geometry": { "type": "Point", "coordinates": [ 74.468958463265309, 39.932056067942952 ] } },
{ "type": "Feature", "properties": { "ID": 7, "FEATUREID": "OFBB099C1AJ430010020001241", "CHFCAC": "001241", "CHFCEC": "代号", "CHFCED": "kz", "point_type": 0, "symbol_no": 0, "height": 2.5, "width": 2.5, "spacing": 0.2, "angle": 0.2571386992931366, "_src_file": "LDZOFBB099.WT", "_src_id": 1240 }, "geometry": { "type": "Point", "coordinates": [ 74.477932226041659, 39.931643412395161 ] } },
{ "type": "Feature", "properties": { "ID": 7, "FEATUREID": "OFBB099C1AJ430010020001242", "CHFCAC": "001242", "CHFCEC": "代号", "CHFCED": "#+3", "point_type": 0, "symbol_no": 0, "height": 2.0, "width": 2.0, "spacing": 0.2, "angle": 0.25344467163085938, "_src_file": "LDZOFBB099.WT", "_src_id": 1241 }, "geometry": { "type": "Point", "coordinates": [ 74.485350853545526, 39.933315545906332 ] } },
{ "type": "Feature", "properties": { "ID": 81, "FEATUREID": "OFBB099C1AJ430010020001243", "CHFCAC": "001243", "CHFCEC": "代号", "CHFCED": "D#-3", "point_type": 0, "symbol_no": 0, "height": 2.5, "width": 2.5, "spacing": 0.20012936, "angle": 0.27148285508155823, "_src_file": "LDZOFBB099.WT", "_src_id": 1242 }, "geometry": { "type": "Point", "coordinates": [ 74.448785203336286, 39.91404022789191 ] } },
{ "type": "Feature", "properties": { "ID": 7, "FEATUREID": "OFBB099C1AJ430010020001244", "CHFCAC": "001244", "CHFCEC": "代号", "CHFCED": "kz", "point_type": 0, "symbol_no": 0, "height": 2.5, "width": 2.5, "spacing": 0.2, "angle": 0.26707965135574341, "_src_file": "LDZOFBB099.WT", "_src_id": 1243 }, "geometry": { "type": "Point", "coordinates": [ 74.457755721341002, 39.913629117680472 ] } },
{ "type": "Feature", "properties": { "ID": 7, "FEATUREID": "OFBB099C1AJ430010020001245", "CHFCAC": "001245", "CHFCEC": "代号", "CHFCED": "#+2", "point_type": 0, "symbol_no": 0, "height": 2.0, "width": 2.0, "spacing": 0.2, "angle": 0.2634178102016449, "_src_file": "LDZOFBB099.WT", "_src_id": 1244 }, "geometry": { "type": "Point", "coordinates": [ 74.465171908277554, 39.915302531399092 ] } },
{ "type": "Feature", "properties": { "ID": 81, "FEATUREID": "OFBB099C1AJ430010020001246", "CHFCAC": "001246", "CHFCEC": "代号", "CHFCED": "D#-3", "point_type": 0, "symbol_no": 0, "height": 2.5, "width": 2.5, "spacing": 0.20012936, "angle": 0.27996519207954407, "_src_file": "LDZOFBB099.WT", "_src_id": 1245 }, "geometry": { "type": "Point", "coordinates": [ 74.431607057034753, 39.893102932482591 ] } },
{ "type": "Feature", "properties": { "ID": 7, "FEATUREID": "OFBB099C1AJ430010020001247", "CHFCAC": "001247", "CHFCEC": "代号", "CHFCED": "kz", "point_type": 0, "symbol_no": 0, "height": 2.5, "width": 2.5, "spacing": 0.2, "angle": 0.2755027711391449, "_src_file": "LDZOFBB099.WT", "_src_id": 1246 }, "geometry": { "type": "Point", "coordinates": [ 74.440575934235113, 39.892693131756104 ] } },
{ "type": "Feature", "properties": { "ID": 7, "FEATUREID": "OFBB099C1AJ430010020001248", "CHFCAC": "001248", "CHFCEC": "代号", "CHFCED": "#+3", "point_type": 0, "symbol_no": 0, "height": 2.0, "width": 2.0, "spacing": 0.2, "angle": 0.27187332510948181, "_src_file": "LDZOFBB099.WT", "_src_id": 1247 }, "geometry": { "type": "Point", "coordinates": [ 74.447990442601551, 39.894367632150384 ] } },
{ "type": "Feature", "properties": { "ID": 81, "FEATUREID": "OFBB099C1AJ430010020001249", "CHFCAC": "001249", "CHFCEC": "代号", "CHFCED": "D#-3", "point_type": 0, "symbol_no": 0, "height": 2.5, "width": 2.5, "spacing": 0.20012936, "angle": 0.27456241846084595, "_src_file": "LDZOFBB099.WT", "_src_id": 1248 }, "geometry": { "type": "Point", "coordinates": [ 74.44249762776758, 39.880284766655414 ] } },
{ "type": "Feature", "properties": { "ID": 7, "FEATUREID": "OFBB099C1AJ430010020001250", "CHFCAC": "001250", "CHFCEC": "代号", "CHFCED": "kz", "point_type": 0, "symbol_no": 0, "height": 2.5, "width": 2.5, "spacing": 0.2, "angle": 0.27010121941566467, "_src_file": "LDZOFBB099.WT", "_src_id": 1249 }, "geometry": { "type": "Point", "coordinates": [ 74.451465775870048, 39.879874110737688 ] } },
{ "type": "Feature", "properties": { "ID": 7, "FEATUREID": "OFBB099C1AJ430010020001251", "CHFCAC": "001251", "CHFCEC": "代号", "CHFCED": "#+2", "point_type": 0, "symbol_no": 0, "height": 2.0, "width": 2.0, "spacing": 0.2, "angle": 0.26647257804870605, "_src_file": "LDZOFBB099.WT", "_src_id": 1250 }, "geometry": { "type": "Point", "coordinates": [ 74.458879177631601, 39.881547911080133 ] } },
{ "type": "Feature", "properties": { "ID": 81, "FEATUREID": "OFBB099C1AJ430010020001252", "CHFCAC": "001252", "CHFCEC": "代号", "CHFCED": "D#-3", "point_type": 0, "symbol_no": 0, "height": 2.5, "width": 2.5, "spacing": 0.20012936, "angle": 0.26672428846359253, "_src_file": "LDZOFBB099.WT", "_src_id": 1251 }, "geometry": { "type": "Point", "coordinates": [ 74.458255868003747, 39.866510834248714 ] } },
{ "type": "Feature", "properties": { "ID": 7, "FEATUREID": "OFBB099C1AJ430010020001253", "CHFCAC": "001253", "CHFCEC": "代号", "CHFCED": "kz", "point_type": 0, "symbol_no": 0, "height": 2.5, "width": 2.5, "spacing": 0.2, "angle": 0.26232549548149109, "_src_file": "LDZOFBB099.WT", "_src_id": 1252 }, "geometry": { "type": "Point", "coordinates": [ 74.467223137289167, 39.866098946286172 ] } },
{ "type": "Feature", "properties": { "ID": 7, "FEATUREID": "OFBB099C1AJ430010020001254", "CHFCAC": "001254", "CHFCEC": "代号", "CHFCED": "#+1", "point_type": 0, "symbol_no": 0, "height": 2.0, "width": 2.0, "spacing": 0.2, "angle": 0.25866714119911194, "_src_file": "LDZOFBB099.WT", "_src_id": 1253 }, "geometry": { "type": "Point", "coordinates": [ 74.474634450884139, 39.867771736259954 ] } },
{ "type": "Feature", "properties": { "ID": 81, "FEATUREID": "OFBB099C1AJ430010020001255", "CHFCAC": "001255", "CHFCEC": "代号", "CHFCED": "D#-3", "point_type": 0, "symbol_no": 0, "height": 2.5, "width": 2.5, "spacing": 0.20012936, "angle": 0.26574045419692993, "_src_file": "LDZOFBB099.WT", "_src_id": 1254 }, "geometry": { "type": "Point", "coordinates": [ 74.460657520015005, 39.99164751387211 ] } },
{ "type": "Feature", "properties": { "ID": 7, "FEATUREID": "OFBB099C1AJ430010020001256", "CHFCAC": "001256", "CHFCEC": "代号", "CHFCED": "kz", "point_type": 0, "symbol_no": 0, "height": 2.5, "width": 2.5, "spacing": 0.2, "angle": 0.26133018732070923, "_src_file": "LDZOFBB099.WT", "_src_id": 1255 }, "geometry": { "type": "Point", "coordinates": [ 74.469639126315954, 39.991235556404092 ] } },
{ "type": "Feature", "properties": { "ID": 7, "FEATUREID": "OFBB099C1AJ430010020001257", "CHFCAC": "001257", "CHFCEC": "代号", "CHFCED": "#+1", "point_type": 0, "symbol_no": 0, "height": 2.0, "width": 2.0, "spacing": 0.2, "angle": 0.25763174891471863, "_src_file": "LDZOFBB099.WT", "_src_id": 1256 }, "geometry": { "type": "Point", "coordinates": [ 74.477063976044477, 39.992908243667763 ] } },
{ "type": "Feature", "properties": { "ID": 1, "FEATUREID": "OFBB099C1AJ430010020001258", "CHFCAC": "001258", "CHFCEC": "代号", "CHFCED": "Ch", "point_type": 0, "symbol_no": 0, "height": 2.5, "width": 2.5, "spacing": 0.2, "angle": 0.25200343132019043, "_src_file": "LDZOFBB099.WT", "_src_id": 1257 }, "geometry": { "type": "Point", "coordinates": [ 74.48586975880643, 39.199015902146947 ] } },
{ "type": "Feature", "properties": { "ID": 81, "FEATUREID": "OFBB099C1AJ430010020001259", "CHFCAC": "001259", "CHFCEC": "代号", "CHFCED": "D#-3", "point_type": 0, "symbol_no": 0, "height": 2.5, "width": 2.5, "spacing": 0.20012936, "angle": 0.29889795184135437, "_src_file": "LDZOFBB099.WT", "_src_id": 1258 }, "geometry": { "type": "Point", "coordinates": [ 74.393469729266215, 39.942843288049929 ] } },
{ "type": "Feature", "properties": { "ID": 7, "FEATUREID": "OFBB099C1AJ430010020001260", "CHFCAC": "001260", "CHFCEC": "代号", "CHFCED": "kz", "point_type": 0, "symbol_no": 0, "height": 2.5, "width": 2.5, "spacing": 0.2, "angle": 0.29443079233169556, "_src_file": "LDZOFBB099.WT", "_src_id": 1259 }, "geometry": { "type": "Point", "coordinates": [ 74.402445302491529, 39.942436490398102 ] } },
{ "type": "Feature", "properties": { "ID": 7, "FEATUREID": "OFBB099C1AJ430010020001261", "CHFCAC": "001261", "CHFCEC": "代号", "CHFCED": "#+3", "point_type": 0, "symbol_no": 0, "height": 2.0, "width": 2.0, "spacing": 0.2, "angle": 0.29076766967773438, "_src_file": "LDZOFBB099.WT", "_src_id": 1260 }, "geometry": { "type": "Point", "coordinates": [ 74.409865211877417, 39.944113446806938 ] } },
{ "type": "Feature", "properties": { "ID": 81, "FEATUREID": "OFBB099C1AJ430010020001262", "CHFCAC": "001262", "CHFCEC": "代号", "CHFCED": "D#-3", "point_type": 0, "symbol_no": 0, "height": 2.5, "width": 2.5, "spacing": 0.20012936, "angle": 0.28614449501037598, "_src_file": "LDZOFBB099.WT", "_src_id": 1261 }, "geometry": { "type": "Point", "coordinates": [ 74.419293367353731, 39.947791874973476 ] } },
{ "type": "Feature", "properties": { "ID": 7, "FEATUREID": "OFBB099C1AJ430010020001263", "CHFCAC": "001263", "CHFCEC": "代号", "CHFCED": "kz", "point_type": 0, "symbol_no": 0, "height": 2.5, "width": 2.5, "spacing": 0.2, "angle": 0.2816770076751709, "_src_file": "LDZOFBB099.WT", "_src_id": 1262 }, "geometry": { "type": "Point", "coordinates": [ 74.428270452414509, 39.9473830816587 ] } },
{ "type": "Feature", "properties": { "ID": 7, "FEATUREID": "OFBB099C1AJ430010020001264", "CHFCAC": "001264", "CHFCEC": "代号", "CHFCED": "#+3", "point_type": 0, "symbol_no": 0, "height": 2.0, "width": 2.0, "spacing": 0.2, "angle": 0.27801308035850525, "_src_file": "LDZOFBB099.WT", "_src_id": 1263 }, "geometry": { "type": "Point", "coordinates": [ 74.435687539653131, 39.949058392273102 ] } },
{ "type": "Feature", "properties": { "ID": 81, "FEATUREID": "OFBB099C1AJ430010020001265", "CHFCAC": "001265", "CHFCEC": "代号", "CHFCED": "D#-3", "point_type": 0, "symbol_no": 0, "height": 2.5, "width": 2.5, "spacing": 0.20012936, "angle": 0.29286655783653259, "_src_file": "LDZOFBB099.WT", "_src_id": 1264 }, "geometry": { "type": "Point", "coordinates": [ 74.405544138995651, 39.923539387074243 ] } },
{ "type": "Feature", "properties": { "ID": 7, "FEATUREID": "OFBB099C1AJ430010020001266", "CHFCAC": "001266", "CHFCEC": "代号", "CHFCED": "kz", "point_type": 0, "symbol_no": 0, "height": 2.5, "width": 2.5, "spacing": 0.2, "angle": 0.28843173384666443, "_src_file": "LDZOFBB099.WT", "_src_id": 1265 }, "geometry": { "type": "Point", "coordinates": [ 74.414515126257129, 39.923131634478139 ] } },
{ "type": "Feature", "properties": { "ID": 7, "FEATUREID": "OFBB099C1AJ430010020001267", "CHFCAC": "001267", "CHFCEC": "代号", "CHFCED": "#+2", "point_type": 0, "symbol_no": 0, "height": 2.0, "width": 2.0, "spacing": 0.2, "angle": 0.28480041027069092, "_src_file": "LDZOFBB099.WT", "_src_id": 1266 }, "geometry": { "type": "Point", "coordinates": [ 74.421931258753233, 39.924807811259086 ] } },
{ "type": "Feature", "properties": { "ID": 1, "FEATUREID": "OFBB099C1AJ430010020001268", "CHFCAC": "001268", "CHFCEC": "代号", "CHFCED": "K#-2", "point_type": 0, "symbol_no": 0, "height": 2.5, "width": 2.5, "spacing": 0.2, "angle": 0.34848272800445557, "_src_file": "LDZOFBB099.WT", "_src_id": 1267 }, "geometry": { "type": "Point", "coordinates": [ 74.29296985334318, 39.916679828823888 ] } },
{ "type": "Feature", "properties": { "ID": 1, "FEATUREID": "OFBB099C1AJ430010020001269", "CHFCAC": "001269", "CHFCEC": "代号", "CHFCED": "Y", "point_type": 0, "symbol_no": 0, "height": 2.5, "width": 2.5, "spacing": 0.2, "angle": 0.34448292851448059, "_src_file": "LDZOFBB099.WT", "_src_id": 1268 }, "geometry": { "type": "Point", "coordinates": [ 74.301064054943623, 39.916670534851612 ] } },
{ "type": "Feature", "properties": { "ID": 1, "FEATUREID": "OFBB099C1AJ430010020001270", "CHFCAC": "001270", "CHFCEC": "代号", "CHFCED": "K#-2", "point_type": 0, "symbol_no": 0, "height": 2.5, "width": 2.5, "spacing": 0.2, "angle": 0.373382568359375, "_src_file": "LDZOFBB099.WT", "_src_id": 1269 }, "geometry": { "type": "Point", "coordinates": [ 74.242525589676902, 39.904956510536017 ] } },
{ "type": "Feature", "properties": { "ID": 1, "FEATUREID": "OFBB099C1AJ430010020001271", "CHFCAC": "001271", "CHFCEC": "代号", "CHFCED": "Y", "point_type": 0, "symbol_no": 0, "height": 2.5, "width": 2.5, "spacing": 0.2, "angle": 0.36938366293907166, "_src_file": "LDZOFBB099.WT", "_src_id": 1270 }, "geometry": { "type": "Point", "coordinates": [ 74.250620375402818, 39.904950725669593 ] } },
{ "type": "Feature", "properties": { "ID": 81, "FEATUREID": "OFBB099C1AJ430010020001272", "CHFCAC": "001272", "CHFCEC": "代号", "CHFCED": "D#-3", "point_type": 0, "symbol_no": 0, "height": 2.5, "width": 2.5, "spacing": 0.20012936, "angle": 0.30885723233222961, "_src_file": "LDZOFBB099.WT", "_src_id": 1271 }, "geometry": { "type": "Point", "coordinates": [ 74.373289069112374, 39.950882027098935 ] } },
{ "type": "Feature", "properties": { "ID": 7, "FEATUREID": "OFBB099C1AJ430010020001273", "CHFCAC": "001273", "CHFCEC": "代号", "CHFCED": "kz", "point_type": 0, "symbol_no": 0, "height": 2.5, "width": 2.5, "spacing": 0.2, "angle": 0.30441975593566895, "_src_file": "LDZOFBB099.WT", "_src_id": 1272 }, "geometry": { "type": "Point", "coordinates": [ 74.382265798264427, 39.950476801731988 ] } },
{ "type": "Feature", "properties": { "ID": 7, "FEATUREID": "OFBB099C1AJ430010020001274", "CHFCAC": "001274", "CHFCEC": "代号", "CHFCED": "#+3", "point_type": 0, "symbol_no": 0, "height": 2.0, "width": 2.0, "spacing": 0.2, "angle": 0.30078691244125366, "_src_file": "LDZOFBB099.WT", "_src_id": 1273 }, "geometry": { "type": "Point", "coordinates": [ 74.389684068688751, 39.952155050173758 ] } },
{ "type": "Feature", "properties": { "ID": 1, "FEATUREID": "OFBB099C1AJ430010020001275", "CHFCAC": "001275", "CHFCEC": "代号", "CHFCED": "K#-2", "point_type": 0, "symbol_no": 0, "height": 2.5, "width": 2.5, "spacing": 0.2, "angle": 0.34612783789634705, "_src_file": "LDZOFBB099.WT", "_src_id": 1274 }, "geometry": { "type": "Point", "coordinates": [ 74.297889864074179, 39.952878590450091 ] } },
{ "type": "Feature", "properties": { "ID": 1, "FEATUREID": "OFBB099C1AJ430010020001276", "CHFCAC": "001276", "CHFCEC": "代号", "CHFCED": "Y", "point_type": 0, "symbol_no": 0, "height": 2.5, "width": 2.5, "spacing": 0.2, "angle": 0.34212499856948853, "_src_file": "LDZOFBB099.WT", "_src_id": 1275 }, "geometry": { "type": "Point", "coordinates": [ 74.305988335151241, 39.952868989653773 ] } },
{ "type": "Feature", "properties": { "ID": 81, "FEATUREID": "OFBB099C1AJ430010020001277", "CHFCAC": "001277", "CHFCEC": "代号", "CHFCED": "D#-3", "point_type": 0, "symbol_no": 0, "height": 2.5, "width": 2.5, "spacing": 0.20012936, "angle": 0.28504085540771484, "_src_file": "LDZOFBB099.WT", "_src_id": 1276 }, "geometry": { "type": "Point", "coordinates": [ 74.421581970314747, 39.981704150711316 ] } },
{ "type": "Feature", "properties": { "ID": 7, "FEATUREID": "OFBB099C1AJ430010020001278", "CHFCAC": "001278", "CHFCEC": "代号", "CHFCED": "kz", "point_type": 0, "symbol_no": 0, "height": 2.5, "width": 2.5, "spacing": 0.2, "angle": 0.28145310282707214, "_src_file": "LDZOFBB099.WT", "_src_id": 1277 }, "geometry": { "type": "Point", "coordinates": [ 74.428901456189834, 39.9817120575226 ] } },
{ "type": "Feature", "properties": { "ID": 7, "FEATUREID": "OFBB099C1AJ430010020001279", "CHFCAC": "001279", "CHFCEC": "代号", "CHFCED": "#+2", "point_type": 0, "symbol_no": 0, "height": 2.0, "width": 2.0, "spacing": 0.2, "angle": 0.2780291736125946, "_src_file": "LDZOFBB099.WT", "_src_id": 1278 }, "geometry": { "type": "Point", "coordinates": [ 74.435771748613035, 39.983384653819094 ] } },
{ "type": "Feature", "properties": { "ID": 1, "FEATUREID": "OFBB099C1AJ430010020001280", "CHFCAC": "001280", "CHFCEC": "代号", "CHFCED": "K#-2", "point_type": 0, "symbol_no": 0, "height": 2.5, "width": 2.5, "spacing": 0.2, "angle": 0.38424250483512878, "_src_file": "LDZOFBB099.WT", "_src_id": 1279 }, "geometry": { "type": "Point", "coordinates": [ 74.220479814516679, 39.890310153870672 ] } },
{ "type": "Feature", "properties": { "ID": 1, "FEATUREID": "OFBB099C1AJ430010020001281", "CHFCAC": "001281", "CHFCEC": "代号", "CHFCED": "Y", "point_type": 0, "symbol_no": 0, "height": 2.5, "width": 2.5, "spacing": 0.2, "angle": 0.38024479150772095, "_src_file": "LDZOFBB099.WT", "_src_id": 1280 }, "geometry": { "type": "Point", "coordinates": [ 74.228569859684228, 39.890305891544585 ] } },
{ "type": "Feature", "properties": { "ID": 74, "FEATUREID": "OFBB099C1AJ430010020001282", "CHFCAC": "001282", "CHFCEC": "代号", "CHFCED": "C#-2", "point_type": 0, "symbol_no": 0, "height": 2.5, "width": 2.5, "spacing": 0.20012936, "angle": 0.39780780673027039, "_src_file": "LDZOFBB099.WT", "_src_id": 1281 }, "geometry": { "type": "Point", "coordinates": [ 74.192977323932169, 39.893598868989308 ] } },
{ "type": "Feature", "properties": { "ID": 9, "FEATUREID": "OFBB099C1AJ430010020001283", "CHFCAC": "001283", "CHFCEC": "代号", "CHFCED": "P#-2", "point_type": 0, "symbol_no": 0, "height": 2.5, "width": 2.5, "spacing": 0.2, "angle": 0.36827212572097778, "_src_file": "LDZOFBB099.WT", "_src_id": 1282 }, "geometry": { "type": "Point", "coordinates": [ 74.249939402037526, 39.290687924047674 ] } },
{ "type": "Feature", "properties": { "ID": 1, "FEATUREID": "OFBB099C1AJ430010020001284", "CHFCAC": "001284", "CHFCEC": "代号", "CHFCED": "q", "point_type": 0, "symbol_no": 0, "height": 2.5, "width": 2.5, "spacing": 0.2, "angle": 0.36479243636131287, "_src_file": "LDZOFBB099.WT", "_src_id": 1283 }, "geometry": { "type": "Point", "coordinates": [ 74.25694576584111, 39.290480868896431 ] } },
{ "type": "Feature", "properties": { "ID": 12, "FEATUREID": "OFBB099C1AJ430010020001285", "CHFCAC": "001285", "CHFCEC": "代号", "CHFCED": "Ch", "point_type": 0, "symbol_no": 0, "height": 2.5, "width": 2.5, "spacing": 0.2, "angle": 0.525104820728302, "_src_file": "LDZOFBB099.WT", "_src_id": 1284 }, "geometry": { "type": "Point", "coordinates": [ 73.929156412532137, 39.025182778315738 ] } },
{ "type": "Feature", "properties": { "ID": 12, "FEATUREID": "OFBB099C1AJ430010020001286", "CHFCAC": "001286", "CHFCEC": "代号", "CHFCED": "St.", "point_type": 0, "symbol_no": 0, "height": 2.5, "width": 2.5, "spacing": 0.2, "angle": 0.52063369750976562, "_src_file": "LDZOFBB099.WT", "_src_id": 1285 }, "geometry": { "type": "Point", "coordinates": [ 73.938320047590338, 39.025266579860229 ] } },
{ "type": "Feature", "properties": { "ID": 12, "FEATUREID": "OFBB099C1AJ430010020001287", "CHFCAC": "001287", "CHFCEC": "代号", "CHFCED": "Ch", "point_type": 0, "symbol_no": 0, "height": 2.5, "width": 2.5, "spacing": 0.2, "angle": 0.54221260547637939, "_src_file": "LDZOFBB099.WT", "_src_id": 1286 }, "geometry": { "type": "Point", "coordinates": [ 73.894524422735998, 39.048975250745485 ] } },
{ "type": "Feature", "properties": { "ID": 12, "FEATUREID": "OFBB099C1AJ430010020001288", "CHFCAC": "001288", "CHFCEC": "代号", "CHFCED": "St.", "point_type": 0, "symbol_no": 0, "height": 2.5, "width": 2.5, "spacing": 0.2, "angle": 0.53773915767669678, "_src_file": "LDZOFBB099.WT", "_src_id": 1287 }, "geometry": { "type": "Point", "coordinates": [ 73.903691037343648, 39.049061817121483 ] } },
{ "type": "Feature", "properties": { "ID": 9, "FEATUREID": "OFBB099C1AJ430010020001289", "CHFCAC": "001289", "CHFCEC": "代号", "CHFCED": "P#-2", "point_type": 0, "symbol_no": 0, "height": 2.5, "width": 2.5, "spacing": 0.2, "angle": 0.5201752781867981, "_src_file": "LDZOFBB099.WT", "_src_id": 1288 }, "geometry": { "type": "Point", "coordinates": [ 73.941639621310088, 39.354113069547779 ] } },
{ "type": "Feature", "properties": { "ID": 1, "FEATUREID": "OFBB099C1AJ430010020001290", "CHFCAC": "001290", "CHFCEC": "代号", "CHFCED": "q", "point_type": 0, "symbol_no": 0, "height": 2.5, "width": 2.5, "spacing": 0.2, "angle": 0.51672065258026123, "_src_file": "LDZOFBB099.WT", "_src_id": 1289 }, "geometry": { "type": "Point", "coordinates": [ 73.948655901423407, 39.353924673312939 ] } },
{ "type": "Feature", "properties": { "ID": 12, "FEATUREID": "OFBB099C1AJ430010020001291", "CHFCAC": "001291", "CHFCEC": "代号", "CHFCED": "Ch", "point_type": 0, "symbol_no": 0, "height": 2.5, "width": 2.5, "spacing": 0.2, "angle": 0.63291651010513306, "_src_file": "LDZOFBB099.WT", "_src_id": 1290 }, "geometry": { "type": "Point", "coordinates": [ 73.710743780005473, 39.142535851002336 ] } },
{ "type": "Feature", "properties": { "ID": 12, "FEATUREID": "OFBB099C1AJ430010020001292", "CHFCAC": "001292", "CHFCEC": "代号", "CHFCED": "St.", "point_type": 0, "symbol_no": 0, "height": 2.5, "width": 2.5, "spacing": 0.2, "angle": 0.62840348482131958, "_src_file": "LDZOFBB099.WT", "_src_id": 1291 }, "geometry": { "type": "Point", "coordinates": [ 73.719922962536913, 39.14263706479435 ] } },
{ "type": "Feature", "properties": { "ID": 67, "FEATUREID": "OFBB099C1AJ430010020001293", "CHFCAC": "001293", "CHFCEC": "代号", "CHFCED": "#=kk", "point_type": 0, "symbol_no": 0, "height": 2.512151, "width": 2.5128417, "spacing": 0.0, "angle": 0.85701900720596313, "_src_file": "LDZOFBB099.WT", "_src_id": 1292 }, "geometry": { "type": "Point", "coordinates": [ 74.24014272545763, 39.936724819615407 ] } },
{ "type": "Feature", "properties": { "ID": 67, "FEATUREID": "OFBB099C1AJ430010020001294", "CHFCAC": "001294", "CHFCEC": "代号", "CHFCED": "#=kk", "point_type": 0, "symbol_no": 0, "height": 2.512151, "width": 2.5128417, "spacing": 0.0, "angle": 0.87636882066726685, "_src_file": "LDZOFBB099.WT", "_src_id": 1293 }, "geometry": { "type": "Point", "coordinates": [ 74.200824445625301, 39.893989807781409 ] } },
{ "type": "Feature", "properties": { "ID": 66, "FEATUREID": "OFBB099C1AJ430010020001295", "CHFCAC": "001295", "CHFCEC": "代号", "CHFCED": "C#-2", "point_type": 0, "symbol_no": 0, "height": 2.512151, "width": 2.5128417, "spacing": 0.0, "angle": 0.78980934619903564, "_src_file": "LDZOFBB099.WT", "_src_id": 1294 }, "geometry": { "type": "Point", "coordinates": [ 74.376413637184456, 39.992695776225816 ] } },
{ "type": "Feature", "properties": { "ID": 67, "FEATUREID": "OFBB099C1AJ430010020001296", "CHFCAC": "001296", "CHFCEC": "代号", "CHFCED": "#=kk", "point_type": 0, "symbol_no": 0, "height": 2.512151, "width": 2.5128417, "spacing": 0.0, "angle": 0.78649687767028809, "_src_file": "LDZOFBB099.WT", "_src_id": 1295 }, "geometry": { "type": "Point", "coordinates": [ 74.383087136117538, 39.992436959709501 ] } },
{ "type": "Feature", "properties": { "ID": 1, "FEATUREID": "OFBB099C1AJ430010020001297", "CHFCAC": "001297", "CHFCEC": "代号", "CHFCED": "K#-2", "point_type": 0, "symbol_no": 0, "height": 2.5, "width": 2.5, "spacing": 0.2, "angle": 0.23650231957435608, "_src_file": "LDZOFBB099.WT", "_src_id": 1296 }, "geometry": { "type": "Point", "coordinates": [ 74.517965561392757, 39.37305922358923 ] } },
{ "type": "Feature", "properties": { "ID": 14, "FEATUREID": "OFBB099C1AJ430010020001298", "CHFCAC": "001298", "CHFCEC": "代号", "CHFCED": "t", "point_type": 0, "symbol_no": 0, "height": 2.5, "width": 2.5, "spacing": 0.2, "angle": 0.41311228275299072, "_src_file": "LDZOFBB099.WT", "_src_id": 1297 }, "geometry": { "type": "Point", "coordinates": [ 74.159029406347003, 39.335853062766716 ] } },
{ "type": "Feature", "properties": { "ID": 98, "FEATUREID": "OFBB099C1AJ430010020001299", "CHFCAC": "001299", "CHFCEC": "代号", "CHFCED": "D#-2", "point_type": 0, "symbol_no": 0, "height": 2.512151, "width": 2.5128417, "spacing": 0.0, "angle": 0.79180794954299927, "_src_file": "LDZOFBB099.WT", "_src_id": 1298 }, "geometry": { "type": "Point", "coordinates": [ 74.372025251965852, 39.914121247448129 ] } },
{ "type": "Feature", "properties": { "ID": 99, "FEATUREID": "OFBB099C1AJ430010020001300", "CHFCAC": "001300", "CHFCEC": "代号", "CHFCED": "#=t", "point_type": 0, "symbol_no": 0, "height": 2.512151, "width": 2.5128417, "spacing": 0.0, "angle": 0.78783679008483887, "_src_file": "LDZOFBB099.WT", "_src_id": 1299 }, "geometry": { "type": "Point", "coordinates": [ 74.380089854992079, 39.914194851129821 ] } },
{ "type": "Feature", "properties": { "ID": 45, "FEATUREID": "OFBB099C1AJ430010020001301", "CHFCAC": "001301", "CHFCEC": "代号", "CHFCED": "C#-2#=P#-1", "point_type": 0, "symbol_no": 0, "height": 2.5, "width": 2.5, "spacing": 0.2, "angle": 0.30781805515289307, "_src_file": "LDZOFBB099.WT", "_src_id": 1300 }, "geometry": { "type": "Point", "coordinates": [ 74.372935978629144, 39.327037042835308 ] } },
{ "type": "Feature", "properties": { "ID": 14, "FEATUREID": "OFBB099C1AJ430010020001302", "CHFCAC": "001302", "CHFCEC": "代号", "CHFCED": "t", "point_type": 0, "symbol_no": 0, "height": 2.5, "width": 2.5, "spacing": 0.2, "angle": 0.30047053098678589, "_src_file": "LDZOFBB099.WT", "_src_id": 1301 }, "geometry": { "type": "Point", "coordinates": [ 74.387859331916658, 39.326540055544548 ] } },
{ "type": "Feature", "properties": { "ID": 91, "FEATUREID": "OFBB099C1AJ430010020001303", "CHFCAC": "001303", "CHFCEC": "代号", "CHFCED": "Qp#-3", "point_type": 0, "symbol_no": 0, "height": 2.5, "width": 2.5, "spacing": 0.2, "angle": 0.21823203563690186, "_src_file": "LDZOFBB099.WT", "_src_id": 1302 }, "geometry": { "type": "Point", "coordinates": [ 74.555106834067956, 39.384247573865082 ] } },
{ "type": "Feature", "properties": { "ID": 93, "FEATUREID": "OFBB099C1AJ430010020001304", "CHFCAC": "001304", "CHFCEC": "代号", "CHFCED": "#+gfl", "point_type": 0, "symbol_no": 0, "height": 2.5, "width": 2.5, "spacing": 0.2, "angle": 0.21290186047554016, "_src_file": "LDZOFBB099.WT", "_src_id": 1303 }, "geometry": { "type": "Point", "coordinates": [ 74.565929725191836, 39.384054834301089 ] } },
{ "type": "Feature", "properties": { "ID": 9, "FEATUREID": "OFBB099C1AJ430010020001305", "CHFCAC": "001305", "CHFCEC": "代号", "CHFCED": "P#-2", "point_type": 0, "symbol_no": 0, "height": 2.5, "width": 2.5, "spacing": 0.2, "angle": 0.21349117159843445, "_src_file": "LDZOFBB099.WT", "_src_id": 1304 }, "geometry": { "type": "Point", "coordinates": [ 74.564429532887047, 39.281413769833186 ] } },
{ "type": "Feature", "properties": { "ID": 1, "FEATUREID": "OFBB099C1AJ430010020001306", "CHFCAC": "001306", "CHFCEC": "代号", "CHFCED": "q", "point_type": 0, "symbol_no": 0, "height": 2.5, "width": 2.5, "spacing": 0.2, "angle": 0.21004356443881989, "_src_file": "LDZOFBB099.WT", "_src_id": 1305 }, "geometry": { "type": "Point", "coordinates": [ 74.571435180978341, 39.281187771962564 ] } },
{ "type": "Feature", "properties": { "ID": 9, "FEATUREID": "OFBB099C1AJ430010020001307", "CHFCAC": "001307", "CHFCEC": "代号", "CHFCED": "P#-2", "point_type": 0, "symbol_no": 0, "height": 2.5, "width": 2.5, "spacing": 0.2, "angle": 0.19670814275741577, "_src_file": "LDZOFBB099.WT", "_src_id": 1306 }, "geometry": { "type": "Point", "coordinates": [ 74.598579190958446, 39.275120552762232 ] } },
{ "type": "Feature", "properties": { "ID": 1, "FEATUREID": "OFBB099C1AJ430010020001308", "CHFCAC": "001308", "CHFCEC": "代号", "CHFCED": "q", "point_type": 0, "symbol_no": 0, "height": 2.5, "width": 2.5, "spacing": 0.2, "angle": 0.19351603090763092, "_src_file": "LDZOFBB099.WT", "_src_id": 1307 }, "geometry": { "type": "Point", "coordinates": [ 74.60506947328193, 39.275816439838522 ] } },
{ "type": "Feature", "properties": { "ID": 9, "FEATUREID": "OFBB099C1AJ430010020001309", "CHFCAC": "001309", "CHFCEC": "代号", "CHFCED": "P#-2", "point_type": 0, "symbol_no": 0, "height": 2.5, "width": 2.5, "spacing": 0.2, "angle": 0.16041019558906555, "_src_file": "LDZOFBB099.WT", "_src_id": 1308 }, "geometry": { "type": "Point", "coordinates": [ 74.672205829554116, 39.239181812188043 ] } },
{ "type": "Feature", "properties": { "ID": 1, "FEATUREID": "OFBB099C1AJ430010020001310", "CHFCAC": "001310", "CHFCEC": "代号", "CHFCED": "q", "point_type": 0, "symbol_no": 0, "height": 2.5, "width": 2.5, "spacing": 0.2, "angle": 0.15699648857116699, "_src_file": "LDZOFBB099.WT", "_src_id": 1309 }, "geometry": { "type": "Point", "coordinates": [ 74.679208956079563, 39.238949308161672 ] } },
{ "type": "Feature", "properties": { "ID": 12, "FEATUREID": "OFBB099C1AJ430010020001311", "CHFCAC": "001311", "CHFCEC": "代号", "CHFCED": "Ch", "point_type": 0, "symbol_no": 0, "height": 2.5, "width": 2.5, "spacing": 0.2, "angle": 0.41850617527961731, "_src_file": "LDZOFBB099.WT", "_src_id": 1310 }, "geometry": { "type": "Point", "coordinates": [ 74.146661356902371, 39.099330679060415 ] } },
{ "type": "Feature", "properties": { "ID": 12, "FEATUREID": "OFBB099C1AJ430010020001312", "CHFCAC": "001312", "CHFCEC": "代号", "CHFCED": "St.", "point_type": 0, "symbol_no": 0, "height": 2.5, "width": 2.5, "spacing": 0.2, "angle": 0.41402798891067505, "_src_file": "LDZOFBB099.WT", "_src_id": 1311 }, "geometry": { "type": "Point", "coordinates": [ 74.155835104188313, 39.099397496074765 ] } },
{ "type": "Feature", "properties": { "ID": 12, "FEATUREID": "OFBB099C1AJ430010020001313", "CHFCAC": "001313", "CHFCEC": "代号", "CHFCED": "Ch", "point_type": 0, "symbol_no": 0, "height": 2.5, "width": 2.5, "spacing": 0.2, "angle": 0.42141568660736084, "_src_file": "LDZOFBB099.WT", "_src_id": 1312 }, "geometry": { "type": "Point", "coordinates": [ 74.14053511280315, 39.065764240937398 ] } },
{ "type": "Feature", "properties": { "ID": 12, "FEATUREID": "OFBB099C1AJ430010020001314", "CHFCAC": "001314", "CHFCEC": "代号", "CHFCED": "St.", "point_type": 0, "symbol_no": 0, "height": 2.5, "width": 2.5, "spacing": 0.2, "angle": 0.41691020131111145, "_src_file": "LDZOFBB099.WT", "_src_id": 1313 }, "geometry": { "type": "Point", "coordinates": [ 74.149706500311822, 39.065831492122008 ] } },
{ "type": "Feature", "properties": { "ID": 12, "FEATUREID": "OFBB099C1AJ430010020001315", "CHFCAC": "001315", "CHFCEC": "代号", "CHFCED": "Ch", "point_type": 0, "symbol_no": 0, "height": 2.5, "width": 2.5, "spacing": 0.2, "angle": 0.40715882182121277, "_src_file": "LDZOFBB099.WT", "_src_id": 1314 }, "geometry": { "type": "Point", "coordinates": [ 74.169679701897962, 39.077103508988792 ] } },
{ "type": "Feature", "properties": { "ID": 12, "FEATUREID": "OFBB099C1AJ430010020001316", "CHFCAC": "001316", "CHFCEC": "代号", "CHFCED": "St.", "point_type": 0, "symbol_no": 0, "height": 2.5, "width": 2.5, "spacing": 0.2, "angle": 0.40262174606323242, "_src_file": "LDZOFBB099.WT", "_src_id": 1315 }, "geometry": { "type": "Point", "coordinates": [ 74.178849617533004, 39.077168483956207 ] } },
{ "type": "Feature", "properties": { "ID": 12, "FEATUREID": "OFBB099C1AJ430010020001317", "CHFCAC": "001317", "CHFCEC": "代号", "CHFCED": "Ch", "point_type": 0, "symbol_no": 0, "height": 2.5, "width": 2.5, "spacing": 0.2, "angle": 0.42207613587379456, "_src_file": "LDZOFBB099.WT", "_src_id": 1316 }, "geometry": { "type": "Point", "coordinates": [ 74.139074981736485, 39.046703777544735 ] } },
{ "type": "Feature", "properties": { "ID": 12, "FEATUREID": "OFBB099C1AJ430010020001318", "CHFCAC": "001318", "CHFCEC": "代号", "CHFCED": "St.", "point_type": 0, "symbol_no": 0, "height": 2.5, "width": 2.5, "spacing": 0.2, "angle": 0.4175724983215332, "_src_file": "LDZOFBB099.WT", "_src_id": 1317 }, "geometry": { "type": "Point", "coordinates": [ 74.148239901051468, 39.046771116429582 ] } },
{ "type": "Feature", "properties": { "ID": 9, "FEATUREID": "OFBB099C1AJ430010020001319", "CHFCAC": "001319", "CHFCEC": "代号", "CHFCED": "γο", "point_type": 0, "symbol_no": 0, "height": 2.5, "width": 2.5, "spacing": -1.0, "angle": 0.036367032676935196, "_src_file": "LDZOFBB099.WT", "_src_id": 1318 }, "geometry": { "type": "Point", "coordinates": [ 74.924379473444489, 39.12881065255025 ] } },
{ "type": "Feature", "properties": { "ID": 263, "FEATUREID": "OFBB099C1AJ430010020001320", "CHFCAC": "001320", "CHFCEC": "代号", "CHFCED": "C#-2", "point_type": 0, "symbol_no": 0, "height": 2.5, "width": 2.5, "spacing": 0.2, "angle": 0.032235104590654373, "_src_file": "LDZOFBB099.WT", "_src_id": 1319 }, "geometry": { "type": "Point", "coordinates": [ 74.932786606071573, 39.128224598800898 ] } },
{ "type": "Feature", "properties": { "ID": 85, "FEATUREID": "OFBB099C1AJ430010020001321", "CHFCAC": "001321", "CHFCEC": "代号", "CHFCED": "γδ", "point_type": 0, "symbol_no": 0, "height": 2.5, "width": 2.5, "spacing": -1.5, "angle": 0.43901416659355164, "_src_file": "LDZOFBB099.WT", "_src_id": 1320 }, "geometry": { "type": "Point", "coordinates": [ 74.104468784728539, 39.02635193437434 ] } },
{ "type": "Feature", "properties": { "ID": 85, "FEATUREID": "OFBB099C1AJ430010020001322", "CHFCAC": "001322", "CHFCEC": "代号", "CHFCED": "γδ", "point_type": 0, "symbol_no": 0, "height": 2.5, "width": 2.5, "spacing": -1.5, "angle": 0.46638664603233337, "_src_file": "LDZOFBB099.WT", "_src_id": 1321 }, "geometry": { "type": "Point", "coordinates": [ 74.048795080692017, 39.033136324642477 ] } },
{ "type": "Feature", "properties": { "ID": 47, "FEATUREID": "OFBB099C1AJ430010020001323", "CHFCAC": "001323", "CHFCEC": "代号", "CHFCED": "ηγ", "point_type": 0, "symbol_no": 0, "height": 2.5, "width": 2.5, "spacing": -1.0, "angle": 0.50418764352798462, "_src_file": "LDZOFBB099.WT", "_src_id": 1322 }, "geometry": { "type": "Point", "coordinates": [ 73.972471181038301, 39.116976970594351 ] } },
{ "type": "Feature", "properties": { "ID": 110, "FEATUREID": "OFBB099C1AJ430010020001324", "CHFCAC": "001324", "CHFCEC": "代号", "CHFCED": "T#-2", "point_type": 0, "symbol_no": 0, "height": 2.5, "width": 2.5, "spacing": 0.2, "angle": 0.49997127056121826, "_src_file": "LDZOFBB099.WT", "_src_id": 1323 }, "geometry": { "type": "Point", "coordinates": [ 73.981039698938218, 39.115561690279378 ] } },
{ "type": "Feature", "properties": { "ID": 47, "FEATUREID": "OFBB099C1AJ430010020001325", "CHFCAC": "001325", "CHFCEC": "代号", "CHFCED": "ηγ", "point_type": 0, "symbol_no": 0, "height": 2.5, "width": 2.5, "spacing": -1.0, "angle": 0.54172354936599731, "_src_file": "LDZOFBB099.WT", "_src_id": 1324 }, "geometry": { "type": "Point", "coordinates": [ 73.896181981036563, 39.132748209025081 ] } },
{ "type": "Feature", "properties": { "ID": 110, "FEATUREID": "OFBB099C1AJ430010020001326", "CHFCAC": "001326", "CHFCEC": "代号", "CHFCED": "T#-2", "point_type": 0, "symbol_no": 0, "height": 2.5, "width": 2.5, "spacing": 0.2, "angle": 0.53750455379486084, "_src_file": "LDZOFBB099.WT", "_src_id": 1325 }, "geometry": { "type": "Point", "coordinates": [ 73.904751835417144, 39.131338589607005 ] } },
{ "type": "Feature", "properties": { "ID": 47, "FEATUREID": "OFBB099C1AJ430010020001327", "CHFCAC": "001327", "CHFCEC": "代号", "CHFCED": "ηγ", "point_type": 0, "symbol_no": 0, "height": 2.5, "width": 2.5, "spacing": -1.0, "angle": 0.54937601089477539, "_src_file": "LDZOFBB099.WT", "_src_id": 1326 }, "geometry": { "type": "Point", "coordinates": [ 73.880231538538581, 39.084517088487033 ] } },
{ "type": "Feature", "properties": { "ID": 110, "FEATUREID": "OFBB099C1AJ430010020001328", "CHFCAC": "001328", "CHFCEC": "代号", "CHFCED": "T#-2", "point_type": 0, "symbol_no": 0, "height": 2.5, "width": 2.5, "spacing": 0.2, "angle": 0.54516106843948364, "_src_file": "LDZOFBB099.WT", "_src_id": 1327 }, "geometry": { "type": "Point", "coordinates": [ 73.88879582358031, 39.083108550643651 ] } },
{ "type": "Feature", "properties": { "ID": 47, "FEATUREID": "OFBB099C1AJ430010020001329", "CHFCAC": "001329", "CHFCEC": "代号", "CHFCED": "ηγ", "point_type": 0, "symbol_no": 0, "height": 2.5, "width": 2.5, "spacing": -1.0, "angle": 0.50573056936264038, "_src_file": "LDZOFBB099.WT", "_src_id": 1328 }, "geometry": { "type": "Point", "coordinates": [ 73.969128935014524, 39.089056153407185 ] } },
{ "type": "Feature", "properties": { "ID": 110, "FEATUREID": "OFBB099C1AJ430010020001330", "CHFCAC": "001330", "CHFCEC": "代号", "CHFCED": "T#-2", "point_type": 0, "symbol_no": 0, "height": 2.5, "width": 2.5, "spacing": 0.2, "angle": 0.50151669979095459, "_src_file": "LDZOFBB099.WT", "_src_id": 1329 }, "geometry": { "type": "Point", "coordinates": [ 73.977691123431484, 39.087641068050196 ] } },
{ "type": "Feature", "properties": { "ID": 12, "FEATUREID": "OFBB099C1AJ430010020001331", "CHFCAC": "001331", "CHFCEC": "代号", "CHFCED": "Ch", "point_type": 0, "symbol_no": 0, "height": 2.5, "width": 2.5, "spacing": 0.2, "angle": 0.60845452547073364, "_src_file": "LDZOFBB099.WT", "_src_id": 1330 }, "geometry": { "type": "Point", "coordinates": [ 73.759743519635109, 39.051589063894454 ] } },
{ "type": "Feature", "properties": { "ID": 12, "FEATUREID": "OFBB099C1AJ430010020001332", "CHFCAC": "001332", "CHFCEC": "代号", "CHFCED": "St.", "point_type": 0, "symbol_no": 0, "height": 2.5, "width": 2.5, "spacing": 0.2, "angle": 0.60395032167434692, "_src_file": "LDZOFBB099.WT", "_src_id": 1331 }, "geometry": { "type": "Point", "coordinates": [ 73.768909073891905, 39.051686230406744 ] } },
{ "type": "Feature", "properties": { "ID": 85, "FEATUREID": "OFBB099C1AJ430010020001333", "CHFCAC": "001333", "CHFCEC": "代号", "CHFCED": "γ", "point_type": 0, "symbol_no": 0, "height": 2.5, "width": 2.5, "spacing": 0.2, "angle": 0.30342105031013489, "_src_file": "LDZOFBB099.WT", "_src_id": 1332 }, "geometry": { "type": "Point", "coordinates": [ 74.381437280602455, 39.226264910432491 ] } },
{ "type": "Feature", "properties": { "ID": 85, "FEATUREID": "OFBB099C1AJ430010020001334", "CHFCAC": "001334", "CHFCEC": "代号", "CHFCED": "o", "point_type": 0, "symbol_no": 0, "height": 2.5, "width": 2.5, "spacing": 0.2, "angle": 0.30142423510551453, "_src_file": "LDZOFBB099.WT", "_src_id": 1333 }, "geometry": { "type": "Point", "coordinates": [ 74.385499419116044, 39.226906113083075 ] } },
{ "type": "Feature", "properties": { "ID": 85, "FEATUREID": "OFBB099C1AJ430010020001335", "CHFCAC": "001335", "CHFCEC": "代号", "CHFCED": "C#-2", "point_type": 0, "symbol_no": 0, "height": 2.5, "width": 2.5, "spacing": 0.2, "angle": 0.29956170916557312, "_src_file": "LDZOFBB099.WT", "_src_id": 1334 }, "geometry": { "type": "Point", "coordinates": [ 74.389287850896594, 39.226926038176174 ] } },
{ "type": "Feature", "properties": { "ID": 88, "FEATUREID": "OFBB099C1AJ430010020001336", "CHFCAC": "001336", "CHFCEC": "代号", "CHFCED": "K#-1", "point_type": 0, "symbol_no": 0, "height": 2.5, "width": 2.5, "spacing": 0.20012936, "angle": 0.30003407597541809, "_src_file": "LDZOFBB099.WT", "_src_id": 1335 }, "geometry": { "type": "Point", "coordinates": [ 74.390861472495047, 39.875672419739772 ] } },
{ "type": "Feature", "properties": { "ID": 89, "FEATUREID": "OFBB099C1AJ430010020001337", "CHFCAC": "001337", "CHFCEC": "代号", "CHFCED": "#=kz", "point_type": 0, "symbol_no": 0, "height": 2.5, "width": 2.5, "spacing": 0.20012936, "angle": 0.29608437418937683, "_src_file": "LDZOFBB099.WT", "_src_id": 1336 }, "geometry": { "type": "Point", "coordinates": [ 74.398918578911292, 39.875746302097753 ] } },
{ "type": "Feature", "properties": { "ID": 3481, "FEATUREID": "OFBB099C1AJ430010020001338", "CHFCAC": "001338", "CHFCEC": "代号", "CHFCED": "χβ", "point_type": 0, "symbol_no": 0, "height": 2.5, "width": 2.5, "spacing": -1.0, "angle": 0.4264875054359436, "_src_file": "LDZOFBB099.WT", "_src_id": 1337 }, "geometry": { "type": "Point", "coordinates": [ 74.134822830954775, 39.860720248518128 ] } },
{ "type": "Feature", "properties": { "ID": 740, "FEATUREID": "OFBB099C1AJ430010020001339", "CHFCAC": "001339", "CHFCEC": "代号", "CHFCED": "Ch", "point_type": 0, "symbol_no": 0, "height": 2.5, "width": 2.5, "spacing": 0.0, "angle": 0.46769249439239502, "_src_file": "LDZOFBB099.WT", "_src_id": 1338 }, "geometry": { "type": "Point", "coordinates": [ 74.986979977040804, 39.614831606368121 ] } },
{ "type": "Feature", "properties": { "ID": 741, "FEATUREID": "OFBB099C1AJ430010020001340", "CHFCAC": "001340", "CHFCEC": "代号", "CHFCED": "#=A", "point_type": 0, "symbol_no": 0, "height": 2.5, "width": 2.5, "spacing": 0.0, "angle": 0.46395787596702576, "_src_file": "LDZOFBB099.WT", "_src_id": 1339 }, "geometry": { "type": "Point", "coordinates": [ 74.994514523575504, 39.614558341528934 ] } },
{ "type": "Feature", "properties": { "ID": 46, "FEATUREID": "OFBB099C1AJ430010020001341", "CHFCAC": "001341", "CHFCEC": "代号", "CHFCED": "γδ", "point_type": 0, "symbol_no": 0, "height": 2.5, "width": 2.5, "spacing": -1.2, "angle": 0.4771098792552948, "_src_file": "LDZOFBB099.WT", "_src_id": 1340 }, "geometry": { "type": "Point", "coordinates": [ 74.026741450432439, 39.000970516881331 ] } },
{ "type": "Feature", "properties": { "ID": 46, "FEATUREID": "OFBB099C1AJ430010020001342", "CHFCAC": "001342", "CHFCEC": "代号", "CHFCED": "T#-1", "point_type": 0, "symbol_no": 0, "height": 2.5, "width": 2.5, "spacing": 0.2, "angle": 0.47311779856681824, "_src_file": "LDZOFBB099.WT", "_src_id": 1341 }, "geometry": { "type": "Point", "coordinates": [ 74.034867517699467, 39.000752051066158 ] } },
{ "type": "Feature", "properties": { "ID": 46, "FEATUREID": "OFBB099C1AJ430010020001343", "CHFCAC": "001343", "CHFCEC": "代号", "CHFCED": "γδ", "point_type": 0, "symbol_no": 0, "height": 2.5, "width": 2.5, "spacing": -1.2, "angle": 0.4771098792552948, "_src_file": "LDZOFBB099.WT", "_src_id": 1342 }, "geometry": { "type": "Point", "coordinates": [ 74.026741450432439, 39.000970516881331 ] } },
{ "type": "Feature", "properties": { "ID": 46, "FEATUREID": "OFBB099C1AJ430010020001344", "CHFCAC": "001344", "CHFCEC": "代号", "CHFCED": "γδ", "point_type": 0, "symbol_no": 0, "height": 2.5, "width": 2.5, "spacing": -1.2, "angle": 0.44109827280044556, "_src_file": "LDZOFBB099.WT", "_src_id": 1343 }, "geometry": { "type": "Point", "coordinates": [ 74.10008457900507, 39.004624111851399 ] } },
{ "type": "Feature", "properties": { "ID": 46, "FEATUREID": "OFBB099C1AJ430010020001345", "CHFCAC": "001345", "CHFCEC": "代号", "CHFCED": "T#-1", "point_type": 0, "symbol_no": 0, "height": 2.5, "width": 2.5, "spacing": 0.2, "angle": 0.43710613250732422, "_src_file": "LDZOFBB099.WT", "_src_id": 1344 }, "geometry": { "type": "Point", "coordinates": [ 74.108209920310571, 39.004400538506054 ] } },
{ "type": "Feature", "properties": { "ID": 46, "FEATUREID": "OFBB099C1AJ430010020001346", "CHFCAC": "001346", "CHFCEC": "代号", "CHFCED": "γδ", "point_type": 0, "symbol_no": 0, "height": 2.5, "width": 2.5, "spacing": -1.2, "angle": 0.44109827280044556, "_src_file": "LDZOFBB099.WT", "_src_id": 1345 }, "geometry": { "type": "Point", "coordinates": [ 74.10008457900507, 39.004624111851399 ] } },
{ "type": "Feature", "properties": { "ID": 46, "FEATUREID": "OFBB099C1AJ430010020001347", "CHFCAC": "001347", "CHFCEC": "代号", "CHFCED": "γδ", "point_type": 0, "symbol_no": 0, "height": 2.5, "width": 2.5, "spacing": -1.2, "angle": 0.39763146638870239, "_src_file": "LDZOFBB099.WT", "_src_id": 1346 }, "geometry": { "type": "Point", "coordinates": [ 74.188809985515803, 39.033030271232498 ] } },
{ "type": "Feature", "properties": { "ID": 46, "FEATUREID": "OFBB099C1AJ430010020001348", "CHFCAC": "001348", "CHFCEC": "代号", "CHFCED": "T#-1", "point_type": 0, "symbol_no": 0, "height": 2.5, "width": 2.5, "spacing": 0.2, "angle": 0.39360666275024414, "_src_file": "LDZOFBB099.WT", "_src_id": 1347 }, "geometry": { "type": "Point", "coordinates": [ 74.19693938962952, 39.032800548378049 ] } },
{ "type": "Feature", "properties": { "ID": 46, "FEATUREID": "OFBB099C1AJ430010020001349", "CHFCAC": "001349", "CHFCEC": "代号", "CHFCED": "γδ", "point_type": 0, "symbol_no": 0, "height": 2.5, "width": 2.5, "spacing": -1.2, "angle": 0.39763146638870239, "_src_file": "LDZOFBB099.WT", "_src_id": 1348 }, "geometry": { "type": "Point", "coordinates": [ 74.188809985515803, 39.033030271232498 ] } },
{ "type": "Feature", "properties": { "ID": 133, "FEATUREID": "OFBB099C1AJ430010020001350", "CHFCAC": "001350", "CHFCEC": "代号", "CHFCED": "δ", "point_type": 0, "symbol_no": 0, "height": 2.5, "width": 2.5, "spacing": -1.0, "angle": 0.34124103188514709, "_src_file": "LDZOFBB099.WT", "_src_id": 1349 }, "geometry": { "type": "Point", "coordinates": [ 74.303469523269115, 39.006887211765282 ] } },
{ "type": "Feature", "properties": { "ID": 138, "FEATUREID": "OFBB099C1AJ430010020001351", "CHFCAC": "001351", "CHFCEC": "代号", "CHFCED": "T#-1", "point_type": 0, "symbol_no": 0, "height": 2.5, "width": 2.5, "spacing": 0.15, "angle": 0.33914387226104736, "_src_file": "LDZOFBB099.WT", "_src_id": 1350 }, "geometry": { "type": "Point", "coordinates": [ 74.307737322853029, 39.006656267622887 ] } },
{ "type": "Feature", "properties": { "ID": 1, "FEATUREID": "OFBB099C1AJ430010020001352", "CHFCAC": "001352", "CHFCEC": "代号", "CHFCED": "D#-2", "point_type": 0, "symbol_no": 0, "height": 2.5, "width": 2.5, "spacing": 0.2, "angle": 0.014778966084122658, "_src_file": "LDZOFBB099.WT", "_src_id": 1351 }, "geometry": { "type": "Point", "coordinates": [ 74.968275949630012, 39.005627956791741 ] } },
{ "type": "Feature", "properties": { "ID": 1, "FEATUREID": "OFBB099C1AJ430010020001353", "CHFCAC": "001353", "CHFCEC": "代号", "CHFCED": "kz", "point_type": 0, "symbol_no": 0, "height": 2.5, "width": 2.5, "spacing": 0.2, "angle": 0.010883073322474957, "_src_file": "LDZOFBB099.WT", "_src_id": 1352 }, "geometry": { "type": "Point", "coordinates": [ 74.976272337258109, 39.005629875843745 ] } },
{ "type": "Feature", "properties": { "ID": 46, "FEATUREID": "OFBB099C1AJ430010020001354", "CHFCAC": "001354", "CHFCEC": "代号", "CHFCED": "T#-1", "point_type": 0, "symbol_no": 0, "height": 2.5, "width": 2.5, "spacing": 0.2, "angle": 0.46288701891899109, "_src_file": "LDZOFBB099.WT", "_src_id": 1353 }, "geometry": { "type": "Point", "coordinates": [ 74.055918145309519, 39.032932170017737 ] } },
{ "type": "Feature", "properties": { "ID": 46, "FEATUREID": "OFBB099C1AJ430010020001355", "CHFCAC": "001355", "CHFCEC": "代号", "CHFCED": "T#-1", "point_type": 0, "symbol_no": 0, "height": 2.5, "width": 2.5, "spacing": 0.2, "angle": 0.43600919842720032, "_src_file": "LDZOFBB099.WT", "_src_id": 1354 }, "geometry": { "type": "Point", "coordinates": [ 74.110585169179416, 39.026567721537255 ] } },
{ "type": "Feature", "properties": { "ID": 3, "FEATUREID": "OFBB099C1AJ430010020001356", "CHFCAC": "001356", "CHFCEC": "代号", "CHFCED": "D#-1", "point_type": 0, "symbol_no": 0, "height": 2.5, "width": 2.5, "spacing": 0.2, "angle": 0.51462537050247192, "_src_file": "LDZOFBB099.WT", "_src_id": 1355 }, "geometry": { "type": "Point", "coordinates": [ 73.955005251492608, 39.655755136226965 ] } },
{ "type": "Feature", "properties": { "ID": 4, "FEATUREID": "OFBB099C1AJ430010020001357", "CHFCAC": "001357", "CHFCEC": "代号", "CHFCED": "s", "point_type": 0, "symbol_no": 0, "height": 2.5, "width": 2.5, "spacing": 0.2, "angle": 0.51060748100280762, "_src_file": "LDZOFBB099.WT", "_src_id": 1356 }, "geometry": { "type": "Point", "coordinates": [ 73.963087526435629, 39.655903265458825 ] } },
{ "type": "Feature", "properties": { "ID": 1, "FEATUREID": "OFBB099C1AJ430010020001358", "CHFCAC": "001358", "CHFCEC": "代号", "CHFCED": "K#-2", "point_type": 0, "symbol_no": 0, "height": 2.5, "width": 2.5, "spacing": 0.2, "angle": 0.49836105108261108, "_src_file": "LDZOFBB099.WT", "_src_id": 1357 }, "geometry": { "type": "Point", "coordinates": [ 73.988333126658645, 39.712323463646669 ] } },
{ "type": "Feature", "properties": { "ID": 1, "FEATUREID": "OFBB099C1AJ430010020001359", "CHFCAC": "001359", "CHFCEC": "代号", "CHFCED": "Y", "point_type": 0, "symbol_no": 0, "height": 2.5, "width": 2.5, "spacing": 0.2, "angle": 0.49452966451644897, "_src_file": "LDZOFBB099.WT", "_src_id": 1358 }, "geometry": { "type": "Point", "coordinates": [ 73.996095456742026, 39.712318279308441 ] } },
{ "type": "Feature", "properties": { "ID": 15, "FEATUREID": "OFBB099C1AJ430010020001360", "CHFCAC": "001360", "CHFCEC": "代号", "CHFCED": "K#-1", "point_type": 0, "symbol_no": 0, "height": 2.5, "width": 2.5, "spacing": 0.1, "angle": 0.0099044442176818848, "_src_file": "LDZOFBB099.WT", "_src_id": 1359 }, "geometry": { "type": "Point", "coordinates": [ 74.978283497546727, 39.692500990323012 ] } },
{ "type": "Feature", "properties": { "ID": 16, "FEATUREID": "OFBB099C1AJ430010020001361", "CHFCAC": "001361", "CHFCEC": "代号", "CHFCED": "kz", "point_type": 0, "symbol_no": 0, "height": 2.5, "width": 2.5, "spacing": 0.1, "angle": 0.0063729737885296345, "_src_file": "LDZOFBB099.WT", "_src_id": 1360 }, "geometry": { "type": "Point", "coordinates": [ 74.985441844743491, 39.692375471870641 ] } },
{ "type": "Feature", "properties": { "ID": 13, "FEATUREID": "OFBB099C1AJ430010020001362", "CHFCAC": "001362", "CHFCEC": "代号", "CHFCED": "Qp#-3", "point_type": 0, "symbol_no": 0, "height": 2.5, "width": 2.5, "spacing": 0.2, "angle": 0.53782021999359131, "_src_file": "LDZOFBB099.WT", "_src_id": 1361 }, "geometry": { "type": "Point", "coordinates": [ 73.908369886590009, 39.709204834787201 ] } },
{ "type": "Feature", "properties": { "ID": 359, "FEATUREID": "OFBB099C1AJ430010020001363", "CHFCAC": "001363", "CHFCEC": "产状", "CHFCED": "46", "point_type": 0, "symbol_no": 0, "height": 2.0, "width": 2.0, "spacing": 0.2, "angle": 0.31908154487609863, "_src_file": "LDZOFBB099.WT", "_src_id": 1362 }, "geometry": { "type": "Point", "coordinates": [ 74.352937889846714, 39.957678224310186 ] } },
{ "type": "Feature", "properties": { "ID": 376, "FEATUREID": "OFBB099C1AJ430010020001364", "CHFCAC": "001364", "CHFCEC": "产状", "CHFCED": "70", "point_type": 0, "symbol_no": 0, "height": 2.0, "width": 2.0, "spacing": 0.2, "angle": 0.33637839555740356, "_src_file": "LDZOFBB099.WT", "_src_id": 1363 }, "geometry": { "type": "Point", "coordinates": [ 74.318090302508551, 39.993398473217532 ] } },
{ "type": "Feature", "properties": { "ID": 439, "FEATUREID": "OFBB099C1AJ430010020001365", "CHFCAC": "001365", "CHFCEC": "产状", "CHFCED": "67", "point_type": 0, "symbol_no": 0, "height": 2.0, "width": 2.0, "spacing": 0.2, "angle": 0.47356283664703369, "_src_file": "LDZOFBB099.WT", "_src_id": 1364 }, "geometry": { "type": "Point", "coordinates": [ 74.040591110491818, 39.988761236440958 ] } },
{ "type": "Feature", "properties": { "ID": 440, "FEATUREID": "OFBB099C1AJ430010020001366", "CHFCAC": "001366", "CHFCEC": "产状", "CHFCED": "59", "point_type": 0, "symbol_no": 0, "height": 2.0, "width": 2.0, "spacing": 0.2, "angle": 0.46698522567749023, "_src_file": "LDZOFBB099.WT", "_src_id": 1365 }, "geometry": { "type": "Point", "coordinates": [ 74.053745245074836, 39.96275231795353 ] } },
{ "type": "Feature", "properties": { "ID": 441, "FEATUREID": "OFBB099C1AJ430010020001367", "CHFCAC": "001367", "CHFCEC": "产状", "CHFCED": "40", "point_type": 0, "symbol_no": 0, "height": 2.0, "width": 2.0, "spacing": 0.2, "angle": 0.47722369432449341, "_src_file": "LDZOFBB099.WT", "_src_id": 1366 }, "geometry": { "type": "Point", "coordinates": [ 74.032727678940631, 39.910377283440518 ] } },
{ "type": "Feature", "properties": { "ID": 442, "FEATUREID": "OFBB099C1AJ430010020001368", "CHFCAC": "001368", "CHFCEC": "产状", "CHFCED": "46", "point_type": 0, "symbol_no": 0, "height": 2.0, "width": 2.0, "spacing": 0.2, "angle": 0.48333993554115295, "_src_file": "LDZOFBB099.WT", "_src_id": 1367 }, "geometry": { "type": "Point", "coordinates": [ 74.019469311749432, 39.765482127560055 ] } },
{ "type": "Feature", "properties": { "ID": 443, "FEATUREID": "OFBB099C1AJ430010020001369", "CHFCAC": "001369", "CHFCEC": "产状", "CHFCED": "58", "point_type": 0, "symbol_no": 0, "height": 2.0, "width": 2.0, "spacing": 0.2, "angle": 0.47141283750534058, "_src_file": "LDZOFBB099.WT", "_src_id": 1368 }, "geometry": { "type": "Point", "coordinates": [ 74.04335048807441, 39.72000923173033 ] } },
{ "type": "Feature", "properties": { "ID": 445, "FEATUREID": "OFBB099C1AJ430010020001370", "CHFCAC": "001370", "CHFCEC": "产状", "CHFCED": "70", "point_type": 0, "symbol_no": 0, "height": 2.0, "width": 2.0, "spacing": 0.2, "angle": 0.42718291282653809, "_src_file": "LDZOFBB099.WT", "_src_id": 1369 }, "geometry": { "type": "Point", "coordinates": [ 74.13275362261173, 39.683119774676321 ] } },
{ "type": "Feature", "properties": { "ID": 447, "FEATUREID": "OFBB099C1AJ430010020001371", "CHFCAC": "001371", "CHFCEC": "产状", "CHFCED": "30", "point_type": 0, "symbol_no": 0, "height": 2.0, "width": 2.0, "spacing": 0.2, "angle": 0.44467726349830627, "_src_file": "LDZOFBB099.WT", "_src_id": 1370 }, "geometry": { "type": "Point", "coordinates": [ 74.097633989899123, 39.740617462123666 ] } },
{ "type": "Feature", "properties": { "ID": 448, "FEATUREID": "OFBB099C1AJ430010020001372", "CHFCAC": "001372", "CHFCEC": "产状", "CHFCED": "25", "point_type": 0, "symbol_no": 0, "height": 2.0, "width": 2.0, "spacing": 0.2, "angle": 0.41828390955924988, "_src_file": "LDZOFBB099.WT", "_src_id": 1371 }, "geometry": { "type": "Point", "coordinates": [ 74.1513644574121, 39.79002722022225 ] } },
{ "type": "Feature", "properties": { "ID": 456, "FEATUREID": "OFBB099C1AJ430010020001373", "CHFCAC": "001373", "CHFCEC": "产状", "CHFCED": "30", "point_type": 0, "symbol_no": 0, "height": 2.0, "width": 2.0, "spacing": 0.2, "angle": 0.38525226712226868, "_src_file": "LDZOFBB099.WT", "_src_id": 1372 }, "geometry": { "type": "Point", "coordinates": [ 74.218858610535804, 39.914074279170755 ] } },
{ "type": "Feature", "properties": { "ID": 458, "FEATUREID": "OFBB099C1AJ430010020001374", "CHFCAC": "001374", "CHFCEC": "产状", "CHFCED": "56", "point_type": 0, "symbol_no": 0, "height": 2.0, "width": 2.0, "spacing": 0.2, "angle": 0.40293434262275696, "_src_file": "LDZOFBB099.WT", "_src_id": 1373 }, "geometry": { "type": "Point", "coordinates": [ 74.18224463822267, 39.75017129851129 ] } },
{ "type": "Feature", "properties": { "ID": 461, "FEATUREID": "OFBB099C1AJ430010020001375", "CHFCAC": "001375", "CHFCEC": "产状", "CHFCED": "58", "point_type": 0, "symbol_no": 0, "height": 2.0, "width": 2.0, "spacing": 0.2, "angle": 0.32129794359207153, "_src_file": "LDZOFBB099.WT", "_src_id": 1374 }, "geometry": { "type": "Point", "coordinates": [ 74.347282341819565, 39.669224792442627 ] } },
{ "type": "Feature", "properties": { "ID": 462, "FEATUREID": "OFBB099C1AJ430010020001376", "CHFCAC": "001376", "CHFCEC": "产状", "CHFCED": "23", "point_type": 0, "symbol_no": 0, "height": 2.0, "width": 2.0, "spacing": 0.2, "angle": 0.32526639103889465, "_src_file": "LDZOFBB099.WT", "_src_id": 1375 }, "geometry": { "type": "Point", "coordinates": [ 74.339314533147657, 39.687109093939803 ] } },
{ "type": "Feature", "properties": { "ID": 465, "FEATUREID": "OFBB099C1AJ430010020001377", "CHFCAC": "001377", "CHFCEC": "产状", "CHFCED": "43", "point_type": 0, "symbol_no": 0, "height": 2.0, "width": 2.0, "spacing": 0.2, "angle": 0.33720877766609192, "_src_file": "LDZOFBB099.WT", "_src_id": 1376 }, "geometry": { "type": "Point", "coordinates": [ 74.315513870367994, 39.779786061221657 ] } },
{ "type": "Feature", "properties": { "ID": 468, "FEATUREID": "OFBB099C1AJ430010020001378", "CHFCAC": "001378", "CHFCEC": "产状", "CHFCED": "64", "point_type": 0, "symbol_no": 0, "height": 2.0, "width": 2.0, "spacing": 0.2, "angle": 0.36248421669006348, "_src_file": "LDZOFBB099.WT", "_src_id": 1377 }, "geometry": { "type": "Point", "coordinates": [ 74.264587051614896, 39.837608007006736 ] } },
{ "type": "Feature", "properties": { "ID": 469, "FEATUREID": "OFBB099C1AJ430010020001379", "CHFCAC": "001379", "CHFCEC": "产状", "CHFCED": "65", "point_type": 0, "symbol_no": 0, "height": 2.0, "width": 2.0, "spacing": 0.2, "angle": 0.36013785004615784, "_src_file": "LDZOFBB099.WT", "_src_id": 1378 }, "geometry": { "type": "Point", "coordinates": [ 74.269739540775589, 39.927151081413918 ] } },
{ "type": "Feature", "properties": { "ID": 482, "FEATUREID": "OFBB099C1AJ430010020001380", "CHFCAC": "001380", "CHFCEC": "产状", "CHFCED": "50", "point_type": 0, "symbol_no": 0, "height": 2.0, "width": 2.0, "spacing": 0.2, "angle": 0.25250339508056641, "_src_file": "LDZOFBB099.WT", "_src_id": 1379 }, "geometry": { "type": "Point", "coordinates": [ 74.48673582814115, 39.674203728930074 ] } },
{ "type": "Feature", "properties": { "ID": 484, "FEATUREID": "OFBB099C1AJ430010020001381", "CHFCAC": "001381", "CHFCEC": "产状", "CHFCED": "69", "point_type": 0, "symbol_no": 0, "height": 2.0, "width": 2.0, "spacing": 0.2, "angle": 0.27534458041191101, "_src_file": "LDZOFBB099.WT", "_src_id": 1380 }, "geometry": { "type": "Point", "coordinates": [ 74.4410691761843, 39.853450193106646 ] } },
{ "type": "Feature", "properties": { "ID": 485, "FEATUREID": "OFBB099C1AJ430010020001382", "CHFCAC": "001382", "CHFCEC": "产状", "CHFCED": "44", "point_type": 0, "symbol_no": 0, "height": 2.0, "width": 2.0, "spacing": 0.2, "angle": 0.25588440895080566, "_src_file": "LDZOFBB099.WT", "_src_id": 1381 }, "geometry": { "type": "Point", "coordinates": [ 74.480563079778705, 39.8832275373709 ] } },
{ "type": "Feature", "properties": { "ID": 504, "FEATUREID": "OFBB099C1AJ430010020001383", "CHFCAC": "001383", "CHFCEC": "产状", "CHFCED": "58", "point_type": 0, "symbol_no": 0, "height": 2.0, "width": 2.0, "spacing": 0.2, "angle": 0.49100512266159058, "_src_file": "LDZOFBB099.WT", "_src_id": 1382 }, "geometry": { "type": "Point", "coordinates": [ 74.004951780918972, 39.92877960595645 ] } },
{ "type": "Feature", "properties": { "ID": 520, "FEATUREID": "OFBB099C1AJ430010020001384", "CHFCAC": "001384", "CHFCEC": "产状", "CHFCED": "36", "point_type": 0, "symbol_no": 0, "height": 2.0, "width": 2.0, "spacing": 0.2, "angle": 0.46506372094154358, "_src_file": "LDZOFBB099.WT", "_src_id": 1383 }, "geometry": { "type": "Point", "coordinates": [ 74.056088769436997, 39.699263068678917 ] } },
{ "type": "Feature", "properties": { "ID": 526, "FEATUREID": "OFBB099C1AJ430010020001385", "CHFCAC": "001385", "CHFCEC": "产状", "CHFCED": "48", "point_type": 0, "symbol_no": 0, "height": 2.0, "width": 2.0, "spacing": 0.2, "angle": 0.47051084041595459, "_src_file": "LDZOFBB099.WT", "_src_id": 1384 }, "geometry": { "type": "Point", "coordinates": [ 74.046199798697955, 39.891644366199721 ] } },
{ "type": "Feature", "properties": { "ID": 531, "FEATUREID": "OFBB099C1AJ430010020001386", "CHFCAC": "001386", "CHFCEC": "产状", "CHFCED": "70", "point_type": 0, "symbol_no": 0, "height": 2.0, "width": 2.0, "spacing": 0.2, "angle": 0.43135151267051697, "_src_file": "LDZOFBB099.WT", "_src_id": 1385 }, "geometry": { "type": "Point", "coordinates": [ 74.12598425748682, 39.99173811251417 ] } },
{ "type": "Feature", "properties": { "ID": 532, "FEATUREID": "OFBB099C1AJ430010020001387", "CHFCAC": "001387", "CHFCEC": "产状", "CHFCED": "70", "point_type": 0, "symbol_no": 0, "height": 2.0, "width": 2.0, "spacing": 0.2, "angle": 0.45166540145874023, "_src_file": "LDZOFBB099.WT", "_src_id": 1386 }, "geometry": { "type": "Point", "coordinates": [ 74.084785049500297, 39.971473434918565 ] } },
{ "type": "Feature", "properties": { "ID": 534, "FEATUREID": "OFBB099C1AJ430010020001388", "CHFCAC": "001388", "CHFCEC": "产状", "CHFCED": "58", "point_type": 0, "symbol_no": 0, "height": 2.0, "width": 2.0, "spacing": 0.2, "angle": 0.45991310477256775, "_src_file": "LDZOFBB099.WT", "_src_id": 1387 }, "geometry": { "type": "Point", "coordinates": [ 74.067540599609401, 39.872714519657031 ] } },
{ "type": "Feature", "properties": { "ID": 539, "FEATUREID": "OFBB099C1AJ430010020001389", "CHFCAC": "001389", "CHFCEC": "产状", "CHFCED": "70", "point_type": 0, "symbol_no": 0, "height": 2.0, "width": 2.0, "spacing": 0.2, "angle": 0.43352150917053223, "_src_file": "LDZOFBB099.WT", "_src_id": 1388 }, "geometry": { "type": "Point", "coordinates": [ 74.120825814489422, 39.848497694617372 ] } },
{ "type": "Feature", "properties": { "ID": 545, "FEATUREID": "OFBB099C1AJ430010020001390", "CHFCAC": "001390", "CHFCEC": "产状", "CHFCED": "29", "point_type": 0, "symbol_no": 0, "height": 2.0, "width": 2.0, "spacing": 0.2, "angle": 0.42673507332801819, "_src_file": "LDZOFBB099.WT", "_src_id": 1389 }, "geometry": { "type": "Point", "coordinates": [ 74.13437782837623, 39.813869731477801 ] } },
{ "type": "Feature", "properties": { "ID": 558, "FEATUREID": "OFBB099C1AJ430010020001391", "CHFCAC": "001391", "CHFCEC": "产状", "CHFCED": "38", "point_type": 0, "symbol_no": 0, "height": 2.0, "width": 2.0, "spacing": 0.2, "angle": 0.44154083728790283, "_src_file": "LDZOFBB099.WT", "_src_id": 1390 }, "geometry": { "type": "Point", "coordinates": [ 74.103872332243512, 39.720348994989806 ] } },
{ "type": "Feature", "properties": { "ID": 559, "FEATUREID": "OFBB099C1AJ430010020001392", "CHFCAC": "001392", "CHFCEC": "产状", "CHFCED": "43", "point_type": 0, "symbol_no": 0, "height": 2.0, "width": 2.0, "spacing": 0.2, "angle": 0.45898193120956421, "_src_file": "LDZOFBB099.WT", "_src_id": 1391 }, "geometry": { "type": "Point", "coordinates": [ 74.06876590741139, 39.759325311652155 ] } },
{ "type": "Feature", "properties": { "ID": 587, "FEATUREID": "OFBB099C1AJ430010020001393", "CHFCAC": "001393", "CHFCEC": "产状", "CHFCED": "57", "point_type": 0, "symbol_no": 0, "height": 2.0, "width": 2.0, "spacing": 0.2, "angle": 0.40639159083366394, "_src_file": "LDZOFBB099.WT", "_src_id": 1392 }, "geometry": { "type": "Point", "coordinates": [ 74.174835853174059, 39.672943625193867 ] } },
{ "type": "Feature", "properties": { "ID": 594, "FEATUREID": "OFBB099C1AJ430010020001394", "CHFCAC": "001394", "CHFCEC": "产状", "CHFCED": "40", "point_type": 0, "symbol_no": 0, "height": 2.0, "width": 2.0, "spacing": 0.2, "angle": 0.385649174451828, "_src_file": "LDZOFBB099.WT", "_src_id": 1393 }, "geometry": { "type": "Point", "coordinates": [ 74.217221247495957, 39.742947752244874 ] } },
{ "type": "Feature", "properties": { "ID": 595, "FEATUREID": "OFBB099C1AJ430010020001395", "CHFCAC": "001395", "CHFCEC": "产状", "CHFCED": "56", "point_type": 0, "symbol_no": 0, "height": 2.0, "width": 2.0, "spacing": 0.2, "angle": 0.39139625430107117, "_src_file": "LDZOFBB099.WT", "_src_id": 1394 }, "geometry": { "type": "Point", "coordinates": [ 74.205545494466833, 39.736110033016466 ] } },
{ "type": "Feature", "properties": { "ID": 600, "FEATUREID": "OFBB099C1AJ430010020001396", "CHFCAC": "001396", "CHFCEC": "产状", "CHFCED": "59", "point_type": 0, "symbol_no": 0, "height": 2.0, "width": 2.0, "spacing": 0.2, "angle": 0.39074411988258362, "_src_file": "LDZOFBB099.WT", "_src_id": 1395 }, "geometry": { "type": "Point", "coordinates": [ 74.207621931177201, 39.888679148301797 ] } },
{ "type": "Feature", "properties": { "ID": 606, "FEATUREID": "OFBB099C1AJ430010020001397", "CHFCAC": "001397", "CHFCEC": "产状", "CHFCED": "60", "point_type": 0, "symbol_no": 0, "height": 2.0, "width": 2.0, "spacing": 0.2, "angle": 0.41378498077392578, "_src_file": "LDZOFBB099.WT", "_src_id": 1396 }, "geometry": { "type": "Point", "coordinates": [ 74.161204447344772, 39.930636879145837 ] } },
{ "type": "Feature", "properties": { "ID": 610, "FEATUREID": "OFBB099C1AJ430010020001398", "CHFCAC": "001398", "CHFCEC": "产状", "CHFCED": "54", "point_type": 0, "symbol_no": 0, "height": 2.0, "width": 2.0, "spacing": 0.2, "angle": 0.39215964078903198, "_src_file": "LDZOFBB099.WT", "_src_id": 1397 }, "geometry": { "type": "Point", "coordinates": [ 74.205260944056761, 39.993019296746773 ] } },
{ "type": "Feature", "properties": { "ID": 615, "FEATUREID": "OFBB099C1AJ430010020001399", "CHFCAC": "001399", "CHFCEC": "产状", "CHFCED": "68", "point_type": 0, "symbol_no": 0, "height": 2.0, "width": 2.0, "spacing": 0.2, "angle": 0.35991573333740234, "_src_file": "LDZOFBB099.WT", "_src_id": 1398 }, "geometry": { "type": "Point", "coordinates": [ 74.270269816285662, 39.945598682044405 ] } },
{ "type": "Feature", "properties": { "ID": 639, "FEATUREID": "OFBB099C1AJ430010020001400", "CHFCAC": "001400", "CHFCEC": "产状", "CHFCED": "72", "point_type": 0, "symbol_no": 0, "height": 2.0, "width": 2.0, "spacing": 0.2, "angle": 0.36093655228614807, "_src_file": "LDZOFBB099.WT", "_src_id": 1399 }, "geometry": { "type": "Point", "coordinates": [ 74.267045472583689, 39.691641481334571 ] } },
{ "type": "Feature", "properties": { "ID": 640, "FEATUREID": "OFBB099C1AJ430010020001401", "CHFCAC": "001401", "CHFCEC": "产状", "CHFCED": "53", "point_type": 0, "symbol_no": 0, "height": 2.0, "width": 2.0, "spacing": 0.2, "angle": 0.37572163343429565, "_src_file": "LDZOFBB099.WT", "_src_id": 1400 }, "geometry": { "type": "Point", "coordinates": [ 74.237143173798302, 39.703444106593821 ] } },
{ "type": "Feature", "properties": { "ID": 654, "FEATUREID": "OFBB099C1AJ430010020001402", "CHFCAC": "001402", "CHFCEC": "产状", "CHFCED": "72", "point_type": 0, "symbol_no": 0, "height": 2.0, "width": 2.0, "spacing": 0.2, "angle": 0.31140992045402527, "_src_file": "LDZOFBB099.WT", "_src_id": 1401 }, "geometry": { "type": "Point", "coordinates": [ 74.368499556523233, 39.968844808350234 ] } },
{ "type": "Feature", "properties": { "ID": 656, "FEATUREID": "OFBB099C1AJ430010020001403", "CHFCAC": "001403", "CHFCEC": "产状", "CHFCED": "70", "point_type": 0, "symbol_no": 0, "height": 2.0, "width": 2.0, "spacing": 0.2, "angle": 0.32123094797134399, "_src_file": "LDZOFBB099.WT", "_src_id": 1402 }, "geometry": { "type": "Point", "coordinates": [ 74.348517738721981, 39.940055515891629 ] } },
{ "type": "Feature", "properties": { "ID": 683, "FEATUREID": "OFBB099C1AJ430010020001404", "CHFCAC": "001404", "CHFCEC": "产状", "CHFCED": "32", "point_type": 0, "symbol_no": 0, "height": 2.0, "width": 2.0, "spacing": 0.2, "angle": 0.3033958375453949, "_src_file": "LDZOFBB099.WT", "_src_id": 1403 }, "geometry": { "type": "Point", "coordinates": [ 74.384293099008516, 39.856862803463194 ] } },
{ "type": "Feature", "properties": { "ID": 687, "FEATUREID": "OFBB099C1AJ430010020001405", "CHFCAC": "001405", "CHFCEC": "产状", "CHFCED": "21", "point_type": 0, "symbol_no": 0, "height": 2.0, "width": 2.0, "spacing": 0.2, "angle": 0.29136267304420471, "_src_file": "LDZOFBB099.WT", "_src_id": 1404 }, "geometry": { "type": "Point", "coordinates": [ 74.408741966780013, 39.881116405524025 ] } },
{ "type": "Feature", "properties": { "ID": 690, "FEATUREID": "OFBB099C1AJ430010020001406", "CHFCAC": "001406", "CHFCEC": "产状", "CHFCED": "60", "point_type": 0, "symbol_no": 0, "height": 2.0, "width": 2.0, "spacing": 0.2, "angle": 0.30769377946853638, "_src_file": "LDZOFBB099.WT", "_src_id": 1405 }, "geometry": { "type": "Point", "coordinates": [ 74.375399143252508, 39.807295693393492 ] } },
{ "type": "Feature", "properties": { "ID": 692, "FEATUREID": "OFBB099C1AJ430010020001407", "CHFCAC": "001407", "CHFCEC": "产状", "CHFCED": "30", "point_type": 0, "symbol_no": 0, "height": 2.0, "width": 2.0, "spacing": 0.2, "angle": 0.30161702632904053, "_src_file": "LDZOFBB099.WT", "_src_id": 1406 }, "geometry": { "type": "Point", "coordinates": [ 74.387671767017522, 39.798317054081991 ] } },
{ "type": "Feature", "properties": { "ID": 697, "FEATUREID": "OFBB099C1AJ430010020001408", "CHFCAC": "001408", "CHFCEC": "产状", "CHFCED": "37", "point_type": 0, "symbol_no": 0, "height": 2.0, "width": 2.0, "spacing": 0.2, "angle": 0.33277630805969238, "_src_file": "LDZOFBB099.WT", "_src_id": 1407 }, "geometry": { "type": "Point", "coordinates": [ 74.324495709931, 39.781046877062593 ] } },
{ "type": "Feature", "properties": { "ID": 698, "FEATUREID": "OFBB099C1AJ430010020001409", "CHFCAC": "001409", "CHFCEC": "产状", "CHFCED": "66", "point_type": 0, "symbol_no": 0, "height": 2.0, "width": 2.0, "spacing": 0.2, "angle": 0.31161081790924072, "_src_file": "LDZOFBB099.WT", "_src_id": 1408 }, "geometry": { "type": "Point", "coordinates": [ 74.367323723897272, 39.770874058576538 ] } },
{ "type": "Feature", "properties": { "ID": 711, "FEATUREID": "OFBB099C1AJ430010020001410", "CHFCAC": "001410", "CHFCEC": "产状", "CHFCED": "61", "point_type": 0, "symbol_no": 0, "height": 2.0, "width": 2.0, "spacing": 0.2, "angle": 0.32762056589126587, "_src_file": "LDZOFBB099.WT", "_src_id": 1409 }, "geometry": { "type": "Point", "coordinates": [ 74.334696395195976, 39.723199230128692 ] } },
{ "type": "Feature", "properties": { "ID": 713, "FEATUREID": "OFBB099C1AJ430010020001411", "CHFCAC": "001411", "CHFCEC": "产状", "CHFCED": "78", "point_type": 0, "symbol_no": 0, "height": 2.0, "width": 2.0, "spacing": 0.2, "angle": 0.32172241806983948, "_src_file": "LDZOFBB099.WT", "_src_id": 1410 }, "geometry": { "type": "Point", "coordinates": [ 74.346609519197884, 39.714195000970598 ] } },
{ "type": "Feature", "properties": { "ID": 724, "FEATUREID": "OFBB099C1AJ430010020001412", "CHFCAC": "001412", "CHFCEC": "产状", "CHFCED": "40", "point_type": 0, "symbol_no": 0, "height": 2.0, "width": 2.0, "spacing": 0.2, "angle": 0.25213012099266052, "_src_file": "LDZOFBB099.WT", "_src_id": 1411 }, "geometry": { "type": "Point", "coordinates": [ 74.48761108649461, 39.71027363078435 ] } },
{ "type": "Feature", "properties": { "ID": 725, "FEATUREID": "OFBB099C1AJ430010020001413", "CHFCAC": "001413", "CHFCEC": "产状", "CHFCED": "60", "point_type": 0, "symbol_no": 0, "height": 2.0, "width": 2.0, "spacing": 0.2, "angle": 0.25581657886505127, "_src_file": "LDZOFBB099.WT", "_src_id": 1412 }, "geometry": { "type": "Point", "coordinates": [ 74.480221843575549, 39.734868913992287 ] } },
{ "type": "Feature", "properties": { "ID": 729, "FEATUREID": "OFBB099C1AJ430010020001414", "CHFCAC": "001414", "CHFCEC": "产状", "CHFCED": "40", "point_type": 0, "symbol_no": 0, "height": 2.0, "width": 2.0, "spacing": 0.2, "angle": 0.25462666153907776, "_src_file": "LDZOFBB099.WT", "_src_id": 1413 }, "geometry": { "type": "Point", "coordinates": [ 74.482725288580895, 39.763592938524965 ] } },
{ "type": "Feature", "properties": { "ID": 739, "FEATUREID": "OFBB099C1AJ430010020001415", "CHFCAC": "001415", "CHFCEC": "产状", "CHFCED": "55", "point_type": 0, "symbol_no": 0, "height": 2.0, "width": 2.0, "spacing": 0.2, "angle": 0.28607717156410217, "_src_file": "LDZOFBB099.WT", "_src_id": 1414 }, "geometry": { "type": "Point", "coordinates": [ 74.419581829586548, 39.921181307089377 ] } },
{ "type": "Feature", "properties": { "ID": 746, "FEATUREID": "OFBB099C1AJ430010020001416", "CHFCAC": "001416", "CHFCEC": "产状", "CHFCED": "84", "point_type": 0, "symbol_no": 0, "height": 2.0, "width": 2.0, "spacing": 0.2, "angle": 0.27471905946731567, "_src_file": "LDZOFBB099.WT", "_src_id": 1415 }, "geometry": { "type": "Point", "coordinates": [ 74.442689013568312, 39.957027878987695 ] } },
{ "type": "Feature", "properties": { "ID": 753, "FEATUREID": "OFBB099C1AJ430010020001417", "CHFCAC": "001417", "CHFCEC": "产状", "CHFCED": "60", "point_type": 0, "symbol_no": 0, "height": 2.0, "width": 2.0, "spacing": 0.2, "angle": 0.26989507675170898, "_src_file": "LDZOFBB099.WT", "_src_id": 1416 }, "geometry": { "type": "Point", "coordinates": [ 74.452492770089052, 39.969942983485375 ] } },
{ "type": "Feature", "properties": { "ID": 757, "FEATUREID": "OFBB099C1AJ430010020001418", "CHFCAC": "001418", "CHFCEC": "产状", "CHFCED": "66", "point_type": 0, "symbol_no": 0, "height": 2.0, "width": 2.0, "spacing": 0.2, "angle": 0.27415254712104797, "_src_file": "LDZOFBB099.WT", "_src_id": 1417 }, "geometry": { "type": "Point", "coordinates": [ 74.443959023374731, 39.994325923457005 ] } },
{ "type": "Feature", "properties": { "ID": 768, "FEATUREID": "OFBB099C1AJ430010020001419", "CHFCAC": "001419", "CHFCEC": "产状", "CHFCED": "48", "point_type": 0, "symbol_no": 0, "height": 2.0, "width": 2.0, "spacing": 0.2, "angle": 0.24701912701129913, "_src_file": "LDZOFBB099.WT", "_src_id": 1418 }, "geometry": { "type": "Point", "coordinates": [ 74.498197733940017, 39.783299077275927 ] } },
{ "type": "Feature", "properties": { "ID": 785, "FEATUREID": "OFBB099C1AJ430010020001420", "CHFCAC": "001420", "CHFCEC": "产状", "CHFCED": "57", "point_type": 0, "symbol_no": 0, "height": 2.0, "width": 2.0, "spacing": 0.2, "angle": 0.33375552296638489, "_src_file": "LDZOFBB099.WT", "_src_id": 1419 }, "geometry": { "type": "Point", "coordinates": [ 74.322599823276576, 39.801437338975347 ] } },
{ "type": "Feature", "properties": { "ID": 786, "FEATUREID": "OFBB099C1AJ430010020001421", "CHFCAC": "001421", "CHFCEC": "产状", "CHFCED": "25", "point_type": 0, "symbol_no": 0, "height": 2.0, "width": 2.0, "spacing": 0.2, "angle": 0.33191347122192383, "_src_file": "LDZOFBB099.WT", "_src_id": 1420 }, "geometry": { "type": "Point", "coordinates": [ 74.326492995051836, 39.840299096106158 ] } },
{ "type": "Feature", "properties": { "ID": 469, "FEATUREID": "OFBB099C1AJ430010020001422", "CHFCAC": "001422", "CHFCEC": "产状", "CHFCED": "68", "point_type": 0, "symbol_no": 0, "height": 2.0, "width": 2.0, "spacing": 0.2, "angle": 0.35538318753242493, "_src_file": "LDZOFBB099.WT", "_src_id": 1421 }, "geometry": { "type": "Point", "coordinates": [ 74.279286902606387, 39.910386405259416 ] } },
{ "type": "Feature", "properties": { "ID": 348, "FEATUREID": "OFBB099C1AJ430010020001423", "CHFCAC": "001423", "CHFCEC": "产状", "CHFCED": "14", "point_type": 0, "symbol_no": 0, "height": 2.0, "width": 2.0, "spacing": 0.2, "angle": 0.22369833290576935, "_src_file": "LDZOFBB099.WT", "_src_id": 1422 }, "geometry": { "type": "Point", "coordinates": [ 74.546033179615108, 39.999197496828124 ] } },
{ "type": "Feature", "properties": { "ID": 349, "FEATUREID": "OFBB099C1AJ430010020001424", "CHFCAC": "001424", "CHFCEC": "产状", "CHFCED": "59", "point_type": 0, "symbol_no": 0, "height": 2.0, "width": 2.0, "spacing": 0.2, "angle": 0.18484301865100861, "_src_file": "LDZOFBB099.WT", "_src_id": 1423 }, "geometry": { "type": "Point", "coordinates": [ 74.624599268853061, 39.985906775491131 ] } },
{ "type": "Feature", "properties": { "ID": 351, "FEATUREID": "OFBB099C1AJ430010020001425", "CHFCAC": "001425", "CHFCEC": "产状", "CHFCED": "57", "point_type": 0, "symbol_no": 0, "height": 2.0, "width": 2.0, "spacing": 0.2, "angle": 0.072220094501972198, "_src_file": "LDZOFBB099.WT", "_src_id": 1424 }, "geometry": { "type": "Point", "coordinates": [ 74.852411068194911, 39.961057333016377 ] } },
{ "type": "Feature", "properties": { "ID": 357, "FEATUREID": "OFBB099C1AJ430010020001426", "CHFCAC": "001426", "CHFCEC": "产状", "CHFCED": "65", "point_type": 0, "symbol_no": 0, "height": 2.0, "width": 2.0, "spacing": 0.2, "angle": 0.055142953991889954, "_src_file": "LDZOFBB099.WT", "_src_id": 1425 }, "geometry": { "type": "Point", "coordinates": [ 74.886934938146865, 39.914608433897847 ] } },
{ "type": "Feature", "properties": { "ID": 358, "FEATUREID": "OFBB099C1AJ430010020001427", "CHFCAC": "001427", "CHFCEC": "产状", "CHFCED": "65", "point_type": 0, "symbol_no": 0, "height": 2.0, "width": 2.0, "spacing": 0.2, "angle": 0.070388749241828918, "_src_file": "LDZOFBB099.WT", "_src_id": 1426 }, "geometry": { "type": "Point", "coordinates": [ 74.856065659445278, 39.900200869560805 ] } },
{ "type": "Feature", "properties": { "ID": 362, "FEATUREID": "OFBB099C1AJ430010020001428", "CHFCAC": "001428", "CHFCEC": "产状", "CHFCED": "70", "point_type": 0, "symbol_no": 0, "height": 2.0, "width": 2.0, "spacing": 0.2, "angle": 0.026909185573458672, "_src_file": "LDZOFBB099.WT", "_src_id": 1427 }, "geometry": { "type": "Point", "coordinates": [ 74.944077129779913, 39.917056805959021 ] } },
{ "type": "Feature", "properties": { "ID": 365, "FEATUREID": "OFBB099C1AJ430010020001429", "CHFCAC": "001429", "CHFCEC": "产状", "CHFCED": "41", "point_type": 0, "symbol_no": 0, "height": 2.0, "width": 2.0, "spacing": 0.2, "angle": 0.0034228842705488205, "_src_file": "LDZOFBB099.WT", "_src_id": 1428 }, "geometry": { "type": "Point", "coordinates": [ 74.991611321908323, 39.909124748284583 ] } },
{ "type": "Feature", "properties": { "ID": 366, "FEATUREID": "OFBB099C1AJ430010020001430", "CHFCAC": "001430", "CHFCEC": "产状", "CHFCED": "33", "point_type": 0, "symbol_no": 0, "height": 2.0, "width": 2.0, "spacing": 0.2, "angle": 0.039334375411272049, "_src_file": "LDZOFBB099.WT", "_src_id": 1429 }, "geometry": { "type": "Point", "coordinates": [ 74.918911830366184, 39.878154467518428 ] } },
{ "type": "Feature", "properties": { "ID": 371, "FEATUREID": "OFBB099C1AJ430010020001431", "CHFCAC": "001431", "CHFCEC": "产状", "CHFCED": "30", "point_type": 0, "symbol_no": 0, "height": 2.0, "width": 2.0, "spacing": 0.2, "angle": 0.028149645775556564, "_src_file": "LDZOFBB099.WT", "_src_id": 1430 }, "geometry": { "type": "Point", "coordinates": [ 74.941519944188386, 39.780340206909415 ] } },
{ "type": "Feature", "properties": { "ID": 380, "FEATUREID": "OFBB099C1AJ430010020001432", "CHFCAC": "001432", "CHFCEC": "产状", "CHFCED": "42", "point_type": 0, "symbol_no": 0, "height": 2.0, "width": 2.0, "spacing": 0.2, "angle": 0.021283205598592758, "_src_file": "LDZOFBB099.WT", "_src_id": 1431 }, "geometry": { "type": "Point", "coordinates": [ 74.955402934582281, 39.671528480337713 ] } },
{ "type": "Feature", "properties": { "ID": 389, "FEATUREID": "OFBB099C1AJ430010020001433", "CHFCAC": "001433", "CHFCEC": "产状", "CHFCED": "20", "point_type": 0, "symbol_no": 0, "height": 2.0, "width": 2.0, "spacing": 0.2, "angle": 0.161272794008255, "_src_file": "LDZOFBB099.WT", "_src_id": 1432 }, "geometry": { "type": "Point", "coordinates": [ 74.671689475719077, 39.693086420556071 ] } },
{ "type": "Feature", "properties": { "ID": 391, "FEATUREID": "OFBB099C1AJ430010020001434", "CHFCAC": "001434", "CHFCEC": "产状", "CHFCED": "64", "point_type": 0, "symbol_no": 0, "height": 2.0, "width": 2.0, "spacing": 0.2, "angle": 0.14411783218383789, "_src_file": "LDZOFBB099.WT", "_src_id": 1433 }, "geometry": { "type": "Point", "coordinates": [ 74.706564613345066, 39.750819595412153 ] } },
{ "type": "Feature", "properties": { "ID": 398, "FEATUREID": "OFBB099C1AJ430010020001435", "CHFCAC": "001435", "CHFCEC": "产状", "CHFCED": "46", "point_type": 0, "symbol_no": 0, "height": 2.0, "width": 2.0, "spacing": 0.2, "angle": 0.19357477128505707, "_src_file": "LDZOFBB099.WT", "_src_id": 1434 }, "geometry": { "type": "Point", "coordinates": [ 74.606505303298576, 39.806465616192348 ] } },
{ "type": "Feature", "properties": { "ID": 404, "FEATUREID": "OFBB099C1AJ430010020001436", "CHFCAC": "001436", "CHFCEC": "产状", "CHFCED": "64", "point_type": 0, "symbol_no": 0, "height": 2.0, "width": 2.0, "spacing": 0.2, "angle": 0.19828327000141144, "_src_file": "LDZOFBB099.WT", "_src_id": 1435 }, "geometry": { "type": "Point", "coordinates": [ 74.597241054849263, 39.916191430438374 ] } },
{ "type": "Feature", "properties": { "ID": 405, "FEATUREID": "OFBB099C1AJ430010020001437", "CHFCAC": "001437", "CHFCEC": "产状", "CHFCED": "64", "point_type": 0, "symbol_no": 0, "height": 2.0, "width": 2.0, "spacing": 0.2, "angle": 0.18550753593444824, "_src_file": "LDZOFBB099.WT", "_src_id": 1436 }, "geometry": { "type": "Point", "coordinates": [ 74.623173938547893, 39.950065882141772 ] } },
{ "type": "Feature", "properties": { "ID": 407, "FEATUREID": "OFBB099C1AJ430010020001438", "CHFCAC": "001438", "CHFCEC": "产状", "CHFCED": "40", "point_type": 0, "symbol_no": 0, "height": 2.0, "width": 2.0, "spacing": 0.2, "angle": 0.063039086759090424, "_src_file": "LDZOFBB099.WT", "_src_id": 1437 }, "geometry": { "type": "Point", "coordinates": [ 74.870894611349428, 39.83747853935963 ] } },
{ "type": "Feature", "properties": { "ID": 440, "FEATUREID": "OFBB099C1AJ430010020001439", "CHFCAC": "001439", "CHFCEC": "产状", "CHFCED": "65", "point_type": 0, "symbol_no": 0, "height": 2.0, "width": 2.0, "spacing": 0.2, "angle": 0.088557533919811249, "_src_file": "LDZOFBB099.WT", "_src_id": 1438 }, "geometry": { "type": "Point", "coordinates": [ 74.819329458113756, 39.937038066883403 ] } },
{ "type": "Feature", "properties": { "ID": 442, "FEATUREID": "OFBB099C1AJ430010020001440", "CHFCAC": "001440", "CHFCEC": "产状", "CHFCED": "69", "point_type": 0, "symbol_no": 0, "height": 2.0, "width": 2.0, "spacing": 0.2, "angle": 0.13802218437194824, "_src_file": "LDZOFBB099.WT", "_src_id": 1439 }, "geometry": { "type": "Point", "coordinates": [ 74.719229847684872, 39.934801438423953 ] } },
{ "type": "Feature", "properties": { "ID": 448, "FEATUREID": "OFBB099C1AJ430010020001441", "CHFCAC": "001441", "CHFCEC": "产状", "CHFCED": "53", "point_type": 0, "symbol_no": 0, "height": 2.0, "width": 2.0, "spacing": 0.2, "angle": 0.12100754678249359, "_src_file": "LDZOFBB099.WT", "_src_id": 1440 }, "geometry": { "type": "Point", "coordinates": [ 74.753550177689448, 39.859688859738263 ] } },
{ "type": "Feature", "properties": { "ID": 451, "FEATUREID": "OFBB099C1AJ430010020001442", "CHFCAC": "001442", "CHFCEC": "产状", "CHFCED": "30", "point_type": 0, "symbol_no": 0, "height": 2.0, "width": 2.0, "spacing": 0.1, "angle": 0.08884064108133316, "_src_file": "LDZOFBB099.WT", "_src_id": 1441 }, "geometry": { "type": "Point", "coordinates": [ 74.818717021936976, 39.899605545811205 ] } },
{ "type": "Feature", "properties": { "ID": 402, "FEATUREID": "OFBB099C1AJ430010020001443", "CHFCAC": "001443", "CHFCEC": "产状", "CHFCED": "65", "point_type": 0, "symbol_no": 0, "height": 2.0, "width": 2.0, "spacing": 0.2, "angle": 0.2439282089471817, "_src_file": "LDZOFBB099.WT", "_src_id": 1442 }, "geometry": { "type": "Point", "coordinates": [ 74.504703924819935, 39.863282573501706 ] } },
{ "type": "Feature", "properties": { "ID": 460, "FEATUREID": "OFBB099C1AJ430010020001444", "CHFCAC": "001444", "CHFCEC": "产状", "CHFCED": "66", "point_type": 0, "symbol_no": 0, "height": 2.0, "width": 2.0, "spacing": 0.2, "angle": 0.17447762191295624, "_src_file": "LDZOFBB099.WT", "_src_id": 1443 }, "geometry": { "type": "Point", "coordinates": [ 74.64507325161189, 39.758662382142418 ] } },
{ "type": "Feature", "properties": { "ID": 500, "FEATUREID": "OFBB099C1AJ430010020001445", "CHFCAC": "001445", "CHFCEC": "产状", "CHFCED": "60", "point_type": 0, "symbol_no": 0, "height": 2.0, "width": 2.0, "spacing": 0.2, "angle": 0.22888627648353577, "_src_file": "LDZOFBB099.WT", "_src_id": 1444 }, "geometry": { "type": "Point", "coordinates": [ 74.5354941400944, 39.982997748054807 ] } },
{ "type": "Feature", "properties": { "ID": 502, "FEATUREID": "OFBB099C1AJ430010020001446", "CHFCAC": "001446", "CHFCEC": "产状", "CHFCED": "32", "point_type": 0, "symbol_no": 0, "height": 2.0, "width": 2.0, "spacing": 0.2, "angle": 0.22164955735206604, "_src_file": "LDZOFBB099.WT", "_src_id": 1445 }, "geometry": { "type": "Point", "coordinates": [ 74.550125101501337, 39.979789618322613 ] } },
{ "type": "Feature", "properties": { "ID": 504, "FEATUREID": "OFBB099C1AJ430010020001447", "CHFCAC": "001447", "CHFCEC": "产状", "CHFCED": "35", "point_type": 0, "symbol_no": 0, "height": 2.0, "width": 2.0, "spacing": 0.2, "angle": 0.21229743957519531, "_src_file": "LDZOFBB099.WT", "_src_id": 1446 }, "geometry": { "type": "Point", "coordinates": [ 74.569009355136529, 39.966964791066914 ] } },
{ "type": "Feature", "properties": { "ID": 507, "FEATUREID": "OFBB099C1AJ430010020001448", "CHFCAC": "001448", "CHFCEC": "产状", "CHFCED": "34", "point_type": 0, "symbol_no": 0, "height": 2.0, "width": 2.0, "spacing": 0.2, "angle": 0.21785394847393036, "_src_file": "LDZOFBB099.WT", "_src_id": 1447 }, "geometry": { "type": "Point", "coordinates": [ 74.557694273926501, 39.938719497511933 ] } },
{ "type": "Feature", "properties": { "ID": 509, "FEATUREID": "OFBB099C1AJ430010020001449", "CHFCAC": "001449", "CHFCEC": "产状", "CHFCED": "60", "point_type": 0, "symbol_no": 0, "height": 2.0, "width": 2.0, "spacing": 0.2, "angle": 0.22085095942020416, "_src_file": "LDZOFBB099.WT", "_src_id": 1448 }, "geometry": { "type": "Point", "coordinates": [ 74.551565784236985, 39.915179332145271 ] } },
{ "type": "Feature", "properties": { "ID": 511, "FEATUREID": "OFBB099C1AJ430010020001450", "CHFCAC": "001450", "CHFCEC": "产状", "CHFCED": "66", "point_type": 0, "symbol_no": 0, "height": 2.0, "width": 2.0, "spacing": 0.2, "angle": 0.21634380519390106, "_src_file": "LDZOFBB099.WT", "_src_id": 1449 }, "geometry": { "type": "Point", "coordinates": [ 74.560635550292602, 39.896178837281894 ] } },
{ "type": "Feature", "properties": { "ID": 512, "FEATUREID": "OFBB099C1AJ430010020001451", "CHFCAC": "001451", "CHFCEC": "产状", "CHFCED": "40", "point_type": 0, "symbol_no": 0, "height": 2.0, "width": 2.0, "spacing": 0.2, "angle": 0.20475473999977112, "_src_file": "LDZOFBB099.WT", "_src_id": 1450 }, "geometry": { "type": "Point", "coordinates": [ 74.584037594841078, 39.874615015005979 ] } },
{ "type": "Feature", "properties": { "ID": 518, "FEATUREID": "OFBB099C1AJ430010020001452", "CHFCAC": "001452", "CHFCEC": "产状", "CHFCED": "71", "point_type": 0, "symbol_no": 0, "height": 2.0, "width": 2.0, "spacing": 0.2, "angle": 0.23095951974391937, "_src_file": "LDZOFBB099.WT", "_src_id": 1451 }, "geometry": { "type": "Point", "coordinates": [ 74.530877613178689, 39.835399535006538 ] } },
{ "type": "Feature", "properties": { "ID": 536, "FEATUREID": "OFBB099C1AJ430010020001453", "CHFCAC": "001453", "CHFCEC": "产状", "CHFCED": "58", "point_type": 0, "symbol_no": 0, "height": 2.0, "width": 2.0, "spacing": 0.2, "angle": 0.16877488791942596, "_src_file": "LDZOFBB099.WT", "_src_id": 1452 }, "geometry": { "type": "Point", "coordinates": [ 74.656525725093232, 39.711758660755656 ] } },
{ "type": "Feature", "properties": { "ID": 538, "FEATUREID": "OFBB099C1AJ430010020001454", "CHFCAC": "001454", "CHFCEC": "产状", "CHFCED": "50", "point_type": 0, "symbol_no": 0, "height": 2.0, "width": 2.0, "spacing": 0.2, "angle": 0.14854395389556885, "_src_file": "LDZOFBB099.WT", "_src_id": 1453 }, "geometry": { "type": "Point", "coordinates": [ 74.697549150113105, 39.72527541972579 ] } },
{ "type": "Feature", "properties": { "ID": 539, "FEATUREID": "OFBB099C1AJ430010020001455", "CHFCAC": "001455", "CHFCEC": "产状", "CHFCED": "37", "point_type": 0, "symbol_no": 0, "height": 2.0, "width": 2.0, "spacing": 0.2, "angle": 0.14206323027610779, "_src_file": "LDZOFBB099.WT", "_src_id": 1454 }, "geometry": { "type": "Point", "coordinates": [ 74.710756914348934, 39.767335560940374 ] } },
{ "type": "Feature", "properties": { "ID": 541, "FEATUREID": "OFBB099C1AJ430010020001456", "CHFCAC": "001456", "CHFCEC": "产状", "CHFCED": "35", "point_type": 0, "symbol_no": 0, "height": 2.0, "width": 2.0, "spacing": 0.2, "angle": 0.071564860641956329, "_src_file": "LDZOFBB099.WT", "_src_id": 1455 }, "geometry": { "type": "Point", "coordinates": [ 74.853598139293581, 39.80036455326217 ] } },
{ "type": "Feature", "properties": { "ID": 544, "FEATUREID": "OFBB099C1AJ430010020001457", "CHFCAC": "001457", "CHFCEC": "产状", "CHFCED": "48", "point_type": 0, "symbol_no": 0, "height": 2.0, "width": 2.0, "spacing": 0.2, "angle": 0.060617353767156601, "_src_file": "LDZOFBB099.WT", "_src_id": 1456 }, "geometry": { "type": "Point", "coordinates": [ 74.875782559318068, 39.816411630908959 ] } },
{ "type": "Feature", "properties": { "ID": 555, "FEATUREID": "OFBB099C1AJ430010020001458", "CHFCAC": "001458", "CHFCEC": "产状", "CHFCED": "42", "point_type": 0, "symbol_no": 0, "height": 2.0, "width": 2.0, "spacing": 0.2, "angle": 0.062330320477485657, "_src_file": "LDZOFBB099.WT", "_src_id": 1457 }, "geometry": { "type": "Point", "coordinates": [ 74.872349319210088, 39.863041440553552 ] } },
{ "type": "Feature", "properties": { "ID": 579, "FEATUREID": "OFBB099C1AJ430010020001459", "CHFCAC": "001459", "CHFCEC": "产状", "CHFCED": "71", "point_type": 0, "symbol_no": 0, "height": 2.0, "width": 2.0, "spacing": 0.2, "angle": 0.10893009603023529, "_src_file": "LDZOFBB099.WT", "_src_id": 1458 }, "geometry": { "type": "Point", "coordinates": [ 74.778079011141017, 39.91873732230821 ] } },
{ "type": "Feature", "properties": { "ID": 583, "FEATUREID": "OFBB099C1AJ430010020001460", "CHFCAC": "001460", "CHFCEC": "产状", "CHFCED": "73", "point_type": 0, "symbol_no": 0, "height": 2.0, "width": 2.0, "spacing": 0.2, "angle": 0.083292096853256226, "_src_file": "LDZOFBB099.WT", "_src_id": 1459 }, "geometry": { "type": "Point", "coordinates": [ 74.829989087767515, 39.941418281368051 ] } },
{ "type": "Feature", "properties": { "ID": 584, "FEATUREID": "OFBB099C1AJ430010020001461", "CHFCAC": "001461", "CHFCEC": "产状", "CHFCED": "65", "point_type": 0, "symbol_no": 0, "height": 2.0, "width": 2.0, "spacing": 0.2, "angle": 0.072685033082962036, "_src_file": "LDZOFBB099.WT", "_src_id": 1460 }, "geometry": { "type": "Point", "coordinates": [ 74.851449511794399, 39.935008400924772 ] } },
{ "type": "Feature", "properties": { "ID": 586, "FEATUREID": "OFBB099C1AJ430010020001462", "CHFCAC": "001462", "CHFCEC": "产状", "CHFCED": "40", "point_type": 0, "symbol_no": 0, "height": 2.0, "width": 2.0, "spacing": 0.2, "angle": 0.056768864393234253, "_src_file": "LDZOFBB099.WT", "_src_id": 1461 }, "geometry": { "type": "Point", "coordinates": [ 74.883661103587087, 39.940735434718952 ] } },
{ "type": "Feature", "properties": { "ID": 590, "FEATUREID": "OFBB099C1AJ430010020001463", "CHFCAC": "001463", "CHFCEC": "产状", "CHFCED": "25", "point_type": 0, "symbol_no": 0, "height": 2.0, "width": 2.0, "spacing": 0.2, "angle": 0.044796247035264969, "_src_file": "LDZOFBB099.WT", "_src_id": 1462 }, "geometry": { "type": "Point", "coordinates": [ 74.907891741271172, 39.944702634559413 ] } },
{ "type": "Feature", "properties": { "ID": 591, "FEATUREID": "OFBB099C1AJ430010020001464", "CHFCAC": "001464", "CHFCEC": "产状", "CHFCED": "43", "point_type": 0, "symbol_no": 0, "height": 2.0, "width": 2.0, "spacing": 0.2, "angle": 0.031165510416030884, "_src_file": "LDZOFBB099.WT", "_src_id": 1463 }, "geometry": { "type": "Point", "coordinates": [ 74.93547721797151, 39.956430980202398 ] } },
{ "type": "Feature", "properties": { "ID": 594, "FEATUREID": "OFBB099C1AJ430010020001465", "CHFCAC": "001465", "CHFCEC": "产状", "CHFCED": "20", "point_type": 0, "symbol_no": 0, "height": 2.0, "width": 2.0, "spacing": 0.2, "angle": 0.019830901175737381, "_src_file": "LDZOFBB099.WT", "_src_id": 1464 }, "geometry": { "type": "Point", "coordinates": [ 74.958413497580992, 39.965273929030793 ] } },
{ "type": "Feature", "properties": { "ID": 636, "FEATUREID": "OFBB099C1AJ430010020001466", "CHFCAC": "001466", "CHFCEC": "产状", "CHFCED": "64", "point_type": 0, "symbol_no": 0, "height": 2.0, "width": 2.0, "spacing": 0.2, "angle": 0.060735929757356644, "_src_file": "LDZOFBB099.WT", "_src_id": 1465 }, "geometry": { "type": "Point", "coordinates": [ 74.875663533878239, 39.982127058630887 ] } },
{ "type": "Feature", "properties": { "ID": 641, "FEATUREID": "OFBB099C1AJ430010020001467", "CHFCAC": "001467", "CHFCEC": "产状", "CHFCED": "68", "point_type": 0, "symbol_no": 0, "height": 2.0, "width": 2.0, "spacing": 0.2, "angle": 0.2407992035150528, "_src_file": "LDZOFBB099.WT", "_src_id": 1466 }, "geometry": { "type": "Point", "coordinates": [ 74.511309361753732, 39.954614285706604 ] } },
{ "type": "Feature", "properties": { "ID": 645, "FEATUREID": "OFBB099C1AJ430010020001468", "CHFCAC": "001468", "CHFCEC": "产状", "CHFCED": "67", "point_type": 0, "symbol_no": 0, "height": 2.0, "width": 2.0, "spacing": 0.2, "angle": 0.12637884914875031, "_src_file": "LDZOFBB099.WT", "_src_id": 1467 }, "geometry": { "type": "Point", "coordinates": [ 74.742787678925509, 39.932278298668081 ] } },
{ "type": "Feature", "properties": { "ID": 658, "FEATUREID": "OFBB099C1AJ430010020001469", "CHFCAC": "001469", "CHFCEC": "产状", "CHFCED": "65", "point_type": 0, "symbol_no": 0, "height": 2.0, "width": 2.0, "spacing": 0.2, "angle": 0.026354972273111343, "_src_file": "LDZOFBB099.WT", "_src_id": 1468 }, "geometry": { "type": "Point", "coordinates": [ 74.94519335626066, 39.90261955894136 ] } },
{ "type": "Feature", "properties": { "ID": 662, "FEATUREID": "OFBB099C1AJ430010020001470", "CHFCAC": "001470", "CHFCEC": "产状", "CHFCED": "53", "point_type": 0, "symbol_no": 0, "height": 2.0, "width": 2.0, "spacing": 0.2, "angle": 0.16031153500080109, "_src_file": "LDZOFBB099.WT", "_src_id": 1469 }, "geometry": { "type": "Point", "coordinates": [ 74.674087842365793, 39.915506743541634 ] } },
{ "type": "Feature", "properties": { "ID": 673, "FEATUREID": "OFBB099C1AJ430010020001471", "CHFCAC": "001471", "CHFCEC": "产状", "CHFCED": "57", "point_type": 0, "symbol_no": 0, "height": 2.0, "width": 2.0, "spacing": 0.2, "angle": 0.15961897373199463, "_src_file": "LDZOFBB099.WT", "_src_id": 1470 }, "geometry": { "type": "Point", "coordinates": [ 74.675437278626859, 39.889502254830646 ] } },
{ "type": "Feature", "properties": { "ID": 674, "FEATUREID": "OFBB099C1AJ430010020001472", "CHFCAC": "001472", "CHFCEC": "产状", "CHFCED": "49", "point_type": 0, "symbol_no": 0, "height": 2.0, "width": 2.0, "spacing": 0.2, "angle": 0.11220534890890121, "_src_file": "LDZOFBB099.WT", "_src_id": 1471 }, "geometry": { "type": "Point", "coordinates": [ 74.771399743061124, 39.880521430004173 ] } },
{ "type": "Feature", "properties": { "ID": 676, "FEATUREID": "OFBB099C1AJ430010020001473", "CHFCAC": "001473", "CHFCEC": "产状", "CHFCED": "35", "point_type": 0, "symbol_no": 0, "height": 2.0, "width": 2.0, "spacing": 0.2, "angle": 0.0295279361307621, "_src_file": "LDZOFBB099.WT", "_src_id": 1472 }, "geometry": { "type": "Point", "coordinates": [ 74.938765661652013, 39.884093138211462 ] } },
{ "type": "Feature", "properties": { "ID": 677, "FEATUREID": "OFBB099C1AJ430010020001474", "CHFCAC": "001474", "CHFCEC": "产状", "CHFCED": "25", "point_type": 0, "symbol_no": 0, "height": 2.0, "width": 2.0, "spacing": 0.2, "angle": 0.011640362441539764, "_src_file": "LDZOFBB099.WT", "_src_id": 1473 }, "geometry": { "type": "Point", "coordinates": [ 74.974975828757735, 39.896843365492273 ] } },
{ "type": "Feature", "properties": { "ID": 679, "FEATUREID": "OFBB099C1AJ430010020001475", "CHFCAC": "001475", "CHFCEC": "产状", "CHFCED": "45", "point_type": 0, "symbol_no": 0, "height": 2.0, "width": 2.0, "spacing": 0.2, "angle": 0.017399804666638374, "_src_file": "LDZOFBB099.WT", "_src_id": 1474 }, "geometry": { "type": "Point", "coordinates": [ 74.963317586797672, 39.884656598878145 ] } },
{ "type": "Feature", "properties": { "ID": 680, "FEATUREID": "OFBB099C1AJ430010020001476", "CHFCAC": "001476", "CHFCEC": "产状", "CHFCED": "80", "point_type": 0, "symbol_no": 0, "height": 2.0, "width": 2.0, "spacing": 0.2, "angle": 0.061885852366685867, "_src_file": "LDZOFBB099.WT", "_src_id": 1475 }, "geometry": { "type": "Point", "coordinates": [ 74.873255150161526, 39.873605006112612 ] } },
{ "type": "Feature", "properties": { "ID": 685, "FEATUREID": "OFBB099C1AJ430010020001477", "CHFCAC": "001477", "CHFCEC": "产状", "CHFCED": "54", "point_type": 0, "symbol_no": 0, "height": 2.0, "width": 2.0, "spacing": 0.2, "angle": 0.16478084027767181, "_src_file": "LDZOFBB099.WT", "_src_id": 1476 }, "geometry": { "type": "Point", "coordinates": [ 74.664931947752009, 39.862211423530042 ] } },
{ "type": "Feature", "properties": { "ID": 686, "FEATUREID": "OFBB099C1AJ430010020001478", "CHFCAC": "001478", "CHFCEC": "产状", "CHFCED": "56", "point_type": 0, "symbol_no": 0, "height": 2.0, "width": 2.0, "spacing": 0.2, "angle": 0.19612894952297211, "_src_file": "LDZOFBB099.WT", "_src_id": 1477 }, "geometry": { "type": "Point", "coordinates": [ 74.601395850868826, 39.832091617926416 ] } },
{ "type": "Feature", "properties": { "ID": 688, "FEATUREID": "OFBB099C1AJ430010020001479", "CHFCAC": "001479", "CHFCEC": "产状", "CHFCED": "35", "point_type": 0, "symbol_no": 0, "height": 2.0, "width": 2.0, "spacing": 0.2, "angle": 0.031320802867412567, "_src_file": "LDZOFBB099.WT", "_src_id": 1478 }, "geometry": { "type": "Point", "coordinates": [ 74.935117409003595, 39.835878756960859 ] } },
{ "type": "Feature", "properties": { "ID": 689, "FEATUREID": "OFBB099C1AJ430010020001480", "CHFCAC": "001480", "CHFCEC": "产状", "CHFCED": "46", "point_type": 0, "symbol_no": 0, "height": 2.0, "width": 2.0, "spacing": 0.2, "angle": 0.013268234208226204, "_src_file": "LDZOFBB099.WT", "_src_id": 1479 }, "geometry": { "type": "Point", "coordinates": [ 74.971672090615812, 39.823313917181814 ] } },
{ "type": "Feature", "properties": { "ID": 695, "FEATUREID": "OFBB099C1AJ430010020001481", "CHFCAC": "001481", "CHFCEC": "产状", "CHFCED": "78", "point_type": 0, "symbol_no": 0, "height": 2.0, "width": 2.0, "spacing": 0.2, "angle": 0.087546080350875854, "_src_file": "LDZOFBB099.WT", "_src_id": 1480 }, "geometry": { "type": "Point", "coordinates": [ 74.821217723503537, 39.788391237417734 ] } },
{ "type": "Feature", "properties": { "ID": 697, "FEATUREID": "OFBB099C1AJ430010020001482", "CHFCAC": "001482", "CHFCEC": "产状", "CHFCED": "50", "point_type": 0, "symbol_no": 0, "height": 2.0, "width": 2.0, "spacing": 0.2, "angle": 0.032342184334993362, "_src_file": "LDZOFBB099.WT", "_src_id": 1481 }, "geometry": { "type": "Point", "coordinates": [ 74.93303794739299, 39.804364413646965 ] } },
{ "type": "Feature", "properties": { "ID": 698, "FEATUREID": "OFBB099C1AJ430010020001483", "CHFCAC": "001483", "CHFCEC": "产状", "CHFCED": "30", "point_type": 0, "symbol_no": 0, "height": 2.0, "width": 2.0, "spacing": 0.2, "angle": 0.011511256918311119, "_src_file": "LDZOFBB099.WT", "_src_id": 1482 }, "geometry": { "type": "Point", "coordinates": [ 74.975222488364423, 39.763081165330277 ] } },
{ "type": "Feature", "properties": { "ID": 702, "FEATUREID": "OFBB099C1AJ430010020001484", "CHFCAC": "001484", "CHFCEC": "产状", "CHFCED": "40", "point_type": 0, "symbol_no": 0, "height": 2.0, "width": 2.0, "spacing": 0.2, "angle": 0.047103285789489746, "_src_file": "LDZOFBB099.WT", "_src_id": 1483 }, "geometry": { "type": "Point", "coordinates": [ 74.903107033880744, 39.745306953067562 ] } },
{ "type": "Feature", "properties": { "ID": 704, "FEATUREID": "OFBB099C1AJ430010020001485", "CHFCAC": "001485", "CHFCEC": "产状", "CHFCED": "52", "point_type": 0, "symbol_no": 0, "height": 2.0, "width": 2.0, "spacing": 0.2, "angle": 0.18662065267562866, "_src_file": "LDZOFBB099.WT", "_src_id": 1484 }, "geometry": { "type": "Point", "coordinates": [ 74.620486181333774, 39.763078726030862 ] } },
{ "type": "Feature", "properties": { "ID": 705, "FEATUREID": "OFBB099C1AJ430010020001486", "CHFCAC": "001486", "CHFCEC": "产状", "CHFCED": "66", "point_type": 0, "symbol_no": 0, "height": 2.0, "width": 2.0, "spacing": 0.2, "angle": 0.1756843775510788, "_src_file": "LDZOFBB099.WT", "_src_id": 1485 }, "geometry": { "type": "Point", "coordinates": [ 74.642575152066811, 39.734830242330084 ] } },
{ "type": "Feature", "properties": { "ID": 707, "FEATUREID": "OFBB099C1AJ430010020001487", "CHFCAC": "001487", "CHFCEC": "产状", "CHFCED": "50", "point_type": 0, "symbol_no": 0, "height": 2.0, "width": 2.0, "spacing": 0.2, "angle": 0.088270746171474457, "_src_file": "LDZOFBB099.WT", "_src_id": 1486 }, "geometry": { "type": "Point", "coordinates": [ 74.819687828939578, 39.734367364482246 ] } },
{ "type": "Feature", "properties": { "ID": 708, "FEATUREID": "OFBB099C1AJ430010020001488", "CHFCAC": "001488", "CHFCEC": "产状", "CHFCED": "30", "point_type": 0, "symbol_no": 0, "height": 2.0, "width": 2.0, "spacing": 0.2, "angle": 0.087247461080551147, "_src_file": "LDZOFBB099.WT", "_src_id": 1487 }, "geometry": { "type": "Point", "coordinates": [ 74.821736179066235, 39.710013028230776 ] } },
{ "type": "Feature", "properties": { "ID": 710, "FEATUREID": "OFBB099C1AJ430010020001489", "CHFCAC": "001489", "CHFCEC": "产状", "CHFCED": "18", "point_type": 0, "symbol_no": 0, "height": 2.0, "width": 2.0, "spacing": 0.2, "angle": 0.039155386388301849, "_src_file": "LDZOFBB099.WT", "_src_id": 1488 }, "geometry": { "type": "Point", "coordinates": [ 74.919199513086099, 39.7219084193963 ] } },
{ "type": "Feature", "properties": { "ID": 712, "FEATUREID": "OFBB099C1AJ430010020001490", "CHFCAC": "001490", "CHFCEC": "产状", "CHFCED": "20", "point_type": 0, "symbol_no": 0, "height": 2.0, "width": 2.0, "spacing": 0.2, "angle": 0.036738339811563492, "_src_file": "LDZOFBB099.WT", "_src_id": 1489 }, "geometry": { "type": "Point", "coordinates": [ 74.924092016539888, 39.708114004294529 ] } },
{ "type": "Feature", "properties": { "ID": 715, "FEATUREID": "OFBB099C1AJ430010020001491", "CHFCAC": "001491", "CHFCEC": "产状", "CHFCED": "40", "point_type": 0, "symbol_no": 0, "height": 2.0, "width": 2.0, "spacing": 0.2, "angle": 0.027371199801564217, "_src_file": "LDZOFBB099.WT", "_src_id": 1490 }, "geometry": { "type": "Point", "coordinates": [ 74.943069563288006, 39.692456305583093 ] } },
{ "type": "Feature", "properties": { "ID": 716, "FEATUREID": "OFBB099C1AJ430010020001492", "CHFCAC": "001492", "CHFCEC": "产状", "CHFCED": "31", "point_type": 0, "symbol_no": 0, "height": 2.0, "width": 2.0, "spacing": 0.2, "angle": 0.096966713666915894, "_src_file": "LDZOFBB099.WT", "_src_id": 1491 }, "geometry": { "type": "Point", "coordinates": [ 74.802019928790301, 39.694466888762086 ] } },
{ "type": "Feature", "properties": { "ID": 722, "FEATUREID": "OFBB099C1AJ430010020001493", "CHFCAC": "001493", "CHFCEC": "产状", "CHFCED": "22", "point_type": 0, "symbol_no": 0, "height": 2.0, "width": 2.0, "spacing": 0.2, "angle": 0.19025136530399323, "_src_file": "LDZOFBB099.WT", "_src_id": 1492 }, "geometry": { "type": "Point", "coordinates": [ 74.613004913558612, 39.711173246028721 ] } },
{ "type": "Feature", "properties": { "ID": 83, "FEATUREID": "OFBB099C1AJ430010020001494", "CHFCAC": "001494", "CHFCEC": "产状", "CHFCED": "80", "point_type": 0, "symbol_no": 0, "height": 2.0, "width": 2.0, "spacing": 0.2, "angle": 0.53253072500228882, "_src_file": "LDZOFBB099.WT", "_src_id": 1493 }, "geometry": { "type": "Point", "coordinates": [ 73.914476559825601, 39.033153267342691 ] } },
{ "type": "Feature", "properties": { "ID": 87, "FEATUREID": "OFBB099C1AJ430010020001495", "CHFCAC": "001495", "CHFCEC": "产状", "CHFCED": "62", "point_type": 0, "symbol_no": 0, "height": 2.0, "width": 2.0, "spacing": 0.2, "angle": 0.55188924074172974, "_src_file": "LDZOFBB099.WT", "_src_id": 1494 }, "geometry": { "type": "Point", "coordinates": [ 73.874914101556598, 39.013316586685974 ] } },
{ "type": "Feature", "properties": { "ID": 91, "FEATUREID": "OFBB099C1AJ430010020001496", "CHFCAC": "001496", "CHFCEC": "产状", "CHFCED": "63", "point_type": 0, "symbol_no": 0, "height": 2.0, "width": 2.0, "spacing": 0.2, "angle": 0.56086826324462891, "_src_file": "LDZOFBB099.WT", "_src_id": 1495 }, "geometry": { "type": "Point", "coordinates": [ 73.859027307337342, 39.309607687457429 ] } },
{ "type": "Feature", "properties": { "ID": 95, "FEATUREID": "OFBB099C1AJ430010020001497", "CHFCAC": "001497", "CHFCEC": "产状", "CHFCED": "60", "point_type": 0, "symbol_no": 0, "height": 2.0, "width": 2.0, "spacing": 0.2, "angle": 0.51501882076263428, "_src_file": "LDZOFBB099.WT", "_src_id": 1496 }, "geometry": { "type": "Point", "coordinates": [ 73.951429068626609, 39.20856303163032 ] } },
{ "type": "Feature", "properties": { "ID": 100, "FEATUREID": "OFBB099C1AJ430010020001498", "CHFCAC": "001498", "CHFCEC": "产状", "CHFCED": "50", "point_type": 0, "symbol_no": 0, "height": 2.0, "width": 2.0, "spacing": 0.2, "angle": 0.56711089611053467, "_src_file": "LDZOFBB099.WT", "_src_id": 1497 }, "geometry": { "type": "Point", "coordinates": [ 73.845684725637071, 39.226651452351859 ] } },
{ "type": "Feature", "properties": { "ID": 110, "FEATUREID": "OFBB099C1AJ430010020001499", "CHFCAC": "001499", "CHFCEC": "产状", "CHFCED": "48", "point_type": 0, "symbol_no": 0, "height": 2.0, "width": 2.0, "spacing": 0.2, "angle": 0.63917553424835205, "_src_file": "LDZOFBB099.WT", "_src_id": 1498 }, "geometry": { "type": "Point", "coordinates": [ 73.69930996722448, 39.236404018418156 ] } },
{ "type": "Feature", "properties": { "ID": 130, "FEATUREID": "OFBB099C1AJ430010020001500", "CHFCAC": "001500", "CHFCEC": "产状", "CHFCED": "56", "point_type": 0, "symbol_no": 0, "height": 2.0, "width": 2.0, "spacing": 0.2, "angle": 0.57953441143035889, "_src_file": "LDZOFBB099.WT", "_src_id": 1499 }, "geometry": { "type": "Point", "coordinates": [ 73.820402976737626, 39.22281567410257 ] } },
{ "type": "Feature", "properties": { "ID": 135, "FEATUREID": "OFBB099C1AJ430010020001501", "CHFCAC": "001501", "CHFCEC": "产状", "CHFCED": "63", "point_type": 0, "symbol_no": 0, "height": 2.0, "width": 2.0, "spacing": 0.2, "angle": 0.59991836547851562, "_src_file": "LDZOFBB099.WT", "_src_id": 1500 }, "geometry": { "type": "Point", "coordinates": [ 73.779261889577455, 39.256938340294198 ] } },
{ "type": "Feature", "properties": { "ID": 140, "FEATUREID": "OFBB099C1AJ430010020001502", "CHFCAC": "001502", "CHFCEC": "产状", "CHFCED": "46", "point_type": 0, "symbol_no": 0, "height": 2.0, "width": 2.0, "spacing": 0.2, "angle": 0.59116530418395996, "_src_file": "LDZOFBB099.WT", "_src_id": 1501 }, "geometry": { "type": "Point", "coordinates": [ 73.797307222340507, 39.287932382235709 ] } },
{ "type": "Feature", "properties": { "ID": 164, "FEATUREID": "OFBB099C1AJ430010020001503", "CHFCAC": "001503", "CHFCEC": "产状", "CHFCED": "58", "point_type": 0, "symbol_no": 0, "height": 2.0, "width": 2.0, "spacing": 0.2, "angle": 0.52128732204437256, "_src_file": "LDZOFBB099.WT", "_src_id": 1502 }, "geometry": { "type": "Point", "coordinates": [ 73.938475724365375, 39.180194214471641 ] } },
{ "type": "Feature", "properties": { "ID": 251, "FEATUREID": "OFBB099C1AJ430010020001504", "CHFCAC": "001504", "CHFCEC": "产状", "CHFCED": "23", "point_type": 0, "symbol_no": 0, "height": 2.0, "width": 2.0, "spacing": 0.2, "angle": 0.11513498425483704, "_src_file": "LDZOFBB099.WT", "_src_id": 1503 }, "geometry": { "type": "Point", "coordinates": [ 74.764880220224597, 39.483053222553707 ] } },
{ "type": "Feature", "properties": { "ID": 257, "FEATUREID": "OFBB099C1AJ430010020001505", "CHFCAC": "001505", "CHFCEC": "产状", "CHFCED": "41", "point_type": 0, "symbol_no": 0, "height": 2.0, "width": 2.0, "spacing": 0.2, "angle": 0.072218909859657288, "_src_file": "LDZOFBB099.WT", "_src_id": 1504 }, "geometry": { "type": "Point", "coordinates": [ 74.851994358071607, 39.499545239255163 ] } },
{ "type": "Feature", "properties": { "ID": 258, "FEATUREID": "OFBB099C1AJ430010020001506", "CHFCAC": "001506", "CHFCEC": "产状", "CHFCED": "76", "point_type": 0, "symbol_no": 0, "height": 2.0, "width": 2.0, "spacing": 0.2, "angle": 0.065902456641197205, "_src_file": "LDZOFBB099.WT", "_src_id": 1505 }, "geometry": { "type": "Point", "coordinates": [ 74.864837725209, 39.530017074186887 ] } },
{ "type": "Feature", "properties": { "ID": 261, "FEATUREID": "OFBB099C1AJ430010020001507", "CHFCAC": "001507", "CHFCEC": "产状", "CHFCED": "43", "point_type": 0, "symbol_no": 0, "height": 2.0, "width": 2.0, "spacing": 0.2, "angle": 0.063766591250896454, "_src_file": "LDZOFBB099.WT", "_src_id": 1506 }, "geometry": { "type": "Point", "coordinates": [ 74.86920316162886, 39.569620111567694 ] } },
{ "type": "Feature", "properties": { "ID": 263, "FEATUREID": "OFBB099C1AJ430010020001508", "CHFCAC": "001508", "CHFCEC": "产状", "CHFCED": "41", "point_type": 0, "symbol_no": 0, "height": 2.0, "width": 2.0, "spacing": 0.2, "angle": 0.049417246133089066, "_src_file": "LDZOFBB099.WT", "_src_id": 1507 }, "geometry": { "type": "Point", "coordinates": [ 74.898329238160144, 39.601970231131908 ] } },
{ "type": "Feature", "properties": { "ID": 265, "FEATUREID": "OFBB099C1AJ430010020001509", "CHFCAC": "001509", "CHFCEC": "产状", "CHFCED": "54", "point_type": 0, "symbol_no": 0, "height": 2.0, "width": 2.0, "spacing": 0.2, "angle": 0.028062412515282631, "_src_file": "LDZOFBB099.WT", "_src_id": 1508 }, "geometry": { "type": "Point", "coordinates": [ 74.941629041022267, 39.578872662785429 ] } },
{ "type": "Feature", "properties": { "ID": 267, "FEATUREID": "OFBB099C1AJ430010020001510", "CHFCAC": "001510", "CHFCEC": "产状", "CHFCED": "27", "point_type": 0, "symbol_no": 0, "height": 2.0, "width": 2.0, "spacing": 0.2, "angle": 0.084550127387046814, "_src_file": "LDZOFBB099.WT", "_src_id": 1509 }, "geometry": { "type": "Point", "coordinates": [ 74.82714501676287, 39.65708280445395 ] } },
{ "type": "Feature", "properties": { "ID": 273, "FEATUREID": "OFBB099C1AJ430010020001511", "CHFCAC": "001511", "CHFCEC": "产状", "CHFCED": "48", "point_type": 0, "symbol_no": 0, "height": 2.0, "width": 2.0, "spacing": 0.2, "angle": 0.14787115156650543, "_src_file": "LDZOFBB099.WT", "_src_id": 1510 }, "geometry": { "type": "Point", "coordinates": [ 74.69867774841282, 39.603829113727791 ] } },
{ "type": "Feature", "properties": { "ID": 278, "FEATUREID": "OFBB099C1AJ430010020001512", "CHFCAC": "001512", "CHFCEC": "产状", "CHFCED": "60", "point_type": 0, "symbol_no": 0, "height": 2.0, "width": 2.0, "spacing": 0.2, "angle": 0.16275827586650848, "_src_file": "LDZOFBB099.WT", "_src_id": 1511 }, "geometry": { "type": "Point", "coordinates": [ 74.668407259067536, 39.565811005218826 ] } },
{ "type": "Feature", "properties": { "ID": 279, "FEATUREID": "OFBB099C1AJ430010020001513", "CHFCAC": "001513", "CHFCEC": "产状", "CHFCED": "60", "point_type": 0, "symbol_no": 0, "height": 2.0, "width": 2.0, "spacing": 0.2, "angle": 0.15689939260482788, "_src_file": "LDZOFBB099.WT", "_src_id": 1512 }, "geometry": { "type": "Point", "coordinates": [ 74.68027307191926, 39.556616403531955 ] } },
{ "type": "Feature", "properties": { "ID": 291, "FEATUREID": "OFBB099C1AJ430010020001514", "CHFCAC": "001514", "CHFCEC": "产状", "CHFCED": "15", "point_type": 0, "symbol_no": 0, "height": 2.0, "width": 2.0, "spacing": 0.2, "angle": 0.078910566866397858, "_src_file": "LDZOFBB099.WT", "_src_id": 1513 }, "geometry": { "type": "Point", "coordinates": [ 74.838283762749612, 39.376652750002521 ] } },
{ "type": "Feature", "properties": { "ID": 293, "FEATUREID": "OFBB099C1AJ430010020001515", "CHFCAC": "001515", "CHFCEC": "产状", "CHFCED": "25", "point_type": 0, "symbol_no": 0, "height": 2.0, "width": 2.0, "spacing": 0.2, "angle": 0.086462713778018951, "_src_file": "LDZOFBB099.WT", "_src_id": 1514 }, "geometry": { "type": "Point", "coordinates": [ 74.822919183636614, 39.353442411631171 ] } },
{ "type": "Feature", "properties": { "ID": 299, "FEATUREID": "OFBB099C1AJ430010020001516", "CHFCAC": "001516", "CHFCEC": "产状", "CHFCED": "40", "point_type": 0, "symbol_no": 0, "height": 2.0, "width": 2.0, "spacing": 0.2, "angle": 0.094130724668502808, "_src_file": "LDZOFBB099.WT", "_src_id": 1515 }, "geometry": { "type": "Point", "coordinates": [ 74.807469529015563, 39.45306678573975 ] } },
{ "type": "Feature", "properties": { "ID": 301, "FEATUREID": "OFBB099C1AJ430010020001517", "CHFCAC": "001517", "CHFCEC": "产状", "CHFCED": "48", "point_type": 0, "symbol_no": 0, "height": 2.0, "width": 2.0, "spacing": 0.2, "angle": 0.085118718445301056, "_src_file": "LDZOFBB099.WT", "_src_id": 1516 }, "geometry": { "type": "Point", "coordinates": [ 74.825739924445458, 39.431914574870277 ] } },
{ "type": "Feature", "properties": { "ID": 311, "FEATUREID": "OFBB099C1AJ430010020001518", "CHFCAC": "001518", "CHFCEC": "产状", "CHFCED": "27", "point_type": 0, "symbol_no": 0, "height": 2.0, "width": 2.0, "spacing": 0.2, "angle": 0.068918988108634949, "_src_file": "LDZOFBB099.WT", "_src_id": 1517 }, "geometry": { "type": "Point", "coordinates": [ 74.858599307192151, 39.402332625865753 ] } },
{ "type": "Feature", "properties": { "ID": 318, "FEATUREID": "OFBB099C1AJ430010020001519", "CHFCAC": "001519", "CHFCEC": "产状", "CHFCED": "9", "point_type": 0, "symbol_no": 0, "height": 2.0, "width": 2.0, "spacing": 0.2, "angle": 0.029253683984279633, "_src_file": "LDZOFBB099.WT", "_src_id": 1518 }, "geometry": { "type": "Point", "coordinates": [ 74.939173973270769, 39.479913791608773 ] } },
{ "type": "Feature", "properties": { "ID": 320, "FEATUREID": "OFBB099C1AJ430010020001520", "CHFCAC": "001520", "CHFCEC": "产状", "CHFCED": "15", "point_type": 0, "symbol_no": 0, "height": 2.0, "width": 2.0, "spacing": 0.2, "angle": 0.015741210430860519, "_src_file": "LDZOFBB099.WT", "_src_id": 1519 }, "geometry": { "type": "Point", "coordinates": [ 74.966603147456382, 39.494223713214367 ] } },
{ "type": "Feature", "properties": { "ID": 328, "FEATUREID": "OFBB099C1AJ430010020001521", "CHFCAC": "001521", "CHFCEC": "产状", "CHFCED": "40", "point_type": 0, "symbol_no": 0, "height": 2.0, "width": 2.0, "spacing": 0.2, "angle": 0.0040476531721651554, "_src_file": "LDZOFBB099.WT", "_src_id": 1520 }, "geometry": { "type": "Point", "coordinates": [ 74.990335248884179, 39.540171464007621 ] } },
{ "type": "Feature", "properties": { "ID": 327, "FEATUREID": "OFBB099C1AJ430010020001522", "CHFCAC": "001522", "CHFCEC": "产状", "CHFCED": "47", "point_type": 0, "symbol_no": 0, "height": 2.0, "width": 2.0, "spacing": 0.2, "angle": 0.24573428928852081, "_src_file": "LDZOFBB099.WT", "_src_id": 1521 }, "geometry": { "type": "Point", "coordinates": [ 74.500391792256735, 39.654501203920582 ] } },
{ "type": "Feature", "properties": { "ID": 331, "FEATUREID": "OFBB099C1AJ430010020001523", "CHFCAC": "001523", "CHFCEC": "产状", "CHFCED": "32", "point_type": 0, "symbol_no": 0, "height": 2.0, "width": 2.0, "spacing": 0.2, "angle": 0.18886688351631165, "_src_file": "LDZOFBB099.WT", "_src_id": 1522 }, "geometry": { "type": "Point", "coordinates": [ 74.615609268828379, 39.629066116201571 ] } },
{ "type": "Feature", "properties": { "ID": 336, "FEATUREID": "OFBB099C1AJ430010020001524", "CHFCAC": "001524", "CHFCEC": "产状", "CHFCED": "40", "point_type": 0, "symbol_no": 0, "height": 2.0, "width": 2.0, "spacing": 0.2, "angle": 0.16687591373920441, "_src_file": "LDZOFBB099.WT", "_src_id": 1523 }, "geometry": { "type": "Point", "coordinates": [ 74.660261631827723, 39.659686186818952 ] } },
{ "type": "Feature", "properties": { "ID": 340, "FEATUREID": "OFBB099C1AJ430010020001525", "CHFCAC": "001525", "CHFCEC": "产状", "CHFCED": "48", "point_type": 0, "symbol_no": 0, "height": 2.0, "width": 2.0, "spacing": 0.2, "angle": 0.23892548680305481, "_src_file": "LDZOFBB099.WT", "_src_id": 1524 }, "geometry": { "type": "Point", "coordinates": [ 74.51393711786811, 39.572703587156312 ] } },
{ "type": "Feature", "properties": { "ID": 341, "FEATUREID": "OFBB099C1AJ430010020001526", "CHFCAC": "001526", "CHFCEC": "产状", "CHFCED": "76", "point_type": 0, "symbol_no": 0, "height": 2.0, "width": 2.0, "spacing": 0.2, "angle": 0.24676559865474701, "_src_file": "LDZOFBB099.WT", "_src_id": 1525 }, "geometry": { "type": "Point", "coordinates": [ 74.497999082019177, 39.561487808659415 ] } },
{ "type": "Feature", "properties": { "ID": 344, "FEATUREID": "OFBB099C1AJ430010020001527", "CHFCAC": "001527", "CHFCEC": "产状", "CHFCED": "67", "point_type": 0, "symbol_no": 0, "height": 2.0, "width": 2.0, "spacing": 0.2, "angle": 0.22884060442447662, "_src_file": "LDZOFBB099.WT", "_src_id": 1526 }, "geometry": { "type": "Point", "coordinates": [ 74.534307283202054, 39.544400956608946 ] } },
{ "type": "Feature", "properties": { "ID": 345, "FEATUREID": "OFBB099C1AJ430010020001528", "CHFCAC": "001528", "CHFCEC": "产状", "CHFCED": "60", "point_type": 0, "symbol_no": 0, "height": 2.0, "width": 2.0, "spacing": 0.2, "angle": 0.22331307828426361, "_src_file": "LDZOFBB099.WT", "_src_id": 1527 }, "geometry": { "type": "Point", "coordinates": [ 74.545451590148616, 39.521661902861304 ] } },
{ "type": "Feature", "properties": { "ID": 347, "FEATUREID": "OFBB099C1AJ430010020001529", "CHFCAC": "001529", "CHFCEC": "产状", "CHFCED": "68", "point_type": 0, "symbol_no": 0, "height": 2.0, "width": 2.0, "spacing": 0.2, "angle": 0.15913310647010803, "_src_file": "LDZOFBB099.WT", "_src_id": 1528 }, "geometry": { "type": "Point", "coordinates": [ 74.675591053240012, 39.486005010018282 ] } },
{ "type": "Feature", "properties": { "ID": 364, "FEATUREID": "OFBB099C1AJ430010020001530", "CHFCAC": "001530", "CHFCEC": "产状", "CHFCED": "57", "point_type": 0, "symbol_no": 0, "height": 2.0, "width": 2.0, "spacing": 0.2, "angle": 1.5346291065216064, "_src_file": "LDZOFBB099.WT", "_src_id": 1529 }, "geometry": { "type": "Point", "coordinates": [ 74.719863340340268, 39.631167441638759 ] } },
{ "type": "Feature", "properties": { "ID": 371, "FEATUREID": "OFBB099C1AJ430010020001531", "CHFCAC": "001531", "CHFCEC": "产状", "CHFCED": "70", "point_type": 0, "symbol_no": 0, "height": 2.0, "width": 2.0, "spacing": 0.2, "angle": 0.089662432670593262, "_src_file": "LDZOFBB099.WT", "_src_id": 1530 }, "geometry": { "type": "Point", "coordinates": [ 74.816613680013702, 39.515664674512472 ] } },
{ "type": "Feature", "properties": { "ID": 379, "FEATUREID": "OFBB099C1AJ430010020001532", "CHFCAC": "001532", "CHFCEC": "产状", "CHFCED": "80", "point_type": 0, "symbol_no": 0, "height": 2.0, "width": 2.0, "spacing": 0.2, "angle": 0.036873366683721542, "_src_file": "LDZOFBB099.WT", "_src_id": 1531 }, "geometry": { "type": "Point", "coordinates": [ 74.923641703326254, 39.341042370140464 ] } },
{ "type": "Feature", "properties": { "ID": 381, "FEATUREID": "OFBB099C1AJ430010020001533", "CHFCAC": "001533", "CHFCEC": "产状", "CHFCED": "80", "point_type": 0, "symbol_no": 0, "height": 2.0, "width": 2.0, "spacing": 0.2, "angle": 0.02513565681874752, "_src_file": "LDZOFBB099.WT", "_src_id": 1532 }, "geometry": { "type": "Point", "coordinates": [ 74.947487633462998, 39.344271566727713 ] } },
{ "type": "Feature", "properties": { "ID": 382, "FEATUREID": "OFBB099C1AJ430010020001534", "CHFCAC": "001534", "CHFCEC": "产状", "CHFCED": "40", "point_type": 0, "symbol_no": 0, "height": 2.0, "width": 2.0, "spacing": 0.2, "angle": 0.020422168076038361, "_src_file": "LDZOFBB099.WT", "_src_id": 1533 }, "geometry": { "type": "Point", "coordinates": [ 74.957065730485994, 39.347951479079846 ] } },
{ "type": "Feature", "properties": { "ID": 383, "FEATUREID": "OFBB099C1AJ430010020001535", "CHFCAC": "001535", "CHFCEC": "产状", "CHFCED": "30", "point_type": 0, "symbol_no": 0, "height": 2.0, "width": 2.0, "spacing": 0.2, "angle": 0.0056364261545240879, "_src_file": "LDZOFBB099.WT", "_src_id": 1534 }, "geometry": { "type": "Point", "coordinates": [ 74.987101161761387, 39.364745947072755 ] } },
{ "type": "Feature", "properties": { "ID": 384, "FEATUREID": "OFBB099C1AJ430010020001536", "CHFCAC": "001536", "CHFCEC": "产状", "CHFCED": "55", "point_type": 0, "symbol_no": 0, "height": 2.0, "width": 2.0, "spacing": 0.2, "angle": 0.016292687505483627, "_src_file": "LDZOFBB099.WT", "_src_id": 1535 }, "geometry": { "type": "Point", "coordinates": [ 74.965457751176885, 39.364828137904041 ] } },
{ "type": "Feature", "properties": { "ID": 392, "FEATUREID": "OFBB099C1AJ430010020001537", "CHFCAC": "001537", "CHFCEC": "产状", "CHFCED": "10", "point_type": 0, "symbol_no": 0, "height": 2.0, "width": 2.0, "spacing": 0.2, "angle": 0.0041619758121669292, "_src_file": "LDZOFBB099.WT", "_src_id": 1536 }, "geometry": { "type": "Point", "coordinates": [ 74.990105987788169, 39.617454623641052 ] } },
{ "type": "Feature", "properties": { "ID": 393, "FEATUREID": "OFBB099C1AJ430010020001538", "CHFCAC": "001538", "CHFCEC": "产状", "CHFCED": "43", "point_type": 0, "symbol_no": 0, "height": 2.0, "width": 2.0, "spacing": 0.2, "angle": 0.0037717511877417564, "_src_file": "LDZOFBB099.WT", "_src_id": 1537 }, "geometry": { "type": "Point", "coordinates": [ 74.990895863389269, 39.638583997546256 ] } },
{ "type": "Feature", "properties": { "ID": 399, "FEATUREID": "OFBB099C1AJ430010020001539", "CHFCAC": "001539", "CHFCEC": "产状", "CHFCED": "28", "point_type": 0, "symbol_no": 0, "height": 2.0, "width": 2.0, "spacing": 0.2, "angle": 18.441255569458008, "_src_file": "LDZOFBB099.WT", "_src_id": 1538 }, "geometry": { "type": "Point", "coordinates": [ 74.985661242841601, 39.660340275840312 ] } },
{ "type": "Feature", "properties": { "ID": 403, "FEATUREID": "OFBB099C1AJ430010020001540", "CHFCAC": "001540", "CHFCEC": "产状", "CHFCED": "59", "point_type": 0, "symbol_no": 0, "height": 2.0, "width": 2.0, "spacing": 0.2, "angle": 0.237974613904953, "_src_file": "LDZOFBB099.WT", "_src_id": 1539 }, "geometry": { "type": "Point", "coordinates": [ 74.515902269374081, 39.583680325992233 ] } },
{ "type": "Feature", "properties": { "ID": 407, "FEATUREID": "OFBB099C1AJ430010020001541", "CHFCAC": "001541", "CHFCEC": "产状", "CHFCED": "31", "point_type": 0, "symbol_no": 0, "height": 2.0, "width": 2.0, "spacing": 0.2, "angle": 0.17442835867404938, "_src_file": "LDZOFBB099.WT", "_src_id": 1540 }, "geometry": { "type": "Point", "coordinates": [ 74.644195904890623, 39.33712065857037 ] } },
{ "type": "Feature", "properties": { "ID": 415, "FEATUREID": "OFBB099C1AJ430010020001542", "CHFCAC": "001542", "CHFCEC": "产状", "CHFCED": "56", "point_type": 0, "symbol_no": 0, "height": 2.0, "width": 2.0, "spacing": 0.2, "angle": 0.010149016976356506, "_src_file": "LDZOFBB099.WT", "_src_id": 1541 }, "geometry": { "type": "Point", "coordinates": [ 74.977954570306139, 39.518247075523291 ] } },
{ "type": "Feature", "properties": { "ID": 332, "FEATUREID": "OFBB099C1AJ430010020001543", "CHFCAC": "001543", "CHFCEC": "产状", "CHFCED": "42", "point_type": 0, "symbol_no": 0, "height": 2.0, "width": 2.0, "spacing": 0.2, "angle": 0.19928731024265289, "_src_file": "LDZOFBB099.WT", "_src_id": 1542 }, "geometry": { "type": "Point", "coordinates": [ 74.594544304015514, 39.653037923815511 ] } },
{ "type": "Feature", "properties": { "ID": 347, "FEATUREID": "OFBB099C1AJ430010020001544", "CHFCAC": "001544", "CHFCEC": "产状", "CHFCED": "9", "point_type": 0, "symbol_no": 0, "height": 2.0, "width": 2.0, "spacing": 0.2, "angle": 0.21147896349430084, "_src_file": "LDZOFBB099.WT", "_src_id": 1543 }, "geometry": { "type": "Point", "coordinates": [ 74.569131896986093, 39.406351373313768 ] } },
{ "type": "Feature", "properties": { "ID": 279, "FEATUREID": "OFBB099C1AJ430010020001545", "CHFCAC": "001545", "CHFCEC": "产状", "CHFCED": "60", "point_type": 0, "symbol_no": 0, "height": 2.0, "width": 2.0, "spacing": 0.2, "angle": 0.15933744609355927, "_src_file": "LDZOFBB099.WT", "_src_id": 1544 }, "geometry": { "type": "Point", "coordinates": [ 74.675293362762858, 39.539999541250801 ] } },
{ "type": "Feature", "properties": { "ID": 279, "FEATUREID": "OFBB099C1AJ430010020001546", "CHFCAC": "001546", "CHFCEC": "产状", "CHFCED": "40", "point_type": 0, "symbol_no": 0, "height": 2.0, "width": 2.0, "spacing": 0.2, "angle": 0.15317924320697784, "_src_file": "LDZOFBB099.WT", "_src_id": 1545 }, "geometry": { "type": "Point", "coordinates": [ 74.687783160923871, 39.538340373209508 ] } },
{ "type": "Feature", "properties": { "ID": 311, "FEATUREID": "OFBB099C1AJ430010020001547", "CHFCAC": "001547", "CHFCEC": "产状", "CHFCED": "18", "point_type": 0, "symbol_no": 0, "height": 2.0, "width": 2.0, "spacing": 0.2, "angle": 0.041989564895629883, "_src_file": "LDZOFBB099.WT", "_src_id": 1546 }, "geometry": { "type": "Point", "coordinates": [ 74.913285999583294, 39.406405865241013 ] } },
{ "type": "Feature", "properties": { "ID": 311, "FEATUREID": "OFBB099C1AJ430010020001548", "CHFCAC": "001548", "CHFCEC": "产状", "CHFCED": "49", "point_type": 0, "symbol_no": 0, "height": 2.0, "width": 2.0, "spacing": 0.2, "angle": 0.15064606070518494, "_src_file": "LDZOFBB099.WT", "_src_id": 1547 }, "geometry": { "type": "Point", "coordinates": [ 74.692557501341653, 39.359880117107089 ] } },
{ "type": "Feature", "properties": { "ID": 125, "FEATUREID": "OFBB099C1AJ430010020001549", "CHFCAC": "001549", "CHFCEC": "产状", "CHFCED": "45", "point_type": 0, "symbol_no": 0, "height": 2.0, "width": 2.0, "spacing": 0.2, "angle": 0.49738514423370361, "_src_file": "LDZOFBB099.WT", "_src_id": 1548 }, "geometry": { "type": "Point", "coordinates": [ 73.98822982993326, 39.344615083690258 ] } },
{ "type": "Feature", "properties": { "ID": 126, "FEATUREID": "OFBB099C1AJ430010020001550", "CHFCAC": "001550", "CHFCEC": "产状", "CHFCED": "76", "point_type": 0, "symbol_no": 0, "height": 2.0, "width": 2.0, "spacing": 0.2, "angle": 0.49652621150016785, "_src_file": "LDZOFBB099.WT", "_src_id": 1549 }, "geometry": { "type": "Point", "coordinates": [ 73.990217667184339, 39.379993772099468 ] } },
{ "type": "Feature", "properties": { "ID": 133, "FEATUREID": "OFBB099C1AJ430010020001551", "CHFCAC": "001551", "CHFCEC": "产状", "CHFCED": "82", "point_type": 0, "symbol_no": 0, "height": 2.0, "width": 2.0, "spacing": 0.2, "angle": 0.50325000286102295, "_src_file": "LDZOFBB099.WT", "_src_id": 1550 }, "geometry": { "type": "Point", "coordinates": [ 73.976702319793077, 39.399733996821197 ] } },
{ "type": "Feature", "properties": { "ID": 137, "FEATUREID": "OFBB099C1AJ430010020001552", "CHFCAC": "001552", "CHFCEC": "产状", "CHFCED": "73", "point_type": 0, "symbol_no": 0, "height": 2.0, "width": 2.0, "spacing": 0.2, "angle": 0.50200450420379639, "_src_file": "LDZOFBB099.WT", "_src_id": 1551 }, "geometry": { "type": "Point", "coordinates": [ 73.979477843989628, 39.43561022689908 ] } },
{ "type": "Feature", "properties": { "ID": 138, "FEATUREID": "OFBB099C1AJ430010020001553", "CHFCAC": "001553", "CHFCEC": "产状", "CHFCED": "36", "point_type": 0, "symbol_no": 0, "height": 2.0, "width": 2.0, "spacing": 0.2, "angle": 0.53467673063278198, "_src_file": "LDZOFBB099.WT", "_src_id": 1552 }, "geometry": { "type": "Point", "coordinates": [ 73.913189830947317, 39.439039220367881 ] } },
{ "type": "Feature", "properties": { "ID": 228, "FEATUREID": "OFBB099C1AJ430010020001554", "CHFCAC": "001554", "CHFCEC": "产状", "CHFCED": "53", "point_type": 0, "symbol_no": 0, "height": 2.0, "width": 2.0, "spacing": 0.2, "angle": 0.45502451062202454, "_src_file": "LDZOFBB099.WT", "_src_id": 1553 }, "geometry": { "type": "Point", "coordinates": [ 74.075667508370046, 39.571686258055877 ] } },
{ "type": "Feature", "properties": { "ID": 230, "FEATUREID": "OFBB099C1AJ430010020001555", "CHFCAC": "001555", "CHFCEC": "产状", "CHFCED": "63", "point_type": 0, "symbol_no": 0, "height": 2.0, "width": 2.0, "spacing": 0.2, "angle": 0.45747354626655579, "_src_file": "LDZOFBB099.WT", "_src_id": 1554 }, "geometry": { "type": "Point", "coordinates": [ 74.070664671901341, 39.56554350429024 ] } },
{ "type": "Feature", "properties": { "ID": 245, "FEATUREID": "OFBB099C1AJ430010020001556", "CHFCAC": "001556", "CHFCEC": "产状", "CHFCED": "45", "point_type": 0, "symbol_no": 0, "height": 2.0, "width": 2.0, "spacing": 0.2, "angle": 0.26381844282150269, "_src_file": "LDZOFBB099.WT", "_src_id": 1555 }, "geometry": { "type": "Point", "coordinates": [ 74.462667461958446, 39.353452153385007 ] } },
{ "type": "Feature", "properties": { "ID": 246, "FEATUREID": "OFBB099C1AJ430010020001557", "CHFCAC": "001557", "CHFCEC": "产状", "CHFCED": "41", "point_type": 0, "symbol_no": 0, "height": 2.0, "width": 2.0, "spacing": 0.2, "angle": 0.27436214685440063, "_src_file": "LDZOFBB099.WT", "_src_id": 1556 }, "geometry": { "type": "Point", "coordinates": [ 74.441163052819505, 39.330500380484182 ] } },
{ "type": "Feature", "properties": { "ID": 251, "FEATUREID": "OFBB099C1AJ430010020001558", "CHFCAC": "001558", "CHFCEC": "产状", "CHFCED": "44", "point_type": 0, "symbol_no": 0, "height": 2.0, "width": 2.0, "spacing": 0.2, "angle": 0.26377752423286438, "_src_file": "LDZOFBB099.WT", "_src_id": 1557 }, "geometry": { "type": "Point", "coordinates": [ 74.462939724910072, 39.405506391912795 ] } },
{ "type": "Feature", "properties": { "ID": 252, "FEATUREID": "OFBB099C1AJ430010020001559", "CHFCAC": "001559", "CHFCEC": "产状", "CHFCED": "20", "point_type": 0, "symbol_no": 0, "height": 2.0, "width": 2.0, "spacing": 0.2, "angle": 0.25551563501358032, "_src_file": "LDZOFBB099.WT", "_src_id": 1558 }, "geometry": { "type": "Point", "coordinates": [ 74.479715486986265, 39.405631332572746 ] } },
{ "type": "Feature", "properties": { "ID": 254, "FEATUREID": "OFBB099C1AJ430010020001560", "CHFCAC": "001560", "CHFCEC": "产状", "CHFCED": "14", "point_type": 0, "symbol_no": 0, "height": 2.0, "width": 2.0, "spacing": 0.2, "angle": 0.25574910640716553, "_src_file": "LDZOFBB099.WT", "_src_id": 1559 }, "geometry": { "type": "Point", "coordinates": [ 74.479460629592651, 39.468548528822872 ] } },
{ "type": "Feature", "properties": { "ID": 259, "FEATUREID": "OFBB099C1AJ430010020001561", "CHFCAC": "001561", "CHFCEC": "产状", "CHFCED": "71", "point_type": 0, "symbol_no": 0, "height": 2.0, "width": 2.0, "spacing": 0.2, "angle": 0.28557947278022766, "_src_file": "LDZOFBB099.WT", "_src_id": 1560 }, "geometry": { "type": "Point", "coordinates": [ 74.419457386557625, 39.610567259920892 ] } },
{ "type": "Feature", "properties": { "ID": 266, "FEATUREID": "OFBB099C1AJ430010020001562", "CHFCAC": "001562", "CHFCEC": "产状", "CHFCED": "82", "point_type": 0, "symbol_no": 0, "height": 2.0, "width": 2.0, "spacing": 0.2, "angle": 0.32519537210464478, "_src_file": "LDZOFBB099.WT", "_src_id": 1561 }, "geometry": { "type": "Point", "coordinates": [ 74.339096912714197, 39.602156057083398 ] } },
{ "type": "Feature", "properties": { "ID": 267, "FEATUREID": "OFBB099C1AJ430010020001563", "CHFCAC": "001563", "CHFCEC": "产状", "CHFCED": "32", "point_type": 0, "symbol_no": 0, "height": 2.0, "width": 2.0, "spacing": 0.2, "angle": 0.3182237446308136, "_src_file": "LDZOFBB099.WT", "_src_id": 1562 }, "geometry": { "type": "Point", "coordinates": [ 74.353224641202317, 39.600059406164789 ] } },
{ "type": "Feature", "properties": { "ID": 279, "FEATUREID": "OFBB099C1AJ430010020001564", "CHFCAC": "001564", "CHFCEC": "产状", "CHFCED": "23", "point_type": 0, "symbol_no": 0, "height": 2.0, "width": 2.0, "spacing": 0.2, "angle": 0.32768216729164124, "_src_file": "LDZOFBB099.WT", "_src_id": 1563 }, "geometry": { "type": "Point", "coordinates": [ 74.333003341952505, 39.365248660217134 ] } },
{ "type": "Feature", "properties": { "ID": 286, "FEATUREID": "OFBB099C1AJ430010020001565", "CHFCAC": "001565", "CHFCEC": "产状", "CHFCED": "20", "point_type": 0, "symbol_no": 0, "height": 2.0, "width": 2.0, "spacing": 0.2, "angle": 0.33226469159126282, "_src_file": "LDZOFBB099.WT", "_src_id": 1564 }, "geometry": { "type": "Point", "coordinates": [ 74.323795913796147, 39.386472468127614 ] } },
{ "type": "Feature", "properties": { "ID": 274, "FEATUREID": "OFBB099C1AJ430010020001566", "CHFCAC": "001566", "CHFCEC": "产状", "CHFCED": "45", "point_type": 0, "symbol_no": 0, "height": 2.0, "width": 2.0, "spacing": 0.2, "angle": 0.32536256313323975, "_src_file": "LDZOFBB099.WT", "_src_id": 1565 }, "geometry": { "type": "Point", "coordinates": [ 74.337941401296007, 39.415527606929075 ] } },
{ "type": "Feature", "properties": { "ID": 281, "FEATUREID": "OFBB099C1AJ430010020001567", "CHFCAC": "001567", "CHFCEC": "产状", "CHFCED": "58", "point_type": 0, "symbol_no": 0, "height": 2.0, "width": 2.0, "spacing": 0.2, "angle": 0.31784951686859131, "_src_file": "LDZOFBB099.WT", "_src_id": 1566 }, "geometry": { "type": "Point", "coordinates": [ 74.353497928752844, 39.486135066329446 ] } },
{ "type": "Feature", "properties": { "ID": 284, "FEATUREID": "OFBB099C1AJ430010020001568", "CHFCAC": "001568", "CHFCEC": "产状", "CHFCED": "50", "point_type": 0, "symbol_no": 0, "height": 2.0, "width": 2.0, "spacing": 0.2, "angle": 0.42526799440383911, "_src_file": "LDZOFBB099.WT", "_src_id": 1567 }, "geometry": { "type": "Point", "coordinates": [ 74.135249074562637, 39.438458545299291 ] } },
{ "type": "Feature", "properties": { "ID": 295, "FEATUREID": "OFBB099C1AJ430010020001569", "CHFCAC": "001569", "CHFCEC": "产状", "CHFCED": "13", "point_type": 0, "symbol_no": 0, "height": 2.0, "width": 2.0, "spacing": 0.2, "angle": 0.44107019901275635, "_src_file": "LDZOFBB099.WT", "_src_id": 1568 }, "geometry": { "type": "Point", "coordinates": [ 74.103860103365648, 39.553487398906142 ] } },
{ "type": "Feature", "properties": { "ID": 294, "FEATUREID": "OFBB099C1AJ430010020001570", "CHFCAC": "001570", "CHFCEC": "产状", "CHFCED": "40", "point_type": 0, "symbol_no": 0, "height": 2.0, "width": 2.0, "spacing": 0.2, "angle": 0.48623073101043701, "_src_file": "LDZOFBB099.WT", "_src_id": 1569 }, "geometry": { "type": "Point", "coordinates": [ 74.012643444109315, 39.612040952897623 ] } },
{ "type": "Feature", "properties": { "ID": 305, "FEATUREID": "OFBB099C1AJ430010020001571", "CHFCAC": "001571", "CHFCEC": "产状", "CHFCED": "61", "point_type": 0, "symbol_no": 0, "height": 2.0, "width": 2.0, "spacing": 0.2, "angle": 0.40515440702438354, "_src_file": "LDZOFBB099.WT", "_src_id": 1570 }, "geometry": { "type": "Point", "coordinates": [ 74.176691674706902, 39.551152898931463 ] } },
{ "type": "Feature", "properties": { "ID": 306, "FEATUREID": "OFBB099C1AJ430010020001572", "CHFCAC": "001572", "CHFCEC": "产状", "CHFCED": "62", "point_type": 0, "symbol_no": 0, "height": 2.0, "width": 2.0, "spacing": 0.2, "angle": 0.40655305981636047, "_src_file": "LDZOFBB099.WT", "_src_id": 1571 }, "geometry": { "type": "Point", "coordinates": [ 74.173944919583917, 39.567606053644816 ] } },
{ "type": "Feature", "properties": { "ID": 314, "FEATUREID": "OFBB099C1AJ430010020001573", "CHFCAC": "001573", "CHFCEC": "产状", "CHFCED": "81", "point_type": 0, "symbol_no": 0, "height": 2.0, "width": 2.0, "spacing": 0.2, "angle": 0.39863073825836182, "_src_file": "LDZOFBB099.WT", "_src_id": 1572 }, "geometry": { "type": "Point", "coordinates": [ 74.190514650571274, 39.663336076217675 ] } },
{ "type": "Feature", "properties": { "ID": 319, "FEATUREID": "OFBB099C1AJ430010020001574", "CHFCAC": "001574", "CHFCEC": "产状", "CHFCED": "75", "point_type": 0, "symbol_no": 0, "height": 2.0, "width": 2.0, "spacing": 0.2, "angle": 0.39285746216773987, "_src_file": "LDZOFBB099.WT", "_src_id": 1573 }, "geometry": { "type": "Point", "coordinates": [ 74.202133076364632, 39.647569956745066 ] } },
{ "type": "Feature", "properties": { "ID": 320, "FEATUREID": "OFBB099C1AJ430010020001575", "CHFCAC": "001575", "CHFCEC": "产状", "CHFCED": "48", "point_type": 0, "symbol_no": 0, "height": 2.0, "width": 2.0, "spacing": 0.2, "angle": 0.39349982142448425, "_src_file": "LDZOFBB099.WT", "_src_id": 1574 }, "geometry": { "type": "Point", "coordinates": [ 74.200677147126342, 39.617397592245872 ] } },
{ "type": "Feature", "properties": { "ID": 328, "FEATUREID": "OFBB099C1AJ430010020001576", "CHFCAC": "001576", "CHFCEC": "产状", "CHFCED": "27", "point_type": 0, "symbol_no": 0, "height": 2.0, "width": 2.0, "spacing": 0.2, "angle": 0.45524945855140686, "_src_file": "LDZOFBB099.WT", "_src_id": 1575 }, "geometry": { "type": "Point", "coordinates": [ 74.075687262183308, 39.650764624483045 ] } },
{ "type": "Feature", "properties": { "ID": 327, "FEATUREID": "OFBB099C1AJ430010020001577", "CHFCAC": "001577", "CHFCEC": "产状", "CHFCED": "48", "point_type": 0, "symbol_no": 0, "height": 2.0, "width": 2.0, "spacing": 0.2, "angle": 0.4744170606136322, "_src_file": "LDZOFBB099.WT", "_src_id": 1576 }, "geometry": { "type": "Point", "coordinates": [ 74.036785452072962, 39.642762252545729 ] } },
{ "type": "Feature", "properties": { "ID": 331, "FEATUREID": "OFBB099C1AJ430010020001578", "CHFCAC": "001578", "CHFCEC": "产状", "CHFCED": "72", "point_type": 0, "symbol_no": 0, "height": 2.0, "width": 2.0, "spacing": 0.2, "angle": 0.47737863659858704, "_src_file": "LDZOFBB099.WT", "_src_id": 1577 }, "geometry": { "type": "Point", "coordinates": [ 74.029577753692806, 39.453866545477808 ] } },
{ "type": "Feature", "properties": { "ID": 332, "FEATUREID": "OFBB099C1AJ430010020001579", "CHFCAC": "001579", "CHFCEC": "产状", "CHFCED": "50", "point_type": 0, "symbol_no": 0, "height": 2.0, "width": 2.0, "spacing": 0.2, "angle": 0.46872958540916443, "_src_file": "LDZOFBB099.WT", "_src_id": 1578 }, "geometry": { "type": "Point", "coordinates": [ 74.046722249615684, 39.389904453217319 ] } },
{ "type": "Feature", "properties": { "ID": 334, "FEATUREID": "OFBB099C1AJ430010020001580", "CHFCAC": "001580", "CHFCEC": "产状", "CHFCED": "30", "point_type": 0, "symbol_no": 0, "height": 2.0, "width": 2.0, "spacing": 0.2, "angle": 0.46306577324867249, "_src_file": "LDZOFBB099.WT", "_src_id": 1579 }, "geometry": { "type": "Point", "coordinates": [ 74.057886643079939, 39.337634629631616 ] } },
{ "type": "Feature", "properties": { "ID": 343, "FEATUREID": "OFBB099C1AJ430010020001581", "CHFCAC": "001581", "CHFCEC": "产状", "CHFCED": "67", "point_type": 0, "symbol_no": 0, "height": 2.0, "width": 2.0, "spacing": 0.2, "angle": 0.46110492944717407, "_src_file": "LDZOFBB099.WT", "_src_id": 1580 }, "geometry": { "type": "Point", "coordinates": [ 74.06351380954095, 39.600454752074761 ] } },
{ "type": "Feature", "properties": { "ID": 345, "FEATUREID": "OFBB099C1AJ430010020001582", "CHFCAC": "001582", "CHFCEC": "产状", "CHFCED": "30", "point_type": 0, "symbol_no": 0, "height": 2.0, "width": 2.0, "spacing": 0.2, "angle": 0.4127165675163269, "_src_file": "LDZOFBB099.WT", "_src_id": 1581 }, "geometry": { "type": "Point", "coordinates": [ 74.160499576692999, 39.398273277532589 ] } },
{ "type": "Feature", "properties": { "ID": 350, "FEATUREID": "OFBB099C1AJ430010020001583", "CHFCAC": "001583", "CHFCEC": "产状", "CHFCED": "49", "point_type": 0, "symbol_no": 0, "height": 2.0, "width": 2.0, "spacing": 0.2, "angle": 0.42146953940391541, "_src_file": "LDZOFBB099.WT", "_src_id": 1582 }, "geometry": { "type": "Point", "coordinates": [ 74.143152544495337, 39.472021258567814 ] } },
{ "type": "Feature", "properties": { "ID": 355, "FEATUREID": "OFBB099C1AJ430010020001584", "CHFCAC": "001584", "CHFCEC": "产状", "CHFCED": "65", "point_type": 0, "symbol_no": 0, "height": 2.0, "width": 2.0, "spacing": 0.2, "angle": 0.36102175712585449, "_src_file": "LDZOFBB099.WT", "_src_id": 1583 }, "geometry": { "type": "Point", "coordinates": [ 74.266498172729086, 39.61184813320272 ] } },
{ "type": "Feature", "properties": { "ID": 354, "FEATUREID": "OFBB099C1AJ430010020001585", "CHFCAC": "001585", "CHFCEC": "产状", "CHFCED": "82", "point_type": 0, "symbol_no": 0, "height": 2.0, "width": 2.0, "spacing": 0.2, "angle": 0.34959167242050171, "_src_file": "LDZOFBB099.WT", "_src_id": 1584 }, "geometry": { "type": "Point", "coordinates": [ 74.289831246567502, 39.646490029844095 ] } },
{ "type": "Feature", "properties": { "ID": 360, "FEATUREID": "OFBB099C1AJ430010020001586", "CHFCAC": "001586", "CHFCEC": "产状", "CHFCED": "58", "point_type": 0, "symbol_no": 0, "height": 2.0, "width": 2.0, "spacing": 0.2, "angle": 0.3495374321937561, "_src_file": "LDZOFBB099.WT", "_src_id": 1585 }, "geometry": { "type": "Point", "coordinates": [ 74.289829565565697, 39.621928526183765 ] } },
{ "type": "Feature", "properties": { "ID": 361, "FEATUREID": "OFBB099C1AJ430010020001587", "CHFCAC": "001587", "CHFCEC": "产状", "CHFCED": "51", "point_type": 0, "symbol_no": 0, "height": 2.0, "width": 2.0, "spacing": 0.2, "angle": 0.34264349937438965, "_src_file": "LDZOFBB099.WT", "_src_id": 1586 }, "geometry": { "type": "Point", "coordinates": [ 74.303010538521974, 39.448303614999816 ] } },
{ "type": "Feature", "properties": { "ID": 362, "FEATUREID": "OFBB099C1AJ430010020001588", "CHFCAC": "001588", "CHFCEC": "产状", "CHFCED": "48", "point_type": 0, "symbol_no": 0, "height": 2.0, "width": 2.0, "spacing": 0.2, "angle": 0.3345373272895813, "_src_file": "LDZOFBB099.WT", "_src_id": 1587 }, "geometry": { "type": "Point", "coordinates": [ 74.319358814692976, 39.425196002701838 ] } },
{ "type": "Feature", "properties": { "ID": 367, "FEATUREID": "OFBB099C1AJ430010020001589", "CHFCAC": "001589", "CHFCEC": "产状", "CHFCED": "38", "point_type": 0, "symbol_no": 0, "height": 2.0, "width": 2.0, "spacing": 0.2, "angle": 0.32630199193954468, "_src_file": "LDZOFBB099.WT", "_src_id": 1588 }, "geometry": { "type": "Point", "coordinates": [ 74.335889222210554, 39.383413318926166 ] } },
{ "type": "Feature", "properties": { "ID": 371, "FEATUREID": "OFBB099C1AJ430010020001590", "CHFCAC": "001590", "CHFCEC": "产状", "CHFCED": "87", "point_type": 0, "symbol_no": 0, "height": 2.0, "width": 2.0, "spacing": 0.2, "angle": 0.33231130242347717, "_src_file": "LDZOFBB099.WT", "_src_id": 1589 }, "geometry": { "type": "Point", "coordinates": [ 74.324743120919251, 39.619340731621612 ] } },
{ "type": "Feature", "properties": { "ID": 372, "FEATUREID": "OFBB099C1AJ430010020001591", "CHFCAC": "001591", "CHFCEC": "产状", "CHFCED": "60", "point_type": 0, "symbol_no": 0, "height": 2.0, "width": 2.0, "spacing": 0.2, "angle": 0.25392964482307434, "_src_file": "LDZOFBB099.WT", "_src_id": 1590 }, "geometry": { "type": "Point", "coordinates": [ 74.483204387724143, 39.483408990511798 ] } },
{ "type": "Feature", "properties": { "ID": 378, "FEATUREID": "OFBB099C1AJ430010020001592", "CHFCAC": "001592", "CHFCEC": "产状", "CHFCED": "37", "point_type": 0, "symbol_no": 0, "height": 2.0, "width": 2.0, "spacing": 0.2, "angle": 0.47489249706268311, "_src_file": "LDZOFBB099.WT", "_src_id": 1591 }, "geometry": { "type": "Point", "coordinates": [ 74.035611289904864, 39.608908544484095 ] } },
{ "type": "Feature", "properties": { "ID": 376, "FEATUREID": "OFBB099C1AJ430010020001593", "CHFCAC": "001593", "CHFCEC": "产状", "CHFCED": "55", "point_type": 0, "symbol_no": 0, "height": 2.0, "width": 2.0, "spacing": 0.2, "angle": 0.46002531051635742, "_src_file": "LDZOFBB099.WT", "_src_id": 1592 }, "geometry": { "type": "Point", "coordinates": [ 74.064269674794275, 39.370463577885346 ] } },
{ "type": "Feature", "properties": { "ID": 386, "FEATUREID": "OFBB099C1AJ430010020001594", "CHFCAC": "001594", "CHFCEC": "产状", "CHFCED": "73", "point_type": 0, "symbol_no": 0, "height": 2.0, "width": 2.0, "spacing": 0.2, "angle": 0.43506717681884766, "_src_file": "LDZOFBB099.WT", "_src_id": 1593 }, "geometry": { "type": "Point", "coordinates": [ 74.115219653710696, 39.41521200175994 ] } },
{ "type": "Feature", "properties": { "ID": 387, "FEATUREID": "OFBB099C1AJ430010020001595", "CHFCAC": "001595", "CHFCEC": "产状", "CHFCED": "70", "point_type": 0, "symbol_no": 0, "height": 2.0, "width": 2.0, "spacing": 0.2, "angle": 0.43085992336273193, "_src_file": "LDZOFBB099.WT", "_src_id": 1594 }, "geometry": { "type": "Point", "coordinates": [ 74.124279315478603, 39.503764845151451 ] } },
{ "type": "Feature", "properties": { "ID": 388, "FEATUREID": "OFBB099C1AJ430010020001596", "CHFCAC": "001596", "CHFCEC": "产状", "CHFCED": "45", "point_type": 0, "symbol_no": 0, "height": 2.0, "width": 2.0, "spacing": 0.2, "angle": 0.42668846249580383, "_src_file": "LDZOFBB099.WT", "_src_id": 1595 }, "geometry": { "type": "Point", "coordinates": [ 74.132657795002785, 39.488838312656135 ] } },
{ "type": "Feature", "properties": { "ID": 379, "FEATUREID": "OFBB099C1AJ430010020001597", "CHFCAC": "001597", "CHFCEC": "产状", "CHFCED": "46", "point_type": 0, "symbol_no": 0, "height": 2.0, "width": 2.0, "spacing": 0.2, "angle": 0.39209753274917603, "_src_file": "LDZOFBB099.WT", "_src_id": 1596 }, "geometry": { "type": "Point", "coordinates": [ 74.203471381484803, 39.607963314852924 ] } },
{ "type": "Feature", "properties": { "ID": 378, "FEATUREID": "OFBB099C1AJ430010020001598", "CHFCAC": "001598", "CHFCEC": "产状", "CHFCED": "70", "point_type": 0, "symbol_no": 0, "height": 2.0, "width": 2.0, "spacing": 0.2, "angle": 0.29539883136749268, "_src_file": "LDZOFBB099.WT", "_src_id": 1597 }, "geometry": { "type": "Point", "coordinates": [ 74.399184519636918, 39.517710426319752 ] } },
{ "type": "Feature", "properties": { "ID": 376, "FEATUREID": "OFBB099C1AJ430010020001599", "CHFCAC": "001599", "CHFCEC": "产状", "CHFCED": "18", "point_type": 0, "symbol_no": 0, "height": 2.0, "width": 2.0, "spacing": 0.2, "angle": 0.24949730932712555, "_src_file": "LDZOFBB099.WT", "_src_id": 1598 }, "geometry": { "type": "Point", "coordinates": [ 74.49209180388425, 39.452161369191799 ] } },
{ "type": "Feature", "properties": { "ID": 115, "FEATUREID": "OFBB099C1AJ430010020001600", "CHFCAC": "001600", "CHFCEC": "产状", "CHFCED": "42", "point_type": 0, "symbol_no": 0, "height": 2.0, "width": 2.0, "spacing": 0.2, "angle": 0.31154701113700867, "_src_file": "LDZOFBB099.WT", "_src_id": 1599 }, "geometry": { "type": "Point", "coordinates": [ 74.364343363208789, 39.043224914705959 ] } },
{ "type": "Feature", "properties": { "ID": 121, "FEATUREID": "OFBB099C1AJ430010020001601", "CHFCAC": "001601", "CHFCEC": "产状", "CHFCED": "55", "point_type": 0, "symbol_no": 0, "height": 2.0, "width": 2.0, "spacing": 0.2, "angle": 0.29928094148635864, "_src_file": "LDZOFBB099.WT", "_src_id": 1600 }, "geometry": { "type": "Point", "coordinates": [ 74.389315932769406, 39.044393261195751 ] } },
{ "type": "Feature", "properties": { "ID": 123, "FEATUREID": "OFBB099C1AJ430010020001602", "CHFCAC": "001602", "CHFCEC": "产状", "CHFCED": "54", "point_type": 0, "symbol_no": 0, "height": 2.0, "width": 2.0, "spacing": 0.2, "angle": 0.34478315711021423, "_src_file": "LDZOFBB099.WT", "_src_id": 1601 }, "geometry": { "type": "Point", "coordinates": [ 74.296851151346146, 39.075143455099585 ] } },
{ "type": "Feature", "properties": { "ID": 124, "FEATUREID": "OFBB099C1AJ430010020001603", "CHFCAC": "001603", "CHFCEC": "产状", "CHFCED": "50", "point_type": 0, "symbol_no": 0, "height": 2.0, "width": 2.0, "spacing": 0.2, "angle": 0.34838923811912537, "_src_file": "LDZOFBB099.WT", "_src_id": 1602 }, "geometry": { "type": "Point", "coordinates": [ 74.289431555288402, 39.059249337894904 ] } },
{ "type": "Feature", "properties": { "ID": 125, "FEATUREID": "OFBB099C1AJ430010020001604", "CHFCAC": "001604", "CHFCEC": "产状", "CHFCED": "44", "point_type": 0, "symbol_no": 0, "height": 2.0, "width": 2.0, "spacing": 0.2, "angle": 0.45732089877128601, "_src_file": "LDZOFBB099.WT", "_src_id": 1603 }, "geometry": { "type": "Point", "coordinates": [ 74.067983798175902, 39.096550885244909 ] } },
{ "type": "Feature", "properties": { "ID": 126, "FEATUREID": "OFBB099C1AJ430010020001605", "CHFCAC": "001605", "CHFCEC": "产状", "CHFCED": "62", "point_type": 0, "symbol_no": 0, "height": 2.0, "width": 2.0, "spacing": 0.2, "angle": 0.47214594483375549, "_src_file": "LDZOFBB099.WT", "_src_id": 1604 }, "geometry": { "type": "Point", "coordinates": [ 74.038165956375806, 39.146707891394527 ] } },
{ "type": "Feature", "properties": { "ID": 127, "FEATUREID": "OFBB099C1AJ430010020001606", "CHFCAC": "001606", "CHFCEC": "产状", "CHFCED": "71", "point_type": 0, "symbol_no": 0, "height": 2.0, "width": 2.0, "spacing": 0.2, "angle": 0.48179438710212708, "_src_file": "LDZOFBB099.WT", "_src_id": 1605 }, "geometry": { "type": "Point", "coordinates": [ 74.018873913723056, 39.194648343444079 ] } },
{ "type": "Feature", "properties": { "ID": 130, "FEATUREID": "OFBB099C1AJ430010020001607", "CHFCAC": "001607", "CHFCEC": "产状", "CHFCED": "40", "point_type": 0, "symbol_no": 0, "height": 2.0, "width": 2.0, "spacing": 0.2, "angle": 0.41950377821922302, "_src_file": "LDZOFBB099.WT", "_src_id": 1606 }, "geometry": { "type": "Point", "coordinates": [ 74.144729813057822, 39.064676513273746 ] } },
{ "type": "Feature", "properties": { "ID": 131, "FEATUREID": "OFBB099C1AJ430010020001608", "CHFCAC": "001608", "CHFCEC": "产状", "CHFCED": "55", "point_type": 0, "symbol_no": 0, "height": 2.0, "width": 2.0, "spacing": 0.2, "angle": 0.3540918231010437, "_src_file": "LDZOFBB099.WT", "_src_id": 1607 }, "geometry": { "type": "Point", "coordinates": [ 74.277585917496012, 39.013330119833796 ] } },
{ "type": "Feature", "properties": { "ID": 133, "FEATUREID": "OFBB099C1AJ430010020001609", "CHFCAC": "001609", "CHFCEC": "产状", "CHFCED": "53", "point_type": 0, "symbol_no": 0, "height": 2.0, "width": 2.0, "spacing": 0.2, "angle": 0.35140717029571533, "_src_file": "LDZOFBB099.WT", "_src_id": 1608 }, "geometry": { "type": "Point", "coordinates": [ 74.283147011911723, 39.031705297251492 ] } },
{ "type": "Feature", "properties": { "ID": 134, "FEATUREID": "OFBB099C1AJ430010020001610", "CHFCAC": "001610", "CHFCEC": "产状", "CHFCED": "52", "point_type": 0, "symbol_no": 0, "height": 2.0, "width": 2.0, "spacing": 0.2, "angle": 0.34599539637565613, "_src_file": "LDZOFBB099.WT", "_src_id": 1609 }, "geometry": { "type": "Point", "coordinates": [ 74.294216799924143, 39.041937507405997 ] } },
{ "type": "Feature", "properties": { "ID": 138, "FEATUREID": "OFBB099C1AJ430010020001611", "CHFCAC": "001611", "CHFCEC": "产状", "CHFCED": "32", "point_type": 0, "symbol_no": 0, "height": 2.0, "width": 2.0, "spacing": 0.2, "angle": 0.27276864647865295, "_src_file": "LDZOFBB099.WT", "_src_id": 1610 }, "geometry": { "type": "Point", "coordinates": [ 74.443917874326644, 39.204895730742486 ] } },
{ "type": "Feature", "properties": { "ID": 148, "FEATUREID": "OFBB099C1AJ430010020001612", "CHFCAC": "001612", "CHFCEC": "产状", "CHFCED": "72", "point_type": 0, "symbol_no": 0, "height": 2.0, "width": 2.0, "spacing": 0.2, "angle": 0.47024962306022644, "_src_file": "LDZOFBB099.WT", "_src_id": 1611 }, "geometry": { "type": "Point", "coordinates": [ 74.042423646388954, 39.20610832871909 ] } },
{ "type": "Feature", "properties": { "ID": 150, "FEATUREID": "OFBB099C1AJ430010020001613", "CHFCAC": "001613", "CHFCEC": "产状", "CHFCED": "80", "point_type": 0, "symbol_no": 0, "height": 2.0, "width": 2.0, "spacing": 0.2, "angle": 0.47372105717658997, "_src_file": "LDZOFBB099.WT", "_src_id": 1612 }, "geometry": { "type": "Point", "coordinates": [ 74.035153017728248, 39.174786882962302 ] } },
{ "type": "Feature", "properties": { "ID": 154, "FEATUREID": "OFBB099C1AJ430010020001614", "CHFCAC": "001614", "CHFCEC": "产状", "CHFCED": "40", "point_type": 0, "symbol_no": 0, "height": 2.0, "width": 2.0, "spacing": 0.2, "angle": 0.46085914969444275, "_src_file": "LDZOFBB099.WT", "_src_id": 1613 }, "geometry": { "type": "Point", "coordinates": [ 74.060666051493712, 39.078707118283553 ] } },
{ "type": "Feature", "properties": { "ID": 159, "FEATUREID": "OFBB099C1AJ430010020001615", "CHFCAC": "001615", "CHFCEC": "产状", "CHFCED": "40", "point_type": 0, "symbol_no": 0, "height": 2.0, "width": 2.0, "spacing": 0.2, "angle": 0.47915348410606384, "_src_file": "LDZOFBB099.WT", "_src_id": 1614 }, "geometry": { "type": "Point", "coordinates": [ 74.02443521857343, 39.222603043999584 ] } },
{ "type": "Feature", "properties": { "ID": 170, "FEATUREID": "OFBB099C1AJ430010020001616", "CHFCAC": "001616", "CHFCEC": "产状", "CHFCED": "48", "point_type": 0, "symbol_no": 0, "height": 2.0, "width": 2.0, "spacing": 0.2, "angle": 0.46963280439376831, "_src_file": "LDZOFBB099.WT", "_src_id": 1615 }, "geometry": { "type": "Point", "coordinates": [ 74.042671851335484, 39.058275642355795 ] } },
{ "type": "Feature", "properties": { "ID": 171, "FEATUREID": "OFBB099C1AJ430010020001617", "CHFCAC": "001617", "CHFCEC": "产状", "CHFCED": "28", "point_type": 0, "symbol_no": 0, "height": 2.0, "width": 2.0, "spacing": 0.2, "angle": 0.45704665780067444, "_src_file": "LDZOFBB099.WT", "_src_id": 1616 }, "geometry": { "type": "Point", "coordinates": [ 74.068713372132009, 39.122242139138102 ] } },
{ "type": "Feature", "properties": { "ID": 193, "FEATUREID": "OFBB099C1AJ430010020001618", "CHFCAC": "001618", "CHFCEC": "产状", "CHFCED": "32", "point_type": 0, "symbol_no": 0, "height": 2.0, "width": 2.0, "spacing": 0.2, "angle": 0.36212503910064697, "_src_file": "LDZOFBB099.WT", "_src_id": 1617 }, "geometry": { "type": "Point", "coordinates": [ 74.262389550895477, 39.234069271298004 ] } },
{ "type": "Feature", "properties": { "ID": 111, "FEATUREID": "OFBB099C1AJ430010020001619", "CHFCAC": "001619", "CHFCEC": "产状", "CHFCED": "50", "point_type": 0, "symbol_no": 0, "height": 2.0, "width": 2.0, "spacing": 0.2, "angle": 0.47338628768920898, "_src_file": "LDZOFBB099.WT", "_src_id": 1618 }, "geometry": { "type": "Point", "coordinates": [ 74.036254181921521, 39.236866222098087 ] } },
{ "type": "Feature", "properties": { "ID": 119, "FEATUREID": "OFBB099C1AJ430010020001620", "CHFCAC": "001620", "CHFCEC": "产状", "CHFCED": "52", "point_type": 0, "symbol_no": 0, "height": 2.0, "width": 2.0, "spacing": 0.2, "angle": 0.41004148125648499, "_src_file": "LDZOFBB099.WT", "_src_id": 1619 }, "geometry": { "type": "Point", "coordinates": [ 74.164082189982011, 39.08028841288278 ] } },
{ "type": "Feature", "properties": { "ID": 120, "FEATUREID": "OFBB099C1AJ430010020001621", "CHFCAC": "001621", "CHFCEC": "产状", "CHFCED": "60", "point_type": 0, "symbol_no": 0, "height": 2.0, "width": 2.0, "spacing": 0.2, "angle": 0.31136542558670044, "_src_file": "LDZOFBB099.WT", "_src_id": 1620 }, "geometry": { "type": "Point", "coordinates": [ 74.364530017899256, 39.003156841547401 ] } },
{ "type": "Feature", "properties": { "ID": 126, "FEATUREID": "OFBB099C1AJ430010020001622", "CHFCAC": "001622", "CHFCEC": "产状", "CHFCED": "54", "point_type": 0, "symbol_no": 0, "height": 2.0, "width": 2.0, "spacing": 0.2, "angle": 0.29992103576660156, "_src_file": "LDZOFBB099.WT", "_src_id": 1621 }, "geometry": { "type": "Point", "coordinates": [ 74.387945867535294, 39.029174783766265 ] } },
{ "type": "Feature", "properties": { "ID": 154, "FEATUREID": "OFBB099C1AJ430010020001623", "CHFCAC": "001623", "CHFCEC": "产状", "CHFCED": "53", "point_type": 0, "symbol_no": 0, "height": 2.0, "width": 2.0, "spacing": 0.2, "angle": 0.17392919957637787, "_src_file": "LDZOFBB099.WT", "_src_id": 1622 }, "geometry": { "type": "Point", "coordinates": [ 74.64461725523536, 39.096699562710732 ] } },
{ "type": "Feature", "properties": { "ID": 155, "FEATUREID": "OFBB099C1AJ430010020001624", "CHFCAC": "001624", "CHFCEC": "产状", "CHFCED": "43", "point_type": 0, "symbol_no": 0, "height": 2.0, "width": 2.0, "spacing": 0.2, "angle": 0.16579620540142059, "_src_file": "LDZOFBB099.WT", "_src_id": 1623 }, "geometry": { "type": "Point", "coordinates": [ 74.661165436561376, 39.095554541272584 ] } },
{ "type": "Feature", "properties": { "ID": 156, "FEATUREID": "OFBB099C1AJ430010020001625", "CHFCAC": "001625", "CHFCEC": "产状", "CHFCED": "48", "point_type": 0, "symbol_no": 0, "height": 2.0, "width": 2.0, "spacing": 0.2, "angle": 0.1841723620891571, "_src_file": "LDZOFBB099.WT", "_src_id": 1624 }, "geometry": { "type": "Point", "coordinates": [ 74.623737464108729, 39.082506697784993 ] } },
{ "type": "Feature", "properties": { "ID": 159, "FEATUREID": "OFBB099C1AJ430010020001626", "CHFCAC": "001626", "CHFCEC": "产状", "CHFCED": "39", "point_type": 0, "symbol_no": 0, "height": 2.0, "width": 2.0, "spacing": 0.2, "angle": 0.13810086250305176, "_src_file": "LDZOFBB099.WT", "_src_id": 1625 }, "geometry": { "type": "Point", "coordinates": [ 74.717403936966775, 39.036429944893086 ] } },
{ "type": "Feature", "properties": { "ID": 160, "FEATUREID": "OFBB099C1AJ430010020001627", "CHFCAC": "001627", "CHFCEC": "产状", "CHFCED": "47", "point_type": 0, "symbol_no": 0, "height": 2.0, "width": 2.0, "spacing": 0.2, "angle": 0.14690539240837097, "_src_file": "LDZOFBB099.WT", "_src_id": 1626 }, "geometry": { "type": "Point", "coordinates": [ 74.699467531577596, 39.030828125928181 ] } },
{ "type": "Feature", "properties": { "ID": 162, "FEATUREID": "OFBB099C1AJ430010020001628", "CHFCAC": "001628", "CHFCEC": "产状", "CHFCED": "41", "point_type": 0, "symbol_no": 0, "height": 2.0, "width": 2.0, "spacing": 0.2, "angle": 0.068623483180999756, "_src_file": "LDZOFBB099.WT", "_src_id": 1627 }, "geometry": { "type": "Point", "coordinates": [ 74.85885222111618, 39.038487916475837 ] } },
{ "type": "Feature", "properties": { "ID": 165, "FEATUREID": "OFBB099C1AJ430010020001629", "CHFCAC": "001629", "CHFCEC": "产状", "CHFCED": "12", "point_type": 0, "symbol_no": 0, "height": 2.0, "width": 2.0, "spacing": 0.2, "angle": 0.0501830093562603, "_src_file": "LDZOFBB099.WT", "_src_id": 1628 }, "geometry": { "type": "Point", "coordinates": [ 74.896394591388841, 39.039830423009654 ] } },
{ "type": "Feature", "properties": { "ID": 166, "FEATUREID": "OFBB099C1AJ430010020001630", "CHFCAC": "001630", "CHFCEC": "产状", "CHFCED": "32", "point_type": 0, "symbol_no": 0, "height": 2.0, "width": 2.0, "spacing": 0.2, "angle": 0.044248528778553009, "_src_file": "LDZOFBB099.WT", "_src_id": 1629 }, "geometry": { "type": "Point", "coordinates": [ 74.908487993653793, 39.060392058069169 ] } },
{ "type": "Feature", "properties": { "ID": 168, "FEATUREID": "OFBB099C1AJ430010020001631", "CHFCAC": "001631", "CHFCEC": "产状", "CHFCED": "31", "point_type": 0, "symbol_no": 0, "height": 2.0, "width": 2.0, "spacing": 0.2, "angle": 0.033981598913669586, "_src_file": "LDZOFBB099.WT", "_src_id": 1630 }, "geometry": { "type": "Point", "coordinates": [ 74.929391915053287, 39.072119093218106 ] } },
{ "type": "Feature", "properties": { "ID": 169, "FEATUREID": "OFBB099C1AJ430010020001632", "CHFCAC": "001632", "CHFCEC": "产状", "CHFCED": "53", "point_type": 0, "symbol_no": 0, "height": 2.0, "width": 2.0, "spacing": 0.2, "angle": 0.0099978074431419373, "_src_file": "LDZOFBB099.WT", "_src_id": 1631 }, "geometry": { "type": "Point", "coordinates": [ 74.978210128491554, 39.090857217521986 ] } },
{ "type": "Feature", "properties": { "ID": 172, "FEATUREID": "OFBB099C1AJ430010020001633", "CHFCAC": "001633", "CHFCEC": "产状", "CHFCED": "43", "point_type": 0, "symbol_no": 0, "height": 2.0, "width": 2.0, "spacing": 0.2, "angle": 0.023368977010250092, "_src_file": "LDZOFBB099.WT", "_src_id": 1632 }, "geometry": { "type": "Point", "coordinates": [ 74.950983294263111, 39.045019535491548 ] } },
{ "type": "Feature", "properties": { "ID": 177, "FEATUREID": "OFBB099C1AJ430010020001634", "CHFCAC": "001634", "CHFCEC": "产状", "CHFCED": "63", "point_type": 0, "symbol_no": 0, "height": 2.0, "width": 2.0, "spacing": 0.2, "angle": 0.034869000315666199, "_src_file": "LDZOFBB099.WT", "_src_id": 1633 }, "geometry": { "type": "Point", "coordinates": [ 74.927602588454448, 39.104410211402111 ] } },
{ "type": "Feature", "properties": { "ID": 180, "FEATUREID": "OFBB099C1AJ430010020001635", "CHFCAC": "001635", "CHFCEC": "产状", "CHFCED": "43", "point_type": 0, "symbol_no": 0, "height": 2.0, "width": 2.0, "spacing": 0.2, "angle": 0.083714224398136139, "_src_file": "LDZOFBB099.WT", "_src_id": 1634 }, "geometry": { "type": "Point", "coordinates": [ 74.828132990468234, 39.040682996003369 ] } },
{ "type": "Feature", "properties": { "ID": 222, "FEATUREID": "OFBB099C1AJ430010020001636", "CHFCAC": "001636", "CHFCEC": "产状", "CHFCED": "47", "point_type": 0, "symbol_no": 0, "height": 2.0, "width": 2.0, "spacing": 0.2, "angle": 0.2046341747045517, "_src_file": "LDZOFBB099.WT", "_src_id": 1635 }, "geometry": { "type": "Point", "coordinates": [ 74.581945145718123, 39.032544778077245 ] } },
{ "type": "Feature", "properties": { "ID": 226, "FEATUREID": "OFBB099C1AJ430010020001637", "CHFCAC": "001637", "CHFCEC": "产状", "CHFCED": "31", "point_type": 0, "symbol_no": 0, "height": 2.0, "width": 2.0, "spacing": 0.2, "angle": 0.17823481559753418, "_src_file": "LDZOFBB099.WT", "_src_id": 1636 }, "geometry": { "type": "Point", "coordinates": [ 74.636003013656492, 39.153209548521168 ] } },
{ "type": "Feature", "properties": { "ID": 227, "FEATUREID": "OFBB099C1AJ430010020001638", "CHFCAC": "001638", "CHFCEC": "产状", "CHFCED": "51", "point_type": 0, "symbol_no": 0, "height": 2.0, "width": 2.0, "spacing": 0.2, "angle": 0.21804198622703552, "_src_file": "LDZOFBB099.WT", "_src_id": 1637 }, "geometry": { "type": "Point", "coordinates": [ 74.555121907288211, 39.18245666732895 ] } },
{ "type": "Feature", "properties": { "ID": 236, "FEATUREID": "OFBB099C1AJ430010020001639", "CHFCAC": "001639", "CHFCEC": "产状", "CHFCED": "55", "point_type": 0, "symbol_no": 0, "height": 2.0, "width": 2.0, "spacing": 0.2, "angle": 0.067629501223564148, "_src_file": "LDZOFBB099.WT", "_src_id": 1638 }, "geometry": { "type": "Point", "coordinates": [ 74.861139864275287, 39.315510315209046 ] } },
{ "type": "Feature", "properties": { "ID": 238, "FEATUREID": "OFBB099C1AJ430010020001640", "CHFCAC": "001640", "CHFCEC": "产状", "CHFCED": "65", "point_type": 0, "symbol_no": 0, "height": 2.0, "width": 2.0, "spacing": 0.2, "angle": 0.035892393440008163, "_src_file": "LDZOFBB099.WT", "_src_id": 1639 }, "geometry": { "type": "Point", "coordinates": [ 74.925631838021658, 39.33129438980145 ] } },
{ "type": "Feature", "properties": { "ID": 241, "FEATUREID": "OFBB099C1AJ430010020001641", "CHFCAC": "001641", "CHFCEC": "产状", "CHFCED": "65", "point_type": 0, "symbol_no": 0, "height": 2.0, "width": 2.0, "spacing": 0.2, "angle": 0.0049967733211815357, "_src_file": "LDZOFBB099.WT", "_src_id": 1640 }, "geometry": { "type": "Point", "coordinates": [ 74.988397914004551, 39.294164981969452 ] } },
{ "type": "Feature", "properties": { "ID": 256, "FEATUREID": "OFBB099C1AJ430010020001642", "CHFCAC": "001642", "CHFCEC": "产状", "CHFCED": "62", "point_type": 0, "symbol_no": 0, "height": 2.0, "width": 2.0, "spacing": 0.2, "angle": 0.033330861479043961, "_src_file": "LDZOFBB099.WT", "_src_id": 1641 }, "geometry": { "type": "Point", "coordinates": [ 74.930723013938433, 39.086295606000242 ] } },
{ "type": "Feature", "properties": { "ID": 269, "FEATUREID": "OFBB099C1AJ430010020001643", "CHFCAC": "001643", "CHFCEC": "产状", "CHFCED": "62", "point_type": 0, "symbol_no": 0, "height": 2.0, "width": 2.0, "spacing": 0.2, "angle": 0.020696911960840225, "_src_file": "LDZOFBB099.WT", "_src_id": 1642 }, "geometry": { "type": "Point", "coordinates": [ 74.956429215374996, 39.067286966603746 ] } },
{ "type": "Feature", "properties": { "ID": 270, "FEATUREID": "OFBB099C1AJ430010020001644", "CHFCAC": "001644", "CHFCEC": "产状", "CHFCED": "41", "point_type": 0, "symbol_no": 0, "height": 2.0, "width": 2.0, "spacing": 0.2, "angle": 0.029408160597085953, "_src_file": "LDZOFBB099.WT", "_src_id": 1643 }, "geometry": { "type": "Point", "coordinates": [ 74.938681373787475, 39.028600687237116 ] } },
{ "type": "Feature", "properties": { "ID": 274, "FEATUREID": "OFBB099C1AJ430010020001645", "CHFCAC": "001645", "CHFCEC": "产状", "CHFCED": "58", "point_type": 0, "symbol_no": 0, "height": 2.0, "width": 2.0, "spacing": 0.2, "angle": 0.027510344982147217, "_src_file": "LDZOFBB099.WT", "_src_id": 1644 }, "geometry": { "type": "Point", "coordinates": [ 74.942537527753487, 39.008639573563471 ] } },
{ "type": "Feature", "properties": { "ID": 276, "FEATUREID": "OFBB099C1AJ430010020001646", "CHFCAC": "001646", "CHFCEC": "产状", "CHFCED": "40", "point_type": 0, "symbol_no": 0, "height": 2.0, "width": 2.0, "spacing": 0.2, "angle": 0.056844323873519897, "_src_file": "LDZOFBB099.WT", "_src_id": 1645 }, "geometry": { "type": "Point", "coordinates": [ 74.882887386009457, 39.108488054741187 ] } },
{ "type": "Feature", "properties": { "ID": 278, "FEATUREID": "OFBB099C1AJ430010020001647", "CHFCAC": "001647", "CHFCEC": "产状", "CHFCED": "50", "point_type": 0, "symbol_no": 0, "height": 2.0, "width": 2.0, "spacing": 0.2, "angle": 0.071338221430778503, "_src_file": "LDZOFBB099.WT", "_src_id": 1646 }, "geometry": { "type": "Point", "coordinates": [ 74.853425421997457, 39.138022773339664 ] } },
{ "type": "Feature", "properties": { "ID": 276, "FEATUREID": "OFBB099C1AJ430010020001648", "CHFCAC": "001648", "CHFCEC": "产状", "CHFCED": "53", "point_type": 0, "symbol_no": 0, "height": 2.0, "width": 2.0, "spacing": 0.2, "angle": 0.0034721642732620239, "_src_file": "LDZOFBB099.WT", "_src_id": 1647 }, "geometry": { "type": "Point", "coordinates": [ 74.991496508012759, 39.307794174006581 ] } },
{ "type": "Feature", "properties": { "ID": 282, "FEATUREID": "OFBB099C1AJ430010020001649", "CHFCAC": "001649", "CHFCEC": "产状", "CHFCED": "65", "point_type": 0, "symbol_no": 0, "height": 2.0, "width": 2.0, "spacing": 0.2, "angle": 0.0086945733055472374, "_src_file": "LDZOFBB099.WT", "_src_id": 1648 }, "geometry": { "type": "Point", "coordinates": [ 74.980878975491052, 39.250092949344769 ] } },
{ "type": "Feature", "properties": { "ID": 297, "FEATUREID": "OFBB099C1AJ430010020001650", "CHFCAC": "001650", "CHFCEC": "产状", "CHFCED": "43", "point_type": 0, "symbol_no": 0, "height": 2.0, "width": 2.0, "spacing": 0.2, "angle": 0.01958778128027916, "_src_file": "LDZOFBB099.WT", "_src_id": 1649 }, "geometry": { "type": "Point", "coordinates": [ 74.958670944599618, 39.004892212410297 ] } },
{ "type": "Feature", "properties": { "ID": 343, "FEATUREID": "OFBB099C1AJ430010020001651", "CHFCAC": "001651", "CHFCEC": "产状", "CHFCED": "43", "point_type": 0, "symbol_no": 0, "height": 2.0, "width": 2.0, "spacing": 0.2, "angle": 0.23180200159549713, "_src_file": "LDZOFBB099.WT", "_src_id": 1650 }, "geometry": { "type": "Point", "coordinates": [ 74.527107352383524, 39.172556650965177 ] } },
{ "type": "Feature", "properties": { "ID": 359, "FEATUREID": "OFBB099C1AJ430010020001652", "CHFCAC": "001652", "CHFCEC": "产状", "CHFCED": "10", "point_type": 0, "symbol_no": 0, "height": 2.0, "width": 2.0, "spacing": 0.2, "angle": 0.10448253899812698, "_src_file": "LDZOFBB099.WT", "_src_id": 1651 }, "geometry": { "type": "Point", "coordinates": [ 74.786165874825031, 39.249985352662819 ] } },
{ "type": "Feature", "properties": { "ID": 245, "FEATUREID": "OFBB099C1AJ430010020001653", "CHFCAC": "001653", "CHFCEC": "产状", "CHFCED": "65", "point_type": 0, "symbol_no": 0, "height": 2.0, "width": 2.0, "spacing": 0.2, "angle": 0.048325512558221817, "_src_file": "LDZOFBB099.WT", "_src_id": 1652 }, "geometry": { "type": "Point", "coordinates": [ 74.900225535594146, 39.111645038409328 ] } },
{ "type": "Feature", "properties": { "ID": 93, "FEATUREID": "OFBB099C1AJ430010020001654", "CHFCAC": "001654", "CHFCEC": "产状", "CHFCED": "70", "point_type": 0, "symbol_no": 0, "height": 2.0, "width": 2.0, "spacing": 0.2, "angle": 0.51559406518936157, "_src_file": "LDZOFBB099.WT", "_src_id": 1653 }, "geometry": { "type": "Point", "coordinates": [ 73.955295987984258, 39.943495275513605 ] } },
{ "type": "Feature", "properties": { "ID": 95, "FEATUREID": "OFBB099C1AJ430010020001655", "CHFCAC": "001655", "CHFCEC": "产状", "CHFCED": "30", "point_type": 0, "symbol_no": 0, "height": 2.0, "width": 2.0, "spacing": 0.2, "angle": 0.5050235390663147, "_src_file": "LDZOFBB099.WT", "_src_id": 1654 }, "geometry": { "type": "Point", "coordinates": [ 73.97660750264005, 39.931909217880886 ] } },
{ "type": "Feature", "properties": { "ID": 103, "FEATUREID": "OFBB099C1AJ430010020001656", "CHFCAC": "001656", "CHFCEC": "产状", "CHFCED": "42", "point_type": 0, "symbol_no": 0, "height": 2.0, "width": 2.0, "spacing": 0.2, "angle": 0.52336597442626953, "_src_file": "LDZOFBB099.WT", "_src_id": 1655 }, "geometry": { "type": "Point", "coordinates": [ 73.938991173628537, 39.853933205528023 ] } },
{ "type": "Feature", "properties": { "ID": 107, "FEATUREID": "OFBB099C1AJ430010020001657", "CHFCAC": "001657", "CHFCEC": "产状", "CHFCED": "38", "point_type": 0, "symbol_no": 0, "height": 2.0, "width": 2.0, "spacing": 0.2, "angle": 0.51629173755645752, "_src_file": "LDZOFBB099.WT", "_src_id": 1656 }, "geometry": { "type": "Point", "coordinates": [ 73.953374897356795, 39.863888379905461 ] } },
{ "type": "Feature", "properties": { "ID": 121, "FEATUREID": "OFBB099C1AJ430010020001658", "CHFCAC": "001658", "CHFCEC": "产状", "CHFCED": "30", "point_type": 0, "symbol_no": 0, "height": 2.0, "width": 2.0, "spacing": 0.2, "angle": 0.51022207736968994, "_src_file": "LDZOFBB099.WT", "_src_id": 1657 }, "geometry": { "type": "Point", "coordinates": [ 73.964957427457733, 39.755362661785533 ] } },
{ "type": "Feature", "properties": { "ID": 115, "FEATUREID": "OFBB099C1AJ430010020001659", "CHFCAC": "001659", "CHFCEC": "产状", "CHFCED": "50", "point_type": 0, "symbol_no": 0, "height": 2.0, "width": 2.0, "spacing": 0.2, "angle": 0.49545043706893921, "_src_file": "LDZOFBB099.WT", "_src_id": 1658 }, "geometry": { "type": "Point", "coordinates": [ 73.99439412052908, 39.679818001516175 ] } },
{ "type": "Feature", "properties": { "ID": 119, "FEATUREID": "OFBB099C1AJ430010020001660", "CHFCAC": "001660", "CHFCEC": "产状", "CHFCED": "48", "point_type": 0, "symbol_no": 0, "height": 2.0, "width": 2.0, "spacing": 0.2, "angle": 0.50547236204147339, "_src_file": "LDZOFBB099.WT", "_src_id": 1659 }, "geometry": { "type": "Point", "coordinates": [ 73.974224142881866, 39.700933075511678 ] } },
{ "type": "Feature", "properties": { "ID": 125, "FEATUREID": "OFBB099C1AJ430010020001661", "CHFCAC": "001661", "CHFCEC": "产状", "CHFCED": "18", "point_type": 0, "symbol_no": 0, "height": 2.0, "width": 2.0, "spacing": 0.2, "angle": 0.50056380033493042, "_src_file": "LDZOFBB099.WT", "_src_id": 1660 }, "geometry": { "type": "Point", "coordinates": [ 73.984379969964081, 39.733803310677374 ] } },
{ "type": "Feature", "properties": { "ID": 127, "FEATUREID": "OFBB099C1AJ430010020001662", "CHFCAC": "001662", "CHFCEC": "产状", "CHFCED": "72", "point_type": 0, "symbol_no": 0, "height": 2.0, "width": 2.0, "spacing": 0.2, "angle": 0.53355097770690918, "_src_file": "LDZOFBB099.WT", "_src_id": 1661 }, "geometry": { "type": "Point", "coordinates": [ 73.918444680901558, 39.864278970051153 ] } },
{ "type": "Feature", "properties": { "ID": 129, "FEATUREID": "OFBB099C1AJ430010020001663", "CHFCAC": "001663", "CHFCEC": "产状", "CHFCED": "75", "point_type": 0, "symbol_no": 0, "height": 2.0, "width": 2.0, "spacing": 0.2, "angle": 0.55269140005111694, "_src_file": "LDZOFBB099.WT", "_src_id": 1662 }, "geometry": { "type": "Point", "coordinates": [ 73.879061907337004, 39.772564526650676 ] } },
{ "type": "Feature", "properties": { "ID": 138, "FEATUREID": "OFBB099C1AJ430010020001664", "CHFCAC": "001664", "CHFCEC": "产状", "CHFCED": "12", "point_type": 0, "symbol_no": 0, "height": 2.0, "width": 2.0, "spacing": 0.2, "angle": 0.53140074014663696, "_src_file": "LDZOFBB099.WT", "_src_id": 1663 }, "geometry": { "type": "Point", "coordinates": [ 73.921854276202879, 39.72476284152949 ] } },
{ "type": "Feature", "properties": { "ID": 141, "FEATUREID": "OFBB099C1AJ430010020001665", "CHFCAC": "001665", "CHFCEC": "产状", "CHFCED": "78", "point_type": 0, "symbol_no": 0, "height": 2.0, "width": 2.0, "spacing": 0.2, "angle": 0.53457558155059814, "_src_file": "LDZOFBB099.WT", "_src_id": 1664 }, "geometry": { "type": "Point", "coordinates": [ 73.915667556278819, 39.76039700344981 ] } },
{ "type": "Feature", "properties": { "ID": 139, "FEATUREID": "OFBB099C1AJ430010020001666", "CHFCAC": "001666", "CHFCEC": "产状", "CHFCED": "65", "point_type": 0, "symbol_no": 0, "height": 2.0, "width": 2.0, "spacing": 0.2, "angle": 0.52858966588973999, "_src_file": "LDZOFBB099.WT", "_src_id": 1665 }, "geometry": { "type": "Point", "coordinates": [ 73.929026944629427, 39.946628089079923 ] } },
{ "type": "Feature", "properties": { "ID": 124, "FEATUREID": "OFBB099C1AJ430010020001667", "CHFCAC": "001667", "CHFCEC": "产状", "CHFCED": "80", "point_type": 0, "symbol_no": 0, "height": 2.0, "width": 2.0, "spacing": 0.2, "angle": 0.55762726068496704, "_src_file": "LDZOFBB099.WT", "_src_id": 1666 }, "geometry": { "type": "Point", "coordinates": [ 73.869168494136929, 39.786657917757744 ] } },
{ "type": "Feature", "properties": { "ID": 126, "FEATUREID": "OFBB099C1AJ430010020001668", "CHFCAC": "001668", "CHFCEC": "产状", "CHFCED": "63", "point_type": 0, "symbol_no": 0, "height": 2.0, "width": 2.0, "spacing": 0.2, "angle": 0.52486914396286011, "_src_file": "LDZOFBB099.WT", "_src_id": 1667 }, "geometry": { "type": "Point", "coordinates": [ 73.930591154282624, 39.101114448071073 ] } },
{ "type": "Feature", "properties": { "ID": 138, "FEATUREID": "OFBB099C1AJ430010020001669", "CHFCAC": "001669", "CHFCEC": "产状", "CHFCED": "38", "point_type": 0, "symbol_no": 0, "height": 2.0, "width": 2.0, "spacing": 0.2, "angle": 0.62531203031539917, "_src_file": "LDZOFBB099.WT", "_src_id": 1668 }, "geometry": { "type": "Point", "coordinates": [ 73.728871009425902, 39.395106087205747 ] } },
{ "type": "Feature", "properties": { "ID": 2, "FEATUREID": "OFBB099C1AJ430010020001670", "CHFCAC": "001670", "CHFCEC": "断层辅助点", "CHFCED": "", "point_type": 1, "symbol_no": 1281, "height": 0.99946856, "width": 0.99489725, "spacing": null, "angle": 231.54696655273438, "_src_file": "LDZOFBB099.WT", "_src_id": 1669 }, "geometry": { "type": "Point", "coordinates": [ 74.273285534056868, 39.913719384433001 ] } },
{ "type": "Feature", "properties": { "ID": 3, "FEATUREID": "OFBB099C1AJ430010020001671", "CHFCAC": "001671", "CHFCEC": "断层辅助点", "CHFCED": "", "point_type": 1, "symbol_no": 1281, "height": 0.99946856, "width": 0.99489725, "spacing": null, "angle": 231.45147705078125, "_src_file": "LDZOFBB099.WT", "_src_id": 1670 }, "geometry": { "type": "Point", "coordinates": [ 74.27883330550921, 39.917485272734076 ] } },
{ "type": "Feature", "properties": { "ID": 4, "FEATUREID": "OFBB099C1AJ430010020001672", "CHFCAC": "001672", "CHFCEC": "断层辅助点", "CHFCED": "", "point_type": 1, "symbol_no": 1894, "height": 2.2501919, "width": 1.4885026, "spacing": null, "angle": 56.840599060058594, "_src_file": "LDZOFBB099.WT", "_src_id": 1671 }, "geometry": { "type": "Point", "coordinates": [ 74.272791695946992, 39.91757889352337 ] } },
{ "type": "Feature", "properties": { "ID": 4, "FEATUREID": "OFBB099C1AJ430010020001673", "CHFCAC": "001673", "CHFCEC": "断层辅助点", "CHFCED": "", "point_type": 1, "symbol_no": 1894, "height": 2.2501919, "width": 1.4885026, "spacing": null, "angle": 58.885768890380859, "_src_file": "LDZOFBB099.WT", "_src_id": 1672 }, "geometry": { "type": "Point", "coordinates": [ 74.305295880988126, 39.940935676793963 ] } },
{ "type": "Feature", "properties": { "ID": 8, "FEATUREID": "OFBB099C1AJ430010020001674", "CHFCAC": "001674", "CHFCEC": "断层辅助点", "CHFCED": "", "point_type": 1, "symbol_no": 1281, "height": 0.99946856, "width": 0.99489725, "spacing": null, "angle": 244.14179992675781, "_src_file": "LDZOFBB099.WT", "_src_id": 1673 }, "geometry": { "type": "Point", "coordinates": [ 74.306653009584394, 39.936386788517027 ] } },
{ "type": "Feature", "properties": { "ID": 9, "FEATUREID": "OFBB099C1AJ430010020001675", "CHFCAC": "001675", "CHFCEC": "断层辅助点", "CHFCED": "", "point_type": 1, "symbol_no": 1281, "height": 0.99946856, "width": 0.99489725, "spacing": null, "angle": 248.64503479003906, "_src_file": "LDZOFBB099.WT", "_src_id": 1674 }, "geometry": { "type": "Point", "coordinates": [ 74.310270253014465, 39.943367531110098 ] } },
{ "type": "Feature", "properties": { "ID": 10, "FEATUREID": "OFBB099C1AJ430010020001676", "CHFCAC": "001676", "CHFCEC": "断层辅助点", "CHFCED": "", "point_type": 1, "symbol_no": 1281, "height": 0.99946856, "width": 0.99489725, "spacing": null, "angle": 89.506072998046875, "_src_file": "LDZOFBB099.WT", "_src_id": 1675 }, "geometry": { "type": "Point", "coordinates": [ 74.492389693574054, 39.940240339759285 ] } },
{ "type": "Feature", "properties": { "ID": 11, "FEATUREID": "OFBB099C1AJ430010020001677", "CHFCAC": "001677", "CHFCEC": "断层辅助点", "CHFCED": "", "point_type": 1, "symbol_no": 1281, "height": 0.99946856, "width": 0.99489725, "spacing": null, "angle": 116.41315460205078, "_src_file": "LDZOFBB099.WT", "_src_id": 1676 }, "geometry": { "type": "Point", "coordinates": [ 74.489463196961907, 39.94993469812804 ] } },
{ "type": "Feature", "properties": { "ID": 12, "FEATUREID": "OFBB099C1AJ430010020001678", "CHFCAC": "001678", "CHFCEC": "断层辅助点", "CHFCED": "", "point_type": 1, "symbol_no": 1281, "height": 0.99946856, "width": 0.99489725, "spacing": null, "angle": 276.79266357421875, "_src_file": "LDZOFBB099.WT", "_src_id": 1677 }, "geometry": { "type": "Point", "coordinates": [ 74.21261925577474, 39.905159218100174 ] } },
{ "type": "Feature", "properties": { "ID": 13, "FEATUREID": "OFBB099C1AJ430010020001679", "CHFCAC": "001679", "CHFCEC": "断层辅助点", "CHFCED": "", "point_type": 1, "symbol_no": 1281, "height": 0.99946856, "width": 0.99489725, "spacing": null, "angle": 284.42300415039062, "_src_file": "LDZOFBB099.WT", "_src_id": 1678 }, "geometry": { "type": "Point", "coordinates": [ 74.215753022002161, 39.897527544844273 ] } },
{ "type": "Feature", "properties": { "ID": 18, "FEATUREID": "OFBB099C1AJ430010020001680", "CHFCAC": "001680", "CHFCEC": "断层辅助点", "CHFCED": "", "point_type": 1, "symbol_no": 1281, "height": 0.99946856, "width": 0.99489725, "spacing": null, "angle": 57.450096130371094, "_src_file": "LDZOFBB099.WT", "_src_id": 1679 }, "geometry": { "type": "Point", "coordinates": [ 74.038013394782809, 39.693095145597006 ] } },
{ "type": "Feature", "properties": { "ID": 19, "FEATUREID": "OFBB099C1AJ430010020001681", "CHFCAC": "001681", "CHFCEC": "断层辅助点", "CHFCED": "", "point_type": 1, "symbol_no": 1281, "height": 0.99946856, "width": 0.99489725, "spacing": null, "angle": 90.468231201171875, "_src_file": "LDZOFBB099.WT", "_src_id": 1680 }, "geometry": { "type": "Point", "coordinates": [ 74.049833452896181, 39.727428992091276 ] } },
{ "type": "Feature", "properties": { "ID": 21, "FEATUREID": "OFBB099C1AJ430010020001682", "CHFCAC": "001682", "CHFCEC": "断层辅助点", "CHFCED": "", "point_type": 1, "symbol_no": 1281, "height": 0.99946856, "width": 0.99489725, "spacing": null, "angle": 236.12294006347656, "_src_file": "LDZOFBB099.WT", "_src_id": 1681 }, "geometry": { "type": "Point", "coordinates": [ 74.048255948745037, 39.73633960854697 ] } },
{ "type": "Feature", "properties": { "ID": 22, "FEATUREID": "OFBB099C1AJ430010020001683", "CHFCAC": "001683", "CHFCEC": "断层辅助点", "CHFCED": "", "point_type": 1, "symbol_no": 1281, "height": 0.99946856, "width": 0.99489725, "spacing": null, "angle": 221.42787170410156, "_src_file": "LDZOFBB099.WT", "_src_id": 1682 }, "geometry": { "type": "Point", "coordinates": [ 74.041499461915379, 39.73092773468418 ] } },
{ "type": "Feature", "properties": { "ID": 23, "FEATUREID": "OFBB099C1AJ430010020001684", "CHFCAC": "001684", "CHFCEC": "断层辅助点", "CHFCED": "", "point_type": 1, "symbol_no": 1281, "height": 0.99946856, "width": 0.99489725, "spacing": null, "angle": 253.52938842773438, "_src_file": "LDZOFBB099.WT", "_src_id": 1683 }, "geometry": { "type": "Point", "coordinates": [ 74.072872174336098, 39.738071928268852 ] } },
{ "type": "Feature", "properties": { "ID": 25, "FEATUREID": "OFBB099C1AJ430010020001685", "CHFCAC": "001685", "CHFCEC": "断层辅助点", "CHFCED": "", "point_type": 1, "symbol_no": 1281, "height": 0.99946856, "width": 0.99489725, "spacing": null, "angle": 212.92918395996094, "_src_file": "LDZOFBB099.WT", "_src_id": 1684 }, "geometry": { "type": "Point", "coordinates": [ 74.200081890631196, 39.743357815063824 ] } },
{ "type": "Feature", "properties": { "ID": 26, "FEATUREID": "OFBB099C1AJ430010020001686", "CHFCAC": "001686", "CHFCEC": "断层辅助点", "CHFCED": "", "point_type": 1, "symbol_no": 1281, "height": 0.99946856, "width": 0.99489725, "spacing": null, "angle": 216.22764587402344, "_src_file": "LDZOFBB099.WT", "_src_id": 1685 }, "geometry": { "type": "Point", "coordinates": [ 74.208419660242754, 39.747331510117675 ] } },
{ "type": "Feature", "properties": { "ID": 27, "FEATUREID": "OFBB099C1AJ430010020001687", "CHFCAC": "001687", "CHFCEC": "断层辅助点", "CHFCED": "", "point_type": 1, "symbol_no": 1281, "height": 0.99946856, "width": 0.99489725, "spacing": null, "angle": 174.03044128417969, "_src_file": "LDZOFBB099.WT", "_src_id": 1686 }, "geometry": { "type": "Point", "coordinates": [ 74.247423507555382, 39.696188546982931 ] } },
{ "type": "Feature", "properties": { "ID": 29, "FEATUREID": "OFBB099C1AJ430010020001688", "CHFCAC": "001688", "CHFCEC": "断层辅助点", "CHFCED": "", "point_type": 1, "symbol_no": 1281, "height": 0.99946856, "width": 0.99489725, "spacing": null, "angle": 208.88299560546875, "_src_file": "LDZOFBB099.WT", "_src_id": 1687 }, "geometry": { "type": "Point", "coordinates": [ 74.269203895953851, 39.696425902345688 ] } },
{ "type": "Feature", "properties": { "ID": 30, "FEATUREID": "OFBB099C1AJ430010020001689", "CHFCAC": "001689", "CHFCEC": "断层辅助点", "CHFCED": "", "point_type": 1, "symbol_no": 1281, "height": 0.99946856, "width": 0.99489725, "spacing": null, "angle": 210.25558471679688, "_src_file": "LDZOFBB099.WT", "_src_id": 1688 }, "geometry": { "type": "Point", "coordinates": [ 74.194717406484997, 39.672964800735564 ] } },
{ "type": "Feature", "properties": { "ID": 31, "FEATUREID": "OFBB099C1AJ430010020001690", "CHFCAC": "001690", "CHFCEC": "断层辅助点", "CHFCED": "", "point_type": 1, "symbol_no": 1281, "height": 0.99946856, "width": 0.99489725, "spacing": null, "angle": 204.36509704589844, "_src_file": "LDZOFBB099.WT", "_src_id": 1689 }, "geometry": { "type": "Point", "coordinates": [ 74.182490149199126, 39.666961862381861 ] } },
{ "type": "Feature", "properties": { "ID": 32, "FEATUREID": "OFBB099C1AJ430010020001691", "CHFCAC": "001691", "CHFCEC": "断层辅助点", "CHFCED": "", "point_type": 1, "symbol_no": 1281, "height": 0.99946856, "width": 0.99489725, "spacing": null, "angle": 202.19960021972656, "_src_file": "LDZOFBB099.WT", "_src_id": 1690 }, "geometry": { "type": "Point", "coordinates": [ 74.191441714905721, 39.674018517522853 ] } },
{ "type": "Feature", "properties": { "ID": 34, "FEATUREID": "OFBB099C1AJ430010020001692", "CHFCAC": "001692", "CHFCEC": "断层辅助点", "CHFCED": "", "point_type": 1, "symbol_no": 1281, "height": 0.99946856, "width": 0.99489725, "spacing": null, "angle": 10.109983444213867, "_src_file": "LDZOFBB099.WT", "_src_id": 1691 }, "geometry": { "type": "Point", "coordinates": [ 74.334607655608025, 39.681126499201248 ] } },
{ "type": "Feature", "properties": { "ID": 35, "FEATUREID": "OFBB099C1AJ430010020001693", "CHFCAC": "001693", "CHFCEC": "断层辅助点", "CHFCED": "", "point_type": 1, "symbol_no": 1281, "height": 0.99946856, "width": 0.99489725, "spacing": null, "angle": 16.874200820922852, "_src_file": "LDZOFBB099.WT", "_src_id": 1692 }, "geometry": { "type": "Point", "coordinates": [ 74.355791868741818, 39.683836594729101 ] } },
{ "type": "Feature", "properties": { "ID": 36, "FEATUREID": "OFBB099C1AJ430010020001694", "CHFCAC": "001694", "CHFCEC": "断层辅助点", "CHFCED": "", "point_type": 1, "symbol_no": 1281, "height": 0.99946856, "width": 0.99489725, "spacing": null, "angle": 25.272445678710938, "_src_file": "LDZOFBB099.WT", "_src_id": 1693 }, "geometry": { "type": "Point", "coordinates": [ 74.48091816945751, 39.784093000690397 ] } },
{ "type": "Feature", "properties": { "ID": 37, "FEATUREID": "OFBB099C1AJ430010020001695", "CHFCAC": "001695", "CHFCEC": "断层辅助点", "CHFCED": "", "point_type": 1, "symbol_no": 1281, "height": 0.99946856, "width": 0.99489725, "spacing": null, "angle": 29.070587158203125, "_src_file": "LDZOFBB099.WT", "_src_id": 1694 }, "geometry": { "type": "Point", "coordinates": [ 74.472315789480206, 39.78103449408934 ] } },
{ "type": "Feature", "properties": { "ID": 38, "FEATUREID": "OFBB099C1AJ430010020001696", "CHFCAC": "001696", "CHFCEC": "断层辅助点", "CHFCED": "", "point_type": 1, "symbol_no": 1281, "height": 0.99946856, "width": 0.99489725, "spacing": null, "angle": 7.1590743064880371, "_src_file": "LDZOFBB099.WT", "_src_id": 1695 }, "geometry": { "type": "Point", "coordinates": [ 74.496571092736289, 39.799000223087958 ] } },
{ "type": "Feature", "properties": { "ID": 39, "FEATUREID": "OFBB099C1AJ430010020001697", "CHFCAC": "001697", "CHFCEC": "断层辅助点", "CHFCED": "", "point_type": 1, "symbol_no": 1281, "height": 0.99946856, "width": 0.99489725, "spacing": null, "angle": 5.8414421081542969, "_src_file": "LDZOFBB099.WT", "_src_id": 1696 }, "geometry": { "type": "Point", "coordinates": [ 74.508210712034085, 39.800745872011092 ] } },
{ "type": "Feature", "properties": { "ID": 40, "FEATUREID": "OFBB099C1AJ430010020001698", "CHFCAC": "001698", "CHFCEC": "断层辅助点", "CHFCED": "", "point_type": 1, "symbol_no": 1281, "height": 0.99946856, "width": 0.99489725, "spacing": null, "angle": 215.58221435546875, "_src_file": "LDZOFBB099.WT", "_src_id": 1697 }, "geometry": { "type": "Point", "coordinates": [ 74.449787190201818, 39.829045375962806 ] } },
{ "type": "Feature", "properties": { "ID": 41, "FEATUREID": "OFBB099C1AJ430010020001699", "CHFCAC": "001699", "CHFCEC": "断层辅助点", "CHFCED": "", "point_type": 1, "symbol_no": 1281, "height": 0.99946856, "width": 0.99489725, "spacing": null, "angle": 213.38662719726562, "_src_file": "LDZOFBB099.WT", "_src_id": 1698 }, "geometry": { "type": "Point", "coordinates": [ 74.441101928445221, 39.823968982747822 ] } },
{ "type": "Feature", "properties": { "ID": 43, "FEATUREID": "OFBB099C1AJ430010020001700", "CHFCAC": "001700", "CHFCEC": "断层辅助点", "CHFCED": "", "point_type": 1, "symbol_no": 1894, "height": 2.2501919, "width": 1.4885026, "spacing": null, "angle": 104.15138244628906, "_src_file": "LDZOFBB099.WT", "_src_id": 1699 }, "geometry": { "type": "Point", "coordinates": [ 74.500547180802982, 39.943749976662751 ] } },
{ "type": "Feature", "properties": { "ID": 44, "FEATUREID": "OFBB099C1AJ430010020001701", "CHFCAC": "001701", "CHFCEC": "断层辅助点", "CHFCED": "", "point_type": 1, "symbol_no": 1894, "height": 2.2501919, "width": 1.4885026, "spacing": null, "angle": 174.1295166015625, "_src_file": "LDZOFBB099.WT", "_src_id": 1700 }, "geometry": { "type": "Point", "coordinates": [ 74.439677997010904, 39.916551021708429 ] } },
{ "type": "Feature", "properties": { "ID": 45, "FEATUREID": "OFBB099C1AJ430010020001702", "CHFCAC": "001702", "CHFCEC": "断层辅助点", "CHFCED": "70", "point_type": 0, "symbol_no": 0, "height": 2.0, "width": 2.0, "spacing": 0.20012936, "angle": 0.27518197894096375, "_src_file": "LDZOFBB099.WT", "_src_id": 1701 }, "geometry": { "type": "Point", "coordinates": [ 74.441605419707827, 39.91392005764704 ] } },
{ "type": "Feature", "properties": { "ID": 46, "FEATUREID": "OFBB099C1AJ430010020001703", "CHFCAC": "001703", "CHFCEC": "断层辅助点", "CHFCED": "", "point_type": 1, "symbol_no": 1894, "height": 2.2501919, "width": 1.4885026, "spacing": null, "angle": 220.11489868164062, "_src_file": "LDZOFBB099.WT", "_src_id": 1702 }, "geometry": { "type": "Point", "coordinates": [ 74.447697938727089, 39.823417639871558 ] } },
{ "type": "Feature", "properties": { "ID": 47, "FEATUREID": "OFBB099C1AJ430010020001704", "CHFCAC": "001704", "CHFCEC": "断层辅助点", "CHFCED": "64", "point_type": 0, "symbol_no": 0, "height": 2.0, "width": 2.0, "spacing": 0.20012936, "angle": 0.27077767252922058, "_src_file": "LDZOFBB099.WT", "_src_id": 1703 }, "geometry": { "type": "Point", "coordinates": [ 74.450211988790997, 39.822860203757408 ] } },
{ "type": "Feature", "properties": { "ID": 48, "FEATUREID": "OFBB099C1AJ430010020001705", "CHFCAC": "001705", "CHFCEC": "断层辅助点", "CHFCED": "70", "point_type": 0, "symbol_no": 0, "height": 2.0, "width": 2.0, "spacing": 0.20012936, "angle": 0.24772061407566071, "_src_file": "LDZOFBB099.WT", "_src_id": 1704 }, "geometry": { "type": "Point", "coordinates": [ 74.49680351142581, 39.7914412458301 ] } },
{ "type": "Feature", "properties": { "ID": 49, "FEATUREID": "OFBB099C1AJ430010020001706", "CHFCAC": "001706", "CHFCEC": "断层辅助点", "CHFCED": "", "point_type": 1, "symbol_no": 1894, "height": 2.2501919, "width": 1.4885026, "spacing": null, "angle": 190.4425048828125, "_src_file": "LDZOFBB099.WT", "_src_id": 1705 }, "geometry": { "type": "Point", "coordinates": [ 74.503545536134993, 39.79670861755546 ] } },
{ "type": "Feature", "properties": { "ID": 50, "FEATUREID": "OFBB099C1AJ430010020001707", "CHFCAC": "001707", "CHFCEC": "断层辅助点", "CHFCED": "", "point_type": 1, "symbol_no": 1894, "height": 2.2501919, "width": 1.4885026, "spacing": null, "angle": 208.39811706542969, "_src_file": "LDZOFBB099.WT", "_src_id": 1706 }, "geometry": { "type": "Point", "coordinates": [ 74.478960278130103, 39.779227845634296 ] } },
{ "type": "Feature", "properties": { "ID": 51, "FEATUREID": "OFBB099C1AJ430010020001708", "CHFCAC": "001708", "CHFCEC": "断层辅助点", "CHFCED": "", "point_type": 1, "symbol_no": 1894, "height": 2.2501919, "width": 1.4885026, "spacing": null, "angle": 196.07298278808594, "_src_file": "LDZOFBB099.WT", "_src_id": 1707 }, "geometry": { "type": "Point", "coordinates": [ 74.346275716049021, 39.678303177062759 ] } },
{ "type": "Feature", "properties": { "ID": 53, "FEATUREID": "OFBB099C1AJ430010020001709", "CHFCAC": "001709", "CHFCEC": "断层辅助点", "CHFCED": "71", "point_type": 0, "symbol_no": 0, "height": 2.0, "width": 2.0, "spacing": 0.20012936, "angle": 0.32046276330947876, "_src_file": "LDZOFBB099.WT", "_src_id": 1708 }, "geometry": { "type": "Point", "coordinates": [ 74.349001216375541, 39.675963214772651 ] } },
{ "type": "Feature", "properties": { "ID": 54, "FEATUREID": "OFBB099C1AJ430010020001710", "CHFCAC": "001710", "CHFCEC": "断层辅助点", "CHFCED": "51", "point_type": 0, "symbol_no": 0, "height": 2.0, "width": 2.0, "spacing": 0.20012936, "angle": 0.36384153366088867, "_src_file": "LDZOFBB099.WT", "_src_id": 1709 }, "geometry": { "type": "Point", "coordinates": [ 74.261189568222946, 39.698005232669935 ] } },
{ "type": "Feature", "properties": { "ID": 55, "FEATUREID": "OFBB099C1AJ430010020001711", "CHFCAC": "001711", "CHFCEC": "断层辅助点", "CHFCED": "", "point_type": 1, "symbol_no": 1894, "height": 2.2501919, "width": 1.4885026, "spacing": null, "angle": 335.34884643554688, "_src_file": "LDZOFBB099.WT", "_src_id": 1710 }, "geometry": { "type": "Point", "coordinates": [ 74.2572979373425, 39.697300238986458 ] } },
{ "type": "Feature", "properties": { "ID": 56, "FEATUREID": "OFBB099C1AJ430010020001712", "CHFCAC": "001712", "CHFCEC": "断层辅助点", "CHFCED": "", "point_type": 1, "symbol_no": 1894, "height": 2.2501919, "width": 1.4885026, "spacing": null, "angle": 39.167331695556641, "_src_file": "LDZOFBB099.WT", "_src_id": 1711 }, "geometry": { "type": "Point", "coordinates": [ 74.18410994517869, 39.672073143125729 ] } },
{ "type": "Feature", "properties": { "ID": 57, "FEATUREID": "OFBB099C1AJ430010020001713", "CHFCAC": "001713", "CHFCEC": "断层辅助点", "CHFCED": "", "point_type": 1, "symbol_no": 1894, "height": 2.25019, "width": 1.4885, "spacing": null, "angle": 38.764495849609375, "_src_file": "LDZOFBB099.WT", "_src_id": 1712 }, "geometry": { "type": "Point", "coordinates": [ 74.193880435534041, 39.679095715631043 ] } },
{ "type": "Feature", "properties": { "ID": 58, "FEATUREID": "OFBB099C1AJ430010020001714", "CHFCAC": "001714", "CHFCEC": "断层辅助点", "CHFCED": "", "point_type": 1, "symbol_no": 1894, "height": 2.2501919, "width": 1.4885026, "spacing": null, "angle": 72.27081298828125, "_src_file": "LDZOFBB099.WT", "_src_id": 1713 }, "geometry": { "type": "Point", "coordinates": [ 74.046210522837256, 39.713308460251945 ] } },
{ "type": "Feature", "properties": { "ID": 59, "FEATUREID": "OFBB099C1AJ430010020001715", "CHFCAC": "001715", "CHFCEC": "断层辅助点", "CHFCED": "", "point_type": 1, "symbol_no": 1894, "height": 2.2501919, "width": 1.4885026, "spacing": null, "angle": 250.24812316894531, "_src_file": "LDZOFBB099.WT", "_src_id": 1714 }, "geometry": { "type": "Point", "coordinates": [ 74.073236016502094, 39.730443825632705 ] } },
{ "type": "Feature", "properties": { "ID": 62, "FEATUREID": "OFBB099C1AJ430010020001716", "CHFCAC": "001716", "CHFCEC": "断层辅助点", "CHFCED": "", "point_type": 1, "symbol_no": 1894, "height": 2.2501919, "width": 1.4885026, "spacing": null, "angle": 71.193946838378906, "_src_file": "LDZOFBB099.WT", "_src_id": 1715 }, "geometry": { "type": "Point", "coordinates": [ 74.01909676728944, 39.921174903316349 ] } },
{ "type": "Feature", "properties": { "ID": 67, "FEATUREID": "OFBB099C1AJ430010020001717", "CHFCAC": "001717", "CHFCEC": "断层辅助点", "CHFCED": "60", "point_type": 0, "symbol_no": 0, "height": 2.0, "width": 2.0, "spacing": 0.20012936, "angle": 0.35969394445419312, "_src_file": "LDZOFBB099.WT", "_src_id": 1716 }, "geometry": { "type": "Point", "coordinates": [ 74.270595985683897, 39.917750723873539 ] } },
{ "type": "Feature", "properties": { "ID": 68, "FEATUREID": "OFBB099C1AJ430010020001718", "CHFCAC": "001718", "CHFCEC": "断层辅助点", "CHFCED": "75", "point_type": 0, "symbol_no": 0, "height": 2.0, "width": 2.0, "spacing": 0.20012936, "angle": 0.38379189372062683, "_src_file": "LDZOFBB099.WT", "_src_id": 1717 }, "geometry": { "type": "Point", "coordinates": [ 74.222040154806123, 39.961921508936477 ] } },
{ "type": "Feature", "properties": { "ID": 69, "FEATUREID": "OFBB099C1AJ430010020001719", "CHFCAC": "001719", "CHFCEC": "断层辅助点", "CHFCED": "", "point_type": 1, "symbol_no": 1894, "height": 2.2501919, "width": 1.4885026, "spacing": null, "angle": 56.192451477050781, "_src_file": "LDZOFBB099.WT", "_src_id": 1718 }, "geometry": { "type": "Point", "coordinates": [ 74.232603744406973, 39.96434721144098 ] } },
{ "type": "Feature", "properties": { "ID": 70, "FEATUREID": "OFBB099C1AJ430010020001720", "CHFCAC": "001720", "CHFCEC": "断层辅助点", "CHFCED": "", "point_type": 1, "symbol_no": 1894, "height": 2.2501919, "width": 1.4885026, "spacing": null, "angle": 50.951030731201172, "_src_file": "LDZOFBB099.WT", "_src_id": 1719 }, "geometry": { "type": "Point", "coordinates": [ 74.323749771759907, 39.929591463265531 ] } },
{ "type": "Feature", "properties": { "ID": 71, "FEATUREID": "OFBB099C1AJ430010020001721", "CHFCAC": "001721", "CHFCEC": "断层辅助点", "CHFCED": "", "point_type": 1, "symbol_no": 1894, "height": 2.2501919, "width": 1.4885026, "spacing": null, "angle": 64.28363037109375, "_src_file": "LDZOFBB099.WT", "_src_id": 1720 }, "geometry": { "type": "Point", "coordinates": [ 74.097827804765217, 39.963025863484575 ] } },
{ "type": "Feature", "properties": { "ID": 72, "FEATUREID": "OFBB099C1AJ430010020001722", "CHFCAC": "001722", "CHFCEC": "断层辅助点", "CHFCED": "75", "point_type": 0, "symbol_no": 0, "height": 2.0, "width": 2.0, "spacing": 0.20012936, "angle": 0.44646298885345459, "_src_file": "LDZOFBB099.WT", "_src_id": 1721 }, "geometry": { "type": "Point", "coordinates": [ 74.095268431014105, 39.963952790960974 ] } },
{ "type": "Feature", "properties": { "ID": 73, "FEATUREID": "OFBB099C1AJ430010020001723", "CHFCAC": "001723", "CHFCEC": "断层辅助点", "CHFCED": "", "point_type": 1, "symbol_no": 1894, "height": 0.99954498, "width": 1.49392, "spacing": null, "angle": 48.016319274902344, "_src_file": "LDZOFBB099.WT", "_src_id": 1722 }, "geometry": { "type": "Point", "coordinates": [ 74.043223613327442, 39.734921487335129 ] } },
{ "type": "Feature", "properties": { "ID": 336, "FEATUREID": "OFBB099C1AJ430010020001724", "CHFCAC": "001724", "CHFCEC": "断层辅助点", "CHFCED": "73", "point_type": 0, "symbol_no": 0, "height": 2.0, "width": 2.0, "spacing": 0.20012936, "angle": 0.48572447896003723, "_src_file": "LDZOFBB099.WT", "_src_id": 1723 }, "geometry": { "type": "Point", "coordinates": [ 74.015599594554558, 39.922901159542398 ] } },
{ "type": "Feature", "properties": { "ID": 495, "FEATUREID": "OFBB099C1AJ430010020001725", "CHFCAC": "001725", "CHFCEC": "断层辅助点", "CHFCED": "", "point_type": 1, "symbol_no": 1894, "height": 2.2501919, "width": 1.4885026, "spacing": null, "angle": 36.750499725341797, "_src_file": "LDZOFBB099.WT", "_src_id": 1724 }, "geometry": { "type": "Point", "coordinates": [ 74.201746082172448, 39.748150495292961 ] } },
{ "type": "Feature", "properties": { "ID": 496, "FEATUREID": "OFBB099C1AJ430010020001726", "CHFCAC": "001726", "CHFCEC": "断层辅助点", "CHFCED": "56", "point_type": 0, "symbol_no": 0, "height": 2.0, "width": 2.0, "spacing": 0.20012936, "angle": 0.3929131031036377, "_src_file": "LDZOFBB099.WT", "_src_id": 1725 }, "geometry": { "type": "Point", "coordinates": [ 74.202538095865421, 39.748908684782975 ] } },
{ "type": "Feature", "properties": { "ID": 497, "FEATUREID": "OFBB099C1AJ430010020001727", "CHFCAC": "001727", "CHFCEC": "断层辅助点", "CHFCED": "52", "point_type": 0, "symbol_no": 0, "height": 2.0, "width": 2.0, "spacing": 0.20012936, "angle": 0.33530867099761963, "_src_file": "LDZOFBB099.WT", "_src_id": 1726 }, "geometry": { "type": "Point", "coordinates": [ 74.319415498801504, 39.792491258862995 ] } },
{ "type": "Feature", "properties": { "ID": 498, "FEATUREID": "OFBB099C1AJ430010020001728", "CHFCAC": "001728", "CHFCEC": "断层辅助点", "CHFCED": "", "point_type": 1, "symbol_no": 1894, "height": 2.2501919, "width": 1.4885026, "spacing": null, "angle": 223.24671936035156, "_src_file": "LDZOFBB099.WT", "_src_id": 1727 }, "geometry": { "type": "Point", "coordinates": [ 74.316228867634877, 39.792224572643867 ] } },
{ "type": "Feature", "properties": { "ID": 813, "FEATUREID": "OFBB099C1AJ430010020001729", "CHFCAC": "001729", "CHFCEC": "断层辅助点", "CHFCED": "51", "point_type": 0, "symbol_no": 0, "height": 2.0, "width": 2.0, "spacing": 0.200129, "angle": 0.4572441577911377, "_src_file": "LDZOFBB099.WT", "_src_id": 1728 }, "geometry": { "type": "Point", "coordinates": [ 74.072121720992357, 39.731553736690145 ] } },
{ "type": "Feature", "properties": { "ID": 23, "FEATUREID": "OFBB099C1AJ430010020001730", "CHFCAC": "001730", "CHFCEC": "断层辅助点", "CHFCED": "", "point_type": 1, "symbol_no": 1281, "height": 0.99946856, "width": 0.99489725, "spacing": null, "angle": 253.5316162109375, "_src_file": "LDZOFBB099.WT", "_src_id": 1729 }, "geometry": { "type": "Point", "coordinates": [ 74.068257891608027, 39.722567566025482 ] } },
{ "type": "Feature", "properties": { "ID": 33, "FEATUREID": "OFBB099C1AJ430010020001731", "CHFCAC": "001731", "CHFCEC": "断层辅助点", "CHFCED": "", "point_type": 1, "symbol_no": 1281, "height": 0.99946856, "width": 0.99489725, "spacing": null, "angle": 207.86749267578125, "_src_file": "LDZOFBB099.WT", "_src_id": 1730 }, "geometry": { "type": "Point", "coordinates": [ 74.201861306257314, 39.678853928616626 ] } },
{ "type": "Feature", "properties": { "ID": 41, "FEATUREID": "OFBB099C1AJ430010020001732", "CHFCAC": "001732", "CHFCEC": "断层辅助点", "CHFCED": "", "point_type": 1, "symbol_no": 1281, "height": 0.99946856, "width": 0.99489725, "spacing": null, "angle": 213.38911437988281, "_src_file": "LDZOFBB099.WT", "_src_id": 1731 }, "geometry": { "type": "Point", "coordinates": [ 74.436081663168409, 39.833200457718455 ] } },
{ "type": "Feature", "properties": { "ID": 41, "FEATUREID": "OFBB099C1AJ430010020001733", "CHFCAC": "001733", "CHFCEC": "断层辅助点", "CHFCED": "", "point_type": 1, "symbol_no": 1281, "height": 0.99946856, "width": 0.99489725, "spacing": null, "angle": 213.385498046875, "_src_file": "LDZOFBB099.WT", "_src_id": 1732 }, "geometry": { "type": "Point", "coordinates": [ 74.443412999945082, 39.836843375595514 ] } },
{ "type": "Feature", "properties": { "ID": 46, "FEATUREID": "OFBB099C1AJ430010020001734", "CHFCAC": "001734", "CHFCEC": "断层辅助点", "CHFCED": "", "point_type": 1, "symbol_no": 1894, "height": 2.2501919, "width": 1.4885026, "spacing": null, "angle": 40.264324188232422, "_src_file": "LDZOFBB099.WT", "_src_id": 1733 }, "geometry": { "type": "Point", "coordinates": [ 74.436777245210521, 39.837570149876086 ] } },
{ "type": "Feature", "properties": { "ID": 47, "FEATUREID": "OFBB099C1AJ430010020001735", "CHFCAC": "001735", "CHFCEC": "断层辅助点", "CHFCED": "67", "point_type": 0, "symbol_no": 0, "height": 2.0, "width": 2.0, "spacing": 0.20012936, "angle": 0.28186279535293579, "_src_file": "LDZOFBB099.WT", "_src_id": 1734 }, "geometry": { "type": "Point", "coordinates": [ 74.42780308366514, 39.833436190609852 ] } },
{ "type": "Feature", "properties": { "ID": 853, "FEATUREID": "OFBB099C1AJ430010020001736", "CHFCAC": "001736", "CHFCEC": "断层辅助点", "CHFCED": "", "point_type": 1, "symbol_no": 1281, "height": 0.99946856, "width": 0.99489725, "spacing": null, "angle": 244.62033081054688, "_src_file": "LDZOFBB099.WT", "_src_id": 1735 }, "geometry": { "type": "Point", "coordinates": [ 74.105677822597841, 39.966847923776264 ] } },
{ "type": "Feature", "properties": { "ID": 854, "FEATUREID": "OFBB099C1AJ430010020001737", "CHFCAC": "001737", "CHFCEC": "断层辅助点", "CHFCED": "", "point_type": 1, "symbol_no": 1281, "height": 0.99946856, "width": 0.99489725, "spacing": null, "angle": 244.84307861328125, "_src_file": "LDZOFBB099.WT", "_src_id": 1736 }, "geometry": { "type": "Point", "coordinates": [ 74.097651012284132, 39.956509197299859 ] } },
{ "type": "Feature", "properties": { "ID": 855, "FEATUREID": "OFBB099C1AJ430010020001738", "CHFCAC": "001738", "CHFCEC": "断层辅助点", "CHFCED": "", "point_type": 1, "symbol_no": 1281, "height": 0.99946856, "width": 0.99489725, "spacing": null, "angle": 257.951416015625, "_src_file": "LDZOFBB099.WT", "_src_id": 1737 }, "geometry": { "type": "Point", "coordinates": [ 74.026744915217776, 39.929473808505627 ] } },
{ "type": "Feature", "properties": { "ID": 856, "FEATUREID": "OFBB099C1AJ430010020001739", "CHFCAC": "001739", "CHFCEC": "断层辅助点", "CHFCED": "", "point_type": 1, "symbol_no": 1281, "height": 0.99946856, "width": 0.99489725, "spacing": null, "angle": 249.96829223632812, "_src_file": "LDZOFBB099.WT", "_src_id": 1738 }, "geometry": { "type": "Point", "coordinates": [ 74.019420993408005, 39.913073638594682 ] } },
{ "type": "Feature", "properties": { "ID": 857, "FEATUREID": "OFBB099C1AJ430010020001740", "CHFCAC": "001740", "CHFCEC": "断层辅助点", "CHFCED": "", "point_type": 1, "symbol_no": 1281, "height": 0.99946856, "width": 0.99489725, "spacing": null, "angle": 242.38397216796875, "_src_file": "LDZOFBB099.WT", "_src_id": 1739 }, "geometry": { "type": "Point", "coordinates": [ 74.243471804888117, 39.972217279549767 ] } },
{ "type": "Feature", "properties": { "ID": 858, "FEATUREID": "OFBB099C1AJ430010020001741", "CHFCAC": "001741", "CHFCEC": "断层辅助点", "CHFCED": "", "point_type": 1, "symbol_no": 1281, "height": 0.99946856, "width": 0.99489725, "spacing": null, "angle": 234.010986328125, "_src_file": "LDZOFBB099.WT", "_src_id": 1740 }, "geometry": { "type": "Point", "coordinates": [ 74.229299511866586, 39.953755155730576 ] } },
{ "type": "Feature", "properties": { "ID": 859, "FEATUREID": "OFBB099C1AJ430010020001742", "CHFCAC": "001742", "CHFCEC": "断层辅助点", "CHFCED": "", "point_type": 1, "symbol_no": 1281, "height": 0.99946856, "width": 0.99489725, "spacing": null, "angle": 230.65962219238281, "_src_file": "LDZOFBB099.WT", "_src_id": 1741 }, "geometry": { "type": "Point", "coordinates": [ 74.250983695208305, 39.987494773326532 ] } },
{ "type": "Feature", "properties": { "ID": 860, "FEATUREID": "OFBB099C1AJ430010020001743", "CHFCAC": "001743", "CHFCEC": "断层辅助点", "CHFCED": "", "point_type": 1, "symbol_no": 1281, "height": 0.99946856, "width": 0.99489725, "spacing": null, "angle": 235.38194274902344, "_src_file": "LDZOFBB099.WT", "_src_id": 1742 }, "geometry": { "type": "Point", "coordinates": [ 74.241983986922705, 39.976917189909969 ] } },
{ "type": "Feature", "properties": { "ID": 69, "FEATUREID": "OFBB099C1AJ430010020001744", "CHFCAC": "001744", "CHFCEC": "断层辅助点", "CHFCED": "", "point_type": 1, "symbol_no": 1894, "height": 2.2501919, "width": 1.4885026, "spacing": null, "angle": 53.700092315673828, "_src_file": "LDZOFBB099.WT", "_src_id": 1743 }, "geometry": { "type": "Point", "coordinates": [ 74.24105369402173, 39.983482170775801 ] } },
{ "type": "Feature", "properties": { "ID": 68, "FEATUREID": "OFBB099C1AJ430010020001745", "CHFCAC": "001745", "CHFCEC": "断层辅助点", "CHFCED": "70", "point_type": 0, "symbol_no": 0, "height": 2.0, "width": 2.0, "spacing": 0.200129, "angle": 0.37468129396438599, "_src_file": "LDZOFBB099.WT", "_src_id": 1744 }, "geometry": { "type": "Point", "coordinates": [ 74.24057147882948, 39.984005112433067 ] } },
{ "type": "Feature", "properties": { "ID": 63, "FEATUREID": "OFBB099C1AJ430010020001746", "CHFCAC": "001746", "CHFCEC": "断层辅助点", "CHFCED": "", "point_type": 1, "symbol_no": 1894, "height": 2.2501919, "width": 1.4885026, "spacing": null, "angle": 101.69988250732422, "_src_file": "LDZOFBB099.WT", "_src_id": 1745 }, "geometry": { "type": "Point", "coordinates": [ 74.209281719990145, 39.900066810425052 ] } },
{ "type": "Feature", "properties": { "ID": 66, "FEATUREID": "OFBB099C1AJ430010020001747", "CHFCAC": "001747", "CHFCEC": "断层辅助点", "CHFCED": "54", "point_type": 0, "symbol_no": 0, "height": 2.0, "width": 2.0, "spacing": 0.20012936, "angle": 0.39311483502388, "_src_file": "LDZOFBB099.WT", "_src_id": 1746 }, "geometry": { "type": "Point", "coordinates": [ 74.202851688402859, 39.894588321893032 ] } },
{ "type": "Feature", "properties": { "ID": 67, "FEATUREID": "OFBB099C1AJ430010020001748", "CHFCAC": "001748", "CHFCEC": "断层辅助点", "CHFCED": "41", "point_type": 0, "symbol_no": 0, "height": 2.0, "width": 2.0, "spacing": 0.20012936, "angle": 0.33408099412918091, "_src_file": "LDZOFBB099.WT", "_src_id": 1747 }, "geometry": { "type": "Point", "coordinates": [ 74.322476999736097, 39.929802461544782 ] } },
{ "type": "Feature", "properties": { "ID": 866, "FEATUREID": "OFBB099C1AJ430010020001749", "CHFCAC": "001749", "CHFCEC": "断层辅助点", "CHFCED": "67", "point_type": 0, "symbol_no": 0, "height": 2.0, "width": 2.0, "spacing": 0.20012936, "angle": 0.3958466649055481, "_src_file": "LDZOFBB099.WT", "_src_id": 1748 }, "geometry": { "type": "Point", "coordinates": [ 74.196237189079611, 39.678794564204921 ] } },
{ "type": "Feature", "properties": { "ID": 867, "FEATUREID": "OFBB099C1AJ430010020001750", "CHFCAC": "001750", "CHFCEC": "断层辅助点", "CHFCED": "42", "point_type": 0, "symbol_no": 0, "height": 2.0, "width": 2.0, "spacing": 0.20012936, "angle": 0.40218466520309448, "_src_file": "LDZOFBB099.WT", "_src_id": 1749 }, "geometry": { "type": "Point", "coordinates": [ 74.183361831811311, 39.672924948673739 ] } },
{ "type": "Feature", "properties": { "ID": 54, "FEATUREID": "OFBB099C1AJ430010020001751", "CHFCAC": "001751", "CHFCEC": "断层辅助点", "CHFCED": "65", "point_type": 0, "symbol_no": 0, "height": 2.0, "width": 2.0, "spacing": 0.20012936, "angle": 0.33568531274795532, "_src_file": "LDZOFBB099.WT", "_src_id": 1750 }, "geometry": { "type": "Point", "coordinates": [ 74.31835325720661, 39.722966812890178 ] } },
{ "type": "Feature", "properties": { "ID": 55, "FEATUREID": "OFBB099C1AJ430010020001752", "CHFCAC": "001752", "CHFCEC": "断层辅助点", "CHFCED": "", "point_type": 1, "symbol_no": 1894, "height": 2.2501919, "width": 1.4885026, "spacing": null, "angle": 35.675811767578125, "_src_file": "LDZOFBB099.WT", "_src_id": 1751 }, "geometry": { "type": "Point", "coordinates": [ 74.318309101110387, 39.722058928304918 ] } },
{ "type": "Feature", "properties": { "ID": 29, "FEATUREID": "OFBB099C1AJ430010020001753", "CHFCAC": "001753", "CHFCEC": "断层辅助点", "CHFCED": "", "point_type": 1, "symbol_no": 1281, "height": 0.99946856, "width": 0.99489725, "spacing": null, "angle": 208.86137390136719, "_src_file": "LDZOFBB099.WT", "_src_id": 1752 }, "geometry": { "type": "Point", "coordinates": [ 74.313121592279686, 39.715840385165286 ] } },
{ "type": "Feature", "properties": { "ID": 29, "FEATUREID": "OFBB099C1AJ430010020001754", "CHFCAC": "001754", "CHFCEC": "断层辅助点", "CHFCED": "", "point_type": 1, "symbol_no": 1281, "height": 0.99946856, "width": 0.99489725, "spacing": null, "angle": 234.17233276367188, "_src_file": "LDZOFBB099.WT", "_src_id": 1753 }, "geometry": { "type": "Point", "coordinates": [ 74.328833159970984, 39.724504346837641 ] } },
{ "type": "Feature", "properties": { "ID": 872, "FEATUREID": "OFBB099C1AJ430010020001755", "CHFCAC": "001755", "CHFCEC": "断层辅助点", "CHFCED": "48", "point_type": 0, "symbol_no": 0, "height": 2.0, "width": 2.0, "spacing": 0.20012936, "angle": 0.24971039593219757, "_src_file": "LDZOFBB099.WT", "_src_id": 1754 }, "geometry": { "type": "Point", "coordinates": [ 74.493256690466339, 39.946544626913692 ] } },
{ "type": "Feature", "properties": { "ID": 72, "FEATUREID": "OFBB099C1AJ430010020001756", "CHFCAC": "001756", "CHFCEC": "断层辅助点", "CHFCED": "73", "point_type": 0, "symbol_no": 0, "height": 2.0, "width": 2.0, "spacing": 0.20012936, "angle": 0.47157761454582214, "_src_file": "LDZOFBB099.WT", "_src_id": 1755 }, "geometry": { "type": "Point", "coordinates": [ 74.04448705089311, 39.96823940606911 ] } },
{ "type": "Feature", "properties": { "ID": 71, "FEATUREID": "OFBB099C1AJ430010020001757", "CHFCAC": "001757", "CHFCEC": "断层辅助点", "CHFCED": "", "point_type": 1, "symbol_no": 1894, "height": 2.25019, "width": 1.4885, "spacing": null, "angle": 59.080757141113281, "_src_file": "LDZOFBB099.WT", "_src_id": 1756 }, "geometry": { "type": "Point", "coordinates": [ 74.045522018653742, 39.965332193242411 ] } },
{ "type": "Feature", "properties": { "ID": 853, "FEATUREID": "OFBB099C1AJ430010020001758", "CHFCAC": "001758", "CHFCEC": "断层辅助点", "CHFCED": "", "point_type": 1, "symbol_no": 1281, "height": 0.99946898, "width": 0.99489701, "spacing": null, "angle": 244.64450073242188, "_src_file": "LDZOFBB099.WT", "_src_id": 1757 }, "geometry": { "type": "Point", "coordinates": [ 74.056821382648835, 39.972651483680174 ] } },
{ "type": "Feature", "properties": { "ID": 854, "FEATUREID": "OFBB099C1AJ430010020001759", "CHFCAC": "001759", "CHFCEC": "断层辅助点", "CHFCED": "", "point_type": 1, "symbol_no": 1281, "height": 0.99946856, "width": 0.99489725, "spacing": null, "angle": 244.87150573730469, "_src_file": "LDZOFBB099.WT", "_src_id": 1758 }, "geometry": { "type": "Point", "coordinates": [ 74.040121601370501, 39.954840056152321 ] } },
{ "type": "Feature", "properties": { "ID": 411, "FEATUREID": "OFBB099C1AJ430010020001760", "CHFCAC": "001760", "CHFCEC": "断层辅助点", "CHFCED": "", "point_type": 1, "symbol_no": 1281, "height": 1.0, "width": 1.0, "spacing": null, "angle": 145.20281982421875, "_src_file": "LDZOFBB099.WT", "_src_id": 1759 }, "geometry": { "type": "Point", "coordinates": [ 74.943269973229306, 39.934751694446746 ] } },
{ "type": "Feature", "properties": { "ID": 412, "FEATUREID": "OFBB099C1AJ430010020001761", "CHFCAC": "001761", "CHFCEC": "断层辅助点", "CHFCED": "", "point_type": 1, "symbol_no": 1281, "height": 1.0, "width": 1.0, "spacing": null, "angle": 148.82093811035156, "_src_file": "LDZOFBB099.WT", "_src_id": 1760 }, "geometry": { "type": "Point", "coordinates": [ 74.955128427291001, 39.929029484065389 ] } },
{ "type": "Feature", "properties": { "ID": 414, "FEATUREID": "OFBB099C1AJ430010020001762", "CHFCAC": "001762", "CHFCEC": "断层辅助点", "CHFCED": "", "point_type": 1, "symbol_no": 1894, "height": 2.25, "width": 1.5, "spacing": null, "angle": 325.70242309570312, "_src_file": "LDZOFBB099.WT", "_src_id": 1761 }, "geometry": { "type": "Point", "coordinates": [ 74.951052114926824, 39.935310727342149 ] } },
{ "type": "Feature", "properties": { "ID": 415, "FEATUREID": "OFBB099C1AJ430010020001763", "CHFCAC": "001763", "CHFCEC": "断层辅助点", "CHFCED": "65", "point_type": 0, "symbol_no": 0, "height": 2.0, "width": 2.0, "spacing": 0.2, "angle": 0.021930161863565445, "_src_file": "LDZOFBB099.WT", "_src_id": 1762 }, "geometry": { "type": "Point", "coordinates": [ 74.954157989692334, 39.932744286015776 ] } },
{ "type": "Feature", "properties": { "ID": 416, "FEATUREID": "OFBB099C1AJ430010020001764", "CHFCAC": "001764", "CHFCEC": "断层辅助点", "CHFCED": "", "point_type": 1, "symbol_no": 1894, "height": 2.25, "width": 1.5, "spacing": null, "angle": 290.41848754882812, "_src_file": "LDZOFBB099.WT", "_src_id": 1763 }, "geometry": { "type": "Point", "coordinates": [ 74.86651942851789, 39.962919445087373 ] } },
{ "type": "Feature", "properties": { "ID": 417, "FEATUREID": "OFBB099C1AJ430010020001765", "CHFCAC": "001765", "CHFCEC": "断层辅助点", "CHFCED": "53", "point_type": 0, "symbol_no": 0, "height": 2.0, "width": 2.0, "spacing": 0.2, "angle": 0.06657959520816803, "_src_file": "LDZOFBB099.WT", "_src_id": 1764 }, "geometry": { "type": "Point", "coordinates": [ 74.863827344072746, 39.96321477874865 ] } },
{ "type": "Feature", "properties": { "ID": 418, "FEATUREID": "OFBB099C1AJ430010020001766", "CHFCAC": "001766", "CHFCEC": "断层辅助点", "CHFCED": "", "point_type": 1, "symbol_no": 1894, "height": 2.25, "width": 1.5, "spacing": null, "angle": 181.02926635742188, "_src_file": "LDZOFBB099.WT", "_src_id": 1765 }, "geometry": { "type": "Point", "coordinates": [ 74.533567125687199, 39.99116651624621 ] } },
{ "type": "Feature", "properties": { "ID": 419, "FEATUREID": "OFBB099C1AJ430010020001767", "CHFCAC": "001767", "CHFCEC": "断层辅助点", "CHFCED": "76", "point_type": 0, "symbol_no": 0, "height": 2.0, "width": 2.0, "spacing": 0.2, "angle": 0.2342400997877121, "_src_file": "LDZOFBB099.WT", "_src_id": 1766 }, "geometry": { "type": "Point", "coordinates": [ 74.524671774425045, 39.986228342822393 ] } },
{ "type": "Feature", "properties": { "ID": 420, "FEATUREID": "OFBB099C1AJ430010020001768", "CHFCAC": "001768", "CHFCEC": "断层辅助点", "CHFCED": "", "point_type": 1, "symbol_no": 1894, "height": 2.25, "width": 1.5, "spacing": null, "angle": 204.09930419921875, "_src_file": "LDZOFBB099.WT", "_src_id": 1767 }, "geometry": { "type": "Point", "coordinates": [ 74.567987863550641, 39.962821440487126 ] } },
{ "type": "Feature", "properties": { "ID": 421, "FEATUREID": "OFBB099C1AJ430010020001769", "CHFCAC": "001769", "CHFCEC": "断层辅助点", "CHFCED": "50", "point_type": 0, "symbol_no": 0, "height": 2.0, "width": 2.0, "spacing": 0.2, "angle": 0.21152034401893616, "_src_file": "LDZOFBB099.WT", "_src_id": 1768 }, "geometry": { "type": "Point", "coordinates": [ 74.570567476629861, 39.961515333768268 ] } },
{ "type": "Feature", "properties": { "ID": 422, "FEATUREID": "OFBB099C1AJ430010020001770", "CHFCAC": "001770", "CHFCEC": "断层辅助点", "CHFCED": "", "point_type": 1, "symbol_no": 1894, "height": 2.25, "width": 1.5, "spacing": null, "angle": 235.06410217285156, "_src_file": "LDZOFBB099.WT", "_src_id": 1769 }, "geometry": { "type": "Point", "coordinates": [ 74.532033773704256, 39.948948540503636 ] } },
{ "type": "Feature", "properties": { "ID": 423, "FEATUREID": "OFBB099C1AJ430010020001771", "CHFCAC": "001771", "CHFCEC": "断层辅助点", "CHFCED": "52", "point_type": 0, "symbol_no": 0, "height": 2.0, "width": 2.0, "spacing": 0.2, "angle": 0.228537917137146, "_src_file": "LDZOFBB099.WT", "_src_id": 1770 }, "geometry": { "type": "Point", "coordinates": [ 74.536089644119812, 39.94388878353169 ] } },
{ "type": "Feature", "properties": { "ID": 424, "FEATUREID": "OFBB099C1AJ430010020001772", "CHFCAC": "001772", "CHFCEC": "断层辅助点", "CHFCED": "70", "point_type": 0, "symbol_no": 0, "height": 2.0, "width": 2.0, "spacing": 0.2, "angle": 0.23455482721328735, "_src_file": "LDZOFBB099.WT", "_src_id": 1771 }, "geometry": { "type": "Point", "coordinates": [ 74.523937309201983, 39.952417277163207 ] } },
{ "type": "Feature", "properties": { "ID": 425, "FEATUREID": "OFBB099C1AJ430010020001773", "CHFCAC": "001773", "CHFCEC": "断层辅助点", "CHFCED": "", "point_type": 1, "symbol_no": 1281, "height": 1.0, "width": 1.0, "spacing": null, "angle": 271.21499633789062, "_src_file": "LDZOFBB099.WT", "_src_id": 1772 }, "geometry": { "type": "Point", "coordinates": [ 74.504835022895875, 39.939075872380478 ] } },
{ "type": "Feature", "properties": { "ID": 427, "FEATUREID": "OFBB099C1AJ430010020001774", "CHFCAC": "001774", "CHFCEC": "断层辅助点", "CHFCED": "", "point_type": 1, "symbol_no": 1281, "height": 1.0, "width": 1.0, "spacing": null, "angle": 95.43182373046875, "_src_file": "LDZOFBB099.WT", "_src_id": 1773 }, "geometry": { "type": "Point", "coordinates": [ 74.518153712212566, 39.940382764357835 ] } },
{ "type": "Feature", "properties": { "ID": 429, "FEATUREID": "OFBB099C1AJ430010020001775", "CHFCAC": "001775", "CHFCEC": "断层辅助点", "CHFCED": "", "point_type": 1, "symbol_no": 1281, "height": 1.0, "width": 1.0, "spacing": null, "angle": 91.407958984375, "_src_file": "LDZOFBB099.WT", "_src_id": 1774 }, "geometry": { "type": "Point", "coordinates": [ 74.515325861109474, 39.961008957013313 ] } },
{ "type": "Feature", "properties": { "ID": 430, "FEATUREID": "OFBB099C1AJ430010020001776", "CHFCAC": "001776", "CHFCEC": "断层辅助点", "CHFCED": "", "point_type": 1, "symbol_no": 1281, "height": 1.0, "width": 1.0, "spacing": null, "angle": 22.021816253662109, "_src_file": "LDZOFBB099.WT", "_src_id": 1775 }, "geometry": { "type": "Point", "coordinates": [ 74.552591975434396, 39.96227622104022 ] } },
{ "type": "Feature", "properties": { "ID": 431, "FEATUREID": "OFBB099C1AJ430010020001777", "CHFCAC": "001777", "CHFCEC": "断层辅助点", "CHFCED": "", "point_type": 1, "symbol_no": 1281, "height": 1.0, "width": 1.0, "spacing": null, "angle": 20.762775421142578, "_src_file": "LDZOFBB099.WT", "_src_id": 1776 }, "geometry": { "type": "Point", "coordinates": [ 74.58028671296421, 39.970749278308752 ] } },
{ "type": "Feature", "properties": { "ID": 420, "FEATUREID": "OFBB099C1AJ430010020001778", "CHFCAC": "001778", "CHFCEC": "断层辅助点", "CHFCED": "", "point_type": 1, "symbol_no": 1894, "height": 2.25, "width": 1.5, "spacing": null, "angle": 274.87115478515625, "_src_file": "LDZOFBB099.WT", "_src_id": 1777 }, "geometry": { "type": "Point", "coordinates": [ 74.521637274985849, 39.951109101263633 ] } },
{ "type": "Feature", "properties": { "ID": 420, "FEATUREID": "OFBB099C1AJ430010020001779", "CHFCAC": "001779", "CHFCEC": "断层辅助点", "CHFCED": "", "point_type": 1, "symbol_no": 1894, "height": 2.25, "width": 1.5, "spacing": null, "angle": 285.229248046875, "_src_file": "LDZOFBB099.WT", "_src_id": 1778 }, "geometry": { "type": "Point", "coordinates": [ 74.497461596263477, 39.945892431436874 ] } },
{ "type": "Feature", "properties": { "ID": 449, "FEATUREID": "OFBB099C1AJ430010020001780", "CHFCAC": "001780", "CHFCEC": "断层辅助点", "CHFCED": "", "point_type": 1, "symbol_no": 1281, "height": 1.0, "width": 1.0, "spacing": null, "angle": 205.30072021484375, "_src_file": "LDZOFBB099.WT", "_src_id": 1779 }, "geometry": { "type": "Point", "coordinates": [ 74.951923584889201, 39.680962880019536 ] } },
{ "type": "Feature", "properties": { "ID": 450, "FEATUREID": "OFBB099C1AJ430010020001781", "CHFCAC": "001781", "CHFCEC": "断层辅助点", "CHFCED": "", "point_type": 1, "symbol_no": 1894, "height": 2.0, "width": 1.0, "spacing": null, "angle": 26.220724105834961, "_src_file": "LDZOFBB099.WT", "_src_id": 1780 }, "geometry": { "type": "Point", "coordinates": [ 74.956771805487477, 39.685662383624667 ] } },
{ "type": "Feature", "properties": { "ID": 461, "FEATUREID": "OFBB099C1AJ430010020001782", "CHFCAC": "001782", "CHFCEC": "断层辅助点", "CHFCED": "", "point_type": 1, "symbol_no": 1894, "height": 2.25, "width": 1.5, "spacing": null, "angle": 358.54946899414062, "_src_file": "LDZOFBB099.WT", "_src_id": 1781 }, "geometry": { "type": "Point", "coordinates": [ 74.800847216697676, 39.819606347099878 ] } },
{ "type": "Feature", "properties": { "ID": 462, "FEATUREID": "OFBB099C1AJ430010020001783", "CHFCAC": "001783", "CHFCEC": "断层辅助点", "CHFCED": "", "point_type": 1, "symbol_no": 1281, "height": 1.0, "width": 1.0, "spacing": null, "angle": 3.1133232116699219, "_src_file": "LDZOFBB099.WT", "_src_id": 1782 }, "geometry": { "type": "Point", "coordinates": [ 74.794945301875927, 39.816232591600439 ] } },
{ "type": "Feature", "properties": { "ID": 463, "FEATUREID": "OFBB099C1AJ430010020001784", "CHFCAC": "001784", "CHFCEC": "断层辅助点", "CHFCED": "", "point_type": 1, "symbol_no": 1894, "height": 2.25, "width": 1.5, "spacing": null, "angle": 138.63885498046875, "_src_file": "LDZOFBB099.WT", "_src_id": 1783 }, "geometry": { "type": "Point", "coordinates": [ 74.610733612408538, 39.785349269065314 ] } },
{ "type": "Feature", "properties": { "ID": 464, "FEATUREID": "OFBB099C1AJ430010020001785", "CHFCAC": "001785", "CHFCEC": "断层辅助点", "CHFCED": "63", "point_type": 0, "symbol_no": 0, "height": 2.0, "width": 2.0, "spacing": 0.0, "angle": 0.19531114399433136, "_src_file": "LDZOFBB099.WT", "_src_id": 1784 }, "geometry": { "type": "Point", "coordinates": [ 74.602933445538213, 39.784856439977901 ] } },
{ "type": "Feature", "properties": { "ID": 465, "FEATUREID": "OFBB099C1AJ430010020001786", "CHFCAC": "001786", "CHFCEC": "断层辅助点", "CHFCED": "73", "point_type": 0, "symbol_no": 0, "height": 2.0, "width": 2.0, "spacing": 0.0, "angle": 0.029430583119392395, "_src_file": "LDZOFBB099.WT", "_src_id": 1785 }, "geometry": { "type": "Point", "coordinates": [ 74.938959517568307, 39.877718767203355 ] } },
{ "type": "Feature", "properties": { "ID": 466, "FEATUREID": "OFBB099C1AJ430010020001787", "CHFCAC": "001787", "CHFCEC": "断层辅助点", "CHFCED": "", "point_type": 1, "symbol_no": 1894, "height": 2.25, "width": 1.5, "spacing": null, "angle": 316.49960327148438, "_src_file": "LDZOFBB099.WT", "_src_id": 1786 }, "geometry": { "type": "Point", "coordinates": [ 74.936179305871931, 39.881615752157089 ] } },
{ "type": "Feature", "properties": { "ID": 467, "FEATUREID": "OFBB099C1AJ430010020001788", "CHFCAC": "001788", "CHFCEC": "断层辅助点", "CHFCED": "", "point_type": 1, "symbol_no": 1894, "height": 2.25, "width": 1.5, "spacing": null, "angle": 310.78268432617188, "_src_file": "LDZOFBB099.WT", "_src_id": 1787 }, "geometry": { "type": "Point", "coordinates": [ 74.896174484169208, 39.905576409009029 ] } },
{ "type": "Feature", "properties": { "ID": 468, "FEATUREID": "OFBB099C1AJ430010020001789", "CHFCAC": "001789", "CHFCEC": "断层辅助点", "CHFCED": "50", "point_type": 0, "symbol_no": 0, "height": 2.0, "width": 2.0, "spacing": 0.0, "angle": 0.049741547554731369, "_src_file": "LDZOFBB099.WT", "_src_id": 1788 }, "geometry": { "type": "Point", "coordinates": [ 74.897857335905073, 39.90037125604659 ] } },
{ "type": "Feature", "properties": { "ID": 469, "FEATUREID": "OFBB099C1AJ430010020001790", "CHFCAC": "001790", "CHFCEC": "断层辅助点", "CHFCED": "50", "point_type": 0, "symbol_no": 0, "height": 2.0, "width": 2.0, "spacing": 0.0, "angle": 0.056267224252223969, "_src_file": "LDZOFBB099.WT", "_src_id": 1789 }, "geometry": { "type": "Point", "coordinates": [ 74.884647836172178, 39.898881519509231 ] } },
{ "type": "Feature", "properties": { "ID": 470, "FEATUREID": "OFBB099C1AJ430010020001791", "CHFCAC": "001791", "CHFCEC": "断层辅助点", "CHFCED": "", "point_type": 1, "symbol_no": 1894, "height": 2.25, "width": 1.5, "spacing": null, "angle": 328.11962890625, "_src_file": "LDZOFBB099.WT", "_src_id": 1790 }, "geometry": { "type": "Point", "coordinates": [ 74.880965692605557, 39.900022606310316 ] } },
{ "type": "Feature", "properties": { "ID": 471, "FEATUREID": "OFBB099C1AJ430010020001792", "CHFCAC": "001792", "CHFCEC": "断层辅助点", "CHFCED": "", "point_type": 1, "symbol_no": 1281, "height": 1.0, "width": 1.0, "spacing": null, "angle": 337.01190185546875, "_src_file": "LDZOFBB099.WT", "_src_id": 1791 }, "geometry": { "type": "Point", "coordinates": [ 74.870643404514084, 39.8994340760825 ] } },
{ "type": "Feature", "properties": { "ID": 472, "FEATUREID": "OFBB099C1AJ430010020001793", "CHFCAC": "001793", "CHFCEC": "断层辅助点", "CHFCED": "", "point_type": 1, "symbol_no": 1281, "height": 1.0, "width": 1.0, "spacing": null, "angle": 343.1961669921875, "_src_file": "LDZOFBB099.WT", "_src_id": 1792 }, "geometry": { "type": "Point", "coordinates": [ 74.88809978338233, 39.894716434392613 ] } },
{ "type": "Feature", "properties": { "ID": 473, "FEATUREID": "OFBB099C1AJ430010020001794", "CHFCAC": "001794", "CHFCEC": "断层辅助点", "CHFCED": "", "point_type": 1, "symbol_no": 1894, "height": 2.25, "width": 2.0, "spacing": null, "angle": 272.35012817382812, "_src_file": "LDZOFBB099.WT", "_src_id": 1793 }, "geometry": { "type": "Point", "coordinates": [ 74.615953889687745, 39.942014082513715 ] } },
{ "type": "Feature", "properties": { "ID": 421, "FEATUREID": "OFBB099C1AJ430010020001795", "CHFCAC": "001795", "CHFCEC": "断层辅助点", "CHFCED": "68", "point_type": 0, "symbol_no": 0, "height": 2.0, "width": 2.0, "spacing": 0.2, "angle": 0.190007284283638, "_src_file": "LDZOFBB099.WT", "_src_id": 1794 }, "geometry": { "type": "Point", "coordinates": [ 74.614053412361997, 39.943299735351914 ] } },
{ "type": "Feature", "properties": { "ID": 725, "FEATUREID": "OFBB099C1AJ430010020001796", "CHFCAC": "001796", "CHFCEC": "断层辅助点", "CHFCED": "70", "point_type": 0, "symbol_no": 0, "height": 2.0, "width": 2.0, "spacing": 0.0, "angle": 0.15602102875709534, "_src_file": "LDZOFBB099.WT", "_src_id": 1795 }, "geometry": { "type": "Point", "coordinates": [ 74.682279607408034, 39.666067985985407 ] } },
{ "type": "Feature", "properties": { "ID": 726, "FEATUREID": "OFBB099C1AJ430010020001797", "CHFCAC": "001797", "CHFCEC": "断层辅助点", "CHFCED": "", "point_type": 1, "symbol_no": 1894, "height": 2.25, "width": 1.5, "spacing": null, "angle": 158.96272277832031, "_src_file": "LDZOFBB099.WT", "_src_id": 1796 }, "geometry": { "type": "Point", "coordinates": [ 74.680727053877106, 39.670163413410485 ] } },
{ "type": "Feature", "properties": { "ID": 431, "FEATUREID": "OFBB099C1AJ430010020001798", "CHFCAC": "001798", "CHFCEC": "断层辅助点", "CHFCED": "", "point_type": 1, "symbol_no": 1281, "height": 1.0, "width": 1.0, "spacing": null, "angle": 0.23298215866088867, "_src_file": "LDZOFBB099.WT", "_src_id": 1797 }, "geometry": { "type": "Point", "coordinates": [ 74.527239168821765, 39.994587035612035 ] } },
{ "type": "Feature", "properties": { "ID": 431, "FEATUREID": "OFBB099C1AJ430010020001799", "CHFCAC": "001799", "CHFCEC": "断层辅助点", "CHFCED": "", "point_type": 1, "symbol_no": 1281, "height": 1.0, "width": 1.0, "spacing": null, "angle": 0.22798597812652588, "_src_file": "LDZOFBB099.WT", "_src_id": 1798 }, "geometry": { "type": "Point", "coordinates": [ 74.537347419325471, 39.994910722841261 ] } },
{ "type": "Feature", "properties": { "ID": 420, "FEATUREID": "OFBB099C1AJ430010020001800", "CHFCAC": "001800", "CHFCEC": "断层辅助点", "CHFCED": "", "point_type": 1, "symbol_no": 1894, "height": 2.25, "width": 1.5, "spacing": null, "angle": 177.23066711425781, "_src_file": "LDZOFBB099.WT", "_src_id": 1799 }, "geometry": { "type": "Point", "coordinates": [ 74.645073790687363, 39.9787000689835 ] } },
{ "type": "Feature", "properties": { "ID": 421, "FEATUREID": "OFBB099C1AJ430010020001801", "CHFCAC": "001801", "CHFCEC": "断层辅助点", "CHFCED": "50", "point_type": 0, "symbol_no": 0, "height": 2.0, "width": 2.0, "spacing": 0.2, "angle": 0.17905284464359283, "_src_file": "LDZOFBB099.WT", "_src_id": 1800 }, "geometry": { "type": "Point", "coordinates": [ 74.636289311430389, 39.976139442739488 ] } },
{ "type": "Feature", "properties": { "ID": 792, "FEATUREID": "OFBB099C1AJ430010020001802", "CHFCAC": "001802", "CHFCEC": "断层辅助点", "CHFCED": "", "point_type": 1, "symbol_no": 1281, "height": 1.0, "width": 1.0, "spacing": null, "angle": 154.45942687988281, "_src_file": "LDZOFBB099.WT", "_src_id": 1801 }, "geometry": { "type": "Point", "coordinates": [ 74.959274341125521, 39.791106423212327 ] } },
{ "type": "Feature", "properties": { "ID": 793, "FEATUREID": "OFBB099C1AJ430010020001803", "CHFCAC": "001803", "CHFCEC": "断层辅助点", "CHFCED": "", "point_type": 1, "symbol_no": 1281, "height": 1.0, "width": 1.0, "spacing": null, "angle": 163.83424377441406, "_src_file": "LDZOFBB099.WT", "_src_id": 1802 }, "geometry": { "type": "Point", "coordinates": [ 74.951032690051392, 39.794873983454949 ] } },
{ "type": "Feature", "properties": { "ID": 466, "FEATUREID": "OFBB099C1AJ430010020001804", "CHFCAC": "001804", "CHFCEC": "断层辅助点", "CHFCED": "", "point_type": 1, "symbol_no": 1894, "height": 2.25, "width": 1.5, "spacing": null, "angle": 325.8603515625, "_src_file": "LDZOFBB099.WT", "_src_id": 1803 }, "geometry": { "type": "Point", "coordinates": [ 74.957960876833027, 39.795903017798388 ] } },
{ "type": "Feature", "properties": { "ID": 469, "FEATUREID": "OFBB099C1AJ430010020001805", "CHFCAC": "001805", "CHFCEC": "断层辅助点", "CHFCED": "55", "point_type": 0, "symbol_no": 0, "height": 2.0, "width": 2.0, "spacing": 0.0, "angle": 0.018981313332915306, "_src_file": "LDZOFBB099.WT", "_src_id": 1804 }, "geometry": { "type": "Point", "coordinates": [ 74.960096045061022, 39.792657881173632 ] } },
{ "type": "Feature", "properties": { "ID": 449, "FEATUREID": "OFBB099C1AJ430010020001806", "CHFCAC": "001806", "CHFCEC": "断层辅助点", "CHFCED": "", "point_type": 1, "symbol_no": 1281, "height": 1.0, "width": 1.0, "spacing": null, "angle": 188.60102844238281, "_src_file": "LDZOFBB099.WT", "_src_id": 1805 }, "geometry": { "type": "Point", "coordinates": [ 74.963257678714896, 39.683629611661985 ] } },
{ "type": "Feature", "properties": { "ID": 469, "FEATUREID": "OFBB099C1AJ430010020001807", "CHFCAC": "001807", "CHFCEC": "断层辅助点", "CHFCED": "55", "point_type": 0, "symbol_no": 0, "height": 2.0, "width": 2.0, "spacing": 0.0, "angle": 0.020735291764140129, "_src_file": "LDZOFBB099.WT", "_src_id": 1806 }, "geometry": { "type": "Point", "coordinates": [ 74.956515480171177, 39.687212505171331 ] } },
{ "type": "Feature", "properties": { "ID": 462, "FEATUREID": "OFBB099C1AJ430010020001808", "CHFCAC": "001808", "CHFCEC": "断层辅助点", "CHFCED": "", "point_type": 1, "symbol_no": 1281, "height": 1.0, "width": 1.0, "spacing": null, "angle": 3.10805344581604, "_src_file": "LDZOFBB099.WT", "_src_id": 1807 }, "geometry": { "type": "Point", "coordinates": [ 74.805617628479624, 39.816398185546312 ] } },
{ "type": "Feature", "properties": { "ID": 462, "FEATUREID": "OFBB099C1AJ430010020001809", "CHFCAC": "001809", "CHFCEC": "断层辅助点", "CHFCED": "", "point_type": 1, "symbol_no": 1281, "height": 1.0, "width": 1.0, "spacing": null, "angle": 317.91964721679688, "_src_file": "LDZOFBB099.WT", "_src_id": 1808 }, "geometry": { "type": "Point", "coordinates": [ 74.606968681461936, 39.793040430548395 ] } },
{ "type": "Feature", "properties": { "ID": 462, "FEATUREID": "OFBB099C1AJ430010020001810", "CHFCAC": "001810", "CHFCEC": "断层辅助点", "CHFCED": "", "point_type": 1, "symbol_no": 1281, "height": 1.0, "width": 1.0, "spacing": null, "angle": 318.55331420898438, "_src_file": "LDZOFBB099.WT", "_src_id": 1809 }, "geometry": { "type": "Point", "coordinates": [ 74.620039619720586, 39.78451850491448 ] } },
{ "type": "Feature", "properties": { "ID": 826, "FEATUREID": "OFBB099C1AJ430010020001811", "CHFCAC": "001811", "CHFCEC": "断层辅助点", "CHFCED": "", "point_type": 1, "symbol_no": 1281, "height": 1.0, "width": 1.0, "spacing": null, "angle": 199.33615112304688, "_src_file": "LDZOFBB099.WT", "_src_id": 1810 }, "geometry": { "type": "Point", "coordinates": [ 74.507245440781503, 39.851545175637547 ] } },
{ "type": "Feature", "properties": { "ID": 827, "FEATUREID": "OFBB099C1AJ430010020001812", "CHFCAC": "001812", "CHFCEC": "断层辅助点", "CHFCED": "", "point_type": 1, "symbol_no": 1281, "height": 1.0, "width": 1.0, "spacing": null, "angle": 203.66450500488281, "_src_file": "LDZOFBB099.WT", "_src_id": 1811 }, "geometry": { "type": "Point", "coordinates": [ 74.521102728521981, 39.854599935559854 ] } },
{ "type": "Feature", "properties": { "ID": 829, "FEATUREID": "OFBB099C1AJ430010020001813", "CHFCAC": "001813", "CHFCEC": "断层辅助点", "CHFCED": "", "point_type": 1, "symbol_no": 1894, "height": 2.25, "width": 1.5, "spacing": null, "angle": 10.321635246276855, "_src_file": "LDZOFBB099.WT", "_src_id": 1812 }, "geometry": { "type": "Point", "coordinates": [ 74.510535451474738, 39.855923153768998 ] } },
{ "type": "Feature", "properties": { "ID": 469, "FEATUREID": "OFBB099C1AJ430010020001814", "CHFCAC": "001814", "CHFCEC": "断层辅助点", "CHFCED": "60", "point_type": 0, "symbol_no": 0, "height": 2.0, "width": 2.0, "spacing": 0.0, "angle": 0.24574188888072968, "_src_file": "LDZOFBB099.WT", "_src_id": 1813 }, "geometry": { "type": "Point", "coordinates": [ 74.501007934295231, 39.855042901611704 ] } },
{ "type": "Feature", "properties": { "ID": 190, "FEATUREID": "OFBB099C1AJ430010020001815", "CHFCAC": "001815", "CHFCEC": "断层辅助点", "CHFCED": "", "point_type": 1, "symbol_no": 1281, "height": 1.0, "width": 1.0, "spacing": null, "angle": 148.72711181640625, "_src_file": "LDZOFBB099.WT", "_src_id": 1814 }, "geometry": { "type": "Point", "coordinates": [ 73.827068265538742, 39.196800019182525 ] } },
{ "type": "Feature", "properties": { "ID": 191, "FEATUREID": "OFBB099C1AJ430010020001816", "CHFCAC": "001816", "CHFCEC": "断层辅助点", "CHFCED": "", "point_type": 1, "symbol_no": 1281, "height": 1.0, "width": 1.0, "spacing": null, "angle": 143.85533142089844, "_src_file": "LDZOFBB099.WT", "_src_id": 1815 }, "geometry": { "type": "Point", "coordinates": [ 73.840447089678463, 39.189842088484752 ] } },
{ "type": "Feature", "properties": { "ID": 193, "FEATUREID": "OFBB099C1AJ430010020001817", "CHFCAC": "001817", "CHFCEC": "断层辅助点", "CHFCED": "", "point_type": 1, "symbol_no": 1894, "height": 2.25, "width": 1.5, "spacing": null, "angle": 139.71832275390625, "_src_file": "LDZOFBB099.WT", "_src_id": 1816 }, "geometry": { "type": "Point", "coordinates": [ 73.832027791780959, 39.193185886719334 ] } },
{ "type": "Feature", "properties": { "ID": 194, "FEATUREID": "OFBB099C1AJ430010020001818", "CHFCAC": "001818", "CHFCEC": "断层辅助点", "CHFCED": "70", "point_type": 0, "symbol_no": 0, "height": 2.0, "width": 2.0, "spacing": 0.2, "angle": 0.57360780239105225, "_src_file": "LDZOFBB099.WT", "_src_id": 1817 }, "geometry": { "type": "Point", "coordinates": [ 73.832155495972884, 39.187132841817643 ] } },
{ "type": "Feature", "properties": { "ID": 232, "FEATUREID": "OFBB099C1AJ430010020001819", "CHFCAC": "001819", "CHFCEC": "断层辅助点", "CHFCED": "", "point_type": 1, "symbol_no": 1894, "height": 2.25, "width": 1.5, "spacing": null, "angle": 6.0710644721984863, "_src_file": "LDZOFBB099.WT", "_src_id": 1818 }, "geometry": { "type": "Point", "coordinates": [ 74.615639793693617, 39.44111405841641 ] } },
{ "type": "Feature", "properties": { "ID": 234, "FEATUREID": "OFBB099C1AJ430010020001820", "CHFCAC": "001820", "CHFCEC": "断层辅助点", "CHFCED": "", "point_type": 1, "symbol_no": 1281, "height": 1.0, "width": 1.0, "spacing": null, "angle": 303.77395629882812, "_src_file": "LDZOFBB099.WT", "_src_id": 1819 }, "geometry": { "type": "Point", "coordinates": [ 74.828111091435929, 39.34307893776235 ] } },
{ "type": "Feature", "properties": { "ID": 235, "FEATUREID": "OFBB099C1AJ430010020001821", "CHFCAC": "001821", "CHFCEC": "断层辅助点", "CHFCED": "", "point_type": 1, "symbol_no": 1894, "height": 2.25, "width": 1.5, "spacing": null, "angle": 144.49757385253906, "_src_file": "LDZOFBB099.WT", "_src_id": 1820 }, "geometry": { "type": "Point", "coordinates": [ 74.66828517823842, 39.354419565404015 ] } },
{ "type": "Feature", "properties": { "ID": 236, "FEATUREID": "OFBB099C1AJ430010020001822", "CHFCAC": "001822", "CHFCEC": "断层辅助点", "CHFCED": "", "point_type": 1, "symbol_no": 1894, "height": 2.25, "width": 1.5, "spacing": null, "angle": 160.73866271972656, "_src_file": "LDZOFBB099.WT", "_src_id": 1821 }, "geometry": { "type": "Point", "coordinates": [ 74.704723853417335, 39.347555115239068 ] } },
{ "type": "Feature", "properties": { "ID": 237, "FEATUREID": "OFBB099C1AJ430010020001823", "CHFCAC": "001823", "CHFCEC": "断层辅助点", "CHFCED": "78", "point_type": 0, "symbol_no": 0, "height": 2.0, "width": 2.0, "spacing": 0.2, "angle": 0.16716711223125458, "_src_file": "LDZOFBB099.WT", "_src_id": 1822 }, "geometry": { "type": "Point", "coordinates": [ 74.658983062524655, 39.352741119048346 ] } },
{ "type": "Feature", "properties": { "ID": 237, "FEATUREID": "OFBB099C1AJ430010020001824", "CHFCAC": "001824", "CHFCEC": "断层辅助点", "CHFCED": "68", "point_type": 0, "symbol_no": 0, "height": 2.0, "width": 2.0, "spacing": 0.2, "angle": 0.14892435073852539, "_src_file": "LDZOFBB099.WT", "_src_id": 1823 }, "geometry": { "type": "Point", "coordinates": [ 74.696024054948197, 39.344527645220353 ] } },
{ "type": "Feature", "properties": { "ID": 240, "FEATUREID": "OFBB099C1AJ430010020001825", "CHFCAC": "001825", "CHFCEC": "断层辅助点", "CHFCED": "", "point_type": 1, "symbol_no": 1894, "height": 2.25, "width": 1.5, "spacing": null, "angle": 305.68756103515625, "_src_file": "LDZOFBB099.WT", "_src_id": 1824 }, "geometry": { "type": "Point", "coordinates": [ 74.858443817313457, 39.515361553138661 ] } },
{ "type": "Feature", "properties": { "ID": 242, "FEATUREID": "OFBB099C1AJ430010020001826", "CHFCAC": "001826", "CHFCEC": "断层辅助点", "CHFCED": "68", "point_type": 0, "symbol_no": 0, "height": 2.0, "width": 2.0, "spacing": 0.2, "angle": 0.067197263240814209, "_src_file": "LDZOFBB099.WT", "_src_id": 1825 }, "geometry": { "type": "Point", "coordinates": [ 74.862195161849996, 39.511301976545347 ] } },
{ "type": "Feature", "properties": { "ID": 243, "FEATUREID": "OFBB099C1AJ430010020001827", "CHFCAC": "001827", "CHFCEC": "断层辅助点", "CHFCED": "", "point_type": 1, "symbol_no": 1894, "height": 2.25, "width": 1.5, "spacing": null, "angle": 170.33171081542969, "_src_file": "LDZOFBB099.WT", "_src_id": 1826 }, "geometry": { "type": "Point", "coordinates": [ 74.692323958545984, 39.617788022159843 ] } },
{ "type": "Feature", "properties": { "ID": 245, "FEATUREID": "OFBB099C1AJ430010020001828", "CHFCAC": "001828", "CHFCEC": "断层辅助点", "CHFCED": "", "point_type": 1, "symbol_no": 1281, "height": 1.0, "width": 1.0, "spacing": null, "angle": 343.05096435546875, "_src_file": "LDZOFBB099.WT", "_src_id": 1827 }, "geometry": { "type": "Point", "coordinates": [ 74.686918220696299, 39.622197582381048 ] } },
{ "type": "Feature", "properties": { "ID": 246, "FEATUREID": "OFBB099C1AJ430010020001829", "CHFCAC": "001829", "CHFCEC": "断层辅助点", "CHFCED": "", "point_type": 1, "symbol_no": 1281, "height": 1.0, "width": 1.0, "spacing": null, "angle": 344.89334106445312, "_src_file": "LDZOFBB099.WT", "_src_id": 1828 }, "geometry": { "type": "Point", "coordinates": [ 74.697481251229561, 39.620796862341159 ] } },
{ "type": "Feature", "properties": { "ID": 247, "FEATUREID": "OFBB099C1AJ430010020001830", "CHFCAC": "001830", "CHFCEC": "断层辅助点", "CHFCED": "", "point_type": 1, "symbol_no": 1894, "height": 2.25, "width": 1.5, "spacing": null, "angle": 270.018310546875, "_src_file": "LDZOFBB099.WT", "_src_id": 1829 }, "geometry": { "type": "Point", "coordinates": [ 74.961397925044778, 39.567610827786154 ] } },
{ "type": "Feature", "properties": { "ID": 249, "FEATUREID": "OFBB099C1AJ430010020001831", "CHFCAC": "001831", "CHFCEC": "断层辅助点", "CHFCED": "", "point_type": 1, "symbol_no": 1894, "height": 2.25, "width": 1.5, "spacing": null, "angle": 355.07080078125, "_src_file": "LDZOFBB099.WT", "_src_id": 1830 }, "geometry": { "type": "Point", "coordinates": [ 74.82817936186153, 39.452357038435252 ] } },
{ "type": "Feature", "properties": { "ID": 251, "FEATUREID": "OFBB099C1AJ430010020001832", "CHFCAC": "001832", "CHFCEC": "断层辅助点", "CHFCED": "73", "point_type": 0, "symbol_no": 0, "height": 2.0, "width": 2.0, "spacing": 0.2, "angle": 0.083383373916149139, "_src_file": "LDZOFBB099.WT", "_src_id": 1831 }, "geometry": { "type": "Point", "coordinates": [ 74.8292870955936, 39.453388156740701 ] } },
{ "type": "Feature", "properties": { "ID": 272, "FEATUREID": "OFBB099C1AJ430010020001833", "CHFCAC": "001833", "CHFCEC": "断层辅助点", "CHFCED": "50", "point_type": 0, "symbol_no": 0, "height": 2.0, "width": 2.0, "spacing": 0.2, "angle": 0.15599668025970459, "_src_file": "LDZOFBB099.WT", "_src_id": 1832 }, "geometry": { "type": "Point", "coordinates": [ 74.68222376848189, 39.615282564007138 ] } },
{ "type": "Feature", "properties": { "ID": 232, "FEATUREID": "OFBB099C1AJ430010020001834", "CHFCAC": "001834", "CHFCEC": "断层辅助点", "CHFCED": "", "point_type": 1, "symbol_no": 1894, "height": 2.25, "width": 1.5, "spacing": null, "angle": 141.37098693847656, "_src_file": "LDZOFBB099.WT", "_src_id": 1833 }, "geometry": { "type": "Point", "coordinates": [ 74.543715662953005, 39.653651568059971 ] } },
{ "type": "Feature", "properties": { "ID": 329, "FEATUREID": "OFBB099C1AJ430010020001835", "CHFCAC": "001835", "CHFCEC": "断层辅助点", "CHFCED": "72", "point_type": 0, "symbol_no": 0, "height": 2.0, "width": 2.0, "spacing": 0.2, "angle": 0.22842881083488464, "_src_file": "LDZOFBB099.WT", "_src_id": 1834 }, "geometry": { "type": "Point", "coordinates": [ 74.535467462583085, 39.652935741556618 ] } },
{ "type": "Feature", "properties": { "ID": 245, "FEATUREID": "OFBB099C1AJ430010020001836", "CHFCAC": "001836", "CHFCEC": "断层辅助点", "CHFCED": "", "point_type": 1, "symbol_no": 1281, "height": 1.0, "width": 1.0, "spacing": null, "angle": 315.21994018554688, "_src_file": "LDZOFBB099.WT", "_src_id": 1835 }, "geometry": { "type": "Point", "coordinates": [ 74.552677144863637, 39.653071065976107 ] } },
{ "type": "Feature", "properties": { "ID": 245, "FEATUREID": "OFBB099C1AJ430010020001837", "CHFCAC": "001837", "CHFCEC": "断层辅助点", "CHFCED": "", "point_type": 1, "symbol_no": 1281, "height": 1.0, "width": 1.0, "spacing": null, "angle": 315.22494506835938, "_src_file": "LDZOFBB099.WT", "_src_id": 1836 }, "geometry": { "type": "Point", "coordinates": [ 74.542553098563005, 39.659292213178958 ] } },
{ "type": "Feature", "properties": { "ID": 329, "FEATUREID": "OFBB099C1AJ430010020001838", "CHFCAC": "001838", "CHFCEC": "断层辅助点", "CHFCED": "74", "point_type": 0, "symbol_no": 0, "height": 2.0, "width": 2.0, "spacing": 0.2, "angle": 0.18773895502090454, "_src_file": "LDZOFBB099.WT", "_src_id": 1837 }, "geometry": { "type": "Point", "coordinates": [ 74.617427081768994, 39.441641326622261 ] } },
{ "type": "Feature", "properties": { "ID": 421, "FEATUREID": "OFBB099C1AJ430010020001839", "CHFCAC": "001839", "CHFCEC": "断层辅助点", "CHFCED": "", "point_type": 1, "symbol_no": 239, "height": 3.0, "width": 3.0, "spacing": null, "angle": 271.34902954101562, "_src_file": "LDZOFBB099.WT", "_src_id": 1838 }, "geometry": { "type": "Point", "coordinates": [ 74.964401615674333, 39.530493949859938 ] } },
{ "type": "Feature", "properties": { "ID": 421, "FEATUREID": "OFBB099C1AJ430010020001840", "CHFCAC": "001840", "CHFCEC": "断层辅助点", "CHFCED": "", "point_type": 1, "symbol_no": 239, "height": 3.0, "width": 3.0, "spacing": null, "angle": 88.598480224609375, "_src_file": "LDZOFBB099.WT", "_src_id": 1839 }, "geometry": { "type": "Point", "coordinates": [ 74.9604420493052, 39.580182061245118 ] } },
{ "type": "Feature", "properties": { "ID": 416, "FEATUREID": "OFBB099C1AJ430010020001841", "CHFCAC": "001841", "CHFCEC": "断层辅助点", "CHFCED": "", "point_type": 1, "symbol_no": 238, "height": 3.0, "width": 3.0, "spacing": null, "angle": 116.57123565673828, "_src_file": "LDZOFBB099.WT", "_src_id": 1840 }, "geometry": { "type": "Point", "coordinates": [ 74.985903144773644, 39.53866658633337 ] } },
{ "type": "Feature", "properties": { "ID": 416, "FEATUREID": "OFBB099C1AJ430010020001842", "CHFCAC": "001842", "CHFCEC": "断层辅助点", "CHFCED": "", "point_type": 1, "symbol_no": 238, "height": 3.0, "width": 3.0, "spacing": null, "angle": 286.86209106445312, "_src_file": "LDZOFBB099.WT", "_src_id": 1841 }, "geometry": { "type": "Point", "coordinates": [ 74.991026162841308, 39.530936678546425 ] } },
{ "type": "Feature", "properties": { "ID": 245, "FEATUREID": "OFBB099C1AJ430010020001843", "CHFCAC": "001843", "CHFCEC": "断层辅助点", "CHFCED": "", "point_type": 1, "symbol_no": 1281, "height": 1.0, "width": 1.0, "spacing": null, "angle": 328.75201416015625, "_src_file": "LDZOFBB099.WT", "_src_id": 1842 }, "geometry": { "type": "Point", "coordinates": [ 74.834677770439328, 39.448344595183308 ] } },
{ "type": "Feature", "properties": { "ID": 245, "FEATUREID": "OFBB099C1AJ430010020001844", "CHFCAC": "001844", "CHFCEC": "断层辅助点", "CHFCED": "", "point_type": 1, "symbol_no": 1281, "height": 1.0, "width": 1.0, "spacing": null, "angle": 28.898523330688477, "_src_file": "LDZOFBB099.WT", "_src_id": 1843 }, "geometry": { "type": "Point", "coordinates": [ 74.820453355026402, 39.447373371911077 ] } },
{ "type": "Feature", "properties": { "ID": 234, "FEATUREID": "OFBB099C1AJ430010020001845", "CHFCAC": "001845", "CHFCEC": "断层辅助点", "CHFCED": "", "point_type": 1, "symbol_no": 1281, "height": 1.0, "width": 1.0, "spacing": null, "angle": 334.5294189453125, "_src_file": "LDZOFBB099.WT", "_src_id": 1844 }, "geometry": { "type": "Point", "coordinates": [ 74.816974625759798, 39.347804118080631 ] } },
{ "type": "Feature", "properties": { "ID": 236, "FEATUREID": "OFBB099C1AJ430010020001846", "CHFCAC": "001846", "CHFCEC": "断层辅助点", "CHFCED": "", "point_type": 1, "symbol_no": 1894, "height": 2.25, "width": 1.5, "spacing": null, "angle": 152.03157043457031, "_src_file": "LDZOFBB099.WT", "_src_id": 1845 }, "geometry": { "type": "Point", "coordinates": [ 74.820338991474003, 39.342571792705087 ] } },
{ "type": "Feature", "properties": { "ID": 237, "FEATUREID": "OFBB099C1AJ430010020001847", "CHFCAC": "001847", "CHFCEC": "断层辅助点", "CHFCED": "50", "point_type": 0, "symbol_no": 0, "height": 2.0, "width": 2.0, "spacing": 0.2, "angle": 0.092722989618778229, "_src_file": "LDZOFBB099.WT", "_src_id": 1846 }, "geometry": { "type": "Point", "coordinates": [ 74.810181397953343, 39.338229152217096 ] } },
{ "type": "Feature", "properties": { "ID": 106, "FEATUREID": "OFBB099C1AJ430010020001848", "CHFCAC": "001848", "CHFCEC": "断层辅助点", "CHFCED": "", "point_type": 1, "symbol_no": 1894, "height": 2.25, "width": 1.5, "spacing": null, "angle": 49.273090362548828, "_src_file": "LDZOFBB099.WT", "_src_id": 1847 }, "geometry": { "type": "Point", "coordinates": [ 73.966633015559779, 39.651238190690123 ] } },
{ "type": "Feature", "properties": { "ID": 107, "FEATUREID": "OFBB099C1AJ430010020001849", "CHFCAC": "001849", "CHFCEC": "断层辅助点", "CHFCED": "70", "point_type": 0, "symbol_no": 0, "height": 2.0, "width": 2.0, "spacing": 0.0, "angle": 0.5101010799407959, "_src_file": "LDZOFBB099.WT", "_src_id": 1848 }, "geometry": { "type": "Point", "coordinates": [ 73.964527874848258, 39.653230544426336 ] } },
{ "type": "Feature", "properties": { "ID": 109, "FEATUREID": "OFBB099C1AJ430010020001850", "CHFCAC": "001850", "CHFCEC": "断层辅助点", "CHFCED": "", "point_type": 1, "symbol_no": 1281, "height": 1.0, "width": 1.0, "spacing": null, "angle": 226.01171875, "_src_file": "LDZOFBB099.WT", "_src_id": 1849 }, "geometry": { "type": "Point", "coordinates": [ 73.975533720566901, 39.655690427985711 ] } },
{ "type": "Feature", "properties": { "ID": 110, "FEATUREID": "OFBB099C1AJ430010020001851", "CHFCAC": "001851", "CHFCEC": "断层辅助点", "CHFCED": "", "point_type": 1, "symbol_no": 1281, "height": 1.0, "width": 1.0, "spacing": null, "angle": 232.091552734375, "_src_file": "LDZOFBB099.WT", "_src_id": 1850 }, "geometry": { "type": "Point", "coordinates": [ 73.965461183698153, 39.643565038881576 ] } },
{ "type": "Feature", "properties": { "ID": 113, "FEATUREID": "OFBB099C1AJ430010020001852", "CHFCAC": "001852", "CHFCEC": "断层辅助点", "CHFCED": "", "point_type": 1, "symbol_no": 1281, "height": 1.0, "width": 1.0, "spacing": null, "angle": 181.17922973632812, "_src_file": "LDZOFBB099.WT", "_src_id": 1851 }, "geometry": { "type": "Point", "coordinates": [ 73.989224997701768, 39.424884577827477 ] } },
{ "type": "Feature", "properties": { "ID": 114, "FEATUREID": "OFBB099C1AJ430010020001853", "CHFCAC": "001853", "CHFCEC": "断层辅助点", "CHFCED": "", "point_type": 1, "symbol_no": 1281, "height": 1.0, "width": 1.0, "spacing": null, "angle": 181.80708312988281, "_src_file": "LDZOFBB099.WT", "_src_id": 1852 }, "geometry": { "type": "Point", "coordinates": [ 73.97305778733535, 39.424438157437613 ] } },
{ "type": "Feature", "properties": { "ID": 115, "FEATUREID": "OFBB099C1AJ430010020001854", "CHFCAC": "001854", "CHFCEC": "断层辅助点", "CHFCED": "", "point_type": 1, "symbol_no": 1894, "height": 2.25, "width": 1.5, "spacing": null, "angle": 2.057513952255249, "_src_file": "LDZOFBB099.WT", "_src_id": 1853 }, "geometry": { "type": "Point", "coordinates": [ 73.981573357964763, 39.428179305830454 ] } },
{ "type": "Feature", "properties": { "ID": 116, "FEATUREID": "OFBB099C1AJ430010020001855", "CHFCAC": "001855", "CHFCEC": "断层辅助点", "CHFCED": "50", "point_type": 0, "symbol_no": 0, "height": 2.0, "width": 2.0, "spacing": 0.0, "angle": 0.50047308206558228, "_src_file": "LDZOFBB099.WT", "_src_id": 1854 }, "geometry": { "type": "Point", "coordinates": [ 73.982526905603919, 39.426955094500308 ] } },
{ "type": "Feature", "properties": { "ID": 117, "FEATUREID": "OFBB099C1AJ430010020001856", "CHFCAC": "001856", "CHFCEC": "断层辅助点", "CHFCED": "20", "point_type": 0, "symbol_no": 0, "height": 2.0, "width": 2.0, "spacing": 0.0, "angle": 0.50080573558807373, "_src_file": "LDZOFBB099.WT", "_src_id": 1855 }, "geometry": { "type": "Point", "coordinates": [ 73.981776966422899, 39.416063234468886 ] } },
{ "type": "Feature", "properties": { "ID": 119, "FEATUREID": "OFBB099C1AJ430010020001857", "CHFCAC": "001857", "CHFCEC": "断层辅助点", "CHFCED": "", "point_type": 1, "symbol_no": 1894, "height": 2.25, "width": 1.5, "spacing": null, "angle": 6.8890552520751953, "_src_file": "LDZOFBB099.WT", "_src_id": 1856 }, "geometry": { "type": "Point", "coordinates": [ 73.979481571039585, 39.416695143516428 ] } },
{ "type": "Feature", "properties": { "ID": 120, "FEATUREID": "OFBB099C1AJ430010020001858", "CHFCAC": "001858", "CHFCEC": "断层辅助点", "CHFCED": "", "point_type": 1, "symbol_no": 1894, "height": 2.25, "width": 1.5, "spacing": null, "angle": 11.108803749084473, "_src_file": "LDZOFBB099.WT", "_src_id": 1857 }, "geometry": { "type": "Point", "coordinates": [ 73.967715375531739, 39.391412112575132 ] } },
{ "type": "Feature", "properties": { "ID": 121, "FEATUREID": "OFBB099C1AJ430010020001859", "CHFCAC": "001859", "CHFCEC": "断层辅助点", "CHFCED": "", "point_type": 1, "symbol_no": 1281, "height": 1.0, "width": 1.0, "spacing": null, "angle": 186.13919067382812, "_src_file": "LDZOFBB099.WT", "_src_id": 1858 }, "geometry": { "type": "Point", "coordinates": [ 73.97662104327388, 39.389043144986125 ] } },
{ "type": "Feature", "properties": { "ID": 122, "FEATUREID": "OFBB099C1AJ430010020001860", "CHFCAC": "001860", "CHFCEC": "断层辅助点", "CHFCED": "", "point_type": 1, "symbol_no": 1281, "height": 1.0, "width": 1.0, "spacing": null, "angle": 186.85072326660156, "_src_file": "LDZOFBB099.WT", "_src_id": 1859 }, "geometry": { "type": "Point", "coordinates": [ 73.961832873941262, 39.387453073606665 ] } },
{ "type": "Feature", "properties": { "ID": 123, "FEATUREID": "OFBB099C1AJ430010020001861", "CHFCAC": "001861", "CHFCEC": "断层辅助点", "CHFCED": "25", "point_type": 0, "symbol_no": 0, "height": 2.0, "width": 2.0, "spacing": 0.0, "angle": 0.50668585300445557, "_src_file": "LDZOFBB099.WT", "_src_id": 1860 }, "geometry": { "type": "Point", "coordinates": [ 73.969663463955627, 39.39062527710815 ] } },
{ "type": "Feature", "properties": { "ID": 214, "FEATUREID": "OFBB099C1AJ430010020001862", "CHFCAC": "001862", "CHFCEC": "断层辅助点", "CHFCED": "", "point_type": 1, "symbol_no": 1281, "height": 1.0, "width": 1.0, "spacing": null, "angle": 356.8751220703125, "_src_file": "LDZOFBB099.WT", "_src_id": 1861 }, "geometry": { "type": "Point", "coordinates": [ 74.081792983298172, 39.391308923482931 ] } },
{ "type": "Feature", "properties": { "ID": 215, "FEATUREID": "OFBB099C1AJ430010020001863", "CHFCAC": "001863", "CHFCEC": "断层辅助点", "CHFCED": "", "point_type": 1, "symbol_no": 1281, "height": 1.0, "width": 1.0, "spacing": null, "angle": 0.44578316807746887, "_src_file": "LDZOFBB099.WT", "_src_id": 1862 }, "geometry": { "type": "Point", "coordinates": [ 74.093323662102875, 39.391737350611464 ] } },
{ "type": "Feature", "properties": { "ID": 218, "FEATUREID": "OFBB099C1AJ430010020001864", "CHFCAC": "001864", "CHFCEC": "断层辅助点", "CHFCED": "", "point_type": 1, "symbol_no": 1894, "height": 2.25, "width": 1.5, "spacing": null, "angle": 180.44876098632812, "_src_file": "LDZOFBB099.WT", "_src_id": 1863 }, "geometry": { "type": "Point", "coordinates": [ 74.087243171932386, 39.38839906963171 ] } },
{ "type": "Feature", "properties": { "ID": 219, "FEATUREID": "OFBB099C1AJ430010020001865", "CHFCAC": "001865", "CHFCEC": "断层辅助点", "CHFCED": "", "point_type": 1, "symbol_no": 1894, "height": 2.25, "width": 1.5, "spacing": null, "angle": 190.39015197753906, "_src_file": "LDZOFBB099.WT", "_src_id": 1864 }, "geometry": { "type": "Point", "coordinates": [ 74.132787797483928, 39.391501088845622 ] } },
{ "type": "Feature", "properties": { "ID": 215, "FEATUREID": "OFBB099C1AJ430010020001866", "CHFCAC": "001866", "CHFCEC": "断层辅助点", "CHFCED": "", "point_type": 1, "symbol_no": 1281, "height": 1.0, "width": 1.0, "spacing": null, "angle": 0.42906084656715393, "_src_file": "LDZOFBB099.WT", "_src_id": 1865 }, "geometry": { "type": "Point", "coordinates": [ 74.127284837679596, 39.393131132862997 ] } },
{ "type": "Feature", "properties": { "ID": 214, "FEATUREID": "OFBB099C1AJ430010020001867", "CHFCAC": "001867", "CHFCEC": "断层辅助点", "CHFCED": "", "point_type": 1, "symbol_no": 1281, "height": 1.0, "width": 1.0, "spacing": null, "angle": 356.8486328125, "_src_file": "LDZOFBB099.WT", "_src_id": 1866 }, "geometry": { "type": "Point", "coordinates": [ 74.135643484013031, 39.394708780052824 ] } },
{ "type": "Feature", "properties": { "ID": 220, "FEATUREID": "OFBB099C1AJ430010020001868", "CHFCAC": "001868", "CHFCEC": "断层辅助点", "CHFCED": "", "point_type": 1, "symbol_no": 1894, "height": 2.25, "width": 1.5, "spacing": null, "angle": 193.42633056640625, "_src_file": "LDZOFBB099.WT", "_src_id": 1867 }, "geometry": { "type": "Point", "coordinates": [ 74.121923961733728, 39.39981476269304 ] } },
{ "type": "Feature", "properties": { "ID": 221, "FEATUREID": "OFBB099C1AJ430010020001869", "CHFCAC": "001869", "CHFCEC": "断层辅助点", "CHFCED": "", "point_type": 1, "symbol_no": 1894, "height": 2.25, "width": 1.5, "spacing": null, "angle": 181.3553466796875, "_src_file": "LDZOFBB099.WT", "_src_id": 1868 }, "geometry": { "type": "Point", "coordinates": [ 74.122789866670715, 39.404152390909751 ] } },
{ "type": "Feature", "properties": { "ID": 222, "FEATUREID": "OFBB099C1AJ430010020001870", "CHFCAC": "001870", "CHFCEC": "断层辅助点", "CHFCED": "50", "point_type": 0, "symbol_no": 0, "height": 2.0, "width": 2.0, "spacing": 0.2, "angle": 0.43095499277114868, "_src_file": "LDZOFBB099.WT", "_src_id": 1869 }, "geometry": { "type": "Point", "coordinates": [ 74.123448220134534, 39.394691006905383 ] } },
{ "type": "Feature", "properties": { "ID": 223, "FEATUREID": "OFBB099C1AJ430010020001871", "CHFCAC": "001871", "CHFCEC": "断层辅助点", "CHFCED": "65", "point_type": 0, "symbol_no": 0, "height": 2.0, "width": 2.0, "spacing": 0.2, "angle": 0.43520471453666687, "_src_file": "LDZOFBB099.WT", "_src_id": 1870 }, "geometry": { "type": "Point", "coordinates": [ 74.114861759127606, 39.402041790830886 ] } },
{ "type": "Feature", "properties": { "ID": 226, "FEATUREID": "OFBB099C1AJ430010020001872", "CHFCAC": "001872", "CHFCEC": "断层辅助点", "CHFCED": "", "point_type": 1, "symbol_no": 1894, "height": 2.25, "width": 1.5, "spacing": null, "angle": 199.89070129394531, "_src_file": "LDZOFBB099.WT", "_src_id": 1871 }, "geometry": { "type": "Point", "coordinates": [ 74.083987233567157, 39.486640141015542 ] } },
{ "type": "Feature", "properties": { "ID": 227, "FEATUREID": "OFBB099C1AJ430010020001873", "CHFCAC": "001873", "CHFCEC": "断层辅助点", "CHFCED": "63", "point_type": 0, "symbol_no": 0, "height": 2.0, "width": 2.0, "spacing": 0.2, "angle": 0.45394071936607361, "_src_file": "LDZOFBB099.WT", "_src_id": 1872 }, "geometry": { "type": "Point", "coordinates": [ 74.077311087982366, 39.480842349433296 ] } },
{ "type": "Feature", "properties": { "ID": 229, "FEATUREID": "OFBB099C1AJ430010020001874", "CHFCAC": "001874", "CHFCEC": "断层辅助点", "CHFCED": "", "point_type": 1, "symbol_no": 1894, "height": 2.25, "width": 1.5, "spacing": null, "angle": 209.11479187011719, "_src_file": "LDZOFBB099.WT", "_src_id": 1873 }, "geometry": { "type": "Point", "coordinates": [ 74.074515133698355, 39.573126674364389 ] } },
{ "type": "Feature", "properties": { "ID": 231, "FEATUREID": "OFBB099C1AJ430010020001875", "CHFCAC": "001875", "CHFCEC": "断层辅助点", "CHFCED": "78", "point_type": 0, "symbol_no": 0, "height": 2.0, "width": 2.0, "spacing": 0.2, "angle": 0.42450568079948425, "_src_file": "LDZOFBB099.WT", "_src_id": 1874 }, "geometry": { "type": "Point", "coordinates": [ 74.137148994511023, 39.499510345953738 ] } },
{ "type": "Feature", "properties": { "ID": 232, "FEATUREID": "OFBB099C1AJ430010020001876", "CHFCAC": "001876", "CHFCEC": "断层辅助点", "CHFCED": "", "point_type": 1, "symbol_no": 1894, "height": 2.25, "width": 1.5, "spacing": null, "angle": 196.37171936035156, "_src_file": "LDZOFBB099.WT", "_src_id": 1875 }, "geometry": { "type": "Point", "coordinates": [ 74.133476290189648, 39.502155191679272 ] } },
{ "type": "Feature", "properties": { "ID": 233, "FEATUREID": "OFBB099C1AJ430010020001877", "CHFCAC": "001877", "CHFCEC": "断层辅助点", "CHFCED": "", "point_type": 1, "symbol_no": 1894, "height": 2.25, "width": 1.5, "spacing": null, "angle": 18.590524673461914, "_src_file": "LDZOFBB099.WT", "_src_id": 1876 }, "geometry": { "type": "Point", "coordinates": [ 74.119165793314565, 39.462282448336943 ] } },
{ "type": "Feature", "properties": { "ID": 234, "FEATUREID": "OFBB099C1AJ430010020001878", "CHFCAC": "001878", "CHFCEC": "断层辅助点", "CHFCED": "67", "point_type": 0, "symbol_no": 0, "height": 2.0, "width": 2.0, "spacing": 0.2, "angle": 0.43221339583396912, "_src_file": "LDZOFBB099.WT", "_src_id": 1877 }, "geometry": { "type": "Point", "coordinates": [ 74.121299908243529, 39.463504965557007 ] } },
{ "type": "Feature", "properties": { "ID": 237, "FEATUREID": "OFBB099C1AJ430010020001879", "CHFCAC": "001879", "CHFCEC": "断层辅助点", "CHFCED": "71", "point_type": 0, "symbol_no": 0, "height": 2.0, "width": 2.0, "spacing": 0.2, "angle": 0.29027119278907776, "_src_file": "LDZOFBB099.WT", "_src_id": 1878 }, "geometry": { "type": "Point", "coordinates": [ 74.4098818386434, 39.59428023606776 ] } },
{ "type": "Feature", "properties": { "ID": 238, "FEATUREID": "OFBB099C1AJ430010020001880", "CHFCAC": "001880", "CHFCEC": "断层辅助点", "CHFCED": "", "point_type": 1, "symbol_no": 1894, "height": 2.25, "width": 1.5, "spacing": null, "angle": 184.50541687011719, "_src_file": "LDZOFBB099.WT", "_src_id": 1879 }, "geometry": { "type": "Point", "coordinates": [ 74.407928833638408, 39.598169152268767 ] } },
{ "type": "Feature", "properties": { "ID": 240, "FEATUREID": "OFBB099C1AJ430010020001881", "CHFCAC": "001881", "CHFCEC": "断层辅助点", "CHFCED": "", "point_type": 1, "symbol_no": 1894, "height": 2.25, "width": 1.5, "spacing": null, "angle": 197.48136901855469, "_src_file": "LDZOFBB099.WT", "_src_id": 1880 }, "geometry": { "type": "Point", "coordinates": [ 74.350694930795001, 39.588200091650748 ] } },
{ "type": "Feature", "properties": { "ID": 242, "FEATUREID": "OFBB099C1AJ430010020001882", "CHFCAC": "001882", "CHFCEC": "断层辅助点", "CHFCED": "80", "point_type": 0, "symbol_no": 0, "height": 2.0, "width": 2.0, "spacing": 0.2, "angle": 0.3231843113899231, "_src_file": "LDZOFBB099.WT", "_src_id": 1881 }, "geometry": { "type": "Point", "coordinates": [ 74.34309868083227, 39.584342925559014 ] } },
{ "type": "Feature", "properties": { "ID": 243, "FEATUREID": "OFBB099C1AJ430010020001883", "CHFCAC": "001883", "CHFCEC": "断层辅助点", "CHFCED": "65", "point_type": 0, "symbol_no": 0, "height": 2.0, "width": 2.0, "spacing": 0.2, "angle": 0.25293758511543274, "_src_file": "LDZOFBB099.WT", "_src_id": 1882 }, "geometry": { "type": "Point", "coordinates": [ 74.484883369577005, 39.386413040782664 ] } },
{ "type": "Feature", "properties": { "ID": 245, "FEATUREID": "OFBB099C1AJ430010020001884", "CHFCAC": "001884", "CHFCEC": "断层辅助点", "CHFCED": "", "point_type": 1, "symbol_no": 1894, "height": 2.25, "width": 1.5, "spacing": null, "angle": 188.243408203125, "_src_file": "LDZOFBB099.WT", "_src_id": 1883 }, "geometry": { "type": "Point", "coordinates": [ 74.482585265920648, 39.389004978689826 ] } },
{ "type": "Feature", "properties": { "ID": 297, "FEATUREID": "OFBB099C1AJ430010020001885", "CHFCAC": "001885", "CHFCEC": "断层辅助点", "CHFCED": "", "point_type": 1, "symbol_no": 1894, "height": 2.25, "width": 1.5, "spacing": null, "angle": 227.50596618652344, "_src_file": "LDZOFBB099.WT", "_src_id": 1884 }, "geometry": { "type": "Point", "coordinates": [ 74.040251836307846, 39.624482507192035 ] } },
{ "type": "Feature", "properties": { "ID": 298, "FEATUREID": "OFBB099C1AJ430010020001886", "CHFCAC": "001886", "CHFCEC": "断层辅助点", "CHFCED": "52", "point_type": 0, "symbol_no": 0, "height": 2.0, "width": 2.0, "spacing": 0.2, "angle": 0.47161319851875305, "_src_file": "LDZOFBB099.WT", "_src_id": 1885 }, "geometry": { "type": "Point", "coordinates": [ 74.042352578227636, 39.623684412609173 ] } },
{ "type": "Feature", "properties": { "ID": 299, "FEATUREID": "OFBB099C1AJ430010020001887", "CHFCAC": "001887", "CHFCEC": "断层辅助点", "CHFCED": "", "point_type": 1, "symbol_no": 1281, "height": 1.0, "width": 1.0, "spacing": null, "angle": 30.199956893920898, "_src_file": "LDZOFBB099.WT", "_src_id": 1886 }, "geometry": { "type": "Point", "coordinates": [ 74.075044160121735, 39.486667140433461 ] } },
{ "type": "Feature", "properties": { "ID": 300, "FEATUREID": "OFBB099C1AJ430010020001888", "CHFCAC": "001888", "CHFCEC": "断层辅助点", "CHFCED": "", "point_type": 1, "symbol_no": 1281, "height": 1.0, "width": 1.0, "spacing": null, "angle": 28.749736785888672, "_src_file": "LDZOFBB099.WT", "_src_id": 1887 }, "geometry": { "type": "Point", "coordinates": [ 74.087442127424765, 39.491360721872368 ] } },
{ "type": "Feature", "properties": { "ID": 300, "FEATUREID": "OFBB099C1AJ430010020001889", "CHFCAC": "001889", "CHFCEC": "断层辅助点", "CHFCED": "", "point_type": 1, "symbol_no": 1281, "height": 1.0, "width": 1.0, "spacing": null, "angle": 32.464939117431641, "_src_file": "LDZOFBB099.WT", "_src_id": 1888 }, "geometry": { "type": "Point", "coordinates": [ 74.066491235952228, 39.574773727056836 ] } },
{ "type": "Feature", "properties": { "ID": 302, "FEATUREID": "OFBB099C1AJ430010020001890", "CHFCAC": "001890", "CHFCEC": "断层辅助点", "CHFCED": "", "point_type": 1, "symbol_no": 1281, "height": 1.0, "width": 1.0, "spacing": null, "angle": 35.992950439453125, "_src_file": "LDZOFBB099.WT", "_src_id": 1889 }, "geometry": { "type": "Point", "coordinates": [ 74.075205043463171, 39.578497397909608 ] } },
{ "type": "Feature", "properties": { "ID": 303, "FEATUREID": "OFBB099C1AJ430010020001891", "CHFCAC": "001891", "CHFCEC": "断层辅助点", "CHFCED": "", "point_type": 1, "symbol_no": 1281, "height": 1.0, "width": 1.0, "spacing": null, "angle": 21.462682723999023, "_src_file": "LDZOFBB099.WT", "_src_id": 1890 }, "geometry": { "type": "Point", "coordinates": [ 74.135839667182125, 39.506777125599548 ] } },
{ "type": "Feature", "properties": { "ID": 304, "FEATUREID": "OFBB099C1AJ430010020001892", "CHFCAC": "001892", "CHFCEC": "断层辅助点", "CHFCED": "", "point_type": 1, "symbol_no": 1281, "height": 1.0, "width": 1.0, "spacing": null, "angle": 21.468988418579102, "_src_file": "LDZOFBB099.WT", "_src_id": 1891 }, "geometry": { "type": "Point", "coordinates": [ 74.123026363742241, 39.503292007708289 ] } },
{ "type": "Feature", "properties": { "ID": 315, "FEATUREID": "OFBB099C1AJ430010020001893", "CHFCAC": "001893", "CHFCEC": "断层辅助点", "CHFCED": "", "point_type": 1, "symbol_no": 1281, "height": 1.0, "width": 1.0, "spacing": null, "angle": 20.812587738037109, "_src_file": "LDZOFBB099.WT", "_src_id": 1892 }, "geometry": { "type": "Point", "coordinates": [ 74.47757933830087, 39.391726801249455 ] } },
{ "type": "Feature", "properties": { "ID": 316, "FEATUREID": "OFBB099C1AJ430010020001894", "CHFCAC": "001894", "CHFCEC": "断层辅助点", "CHFCED": "", "point_type": 1, "symbol_no": 1281, "height": 1.0, "width": 1.0, "spacing": null, "angle": 0.25107195973396301, "_src_file": "LDZOFBB099.WT", "_src_id": 1893 }, "geometry": { "type": "Point", "coordinates": [ 74.488697277945874, 39.393755035852855 ] } },
{ "type": "Feature", "properties": { "ID": 322, "FEATUREID": "OFBB099C1AJ430010020001895", "CHFCAC": "001895", "CHFCEC": "断层辅助点", "CHFCED": "", "point_type": 1, "symbol_no": 1281, "height": 1.0, "width": 1.0, "spacing": null, "angle": 24.844316482543945, "_src_file": "LDZOFBB099.WT", "_src_id": 1894 }, "geometry": { "type": "Point", "coordinates": [ 74.186938627561688, 39.632976116985859 ] } },
{ "type": "Feature", "properties": { "ID": 323, "FEATUREID": "OFBB099C1AJ430010020001896", "CHFCAC": "001896", "CHFCEC": "断层辅助点", "CHFCED": "", "point_type": 1, "symbol_no": 1281, "height": 1.0, "width": 1.0, "spacing": null, "angle": 20.388847351074219, "_src_file": "LDZOFBB099.WT", "_src_id": 1895 }, "geometry": { "type": "Point", "coordinates": [ 74.175919862392504, 39.628929988270386 ] } },
{ "type": "Feature", "properties": { "ID": 325, "FEATUREID": "OFBB099C1AJ430010020001897", "CHFCAC": "001897", "CHFCEC": "断层辅助点", "CHFCED": "", "point_type": 1, "symbol_no": 1894, "height": 2.25, "width": 1.5, "spacing": null, "angle": 215.14463806152344, "_src_file": "LDZOFBB099.WT", "_src_id": 1896 }, "geometry": { "type": "Point", "coordinates": [ 74.184605513770634, 39.627553858666801 ] } },
{ "type": "Feature", "properties": { "ID": 344, "FEATUREID": "OFBB099C1AJ430010020001898", "CHFCAC": "001898", "CHFCEC": "断层辅助点", "CHFCED": "57", "point_type": 0, "symbol_no": 0, "height": 2.0, "width": 2.0, "spacing": 0.2, "angle": 0.424786776304245, "_src_file": "LDZOFBB099.WT", "_src_id": 1897 }, "geometry": { "type": "Point", "coordinates": [ 74.135928136239599, 39.387189602960504 ] } },
{ "type": "Feature", "properties": { "ID": 377, "FEATUREID": "OFBB099C1AJ430010020001899", "CHFCAC": "001899", "CHFCEC": "断层辅助点", "CHFCED": "", "point_type": 1, "symbol_no": 1281, "height": 1.0, "width": 1.0, "spacing": null, "angle": 47.765884399414062, "_src_file": "LDZOFBB099.WT", "_src_id": 1898 }, "geometry": { "type": "Point", "coordinates": [ 74.034923388011961, 39.621735508727006 ] } },
{ "type": "Feature", "properties": { "ID": 378, "FEATUREID": "OFBB099C1AJ430010020001900", "CHFCAC": "001900", "CHFCEC": "断层辅助点", "CHFCED": "", "point_type": 1, "symbol_no": 1281, "height": 1.0, "width": 1.0, "spacing": null, "angle": 61.416793823242188, "_src_file": "LDZOFBB099.WT", "_src_id": 1899 }, "geometry": { "type": "Point", "coordinates": [ 74.042819935559123, 39.629112043218903 ] } },
{ "type": "Feature", "properties": { "ID": 379, "FEATUREID": "OFBB099C1AJ430010020001901", "CHFCAC": "001901", "CHFCEC": "断层辅助点", "CHFCED": "", "point_type": 1, "symbol_no": 1894, "height": 2.25, "width": 1.5, "spacing": null, "angle": 176.82232666015625, "_src_file": "LDZOFBB099.WT", "_src_id": 1900 }, "geometry": { "type": "Point", "coordinates": [ 74.073849615050705, 39.360018140276928 ] } },
{ "type": "Feature", "properties": { "ID": 380, "FEATUREID": "OFBB099C1AJ430010020001902", "CHFCAC": "001902", "CHFCEC": "断层辅助点", "CHFCED": "55", "point_type": 0, "symbol_no": 0, "height": 2.0, "width": 2.0, "spacing": 0.2, "angle": 0.45547795295715332, "_src_file": "LDZOFBB099.WT", "_src_id": 1901 }, "geometry": { "type": "Point", "coordinates": [ 74.073385277729145, 39.351684302452902 ] } },
{ "type": "Feature", "properties": { "ID": 384, "FEATUREID": "OFBB099C1AJ430010020001903", "CHFCAC": "001903", "CHFCEC": "断层辅助点", "CHFCED": "", "point_type": 1, "symbol_no": 239, "height": 3.0, "width": 3.0, "spacing": null, "angle": 58.264255523681641, "_src_file": "LDZOFBB099.WT", "_src_id": 1902 }, "geometry": { "type": "Point", "coordinates": [ 74.064211060960972, 39.349221092819242 ] } },
{ "type": "Feature", "properties": { "ID": 386, "FEATUREID": "OFBB099C1AJ430010020001904", "CHFCAC": "001904", "CHFCEC": "断层辅助点", "CHFCED": "", "point_type": 1, "symbol_no": 239, "height": 3.0, "width": 3.0, "spacing": null, "angle": 230.98173522949219, "_src_file": "LDZOFBB099.WT", "_src_id": 1903 }, "geometry": { "type": "Point", "coordinates": [ 74.056532076760718, 39.348502521347797 ] } },
{ "type": "Feature", "properties": { "ID": 384, "FEATUREID": "OFBB099C1AJ430010020001905", "CHFCAC": "001905", "CHFCEC": "断层辅助点", "CHFCED": "", "point_type": 1, "symbol_no": 1894, "height": 2.25, "width": 1.5, "spacing": null, "angle": 329.691650390625, "_src_file": "LDZOFBB099.WT", "_src_id": 1904 }, "geometry": { "type": "Point", "coordinates": [ 74.075595844466108, 39.344505050544704 ] } },
{ "type": "Feature", "properties": { "ID": 385, "FEATUREID": "OFBB099C1AJ430010020001906", "CHFCAC": "001906", "CHFCEC": "断层辅助点", "CHFCED": "50", "point_type": 0, "symbol_no": 0, "height": 2.0, "width": 2.0, "spacing": 0.2, "angle": 0.45308342576026917, "_src_file": "LDZOFBB099.WT", "_src_id": 1905 }, "geometry": { "type": "Point", "coordinates": [ 74.078188993330315, 39.341926967017251 ] } },
{ "type": "Feature", "properties": { "ID": 384, "FEATUREID": "OFBB099C1AJ430010020001907", "CHFCAC": "001907", "CHFCEC": "断层辅助点", "CHFCED": "58", "point_type": 0, "symbol_no": 0, "height": 2.0, "width": 2.0, "spacing": 0.2, "angle": 0.447419673204422, "_src_file": "LDZOFBB099.WT", "_src_id": 1906 }, "geometry": { "type": "Point", "coordinates": [ 74.089955746710174, 39.384420523441491 ] } },
{ "type": "Feature", "properties": { "ID": 385, "FEATUREID": "OFBB099C1AJ430010020001908", "CHFCAC": "001908", "CHFCEC": "断层辅助点", "CHFCED": "", "point_type": 1, "symbol_no": 1281, "height": 1.0, "width": 1.0, "spacing": null, "angle": 0.43357425928115845, "_src_file": "LDZOFBB099.WT", "_src_id": 1907 }, "geometry": { "type": "Point", "coordinates": [ 74.118206222294376, 39.407449062763341 ] } },
{ "type": "Feature", "properties": { "ID": 385, "FEATUREID": "OFBB099C1AJ430010020001909", "CHFCAC": "001909", "CHFCEC": "断层辅助点", "CHFCED": "", "point_type": 1, "symbol_no": 1281, "height": 1.0, "width": 1.0, "spacing": null, "angle": 191.73817443847656, "_src_file": "LDZOFBB099.WT", "_src_id": 1908 }, "geometry": { "type": "Point", "coordinates": [ 74.1293633068085, 39.460375669783623 ] } },
{ "type": "Feature", "properties": { "ID": 387, "FEATUREID": "OFBB099C1AJ430010020001910", "CHFCAC": "001910", "CHFCEC": "断层辅助点", "CHFCED": "", "point_type": 1, "symbol_no": 1281, "height": 1.0, "width": 1.0, "spacing": null, "angle": 201.80740356445312, "_src_file": "LDZOFBB099.WT", "_src_id": 1909 }, "geometry": { "type": "Point", "coordinates": [ 74.111968321389796, 39.455766137396282 ] } },
{ "type": "Feature", "properties": { "ID": 377, "FEATUREID": "OFBB099C1AJ430010020001911", "CHFCAC": "001911", "CHFCEC": "断层辅助点", "CHFCED": "", "point_type": 1, "symbol_no": 1281, "height": 1.0, "width": 1.0, "spacing": null, "angle": 21.362388610839844, "_src_file": "LDZOFBB099.WT", "_src_id": 1910 }, "geometry": { "type": "Point", "coordinates": [ 74.339687676515354, 39.589733277049334 ] } },
{ "type": "Feature", "properties": { "ID": 379, "FEATUREID": "OFBB099C1AJ430010020001912", "CHFCAC": "001912", "CHFCEC": "断层辅助点", "CHFCED": "", "point_type": 1, "symbol_no": 1281, "height": 1.0, "width": 1.0, "spacing": null, "angle": 0.31702336668968201, "_src_file": "LDZOFBB099.WT", "_src_id": 1911 }, "geometry": { "type": "Point", "coordinates": [ 74.35562558755764, 39.59214554753234 ] } },
{ "type": "Feature", "properties": { "ID": 373, "FEATUREID": "OFBB099C1AJ430010020001913", "CHFCAC": "001913", "CHFCEC": "断层辅助点", "CHFCED": "", "point_type": 1, "symbol_no": 1281, "height": 1.0, "width": 1.0, "spacing": null, "angle": 302.94149780273438, "_src_file": "LDZOFBB099.WT", "_src_id": 1912 }, "geometry": { "type": "Point", "coordinates": [ 74.344107864054436, 39.390052889396856 ] } },
{ "type": "Feature", "properties": { "ID": 374, "FEATUREID": "OFBB099C1AJ430010020001914", "CHFCAC": "001914", "CHFCEC": "断层辅助点", "CHFCED": "", "point_type": 1, "symbol_no": 1281, "height": 1.0, "width": 1.0, "spacing": null, "angle": 324.57156372070312, "_src_file": "LDZOFBB099.WT", "_src_id": 1913 }, "geometry": { "type": "Point", "coordinates": [ 74.337441312786424, 39.397221890953084 ] } },
{ "type": "Feature", "properties": { "ID": 375, "FEATUREID": "OFBB099C1AJ430010020001915", "CHFCAC": "001915", "CHFCEC": "断层辅助点", "CHFCED": "", "point_type": 1, "symbol_no": 1894, "height": 2.25, "width": 1.5, "spacing": null, "angle": 138.33740234375, "_src_file": "LDZOFBB099.WT", "_src_id": 1914 }, "geometry": { "type": "Point", "coordinates": [ 74.339361251932417, 39.391432819367907 ] } },
{ "type": "Feature", "properties": { "ID": 375, "FEATUREID": "OFBB099C1AJ430010020001916", "CHFCAC": "001916", "CHFCEC": "断层辅助点", "CHFCED": "", "point_type": 1, "symbol_no": 239, "height": 3.0, "width": 3.0, "spacing": null, "angle": 27.500865936279297, "_src_file": "LDZOFBB099.WT", "_src_id": 1915 }, "geometry": { "type": "Point", "coordinates": [ 74.316493467445653, 39.395529607950238 ] } },
{ "type": "Feature", "properties": { "ID": 377, "FEATUREID": "OFBB099C1AJ430010020001917", "CHFCAC": "001917", "CHFCEC": "断层辅助点", "CHFCED": "", "point_type": 1, "symbol_no": 239, "height": 3.0, "width": 3.0, "spacing": null, "angle": 212.36155700683594, "_src_file": "LDZOFBB099.WT", "_src_id": 1916 }, "geometry": { "type": "Point", "coordinates": [ 74.274457748231171, 39.381155599679381 ] } },
{ "type": "Feature", "properties": { "ID": 385, "FEATUREID": "OFBB099C1AJ430010020001918", "CHFCAC": "001918", "CHFCEC": "断层辅助点", "CHFCED": "", "point_type": 1, "symbol_no": 1281, "height": 1.0, "width": 1.0, "spacing": null, "angle": 0.42586731910705566, "_src_file": "LDZOFBB099.WT", "_src_id": 1917 }, "geometry": { "type": "Point", "coordinates": [ 74.133857260671022, 39.408209293198659 ] } },
{ "type": "Feature", "properties": { "ID": 3, "FEATUREID": "OFBB099C1AJ430010020001919", "CHFCAC": "001919", "CHFCEC": "断层辅助点", "CHFCED": "", "point_type": 1, "symbol_no": 1281, "height": 1.0, "width": 1.0, "spacing": null, "angle": 332.99563598632812, "_src_file": "LDZOFBB099.WT", "_src_id": 1918 }, "geometry": { "type": "Point", "coordinates": [ 74.042747976437667, 39.200185212978781 ] } },
{ "type": "Feature", "properties": { "ID": 6, "FEATUREID": "OFBB099C1AJ430010020001920", "CHFCAC": "001920", "CHFCEC": "断层辅助点", "CHFCED": "", "point_type": 1, "symbol_no": 1894, "height": 2.25, "width": 1.15, "spacing": null, "angle": 329.29379272460938, "_src_file": "LDZOFBB099.WT", "_src_id": 1919 }, "geometry": { "type": "Point", "coordinates": [ 74.052765319795398, 39.199351162200287 ] } },
{ "type": "Feature", "properties": { "ID": 10, "FEATUREID": "OFBB099C1AJ430010020001921", "CHFCAC": "001921", "CHFCEC": "断层辅助点", "CHFCED": "85", "point_type": 0, "symbol_no": 0, "height": 2.0, "width": 2.0, "spacing": 0.2, "angle": 0.46364721655845642, "_src_file": "LDZOFBB099.WT", "_src_id": 1920 }, "geometry": { "type": "Point", "coordinates": [ 74.055797024789882, 39.199011419960001 ] } },
{ "type": "Feature", "properties": { "ID": 110, "FEATUREID": "OFBB099C1AJ430010020001922", "CHFCAC": "001922", "CHFCEC": "断层辅助点", "CHFCED": "", "point_type": 1, "symbol_no": 1281, "height": 1.0, "width": 1.0, "spacing": null, "angle": 0.032634135335683823, "_src_file": "LDZOFBB099.WT", "_src_id": 1921 }, "geometry": { "type": "Point", "coordinates": [ 74.932104416979669, 39.004922990906437 ] } },
{ "type": "Feature", "properties": { "ID": 111, "FEATUREID": "OFBB099C1AJ430010020001923", "CHFCAC": "001923", "CHFCEC": "断层辅助点", "CHFCED": "", "point_type": 1, "symbol_no": 1281, "height": 1.0, "width": 1.0, "spacing": null, "angle": 0.027047015726566315, "_src_file": "LDZOFBB099.WT", "_src_id": 1922 }, "geometry": { "type": "Point", "coordinates": [ 74.943481850993578, 39.005656952815272 ] } },
{ "type": "Feature", "properties": { "ID": 121, "FEATUREID": "OFBB099C1AJ430010020001924", "CHFCAC": "001924", "CHFCEC": "断层辅助点", "CHFCED": "", "point_type": 1, "symbol_no": 1894, "height": 2.25, "width": 1.15, "spacing": null, "angle": 301.539794921875, "_src_file": "LDZOFBB099.WT", "_src_id": 1923 }, "geometry": { "type": "Point", "coordinates": [ 74.988343421627903, 39.059195651664417 ] } },
{ "type": "Feature", "properties": { "ID": 123, "FEATUREID": "OFBB099C1AJ430010020001925", "CHFCAC": "001925", "CHFCEC": "断层辅助点", "CHFCED": "", "point_type": 1, "symbol_no": 1894, "height": 1.5, "width": 1.5, "spacing": null, "angle": 295.2188720703125, "_src_file": "LDZOFBB099.WT", "_src_id": 1924 }, "geometry": { "type": "Point", "coordinates": [ 74.962391428079755, 39.075891492042835 ] } },
{ "type": "Feature", "properties": { "ID": 125, "FEATUREID": "OFBB099C1AJ430010020001926", "CHFCAC": "001926", "CHFCEC": "断层辅助点", "CHFCED": "", "point_type": 1, "symbol_no": 1894, "height": 1.5, "width": 1.5, "spacing": null, "angle": 356.45111083984375, "_src_file": "LDZOFBB099.WT", "_src_id": 1925 }, "geometry": { "type": "Point", "coordinates": [ 74.942747161417969, 39.083498534216957 ] } },
{ "type": "Feature", "properties": { "ID": 118, "FEATUREID": "OFBB099C1AJ430010020001927", "CHFCAC": "001927", "CHFCEC": "断层辅助点", "CHFCED": "", "point_type": 1, "symbol_no": 1894, "height": 1.5, "width": 1.5, "spacing": null, "angle": 192.05133056640625, "_src_file": "LDZOFBB099.WT", "_src_id": 1926 }, "geometry": { "type": "Point", "coordinates": [ 74.939397672104533, 39.002096063422186 ] } },
{ "type": "Feature", "properties": { "ID": 116, "FEATUREID": "OFBB099C1AJ430010020001928", "CHFCAC": "001928", "CHFCEC": "断层辅助点", "CHFCED": "", "point_type": 1, "symbol_no": 1894, "height": 2.25, "width": 1.15, "spacing": null, "angle": 316.40087890625, "_src_file": "LDZOFBB099.WT", "_src_id": 1927 }, "geometry": { "type": "Point", "coordinates": [ 74.90147804657056, 39.102122792442792 ] } },
{ "type": "Feature", "properties": { "ID": 196, "FEATUREID": "OFBB099C1AJ430010020001929", "CHFCAC": "001929", "CHFCEC": "断层辅助点", "CHFCED": "46", "point_type": 0, "symbol_no": 0, "height": 2.0, "width": 2.0, "spacing": 0.2, "angle": 0.13855563104152679, "_src_file": "LDZOFBB099.WT", "_src_id": 1928 }, "geometry": { "type": "Point", "coordinates": [ 74.716989785758358, 39.293964577288762 ] } },
{ "type": "Feature", "properties": { "ID": 198, "FEATUREID": "OFBB099C1AJ430010020001930", "CHFCAC": "001930", "CHFCEC": "断层辅助点", "CHFCED": "", "point_type": 1, "symbol_no": 1894, "height": 2.25, "width": 1.15, "spacing": null, "angle": 231.35650634765625, "_src_file": "LDZOFBB099.WT", "_src_id": 1929 }, "geometry": { "type": "Point", "coordinates": [ 74.712294749506071, 39.296566566617706 ] } },
{ "type": "Feature", "properties": { "ID": 203, "FEATUREID": "OFBB099C1AJ430010020001931", "CHFCAC": "001931", "CHFCEC": "断层辅助点", "CHFCED": "", "point_type": 1, "symbol_no": 1894, "height": 1.5, "width": 1.5, "spacing": null, "angle": 145.92794799804688, "_src_file": "LDZOFBB099.WT", "_src_id": 1930 }, "geometry": { "type": "Point", "coordinates": [ 74.59395925901201, 39.283802693981727 ] } },
{ "type": "Feature", "properties": { "ID": 204, "FEATUREID": "OFBB099C1AJ430010020001932", "CHFCAC": "001932", "CHFCEC": "断层辅助点", "CHFCED": "45", "point_type": 0, "symbol_no": 0, "height": 2.0, "width": 2.0, "spacing": 0.2, "angle": 0.19838574528694153, "_src_file": "LDZOFBB099.WT", "_src_id": 1931 }, "geometry": { "type": "Point", "coordinates": [ 74.595369250412503, 39.279947174045738 ] } },
{ "type": "Feature", "properties": { "ID": 205, "FEATUREID": "OFBB099C1AJ430010020001933", "CHFCAC": "001933", "CHFCEC": "断层辅助点", "CHFCED": "78", "point_type": 0, "symbol_no": 0, "height": 2.0, "width": 2.0, "spacing": 0.2, "angle": 0.21246197819709778, "_src_file": "LDZOFBB099.WT", "_src_id": 1932 }, "geometry": { "type": "Point", "coordinates": [ 74.566747070209956, 39.274008172989284 ] } },
{ "type": "Feature", "properties": { "ID": 210, "FEATUREID": "OFBB099C1AJ430010020001934", "CHFCAC": "001934", "CHFCEC": "断层辅助点", "CHFCED": "", "point_type": 1, "symbol_no": 1894, "height": 2.25, "width": 1.15, "spacing": null, "angle": 179.19024658203125, "_src_file": "LDZOFBB099.WT", "_src_id": 1933 }, "geometry": { "type": "Point", "coordinates": [ 74.565110749083843, 39.277700758225265 ] } },
{ "type": "Feature", "properties": { "ID": 218, "FEATUREID": "OFBB099C1AJ430010020001935", "CHFCAC": "001935", "CHFCEC": "断层辅助点", "CHFCED": "69", "point_type": 0, "symbol_no": 0, "height": 2.0, "width": 2.0, "spacing": 0.2, "angle": 0.13461235165596008, "_src_file": "LDZOFBB099.WT", "_src_id": 1934 }, "geometry": { "type": "Point", "coordinates": [ 74.724522449293971, 39.043823483518167 ] } },
{ "type": "Feature", "properties": { "ID": 221, "FEATUREID": "OFBB099C1AJ430010020001936", "CHFCAC": "001936", "CHFCEC": "断层辅助点", "CHFCED": "", "point_type": 1, "symbol_no": 1894, "height": 2.25, "width": 1.15, "spacing": null, "angle": 309.93820190429688, "_src_file": "LDZOFBB099.WT", "_src_id": 1935 }, "geometry": { "type": "Point", "coordinates": [ 74.728546636867136, 39.041605226517611 ] } },
{ "type": "Feature", "properties": { "ID": 295, "FEATUREID": "OFBB099C1AJ430010020001937", "CHFCAC": "001937", "CHFCEC": "断层辅助点", "CHFCED": "26", "point_type": 0, "symbol_no": 0, "height": 2.0, "width": 2.0, "spacing": 0.2, "angle": 0.025864003226161003, "_src_file": "LDZOFBB099.WT", "_src_id": 1936 }, "geometry": { "type": "Point", "coordinates": [ 74.945915857975706, 39.080445235643687 ] } },
{ "type": "Feature", "properties": { "ID": 296, "FEATUREID": "OFBB099C1AJ430010020001938", "CHFCAC": "001938", "CHFCEC": "断层辅助点", "CHFCED": "25", "point_type": 0, "symbol_no": 0, "height": 2.0, "width": 2.0, "spacing": 0.2, "angle": 0.016162984073162079, "_src_file": "LDZOFBB099.WT", "_src_id": 1937 }, "geometry": { "type": "Point", "coordinates": [ 74.965657584823276, 39.071999422816454 ] } },
{ "type": "Feature", "properties": { "ID": 63, "FEATUREID": "OFBB099C1AJ430010020001939", "CHFCAC": "001939", "CHFCEC": "断层辅助点", "CHFCED": "", "point_type": 1, "symbol_no": 1281, "height": 1.0, "width": 1.0, "spacing": null, "angle": 228.5369873046875, "_src_file": "LDZOFBB099.WT", "_src_id": 1938 }, "geometry": { "type": "Point", "coordinates": [ 73.936585714371063, 39.744933711642524 ] } },
{ "type": "Feature", "properties": { "ID": 64, "FEATUREID": "OFBB099C1AJ430010020001940", "CHFCAC": "001940", "CHFCEC": "断层辅助点", "CHFCED": "", "point_type": 1, "symbol_no": 1281, "height": 1.0, "width": 1.0, "spacing": null, "angle": 225.52073669433594, "_src_file": "LDZOFBB099.WT", "_src_id": 1939 }, "geometry": { "type": "Point", "coordinates": [ 73.943627131902488, 39.752399085931827 ] } },
{ "type": "Feature", "properties": { "ID": 65, "FEATUREID": "OFBB099C1AJ430010020001941", "CHFCAC": "001941", "CHFCEC": "断层辅助点", "CHFCED": "", "point_type": 1, "symbol_no": 1281, "height": 1.0, "width": 1.0, "spacing": null, "angle": 236.80430603027344, "_src_file": "LDZOFBB099.WT", "_src_id": 1940 }, "geometry": { "type": "Point", "coordinates": [ 73.996690444324685, 39.694026483439551 ] } },
{ "type": "Feature", "properties": { "ID": 66, "FEATUREID": "OFBB099C1AJ430010020001942", "CHFCAC": "001942", "CHFCEC": "断层辅助点", "CHFCED": "", "point_type": 1, "symbol_no": 1281, "height": 1.0, "width": 1.0, "spacing": null, "angle": 235.98771667480469, "_src_file": "LDZOFBB099.WT", "_src_id": 1941 }, "geometry": { "type": "Point", "coordinates": [ 73.992827518730621, 39.686491667666864 ] } },
{ "type": "Feature", "properties": { "ID": 68, "FEATUREID": "OFBB099C1AJ430010020001943", "CHFCAC": "001943", "CHFCEC": "断层辅助点", "CHFCED": "", "point_type": 1, "symbol_no": 1894, "height": 2.25, "width": 1.5, "spacing": null, "angle": 62.611900329589844, "_src_file": "LDZOFBB099.WT", "_src_id": 1942 }, "geometry": { "type": "Point", "coordinates": [ 73.914522842408843, 39.865313611835958 ] } },
{ "type": "Feature", "properties": { "ID": 70, "FEATUREID": "OFBB099C1AJ430010020001944", "CHFCAC": "001944", "CHFCEC": "断层辅助点", "CHFCED": "", "point_type": 1, "symbol_no": 1894, "height": 2.25, "width": 1.5, "spacing": null, "angle": 83.25238037109375, "_src_file": "LDZOFBB099.WT", "_src_id": 1943 }, "geometry": { "type": "Point", "coordinates": [ 73.868065075118736, 39.779162507336231 ] } },
{ "type": "Feature", "properties": { "ID": 72, "FEATUREID": "OFBB099C1AJ430010020001945", "CHFCAC": "001945", "CHFCEC": "断层辅助点", "CHFCED": "", "point_type": 1, "symbol_no": 1894, "height": 1.5, "width": 1.5, "spacing": null, "angle": 246.52017211914062, "_src_file": "LDZOFBB099.WT", "_src_id": 1944 }, "geometry": { "type": "Point", "coordinates": [ 73.876113430027999, 39.779196808377705 ] } },
{ "type": "Feature", "properties": { "ID": 73, "FEATUREID": "OFBB099C1AJ430010020001946", "CHFCAC": "001946", "CHFCEC": "断层辅助点", "CHFCED": "", "point_type": 1, "symbol_no": 1894, "height": 1.5, "width": 1.5, "spacing": null, "angle": 89.156600952148438, "_src_file": "LDZOFBB099.WT", "_src_id": 1945 }, "geometry": { "type": "Point", "coordinates": [ 73.876775041574774, 39.767241768347752 ] } },
{ "type": "Feature", "properties": { "ID": 76, "FEATUREID": "OFBB099C1AJ430010020001947", "CHFCAC": "001947", "CHFCEC": "断层辅助点", "CHFCED": "", "point_type": 1, "symbol_no": 1894, "height": 2.25, "width": 1.5, "spacing": null, "angle": 57.377323150634766, "_src_file": "LDZOFBB099.WT", "_src_id": 1946 }, "geometry": { "type": "Point", "coordinates": [ 73.936383515314446, 39.751312765976401 ] } },
{ "type": "Feature", "properties": { "ID": 77, "FEATUREID": "OFBB099C1AJ430010020001948", "CHFCAC": "001948", "CHFCEC": "断层辅助点", "CHFCED": "", "point_type": 1, "symbol_no": 1894, "height": 2.25, "width": 1.5, "spacing": null, "angle": 88.900833129882812, "_src_file": "LDZOFBB099.WT", "_src_id": 1947 }, "geometry": { "type": "Point", "coordinates": [ 73.957210084611816, 39.856926724756441 ] } },
{ "type": "Feature", "properties": { "ID": 79, "FEATUREID": "OFBB099C1AJ430010020001949", "CHFCAC": "001949", "CHFCEC": "断层辅助点", "CHFCED": "", "point_type": 1, "symbol_no": 1894, "height": 2.25, "width": 1.5, "spacing": null, "angle": 69.610183715820312, "_src_file": "LDZOFBB099.WT", "_src_id": 1948 }, "geometry": { "type": "Point", "coordinates": [ 73.970175516608066, 39.850100798556269 ] } },
{ "type": "Feature", "properties": { "ID": 81, "FEATUREID": "OFBB099C1AJ430010020001950", "CHFCAC": "001950", "CHFCEC": "断层辅助点", "CHFCED": "", "point_type": 1, "symbol_no": 1894, "height": 2.25, "width": 1.5, "spacing": null, "angle": 63.455818176269531, "_src_file": "LDZOFBB099.WT", "_src_id": 1949 }, "geometry": { "type": "Point", "coordinates": [ 73.930421986601019, 39.946065546731532 ] } },
{ "type": "Feature", "properties": { "ID": 82, "FEATUREID": "OFBB099C1AJ430010020001951", "CHFCAC": "001951", "CHFCEC": "断层辅助点", "CHFCED": "", "point_type": 1, "symbol_no": 1894, "height": 2.25, "width": 1.5, "spacing": null, "angle": 56.830059051513672, "_src_file": "LDZOFBB099.WT", "_src_id": 1950 }, "geometry": { "type": "Point", "coordinates": [ 73.946203830314332, 39.955635397616938 ] } },
{ "type": "Feature", "properties": { "ID": 102, "FEATUREID": "OFBB099C1AJ430010020001952", "CHFCAC": "001952", "CHFCEC": "断层辅助点", "CHFCED": "69", "point_type": 0, "symbol_no": 0, "height": 2.0, "width": 2.0, "spacing": 0.2, "angle": 0.51715594530105591, "_src_file": "LDZOFBB099.WT", "_src_id": 1951 }, "geometry": { "type": "Point", "coordinates": [ 73.951538640943681, 39.850457095224542 ] } },
{ "type": "Feature", "properties": { "ID": 103, "FEATUREID": "OFBB099C1AJ430010020001953", "CHFCAC": "001953", "CHFCEC": "断层辅助点", "CHFCED": "80", "point_type": 0, "symbol_no": 0, "height": 2.0, "width": 2.0, "spacing": 0.2, "angle": 0.50973564386367798, "_src_file": "LDZOFBB099.WT", "_src_id": 1952 }, "geometry": { "type": "Point", "coordinates": [ 73.966563145564876, 39.85130225495832 ] } },
{ "type": "Feature", "properties": { "ID": 125, "FEATUREID": "OFBB099C1AJ430010020001954", "CHFCAC": "001954", "CHFCEC": "断层辅助点", "CHFCED": "57", "point_type": 0, "symbol_no": 0, "height": 2.0, "width": 2.0, "spacing": 0.2, "angle": 0.52491879463195801, "_src_file": "LDZOFBB099.WT", "_src_id": 1953 }, "geometry": { "type": "Point", "coordinates": [ 73.935160782131717, 39.750774137138286 ] } },
{ "type": "Feature", "properties": { "ID": 126, "FEATUREID": "OFBB099C1AJ430010020001955", "CHFCAC": "001955", "CHFCEC": "断层辅助点", "CHFCED": "70", "point_type": 0, "symbol_no": 0, "height": 2.0, "width": 2.0, "spacing": 0.2, "angle": 0.53858989477157593, "_src_file": "LDZOFBB099.WT", "_src_id": 1954 }, "geometry": { "type": "Point", "coordinates": [ 73.908215428324624, 39.859901923102697 ] } },
{ "type": "Feature", "properties": { "ID": 128, "FEATUREID": "OFBB099C1AJ430010020001956", "CHFCAC": "001956", "CHFCEC": "断层辅助点", "CHFCED": "40", "point_type": 0, "symbol_no": 0, "height": 2.0, "width": 2.0, "spacing": 0.2, "angle": 0.56072419881820679, "_src_file": "LDZOFBB099.WT", "_src_id": 1955 }, "geometry": { "type": "Point", "coordinates": [ 73.862853521910736, 39.780647513576582 ] } },
{ "type": "Feature", "properties": { "ID": 133, "FEATUREID": "OFBB099C1AJ430010020001957", "CHFCAC": "001957", "CHFCEC": "断层辅助点", "CHFCED": "", "point_type": 1, "symbol_no": 1894, "height": 2.25, "width": 1.5, "spacing": null, "angle": 68.177764892578125, "_src_file": "LDZOFBB099.WT", "_src_id": 1956 }, "geometry": { "type": "Point", "coordinates": [ 73.990913436973628, 39.691119426077613 ] } },
{ "type": "Feature", "properties": { "ID": 133, "FEATUREID": "OFBB099C1AJ430010020001958", "CHFCAC": "001958", "CHFCEC": "断层辅助点", "CHFCED": "", "point_type": 1, "symbol_no": 1281, "height": 1.0, "width": 1.0, "spacing": null, "angle": 268.46694946289062, "_src_file": "LDZOFBB099.WT", "_src_id": 1957 }, "geometry": { "type": "Point", "coordinates": [ 73.961291258854146, 39.859492152118442 ] } },
{ "type": "Feature", "properties": { "ID": 133, "FEATUREID": "OFBB099C1AJ430010020001959", "CHFCAC": "001959", "CHFCEC": "断层辅助点", "CHFCED": "", "point_type": 1, "symbol_no": 1281, "height": 1.0, "width": 1.0, "spacing": null, "angle": 302.78802490234375, "_src_file": "LDZOFBB099.WT", "_src_id": 1958 }, "geometry": { "type": "Point", "coordinates": [ 73.961927133544805, 39.854355490786375 ] } },
{ "type": "Feature", "properties": { "ID": 146, "FEATUREID": "OFBB099C1AJ430010020001960", "CHFCAC": "001960", "CHFCEC": "断层辅助点", "CHFCED": "65", "point_type": 0, "symbol_no": 0, "height": 2.0, "width": 2.0, "spacing": 0.2, "angle": 0.49930259585380554, "_src_file": "LDZOFBB099.WT", "_src_id": 1959 }, "geometry": { "type": "Point", "coordinates": [ 73.986667328732565, 39.692346974540094 ] } },
{ "type": "Feature", "properties": { "ID": 147, "FEATUREID": "OFBB099C1AJ430010020001961", "CHFCAC": "001961", "CHFCEC": "断层辅助点", "CHFCED": "69", "point_type": 0, "symbol_no": 0, "height": 2.0, "width": 2.0, "spacing": 0.2, "angle": 0.51965546607971191, "_src_file": "LDZOFBB099.WT", "_src_id": 1960 }, "geometry": { "type": "Point", "coordinates": [ 73.947161804921436, 39.956502827419037 ] } },
{ "type": "Feature", "properties": { "ID": 148, "FEATUREID": "OFBB099C1AJ430010020001962", "CHFCAC": "001962", "CHFCEC": "断层辅助点", "CHFCED": "72", "point_type": 0, "symbol_no": 0, "height": 2.0, "width": 2.0, "spacing": 0.2, "angle": 0.52840727567672729, "_src_file": "LDZOFBB099.WT", "_src_id": 1961 }, "geometry": { "type": "Point", "coordinates": [ 73.929397971004121, 39.947095911033955 ] } },
{ "type": "Feature", "properties": { "ID": 122, "FEATUREID": "OFBB099C1AJ430010020001963", "CHFCAC": "001963", "CHFCEC": "断层辅助点", "CHFCED": "", "point_type": 1, "symbol_no": 1894, "height": 2.25, "width": 1.5, "spacing": null, "angle": 0.49797877669334412, "_src_file": "LDZOFBB099.WT", "_src_id": 1962 }, "geometry": { "type": "Point", "coordinates": [ 73.989219654431821, 39.67196536310189 ] } },
{ "type": "Feature", "properties": { "ID": 123, "FEATUREID": "OFBB099C1AJ430010020001964", "CHFCAC": "001964", "CHFCEC": "断层辅助点", "CHFCED": "80", "point_type": 0, "symbol_no": 0, "height": 2.0, "width": 2.0, "spacing": 0.2, "angle": 0.49690550565719604, "_src_file": "LDZOFBB099.WT", "_src_id": 1963 }, "geometry": { "type": "Point", "coordinates": [ 73.991387141630469, 39.671103948642056 ] } },
{ "type": "Feature", "properties": { "ID": 425, "FEATUREID": "OFBB099C1AJ430010020001965", "CHFCAC": "001965", "CHFCEC": "断层辅助点", "CHFCED": "", "point_type": 1, "symbol_no": 1281, "height": 1.0, "width": 1.0, "spacing": null, "angle": 289.96682739257812, "_src_file": "LDZOFBB099.WT", "_src_id": 1964 }, "geometry": { "type": "Point", "coordinates": [ 74.50372734664046, 39.94834321552635 ] } },
{ "type": "Feature", "properties": { "ID": 3, "FEATUREID": "OFBB099C1AJ430010020001966", "CHFCAC": "001966", "CHFCEC": "断层辅助点", "CHFCED": "", "point_type": 1, "symbol_no": 1281, "height": 1.0, "width": 1.0, "spacing": null, "angle": 332.98779296875, "_src_file": "LDZOFBB099.WT", "_src_id": 1965 }, "geometry": { "type": "Point", "coordinates": [ 74.058644321040788, 39.193527089024776 ] } },
{ "type": "Feature", "properties": { "ID": 215, "FEATUREID": "OFBB099C1AJ430010020001967", "CHFCAC": "001967", "CHFCEC": "断层辅助点", "CHFCED": "", "point_type": 1, "symbol_no": 1281, "height": 1.0, "width": 1.0, "spacing": null, "angle": 328.44305419921875, "_src_file": "LDZOFBB099.WT", "_src_id": 1966 }, "geometry": { "type": "Point", "coordinates": [ 74.087771056406567, 39.359109147879096 ] } },
{ "type": "Feature", "properties": { "ID": 215, "FEATUREID": "OFBB099C1AJ430010020001968", "CHFCAC": "001968", "CHFCEC": "断层辅助点", "CHFCED": "", "point_type": 1, "symbol_no": 1281, "height": 1.0, "width": 1.0, "spacing": null, "angle": 28.760395050048828, "_src_file": "LDZOFBB099.WT", "_src_id": 1967 }, "geometry": { "type": "Point", "coordinates": [ 74.064991673382764, 39.360592817488289 ] } },
{ "type": "Feature", "properties": { "ID": 820, "FEATUREID": "OFBB099C1AJ430010020001969", "CHFCAC": "001969", "CHFCEC": "化石", "CHFCED": "", "point_type": 1, "symbol_no": 1445, "height": 2.0001395, "width": 1.9886099, "spacing": null, "angle": 0.442940354347229, "_src_file": "LDZOFBB099.WT", "_src_id": 1968 }, "geometry": { "type": "Point", "coordinates": [ 74.101695004946521, 39.836897434152498 ] } },
{ "type": "Feature", "properties": { "ID": 821, "FEATUREID": "OFBB099C1AJ430010020001970", "CHFCAC": "001970", "CHFCEC": "化石", "CHFCED": "", "point_type": 1, "symbol_no": 1445, "height": 2.0001395, "width": 1.9886099, "spacing": null, "angle": 0.44238409399986267, "_src_file": "LDZOFBB099.WT", "_src_id": 1969 }, "geometry": { "type": "Point", "coordinates": [ 74.102837127575484, 39.840123382562375 ] } },
{ "type": "Feature", "properties": { "ID": 822, "FEATUREID": "OFBB099C1AJ430010020001971", "CHFCAC": "001971", "CHFCEC": "化石", "CHFCED": "", "point_type": 1, "symbol_no": 1445, "height": 2.0001395, "width": 1.9886099, "spacing": null, "angle": 0.43167278170585632, "_src_file": "LDZOFBB099.WT", "_src_id": 1970 }, "geometry": { "type": "Point", "coordinates": [ 74.124662707474002, 39.865745818759699 ] } },
{ "type": "Feature", "properties": { "ID": 769, "FEATUREID": "OFBB099C1AJ430010020001972", "CHFCAC": "001972", "CHFCEC": "化石", "CHFCED": "", "point_type": 1, "symbol_no": 1445, "height": 2.0, "width": 2.0, "spacing": null, "angle": 0.026633556932210922, "_src_file": "LDZOFBB099.WT", "_src_id": 1971 }, "geometry": { "type": "Point", "coordinates": [ 74.944601886110888, 39.808428349594593 ] } },
{ "type": "Feature", "properties": { "ID": 770, "FEATUREID": "OFBB099C1AJ430010020001973", "CHFCAC": "001973", "CHFCEC": "化石", "CHFCED": "", "point_type": 1, "symbol_no": 1445, "height": 2.0, "width": 2.0, "spacing": null, "angle": 0.02612781710922718, "_src_file": "LDZOFBB099.WT", "_src_id": 1972 }, "geometry": { "type": "Point", "coordinates": [ 74.945623841054726, 39.804291645323744 ] } },
{ "type": "Feature", "properties": { "ID": 771, "FEATUREID": "OFBB099C1AJ430010020001974", "CHFCAC": "001974", "CHFCEC": "化石", "CHFCED": "", "point_type": 1, "symbol_no": 1445, "height": 2.0, "width": 2.0, "spacing": null, "angle": 0.027228858321905136, "_src_file": "LDZOFBB099.WT", "_src_id": 1973 }, "geometry": { "type": "Point", "coordinates": [ 74.943398227749626, 39.814503033148355 ] } },
{ "type": "Feature", "properties": { "ID": 772, "FEATUREID": "OFBB099C1AJ430010020001975", "CHFCAC": "001975", "CHFCEC": "化石", "CHFCED": "", "point_type": 1, "symbol_no": 1415, "height": 2.0, "width": 2.0, "spacing": null, "angle": 0.024426745250821114, "_src_file": "LDZOFBB099.WT", "_src_id": 1974 }, "geometry": { "type": "Point", "coordinates": [ 74.949068136052304, 39.797820098556677 ] } },
{ "type": "Feature", "properties": { "ID": 836, "FEATUREID": "OFBB099C1AJ430010020001976", "CHFCAC": "001976", "CHFCEC": "化石", "CHFCED": "", "point_type": 1, "symbol_no": 1445, "height": 2.0, "width": 2.0, "spacing": null, "angle": 0.22882887721061707, "_src_file": "LDZOFBB099.WT", "_src_id": 1975 }, "geometry": { "type": "Point", "coordinates": [ 74.535229978664276, 39.848722086145202 ] } },
{ "type": "Feature", "properties": { "ID": 837, "FEATUREID": "OFBB099C1AJ430010020001977", "CHFCAC": "001977", "CHFCEC": "化石", "CHFCED": "", "point_type": 1, "symbol_no": 1445, "height": 2.0, "width": 2.0, "spacing": null, "angle": 0.18651250004768372, "_src_file": "LDZOFBB099.WT", "_src_id": 1976 }, "geometry": { "type": "Point", "coordinates": [ 74.620723082104547, 39.771008463230601 ] } },
{ "type": "Feature", "properties": { "ID": 400, "FEATUREID": "OFBB099C1AJ430010020001978", "CHFCAC": "001978", "CHFCEC": "化石", "CHFCED": "", "point_type": 1, "symbol_no": 1445, "height": 2.0, "width": 2.0, "spacing": null, "angle": 356.76626586914062, "_src_file": "LDZOFBB099.WT", "_src_id": 1977 }, "geometry": { "type": "Point", "coordinates": [ 74.304053442031062, 39.652862746768363 ] } },
{ "type": "Feature", "properties": { "ID": 402, "FEATUREID": "OFBB099C1AJ430010020001979", "CHFCAC": "001979", "CHFCEC": "化石", "CHFCED": "", "point_type": 1, "symbol_no": 1445, "height": 2.0, "width": 2.0, "spacing": null, "angle": 357.33401489257812, "_src_file": "LDZOFBB099.WT", "_src_id": 1978 }, "geometry": { "type": "Point", "coordinates": [ 74.295463474316591, 39.639313691496348 ] } },
{ "type": "Feature", "properties": { "ID": 401, "FEATUREID": "OFBB099C1AJ430010020001980", "CHFCAC": "001980", "CHFCEC": "化石", "CHFCED": "", "point_type": 1, "symbol_no": 1445, "height": 2.0, "width": 2.0, "spacing": null, "angle": 0.48648923635482788, "_src_file": "LDZOFBB099.WT", "_src_id": 1979 }, "geometry": { "type": "Point", "coordinates": [ 74.011061723396878, 39.449885010059553 ] } },
{ "type": "Feature", "properties": { "ID": 127, "FEATUREID": "OFBB099C1AJ430010020001981", "CHFCAC": "001981", "CHFCEC": "化石", "CHFCED": "", "point_type": 1, "symbol_no": 1445, "height": 2.0, "width": 2.0, "spacing": null, "angle": 357.15188598632812, "_src_file": "LDZOFBB099.WT", "_src_id": 1980 }, "geometry": { "type": "Point", "coordinates": [ 73.948312383101822, 39.72352097275742 ] } },
{ "type": "Feature", "properties": { "ID": 128, "FEATUREID": "OFBB099C1AJ430010020001982", "CHFCAC": "001982", "CHFCEC": "化石", "CHFCED": "", "point_type": 1, "symbol_no": 1445, "height": 2.0, "width": 2.0, "spacing": null, "angle": 357.1864013671875, "_src_file": "LDZOFBB099.WT", "_src_id": 1981 }, "geometry": { "type": "Point", "coordinates": [ 73.878808112385457, 39.782205436854667 ] } },
{ "type": "Feature", "properties": { "ID": 128, "FEATUREID": "OFBB099C1AJ430010020001983", "CHFCAC": "001983", "CHFCEC": "化石", "CHFCED": "", "point_type": 1, "symbol_no": 1445, "height": 2.0, "width": 2.0, "spacing": null, "angle": 358.301513671875, "_src_file": "LDZOFBB099.WT", "_src_id": 1982 }, "geometry": { "type": "Point", "coordinates": [ 73.977249587813375, 39.742871150756002 ] } },
{ "type": "Feature", "properties": { "ID": 129, "FEATUREID": "OFBB099C1AJ430010020001984", "CHFCAC": "001984", "CHFCEC": "化石", "CHFCED": "", "point_type": 1, "symbol_no": 1445, "height": 2.0, "width": 2.0, "spacing": null, "angle": 2.1855635643005371, "_src_file": "LDZOFBB099.WT", "_src_id": 1983 }, "geometry": { "type": "Point", "coordinates": [ 73.983787455074449, 39.740714737281927 ] } },
{ "type": "Feature", "properties": { "ID": 130, "FEATUREID": "OFBB099C1AJ430010020001985", "CHFCAC": "001985", "CHFCEC": "化石", "CHFCED": "", "point_type": 1, "symbol_no": 1445, "height": 2.0, "width": 2.0, "spacing": null, "angle": 357.93121337890625, "_src_file": "LDZOFBB099.WT", "_src_id": 1984 }, "geometry": { "type": "Point", "coordinates": [ 73.917195013295043, 39.875833925195714 ] } },
{ "type": "Feature", "properties": { "ID": 772, "FEATUREID": "OFBB099C1AJ430010020001986", "CHFCAC": "001986", "CHFCEC": "化石", "CHFCED": "", "point_type": 1, "symbol_no": 1415, "height": 2.0, "width": 2.0, "spacing": null, "angle": 0.056520521640777588, "_src_file": "LDZOFBB099.WT", "_src_id": 1985 }, "geometry": { "type": "Point", "coordinates": [ 74.884149868025119, 39.920460191126821 ] } },
{ "type": "Feature", "properties": { "ID": 772, "FEATUREID": "OFBB099C1AJ430010020001987", "CHFCAC": "001987", "CHFCEC": "化石", "CHFCED": "", "point_type": 1, "symbol_no": 1415, "height": 2.0, "width": 2.0, "spacing": null, "angle": 0.012846576981246471, "_src_file": "LDZOFBB099.WT", "_src_id": 1986 }, "geometry": { "type": "Point", "coordinates": [ 74.97253443165512, 39.883472607390104 ] } },
{ "type": "Feature", "properties": { "ID": 772, "FEATUREID": "OFBB099C1AJ430010020001988", "CHFCAC": "001988", "CHFCEC": "化石", "CHFCED": "", "point_type": 1, "symbol_no": 1415, "height": 2.0, "width": 2.0, "spacing": null, "angle": 0.0071209785528481007, "_src_file": "LDZOFBB099.WT", "_src_id": 1987 }, "geometry": { "type": "Point", "coordinates": [ 74.984123643190117, 39.896873044146417 ] } },
{ "type": "Feature", "properties": { "ID": 1, "FEATUREID": "OFBB099C1AJ430010020001989", "CHFCAC": "001989", "CHFCEC": "泥火山", "CHFCED": "", "point_type": 1, "symbol_no": 1304, "height": 2.0, "width": 2.0, "spacing": null, "angle": 0.30322039127349854, "_src_file": "LDZOFBB099.WT", "_src_id": 1988 }, "geometry": { "type": "Point", "coordinates": [ 74.381563491639312, 39.104581986361083 ] } },
{ "type": "Feature", "properties": { "ID": 2, "FEATUREID": "OFBB099C1AJ430010020001990", "CHFCAC": "001990", "CHFCEC": "泥火山", "CHFCED": "", "point_type": 1, "symbol_no": 1304, "height": 2.0, "width": 2.0, "spacing": null, "angle": 0.2995334267616272, "_src_file": "LDZOFBB099.WT", "_src_id": 1989 }, "geometry": { "type": "Point", "coordinates": [ 74.389048231572986, 39.100207840935333 ] } },
{ "type": "Feature", "properties": { "ID": 3, "FEATUREID": "OFBB099C1AJ430010020001991", "CHFCAC": "001991", "CHFCEC": "泥火山", "CHFCED": "", "point_type": 1, "symbol_no": 1304, "height": 2.0, "width": 2.0, "spacing": null, "angle": 0.30732327699661255, "_src_file": "LDZOFBB099.WT", "_src_id": 1990 }, "geometry": { "type": "Point", "coordinates": [ 74.37321981130232, 39.105546254177405 ] } },
{ "type": "Feature", "properties": { "ID": 4, "FEATUREID": "OFBB099C1AJ430010020001992", "CHFCAC": "001992", "CHFCEC": "泥火山", "CHFCED": "", "point_type": 1, "symbol_no": 1304, "height": 2.0, "width": 2.0, "spacing": null, "angle": 0.33011704683303833, "_src_file": "LDZOFBB099.WT", "_src_id": 1991 }, "geometry": { "type": "Point", "coordinates": [ 74.326733613429667, 39.082633680311105 ] } },
{ "type": "Feature", "properties": { "ID": 5, "FEATUREID": "OFBB099C1AJ430010020001993", "CHFCAC": "001993", "CHFCEC": "泥火山", "CHFCED": "", "point_type": 1, "symbol_no": 1304, "height": 2.0, "width": 2.0, "spacing": null, "angle": 0.30469512939453125, "_src_file": "LDZOFBB099.WT", "_src_id": 1992 }, "geometry": { "type": "Point", "coordinates": [ 74.378412550869072, 39.070262176471928 ] } },
{ "type": "Feature", "properties": { "ID": 8, "FEATUREID": "OFBB099C1AJ430010020001994", "CHFCAC": "001994", "CHFCEC": "泥火山", "CHFCED": "", "point_type": 1, "symbol_no": 1304, "height": 2.0, "width": 2.0, "spacing": null, "angle": 0.3034091591835022, "_src_file": "LDZOFBB099.WT", "_src_id": 1993 }, "geometry": { "type": "Point", "coordinates": [ 74.381013564627821, 39.067076102826164 ] } },
{ "type": "Feature", "properties": { "ID": 9, "FEATUREID": "OFBB099C1AJ430010020001995", "CHFCAC": "001995", "CHFCEC": "泥火山", "CHFCED": "", "point_type": 1, "symbol_no": 1304, "height": 2.0, "width": 2.0, "spacing": null, "angle": 0.30083930492401123, "_src_file": "LDZOFBB099.WT", "_src_id": 1994 }, "geometry": { "type": "Point", "coordinates": [ 74.386241940235195, 39.066433521764033 ] } },
{ "type": "Feature", "properties": { "ID": 10, "FEATUREID": "OFBB099C1AJ430010020001996", "CHFCAC": "001996", "CHFCEC": "泥火山", "CHFCED": "", "point_type": 1, "symbol_no": 1304, "height": 2.0, "width": 2.0, "spacing": null, "angle": 0.29790741205215454, "_src_file": "LDZOFBB099.WT", "_src_id": 1995 }, "geometry": { "type": "Point", "coordinates": [ 74.392191775764573, 39.0624653980638 ] } },
{ "type": "Feature", "properties": { "ID": 17, "FEATUREID": "OFBB099C1AJ430010020001997", "CHFCAC": "001997", "CHFCEC": "泥火山", "CHFCED": "", "point_type": 1, "symbol_no": 1304, "height": 2.0, "width": 2.0, "spacing": null, "angle": 0.29462966322898865, "_src_file": "LDZOFBB099.WT", "_src_id": 1996 }, "geometry": { "type": "Point", "coordinates": [ 74.398842887553513, 39.057581822470823 ] } },
{ "type": "Feature", "properties": { "ID": 22, "FEATUREID": "OFBB099C1AJ430010020001998", "CHFCAC": "001998", "CHFCEC": "泥火山", "CHFCED": "", "point_type": 1, "symbol_no": 1304, "height": 2.0, "width": 2.0, "spacing": null, "angle": 0.29236266016960144, "_src_file": "LDZOFBB099.WT", "_src_id": 1997 }, "geometry": { "type": "Point", "coordinates": [ 74.403449644846901, 39.056308418083468 ] } },
{ "type": "Feature", "properties": { "ID": 23, "FEATUREID": "OFBB099C1AJ430010020001999", "CHFCAC": "001999", "CHFCEC": "泥火山", "CHFCED": "", "point_type": 1, "symbol_no": 1304, "height": 2.0, "width": 2.0, "spacing": null, "angle": 0.2572198212146759, "_src_file": "LDZOFBB099.WT", "_src_id": 1998 }, "geometry": { "type": "Point", "coordinates": [ 74.474990910659713, 39.058742080709777 ] } },
{ "type": "Feature", "properties": { "ID": 25, "FEATUREID": "OFBB099C1AJ430010020002000", "CHFCAC": "002000", "CHFCEC": "泥火山", "CHFCED": "", "point_type": 1, "symbol_no": 1304, "height": 2.0, "width": 2.0, "spacing": null, "angle": 0.25691089034080505, "_src_file": "LDZOFBB099.WT", "_src_id": 1999 }, "geometry": { "type": "Point", "coordinates": [ 74.475552942514341, 39.041016220499984 ] } },
{ "type": "Feature", "properties": { "ID": 27, "FEATUREID": "OFBB099C1AJ430010020002001", "CHFCAC": "002001", "CHFCEC": "泥火山", "CHFCED": "", "point_type": 1, "symbol_no": 1304, "height": 2.0, "width": 2.0, "spacing": null, "angle": 0.25451210141181946, "_src_file": "LDZOFBB099.WT", "_src_id": 2000 }, "geometry": { "type": "Point", "coordinates": [ 74.480439671008085, 39.041985615431592 ] } },
{ "type": "Feature", "properties": { "ID": 28, "FEATUREID": "OFBB099C1AJ430010020002002", "CHFCAC": "002002", "CHFCEC": "泥火山", "CHFCED": "", "point_type": 1, "symbol_no": 1304, "height": 2.0, "width": 2.0, "spacing": null, "angle": 0.25262215733528137, "_src_file": "LDZOFBB099.WT", "_src_id": 2001 }, "geometry": { "type": "Point", "coordinates": [ 74.484270984549156, 39.037688043816658 ] } },
{ "type": "Feature", "properties": { "ID": 31, "FEATUREID": "OFBB099C1AJ430010020002003", "CHFCAC": "002003", "CHFCEC": "泥火山", "CHFCED": "", "point_type": 1, "symbol_no": 1304, "height": 2.0, "width": 2.0, "spacing": null, "angle": 0.24883334338665009, "_src_file": "LDZOFBB099.WT", "_src_id": 2002 }, "geometry": { "type": "Point", "coordinates": [ 74.491980754023402, 39.036830133766458 ] } },
{ "type": "Feature", "properties": { "ID": 33, "FEATUREID": "OFBB099C1AJ430010020002004", "CHFCAC": "002004", "CHFCEC": "泥火山", "CHFCED": "", "point_type": 1, "symbol_no": 1304, "height": 2.0, "width": 2.0, "spacing": null, "angle": 0.25649890303611755, "_src_file": "LDZOFBB099.WT", "_src_id": 2003 }, "geometry": { "type": "Point", "coordinates": [ 74.476401656192863, 39.044219432717533 ] } },
{ "type": "Feature", "properties": { "ID": 35, "FEATUREID": "OFBB099C1AJ430010020002005", "CHFCAC": "002005", "CHFCEC": "泥火山", "CHFCED": "", "point_type": 1, "symbol_no": 1304, "height": 2.0, "width": 2.0, "spacing": null, "angle": 0.25892257690429688, "_src_file": "LDZOFBB099.WT", "_src_id": 2004 }, "geometry": { "type": "Point", "coordinates": [ 74.471489015924107, 39.049484644045179 ] } },
{ "type": "Feature", "properties": { "ID": 38, "FEATUREID": "OFBB099C1AJ430010020002006", "CHFCAC": "002006", "CHFCEC": "泥火山", "CHFCED": "", "point_type": 1, "symbol_no": 1304, "height": 2.0, "width": 2.0, "spacing": null, "angle": 0.25974366068840027, "_src_file": "LDZOFBB099.WT", "_src_id": 2005 }, "geometry": { "type": "Point", "coordinates": [ 74.469833015153569, 39.053260248150764 ] } },
{ "type": "Feature", "properties": { "ID": 41, "FEATUREID": "OFBB099C1AJ430010020002007", "CHFCAC": "002007", "CHFCEC": "泥火山", "CHFCED": "", "point_type": 1, "symbol_no": 1304, "height": 2.0, "width": 2.0, "spacing": null, "angle": 0.26696538925170898, "_src_file": "LDZOFBB099.WT", "_src_id": 2006 }, "geometry": { "type": "Point", "coordinates": [ 74.455203249773646, 39.071649039628142 ] } },
{ "type": "Feature", "properties": { "ID": 44, "FEATUREID": "OFBB099C1AJ430010020002008", "CHFCAC": "002008", "CHFCEC": "泥火山", "CHFCED": "", "point_type": 1, "symbol_no": 1304, "height": 2.0, "width": 2.0, "spacing": null, "angle": 0.24509017169475555, "_src_file": "LDZOFBB099.WT", "_src_id": 2007 }, "geometry": { "type": "Point", "coordinates": [ 74.499471614655391, 39.001336957817323 ] } },
{ "type": "Feature", "properties": { "ID": 44, "FEATUREID": "OFBB099C1AJ430010020002009", "CHFCAC": "002009", "CHFCEC": "泥火山", "CHFCED": "", "point_type": 1, "symbol_no": 1304, "height": 2.0, "width": 2.0, "spacing": null, "angle": 0.23951798677444458, "_src_file": "LDZOFBB099.WT", "_src_id": 2008 }, "geometry": { "type": "Point", "coordinates": [ 74.510819775127899, 39.001552166314383 ] } },
{ "type": "Feature", "properties": { "ID": 461, "FEATUREID": "OFBB099C1AJ430010020002010", "CHFCAC": "002010", "CHFCEC": "化石", "CHFCED": "", "point_type": 1, "symbol_no": 1415, "height": 3.0, "width": 3.0, "spacing": null, "angle": 0.018290368840098381, "_src_file": "LDZOFBB099.WT", "_src_id": 2009 }, "geometry": { "type": "Point", "coordinates": [ 74.96137978019577, 39.282490787377036 ] } },
{ "type": "Feature", "properties": { "ID": 462, "FEATUREID": "OFBB099C1AJ430010020002011", "CHFCAC": "002011", "CHFCEC": "化石", "CHFCED": "", "point_type": 1, "symbol_no": 1415, "height": 3.0, "width": 3.0, "spacing": null, "angle": 0.0076884087175130844, "_src_file": "LDZOFBB099.WT", "_src_id": 2010 }, "geometry": { "type": "Point", "coordinates": [ 74.982923994519524, 39.269653614200244 ] } },
{ "type": "Feature", "properties": { "ID": 463, "FEATUREID": "OFBB099C1AJ430010020002012", "CHFCAC": "002012", "CHFCEC": "化石", "CHFCED": "", "point_type": 1, "symbol_no": 1415, "height": 3.0, "width": 3.0, "spacing": null, "angle": 0.012052605859935284, "_src_file": "LDZOFBB099.WT", "_src_id": 2011 }, "geometry": { "type": "Point", "coordinates": [ 74.974053585532573, 39.261226977002423 ] } },
{ "type": "Feature", "properties": { "ID": 822, "FEATUREID": "OFBB099C1AJ430010020002013", "CHFCAC": "002013", "CHFCEC": "化石", "CHFCED": "", "point_type": 1, "symbol_no": 1445, "height": 2.0001395, "width": 1.9886099, "spacing": null, "angle": 0.32239922881126404, "_src_file": "LDZOFBB099.WT", "_src_id": 2012 }, "geometry": { "type": "Point", "coordinates": [ 74.345896744480498, 39.875199042559473 ] } },
{ "type": "Feature", "properties": { "ID": 822, "FEATUREID": "OFBB099C1AJ430010020002014", "CHFCAC": "002014", "CHFCEC": "化石", "CHFCED": "", "point_type": 1, "symbol_no": 1445, "height": 2.0001395, "width": 1.9886099, "spacing": null, "angle": 0.30595842003822327, "_src_file": "LDZOFBB099.WT", "_src_id": 2013 }, "geometry": { "type": "Point", "coordinates": [ 74.379151655936184, 39.869252619928751 ] } },
{ "type": "Feature", "properties": { "ID": 822, "FEATUREID": "OFBB099C1AJ430010020002015", "CHFCAC": "002015", "CHFCEC": "化石", "CHFCED": "", "point_type": 1, "symbol_no": 1445, "height": 2.00014, "width": 1.98861, "spacing": null, "angle": 0.48928341269493103, "_src_file": "LDZOFBB099.WT", "_src_id": 2014 }, "geometry": { "type": "Point", "coordinates": [ 74.00742621041617, 39.764588371055815 ] } },
{ "type": "Feature", "properties": { "ID": 822, "FEATUREID": "OFBB099C1AJ430010020002016", "CHFCAC": "002016", "CHFCEC": "化石", "CHFCED": "", "point_type": 1, "symbol_no": 1445, "height": 2.0001395, "width": 1.9886099, "spacing": null, "angle": 0.014577982947230339, "_src_file": "LDZOFBB099.WT", "_src_id": 2015 }, "geometry": { "type": "Point", "coordinates": [ 74.969007454282647, 39.748693389975443 ] } },
{ "type": "Feature", "properties": { "ID": 2122, "FEATUREID": "OFBB099C1AJ430010020002017", "CHFCAC": "002017", "CHFCEC": "褶皱辅助点", "CHFCED": "", "point_type": 1, "symbol_no": 243, "height": 5.0, "width": 5.0, "spacing": null, "angle": 286.91213989257812, "_src_file": "LDZOFBB099.WT", "_src_id": 2016 }, "geometry": { "type": "Point", "coordinates": [ 74.279469466400968, 39.832442321003512 ] } },
{ "type": "Feature", "properties": { "ID": 2122, "FEATUREID": "OFBB099C1AJ430010020002018", "CHFCAC": "002018", "CHFCEC": "褶皱辅助点", "CHFCED": "", "point_type": 1, "symbol_no": 243, "height": 5.0, "width": 5.0, "spacing": null, "angle": 108.78562927246094, "_src_file": "LDZOFBB099.WT", "_src_id": 2017 }, "geometry": { "type": "Point", "coordinates": [ 74.288375950402227, 39.810675586013026 ] } },
{ "type": "Feature", "properties": { "ID": 2125, "FEATUREID": "OFBB099C1AJ430010020002019", "CHFCAC": "002019", "CHFCEC": "褶皱辅助点", "CHFCED": "", "point_type": 1, "symbol_no": 243, "height": 5.0, "width": 5.0, "spacing": null, "angle": 280.33544921875, "_src_file": "LDZOFBB099.WT", "_src_id": 2018 }, "geometry": { "type": "Point", "coordinates": [ 74.571664897837991, 39.565964817314388 ] } },
{ "type": "Feature", "properties": { "ID": 2126, "FEATUREID": "OFBB099C1AJ430010020002020", "CHFCAC": "002020", "CHFCEC": "褶皱辅助点", "CHFCED": "", "point_type": 1, "symbol_no": 243, "height": 5.0, "width": 5.0, "spacing": null, "angle": 98.205299377441406, "_src_file": "LDZOFBB099.WT", "_src_id": 2019 }, "geometry": { "type": "Point", "coordinates": [ 74.576986411233165, 39.543986831864643 ] } },
{ "type": "Feature", "properties": { "ID": 2128, "FEATUREID": "OFBB099C1AJ430010020002021", "CHFCAC": "002021", "CHFCEC": "褶皱辅助点", "CHFCED": "", "point_type": 1, "symbol_no": 243, "height": 5.0, "width": 5.0, "spacing": null, "angle": 83.879112243652344, "_src_file": "LDZOFBB099.WT", "_src_id": 2020 }, "geometry": { "type": "Point", "coordinates": [ 74.422404363796559, 39.28918879528117 ] } },
{ "type": "Feature", "properties": { "ID": 2129, "FEATUREID": "OFBB099C1AJ430010020002022", "CHFCAC": "002022", "CHFCEC": "褶皱辅助点", "CHFCED": "", "point_type": 1, "symbol_no": 243, "height": 5.0, "width": 5.0, "spacing": null, "angle": 263.21701049804688, "_src_file": "LDZOFBB099.WT", "_src_id": 2021 }, "geometry": { "type": "Point", "coordinates": [ 74.421397047207492, 39.286996915887592 ] } },
{ "type": "Feature", "properties": { "ID": 2130, "FEATUREID": "OFBB099C1AJ430010020002023", "CHFCAC": "002023", "CHFCEC": "褶皱辅助点", "CHFCED": "", "point_type": 1, "symbol_no": 243, "height": 5.0, "width": 5.0, "spacing": null, "angle": 74.489692687988281, "_src_file": "LDZOFBB099.WT", "_src_id": 2022 }, "geometry": { "type": "Point", "coordinates": [ 74.556579024498134, 39.224374047649896 ] } },
{ "type": "Feature", "properties": { "ID": 2131, "FEATUREID": "OFBB099C1AJ430010020002024", "CHFCAC": "002024", "CHFCEC": "褶皱辅助点", "CHFCED": "", "point_type": 1, "symbol_no": 243, "height": 5.0, "width": 5.0, "spacing": null, "angle": 257.08367919921875, "_src_file": "LDZOFBB099.WT", "_src_id": 2023 }, "geometry": { "type": "Point", "coordinates": [ 74.555907997389113, 39.222784666810981 ] } }
]
}
